timestamp,frequency_hz
[1758212533453525875],2.56
[1758212533458649261],2.56
[1758212533463877229],2.56
[1758212533468996136],2.56
[1758212533474123844],2.56
[1758212533479230198],2.56
[1758212533484378167],2.56
[1758212533489584886],2.56
[1758212533494809729],2.56
[1758212533499922854],2.56
[1758212533505427906],2.56
[1758212533510601031],2.56
[1758212533515849573],2.56
[1758212533521008896],2.56
[1758212533526190250],2.56
[1758212533531582906],2.56
[1758212533536685667],2.56
[1758212533541775979],2.56
[1758212533546962125],2.56
[1758212533552286031],2.56
[1758212533558705771],2.56
[1758212533566115094],2.56
[1758212533571575406],2.56
[1758212533576739625],2.56
[1758212533581851813],2.56
[1758212533586998063],2.56
[1758212533592103323],2.56
[1758212533597267073],2.56
[1758212533602459677],2.56
[1758212533607600823],2.56
[1758212533614635094],2.56
[1758212533619889990],2.56
[1758212533625034573],2.56
[1758212533630149469],2.56
[1758212533635304625],2.56
[1758212533640716135],2.56
[1758212533645866813],2.56
[1758212533650961969],2.56
[1758212533656092698],2.56
[1758212533661350563],2.56
[1758212533666602333],2.56
[1758212533671681083],2.56
[1758212533676783323],2.56
[1758212533681877073],2.56
[1758212533686973583],2.56
[1758212533692083375],2.56
[1758212533697233063],2.56
[1758212533702413375],2.56
[1758212533707610042],2.56
[1758212533713061656],2.56
[1758212533718206552],2.56
[1758212533723626969],2.56
[1758212533728753063],2.56
[1758212533733886240],2.56
[1758212533738998375],2.56
[1758212533744161188],2.56
[1758212533750363896],2.56
[1758212533756825146],2.56
[1758212533762072802],2.56
[1758212533767262281],2.56
[1758212533772418479],2.56
[1758212533777528479],2.56
[1758212533782664573],2.56
[1758212533787736083],2.56
[1758212533792911188],2.56
[1758212533798021500],2.56
[1758212533803185927],2.56
[1758212533808263427],2.56
[1758212533813449990],2.56
[1758212533818547490],2.56
[1758212533823667594],2.56
[1758212533829159521],2.56
[1758212533834267594],2.56
[1758212533839351031],2.56
[1758212533844491188],2.56
[1758212533849591500],2.56
[1758212533854758323],2.56
[1758212533859918740],2.56
[1758212533866513427],2.56
[1758212533871766552],2.56
[1758212533877347437],2.56
[1758212533882530771],2.56
[1758212533887649208],2.56
[1758212533892820146],2.56
[1758212533897959260],2.56
[1758212533903103792],2.56
[1758212533908241083],2.56
[1758212533913518167],2.56
[1758212533918684208],2.56
[1758212533923808115],2.56
[1758212533929011708],2.56
[1758212533934548323],2.56
[1758212533939699885],2.56
[1758212533944859365],2.56
[1758212533950020875],2.56
[1758212533955292490],2.56
[1758212533960455146],2.56
[1758212533965704208],2.56
[1758212533970824521],2.56
[1758212533976267542],2.56
[1758212533981411135],2.56
[1758212533986540510],2.56
[1758212533991659729],2.56
[1758212533996901083],2.56
[1758212534002098792],2.56
[1758212534007266083],2.56
[1758212534012505198],2.56
[1758212534017691292],2.56
[1758212534022913740],2.56
[1758212534028025406],2.56
[1758212534033207437],2.56
[1758212534038393167],2.56
[1758212534044908896],2.56
[1758212534050110458],2.56
[1758212534055208844],2.56
[1758212534060351292],2.56
[1758212534065572542],2.56
[1758212534070680354],2.56
[1758212534075811760],2.56
[1758212534080934469],2.56
[1758212534086404937],2.56
[1758212534091606656],2.56
[1758212534096729312],2.56
[1758212534101861969],2.56
[1758212534106997489],2.56
[1758212534112184469],2.56
[1758212534117377958],2.56
[1758212534122547906],2.56
[1758212534127707542],2.56
[1758212534132974156],2.56
[1758212534138594625],2.56
[1758212534145135094],2.56
[1758212534150375562],2.56
[1758212534155498427],2.56
[1758212534160601396],2.56
[1758212534165782281],2.56
[1758212534170865146],2.56
[1758212534175951708],2.56
[1758212534181022958],2.56
[1758212534186241031],2.56
[1758212534192849677],2.56
[1758212534199221135],2.56
[1758212534204446135],2.56
[1758212534209549104],2.56
[1758212534214761292],2.56
[1758212534219852802],2.56
[1758212534224932802],2.56
[1758212534230023687],2.56
[1758212534235169625],2.56
[1758212534240349677],2.56
[1758212534245565875],2.56
[1758212534251040146],2.56
[1758212534256140927],2.56
[1758212534261258687],2.56
[1758212534266471448],2.56
[1758212534271622854],2.56
[1758212534276742906],2.56
[1758212534281845302],2.56
[1758212534287006864],2.56
[1758212534292182125],2.56
[1758212534297753166],2.56
[1758212534302954989],2.56
[1758212534308084677],2.56
[1758212534313340041],2.56
[1758212534318445041],2.56
[1758212534323558166],2.56
[1758212534328671396],2.56
[1758212534333879885],2.56
[1758212534339142073],2.56
[1758212534344328948],2.56
[1758212534349452125],2.56
[1758212534354613948],2.56
[1758212534361209104],2.56
[1758212534367634260],2.56
[1758212534374039416],2.56
[1758212534379263219],2.56
[1758212534384353479],2.56
[1758212534389437698],2.56
[1758212534394575302],2.56
[1758212534399732177],2.56
[1758212534405161969],2.56
[1758212534410297698],2.56
[1758212534415536396],2.56
[1758212534420680614],2.56
[1758212534425915354],2.56
[1758212534431008687],2.56
[1758212534436086500],2.56
[1758212534441182177],2.56
[1758212534446336916],2.56
[1758212534451448844],2.56
[1758212534456617541],2.56
[1758212534461764416],2.56
[1758212534467442594],2.56
[1758212534472633791],2.56
[1758212534477734364],2.56
[1758212534482921969],2.56
[1758212534488034260],2.56
[1758212534540305823],2.56
[1758212534546780406],2.56
[1758212534552011291],2.56
[1758212534557113427],2.56
[1758212534562021396],2.56
[1758212534565801135],2.56
[1758212534569465927],2.56
[1758212534573124677],2.56
[1758212534576770146],2.56
[1758212534580433791],2.56
[1758212534584137229],2.56
[1758212534587837802],2.56
[1758212534591599208],2.56
[1758212534595277281],2.56
[1758212534598937698],2.56
[1758212534602618323],2.56
[1758212534606271135],2.56
[1758212534609962593],2.56
[1758212534613678375],2.56
[1758212534617331708],2.56
[1758212534621062854],2.56
[1758212534624755927],2.56
[1758212534628441239],2.56
[1758212534632141135],2.56
[1758212534635826343],2.56
[1758212534639487281],2.56
[1758212534643525093],2.56
[1758212534647193427],2.56
[1758212534650878166],2.56
[1758212534654529364],2.56
[1758212534658187437],2.56
[1758212534661964052],2.56
[1758212534665619364],2.56
[1758212534669269885],2.56
[1758212534672950562],2.56
[1758212534676602021],2.56
[1758212534680256812],2.56
[1758212534684015041],2.56
[1758212534687782229],2.56
[1758212534691505146],2.56
[1758212534695131656],2.56
[1758212534698780510],2.56
[1758212534702450979],2.56
[1758212534706130354],2.56
[1758212534709796500],2.56
[1758212534713505927],2.56
[1758212534717137073],2.56
[1758212534720822177],2.56
[1758212534724518375],2.56
[1758212534728197802],2.56
[1758212534731878583],2.56
[1758212534735538166],2.56
[1758212534739192645],2.56
[1758212534742867385],2.56
[1758212534746952698],2.56
[1758212534750748062],2.56
[1758212534754446239],2.56
[1758212534758110302],2.56
[1758212534761871135],2.56
[1758212534765531083],2.56
[1758212534769177750],2.56
[1758212534772813479],2.56
[1758212534776443427],2.56
[1758212534780125041],2.56
[1758212534783843375],2.56
[1758212534787531291],2.56
[1758212534791404052],2.56
[1758212534795128479],2.56
[1758212534798784416],2.56
[1758212534802494781],2.56
[1758212534806146812],2.56
[1758212534809805041],2.56
[1758212534813534573],2.56
[1758212534817206031],2.56
[1758212534820861604],2.56
[1758212534824566239],2.56
[1758212534828227802],2.56
[1758212534831896656],2.56
[1758212534835547958],2.56
[1758212534839201187],2.56
[1758212534842885666],2.56
[1758212534846565354],2.56
[1758212534850240406],2.56
[1758212534855196395],2.56
[1758212534859231239],2.56
[1758212534862989729],2.56
[1758212534866646552],2.56
[1758212534870303062],2.56
[1758212534873988635],2.56
[1758212534877645979],2.56
[1758212534881341083],2.56
[1758212534884976708],2.56
[1758212534888627229],2.56
[1758212534892381864],2.56
[1758212534896040562],2.56
[1758212534899754729],2.56
[1758212534903568166],2.56
[1758212534907242750],2.56
[1758212534910942437],2.56
[1758212534914672229],2.56
[1758212534918323114],2.56
[1758212534921997489],2.56
[1758212534925653635],2.56
[1758212534929444937],2.56
[1758212534933143270],2.56
[1758212534936800250],2.56
[1758212534940489625],2.56
[1758212534944174468],2.56
[1758212534947892125],2.56
[1758212534951615875],2.56
[1758212534955268062],2.56
[1758212534959432177],2.56
[1758212534964344625],2.56
[1758212534969671395],2.56
[1758212534973503791],2.56
[1758212534977164781],2.56
[1758212534980825718],2.56
[1758212534984503531],2.56
[1758212534988160145],2.56
[1758212534991854260],2.56
[1758212534995506812],2.56
[1758212534999171239],2.56
[1758212535002845875],2.56
[1758212535006498322],2.56
[1758212535010172281],2.56
[1758212535013962750],2.56
[1758212535017620927],2.56
[1758212535021344364],2.56
[1758212535025005041],2.56
[1758212535028685510],2.56
[1758212535032377020],2.56
[1758212535036052906],2.56
[1758212535039720250],2.56
[1758212535043435562],2.56
[1758212535047086968],2.56
[1758212535050746760],2.56
[1758212535054451916],2.56
[1758212535058152229],2.56
[1758212535061926916],2.56
[1758212535065851031],2.56
[1758212535069605510],2.56
[1758212535073360770],2.56
[1758212535077024937],2.56
[1758212535080705875],2.56
[1758212535084396447],2.56
[1758212535088058218],2.56
[1758212535091742281],2.56
[1758212535095424260],2.56
[1758212535099077281],2.56
[1758212535102792385],2.56
[1758212535106470510],2.56
[1758212535110204260],2.56
[1758212535113925145],2.56
[1758212535117573375],2.56
[1758212535121332854],2.56
[1758212535125021395],2.56
[1758212535128742906],2.56
[1758212535132425354],2.56
[1758212535136078791],2.56
[1758212535139737125],2.56
[1758212535143457750],2.56
[1758212535147113947],2.56
[1758212535150791760],2.56
[1758212535154480718],2.56
[1758212535158138531],2.56
[1758212535161871343],2.56
[1758212535165526968],2.56
[1758212535169496395],2.56
[1758212535173280614],2.56
[1758212535176977124],2.56
[1758212535180617229],2.56
[1758212535184286864],2.56
[1758212535187950249],2.56
[1758212535191659052],2.56
[1758212535195324520],2.56
[1758212535199020093],2.56
[1758212535202682593],2.56
[1758212535206323479],2.56
[1758212535209987072],2.56
[1758212535213841864],2.56
[1758212535217578479],2.56
[1758212535221299624],2.56
[1758212535224981239],2.56
[1758212535228643270],2.56
[1758212535232314052],2.56
[1758212535235975302],2.56
[1758212535239706291],2.56
[1758212535243378947],2.56
[1758212535247079364],2.56
[1758212535250724781],2.56
[1758212535254398114],2.56
[1758212535258045406],2.56
[1758212535261777593],2.56
[1758212535265456864],2.56
[1758212535270212645],2.56
[1758212535275738010],2.56
[1758212535281016604],2.56
[1758212535286165874],2.56
[1758212535291266760],2.56
[1758212535296398322],2.56
[1758212535301531604],2.56
[1758212535306684885],2.56
[1758212535311807541],2.56
[1758212535317027958],2.56
[1758212535322316968],2.56
[1758212535327490927],2.56
[1758212535332650354],2.56
[1758212535337760562],2.56
[1758212535342965562],2.56
[1758212535348098218],2.56
[1758212535353226916],2.56
[1758212535358369156],2.56
[1758212535363563843],2.56
[1758212535368696552],2.56
[1758212535373876708],2.56
[1758212535378969937],2.56
[1758212535385991083],2.56
[1758212535392424729],2.56
[1758212535398774104],2.56
[1758212535404038999],2.56
[1758212535409210354],2.56
[1758212535415815926],2.56
[1758212535421042385],2.56
[1758212535426169833],2.56
[1758212535431261708],2.56
[1758212535436391708],2.56
[1758212535441461708],2.56
[1758212535446558947],2.56
[1758212535451705041],2.56
[1758212535456936395],2.56
[1758212535462205979],2.56
[1758212535467400301],2.56
[1758212535472649104],2.56
[1758212535477777958],2.56
[1758212535482982072],2.56
[1758212535488529833],2.56
[1758212535493761968],2.56
[1758212535498880614],2.56
[1758212535503984104],2.56
[1758212535509111187],2.56
[1758212535514291604],2.56
[1758212535519400145],2.56
[1758212535524538322],2.56
[1758212535529644729],2.56
[1758212535534903895],2.56
[1758212535540041447],2.56
[1758212535545154208],2.56
[1758212535550269729],2.56
[1758212535555434051],2.56
[1758212535560633583],2.56
[1758212535565901083],2.56
[1758212535571062854],2.56
[1758212535576214208],2.56
[1758212535581348791],2.56
[1758212535586512541],2.56
[1758212535591686395],2.56
[1758212535598285822],2.56
[1758212535604778531],2.56
[1758212535610015458],2.56
[1758212535615208010],2.56
[1758212535620356499],2.56
[1758212535625492906],2.56
[1758212535630596239],2.56
[1758212535635710197],2.56
[1758212535640820249],2.56
[1758212535645991239],2.56
[1758212535651186499],2.56
[1758212535656301239],2.56
[1758212535661415926],2.56
[1758212535666618218],2.56
[1758212535671730353],2.56
[1758212535676861708],2.56
[1758212535682006864],2.56
[1758212535687169937],2.56
[1758212535692337749],2.56
[1758212535697458166],2.56
[1758212535702859781],2.56
[1758212535709391656],2.56
[1758212535714638791],2.56
[1758212535719771499],2.56
[1758212535724922228],2.56
[1758212535730033062],2.56
[1758212535735140770],2.56
[1758212535740251551],2.56
[1758212535745403062],2.56
[1758212535750613791],2.56
[1758212535755852020],2.56
[1758212535760973739],2.56
[1758212535766184260],2.56
[1758212535771337801],2.56
[1758212535776471916],2.56
[1758212535781591031],2.56
[1758212535786774051],2.56
[1758212535791900822],2.56
[1758212535797008322],2.56
[1758212535802088739],2.56
[1758212535807222645],2.56
[1758212535812850978],2.56
[1758212535818141291],2.56
[1758212535824675978],2.56
[1758212535829905822],2.56
[1758212535835019989],2.56
[1758212535840114885],2.56
[1758212535845247385],2.56
[1758212535850347489],2.56
[1758212535855453635],2.56
[1758212535860567176],2.56
[1758212535865854051],2.56
[1758212535871098583],2.56
[1758212535876270874],2.56
[1758212535881378218],2.56
[1758212535886501551],2.56
[1758212535891592072],2.56
[1758212535896722176],2.56
[1758212535901845405],2.56
[1758212535907037333],2.56
[1758212535912302489],2.56
[1758212535917923478],2.56
[1758212535923147541],2.56
[1758212535928257124],2.56
[1758212535933439676],2.56
[1758212535938542905],2.56
[1758212535943647749],2.56
[1758212535948779208],2.56
[1758212535953922072],2.56
[1758212535959065301],2.56
[1758212535964392072],2.56
[1758212535969514572],2.56
[1758212535974663895],2.56
[1758212535979772280],2.56
[1758212535984882072],2.56
[1758212535990015458],2.56
[1758212535995162333],2.56
[1758212536000282645],2.56
[1758212536005435093],2.56
[1758212536010555718],2.56
[1758212536015745405],2.56
[1758212536021257228],2.56
[1758212536026492437],2.56
[1758212536031681968],2.56
[1758212536036807541],2.56
[1758212536041910457],2.56
[1758212536047038218],2.56
[1758212536052216239],2.56
[1758212536057375874],2.56
[1758212536063686343],2.56
[1758212536070059155],2.56
[1758212536075322645],2.56
[1758212536080427332],2.56
[1758212536085558791],2.56
[1758212536090668843],2.56
[1758212536095773426],2.56
[1758212536100877124],2.56
[1758212536106020249],2.56
[1758212536111175041],2.56
[1758212536116432541],2.56
[1758212536121546655],2.56
[1758212536127044780],2.56
[1758212536132302957],2.56
[1758212536137423791],2.56
[1758212536142583843],2.56
[1758212536147739207],2.56
[1758212536152906030],2.56
[1758212536158069364],2.56
[1758212536163269624],2.56
[1758212536168356291],2.56
[1758212536173579937],2.56
[1758212536178847385],2.56
[1758212536183997176],2.56
[1758212536189197957],2.56
[1758212536194328478],2.56
[1758212536202077176],2.56
[1758212536207220041],2.56
[1758212536212398530],2.56
[1758212536217613010],2.56
[1758212536222752853],2.56
[1758212536227958895],2.56
[1758212536234205978],2.56
[1758212536240763530],2.56
[1758212536246095770],2.56
[1758212536251305978],2.56
[1758212536256432957],2.56
[1758212536261556447],2.56
[1758212536266770041],2.56
[1758212536271867593],2.56
[1758212536276994051],2.56
[1758212536282104884],2.56
[1758212536287274989],2.56
[1758212536292537957],2.56
[1758212536297654624],2.56
[1758212536302825822],2.56
[1758212536307935405],2.56
[1758212536313115614],2.56
[1758212536318228687],2.56
[1758212536323348322],2.56
[1758212536328446655],2.56
[1758212536333598947],2.56
[1758212536338696603],2.56
[1758212536344221864],2.56
[1758212536349487697],2.56
[1758212536354613947],2.56
[1758212536359738009],2.56
[1758212536365010718],2.56
[1758212536370167853],2.56
[1758212536375295301],2.56
[1758212536380414520],2.56
[1758212536385563322],2.56
[1758212536390738426],2.56
[1758212536395975197],2.56
[1758212536401128947],2.56
[1758212536406249989],2.56
[1758212536411404207],2.56
[1758212536416632124],2.56
[1758212536421764676],2.56
[1758212536426906864],2.56
[1758212536432050926],2.56
[1758212536437239103],2.56
[1758212536442427697],2.56
[1758212536447561864],2.56
[1758212536453117020],2.56
[1758212536458348322],2.56
[1758212536463545041],2.56
[1758212536468708270],2.56
[1758212536473866291],2.56
[1758212536478960666],2.56
[1758212536484121811],2.56
[1758212536489222072],2.56
[1758212536494379832],2.56
[1758212536499632436],2.56
[1758212536504753478],2.56
[1758212536509890718],2.56
[1758212536515101811],2.56
[1758212536520248999],2.56
[1758212536525405509],2.56
[1758212536530541499],2.56
[1758212536535702020],2.56
[1758212536540801291],2.56
[1758212536545943166],2.56
[1758212536551029259],2.56
[1758212536556521655],2.56
[1758212536561752697],2.56
[1758212536566980822],2.56
[1758212536572223270],2.56
[1758212536577376759],2.56
[1758212536582557020],2.56
[1758212536587711082],2.56
[1758212536592904103],2.56
[1758212536598036603],2.56
[1758212536603301082],2.56
[1758212536608417645],2.56
[1758212536613662749],2.56
[1758212536618778478],2.56
[1758212536623889884],2.56
[1758212536628982176],2.56
[1758212536634167332],2.56
[1758212536639273009],2.56
[1758212536644382957],2.56
[1758212536649478218],2.56
[1758212536654619989],2.56
[1758212536659753009],2.56
[1758212536665406030],2.56
[1758212536670642645],2.56
[1758212536675767697],2.56
[1758212536680878114],2.56
[1758212536686017801],2.56
[1758212536691129311],2.56
[1758212536696230561],2.56
[1758212536701392436],2.56
[1758212536706589259],2.56
[1758212536711769259],2.56
[1758212536716929259],2.56
[1758212536722047593],2.56
[1758212536727222645],2.56
[1758212536732397645],2.56
[1758212536737479468],2.56
[1758212536742802072],2.56
[1758212536747948426],2.56
[1758212536753057020],2.56
[1758212536758167593],2.56
[1758212536763365718],2.56
[1758212536768908113],2.56
[1758212536774179832],2.56
[1758212536780795613],2.56
[1758212536786296707],2.56
[1758212536791440353],2.56
[1758212536796561603],2.56
[1758212536801674624],2.56
[1758212536806858530],2.56
[1758212536811986759],2.56
[1758212536817276291],2.56
[1758212536822453738],2.56
[1758212536827574311],2.56
[1758212536832746759],2.56
[1758212536837921343],2.56
[1758212536843023374],2.56
[1758212536848115197],2.56
[1758212536853260353],2.56
[1758212536858499728],2.56
[1758212536863718999],2.56
[1758212536868831811],2.56
[1758212536874405093],2.56
[1758212536879743270],2.56
[1758212536884905613],2.56
[1758212536890009676],2.56
[1758212536895139103],2.56
[1758212536900235405],2.56
[1758212536905420874],2.56
[1758212536910583009],2.56
[1758212536915821915],2.56
[1758212536921041134],2.56
[1758212536926229103],2.56
[1758212536931418061],2.56
[1758212536936570561],2.56
[1758212536941789520],2.56
[1758212536947385145],2.56
[1758212536952580457],2.56
[1758212536957697228],2.56
[1758212536962944207],2.56
[1758212536968092280],2.56
[1758212536973303165],2.56
[1758212536979521186],2.56
[1758212536986040926],2.56
[1758212536991369884],2.56
[1758212536996619468],2.56
[1758212537001719624],2.56
[1758212537006852124],2.56
[1758212537011965353],2.56
[1758212537017168165],2.56
[1758212537022386082],2.56
[1758212537027495093],2.56
[1758212537032717384],2.56
[1758212537037917697],2.56
[1758212537043043999],2.56
[1758212537048150145],2.56
[1758212537053257384],2.56
[1758212537058364728],2.56
[1758212537063581447],2.56
[1758212537068676395],2.56
[1758212537073819468],2.56
[1758212537078943738],2.56
[1758212537084068218],2.56
[1758212537089211395],2.56
[1758212537094843999],2.56
[1758212537100082697],2.56
[1758212537105238009],2.56
[1758212537110350978],2.56
[1758212537115554832],2.56
[1758212537120649415],2.56
[1758212537125777228],2.56
[1758212537130875457],2.56
[1758212537136060145],2.56
[1758212537141277488],2.56
[1758212537146374155],2.56
[1758212537151550770],2.56
[1758212537156725249],2.56
[1758212537161838426],2.56
[1758212537166992176],2.56
[1758212537172228478],2.56
[1758212537177403217],2.56
[1758212537182632228],2.56
[1758212537187796655],2.56
[1758212537193049467],2.56
[1758212537199463738],2.56
[1758212537204821863],2.56
[1758212537211238999],2.56
[1758212537216527280],2.56
[1758212537221611499],2.56
[1758212537226708322],2.56
[1758212537231797749],2.56
[1758212537236933061],2.56
[1758212537242031134],2.56
[1758212537247152749],2.56
[1758212537252315301],2.56
[1758212537257517124],2.56
[1758212537262688009],2.56
[1758212537267785353],2.56
[1758212537272973113],2.56
[1758212537278096603],2.56
[1758212537283190665],2.56
[1758212537288262645],2.56
[1758212537293598686],2.56
[1758212537303244884],2.56
[1758212537309000822],2.56
[1758212537314751551],2.56
[1758212537319868374],2.56
[1758212537324993113],2.56
[1758212537330064155],2.56
[1758212537335172072],2.56
[1758212537340250613],2.56
[1758212537345370665],2.56
[1758212537350471499],2.56
[1758212537355630978],2.56
[1758212537360783165],2.56
[1758212537365891967],2.56
[1758212537371024467],2.56
[1758212537376252436],2.56
[1758212537381355717],2.56
[1758212537386521394],2.56
[1758212537391641707],2.56
[1758212537396745665],2.56
[1758212537401808999],2.56
[1758212537406945613],2.56
[1758212537412271342],2.56
[1758212537417428113],2.56
[1758212537423069572],2.56
[1758212537428261186],2.56
[1758212537433371759],2.56
[1758212537438509207],2.56
[1758212537443652592],2.56
[1758212537448754415],2.56
[1758212537453893165],2.56
[1758212537459053686],2.56
[1758212537464384103],2.56
[1758212537469550040],2.56
[1758212537474770874],2.56
[1758212537479947228],2.56
[1758212537485095353],2.56
[1758212537490227540],2.56
[1758212537495344936],2.56
[1758212537500452124],2.56
[1758212537505643426],2.56
[1758212537510744103],2.56
[1758212537515890144],2.56
[1758212537521315249],2.56
[1758212537528982749],2.56
[1758212537534543999],2.56
[1758212537539727905],2.56
[1758212537544866759],2.56
[1758212537549971551],2.56
[1758212537555113686],2.56
[1758212537560220249],2.56
[1758212537565348217],2.56
[1758212537570560561],2.56
[1758212537577529207],2.56
[1758212537583935769],2.56
[1758212537589191394],2.56
[1758212537594339571],2.56
[1758212537599442801],2.56
[1758212537604558686],2.56
[1758212537609680509],2.56
[1758212537615028165],2.56
[1758212537620211655],2.56
[1758212537625445561],2.56
[1758212537631037436],2.56
[1758212537636264207],2.56
[1758212537641367488],2.56
[1758212537646472905],2.56
[1758212537651574051],2.56
[1758212537656693738],2.56
[1758212537661793165],2.56
[1758212537666908478],2.56
[1758212537672032696],2.56
[1758212537677374103],2.56
[1758212537682602540],2.56
[1758212537687725665],2.56
[1758212537692951082],2.56
[1758212537698066655],2.56
[1758212537703186238],2.56
[1758212537708320978],2.56
[1758212537713473634],2.56
[1758212537718573165],2.56
[1758212537723749780],2.56
[1758212537728896759],2.56
[1758212537737186707],2.56
[1758212537742464936],2.56
[1758212537747593269],2.56
[1758212537752761499],2.56
[1758212537757889728],2.56
[1758212537763048061],2.56
[1758212537768168217],2.56
[1758212537773404988],2.56
[1758212537778633999],2.56
[1758212537783834467],2.56
[1758212537788958686],2.56
[1758212537794114571],2.56
[1758212537799249988],2.56
[1758212537804358321],2.56
[1758212537809454467],2.56
[1758212537814562071],2.56
[1758212537819653321],2.56
[1758212537824961290],2.56
[1758212537830115196],2.56
[1758212537835277123],2.56
[1758212537841868894],2.56
[1758212537847208426],2.56
[1758212537852351238],2.56
[1758212537857435144],2.56
[1758212537862574623],2.56
[1758212537867687644],2.56
[1758212537872893634],2.56
[1758212537877987905],2.56
[1758212537883161238],2.56
[1758212537888374519],2.56
[1758212537893474519],2.56
[1758212537898549832],2.56
[1758212537903727905],2.56
[1758212537908829832],2.56
[1758212537913970978],2.56
[1758212537919075196],2.56
[1758212537924283217],2.56
[1758212537929397748],2.56
[1758212537934504363],2.56
[1758212537939641811],2.56
[1758212537945187436],2.56
[1758212537950403842],2.56
[1758212537955546342],2.56
[1758212537960661759],2.56
[1758212537965765144],2.56
[1758212537970884051],2.56
[1758212537976057228],2.56
[1758212537981171030],2.56
[1758212537986329780],2.56
[1758212537991545301],2.56
[1758212537996702592],2.56
[1758212538001815665],2.56
[1758212538006959675],2.56
[1758212538012087905],2.56
[1758212538017268217],2.56
[1758212538022478634],2.56
[1758212538027707748],2.56
[1758212538032900873],2.56
[1758212538038056342],2.56
[1758212538043304207],2.56
[1758212538048419415],2.56
[1758212538054999259],2.56
[1758212538061334936],2.56
[1758212538066611290],2.56
[1758212538071727696],2.56
[1758212538076897332],2.56
[1758212538082012019],2.56
[1758212538087141134],2.56
[1758212538092293321],2.56
[1758212538097422957],2.56
[1758212538102634884],2.56
[1758212538107867228],2.56
[1758212538112970717],2.56
[1758212538118053165],2.56
[1758212538123249884],2.56
[1758212538128347905],2.56
[1758212538133436446],2.56
[1758212538138531655],2.56
[1758212538143700925],2.56
[1758212538148798842],2.56
[1758212538153983998],2.56
[1758212538160529884],2.56
[1758212538168169207],2.56
[1758212538173521863],2.56
[1758212538178738113],2.56
[1758212538183859050],2.56
[1758212538188955978],2.56
[1758212538194079467],2.56
[1758212538199170353],2.56
[1758212538204245248],2.56
[1758212538209346030],2.56
[1758212538214482436],2.56
[1758212538219681811],2.56
[1758212538224892800],2.56
[1758212538230001655],2.56
[1758212538235137436],2.56
[1758212538240227175],2.56
[1758212538245318425],2.56
[1758212538250422175],2.56
[1758212538255640300],2.56
[1758212538260752436],2.56
[1758212538265880509],2.56
[1758212538270996134],2.56
[1758212538276599727],2.56
[1758212538281796655],2.56
[1758212538286914727],2.56
[1758212538292051186],2.56
[1758212538297187384],2.56
[1758212538302334780],2.56
[1758212538307426655],2.56
[1758212538312723582],2.56
[1758212538317977227],2.56
[1758212538323238634],2.56
[1758212538328338009],2.56
[1758212538333493113],2.56
[1758212538338605665],2.56
[1758212538343751707],2.56
[1758212538348836759],2.56
[1758212538354016342],2.56
[1758212538359150873],2.56
[1758212538364262748],2.56
[1758212538369349102],2.56
[1758212538374573321],2.56
[1758212538380157800],2.56
[1758212538385418321],2.56
[1758212538390510873],2.56
[1758212538395621811],2.56
[1758212538400734311],2.56
[1758212538405868946],2.56
[1758212538411016759],2.56
[1758212538416121655],2.56
[1758212538421285821],2.56
[1758212538426961030],2.56
[1758212538432063530],2.56
[1758212538437200925],2.56
[1758212538442408217],2.56
[1758212538447533009],2.56
[1758212538452748582],2.56
[1758212538457919571],2.56
[1758212538463096394],2.56
[1758212538468230769],2.56
[1758212538473524363],2.56
[1758212538478727592],2.56
[1758212538483932904],2.56
[1758212538489551550],2.56
[1758212538494699207],2.56
[1758212538499826863],2.56
[1758212538504981290],2.56
[1758212538510093269],2.56
[1758212538515189988],2.56
[1758212538522912904],2.56
[1758212538528364311],2.56
[1758212538533629259],2.56
[1758212538538746863],2.56
[1758212538543876134],2.56
[1758212538548966290],2.56
[1758212538554098998],2.56
[1758212538559222436],2.56
[1758212538564334154],2.56
[1758212538569481082],2.56
[1758212538574801082],2.56
[1758212538579928061],2.56
[1758212538585079571],2.56
[1758212538590563009],2.56
[1758212538595831967],2.56
[1758212538600970977],2.56
[1758212538606112748],2.56
[1758212538611226654],2.56
[1758212538616417800],2.56
[1758212538621567071],2.56
[1758212538626820665],2.56
[1758212538631964050],2.56
[1758212538637186082],2.56
[1758212538642352384],2.56
[1758212538647512592],2.56
[1758212538652669832],2.56
[1758212538657842123],2.56
[1758212538663003165],2.56
[1758212538668120300],2.56
[1758212538673324050],2.56
[1758212538678475456],2.56
[1758212538683652800],2.56
[1758212538688771811],2.56
[1758212538693935092],2.56
[1758212538699580404],2.56
[1758212538704837592],2.56
[1758212538709958165],2.56
[1758212538715102384],2.56
[1758212538720205456],2.56
[1758212538726534831],2.56
[1758212538731780040],2.56
[1758212538736900248],2.56
[1758212538741999102],2.56
[1758212538747123425],2.56
[1758212538752295404],2.56
[1758212538757410717],2.56
[1758212538762614519],2.56
[1758212538767778321],2.56
[1758212538773089311],2.56
[1758212538778234415],2.56
[1758212538783385821],2.56
[1758212538788543113],2.56
[1758212538793664727],2.56
[1758212538798770352],2.56
[1758212538805381029],2.56
[1758212538810711550],2.56
[1758212538815839571],2.56
[1758212538820965404],2.56
[1758212538826186915],2.56
[1758212538831300092],2.56
[1758212538836410665],2.56
[1758212538841547384],2.56
[1758212538846745352],2.56
[1758212538851949206],2.56
[1758212538857073321],2.56
[1758212538862242592],2.56
[1758212538867414623],2.56
[1758212538872660821],2.56
[1758212538877864050],2.56
[1758212538883038581],2.56
[1758212538888163165],2.56
[1758212538893272436],2.56
[1758212538898370040],2.56
[1758212538903485092],2.56
[1758212538909061967],2.56
[1758212538914320300],2.56
[1758212538919473113],2.56
[1758212538924731706],2.56
[1758212538929879467],2.56
[1758212538935005248],2.56
[1758212538940118061],2.56
[1758212538945267904],2.56
[1758212538950504258],2.56
[1758212538955747331],2.56
[1758212538960938008],2.56
[1758212538966096081],2.56
[1758212538971208165],2.56
[1758212538976437123],2.56
[1758212538981589779],2.56
[1758212538986729050],2.56
[1758212538991865144],2.56
[1758212538997125508],2.56
[1758212539002355821],2.56
[1758212539007517748],2.56
[1758212539012725561],2.56
[1758212539018351081],2.56
[1758212539023557019],2.56
[1758212539028671446],2.56
[1758212539033803113],2.56
[1758212539038921238],2.56
[1758212539044171915],2.56
[1758212539049335092],2.56
[1758212539054511238],2.56
[1758212539059737956],2.56
[1758212539064895717],2.56
[1758212539070005352],2.56
[1758212539075456238],2.56
[1758212539080637852],2.56
[1758212539085860508],2.56
[1758212539090972644],2.56
[1758212539096125092],2.56
[1758212539101233529],2.56
[1758212539106356238],2.56
[1758212539111436967],2.56
[1758212539116692331],2.56
[1758212539122308685],2.56
[1758212539127567592],2.56
[1758212539132716810],2.56
[1758212539137793894],2.56
[1758212539144737956],2.56
[1758212539150018060],2.56
[1758212539155110404],2.56
[1758212539160275873],2.56
[1758212539165455040],2.56
[1758212539170740144],2.56
[1758212539175941758],2.56
[1758212539181052644],2.56
[1758212539186218165],2.56
[1758212539191473581],2.56
[1758212539196674467],2.56
[1758212539202320717],2.56
[1758212539207485508],2.56
[1758212539212819415],2.56
[1758212539217982644],2.56
[1758212539223161863],2.56
[1758212539229385144],2.56
[1758212539235917435],2.56
[1758212539241213894],2.56
[1758212539246366081],2.56
[1758212539251469102],2.56
[1758212539256607071],2.56
[1758212539261683529],2.56
[1758212539266768321],2.56
[1758212539271883529],2.56
[1758212539277137227],2.56
[1758212539282390352],2.56
[1758212539287528373],2.56
[1758212539292707592],2.56
[1758212539297870404],2.56
[1758212539302960717],2.56
[1758212539308044883],2.56
[1758212539313232540],2.56
[1758212539318349831],2.56
[1758212539323634727],2.56
[1758212539328771654],2.56
[1758212539333900925],2.56
[1758212539340362279],2.56
[1758212539345708269],2.56
[1758212539352104883],2.56
[1758212539357338425],2.56
[1758212539362506915],2.56
[1758212539367627696],2.56
[1758212539373996810],2.56
[1758212539379226706],2.56
[1758212539384355300],2.56
[1758212539389467644],2.56
[1758212539394594154],2.56
[1758212539399743998],2.56
[1758212539404869154],2.56
[1758212539409975040],2.56
[1758212539415125352],2.56
[1758212539420329675],2.56
[1758212539425534102],2.56
[1758212539430642227],2.56
[1758212539435768112],2.56
[1758212539440877435],2.56
[1758212539446009310],2.56
[1758212539451621237],2.56
[1758212539456766758],2.56
[1758212539461867852],2.56
[1758212539467002696],2.56
[1758212539472105717],2.56
[1758212539477307487],2.56
[1758212539482538894],2.56
[1758212539487682644],2.56
[1758212539492984623],2.56
[1758212539498171758],2.56
[1758212539503310196],2.56
[1758212539508432956],2.56
[1758212539513553269],2.56
[1758212539518697592],2.56
[1758212539523910040],2.56
[1758212539529054310],2.56
[1758212539534276862],2.56
[1758212539539380456],2.56
[1758212539544511914],2.56
[1758212539549617748],2.56
[1758212539555136185],2.56
[1758212539560400456],2.56
[1758212539565584154],2.56
[1758212539570729258],2.56
[1758212539577091446],2.56
[1758212539582390352],2.56
[1758212539587557539],2.56
[1758212539592761029],2.56
[1758212539597886342],2.56
[1758212539602985456],2.56
[1758212539608073894],2.56
[1758212539613241654],2.56
[1758212539618370196],2.56
[1758212539623638998],2.56
[1758212539628785925],2.56
[1758212539633919675],2.56
[1758212539639098269],2.56
[1758212539644277435],2.56
[1758212539649414050],2.56
[1758212539654576394],2.56
[1758212539660106550],2.56
[1758212539665392644],2.56
[1758212539670519519],2.56
[1758212539675752227],2.56
[1758212539680859154],2.56
[1758212539685999414],2.56
[1758212539691157644],2.56
[1758212539696271029],2.56
[1758212539701510456],2.56
[1758212539706822175],2.56
[1758212539712506914],2.56
[1758212539717647123],2.56
[1758212539724025352],2.56
[1758212539729277592],2.56
[1758212539734413269],2.56
[1758212539739527123],2.56
[1758212539744657800],2.56
[1758212539749771081],2.56
[1758212539754879310],2.56
[1758212539759986810],2.56
[1758212539765542227],2.56
[1758212539770852175],2.56
[1758212539776091081],2.56
[1758212539781209414],2.56
[1758212539786452331],2.56
[1758212539791595352],2.56
[1758212539796708789],2.56
[1758212539801832435],2.56
[1758212539807021446],2.56
[1758212539812325508],2.56
[1758212539817489883],2.56
[1758212539822751029],2.56
[1758212539827890091],2.56
[1758212539833043685],2.56
[1758212539838159050],2.56
[1758212539843356394],2.56
[1758212539848500977],2.56
[1758212539853645612],2.56
[1758212539858751446],2.56
[1758212539863872435],2.56
[1758212539868998321],2.56
[1758212539875716602],2.56
[1758212539880959935],2.56
[1758212539886093425],2.56
[1758212539891215769],2.56
[1758212539896346862],2.56
[1758212539901452435],2.56
[1758212539906580248],2.56
[1758212539911689466],2.56
[1758212539916834258],2.56
[1758212539922024206],2.56
[1758212539927259519],2.56
[1758212539932449154],2.56
[1758212539937584935],2.56
[1758212539942747696],2.56
[1758212539947879466],2.56
[1758212539953021185],2.56
[1758212539958187644],2.56
[1758212539963314727],2.56
[1758212539968449519],2.56
[1758212539973673268],2.56
[1758212539979199571],2.56
[1758212539984480664],2.56
[1758212539989612331],2.56
[1758212539994774102],2.56
[1758212539999870508],2.56
[1758212540005009102],2.56
[1758212540012860143],2.56
[1758212540018093373],2.56
[1758212540023394675],2.56
[1758212540028506758],2.56
[1758212540033672279],2.56
[1758212540038773164],2.56
[1758212540043876654],2.56
[1758212540048985143],2.56
[1758212540054159258],2.56
[1758212540059296550],2.56
[1758212540064543477],2.56
[1758212540069654883],2.56
[1758212540074853268],2.56
[1758212540079956237],2.56
[1758212540085488268],2.56
[1758212540090697643],2.56
[1758212540095897591],2.56
[1758212540101045768],2.56
[1758212540106205716],2.56
[1758212540111343425],2.56
[1758212540116468268],2.56
[1758212540121581133],2.56
[1758212540126889675],2.56
[1758212540132053581],2.56
[1758212540137213946],2.56
[1758212540142415196],2.56
[1758212540147543529],2.56
[1758212540152860404],2.56
[1758212540157951289],2.56
[1758212540163040196],2.56
[1758212540168183841],2.56
[1758212540173425039],2.56
[1758212540178605143],2.56
[1758212540183743893],2.56
[1758212540189912227],2.56
[1758212540196444102],2.56
[1758212540201700091],2.56
[1758212540206788633],2.56
[1758212540211853529],2.56
[1758212540216962487],2.56
[1758212540222033893],2.56
[1758212540227181393],2.56
[1758212540232431498],2.56
[1758212540237600300],2.56
[1758212540242856029],2.56
[1758212540247968685],2.56
[1758212540253107018],2.56
[1758212540258216237],2.56
[1758212540263339779],2.56
[1758212540268451185],2.56
[1758212540273657487],2.56
[1758212540278824727],2.56
[1758212540283912279],2.56
[1758212540289000039],2.56
[1758212540294161029],2.56
[1758212540300528893],2.56
[1758212540305857956],2.56
[1758212540312352956],2.56
[1758212540318688320],2.56
[1758212540326295248],2.56
[1758212540331751445],2.56
[1758212540336907695],2.56
[1758212540342009727],2.56
[1758212540347126185],2.56
[1758212540352262070],2.56
[1758212540357379831],2.56
[1758212540362557123],2.56
[1758212540367664675],2.56
[1758212540373414883],2.56
[1758212540379843164],2.56
[1758212540386288060],2.56
[1758212540392719102],2.56
[1758212540399146758],2.56
[1758212540404709466],2.56
[1758212540409843737],2.56
[1758212540414975300],2.56
[1758212540421264831],2.56
[1758212540426565352],2.56
[1758212540431674258],2.56
[1758212540436782539],2.56
[1758212540441888320],2.56
[1758212540447022956],2.56
[1758212540452178789],2.56
[1758212540457322643],2.56
[1758212540462529154],2.56
[1758212540467735664],2.56
[1758212540472954518],2.56
[1758212540478056029],2.56
[1758212540483172852],2.56
[1758212540488268060],2.56
[1758212540493400872],2.56
[1758212540498499310],2.56
[1758212540503661966],2.56
[1758212540508775195],2.56
[1758212540514285404],2.56
[1758212540519423008],2.56
[1758212540524623997],2.56
[1758212540530029206],2.56
[1758212540535162435],2.56
[1758212540540267904],2.56
[1758212540545401081],2.56
[1758212540550497279],2.56
[1758212540555758112],2.56
[1758212540560975195],2.56
[1758212540566121393],2.56
[1758212540571220716],2.56
[1758212540576413320],2.56
[1758212540581553216],2.56
[1758212540586709414],2.56
[1758212540591833164],2.56
[1758212540596979102],2.56
[1758212540602220664],2.56
[1758212540607377122],2.56
[1758212540612529102],2.56
[1758212540617642695],2.56
[1758212540623229622],2.56
[1758212540628382018],2.56
[1758212540633515612],2.56
[1758212540639927279],2.56
[1758212540645164674],2.56
[1758212540650283997],2.56
[1758212540655413581],2.56
[1758212540660505143],2.56
[1758212540665609049],2.56
[1758212540670723737],2.56
[1758212540675919154],2.56
[1758212540681033789],2.56
[1758212540686225247],2.56
[1758212540691349779],2.56
[1758212540696459102],2.56
[1758212540701571810],2.56
[1758212540706667018],2.56
[1758212540711759362],2.56
[1758212540716881341],2.56
[1758212540721988320],2.56
[1758212540727185508],2.56
[1758212540732779154],2.56
[1758212540737917174],2.56
[1758212540743042904],2.56
[1758212540749560143],2.56
[1758212540754803216],2.56
[1758212540759907331],2.56
[1758212540765007799],2.56
[1758212540770101445],2.56
[1758212540775303529],2.56
[1758212540780416914],2.56
[1758212540785626393],2.56
[1758212540790790404],2.56
[1758212540796009102],2.56
[1758212540801113581],2.56
[1758212540806256706],2.56
[1758212540811390039],2.56
[1758212540816507487],2.56
[1758212540821615924],2.56
[1758212540826821185],2.56
[1758212540832003320],2.56
[1758212540837243112],2.56
[1758212540842970768],2.56
[1758212540848130299],2.56
[1758212540853299831],2.56
[1758212540858712695],2.56
[1758212540863868893],2.56
[1758212540868989154],2.56
[1758212540874226289],2.56
[1758212540879415612],2.56
[1758212540885846914],2.56
[1758212540891086341],2.56
[1758212540896208476],2.56
[1758212540901315768],2.56
[1758212540906457539],2.56
[1758212540911562591],2.56
[1758212540916668529],2.56
[1758212540921781862],2.56
[1758212540927035664],2.56
[1758212540932386081],2.56
[1758212540937567122],2.56
[1758212540942766081],2.56
[1758212540948224831],2.56
[1758212540953397851],2.56
[1758212540958563997],2.56
[1758212540965059206],2.56
[1758212540970344987],2.56
[1758212540975522018],2.56
[1758212540980626393],2.56
[1758212540985809101],2.56
[1758212540990941393],2.56
[1758212540996053529],2.56
[1758212541001158216],2.56
[1758212541006325768],2.56
[1758212541011527539],2.56
[1758212541016645820],2.56
[1758212541021744049],2.56
[1758212541026982487],2.56
[1758212541032178997],2.56
[1758212541037397695],2.56
[1758212541043165872],2.56
[1758212541048298268],2.56
[1758212541053731601],2.56
[1758212541058849101],2.56
[1758212541063987278],2.56
[1758212541069104726],2.56
[1758212541075444049],2.56
[1758212541081847591],2.56
[1758212541088351185],2.56
[1758212541093606445],2.56
[1758212541098719206],2.56
[1758212541103860091],2.56
[1758212541108954831],2.56
[1758212541114092487],2.56
[1758212541119221966],2.56
[1758212541124434622],2.56
[1758212541129561758],2.56
[1758212541134781653],2.56
[1758212541139885299],2.56
[1758212541145001081],2.56
[1758212541150090091],2.56
[1758212541155206445],2.56
[1758212541160696862],2.56
[1758212541165849570],2.56
[1758212541170956133],2.56
[1758212541176157539],2.56
[1758212541181251914],2.56
[1758212541186364570],2.56
[1758212541191491653],2.56
[1758212541197004987],2.56
[1758212541202202331],2.56
[1758212541207422851],2.56
[1758212541212633997],2.56
[1758212541217753737],2.56
[1758212541222988476],2.56
[1758212541228211081],2.56
[1758212541233334831],2.56
[1758212541238495247],2.56
[1758212541243741966],2.56
[1758212541248917278],2.56
[1758212541254058476],2.56
[1758212541259191862],2.56
[1758212541269061914],2.56
[1758212541275520091],2.56
[1758212541280755976],2.56
[1758212541285892955],2.56
[1758212541291016914],2.56
[1758212541296158216],2.56
[1758212541301236497],2.56
[1758212541308434883],2.56
[1758212541313714414],2.56
[1758212541318854570],2.56
[1758212541324038789],2.56
[1758212541329144622],2.56
[1758212541334270612],2.56
[1758212541339380872],2.56
[1758212541344510560],2.56
[1758212541349608685],2.56
[1758212541354712747],2.56
[1758212541359814674],2.56
[1758212541364922278],2.56
[1758212541370039518],2.56
[1758212541375697487],2.56
[1758212541380813424],2.56
[1758212541385906549],2.56
[1758212541391008945],2.56
[1758212541396130612],2.56
[1758212541401232122],2.56
[1758212541406345612],2.56
[1758212541411468841],2.56
[1758212541416985143],2.56
[1758212541422369205],2.56
[1758212541428738685],2.56
[1758212541435066810],2.56
[1758212541440314258],2.56
[1758212541445446705],2.56
[1758212541450548112],2.56
[1758212541455673945],2.56
[1758212541460779101],2.56
[1758212541465891185],2.56
[1758212541470995195],2.56
[1758212541476211653],2.56
[1758212541481732799],2.56
[1758212541486921133],2.56
[1758212541492035560],2.56
[1758212541497154883],2.56
[1758212541502380143],2.56
[1758212541507496497],2.56
[1758212541512671341],2.56
[1758212541517852903],2.56
[1758212541523612643],2.56
[1758212541528753476],2.56
[1758212541533920664],2.56
[1758212541539062018],2.56
[1758212541544215143],2.56
[1758212541549329830],2.56
[1758212541554449935],2.56
[1758212541559561914],2.56
[1758212541564813164],2.56
[1758212541569984518],2.56
[1758212541575223841],2.56
[1758212541580409362],2.56
[1758212541585556237],2.56
[1758212541591052539],2.56
[1758212541596197330],2.56
[1758212541601304153],2.56
[1758212541606429882],2.56
[1758212541611597070],2.56
[1758212541616760039],2.56
[1758212541621885143],2.56
[1758212541627141914],2.56
[1758212541632741549],2.56
[1758212541637975716],2.56
[1758212541643141080],2.56
[1758212541648253580],2.56
[1758212541653472487],2.56
[1758212541658997799],2.56
[1758212541664152487],2.56
[1758212541669277799],2.56
[1758212541674589049],2.56
[1758212541679797330],2.56
[1758212541684890612],2.56
[1758212541690018737],2.56
[1758212541695228164],2.56
[1758212541700690039],2.56
[1758212541705809778],2.56
[1758212541710951966],2.56
[1758212541716145872],2.56
[1758212541721380664],2.56
[1758212541726628216],2.56
[1758212541731745559],2.56
[1758212541736902226],2.56
[1758212541742468112],2.56
[1758212541747626080],2.56
[1758212541752833580],2.56
[1758212541758050403],2.56
[1758212541763283528],2.56
[1758212541768437747],2.56
[1758212541773627903],2.56
[1758212541778780351],2.56
[1758212541783909674],2.56
[1758212541789023216],2.56
[1758212541794236184],2.56
[1758212541799385403],2.56
[1758212541804592851],2.56
[1758212541810143059],2.56
[1758212541815337278],2.56
[1758212541820511341],2.56
[1758212541825733007],2.56
[1758212541830857955],2.56
[1758212541835983320],2.56
[1758212541841089205],2.56
[1758212541846252122],2.56
[1758212541851762487],2.56
[1758212541857008945],2.56
[1758212541862204726],2.56
[1758212541867313164],2.56
[1758212541872491601],2.56
[1758212541877645195],2.56
[1758212541882836862],2.56
[1758212541887945872],2.56
[1758212541893103997],2.56
[1758212541898348268],2.56
[1758212541903562643],2.56
[1758212541908681497],2.56
[1758212541913800299],2.56
[1758212541919527903],2.56
[1758212541925620716],2.56
[1758212541930855143],2.56
[1758212541935984257],2.56
[1758212541941102070],2.56
[1758212541946222955],2.56
[1758212541951319309],2.56
[1758212541956448632],2.56
[1758212541961896705],2.56
[1758212541967055195],2.56
[1758212541972412955],2.56
[1758212541977608216],2.56
[1758212541982828684],2.56
[1758212541987982174],2.56
[1758212541993123111],2.56
[1758212542000465820],2.56
[1758212542005711236],2.56
[1758212542010941341],2.56
[1758212542016245039],2.56
[1758212542021379049],2.56
[1758212542026866549],2.56
[1758212542032036497],2.56
[1758212542037209257],2.56
[1758212542042424153],2.56
[1758212542047616653],2.56
[1758212542052954205],2.56
[1758212542058098789],2.56
[1758212542063230143],2.56
[1758212542068685716],2.56
[1758212542073923372],2.56
[1758212542079047330],2.56
[1758212542084215611],2.56
[1758212542089328997],2.56
[1758212542094620351],2.56
[1758212542099765351],2.56
[1758212542104892903],2.56
[1758212542110022851],2.56
[1758212542115179049],2.56
[1758212542120333632],2.56
[1758212542126746601],2.56
[1758212542133342174],2.56
[1758212542138598476],2.56
[1758212542143733424],2.56
[1758212542148840872],2.56
[1758212542153969882],2.56
[1758212542159114361],2.56
[1758212542164230820],2.56
[1758212542169364361],2.56
[1758212542174927278],2.56
[1758212542180170716],2.56
[1758212542185299778],2.56
[1758212542190413268],2.56
[1758212542195555872],2.56
[1758212542200665351],2.56
[1758212542205771080],2.56
[1758212542210947591],2.56
[1758212542216140507],2.56
[1758212542221353632],2.56
[1758212542226552226],2.56
[1758212542231705611],2.56
[1758212542236856341],2.56
[1758212542243433736],2.56
[1758212542248670351],2.56
[1758212542253808945],2.56
[1758212542258912643],2.56
[1758212542264040820],2.56
[1758212542269147330],2.56
[1758212542274341132],2.56
[1758212542279459622],2.56
[1758212542284938632],2.56
[1758212542290177174],2.56
[1758212542295350403],2.56
[1758212542300484309],2.56
[1758212542305606288],2.56
[1758212542310795663],2.56
[1758212542315925038],2.56
[1758212542321015403],2.56
[1758212542326228424],2.56
[1758212542331438841],2.56
[1758212542336611913],2.56
[1758212542341757851],2.56
[1758212542346898320],2.56
[1758212542352408320],2.56
[1758212542357600820],2.56
[1758212542362742122],2.56
[1758212542367854934],2.56
[1758212542373023476],2.56
[1758212542378163997],2.56
[1758212542383311236],2.56
[1758212542388491080],2.56
[1758212542395091288],2.56
[1758212542400326184],2.56
[1758212542405444674],2.56
[1758212542410546393],2.56
[1758212542415650403],2.56
[1758212542420748893],2.56
[1758212542425931497],2.56
[1758212542431034986],2.56
[1758212542436220559],2.56
[1758212542441328476],2.56
[1758212542446443788],2.56
[1758212542451623893],2.56
[1758212542456798215],2.56
[1758212542462425611],2.56
[1758212542467580195],2.56
[1758212542473983268],2.56
[1758212542479225976],2.56
[1758212542484384986],2.56
[1758212542489545455],2.56
[1758212542494699830],2.56
[1758212542501058007],2.56
[1758212542507405559],2.56
[1758212542512743997],2.56
[1758212542517884622],2.56
[1758212542523125715],2.56
[1758212542528253788],2.56
[1758212542533361809],2.56
[1758212542538503736],2.56
[1758212542543638997],2.56
[1758212542548748580],2.56
[1758212542553951757],2.56
[1758212542559116757],2.56
[1758212542564265455],2.56
[1758212542571784570],2.56
[1758212542578653736],2.56
[1758212542586087070],2.56
[1758212542591648215],2.56
[1758212542598069830],2.56
[1758212542604570924],2.56
[1758212542609821549],2.56
[1758212542614935611],2.56
[1758212542620039726],2.56
[1758212542625225038],2.56
[1758212542630338267],2.56
[1758212542635451705],2.56
[1758212542640558372],2.56
[1758212542645711132],2.56
[1758212542650952486],2.56
[1758212542656108580],2.56
[1758212542661191184],2.56
[1758212542666295247],2.56
[1758212542671410767],2.56
[1758212542677238424],2.56
[1758212542682425820],2.56
[1758212542687523632],2.56
[1758212542693631601],2.56
[1758212542698862955],2.56
[1758212542703986184],2.56
[1758212542709109830],2.56
[1758212542714551132],2.56
[1758212542719645924],2.56
[1758212542724794413],2.56
[1758212542729876965],2.56
[1758212542735029257],2.56
[1758212542740267278],2.56
[1758212542745381497],2.56
[1758212542750473320],2.56
[1758212542755617122],2.56
[1758212542760705247],2.56
[1758212542765780507],2.56
[1758212542770873007],2.56
[1758212542776071080],2.56
[1758212542781191913],2.56
[1758212542786771809],2.56
[1758212542791923320],2.56
[1758212542797032538],2.56
[1758212542802185403],2.56
[1758212542807326965],2.56
[1758212542812537122],2.56
[1758212542817663892],2.56
[1758212542824318111],2.56
[1758212542829566913],2.56
[1758212542834687903],2.56
[1758212542839778840],2.56
[1758212542844903997],2.56
[1758212542850001549],2.56
[1758212542855097382],2.56
[1758212542860199934],2.56
[1758212542865359465],2.56
[1758212542870558319],2.56
[1758212542875769778],2.56
[1758212542880941497],2.56
[1758212542886531028],2.56
[1758212542892990819],2.56
[1758212542898250194],2.56
[1758212542903364674],2.56
[1758212542908450403],2.56
[1758212542913567486],2.56
[1758212542918649674],2.56
[1758212542923833580],2.56
[1758212542930135663],2.56
[1758212542935399882],2.56
[1758212542940507851],2.56
[1758212542945641236],2.56
[1758212542950733111],2.56
[1758212542955840299],2.56
[1758212542960931132],2.56
[1758212542966094934],2.56
[1758212542971222642],2.56
[1758212542976473997],2.56
[1758212542981591028],2.56
[1758212542986695715],2.56
[1758212542991834517],2.56
[1758212542996989101],2.56
[1758212543002542226],2.56
[1758212543007728372],2.56
[1758212543012896236],2.56
[1758212543018008319],2.56
[1758212543023189049],2.56
[1758212543028294153],2.56
[1758212543033423892],2.56
[1758212543038653840],2.56
[1758212543043831236],2.56
[1758212543049125924],2.56
[1758212543054257903],2.56
[1758212543059346392],2.56
[1758212543064513580],2.56
[1758212543069626184],2.56
[1758212543074813944],2.56
[1758212543079911392],2.56
[1758212543085045976],2.56
[1758212543090198788],2.56
[1758212543095399309],2.56
[1758212543100513580],2.56
[1758212543105617851],2.56
[1758212543111313528],2.56
[1758212543116456028],2.56
[1758212543121584517],2.56
[1758212543126795767],2.56
[1758212543131952538],2.56
[1758212543137095246],2.56
[1758212543142291965],2.56
[1758212543147760194],2.56
[1758212543153074517],2.56
[1758212543158178944],2.56
[1758212543163320455],2.56
[1758212543168432121],2.56
[1758212543173651809],2.56
[1758212543178746444],2.56
[1758212543183874309],2.56
[1758212543189064882],2.56
[1758212543194345351],2.56
[1758212543199504621],2.56
[1758212543204618476],2.56
[1758212543209752955],2.56
[1758212543214970924],2.56
[1758212543220435299],2.56
[1758212543225646809],2.56
[1758212543230771288],2.56
[1758212543235974049],2.56
[1758212543241091496],2.56
[1758212543246210767],2.56
[1758212543251350611],2.56
[1758212543256841496],2.56
[1758212543262087226],2.56
[1758212543267262226],2.56
[1758212543272525559],2.56
[1758212543277722121],2.56
[1758212543286470038],2.56
[1758212543291809569],2.56
[1758212543297006913],2.56
[1758212543302176548],2.56
[1758212543307459048],2.56
[1758212543312648892],2.56
[1758212543317764101],2.56
[1758212543323381965],2.56
[1758212543329553996],2.56
[1758212543334793892],2.56
[1758212543339896236],2.56
[1758212543344995507],2.56
[1758212543350094621],2.56
[1758212543355226653],2.56
[1758212543360336236],2.56
[1758212543365858059],2.56
[1758212543371057486],2.56
[1758212543376356080],2.56
[1758212543381544205],2.56
[1758212543386670871],2.56
[1758212543391812382],2.56
[1758212543396967226],2.56
[1758212543402046028],2.56
[1758212543407160663],2.56
[1758212543412377955],2.56
[1758212543417626080],2.56
[1758212543422862798],2.56
[1758212543427988215],2.56
[1758212543433133215],2.56
[1758212543438755715],2.56
[1758212543443951444],2.56
[1758212543449136392],2.56
[1758212543454353892],2.56
[1758212543459494205],2.56
[1758212543464636340],2.56
[1758212543469766757],2.56
[1758212543475302746],2.56
[1758212543480509986],2.56
[1758212543485643580],2.56
[1758212543490777017],2.56
[1758212543495912330],2.56
[1758212543501049413],2.56
[1758212543506126757],2.56
[1758212543511256861],2.56
[1758212543516376028],2.56
[1758212543521560403],2.56
[1758212543526807173],2.56
[1758212543531922278],2.56
[1758212543537070715],2.56
[1758212543542268996],2.56
[1758212543548823892],2.56
[1758212543554051496],2.56
[1758212543559159569],2.56
[1758212543564259986],2.56
[1758212543569352903],2.56
[1758212543574548215],2.56
[1758212543579658059],2.56
[1758212543585115403],2.56
[1758212543590247798],2.56
[1758212543595496861],2.56
[1758212543600662330],2.56
[1758212543605767121],2.56
[1758212543610927590],2.56
[1758212543616065871],2.56
[1758212543621193475],2.56
[1758212543626401236],2.56
[1758212543631599882],2.56
[1758212543636842590],2.56
[1758212543641932173],2.56
[1758212543647034882],2.56
[1758212543652186288],2.56
[1758212543657930611],2.56
[1758212543663460507],2.56
[1758212543668597486],2.56
[1758212543673923475],2.56
[1758212543679060611],2.56
[1758212543684165819],2.56
[1758212543689311496],2.56
[1758212543696459882],2.56
[1758212543702270038],2.56
[1758212543707410923],2.56
[1758212543712642330],2.56
[1758212543717763996],2.56
[1758212543723037486],2.56
[1758212543728107902],2.56
[1758212543733250611],2.56
[1758212543738361236],2.56
[1758212543743652434],2.56
[1758212543748777902],2.56
[1758212543753893059],2.56
[1758212543758992590],2.56
[1758212543765549882],2.56
[1758212543770776652],2.56
[1758212543776015819],2.56
[1758212543781127225],2.56
[1758212543786281705],2.56
[1758212543791394621],2.56
[1758212543796541705],2.56
[1758212543801971705],2.56
[1758212543807172277],2.56
[1758212543812471965],2.56
[1758212543817591132],2.56
[1758212543822829361],2.56
[1758212543828006809],2.56
[1758212543833133632],2.56
[1758212543838233892],2.56
[1758212543843408111],2.56
[1758212543848566444],2.56
[1758212543853768840],2.56
[1758212543858951444],2.56
[1758212543864097382],2.56
[1758212543869216184],2.56
[1758212543874787902],2.56
[1758212543879926600],2.56
[1758212543885101705],2.56
[1758212543890237694],2.56
[1758212543895461132],2.56
[1758212543900592330],2.56
[1758212543905761340],2.56
[1758212543911169882],2.56
[1758212543916346184],2.56
[1758212543921574413],2.56
[1758212543926778736],2.56
[1758212543931891236],2.56
[1758212543937045142],2.56
[1758212543942204829],2.56
[1758212543947349725],2.56
[1758212543952491340],2.56
[1758212543957628475],2.56
[1758212543962953996],2.56
[1758212543968084777],2.56
[1758212543973284569],2.56
[1758212543978441704],2.56
[1758212543983929673],2.56
[1758212543989109152],2.56
[1758212543994285194],2.56
[1758212543999473840],2.56
[1758212544004615090],2.56
[1758212544009745298],2.56
[1758212544014899517],2.56
[1758212544020317277],2.56
[1758212544025651600],2.56
[1758212544030938840],2.56
[1758212544036067798],2.56
[1758212544075363475],2.56
[1758212544080521600],2.56
[1758212544085726809],2.56
[1758212544091160819],2.56
[1758212544095877277],2.56
[1758212544099575298],2.56
[1758212544103316340],2.56
[1758212544107004309],2.56
[1758212544110665559],2.56
[1758212544114386809],2.56
[1758212544118148684],2.56
[1758212544121835142],2.56
[1758212544125525819],2.56
[1758212544129195194],2.56
[1758212544132977798],2.56
[1758212544136673631],2.56
[1758212544140333788],2.56
[1758212544144011444],2.56
[1758212544147690975],2.56
[1758212544151432798],2.56
[1758212544155123840],2.56
[1758212544158895663],2.56
[1758212544162562434],2.56
[1758212544166242225],2.56
[1758212544169924465],2.56
[1758212544173663163],2.56
[1758212544177317121],2.56
[1758212544181015090],2.56
[1758212544184781496],2.56
[1758212544188479100],2.56
[1758212544192566496],2.56
[1758212544196359881],2.56
[1758212544200057381],2.56
[1758212544203727746],2.56
[1758212544207382277],2.56
[1758212544211069829],2.56
[1758212544214769881],2.56
[1758212544218426809],2.56
[1758212544222115559],2.56
[1758212544225766756],2.56
[1758212544229452277],2.56
[1758212544233232069],2.56
[1758212544236929413],2.56
[1758212544240653736],2.56
[1758212544244366027],2.56
[1758212544248036704],2.56
[1758212544251738267],2.56
[1758212544255398527],2.56
[1758212544259076965],2.56
[1758212544262745246],2.56
[1758212544266423684],2.56
[1758212544270108684],2.56
[1758212544273811548],2.56
[1758212544277469048],2.56
[1758212544281208736],2.56
[1758212544284963684],2.56
[1758212544288653111],2.56
[1758212544292371340],2.56
[1758212544296080246],2.56
[1758212544300014777],2.56
[1758212544303781288],2.56
[1758212544307457902],2.56
[1758212544311170454],2.56
[1758212544314847486],2.56
[1758212544318535767],2.56
[1758212544322219829],2.56
[1758212544325878163],2.56
[1758212544329534309],2.56
[1758212544333258840],2.56
[1758212544336906861],2.56
[1758212544340597069],2.56
[1758212544344359308],2.56
[1758212544348022225],2.56
[1758212544351687433],2.56
[1758212544355382017],2.56
[1758212544359041704],2.56
[1758212544362772433],2.56
[1758212544366413163],2.56
[1758212544370082694],2.56
[1758212544373756652],2.56
[1758212544377409621],2.56
[1758212544381167277],2.56
[1758212544384943631],2.56
[1758212544388611392],2.56
[1758212544392296131],2.56
[1758212544395954777],2.56
[1758212544399678371],2.56
[1758212544403616652],2.56
[1758212544407404256],2.56
[1758212544411226444],2.56
[1758212544414912850],2.56
[1758212544418592850],2.56
[1758212544422245715],2.56
[1758212544425886288],2.56
[1758212544429533683],2.56
[1758212544434062433],2.56
[1758212544437881288],2.56
[1758212544441564100],2.56
[1758212544445213683],2.56
[1758212544448866704],2.56
[1758212544452514361],2.56
[1758212544456150975],2.56
[1758212544459800402],2.56
[1758212544463520038],2.56
[1758212544467191652],2.56
[1758212544470849673],2.56
[1758212544474540298],2.56
[1758212544478201861],2.56
[1758212544481971965],2.56
[1758212544486655663],2.56
[1758212544490503683],2.56
[1758212544494224569],2.56
[1758212544497894517],2.56
[1758212544501551183],2.56
[1758212544505210871],2.56
[1758212544509920454],2.56
[1758212544513768996],2.56
[1758212544517520246],2.56
[1758212544521216236],2.56
[1758212544524859100],2.56
[1758212544528520090],2.56
[1758212544532268111],2.56
[1758212544535930975],2.56
[1758212544539611496],2.56
[1758212544543302017],2.56
[1758212544546934517],2.56
[1758212544550605558],2.56
[1758212544554317642],2.56
[1758212544558046027],2.56
[1758212544561702798],2.56
[1758212544565381392],2.56
[1758212544569047485],2.56
[1758212544572719048],2.56
[1758212544576362433],2.56
[1758212544580068163],2.56
[1758212544583790402],2.56
[1758212544587456548],2.56
[1758212544591183163],2.56
[1758212544594897850],2.56
[1758212544598581548],2.56
[1758212544602248110],2.56
[1758212544605928579],2.56
[1758212544609608006],2.56
[1758212544613322277],2.56
[1758212544617279465],2.56
[1758212544621173944],2.56
[1758212544625310715],2.56
[1758212544629008527],2.56
[1758212544633565038],2.56
[1758212544637278892],2.56
[1758212544641109569],2.56
[1758212544644774985],2.56
[1758212544648433527],2.56
[1758212544652123006],2.56
[1758212544655785090],2.56
[1758212544659459465],2.56
[1758212544663112277],2.56
[1758212544666783267],2.56
[1758212544670426756],2.56
[1758212544674113788],2.56
[1758212544677743319],2.56
[1758212544681530871],2.56
[1758212544685263371],2.56
[1758212544688945558],2.56
[1758212544692648840],2.56
[1758212544696290038],2.56
[1758212544699957121],2.56
[1758212544703627954],2.56
[1758212544707263840],2.56
[1758212544710981183],2.56
[1758212544714721444],2.56
[1758212544718389517],2.56
[1758212544722420558],2.56
[1758212544726177746],2.56
[1758212544729844777],2.56
[1758212544733589308],2.56
[1758212544737285558],2.56
[1758212544741102538],2.56
[1758212544744783058],2.56
[1758212544748469569],2.56
[1758212544752187485],2.56
[1758212544755857902],2.56
[1758212544759507277],2.56
[1758212544763232433],2.56
[1758212544766964569],2.56
[1758212544770626704],2.56
[1758212544774306235],2.56
[1758212544777999829],2.56
[1758212544781738787],2.56
[1758212544785442642],2.56
[1758212544789106965],2.56
[1758212544792772225],2.56
[1758212544796427537],2.56
[1758212544800107850],2.56
[1758212544805313110],2.56
[1758212544810462954],2.56
[1758212544815587798],2.56
[1758212544820699985],2.56
[1758212544825807694],2.56
[1758212544831170142],2.56
[1758212544836378423],2.56
[1758212544841494985],2.56
[1758212544846677850],2.56
[1758212544851780194],2.56
[1758212544856880871],2.56
[1758212544862022746],2.56
[1758212544867137537],2.56
[1758212544872271756],2.56
[1758212544877397537],2.56
[1758212544882613423],2.56
[1758212544887785037],2.56
[1758212544892953996],2.56
[1758212544898047433],2.56
[1758212544903211131],2.56
[1758212544908381444],2.56
[1758212544913503840],2.56
[1758212544918627954],2.56
[1758212544923716912],2.56
[1758212544928813840],2.56
[1758212544935242017],2.56
[1758212544940572798],2.56
[1758212544946964985],2.56
[1758212544952258631],2.56
[1758212544957378006],2.56
[1758212544962553996],2.56
[1758212544967675194],2.56
[1758212544972842121],2.56
[1758212544977956027],2.56
[1758212544983190767],2.56
[1758212544988316392],2.56
[1758212544993535767],2.56
[1758212544998645610],2.56
[1758212545003912850],2.56
[1758212545009110037],2.56
[1758212545014238735],2.56
[1758212545019342798],2.56
[1758212545024501131],2.56
[1758212545029647954],2.56
[1758212545034988058],2.56
[1758212545040131079],2.56
[1758212545046676131],2.56
[1758212545052296392],2.56
[1758212545057426131],2.56
[1758212545062587069],2.56
[1758212545067700037],2.56
[1758212545072864829],2.56
[1758212545077983267],2.56
[1758212545083190767],2.56
[1758212545088326131],2.56
[1758212545095654829],2.56
[1758212545100768214],2.56
[1758212545105944048],2.56
[1758212545111039621],2.56
[1758212545116142589],2.56
[1758212545121234100],2.56
[1758212545126427069],2.56
[1758212545131646808],2.56
[1758212545136951079],2.56
[1758212545142091339],2.56
[1758212545147208735],2.56
[1758212545153530089],2.56
[1758212545160201600],2.56
[1758212545165413319],2.56
[1758212545170511287],2.56
[1758212545175665298],2.56
[1758212545180784152],2.56
[1758212545185963996],2.56
[1758212545191075194],2.56
[1758212545196213214],2.56
[1758212545201332121],2.56
[1758212545206556912],2.56
[1758212545211670871],2.56
[1758212545216793162],2.56
[1758212545221895923],2.56
[1758212545227008162],2.56
[1758212545232184464],2.56
[1758212545237426860],2.56
[1758212545243094360],2.56
[1758212545248279464],2.56
[1758212545253398527],2.56
[1758212545258555558],2.56
[1758212545265070141],2.56
[1758212545270349569],2.56
[1758212545275467329],2.56
[1758212545280583579],2.56
[1758212545285780454],2.56
[1758212545290922381],2.56
[1758212545296374933],2.56
[1758212545301949412],2.56
[1758212545307125662],2.56
[1758212545312395975],2.56
[1758212545317506600],2.56
[1758212545322741027],2.56
[1758212545327901496],2.56
[1758212545333129048],2.56
[1758212545338249152],2.56
[1758212545343383996],2.56
[1758212545348529100],2.56
[1758212545353768683],2.56
[1758212545358880402],2.56
[1758212545364056496],2.56
[1758212545369411548],2.56
[1758212545374515089],2.56
[1758212545379646079],2.56
[1758212545384837694],2.56
[1758212545389938475],2.56
[1758212545395106652],2.56
[1758212545400216652],2.56
[1758212545405367798],2.56
[1758212545410495089],2.56
[1758212545415644412],2.56
[1758212545420793319],2.56
[1758212545425894881],2.56
[1758212545431037433],2.56
[1758212545436236443],2.56
[1758212545441354673],2.56
[1758212545446503631],2.56
[1758212545451642850],2.56
[1758212545456731443],2.56
[1758212545461874673],2.56
[1758212545467048266],2.56
[1758212545472636183],2.56
[1758212545477977173],2.56
[1758212545483163318],2.56
[1758212545488285975],2.56
[1758212545493422068],2.56
[1758212545498599360],2.56
[1758212545503737798],2.56
[1758212545508860141],2.56
[1758212545514018475],2.56
[1758212545519220089],2.56
[1758212545524333527],2.56
[1758212545529461548],2.56
[1758212545534689829],2.56
[1758212545539814621],2.56
[1758212545544914881],2.56
[1758212545550070558],2.56
[1758212545555247537],2.56
[1758212545560424308],2.56
[1758212545565597746],2.56
[1758212545570769933],2.56
[1758212545576291808],2.56
[1758212545581577589],2.56
[1758212545586803318],2.56
[1758212545591906756],2.56
[1758212545597105298],2.56
[1758212545602310506],2.56
[1758212545607474568],2.56
[1758212545612674152],2.56
[1758212545617874152],2.56
[1758212545623078318],2.56
[1758212545628200506],2.56
[1758212545633455298],2.56
[1758212545638605975],2.56
[1758212545643750193],2.56
[1758212545648934985],2.56
[1758212545654609673],2.56
[1758212545659751600],2.56
[1758212545664907798],2.56
[1758212545670028839],2.56
[1758212545675169048],2.56
[1758212545680288787],2.56
[1758212545686644412],2.56
[1758212545693164256],2.56
[1758212545698418266],2.56
[1758212545703615245],2.56
[1758212545708751600],2.56
[1758212545713927329],2.56
[1758212545719034933],2.56
[1758212545724149100],2.56
[1758212545729266704],2.56
[1758212545734520350],2.56
[1758212545739723891],2.56
[1758212545744844308],2.56
[1758212545749946287],2.56
[1758212545755089464],2.56
[1758212545760191652],2.56
[1758212545765304256],2.56
[1758212545770442745],2.56
[1758212545775606704],2.56
[1758212545780764829],2.56
[1758212545785955193],2.56
[1758212545791055662],2.56
[1758212545796576027],2.56
[1758212545801789673],2.56
[1758212545806915298],2.56
[1758212545812061756],2.56
[1758212545819269725],2.56
[1758212545824586548],2.56
[1758212545829724256],2.56
[1758212545834955454],2.56
[1758212545840168423],2.56
[1758212545845341287],2.56
[1758212545850494204],2.56
[1758212545855649568],2.56
[1758212545860803162],2.56
[1758212545865928527],2.56
[1758212545871070922],2.56
[1758212545876210193],2.56
[1758212545881340818],2.56
[1758212545886692745],2.56
[1758212545891827433],2.56
[1758212545896972277],2.56
[1758212545902610558],2.56
[1758212545907918162],2.56
[1758212545913063579],2.56
[1758212545918166027],2.56
[1758212545923348527],2.56
[1758212545928563787],2.56
[1758212545933764152],2.56
[1758212545938869360],2.56
[1758212545944015558],2.56
[1758212545949261964],2.56
[1758212545954413058],2.56
[1758212545959515714],2.56
[1758212545964672745],2.56
[1758212545969820402],2.56
[1758212545974933943],2.56
[1758212545980032016],2.56
[1758212545985287120],2.56
[1758212545990430193],2.56
[1758212545995560245],2.56
[1758212546000651704],2.56
[1758212546006398058],2.56
[1758212546011664100],2.56
[1758212546016791287],2.56
[1758212546021913162],2.56
[1758212546027032693],2.56
[1758212546032230766],2.56
[1758212546037466860],2.56
[1758212546042718422],2.56
[1758212546047958266],2.56
[1758212546053196287],2.56
[1758212546058311339],2.56
[1758212546063433214],2.56
[1758212546068532172],2.56
[1758212546073647693],2.56
[1758212546078790037],2.56
[1758212546084032016],2.56
[1758212546089177902],2.56
[1758212546094298162],2.56
[1758212546099398162],2.56
[1758212546104505818],2.56
[1758212546109615402],2.56
[1758212546115300870],2.56
[1758212546120572954],2.56
[1758212546125740349],2.56
[1758212546130888787],2.56
[1758212546136105402],2.56
[1758212546141215610],2.56
[1758212546146327381],2.56
[1758212546151423735],2.56
[1758212546156620037],2.56
[1758212546161851183],2.56
[1758212546167001964],2.56
[1758212546172089829],2.56
[1758212546177196131],2.56
[1758212546182406235],2.56
[1758212546187628110],2.56
[1758212546192821547],2.56
[1758212546197953891],2.56
[1758212546203065662],2.56
[1758212546208163683],2.56
[1758212546213321079],2.56
[1758212546219094777],2.56
[1758212546224348943],2.56
[1758212546229461912],2.56
[1758212546234644568],2.56
[1758212546239813943],2.56
[1758212546244920193],2.56
[1758212546250012381],2.56
[1758212546255262745],2.56
[1758212546260483891],2.56
[1758212546269474568],2.56
[1758212546275746131],2.56
[1758212546281083943],2.56
[1758212546286280454],2.56
[1758212546291381131],2.56
[1758212546296499099],2.56
[1758212546301634412],2.56
[1758212546306792589],2.56
[1758212546311929204],2.56
[1758212546317336026],2.56
[1758212546322946235],2.56
[1758212546329588891],2.56
[1758212546336165349],2.56
[1758212546342622276],2.56
[1758212546347890870],2.56
[1758212546353012172],2.56
[1758212546358113162],2.56
[1758212546363239412],2.56
[1758212546368330089],2.56
[1758212546373446599],2.56
[1758212546378559672],2.56
[1758212546383773839],2.56
[1758212546388966495],2.56
[1758212546394073058],2.56
[1758212546399168006],2.56
[1758212546404275922],2.56
[1758212546409357954],2.56
[1758212546414497120],2.56
[1758212546419596860],2.56
[1758212546424752381],2.56
[1758212546431319360],2.56
[1758212546436661339],2.56
[1758212546441879204],2.56
[1758212546447043839],2.56
[1758212546452195037],2.56
[1758212546457352745],2.56
[1758212546462492849],2.56
[1758212546467568422],2.56
[1758212546472720506],2.56
[1758212546477913683],2.56
[1758212546483058891],2.56
[1758212546488126651],2.56
[1758212546493290766],2.56
[1758212546498352329],2.56
[1758212546503449881],2.56
[1758212546508536704],2.56
[1758212546513687172],2.56
[1758212546518779151],2.56
[1758212546523891495],2.56
[1758212546528977849],2.56
[1758212546534082797],2.56
[1758212546539610506],2.56
[1758212546544868891],2.56
[1758212546549963370],2.56
[1758212546555079828],2.56
[1758212546560170453],2.56
[1758212546565278162],2.56
[1758212546570367745],2.56
[1758212546575485818],2.56
[1758212546580588474],2.56
[1758212546585788266],2.56
[1758212546590927849],2.56
[1758212546596114256],2.56
[1758212546601192328],2.56
[1758212546606298006],2.56
[1758212546611450662],2.56
[1758212546616600714],2.56
[1758212546621700766],2.56
[1758212546626839933],2.56
[1758212546631963891],2.56
[1758212546637073318],2.56
[1758212546642857693],2.56
[1758212546648144620],2.56
[1758212546653262328],2.56
[1758212546658362537],2.56
[1758212546663485922],2.56
[1758212546668635766],2.56
[1758212546673747068],2.56
[1758212546678871703],2.56
[1758212546684022224],2.56
[1758212546689239256],2.56
[1758212546694427849],2.56
[1758212546702329256],2.56
[1758212546707871860],2.56
[1758212546713082901],2.56
[1758212546718221547],2.56
[1758212546723338422],2.56
[1758212546728432224],2.56
[1758212546733555037],2.56
[1758212546738701183],2.56
[1758212546744086860],2.56
[1758212546750523266],2.56
[1758212546755848162],2.56
[1758212546762325870],2.56
[1758212546768697745],2.56
[1758212546773938318],2.56
[1758212546779045558],2.56
[1758212546784171183],2.56
[1758212546789279203],2.56
[1758212546794492380],2.56
[1758212546799597797],2.56
[1758212546804696547],2.56
[1758212546809814099],2.56
[1758212546815052120],2.56
[1758212546820162849],2.56
[1758212546825289151],2.56
[1758212546830397693],2.56
[1758212546835501651],2.56
[1758212546840609568],2.56
[1758212546845808318],2.56
[1758212546850926026],2.56
[1758212546856068422],2.56
[1758212546861659412],2.56
[1758212546866784568],2.56
[1758212546871867380],2.56
[1758212546876985141],2.56
[1758212546882039412],2.56
[1758212546887131912],2.56
[1758212546892370766],2.56
[1758212546897615505],2.56
[1758212546902936703],2.56
[1758212546908067953],2.56
[1758212546913242485],2.56
[1758212546918342224],2.56
[1758212546923445922],2.56
[1758212546928550922],2.56
[1758212546933726495],2.56
[1758212546938828058],2.56
[1758212546944007901],2.56
[1758212546949152224],2.56
[1758212546954275974],2.56
[1758212546959363162],2.56
[1758212546964904360],2.56
[1758212546970110922],2.56
[1758212546975261078],2.56
[1758212546980353787],2.56
[1758212546985432745],2.56
[1758212546990541703],2.56
[1758212546995742641],2.56
[1758212547000868370],2.56
[1758212547006012953],2.56
[1758212547011160193],2.56
[1758212547016284568],2.56
[1758212547021376912],2.56
[1758212547026506182],2.56
[1758212547031634672],2.56
[1758212547036793735],2.56
[1758212547041889932],2.56
[1758212547047103839],2.56
[1758212547052357016],2.56
[1758212547057479985],2.56
[1758212547062751599],2.56
[1758212547068297849],2.56
[1758212547073520089],2.56
[1758212547078662797],2.56
[1758212547083770453],2.56
[1758212547088864724],2.56
[1758212547094044464],2.56
[1758212547099173370],2.56
[1758212547104310766],2.56
[1758212547109456651],2.56
[1758212547114716443],2.56
[1758212547119840141],2.56
[1758212547124992693],2.56
[1758212547130118995],2.56
[1758212547135277172],2.56
[1758212547140395453],2.56
[1758212547145637537],2.56
[1758212547150768318],2.56
[1758212547155904672],2.56
[1758212547161000557],2.56
[1758212547166151964],2.56
[1758212547171248630],2.56
[1758212547176749880],2.56
[1758212547181973578],2.56
[1758212547187123162],2.56
[1758212547192305818],2.56
[1758212547197491130],2.56
[1758212547202680089],2.56
[1758212547207780141],2.56
[1758212547213002068],2.56
[1758212547218114516],2.56
[1758212547223309151],2.56
[1758212547228446026],2.56
[1758212547233584359],2.56
[1758212547238669151],2.56
[1758212547243840193],2.56
[1758212547248934776],2.56
[1758212547254157328],2.56
[1758212547259247901],2.56
[1758212547264395193],2.56
[1758212547269513943],2.56
[1758212547274631130],2.56
[1758212547280353526],2.56
[1758212547285605505],2.56
[1758212547290725922],2.56
[1758212547295899932],2.56
[1758212547300994932],2.56
[1758212547306158787],2.56
[1758212547311287797],2.56
[1758212547318287849],2.56
[1758212547323489464],2.56
[1758212547328712849],2.56
[1758212547333873422],2.56
[1758212547338990818],2.56
[1758212547344205193],2.56
[1758212547349309776],2.56
[1758212547354459984],2.56
[1758212547359543474],2.56
[1758212547364678474],2.56
[1758212547369877016],2.56
[1758212547375020870],2.56
[1758212547380193630],2.56
[1758212547385342068],2.56
[1758212547391284932],2.56
[1758212547396519724],2.56
[1758212547401666599],2.56
[1758212547406794620],2.56
[1758212547411928839],2.56
[1758212547417096651],2.56
[1758212547422391339],2.56
[1758212547427553526],2.56
[1758212547432821443],2.56
[1758212547438004151],2.56
[1758212547443213422],2.56
[1758212547448349047],2.56
[1758212547453490870],2.56
[1758212547458591755],2.56
[1758212547463700870],2.56
[1758212547468797380],2.56
[1758212547473968109],2.56
[1758212547479112849],2.56
[1758212547484253161],2.56
[1758212547489359568],2.56
[1758212547494928839],2.56
[1758212547500168318],2.56
[1758212547505295505],2.56
[1758212547510400141],2.56
[1758212547515588109],2.56
[1758212547520688526],2.56
[1758212547525823630],2.56
[1758212547530972380],2.56
[1758212547536157693],2.56
[1758212547541364516],2.56
[1758212547546806234],2.56
[1758212547551988161],2.56
[1758212547557148734],2.56
[1758212547562311078],2.56
[1758212547567471703],2.56
[1758212547572649932],2.56
[1758212547577794828],2.56
[1758212547582995193],2.56
[1758212547588163578],2.56
[1758212547593453734],2.56
[1758212547598939880],2.56
[1758212547604161599],2.56
[1758212547609271443],2.56
[1758212547614406339],2.56
[1758212547619586443],2.56
[1758212547624702693],2.56
[1758212547629808109],2.56
[1758212547634992536],2.56
[1758212547640119828],2.56
[1758212547645381182],2.56
[1758212547650525922],2.56
[1758212547655680974],2.56
[1758212547660779359],2.56
[1758212547665929151],2.56
[1758212547671088422],2.56
[1758212547676193161],2.56
[1758212547681343213],2.56
[1758212547686474411],2.56
[1758212547691579932],2.56
[1758212547696765609],2.56
[1758212547701882172],2.56
[1758212547708426286],2.56
[1758212547713768109],2.56
[1758212547719181859],2.56
[1758212547724317172],2.56
[1758212547729415141],2.56
[1758212547734507276],2.56
[1758212547739601338],2.56
[1758212547744823057],2.56
[1758212547749939984],2.56
[1758212547755345141],2.56
[1758212547760535818],2.56
[1758212547765668578],2.56
[1758212547770763109],2.56
[1758212547775912224],2.56
[1758212547781025974],2.56
[1758212547786128786],2.56
[1758212547791271859],2.56
[1758212547796551859],2.56
[1758212547801718370],2.56
[1758212547806833526],2.56
[1758212547811940922],2.56
[1758212547817490713],2.56
[1758212547822692588],2.56
[1758212547829062328],2.56
[1758212547834289099],2.56
[1758212547839394828],2.56
[1758212547844555609],2.56
[1758212547849638995],2.56
[1758212547854793734],2.56
[1758212547859891338],2.56
[1758212547865030349],2.56
[1758212547870183370],2.56
[1758212547875403526],2.56
[1758212547880533526],2.56
[1758212547885609932],2.56
[1758212547890723161],2.56
[1758212547895933213],2.56
[1758212547901095557],2.56
[1758212547906179307],2.56
[1758212547911302797],2.56
[1758212547916457432],2.56
[1758212547921617380],2.56
[1758212547928280505],2.56
[1758212547933812484],2.56
[1758212547938930245],2.56
[1758212547944123890],2.56
[1758212547949241963],2.56
[1758212547954339880],2.56
[1758212547959433630],2.56
[1758212547964589047],2.56
[1758212547969717224],2.56
[1758212547974931547],2.56
[1758212547982038318],2.56
[1758212547987228161],2.56
[1758212547992390088],2.56
[1758212547997628474],2.56
[1758212548002832849],2.56
[1758212548007950297],2.56
[1758212548013177276],2.56
[1758212548018499151],2.56
[1758212548023613995],2.56
[1758212548028741547],2.56
[1758212548034284203],2.56
[1758212548039438526],2.56
[1758212548044620193],2.56
[1758212548049730818],2.56
[1758212548054979932],2.56
[1758212548060209463],2.56
[1758212548065301442],2.56
[1758212548070386286],2.56
[1758212548075512640],2.56
[1758212548080660609],2.56
[1758212548085775349],2.56
[1758212548090885453],2.56
[1758212548096138109],2.56
[1758212548101361234],2.56
[1758212548106474620],2.56
[1758212548111601755],2.56
[1758212548116781442],2.56
[1758212548121868942],2.56
[1758212548126949151],2.56
[1758212548132042015],2.56
[1758212548137740505],2.56
[1758212548143077432],2.56
[1758212548148254463],2.56
[1758212548153414515],2.56
[1758212548158541234],2.56
[1758212548163648422],2.56
[1758212548168727588],2.56
[1758212548173879151],2.56
[1758212548178989932],2.56
[1758212548184196807],2.56
[1758212548189336651],2.56
[1758212548194548474],2.56
[1758212548199725245],2.56
[1758212548204869203],2.56
[1758212548210010349],2.56
[1758212548215214724],2.56
[1758212548220369567],2.56
[1758212548225478682],2.56
[1758212548230567536],2.56
[1758212548235699411],2.56
[1758212548241358005],2.56
[1758212548246633370],2.56
[1758212548251751390],2.56
[1758212548256864567],2.56
[1758212548261949776],2.56
[1758212548267110870],2.56
[1758212548272317328],2.56
[1758212548277455401],2.56
[1758212548282628161],2.56
[1758212548287912640],2.56
[1758212548293140401],2.56
[1758212548298251234],2.56
[1758212548303372849],2.56
[1758212548308503734],2.56
[1758212548313639880],2.56
[1758212548318791755],2.56
[1758212548323964307],2.56
[1758212548329110036],2.56
[1758212548334239828],2.56
[1758212548339362224],2.56
[1758212548344580765],2.56
[1758212548350579776],2.56
[1758212548355812172],2.56
[1758212548361668369],2.56
[1758212548368248890],2.56
[1758212548373483422],2.56
[1758212548378580869],2.56
[1758212548383689984],2.56
[1758212548388772901],2.56
[1758212548393926703],2.56
[1758212548399022953],2.56
[1758212548404162328],2.56
[1758212548409271130],2.56
[1758212548414519203],2.56
[1758212548419635922],2.56
[1758212548424754724],2.56
[1758212548429842224],2.56
[1758212548434994880],2.56
[1758212548440103161],2.56
[1758212548445339203],2.56
[1758212548450475088],2.56
[1758212548455702015],2.56
[1758212548461151911],2.56
[1758212548466298005],2.56
[1758212548471452640],2.56
[1758212548476926494],2.56
[1758212548482016807],2.56
[1758212548487091651],2.56
[1758212548492301546],2.56
[1758212548498690869],2.56
[1758212548503940505],2.56
[1758212548509031130],2.56
[1758212548514185713],2.56
[1758212548519304411],2.56
[1758212548524393682],2.56
[1758212548529480713],2.56
[1758212548534607276],2.56
[1758212548539719880],2.56
[1758212548545056026],2.56
[1758212548550161026],2.56
[1758212548555310140],2.56
[1758212548560395661],2.56
[1758212548565531963],2.56
[1758212548571055296],2.56
[1758212548576222796],2.56
[1758212548581335088],2.56
[1758212548587888994],2.56
[1758212548594241442],2.56
[1758212548599467276],2.56
[1758212548604573474],2.56
[1758212548609708265],2.56
[1758212548614832328],2.56
[1758212548619939463],2.56
[1758212548625026963],2.56
[1758212548630114880],2.56
[1758212548635265349],2.56
[1758212548640449307],2.56
[1758212548645615140],2.56
[1758212548650709203],2.56
[1758212548655832640],2.56
[1758212548660932640],2.56
[1758212548666053578],2.56
[1758212548671181390],2.56
[1758212548676950088],2.56
[1758212548682067224],2.56
[1758212548687161599],2.56
[1758212548692431859],2.56
[1758212548697922432],2.56
[1758212548703011546],2.56
[1758212548708150192],2.56
[1758212548713284984],2.56
[1758212548720565921],2.56
[1758212548725885453],2.56
[1758212548731016338],2.56
[1758212548736139671],2.56
[1758212548741239776],2.56
[1758212548746399671],2.56
[1758212548751562276],2.56
[1758212548756735296],2.56
[1758212548761866755],2.56
[1758212548767129567],2.56
[1758212548772350296],2.56
[1758212548777485140],2.56
[1758212548782804723],2.56
[1758212548787900453],2.56
[1758212548793057067],2.56
[1758212548798225557],2.56
[1758212548804785713],2.56
[1758212548810026807],2.56
[1758212548815192067],2.56
[1758212548820388317],2.56
[1758212548826147692],2.56
[1758212548831258890],2.56
[1758212548836352901],2.56
[1758212548841452640],2.56
[1758212548846697380],2.56
[1758212548851790140],2.56
[1758212548856892848],2.56
[1758212548861990505],2.56
[1758212548867163369],2.56
[1758212548872488265],2.56
[1758212548877621390],2.56
[1758212548882800869],2.56
[1758212548888001651],2.56
[1758212548893200713],2.56
[1758212548898299932],2.56
[1758212548903428734],2.56
[1758212548908576442],2.56
[1758212548914687796],2.56
[1758212548919863786],2.56
[1758212548924971807],2.56
[1758212548930146546],2.56
[1758212548935313057],2.56
[1758212548940454619],2.56
[1758212548945650817],2.56
[1758212548950814046],2.56
[1758212548956049567],2.56
[1758212548961156078],2.56
[1758212548966298473],2.56
[1758212548971386338],2.56
[1758212548976497328],2.56
[1758212548981619880],2.56
[1758212548986726442],2.56
[1758212548991903161],2.56
[1758212548998668525],2.56
[1758212549005259828],2.56
[1758212549010482119],2.56
[1758212549015613213],2.56
[1758212549020859255],2.56
[1758212549025974567],2.56
[1758212549031050244],2.56
[1758212549036161546],2.56
[1758212549041263161],2.56
[1758212549046478734],2.56
[1758212549051672223],2.56
[1758212549056802380],2.56
[1758212549061900765],2.56
[1758212549067023265],2.56
[1758212549072184359],2.56
[1758212549077310348],2.56
[1758212549082533005],2.56
[1758212549087658369],2.56
[1758212549092863109],2.56
[1758212549098004567],2.56
[1758212549103128942],2.56
[1758212549108244828],2.56
[1758212549113510817],2.56
[1758212549118668578],2.56
[1758212549123807588],2.56
[1758212549129275296],2.56
[1758212549134417588],2.56
[1758212549139528369],2.56
[1758212549144745296],2.56
[1758212549149872275],2.56
[1758212549154966338],2.56
[1758212549160058682],2.56
[1758212549165290661],2.56
[1758212549170467171],2.56
[1758212549175664515],2.56
[1758212549180802067],2.56
[1758212549185963421],2.56
[1758212549191062327],2.56
[1758212549196254880],2.56
[1758212549201368421],2.56
[1758212549206540400],2.56
[1758212549211642952],2.56
[1758212549216849619],2.56
[1758212549223534567],2.56
[1758212549228801859],2.56
[1758212549235358109],2.56
[1758212549241685869],2.56
[1758212549246962171],2.56
[1758212549252068525],2.56
[1758212549257175452],2.56
[1758212549262340296],2.56
[1758212549267468213],2.56
[1758212549272590505],2.56
[1758212549277648317],2.56
[1758212549282833109],2.56
[1758212549288026859],2.56
[1758212549293203682],2.56
[1758212549298308682],2.56
[1758212549303417536],2.56
[1758212549308522536],2.56
[1758212549313626286],2.56
[1758212549318730869],2.56
[1758212549323869411],2.56
[1758212549329175817],2.56
[1758212549334600713],2.56
[1758212549339722952],2.56
[1758212549346101286],2.56
[1758212549351304880],2.56
[1758212549356405869],2.56
[1758212549361607484],2.56
[1758212549366762536],2.56
[1758212549371874202],2.56
[1758212549376975296],2.56
[1758212549382065296],2.56
[1758212549387249619],2.56
[1758212549392509411],2.56
[1758212549397669619],2.56
[1758212549402840400],2.56
[1758212549407997327],2.56
[1758212549413167327],2.56
[1758212549418332536],2.56
[1758212549423511077],2.56
[1758212549428604411],2.56
[1758212549433736494],2.56
[1758212549438845452],2.56
[1758212549444418629],2.56
[1758212549449598629],2.56
[1758212549455110244],2.56
[1758212549460229307],2.56
[1758212549465400609],2.56
[1758212549470520817],2.56
[1758212549475656182],2.56
[1758212549480759150],2.56
[1758212549486083213],2.56
[1758212549491197067],2.56
[1758212549496386807],2.56
[1758212549501487692],2.56
[1758212549506666182],2.56
[1758212549511744515],2.56
[1758212549516885088],2.56
[1758212549521996702],2.56
[1758212549527421442],2.56
[1758212549532650244],2.56
[1758212549537732223],2.56
[1758212549543000869],2.56
[1758212549548232171],2.56
[1758212549553791650],2.56
[1758212549558917796],2.56
[1758212549564310192],2.56
[1758212549571762848],2.56
[1758212549577067379],2.56
[1758212549582265452],2.56
[1758212549587359098],2.56
[1758212549593595973],2.56
[1758212549598899515],2.56
[1758212549603997275],2.56
[1758212549609118421],2.56
[1758212549614265036],2.56
[1758212549619417588],2.56
[1758212549624529515],2.56
[1758212549629652119],2.56
[1758212549634818056],2.56
[1758212549639926911],2.56
[1758212549645105088],2.56
[1758212549650206442],2.56
[1758212549655323213],2.56
[1758212549660857692],2.56
[1758212549666004411],2.56
[1758212549671431546],2.56
[1758212549676554515],2.56
[1758212549681650973],2.56
[1758212549686782588],2.56
[1758212549691890088],2.56
[1758212549697152692],2.56
[1758212549702449098],2.56
[1758212549707550348],2.56
[1758212549712815817],2.56
[1758212549717962900],2.56
[1758212549723093525],2.56
[1758212549728211129],2.56
[1758212549733354775],2.56
[1758212549738455296],2.56
[1758212549744095140],2.56
[1758212549749302431],2.56
[1758212549754476754],2.56
[1758212549759562067],2.56
[1758212549764720609],2.56
[1758212549770951963],2.56
[1758212549777498786],2.56
[1758212549782771286],2.56
[1758212549787867744],2.56
[1758212549793062900],2.56
[1758212549798163994],2.56
[1758212549803268942],2.56
[1758212549808354671],2.56
[1758212549813497744],2.56
[1758212549818638733],2.56
[1758212549823857744],2.56
[1758212549828955869],2.56
[1758212549834082223],2.56
[1758212549839185817],2.56
[1758212549844373786],2.56
[1758212549849473577],2.56
[1758212549854637483],2.56
[1758212549859757379],2.56
[1758212549864874411],2.56
[1758212549870011754],2.56
[1758212549875144463],2.56
[1758212549880823994],2.56
[1758212549886034202],2.56
[1758212549891134671],2.56
[1758212549896356494],2.56
[1758212549901432327],2.56
[1758212549906505765],2.56
[1758212549911661233],2.56
[1758212549916804306],2.56
[1758212549921874827],2.56
[1758212549927049983],2.56
[1758212549932201702],2.56
[1758212549937314202],2.56
[1758212549942817379],2.56
[1758212549948038161],2.56
[1758212549953151598],2.56
[1758212549958223942],2.56
[1758212549963351806],2.56
[1758212549968440036],2.56
[1758212549973530140],2.56
[1758212549978633681],2.56
[1758212549984255973],2.56
[1758212549989521025],2.56
[1758212549994791650],2.56
[1758212549999877952],2.56
[1758212550005010973],2.56
[1758212550010173421],2.56
[1758212550015350765],2.56
[1758212550020522744],2.56
[1758212550025683473],2.56
[1758212550030957952],2.56
[1758212550036134410],2.56
[1758212550041243317],2.56
[1758212550046436233],2.56
[1758212550051590400],2.56
[1758212550056707588],2.56
[1758212550061789931],2.56
[1758212550066931181],2.56
[1758212550072084827],2.56
[1758212550077211129],2.56
[1758212550082382275],2.56
[1758212550087509358],2.56
[1758212550094974983],2.56
[1758212550100465765],2.56
[1758212550105591129],2.56
[1758212550110678838],2.56
[1758212550115805192],2.56
[1758212550120939046],2.56
[1758212550126049775],2.56
[1758212550131140713],2.56
[1758212550136276129],2.56
[1758212550141430400],2.56
[1758212550146670765],2.56
[1758212550151770660],2.56
[1758212550156886702],2.56
[1758212550161965660],2.56
[1758212550167037431],2.56
[1758212550172182692],2.56
[1758212550177317431],2.56
[1758212550182444723],2.56
[1758212550187562015],2.56
[1758212550192764567],2.56
[1758212550198377535],2.56
[1758212550203557900],2.56
[1758212550208643890],2.56
[1758212550213762015],2.56
[1758212550218856650],2.56
[1758212550223985869],2.56
[1758212550229135400],2.56
[1758212550234301858],2.56
[1758212550239417119],2.56
[1758212550244682692],2.56
[1758212550249806962],2.56
[1758212550255236181],2.56
[1758212550260947640],2.56
[1758212550266076806],2.56
[1758212550271212744],2.56
[1758212550276352379],2.56
[1758212550281445140],2.56
[1758212550286522848],2.56
[1758212550291732952],2.56
[1758212550296953421],2.56
[1758212550304627223],2.56
[1758212550309786025],2.56
[1758212550314935244],2.56
[1758212550320040973],2.56
[1758212550325168160],2.56
[1758212550330261025],2.56
[1758212550335392848],2.56
[1758212550340520140],2.56
[1758212550345789046],2.56
[1758212550350927952],2.56
[1758212550356021025],2.56
[1758212550361113265],2.56
[1758212550366230712],2.56
[1758212550371380921],2.56
[1758212550376504671],2.56
[1758212550381607431],2.56
[1758212550386710504],2.56
[1758212550391842900],2.56
[1758212550397018785],2.56
[1758212550402212067],2.56
[1758212550407693785],2.56
[1758212550413002587],2.56
[1758212550418158160],2.56
[1758212550423328525],2.56
[1758212550428493473],2.56
[1758212550433584879],2.56
[1758212550438696025],2.56
[1758212550443889254],2.56
[1758212550449009254],2.56
[1758212550454201806],2.56
[1758212550459334098],2.56
[1758212550464438889],2.56
[1758212550469576702],2.56
[1758212550474671337],2.56
[1758212550479750087],2.56
[1758212550484880921],2.56
[1758212550489963994],2.56
[1758212550495113629],2.56
[1758212550500189983],2.56
[1758212550505397639],2.56
[1758212550510993264],2.56
[1758212550516258837],2.56
[1758212550521411077],2.56
[1758212550526586233],2.56
[1758212550531658004],2.56
[1758212550536772639],2.56
[1758212550541879931],2.56
[1758212550547113577],2.56
[1758212550552388942],2.56
[1758212550557934254],2.56
[1758212550563068525],2.56
[1758212550568162171],2.56
[1758212550573336806],2.56
[1758212550578430400],2.56
[1758212550583542119],2.56
[1758212550588717952],2.56
[1758212550593950244],2.56
[1758212550599221337],2.56
[1758212550604395192],2.56
[1758212550609498264],2.56
[1758212550614645608],2.56
[1758212550620195244],2.56
[1758212550625422483],2.56
[1758212550630580348],2.56
[1758212550635680921],2.56
[1758212550640828525],2.56
[1758212550646065400],2.56
[1758212550651166181],2.56
[1758212550656306077],2.56
[1758212550661433421],2.56
[1758212550666668994],2.56
[1758212550671762744],2.56
[1758212550676932744],2.56
[1758212550682012535],2.56
[1758212550687132066],2.56
[1758212550692359462],2.56
[1758212550697575400],2.56
[1758212550702729775],2.56
[1758212550707889723],2.56
[1758212550713015244],2.56
[1758212550718100296],2.56
[1758212550723603889],2.56
[1758212550728847848],2.56
[1758212550733990191],2.56
[1758212550739110504],2.56
[1758212550744425608],2.56
[1758212550749617275],2.56
[1758212550754707171],2.56
[1758212550759816389],2.56
[1758212550764954410],2.56
[1758212550770128056],2.56
[1758212550775281910],2.56
[1758212550780403837],2.56
[1758212550785582014],2.56
[1758212550790687327],2.56
[1758212550795866285],2.56
[1758212550800969358],2.56
[1758212550806139462],2.56
[1758212550811230348],2.56
[1758212550816327848],2.56
[1758212550821478889],2.56
[1758212550826664358],2.56
[1758212550834673525],2.56
[1758212550841278421],2.56
[1758212550847707171],2.56
[1758212550854129462],2.56
[1758212550859362691],2.56
[1758212550864482327],2.56
[1758212550869580139],2.56
[1758212550874715452],2.56
[1758212550879816441],2.56
[1758212550884929098],2.56
[1758212550890038785],2.56
[1758212550895426441],2.56
[1758212550900647743],2.56
[1758212550905763004],2.56
[1758212550910865348],2.56
[1758212550915999514],2.56
[1758212550921096858],2.56
[1758212550926218264],2.56
[1758212550931332848],2.56
[1758212550936491546],2.56
[1758212550942241546],2.56
[1758212550947435816],2.56
[1758212550952583108],2.56
[1758212550957657952],2.56
[1758212550962822379],2.56
[1758212550967957639],2.56
[1758212550973124879],2.56
[1758212550978221389],2.56
[1758212550983431441],2.56
[1758212550988541858],2.56
[1758212550993711493],2.56
[1758212550998812743],2.56
[1758212551003956962],2.56
[1758212551009101650],2.56
[1758212551014219827],2.56
[1758212551019317691],2.56
[1758212551024514254],2.56
[1758212551029707743],2.56
[1758212551034811285],2.56
[1758212551039913941],2.56
[1758212551045524410],2.56
[1758212551050756493],2.56
[1758212551055904514],2.56
[1758212551061000452],2.56
[1758212551066138629],2.56
[1758212551071259514],2.56
[1758212551076422014],2.56
[1758212551081529879],2.56
[1758212551086689254],2.56
[1758212551091893004],2.56
[1758212551097062796],2.56
[1758212551102225764],2.56
[1758212551107396389],2.56
[1758212551112603837],2.56
[1758212551117746545],2.56
[1758212551122945452],2.56
[1758212551128067379],2.56
[1758212551133145035],2.56
[1758212551138256962],2.56
[1758212551143476598],2.56
[1758212551149017170],2.56
[1758212551154266285],2.56
[1758212551159405139],2.56
[1758212551164565973],2.56
[1758212551169670973],2.56
[1758212551174813525],2.56
[1758212551179952118],2.56
[1758212551185070191],2.56
[1758212551190307431],2.56
[1758212551195573837],2.56
[1758212551200669410],2.56
[1758212551205799775],2.56
[1758212551210964358],2.56
[1758212551216094202],2.56
[1758212551221196025],2.56
[1758212551226335400],2.56
[1758212551231442327],2.56
[1758212551236576493],2.56
[1758212551241722483],2.56
[1758212551246911598],2.56
[1758212551252072275],2.56
[1758212551257627170],2.56
[1758212551262905087],2.56
[1758212551268031858],2.56
[1758212551273197223],2.56
[1758212551278337587],2.56
[1758212551283428264],2.56
[1758212551288596702],2.56
[1758212551293876233],2.56
[1758212551299008212],2.56
[1758212551304202848],2.56
[1758212551309328420],2.56
[1758212551314480400],2.56
[1758212551319581702],2.56
[1758212551324742483],2.56
[1758212551329854306],2.56
[1758212551334972170],2.56
[1758212551340168264],2.56
[1758212551345392535],2.56
[1758212551350478368],2.56
[1758212551355567431],2.56
[1758212551361070452],2.56
[1758212551366314670],2.56
[1758212551371422066],2.56
[1758212551376525972],2.56
[1758212551381713368],2.56
[1758212551386866025],2.56
[1758212551392001025],2.56
[1758212551397571129],2.56
[1758212551402864670],2.56
[1758212551409595035],2.56
[1758212551415987691],2.56
[1758212551421206858],2.56
[1758212551426311754],2.56
[1758212551431443420],2.56
[1758212551436568837],2.56
[1758212551441664931],2.56
[1758212551446839306],2.56
[1758212551452012275],2.56
[1758212551457212691],2.56
[1758212551462618837],2.56
[1758212551468829775],2.56
[1758212551475362691],2.56
[1758212551480666285],2.56
[1758212551485799983],2.56
[1758212551490925035],2.56
[1758212551496144566],2.56
[1758212551501227691],2.56
[1758212551506327431],2.56
[1758212551511413525],2.56
[1758212551516548837],2.56
[1758212551521721077],2.56
[1758212551526871493],2.56
[1758212551531982431],2.56
[1758212551537152952],2.56
[1758212551542386233],2.56
[1758212551547551597],2.56
[1758212551552723681],2.56
[1758212551557888212],2.56
[1758212551562991910],2.56
[1758212551568116337],2.56
[1758212551573248056],2.56
[1758212551578840868],2.56
[1758212551584102118],2.56
[1758212551589208993],2.56
[1758212551594414931],2.56
[1758212551599512274],2.56
[1758212551604668472],2.56
[1758212551609763056],2.56
[1758212551614914931],2.56
[1758212551620018681],2.56
[1758212551625203420],2.56
[1758212551630370399],2.56
[1758212551635594514],2.56
[1758212551640700399],2.56
[1758212551645970347],2.56
[1758212551651079149],2.56
[1758212551656191962],2.56
[1758212551661288785],2.56
[1758212551666446702],2.56
[1758212551671582899],2.56
[1758212551676713733],2.56
[1758212551681799931],2.56
[1758212551687327691],2.56
[1758212551692650035],2.56
[1758212551697793629],2.56
[1758212551702951910],2.56
[1758212551708061233],2.56
[1758212551713229254],2.56
[1758212551718359149],2.56
[1758212551723515452],2.56
[1758212551728685868],2.56
[1758212551733919462],2.56
[1758212551739023837],2.56
[1758212551744241441],2.56
[1758212551749341806],2.56
[1758212551754468524],2.56
[1758212551759568472],2.56
[1758212551764710660],2.56
[1758212551769793368],2.56
[1758212551774892847],2.56
[1758212551780013368],2.56
[1758212551785119670],2.56
[1758212551790664670],2.56
[1758212551795936181],2.56
[1758212551801035399],2.56
[1758212551806144879],2.56
[1758212551811304826],2.56
[1758212551816450139],2.56
[1758212551821578316],2.56
[1758212551826685399],2.56
[1758212551831844879],2.56
[1758212551837060035],2.56
[1758212551842232066],2.56
[1758212551847469722],2.56
[1758212551852663264],2.56
[1758212551857782118],2.56
[1758212551862965504],2.56
[1758212551868123368],2.56
[1758212551873270295],2.56
[1758212551878423993],2.56
[1758212551883532483],2.56
[1758212551888634931],2.56
[1758212551893802691],2.56
[1758212551899296441],2.56
[1758212551904539149],2.56
[1758212551909731337],2.56
[1758212551914919826],2.56
[1758212551920021701],2.56
[1758212551925134566],2.56
[1758212551930234306],2.56
[1758212551935351233],2.56
[1758212551940448733],2.56
[1758212551945750087],2.56
[1758212551950943108],2.56
[1758212551956065399],2.56
[1758212551961147535],2.56
[1758212551966296181],2.56
[1758212551971434201],2.56
[1758212551976591441],2.56
[1758212551981681181],2.56
[1758212551986784045],2.56
[1758212551991884878],2.56
[1758212551997166128],2.56
[1758212552003138837],2.56
[1758212552008361337],2.56
[1758212552039254306],2.56
[1758212552044054149],2.56
[1758212552048586962],2.56
[1758212552053150660],2.56
[1758212552057660556],2.56
[1758212552062243056],2.56
[1758212552066790139],2.56
[1758212552071338889],2.56
[1758212552075861806],2.56
[1758212552080380347],2.56
[1758212552085004149],2.56
[1758212552089558472],2.56
[1758212552094157170],2.56
[1758212552098772951],2.56
[1758212552103921024],2.56
[1758212552108536285],2.56
[1758212552113030712],2.56
[1758212552117507222],2.56
[1758212552122214931],2.56
[1758212552126858993],2.56
[1758212552132065347],2.56
[1758212552137228316],2.56
[1758212552142426181],2.56
[1758212552147970451],2.56
[1758212552153131285],2.56
[1758212552158246701],2.56
[1758212552163415816],2.56
[1758212552168560035],2.56
[1758212552173673264],2.56
[1758212552178784983],2.56
[1758212552183956076],2.56
[1758212552189075764],2.56
[1758212552194375139],2.56
[1758212552199498212],2.56
[1758212552204651910],2.56
[1758212552210279462],2.56
[1758212552217666962],2.56
[1758212552223266389],2.56
[1758212552228499878],2.56
[1758212552233655035],2.56
[1758212552238769149],2.56
[1758212552243951128],2.56
[1758212552249057118],2.56
[1758212552254176389],2.56
[1758212552259290295],2.56
[1758212552264495399],2.56
[1758212552269733733],2.56
[1758212552274867899],2.56
[1758212552279967743],2.56
[1758212552285064305],2.56
[1758212552290170660],2.56
[1758212552295389826],2.56
[1758212552300499670],2.56
[1758212552305640399],2.56
[1758212552310742951],2.56
[1758212552317416233],2.56
[1758212552324173889],2.56
[1758212552329420347],2.56
[1758212552334574253],2.56
[1758212552339716597],2.56
[1758212552346079358],2.56
[1758212552351296910],2.56
[1758212552356430035],2.56
[1758212552361639930],2.56
[1758212552366809826],2.56
[1758212552371902430],2.56
[1758212552376996805],2.56
[1758212552382076285],2.56
[1758212552387222899],2.56
[1758212552392458472],2.56
[1758212552397593160],2.56
[1758212552402795712],2.56
[1758212552407914358],2.56
[1758212552412988680],2.56
[1758212552418063524],2.56
[1758212552423697847],2.56
[1758212552428939045],2.56
[1758212552434048993],2.56
[1758212552439146232],2.56
[1758212552444349878],2.56
[1758212552449508003],2.56
[1758212552454612639],2.56
[1758212552459743055],2.56
[1758212552464899462],2.56
[1758212552470869878],2.56
[1758212552476028003],2.56
[1758212552481157951],2.56
[1758212552486305399],2.56
[1758212552491408993],2.56
[1758212552498149045],2.56
[1758212552503563107],2.56
[1758212552508668993],2.56
[1758212552513799618],2.56
[1758212552518910035],2.56
[1758212552523991076],2.56
[1758212552531341805],2.56
[1758212552537655555],2.56
[1758212552545590503],2.56
[1758212552551031285],2.56
[1758212552556174982],2.56
[1758212552561275399],2.56
[1758212552566412847],2.56
[1758212552571504774],2.56
[1758212552576603212],2.56
[1758212552581713732],2.56
[1758212552586862951],2.56
[1758212552591993472],2.56
[1758212552597271545],2.56
[1758212552602415347],2.56
[1758212552607514670],2.56
[1758212552612699410],2.56
[1758212552617845087],2.56
[1758212552622952951],2.56
[1758212552628084305],2.56
[1758212552633212326],2.56
[1758212552640001545],2.56
[1758212552645360712],2.56
[1758212552650578628],2.56
[1758212552655683003],2.56
[1758212552660774566],2.56
[1758212552665970868],2.56
[1758212552671058212],2.56
[1758212552676171857],2.56
[1758212552681236284],2.56
[1758212552686371962],2.56
[1758212552691623524],2.56
[1758212552696800503],2.56
[1758212552701887639],2.56
[1758212552707023837],2.56
[1758212552712173993],2.56
[1758212552717283212],2.56
[1758212552722479149],2.56
[1758212552727614357],2.56
[1758212552732769774],2.56
[1758212552737886857],2.56
[1758212552743202066],2.56
[1758212552748827326],2.56
[1758212552754036180],2.56
[1758212552759139253],2.56
[1758212552764269045],2.56
[1758212552769401649],2.56
[1758212552774526232],2.56
[1758212552779663576],2.56
[1758212552784801753],2.56
[1758212552789962066],2.56
[1758212552795227899],2.56
[1758212552800400034],2.56
[1758212552805596909],2.56
[1758212552810719462],2.56
[1758212552815873368],2.56
[1758212552821480243],2.56
[1758212552826614930],2.56
[1758212552831746232],2.56
[1758212552836919774],2.56
[1758212552842033576],2.56
[1758212552847205920],2.56
[1758212552853925868],2.56
[1758212552859182899],2.56
[1758212552864307170],2.56
[1758212552869417014],2.56
[1758212552874553107],2.56
[1758212552879652743],2.56
[1758212552884774670],2.56
[1758212552889900659],2.56
[1758212552895148211],2.56
[1758212552900359514],2.56
[1758212552905467326],2.56
[1758212552910622170],2.56
[1758212552915759930],2.56
[1758212552920952743],2.56
[1758212552926081857],2.56
[1758212552931177014],2.56
[1758212552936323420],2.56
[1758212552941427691],2.56
[1758212552946684201],2.56
[1758212552951782118],2.56
[1758212552958143107],2.56
[1758212552963485503],2.56
[1758212552969835086],2.56
[1758212552975100451],2.56
[1758212552980201389],2.56
[1758212552985335034],2.56
[1758212552990444878],2.56
[1758212552995602066],2.56
[1758212553000704045],2.56
[1758212553005854982],2.56
[1758212553010987274],2.56
[1758212553016196441],2.56
[1758212553021298628],2.56
[1758212553026411441],2.56
[1758212553031569566],2.56
[1758212553036732222],2.56
[1758212553041856909],2.56
[1758212553047102014],2.56
[1758212553052250086],2.56
[1758212553057441441],2.56
[1758212553062615139],2.56
[1758212553068243472],2.56
[1758212553073423003],2.56
[1758212553079858472],2.56
[1758212553085104670],2.56
[1758212553090223316],2.56
[1758212553095414357],2.56
[1758212553100513888],2.56
[1758212553105632951],2.56
[1758212553110739149],2.56
[1758212553115882222],2.56
[1758212553121020972],2.56
[1758212553126230138],2.56
[1758212553131371441],2.56
[1758212553136536180],2.56
[1758212553141694149],2.56
[1758212553146915399],2.56
[1758212553152014878],2.56
[1758212553157115711],2.56
[1758212553162309566],2.56
[1758212553167510972],2.56
[1758212553172712847],2.56
[1758212553178221024],2.56
[1758212553183365607],2.56
[1758212553189865711],2.56
[1758212553195144097],2.56
[1758212553200241388],2.56
[1758212553205348680],2.56
[1758212553210435034],2.56
[1758212553215570034],2.56
[1758212553220693420],2.56
[1758212553225838576],2.56
[1758212553231008524],2.56
[1758212553239931493],2.56
[1758212553246337638],2.56
[1758212553251590451],2.56
[1758212553256700659],2.56
[1758212553261798159],2.56
[1758212553266934982],2.56
[1758212553272034253],2.56
[1758212553277160816],2.56
[1758212553282336805],2.56
[1758212553287862066],2.56
[1758212553294409513],2.56
[1758212553299598732],2.56
[1758212553304821388],2.56
[1758212553309931284],2.56
[1758212553315068784],2.56
[1758212553320162013],2.56
[1758212553325279201],2.56
[1758212553330390451],2.56
[1758212553335590347],2.56
[1758212553340724097],2.56
[1758212553346028055],2.56
[1758212553351154045],2.56
[1758212553356311701],2.56
[1758212553361433055],2.56
[1758212553366622690],2.56
[1758212553371734357],2.56
[1758212553376870711],2.56
[1758212553381978107],2.56
[1758212553387124097],2.56
[1758212553392437534],2.56
[1758212553399203420],2.56
[1758212553404467378],2.56
[1758212553409581753],2.56
[1758212553414710347],2.56
[1758212553419808107],2.56
[1758212553424912065],2.56
[1758212553430025555],2.56
[1758212553435174149],2.56
[1758212553440368472],2.56
[1758212553445651753],2.56
[1758212553450806076],2.56
[1758212553455914618],2.56
[1758212553461010034],2.56
[1758212553466143107],2.56
[1758212553471277013],2.56
[1758212553476453003],2.56
[1758212553481566493],2.56
[1758212553486724618],2.56
[1758212553491832326],2.56
[1758212553497031076],2.56
[1758212553502685243],2.56
[1758212553507964722],2.56
[1758212553513110920],2.56
[1758212553518261857],2.56
[1758212553523435711],2.56
[1758212553528570242],2.56
[1758212553533682795],2.56
[1758212553538852742],2.56
[1758212553544084670],2.56
[1758212553549289149],2.56
[1758212553554427847],2.56
[1758212553559519409],2.56
[1758212553564692378],2.56
[1758212553569815763],2.56
[1758212553575051545],2.56
[1758212553580223211],2.56
[1758212553585376909],2.56
[1758212553590493628],2.56
[1758212553595708836],2.56
[1758212553600825867],2.56
[1758212553606373420],2.56
[1758212553611644878],2.56
[1758212553616834826],2.56
[1758212553621947742],2.56
[1758212553627092951],2.56
[1758212553632359461],2.56
[1758212553637519045],2.56
[1758212553642851128],2.56
[1758212553648025711],2.56
[1758212553653271597],2.56
[1758212553658389253],2.56
[1758212553663606857],2.56
[1758212553668722586],2.56
[1758212553673926440],2.56
[1758212553679046440],2.56
[1758212553684175242],2.56
[1758212553689279409],2.56
[1758212553694468836],2.56
[1758212553699600920],2.56
[1758212553704864149],2.56
[1758212553710389982],2.56
[1758212553715652847],2.56
[1758212553720777586],2.56
[1758212553725902690],2.56
[1758212553731052534],2.56
[1758212553736197951],2.56
[1758212553741372326],2.56
[1758212553746508836],2.56
[1758212553751667117],2.56
[1758212553756955607],2.56
[1758212553762071961],2.56
[1758212553767202794],2.56
[1758212553772384305],2.56
[1758212553777561128],2.56
[1758212553782751388],2.56
[1758212553787926961],2.56
[1758212553793097169],2.56
[1758212553798218367],2.56
[1758212553803431076],2.56
[1758212553808570555],2.56
[1758212553813672690],2.56
[1758212553819198940],2.56
[1758212553824491180],2.56
[1758212553829715034],2.56
[1758212553834870294],2.56
[1758212553839999253],2.56
[1758212553845169253],2.56
[1758212553850379565],2.56
[1758212553855649722],2.56
[1758212553860779722],2.56
[1758212553867919357],2.56
[1758212553873115867],2.56
[1758212553878282794],2.56
[1758212553883462117],2.56
[1758212553888576701],2.56
[1758212553893695815],2.56
[1758212553898809357],2.56
[1758212553904027951],2.56
[1758212553909251076],2.56
[1758212553914544513],2.56
[1758212553919719513],2.56
[1758212553925300659],2.56
[1758212553930541336],2.56
[1758212553935719461],2.56
[1758212553940839357],2.56
[1758212553945991961],2.56
[1758212553951148940],2.56
[1758212553957515190],2.56
[1758212553962861284],2.56
[1758212553967995242],2.56
[1758212553973205034],2.56
[1758212553978315659],2.56
[1758212553983438680],2.56
[1758212553988540399],2.56
[1758212553993666857],2.56
[1758212553998817742],2.56
[1758212554004123784],2.56
[1758212554009255399],2.56
[1758212554014408940],2.56
[1758212554019545086],2.56
[1758212554024679826],2.56
[1758212554030229513],2.56
[1758212554035464305],2.56
[1758212554040598732],2.56
[1758212554045729826],2.56
[1758212554050880659],2.56
[1758212554057214721],2.56
[1758212554062537638],2.56
[1758212554067662899],2.56
[1758212554072840086],2.56
[1758212554077937742],2.56
[1758212554083058419],2.56
[1758212554088157117],2.56
[1758212554093309044],2.56
[1758212554098517742],2.56
[1758212554103783367],2.56
[1758212554108903107],2.56
[1758212554114075346],2.56
[1758212554119188211],2.56
[1758212554124305919],2.56
[1758212554129448315],2.56
[1758212554135016492],2.56
[1758212554140254253],2.56
[1758212554145372846],2.56
[1758212554150483419],2.56
[1758212554155722742],2.56
[1758212554160813003],2.56
[1758212554165948003],2.56
[1758212554171073419],2.56
[1758212554176298836],2.56
[1758212554181553471],2.56
[1758212554186688836],2.56
[1758212554191806648],2.56
[1758212554196953992],2.56
[1758212554202128940],2.56
[1758212554207571753],2.56
[1758212554212798836],2.56
[1758212554217921648],2.56
[1758212554223087326],2.56
[1758212554228205971],2.56
[1758212554233360607],2.56
[1758212554238889253],2.56
[1758212554244115294],2.56
[1758212554249400086],2.56
[1758212554254851284],2.56
[1758212554259987430],2.56
[1758212554265116753],2.56
[1758212554270222169],2.56
[1758212554275406440],2.56
[1758212554280543680],2.56
[1758212554285726440],2.56
[1758212554290965242],2.56
[1758212554296210294],2.56
[1758212554301361336],2.56
[1758212554306581284],2.56
[1758212554311692169],2.56
[1758212554316905242],2.56
[1758212554322053367],2.56
[1758212554327195138],2.56
[1758212554332377117],2.56
[1758212554337666648],2.56
[1758212554342890346],2.56
[1758212554348407013],2.56
[1758212554355074201],2.56
[1758212554360321336],2.56
[1758212554365444513],2.56
[1758212554370546284],2.56
[1758212554375683836],2.56
[1758212554380785659],2.56
[1758212554385917065],2.56
[1758212554391014200],2.56
[1758212554396160398],2.56
[1758212554401406023],2.56
[1758212554406608367],2.56
[1758212554411712065],2.56
[1758212554416892690],2.56
[1758212554421982794],2.56
[1758212554427089461],2.56
[1758212554432284773],2.56
[1758212554437528263],2.56
[1758212554442710138],2.56
[1758212554447871961],2.56
[1758212554453485659],2.56
[1758212554458770815],2.56
[1758212554463958732],2.56
[1758212554469107846],2.56
[1758212554474245086],2.56
[1758212554479392065],2.56
[1758212554484562378],2.56
[1758212554489736232],2.56
[1758212554494905659],2.56
[1758212554500110138],2.56
[1758212554505302378],2.56
[1758212554510409773],2.56
[1758212554515580763],2.56
[1758212554520690242],2.56
[1758212554525798888],2.56
[1758212554533053367],2.56
[1758212554538229096],2.56
[1758212554543372065],2.56
[1758212554548535034],2.56
[1758212554553773419],2.56
[1758212554559958523],2.56
[1758212554566494565],2.56
[1758212554571754513],2.56
[1758212554576840086],2.56
[1758212554581938055],2.56
[1758212554587094513],2.56
[1758212554592252430],2.56
[1758212554597390659],2.56
[1758212554602676492],2.56
[1758212554607887273],2.56
[1758212554613103002],2.56
[1758212554618211857],2.56
[1758212554623330450],2.56
[1758212554628431648],2.56
[1758212554633537482],2.56
[1758212554638653836],2.56
[1758212554643791023],2.56
[1758212554648889617],2.56
[1758212554654106596],2.56
[1758212554659247013],2.56
[1758212554664406752],2.56
[1758212554670830398],2.56
[1758212554676158263],2.56
[1758212554682572846],2.56
[1758212554687784877],2.56
[1758212554692932377],2.56
[1758212554698040034],2.56
[1758212554703230242],2.56
[1758212554708334305],2.56
[1758212554713442534],2.56
[1758212554718568888],2.56
[1758212554723746336],2.56
[1758212554728930086],2.56
[1758212554734041075],2.56
[1758212554739148471],2.56
[1758212554744265607],2.56
[1758212554749377638],2.56
[1758212554754574825],2.56
[1758212554759752377],2.56
[1758212554764963888],2.56
[1758212554770072065],2.56
[1758212554775232534],2.56
[1758212554781885815],2.56
[1758212554787119721],2.56
[1758212554792259513],2.56
[1758212554797342377],2.56
[1758212554802655659],2.56
[1758212554807832690],2.56
[1758212554812954825],2.56
[1758212554818058680],2.56
[1758212554823201961],2.56
[1758212554828440086],2.56
[1758212554833581127],2.56
[1758212554838770502],2.56
[1758212554843900086],2.56
[1758212554848990971],2.56
[1758212554854209200],2.56
[1758212554859323836],2.56
[1758212554864452586],2.56
[1758212554869584877],2.56
[1758212554874694096],2.56
[1758212554879834200],2.56
[1758212554885329877],2.56
[1758212554890568836],2.56
[1758212554895662169],2.56
[1758212554900763888],2.56
[1758212554905943679],2.56
[1758212554911049096],2.56
[1758212554916230867],2.56
[1758212554921373002],2.56
[1758212554926570138],2.56
[1758212554931842169],2.56
[1758212554937034982],2.56
[1758212554942179617],2.56
[1758212554947297325],2.56
[1758212554952597742],2.56
[1758212554958013315],2.56
[1758212554963211648],2.56
[1758212554968369304],2.56
[1758212554973597013],2.56
[1758212554978700034],2.56
[1758212554983827169],2.56
[1758212554989259617],2.56
[1758212554994464044],2.56
[1758212554999661336],2.56
[1758212555004955867],2.56
[1758212555010102117],2.56
[1758212555015241648],2.56
[1758212555020345086],2.56
[1758212555025499252],2.56
[1758212555030620919],2.56
[1758212555035765919],2.56
[1758212555040948523],2.56
[1758212555046141023],2.56
[1758212555051293627],2.56
[1758212555056482950],2.56
[1758212555061623471],2.56
[1758212555066730294],2.56
[1758212555071823940],2.56
[1758212555076986596],2.56
[1758212555082183419],2.56
[1758212555087331440],2.56
[1758212555092503263],2.56
[1758212555099042221],2.56
[1758212555105491544],2.56
[1758212555110737898],2.56
[1758212555115865554],2.56
[1758212555120959356],2.56
[1758212555126061752],2.56
[1758212555131177690],2.56
[1758212555136315606],2.56
[1758212555141417325],2.56
[1758212555146554148],2.56
[1758212555151742742],2.56
[1758212555156934513],2.56
[1758212555162045815],2.56
[1758212555167181336],2.56
[1758212555172341804],2.56
[1758212555177455815],2.56
[1758212555182632221],2.56
[1758212555187753419],2.56
[1758212555192884044],2.56
[1758212555198239461],2.56
[1758212555203504565],2.56
[1758212555210056856],2.56
[1758212555215298575],2.56
[1758212555220419356],2.56
[1758212555225553002],2.56
[1758212555230661179],2.56
[1758212555235786440],2.56
[1758212555240918315],2.56
[1758212555246038159],2.56
[1758212555251195659],2.56
[1758212555256440086],2.56
[1758212555261585971],2.56
[1758212555266726804],2.56
[1758212555271834096],2.56
[1758212555276955138],2.56
[1758212555282105242],2.56
[1758212555287240138],2.56
[1758212555292371388],2.56
[1758212555297469304],2.56
[1758212555302833211],2.56
[1758212555307955815],2.56
[1758212555313476752],2.56
[1758212555318812690],2.56
[1758212555323957325],2.56
[1758212555329063263],2.56
[1758212555334203158],2.56
[1758212555339357950],2.56
[1758212555344459408],2.56
[1758212555349631544],2.56
[1758212555357377221],2.56
[1758212555362643419],2.56
[1758212555367753627],2.56
[1758212555372910294],2.56
[1758212555378007846],2.56
[1758212555383113627],2.56
[1758212555388242950],2.56
[1758212555393380971],2.56
[1758212555398654200],2.56
[1758212555403925919],2.56
[1758212555409060658],2.56
[1758212555414211440],2.56
[1758212555419762377],2.56
[1758212555424992586],2.56
[1758212555430097429],2.56
[1758212555435223263],2.56
[1758212555440367533],2.56
[1758212555445512950],2.56
[1758212555450610033],2.56
[1758212555455866231],2.56
[1758212555461061388],2.56
[1758212555466248783],2.56
[1758212555471343471],2.56
[1758212555476496544],2.56
[1758212555481618419],2.56
[1758212555486753367],2.56
[1758212555491857481],2.56
[1758212555496967221],2.56
[1758212555502073835],2.56
[1758212555507244200],2.56
[1758212555512401908],2.56
[1758212555517536127],2.56
[1758212555523127638],2.56
[1758212555528393106],2.56
[1758212555533549929],2.56
[1758212555538672013],2.56
[1758212555543838106],2.56
[1758212555548928523],2.56
[1758212555554078888],2.56
[1758212555559231283],2.56
[1758212555564411440],2.56
[1758212555569631544],2.56
[1758212555574741804],2.56
[1758212555579823575],2.56
[1758212555584957325],2.56
[1758212555590076179],2.56
[1758212555595153992],2.56
[1758212555600297481],2.56
[1758212555605513158],2.56
[1758212555610659356],2.56
[1758212555615814773],2.56
[1758212555620967846],2.56
[1758212555626460346],2.56
[1758212555631698992],2.56
[1758212555636825190],2.56
[1758212555641912325],2.56
[1758212555647035085],2.56
[1758212555652309669],2.56
[1758212555658622846],2.56
[1758212555663882846],2.56
[1758212555668986700],2.56
[1758212555674115554],2.56
[1758212555679211335],2.56
[1758212555684321335],2.56
[1758212555689417377],2.56
[1758212555694556908],2.56
[1758212555699877117],2.56
[1758212555705168158],2.56
[1758212555711649096],2.56
[1758212555718003523],2.56
[1758212555723252533],2.56
[1758212555728365606],2.56
[1758212555734559981],2.56
[1758212555741098731],2.56
[1758212555746400867],2.56
[1758212555751552846],2.56
[1758212555756722481],2.56
[1758212555761811283],2.56
[1758212555766930502],2.56
[1758212555772019252],2.56
[1758212555777116596],2.56
[1758212555782263210],2.56
[1758212555787474617],2.56
[1758212555792727794],2.56
[1758212555797869721],2.56
[1758212555803056804],2.56
[1758212555808160190],2.56
[1758212555813271387],2.56
[1758212555818363002],2.56
[1758212555823488731],2.56
[1758212555828571023],2.56
[1758212555833670137],2.56
[1758212555838764252],2.56
[1758212555844414825],2.56
[1758212555849633679],2.56
[1758212555854817429],2.56
[1758212555859913002],2.56
[1758212555865027533],2.56
[1758212555870109460],2.56
[1758212555875211856],2.56
[1758212555880341335],2.56
[1758212555885515606],2.56
[1758212555890707950],2.56
[1758212555895885450],2.56
[1758212555901042221],2.56
[1758212555906260450],2.56
[1758212555911348210],2.56
[1758212555916446492],2.56
[1758212555921587377],2.56
[1758212555926798783],2.56
[1758212555931972064],2.56
[1758212555937166387],2.56
[1758212555942308262],2.56
[1758212555947422950],2.56
[1758212555953195814],2.56
[1758212555958428054],2.56
[1758212555963615502],2.56
[1758212555968728002],2.56
[1758212555973845033],2.56
[1758212555978937585],2.56
[1758212555984045606],2.56
[1758212555989138471],2.56
[1758212555994353731],2.56
[1758212555999589877],2.56
[1758212556004777221],2.56
[1758212556009888158],2.56
[1758212556015001492],2.56
[1758212556020092064],2.56
[1758212556025196075],2.56
[1758212556030336492],2.56
[1758212556035511596],2.56
[1758212556040621908],2.56
[1758212556045761231],2.56
[1758212556050855867],2.56
[1758212556056431804],2.56
[1758212556061658054],2.56
[1758212556066810762],2.56
[1758212556071896596],2.56
[1758212556077032846],2.56
[1758212556082213523],2.56
[1758212556087341439],2.56
[1758212556094858054],2.56
[1758212556100044929],2.56
[1758212556105330814],2.56
[1758212556110420242],2.56
[1758212556115558523],2.56
[1758212556120686544],2.56
[1758212556125824981],2.56
[1758212556130961387],2.56
[1758212556136146283],2.56
[1758212556141227012],2.56
[1758212556146412116],2.56
[1758212556151565450],2.56
[1758212556156800346],2.56
[1758212556162238523],2.56
[1758212556167471544],2.56
[1758212556172769669],2.56
[1758212556177919825],2.56
[1758212556183034773],2.56
[1758212556188123627],2.56
[1758212556193254096],2.56
[1758212556198502637],2.56
[1758212556203769773],2.56
[1758212556208998158],2.56
[1758212556214118679],2.56
[1758212556219244721],2.56
[1758212556224361023],2.56
[1758212556229444564],2.56
[1758212556234562585],2.56
[1758212556239695085],2.56
[1758212556244817533],2.56
[1758212556249910450],2.56
[1758212556255119981],2.56
[1758212556260310137],2.56
[1758212556265440033],2.56
[1758212556270984408],2.56
[1758212556276226804],2.56
[1758212556281390450],2.56
[1758212556286526231],2.56
[1758212556291645866],2.56
[1758212556296755502],2.56
[1758212556301878575],2.56
[1758212556307089825],2.56
[1758212556312269721],2.56
[1758212556317502585],2.56
[1758212556322718939],2.56
[1758212556327849669],2.56
[1758212556332996127],2.56
[1758212556338119616],2.56
[1758212556343223783],2.56
[1758212556348404408],2.56
[1758212556353632950],2.56
[1758212556358737533],2.56
[1758212556363843158],2.56
[1758212556368973575],2.56
[1758212556374645189],2.56
[1758212556379876335],2.56
[1758212556384991075],2.56
[1758212556390072898],2.56
[1758212556395215137],2.56
[1758212556400338262],2.56
[1758212556405538054],2.56
[1758212556410623106],2.56
[1758212556415757793],2.56
[1758212556420964929],2.56
[1758212556426102377],2.56
[1758212556431189200],2.56
[1758212556436396491],2.56
[1758212556441557325],2.56
[1758212556446675137],2.56
[1758212556451781283],2.56
[1758212556457002637],2.56
[1758212556462104616],2.56
[1758212556467268054],2.56
[1758212556472474148],2.56
[1758212556477590658],2.56
[1758212556484073887],2.56
[1758212556489410189],2.56
[1758212556495826596],2.56
[1758212556501061335],2.56
[1758212556506250866],2.56
[1758212556511371596],2.56
[1758212556516517429],2.56
[1758212556521628575],2.56
[1758212556526761387],2.56
[1758212556531864564],2.56
[1758212556537020971],2.56
[1758212556542288523],2.56
[1758212556547423939],2.56
[1758212556552839721],2.56
[1758212556558025606],2.56
[1758212556563134825],2.56
[1758212556568230814],2.56
[1758212556573357481],2.56
[1758212556578520970],2.56
[1758212556583626908],2.56
[1758212556588759043],2.56
[1758212556594329304],2.56
[1758212556601005398],2.56
[1758212556606299512],2.56
[1758212556611406491],2.56
[1758212556616509043],2.56
[1758212556621594356],2.56
[1758212556626732325],2.56
[1758212556631830710],2.56
[1758212556636959877],2.56
[1758212556642080814],2.56
[1758212556647301439],2.56
[1758212556652551752],2.56
[1758212556657717012],2.56
[1758212556662923627],2.56
[1758212556668026648],2.56
[1758212556673121335],2.56
[1758212556678242220],2.56
[1758212556683387689],2.56
[1758212556688492064],2.56
[1758212556693629460],2.56
[1758212556698733470],2.56
[1758212556704367429],2.56
[1758212556709511075],2.56
[1758212556714620137],2.56
[1758212556719754408],2.56
[1758212556724870710],2.56
[1758212556730011439],2.56
[1758212556735143054],2.56
[1758212556740262481],2.56
[1758212556745412429],2.56
[1758212556752701179],2.56
[1758212556757908627],2.56
[1758212556763097116],2.56
[1758212556768220710],2.56
[1758212556773427481],2.56
[1758212556778552116],2.56
[1758212556783695293],2.56
[1758212556788859564],2.56
[1758212556794053991],2.56
[1758212556799199408],2.56
[1758212556804741700],2.56
[1758212556809959512],2.56
[1758212556815072220],2.56
[1758212556820171439],2.56
[1758212556825284772],2.56
[1758212556830404720],2.56
[1758212556835529095],2.56
[1758212556840643418],2.56
[1758212556845841439],2.56
[1758212556851053575],2.56
[1758212556856242012],2.56
[1758212556861344147],2.56
[1758212556866497950],2.56
[1758212556871593522],2.56
[1758212556876759408],2.56
[1758212556881854825],2.56
[1758212556886988887],2.56
[1758212556892066804],2.56
[1758212556897162272],2.56
[1758212556902375658],2.56
[1758212556907585970],2.56
[1758212556913126231],2.56
[1758212556918393522],2.56
[1758212556923557168],2.56
[1758212556928655658],2.56
[1758212556933811127],2.56
[1758212556938914356],2.56
[1758212556944057689],2.56
[1758212556949185450],2.56
[1758212556954385241],2.56
[1758212556959713366],2.56
[1758212556964884564],2.56
[1758212556970022481],2.56
[1758212556975239772],2.56
[1758212556980345710],2.56
[1758212556985452897],2.56
[1758212556990533366],2.56
[1758212556995672637],2.56
[1758212557000827429],2.56
[1758212557006070814],2.56
[1758212557011175658],2.56
[1758212557016691387],2.56
[1758212557021936960],2.56
[1758212557027061179],2.56
[1758212557032284043],2.56
[1758212557037459668],2.56
[1758212557042604720],2.56
[1758212557047746179],2.56
[1758212557053054772],2.56
[1758212557058200137],2.56
[1758212557063406804],2.56
[1758212557068541074],2.56
[1758212557073713679],2.56
[1758212557078804252],2.56
[1758212557083963158],2.56
[1758212557089107689],2.56
[1758212557094243835],2.56
[1758212557099370554],2.56
[1758212557104573158],2.56
[1758212557109716908],2.56
[1758212557114863314],2.56
[1758212557119949199],2.56
[1758212557125438887],2.56
[1758212557130673470],2.56
[1758212557135848679],2.56
[1758212557140983158],2.56
[1758212557146179356],2.56
[1758212557151330970],2.56
[1758212557156517481],2.56
[1758212557161629877],2.56
[1758212557166792272],2.56
[1758212557172029408],2.56
[1758212557177156387],2.56
[1758212557182343574],2.56
[1758212557187466699],2.56
[1758212557192653158],2.56
[1758212557197747845],2.56
[1758212557203030762],2.56
[1758212557208134460],2.56
[1758212557213289564],2.56
[1758212557218440866],2.56
[1758212557223600554],2.56
[1758212557229246856],2.56
[1758212557234511595],2.56
[1758212557239654929],2.56
[1758212557244755918],2.56
[1758212557249854981],2.56
[1758212557255036804],2.56
[1758212557260118262],2.56
[1758212557265208887],2.56
[1758212557270458366],2.56
[1758212557275719251],2.56
[1758212557282274043],2.56
[1758212557287587168],2.56
[1758212557292762429],2.56
[1758212557297886960],2.56
[1758212557303162845],2.56
[1758212557308304408],2.56
[1758212557313411283],2.56
[1758212557318530606],2.56
[1758212557323664564],2.56
[1758212557328827064],2.56
[1758212557334317064],2.56
[1758212557339543158],2.56
[1758212557344682741],2.56
[1758212557349791699],2.56
[1758212557355052272],2.56
[1758212557360187637],2.56
[1758212557365284460],2.56
[1758212557370408158],2.56
[1758212557375614095],2.56
[1758212557380816804],2.56
[1758212557385902689],2.56
[1758212557391019981],2.56
[1758212557396153314],2.56
[1758212557401255501],2.56
[1758212557406476074],2.56
[1758212557411612220],2.56
[1758212557416753783],2.56
[1758212557421837168],2.56
[1758212557426907793],2.56
[1758212557432020658],2.56
[1758212557437154929],2.56
[1758212557442801074],2.56
[1758212557448173001],2.56
[1758212557454684616],2.56
[1758212557459968053],2.56
[1758212557465090241],2.56
[1758212557470182376],2.56
[1758212557475307220],2.56
[1758212557480403522],2.56
[1758212557485512272],2.56
[1758212557490605970],2.56
[1758212557495759564],2.56
[1758212557500970762],2.56
[1758212557506198678],2.56
[1758212557511342376],2.56
[1758212557516503262],2.56
[1758212557521630501],2.56
[1758212557526726856],2.56
[1758212557531851908],2.56
[1758212557536990553],2.56
[1758212557542073731],2.56
[1758212557548728418],2.56
[1758212557554089668],2.56
[1758212557560456283],2.56
[1758212557565701647],2.56
[1758212557570793991],2.56
[1758212557575944095],2.56
[1758212557581021178],2.56
[1758212557586112689],2.56
[1758212557591204251],2.56
[1758212557596347689],2.56
[1758212557601460762],2.56
[1758212557606719147],2.56
[1758212557611795553],2.56
[1758212557616886543],2.56
[1758212557621984876],2.56
[1758212557627118366],2.56
[1758212557632293678],2.56
[1758212557637409668],2.56
[1758212557642701751],2.56
[1758212557647961908],2.56
[1758212557653170085],2.56
[1758212557658709876],2.56
[1758212557663876595],2.56
[1758212557670443887],2.56
[1758212557675664616],2.56
[1758212557680768887],2.56
[1758212557685924355],2.56
[1758212557691022116],2.56
[1758212557696099668],2.56
[1758212557701191595],2.56
[1758212557706369980],2.56
[1758212557711581335],2.56
[1758212557716862116],2.56
[1758212557721969824],2.56
[1758212557727059251],2.56
[1758212557732243314],2.56
[1758212557737423053],2.56
[1758212557742607272],2.56
[1758212557747758158],2.56
[1758212557753063314],2.56
[1758212557758187012],2.56
[1758212557763289876],2.56
[1758212557768744251],2.56
[1758212557773956491],2.56
[1758212557779450970],2.56
[1758212557784594147],2.56
[1758212557789797012],2.56
[1758212557794956283],2.56
[1758212557800060866],2.56
[1758212557805321751],2.56
[1758212557810610501],2.56
[1758212557815734095],2.56
[1758212557820828158],2.56
[1758212557825958887],2.56
[1758212557831086803],2.56
[1758212557836254147],2.56
[1758212557841388105],2.56
[1758212557846557793],2.56
[1758212557851780449],2.56
[1758212557857228418],2.56
[1758212557862423783],2.56
[1758212557867538939],2.56
[1758212557874006647],2.56
[1758212557879300605],2.56
[1758212557885683366],2.56
[1758212557890964355],2.56
[1758212557896108262],2.56
[1758212557901204460],2.56
[1758212557906408782],2.56
[1758212557911560085],2.56
[1758212557916690970],2.56
[1758212557921786022],2.56
[1758212557926942064],2.56
[1758212557932232168],2.56
[1758212557937381178],2.56
[1758212557942588991],2.56
[1758212557947672585],2.56
[1758212557953030241],2.56
[1758212557958179407],2.56
[1758212557963356074],2.56
[1758212557968527168],2.56
[1758212557973668991],2.56
[1758212557979202793],2.56
[1758212557984406647],2.56
[1758212557989509199],2.56
[1758212557995024355],2.56
[1758212558000170137],2.56
[1758212558005352532],2.56
[1758212558010489251],2.56
[1758212558015687116],2.56
[1758212558021057689],2.56
[1758212558026217637],2.56
[1758212558031322637],2.56
[1758212558036445397],2.56
[1758212558041646126],2.56
[1758212558046780918],2.56
[1758212558051929407],2.56
[1758212558057197168],2.56
[1758212558062490970],2.56
[1758212558070134199],2.56
[1758212558076081907],2.56
[1758212558081270866],2.56
[1758212558087117741],2.56
[1758212558092411074],2.56
[1758212558097551491],2.56
[1758212558103175709],2.56
[1758212558108309772],2.56
[1758212558113419824],2.56
[1758212558118570189],2.56
[1758212558123750137],2.56
[1758212558128889095],2.56
[1758212558134136491],2.56
[1758212558139239876],2.56
[1758212558144427220],2.56
[1758212558149539564],2.56
[1758212558154745605],2.56
[1758212558159879043],2.56
[1758212558165046543],2.56
[1758212558170163678],2.56
[1758212558175402532],2.56
[1758212558180513157],2.56
[1758212558185654407],2.56
[1758212558190763626],2.56
[1758212558196297793],2.56
[1758212558201442376],2.56
[1758212558206611751],2.56
[1758212558212049980],2.56
[1758212558217189303],2.56
[1758212558222348730],2.56
[1758212558227460657],2.56
[1758212558232694720],2.56
[1758212558238017897],2.56
[1758212558243200032],2.56
[1758212558248341543],2.56
[1758212558253558939],2.56
[1758212558258665241],2.56
[1758212558263761387],2.56
[1758212558268894928],2.56
[1758212558274070918],2.56
[1758212558279288626],2.56
[1758212558284549980],2.56
[1758212558289658001],2.56
[1758212558294796543],2.56
[1758212558299907428],2.56
[1758212558305481647],2.56
[1758212558310601387],2.56
[1758212558315759772],2.56
[1758212558322345605],2.56
[1758212558328750501],2.56
[1758212558334015293],2.56
[1758212558339139459],2.56
[1758212558344267636],2.56
[1758212558349367897],2.56
[1758212558354562584],2.56
[1758212558359724511],2.56
[1758212558364895397],2.56
[1758212558370016074],2.56
[1758212558375234251],2.56
[1758212558380363470],2.56
[1758212558385462949],2.56
[1758212558390540814],2.56
[1758212558395673157],2.56
[1758212558400822324],2.56
[1758212558406350761],2.56
[1758212558411460241],2.56
[1758212558416555136],2.56
[1758212558421649928],2.56
[1758212558426786907],2.56
[1758212558432331126],2.56
[1758212558437445293],2.56
[1758212558442697168],2.56
[1758212558448020657],2.56
[1758212558453214928],2.56
[1758212558458351751],2.56
[1758212558463504616],2.56
[1758212558468641959],2.56
[1758212558473769564],2.56
[1758212558478872220],2.56
[1758212558484074980],2.56
[1758212558489259199],2.56
[1758212558494480084],2.56
[1758212558499648939],2.56
[1758212558504901439],2.56
[1758212558510016230],2.56
[1758212558516507845],2.56
[1758212558521717324],2.56
[1758212558526826230],2.56
[1758212558531926907],2.56
[1758212558537048886],2.56
[1758212558544358470],2.56
[1758212558549606074],2.56
[1758212558554802688],2.56
[1758212558559902688],2.56
[1758212558565035241],2.56
[1758212558570118678],2.56
[1758212558575191022],2.56
[1758212558580281699],2.56
[1758212558585435136],2.56
[1758212558590524980],2.56
[1758212558595614043],2.56
[1758212558600720397],2.56
[1758212558605907480],2.56
[1758212558611023105],2.56
[1758212558616139459],2.56
[1758212558622820084],2.56
[1758212558628051022],2.56
[1758212558633159251],2.56
[1758212558638254407],2.56
[1758212558643384147],2.56
[1758212558650748209],2.56
[1758212558656244928],2.56
[1758212558661372636],2.56
[1758212558666488938],2.56
[1758212558671605449],2.56
[1758212558676732532],2.56
[1758212558681808366],2.56
[1758212558686915709],2.56
[1758212558692003991],2.56
[1758212558697153418],2.56
[1758212558702412480],2.56
[1758212558707575657],2.56
[1758212558712744095],2.56
[1758212558717893626],2.56
[1758212558723029303],2.56
[1758212558728552011],2.56
[1758212558733781491],2.56
[1758212558738925449],2.56
[1758212558744127272],2.56
[1758212558749242272],2.56
[1758212558754445032],2.56
[1758212558759739928],2.56
[1758212558764893782],2.56
[1758212558770065813],2.56
[1758212558775343261],2.56
[1758212558780482480],2.56
[1758212558785623313],2.56
[1758212558790714928],2.56
[1758212558795835657],2.56
[1758212558800923990],2.56
[1758212558806158313],2.56
[1758212558811285293],2.56
[1758212558816430397],2.56
[1758212558821577636],2.56
[1758212558826694251],2.56
[1758212558831791647],2.56
[1758212558837457376],2.56
[1758212558842687740],2.56
[1758212558847860084],2.56
[1758212558853113365],2.56
[1758212558858256178],2.56
[1758212558863372168],2.56
[1758212558868822636],2.56
[1758212558873967688],2.56
[1758212558879345188],2.56
[1758212558884503938],2.56
[1758212558889641959],2.56
[1758212558894765032],2.56
[1758212558899895188],2.56
[1758212558905067584],2.56
[1758212558910195397],2.56
[1758212558915342220],2.56
[1758212558920459668],2.56
[1758212558925706803],2.56
[1758212558930821386],2.56
[1758212558935956022],2.56
[1758212558941067324],2.56
[1758212558947908209],2.56
[1758212558953369772],2.56
[1758212558958503782],2.56
[1758212558963645813],2.56
[1758212558968763053],2.56
[1758212558975098313],2.56
[1758212558981582376],2.56
[1758212558986811699],2.56
[1758212558991899042],2.56
[1758212558996979355],2.56
[1758212559002087167],2.56
[1758212559007275501],2.56
[1758212559012403730],2.56
[1758212559017504615],2.56
[1758212559022702636],2.56
[1758212559027923313],2.56
[1758212559033024615],2.56
[1758212559038100345],2.56
[1758212559043238938],2.56
[1758212559048355709],2.56
[1758212559054806022],2.56
[1758212559059959407],2.56
[1758212559065051178],2.56
[1758212559070154407],2.56
[1758212559075299459],2.56
[1758212559080387584],2.56
[1758212559086915397],2.56
[1758212559092204928],2.56
[1758212559097321959],2.56
[1758212559102506542],2.56
[1758212559107682480],2.56
[1758212559112805449],2.56
[1758212559117925657],2.56
[1758212559123062428],2.56
[1758212559128161595],2.56
[1758212559133273730],2.56
[1758212559138371126],2.56
[1758212559143449563],2.56
[1758212559148538574],2.56
[1758212559157890084],2.56
[1758212559163274147],2.56
[1758212559168509876],2.56
[1758212559173631959],2.56
[1758212559178733365],2.56
[1758212559183870970],2.56
[1758212559188981438],2.56
[1758212559196256438],2.56
[1758212559201540449],2.56
[1758212559206705188],2.56
[1758212559211804459],2.56
[1758212559216929199],2.56
[1758212559222027324],2.56
[1758212559227098730],2.56
[1758212559232265813],2.56
[1758212559237401074],2.56
[1758212559242515761],2.56
[1758212559247582792],2.56
[1758212559252836803],2.56
[1758212559257960917],2.56
[1758212559263062844],2.56
[1758212559268535917],2.56
[1758212559273742844],2.56
[1758212559278846907],2.56
[1758212559284003417],2.56
[1758212559289127219],2.56
[1758212559294293522],2.56
[1758212559299390084],2.56
[1758212559304938730],2.56
[1758212559310170084],2.56
[1758212559315369042],2.56
[1758212559320470813],2.56
[1758212559325591126],2.56
[1758212559330737167],2.56
[1758212559335831230],2.56
[1758212559340964772],2.56
[1758212559346110397],2.56
[1758212559351222636],2.56
[1758212559356455761],2.56
[1758212559361567219],2.56
[1758212559366688522],2.56
[1758212559371875084],2.56
[1758212559377394824],2.56
[1758212559382559042],2.56
[1758212559387631386],2.56
[1758212559392796959],2.56
[1758212559397919251],2.56
[1758212559403096855],2.56
[1758212559408235553],2.56
[1758212559413703157],2.56
[1758212559418995605],2.56
[1758212559424118105],2.56
[1758212559429247896],2.56
[1758212559434385240],2.56
[1758212559439478782],2.56
[1758212559444587636],2.56
[1758212559449665813],2.56
[1758212559454891386],2.56
[1758212559460082011],2.56
[1758212559465258365],2.56
[1758212559470364719],2.56
[1758212559475543521],2.56
[1758212559480655969],2.56
[1758212559487156126],2.56
[1758212559492441178],2.56
[1758212559497533209],2.56
[1758212559502746334],2.56
[1758212559507879719],2.56
[1758212559512975657],2.56
[1758212559518064199],2.56
[1758212559523339771],2.56
[1758212559528541907],2.56
[1758212559533790605],2.56
[1758212559538866386],2.56
[1758212559544002532],2.56
[1758212559549171282],2.56
[1758212559554348105],2.56
[1758212559559461594],2.56
[1758212559564635553],2.56
[1758212559569787636],2.56
[1758212559574904042],2.56
[1758212559580008626],2.56
[1758212559585145813],2.56
[1758212559590314146],2.56
[1758212559596918313],2.56
[1758212559602207011],2.56
[1758212559607384876],2.56
[1758212559612540396],2.56
[1758212559617658365],2.56
[1758212559622786490],2.56
[1758212559627906178],2.56
[1758212559633347063],2.56
[1758212559638498469],2.56
[1758212559643684823],2.56
[1758212559648786855],2.56
[1758212559654026334],2.56
[1758212559659166907],2.56
[1758212559664399876],2.56
[1758212559669501021],2.56
[1758212559674631698],2.56
[1758212559679777271],2.56
[1758212559684955969],2.56
[1758212559690086646],2.56
[1758212559695312948],2.56
[1758212559700455188],2.56
[1758212559705985709],2.56
[1758212559711113938],2.56
[1758212559716257584],2.56
[1758212559721405240],2.56
[1758212559726525553],2.56
[1758212559731689042],2.56
[1758212559736789094],2.56
[1758212559741903261],2.56
[1758212559747426855],2.56
[1758212559752738365],2.56
[1758212559757905448],2.56
[1758212559763096021],2.56
[1758212559768245344],2.56
[1758212559773355709],2.56
[1758212559778438313],2.56
[1758212559783585501],2.56
[1758212559788739823],2.56
[1758212559793910448],2.56
[1758212559799045292],2.56
[1758212559804256959],2.56
[1758212559809395813],2.56
[1758212559814945605],2.56
[1758212559820067844],2.56
[1758212559826968834],2.56
[1758212559832394563],2.56
[1758212559837575605],2.56
[1758212559842728001],2.56
[1758212559847856126],2.56
[1758212559854245969],2.56
[1758212559860683417],2.56
[1758212559865871907],2.56
[1758212559870969355],2.56
[1758212559876107844],2.56
[1758212559881178313],2.56
[1758212559886259094],2.56
[1758212559891361073],2.56
[1758212559896515344],2.56
[1758212559901653417],2.56
[1758212559906887428],2.56
[1758212559911990761],2.56
[1758212559917117844],2.56
[1758212559923745188],2.56
[1758212559928946282],2.56
[1758212559934047375],2.56
[1758212559939144146],2.56
[1758212559944287792],2.56
[1758212559949390448],2.56
[1758212559954536542],2.56
[1758212559959639980],2.56
[1758212559964802011],2.56
[1758212559971338573],2.56
[1758212559976591125],2.56
[1758212559981670032],2.56
[1758212559986739146],2.56
[1758212559991825344],2.56
[1758212559996957271],2.56
[1758212560002056803],2.56
[1758212560007218313],2.56
[1758212560012473105],2.56
[1758212560017943469],2.56
[1758212560023205917],2.56
[1758212560029625969],2.56
[1758212560034865084],2.56
[1758212560039968625],2.56
[1758212560045090553],2.56
[1758212560050196282],2.56
[1758212560055386646],2.56
[1758212560060529771],2.56
[1758212560065667375],2.56
[1758212560070787115],2.56
[1758212560076387636],2.56
[1758212560081566125],2.56
[1758212560086690448],2.56
[1758212560091790917],2.56
[1758212560096917011],2.56
[1758212560102060084],2.56
[1758212560107243730],2.56
[1758212560112474459],2.56
[1758212560117726802],2.56
[1758212560122934146],2.56
[1758212560128037011],2.56
[1758212560133166959],2.56
[1758212560138645969],2.56
[1758212560143777375],2.56
[1758212560148970032],2.56
[1758212560154165136],2.56
[1758212560159306542],2.56
[1758212560164397792],2.56
[1758212560169487115],2.56
[1758212560174679719],2.56
[1758212560179943677],2.56
[1758212560185558730],2.56
[1758212560190722584],2.56
[1758212560197284771],2.56
[1758212560203616334],2.56
[1758212560208863677],2.56
[1758212560214000344],2.56
[1758212560219113730],2.56
[1758212560224246959],2.56
[1758212560229345500],2.56
[1758212560234462480],2.56
[1758212560239579250],2.56
[1758212560245027480],2.56
[1758212560250264823],2.56
[1758212560255501021],2.56
[1758212560260627688],2.56
[1758212560265760032],2.56
[1758212560270877115],2.56
[1758212560276075761],2.56
[1758212560281182011],2.56
[1758212560286373834],2.56
[1758212560291929042],2.56
[1758212560297079719],2.56
[1758212560302314719],2.56
[1758212560307507844],2.56
[1758212560313852479],2.56
[1758212560319117636],2.56
[1758212560324251646],2.56
[1758212560329349198],2.56
[1758212560334496177],2.56
[1758212560339586021],2.56
[1758212560344686229],2.56
[1758212560349793573],2.56
[1758212560355346021],2.56
[1758212560360550084],2.56
[1758212560365647427],2.56
[1758212560370736282],2.56
[1758212560375945344],2.56
[1758212560381055865],2.56
[1758212560386137948],2.56
[1758212560391256750],2.56
[1758212560396472740],2.56
[1758212560402051177],2.56
[1758212560407232271],2.56
[1758212560412467375],2.56
[1758212560417671802],2.56
[1758212560422844823],2.56
[1758212560427954511],2.56
[1758212560433116386],2.56
[1758212560438240709],2.56
[1758212560443501125],2.56
[1758212560448620344],2.56
[1758212560453769563],2.56
[1758212560458905344],2.56
[1758212560464469302],2.56
[1758212560469579719],2.56
[1758212560474687844],2.56
[1758212560479797323],2.56
[1758212560484895292],2.56
[1758212560489965813],2.56
[1758212560495131073],2.56
[1758212560500256438],2.56
[1758212560505588729],2.56
[1758212560511195917],2.56
[1758212560516382636],2.56
[1758212560521497792],2.56
[1758212560526627792],2.56
[1758212560531723521],2.56
[1758212560536838781],2.56
[1758212560541942792],2.56
[1758212560547130396],2.56
[1758212560552485604],2.56
[1758212560558003990],2.56
[1758212560563158000],2.56
[1758212560568271750],2.56
[1758212560573672792],2.56
[1758212560578780865],2.56
[1758212560583899511],2.56
[1758212560588991698],2.56
[1758212560594127636],2.56
[1758212560599355761],2.56
[1758212560604623573],2.56
[1758212560609747948],2.56
[1758212560614877531],2.56
[1758212560620354979],2.56
[1758212560625486021],2.56
[1758212560630581906],2.56
[1758212560635726698],2.56
[1758212560640959563],2.56
[1758212560646209406],2.56
[1758212560651352792],2.56
[1758212560656556959],2.56
[1758212560663903365],2.56
[1758212560670326386],2.56
[1758212560676833469],2.56
[1758212560682077844],2.56
[1758212560687185865],2.56
[1758212560692332167],2.56
[1758212560697443729],2.56
[1758212560702603052],2.56
[1758212560707687427],2.56
[1758212560712856698],2.56
[1758212560717972375],2.56
[1758212560723182375],2.56
[1758212560728628521],2.56
[1758212560733754719],2.56
[1758212560738852219],2.56
[1758212560743969302],2.56
[1758212560749118625],2.56
[1758212560754310344],2.56
[1758212560759499250],2.56
[1758212560764672583],2.56
[1758212560769815500],2.56
[1758212560775053156],2.56
[1758212560780157167],2.56
[1758212560785665448],2.56
[1758212560790781125],2.56
[1758212560795922792],2.56
[1758212560801058833],2.56
[1758212560806311333],2.56
[1758212560811432531],2.56
[1758212560816530708],2.56
[1758212560821666333],2.56
[1758212560826880396],2.56
[1758212560832028521],2.56
[1758212560837536386],2.56
[1758212560842799719],2.56
[1758212560847920396],2.56
[1758212560853112271],2.56
[1758212560858231958],2.56
[1758212560863390761],2.56
[1758212560868564719],2.56
[1758212560873716646],2.56
[1758212560878923156],2.56
[1758212560884085292],2.56
[1758212560889202896],2.56
[1758212560895768208],2.56
[1758212560901008000],2.56
[1758212560906199250],2.56
[1758212560911294302],2.56
[1758212560916424771],2.56
[1758212560921552896],2.56
[1758212560926688365],2.56
[1758212560931786386],2.56
[1758212560936942740],2.56
[1758212560942203000],2.56
[1758212560947783313],2.56
[1758212560953000552],2.56
[1758212560958138677],2.56
[1758212560963279094],2.56
[1758212560968432219],2.56
[1758212560973618000],2.56
[1758212560978723573],2.56
[1758212560983861906],2.56
[1758212560989155656],2.56
[1758212560994305552],2.56
[1758212560999448781],2.56
[1758212561004983677],2.56
[1758212561010098625],2.56
[1758212561015217115],2.56
[1758212561020318938],2.56
[1758212561025508938],2.56
[1758212561030792844],2.56
[1758212561036018990],2.56
[1758212561041133729],2.56
[1758212561046294875],2.56
[1758212561051407063],2.56
[1758212561057951229],2.56
[1758212561063170188],2.56
[1758212561068252063],2.56
[1758212561073395500],2.56
[1758212561078512063],2.56
[1758212561083596229],2.56
[1758212561088672688],2.56
[1758212561093784719],2.56
[1758212561098900969],2.56
[1758212561104249250],2.56
[1758212561109366854],2.56
[1758212561114833885],2.56
[1758212561119937115],2.56
[1758212561125046542],2.56
[1758212561130185917],2.56
[1758212561135326698],2.56
[1758212561140408781],2.56
[1758212561145502271],2.56
[1758212561150609198],2.56
[1758212561155864667],2.56
[1758212561161113156],2.56
[1758212561167709094],2.56
[1758212561174092323],2.56
[1758212561179333937],2.56
[1758212561184455187],2.56
[1758212561189556750],2.56
[1758212561194670969],2.56
[1758212561199757531],2.56
[1758212561204911437],2.56
[1758212561210008833],2.56
[1758212561215204146],2.56
[1758212561220734823],2.56
[1758212561225884927],2.56
[1758212561231018677],2.56
[1758212561236143729],2.56
[1758212561241208469],2.56
[1758212561246280865],2.56
[1758212561251432635],2.56
[1758212561256697635],2.56
[1758212561261861646],2.56
[1758212561267140708],2.56
[1758212561272698104],2.56
[1758212561277861385],2.56
[1758212561283037375],2.56
[1758212561288146698],2.56
[1758212561293285917],2.56
[1758212561298391854],2.56
[1758212561303626021],2.56
[1758212561308779927],2.56
[1758212561313949615],2.56
[1758212561319170760],2.56
[1758212561324311125],2.56
[1758212561329807531],2.56
[1758212561334971698],2.56
[1758212561340072427],2.56
[1758212561345193990],2.56
[1758212561350323990],2.56
[1758212561355546281],2.56
[1758212561360691021],2.56
[1758212561365807531],2.56
[1758212561371038417],2.56
[1758212561376297167],2.56
[1758212561382911229],2.56
[1758212561388147844],2.56
[1758212561393228000],2.56
[1758212561398303364],2.56
[1758212561403498156],2.56
[1758212561408592948],2.56
[1758212561413672635],2.56
[1758212561418748989],2.56
[1758212561423907271],2.56
[1758212561429131958],2.56
[1758212561465257167],2.56
[1758212561469872531],2.56
[1758212561474369562],2.56
[1758212561478853417],2.56
[1758212561483431750],2.56
[1758212561487962323],2.56
[1758212561492499042],2.56
[1758212561496973781],2.56
[1758212561501471646],2.56
[1758212561506100239],2.56
[1758212561510691594],2.56
[1758212561515265239],2.56
[1758212561519825031],2.56
[1758212561524402948],2.56
[1758212561528919302],2.56
[1758212561533449250],2.56
[1758212561537971073],2.56
[1758212561542520187],2.56
[1758212561547052948],2.56
[1758212561551575187],2.56
[1758212561556156594],2.56
[1758212561560772271],2.56
[1758212561565950239],2.56
[1758212561571665292],2.56
[1758212561576774146],2.56
[1758212561581911385],2.56
[1758212561587106958],2.56
[1758212561592350708],2.56
[1758212561597503260],2.56
[1758212561602755239],2.56
[1758212561607901750],2.56
[1758212561613071698],2.56
[1758212561618295448],2.56
[1758212561623392375],2.56
[1758212561628552948],2.56
[1758212561633706854],2.56
[1758212561638811229],2.56
[1758212561643895187],2.56
[1758212561649021906],2.56
[1758212561654219198],2.56
[1758212561659325083],2.56
[1758212561664497271],2.56
[1758212561669641437],2.56
[1758212561676075187],2.56
[1758212561681398521],2.56
[1758212561687788833],2.56
[1758212561694177062],2.56
[1758212561699409458],2.56
[1758212561704646750],2.56
[1758212561709750344],2.56
[1758212561714889198],2.56
[1758212561719991437],2.56
[1758212561725100916],2.56
[1758212561730201541],2.56
[1758212561735362166],2.56
[1758212561740543156],2.56
[1758212561745677687],2.56
[1758212561750782114],2.56
[1758212561755983625],2.56
[1758212561761122427],2.56
[1758212561766238677],2.56
[1758212561771354614],2.56
[1758212561776524510],2.56
[1758212561781635708],2.56
[1758212561788310448],2.56
[1758212561793514302],2.56
[1758212561798601698],2.56
[1758212561803786333],2.56
[1758212561808879719],2.56
[1758212561813961802],2.56
[1758212561819062791],2.56
[1758212561824247114],2.56
[1758212561829385812],2.56
[1758212561834575812],2.56
[1758212561839706489],2.56
[1758212561844879875],2.56
[1758212561850002948],2.56
[1758212561855202427],2.56
[1758212561860355500],2.56
[1758212561865611750],2.56
[1758212561870731281],2.56
[1758212561875917062],2.56
[1758212561881029406],2.56
[1758212561886199458],2.56
[1758212561891732687],2.56
[1758212561896966281],2.56
[1758212561902083781],2.56
[1758212561907304979],2.56
[1758212561912521229],2.56
[1758212561917643260],2.56
[1758212561922801958],2.56
[1758212561927965604],2.56
[1758212561933217479],2.56
[1758212561938519875],2.56
[1758212561943693625],2.56
[1758212561948840083],2.56
[1758212561954028000],2.56
[1758212561959134614],2.56
[1758212561964298312],2.56
[1758212561969421333],2.56
[1758212561974548521],2.56
[1758212561979668989],2.56
[1758212561984841802],2.56
[1758212561989958000],2.56
[1758212561995434406],2.56
[1758212562000664198],2.56
[1758212562005872323],2.56
[1758212562011024718],2.56
[1758212562016201489],2.56
[1758212562021305812],2.56
[1758212562026439927],2.56
[1758212562031541073],2.56
[1758212562036680968],2.56
[1758212562041871020],2.56
[1758212562047025448],2.56
[1758212562052212635],2.56
[1758212562057436020],2.56
[1758212562062653052],2.56
[1758212562067984041],2.56
[1758212562073329458],2.56
[1758212562079705760],2.56
[1758212562084874718],2.56
[1758212562089963677],2.56
[1758212562095064562],2.56
[1758212562100586906],2.56
[1758212562106272010],2.56
[1758212562113018573],2.56
[1758212562118272843],2.56
[1758212562123364979],2.56
[1758212562128447166],2.56
[1758212562133583885],2.56
[1758212562138694823],2.56
[1758212562143773468],2.56
[1758212562148862895],2.56
[1758212562154132062],2.56
[1758212562159322270],2.56
[1758212562164497479],2.56
[1758212562169631489],2.56
[1758212562174767948],2.56
[1758212562179886802],2.56
[1758212562184967375],2.56
[1758212562190063520],2.56
[1758212562195194145],2.56
[1758212562200455656],2.56
[1758212562205625083],2.56
[1758212562211409458],2.56
[1758212562217958573],2.56
[1758212562223165864],2.56
[1758212562228236958],2.56
[1758212562233351437],2.56
[1758212562238445864],2.56
[1758212562243548104],2.56
[1758212562248683000],2.56
[1758212562253890864],2.56
[1758212562259024406],2.56
[1758212562264217687],2.56
[1758212562271597635],2.56
[1758212562277235395],2.56
[1758212562282431593],2.56
[1758212562287528416],2.56
[1758212562292680291],2.56
[1758212562297746906],2.56
[1758212562303106906],2.56
[1758212562308225395],2.56
[1758212562313425395],2.56
[1758212562319525500],2.56
[1758212562324622687],2.56
[1758212562329746854],2.56
[1758212562334872375],2.56
[1758212562339957114],2.56
[1758212562345094979],2.56
[1758212562350206281],2.56
[1758212562355467583],2.56
[1758212562360636333],2.56
[1758212562365856437],2.56
[1758212562370978104],2.56
[1758212562376150135],2.56
[1758212562381260187],2.56
[1758212562386340447],2.56
[1758212562391438885],2.56
[1758212562396547947],2.56
[1758212562401715447],2.56
[1758212562406890083],2.56
[1758212562412018572],2.56
[1758212562417148364],2.56
[1758212562423785552],2.56
[1758212562429152791],2.56
[1758212562435610864],2.56
[1758212562442093833],2.56
[1758212562447309770],2.56
[1758212562452645343],2.56
[1758212562457865968],2.56
[1758212562463068937],2.56
[1758212562468210760],2.56
[1758212562473340135],2.56
[1758212562478442791],2.56
[1758212562483592479],2.56
[1758212562488754614],2.56
[1758212562493896177],2.56
[1758212562498982114],2.56
[1758212562504175656],2.56
[1758212562509274666],2.56
[1758212562514406020],2.56
[1758212562519516593],2.56
[1758212562524647374],2.56
[1758212562529750447],2.56
[1758212562536493156],2.56
[1758212562541710864],2.56
[1758212562547130395],2.56
[1758212562552451906],2.56
[1758212562558709302],2.56
[1758212562563951802],2.56
[1758212562569114145],2.56
[1758212562574255604],2.56
[1758212562579363416],2.56
[1758212562584480864],2.56
[1758212562589575812],2.56
[1758212562594678729],2.56
[1758212562599871333],2.56
[1758212562605151020],2.56
[1758212562613181385],2.56
[1758212562618497531],2.56
[1758212562626575031],2.56
[1758212562632095499],2.56
[1758212562637285343],2.56
[1758212562642851854],2.56
[1758212562647993989],2.56
[1758212562653750395],2.56
[1758212562658877791],2.56
[1758212562664075708],2.56
[1758212562669285395],2.56
[1758212562674555187],2.56
[1758212562679656489],2.56
[1758212562684771177],2.56
[1758212562689845031],2.56
[1758212562694952166],2.56
[1758212562700064718],2.56
[1758212562705350604],2.56
[1758212562710470656],2.56
[1758212562715681749],2.56
[1758212562720782687],2.56
[1758212562725921281],2.56
[1758212562731016229],2.56
[1758212562736119926],2.56
[1758212562741182687],2.56
[1758212562746286385],2.56
[1758212562751388781],2.56
[1758212562757034406],2.56
[1758212562763639093],2.56
[1758212562768879354],2.56
[1758212562774000395],2.56
[1758212562779088468],2.56
[1758212562784204197],2.56
[1758212562789284979],2.56
[1758212562794369614],2.56
[1758212562799466229],2.56
[1758212562804709614],2.56
[1758212562809904718],2.56
[1758212562815007426],2.56
[1758212562820098833],2.56
[1758212562825214666],2.56
[1758212562830320031],2.56
[1758212562835417791],2.56
[1758212562840499093],2.56
[1758212562845624666],2.56
[1758212562850723416],2.56
[1758212562855891072],2.56
[1758212562860986697],2.56
[1758212562866624666],2.56
[1758212562871785343],2.56
[1758212562876911697],2.56
[1758212562882053156],2.56
[1758212562887186385],2.56
[1758212562892357895],2.56
[1758212562897468885],2.56
[1758212562902825447],2.56
[1758212562908071749],2.56
[1758212562913192843],2.56
[1758212562918315499],2.56
[1758212562923443208],2.56
[1758212562928599562],2.56
[1758212562933720603],2.56
[1758212562938866228],2.56
[1758212562943984666],2.56
[1758212562949246645],2.56
[1758212562954394874],2.56
[1758212562959533312],2.56
[1758212562964687843],2.56
[1758212562970445499],2.56
[1758212562975712895],2.56
[1758212562980831958],2.56
[1758212562986008103],2.56
[1758212562991101645],2.56
[1758212562996215864],2.56
[1758212563001359301],2.56
[1758212563006590395],2.56
[1758212563011712635],2.56
[1758212563016947322],2.56
[1758212563022045760],2.56
[1758212563027182739],2.56
[1758212563032354145],2.56
[1758212563037516385],2.56
[1758212563042651541],2.56
[1758212563047720291],2.56
[1758212563053088312],2.56
[1758212563058254718],2.56
[1758212563063380447],2.56
[1758212563068502478],2.56
[1758212563074046593],2.56
[1758212563079298468],2.56
[1758212563084437947],2.56
[1758212563089532895],2.56
[1758212563094662531],2.56
[1758212563099851645],2.56
[1758212563105084041],2.56
[1758212563110188520],2.56
[1758212563115417374],2.56
[1758212563120537426],2.56
[1758212563125738103],2.56
[1758212563130896593],2.56
[1758212563136041228],2.56
[1758212563141172791],2.56
[1758212563146291749],2.56
[1758212563151398416],2.56
[1758212563156645187],2.56
[1758212563161766697],2.56
[1758212563166957687],2.56
[1758212563172094458],2.56
[1758212563177279666],2.56
[1758212563183895812],2.56
[1758212563189256645],2.56
[1758212563195615499],2.56
[1758212563200936489],2.56
[1758212563206163572],2.56
[1758212563211281593],2.56
[1758212563216414249],2.56
[1758212563221543885],2.56
[1758212563226671072],2.56
[1758212563231768520],2.56
[1758212563236916385],2.56
[1758212563242104562],2.56
[1758212563247229874],2.56
[1758212563252437426],2.56
[1758212563257623885],2.56
[1758212563262767999],2.56
[1758212563267935187],2.56
[1758212563273136333],2.56
[1758212563278278885],2.56
[1758212563283419458],2.56
[1758212563288527478],2.56
[1758212563294103728],2.56
[1758212563299270239],2.56
[1758212563304770239],2.56
[1758212563309890655],2.56
[1758212563315060603],2.56
[1758212563323366801],2.56
[1758212563328537374],2.56
[1758212563333698520],2.56
[1758212563338983051],2.56
[1758212563344097947],2.56
[1758212563349200030],2.56
[1758212563354465864],2.56
[1758212563359574614],2.56
[1758212563364711385],2.56
[1758212563369843051],2.56
[1758212563375027895],2.56
[1758212563380330239],2.56
[1758212563385489510],2.56
[1758212563390603780],2.56
[1758212563395707530],2.56
[1758212563401305343],2.56
[1758212563406543624],2.56
[1758212563413032843],2.56
[1758212563418258989],2.56
[1758212563423389770],2.56
[1758212563428510447],2.56
[1758212563433659093],2.56
[1758212563438748260],2.56
[1758212563443850447],2.56
[1758212563448966697],2.56
[1758212563454185187],2.56
[1758212563459378260],2.56
[1758212563464730030],2.56
[1758212563470339301],2.56
[1758212563475494457],2.56
[1758212563480585395],2.56
[1758212563485755082],2.56
[1758212563490850135],2.56
[1758212563495983780],2.56
[1758212563501087218],2.56
[1758212563507600655],2.56
[1758212563514142530],2.56
[1758212563519377062],2.56
[1758212563524497062],2.56
[1758212563529594926],2.56
[1758212563534717322],2.56
[1758212563539809353],2.56
[1758212563544919405],2.56
[1758212563550046228],2.56
[1758212563555308103],2.56
[1758212563560475499],2.56
[1758212563565570187],2.56
[1758212563570656489],2.56
[1758212563575796957],2.56
[1758212563580937530],2.56
[1758212563586076645],2.56
[1758212563591200655],2.56
[1758212563596340187],2.56
[1758212563601459926],2.56
[1758212563606634874],2.56
[1758212563611771489],2.56
[1758212563617129041],2.56
[1758212563622352634],2.56
[1758212563627479249],2.56
[1758212563632733832],2.56
[1758212563637938416],2.56
[1758212563643100343],2.56
[1758212563648189145],2.56
[1758212563653365864],2.56
[1758212563658511020],2.56
[1758212563663636957],2.56
[1758212563668724249],2.56
[1758212563673883780],2.56
[1758212563679028780],2.56
[1758212563684150395],2.56
[1758212563689253832],2.56
[1758212563694359197],2.56
[1758212563699447947],2.56
[1758212563704606072],2.56
[1758212563709771541],2.56
[1758212563714941489],2.56
[1758212563721573884],2.56
[1758212563726912478],2.56
[1758212563734427999],2.56
[1758212563739883728],2.56
[1758212563745055603],2.56
[1758212563750174145],2.56
[1758212563755363728],2.56
[1758212563760457895],2.56
[1758212563765556801],2.56
[1758212563770685239],2.56
[1758212563775799197],2.56
[1758212563780983103],2.56
[1758212563786175968],2.56
[1758212563791272374],2.56
[1758212563796379666],2.56
[1758212563801451436],2.56
[1758212563806609197],2.56
[1758212563811706176],2.56
[1758212563816824509],2.56
[1758212563821922374],2.56
[1758212563827037530],2.56
[1758212563832451228],2.56
[1758212563837579041],2.56
[1758212563842742530],2.56
[1758212563847877686],2.56
[1758212563853105134],2.56
[1758212563858216853],2.56
[1758212563863399353],2.56
[1758212563868591280],2.56
[1758212563873800759],2.56
[1758212563880411645],2.56
[1758212563885674249],2.56
[1758212563890783103],2.56
[1758212563895902999],2.56
[1758212563901007114],2.56
[1758212563906200447],2.56
[1758212563911293936],2.56
[1758212563916412530],2.56
[1758212563921568624],2.56
[1758212563926851645],2.56
[1758212563931997791],2.56
[1758212563938600603],2.56
[1758212563943917218],2.56
[1758212563949035499],2.56
[1758212563954224614],2.56
[1758212563959323936],2.56
[1758212563964452895],2.56
[1758212563969550395],2.56
[1758212563974701228],2.56
[1758212563979826645],2.56
[1758212563985046020],2.56
[1758212563990137530],2.56
[1758212563995234926],2.56
[1758212564000365759],2.56
[1758212564005836853],2.56
[1758212564010982113],2.56
[1758212564016177530],2.56
[1758212564021317686],2.56
[1758212564026461749],2.56
[1758212564031575238],2.56
[1758212564036705707],2.56
[1758212564042216176],2.56
[1758212564047459718],2.56
[1758212564052841957],2.56
[1758212564057967166],2.56
[1758212564063156488],2.56
[1758212564068246645],2.56
[1758212564073372113],2.56
[1758212564078512061],2.56
[1758212564083717322],2.56
[1758212564088844561],2.56
[1758212564094057582],2.56
[1758212564099172374],2.56
[1758212564104401853],2.56
[1758212564109504353],2.56
[1758212564114655395],2.56
[1758212564119783520],2.56
[1758212564124962218],2.56
[1758212564130073259],2.56
[1758212564135182322],2.56
[1758212564140264874],2.56
[1758212564145789405],2.56
[1758212564151043728],2.56
[1758212564157467009],2.56
[1758212564163851697],2.56
[1758212564169113520],2.56
[1758212564174237322],2.56
[1758212564179343416],2.56
[1758212564184491384],2.56
[1758212564189610030],2.56
[1758212564194684613],2.56
[1758212564199807009],2.56
[1758212564205018259],2.56
[1758212564210195082],2.56
[1758212564215350916],2.56
[1758212564220448207],2.56
[1758212564225578520],2.56
[1758212564230701540],2.56
[1758212564235773780],2.56
[1758212564240936072],2.56
[1758212564246089822],2.56
[1758212564251198155],2.56
[1758212564256819509],2.56
[1758212564264676488],2.56
[1758212564269987270],2.56
[1758212564275190655],2.56
[1758212564280309040],2.56
[1758212564285406749],2.56
[1758212564290498259],2.56
[1758212564296788936],2.56
[1758212564301978520],2.56
[1758212564307265968],2.56
[1758212564312404145],2.56
[1758212564317496072],2.56
[1758212564322655811],2.56
[1758212564327762218],2.56
[1758212564332894874],2.56
[1758212564337986332],2.56
[1758212564343178728],2.56
[1758212564348372686],2.56
[1758212564353554093],2.56
[1758212564359198415],2.56
[1758212564364426124],2.56
[1758212564369556072],2.56
[1758212564374733155],2.56
[1758212564379855655],2.56
[1758212564384931436],2.56
[1758212564390018572],2.56
[1758212564395141905],2.56
[1758212564400367686],2.56
[1758212564405922270],2.56
[1758212564411087843],2.56
[1758212564416188051],2.56
[1758212564421288103],2.56
[1758212564426415186],2.56
[1758212564431557634],2.56
[1758212564436642999],2.56
[1758212564441717374],2.56
[1758212564446880290],2.56
[1758212564452026436],2.56
[1758212564457215342],2.56
[1758212564462397165],2.56
[1758212564468058988],2.56
[1758212564473181592],2.56
[1758212564478276697],2.56
[1758212564483517322],2.56
[1758212564488642530],2.56
[1758212564493800551],2.56
[1758212564498900655],2.56
[1758212564504109301],2.56
[1758212564509204457],2.56
[1758212564514355603],2.56
[1758212564519534197],2.56
[1758212564524673207],2.56
[1758212564529811488],2.56
[1758212564534980499],2.56
[1758212564540117686],2.56
[1758212564545267061],2.56
[1758212564550424978],2.56
[1758212564555654145],2.56
[1758212564560792947],2.56
[1758212564565911801],2.56
[1758212564572421176],2.56
[1758212564577727113],2.56
[1758212564582910967],2.56
[1758212564588116384],2.56
[1758212564593232738],2.56
[1758212564598332165],2.56
[1758212564603515395],2.56
[1758212564608610551],2.56
[1758212564613717582],2.56
[1758212564618825186],2.56
[1758212564624058415],2.56
[1758212564629243363],2.56
[1758212564634357061],2.56
[1758212564639452842],2.56
[1758212564644615655],2.56
[1758212564649723624],2.56
[1758212564654944874],2.56
[1758212564660047842],2.56
[1758212564665211176],2.56
[1758212564670325394],2.56
[1758212564675819769],2.56
[1758212564681023155],2.56
[1758212564686191072],2.56
[1758212564691325707],2.56
[1758212564696445394],2.56
[1758212564701576957],2.56
[1758212564706833572],2.56
[1758212564711975186],2.56
[1758212564717142426],2.56
[1758212564722457269],2.56
[1758212564727588051],2.56
[1758212564732760030],2.56
[1758212564737888051],2.56
[1758212564743079040],2.56
[1758212564748224717],2.56
[1758212564753534144],2.56
[1758212564758633155],2.56
[1758212564763782842],2.56
[1758212564768874092],2.56
[1758212564774058467],2.56
[1758212564779187686],2.56
[1758212564787961228],2.56
[1758212564793426436],2.56
[1758212564798570655],2.56
[1758212564803801019],2.56
[1758212564808893728],2.56
[1758212564814013988],2.56
[1758212564819156488],2.56
[1758212564824307530],2.56
[1758212564829466905],2.56
[1758212564834711957],2.56
[1758212564839821644],2.56
[1758212564844925447],2.56
[1758212564850025811],2.56
[1758212564855232322],2.56
[1758212564860332009],2.56
[1758212564865435499],2.56
[1758212564870550447],2.56
[1758212564875764665],2.56
[1758212564880934874],2.56
[1758212564886067894],2.56
[1758212564891652321],2.56
[1758212564896801332],2.56
[1758212564901918311],2.56
[1758212564907111071],2.56
[1758212564912349457],2.56
[1758212564917499353],2.56
[1758212564922714665],2.56
[1758212564927854821],2.56
[1758212564933051749],2.56
[1758212564938200499],2.56
[1758212564943369405],2.56
[1758212564948510655],2.56
[1758212564953717321],2.56
[1758212564958845394],2.56
[1758212564964037842],2.56
[1758212564969137426],2.56
[1758212564974307530],2.56
[1758212564979427426],2.56
[1758212564984559978],2.56
[1758212564989705030],2.56
[1758212564997314301],2.56
[1758212565002569405],2.56
[1758212565007753988],2.56
[1758212565012986696],2.56
[1758212565018093363],2.56
[1758212565023307061],2.56
[1758212565028507374],2.56
[1758212565033645863],2.56
[1758212565038800238],2.56
[1758212565044059821],2.56
[1758212565049186176],2.56
[1758212565054459821],2.56
[1758212565059570134],2.56
[1758212565064696332],2.56
[1758212565069810707],2.56
[1758212565075014769],2.56
[1758212565080199092],2.56
[1758212565085335082],2.56
[1758212565090431280],2.56
[1758212565095579873],2.56
[1758212565102181436],2.56
[1758212565107525655],2.56
[1758212565112734301],2.56
[1758212565117871853],2.56
[1758212565122993832],2.56
[1758212565128108571],2.56
[1758212565133217061],2.56
[1758212565138316488],2.56
[1758212565143455134],2.56
[1758212565148645915],2.56
[1758212565153886696],2.56
[1758212565159010134],2.56
[1758212565164132582],2.56
[1758212565169212217],2.56
[1758212565174308936],2.56
[1758212565179464873],2.56
[1758212565184633363],2.56
[1758212565189744873],2.56
[1758212565194849301],2.56
[1758212565200020863],2.56
[1758212565205986853],2.56
[1758212565211262113],2.56
[1758212565216397009],2.56
[1758212565221542113],2.56
[1758212565226709561],2.56
[1758212565231772530],2.56
[1758212565236893155],2.56
[1758212565242028467],2.56
[1758212565247182061],2.56
[1758212565252470290],2.56
[1758212565257683571],2.56
[1758212565262863155],2.56
[1758212565268004509],2.56
[1758212565273112165],2.56
[1758212565278292686],2.56
[1758212565283441957],2.56
[1758212565288574613],2.56
[1758212565293668780],2.56
[1758212565298762946],2.56
[1758212565303923363],2.56
[1758212565309164457],2.56
[1758212565315014769],2.56
[1758212565320217321],2.56
[1758212565325435603],2.56
[1758212565330536332],2.56
[1758212565335661957],2.56
[1758212565340763780],2.56
[1758212565345874561],2.56
[1758212565351019561],2.56
[1758212565356365707],2.56
[1758212565361588467],2.56
[1758212565366699665],2.56
[1758212565371788780],2.56
[1758212565376912425],2.56
[1758212565382029717],2.56
[1758212565387164092],2.56
[1758212565392311644],2.56
[1758212565397468675],2.56
[1758212565402702217],2.56
[1758212565407905186],2.56
[1758212565413035446],2.56
[1758212565419649405],2.56
[1758212565424992165],2.56
[1758212565430169717],2.56
[1758212565435299925],2.56
[1758212565440390811],2.56
[1758212565445509925],2.56
[1758212565450616175],2.56
[1758212565455819978],2.56
[1758212565460936332],2.56
[1758212565466171905],2.56
[1758212565471293571],2.56
[1758212565476476696],2.56
[1758212565481592061],2.56
[1758212565486746384],2.56
[1758212565491815290],2.56
[1758212565496948207],2.56
[1758212565502045238],2.56
[1758212565507236071],2.56
[1758212565512426696],2.56
[1758212565517600811],2.56
[1758212565523161384],2.56
[1758212565528409352],2.56
[1758212565533579144],2.56
[1758212565538680030],2.56
[1758212565543839561],2.56
[1758212565548951019],2.56
[1758212565554168207],2.56
[1758212565559307634],2.56
[1758212565564486227],2.56
[1758212565569740394],2.56
[1758212565574910134],2.56
[1758212565580056071],2.56
[1758212565585197530],2.56
[1758212565590347477],2.56
[1758212565595552738],2.56
[1758212565600681436],2.56
[1758212565607400655],2.56
[1758212565612713363],2.56
[1758212565617899769],2.56
[1758212565623056852],2.56
[1758212565629483050],2.56
[1758212565634774769],2.56
[1758212565641064821],2.56
[1758212565646181019],2.56
[1758212565651279977],2.56
[1758212565656479821],2.56
[1758212565661696436],2.56
[1758212565666876436],2.56
[1758212565671949040],2.56
[1758212565677036071],2.56
[1758212565682199196],2.56
[1758212565687324665],2.56
[1758212565692437946],2.56
[1758212565697518363],2.56
[1758212565702762946],2.56
[1758212565707925394],2.56
[1758212565713074144],2.56
[1758212565718182686],2.56
[1758212565723275655],2.56
[1758212565728355186],2.56
[1758212565733477582],2.56
[1758212565739012790],2.56
[1758212565744237738],2.56
[1758212565749666019],2.56
[1758212565754885238],2.56
[1758212565759990290],2.56
[1758212565765072582],2.56
[1758212565770161175],2.56
[1758212565775397790],2.56
[1758212565780971748],2.56
[1758212565786137529],2.56
[1758212565791233936],2.56
[1758212565796384717],2.56
[1758212565801535446],2.56
[1758212565806682582],2.56
[1758212565811783050],2.56
[1758212565816906800],2.56
[1758212565822031332],2.56
[1758212565827268936],2.56
[1758212565832449821],2.56
[1758212565837573519],2.56
[1758212565842759613],2.56
[1758212565848412894],2.56
[1758212565854953571],2.56
[1758212565860196019],2.56
[1758212565865293311],2.56
[1758212565870395707],2.56
[1758212565875534040],2.56
[1758212565880656540],2.56
[1758212565885745550],2.56
[1758212565890831748],2.56
[1758212565896002061],2.56
[1758212565901202582],2.56
[1758212565906385082],2.56
[1758212565911488571],2.56
[1758212565916681800],2.56
[1758212565921833207],2.56
[1758212565927469925],2.56
[1758212565932631904],2.56
[1758212565937703415],2.56
[1758212565942872321],2.56
[1758212565948091332],2.56
[1758212565953266279],2.56
[1758212565958430342],2.56
[1758212565963964404],2.56
[1758212565969270550],2.56
[1758212565974402113],2.56
[1758212565979514352],2.56
[1758212565984662425],2.56
[1758212565989754352],2.56
[1758212565994872061],2.56
[1758212565999998206],2.56
[1758212566005239248],2.56
[1758212566011845029],2.56
[1758212566019121800],2.56
[1758212566024684352],2.56
[1758212566029859561],2.56
[1758212566035000081],2.56
[1758212566040116904],2.56
[1758212566045242686],2.56
[1758212566050369352],2.56
[1758212566056903988],2.56
[1758212566062188050],2.56
[1758212566067344769],2.56
[1758212566072857998],2.56
[1758212566077981123],2.56
[1758212566083117998],2.56
[1758212566088227946],2.56
[1758212566093392009],2.56
[1758212566098535394],2.56
[1758212566103802165],2.56
[1758212566108910811],2.56
[1758212566114040290],2.56
[1758212566119143623],2.56
[1758212566124246644],2.56
[1758212566129340498],2.56
[1758212566134464977],2.56
[1758212566139578050],2.56
[1758212566144763259],2.56
[1758212566149863467],2.56
[1758212566155067113],2.56
[1758212566160173936],2.56
[1758212566165633884],2.56
[1758212566170752946],2.56
[1758212566175864509],2.56
[1758212566181086644],2.56
[1758212566186237113],2.56
[1758212566191319769],2.56
[1758212566196382113],2.56
[1758212566201575081],2.56
[1758212566206856175],2.56
[1758212566212093154],2.56
[1758212566217219665],2.56
[1758212566222365186],2.56
[1758212566227515758],2.56
[1758212566232688675],2.56
[1758212566237766592],2.56
[1758212566242974092],2.56
[1758212566248117425],2.56
[1758212566253295498],2.56
[1758212566258418415],2.56
[1758212566263540758],2.56
[1758212566268725915],2.56
[1758212566276756696],2.56
[1758212566282010863],2.56
[1758212566288913779],2.56
[1758212566294309144],2.56
[1758212566299415654],2.56
[1758212566304597477],2.56
[1758212566309718936],2.56
[1758212566314799925],2.56
[1758212566319876279],2.56
[1758212566324991331],2.56
[1758212566330080394],2.56
[1758212566335214821],2.56
[1758212566340437581],2.56
[1758212566345522477],2.56
[1758212566350617738],2.56
[1758212566355821488],2.56
[1758212566360910654],2.56
[1758212566365979248],2.56
[1758212566371084873],2.56
[1758212566376797217],2.56
[1758212566382220967],2.56
[1758212566387345602],2.56
[1758212566394737217],2.56
[1758212566400239144],2.56
[1758212566405442477],2.56
[1758212566410545394],2.56
[1758212566415698363],2.56
[1758212566420766279],2.56
[1758212566425875394],2.56
[1758212566431058779],2.56
[1758212566436188310],2.56
[1758212566441268623],2.56
[1758212566446442946],2.56
[1758212566451595706],2.56
[1758212566457285133],2.56
[1758212566463922008],2.56
[1758212566470402738],2.56
[1758212566475637425],2.56
[1758212566480727685],2.56
[1758212566485856383],2.56
[1758212566492084873],2.56
[1758212566497731435],2.56
[1758212566502963571],2.56
[1758212566508032217],2.56
[1758212566513157217],2.56
[1758212566518223571],2.56
[1758212566523315290],2.56
[1758212566528375238],2.56
[1758212566533533675],2.56
[1758212566538757008],2.56
[1758212566543841279],2.56
[1758212566548922633],2.56
[1758212566554116696],2.56
[1758212566559200602],2.56
[1758212566564270081],2.56
[1758212566569347373],2.56
[1758212566574803727],2.56
[1758212566580313675],2.56
[1758212566585425863],2.56
[1758212566590532738],2.56
[1758212566595663050],2.56
[1758212566602042633],2.56
[1758212566607352790],2.56
[1758212566612839404],2.56
[1758212566617939717],2.56
[1758212566623064821],2.56
[1758212566628159248],2.56
[1758212566633248987],2.56
[1758212566638326696],2.56
[1758212566643548415],2.56
[1758212566648791331],2.56
[1758212566653967737],2.56
[1758212566659057008],2.56
[1758212566664238935],2.56
[1758212566669374352],2.56
[1758212566674450915],2.56
[1758212566679685342],2.56
[1758212566684881279],2.56
[1758212566690124040],2.56
[1758212566695201904],2.56
[1758212566700332894],2.56
[1758212566705552217],2.56
[1758212566712310654],2.56
[1758212566717913623],2.56
[1758212566723012633],2.56
[1758212566728091487],2.56
[1758212566733225029],2.56
[1758212566738317737],2.56
[1758212566743388415],2.56
[1758212566748459248],2.56
[1758212566753754612],2.56
[1758212566759042217],2.56
[1758212566764134977],2.56
[1758212566769214612],2.56
[1758212566774350915],2.56
[1758212566779548102],2.56
[1758212566784653831],2.56
[1758212566789807946],2.56
[1758212566794955654],2.56
[1758212566800162529],2.56
[1758212566805329665],2.56
[1758212566810418831],2.56
[1758212566815567008],2.56
[1758212566824694560],2.56
[1758212566829886331],2.56
[1758212566835005342],2.56
[1758212566840107581],2.56
[1758212566845255498],2.56
[1758212566850351435],2.56
[1758212566855506383],2.56
[1758212566860636019],2.56
[1758212566865932477],2.56
[1758212566871101279],2.56
[1758212566876183883],2.56
[1758212566881321539],2.56
[1758212566886470706],2.56
[1758212566891578102],2.56
[1758212566896692789],2.56
[1758212566901799144],2.56
[1758212566907031019],2.56
[1758212566912256227],2.56
[1758212566917377581],2.56
[1758212566922544560],2.56
[1758212566928082842],2.56
[1758212566933350446],2.56
[1758212566938445654],2.56
[1758212566943594977],2.56
[1758212566948743102],2.56
[1758212566953911487],2.56
[1758212566959036435],2.56
[1758212566964243987],2.56
[1758212566969396956],2.56
[1758212566974588362],2.56
[1758212566979710498],2.56
[1758212566984862789],2.56
[1758212566990013987],2.56
[1758212566995153935],2.56
[1758212567000340758],2.56
[1758212567005574039],2.56
[1758212567010706435],2.56
[1758212567015826279],2.56
[1758212567020961800],2.56
[1758212567026149925],2.56
[1758212567031638779],2.56
[1758212567036864977],2.56
[1758212567041966487],2.56
[1758212567047119508],2.56
[1758212567052288154],2.56
[1758212567057494300],2.56
[1758212567062740758],2.56
[1758212567067982477],2.56
[1758212567073130914],2.56
[1758212567078282894],2.56
[1758212567083428050],2.56
[1758212567088577946],2.56
[1758212567093748727],2.56
[1758212567098840862],2.56
[1758212567104039352],2.56
[1758212567109229144],2.56
[1758212567114467216],2.56
[1758212567119569716],2.56
[1758212567124665498],2.56
[1758212567129813154],2.56
[1758212567134968206],2.56
[1758212567141586175],2.56
[1758212567146934769],2.56
[1758212567152423154],2.56
[1758212567157564352],2.56
[1758212567162797737],2.56
[1758212567167937737],2.56
[1758212567173032789],2.56
[1758212567178173571],2.56
[1758212567183309196],2.56
[1758212567188552633],2.56
[1758212567193690862],2.56
[1758212567198777164],2.56
[1758212567203978727],2.56
[1758212567209121175],2.56
[1758212567214284300],2.56
[1758212567219382164],2.56
[1758212567224646383],2.56
[1758212567229844300],2.56
[1758212567234957112],2.56
[1758212567240050446],2.56
[1758212567245154404],2.56
[1758212567250212737],2.56
[1758212567255704404],2.56
[1758212567260936696],2.56
[1758212567266158571],2.56
[1758212567271239977],2.56
[1758212567276357841],2.56
[1758212567281420237],2.56
[1758212567286554612],2.56
[1758212567291683987],2.56
[1758212567296954560],2.56
[1758212567303571071],2.56
[1758212567309027008],2.56
[1758212567314222425],2.56
[1758212567319322216],2.56
[1758212567324469821],2.56
[1758212567329561018],2.56
[1758212567334666071],2.56
[1758212567339774508],2.56
[1758212567344933675],2.56
[1758212567350181800],2.56
[1758212567355462737],2.56
[1758212567361326748],2.56
[1758212567366502216],2.56
[1758212567371644352],2.56
[1758212567376804664],2.56
[1758212567381910602],2.56
[1758212567387061383],2.56
[1758212567392297164],2.56
[1758212567397507373],2.56
[1758212567402779091],2.56
[1758212567407919404],2.56
[1758212567413130498],2.56
[1758212567418270498],2.56
[1758212567423408623],2.56
[1758212567428541279],2.56
[1758212567433693414],2.56
[1758212567440413362],2.56
[1758212567445899300],2.56
[1758212567451041748],2.56
[1758212567456240341],2.56
[1758212567462389404],2.56
[1758212567468963623],2.56
[1758212567474299716],2.56
[1758212567479504612],2.56
[1758212567484635289],2.56
[1758212567489815237],2.56
[1758212567494986852],2.56
[1758212567500084195],2.56
[1758212567505154873],2.56
[1758212567510265237],2.56
[1758212567515522373],2.56
[1758212567520709820],2.56
[1758212567525802268],2.56
[1758212567530945706],2.56
[1758212567536083102],2.56
[1758212567541176279],2.56
[1758212567547188102],2.56
[1758212567553400602],2.56
[1758212567559024195],2.56
[1758212567564225758],2.56
[1758212567569308102],2.56
[1758212567575662164],2.56
[1758212567581046591],2.56
[1758212567586598154],2.56
[1758212567591716904],2.56
[1758212567596863518],2.56
[1758212567601933779],2.56
[1758212567607025914],2.56
[1758212567612313102],2.56
[1758212567618620914],2.56
[1758212567623875758],2.56
[1758212567628967789],2.56
[1758212567634094143],2.56
[1758212567639180758],2.56
[1758212567644275029],2.56
[1758212567649350914],2.56
[1758212567654485706],2.56
[1758212567659607320],2.56
[1758212567664879404],2.56
[1758212567669982529],2.56
[1758212567675146852],2.56
[1758212567680264768],2.56
[1758212567685985289],2.56
[1758212567691159352],2.56
[1758212567696661800],2.56
[1758212567701810081],2.56
[1758212567706908883],2.56
[1758212567712022320],2.56
[1758212567717266175],2.56
[1758212567722480810],2.56
[1758212567727637685],2.56
[1758212567732902789],2.56
[1758212567737981643],2.56
[1758212567743149247],2.56
[1758212567748243258],2.56
[1758212567753328622],2.56
[1758212567758642477],2.56
[1758212567764214925],2.56
[1758212567769344143],2.56
[1758212567774561331],2.56
[1758212567779652008],2.56
[1758212567784783154],2.56
[1758212567789903570],2.56
[1758212567795429143],2.56
[1758212567800593518],2.56
[1758212567806941747],2.56
[1758212567812324612],2.56
[1758212567818602789],2.56
[1758212567823808414],2.56
[1758212567828907633],2.56
[1758212567834015602],2.56
[1758212567839126175],2.56
[1758212567844225914],2.56
[1758212567849317320],2.56
[1758212567854426383],2.56
[1758212567859526331],2.56
[1758212567864775081],2.56
[1758212567869944352],2.56
[1758212567875066956],2.56
[1758212567880169664],2.56
[1758212567885339352],2.56
[1758212567890441487],2.56
[1758212567895587529],2.56
[1758212567901041800],2.56
[1758212567906208102],2.56
[1758212567911712685],2.56
[1758212567916958466],2.56
[1758212567922063206],2.56
[1758212567927189612],2.56
[1758212567932354404],2.56
[1758212567937490549],2.56
[1758212567942742633],2.56
[1758212567947902164],2.56
[1758212567953035237],2.56
[1758212567958151174],2.56
[1758212567963342581],2.56
[1758212567968492060],2.56
[1758212567973627372],2.56
[1758212567978711018],2.56
[1758212567983893935],2.56
[1758212567989088362],2.56
[1758212567994210549],2.56
[1758212567999290602],2.56
[1758212568004464299],2.56
[1758212568010087685],2.56
[1758212568015339195],2.56
[1758212568020823310],2.56
[1758212568026018987],2.56
[1758212568031106487],2.56
[1758212568036225029],2.56
[1758212568041313570],2.56
[1758212568046429247],2.56
[1758212568051697893],2.56
[1758212568056854404],2.56
[1758212568061968987],2.56
[1758212568067148154],2.56
[1758212568072303831],2.56
[1758212568077418779],2.56
[1758212568082604820],2.56
[1758212568087772737],2.56
[1758212568092969143],2.56
[1758212568098178570],2.56
[1758212568103283935],2.56
[1758212568108398049],2.56
[1758212568113658779],2.56
[1758212568119241122],2.56
[1758212568124359977],2.56
[1758212568130725445],2.56
[1758212568137128831],2.56
[1758212568143684977],2.56
[1758212568148898258],2.56
[1758212568154007060],2.56
[1758212568159261383],2.56
[1758212568165518518],2.56
[1758212568170744716],2.56
[1758212568175893206],2.56
[1758212568181026695],2.56
[1758212568186217737],2.56
[1758212568191359143],2.56
[1758212568196446747],2.56
[1758212568201634924],2.56
[1758212568207046799],2.56
[1758212568212660029],2.56
[1758212568217788310],2.56
[1758212568222952997],2.56
[1758212568228013206],2.56
[1758212568233108883],2.56
[1758212568241338414],2.56
[1758212568246712320],2.56
[1758212568251786904],2.56
[1758212568256865706],2.56
[1758212568261962476],2.56
[1758212568267093935],2.56
[1758212568272285081],5275.85
[1758212568279480133],5275.85
[1758212568285835393],5275.85
[1758212568291068414],5275.85
[1758212568296193726],5275.85
[1758212568301291331],5275.85
[1758212568306438049],5275.85
[1758212568311549039],5275.85
[1758212568316669456],5275.85
[1758212568321781018],5275.85
[1758212568327065081],5275.85
[1758212568332296904],5275.85
[1758212568337416799],5275.85
[1758212568342576018],5275.85
[1758212568349139560],5275.85
[1758212568355604456],5275.85
[1758212568360800289],5275.85
[1758212568365906018],5275.85
[1758212568371044351],5275.85
[1758212568376278935],5275.85
[1758212568381390133],5275.85
[1758212568386511331],5275.85
[1758212568391644664],5275.85
[1758212568396812997],5275.85
[1758212568402007112],5275.85
[1758212568407115237],5275.85
[1758212568412282789],5275.85
[1758212568417410810],5275.85
[1758212568422605549],5275.85
[1758212568427742320],5275.85
[1758212568433000758],5275.85
[1758212568438102633],5275.85
[1758212568443244872],5275.85
[1758212568448343414],5275.85
[1758212568453856956],5275.85
[1758212568458987112],5275.85
[1758212568464426851],5275.85
[1758212568469543414],5275.85
[1758212568474750549],5275.85
[1758212568479841174],5275.85
[1758212568484913101],5275.85
[1758212568490002581],5275.85
[1758212568495391591],5275.85
[1758212568500556278],5275.85
[1758212568505695601],5275.85
[1758212568510798153],5275.85
[1758212568515979976],5275.85
[1758212568521089091],5275.85
[1758212568526287633],5275.85
[1758212568531380862],5275.85
[1758212568536557372],5275.85
[1758212568541756278],5275.85
[1758212568546878570],5275.85
[1758212568551974768],5275.85
[1758212568557138778],5275.85
[1758212568562800237],5275.85
[1758212568567937424],5275.85
[1758212568574284664],5275.85
[1758212568580742476],5275.85
[1758212568585988935],5275.85
[1758212568591119612],5275.85
[1758212568596319508],4718.0
[1758212568603485549],148.15
[1758212568609206799],148.15
[1758212568614348778],148.15
[1758212568619460653],148.15
[1758212568624663310],148.15
[1758212568629768101],148.15
[1758212568634879195],148.15
[1758212568639988935],148.15
[1758212568645151695],148.15
[1758212568650396435],148.15
[1758212568655538935],148.15
[1758212568660633726],148.15
[1758212568665734143],148.15
[1758212568670842997],148.15
[1758212568676357476],148.15
[1758212568681489872],148.15
[1758212568687777164],148.15
[1758212568693469612],148.15
[1758212568698597424],148.15
[1758212568703813935],148.15
[1758212568708942320],148.15
[1758212568714080133],148.15
[1758212568719195862],148.15
[1758212568724409091],148.15
[1758212568729521643],148.15
[1758212568734736330],148.15
[1758212568739947164],148.15
[1758212568745089403],148.15
[1758212568750229976],148.15
[1758212568755358935],148.15
[1758212568760481383],148.15
[1758212568765634351],148.15
[1758212568774954924],148.15
[1758212568781627789],148.15
[1758212568786893258],148.15
[1758212568792030653],148.15
[1758212568797163414],148.15
[1758212568804628570],148.15
[1758212568810113049],148.15
[1758212568815283622],148.15
[1758212568820410914],148.15
[1758212568825623101],148.15
[1758212568830732320],148.15
[1758212568835834299],148.15
[1758212568840950185],148.15
[1758212568846097737],148.15
[1758212568851210757],148.15
[1758212568856413830],148.15
[1758212568861533726],148.15
[1758212568866682112],148.15
[1758212568871766851],148.15
[1758212568876920289],148.15
[1758212568882080289],148.15
[1758212568888798518],148.15
[1758212568895141643],148.15
[1758212568900394716],148.15
[1758212568905522320],148.15
[1758212568911734768],148.15
[1758212568917278257],148.15
[1758212568922476278],148.15
[1758212568927635393],148.15
[1758212568932815132],148.15
[1758212568937919560],148.15
[1758212568943023518],148.15
[1758212568948123414],148.15
[1758212568953284403],148.15
[1758212568958521643],148.15
[1758212568963639091],148.15
[1758212568968782164],148.15
[1758212568974117737],148.15
[1758212568979244091],148.15
[1758212568984359612],148.15
[1758212568989483101],148.15
[1758212568994992841],148.15
[1758212569000214091],148.15
[1758212569005337789],148.15
[1758212569010434299],148.15
[1758212569015563570],148.15
[1758212569020672789],148.15
[1758212569026164403],148.15
[1758212569031291382],148.15
[1758212569036446330],148.15
[1758212569041647737],148.15
[1758212569046798257],148.15
[1758212569051902112],148.15
[1758212569057032268],148.15
[1758212569062225237],148.15
[1758212569067357112],148.15
[1758212569073679403],148.15
[1758212569080061122],148.15
[1758212569085292893],148.15
[1758212569090389091],148.15
[1758212569095542007],148.15
[1758212569100952841],148.15
[1758212569106036330],148.15
[1758212569111131434],148.15
[1758212569116278309],148.15
[1758212569121412997],148.15
[1758212569126742164],148.15
[1758212569133256799],148.15
[1758212569138523309],148.15
[1758212569143636643],148.15
[1758212569148720184],148.15
[1758212569153847268],148.15
[1758212569158942789],148.15
[1758212569164055445],148.15
[1758212569169185497],148.15
[1758212569174444299],148.15
[1758212569179636591],148.15
[1758212569184749403],148.15
[1758212569189832528],148.15
[1758212569194976539],148.15
[1758212569200069924],148.15
[1758212569205231695],148.15
[1758212569210757945],148.15
[1758212569215958726],148.15
[1758212569221118414],148.15
[1758212569226315080],148.15
[1758212569231407372],148.15
[1758212569236530341],148.15
[1758212569241953934],148.15
[1758212569247121903],148.15
[1758212569252412841],148.15
[1758212569257664559],148.15
[1758212569262895705],148.15
[1758212569267989820],148.15
[1758212569273182268],148.15
[1758212569278289455],148.15
[1758212569283418518],148.15
[1758212569288583205],148.15
[1758212569293791747],148.15
[1758212569298976486],148.15
[1758212569304069559],148.15
[1758212569309197164],148.15
[1758212569314332997],148.15
[1758212569319931747],148.15
[1758212569325119039],148.15
[1758212569330262268],148.15
[1758212569335392476],148.15
[1758212569340506695],148.15
[1758212569345620914],148.15
[1758212569350731018],148.15
[1758212569356294559],148.15
[1758212569362757736],148.15
[1758212569368050184],148.15
[1758212569373224559],148.15
[1758212569378304091],148.15
[1758212569383422476],148.15
[1758212569388649455],148.15
[1758212569393768570],148.15
[1758212569398846018],148.15
[1758212569404022632],148.15
[1758212569409248466],148.15
[1758212569414424195],148.15
[1758212569419553205],148.15
[1758212569425098986],148.15
[1758212569430241695],148.15
[1758212569435349403],148.15
[1758212569440431539],148.15
[1758212569445566643],148.15
[1758212569450675080],148.15
[1758212569455771382],148.15
[1758212569460992841],148.15
[1758212569466552476],148.15
[1758212569471788830],148.15
[1758212569476987007],148.15
[1758212569482082007],148.15
[1758212569487214507],148.15
[1758212569492488726],148.15
[1758212569497642736],148.15
[1758212569502906903],148.15
[1758212569508094247],148.15
[1758212569513311747],148.15
[1758212569518427059],148.15
[1758212569523628466],148.15
[1758212569528776747],148.15
[1758212569535354038],148.15
[1758212569540596955],148.15
[1758212569545712476],148.15
[1758212569550809559],148.15
[1758212569555943570],148.15
[1758212569561042580],148.15
[1758212569566144455],148.15
[1758212569572513674],148.15
[1758212569578300966],148.15
[1758212569583402997],148.15
[1758212569588513466],148.15
[1758212569593667320],148.15
[1758212569598778049],148.15
[1758212569603853570],148.15
[1758212569608939872],148.15
[1758212569614123413],148.15
[1758212569619366434],148.15
[1758212569624548778],148.15
[1758212569629658830],148.15
[1758212569634808674],148.15
[1758212569641297476],148.15
[1758212569646559768],148.15
[1758212569651676695],148.15
[1758212569656774820],148.15
[1758212569661882007],148.15
[1758212569666994507],148.15
[1758212569672095601],148.15
[1758212569677295445],148.15
[1758212569684738465],148.15
[1758212569690028674],148.15
[1758212569695197632],148.15
[1758212569700315340],148.15
[1758212569705445236],148.15
[1758212569710540288],148.15
[1758212569715657528],148.15
[1758212569720760340],148.15
[1758212569726017111],148.15
[1758212569731221174],148.15
[1758212569736351434],148.15
[1758212569741445601],148.15
[1758212569746806382],148.15
[1758212569751965236],148.15
[1758212569757064038],148.15
[1758212569762231122],148.15
[1758212569767367580],148.15
[1758212569772541903],148.15
[1758212569777719559],148.15
[1758212569782961226],148.15
[1758212569788086434],148.15
[1758212569793614195],148.15
[1758212569798768153],148.15
[1758212569803890080],148.15
[1758212569809002007],148.15
[1758212569814138830],148.15
[1758212569819285497],148.15
[1758212569824543049],148.15
[1758212569829647372],148.15
[1758212569834907215],148.15
[1758212569840068101],148.15
[1758212569849472059],148.15
[1758212569855705236],148.15
[1758212569862015913],148.15
[1758212569867264038],148.15
[1758212569872441226],148.15
[1758212569877608153],148.15
[1758212569882764247],148.15
[1758212569887904143],148.15
[1758212569893002372],148.15
[1758212569898107424],148.15
[1758212569903581695],148.15
[1758212569908807788],148.15
[1758212569913928830],148.15
[1758212569919052424],148.15
[1758212569924274872],148.15
[1758212569929503049],148.15
[1758212569934665965],148.15
[1758212569939809142],148.15
[1758212569944959924],148.15
[1758212569950138361],148.15
[1758212569955294507],148.15
[1758212569960868465],148.15
[1758212569966022111],148.15
[1758212569971200549],148.15
[1758212569976464351],148.15
[1758212569981605340],148.15
[1758212569986694195],148.15
[1758212569991843205],148.15
[1758212569997018309],148.15
[1758212570002255132],148.15
[1758212570007469455],148.15
[1758212570012983257],148.15
[1758212570018128934],148.15
[1758212570023360288],148.15
[1758212570028523830],148.15
[1758212570033623153],148.15
[1758212570038742736],148.15
[1758212570043960601],148.15
[1758212570049219611],148.15
[1758212570054391226],148.15
[1758212570059514976],148.15
[1758212570064679299],148.15
[1758212570070087215],148.15
[1758212570075317372],148.15
[1758212570080429247],148.15
[1758212570085602945],148.15
[1758212570090797476],148.15
[1758212570095949559],148.15
[1758212570101048361],148.15
[1758212570106253101],148.15
[1758212570111356070],148.15
[1758212570116463778],148.15
[1758212570122990184],148.15
[1758212570128240288],148.15
[1758212570133340444],148.15
[1758212570138419611],148.15
[1758212570143559715],148.15
[1758212570148655757],148.15
[1758212570153741226],148.15
[1758212570158817840],148.15
[1758212570163987892],148.15
[1758212570169188465],148.15
[1758212570174420340],148.15
[1758212570179948517],148.15
[1758212570185092111],148.15
[1758212570190219090],148.15
[1758212570195406538],148.15
[1758212570200521642],148.15
[1758212570205615132],148.15
[1758212570210750444],148.15
[1758212570216027840],148.15
[1758212570221319715],148.15
[1758212570226921122],148.15
[1758212570232048674],148.15
[1758212570237232111],148.15
[1758212570242442736],148.15
[1758212570247604663],148.15
[1758212570252832424],148.15
[1758212570257956642],148.15
[1758212570263113622],148.15
[1758212570268216434],148.15
[1758212570273392111],148.15
[1758212570278571017],148.15
[1758212570283699611],148.15
[1758212570288926330],148.15
[1758212570294039299],148.15
[1758212570299193205],148.15
[1758212570304300861],148.15
[1758212570309390601],148.15
[1758212570314537736],148.15
[1758212570319671174],148.15
[1758212570324891694],148.15
[1758212570329992944],148.15
[1758212570335602996],148.15
[1758212570340780132],148.15
[1758212570345902632],148.15
[1758212570351016851],148.15
[1758212570356158986],148.15
[1758212570361259507],148.15
[1758212570366403517],148.15
[1758212570371550861],148.15
[1758212570376919559],148.15
[1758212570382239767],148.15
[1758212570387369715],148.15
[1758212570392558621],148.15
[1758212570399224090],148.15
[1758212570404453205],148.15
[1758212570409544663],148.15
[1758212570414648101],148.15
[1758212570419757892],148.15
[1758212570424945549],148.15
[1758212570430051486],148.15
[1758212570435216590],148.15
[1758212570441510392],148.15
[1758212570446811330],148.15
[1758212570451923934],148.15
[1758212570457103309],148.15
[1758212570462277736],148.15
[1758212570467445757],148.15
[1758212570472659194],148.15
[1758212570477789976],148.15
[1758212570482995132],148.15
[1758212570488107476],148.15
[1758212570493277892],148.15
[1758212570498454038],148.15
[1758212570505001278],148.15
[1758212570510237319],148.15
[1758212570515358257],148.15
[1758212570520447319],148.15
[1758212570525627371],148.15
[1758212570530719507],148.15
[1758212570535813205],148.15
[1758212570540923413],148.15
[1758212570546400965],148.15
[1758212570551632267],148.15
[1758212570556748361],148.15
[1758212570561829142],148.15
[1758212570566934038],148.15
[1758212570572088934],148.15
[1758212570579425184],148.15
[1758212570585745913],148.15
[1758212570590992007],148.15
[1758212570596167111],148.15
[1758212570601297423],148.15
[1758212570606428621],148.15
[1758212570612926226],148.15
[1758212570619263882],148.15
[1758212570624569663],148.15
[1758212570629714194],148.15
[1758212570634844351],148.15
[1758212570639939507],148.15
[1758212570645054246],148.15
[1758212570650149611],148.15
[1758212570655625080],148.15
[1758212570660756121],148.15
[1758212570665994871],148.15
[1758212570671082371],148.15
[1758212570676269871],148.15
[1758212570681365757],148.15
[1758212570686498048],148.15
[1758212570691576330],148.15
[1758212570696701069],148.15
[1758212570701803934],148.15
[1758212570707023517],148.15
[1758212570712205444],148.15
[1758212570717349455],148.15
[1758212570723058257],148.15
[1758212570728206278],148.15
[1758212570733391226],148.15
[1758212570738503673],148.15
[1758212570743623361],148.15
[1758212570748753361],148.15
[1758212570753862423],148.15
[1758212570759002476],148.15
[1758212570764644559],148.15
[1758212570769836642],148.15
[1758212570775026486],148.15
[1758212570780127580],148.15
[1758212570785247371],148.15
[1758212570790372736],148.15
[1758212570795557319],148.15
[1758212570800714507],148.15
[1758212570805911694],148.15
[1758212570811102580],148.15
[1758212570816263830],148.15
[1758212570821422840],148.15
[1758212570826692267],148.15
[1758212570832353621],148.15
[1758212570838122475],148.15
[1758212570843475600],148.15
[1758212570848605965],148.15
[1758212570853761069],148.15
[1758212570858942007],148.15
[1758212570864091642],148.15
[1758212570869231903],148.15
[1758212570875903413],148.15
[1758212570881148621],148.15
[1758212570886299246],148.15
[1758212570891391382],148.15
[1758212570896586278],148.15
[1758212570901707215],148.15
[1758212570906824246],148.15
[1758212570911897007],148.15
[1758212570917030861],148.15
[1758212570922333361],148.15
[1758212570927575548],148.15
[1758212570932765548],148.15
[1758212570938325548],148.15
[1758212570945870548],148.15
[1758212570951347059],148.15
[1758212570956511017],148.15
[1758212570961581694],148.15
[1758212570966701173],148.15
[1758212570971804663],148.15
[1758212570976991330],148.15
[1758212570982474767],148.15
[1758212570987614403],148.15
[1758212570992863673],148.15
[1758212570998150913],148.15
[1758212571003300600],148.15
[1758212571008400184],148.15
[1758212571013502736],148.15
[1758212571018578725],148.15
[1758212571023757371],148.15
[1758212571028862527],148.15
[1758212571034072684],148.15
[1758212571039312892],148.15
[1758212571044809663],148.15
[1758212571049931486],148.15
[1758212571055081225],148.15
[1758212571060202736],148.15
[1758212571065324819],148.15
[1758212571070455288],148.15
[1758212571075674923],148.15
[1758212571080807944],148.15
[1758212571086015027],148.15
[1758212571092631121],148.15
[1758212571097899194],148.15
[1758212571103052111],148.15
[1758212571108253309],148.15
[1758212571113398621],148.15
[1758212571118505392],148.15
[1758212571123686955],148.15
[1758212571128795132],148.15
[1758212571133931173],148.15
[1758212571139135027],148.15
[1758212571144325444],148.15
[1758212571150718830],148.15
[1758212571156000861],148.15
[1758212571161102944],148.15
[1758212571166216694],148.15
[1758212571171325861],148.15
[1758212571176504819],148.15
[1758212571181597163],148.15
[1758212571186692580],148.15
[1758212571191796590],148.15
[1758212571197443986],148.15
[1758212571202711902],148.15
[1758212571207849559],148.15
[1758212571212964350],148.15
[1758212571218036694],148.15
[1758212571223258569],148.15
[1758212571228360027],148.15
[1758212571233546746],148.15
[1758212571238776590],148.15
[1758212571243959975],148.15
[1758212571249063152],148.15
[1758212571254236434],148.15
[1758212571259795079],148.15
[1758212571264940444],148.15
[1758212571270038569],148.15
[1758212571275256121],148.15
[1758212571280374090],148.15
[1758212571285521694],148.15
[1758212571290660392],148.15
[1758212571295832736],148.15
[1758212571301025184],148.15
[1758212571308004194],148.15
[1758212571314657736],148.15
[1758212571321167527],148.15
[1758212571326456694],148.15
[1758212571331564819],148.15
[1758212571336642423],148.15
[1758212571341728829],148.15
[1758212571346850392],148.15
[1758212571351929194],148.15
[1758212571357014454],148.15
[1758212571362684923],148.15
[1758212571368041850],148.15
[1758212571373194923],148.15
[1758212571378261486],148.15
[1758212571383361902],148.15
[1758212571388448100],148.15
[1758212571393535236],148.15
[1758212571398623100],148.15
[1758212571403797684],148.15
[1758212571409135757],148.15
[1758212571414720184],148.15
[1758212571419810913],148.15
[1758212571424969298],148.15
[1758212571430066173],148.15
[1758212571435211434],148.15
[1758212571440300861],148.15
[1758212571445380704],148.15
[1758212571450545184],148.15
[1758212571455773100],148.15
[1758212571460949350],148.15
[1758212571466051590],148.15
[1758212571471164663],148.15
[1758212571476841694],148.15
[1758212571481940236],148.15
[1758212571487054298],148.15
[1758212571492304038],148.15
[1758212571497491329],148.15
[1758212571502640444],148.15
[1758212571507722527],148.15
[1758212571515829402],148.15
[1758212571522225236],148.15
[1758212571528663725],148.15
[1758212571533932215],148.15
[1758212571539050704],148.15
[1758212571544191121],148.15
[1758212571549297319],148.15
[1758212571554463673],148.15
[1758212571559558517],148.15
[1758212571564712527],148.15
[1758212571569834402],148.15
[1758212571575083621],148.15
[1758212571580188934],148.15
[1758212571585672996],148.15
[1758212571590799246],148.15
[1758212571595899090],148.15
[1758212571601000496],148.15
[1758212571606236902],148.15
[1758212571611367059],148.15
[1758212571616512840],148.15
[1758212571621931329],148.15
[1758212571627259506],148.15
[1758212571632563517],148.15
[1758212571637678621],148.15
[1758212571642887215],148.15
[1758212571648001433],148.15
[1758212571653110548],148.15
[1758212571658253725],148.15
[1758212571663408933],148.15
[1758212571668589767],148.15
[1758212571673930079],148.15
[1758212571679114975],148.15
[1758212571684257683],148.15
[1758212571689372736],148.15
[1758212571696885079],148.15
[1758212571702442683],148.15
[1758212571707603256],148.15
[1758212571712761642],148.15
[1758212571717893829],148.15
[1758212571723089871],148.15
[1758212571728528777],148.15
[1758212571733687423],148.15
[1758212571738822683],148.15
[1758212571744080704],148.15
[1758212571749214923],148.15
[1758212571754343673],148.15
[1758212571759452579],148.15
[1758212571764582215],148.15
[1758212571769746277],148.15
[1758212571774957215],148.15
[1758212571780069506],148.15
[1758212571785336590],148.15
[1758212571790538933],148.15
[1758212571795731069],148.15
[1758212571801450288],148.15
[1758212571806620808],148.15
[1758212571811736902],148.15
[1758212571816860913],148.15
[1758212571822003413],148.15
[1758212571827209558],148.15
[1758212571832416694],148.15
[1758212571837887840],148.15
[1758212571843201850],148.15
[1758212571848387788],148.15
[1758212571853507111],148.15
[1758212571858619194],148.15
[1758212571863888881],148.15
[1758212571869009454],148.15
[1758212571874214402],148.15
[1758212571879313569],148.15
[1758212571884469038],148.15
[1758212571889747371],148.15
[1758212571894891225],148.15
[1758212571900047840],148.15
[1758212571905271694],148.15
[1758212571911875392],148.15
[1758212571917137788],148.15
[1758212571922317163],148.15
[1758212571927516017],148.15
[1758212571932694923],148.15
[1758212571937835600],148.15
[1758212571943277788],148.15
[1758212571948389298],148.15
[1758212571953598465],148.15
[1758212571958855704],148.15
[1758212571963996902],148.15
[1758212571969119610],148.15
[1758212571974362996],148.15
[1758212571979508569],148.15
[1758212571984671798],148.15
[1758212571989796642],148.15
[1758212571994961277],148.15
[1758212572000140548],148.15
[1758212572005277683],148.15
[1758212572010557006],148.15
[1758212572015689142],148.15
[1758212572020817423],148.15
[1758212572026042215],148.15
[1758212572031143725],148.15
[1758212572036325548],148.15
[1758212572041458048],148.15
[1758212572046596433],148.15
[1758212572052097788],148.15
[1758212572057272840],148.15
[1758212572062435860],148.15
[1758212572067622267],148.15
[1758212572073972996],148.15
[1758212572079274402],148.15
[1758212572084462371],148.15
[1758212572089563048],148.15
[1758212572094692996],148.15
[1758212572099791642],148.15
[1758212572104921537],148.15
[1758212572110073569],148.15
[1758212572115323621],148.15
[1758212572121372215],148.15
[1758212572126583673],148.15
[1758212572131689975],148.15
[1758212572136826121],148.15
[1758212572141919871],148.15
[1758212572147023985],148.15
[1758212572152174558],148.15
[1758212572158455756],148.15
[1758212572163946069],148.15
[1758212572169033985],148.15
[1758212572174236902],148.15
[1758212572179341798],148.15
[1758212572184452892],148.15
[1758212572189555704],148.15
[1758212572194690235],148.15
[1758212572199855183],148.15
[1758212572205179454],148.15
[1758212572210339923],148.15
[1758212572215475756],148.15
[1758212572220598465],148.15
[1758212572226194662],148.15
[1758212572231393465],148.15
[1758212572236491017],148.15
[1758212572241632683],148.15
[1758212572246970287],148.15
[1758212572252173308],148.15
[1758212572257282162],148.15
[1758212572262453725],148.15
[1758212572267605808],148.15
[1758212572274124246],148.15
[1758212572279382527],148.15
[1758212572284506121],148.15
[1758212572289608673],148.15
[1758212572294749246],148.15
[1758212572299892683],148.15
[1758212572305021069],148.15
[1758212572310123621],148.15
[1758212572315318204],148.15
[1758212572320549454],148.15
[1758212572325757839],148.15
[1758212572331153152],148.15
[1758212572336345339],148.15
[1758212572378969142],148.15
[1758212572386266694],148.15
[1758212572391562787],148.15
[1758212572396685548],148.15
[1758212572401260392],148.15
[1758212572404995339],148.15
[1758212572408653308],148.15
[1758212572412318464],148.15
[1758212572415979142],148.15
[1758212572419636954],148.15
[1758212572423337267],148.15
[1758212572426994558],148.15
[1758212572430736121],148.15
[1758212572434487527],148.15
[1758212572438145235],148.15
[1758212572441846069],148.15
[1758212572445506329],148.15
[1758212572449189506],148.15
[1758212572452890756],148.15
[1758212572456566902],148.15
[1758212572460231537],148.15
[1758212572463933100],148.15
[1758212572467592579],148.15
[1758212572472350287],148.15
[1758212572476131485],148.15
[1758212572479809558],148.15
[1758212572483545183],148.15
[1758212572487209714],148.15
[1758212572490868569],148.15
[1758212572494552996],148.15
[1758212572498205548],148.15
[1758212572501890808],148.15
[1758212572505565131],148.15
[1758212572509227423],148.15
[1758212572512976746],148.15
[1758212572516702058],148.15
[1758212572520441746],148.15
[1758212572524131173],148.15
[1758212572527851381],148.15
[1758212572531632735],148.15
[1758212572535329350],148.15
[1758212572539009298],148.15
[1758212572542702839],148.15
[1758212572546364610],148.15
[1758212572550069714],148.15
[1758212572553780444],148.15
[1758212572557435704],148.15
[1758212572561161902],148.15
[1758212572564848308],148.15
[1758212572568515131],148.15
[1758212572572239871],148.15
[1758212572576357527],148.15
[1758212572580161485],148.15
[1758212572583905183],148.15
[1758212572587568360],148.15
[1758212572591288256],148.15
[1758212572594981954],148.15
[1758212572598669089],148.15
[1758212572602378569],148.15
[1758212572606044610],148.15
[1758212572609707423],148.15
[1758212572613415808],148.15
[1758212572617120704],148.15
[1758212572620903829],148.15
[1758212572624628100],148.15
[1758212572628334506],148.15
[1758212572632268412],148.15
[1758212572635949141],148.15
[1758212572639614454],148.15
[1758212572643292162],148.15
[1758212572646975964],148.15
[1758212572650657371],148.15
[1758212572654344037],148.15
[1758212572658091069],148.15
[1758212572661780704],148.15
[1758212572665432475],148.15
[1758212572669089298],148.15
[1758212572672832683],148.15
[1758212572676569610],148.15
[1758212572680613152],148.15
[1758212572684451381],148.15
[1758212572688150287],148.15
[1758212572691856121],148.15
[1758212572695527423],148.15
[1758212572699191069],148.15
[1758212572702869975],148.15
[1758212572706526016],148.15
[1758212572710173152],148.15
[1758212572713874089],148.15
[1758212572717529298],148.15
[1758212572721286589],148.15
[1758212572725213673],148.15
[1758212572728948256],148.15
[1758212572732682944],148.15
[1758212572736338569],148.15
[1758212572739981329],148.15
[1758212572743677527],148.15
[1758212572747339037],148.15
[1758212572751039558],148.15
[1758212572754745079],148.15
[1758212572758406121],148.15
[1758212572762107266],148.15
[1758212572765802266],148.15
[1758212572769611589],148.15
[1758212572773299662],148.15
[1758212572776980912],148.15
[1758212572780663464],148.15
[1758212572784450964],148.15
[1758212572788377996],148.15
[1758212572792110235],148.15
[1758212572795785756],148.15
[1758212572799456589],148.15
[1758212572803163777],148.15
[1758212572807990756],148.15
[1758212572811713412],148.15
[1758212572815357943],148.15
[1758212572819056537],148.15
[1758212572822761641],148.15
[1758212572826419871],148.15
[1758212572830117475],148.15
[1758212572833941121],148.15
[1758212572837602943],148.15
[1758212572841337839],148.15
[1758212572844985183],148.15
[1758212572848656068],148.15
[1758212572852351016],148.15
[1758212572856043100],148.15
[1758212572859692683],148.15
[1758212572863332058],148.15
[1758212572867003152],148.15
[1758212572870659506],148.15
[1758212572874355548],148.15
[1758212572878046641],148.15
[1758212572882030912],148.15
[1758212572885751589],148.15
[1758212572889434923],148.15
[1758212572893405600],148.15
[1758212572897108152],148.15
[1758212572900774193],148.15
[1758212572904450027],148.15
[1758212572908107787],148.15
[1758212572911758308],148.15
[1758212572915456902],148.15
[1758212572919112631],148.15
[1758212572922814610],148.15
[1758212572926488985],148.15
[1758212572930264298],148.15
[1758212572934007110],148.15
[1758212572937671902],148.15
[1758212572941472162],148.15
[1758212572945172423],148.15
[1758212572948849923],148.15
[1758212572952528568],148.15
[1758212572956182839],148.15
[1758212572959844818],148.15
[1758212572963596485],148.15
[1758212572967285287],148.15
[1758212572971102110],148.15
[1758212572974814818],148.15
[1758212572978494193],148.15
[1758212572982412058],148.15
[1758212572986092943],148.15
[1758212572989775027],148.15
[1758212572993435339],148.15
[1758212572997428829],148.15
[1758212573001201589],148.15
[1758212573004873308],148.15
[1758212573008549506],148.15
[1758212573012213152],148.15
[1758212573015867058],148.15
[1758212573019519818],148.15
[1758212573023257370],148.15
[1758212573027114558],148.15
[1758212573030864454],148.15
[1758212573034624558],148.15
[1758212573038320079],148.15
[1758212573042034818],148.15
[1758212573045693256],148.15
[1758212573049371537],148.15
[1758212573053047266],148.15
[1758212573056728516],148.15
[1758212573060406745],148.15
[1758212573064103100],148.15
[1758212573067867839],148.15
[1758212573071593620],148.15
[1758212573075259870],148.15
[1758212573078926068],148.15
[1758212573082852631],148.15
[1758212573086575912],148.15
[1758212573090224037],148.15
[1758212573093896381],148.15
[1758212573097531745],148.15
[1758212573101256693],148.15
[1758212573105208256],148.15
[1758212573110362110],148.15
[1758212573116685287],148.15
[1758212573121920235],148.15
[1758212573127058516],148.15
[1758212573132231225],148.15
[1758212573137441381],148.15
[1758212573142603725],148.15
[1758212573147697214],148.15
[1758212573153009298],148.15
[1758212573158177423],148.15
[1758212573163391589],148.15
[1758212573168527110],148.15
[1758212573173643881],148.15
[1758212573178725287],148.15
[1758212573183993047],148.15
[1758212573189150131],148.15
[1758212573194329662],148.15
[1758212573199423881],148.15
[1758212573204543672],148.15
[1758212573209662527],148.15
[1758212573215221485],148.15
[1758212573220421693],148.15
[1758212573225861954],148.15
[1758212573231034870],148.15
[1758212573236296537],148.15
[1758212573241396954],148.15
[1758212573246489870],148.15
[1758212573252092579],148.15
[1758212573258241589],148.15
[1758212573263391902],148.15
[1758212573268547943],148.15
[1758212573273668360],148.15
[1758212573278760235],148.15
[1758212573283961433],148.15
[1758212573289063204],148.15
[1758212573297140808],148.15
[1758212573302590287],148.15
[1758212573307694297],148.15
[1758212573312900860],148.15
[1758212573318073672],148.15
[1758212573323573412],148.15
[1758212573328695964],148.15
[1758212573336854089],148.15
[1758212573342212683],148.15
[1758212573347421745],148.15
[1758212573352552006],148.15
[1758212573357630443],148.15
[1758212573362776381],148.15
[1758212573367908100],148.15
[1758212573373002683],148.15
[1758212573378116433],148.15
[1758212573383348829],148.15
[1758212573388556172],148.15
[1758212573393649506],148.15
[1758212573398746172],148.15
[1758212573403880339],148.15
[1758212573408993672],148.15
[1758212573414107891],148.15
[1758212573419210183],148.15
[1758212573424370756],148.15
[1758212573429877631],148.15
[1758212573435112943],148.15
[1758212573440231954],148.15
[1758212573445388047],148.15
[1758212573452092422],148.15
[1758212573457340339],148.15
[1758212573462494818],148.15
[1758212573467568568],148.15
[1758212573472739454],148.15
[1758212573477880495],148.15
[1758212573483119037],148.15
[1758212573488227527],148.15
[1758212573493487422],148.15
[1758212573498705547],148.15
[1758212573503820547],148.15
[1758212573508889454],148.15
[1758212573514000183],148.15
[1758212573519153308],148.15
[1758212573524309818],148.15
[1758212573529482631],148.15
[1758212573535218568],148.15
[1758212573540471224],148.15
[1758212573545719402],148.15
[1758212573550812891],148.15
[1758212573555990339],148.15
[1758212573561515079],148.15
[1758212573566660443],148.15
[1758212573571951849],148.15
[1758212573579941329],148.15
[1758212573585372214],148.15
[1758212573590506849],148.15
[1758212573595674349],148.15
[1758212573600783620],148.15
[1758212573605914610],148.15
[1758212573611026433],148.15
[1758212573616147579],148.15
[1758212573621260756],148.15
[1758212573626428724],148.15
[1758212573631631172],148.15
[1758212573636746172],148.15
[1758212573642897474],148.15
[1758212573648044454],148.15
[1758212573653173360],148.15
[1758212573658278256],148.15
[1758212573663406641],148.15
[1758212573669583881],148.15
[1758212573676141797],148.15
[1758212573681378568],148.15
[1758212573686503933],148.15
[1758212573691656120],148.15
[1758212573696858776],148.15
[1758212573701944349],148.15
[1758212573707045964],148.15
[1758212573712272579],148.15
[1758212573717516537],148.15
[1758212573722776016],148.15
[1758212573727931016],148.15
[1758212573733042839],148.15
[1758212573738160860],148.15
[1758212573743378568],148.15
[1758212573748687474],148.15
[1758212573753857318],148.15
[1758212573759020391],148.15
[1758212573764172058],148.15
[1758212573769297318],148.15
[1758212573775037839],148.15
[1758212573780173099],148.15
[1758212573785261224],148.15
[1758212573790409037],148.15
[1758212573795634558],148.15
[1758212573800764037],148.15
[1758212573805884401],148.15
[1758212573811006745],148.15
[1758212573816192683],148.15
[1758212573821362370],148.15
[1758212573826476901],148.15
[1758212573831586068],148.15
[1758212573836686172],148.15
[1758212573841766224],148.15
[1758212573846952370],148.15
[1758212573852104245],148.15
[1758212573857971797],148.15
[1758212573863212526],148.15
[1758212573868297266],148.15
[1758212573873414089],148.15
[1758212573878553308],148.15
[1758212573884028308],148.15
[1758212573889180287],148.15
[1758212573895168828],148.15
[1758212573900422110],148.15
[1758212573905547787],148.15
[1758212573910660495],148.15
[1758212573915842578],148.15
[1758212573920954453],148.15
[1758212573926097631],148.15
[1758212573931229401],148.15
[1758212573936367578],148.15
[1758212573943012162],148.15
[1758212573948106641],148.15
[1758212573953214558],148.15
[1758212573958306797],148.15
[1758212573964337422],148.15
[1758212573970875964],148.15
[1758212573976107474],148.15
[1758212573981198568],148.15
[1758212573986335131],148.15
[1758212573992918568],148.15
[1758212573998168881],148.15
[1758212574003279193],148.15
[1758212574008377422],148.15
[1758212574013520026],148.15
[1758212574018630651],148.15
[1758212574023748464],148.15
[1758212574028940339],148.15
[1758212574034144089],148.15
[1758212574039332006],148.15
[1758212574044488828],148.15
[1758212574049581224],148.15
[1758212574054728308],148.15
[1758212574059833933],148.15
[1758212574064947787],148.15
[1758212574070493203],148.15
[1758212574075670808],148.15
[1758212574080780651],148.15
[1758212574085909193],148.15
[1758212574091084193],148.15
[1758212574096279297],148.15
[1758212574101742735],148.15
[1758212574106907683],148.15
[1758212574112215547],148.15
[1758212574117378516],148.15
[1758212574122578412],148.15
[1758212574127682318],148.15
[1758212574132915287],148.15
[1758212574138079610],148.15
[1758212574143290964],148.15
[1758212574148395183],148.15
[1758212574153540703],148.15
[1758212574158755547],148.15
[1758212574163878255],148.15
[1758212574168974037],148.15
[1758212574174181849],148.15
[1758212574180727474],148.15
[1758212574185979089],148.15
[1758212574191089505],148.15
[1758212574196291068],148.15
[1758212574201391380],148.15
[1758212574206512005],148.15
[1758212574212670599],148.15
[1758212574217794089],148.15
[1758212574223002110],148.15
[1758212574228238776],148.15
[1758212574233418047],148.15
[1758212574238524870],148.15
[1758212574243737370],148.15
[1758212574248827110],148.15
[1758212574253937839],148.15
[1758212574259035599],148.15
[1758212574266952422],148.15
[1758212574273761432],148.15
[1758212574280196224],148.15
[1758212574285421276],148.15
[1758212574290525287],148.15
[1758212574295738255],148.15
[1758212574300938724],148.15
[1758212574306070547],148.15
[1758212574311214401],148.15
[1758212574316377162],148.15
[1758212574321971901],148.15
[1758212574327569766],148.15
[1758212574332797162],148.15
[1758212574337919714],148.15
[1758212574343112630],148.15
[1758212574348229505],148.15
[1758212574353377735],148.15
[1758212574358495547],148.15
[1758212574363722995],148.15
[1758212574369026328],148.15
[1758212574374159610],148.15
[1758212574379260026],148.15
[1758212574384398516],148.15
[1758212574389827110],148.15
[1758212574395019870],148.15
[1758212574400144245],148.15
[1758212574405274818],148.15
[1758212574410510651],148.15
[1758212574415680703],148.15
[1758212574420780755],148.15
[1758212574426012995],148.15
[1758212574431132891],148.15
[1758212574436652526],148.15
[1758212574441802266],148.15
[1758212574447059974],148.15
[1758212574452898203],148.15
[1758212574458194922],148.15
[1758212574463384297],148.15
[1758212574468519349],148.15
[1758212574473661693],148.15
[1758212574478759089],148.15
[1758212574483858412],148.15
[1758212574488957266],148.15
[1758212574494841484],148.15
[1758212574501188307],148.15
[1758212574506446537],148.15
[1758212574511631328],148.15
[1758212574516821276],148.15
[1758212574521934974],148.15
[1758212574527054401],148.15
[1758212574532227266],148.15
[1758212574537330703],148.15
[1758212574544799662],148.15
[1758212574550430026],148.15
[1758212574555605912],148.15
[1758212574560711068],148.15
[1758212574565839505],148.15
[1758212574571005130],148.15
[1758212574576150964],148.15
[1758212574581251068],148.15
[1758212574586394349],148.15
[1758212574591708984],148.15
[1758212574596902162],148.15
[1758212574602028047],148.15
[1758212574608612266],148.15
[1758212574613867526],148.15
[1758212574618982266],148.15
[1758212574624121276],148.15
[1758212574629223412],148.15
[1758212574634303672],148.15
[1758212574639407734],148.15
[1758212574644627370],148.15
[1758212574649766953],148.15
[1758212574654990599],148.15
[1758212574660459349],148.15
[1758212574665603984],148.15
[1758212574670716849],148.15
[1758212574675860859],148.15
[1758212574680962266],148.15
[1758212574686109089],148.15
[1758212574691225287],148.15
[1758212574696468516],148.15
[1758212574701708359],148.15
[1758212574706878203],148.15
[1758212574712034297],148.15
[1758212574717645599],148.15
[1758212574722884818],148.15
[1758212574727988151],148.15
[1758212574733157526],148.15
[1758212574738263724],148.15
[1758212574743457109],148.15
[1758212574748567370],148.15
[1758212574753746901],148.15
[1758212574759003776],148.15
[1758212574764190964],148.15
[1758212574770697630],148.15
[1758212574775951120],148.15
[1758212574781040182],148.15
[1758212574786147630],148.15
[1758212574791258464],148.15
[1758212574796450859],148.15
[1758212574801580495],148.15
[1758212574806722578],148.15
[1758212574811835391],148.15
[1758212574817139245],148.15
[1758212574822499557],148.15
[1758212574827645755],148.15
[1758212574832826641],148.15
[1758212574838028828],148.15
[1758212574843254505],148.15
[1758212574848375391],148.15
[1758212574853526953],148.15
[1758212574858698464],148.15
[1758212574863853516],148.15
[1758212574868949401],148.15
[1758212574874056693],148.15
[1758212574879193776],148.15
[1758212574884799870],148.15
[1758212574889934141],148.15
[1758212574895123464],148.15
[1758212574900276641],148.15
[1758212574905469089],148.15
[1758212574910603620],148.15
[1758212574915736536],148.15
[1758212574920874141],148.15
[1758212574926072943],148.15
[1758212574931917995],148.15
[1758212574937137526],148.15
[1758212574942906380],148.15
[1758212574948072682],148.15
[1758212574953201276],148.15
[1758212574958328724],148.15
[1758212574963488828],148.15
[1758212574968645234],148.15
[1758212574973926224],148.15
[1758212574979184818],148.15
[1758212574984346380],148.15
[1758212574990648776],148.15
[1758212574995963828],148.15
[1758212575001039401],148.15
[1758212575006146068],148.15
[1758212575011222370],148.15
[1758212575016347266],148.15
[1758212575021412682],148.15
[1758212575026565703],148.15
[1758212575031701745],148.15
[1758212575037355755],148.15
[1758212575042610651],148.15
[1758212575047863776],148.15
[1758212575053029661],148.15
[1758212575058140703],148.15
[1758212575063313672],148.15
[1758212575068436901],148.15
[1758212575073581432],148.15
[1758212575078843880],148.15
[1758212575084073255],148.15
[1758212575089189193],148.15
[1758212575094395963],148.15
[1758212575103056432],148.15
[1758212575108221328],148.15
[1758212575113405859],148.15
[1758212575118543568],148.15
[1758212575123676797],148.15
[1758212575128793776],148.15
[1758212575133948620],148.15
[1758212575139138880],148.15
[1758212575145670495],148.15
[1758212575150953515],148.15
[1758212575156102526],148.15
[1758212575161201015],148.15
[1758212575166334765],148.15
[1758212575171439297],148.15
[1758212575176631536],148.15
[1758212575181747890],148.15
[1758212575186955859],148.15
[1758212575192238568],148.15
[1758212575197442474],148.15
[1758212575202633620],148.15
[1758212575209176901],148.15
[1758212575214437734],148.15
[1758212575219579245],148.15
[1758212575224719922],148.15
[1758212575229822734],148.15
[1758212575234903203],148.15
[1758212575240019505],148.15
[1758212575245255651],148.15
[1758212575251731953],148.15
[1758212575256992422],148.15
[1758212575262177265],148.15
[1758212575267322890],148.15
[1758212575272484036],148.15
[1758212575277601120],148.15
[1758212575282768880],148.15
[1758212575287900963],148.15
[1758212575293165390],148.15
[1758212575298372630],148.15
[1758212575303567265],148.15
[1758212575308731797],148.15
[1758212575314281068],148.15
[1758212575319423932],148.15
[1758212575324562057],148.15
[1758212575329698620],148.15
[1758212575334880286],148.15
[1758212575340016380],148.15
[1758212575345257213],148.15
[1758212575350379713],148.15
[1758212575355582370],148.15
[1758212575361135911],148.15
[1758212575366276640],148.15
[1758212575371384870],148.15
[1758212575376592422],148.15
[1758212575381720182],148.15
[1758212575386873515],148.15
[1758212575392005599],148.15
[1758212575397279245],148.15
[1758212575402533203],148.15
[1758212575407751849],148.15
[1758212575412970234],148.15
[1758212575418103151],148.15
[1758212575424663099],148.15
[1758212575429955807],148.15
[1758212575435078203],148.15
[1758212575440172942],148.15
[1758212575445334870],148.15
[1758212575450423463],148.15
[1758212575455533880],148.15
[1758212575460638151],148.15
[1758212575467056901],148.15
[1758212575472593307],148.15
[1758212575477703672],148.15
[1758212575482881745],148.15
[1758212575488056328],148.15
[1758212575493241067],148.15
[1758212575498328724],148.15
[1758212575503490234],148.15
[1758212575508603724],148.15
[1758212575513846224],148.15
[1758212575519117630],148.15
[1758212575524284453],148.15
[1758212575531083620],148.15
[1758212575536568880],148.15
[1758212575541699974],148.15
[1758212575546898203],148.15
[1758212575552004036],148.15
[1758212575557133620],148.15
[1758212575562294661],148.15
[1758212575567429609],148.15
[1758212575573843463],148.15
[1758212575579114661],148.15
[1758212575584240338],148.15
[1758212575589350807],148.15
[1758212575594546849],148.15
[1758212575599649244],148.15
[1758212575604757682],148.15
[1758212575609860859],148.15
[1758212575615063776],148.15
[1758212575620196536],148.15
[1758212575625402838],148.15
[1758212575630558672],148.15
[1758212575636102526],148.15
[1758212575641253828],148.15
[1758212575646590703],148.15
[1758212575651716744],148.15
[1758212575656862578],148.15
[1758212575661975130],148.15
[1758212575667101380],148.15
[1758212575672341432],148.15
[1758212575677611432],148.15
[1758212575683300755],148.15
[1758212575688436536],148.15
[1758212575693607994],148.15
[1758212575698704088],148.15
[1758212575703823359],148.15
[1758212575708897057],148.15
[1758212575714066953],148.15
[1758212575719178880],148.15
[1758212575724376640],148.15
[1758212575729578203],148.15
[1758212575734700651],148.15
[1758212575739817474],148.15
[1758212575745370390],148.15
[1758212575750526276],148.15
[1758212575755664609],148.15
[1758212575760759922],148.15
[1758212575765898932],148.15
[1758212575771031015],148.15
[1758212575776117109],148.15
[1758212575781266901],148.15
[1758212575786461276],148.15
[1758212575792046849],148.15
[1758212575797212630],148.15
[1758212575802458151],148.15
[1758212575807668619],148.15
[1758212575812883255],148.15
[1758212575818058255],148.15
[1758212575823214609],148.15
[1758212575828347578],148.15
[1758212575833628567],148.15
[1758212575838759192],148.15
[1758212575843879765],148.15
[1758212575849010651],148.15
[1758212575855943411],148.15
[1758212575861202526],148.15
[1758212575866441224],148.15
[1758212575871590286],148.15
[1758212575876725911],148.15
[1758212575881826849],148.15
[1758212575886946536],148.15
[1758212575892053046],148.15
[1758212575897525651],148.15
[1758212575902900026],148.15
[1758212575908035182],148.15
[1758212575913211484],148.15
[1758212575918370494],148.15
[1758212575923486328],148.15
[1758212575928624765],148.15
[1758212575933792682],148.15
[1758212575938917578],148.15
[1758212575944165703],148.15
[1758212575949287734],148.15
[1758212575954506276],148.15
[1758212575959994036],148.15
[1758212575965185078],148.15
[1758212575970331640],148.15
[1758212575975506588],148.15
[1758212575983066224],148.15
[1758212575988520911],148.15
[1758212575993752265],148.15
[1758212575998955703],148.15
[1758212576005497890],148.15
[1758212576010718724],148.15
[1758212576015842057],148.15
[1758212576020964505],148.15
[1758212576026102942],148.15
[1758212576031277109],148.15
[1758212576036416692],148.15
[1758212576041580963],148.15
[1758212576046736067],148.15
[1758212576051972682],148.15
[1758212576057386015],148.15
[1758212576065486067],148.15
[1758212576070733203],148.15
[1758212576075866015],148.15
[1758212576080998411],148.15
[1758212576086149401],148.15
[1758212576091260390],148.15
[1758212576096379869],148.15
[1758212576101506119],148.15
[1758212576106763932],148.15
[1758212576112393567],148.15
[1758212576117556744],148.15
[1758212576122733619],148.15
[1758212576127881953],148.15
[1758212576133001432],148.15
[1758212576138117578],148.15
[1758212576143261067],148.15
[1758212576148378776],148.15
[1758212576153636380],148.15
[1758212576158851796],148.15
[1758212576164015911],148.15
[1758212576170548619],148.15
[1758212576175814453],148.15
[1758212576180930651],148.15
[1758212576186077734],148.15
[1758212576191179088],148.15
[1758212576196287526],148.15
[1758212576201379557],148.15
[1758212576206620651],148.15
[1758212576211763307],148.15
[1758212576216995546],148.15
[1758212576222542109],148.15
[1758212576227672213],148.15
[1758212576232953515],148.15
[1758212576238099088],148.15
[1758212576243191015],148.15
[1758212576248312369],148.15
[1758212576253547525],148.15
[1758212576258644609],148.15
[1758212576263794609],148.15
[1758212576269023775],148.15
[1758212576274152942],148.15
[1758212576279610025],148.15
[1758212576284717786],148.15
[1758212576289824453],148.15
[1758212576294960755],148.15
[1758212576300071015],148.15
[1758212576305270182],148.15
[1758212576310427213],148.15
[1758212576315642473],148.15
[1758212576320790338],148.15
[1758212576326024140],148.15
[1758212576332662578],148.15
[1758212576337981223],148.15
[1758212576343066015],148.15
[1758212576348161067],148.15
[1758212576353366380],148.15
[1758212576358493671],148.15
[1758212576363588984],148.15
[1758212576368697005],148.15
[1758212576373879244],148.15
[1758212576379134921],148.15
[1758212576384345442],148.15
[1758212576389866067],148.15
[1758212576395032161],148.15
[1758212576400252317],148.15
[1758212576405454609],148.15
[1758212576410611588],148.15
[1758212576415813775],148.15
[1758212576420977786],148.15
[1758212576426155963],148.15
[1758212576431415078],148.15
[1758212576436942213],148.15
[1758212576442071328],148.15
[1758212576447211692],148.15
[1758212576452460234],148.15
[1758212576457619713],148.15
[1758212576462807942],148.15
[1758212576467955911],148.15
[1758212576473301952],148.15
[1758212576478547369],148.15
[1758212576483701848],148.15
[1758212576488832786],148.15
[1758212576494120338],148.15
[1758212576499738202],148.15
[1758212576504985442],148.15
[1758212576510105963],148.15
[1758212576515289817],148.15
[1758212576520489869],148.15
[1758212576525660234],148.15
[1758212576530813827],148.15
[1758212576535972942],148.15
[1758212576541190077],148.15
[1758212576546806223],148.15
[1758212576551990390],148.15
[1758212576557216067],148.15
[1758212576562452838],148.15
[1758212576567618932],148.15
[1758212576572864557],148.15
[1758212576577980911],148.15
[1758212576583120911],148.15
[1758212576588243359],148.15
[1758212576593507109],148.15
[1758212576598634921],148.15
[1758212576603849192],148.15
[1758212576609281796],148.15
[1758212576614470390],148.15
[1758212576619601848],148.15
[1758212576624773359],148.15
[1758212576629944713],148.15
[1758212576635154192],148.15
[1758212576640339557],148.15
[1758212576645507213],148.15
[1758212576650681067],148.15
[1758212576656188411],148.15
[1758212576661365911],148.15
[1758212576666564348],148.15
[1758212576671697786],148.15
[1758212576676952473],148.15
[1758212576682059921],148.15
[1758212576687207734],148.15
[1758212576692421432],148.15
[1758212576697579400],148.15
[1758212576704886171],148.15
[1758212576710245546],148.15
[1758212576716665442],148.15
[1758212576722289713],148.15
[1758212576727440598],148.15
[1758212576732617057],148.15
[1758212576737746171],148.15
[1758212576742904557],148.15
[1758212576748029140],148.15
[1758212576753266848],148.15
[1758212576758412890],148.15
[1758212576763986536],148.15
[1758212576769166119],148.15
[1758212576774305077],148.15
[1758212576779479140],148.15
[1758212576784626952],148.15
[1758212576789744817],148.15
[1758212576794902682],148.15
[1758212576800019817],148.15
[1758212576805329140],148.15
[1758212576810492265],148.15
[1758212576815601900],148.15
[1758212576820760859],148.15
[1758212576825935650],148.15
[1758212576831405077],148.15
[1758212576836555390],148.15
[1758212576841680390],148.15
[1758212576846901119],148.15
[1758212576852008307],148.15
[1758212576857181952],148.15
[1758212576862421327],148.15
[1758212576867562890],148.15
[1758212576873174609],148.15
[1758212576878345546],148.15
[1758212576883515129],148.15
[1758212576888614973],148.15
[1758212576893782525],148.15
[1758212576898893306],148.15
[1758212576904089192],148.15
[1758212576909209556],148.15
[1758212576914467734],148.15
[1758212576919640859],148.15
[1758212576924781431],148.15
[1758212576929893150],148.15
[1758212576935043671],148.15
[1758212576940589817],148.15
[1758212576945779973],148.15
[1758212576950916796],148.15
[1758212576956112942],148.15
[1758212576961197734],148.15
[1758212576966305025],148.15
[1758212576971445181],148.15
[1758212576976624140],148.15
[1758212576982181796],148.15
[1758212576987403150],148.15
[1758212576992586692],148.15
[1758212576997714921],148.15
[1758212577003008359],148.15
[1758212577008119036],148.15
[1758212577013229504],148.15
[1758212577018392890],148.15
[1758212577023612525],148.15
[1758212577028819036],148.15
[1758212577033919192],148.15
[1758212577039016067],148.15
[1758212577044170234],148.15
[1758212577050720911],148.15
[1758212577056003463],148.15
[1758212577061120390],148.15
[1758212577066267786],148.15
[1758212577071385546],148.15
[1758212577076506379],148.15
[1758212577081630286],148.15
[1758212577088006588],148.15
[1758212577094373254],148.15
[1758212577099631588],148.15
[1758212577104799348],148.15
[1758212577109894556],148.15
[1758212577115051119],148.15
[1758212577120199869],148.15
[1758212577125350806],148.15
[1758212577130449556],148.15
[1758212577135625650],148.15
[1758212577140803463],148.15
[1758212577145920390],148.15
[1758212577151040754],148.15
[1758212577156613983],148.15
[1758212577161706275],148.15
[1758212577166794088],148.15
[1758212577171884817],148.15
[1758212577177074973],148.15
[1758212577182262213],148.15
[1758212577187417890],148.15
[1758212577192787108],148.15
[1758212577198070911],148.15
[1758212577203239504],148.15
[1758212577208370702],148.15
[1758212577213519608],148.15
[1758212577218649140],148.15
[1758212577223790806],148.15
[1758212577228914869],148.15
[1758212577234076275],148.15
[1758212577239215598],148.15
[1758212577244350754],148.15
[1758212577249463254],148.15
[1758212577254707108],148.15
[1758212577259859504],148.15
[1758212577266573567],148.15
[1758212577271779348],148.15
[1758212577276871536],148.15
[1758212577281969973],148.15
[1758212577287098775],148.15
[1758212577292269296],148.15
[1758212577297526275],148.15
[1758212577303256119],148.15
[1758212577308514973],148.15
[1758212577313749973],148.15
[1758212577318885806],148.15
[1758212577324124348],148.15
[1758212577329254348],148.15
[1758212577334390181],148.15
[1758212577339501692],148.15
[1758212577344675181],148.15
[1758212577349863879],148.15
[1758212577355213775],148.15
[1758212577360364296],148.15
[1758212577365581015],148.15
[1758212577372243723],148.15
[1758212577378635754],148.15
[1758212577383895025],148.15
[1758212577389018723],148.15
[1758212577394158567],148.15
[1758212577399360963],148.15
[1758212577404614713],148.15
[1758212577411042785],148.15
[1758212577416312525],148.15
[1758212577421474348],148.15
[1758212577426615338],148.15
[1758212577431718879],148.15
[1758212577436842056],148.15
[1758212577441938098],148.15
[1758212577447054713],148.15
[1758212577452277525],148.15
[1758212577457496900],148.15
[1758212577462729296],148.15
[1758212577467871744],148.15
[1758212577473019296],148.15
[1758212577478702213],148.15
[1758212577483857838],148.15
[1758212577488979400],148.15
[1758212577494136483],148.15
[1758212577499242108],148.15
[1758212577504366796],148.15
[1758212577509492942],148.15
[1758212577514768983],148.15
[1758212577520391640],148.15
[1758212577525562317],148.15
[1758212577530672160],148.15
[1758212577535887369],148.15
[1758212577540998983],148.15
[1758212577546115910],148.15
[1758212577551260546],148.15
[1758212577558627577],148.15
[1758212577564175337],148.15
[1758212577569300233],148.15
[1758212577574436796],148.15
[1758212577579543202],148.15
[1758212577586053150],148.15
[1758212577591272317],148.15
[1758212577596380910],148.15
[1758212577601462317],148.15
[1758212577606576119],148.15
[1758212577611662265],148.15
[1758212577616834973],148.15
[1758212577622117577],148.15
[1758212577627677265],148.15
[1758212577634180546],148.15
[1758212577639410806],148.15
[1758212577644527994],148.15
[1758212577649626327],148.15
[1758212577654762525],148.15
[1758212577659869400],148.15
[1758212577665033931],148.15
[1758212577670146848],148.15
[1758212577675325858],148.15
[1758212577680535650],148.15
[1758212577685699348],148.15
[1758212577691713671],148.15
[1758212577696901744],148.15
[1758212577701981223],148.15
[1758212577707093254],148.15
[1758212577712280181],148.15
[1758212577717479035],148.15
[1758212577722682265],148.15
[1758212577727920181],148.15
[1758212577733508358],148.15
[1758212577738677369],148.15
[1758212577743796431],148.15
[1758212577748971327],148.15
[1758212577754178462],148.15
[1758212577759322160],148.15
[1758212577764655650],148.15
[1758212577769821379],148.15
[1758212577775008150],148.15
[1758212577780268098],148.15
[1758212577785439608],148.15
[1758212577790556848],148.15
[1758212577795738462],148.15
[1758212577801183983],148.15
[1758212577806319608],148.15
[1758212577811442577],148.15
[1758212577816943567],148.15
[1758212577822225702],148.15
[1758212577827385077],148.15
[1758212577832594712],148.15
[1758212577837737733],148.15
[1758212577843217369],148.15
[1758212577848346379],148.15
[1758212577853570442],148.15
[1758212577858870962],148.15
[1758212577864137889],148.15
[1758212577869321900],148.15
[1758212577874485337],148.15
[1758212577879597942],148.15
[1758212577884726327],148.15
[1758212577889833514],148.15
[1758212577895004035],148.15
[1758212577900256587],148.15
[1758212577905460337],148.15
[1758212577912237212],148.15
[1758212577917712785],148.15
[1758212577922954504],148.15
[1758212577928073202],148.15
[1758212577933237525],148.15
[1758212577938347264],148.15
[1758212577943435910],148.15
[1758212577948522369],148.15
[1758212577955753879],148.15
[1758212577961028202],148.15
[1758212577966201014],148.15
[1758212577971313358],148.15
[1758212577976462317],148.15
[1758212577981585806],148.15
[1758212577986709400],148.15
[1758212577991817837],148.15
[1758212577996984921],148.15
[1758212578002281014],148.15
[1758212578007418879],148.15
[1758212578012660389],148.15
[1758212578018186900],148.15
[1758212578023368046],148.15
[1758212578028534139],148.15
[1758212578033689973],148.15
[1758212578038840546],148.15
[1758212578043969191],148.15
[1758212578049128671],148.15
[1758212578054300494],148.15
[1758212578059470598],148.15
[1758212578065119035],148.15
[1758212578070346379],148.15
[1758212578075463879],148.15
[1758212578080570233],148.15
[1758212578085722160],148.15
[1758212578090832889],148.15
[1758212578095996014],148.15
[1758212578101101744],148.15
[1758212578106271900],148.15
[1758212578111545337],148.15
[1758212578116755806],148.15
[1758212578121913306],148.15
[1758212578127523306],148.15
[1758212578133882785],148.15
[1758212578139115389],148.15
[1758212578144259191],148.15
[1758212578149384712],148.15
[1758212578154529816],148.15
[1758212578159645910],148.15
[1758212578164833827],148.15
[1758212578171255025],148.15
[1758212578177615754],148.15
[1758212578184014869],148.15
[1758212578189233775],148.15
[1758212578194346691],148.15
[1758212578199441848],148.15
[1758212578204557212],148.15
[1758212578209651171],148.15
[1758212578214784556],148.15
[1758212578219890389],148.15
[1758212578225145598],148.15
[1758212578230359296],148.15
[1758212578235880389],148.15
[1758212578241017525],148.15
[1758212578246107681],148.15
[1758212578251192108],148.15
[1758212578256329816],148.15
[1758212578261435337],148.15
[1758212578266546379],148.15
[1758212578271711483],148.15
[1758212578277278671],148.15
[1758212578282562993],148.15
[1758212578287650389],148.15
[1758212578292839921],148.15
[1758212578297945910],148.15
[1758212578303045129],148.15
[1758212578308136223],148.15
[1758212578313330650],148.15
[1758212578318581587],148.15
[1758212578324209243],148.15
[1758212578329403879],148.15
[1758212578334539296],148.15
[1758212578339750858],148.15
[1758212578346702993],148.15
[1758212578353416952],148.15
[1758212578360213358],148.15
[1758212578365616848],148.15
[1758212578370745858],148.15
[1758212578375938723],148.15
[1758212578381030806],148.15
[1758212578388883046],148.15
[1758212578394236796],148.15
[1758212578399432733],148.15
[1758212578404556431],148.15
[1758212578409648931],148.15
[1758212578414769608],148.15
[1758212578419874764],148.15
[1758212578425103514],148.15
[1758212578430252837],148.15
[1758212578435438879],148.15
[1758212578440595441],148.15
[1758212578445724660],148.15
[1758212578452346691],148.15
[1758212578458775025],148.15
[1758212578464048045],148.15
[1758212578469214087],148.15
[1758212578474399868],148.15
[1758212578479514348],148.15
[1758212578484667004],148.15
[1758212578489866848],148.15
[1758212578495116327],148.15
[1758212578503670545],148.15
[1758212578509045181],148.15
[1758212578514272420],148.15
[1758212578519369191],148.15
[1758212578524552160],148.15
[1758212578529712160],148.15
[1758212578534872785],148.15
[1758212578539977160],148.15
[1758212578545143202],148.15
[1758212578550276223],148.15
[1758212578555490285],148.15
[1758212578561024608],148.15
[1758212578566181275],148.15
[1758212578571297993],148.15
[1758212578576465025],148.15
[1758212578581582577],148.15
[1758212578586777004],148.15
[1758212578591893306],148.15
[1758212578597043254],148.15
[1758212578602342993],148.15
[1758212578607650389],148.15
[1758212578612860754],148.15
[1758212578617977004],148.15
[1758212578623082525],148.15
[1758212578628213254],148.15
[1758212578633439973],148.15
[1758212578638567993],148.15
[1758212578643671535],148.15
[1758212578648788722],148.15
[1758212578653904608],148.15
[1758212578659005650],148.15
[1758212578664117577],148.15
[1758212578669662993],148.15
[1758212578674880337],148.15
[1758212578680020389],148.15
[1758212578685234295],148.15
[1758212578690359295],148.15
[1758212578695489608],148.15
[1758212578700590493],148.15
[1758212578705733202],148.15
[1758212578710863202],148.15
[1758212578716414972],148.15
[1758212578721556900],148.15
[1758212578726718306],148.15
[1758212578731856327],148.15
[1758212578737083670],148.15
[1758212578742240962],148.15
[1758212578747380910],148.15
[1758212578752728670],148.15
[1758212578758035702],148.15
[1758212578763317264],148.15
[1758212578768435754],148.15
[1758212578773575962],148.15
[1758212578781421379],148.15
[1758212578786707577],148.15
[1758212578791964764],148.15
[1758212578797089816],148.15
[1758212578802251379],148.15
[1758212578807389920],148.15
[1758212578812558618],148.15
[1758212578817681014],148.15
[1758212578824247629],148.15
[1758212578829499347],148.15
[1758212578834694816],148.15
[1758212578839803410],148.15
[1758212578844931900],148.15
[1758212578850022108],148.15
[1758212578855156743],148.15
[1758212578860256483],148.15
[1758212578865404608],148.15
[1758212578870580441],148.15
[1758212578875711222],148.15
[1758212578880832004],148.15
[1758212578886464087],148.15
[1758212578891580754],148.15
[1758212578896699764],148.15
[1758212578901796535],148.15
[1758212578906914399],148.15
[1758212578911981795],148.15
[1758212578917084347],148.15
[1758212578922309764],148.15
[1758212578927619712],148.15
[1758212578933376431],148.15
[1758212578938502889],148.15
[1758212578943648931],148.15
[1758212578948747629],148.15
[1758212578953861691],148.15
[1758212578958949764],148.15
[1758212578964071691],148.15
[1758212578969176847],148.15
[1758212578974514868],148.15
[1758212578979662004],148.15
[1758212578984891587],148.15
[1758212578990005077],148.15
[1758212578995536847],148.15
[1758212579000698722],148.15
[1758212579005816483],148.15
[1758212579010956327],148.15
[1758212579016095754],148.15
[1758212579021237577],148.15
[1758212579026357264],148.15
[1758212579036632004],148.15
[1758212579041895441],148.15
[1758212579047032264],148.15
[1758212579052261899],148.15
[1758212579057415649],148.15
[1758212579062571431],148.15
[1758212579067716431],148.15
[1758212579072906951],148.15
[1758212579078069504],148.15
[1758212579083364972],148.15
[1758212579088484347],148.15
[1758212579093613410],148.15
[1758212579098746431],148.15
[1758212579104303826],148.15
[1758212579109522056],148.15
[1758212579114712160],148.15
[1758212579119845754],148.15
[1758212579125023879],148.15
[1758212579130144035],148.15
[1758212579135368879],148.15
[1758212579140537264],148.15
[1758212579147287889],148.15
[1758212579152614139],148.15
[1758212579157724972],148.15
[1758212579162895076],148.15
[1758212579168010076],148.15
[1758212579173134243],148.15
[1758212579178239035],148.15
[1758212579183454556],148.15
[1758212579188609035],148.15
[1758212579193807160],148.15
[1758212579198996379],148.15
[1758212579204160754],148.15
[1758212579209684868],148.15
[1758212579214902941],148.15
[1758212579219995233],148.15
[1758212579225163931],148.15
[1758212579230324920],148.15
[1758212579235501691],148.15
[1758212579240594035],148.15
[1758212579245790181],148.15
[1758212579251714660],148.15
[1758212579256945076],148.15
[1758212579262052472],148.15
[1758212579267197212],148.15
[1758212579272355806],148.15
[1758212579277539243],148.15
[1758212579282869868],148.15
[1758212579288027733],148.15
[1758212579293179295],148.15
[1758212579298518097],148.15
[1758212579303701639],148.15
[1758212579308853566],148.15
[1758212579313992264],148.15
[1758212579319432681],148.15
[1758212579324595858],148.15
[1758212579329723774],148.15
[1758212579334966899],148.15
[1758212579340199191],148.15
[1758212579345380337],148.15
[1758212579350496639],148.15
[1758212579355632628],148.15
[1758212579361143045],148.15
[1758212579366307889],148.15
[1758212579371401899],148.15
[1758212579376585701],148.15
[1758212579381881222],148.15
[1758212579387074191],148.15
[1758212579392269191],148.15
[1758212579397442524],148.15
[1758212579402779608],148.15
[1758212579407918931],148.15
[1758212579413082472],148.15
[1758212579418225128],148.15
[1758212579423506431],148.15
[1758212579430052108],148.15
[1758212579436423774],148.15
[1758212579441636639],148.15
[1758212579446881170],148.15
[1758212579451987212],148.15
[1758212579457123410],148.15
[1758212579462264347],148.15
[1758212579467679399],148.15
[1758212579472883774],148.15
[1758212579477990701],148.15
[1758212579483294764],148.15
[1758212579488529764],148.15
[1758212579493629608],148.15
[1758212579498718931],148.15
[1758212579503848097],148.15
[1758212579508950910],148.15
[1758212579514026795],148.15
[1758212579519161795],148.15
[1758212579524399347],148.15
[1758212579529646795],148.15
[1758212579535241222],148.15
[1758212579540368462],148.15
[1758212579545504608],148.15
[1758212579550616587],148.15
[1758212579555763878],148.15
[1758212579560938462],148.15
[1758212579566093930],148.15
[1758212579571231691],148.15
[1758212579577068410],148.15
[1758212579583635545],148.15
[1758212579588864503],148.15
[1758212579593957889],148.15
[1758212579599039868],148.15
[1758212579604190597],148.15
[1758212579609304295],148.15
[1758212579614454764],148.15
[1758212579619577733],148.15
[1758212579624763514],148.15
[1758212579629996899],148.15
[1758212579635221326],148.15
[1758212579640699503],148.15
[1758212579645805805],148.15
[1758212579650979347],148.15
[1758212579656147264],148.15
[1758212579661298566],148.15
[1758212579666402524],148.15
[1758212579671551430],148.15
[1758212579676708358],148.15
[1758212579681900024],148.15
[1758212579687517055],148.15
[1758212579692731378],148.15
[1758212579697888983],148.15
[1758212579703049555],148.15
[1758212579708164608],148.15
[1758212579713284087],148.15
[1758212579718442368],148.15
[1758212579723586274],148.15
[1758212579728743930],148.15
[1758212579734024920],148.15
[1758212579739143357],148.15
[1758212579744315701],148.15
[1758212579749949764],148.15
[1758212579755495024],148.15
[1758212579760638305],148.15
[1758212579765816066],148.15
[1758212579774076587],148.15
[1758212579779319035],148.15
[1758212579784519972],148.15
[1758212579789629347],148.15
[1758212579796070441],148.15
[1758212579801291430],148.15
[1758212579806444764],148.15
[1758212579811586014],148.15
[1758212579816740337],148.15
[1758212579821850180],148.15
[1758212579827016274],148.15
[1758212579832204139],148.15
[1758212579837438357],148.15
[1758212579842702785],148.15
[1758212579847852472],148.15
[1758212579852994660],148.15
[1758212579859529868],148.15
[1758212579864796222],148.15
[1758212579869902837],148.15
[1758212579875033826],148.15
[1758212579880139764],148.15
[1758212579885289764],148.15
[1758212579890382212],148.15
[1758212579895525128],148.15
[1758212579900700701],148.15
[1758212579906264295],148.15
[1758212579911380441],148.15
[1758212579916511430],148.15
[1758212579921642732],148.15
[1758212579926826847],148.15
[1758212579931965076],148.15
[1758212579937118982],148.15
[1758212579942335128],148.15
[1758212579947658305],148.15
[1758212579952830962],148.15
[1758212579957952837],148.15
[1758212579963133618],148.15
[1758212579968659868],148.15
[1758212579973808045],148.15
[1758212579978918305],148.15
[1758212579984180180],148.15
[1758212579989296587],148.15
[1758212579994371378],148.15
[1758212579999451378],148.15
[1758212580004596899],148.15
[1758212580009766847],148.15
[1758212580015362628],148.15
[1758212580020475597],148.15
[1758212580025643982],148.15
[1758212580030765701],148.15
[1758212580035986378],148.15
[1758212580041116170],148.15
[1758212580046234295],148.15
[1758212580051367472],148.15
[1758212580056669503],148.15
[1758212580061812889],148.15
[1758212580066935597],148.15
[1758212580072049816],148.15
[1758212580078679659],148.15
[1758212580083968930],148.15
[1758212580089097107],148.15
[1758212580094263722],148.15
[1758212580099397159],148.15
[1758212580104491639],148.15
[1758212580109578149],148.15
[1758212580114734972],148.15
[1758212580119930962],148.15
[1758212580125508149],148.15
[1758212580130684399],148.15
[1758212580135905597],148.15
[1758212580141054816],148.15
[1758212580146215701],148.15
[1758212580151321118],148.15
[1758212580156413670],148.15
[1758212580161620232],148.15
[1758212580166878670],148.15
[1758212580171996691],148.15
[1758212580177089451],148.15
[1758212580182322368],148.15
[1758212580187969607],148.15
[1758212580193084243],148.15
[1758212580198226795],148.15
[1758212580203371899],148.15
[1758212580208499034],148.15
[1758212580213606951],148.15
[1758212580218715961],148.15
[1758212580223954764],148.15
[1758212580229287732],148.15
[1758212580234977107],148.15
[1758212580240146430],148.15
[1758212580245275232],148.15
[1758212580250388149],148.15
[1758212580255543722],148.15
[1758212580260656534],148.15
[1758212580265843097],148.15
[1758212580270992211],148.15
[1758212580276328305],148.15
[1758212580281482159],148.15
[1758212580286715493],148.15
[1758212580291822003],148.15
[1758212580298386534],148.15
[1758212580303647055],148.15
[1758212580308744764],148.15
[1758212580313874243],148.15
[1758212580318989086],148.15
[1758212580324095024],148.15
[1758212580329216586],148.15
[1758212580335616691],148.15
[1758212580342093670],148.15
[1758212580347350961],148.15
[1758212580352531586],148.15
[1758212580357623514],148.15
[1758212580362807055],148.15
[1758212580367914711],148.15
[1758212580373015545],148.15
[1758212580378112368],148.15
[1758212580383348253],148.15
[1758212580388552472],148.15
[1758212580393662368],148.15
[1758212580398749920],148.15
[1758212580404232368],148.15
[1758212580409345909],148.15
[1758212580414451326],148.15
[1758212580419542888],148.15
[1758212580424675493],148.15
[1758212580429838774],148.15
[1758212580435116326],148.15
[1758212580440211066],148.15
[1758212580445466951],148.15
[1758212580450971899],148.15
[1758212580456154607],148.15
[1758212580461262732],148.15
[1758212580466398618],148.15
[1758212580471521378],148.15
[1758212580476657784],148.15
[1758212580481771222],148.15
[1758212580486982472],148.15
[1758212580492323722],148.15
[1758212580497899243],148.15
[1758212580503147159],148.15
[1758212580508271430],148.15
[1758212580513709555],148.15
[1758212580518871951],148.15
[1758212580524074451],148.15
[1758212580529248670],148.15
[1758212580534517055],148.15
[1758212580539676482],148.15
[1758212580544929868],148.15
[1758212580550033357],148.15
[1758212580557607159],148.15
[1758212580562822159],148.15
[1758212580567968566],148.15
[1758212580573119972],148.15
[1758212580578241222],148.15
[1758212580583572472],148.15
[1758212580588729034],148.15
[1758212580593815701],148.15
[1758212580598967263],148.15
[1758212580604128826],148.15
[1758212580609250909],148.15
[1758212580614350388],148.15
[1758212580621757628],148.15
[1758212580627258253],148.15
[1758212580632584503],148.15
[1758212580637796065],148.15
[1758212580642980336],148.15
[1758212580648108097],148.15
[1758212580653246482],148.15
[1758212580658357836],148.15
[1758212580663834138],148.15
[1758212580669110545],148.15
[1758212580674234034],148.15
[1758212580679337055],148.15
[1758212580684529868],148.15
[1758212580689628982],148.15
[1758212580694739763],148.15
[1758212580699843826],148.15
[1758212580704998982],148.15
[1758212580710188045],148.15
[1758212580715456690],148.15
[1758212580720648982],148.15
[1758212580726154243],148.15
[1758212580731284920],148.15
[1758212580736484607],148.15
[1758212580741606899],148.15
[1758212580746735597],148.15
[1758212580751893305],148.15
[1758212580757125701],148.15
[1758212580762359243],148.15
[1758212580767593722],148.15
[1758212580773291274],148.15
[1758212580778435440],148.15
[1758212580783667003],148.15
[1758212580788825649],148.15
[1758212580793996378],148.15
[1758212580799140909],148.15
[1758212580804329815],148.15
[1758212580809432472],148.15
[1758212580814700493],148.15
[1758212580819849659],148.15
[1758212580825009295],148.15
[1758212580830128826],148.15
[1758212580835737628],148.15
[1758212580840858722],148.15
[1758212580846003670],148.15
[1758212580851132211],148.15
[1758212580856295545],148.15
[1758212580861395388],148.15
[1758212580866538982],148.15
[1758212580871650232],148.15
[1758212580876839503],148.15
[1758212580883591326],148.15
[1758212580888847628],148.15
[1758212580893994972],148.15
[1758212580899093149],148.15
[1758212580904215076],148.15
[1758212580909317420],148.15
[1758212580914452420],148.15
[1758212580919577003],148.15
[1758212580924793513],148.15
[1758212580930080128],148.15
[1758212580935353201],148.15
[1758212580940808045],148.15
[1758212580946013409],148.15
[1758212580951123409],148.15
[1758212580956243253],148.15
[1758212580961375909],148.15
[1758212580966531638],148.15
[1758212580971630857],148.15
[1758212580976762576],148.15
[1758212580981921690],148.15
[1758212580987572367],148.15
[1758212580992799555],148.15
[1758212580997895701],148.15
[1758212581003082992],148.15
[1758212581008214034],148.15
[1758212581013363149],148.15
[1758212581018510857],148.15
[1758212581023703930],148.15
[1758212581028858565],148.15
[1758212581034247524],148.15
[1758212581039391794],148.15
[1758212581044583565],148.15
[1758212581051155232],148.15
[1758212581056454034],148.15
[1758212581061578617],148.15
[1758212581066726899],148.15
[1758212581071834242],148.15
[1758212581076968461],148.15
[1758212581082078982],148.15
[1758212581087284503],148.15
[1758212581093213305],148.15
[1758212581099651794],148.15
[1758212581104903357],148.15
[1758212581110018982],148.15
[1758212581115170180],148.15
[1758212581120329867],148.15
[1758212581125465857],148.15
[1758212581130637159],148.15
[1758212581135904451],148.15
[1758212581141037836],148.15
[1758212581146277680],148.15
[1758212581151400180],148.15
[1758212581158860440],148.15
[1758212581164351794],148.15
[1758212581169494294],148.15
[1758212581174621690],148.15
[1758212581179757315],148.15
[1758212581184973461],148.15
[1758212581190073149],148.15
[1758212581195199919],148.15
[1758212581200658044],148.15
[1758212581205836638],148.15
[1758212581211056482],148.15
[1758212581216233930],148.15
[1758212581221351847],148.15
[1758212581226549867],148.15
[1758212581231662419],148.15
[1758212581236865597],148.15
[1758212581241968982],148.15
[1758212581247112836],148.15
[1758212581252418722],148.15
[1758212581259149607],148.15
[1758212581265568774],148.15
[1758212581270813305],148.15
[1758212581275965076],148.15
[1758212581281100440],148.15
[1758212581286317367],148.15
[1758212581291440128],148.15
[1758212581296628930],148.15
[1758212581301844086],148.15
[1758212581307308253],148.15
[1758212581312609138],148.15
[1758212581317736586],148.15
[1758212581322934763],148.15
[1758212581328064034],148.15
[1758212581333323774],148.15
[1758212581338499815],148.15
[1758212581343671534],148.15
[1758212581348797940],148.15
[1758212581354064659],148.15
[1758212581359208826],148.15
[1758212581364727367],148.15
[1758212581369844659],148.15
[1758212581374982055],148.15
[1758212581380108305],148.15
[1758212581385344919],148.15
[1758212581390433669],148.15
[1758212581395541846],148.15
[1758212581400633044],148.15
[1758212581405857315],148.15
[1758212581411079919],148.15
[1758212581416561846],148.15
[1758212581421653982],148.15
[1758212581426733409],148.15
[1758212581431877992],148.15
[1758212581437139919],148.15
[1758212581442376274],148.15
[1758212581447507315],148.15
[1758212581452735388],148.15
[1758212581457941013],148.15
[1758212581463112107],148.15
[1758212581468205596],148.15
[1758212581473500440],148.15
[1758212581478668773],148.15
[1758212581483871378],148.15
[1758212581491903357],148.15
[1758212581497030388],148.15
[1758212581502223409],148.15
[1758212581507345805],148.15
[1758212581512496065],148.15
[1758212581517574971],148.15
[1758212581524145180],148.15
[1758212581529407523],148.15
[1758212581534745232],148.15
[1758212581539882315],148.15
[1758212581545028044],148.15
[1758212581550127576],148.15
[1758212581555219138],148.15
[1758212581560354294],148.15
[1758212581565575336],148.15
[1758212581570780961],148.15
[1758212581575903461],148.15
[1758212581581203982],148.15
[1758212581586457367],148.15
[1758212581591601117],148.15
[1758212581596714867],148.15
[1758212581601854555],148.15
[1758212581607065544],148.15
[1758212581612233513],148.15
[1758212581617404503],148.15
[1758212581622597836],148.15
[1758212581627701013],148.15
[1758212581633404503],148.15
[1758212581638596638],148.15
[1758212581643682680],148.15
[1758212581648764242],148.15
[1758212581653978409],148.15
[1758212581659108461],148.15
[1758212581664248773],148.15
[1758212581669374503],148.15
[1758212581674634034],148.15
[1758212581679807367],148.15
[1758212581685090023],148.15
[1758212581691805388],148.15
[1758212581697550648],148.15
[1758212581702759971],148.15
[1758212581707879971],148.15
[1758212581713037107],148.15
[1758212581718156534],148.15
[1758212581723246482],148.15
[1758212581728339242],148.15
[1758212581734760180],148.15
[1758212581740355857],148.15
[1758212581745506482],148.15
[1758212581750612315],148.15
[1758212581755764607],148.15
[1758212581760860128],148.15
[1758212581765944919],148.15
[1758212581771050805],148.15
[1758212581776208773],148.15
[1758212581781380128],148.15
[1758212581786624398],148.15
[1758212581791730596],148.15
[1758212581796961378],148.15
[1758212581802107159],148.15
[1758212581807277888],148.15
[1758212581812411273],148.15
[1758212581817508200],148.15
[1758212581822751378],148.15
[1758212581827887732],148.15
[1758212581833076482],148.15
[1758212581838275596],148.15
[1758212581843408409],148.15
[1758212581848909242],148.15
[1758212581854040336],148.15
[1758212581859141794],148.15
[1758212581864290232],148.15
[1758212581869443930],148.15
[1758212581874566638],148.15
[1758212581879743461],148.15
[1758212581884979450],148.15
[1758212581890262575],148.15
[1758212581895403409],148.15
[1758212581900510075],148.15
[1758212581907040857],148.15
[1758212581912361950],148.15
[1758212581917491117],148.15
[1758212581922635596],148.15
[1758212581927711898],148.15
[1758212581932937002],148.15
[1758212581938072107],148.15
[1758212581943208409],148.15
[1758212581948364711],148.15
[1758212581953904711],148.15
[1758212581959094450],148.15
[1758212581964245023],148.15
[1758212581969335336],148.15
[1758212581974471430],148.15
[1758212581979570805],148.15
[1758212581984812055],148.15
[1758212581989946742],148.15
[1758212581995140909],148.15
[1758212582000386013],148.15
[1758212582005489919],148.15
[1758212582010580752],148.15
[1758212582016082055],148.15
[1758212582021236846],148.15
[1758212582026313721],148.15
[1758212582031473565],148.15
[1758212582036831325],148.15
[1758212582042000596],148.15
[1758212582047172419],148.15
[1758212582052356690],148.15
[1758212582057527211],148.15
[1758212582063178721],148.15
[1758212582068314607],148.15
[1758212582073437575],148.15
[1758212582078554711],148.15
[1758212582083812211],148.15
[1758212582088975075],148.15
[1758212582094116325],148.15
[1758212582099221534],148.15
[1758212582104365700],148.15
[1758212582109535284],148.15
[1758212582114629971],148.15
[1758212582119844659],148.15
[1758212582125404034],148.15
[1758212582130530440],148.15
[1758212582135778929],148.15
[1758212582140968877],148.15
[1758212582146111950],148.15
[1758212582151207732],148.15
[1758212582156320492],148.15
[1758212582161405179],148.15
[1758212582166749242],148.15
[1758212582172277211],148.15
[1758212582177412315],148.15
[1758212582182796273],148.15
[1758212582187973461],148.15
[1758212582229271950],148.15
[1758212582235727679],148.15
[1758212582240422836],148.15
[1758212582244970544],148.15
[1758212582249489711],148.15
[1758212582254048461],148.15
[1758212582258608773],148.15
[1758212582263150492],148.15
[1758212582267664190],148.15
[1758212582272319190],148.15
[1758212582276858825],148.15
[1758212582281471013],148.15
[1758212582286063617],148.15
[1758212582290593304],148.15
[1758212582295132575],148.15
[1758212582299651534],148.15
[1758212582304220023],148.15
[1758212582309136586],148.15
[1758212582313859502],148.15
[1758212582318415857],148.15
[1758212582322953929],148.15
[1758212582327464086],148.15
[1758212582332104554],148.15
[1758212582336749190],148.15
[1758212582341945127],148.15
[1758212582347436898],148.15
[1758212582352819346],148.15
[1758212582357958461],148.15
[1758212582363086117],148.15
[1758212582368224346],148.15
[1758212582373333304],148.15
[1758212582378545909],148.15
[1758212582383792888],148.15
[1758212582388919763],148.15
[1758212582394135440],148.15
[1758212582399352315],148.15
[1758212582404517575],148.15
[1758212582409629294],148.15
[1758212582414789502],148.15
[1758212582422804294],148.15
[1758212582428278356],148.15
[1758212582433502315],148.15
[1758212582438611377],148.15
[1758212582443750336],148.15
[1758212582448865127],148.15
[1758212582454307054],148.15
[1758212582459470909],148.15
[1758212582464631638],148.15
[1758212582469899398],148.15
[1758212582475057054],148.15
[1758212582480174867],148.15
[1758212582485392211],148.15
[1758212582490505700],148.15
[1758212582495658461],148.15
[1758212582500762159],148.15
[1758212582505912888],148.15
[1758212582511110231],148.15
[1758212582516293929],148.15
[1758212582521411065],148.15
[1758212582527958148],148.15
[1758212582534345596],148.15
[1758212582539643356],148.15
[1758212582544800752],148.15
[1758212582549913356],148.15
[1758212582555059554],148.15
[1758212582560476273],148.15
[1758212582565601898],148.15
[1758212582570713200],148.15
[1758212582575874711],148.15
[1758212582581116586],148.15
[1758212582586304711],148.15
[1758212582591411794],148.15
[1758212582596546950],148.15
[1758212582601649033],148.15
[1758212582606759763],148.15
[1758212582611861898],148.15
[1758212582617063096],148.15
[1758212582622408877],148.15
[1758212582627596481],148.15
[1758212582633232940],148.15
[1758212582638498721],148.15
[1758212582643671273],148.15
[1758212582648786013],148.15
[1758212582653907471],148.15
[1758212582659038981],148.15
[1758212582664199711],148.15
[1758212582669694450],148.15
[1758212582674989971],148.15
[1758212582680133513],148.15
[1758212582685358617],148.15
[1758212582690464606],148.15
[1758212582695595231],148.15
[1758212582700735440],148.15
[1758212582705873356],148.15
[1758212582711014763],148.15
[1758212582716276117],148.15
[1758212582721407471],148.15
[1758212582726514815],148.15
[1758212582731703565],148.15
[1758212582736951273],148.15
[1758212582743080492],148.15
[1758212582748203981],148.15
[1758212582753284138],148.15
[1758212582758363877],148.15
[1758212582763535075],148.15
[1758212582768676794],148.15
[1758212582773782263],148.15
[1758212582779610440],148.15
[1758212582786146013],148.15
[1758212582791363408],148.15
[1758212582796456950],148.15
[1758212582801587888],148.15
[1758212582806727210],148.15
[1758212582811806221],148.15
[1758212582816883148],148.15
[1758212582821993304],148.15
[1758212582827189502],148.15
[1758212582832459450],148.15
[1758212582837636794],148.15
[1758212582842838721],148.15
[1758212582849424033],148.15
[1758212582855795283],148.15
[1758212582861029138],148.15
[1758212582866126325],148.15
[1758212582871233304],148.15
[1758212582876391013],148.15
[1758212582881508877],148.15
[1758212582886692523],148.15
[1758212582893192263],148.15
[1758212582898453096],148.15
[1758212582903606585],148.15
[1758212582908707158],148.15
[1758212582913844867],148.15
[1758212582918942940],148.15
[1758212582924063617],148.15
[1758212582929189658],148.15
[1758212582934447888],148.15
[1758212582939659554],148.15
[1758212582944795179],148.15
[1758212582949900440],148.15
[1758212582956453565],148.15
[1758212582961683877],148.15
[1758212582966822627],148.15
[1758212582971950075],148.15
[1758212582977103460],148.15
[1758212582982271846],148.15
[1758212582987470231],148.15
[1758212582992679919],148.15
[1758212582998131585],148.15
[1758212583003362835],148.15
[1758212583008520960],148.15
[1758212583013660648],148.15
[1758212583018796950],148.15
[1758212583023937783],148.15
[1758212583029064085],148.15
[1758212583034317054],148.15
[1758212583039496742],148.15
[1758212583044743304],148.15
[1758212583049887367],148.15
[1758212583055077158],148.15
[1758212583060203721],148.15
[1758212583065744242],148.15
[1758212583070894710],148.15
[1758212583076070544],148.15
[1758212583081184971],148.15
[1758212583086446481],148.15
[1758212583091574085],148.15
[1758212583096674762],148.15
[1758212583101793200],148.15
[1758212583107716325],148.15
[1758212583112915960],148.15
[1758212583117984346],148.15
[1758212583123118981],148.15
[1758212583128260544],148.15
[1758212583133473669],148.15
[1758212583138590752],148.15
[1758212583143794398],148.15
[1758212583148969242],148.15
[1758212583154182106],148.15
[1758212583159276950],148.15
[1758212583164491012],148.15
[1758212583169592523],148.15
[1758212583175996794],148.15
[1758212583181218096],148.15
[1758212583186399867],148.15
[1758212583191540440],148.15
[1758212583196697315],148.15
[1758212583201790283],148.15
[1758212583206900231],148.15
[1758212583212017367],148.15
[1758212583217563148],148.15
[1758212583222923148],148.15
[1758212583228165075],148.15
[1758212583233376064],148.15
[1758212583238581794],148.15
[1758212583243808252],148.15
[1758212583248934762],148.15
[1758212583254059346],148.15
[1758212583259178564],148.15
[1758212583483068044],148.15
[1758212583486860596],148.15
[1758212583490520491],148.15
[1758212583494175075],148.15
[1758212583497855544],148.15
[1758212583501550231],148.15
[1758212583505211689],148.15
[1758212583508858044],148.15
[1758212583512504346],148.15
[1758212583516170752],148.15
[1758212583519853200],148.15
[1758212583523559346],148.15
[1758212583527293252],148.15
[1758212583531130544],148.15
[1758212583534883877],148.15
[1758212583538546429],148.15
[1758212583542263408],148.15
[1758212583545921585],148.15
[1758212583549602106],148.15
[1758212583553269971],148.15
[1758212583556927471],148.15
[1758212583560604085],148.15
[1758212583564335127],148.15
[1758212583568004085],148.15
[1758212583571645856],148.15
[1758212583575283408],148.15
[1758212583578961116],148.15
[1758212583582758512],148.15
[1758212583587648512],148.15
[1758212583591540387],148.15
[1758212583595217575],148.15
[1758212583598891846],148.15
[1758212583602623773],148.15
[1758212583606298148],148.15
[1758212583609967523],148.15
[1758212583613674137],148.15
[1758212583617412054],148.15
[1758212583621149762],148.15
[1758212583624811533],148.15
[1758212583628486637],148.15
[1758212583632297471],148.15
[1758212583636016481],148.15
[1758212583639720127],148.15
[1758212583643507471],148.15
[1758212583647169866],148.15
[1758212583650830960],148.15
[1758212583654564658],148.15
[1758212583658234554],148.15
[1758212583661906481],148.15
[1758212583665589450],148.15
[1758212583669246950],148.15
[1758212583672952054],148.15
[1758212583676581481],148.15
[1758212583680252887],148.15
[1758212583683990439],148.15
[1758212583687645960],148.15
[1758212583691654346],148.15
[1758212583695433096],148.15
[1758212583699108877],148.15
[1758212583702824710],148.15
[1758212583706488616],148.15
[1758212583710146064],148.15
[1758212583713855179],148.15
[1758212583717539971],148.15
[1758212583721228773],148.15
[1758212583724893929],148.15
[1758212583728538148],148.15
[1758212583732301585],148.15
[1758212583736072002],148.15
[1758212583739771689],148.15
[1758212583743442835],148.15
[1758212583747108616],148.15
[1758212583750791846],148.15
[1758212583754484971],148.15
[1758212583758156846],148.15
[1758212583761859293],148.15
[1758212583765539398],148.15
[1758212583769204710],148.15
[1758212583772937158],148.15
[1758212583776581168],148.15
[1758212583780266950],148.15
[1758212583784035596],148.15
[1758212583787703929],148.15
[1758212583791424293],148.15
[1758212583795111950],148.15
[1758212583799033773],148.15
[1758212583802798773],148.15
[1758212583806492783],148.15
[1758212583810190439],148.15
[1758212583813882158],148.15
[1758212583817532679],148.15
[1758212583821210231],148.15
[1758212583824873096],148.15
[1758212583828553616],148.15
[1758212583832339085],148.15
[1758212583836033096],148.15
[1758212583839708773],148.15
[1758212583843460908],148.15
[1758212583847117106],148.15
[1758212583850774346],148.15
[1758212583854439189],148.15
[1758212583858141012],148.15
[1758212583861848304],148.15
[1758212583865510283],148.15
[1758212583869164189],148.15
[1758212583872813929],148.15
[1758212583876449085],148.15
[1758212583880197627],148.15
[1758212583883983877],148.15
[1758212583888855908],148.15
[1758212583892615700],148.15
[1758212583896305439],148.15
[1758212583899957575],148.15
[1758212583904566481],148.15
[1758212583908421585],148.15
[1758212583912200595],148.15
[1758212583915853825],148.15
[1758212583919501898],148.15
[1758212583923160960],148.15
[1758212583926786898],148.15
[1758212583930438929],148.15
[1758212583934178095],148.15
[1758212583937909658],148.15
[1758212583941596637],148.15
[1758212583945277002],148.15
[1758212583948964866],148.15
[1758212583952750856],148.15
[1758212583956409241],148.15
[1758212583960102731],148.15
[1758212583963790231],148.15
[1758212583967420075],148.15
[1758212583971104502],148.15
[1758212583974780075],148.15
[1758212583978458408],148.15
[1758212583982261429],148.15
[1758212583985944085],148.15
[1758212583989611325],148.15
[1758212583993292262],148.15
[1758212583996949450],148.15
[1758212584000611220],148.15
[1758212584004333564],148.15
[1758212584008011585],148.15
[1758212584012080752],148.15
[1758212584015800960],148.15
[1758212584019466116],148.15
[1758212584023126377],148.15
[1758212584026761637],148.15
[1758212584030482627],148.15
[1758212584034314554],148.15
[1758212584037994033],148.15
[1758212584041691898],148.15
[1758212584045569293],148.15
[1758212584050138720],148.15
[1758212584054796898],148.15
[1758212584059323356],148.15
[1758212584063898720],148.15
[1758212584068430804],148.15
[1758212584072954762],148.15
[1758212584077431325],148.15
[1758212584082197887],148.15
[1758212584086787939],148.15
[1758212584091311220],148.15
[1758212584095892679],148.15
[1758212584100411272],148.15
[1758212584104923929],148.15
[1758212584109441168],148.15
[1758212584114673564],148.15
[1758212584119321220],148.15
[1758212584123868408],148.15
[1758212584128375700],148.15
[1758212584133026845],148.15
[1758212584137538043],148.15
[1758212584142131793],148.15
[1758212584147034137],148.15
[1758212584152254137],148.15
[1758212584157426845],148.15
[1758212584162854554],148.15
[1758212584167999345],148.15
[1758212584173153356],148.15
[1758212584178289345],148.15
[1758212584183491168],148.15
[1758212584188596845],148.15
[1758212584193738825],148.15
[1758212584198876585],148.15
[1758212584204031637],148.15
[1758212584209201325],148.15
[1758212584214380439],148.15
[1758212584219876481],148.15
[1758212584225088981],148.15
[1758212584230201220],148.15
[1758212584235395283],148.15
[1758212584240510908],148.15
[1758212584245677314],148.15
[1758212584250864033],148.15
[1758212584256003200],148.15
[1758212584261102470],148.15
[1758212584266517522],148.15
[1758212584271677210],148.15
[1758212584276769137],148.15
[1758212584281913147],148.15
[1758212584287119554],148.15
[1758212584292331689],148.15
[1758212584297478720],148.15
[1758212584302662522],148.15
[1758212584307799502],148.15
[1758212584313086272],148.15
[1758212584318211377],148.15
[1758212584323322783],148.15
[1758212584328848356],148.15
[1758212584334143929],148.15
[1758212584339269345],148.15
[1758212584344448929],148.15
[1758212584349578824],148.15
[1758212584354725856],148.15
[1758212584359861741],148.15
[1758212584365009293],148.15
[1758212584370167939],148.15
[1758212584377070752],148.15
[1758212584382375752],148.15
[1758212584388765231],148.15
[1758212584394011533],148.15
[1758212584399143199],148.15
[1758212584404305960],148.15
[1758212584409421481],148.15
[1758212584414551377],148.15
[1758212584419660074],148.15
[1758212584424831064],148.15
[1758212584430024866],148.15
[1758212584435729658],148.15
[1758212584440952106],148.15
[1758212584446113356],148.15
[1758212584451230491],148.15
[1758212584456416741],148.15
[1758212584461532314],148.15
[1758212584466640231],148.15
[1758212584471722731],148.15
[1758212584476890335],148.15
[1758212584482049658],148.15
[1758212584487203564],148.15
[1758212584492421272],148.15
[1758212584497615908],148.15
[1758212584502778408],148.15
[1758212584507886012],148.15
[1758212584513024345],148.15
[1758212584518184918],148.15
[1758212584523273095],148.15
[1758212584528386168],148.15
[1758212584533630804],148.15
[1758212584540003824],148.15
[1758212584545357106],148.15
[1758212584551818512],148.15
[1758212584557074085],148.15
[1758212584562283981],148.15
[1758212584567402522],148.15
[1758212584572537001],148.15
[1758212584577623929],148.15
[1758212584582949918],148.15
[1758212584588047054],148.15
[1758212584593217314],148.15
[1758212584598409501],148.15
[1758212584603519397],148.15
[1758212584608619189],148.15
[1758212584613767731],148.15
[1758212584618959397],148.15
[1758212584624086429],148.15
[1758212584629342366],148.15
[1758212584634767418],148.15
[1758212584639941949],148.15
[1758212584645134762],148.15
[1758212584650569033],148.15
[1758212584655724710],148.15
[1758212584661987106],148.15
[1758212584668545908],148.15
[1758212584674897158],148.15
[1758212584680141429],148.15
[1758212584685366064],148.15
[1758212584690477366],148.15
[1758212584695629345],148.15
[1758212584700737210],148.15
[1758212584705856741],148.15
[1758212584710969866],148.15
[1758212584716156012],148.15
[1758212584721345751],148.15
[1758212584726469033],148.15
[1758212584731727783],148.15
[1758212584737184710],148.15
[1758212584742370283],148.15
[1758212584747555387],148.15
[1758212584752869085],148.15
[1758212584758424658],148.15
[1758212584763638981],148.15
[1758212584768841220],148.15
[1758212584775244345],148.15
[1758212584781732522],148.15
[1758212584788143720],148.15
[1758212584793375231],148.15
[1758212584798517835],148.15
[1758212584803669814],148.15
[1758212584808762314],148.15
[1758212584813902470],148.15
[1758212584818999449],148.15
[1758212584824149345],148.15
[1758212584829281116],148.15
[1758212584834531689],148.15
[1758212584839642783],148.15
[1758212584844785803],148.15
[1758212584849941428],148.15
[1758212584855087001],148.15
[1758212584860223928],148.15
[1758212584865849658],148.15
[1758212584870986793],148.15
[1758212584876144345],148.15
[1758212584882627158],148.15
[1758212584889962783],148.15
[1758212584895470126],148.15
[1758212584900617210],148.15
[1758212584905714501],148.15
[1758212584910826428],148.15
[1758212584915961428],148.15
[1758212584921047106],148.15
[1758212584926132210],148.15
[1758212584931237574],148.15
[1758212584936601116],148.15
[1758212584941811585],148.15
[1758212584946958981],148.15
[1758212584952052678],148.15
[1758212584957167783],148.15
[1758212584962344710],148.15
[1758212584967495908],148.15
[1758212584973100960],148.15
[1758212584978253199],148.15
[1758212584983471116],148.15
[1758212584989974189],148.15
[1758212584995246585],148.15
[1758212585000366533],148.15
[1758212585005513147],148.15
[1758212585010610699],148.15
[1758212585015717574],148.15
[1758212585020812210],148.15
[1758212585025947210],148.15
[1758212585031079449],148.15
[1758212585036353408],148.15
[1758212585041587105],148.15
[1758212585046754345],148.15
[1758212585051870230],148.15
[1758212585057009345],148.15
[1758212585062179501],148.15
[1758212585067352418],148.15
[1758212585072563564],148.15
[1758212585078149293],148.15
[1758212585083409345],148.15
[1758212585088548147],148.15
[1758212585093752053],148.15
[1758212585101352105],148.15
[1758212585106834970],148.15
[1758212585111987991],148.15
[1758212585117110855],148.15
[1758212585122274137],148.15
[1758212585127396689],148.15
[1758212585132603668],148.15
[1758212585137752626],148.15
[1758212585142969501],148.15
[1758212585148093303],148.15
[1758212585153350022],148.15
[1758212585158451949],148.15
[1758212585163596272],148.15
[1758212585168688043],148.15
[1758212585173783303],148.15
[1758212585178934866],148.15
[1758212585184601533],148.15
[1758212585189813251],148.15
[1758212585194929189],148.15
[1758212585201211897],148.15
[1758212585207732053],148.15
[1758212585213345803],148.15
[1758212585218510282],148.15
[1758212585223667001],148.15
[1758212585228794345],148.15
[1758212585233999710],148.15
[1758212585239165335],148.15
[1758212585244334657],148.15
[1758212585249521428],148.15
[1758212585254726897],148.15
[1758212585259842730],148.15
[1758212585264989449],148.15
[1758212585270103199],148.15
[1758212585275226376],148.15
[1758212585280348720],148.15
[1758212585286865335],148.15
[1758212585292155282],148.15
[1758212585297302678],148.15
[1758212585302468095],148.15
[1758212585307617574],148.15
[1758212585313179085],148.15
[1758212585318309397],148.15
[1758212585323446949],148.15
[1758212585328552678],148.15
[1758212585333813772],148.15
[1758212585339113407],148.15
[1758212585344258564],148.15
[1758212585349415387],148.15
[1758212585354577626],148.15
[1758212585359751585],148.15
[1758212585364877053],148.15
[1758212585370013564],148.15
[1758212585375270335],148.15
[1758212585380472314],148.15
[1758212585385663772],148.15
[1758212585390795022],148.15
[1758212585397524032],148.15
[1758212585403937782],148.15
[1758212585409184449],148.15
[1758212585414321428],148.15
[1758212585420798564],148.15
[1758212585426050595],148.15
[1758212585431150178],148.15
[1758212585436337522],148.15
[1758212585441453824],148.15
[1758212585446579293],148.15
[1758212585451666689],148.15
[1758212585456811272],148.15
[1758212585461943772],148.15
[1758212585467179553],148.15
[1758212585472347157],148.15
[1758212585477468459],148.15
[1758212585482687678],148.15
[1758212585487870647],148.15
[1758212585493002209],148.15
[1758212585498141272],148.15
[1758212585503728772],148.15
[1758212585508861220],148.15
[1758212585514007574],148.15
[1758212585519114709],148.15
[1758212585524307834],148.15
[1758212585529837939],148.15
[1758212585535079866],148.15
[1758212585540245282],148.15
[1758212585545553199],148.15
[1758212585550696272],148.15
[1758212585555830178],148.15
[1758212585560937887],148.15
[1758212585566129032],148.15
[1758212585571252730],148.15
[1758212585576385334],148.15
[1758212585581695334],148.15
[1758212585587419553],148.15
[1758212585592758824],148.15
[1758212585597896637],148.15
[1758212585603129449],148.15
[1758212585608259397],148.15
[1758212585613694605],148.15
[1758212585618808043],148.15
[1758212585623930230],148.15
[1758212585629062157],148.15
[1758212585634398772],148.15
[1758212585640890282],148.15
[1758212585646155699],148.15
[1758212585651275543],148.15
[1758212585656416636],148.15
[1758212585661526584],148.15
[1758212585666660439],148.15
[1758212585671769293],148.15
[1758212585676890178],148.15
[1758212585682086064],148.15
[1758212585687429709],148.15
[1758212585693149761],148.15
[1758212585698285803],148.15
[1758212585703417730],148.15
[1758212585708564345],148.15
[1758212585713825074],148.15
[1758212585719265230],148.15
[1758212585724406064],148.15
[1758212585729568459],148.15
[1758212585734906272],148.15
[1758212585740050907],148.15
[1758212585745556272],148.15
[1758212585750728511],148.15
[1758212585755907939],148.15
[1758212585761013043],148.15
[1758212585766129345],148.15
[1758212585771268303],148.15
[1758212585776436324],148.15
[1758212585781709918],148.15
[1758212585786904866],148.15
[1758212585792014032],148.15
[1758212585797188459],148.15
[1758212585802368876],148.15
[1758212585811592574],148.15
[1758212585817109918],148.15
[1758212585822457001],148.15
[1758212585827920491],148.15
[1758212585833123772],148.15
[1758212585838223355],148.15
[1758212585843311689],148.15
[1758212585848431428],148.15
[1758212585854753980],148.15
[1758212585860319709],148.15
[1758212585865461324],148.15
[1758212585870568199],148.15
[1758212585875693980],148.15
[1758212585880814918],148.15
[1758212585886052001],148.15
[1758212585891166584],148.15
[1758212585896356636],148.15
[1758212585901654605],148.15
[1758212585906811584],148.15
[1758212585911931688],148.15
[1758212585917106741],148.15
[1758212585922282574],148.15
[1758212585927420334],148.15
[1758212585933942522],148.15
[1758212585940319709],148.15
[1758212585945548668],148.15
[1758212585950677730],148.15
[1758212585955802522],148.15
[1758212585960959188],148.15
[1758212585966427209],148.15
[1758212585971542991],148.15
[1758212585976672001],148.15
[1758212585981806897],148.15
[1758212585987074501],148.15
[1758212585992243355],148.15
[1758212585997359970],148.15
[1758212586002541480],148.15
[1758212586007672574],148.15
[1758212586012848668],148.15
[1758212586018027991],148.15
[1758212586023188824],148.15
[1758212586028431272],148.15
[1758212586033616168],148.15
[1758212586039160386],148.15
[1758212586044397313],148.15
[1758212586049558563],148.15
[1758212586054691324],148.15
[1758212586059883980],148.15
[1758212586065060959],148.15
[1758212586070180490],148.15
[1758212586075636168],148.15
[1758212586080772157],148.15
[1758212586086091324],148.15
[1758212586091205438],148.15
[1758212586096340855],148.15
[1758212586101565334],148.15
[1758212586106733251],148.15
[1758212586111919293],148.15
[1758212586117078147],148.15
[1758212586122296584],148.15
[1758212586127548668],148.15
[1758212586132789136],148.15
[1758212586137941740],148.15
[1758212586143069293],148.15
[1758212586148589501],148.15
[1758212586153842053],148.15
[1758212586158973095],148.15
[1758212586164149865],148.15
[1758212586169297574],148.15
[1758212586174409657],148.15
[1758212586179555074],148.15
[1758212586185153147],148.15
[1758212586190381688],148.15
[1758212586195632261],148.15
[1758212586200764084],148.15
[1758212586205877678],148.15
[1758212586210976636],148.15
[1758212586216105386],148.15
[1758212586221231428],148.15
[1758212586226351688],148.15
[1758212586231518563],148.15
[1758212586236782678],148.15
[1758212586241922834],148.15
[1758212586247030230],148.15
[1758212586252192157],148.15
[1758212586257890334],148.15
[1758212586263092209],148.15
[1758212586268200022],148.15
[1758212586273325178],148.15
[1758212586278421168],148.15
[1758212586283644553],148.15
[1758212586288812574],148.15
[1758212586294350490],148.15
[1758212586299579136],148.15
[1758212586304858511],148.15
[1758212586309980022],148.15
[1758212586315144136],148.15
[1758212586320308563],148.15
[1758212586325475751],148.15
[1758212586330619709],148.15
[1758212586335858042],148.15
[1758212586341017313],148.15
[1758212586346264501],148.15
[1758212586351371063],148.15
[1758212586356514292],148.15
[1758212586361671688],148.15
[1758212586367312522],148.15
[1758212586372542417],148.15
[1758212586377696636],148.15
[1758212586382977834],148.15
[1758212586388098667],148.15
[1758212586393269605],148.15
[1758212586398396376],148.15
[1758212586404823407],148.15
[1758212586411299970],148.15
[1758212586417844032],148.15
[1758212586424228511],148.15
[1758212586429466949],148.15
[1758212586435794917],148.15
[1758212586442355855],148.15
[1758212586447635803],148.15
[1758212586452848563],148.15
[1758212586458026532],148.15
[1758212586463170334],148.15
[1758212586468282730],148.15
[1758212586473753407],148.15
[1758212586478861167],148.15
[1758212586483985334],148.15
[1758212586489275647],148.15
[1758212586494504032],148.15
[1758212586499599292],148.15
[1758212586504732105],148.15
[1758212586509829292],148.15
[1758212586514973199],148.15
[1758212586520101324],148.15
[1758212586525712574],148.15
[1758212586530892574],148.15
[1758212586536133824],148.15
[1758212586541264397],148.15
[1758212586547597886],148.15
[1758212586554104813],148.15
[1758212586560534397],148.15
[1758212586565811428],148.15
[1758212586570938459],148.15
[1758212586576116897],148.15
[1758212586581647886],148.15
[1758212586586803615],148.15
[1758212586591935647],148.15
[1758212586597139136],148.15
[1758212586602359553],148.15
[1758212586607647730],148.15
[1758212586612938511],148.15
[1758212586618133147],148.15
[1758212586623267469],148.15
[1758212586628371480],148.15
[1758212586633881011],148.15
[1758212586638997105],148.15
[1758212586645258199],148.15
[1758212586650497261],148.15
[1758212586655674032],148.15
[1758212586660797990],148.15
[1758212586665944084],148.15
[1758212586671043042],148.15
[1758212586676180074],148.15
[1758212586681376324],148.15
[1758212586686871584],148.15
[1758212586692201063],148.15
[1758212586697410907],148.15
[1758212586702584084],148.15
[1758212586707683615],148.15
[1758212586712876636],148.15
[1758212586717992886],148.15
[1758212586723152417],148.15
[1758212586728284344],148.15
[1758212586733493303],148.15
[1758212586738634865],148.15
[1758212586744259605],148.15
[1758212586749387626],148.15
[1758212586754497678],148.15
[1758212586759612886],148.15
[1758212586764739657],148.15
[1758212586769852626],148.15
[1758212586774974865],148.15
[1758212586780061532],148.15
[1758212586785248459],148.15
[1758212586790470230],148.15
[1758212586796298876],148.15
[1758212586801422938],148.15
[1758212586806530959],148.15
[1758212586811645907],148.15
[1758212586816810230],148.15
[1758212586821915074],148.15
[1758212586827023771],148.15
[1758212586832217521],148.15
[1758212586837515699],148.15
[1758212586843102678],148.15
[1758212586848316167],148.15
[1758212586853877574],148.15
[1758212586859043928],148.15
[1758212586864192417],148.15
[1758212586869309917],148.15
[1758212586874429761],148.15
[1758212586879544084],148.15
[1758212586884859240],148.15
[1758212586890029396],148.15
[1758212586895306219],148.15
[1758212586900423980],148.15
[1758212586909845438],148.15
[1758212586916274136],148.15
[1758212586922922730],148.15
[1758212586928146271],148.15
[1758212586933298980],148.15
[1758212586938563719],148.15
[1758212586944916115],148.15
[1758212586950160021],148.15
[1758212586955328980],148.15
[1758212586960846636],148.15
[1758212586965990178],148.15
[1758212586971081584],148.15
[1758212586976229240],148.15
[1758212586981338459],148.15
[1758212586986527365],148.15
[1758212586991766896],148.15
[1758212586996955490],148.15
[1758212587002035438],148.15
[1758212587007144709],148.15
[1758212587012322365],148.15
[1758212587017459292],148.15
[1758212587022690959],148.15
[1758212587028230646],148.15
[1758212587033482573],148.15
[1758212587038602990],148.15
[1758212587043780438],148.15
[1758212587048890386],148.15
[1758212587054006792],148.15
[1758212587059132209],148.15
[1758212587064294188],148.15
[1758212587069814084],148.15
[1758212587075171688],148.15
[1758212587080384969],148.15
[1758212587085525542],148.15
[1758212587090680959],148.15
[1758212587095919240],148.15
[1758212587101048094],148.15
[1758212587106210646],148.15
[1758212587111335646],148.15
[1758212587116518042],148.15
[1758212587121748876],148.15
[1758212587126886636],148.15
[1758212587132039605],148.15
[1758212587137607365],148.15
[1758212587142902157],148.15
[1758212587148081740],148.15
[1758212587153233407],148.15
[1758212587158419553],148.15
[1758212587163553928],148.15
[1758212587168675021],148.15
[1758212587173841323],148.15
[1758212587179625594],148.15
[1758212587185997990],148.15
[1758212587191266688],148.15
[1758212587196451323],148.15
[1758212587201540750],148.15
[1758212587206643459],148.15
[1758212587211731011],148.15
[1758212587216856011],148.15
[1758212587221983667],148.15
[1758212587227208928],148.15
[1758212587232499188],148.15
[1758212587237631167],148.15
[1758212587243294448],148.15
[1758212587248427261],148.15
[1758212587253558303],148.15
[1758212587258745855],148.15
[1758212587263952209],148.15
[1758212587269127313],148.15
[1758212587274266011],148.15
[1758212587279389709],148.15
[1758212587284582730],148.15
[1758212587289801375],148.15
[1758212587295377417],148.15
[1758212587300552209],148.15
[1758212587305704761],148.15
[1758212587310811428],148.15
[1758212587315952834],148.15
[1758212587321057105],148.15
[1758212587326197625],148.15
[1758212587331307782],148.15
[1758212587336568928],148.15
[1758212587341796323],148.15
[1758212587348587105],148.15
[1758212587353865230],148.15
[1758212587358994813],148.15
[1758212587364163250],148.15
[1758212587369297625],148.15
[1758212587374448771],148.15
[1758212587379556219],148.15
[1758212587384671011],148.15
[1758212587389798355],148.15
[1758212587395311792],148.15
[1758212587401800125],148.15
[1758212587407055021],148.15
[1758212587412270594],148.15
[1758212587417410282],148.15
[1758212587422598823],148.15
[1758212587427722157],148.15
[1758212587432890177],148.15
[1758212587438004657],148.15
[1758212587444381740],148.15
[1758212587449642469],148.15
[1758212587456292573],148.15
[1758212587461591323],148.15
[1758212587466744657],148.15
[1758212587471829761],148.15
[1758212587476916740],148.15
[1758212587482035542],148.15
[1758212587487184813],148.15
[1758212587492419865],148.15
[1758212587497627782],148.15
[1758212587502882886],148.15
[1758212587509373875],148.15
[1758212587514614552],148.15
[1758212587519739709],148.15
[1758212587524882782],148.15
[1758212587530000542],148.15
[1758212587535123355],148.15
[1758212587540233823],148.15
[1758212587545438875],148.15
[1758212587550561219],148.15
[1758212587555771219],148.15
[1758212587561316271],148.15
[1758212587566461740],148.15
[1758212587571592782],148.15
[1758212587576727105],148.15
[1758212587581875907],148.15
[1758212587586998094],148.15
[1758212587592259865],148.15
[1758212587597503823],148.15
[1758212587602787052],148.15
[1758212587607921011],148.15
[1758212587613437104],148.15
[1758212587618647677],148.15
[1758212587623801479],148.15
[1758212587628982782],148.15
[1758212587634090386],148.15
[1758212587639168198],148.15
[1758212587644374396],148.15
[1758212587649506479],148.15
[1758212587654800073],148.15
[1758212587659985177],148.15
[1758212587665145854],148.15
[1758212587670747834],148.15
[1758212587675940073],148.15
[1758212587681054344],148.15
[1758212587686220334],148.15
[1758212587691337052],148.15
[1758212587696525802],148.15
[1758212587701619396],148.15
[1758212587706739604],148.15
[1758212587711903511],148.15
[1758212587717176167],148.15
[1758212587722949709],148.15
[1758212587728122052],148.15
[1758212587733236584],148.15
[1758212587738313407],148.15
[1758212587743495594],148.15
[1758212587748611271],148.15
[1758212587753819084],148.15
[1758212587761511323],148.15
[1758212587767902104],148.15
[1758212587773164709],148.15
[1758212587778652782],148.15
[1758212587783801844],148.15
[1758212587788902834],148.15
[1758212587794090959],148.15
[1758212587799221948],148.15
[1758212587804404396],148.15
[1758212587809566375],148.15
[1758212587814824292],148.15
[1758212587819945438],148.15
[1758212587825122052],148.15
[1758212587831617209],148.15
[1758212587838085854],148.15
[1758212587843343771],148.15
[1758212587848441636],148.15
[1758212587853596011],148.15
[1758212587858759031],148.15
[1758212587863871948],148.15
[1758212587868981531],148.15
[1758212587874151427],148.15
[1758212587879299084],148.15
[1758212587886119031],148.15
[1758212587891394031],148.15
[1758212587896601167],148.15
[1758212587901719500],148.15
[1758212587906852729],148.15
[1758212587911967365],148.15
[1758212587917094761],148.15
[1758212587922257052],148.15
[1758212587927404396],148.15
[1758212587932717365],148.15
[1758212587938226167],148.15
[1758212587943433354],148.15
[1758212587948551115],148.15
[1758212587953646688],148.15
[1758212587958787834],148.15
[1758212587964002104],148.15
[1758212587969122677],148.15
[1758212587974270646],148.15
[1758212587979436688],148.15
[1758212587984649969],148.15
[1758212587989806479],148.15
[1758212587995460125],148.15
[1758212588000618146],148.15
[1758212588005758927],148.15
[1758212588010858094],148.15
[1758212588015980229],148.15
[1758212588021071427],148.15
[1758212588026227261],148.15
[1758212588031355646],148.15
[1758212588036593511],148.15
[1758212588041820594],148.15
[1758212588047432469],148.15
[1758212588052675698],148.15
[1758212588057879552],148.15
[1758212588063046688],148.15
[1758212588068220073],148.15
[1758212588073365698],148.15
[1758212588078517521],148.15
[1758212588083715542],148.15
[1758212588088915333],148.15
[1758212588094099813],148.15
[1758212588099248563],148.15
[1758212588105898406],148.15
[1758212588111147000],148.15
[1758212588116262000],148.15
[1758212588121367833],148.15
[1758212588126510177],148.15
[1758212588131652781],148.15
[1758212588136782938],148.15
[1758212588141893198],148.15
[1758212588147201479],148.15
[1758212588152857104],148.15
[1758212588158040542],148.15
[1758212588163197261],148.15
[1758212588168340333],148.15
[1758212588173465906],148.15
[1758212588178614969],148.15
[1758212588183762625],148.15
[1758212588188864344],148.15
[1758212588194110802],148.15
[1758212588199425073],148.15
[1758212588204542990],148.15
[1758212588210052729],148.15
[1758212588215327573],148.15
[1758212588220459136],148.15
[1758212588225608302],148.15
[1758212588230718406],148.15
[1758212588235851583],148.15
[1758212588240972833],148.15
[1758212588246255698],148.15
[1758212588251416531],148.15
[1758212588256647677],148.15
[1758212588262098563],148.15
[1758212588267273563],148.15
[1758212588272441688],148.15
[1758212588277572104],148.15
[1758212588282782260],148.15
[1758212588287926948],148.15
[1758212588293206635],148.15
[1758212588298361896],148.15
[1758212588303510490],148.15
[1758212588308714552],148.15
[1758212588313846479],148.15
[1758212588320418146],148.15
[1758212588325640698],148.15
[1758212588330767052],148.15
[1758212588335891531],148.15
[1758212588340994448],148.15
[1758212588346155021],148.15
[1758212588351281271],148.15
[1758212588356455125],148.15
[1758212588361655698],148.15
[1758212588367199448],148.15
[1758212588372401427],148.15
[1758212588377493563],148.15
[1758212588382729448],148.15
[1758212588387875177],148.15
[1758212588393112521],148.15
[1758212588398268354],148.15
[1758212588403410594],148.15
[1758212588408597625],148.15
[1758212588413833927],148.15
[1758212588418942625],148.15
[1758212588424572417],148.15
[1758212588429765438],148.15
[1758212588434898719],148.15
[1758212588440024344],148.15
[1758212588445218979],148.15
[1758212588450317677],148.15
[1758212588455454031],148.15
[1758212588460572260],148.15
[1758212588465862781],148.15
[1758212588471137104],148.15
[1758212588477619917],148.15
[1758212588484009135],148.15
[1758212588489256323],148.15
[1758212588494460021],148.15
[1758212588499649187],148.15
[1758212588504811271],148.15
[1758212588509915698],148.15
[1758212588515042521],148.15
[1758212588520157469],148.15
[1758212588525314917],148.15
[1758212588530940906],148.15
[1758212588536112781],148.15
[1758212588541242104],148.15
[1758212588546439187],148.15
[1758212588551581479],148.15
[1758212588556720281],148.15
[1758212588561920802],148.15
[1758212588567093094],148.15
[1758212588572624448],148.15
[1758212588577861948],148.15
[1758212588583386167],148.15
[1758212588588518562],148.15
[1758212588593712729],148.15
[1758212588598826687],148.15
[1758212588606345073],148.15
[1758212588612855906],148.15
[1758212588618353875],148.15
[1758212588623525646],148.15
[1758212588628658094],148.15
[1758212588633810021],148.15
[1758212588639233094],148.15
[1758212588644437104],148.15
[1758212588649554344],148.15
[1758212588654720906],148.15
[1758212588659964344],148.15
[1758212588665150802],148.15
[1758212588670267052],148.15
[1758212588675416948],148.15
[1758212588680582260],148.15
[1758212588685714656],148.15
[1758212588692260646],148.15
[1758212588697732885],148.15
[1758212588702986427],148.15
[1758212588708093667],148.15
[1758212588713238198],148.15
[1758212588718337417],148.15
[1758212588723439239],148.15
[1758212588728567729],148.15
[1758212588733779917],148.15
[1758212588739069135],148.15
[1758212588745528823],148.15
[1758212588750761427],148.15
[1758212588755860646],148.15
[1758212588761015177],148.15
[1758212588766188302],148.15
[1758212588771271427],148.15
[1758212588776376792],148.15
[1758212588781465125],148.15
[1758212588786662833],148.15
[1758212588791856948],148.15
[1758212588797392521],148.15
[1758212588802584344],148.15
[1758212588807729917],148.15
[1758212588812989864],148.15
[1758212588818134917],148.15
[1758212588823269135],148.15
[1758212588828416375],148.15
[1758212588833563667],148.15
[1758212588838821479],148.15
[1758212588844303250],148.15
[1758212588850737000],148.15
[1758212588857149292],148.15
[1758212588862456427],148.15
[1758212588867615542],148.15
[1758212588872805854],148.15
[1758212588877936375],148.15
[1758212588883066375],148.15
[1758212588888193146],148.15
[1758212588893405489],148.15
[1758212588898545542],148.15
[1758212588905189135],148.15
[1758212588910442469],148.15
[1758212588915585177],148.15
[1758212588920696635],148.15
[1758212588925822364],148.15
[1758212588930935229],148.15
[1758212588936045646],148.15
[1758212588941184708],148.15
[1758212588946420906],148.15
[1758212588951597364],148.15
[1758212588959038562],148.15
[1758212588964298094],148.15
[1758212588969431896],148.15
[1758212588974609864],148.15
[1758212588979732781],148.15
[1758212588984820489],148.15
[1758212588989937937],148.15
[1758212588995144656],148.15
[1758212589000245802],148.15
[1758212589005341062],148.15
[1758212589010780333],148.15
[1758212589015906114],148.15
[1758212589021012208],148.15
[1758212589026160229],148.15
[1758212589031276948],148.15
[1758212589036380333],148.15
[1758212589041477885],148.15
[1758212589046685594],148.15
[1758212589051891844],148.15
[1758212589057124916],148.15
[1758212589063833354],148.15
[1758212589070456479],148.15
[1758212589075709708],148.15
[1758212589080821271],148.15
[1758212589085954187],148.15
[1758212589091062416],148.15
[1758212589096242833],148.15
[1758212589101363719],148.15
[1758212589106508302],148.15
[1758212589111642208],148.15
[1758212589117203719],148.15
[1758212589122392781],148.15
[1758212589127492625],148.15
[1758212589132647260],148.15
[1758212589137737468],148.15
[1758212589142936687],148.15
[1758212589148054708],148.15
[1758212589153253198],148.15
[1758212589158752573],148.15
[1758212589163925698],148.15
[1758212589170330125],148.15
[1758212589175564500],148.15
[1758212589180665177],148.15
[1758212589185790802],148.15
[1758212589190937885],148.15
[1758212589196110958],148.15
[1758212589201198718],148.15
[1758212589206315021],148.15
[1758212589211463666],148.15
[1758212589216916531],148.15
[1758212589222258614],148.15
[1758212589227420021],148.15
[1758212589232590593],148.15
[1758212589237690958],148.15
[1758212589242970437],148.15
[1758212589248094864],148.15
[1758212589253275229],148.15
[1758212589258443979],148.15
[1758212589263675385],148.15
[1758212589268817312],148.15
[1758212589273962208],148.15
[1758212589279474864],148.15
[1758212589284662156],148.15
[1758212589289863562],148.15
[1758212589295148927],148.15
[1758212589300361375],148.15
[1758212589305518041],148.15
[1758212589310660385],148.15
[1758212589315836114],148.15
[1758212589321028666],148.15
[1758212589326267833],148.15
[1758212589331752468],148.15
[1758212589336898406],148.15
[1758212589342010125],148.15
[1758212589347207260],148.15
[1758212589352455073],148.15
[1758212589357612260],148.15
[1758212589362855593],148.15
[1758212589367987573],148.15
[1758212589373099604],148.15
[1758212589378322052],148.15
[1758212589383462000],148.15
[1758212589390017729],148.15
[1758212589396399291],148.15
[1758212589401644864],148.15
[1758212589406778041],148.15
[1758212589411896791],148.15
[1758212589417027573],148.15
[1758212589422197208],148.15
[1758212589427325333],148.15
[1758212589432518406],148.15
[1758212589437984552],148.15
[1758212589443273718],148.15
[1758212589448401583],148.15
[1758212589453598302],148.15
[1758212589458716687],148.15
[1758212589463901635],148.15
[1758212589469041791],148.15
[1758212589474190645],148.15
[1758212589479310385],148.15
[1758212589484526166],148.15
[1758212589489652729],148.15
[1758212589495207312],148.15
[1758212589500350073],148.15
[1758212589505472052],148.15
[1758212589510620541],148.15
[1758212589515734291],148.15
[1758212589520828979],148.15
[1758212589525959500],148.15
[1758212589531106687],148.15
[1758212589536359916],148.15
[1758212589541684760],148.15
[1758212589547294708],148.15
[1758212589552571843],148.15
[1758212589557765750],148.15
[1758212589562979656],148.15
[1758212589568118093],148.15
[1758212589573261270],148.15
[1758212589578397104],148.15
[1758212589583560333],148.15
[1758212589588796427],148.15
[1758212589594003458],148.15
[1758212589599184812],148.15
[1758212589605714187],148.15
[1758212589610959291],148.15
[1758212589616083770],148.15
[1758212589621198979],148.15
[1758212589626332052],148.15
[1758212589631425229],148.15
[1758212589636526114],148.15
[1758212589641652625],148.15
[1758212589646878250],148.15
[1758212589652552520],148.15
[1758212589657716427],148.15
[1758212589662895229],148.15
[1758212589668025177],148.15
[1758212589673116947],148.15
[1758212589678212052],148.15
[1758212589683344500],148.15
[1758212589688543406],148.15
[1758212589693912885],148.15
[1758212589699116947],148.15
[1758212589704256791],148.15
[1758212589713051687],148.15
[1758212589718213458],148.15
[1758212589723372364],148.15
[1758212589728519708],148.15
[1758212589733664916],148.15
[1758212589738843562],148.15
[1758212589744061791],148.15
[1758212589749175020],148.15
[1758212589754313770],148.15
[1758212589760857260],148.15
[1758212589766070958],148.15
[1758212589771191687],148.15
[1758212589776330281],148.15
[1758212589781460802],148.15
[1758212589786556531],148.15
[1758212589791679656],148.15
[1758212589796907364],148.15
[1758212589802075177],148.15
[1758212589807284864],148.15
[1758212589812449968],148.15
[1758212589818038406],148.15
[1758212589823203458],148.15
[1758212589828340437],148.15
[1758212589833513822],148.15
[1758212589838627104],148.15
[1758212589843835645],148.15
[1758212589848933770],148.15
[1758212589854089708],148.15
[1758212589859278197],148.15
[1758212589866593249],148.15
[1758212589872062260],148.15
[1758212589877201270],148.15
[1758212589882392468],148.15
[1758212589887527520],148.15
[1758212589892733302],148.15
[1758212589897895072],148.15
[1758212589903025697],148.15
[1758212589908127989],148.15
[1758212589913300958],148.15
[1758212589918522260],148.15
[1758212589925051114],148.15
[1758212589930332833],148.15
[1758212589935475072],148.15
[1758212589940599343],148.15
[1758212589945804968],148.15
[1758212589950912729],148.15
[1758212589956020854],148.15
[1758212589961135906],148.15
[1758212589966303302],148.15
[1758212589971869343],148.15
[1758212589977006479],148.15
[1758212589982148249],148.15
[1758212589987271479],148.15
[1758212589992509395],148.15
[1758212589997731687],148.15
[1758212590002906999],148.15
[1758212590008055593],148.15
[1758212590013350229],148.15
[1758212590018494239],148.15
[1758212590023660124],148.15
[1758212590029201635],148.15
[1758212590035577312],148.15
[1758212590040899812],148.15
[1758212590046153093],148.15
[1758212590051274604],148.15
[1758212590056412989],148.15
[1758212590061519187],148.15
[1758212590066633197],148.15
[1758212590071755124],148.15
[1758212590077374916],148.15
[1758212590082725541],148.15
[1758212590087882781],148.15
[1758212590093096635],148.15
[1758212590098218145],148.15
[1758212590103328510],148.15
[1758212590108488041],148.15
[1758212590113676166],148.15
[1758212590118887989],148.15
[1758212590124107416],148.15
[1758212590129226843],148.15
[1758212590134358874],148.15
[1758212590139490906],148.15
[1758212590145145958],148.15
[1758212590150501791],148.15
[1758212590155651843],148.15
[1758212590160762729],148.15
[1758212590165908354],148.15
[1758212590171078510],148.15
[1758212590176202572],148.15
[1758212590181366947],148.15
[1758212590187127364],148.15
[1758212590192494395],148.15
[1758212590198923458],148.15
[1758212590204193458],148.15
[1758212590209322624],148.15
[1758212590214470541],148.15
[1758212590219590749],148.15
[1758212590224715072],148.15
[1758212590229833562],148.15
[1758212590234988874],148.15
[1758212590240141374],148.15
[1758212590245416322],148.15
[1758212590250959395],148.15
[1758212590256154603],148.15
[1758212590261308301],148.15
[1758212590266490853],148.15
[1758212590271620072],148.15
[1758212590276706843],148.15
[1758212590281815749],148.15
[1758212590286999864],148.15
[1758212590292639656],148.15
[1758212590297923718],148.15
[1758212590303043978],148.15
[1758212590308191791],148.15
[1758212590313346531],148.15
[1758212590318515906],148.15
[1758212590323641114],148.15
[1758212590328772885],148.15
[1758212590333924083],148.15
[1758212590339129083],148.15
[1758212590344444135],148.15
[1758212590349606947],148.15
[1758212590354779760],148.15
[1758212590361305645],148.15
[1758212590366571010],148.15
[1758212590371717989],148.15
[1758212590376847416],148.15
[1758212590381958978],148.15
[1758212590387098926],148.15
[1758212590392351947],148.15
[1758212590398801062],148.15
[1758212590405286062],148.15
[1758212590411660593],148.15
[1758212590416849343],148.15
[1758212590422060333],148.15
[1758212590427172781],148.15
[1758212590432314760],148.15
[1758212590437428510],148.15
[1758212590442767103],148.15
[1758212590447896635],148.15
[1758212590453028145],148.15
[1758212590458181687],148.15
[1758212590463443301],148.15
[1758212590468976426],148.15
[1758212590474118562],148.15
[1758212590479208510],148.15
[1758212590484327937],148.15
[1758212590489438770],148.15
[1758212590494691583],148.15
[1758212590499826322],148.15
[1758212590505315228],148.15
[1758212590510503718],148.15
[1758212590515766635],148.15
[1758212590520875385],148.15
[1758212590526000958],148.15
[1758212590531097208],148.15
[1758212590536194343],148.15
[1758212590541293718],148.15
[1758212590546570020],148.15
[1758212590552082676],148.15
[1758212590557318770],148.15
[1758212590562658510],148.15
[1758212590567879551],148.15
[1758212590573065489],148.15
[1758212590579503353],148.15
[1758212590584723041],148.15
[1758212590589956530],148.15
[1758212590595227728],148.15
[1758212590600352780],148.15
[1758212590605494968],148.15
[1758212590610942364],148.15
[1758212590616120228],148.15
[1758212590621336739],148.15
[1758212590626586010],148.15
[1758212590631666687],148.15
[1758212590636804239],148.15
[1758212590641932572],148.15
[1758212590647180176],148.15
[1758212590652345332],148.15
[1758212590657466010],148.15
[1758212590662660541],148.15
[1758212590667910124],148.15
[1758212590673096739],148.15
[1758212590678283978],148.15
[1758212590685022780],148.15
[1758212590690272364],148.15
[1758212590695521687],148.15
[1758212590700623614],148.15
[1758212590705750697],148.15
[1758212590710848041],148.15
[1758212590717260020],148.15
[1758212590723778874],148.15
[1758212590729025228],148.15
[1758212590734125176],148.15
[1758212590739254135],148.15
[1758212590744445645],148.15
[1758212590749554916],148.15
[1758212590754715020],148.15
[1758212590759819239],148.15
[1758212590765041322],148.15
[1758212590770379707],148.15
[1758212590775550124],148.15
[1758212590780657364],148.15
[1758212590785796999],148.15
[1758212590791351582],148.15
[1758212590796538405],148.15
[1758212590801655749],148.15
[1758212590806800332],148.15
[1758212590811908249],148.15
[1758212590817122572],148.15
[1758212590822415697],148.15
[1758212590827576895],148.15
[1758212590832945124],148.15
[1758212590838065020],148.15
[1758212590846700593],148.15
[1758212590851850697],148.15
[1758212590856949030],148.15
[1758212590862050697],148.15
[1758212590867246687],148.15
[1758212590872394916],148.15
[1758212590877500645],148.15
[1758212590882649082],148.15
[1758212590887746374],148.15
[1758212590893542884],148.15
[1758212590898701843],148.15
[1758212590903859343],148.15
[1758212590908980645],148.15
[1758212590914162103],148.15
[1758212590919283145],148.15
[1758212590924414030],148.15
[1758212590929834291],148.15
[1758212590935047259],148.15
[1758212590940482989],148.15
[1758212590945901843],148.15
[1758212590951023093],148.15
[1758212590956124082],148.15
[1758212590961254707],148.15
[1758212590966407312],148.15
[1758212590971602937],148.15
[1758212590976871426],148.15
[1758212590982097989],148.15
[1758212590987249291],148.15
[1758212590993386114],148.15
[1758212590998632520],148.15
[1758212591003873353],148.15
[1758212591009185020],148.15
[1758212591014862103],148.15
[1758212591020023249],148.15
[1758212591025295749],148.15
[1758212591030418718],148.15
[1758212591035867676],148.15
[1758212591041035489],148.15
[1758212591046331322],148.15
[1758212591051490801],148.15
[1758212591056672103],148.15
[1758212591061803718],148.15
[1758212591067044759],148.15
[1758212591072233978],148.15
[1758212591077450332],148.15
[1758212591082644187],148.15
[1758212591087768561],148.15
[1758212591093029291],148.15
[1758212591098155697],148.15
[1758212591103624655],148.15
[1758212591108863926],148.15
[1758212591114051530],148.15
[1758212591119199239],148.15
[1758212591124347364],148.15
[1758212591129496530],148.15
[1758212591134628145],148.15
[1758212591139754551],148.15
[1758212591145360749],148.15
[1758212591150554343],148.15
[1758212591155844551],148.15
[1758212591160964082],148.15
[1758212591166126322],148.15
[1758212591171287624],148.15
[1758212591176469082],148.15
[1758212591181618093],148.15
[1758212591186766270],148.15
[1758212591191903301],148.15
[1758212591197162572],148.15
[1758212591202394030],148.15
[1758212591207515384],148.15
[1758212591212956114],148.15
[1758212591218237624],148.15
[1758212591223959759],148.15
[1758212591229142051],148.15
[1758212591234294343],148.15
[1758212591239447468],148.15
[1758212591244658666],148.15
[1758212591249826843],148.15
[1758212591255298718],148.15
[1758212591260424343],148.15
[1758212591265786374],148.15
[1758212591270999082],148.15
[1758212591276173718],148.15
[1758212591281278405],148.15
[1758212591286419811],148.15
[1758212591291589030],148.15
[1758212591297169134],148.15
[1758212591302361895],148.15
[1758212591308331634],148.15
[1758212591314628197],148.15
[1758212591321189551],148.15
[1758212591327593509],148.15
[1758212591334013249],148.15
[1758212591339278301],148.15
[1758212591344512416],148.15
[1758212591349628041],148.15
[1758212591354776582],148.15
[1758212591359893874],148.15
[1758212591366447988],148.15
[1758212591371690436],148.15
[1758212591376882936],148.15
[1758212591381991686],148.15
[1758212591387107155],148.15
[1758212591392307103],148.15
[1758212591397509916],148.15
[1758212591403961322],148.15
[1758212591409192051],148.15
[1758212591414309447],148.15
[1758212591419409238],148.15
[1758212591424569968],148.15
[1758212591429992155],148.15
[1758212591435141113],148.15
[1758212591440280645],148.15
[1758212591445550436],148.15
[1758212591450780749],148.15
[1758212591455895124],148.15
[1758212591461041478],148.15
[1758212591466212572],148.15
[1758212591471889916],148.15
[1758212591477054134],148.15
[1758212591482269030],148.15
[1758212591487502311],148.15
[1758212591493978822],148.15
[1758212591499227468],148.15
[1758212591504364551],148.15
[1758212591509481322],148.15
[1758212591514614395],148.15
[1758212591519731478],148.15
[1758212591524849395],148.15
[1758212591529966322],148.15
[1758212591535478613],148.15
[1758212591540729186],148.15
[1758212591545933926],148.15
[1758212591551029082],148.15
[1758212591556151165],148.15
[1758212591561271999],148.15
[1758212591566444186],148.15
[1758212591571587207],148.15
[1758212591577090593],148.15
[1758212591582417780],148.15
[1758212591587568822],148.15
[1758212591594112936],148.15
[1758212591600517259],148.15
[1758212591605758197],148.15
[1758212591610931686],148.15
[1758212591616135593],148.15
[1758212591621246738],148.15
[1758212591626395697],148.15
[1758212591631524915],148.15
[1758212591636654343],148.15
[1758212591642129915],148.15
[1758212591647420124],148.15
[1758212591652571999],148.15
[1758212591657655124],148.15
[1758212591662821165],148.15
[1758212591667922832],148.15
[1758212591673065540],148.15
[1758212591678211582],148.15
[1758212591683651218],148.15
[1758212591688767780],148.15
[1758212591694053926],148.15
[1758212591699169707],148.15
[1758212591704328353],148.15
[1758212591709442363],148.15
[1758212591714575332],148.15
[1758212591719740332],148.15
[1758212591724949447],148.15
[1758212591730082207],148.15
[1758212591735217676],148.15
[1758212591740498093],148.15
[1758212591745772884],148.15
[1758212591752401530],148.15
[1758212591758716790],148.15
[1758212591763963770],148.15
[1758212591769114030],148.15
[1758212591774270124],148.15
[1758212591779370384],148.15
[1758212591784453978],148.15
[1758212591789552051],148.15
[1758212591795094707],148.15
[1758212591800217467],148.15
[1758212591805438405],148.15
[1758212591810548561],148.15
[1758212591815657572],148.15
[1758212591820764030],148.15
[1758212591825899811],148.15
[1758212591830980957],148.15
[1758212591836070124],148.15
[1758212591841210176],148.15
[1758212591846466738],148.15
[1758212591851729915],148.15
[1758212591857238822],148.15
[1758212591862408457],148.15
[1758212591867557415],148.15
[1758212591872811478],148.15
[1758212591877946738],148.15
[1758212591883051582],148.15
[1758212591888173613],148.15
[1758212591893405020],148.15
[1758212591898646113],148.15
[1758212591905163457],148.15
[1758212591910400853],148.15
[1758212591915505020],148.15
[1758212591920602103],148.15
[1758212591925741165],148.15
[1758212591930826322],148.15
[1758212591935903405],148.15
[1758212591941125645],148.15
[1758212591946434447],148.15
[1758212591951705176],148.15
[1758212591956871165],148.15
[1758212591962255072],148.15
[1758212591970889707],148.15
[1758212591977261269],148.15
[1758212591982572572],148.15
[1758212591987721269],148.15
[1758212591992973353],148.15
[1758212591998136113],148.15
[1758212592003354134],148.15
[1758212592008531217],148.15
[1758212592014148613],148.15
[1758212592019343301],148.15
[1758212592024632363],148.15
[1758212592029762780],148.15
[1758212592034922624],148.15
[1758212592040126999],148.15
[1758212592045449499],148.15
[1758212592050599863],148.15
[1758212592055799551],148.15
[1758212592060915072],148.15
[1758212592066097311],148.15
[1758212592071735384],148.15
[1758212592076956165],148.15
[1758212592082277780],148.15
[1758212592087400176],148.15
[1758212592092622624],148.15
[1758212592097786894],148.15
[1758212592102959394],148.15
[1758212592108049655],148.15
[1758212592113282780],148.15
[1758212592118567311],148.15
[1758212592124125644],148.15
[1758212592129261217],148.15
[1758212592134397624],148.15
[1758212592139531634],148.15
[1758212592144745072],148.15
[1758212592149901061],148.15
[1758212592155044030],148.15
[1758212592160207936],148.15
[1758212592165502780],148.15
[1758212592170674707],148.15
[1758212592175816009],148.15
[1758212592181426113],148.15
[1758212592186597676],148.15
[1758212592191721999],148.15
[1758212592196923717],148.15
[1758212592202035905],148.15
[1758212592207159030],148.15
[1758212592212368092],148.15
[1758212592217585228],148.15
[1758212592222841582],148.15
[1758212592228067571],148.15
[1758212592235677728],148.15
[1758212592242329134],148.15
[1758212592248793301],148.15
[1758212592254030280],148.15
[1758212592259147155],148.15
[1758212592264304551],148.15
[1758212592269430749],148.15
[1758212592274607728],148.15
[1758212592279772311],148.15
[1758212592284937624],148.15
[1758212592290451009],148.15
[1758212592295751842],148.15
[1758212592300957311],148.15
[1758212592306075905],148.15
[1758212592311184967],148.15
[1758212592316333561],148.15
[1758212592321561738],148.15
[1758212592326728249],148.15
[1758212592331828457],148.15
[1758212592337018092],148.15
[1758212592342707676],148.15
[1758212592347877728],148.15
[1758212592353016478],148.15
[1758212592358124082],148.15
[1758212592363259811],148.15
[1758212592368358457],148.15
[1758212592373509499],148.15
[1758212592378628769],148.15
[1758212592383818457],148.15
[1758212592388995124],148.15
[1758212592394225957],148.15
[1758212592399559603],148.15
[1758212592404727780],148.15
[1758212592409898457],148.15
[1758212592415028717],148.15
[1758212592420177676],148.15
[1758212592425376842],148.15
[1758212592430484238],148.15
[1758212592435596686],148.15
[1758212592440748353],148.15
[1758212592445959030],148.15
[1758212592452609707],148.15
[1758212592457872884],148.15
[1758212592463022623],148.15
[1758212592468124394],148.15
[1758212592473267207],148.15
[1758212592478401530],148.15
[1758212592483523196],148.15
[1758212592488633040],148.15
[1758212592493919290],148.15
[1758212592499199342],148.15
[1758212592504676738],148.15
[1758212592509890332],148.15
[1758212592515012467],148.15
[1758212592520114498],148.15
[1758212592525267676],148.15
[1758212592530433821],148.15
[1758212592535579915],148.15
[1758212592540706113],148.15
[1758212592545948457],148.15
[1758212592551170957],148.15
[1758212592556713144],148.15
[1758212592561856217],148.15
[1758212592567011738],148.15
[1758212592572211269],148.15
[1758212592577386686],148.15
[1758212592582571842],148.15
[1758212592587707676],148.15
[1758212592592963353],148.15
[1758212592598159551],148.15
[1758212592603364238],148.15
[1758212592608527988],148.15
[1758212592614145332],148.15
[1758212592619278144],148.15
[1758212592624384603],148.15
[1758212592629477311],148.15
[1758212592634619238],148.15
[1758212592639784238],148.15
[1758212592645025175],148.15
[1758212592650166998],148.15
[1758212592655450748],148.15
[1758212592660663300],148.15
[1758212592666227884],148.15
[1758212592671374655],148.15
[1758212592676549342],148.15
[1758212592681738457],148.15
[1758212592686872415],148.15
[1758212592692047519],148.15
[1758212592697277415],148.15
[1758212592702622207],148.15
[1758212592707908300],148.15
[1758212592713042936],148.15
[1758212592718179134],148.15
[1758212592723724082],148.15
[1758212592728859759],148.15
[1758212592734040540],148.15
[1758212592741608405],148.15
[1758212592746819030],148.15
[1758212592751956946],148.15
[1758212592757221269],148.15
[1758212592762410436],148.15
[1758212592767700175],148.15
[1758212592773226113],148.15
[1758212592778401269],148.15
[1758212592783599655],148.15
[1758212592788737936],148.15
[1758212592793875175],148.15
[1758212592799007936],148.15
[1758212592804274707],148.15
[1758212592809559082],148.15
[1758212592814734134],148.15
[1758212592819876061],148.15
[1758212592825039707],148.15
[1758212592830478509],148.15
[1758212592835666738],148.15
[1758212592840781582],148.15
[1758212592845985280],148.15
[1758212592851137623],148.15
[1758212592856441477],148.15
[1758212592861579134],148.15
[1758212592866664915],148.15
[1758212592871786738],148.15
[1758212592877051894],148.15
[1758212592882522780],148.15
[1758212592887621686],148.15
[1758212592892879082],148.15
[1758212592898067415],148.15
[1758212592904543196],148.15
[1758212592910932519],148.15
[1758212592916176373],148.15
[1758212592921290436],148.15
[1758212592926447623],148.15
[1758212592931575957],148.15
[1758212592937011998],148.15
[1758212592942200905],148.15
[1758212592947376790],148.15
[1758212592952588248],148.15
[1758212592957796321],148.15
[1758212592962956530],148.15
[1758212592968048873],148.15
[1758212592973191165],148.15
[1758212592978353144],148.15
[1758212592983506790],148.15
[1758212592988946894],148.15
[1758212592994107571],148.15
[1758212592999276634],148.15
[1758212593004556946],148.15
[1758212593009729394],148.15
[1758212593014812675],148.15
[1758212593019904707],148.15
[1758212593025068248],148.15
[1758212593030189394],148.15
[1758212593035355436],148.15
[1758212593040510384],148.15
[1758212593046146894],148.15
[1758212593052716738],148.15
[1758212593058203092],148.15
[1758212593063353248],148.15
[1758212593068506998],148.15
[1758212593073679342],148.15
[1758212593078796686],148.15
[1758212593083917415],148.15
[1758212593089018092],148.15
[1758212593095382519],148.15
[1758212593101023561],148.15
[1758212593106245019],148.15
[1758212593111367727],148.15
[1758212593116512259],148.15
[1758212593121602311],148.15
[1758212593126682675],148.15
[1758212593131796061],148.15
[1758212593137032519],148.15
[1758212593142213665],148.15
[1758212593147467779],148.15
[1758212593153150957],148.15
[1758212593158293821],148.15
[1758212593163410748],148.15
[1758212593168521842],148.15
[1758212593173659654],148.15
[1758212593178778873],148.15
[1758212593183947311],148.15
[1758212593189127936],148.15
[1758212593194300904],148.15
[1758212593199519029],148.15
[1758212593204687988],148.15
[1758212593210138717],148.15
[1758212593215273509],148.15
[1758212593220418977],148.15
[1758212593225619602],148.15
[1758212593230750696],148.15
[1758212593235866842],148.15
[1758212593240986373],148.15
[1758212593246138665],148.15
[1758212593251273769],148.15
[1758212593256621269],148.15
[1758212593262200384],148.15
[1758212593267359238],148.15
[1758212593272582831],148.15
[1758212593277759342],148.15
[1758212593282956113],148.15
[1758212593288067259],148.15
[1758212593293219342],148.15
[1758212593298305279],148.15
[1758212593304837936],148.15
[1758212593310507779],148.15
[1758212593315712311],148.15
[1758212593320848717],148.15
[1758212593325994081],148.15
[1758212593331111842],148.15
[1758212593336241686],148.15
[1758212593341360852],148.15
[1758212593346579967],148.15
[1758212593351833300],148.15
[1758212593357111529],148.15
[1758212593362368404],148.15
[1758212593367976634],148.15
[1758212593373120384],148.15
[1758212593378239498],148.15
[1758212593383394290],148.15
[1758212593388504029],148.15
[1758212593393679602],148.15
[1758212593398800175],148.15
[1758212593404136529],148.15
[1758212593409290644],148.15
[1758212593414556946],148.15
[1758212593420083769],148.15
[1758212593425231165],148.15
[1758212593430420852],148.15
[1758212593435593404],148.15
[1758212593440736061],148.15
[1758212593445867779],148.15
[1758212593451041217],148.15
[1758212593457455384],148.15
[1758212593463050488],148.15
[1758212593468202988],148.15
[1758212593474518561],148.15
[1758212593479820279],148.15
[1758212593484971321],148.15
[1758212593490083196],148.15
[1758212593495219967],148.15
[1758212593500348040],148.15
[1758212593505549029],148.15
[1758212593510666217],148.15
[1758212593515838613],148.15
[1758212593521023040],148.15
[1758212593526498352],148.15
[1758212593531636269],148.15
[1758212593536761633],148.15
[1758212593541855956],148.15
[1758212593546988561],148.15
[1758212593552212675],148.15
[1758212593557472415],148.15
[1758212593562727727],148.15
[1758212593567946373],148.15
[1758212593573094550],148.15
[1758212593580976269],148.15
[1758212593587342936],148.15
[1758212593592648925],148.15
[1758212593597741217],148.15
[1758212593602984915],148.15
[1758212593608133092],148.15
[1758212593613284498],148.15
[1758212593618404446],148.15
[1758212593623569238],148.15
[1758212593628714238],148.15
[1758212593634320436],148.15
[1758212593639436165],148.15
[1758212593644613925],148.15
[1758212593649786217],148.15
[1758212593655001738],148.15
[1758212593660110488],148.15
[1758212593665264758],148.15
[1758212593670417311],148.15
[1758212593675690383],148.15
[1758212593680918144],148.15
[1758212593686493508],148.15
[1758212593691626998],148.15
[1758212593697125071],148.15
[1758212593702341894],148.15
[1758212593707515592],148.15
[1758212593712726165],148.15
[1758212593717877935],148.15
[1758212593723081269],148.15
[1758212593728256060],148.15
[1758212593733461477],148.15
[1758212593738636008],148.15
[1758212593745157571],148.15
[1758212593750400644],148.15
[1758212593755583352],148.15
[1758212593760699133],148.15
[1758212593765834238],148.15
[1758212593770934654],148.15
[1758212593776068873],148.15
[1758212593781199758],148.15
[1758212593786396946],148.15
[1758212593791951946],148.15
[1758212593797081060],148.15
[1758212593802314602],148.15
[1758212593807558092],148.15
[1758212593812765852],148.15
[1758212593817915227],148.15
[1758212593823082831],148.15
[1758212593828191790],148.15
[1758212593833396998],148.15
[1758212593838578560],148.15
[1758212593843750331],148.15
[1758212593848895019],148.15
[1758212593854499706],148.15
[1758212593859632935],148.15
[1758212593864759394],148.15
[1758212593869869446],148.15
[1758212593874997258],148.15
[1758212593880092779],148.15
[1758212593885295435],148.15
[1758212593890483404],148.15
[1758212593895729081],148.15
[1758212593902311425],148.15
[1758212593908702310],148.15
[1758212593913964654],148.15
[1758212593919130331],148.15
[1758212593924295696],148.15
[1758212593929419550],148.15
[1758212593934532415],148.15
[1758212593939638925],148.15
[1758212593944792310],148.15
[1758212593949922519],148.15
[1758212593955490852],148.15
[1758212593960644654],148.15
[1758212593965785540],148.15
[1758212593970932935],148.15
[1758212593976071998],148.15
[1758212593981187571],148.15
[1758212593986317623],148.15
[1758212593991455487],148.15
[1758212593996706217],148.15
[1758212594001939237],148.15
[1758212594007525019],148.15
[1758212594012756269],148.15
[1758212594017891790],148.15
[1758212594023079394],148.15
[1758212594028194706],148.15
[1758212594033321217],148.15
[1758212594038494967],148.15
[1758212594043682050],148.15
[1758212594048813196],148.15
[1758212594054332519],148.15
[1758212594059491373],148.15
[1758212594064925383],148.15
[1758212594070076269],148.15
[1758212594075241529],148.15
[1758212594080368300],148.15
[1758212594085504967],148.15
[1758212594090612310],148.15
[1758212594095796894],148.15
[1758212594101131165],148.15
[1758212594106350748],148.15
[1758212594111569290],148.15
[1758212594117063717],148.15
[1758212594122274133],148.15
[1758212594127451790],148.15
[1758212594132684133],148.15
[1758212594137912519],148.15
[1758212594143198196],148.15
[1758212594148329237],148.15
[1758212594153536060],148.15
[1758212594158729758],148.15
[1758212594163845487],148.15
[1758212594168951842],148.15
[1758212594175525696],148.15
[1758212594180772154],148.15
[1758212594185921373],148.15
[1758212594191035123],148.15
[1758212594196159446],148.15
[1758212594201234758],148.15
[1758212594206369237],148.15
[1758212594211483769],148.15
[1758212594216726529],148.15
[1758212594222395956],148.15
[1758212594228683717],148.15
[1758212594233916425],148.15
[1758212594239026164],148.15
[1758212594244163248],148.15
[1758212594249274446],148.15
[1758212594254448300],148.15
[1758212594259571477],148.15
[1758212594264733508],148.15
[1758212594269855904],148.15
[1758212594275072102],148.15
[1758212594280567831],148.15
[1758212594285798508],148.15
[1758212594290925383],148.15
[1758212594296091842],148.15
[1758212594301234550],148.15
[1758212594306423769],148.15
[1758212594311587362],148.15
[1758212594316765019],148.15
[1758212594322055852],148.15
[1758212594327589394],148.15
[1758212594333047206],148.15
[1758212594338165175],148.15
[1758212594343338821],148.15
[1758212594348448456],148.15
[1758212594392389341],148.15
[1758212594396929758],148.15
[1758212594401457154],148.15
[1758212594407047623],148.15
[1758212594411733977],148.15
[1758212594416298352],148.15
[1758212594420819029],148.15
[1758212594425369446],148.15
[1758212594429895071],148.15
[1758212594434458352],148.15
[1758212594438998404],148.15
[1758212594443587519],148.15
[1758212594448156894],148.15
[1758212594452849654],148.15
[1758212594457403769],148.15
[1758212594461992727],148.15
[1758212594466524289],148.15
[1758212594471010644],148.15
[1758212594475515800],148.15
[1758212594480275019],148.15
[1758212594485482831],148.15
[1758212594491044237],148.15
[1758212594496249446],148.15
[1758212594501731633],148.15
[1758212594506924966],148.15
[1758212594512037466],148.15
[1758212594517180279],148.15
[1758212594522353091],148.15
[1758212594527498612],148.15
[1758212594532731841],148.15
[1758212594538034133],148.15
[1758212594543178508],148.15
[1758212594548304498],148.15
[1758212594553513091],148.15
[1758212594558642414],148.15
[1758212594563768352],148.15
[1758212594568951841],148.15
[1758212594574172727],148.15
[1758212594579408664],148.15
[1758212594584568143],148.15
[1758212594589750643],148.15
[1758212594594897623],148.15
[1758212594600412154],148.15
[1758212594605664602],148.15
[1758212594611067310],148.15
[1758212594616227050],148.15
[1758212594621341998],148.15
[1758212594626550175],148.15
[1758212594631670331],148.15
[1758212594636805904],148.15
[1758212594641969914],148.15
[1758212594647209393],148.15
[1758212594652469654],148.15
[1758212594657679758],148.15
[1758212594662872675],148.15
[1758212594668077310],148.15
[1758212594673239862],148.15
[1758212594678390904],148.15
[1758212594683557831],148.15
[1758212594688751529],148.15
[1758212594693934966],148.15
[1758212594699110852],148.15
[1758212594704853612],148.15
[1758212594710379810],148.15
[1758212594715555643],148.15
[1758212594721893664],148.15
[1758212594728376268],148.15
[1758212594733636112],148.15
[1758212594738755331],148.15
[1758212594743896060],148.15
[1758212594749008091],148.15
[1758212594754193456],148.15
[1758212594759309289],148.15
[1758212594764447050],148.15
[1758212594769568143],148.15
[1758212594774789081],148.15
[1758212594779950748],148.15
[1758212594785102883],148.15
[1758212594790230591],148.15
[1758212594795341529],148.15
[1758212594800475331],148.15
[1758212594805717883],148.15
[1758212594811461737],148.15
[1758212594816660070],148.15
[1758212594821768768],148.15
[1758212594826965018],148.15
[1758212594833489393],148.15
[1758212594838770123],148.15
[1758212594843930852],148.15
[1758212594849057310],148.15
[1758212594854269029],148.15
[1758212594859392779],148.15
[1758212594864518248],148.15
[1758212594869634706],148.15
[1758212594874808456],148.15
[1758212594880062102],148.15
[1758212594885217362],148.15
[1758212594890332987],148.15
[1758212594895507727],148.15
[1758212594900646737],148.15
[1758212594905830018],148.15
[1758212594910966477],148.15
[1758212594916140123],148.15
[1758212594921694185],148.15
[1758212594926909706],148.15
[1758212594932092050],148.15
[1758212594937263612],148.15
[1758212594943795539],148.15
[1758212594949027206],148.15
[1758212594954214706],148.15
[1758212594959344029],148.15
[1758212594964494654],148.15
[1758212594969616425],148.15
[1758212594974764393],148.15
[1758212594979939393],148.15
[1758212594985123143],148.15
[1758212594990351477],148.15
[1758212594995497831],148.15
[1758212595000623664],148.15
[1758212595005868195],148.15
[1758212595011029966],148.15
[1758212595016171425],148.15
[1758212595021283039],148.15
[1758212595026801320],148.15
[1758212595031983664],148.15
[1758212595037146372],148.15
[1758212595042350122],148.15
[1758212595047504706],148.15
[1758212595054120800],148.15
[1758212595060515591],148.15
[1758212595066915956],148.15
[1758212595072232518],148.15
[1758212595077388247],148.15
[1758212595082566425],148.15
[1758212595087713039],148.15
[1758212595092902622],148.15
[1758212595098034445],148.15
[1758212595103252466],148.15
[1758212595108387935],148.15
[1758212595113603508],148.15
[1758212595118741789],148.15
[1758212595123856581],148.15
[1758212595128948664],148.15
[1758212595134449758],148.15
[1758212595139578300],148.15
[1758212595144733404],148.15
[1758212595149858091],148.15
[1758212595155107466],148.15
[1758212595161594654],148.15
[1758212595166803039],148.15
[1758212595171927362],148.15
[1758212595177076060],148.15
[1758212595182290018],148.15
[1758212595187443820],148.15
[1758212595192608925],148.15
[1758212595197729810],148.15
[1758212595203013977],148.15
[1758212595208256372],148.15
[1758212595214005227],148.15
[1758212595219200643],148.15
[1758212595224504133],148.15
[1758212595229724654],148.15
[1758212595234942414],148.15
[1758212595240444862],148.15
[1758212595245648560],148.15
[1758212595250788612],148.15
[1758212595257083091],148.15
[1758212595262404706],148.15
[1758212595267886945],148.15
[1758212595273045695],148.15
[1758212595278163560],148.15
[1758212595283362883],148.15
[1758212595288525904],148.15
[1758212595293680643],148.15
[1758212595298829341],148.15
[1758212595304114549],148.15
[1758212595309283872],148.15
[1758212595319236685],148.15
[1758212595324687727],148.15
[1758212595329804758],148.15
[1758212595334925904],148.15
[1758212595340064966],148.15
[1758212595345217570],148.15
[1758212595351675174],148.15
[1758212595356962414],148.15
[1758212595362056529],148.15
[1758212595367201060],148.15
[1758212595373642779],148.15
[1758212595378937831],148.15
[1758212595384120591],148.15
[1758212595389238195],148.15
[1758212595394372987],148.15
[1758212595399467883],148.15
[1758212595404642258],148.15
[1758212595409796633],148.15
[1758212595415101216],148.15
[1758212595420439497],148.15
[1758212595425607883],148.15
[1758212595430719185],148.15
[1758212595435862154],148.15
[1758212595440970852],148.15
[1758212595446076581],148.15
[1758212595451172987],148.15
[1758212595456798612],148.15
[1758212595461924081],148.15
[1758212595467050383],148.15
[1758212595472244810],148.15
[1758212595477414133],148.15
[1758212595485411372],148.15
[1758212595490885643],148.15
[1758212595496075643],148.15
[1758212595501186476],148.15
[1758212595506381268],148.15
[1758212595511542258],148.15
[1758212595516684081],148.15
[1758212595521775174],148.15
[1758212595526917154],148.15
[1758212595532172206],148.15
[1758212595537380331],148.15
[1758212595542569862],148.15
[1758212595547695695],148.15
[1758212595552912779],148.15
[1758212595558019810],148.15
[1758212595563576268],148.15
[1758212595568729393],148.15
[1758212595573842883],148.15
[1758212595578970070],148.15
[1758212595584138299],148.15
[1758212595590563247],148.15
[1758212595595855018],148.15
[1758212595600970904],148.15
[1758212595606179133],148.15
[1758212595611283299],148.15
[1758212595616394654],148.15
[1758212595621534133],148.15
[1758212595626694185],148.15
[1758212595631812414],148.15
[1758212595637022831],148.15
[1758212595642222466],148.15
[1758212595647421320],148.15
[1758212595652629810],148.15
[1758212595657779445],148.15
[1758212595662949341],148.15
[1758212595668101164],148.15
[1758212595673708924],148.15
[1758212595678843924],148.15
[1758212595684050643],148.15
[1758212595689224758],148.15
[1758212595695620591],148.15
[1758212595700856997],148.15
[1758212595706131841],148.15
[1758212595711245278],148.15
[1758212595716361737],148.15
[1758212595721476633],148.15
[1758212595726614081],148.15
[1758212595731706164],148.15
[1758212595736808924],148.15
[1758212595741990956],148.15
[1758212595747258560],148.15
[1758212595752492726],148.15
[1758212595757670174],148.15
[1758212595762820226],148.15
[1758212595767957310],148.15
[1758212595773118768],148.15
[1758212595778678820],148.15
[1758212595783938247],148.15
[1758212595789107153],148.15
[1758212595794238039],148.15
[1758212595800613299],148.15
[1758212595805947935],148.15
[1758212595811071945],148.15
[1758212595816188716],148.15
[1758212595821299081],148.15
[1758212595826432831],148.15
[1758212595831544862],148.15
[1758212595836654393],148.15
[1758212595841752258],148.15
[1758212595846903351],148.15
[1758212595852175018],148.15
[1758212595857411372],148.15
[1758212595862576789],148.15
[1758212595867719653],148.15
[1758212595872871737],148.15
[1758212595877991216],148.15
[1758212595883148716],148.15
[1758212595888700591],148.15
[1758212595895171476],148.15
[1758212595900452674],148.15
[1758212595907013299],148.15
[1758212595912293039],148.15
[1758212595917409862],148.15
[1758212595922589289],148.15
[1758212595927727726],148.15
[1758212595932887935],148.15
[1758212595937984393],148.15
[1758212595943141320],148.15
[1758212595948272518],148.15
[1758212595953515330],148.15
[1758212595958643299],148.15
[1758212595963806633],148.15
[1758212595968911685],148.15
[1758212595974015695],148.15
[1758212595979176112],148.15
[1758212595984331008],148.15
[1758212595989512101],148.15
[1758212595994621060],148.15
[1758212596000201580],148.15
[1758212596005507674],148.15
[1758212596012964341],148.15
[1758212596018455435],148.15
[1758212596023619966],148.15
[1758212596028734028],148.15
[1758212596033900955],148.15
[1758212596039012935],148.15
[1758212596044113403],148.15
[1758212596049229185],148.15
[1758212596054455174],148.15
[1758212596059614133],148.15
[1758212596064821476],148.15
[1758212596069929289],148.15
[1758212596075058403],148.15
[1758212596080156476],148.15
[1758212596085273039],148.15
[1758212596090408820],148.15
[1758212596095597830],148.15
[1758212596100711268],148.15
[1758212596106375591],148.15
[1758212596111580747],148.15
[1758212596117995174],148.15
[1758212596123259549],148.15
[1758212596128356632],148.15
[1758212596133512310],148.15
[1758212596138617414],148.15
[1758212596143743768],148.15
[1758212596148865643],148.15
[1758212596154104132],148.15
[1758212596159235591],148.15
[1758212596164471737],148.15
[1758212596169583455],148.15
[1758212596174720070],148.15
[1758212596179827414],148.15
[1758212596184979237],148.15
[1758212596190141945],148.15
[1758212596195333039],148.15
[1758212596200449080],148.15
[1758212596205899289],148.15
[1758212596211053247],148.15
[1758212596216542153],148.15
[1758212596221679549],148.15
[1758212596228034757],148.15
[1758212596233574705],148.15
[1758212596238822466],148.15
[1758212596244005226],148.15
[1758212596249147726],148.15
[1758212596254375382],148.15
[1758212596259488091],148.15
[1758212596264619185],148.15
[1758212596269768039],148.15
[1758212596275036685],148.15
[1758212596280321424],148.15
[1758212596285510643],148.15
[1758212596290636164],148.15
[1758212596295828195],148.15
[1758212596300969185],148.15
[1758212596307418612],148.15
[1758212596312746632],148.15
[1758212596317880903],148.15
[1758212596324185382],148.15
[1758212596331580122],148.15
[1758212596337125434],148.15
[1758212596343427830],148.15
[1758212596348668559],148.15
[1758212596353883768],148.15
[1758212596359003924],148.15
[1758212596364152622],148.15
[1758212596369245903],148.15
[1758212596374331112],148.15
[1758212596379421684],148.15
[1758212596384577518],148.15
[1758212596389762049],148.15
[1758212596394881007],148.15
[1758212596399989028],148.15
[1758212596405192049],148.15
[1758212596410373612],148.15
[1758212596415494601],148.15
[1758212596420584237],148.15
[1758212596425726841],148.15
[1758212596430820226],148.15
[1758212596436003664],148.15
[1758212596441605695],148.15
[1758212596446746216],148.15
[1758212596451849132],148.15
[1758212596457069132],148.15
[1758212596462256893],148.15
[1758212596467413247],148.15
[1758212596472620174],148.15
[1758212596477781372],148.15
[1758212596483078351],148.15
[1758212596488368351],148.15
[1758212596493635955],148.15
[1758212596498752830],148.15
[1758212596503988820],148.15
[1758212596509100174],148.15
[1758212596514299757],148.15
[1758212596519413247],148.15
[1758212596524551580],148.15
[1758212596529737101],148.15
[1758212596539626424],148.15
[1758212596546039080],148.15
[1758212596551202726],148.15
[1758212596556407882],148.15
[1758212596561516007],148.15
[1758212596566620903],148.15
[1758212596571716268],148.15
[1758212596576859236],148.15
[1758212596582027309],148.15
[1758212596587306007],148.15
[1758212596592467882],148.15
[1758212596597555278],148.15
[1758212596602774393],148.15
[1758212596607902049],148.15
[1758212596612991580],148.15
[1758212596618083768],148.15
[1758212596623305851],148.15
[1758212596628515382],148.15
[1758212596633608039],148.15
[1758212596638718664],148.15
[1758212596643823247],148.15
[1758212596649324705],148.15
[1758212596654630851],148.15
[1758212596659840799],148.15
[1758212596665031632],148.15
[1758212596672346111],148.15
[1758212596677962257],148.15
[1758212596683095539],148.15
[1758212596688211736],148.15
[1758212596693472570],148.15
[1758212596698643507],148.15
[1758212596703842570],148.15
[1758212596708950018],148.15
[1758212596714071372],148.15
[1758212596719243039],148.15
[1758212596724455799],148.15
[1758212596729555747],148.15
[1758212596734675643],148.15
[1758212596739824861],148.15
[1758212596744967414],148.15
[1758212596750105018],148.15
[1758212596755744809],148.15
[1758212596761019184],148.15
[1758212596766169549],148.15
[1758212596771340486],148.15
[1758212596776470226],148.15
[1758212596781610955],148.15
[1758212596786728768],148.15
[1758212596791827361],148.15
[1758212596797031163],148.15
[1758212596802324705],148.15
[1758212596807579757],148.15
[1758212596812796736],148.15
[1758212596817912101],148.15
[1758212596823022101],148.15
[1758212596828152882],148.15
[1758212596833328924],148.15
[1758212596838515643],148.15
[1758212596843655486],148.15
[1758212596848766841],148.15
[1758212596853958351],148.15
[1758212596859469184],148.15
[1758212596864852570],148.15
[1758212596870025747],148.15
[1758212596875160018],148.15
[1758212596880342778],148.15
[1758212596885509705],148.15
[1758212596890610851],148.15
[1758212596895711372],148.15
[1758212596900837934],148.15
[1758212596906166216],148.15
[1758212596911267153],148.15
[1758212596916421216],148.15
[1758212596921566893],148.15
[1758212596926725643],148.15
[1758212596931806893],148.15
[1758212596936940382],148.15
[1758212596942051788],148.15
[1758212596947197726],148.15
[1758212596952470330],148.15
[1758212596957989861],148.15
[1758212596963264966],148.15
[1758212596968965278],148.15
[1758212596975000382],148.15
[1758212596981504705],148.15
[1758212596986764393],148.15
[1758212596991940174],148.15
[1758212596997093820],148.15
[1758212597002274913],148.15
[1758212597008658195],148.15
[1758212597013909705],148.15
[1758212597019008559],148.15
[1758212597024163715],148.15
[1758212597029263663],148.15
[1758212597034357934],148.15
[1758212597039464340],148.15
[1758212597044622726],148.15
[1758212597049759445],148.15
[1758212597055395851],148.15
[1758212597060569445],148.15
[1758212597065703507],148.15
[1758212597070813663],148.15
[1758212597076237674],148.15
[1758212597081352986],148.15
[1758212597087612101],148.15
[1758212597094188247],148.15
[1758212597099457622],148.15
[1758212597104669028],148.15
[1758212597109835590],148.15
[1758212597114977101],148.15
[1758212597120083924],148.15
[1758212597125211528],148.15
[1758212597130356528],148.15
[1758212597135515643],148.15
[1758212597140668403],148.15
[1758212597145885278],148.15
[1758212597151029549],148.15
[1758212597156291163],148.15
[1758212597161851788],148.15
[1758212597167000122],148.15
[1758212597172184497],148.15
[1758212597177342309],148.15
[1758212597184907570],148.15
[1758212597190362101],148.15
[1758212597195538090],148.15
[1758212597201933299],148.15
[1758212597207219340],148.15
[1758212597212387674],148.15
[1758212597217516945],148.15
[1758212597222684445],148.15
[1758212597227787413],148.15
[1758212597232932778],148.15
[1758212597238036840],148.15
[1758212597243204757],148.15
[1758212597248430695],148.15
[1758212597253631424],148.15
[1758212597258739445],148.15
[1758212597263868090],148.15
[1758212597268982726],148.15
[1758212597274100955],148.15
[1758212597279219497],148.15
[1758212597284386163],148.15
[1758212597289982465],148.15
[1758212597295179288],148.15
[1758212597300376840],148.15
[1758212597305723299],148.15
[1758212597312098976],148.15
[1758212597317337570],148.15
[1758212597322513976],148.15
[1758212597327599757],148.15
[1758212597332781632],148.15
[1758212597337893507],148.15
[1758212597342984028],148.15
[1758212597348083820],148.15
[1758212597353347465],148.15
[1758212597358555174],148.15
[1758212597363682205],148.15
[1758212597368817153],148.15
[1758212597373976163],148.15
[1758212597379142570],148.15
[1758212597384241476],148.15
[1758212597389356111],148.15
[1758212597394567309],148.15
[1758212597401124132],148.15
[1758212597406400903],148.15
[1758212597411518090],148.15
[1758212597416951267],148.15
[1758212597422044549],148.15
[1758212597427161632],148.15
[1758212597432399288],148.15
[1758212597437554653],148.15
[1758212597442759549],148.15
[1758212597448019601],148.15
[1758212597453244392],148.15
[1758212597458390382],148.15
[1758212597463528611],148.15
[1758212597468627778],148.15
[1758212597473733247],148.15
[1758212597478825122],148.15
[1758212597483990903],148.15
[1758212597489210434],148.15
[1758212597494345747],148.15
[1758212597499460538],148.15
[1758212597504757101],148.15
[1758212597511436944],148.15
[1758212597516684601],148.15
[1758212597523070486],148.15
[1758212597528362882],148.15
[1758212597533486059],148.15
[1758212597538586684],148.15
[1758212597543712153],148.15
[1758212597548817622],148.15
[1758212597554001528],148.15
[1758212597559117205],148.15
[1758212597564283090],148.15
[1758212597569489392],148.15
[1758212597574621267],148.15
[1758212597579735694],148.15
[1758212597584871997],148.15
[1758212597589981892],148.15
[1758212597595185538],148.15
[1758212597600342153],148.15
[1758212597605629809],148.15
[1758212597610749965],148.15
[1758212597617299965],148.15
[1758212597622624184],148.15
[1758212597629921528],148.15
[1758212597635201840],148.15
[1758212597640377049],148.15
[1758212597645519340],148.15
[1758212597650631007],148.15
[1758212597655811944],148.15
[1758212597660990590],148.15
[1758212597666188767],148.15
[1758212597671278142],148.15
[1758212597676356736],148.15
[1758212597681456996],148.15
[1758212597686611267],148.15
[1758212597691745382],148.15
[1758212597696851319],148.15
[1758212597701982257],148.15
[1758212597707376528],148.15
[1758212597712581580],148.15
[1758212597717691892],148.15
[1758212597723187049],148.15
[1758212597728300278],148.15
[1758212597733395746],148.15
[1758212597738528819],148.15
[1758212597746147309],148.15
[1758212597751652101],148.15
[1758212597758045590],148.15
[1758212597763262934],148.15
[1758212597768367257],148.15
[1758212597773510694],148.15
[1758212597778607778],148.15
[1758212597783682153],148.15
[1758212597788780590],148.15
[1758212597794276580],148.15
[1758212597804303507],148.15
[1758212597809982934],148.15
[1758212597815448611],148.15
[1758212597820549861],148.15
[1758212597825724809],148.15
[1758212597831982934],148.15
[1758212597838423038],148.15
[1758212597843693924],148.15
[1758212597848795694],148.15
[1758212597854048559],148.15
[1758212597859529184],148.15
[1758212597864659496],148.15
[1758212597869735694],148.15
[1758212597874857986],148.15
[1758212597879978871],148.15
[1758212597885237465],148.15
[1758212597890339184],148.15
[1758212597895509028],148.15
[1758212597900643194],148.15
[1758212597905814861],148.15
[1758212597910935226],148.15
[1758212597916074809],148.15
[1758212597921208090],148.15
[1758212597926409340],148.15
[1758212597931557986],148.15
[1758212597936665642],148.15
[1758212597941780538],148.15
[1758212597947372778],148.15
[1758212597952593194],148.15
[1758212597957752673],148.15
[1758212597962955278],148.15
[1758212597970398871],148.15
[1758212597975873403],148.15
[1758212597981002361],148.15
[1758212597986132465],148.15
[1758212597991229861],148.15
[1758212597996418194],148.15
[1758212598001542257],148.15
[1758212598006711371],148.15
[1758212598011812778],148.15
[1758212598016970330],148.15
[1758212598022298976],148.15
[1758212598027430069],148.15
[1758212598032608715],148.15
[1758212598037724496],148.15
[1758212598042875226],148.15
[1758212598048005173],148.15
[1758212598053650330],148.15
[1758212598058785694],148.15
[1758212598063894548],148.15
[1758212598069031163],148.15
[1758212598074176267],148.15
[1758212598079653975],148.15
[1758212598084797465],148.15
[1758212598089927465],148.15
[1758212598095232882],148.15
[1758212598100418871],148.15
[1758212598105623559],148.15
[1758212598110735798],148.15
[1758212598115938350],148.15
[1758212598121048194],148.15
[1758212598130936059],148.15
[1758212598136252257],148.15
[1758212598141418715],148.15
[1758212598146554600],148.15
[1758212598151651684],148.15
[1758212598156890225],148.15
[1758212598163477830],148.15
[1758212598168722413],148.15
[1758212598173844288],148.15
[1758212598178942309],148.15
[1758212598184069132],148.15
[1758212598190501788],148.15
[1758212598195740746],148.15
[1758212598200980850],148.15
[1758212598206162569],148.15
[1758212598211272830],148.15
[1758212598216404548],148.15
[1758212598221557778],148.15
[1758212598226685225],148.15
[1758212598231775694],148.15
[1758212598236930903],148.15
[1758212598242215798],148.15
[1758212598247370903],148.15
[1758212598252634080],148.15
[1758212598257783923],148.15
[1758212598262999132],148.15
[1758212598269468819],148.15
[1758212598275096475],148.15
[1758212598280213715],148.15
[1758212598285346944],148.15
[1758212598290449757],148.15
[1758212598296714080],148.15
[1758212598301929705],148.15
[1758212598307214757],148.15
[1758212598312386423],148.15
[1758212598317536007],148.15
[1758212598322800746],148.15
[1758212598327917673],148.15
[1758212598333065902],148.15
[1758212598338208246],148.15
[1758212598343424080],148.15
[1758212598348610746],148.15
[1758212598353806684],148.15
[1758212598358963975],148.15
[1758212598364123663],148.15
[1758212598369278402],148.15
[1758212598374428194],148.15
[1758212598379557152],148.15
[1758212598386114027],148.15
[1758212598391353507],148.15
[1758212598396491892],148.15
[1758212598403086840],148.15
[1758212598409461215],148.15
[1758212598414715694],148.15
[1758212598419832205],148.15
[1758212598424959652],148.15
[1758212598430065486],148.15
[1758212598435194757],148.15
[1758212598440331267],148.15
[1758212598445494340],148.15
[1758212598450631996],148.15
[1758212598455908142],148.15
[1758212598461055017],148.15
[1758212598466205434],148.15
[1758212598471314132],148.15
[1758212598476442673],148.15
[1758212598481547882],148.15
[1758212598487271111],148.15
[1758212598492611580],148.15
[1758212598497793767],148.15
[1758212598503069548],148.15
[1758212598508946319],148.15
[1758212598514131111],148.15
[1758212598519260538],148.15
[1758212598524419132],148.15
[1758212598529553298],148.15
[1758212598534806163],148.15
[1758212598539925486],148.15
[1758212598545101996],148.15
[1758212598550236944],148.15
[1758212598555438507],148.15
[1758212598560530902],148.15
[1758212598565626371],148.15
[1758212598570777621],148.15
[1758212598575997673],148.15
[1758212598581172361],148.15
[1758212598586369392],148.15
[1758212598591948663],148.15
[1758212598598544027],148.15
[1758212598604963298],148.15
[1758212598610209809],148.15
[1758212598617628298],148.15
[1758212598623164600],148.15
[1758212598628296996],148.15
[1758212598633425173],148.15
[1758212598638534652],148.15
[1758212598643675382],148.15
[1758212598648779652],148.15
[1758212598653953871],148.15
[1758212598659064809],148.15
[1758212598664266996],148.15
[1758212598669470850],148.15
[1758212598674621007],148.15
[1758212598679723559],148.15
[1758212598684854809],148.15
[1758212598689955694],148.15
[1758212598695061736],148.15
[1758212598700387621],148.15
[1758212598705894392],148.15
[1758212598711016111],148.15
[1758212598716156840],148.15
[1758212598721273611],148.15
[1758212598727460798],148.15
[1758212598733981840],148.15
[1758212598739197413],148.15
[1758212598744326736],148.15
[1758212598749442829],148.15
[1758212598754640017],148.15
[1758212598759752048],148.15
[1758212598764857725],148.15
[1758212598769965121],148.15
[1758212598775122048],148.15
[1758212598780324184],148.15
[1758212598785439131],148.15
[1758212598790542361],148.15
[1758212598795668454],148.15
[1758212598800783402],148.15
[1758212598805976944],148.15
[1758212598811489079],148.15
[1758212598816641788],148.15
[1758212598821739704],148.15
[1758212598826863923],148.15
[1758212598831957777],148.15
[1758212598837080850],148.15
[1758212598844445746],148.15
[1758212598849644027],148.15
[1758212598854948142],148.15
[1758212598860058819],148.15
[1758212598865196371],148.15
[1758212598870316111],148.15
[1758212598875438298],148.15
[1758212598880545381],148.15
[1758212598885696059],148.15
[1758212598890783923],148.15
[1758212598895867517],148.15
[1758212598900968559],148.15
[1758212598906158663],148.15
[1758212598911273194],148.15
[1758212598916889288],148.15
[1758212598922073819],148.15
[1758212598927185538],148.15
[1758212598932349809],148.15
[1758212598937583090],148.15
[1758212598942764288],148.15
[1758212598947911788],148.15
[1758212598954250538],148.15
[1758212598959504444],148.15
[1758212598964728715],148.15
[1758212598969833142],148.15
[1758212598974960538],148.15
[1758212598980062100],148.15
[1758212598985174392],148.15
[1758212598990328350],148.15
[1758212598995514496],148.15
[1758212599000621215],148.15
[1758212599005836996],148.15
[1758212599010992777],148.15
[1758212599016127777],148.15
[1758212599021236163],148.15
[1758212599027929652],148.15
[1758212599034289913],148.15
[1758212599039517569],148.15
[1758212599044667673],148.15
[1758212599049795121],148.15
[1758212599055001944],148.15
[1758212599062364183],148.15
[1758212599068015173],148.15
[1758212599073225121],148.15
[1758212599078336058],148.15
[1758212599083466371],148.15
[1758212599088572569],148.15
[1758212599093681996],148.15
[1758212599098792517],148.15
[1758212599104037777],148.15
[1758212599109252725],148.15
[1758212599114385590],148.15
[1758212599119501736],148.15
[1758212599124636371],148.15
[1758212599129747413],148.15
[1758212599135220381],148.15
[1758212599140357933],148.15
[1758212599145481527],148.15
[1758212599150588663],148.15
[1758212599155788715],148.15
[1758212599160956163],148.15
[1758212599166393142],148.15
[1758212599171570485],148.15
[1758212599176765069],148.15
[1758212599181995850],148.15
[1758212599187124131],148.15
[1758212599192264235],148.15
[1758212599197403819],148.15
[1758212599202716892],148.15
[1758212599207902152],148.15
[1758212599213112881],148.15
[1758212599218291006],148.15
[1758212599223539392],148.15
[1758212599228649965],148.15
[1758212599233792048],148.15
[1758212599238910798],148.15
[1758212599244544600],148.15
[1758212599249719444],148.15
[1758212599254889860],148.15
[1758212599260042725],148.15
[1758212599265195642],148.15
[1758212599270307256],148.15
[1758212599276585433],148.15
[1758212599283141475],148.15
[1758212599288348194],148.15
[1758212599293492725],148.15
[1758212599298629235],148.15
[1758212599303855381],148.15
[1758212599308974548],148.15
[1758212599314107152],148.15
[1758212599319228819],148.15
[1758212599324386423],148.15
[1758212599329568506],148.15
[1758212599334690850],148.15
[1758212599339792881],148.15
[1758212599344924288],148.15
[1758212599351382465],148.15
[1758212599357784860],148.15
[1758212599364146423],148.15
[1758212599369382673],148.15
[1758212599374494600],148.15
[1758212599379594496],148.15
[1758212599384742777],148.15
[1758212599392078975],148.15
[1758212599397359183],148.15
[1758212599402560329],148.15
[1758212599407745850],148.15
[1758212599413395329],148.15
[1758212599418522621],148.15
[1758212599423611162],148.15
[1758212599428712777],148.15
[1758212599433836787],148.15
[1758212599438941267],148.15
[1758212599444055902],148.15
[1758212599449210694],148.15
[1758212599454457517],148.15
[1758212599460016319],148.15
[1758212599465164235],148.15
[1758212599470266579],148.15
[1758212599475409444],148.15
[1758212599480500902],148.15
[1758212599485597933],148.15
[1758212599490692517],148.15
[1758212599495837933],148.15
[1758212599502320746],148.15
[1758212599508823610],148.15
[1758212599514052985],148.15
[1758212599519186110],148.15
[1758212599524331631],148.15
[1758212599529429131],148.15
[1758212599534517256],148.15
[1758212599539596267],148.15
[1758212599544732777],148.15
[1758212599549869704],148.15
[1758212599555135798],148.15
[1758212599560370537],148.15
[1758212599565999912],148.15
[1758212599571114652],148.15
[1758212599576220173],148.15
[1758212599581330329],148.15
[1758212599586479860],148.15
[1758212599591632673],148.15
[1758212599596768923],148.15
[1758212599601982829],148.15
[1758212599607513714],148.15
[1758212599612737308],148.15
[1758212599617854704],148.15
[1758212599622982933],148.15
[1758212599628088246],148.15
[1758212599633176006],148.15
[1758212599638243662],148.15
[1758212599643393662],148.15
[1758212599648639444],148.15
[1758212599653845017],148.15
[1758212599658976735],148.15
[1758212599664214339],148.15
[1758212599669342829],148.15
[1758212599674829496],148.15
[1758212599679971006],148.15
[1758212599685071944],148.15
[1758212599690181631],148.15
[1758212599695387881],148.15
[1758212599700567100],148.15
[1758212599705811162],148.15
[1758212599713312621],148.15
[1758212599718556892],148.15
[1758212599723681423],148.15
[1758212599728773350],148.15
[1758212599733916110],148.15
[1758212599739023194],148.15
[1758212599744137569],148.15
[1758212599749265537],148.15
[1758212599754505225],148.15
[1758212599759670173],148.15
[1758212599764906996],148.15
[1758212599770021475],148.15
[1758212599775172048],148.15
[1758212599780689704],148.15
[1758212599785835225],148.15
[1758212599790957048],148.15
[1758212599796099496],148.15
[1758212599801320694],148.15
[1758212599806565329],148.15
[1758212599811707829],148.15
[1758212599816880329],148.15
[1758212599822427777],148.15
[1758212599828749496],148.15
[1758212599834000902],148.15
[1758212599839136266],148.15
[1758212599844267621],148.15
[1758212599849384548],148.15
[1758212599854606214],148.15
[1758212599859721944],148.15
[1758212599864848350],148.15
[1758212599870023558],148.15
[1758212599875256579],148.15
[1758212599880378506],148.15
[1758212599885829444],148.15
[1758212599891064079],148.15
[1758212599896206110],148.15
[1758212599901396996],148.15
[1758212599906664860],148.15
[1758212599911745902],148.15
[1758212599916836996],148.15
[1758212599921967777],148.15
[1758212599927542516],148.15
[1758212599932813454],148.15
[1758212599937917308],148.15
[1758212599943111214],148.15
[1758212599948253037],148.15
[1758212599953488923],148.15
[1758212599958639704],148.15
[1758212599963799912],148.15
[1758212599968911631],148.15
[1758212599974063141],148.15
[1758212599979193089],148.15
[1758212599984309496],148.15
[1758212599989453871],148.15
[1758212600000743714],148.15
[1758212600007060641],148.15
[1758212600012361839],148.15
[1758212600017495277],148.15
[1758212600022665694],148.15
[1758212600027798402],148.15
[1758212600033279183],148.15
[1758212600038364496],148.15
[1758212600043545694],148.15
[1758212600048752673],148.15
[1758212600054037464],148.15
[1758212600059200954],148.15
[1758212600064335277],148.15
[1758212600069513975],148.15
[1758212600074684183],148.15
[1758212600079844339],148.15
[1758212600084978714],148.15
[1758212600090060537],148.15
[1758212600095186891],148.15
[1758212600100390225],148.15
[1758212600106025121],148.15
[1758212600111204860],148.15
[1758212600116317725],148.15
[1758212600121409496],148.15
[1758212600126541943],148.15
[1758212600131622829],148.15
[1758212600136711371],148.15
[1758212600143686266],148.15
[1758212600150508923],148.15
[1758212600155936423],148.15
[1758212600161049964],148.15
[1758212600166185329],148.15
[1758212600171259652],148.15
[1758212600176339339],148.15
[1758212600181428714],148.15
[1758212600186573975],148.15
[1758212600192007048],148.15
[1758212600198369183],148.15
[1758212600203631058],148.15
[1758212600208739756],148.15
[1758212600214198818],148.15
[1758212600219292881],148.15
[1758212600224359964],148.15
[1758212600229451266],148.15
[1758212600234596787],148.15
[1758212600239729704],148.15
[1758212600244949912],148.15
[1758212600250368350],148.15
[1758212600255573766],148.15
[1758212600260679391],148.15
[1758212600265780798],148.15
[1758212600270938037],148.15
[1758212600276137152],148.15
[1758212600281279287],148.15
[1758212600286534964],148.15
[1758212600291670954],148.15
[1758212600296803923],148.15
[1758212600301994808],148.15
[1758212600307218402],148.15
[1758212600312348350],148.15
[1758212600317503766],148.15
[1758212600322970954],148.15
[1758212600328108975],148.15
[1758212600333384652],148.15
[1758212600338566266],148.15
[1758212600343781214],148.15
[1758212600348918870],148.15
[1758212600354689391],148.15
[1758212600360005016],148.15
[1758212600365180016],148.15
[1758212600370354808],148.15
[1758212600375607360],148.15
[1758212600380709600],148.15
[1758212600385852412],148.15
[1758212600390967725],148.15
[1758212600396100850],148.15
[1758212600401194027],148.15
[1758212600406390173],148.15
[1758212600411818558],148.15
[1758212600417388193],148.15
[1758212600422575016],148.15
[1758212600427704495],148.15
[1758212600435139600],148.15
[1758212600440377516],148.15
[1758212600445480485],148.15
[1758212600450574079],148.15
[1758212600455780745],148.15
[1758212600460931370],148.15
[1758212600467283245],148.15
[1758212600472566214],148.15
[1758212600477658870],148.15
[1758212600482850954],148.15
[1758212600487954495],148.15
[1758212600493051839],148.15
[1758212600498159756],148.15
[1758212600503445850],148.15
[1758212600508906110],148.15
[1758212600514465537],148.15
[1758212600519589860],148.15
[1758212600524739756],148.15
[1758212600529832152],148.15
[1758212600535009964],148.15
[1758212600540139808],148.15
[1758212600545747725],148.15
[1758212600551097568],148.15
[1758212600556870537],148.15
[1758212600562047412],148.15
[1758212600567179027],148.15
[1758212600573624443],148.15
[1758212600578876162],148.15
[1758212600584000120],148.15
[1758212600589111475],148.15
[1758212600594263454],148.15
[1758212600599368766],148.15
[1758212600604548766],148.15
[1758212600609712204],148.15
[1758212600614873141],148.15
[1758212600620088506],148.15
[1758212600625269079],148.15
[1758212600630375068],148.15
[1758212600635498975],148.15
[1758212600640595902],148.15
[1758212600645743245],148.15
[1758212600651341058],148.15
[1758212600656537256],148.15
[1758212600661700277],148.15
[1758212600666849183],148.15
[1758212600671961787],148.15
[1758212600677133454],148.15
[1758212600682744808],148.15
[1758212600687911162],148.15
[1758212600693178037],148.15
[1758212600698324287],148.15
[1758212600703583818],148.15
[1758212600708780224],148.15
[1758212600713913714],148.15
[1758212600719014495],148.15
[1758212600724175224],148.15
[1758212600729321266],148.15
[1758212600734473454],148.15
[1758212600739761474],148.15
[1758212600746470224],148.15
[1758212600751732933],148.15
[1758212600757291058],148.15
[1758212600763435693],148.15
[1758212600768711474],148.15
[1758212600773833349],148.15
[1758212600778983089],148.15
[1758212600784120016],148.15
[1758212600789553297],148.15
[1758212600794682881],148.15
[1758212600799804599],148.15
[1758212600805088506],148.15
[1758212600810351162],148.15
[1758212600815458662],148.15
[1758212600820560641],148.15
[1758212600825707777],148.15
[1758212600830844027],148.15
[1758212600836012464],148.15
[1758212600841170172],148.15
[1758212600846713245],148.15
[1758212600852049547],148.15
[1758212600858563558],148.15
[1758212600863795172],148.15
[1758212600868893037],148.15
[1758212600874035902],148.15
[1758212600879161735],148.15
[1758212600884286579],148.15
[1758212600889382464],148.15
[1758212600894894027],148.15
[1758212600900056110],148.15
[1758212600905372516],148.15
[1758212600910486474],148.15
[1758212600915621787],148.15
[1758212600920715120],148.15
[1758212600925920641],148.15
[1758212600931031891],148.15
[1758212600936126058],148.15
[1758212600941216214],148.15
[1758212600946376526],148.15
[1758212600951593089],148.15
[1758212600959664235],148.15
[1758212600964978089],148.15
[1758212600970126370],148.15
[1758212600975245276],148.15
[1758212600980352985],148.15
[1758212600985494704],148.15
[1758212600990618922],148.15
[1758212600995785849],148.15
[1758212601001268089],148.15
[1758212601006565329],148.15
[1758212601011723558],148.15
[1758212601017047360],148.15
[1758212601023726266],148.15
[1758212601028855849],148.15
[1758212601034002881],148.15
[1758212601039177829],148.15
[1758212601044478506],148.15
[1758212601050975849],148.15
[1758212601056274079],148.15
[1758212601061390537],148.15
[1758212601066538454],148.15
[1758212601072742933],148.15
[1758212601077896006],148.15
[1758212601083059599],148.15
[1758212601088350954],148.15
[1758212601093599860],148.15
[1758212601098726787],148.15
[1758212601103947620],148.15
[1758212601109440329],148.15
[1758212601114604391],148.15
[1758212601119723662],148.15
[1758212601124855901],148.15
[1758212601129965329],148.15
[1758212601135241839],148.15
[1758212601140363974],148.15
[1758212601145453922],148.15
[1758212601150561110],148.15
[1758212601155817620],148.15
[1758212601160958297],148.15
[1758212601166041214],148.15
[1758212601171148818],148.15
[1758212601176338818],148.15
[1758212601181935120],148.15
[1758212601187100849],148.15
[1758212601192260849],148.15
[1758212601197395901],148.15
[1758212601202667047],148.15
[1758212601207884912],148.15
[1758212601213078766],148.15
[1758212601218515016],148.15
[1758212601223718714],148.15
[1758212601229005068],148.15
[1758212601234118974],148.15
[1758212601239219703],148.15
[1758212601244401839],148.15
[1758212601249516943],148.15
[1758212601254730953],148.15
[1758212601259850849],148.15
[1758212601265077776],148.15
[1758212601270342985],148.15
[1758212601275445485],148.15
[1758212601280577464],148.15
[1758212601285751995],148.15
[1758212601291242256],148.15
[1758212601296354912],148.15
[1758212601301457620],148.15
[1758212601306661474],148.15
[1758212601311779860],148.15
[1758212601316911891],148.15
[1758212601322056631],148.15
[1758212601327656266],148.15
[1758212601332999131],148.15
[1758212601338130849],148.15
[1758212601343205849],148.15
[1758212601348297776],148.15
[1758212601353505381],148.15
[1758212601358674026],148.15
[1758212601363825276],148.15
[1758212601368932516],148.15
[1758212601374224860],148.15
[1758212601379372516],148.15
[1758212601384512047],148.15
[1758212601389607308],148.15
[1758212601394776526],148.15
[1758212601400243610],148.15
[1758212601405519026],148.15
[1758212601410687516],148.15
[1758212601415814287],148.15
[1758212601420910641],148.15
[1758212601426008714],148.15
[1758212601431139599],148.15
[1758212601437637933],148.15
[1758212601444054443],148.15
[1758212601449297203],148.15
[1758212601454519183],148.15
[1758212601459627828],148.15
[1758212601464765224],148.15
[1758212601469861005],148.15
[1758212601474964703],148.15
[1758212601480053558],148.15
[1758212601485220276],148.15
[1758212601490418870],148.15
[1758212601495530172],148.15
[1758212601500639755],148.15
[1758212601506253089],148.15
[1758212601511370589],148.15
[1758212601516487724],148.15
[1758212601521622516],148.15
[1758212601526854443],148.15
[1758212601531951162],148.15
[1758212601537074287],148.15
[1758212601542448922],148.15
[1758212601547654495],148.15
[1758212601552984287],148.15
[1758212601558134339],148.15
[1758212601563310172],148.15
[1758212601568424860],148.15
[1758212601573518974],148.15
[1758212601578691787],148.15
[1758212601583843193],148.15
[1758212601588975120],148.15
[1758212601594104391],148.15
[1758212601599267828],148.15
[1758212601604702464],148.15
[1758212601609883714],148.15
[1758212601615366474],148.15
[1758212601620493141],148.15
[1758212601625681995],148.15
[1758212601630812672],148.15
[1758212601635973089],148.15
[1758212601641099703],148.15
[1758212601646505016],148.15
[1758212601653221057],148.15
[1758212601658449182],148.15
[1758212601663599443],148.15
[1758212601668705589],148.15
[1758212601673839182],148.15
[1758212601678935589],148.15
[1758212601684015432],148.15
[1758212601689228401],148.15
[1758212601694419755],148.15
[1758212601699595589],148.15
[1758212601704819651],148.15
[1758212601709978922],148.15
[1758212601715126422],148.15
[1758212601720730953],148.15
[1758212601725890953],148.15
[1758212601731031682],148.15
[1758212601736183818],148.15
[1758212601741255537],148.15
[1758212601748466682],148.15
[1758212601756796839],148.15
[1758212601762134755],148.15
[1758212601767404287],148.15
[1758212601772591110],148.15
[1758212601777705276],148.15
[1758212601782980328],148.15
[1758212601788094964],148.15
[1758212601793195953],148.15
[1758212601798316109],148.15
[1758212601803753505],148.15
[1758212601810660484],148.15
[1758212601817284495],148.15
[1758212601824081526],148.15
[1758212601829321734],148.15
[1758212601834439339],148.15
[1758212601839537151],148.15
[1758212601844655641],148.15
[1758212601849944234],148.15
[1758212601856266526],148.15
[1758212601861564391],148.15
[1758212601868023297],148.15
[1758212601874430693],148.15
[1758212601879742568],148.15
[1758212601884901734],148.15
[1758212601890013505],148.15
[1758212601895123609],148.15
[1758212601900220068],148.15
[1758212601905471422],148.15
[1758212601910617672],148.15
[1758212601915797880],148.15
[1758212601921036422],148.15
[1758212601926182359],148.15
[1758212601932789443],148.15
[1758212601938058766],148.15
[1758212601943155484],148.15
[1758212601948237359],148.15
[1758212601953409026],148.15
[1758212601958531266],148.15
[1758212601963654859],148.15
[1758212601968769807],148.15
[1758212601974250589],148.15
[1758212601979481787],148.15
[1758212601984594287],148.15
[1758212601989697932],148.15
[1758212601994814287],148.15
[1758212601999931682],148.15
[1758212602005135068],148.15
[1758212602010262776],148.15
[1758212602015441943],148.15
[1758212602020592411],148.15
[1758212602025790380],148.15
[1758212602030949391],148.15
[1758212602036096526],148.15
[1758212602043767724],148.15
[1758212602049032880],148.15
[1758212602054245953],148.15
[1758212602059367672],148.15
[1758212602064502047],148.15
[1758212602069607984],148.15
[1758212602074723766],148.15
[1758212602080251474],148.15
[1758212602085393297],148.15
[1758212602090483661],148.15
[1758212602095606214],148.15
[1758212602100705745],148.15
[1758212602105942464],148.15
[1758212602111078297],148.15
[1758212602116230172],148.15
[1758212602121354339],148.15
[1758212602126567828],148.15
[1758212602131668297],148.15
[1758212602136802151],148.15
[1758212602141895068],148.15
[1758212602148763661],148.15
[1758212602155441370],148.15
[1758212602161973818],148.15
[1758212602167216370],148.15
[1758212602172382568],148.15
[1758212602177490901],148.15
[1758212602182692411],148.15
[1758212602188173036],148.15
[1758212602193281318],148.15
[1758212602198374078],148.15
[1758212602203586474],148.15
[1758212602208801109],148.15
[1758212602213919599],148.15
[1758212602219001786],148.15
[1758212602224128661],148.15
[1758212602229223661],148.15
[1758212602234444130],148.15
[1758212602239604130],148.15
[1758212602244760016],148.15
[1758212602249953766],148.15
[1758212602255587203],148.15
[1758212602260692984],148.15
[1758212602265806526],148.15
[1758212602270942984],148.15
[1758212602276066474],148.15
[1758212602281146057],148.15
[1758212602286253453],148.15
[1758212602291338766],148.15
[1758212602296896266],148.15
[1758212602303753609],148.15
[1758212602310409130],148.15
[1758212602315814078],148.15
[1758212602320969547],148.15
[1758212602326111526],148.15
[1758212602331205953],148.15
[1758212602336307359],148.15
[1758212602341385484],148.15
[1758212602346505224],148.15
[1758212602351711838],148.15
[1758212602357022307],148.15
[1758212602363561526],148.15
[1758212602368765536],148.15
[1758212602373863505],148.15
[1758212602378960224],148.15
[1758212602384095484],148.15
[1758212602389201109],148.15
[1758212602394300016],148.15
[1758212602399415432],148.15
[1758212602404984338],148.15
[1758212602410203088],148.15
[1758212602415321995],148.15
[1758212602420416266],148.15
[1758212602425556318],148.15
[1758212602430637255],148.15
[1758212602435732776],148.15
[1758212602440826630],148.15
[1758212602445947880],148.15
[1758212602451083922],148.15
[1758212602456349234],148.15
[1758212602461557307],148.15
[1758212602466796422],148.15
[1758212602472425901],148.15
[1758212602477611630],148.15
[1758212602482815276],148.15
[1758212602488006578],148.15
[1758212602493239599],148.15
[1758212602498657620],148.15
[1758212602503908193],148.15
[1758212602509044807],148.15
[1758212602514607099],148.15
[1758212602519864859],148.15
[1758212602524998245],148.15
[1758212602530092411],148.15
[1758212602535249651],148.15
[1758212602540377568],148.15
[1758212602545512411],148.15
[1758212602550636838],148.15
[1758212602555913349],148.15
[1758212602561164599],148.15
[1758212602566294078],148.15
[1758212602571443557],148.15
[1758212602576616838],148.15
[1758212602582215172],148.15
[1758212602587380224],148.15
[1758212602592535172],148.15
[1758212602597637880],148.15
[1758212602602933818],148.15
[1758212602608141109],148.15
[1758212602613302203],148.15
[1758212602618435015],148.15
[1758212602624930536],148.15
[1758212602630154495],148.15
[1758212602635337203],148.15
[1758212602640446630],148.15
[1758212602645583609],148.15
[1758212602650687359],148.15
[1758212602655868713],148.15
[1758212602660996422],148.15
[1758212602666149390],148.15
[1758212602671249130],148.15
[1758212602676350015],148.15
[1758212602681497776],148.15
[1758212602686678349],148.15
[1758212602693335172],148.15
[1758212602698592099],148.15
[1758212602703801786],148.15
[1758212602708912411],148.15
[1758212602714066786],148.15
[1758212602719169286],148.15
[1758212602724262828],148.15
[1758212602729373557],148.15
[1758212602734884182],148.15
[1758212602740119703],148.15
[1758212602745237411],148.15
[1758212602750368713],148.15
[1758212602755567724],148.15
[1758212602760723870],148.15
[1758212602765816317],148.15
[1758212602770928349],148.15
[1758212602776114078],148.15
[1758212602781232203],148.15
[1758212602786444911],148.15
[1758212602791623192],148.15
[1758212602796727411],148.15
[1758212602802317463],148.15
[1758212602807526213],148.15
[1758212602812742463],148.15
[1758212602817916213],148.15
[1758212602823048661],148.15
[1758212602828169859],148.15
[1758212602833366630],148.15
[1758212602838502515],148.15
[1758212602844099859],148.15
[1758212602849236370],148.15
[1758212602854426370],148.15
[1758212602859524599],148.15
[1758212602864723557],148.15
[1758212602869830276],148.15
[1758212602874917620],148.15
[1758212602879992984],148.15
[1758212602885196734],148.15
[1758212602890459494],148.15
[1758212602896072828],148.15
[1758212602905005172],148.15
[1758212602910140328],148.15
[1758212602915356317],148.15
[1758212602920467567],148.15
[1758212602925540536],148.15
[1758212602930668192],148.15
[1758212602935889599],148.15
[1758212602941129338],148.15
[1758212602946239182],148.15
[1758212602951344182],148.15
[1758212602956833036],148.15
[1758212602961975276],148.15
[1758212602967098557],148.15
[1758212602972339234],148.15
[1758212602977527307],148.15
[1758212602982806526],148.15
[1758212602987919234],148.15
[1758212602993037359],148.15
[1758212602998127567],148.15
[1758212603003357463],148.15
[1758212603008499182],148.15
[1758212603014002567],148.15
[1758212603019192255],148.15
[1758212603024469234],148.15
[1758212603029580849],148.15
[1758212603034659599],148.15
[1758212603039770692],148.15
[1758212603044912411],148.15
[1758212603050036630],148.15
[1758212603055204338],148.15
[1758212603060340067],148.15
[1758212603065859442],148.15
[1758212603071067984],148.15
[1758212603076235328],148.15
[1758212603081344130],148.15
[1758212603086505380],148.15
[1758212603091612307],148.15
[1758212603096719755],148.15
[1758212603101835432],148.15
[1758212603107091786],148.15
[1758212603112351786],148.15
[1758212603117486421],148.15
[1758212603122822932],148.15
[1758212603127970849],148.15
[1758212603133092567],148.15
[1758212603138227828],148.15
[1758212603143412203],148.15
[1758212603148533140],148.15
[1758212603153728869],148.15
[1758212603158837880],148.15
[1758212603163941161],148.15
[1758212603169115901],148.15
[1758212603174728817],148.15
[1758212603179867880],148.15
[1758212603185058921],148.15
[1758212603190167984],148.15
[1758212603195282880],148.15
[1758212603200429911],148.15
[1758212603205625796],148.15
[1758212603210871890],148.15
[1758212603216113869],148.15
[1758212603221357411],148.15
[1758212603226513192],148.15
[1758212603233069546],148.15
[1758212603238344807],148.15
[1758212603243519911],148.15
[1758212603248641838],148.15
[1758212603253848713],148.15
[1758212603258955588],148.15
[1758212603264098140],148.15
[1758212603269213817],148.15
[1758212603274387880],148.15
[1758212603279837307],148.15
[1758212603285061057],148.15
[1758212603290439755],148.15
[1758212603295606109],148.15
[1758212603300706786],148.15
[1758212603305863296],148.15
[1758212603311064963],148.15
[1758212603316272828],148.15
[1758212603321389546],148.15
[1758212603326482671],148.15
[1758212603331672828],148.15
[1758212603337246213],148.15
[1758212603342436109],148.15
[1758212603347529078],148.15
[1758212603352941682],148.15
[1758212603358119651],148.15
[1758212603363238401],148.15
[1758212603368364078],148.15
[1758212603373504286],148.15
[1758212603378736421],148.15
[1758212603383971994],148.15
[1758212603389367515],148.15
[1758212603394480484],148.15
[1758212603399625848],148.15
[1758212603404789546],148.15
[1758212603409974598],148.15
[1758212603415139078],148.15
[1758212603420340067],148.15
[1758212603425568401],148.15
[1758212603430732723],148.15
[1758212603435873453],148.15
[1758212603440967880],148.15
[1758212603447667203],148.15
[1758212603454442671],148.15
[1758212603459844651],148.15
[1758212603464960171],148.15
[1758212603470052671],148.15
[1758212603475170744],148.15
[1758212603480245536],148.15
[1758212603485338453],148.15
[1758212603490424911],148.15
[1758212603495699078],148.15
[1758212603501082359],148.15
[1758212603507436994],148.15
[1758212603512805901],148.15
[1758212603517931213],148.15
[1758212603523038401],148.15
[1758212603528122932],148.15
[1758212603533298244],148.15
[1758212603538409963],148.15
[1758212603543561317],148.15
[1758212603548682307],148.15
[1758212603554287880],148.15
[1758212603559426682],148.15
[1758212603564514442],148.15
[1758212603569613973],148.15
[1758212603574753609],148.15
[1758212603579888557],148.15
[1758212603584989807],148.15
[1758212603590119807],148.15
[1758212603595300640],148.15
[1758212603600504442],148.15
[1758212603606023765],148.15
[1758212603611185328],148.15
[1758212603618123505],148.15
[1758212603624505432],148.15
[1758212603629728973],148.15
[1758212603634816630],148.15
[1758212603639900588],148.15
[1758212603645033453],148.15
[1758212603650137723],148.15
[1758212603655314703],148.15
[1758212603661746682],148.15
[1758212603666997567],148.15
[1758212603672163348],148.15
[1758212603677266265],148.15
[1758212603682431942],148.15
[1758212603687557984],148.15
[1758212603692696369],148.15
[1758212603697850275],148.15
[1758212603703174130],148.15
[1758212603708425015],148.15
[1758212603713976682],148.15
[1758212603719129911],148.15
[1758212603724213661],148.15
[1758212603729296421],148.15
[1758212603734426109],148.15
[1758212603739554755],148.15
[1758212603744674286],148.15
[1758212603749780744],148.15
[1758212603755343348],148.15
[1758212603760814234],148.15
[1758212603765921682],148.15
[1758212603771032775],148.15
[1758212603776503036],148.15
[1758212603781662046],148.15
[1758212603786793140],148.15
[1758212603791905744],148.15
[1758212603797032098],148.15
[1758212603802327202],148.15
[1758212603808675327],148.15
[1758212603813908817],148.15
[1758212603820327932],148.15
[1758212603825545327],148.15
[1758212603830650015],148.15
[1758212603835790380],148.15
[1758212603840914650],148.15
[1758212603846014286],148.15
[1758212603851119807],148.15
[1758212603856344755],148.15
[1758212603861464494],148.15
[1758212603866667515],148.15
[1758212603871772619],148.15
[1758212603876855640],148.15
[1758212603882348765],148.15
[1758212603887451786],148.15
[1758212603892625900],148.15
[1758212603897714182],148.15
[1758212603902912255],148.15
[1758212603908042984],148.15
[1758212603913252098],148.15
[1758212603918392202],148.15
[1758212603923627463],148.15
[1758212603929180171],148.15
[1758212603934289598],148.15
[1758212603939405484],148.15
[1758212603944519911],148.15
[1758212603949636421],148.15
[1758212603954801525],148.15
[1758212603959907827],148.15
[1758212603965106942],148.15
[1758212603970528817],148.15
[1758212603975695484],148.15
[1758212603980794025],148.15
[1758212603985938348],148.15
[1758212603991438400],148.15
[1758212603996618817],148.15
[1758212604001705432],148.15
[1758212604006861682],148.15
[1758212604011998817],148.15
[1758212604017146369],148.15
[1758212604022355171],148.15
[1758212604027539598],148.15
[1758212604032821682],148.15
[1758212604038360640],148.15
[1758212604043468348],148.15
[1758212604048562723],148.15
[1758212604053803713],148.15
[1758212604058913557],148.15
[1758212604064040015],148.15
[1758212604069158817],148.15
[1758212604074356109],148.15
[1758212604079521109],148.15
[1758212604084735848],148.15
[1758212604089870067],148.15
[1758212604095049286],148.15
[1758212604101632567],148.15
[1758212604107997827],148.15
[1758212604113289182],148.15
[1758212604118433348],148.15
[1758212604123565536],148.15
[1758212604128663296],148.15
[1758212604133768817],148.15
[1758212604138885432],148.15
[1758212604145405796],148.15
[1758212604150653192],148.15
[1758212604155852515],148.15
[1758212604160965744],148.15
[1758212604166099807],148.15
[1758212604171204286],148.15
[1758212604176313973],148.15
[1758212604181430379],148.15
[1758212604186598609],148.15
[1758212604191797932],148.15
[1758212604196905692],148.15
[1758212604202012046],148.15
[1758212604207620015],148.15
[1758212604212906786],148.15
[1758212604218036525],148.15
[1758212604223176994],148.15
[1758212604228287411],148.15
[1758212604233463400],148.15
[1758212604238579806],148.15
[1758212604243717098],148.15
[1758212604248870536],148.15
[1758212604254500848],148.15
[1758212604259668609],148.15
[1758212604264809494],148.15
[1758212604269940275],148.15
[1758212604275094598],148.15
[1758212604280195796],148.15
[1758212604285301994],148.15
[1758212604290429859],148.15
[1758212604295646265],148.15
[1758212604300769338],148.15
[1758212604305983296],148.15
[1758212604311086473],148.15
[1758212604317715588],148.15
[1758212604325077202],148.15
[1758212604330396890],148.15
[1758212604335492359],148.15
[1758212604340598973],148.15
[1758212604345718140],148.15
[1758212604350829650],148.15
[1758212604356038973],148.15
[1758212604361561838],148.15
[1758212604366697463],148.15
[1758212604371816525],148.15
[1758212604376967254],148.15
[1758212604382079129],148.15
[1758212604387206734],148.15
[1758212604392328973],148.15
[1758212604397440796],148.15
[1758212604402871577],148.15
[1758212604408002463],148.15
[1758212604413173348],148.15
[1758212604418306577],148.15
[1758212604424038244],148.15
[1758212604430678973],148.15
[1758212604435934442],148.15
[1758212604442213348],148.15
[1758212604448688452],148.15
[1758212604453967515],148.15
[1758212604459092775],148.15
[1758212604464257358],148.15
[1758212604469703140],148.15
[1758212604474831786],148.15
[1758212604479936838],148.15
[1758212604485075015],148.15
[1758212604490187254],148.15
[1758212604495395588],148.15
[1758212604500507879],148.15
[1758212604505705067],148.15
[1758212604510800796],148.15
[1758212604515917879],148.15
[1758212604521041942],148.15
[1758212604526180692],148.15
[1758212604531296577],148.15
[1758212604536500848],148.15
[1758212604541581838],148.15
[1758212604546662827],148.15
[1758212604551777515],148.15
[1758212604557343244],148.15
[1758212604562537827],148.15
[1758212604567647150],148.15
[1758212604572911265],148.15
[1758212604579403608],148.15
[1758212604584659233],148.15
[1758212604589768400],148.15
[1758212604594871317],148.15
[1758212604599977619],148.15
[1758212604605177411],148.15
[1758212604610332619],148.15
[1758212604615506629],148.15
[1758212604620677879],148.15
[1758212604625930848],148.15
[1758212604631055223],148.15
[1758212604636179025],148.15
[1758212604641268244],148.15
[1758212604646387879],148.15
[1758212604651696994],148.15
[1758212604656986681],148.15
[1758212604662182046],148.15
[1758212604668914858],148.15
[1758212604675360640],148.15
[1758212604683087254],148.15
[1758212604688529285],148.15
[1758212604695057150],148.15
[1758212604701522358],148.15
[1758212604708090171],148.15
[1758212604713644129],148.15
[1758212604719883556],148.15
[1758212604725150640],148.15
[1758212604730269494],148.15
[1758212604735419858],148.15
[1758212604740516994],148.15
[1758212604745633452],148.15
[1758212604750754806],148.15
[1758212604755994754],148.15
[1758212604761134285],148.15
[1758212604766346785],148.15
[1758212604771466785],148.15
[1758212604776607775],148.15
[1758212604781718088],148.15
[1758212604786812775],148.15
[1758212604793416577],148.15
[1758212604800064598],148.15
[1758212604806476213],148.15
[1758212604811718921],148.15
[1758212604816883765],148.15
[1758212604822009129],148.15
[1758212604827153400],148.15
[1758212604832379338],148.15
[1758212604837494181],148.15
[1758212604842696213],148.15
[1758212604847863088],148.15
[1758212604853124337],148.15
[1758212604858238921],148.15
[1758212604863374025],148.15
[1758212604868488765],148.15
[1758212604873608452],148.15
[1758212604878726890],148.15
[1758212604883864233],148.15
[1758212604888989858],148.15
[1758212604894098035],148.15
[1758212604899617879],148.15
[1758212604904913712],148.15
[1758212604910055952],148.15
[1758212604915240119],148.15
[1758212604920418296],148.15
[1758212604925569129],148.15
[1758212604930669650],148.15
[1758212604935783608],148.15
[1758212604940900119],148.15
[1758212604946115275],148.15
[1758212604951235327],148.15
[1758212604956408973],148.15
[1758212604961550848],148.15
[1758212604966693765],148.15
[1758212604971792202],148.15
[1758212604976900379],148.15
[1758212604982004077],148.15
[1758212604987145119],148.15
[1758212604992276212],148.15
[1758212604997364233],148.15
[1758212605002765223],148.15
[1758212605009029650],148.15
[1758212605015572254],148.15
[1758212605020880223],148.15
[1758212605026035692],148.15
[1758212605031155483],148.15
[1758212605036300848],148.15
[1758212605041412515],148.15
[1758212605046528712],148.15
[1758212605051654702],148.15
[1758212605056887931],148.15
[1758212605062086837],148.15
[1758212605067223869],148.15
[1758212605072400796],148.15
[1758212605077534337],148.15
[1758212605082928608],148.15
[1758212605088051004],148.15
[1758212605093182879],148.15
[1758212605098286212],148.15
[1758212605103467931],148.15
[1758212605108596160],148.15
[1758212605113727306],148.15
[1758212605119989754],148.15
[1758212605126596525],148.15
[1758212605131872358],148.15
[1758212605137006421],148.15
[1758212605142134025],148.15
[1758212605147246317],148.15
[1758212605152470587],148.15
[1758212605157643452],148.15
[1758212605162851525],148.15
[1758212605168016577],148.15
[1758212605173230067],148.15
[1758212605178349025],148.15
[1758212605183503556],148.15
[1758212605188614910],148.15
[1758212605193724442],148.15
[1758212605198836994],148.15
[1758212605204053504],148.15
[1758212605209163556],148.15
[1758212605214337462],148.15
[1758212605219459233],148.15
[1758212605224604598],148.15
[1758212605231165848],148.15
[1758212605236520171],148.15
[1758212605241722723],148.15
[1758212605246837514],148.15
[1758212605251946212],148.15
[1758212605257143817],148.15
[1758212605262332931],148.15
[1758212605267462671],148.15
[1758212605272677671],148.15
[1758212605277867410],148.15
[1758212605283080119],148.15
[1758212605288181108],148.15
[1758212605293443973],148.15
[1758212605299125691],148.15
[1758212605306428035],148.15
[1758212605312009598],148.15
[1758212605317257566],148.15
[1758212605322446837],148.15
[1758212605327552306],148.15
[1758212605332723764],148.15
[1758212605338411316],148.15
[1758212605343612879],148.15
[1758212605348712671],148.15
[1758212605354049025],148.15
[1758212605359229702],148.15
[1758212605364315587],148.15
[1758212605369396577],148.15
[1758212605374550119],148.15
[1758212605379655483],148.15
[1758212605384793816],148.15
[1758212605389890535],148.15
[1758212605395077619],148.15
[1758212605400267410],148.15
[1758212605405507462],148.15
[1758212605410611369],148.15
[1758212605415750744],148.15
[1758212605420862358],148.15
[1758212605426009337],148.15
[1758212605431139702],148.15
[1758212605436318921],148.15
[1758212605441825223],148.15
[1758212605447092202],148.15
[1758212605452383400],148.15
[1758212605463737202],148.15
[1758212605469970952],148.15
[1758212605475229494],148.15
[1758212605480338816],148.15
[1758212605485460796],148.15
[1758212605490558035],148.15
[1758212605495673869],148.15
[1758212605500770171],148.15
[1758212605506030014],148.15
[1758212605511133921],148.15
[1758212605516357098],148.15
[1758212605521577410],148.15
[1758212605526810483],148.15
[1758212605531915014],148.15
[1758212605537049806],148.15
[1758212605542226629],148.15
[1758212605548743348],148.15
[1758212605554135014],148.15
[1758212605560641212],148.15
[1758212605565869389],148.15
[1758212605570996525],148.15
[1758212605576140118],148.15
[1758212605581260118],148.15
[1758212605586372202],148.15
[1758212605591495691],148.15
[1758212605596690118],148.15
[1758212605601811681],148.15
[1758212605607051368],148.15
[1758212605612280171],148.15
[1758212605617445014],148.15
[1758212605622602410],148.15
[1758212605627684077],148.15
[1758212605632870900],148.15
[1758212605637958816],148.15
[1758212605643162410],148.15
[1758212605648272046],148.15
[1758212605653530535],148.15
[1758212605659659441],148.15
[1758212605664857046],148.15
[1758212605671721577],148.15
[1758212605677166004],148.15
[1758212605682349077],148.15
[1758212605687443764],148.15
[1758212605692617150],148.15
[1758212605697745066],148.15
[1758212605702963868],148.15
[1758212605708055483],148.15
[1758212605713211056],148.15
[1758212605718347566],148.15
[1758212605723549181],148.15
[1758212605728652827],148.15
[1758212605733799910],148.15
[1758212605738919962],148.15
[1758212605744046629],148.15
[1758212605749184025],148.15
[1758212605754420691],148.15
[1758212605759588035],148.15
[1758212605766132566],148.15
[1758212605771354025],148.15
[1758212605777863868],148.15
[1758212605784178868],148.15
[1758212605789397410],148.15
[1758212605794536941],148.15
[1758212605799648504],148.15
[1758212605806002514],148.15
[1758212605811250014],148.15
[1758212605816364910],148.15
[1758212605821481733],148.15
[1758212605826639285],148.15
[1758212605831746837],148.15
[1758212605836856941],148.15
[1758212605841961473],148.15
[1758212605847123920],148.15
[1758212605852386837],148.15
[1758212605857572931],148.15
[1758212605862763295],148.15
[1758212605867906316],148.15
[1758212605873418816],148.15
[1758212605878555795],148.15
[1758212605883942098],148.15
[1758212605889034285],148.15
[1758212605894147618],148.15
[1758212605899226473],148.15
[1758212605904374910],148.15
[1758212605909475483],148.15
[1758212605914691577],148.15
[1758212605919964858],148.15
[1758212605925071056],148.15
[1758212605930163816],148.15
[1758212605935303868],148.15
[1758212605940402931],148.15
[1758212605945525118],148.15
[1758212605950616004],148.15
[1758212605955917358],148.15
[1758212605961094129],148.15
[1758212605966230066],148.15
[1758212605971329962],148.15
[1758212605976493139],148.15
[1758212605981948139],148.15
[1758212605987106108],148.15
[1758212605992621004],148.15
[1758212605997748712],148.15
[1758212606002968139],148.15
[1758212606008123764],148.15
[1758212606013315743],148.15
[1758212606018504181],148.15
[1758212606023718920],148.15
[1758212606028992150],148.15
[1758212606034133139],148.15
[1758212606039249233],148.15
[1758212606044357410],148.15
[1758212606049518920],148.15
[1758212606054720327],148.15
[1758212606059830222],148.15
[1758212606064999702],148.15
[1758212606070209962],148.15
[1758212606075352045],148.15
[1758212606080498191],148.15
[1758212606085660535],148.15
[1758212606092327931],148.15
[1758212606097791889],148.15
[1758212606104236525],148.15
[1758212606109499910],148.15
[1758212606114634389],148.15
[1758212606119746108],148.15
[1758212606124889129],148.15
[1758212606129996420],148.15
[1758212606135125691],148.15
[1758212606140225847],148.15
[1758212606145399441],148.15
[1758212606150602566],148.15
[1758212606155789597],148.15
[1758212606160981420],148.15
[1758212606166199024],148.15
[1758212606171328764],148.15
[1758212606176530952],148.15
[1758212606181670952],148.15
[1758212606186831889],148.15
[1758212606191914806],148.15
[1758212606197486733],148.15
[1758212606202764129],148.15
[1758212606209140587],148.15
[1758212606214424545],148.15
[1758212606219577774],148.15
[1758212606224727410],148.15
[1758212606229830535],148.15
[1758212606234934337],148.15
[1758212606240044702],148.15
[1758212606245188243],148.15
[1758212606250335691],148.15
[1758212606255657254],148.15
[1758212606260816160],148.15
[1758212606265976368],148.15
[1758212606271084545],148.15
[1758212606276242306],148.15
[1758212606281353035],148.15
[1758212606286519181],148.15
[1758212606291627722],148.15
[1758212606296743608],148.15
[1758212606301878556],148.15
[1758212606307476993],148.15
[1758212606312686889],148.15
[1758212606318103087],148.15
[1758212606323325899],148.15
[1758212606328437149],148.15
[1758212606333581004],148.15
[1758212606338654233],148.15
[1758212606343785327],148.15
[1758212606348915118],148.15
[1758212606354200379],148.15
[1758212606359310014],148.15
[1758212606364441316],148.15
[1758212606369555274],148.15
[1758212606374732670],148.15
[1758212606379858764],148.15
[1758212606385002097],148.15
[1758212606390104233],148.15
[1758212606395322722],148.15
[1758212606400547462],148.15
[1758212606405766160],148.15
[1758212606410962149],148.15
[1758212606416588556],148.15
[1758212606421729181],148.15
[1758212606427985379],148.15
[1758212606434432983],148.15
[1758212606439646681],148.15
[1758212606444771629],148.15
[1758212606449868556],148.15
[1758212606455114806],148.15
[1758212606460259806],148.15
[1758212606465367774],148.15
[1758212606470447045],148.15
[1758212606475566681],148.15
[1758212606480728816],148.15
[1758212606485841993],148.15
[1758212606491054910],148.15
[1758212606496254649],148.15
[1758212606501394597],148.15
[1758212606506841368],148.15
[1758212606511995587],148.15
