timestamp,x1,y1,z1,x2,y2,z2
[1758212628582292297],7.851,-3.917,5.236,,,
[1758212628589455578],8.138,-4.125,5.294,,,
[1758212628596529120],10.432,-4.729,5.246,,,
[1758212628603591985],10.693,-5.191,4.946,,,
[1758212628610395578],10.853,-5.617,4.003,,,
[1758212628617094485],12.651,-5.851,2.617,,,
[1758212628624206308],13.242,-6.254,2.042,,,
[1758212628630813860],11.885,-6.139,0.867,,,
[1758212628637954276],12.699,-5.703,-0.311,,,
[1758212628644271828],11.605,-5.49,-0.256,,,
[1758212628650865891],9.759,-4.987,-0.675,,,
[1758212628657346308],10.568,-4.518,-0.915,,,
[1758212628663934641],9.618,-4.494,-1.006,,,
[1758212628670533860],7.647,-3.852,-0.338,,,
[1758212628677071672],8.236,-3.306,0.072,,,
[1758212628682706047],7.125,-3.077,0.936,,,
[1758212628688532037],5.674,-2.72,1.92,,,
[1758212628693699328],6.819,-2.806,2.863,,,
[1758212628698814016],5.447,-2.509,3.287,,,
[1758212628703921620],7.317,-2.947,3.548,,,
[1758212628709028651],6.57,-3.168,4.089,,,
[1758212628714202193],8.535,-3.941,4.815,,,
[1758212628719451099],7.666,-4.008,5.064,,,
[1758212628724851985],9.682,-4.367,5.619,,,
[1758212628729975005],8.523,-4.482,5.289,,,
[1758212628735191568],11.109,-5.128,5.078,,,
[1758212628740328755],10.092,-5.1,5.294,,,
[1758212628745455005],11.949,-5.425,4.005,,,
[1758212628750575162],11.329,-5.796,3.668,,,
[1758212628755753912],12.629,-5.837,2.523,,,
[1758212628761010422],11.775,-6.014,2.112,,,
[1758212628766137610],13.202,-6.273,0.876,,,
[1758212628771248755],11.858,-6.256,0.302,,,
[1758212628776379953],12.378,-5.765,-0.199,,,
[1758212628781503495],10.398,-5.327,-0.364,,,
[1758212628786724745],10.685,-4.752,-0.982,,,
[1758212628791856776],9.725,-4.879,-0.649,,,
[1758212628798194537],8.882,-4.41,-1.168,,,
[1758212628803775995],9.325,-4.161,-1.015,,,
[1758212628808957714],7.228,-3.632,-0.658,,,
[1758212628814070943],7.977,-3.433,0.611,,,
[1758212628819207089],5.914,-2.95,1.48,,,
[1758212628824365735],7.154,-3.029,1.887,,,
[1758212628829469953],5.43,-2.682,2.727,,,
[1758212628835055995],6.737,-3.019,3.311,,,
[1758212628840181880],5.55,-2.763,3.275,,,
[1758212628845283808],7.784,-3.438,3.649,,,
[1758212628850403443],7.013,-3.527,4.882,,,
[1758212628855553235],8.701,-3.996,4.918,,,
[1758212628860646568],8.116,-4.19,5.126,,,
[1758212628865746516],9.934,-4.496,5.169,,,
[1758212628870851203],9.634,-4.87,5.289,,,
[1758212628876028547],11.291,-4.97,4.968,,,
[1758212628881220370],10.611,-5.576,4.235,,,
[1758212628886484589],12.383,-5.792,3.27,,,
[1758212628891628078],11.779,-5.986,3.021,,,
[1758212628896789537],12.747,-5.844,2.126,,,
[1758212628901884224],12.237,-6.299,1.379,,,
[1758212628907003078],12.591,-5.854,0.445,,,
[1758212628912589693],11.909,-5.871,0.074,,,
[1758212628917779120],10.925,-5.171,-0.345,,,
[1758212628923017401],10.961,-5.279,-0.275,,,
[1758212628928144380],9.309,-4.781,-1.276,,,
[1758212628933338599],9.826,-4.487,-1.427,,,
[1758212628938497870],8.183,-4.073,-1.247,,,
[1758212628945773443],8.722,-3.895,-0.73,,,
[1758212628951467662],6.639,-3.259,0.917,,,
[1758212628956611464],7.154,-3.06,1.444,,,
[1758212628961722662],5.684,-2.787,1.599,,,
[1758212628966867193],6.524,-2.574,2.485,,,
[1758212628971978391],5.576,-2.828,3.788,,,
[1758212628977126828],6.464,-2.614,3.893,,,
[1758212628982346203],7.216,-3.376,4.374,,,
[1758212628987561047],7.791,-3.687,4.326,,,
[1758212628992794485],8.571,-3.852,5.25,,,
[1758212628998005735],8.875,-4.192,4.997,,,
[1758212629003126412],9.653,-4.812,5.294,,,
[1758212629008241151],9.651,-4.803,4.872,,,
[1758212629013378703],11.382,-5.452,4.642,,,
[1758212629019036464],10.693,-5.578,3.879,,,
[1758212629024187505],12.531,-6.055,3.333,,,
[1758212629029323755],11.423,-5.981,2.71,,,
[1758212629034554016],13.396,-6.316,2.184,,,
[1758212629039719485],12.036,-6.151,1.238,,,
[1758212629044850162],13.451,-6.163,0.608,,,
[1758212629049980057],10.91,-5.763,0.136,,,
[1758212629055175214],11.887,-5.198,-0.711,,,
[1758212629063784849],10.424,-4.841,-0.788,,,
[1758212629070108182],8.49,-4.542,-1.077,,,
[1758212629075358755],9.251,-4.022,-0.974,,,
[1758212629080529172],7.487,-3.749,-0.206,,,
[1758212629085757766],8.068,-3.395,-0.05,,,
[1758212629090867089],6.175,-3.156,0.503,,,
[1758212629095977766],7.187,-2.789,1.872,,,
[1758212629101078182],5.801,-2.703,2.492,,,
[1758212629106211047],6.84,-2.636,2.83,,,
[1758212629111393182],5.533,-2.847,3.419,,,
[1758212629116651203],6.838,-2.998,4.037,,,
[1758212629121774120],7.365,-3.764,4.638,,,
[1758212629128264589],8.083,-3.783,4.997,,,
[1758212629133530734],9.45,-4.331,5.452,,,
[1758212629138629068],8.624,-4.417,5.2,,,
[1758212629143780891],10.855,-5.112,4.942,,,
[1758212629148900682],10.087,-4.968,4.781,,,
[1758212629154008651],11.892,-5.715,4.599,,,
[1758212629159130526],11.092,-5.653,3.189,,,
[1758212629164288234],12.682,-6.091,2.547,,,
[1758212629169739432],11.629,-6.203,1.772,,,
[1758212629174980891],13.125,-6.158,1.128,,,
[1758212629180103443],11.897,-5.921,0.826,,,
[1758212629185330474],12.538,-5.957,0.074,,,
[1758212629190442089],10.206,-5.26,-0.115,,,
[1758212629195540005],11.186,-4.831,-0.582,,,
[1758212629200645109],9.409,-4.8,-1.207,,,
[1758212629205794641],10.168,-4.475,-1.468,,,
[1758212629210966672],8.442,-4.144,-0.955,,,
[1758212629216202037],8.614,-3.687,-1.171,,,
[1758212629221330995],7.353,-3.486,-0.031,,,
[1758212629226464484],7.796,-3.215,0.924,,,
[1758212629231607453],5.911,-3.055,1.791,,,
[1758212629237213807],6.385,-2.626,2.052,,,
[1758212629242389745],5.904,-2.796,2.758,,,
[1758212629247502349],6.287,-2.456,3.809,,,
[1758212629252724849],6.637,-3.361,4.36,,,
[1758212629257889641],7.468,-3.527,4.207,,,
[1758212629263015630],8.66,-3.893,5.001,,,
[1758212629268131203],8.282,-3.704,5.047,,,
[1758212629273286568],9.395,-4.226,5.555,,,
[1758212629279533495],9.055,-4.731,4.937,,,
[1758212629285198859],11.238,-5.09,4.391,,,
[1758212629290338703],10.463,-5.598,3.752,,,
[1758212629295452297],12.584,-5.942,3.405,,,
[1758212629300565787],11.349,-5.962,2.586,,,
[1758212629305698078],13.305,-6.167,1.903,,,
[1758212629310820995],11.744,-6.237,1.401,,,
[1758212629315958755],13.012,-6.158,0.713,,,
[1758212629321076099],11.322,-5.856,0.948,,,
[1758212629326340891],11.581,-5.121,0.105,,,
[1758212629331536880],10.309,-4.908,-0.587,,,
[1758212629336728755],10.671,-4.506,-0.922,,,
[1758212629341868547],9.165,-4.776,-1.322,,,
[1758212629347529849],8.988,-4.104,-0.931,,,
[1758212629352748182],8.176,-3.958,-0.445,,,
[1758212629357875786],7.738,-3.333,-0.57,,,
[1758212629363009432],7.434,-3.287,0.608,,,
[1758212629368117245],6.084,-2.684,1.386,,,
[1758212629373235474],6.723,-2.626,2.239,,,
[1758212629378340578],5.619,-2.55,2.897,,,
[1758212629383596516],6.725,-2.926,3.287,,,
[1758212629388785526],6.069,-2.957,4.197,,,
[1758212629394401880],8.392,-3.723,4.805,,,
[1758212629399541359],7.245,-3.735,4.872,,,
[1758212629404660891],9.304,-4.245,4.793,,,
[1758212629409767245],8.339,-4.305,5.219,,,
[1758212629414914849],10.429,-4.642,5.009,,,
[1758212629420023547],9.601,-4.992,4.647,,,
[1758212629425139432],11.554,-5.351,4.111,,,
[1758212629430266047],10.937,-5.744,2.998,,,
[1758212629435586776],12.941,-5.99,2.392,,,
[1758212629440707557],11.588,-6.05,1.899,,,
[1758212629445824380],13.185,-6.144,1.616,,,
[1758212629450955891],11.983,-6.093,0.843,,,
[1758212629457484953],11.985,-5.607,0.304,,,
[1758212629463843026],11.717,-5.409,-0.247,,,
[1758212629469060161],9.881,-4.911,-0.697,,,
[1758212629474203703],10.549,-4.939,-0.8,,,
[1758212629479332401],8.564,-4.482,-0.867,,,
[1758212629484552245],9.263,-4.3,-0.464,,,
[1758212629489721255],7.276,-3.795,-0.548,,,
[1758212629494858703],8.219,-3.555,0.433,,,
[1758212629500318964],5.978,-2.928,0.919,,,
[1758212629505497349],7.197,-2.885,1.31,,,
[1758212629510738859],5.363,-2.607,2.049,,,
[1758212629515861620],6.601,-3.057,2.806,,,
[1758212629520962922],5.327,-2.911,3.859,,,
[1758212629526073182],7.362,-2.971,4.013,,,
[1758212629531188703],6.895,-3.426,4.843,,,
[1758212629536414641],8.724,-3.874,4.767,,,
[1758212629541527557],8.375,-4.051,5.148,,,
[1758212629546708338],9.522,-4.355,5.143,,,
[1758212629551910266],9.524,-5.037,5.48,,,
[1758212629557034901],10.429,-4.86,4.669,,,
[1758212629562586932],11.648,-5.643,4.559,,,
[1758212629567718807],11.636,-5.636,3.254,,,
[1758212629572884120],12.445,-6.048,2.844,,,
[1758212629578012974],12.354,-6.086,1.824,,,
[1758212629583240578],12.802,-6.194,1.422,,,
[1758212629588372870],12.416,-5.926,0.385,,,
[1758212629593535682],12.234,-6.009,0.699,,,
[1758212629598655995],10.42,-5.095,-0.014,,,
[1758212629603797818],11.258,-5.085,-0.163,,,
[1758212629609392870],9.275,-4.719,-0.69,,,
[1758212629614541880],9.977,-4.757,-1.094,,,
[1758212629619665057],8.018,-4.152,-1.152,,,
[1758212629624800891],8.966,-3.974,-1.137,,,
[1758212629629911620],6.871,-3.725,-0.46,,,
[1758212629635091828],7.673,-3.285,0.699,,,
[1758212629640197713],5.897,-2.993,1.846,,,
[1758212629645338547],7.142,-2.935,2.26,,,
[1758212629650512453],5.329,-2.734,2.801,,,
[1758212629655613859],7.053,-2.806,3.323,,,
[1758212629662828495],7.175,-3.27,3.867,,,
[1758212629667961568],7.513,-3.639,4.245,,,
[1758212629673087401],8.792,-4.025,4.604,,,
[1758212629678189380],8.358,-3.833,5.239,,,
[1758212629683364172],9.694,-4.578,5.298,,,
[1758212629688511047],9.562,-4.597,4.963,,,
[1758212629693661984],10.609,-5.179,5.069,,,
[1758212629698773026],10.58,-5.308,4.566,,,
[1758212629703894745],12.352,-5.751,3.321,,,
[1758212629709112505],11.32,-5.794,2.581,,,
[1758212629714611411],13.182,-6.273,1.781,,,
[1758212629719834120],11.727,-6.163,1.247,,,
[1758212629725368599],13.314,-6.402,0.869,,,
[1758212629730498078],11.447,-5.72,0.113,,,
[1758212629735677245],12.04,-5.279,-0.134,,,
[1758212629740787297],9.704,-4.906,-0.757,,,
[1758212629745916099],10.597,-4.843,-1.386,,,
[1758212629751048078],8.796,-4.53,-0.862,,,
[1758212629756235370],9.474,-4.156,-0.73,,,
[1758212629761471984],7.647,-3.697,-0.543,,,
[1758212629766624588],7.975,-3.587,-0.201,,,
[1758212629772009901],6.974,-3.213,0.812,,,
[1758212629777150161],6.699,-2.72,1.448,,,
[1758212629782361724],6.187,-2.983,2.605,,,
[1758212629787561515],6.227,-2.562,2.907,,,
[1758212629792778182],6.122,-2.772,3.934,,,
[1758212629797920474],6.819,-2.907,3.761,,,
[1758212629803150630],8.033,-3.654,4.015,,,
[1758212629808251672],7.623,-3.766,4.453,,,
[1758212629813391255],8.923,-4.154,5.255,,,
[1758212629818501255],8.533,-3.857,5.155,,,
[1758212629824805474],10.736,-4.87,4.752,,,
[1758212629830033859],9.687,-5.073,4.934,,,
[1758212629835222713],11.602,-5.358,3.771,,,
[1758212629840336255],11.064,-5.83,3.448,,,
[1758212629845477245],12.857,-5.983,2.885,,,
[1758212629850581307],11.657,-6.117,2.004,,,
[1758212629855704276],13.489,-6.311,1.415,,,
[1758212629860813182],11.698,-6.177,0.893,,,
[1758212629865974224],12.754,-5.813,-0.244,,,
[1758212629871161776],10.448,-5.313,0.369,,,
[1758212629876290265],11.021,-4.994,-0.247,,,
[1758212629881761151],9.606,-4.939,-0.761,,,
[1758212629886975786],10.053,-4.46,-1.204,,,
[1758212629892090422],8.665,-4.322,-0.752,,,
[1758212629897244224],8.988,-3.692,-0.702,,,
[1758212629902407713],7.623,-3.589,-0.208,,,
[1758212629907530213],6.96,-3.168,0.464,,,
[1758212629912708599],6.668,-3.211,1.721,,,
[1758212629917866411],6.201,-2.555,1.724,,,
[1758212629923039432],6.27,-2.672,2.763,,,
[1758212629928257713],6.419,-2.82,3.452,,,
[1758212629933802088],7.013,-3.17,4.164,,,
[1758212629938921099],7.178,-3.419,4.463,,,
[1758212629944017453],8.703,-3.953,5.066,,,
[1758212629949126047],7.764,-3.819,5.483,,,
[1758212629954264432],9.369,-4.386,5.179,,,
[1758212629959366828],8.768,-4.551,4.69,,,
[1758212629964479693],11.111,-5.047,5.148,,,
[1758212629969577193],9.974,-5.181,4.609,,,
[1758212629974756567],12.151,-5.923,4.082,,,
[1758212629979980682],11.248,-5.916,3.108,,,
[1758212629985245942],13.005,-6.273,2.114,,,
[1758212629990763599],12.005,-6.177,1.592,,,
[1758212629995916776],13.436,-6.314,0.692,,,
[1758212630001033911],11.844,-5.935,0.273,,,
[1758212630006167036],12.397,-5.583,0.144,,,
[1758212630011270005],10.108,-4.942,-0.211,,,
[1758212630016407088],10.867,-4.685,-0.646,,,
[1758212630021529849],9.06,-4.772,-1.006,,,
[1758212630026670213],9.462,-4.173,-1.022,,,
[1758212630031826932],8.171,-3.994,-1.041,,,
[1758212630037077192],8.066,-3.594,-0.699,,,
[1758212630043835422],7.501,-3.369,1.185,,,
[1758212630049051567],5.995,-3.055,1.276,,,
[1758212630054151099],7.096,-2.933,2.093,,,
[1758212630059261203],5.741,-2.535,3.213,,,
[1758212630064418442],7.005,-2.907,3.393,,,
[1758212630069514797],5.875,-2.976,3.563,,,
[1758212630074622661],7.776,-3.637,4.796,,,
[1758212630079713234],7.372,-3.804,4.863,,,
[1758212630084890161],9.112,-3.991,4.611,,,
[1758212630090108078],8.179,-4.106,5.033,,,
[1758212630095306151],10.285,-4.858,5.547,,,
[1758212630100758234],9.57,-4.901,4.982,,,
[1758212630105865578],11.49,-5.171,4.075,,,
[1758212630111036411],10.927,-5.667,3.692,,,
[1758212630116199745],12.555,-5.705,2.804,,,
[1758212630121289015],11.595,-6.048,2.04,,,
[1758212630126382349],13.06,-6.179,1.75,,,
[1758212630131459797],11.878,-6.084,1.051,,,
[1758212630136588078],13.149,-5.825,0.132,,,
[1758212630141718182],11.126,-5.744,-0.065,,,
[1758212630146994015],10.987,-4.966,-0.697,,,
[1758212630152739536],10.321,-5.052,-0.895,,,
[1758212630157905786],9.436,-4.535,-1.477,,,
[1758212630163045890],9.5,-4.678,-1.448,,,
[1758212630168139120],8.2,-3.85,-1.058,,,
[1758212630173206515],8.049,-3.867,0.036,,,
[1758212630178282245],7.345,-3.1,-0.294,,,
[1758212630183430370],6.924,-3.484,1.118,,,
[1758212630188551620],6.266,-2.619,1.547,,,
[1758212630193839484],6.835,-2.816,2.713,,,
[1758212630199034015],5.401,-2.6,2.861,,,
[1758212630204147401],7.197,-3.175,3.417,,,
[1758212630210645526],6.369,-3.266,4.08,,,
[1758212630215875265],8.782,-3.881,5.155,,,
[1758212630220982869],7.647,-3.989,5.37,,,
[1758212630226109692],9.316,-4.101,4.824,,,
[1758212630231188130],8.935,-4.305,5.241,,,
[1758212630236274015],10.568,-4.776,5.179,,,
[1758212630241360890],10.25,-5.164,4.69,,,
[1758212630246546619],11.899,-5.485,4.31,,,
[1758212630251673911],11.485,-5.729,3.091,,,
[1758212630256900057],12.771,-5.784,2.581,,,
[1758212630262481619],12.577,-6.323,1.992,,,
[1758212630267628547],12.699,-5.832,0.96,,,
[1758212630272803494],12.395,-6.007,0.838,,,
[1758212630277917297],12.012,-5.404,-0.163,,,
[1758212630283028182],10.606,-5.344,-0.591,,,
[1758212630288138234],10.704,-4.784,-1.379,,,
[1758212630293361619],10.116,-5.033,-1.252,,,
[1758212630298490734],8.78,-4.432,-1.439,,,
[1758212630303628911],9.244,-4.353,-0.663,,,
[1758212630308824953],7.604,-3.759,-0.453,,,
[1758212630313938234],7.705,-3.508,0.05,,,
[1758212630320351307],5.981,-3.139,1.027,,,
[1758212630325574172],7.039,-3.014,2.138,,,
[1758212630330662088],5.48,-2.71,2.744,,,
[1758212630335775994],6.776,-2.631,3.187,,,
[1758212630340861099],5.507,-2.71,4.355,,,
[1758212630346009901],7.913,-3.479,4.379,,,
[1758212630351099640],7.147,-3.701,4.448,,,
[1758212630356245682],8.914,-4.065,4.614,,,
[1758212630364918494],9.852,-4.573,5.533,,,
[1758212630370170942],8.815,-4.616,4.92,,,
[1758212630375312192],11.334,-5.097,4.25,,,
[1758212630380411776],10.331,-5.334,4.099,,,
[1758212630385606984],12.208,-5.923,3.5,,,
[1758212630390738494],11.461,-5.962,2.289,,,
[1758212630395912088],12.955,-6.17,1.935,,,
[1758212630401043651],11.909,-6.256,1.317,,,
[1758212630406235109],13.455,-6.33,0.306,,,
[1758212630411446880],11.734,-6.065,0.294,,,
[1758212630416676932],11.624,-5.43,0.16,,,
[1758212630421793390],10.113,-4.92,-0.041,,,
[1758212630428400265],10.096,-4.635,-1.568,,,
[1758212630434711046],10.027,-4.583,-0.63,,,
[1758212630439974953],7.908,-3.917,-1.377,,,
[1758212630445183859],8.677,-3.694,-0.596,,,
[1758212630450342661],6.663,-3.5,0.266,,,
[1758212630455507974],7.784,-2.976,0.749,,,
[1758212630460639640],5.626,-2.713,1.386,,,
[1758212630465795786],7.015,-2.758,1.721,,,
[1758212630471285057],5.564,-2.607,3.12,,,
[1758212630476449849],6.826,-2.753,3.347,,,
[1758212630481662244],6.45,-3.247,3.78,,,
[1758212630486845265],8.131,-3.587,4.606,,,
[1758212630491972505],7.736,-4.029,5.167,,,
[1758212630497164536],9.052,-4.034,5.119,,,
[1758212630502345734],8.978,-4.314,5.559,,,
[1758212630507494640],10.022,-4.769,4.879,,,
[1758212630512689796],10.216,-5.152,4.721,,,
[1758212630517868234],11.025,-5.282,3.871,,,
[1758212630523099692],11.784,-5.969,3.371,,,
[1758212630528237140],12.086,-5.72,2.308,,,
[1758212630534684171],13.01,-6.306,2.018,,,
[1758212630539916671],11.691,-6.148,1.053,,,
[1758212630545124901],13.199,-6.39,0.527,,,
[1758212630550224119],10.834,-5.538,0.508,,,
[1758212630555360369],11.741,-5.586,-0.417,,,
[1758212630560452713],9.857,-4.999,-1.032,,,
[1758212630565545369],10.561,-4.973,-1.207,,,
[1758212630570650890],8.612,-4.453,-1.58,,,
[1758212630575871203],9.311,-4.274,-1.18,,,
[1758212630581443546],7.087,-3.735,-0.412,,,
[1758212630586654901],8.425,-3.342,0.148,,,
[1758212630591813651],6.321,-3.194,1.188,,,
[1758212630597006984],6.651,-2.722,1.348,,,
[1758212630602174380],5.837,-2.789,2.133,,,
[1758212630607300213],6.096,-2.516,2.799,,,
[1758212630612479484],5.964,-2.811,3.601,,,
[1758212630617614536],6.914,-3.055,3.924,,,
[1758212630622901776],7.295,-3.912,4.293,,,
[1758212630628047453],8.155,-3.833,4.587,,,
[1758212630633165942],8.976,-4.027,5.284,,,
[1758212630638292817],8.969,-4.089,5.365,,,
[1758212630644831776],10.302,-4.994,5.296,,,
[1758212630650078911],9.725,-4.879,4.377,,,
[1758212630655202244],12.009,-5.593,4.276,,,
[1758212630660303390],10.86,-5.827,3.587,,,
[1758212630665415421],12.689,-5.99,2.729,,,
[1758212630670518338],11.624,-6.117,1.867,,,
[1758212630675666619],13.613,-6.345,1.341,,,
[1758212630680775109],11.961,-6.062,0.826,,,
[1758212630685956203],12.807,-5.818,0.168,,,
[1758212630691543755],10.53,-5.274,-0.215,,,
[1758212630696775213],11.085,-5.095,-0.96,,,
[1758212630701890994],9.352,-4.683,-0.678,,,
[1758212630707026984],10.065,-4.314,-1.013,,,
[1758212630712181671],8.559,-4.31,-0.745,,,
[1758212630717316046],8.21,-3.735,-0.563,,,
[1758212630722485890],7.592,-3.481,-0.323,,,
[1758212630727628234],7.305,-3.072,0.685,,,
[1758212630732793026],6.29,-3.038,1.76,,,
[1758212630737982973],6.467,-2.6,2.045,,,
[1758212630743185213],5.825,-2.883,3.314,,,
[1758212630748303807],5.768,-2.593,3.428,,,
[1758212630754740473],7.53,-3.347,3.974,,,
[1758212630759963494],6.926,-3.673,4.518,,,
[1758212630765099901],9.031,-4.099,5.006,,,
[1758212630770200578],7.829,-3.883,5.361,,,
[1758212630775322973],10.082,-4.575,5.069,,,
[1758212630780424536],9.225,-4.776,5.227,,,
[1758212630785548026],11.236,-5.341,4.853,,,
[1758212630790696463],10.173,-5.318,3.903,,,
[1758212630795959953],12.361,-5.72,3.165,,,
[1758212630801532192],11.727,-5.974,2.646,,,
[1758212630806675734],13.123,-6.256,2.148,,,
[1758212630811787348],12.258,-6.29,1.477,,,
[1758212630816914380],13.24,-5.825,0.342,,,
[1758212630822004536],11.83,-5.722,0.68,,,
[1758212630827121463],11.758,-5.385,-0.113,,,
[1758212630832296255],9.984,-5.219,-0.85,,,
[1758212630837442401],10.7,-4.793,-1.089,,,
[1758212630842638494],9.275,-4.654,-0.876,,,
[1758212630847886984],9.088,-3.895,-0.845,,,
[1758212630853036515],8.272,-3.96,-0.457,,,
[1758212630858155161],7.803,-3.335,-0.46,,,
[1758212630866000421],7.496,-3.196,1.144,,,
[1758212630871259275],5.473,-2.777,1.999,,,
[1758212630876375786],6.879,-2.705,2.387,,,
[1758212630881470265],5.241,-2.641,3.203,,,
[1758212630886641880],6.91,-2.78,3.539,,,
[1758212630891779692],6.723,-3.316,3.886,,,
[1758212630896964223],8.133,-3.809,4.42,,,
[1758212630902069796],7.977,-3.852,4.853,,,
[1758212630907618755],9.064,-4.051,4.946,,,
[1758212630912813025],9.426,-4.568,5.337,,,
[1758212630917924432],9.826,-4.527,4.784,,,
[1758212630923062973],10.774,-5.069,4.652,,,
[1758212630928170369],11.135,-5.274,4.219,,,
[1758212630933275630],11.918,-5.959,3.285,,,
[1758212630938392557],12.038,-5.926,2.097,,,
[1758212630943615890],12.835,-6.304,2.004,,,
[1758212630948828963],12.191,-5.94,0.833,,,
[1758212630954009328],12.907,-6.191,0.694,,,
[1758212630959128182],11.291,-5.526,0.275,,,
[1758212630964265109],11.535,-5.511,0.019,,,
[1758212630972137661],9.926,-5.03,-0.704,,,
[1758212630977468234],9.764,-4.738,-1.173,,,
[1758212630982757453],8.681,-4.626,-1.07,,,
[1758212630987882244],8.361,-3.982,-0.876,,,
[1758212630993109900],7.958,-3.814,-0.17,,,
[1758212630998217713],7.039,-2.931,-0.227,,,
[1758212631003349796],6.797,-3.371,1.355,,,
[1758212631008448078],6.397,-2.641,1.542,,,
[1758212631014911671],6.716,-2.959,2.878,,,
[1758212631020146671],5.473,-2.705,3.436,,,
[1758212631025269640],7.23,-3.189,4.08,,,
[1758212631030372921],6.694,-3.584,4.3,,,
[1758212631035497765],9.064,-3.991,4.994,,,
[1758212631040597140],7.796,-3.994,5.203,,,
[1758212631045790265],9.907,-4.365,4.882,,,
[1758212631050944223],8.88,-4.547,5.092,,,
[1758212631056153807],10.894,-4.908,4.75,,,
[1758212631061359275],10.104,-5.013,4.669,,,
[1758212631066495005],12.021,-5.562,3.689,,,
[1758212631071615942],11.186,-5.715,3.326,,,
[1758212631078096567],12.028,-5.818,2.43,,,
[1758212631083340525],12.881,-6.268,1.573,,,
[1758212631088552661],12.627,-5.856,0.469,,,
[1758212631093776150],12.641,-6.005,0.259,,,
[1758212631098885473],11.317,-5.31,-0.242,,,
[1758212631103997817],11.088,-5.327,-0.294,,,
[1758212631109097869],10.226,-4.834,-0.824,,,
[1758212631114245838],10.326,-4.843,-0.874,,,
[1758212631119753755],8.554,-4.108,-1.271,,,
[1758212631125018755],8.839,-4.001,-0.771,,,
[1758212631130127817],7.075,-3.5,-0.745,,,
[1758212631135274796],7.834,-3.369,0.388,,,
[1758212631140422244],5.777,-3.01,1.415,,,
[1758212631145626932],7.185,-2.928,1.712,,,
[1758212631150716984],5.234,-2.751,2.799,,,
[1758212631155822296],7.02,-2.919,3.139,,,
[1758212631160929640],5.729,-2.78,3.886,,,
[1758212631166133963],7.523,-3.395,4.266,,,
[1758212631171216463],7.044,-3.701,4.276,,,
[1758212631176322192],9.124,-3.871,4.494,,,
[1758212631181420473],8.363,-4.307,5.241,,,
[1758212631187893390],9.725,-4.353,4.788,,,
[1758212631193408130],10.575,-5.234,4.97,,,
[1758212631198537296],10.609,-5.155,4.331,,,
[1758212631203659432],12.012,-5.83,4.049,,,
[1758212631208753702],11.71,-5.813,2.43,,,
[1758212631213867505],12.713,-6.254,1.932,,,
[1758212631218972192],12.55,-6.069,1.113,,,
[1758212631224145525],13.089,-6.297,0.826,,,
[1758212631231106723],11.188,-5.918,0.5,,,
[1758212631236401255],12.198,-5.277,-0.294,,,
[1758212631241548963],10.187,-4.99,-0.711,,,
[1758212631246810577],10.69,-5.033,-1.159,,,
[1758212631251927817],9.153,-4.63,-1.092,,,
[1758212631257049432],9.354,-4.187,-0.781,,,
[1758212631262179223],7.97,-3.91,-0.285,,,
[1758212631267283911],8.258,-3.448,-0.098,,,
[1758212631272429275],6.529,-3.256,1.02,,,
[1758212631277515525],6.96,-2.722,1.808,,,
[1758212631282717765],6.227,-2.734,2.035,,,
[1758212631287894015],6.404,-2.421,2.693,,,
[1758212631293526932],5.856,-2.856,3.266,,,
[1758212631298688807],6.304,-2.84,3.515,,,
[1758212631303815577],7.839,-3.582,4.061,,,
[1758212631308915890],7.63,-3.754,4.401,,,
[1758212631314047557],8.942,-4.238,5.473,,,
[1758212631319153442],8.54,-4.204,4.973,,,
[1758212631324276307],9.977,-4.652,5.428,,,
[1758212631329379900],9.957,-4.884,4.908,,,
[1758212631334599484],11.255,-5.466,4.65,,,
[1758212631341100942],10.944,-5.569,3.795,,,
[1758212631347414952],12.431,-5.787,2.054,,,
[1758212631352717296],12.215,-6.299,1.824,,,
[1758212631357870369],12.704,-6.072,1.405,,,
[1758212631363017713],12.483,-6.208,0.869,,,
[1758212631368113754],11.983,-5.418,0.453,,,
[1758212631373221150],11.284,-5.485,-0.029,,,
[1758212631378339744],10.446,-4.848,-1.063,,,
[1758212631383504327],10.175,-5.193,-1.209,,,
[1758212631388633182],9.61,-4.594,-1.243,,,
[1758212631393897557],9.278,-4.271,-0.898,,,
[1758212631400328546],7.501,-3.809,-1.214,,,
[1758212631405576202],8.243,-3.644,0.036,,,
[1758212631410694744],6.309,-3.11,0.752,,,
[1758212631415823442],7.41,-2.99,1.513,,,
[1758212631420922400],5.416,-2.581,2.21,,,
[1758212631426055786],6.797,-2.77,3.237,,,
[1758212631431155629],5.442,-2.634,3.826,,,
[1758212631436302140],7.513,-3.163,4.159,,,
[1758212631441439379],6.922,-3.661,4.214,,,
[1758212631447056254],8.657,-3.905,4.511,,,
[1758212631452269379],8.413,-4.434,5.215,,,
[1758212631457409952],9.725,-4.295,5.246,,,
[1758212631462577765],9.596,-4.609,5.157,,,
[1758212631467709119],10.829,-5.155,4.769,,,
[1758212631472884379],10.642,-5.622,4.48,,,
[1758212631477996567],11.844,-5.423,3.225,,,
[1758212631483141879],12.244,-6.069,2.583,,,
[1758212631488396202],12.06,-5.72,2.44,,,
[1758212631493703650],12.627,-6.261,1.743,,,
[1758212631498846827],12.316,-5.835,0.239,,,
[1758212631503995994],12.316,-5.914,0.52,,,
[1758212631510457244],10.216,-5.224,-0.084,,,
[1758212631515727088],11.25,-5.092,-0.979,,,
[1758212631520848702],9.215,-4.839,-0.644,,,
[1758212631525983390],10.187,-4.604,-1.288,,,
[1758212631531105056],8.215,-4.065,-1.061,,,
[1758212631536235890],8.768,-3.919,-0.551,,,
[1758212631541355786],6.728,-3.357,-0.409,,,
[1758212631546567609],7.539,-3.01,0.591,,,
[1758212631551694223],5.957,-2.957,1.676,,,
[1758212631558182088],6.364,-2.49,2.37,,,
[1758212631563435473],6.555,-2.935,3.136,,,
[1758212631568542921],6.165,-2.753,3.266,,,
[1758212631573661202],7.041,-3.225,3.946,,,
[1758212631578756306],7.405,-3.39,4.415,,,
[1758212631583871411],8.552,-3.864,4.808,,,
[1758212631588997609],8.32,-3.759,5.145,,,
[1758212631594213234],9.421,-4.513,5.509,,,
[1758212631599320525],9.5,-4.642,5.255,,,
[1758212631604494744],11.085,-5.31,5.191,,,
[1758212631609756671],10.408,-5.471,4.331,,,
[1758212631615325213],12.464,-6.062,3.091,,,
[1758212631620452400],11.384,-5.916,2.638,,,
[1758212631625587504],13.408,-6.292,2.066,,,
[1758212631630681984],11.763,-6.211,1.372,,,
[1758212631635810942],13.101,-6.402,1.132,,,
[1758212631640919848],11.102,-5.775,0.22,,,
[1758212631646106515],12.124,-5.428,-0.096,,,
[1758212631651224171],9.955,-4.997,-0.306,,,
[1758212631656467921],10.879,-4.769,-1.082,,,
[1758212631661689484],8.909,-4.568,-0.955,,,
[1758212631668148494],8.95,-3.917,-1.085,,,
[1758212631673378598],8.119,-3.998,-0.381,,,
[1758212631678485681],7.769,-3.402,0.163,,,
[1758212631683569171],7.329,-3.12,0.804,,,
[1758212631688657661],6.292,-2.708,1.116,,,
[1758212631693874848],6.505,-2.799,1.846,,,
[1758212631698984171],5.449,-2.401,2.768,,,
[1758212631704136202],6.584,-3.007,3.84,,,
[1758212631709256567],6.397,-2.622,4.41,,,
[1758212631714494692],7.74,-3.785,5.392,,,
[1758212631719613754],7.709,-3.84,4.942,,,
[1758212631725141671],9.244,-4.211,5.629,,,
[1758212631730327400],8.332,-4.422,5.258,,,
[1758212631740112661],9.716,-4.913,4.638,,,
[1758212631745597713],11.744,-5.557,4.53,,,
[1758212631750708129],10.927,-5.693,3.668,,,
[1758212631755830629],12.701,-5.938,2.631,,,
[1758212631761004900],11.765,-6.115,2.016,,,
[1758212631766295838],13.355,-6.407,1.568,,,
[1758212631771435265],11.868,-5.959,1.008,,,
[1758212631776873546],12.603,-5.792,-0.031,,,
[1758212631782001046],10.748,-5.397,-0.215,,,
[1758212631787134848],10.975,-5.088,-0.491,,,
[1758212631792318702],9.711,-4.855,-0.919,,,
[1758212631797542713],9.855,-4.578,-0.939,,,
[1758212631802754327],8.612,-4.35,-1.003,,,
[1758212631808005108],8.313,-3.773,-0.797,,,
[1758212631813137973],7.47,-3.78,-0.259,,,
[1758212631818249067],7.228,-2.988,-0.105,,,
[1758212631823383806],6.596,-3.16,1.295,,,
[1758212631828494640],6.546,-2.753,2.114,,,
[1758212631834916411],6.644,-2.873,3.136,,,
[1758212631840152504],5.418,-2.897,3.448,,,
[1758212631845347817],7.458,-3.091,4.252,,,
[1758212631850453390],6.886,-3.443,4.221,,,
[1758212631855576306],8.988,-3.953,4.47,,,
[1758212631860682817],7.669,-3.783,5.073,,,
[1758212631865804692],9.905,-4.487,5.523,,,
[1758212631870920473],8.803,-4.721,5.327,,,
[1758212631876095525],11.25,-5.061,4.525,,,
[1758212631881303233],10.324,-5.136,4.458,,,
[1758212631887769900],11.959,-5.734,3.445,,,
[1758212631894174431],12.797,-6.196,2.411,,,
[1758212631899430890],11.906,-6.117,1.456,,,
[1758212631904572661],13.135,-6.261,1.008,,,
[1758212631909714275],12.028,-5.811,0.632,,,
[1758212631914844067],12.447,-5.875,0.532,,,
[1758212631919933077],10.3,-5.064,-0.096,,,
[1758212631925005994],10.942,-5.124,-0.733,,,
[1758212631930115265],9.641,-4.798,-0.855,,,
[1758212631935307244],10.099,-4.623,-1.12,,,
[1758212631940867244],8.243,-4.092,-0.85,,,
[1758212631946091515],8.887,-3.919,-0.283,,,
[1758212631951208285],6.857,-3.203,-0.287,,,
[1758212631956348442],7.59,-3.182,0.881,,,
[1758212631961450421],5.806,-3.091,1.688,,,
[1758212631966572869],6.938,-2.679,2.128,,,
[1758212631971681723],5.653,-2.569,2.945,,,
[1758212631976816463],6.965,-2.837,3.606,,,
[1758212631981924952],5.88,-2.782,4.187,,,
[1758212631987148181],8.483,-3.558,4.31,,,
[1758212631992986775],7.819,-4.022,4.925,,,
[1758212631998142140],8.741,-3.938,5.382,,,
[1758212632003262556],8.906,-4.573,5.497,,,
[1758212632008372608],9.507,-4.453,5.267,,,
[1758212632013509275],10.707,-5.229,5.198,,,
[1758212632018623077],10.659,-5.229,4.317,,,
[1758212632023737869],11.693,-5.677,3.515,,,
[1758212632028852035],11.914,-5.878,2.349,,,
[1758212632034128442],12.567,-6.29,2.32,,,
[1758212632039314379],12.462,-6.055,1.628,,,
[1758212632044507556],13.309,-6.381,0.534,,,
[1758212632051870004],11.121,-5.629,0.12,,,
[1758212632057345317],11.794,-5.047,-0.881,,,
[1758212632062562504],10.192,-5.181,-1.032,,,
[1758212632067675629],10.02,-4.513,-0.546,,,
[1758212632072856306],9.361,-4.503,-0.924,,,
[1758212632077969692],9.222,-4.053,-1.101,,,
[1758212632083084640],7.786,-3.752,-0.864,,,
[1758212632088203910],7.767,-3.259,0.036,,,
[1758212632093456879],6.847,-3.431,0.869,,,
[1758212632098941671],6.17,-2.816,1.401,,,
[1758212632104171150],6.63,-2.78,2.301,,,
[1758212632109271723],5.928,-2.591,3.187,,,
[1758212632114412035],6.565,-2.952,3.625,,,
[1758212632119514848],6.273,-3.141,4.326,,,
[1758212632124625317],7.858,-3.895,4.963,,,
[1758212632129727921],7.606,-3.721,4.604,,,
[1758212632134878702],9.234,-4.288,5.167,,,
[1758212632139982035],8.672,-4.231,5.109,,,
[1758212632145160942],10.683,-4.865,5.401,,,
[1758212632150427140],9.792,-4.997,4.685,,,
[1758212632155575890],11.564,-5.586,4.13,,,
[1758212632162004744],11.241,-5.976,3.242,,,
[1758212632167255525],12.876,-6.007,2.559,,,
[1758212632172466358],11.856,-6.065,2.207,,,
[1758212632177584587],13.309,-6.0,0.943,,,
[1758212632182766150],12.22,-6.05,0.883,,,
[1758212632187884431],11.885,-5.468,0.141,,,
[1758212632193122452],10.783,-5.318,-0.144,,,
[1758212632198275369],10.853,-4.939,-0.857,,,
[1758212632203466410],9.91,-5.013,-0.711,,,
[1758212632209052869],8.897,-4.465,-1.393,,,
[1758212632214191046],8.971,-4.185,-1.156,,,
[1758212632219295004],7.654,-3.654,-1.195,,,
[1758212632224433442],7.934,-3.699,0.587,,,
[1758212632229538025],6.347,-2.95,1.279,,,
[1758212632234647869],7.013,-2.95,1.944,,,
[1758212632239786983],5.765,-2.641,1.915,,,
[1758212632245072087],7.022,-2.931,3.17,,,
[1758212632250203233],5.598,-2.622,3.618,,,
[1758212632255411515],7.398,-3.067,3.888,,,
[1758212632260525265],6.821,-3.797,4.025,,,
[1758212632265667087],8.894,-3.879,4.336,,,
[1758212632271202244],7.786,-3.984,4.846,,,
[1758212632276356931],9.761,-4.583,5.375,,,
[1758212632281461879],9.16,-4.628,5.531,,,
[1758212632286594275],11.092,-5.116,4.915,,,
[1758212632291767192],10.307,-5.073,4.606,,,
[1758212632296994535],12.328,-5.861,3.575,,,
[1758212632302096098],11.803,-5.997,2.48,,,
[1758212632307255369],12.955,-6.182,2.143,,,
[1758212632312443285],12.328,-6.266,1.099,,,
[1758212632318045525],12.953,-5.895,0.608,,,
[1758212632323202660],12.203,-5.933,0.208,,,
[1758212632328293442],10.886,-5.21,-0.242,,,
[1758212632333444796],10.333,-5.08,-0.352,,,
[1758212632338568181],10.259,-4.719,-0.757,,,
[1758212632343774275],9.637,-4.709,-1.262,,,
[1758212632348873285],9.024,-4.073,-1.07,,,
[1758212632354021723],8.432,-4.073,-0.522,,,
[1758212632359160004],7.858,-3.266,-0.342,,,
[1758212632364329796],7.676,-3.462,0.512,,,
[1758212632369424171],6.12,-3.019,1.25,,,
[1758212632374565629],6.632,-3.014,2.004,,,
[1758212632380028181],5.768,-2.672,2.78,,,
[1758212632385178337],6.445,-2.787,3.39,,,
[1758212632390292452],5.734,-2.84,3.469,,,
[1758212632395514119],8.222,-3.649,4.29,,,
[1758212632400619171],7.458,-3.694,4.891,,,
[1758212632405733077],9.136,-4.185,5.028,,,
[1758212632410826306],8.171,-4.276,4.82,,,
[1758212632415971202],10.295,-4.729,5.198,,,
[1758212632421108494],9.491,-4.98,4.915,,,
[1758212632426616358],11.231,-5.272,4.312,,,
[1758212632431744431],10.592,-5.416,3.814,,,
[1758212632436880264],12.56,-5.825,2.693,,,
[1758212632441984223],11.511,-5.899,2.595,,,
[1758212632447188181],12.967,-6.172,1.487,,,
[1758212632452337973],12.036,-6.33,0.785,,,
[1758212632457467817],12.5,-5.978,0.373,,,
[1758212632462659171],11.37,-5.655,0.266,,,
[1758212632467896514],11.157,-5.042,-0.285,,,
[1758212632473104379],10.025,-4.954,-0.508,,,
[1758212632478215004],10.345,-4.726,-0.84,,,
[1758212632483905264],8.995,-4.446,-0.826,,,
[1758212632489170212],8.523,-3.876,-0.654,,,
[1758212632494450264],7.961,-3.79,-0.108,,,
[1758212632499570994],6.51,-3.249,-0.055,,,
[1758212632504689067],7.585,-3.139,1.233,,,
[1758212632509815994],5.725,-2.904,1.587,,,
[1758212632514962452],6.677,-2.871,2.54,,,
[1758212632520058285],5.406,-2.6,3.191,,,
[1758212632525204223],6.95,-3.053,3.491,,,
[1758212632533795837],7.903,-3.773,4.228,,,
[1758212632540196775],7.614,-3.797,4.999,,,
[1758212632545438702],9.117,-4.274,5.744,,,
[1758212632550544223],8.483,-4.254,5.289,,,
[1758212632555679796],10.738,-4.731,4.714,,,
[1758212632560769744],10.046,-4.963,4.436,,,
[1758212632565856150],11.753,-5.655,4.396,,,
[1758212632571051462],10.87,-5.751,3.694,,,
[1758212632576231983],13.118,-6.373,2.413,,,
[1758212632581351827],11.471,-6.026,2.121,,,
[1758212632586552400],13.396,-6.235,1.595,,,
[1758212632592245525],12.028,-6.026,0.682,,,
[1758212632597447608],12.457,-5.787,-0.297,,,
[1758212632602678389],10.487,-5.289,-0.606,,,
[1758212632607845473],10.499,-4.911,-0.481,,,
[1758212632612940941],9.536,-4.855,-0.388,,,
[1758212632618038337],9.692,-4.403,-1.13,,,
[1758212632623183441],8.689,-4.288,-0.778,,,
[1758212632628299171],8.224,-3.795,-0.539,,,
[1758212632634219171],7.592,-3.529,0.026,,,
[1758212632639433233],6.292,-3.036,0.886,,,
[1758212632644585473],6.759,-2.981,1.805,,,
[1758212632649729848],6.103,-2.557,2.167,,,
[1758212632654892608],6.711,-2.811,3.364,,,
[1758212632659975004],5.466,-2.775,3.239,,,
[1758212632665052556],7.599,-3.256,3.989,,,
[1758212632670575108],7.104,-3.56,4.578,,,
[1758212632677354431],9.026,-4.106,5.203,,,
[1758212632683994275],8.715,-4.379,5.442,,,
[1758212632690474327],9.088,-4.472,5.021,,,
[1758212632696237869],11.006,-5.004,4.884,,,
[1758212632701547764],10.319,-5.404,4.762,,,
[1758212632706665369],12.498,-5.892,3.543,,,
[1758212632711753650],11.375,-5.954,2.674,,,
[1758212632716885160],13.185,-6.357,2.152,,,
[1758212632721961931],12.203,-6.232,1.173,,,
[1758212632727069639],13.309,-6.251,0.524,,,
[1758212632732253754],11.717,-5.954,-0.038,,,
[1758212632737854796],11.665,-5.284,-0.584,,,
[1758212632743471306],10.467,-5.085,-0.388,,,
[1758212632748592400],9.967,-4.585,-0.831,,,
[1758212632753739014],9.301,-4.563,-1.219,,,
[1758212632758839223],9.153,-3.974,-1.223,,,
[1758212632763942660],8.191,-3.857,-0.565,,,
[1758212632769040108],7.652,-3.378,-0.215,,,
[1758212632774186514],7.614,-3.318,1.025,,,
[1758212632779545577],6.177,-2.801,1.156,,,
[1758212632784923129],6.524,-2.921,2.389,,,
[1758212632790033181],5.737,-2.624,3.132,,,
[1758212632795239066],6.891,-2.768,3.515,,,
[1758212632800360889],6.098,-2.82,3.462,,,
[1758212632805449014],8.068,-3.555,4.142,,,
[1758212632812939379],7.803,-3.864,4.786,,,
[1758212632818417452],8.751,-3.912,5.351,,,
[1758212632823523598],9.354,-4.662,5.296,,,
[1758212632828615681],10.001,-4.551,4.767,,,
[1758212632833762816],10.511,-5.205,4.865,,,
[1758212632838869379],11.202,-5.265,4.24,,,
[1758212632844028754],11.791,-5.923,3.275,,,
[1758212632850228598],11.59,-6.009,2.713,,,
[1758212632856587608],13.271,-6.364,1.973,,,
[1758212632862203337],11.789,-6.132,1.207,,,
[1758212632867352035],12.656,-5.89,0.508,,,
[1758212632872506306],11.193,-5.638,-0.081,,,
[1758212632877645108],11.143,-5.049,-0.323,,,
[1758212632882807243],10.072,-5.033,-0.972,,,
[1758212632887922816],10.257,-4.683,-1.049,,,
[1758212632893197660],8.595,-4.147,-1.046,,,
[1758212632898361983],9.12,-3.893,-0.79,,,
[1758212632903558441],7.819,-3.701,-0.4,,,
[1758212632908676514],7.166,-2.945,0.045,,,
[1758212632913810108],6.606,-3.242,0.797,,,
[1758212632919317296],6.294,-2.684,1.81,,,
[1758212632924424796],7.013,-2.777,2.583,,,
[1758212632929517504],5.598,-2.629,2.818,,,
[1758212632934648441],7.082,-3.199,3.539,,,
[1758212632939769327],6.531,-3.5,4.436,,,
[1758212632944958181],8.377,-3.922,4.597,,,
[1758212632950054118],7.922,-3.778,4.803,,,
[1758212632955230577],9.323,-4.262,5.641,,,
[1758212632960413337],8.509,-4.281,5.334,,,
[1758212632965533337],10.934,-4.915,5.085,,,
[1758212632971037660],9.955,-4.906,4.068,,,
[1758212632976172191],11.942,-5.564,4.044,,,
[1758212632981339379],10.951,-5.578,3.002,,,
[1758212632986474535],12.967,-6.199,1.999,,,
[1758212632991650525],11.703,-6.213,1.832,,,
[1758212632996918233],13.348,-6.227,0.972,,,
[1758212633002042504],11.976,-6.072,0.661,,,
[1758212633007185056],12.507,-5.746,-0.031,,,
[1758212633012400577],10.326,-5.265,-0.431,,,
[1758212633017611827],11.229,-4.882,-0.417,,,
[1758212633022790681],9.476,-4.908,-0.311,,,
[1758212633028381775],9.589,-4.314,-0.864,,,
[1758212633033552400],8.478,-4.164,-0.663,,,
[1758212633038675420],8.437,-3.644,-0.802,,,
[1758212633043876879],7.599,-3.558,0.01,,,
[1758212633048983025],6.656,-2.945,0.67,,,
[1758212633054078910],6.565,-3.019,1.53,,,
[1758212633059168962],5.868,-2.562,2.294,,,
[1758212633064310056],6.325,-2.782,3.373,,,
[1758212633069431775],5.737,-2.614,3.725,,,
[1758212633074639379],6.898,-3.175,4.384,,,
[1758212633081442295],7.072,-3.757,4.642,,,
[1758212633086701775],9.045,-3.977,4.899,,,
[1758212633091816723],7.901,-4.19,5.495,,,
[1758212633096973702],10.008,-4.786,5.619,,,
[1758212633102102295],9.33,-4.709,5.047,,,
[1758212633107230629],11.349,-4.944,4.63,,,
[1758212633112355160],10.762,-5.401,4.087,,,
[1758212633117444379],12.129,-5.799,2.935,,,
[1758212633122621775],11.76,-5.911,2.44,,,
[1758212633127888598],13.156,-5.988,1.803,,,
[1758212633133438233],12.584,-6.179,1.176,,,
[1758212633138635056],12.756,-5.976,0.421,,,
[1758212633143791045],11.655,-5.789,0.632,,,
[1758212633148904170],11.2,-5.152,-0.802,,,
[1758212633154074223],10.76,-5.088,-0.984,,,
[1758212633159214275],9.622,-4.731,-1.025,,,
[1758212633164301566],9.481,-4.487,-0.982,,,
[1758212633169407191],8.241,-3.845,-1.085,,,
[1758212633174602608],8.135,-3.898,-0.251,,,
[1758212633179831462],7.499,-3.273,-0.007,,,
[1758212633185310681],7.357,-3.297,0.95,,,
[1758212633190513493],5.701,-2.782,1.609,,,
[1758212633195734431],6.993,-3.038,2.49,,,
[1758212633200843129],5.418,-2.602,2.866,,,
[1758212633205951254],6.907,-3.168,3.618,,,
[1758212633211035941],6.093,-3.084,4.132,,,
[1758212633216158493],8.394,-3.658,4.25,,,
[1758212633221263806],7.671,-3.615,4.764,,,
[1758212633226425160],9.328,-4.288,4.858,,,
[1758212633231611670],8.416,-4.211,5.277,,,
[1758212633236746358],10.525,-4.848,5.507,,,
[1758212633242289952],10.125,-5.047,5.397,,,
[1758212633247487764],11.624,-5.499,4.954,,,
[1758212633252673389],11.399,-5.715,3.905,,,
[1758212633257797087],12.577,-5.926,2.658,,,
[1758212633262954952],11.827,-6.27,2.207,,,
[1758212633268039170],13.139,-6.036,1.355,,,
[1758212633273193545],11.966,-6.218,1.037,,,
[1758212633278302504],12.639,-5.555,0.247,,,
[1758212633283486254],11.128,-5.523,-0.113,,,
[1758212633288730941],10.683,-4.827,-0.9,,,
[1758212633294299743],10.036,-5.183,-0.735,,,
[1758212633299467608],9.036,-4.611,-1.319,,,
[1758212633304578806],9.263,-4.52,-0.618,,,
[1758212633309715577],7.652,-3.551,-0.742,,,
[1758212633314853754],8.138,-3.728,-0.302,,,
[1758212633319954275],6.366,-3.062,-0.014,,,
[1758212633325070681],7.039,-3.168,1.75,,,
[1758212633330158025],5.737,-2.593,2.105,,,
[1758212633335303806],6.457,-2.931,2.765,,,
[1758212633340481931],5.538,-2.847,3.11,,,
[1758212633345667608],7.484,-3.203,4.063,,,
[1758212633352272868],6.742,-3.601,4.561,,,
[1758212633357669014],8.708,-3.862,4.47,,,
[1758212633362846202],8.373,-4.039,5.205,,,
[1758212633367923389],9.639,-4.298,5.696,,,
[1758212633373060629],9.237,-4.999,5.25,,,
[1758212633378173493],10.568,-4.793,4.697,,,
[1758212633383301879],10.135,-5.073,4.14,,,
[1758212633388422556],12.079,-5.59,3.677,,,
[1758212633393688962],11.995,-6.029,2.816,,,
[1758212633399009379],12.186,-5.897,2.274,,,
[1758212633404235837],12.981,-6.304,1.63,,,
[1758212633409350108],12.419,-5.873,0.249,,,
[1758212633414494743],12.347,-6.072,0.124,,,
[1758212633419617556],11.593,-5.217,0.103,,,
[1758212633424717764],11.337,-5.195,-0.026,,,
[1758212633429836254],9.708,-4.676,-0.852,,,
[1758212633435005056],10.25,-4.544,-1.312,,,
[1758212633440136775],8.298,-4.259,-1.664,,,
[1758212633445355004],8.88,-4.085,-0.543,,,
[1758212633450468858],7.123,-3.546,-0.479,,,
[1758212633459473493],6.725,-2.933,1.276,,,
[1758212633465776514],6.993,-2.95,2.313,,,
[1758212633470987868],5.267,-2.732,2.602,,,
[1758212633476078962],6.783,-2.811,3.275,,,
[1758212633481192139],5.679,-2.799,4.034,,,
[1758212633486327347],7.733,-3.385,4.444,,,
[1758212633491416566],6.998,-3.567,5.001,,,
[1758212633496575160],9.134,-4.168,4.894,,,
[1758212633501716566],7.879,-4.278,5.473,,,
[1758212633508967920],9.749,-4.53,5.133,,,
[1758212633514154952],10.712,-5.124,4.791,,,
[1758212633519407920],10.712,-5.16,4.104,,,
[1758212633524515629],11.772,-5.911,3.816,,,
[1758212633529604899],11.894,-5.6,2.847,,,
[1758212633534739587],12.457,-6.191,2.207,,,
[1758212633539856462],12.263,-5.99,1.271,,,
[1758212633545031827],13.329,-6.256,0.883,,,
[1758212633550150316],11.545,-5.904,0.067,,,
[1758212633555328649],12.194,-5.804,0.187,,,
[1758212633560546774],10.135,-5.133,-0.453,,,
[1758212633566077243],10.922,-5.042,-0.974,,,
[1758212633571216202],8.712,-4.496,-1.01,,,
[1758212633576308441],9.74,-4.405,-0.792,,,
[1758212633581421566],7.463,-3.759,-0.467,,,
[1758212633586573597],8.358,-3.929,-0.168,,,
[1758212633591661618],6.088,-3.098,0.62,,,
[1758212633596842139],7.468,-3.187,1.025,,,
[1758212633601935837],5.6,-2.662,1.63,,,
[1758212633607095941],6.752,-2.545,2.265,,,
[1758212633612405316],5.48,-2.792,3.311,,,
[1758212633618176462],7.123,-2.763,3.807,,,
[1758212633623297243],7.223,-3.515,4.702,,,
[1758212633628390889],8.298,-3.807,4.709,,,
[1758212633633527504],8.26,-4.005,4.836,,,
[1758212633638642504],9.127,-4.12,4.982,,,
[1758212633643810420],9.373,-4.594,5.875,,,
[1758212633648911045],10.058,-4.65,4.654,,,
[1758212633654060993],10.697,-5.32,4.372,,,
[1758212633659275212],11.121,-5.531,3.821,,,
[1758212633664425368],12.167,-5.921,3.086,,,
[1758212633669540212],11.916,-5.935,1.97,,,
[1758212633676922712],13.269,-6.203,1.286,,,
[1758212633682310264],11.605,-6.134,0.527,,,
[1758212633687454274],12.819,-5.866,-0.069,,,
[1758212633692697191],10.645,-5.243,-0.268,,,
[1758212633697881254],11.231,-5.025,-1.053,,,
[1758212633703028701],9.754,-4.908,-1.302,,,
[1758212633708147920],9.962,-4.611,-0.843,,,
[1758212633713306566],8.593,-4.427,-0.946,,,
[1758212633718442295],8.284,-3.883,-0.766,,,
[1758212633724920004],8.181,-3.831,-0.175,,,
[1758212633730151983],6.689,-3.091,0.917,,,
[1758212633735293858],6.826,-3.093,2.069,,,
[1758212633740416149],5.911,-2.593,2.239,,,
[1758212633745622295],6.639,-2.744,2.986,,,
[1758212633750709743],5.547,-2.717,3.57,,,
[1758212633755807451],7.424,-3.129,4.025,,,
[1758212633760952816],6.764,-3.397,3.926,,,
[1758212633766115889],9.091,-4.015,4.436,,,
[1758212633771264170],7.949,-4.118,5.26,,,
[1758212633776365316],9.816,-4.444,5.375,,,
[1758212633781820837],9.112,-4.626,5.435,,,
[1758212633786966514],11.054,-5.004,5.071,,,
[1758212633792086879],10.104,-5.109,4.355,,,
[1758212633797339899],12.131,-5.588,3.926,,,
[1758212633802541358],10.884,-5.947,2.907,,,
[1758212633807651462],12.62,-6.053,2.143,,,
[1758212633812838597],12.115,-6.189,1.528,,,
[1758212633817951201],12.845,-6.249,0.223,,,
[1758212633823180733],11.863,-5.837,0.522,,,
[1758212633828324118],11.878,-5.641,-0.225,,,
[1758212633834850524],11.052,-5.212,-0.522,,,
[1758212633840109014],9.527,-4.798,-0.996,,,
[1758212633845319170],9.914,-4.736,-1.393,,,
[1758212633850426983],8.418,-4.427,-1.178,,,
[1758212633855563441],8.806,-3.864,-0.632,,,
[1758212633860677504],7.082,-3.438,-0.261,,,
[1758212633865792660],7.896,-3.244,0.826,,,
[1758212633870960629],5.787,-3.029,1.539,,,
[1758212633876168597],7.161,-3.048,2.234,,,
[1758212633881373754],5.452,-2.636,3.129,,,
[1758212633886468962],6.991,-2.892,3.431,,,
[1758212633892072868],5.938,-2.947,3.85,,,
[1758212633897261514],8.155,-3.632,4.264,,,
[1758212633902479639],7.333,-3.761,4.745,,,
[1758212633907619066],9.153,-3.926,4.803,,,
[1758212633912758076],8.301,-4.319,5.377,,,
[1758212633917902972],10.319,-4.609,5.392,,,
[1758212633923025056],10.156,-5.097,5.327,,,
[1758212633928132764],11.004,-5.059,4.642,,,
[1758212633933317660],11.1,-5.648,3.929,,,
[1758212633938550889],12.208,-5.835,2.643,,,
[1758212633944060160],12.397,-6.251,2.521,,,
[1758212633949179274],12.61,-6.045,1.276,,,
[1758212633954325993],12.553,-6.333,0.972,,,
[1758212633959442347],12.4,-5.823,0.251,,,
[1758212633964595524],11.899,-5.691,-0.053,,,
[1758212633969729899],10.755,-5.006,-0.508,,,
[1758212633974970316],10.839,-4.985,-0.239,,,
[1758212633980254483],9.191,-4.693,-1.202,,,
[1758212633985404899],9.761,-4.748,-1.128,,,
[1758212633990548128],8.021,-3.934,-0.883,,,
[1758212633995809795],8.559,-3.589,-0.464,,,
[1758212634001270837],6.294,-3.189,0.062,,,
[1758212634006413181],7.377,-3.16,1.417,,,
[1758212634011576878],5.42,-2.703,2.143,,,
[1758212634016756514],6.864,-2.789,2.569,,,
[1758212634021977347],5.076,-2.665,3.261,,,
[1758212634027088649],7.075,-2.899,4.02,,,
[1758212634032220264],6.644,-3.304,4.623,,,
[1758212634037342503],8.739,-3.553,4.7,,,
[1758212634042605160],7.752,-3.883,4.752,,,
[1758212634047751097],9.957,-4.027,5.315,,,
[1758212634053330420],9.39,-4.64,5.516,,,
[1758212634058518753],10.408,-4.884,4.772,,,
[1758212634063776253],10.836,-5.286,4.575,,,
[1758212634068878910],11.349,-5.212,3.85,,,
[1758212634074015316],11.619,-5.911,2.909,,,
[1758212634079143545],12.273,-5.806,2.054,,,
[1758212634084271931],12.785,-6.452,2.006,,,
[1758212634089380368],12.285,-6.081,0.876,,,
[1758212634094587139],12.797,-6.436,0.512,,,
[1758212634099727295],11.449,-5.296,0.124,,,
[1758212634104973024],11.126,-5.514,-0.012,,,
[1758212634111435003],9.28,-4.925,-0.536,,,
[1758212634116714222],10.206,-4.887,-0.974,,,
[1758212634121805889],8.289,-4.199,-1.463,,,
[1758212634126891253],9.294,-4.231,-1.219,,,
[1758212634131994587],6.847,-3.598,-0.151,,,
[1758212634137141462],7.956,-3.508,0.187,,,
[1758212634142319639],5.871,-3.112,1.082,,,
[1758212634147505889],6.859,-2.871,1.882,,,
[1758212634152732555],5.387,-2.741,2.571,,,
[1758212634157931097],6.773,-2.674,3.148,,,
[1758212634163403701],5.686,-2.976,3.656,,,
[1758212634168580941],7.353,-3.227,4.281,,,
[1758212634173692816],7.889,-3.931,4.82,,,
[1758212634178767868],8.485,-3.752,4.69,,,
[1758212634183903389],8.823,-4.209,5.37,,,
[1758212634189013858],9.517,-4.243,5.138,,,
[1758212634194206514],9.886,-5.057,5.313,,,
[1758212634199364222],10.649,-4.97,4.417,,,
[1758212634204567764],11.066,-5.729,3.771,,,
[1758212634209767868],11.643,-5.792,2.981,,,
[1758212634214882243],12.682,-6.06,2.595,,,
[1758212634221376045],11.691,-6.069,1.633,,,
[1758212634226589274],13.3,-6.211,0.883,,,
[1758212634231704014],11.787,-5.715,0.031,,,
[1758212634236853910],12.198,-5.643,0.105,,,
[1758212634242015837],9.895,-4.98,-0.848,,,
[1758212634247284326],10.927,-4.992,-0.816,,,
[1758212634252476566],9.038,-4.695,-0.903,,,
[1758212634257630316],10.008,-4.401,-1.185,,,
[1758212634262854899],7.889,-3.996,-0.982,,,
[1758212634268182191],8.373,-3.656,-0.22,,,
[1758212634273351983],6.701,-3.46,0.462,,,
[1758212634278501201],7.171,-3.033,1.267,,,
[1758212634283649691],5.729,-2.856,2.306,,,
[1758212634288761722],6.045,-2.516,2.761,,,
[1758212634293919639],6.108,-2.844,3.388,,,
[1758212634301468545],5.952,-2.904,3.323,,,
[1758212634306819899],8.188,-3.771,4.757,,,
[1758212634311917660],7.563,-3.852,4.891,,,
[1758212634317023597],8.868,-4.099,5.021,,,
[1758212634322193389],8.341,-4.192,5.818,,,
[1758212634327667503],10.312,-4.695,5.37,,,
[1758212634332842191],9.577,-5.085,5.128,,,
[1758212634337963076],11.547,-5.109,5.169,,,
[1758212634343231045],11.284,-5.758,4.075,,,
[1758212634348500680],12.165,-6.045,2.593,,,
[1758212634353680524],11.741,-6.225,2.373,,,
[1758212634358885524],13.027,-6.031,1.269,,,
[1758212634364032295],12.723,-6.321,0.852,,,
[1758212634369161722],12.342,-5.679,0.168,,,
[1758212634374611410],11.375,-5.624,-0.026,,,
[1758212634379756045],10.458,-4.848,-0.613,,,
[1758212634384927972],10.372,-5.222,-0.895,,,
[1758212634390182607],8.882,-4.563,-1.281,,,
[1758212634395415316],9.802,-4.587,-1.094,,,
[1758212634400542868],7.93,-3.723,-0.979,,,
[1758212634405718337],8.313,-3.819,-0.038,,,
[1758212634410834691],6.591,-3.203,0.512,,,
[1758212634415963024],7.403,-3.112,1.741,,,
[1758212634421066930],5.784,-2.698,2.181,,,
[1758212634426222816],6.622,-2.806,3.045,,,
[1758212634431425837],5.289,-2.756,3.132,,,
[1758212634437901982],6.931,-2.931,3.847,,,
[1758212634444204587],7.788,-3.742,4.465,,,
[1758212634449405420],8.102,-3.697,4.745,,,
[1758212634454578597],8.957,-4.113,5.413,,,
[1758212634459730576],8.995,-3.996,5.397,,,
[1758212634464887035],10.005,-4.791,5.073,,,
[1758212634469991357],10.386,-4.98,4.848,,,
[1758212634475091514],11.138,-5.531,4.571,,,
[1758212634481289274],11.03,-5.662,3.443,,,
[1758212634487618024],12.713,-5.986,2.643,,,
[1758212634494168545],12.299,-6.369,1.405,,,
[1758212634500600160],11.815,-6.074,0.472,,,
[1758212634505869118],12.771,-5.986,0.271,,,
[1758212634511005472],10.867,-5.435,-0.812,,,
[1758212634516170628],11.25,-5.033,-1.173,,,
[1758212634521296618],9.799,-4.793,-1.233,,,
[1758212634526443701],10.29,-4.899,-0.826,,,
[1758212634531566253],7.918,-4.142,-0.488,,,
[1758212634536697607],8.835,-3.965,-0.644,,,
[1758212634543335680],7.068,-3.493,0.053,,,
[1758212634548852087],7.072,-3.096,0.642,,,
[1758212634554018493],6.412,-2.938,1.597,,,
[1758212634559129691],6.369,-2.713,1.875,,,
[1758212634564252243],5.983,-2.998,3.213,,,
[1758212634569359534],6.29,-2.452,3.965,,,
[1758212634574470420],6.907,-3.144,3.929,,,
[1758212634579562920],7.456,-3.316,4.199,,,
[1758212634584702555],8.468,-3.879,5.114,,,
[1758212634589921566],8.162,-3.831,5.176,,,
[1758212634595128701],9.452,-4.424,5.636,,,
[1758212634600221201],9.392,-4.566,5.04,,,
[1758212634605812139],11.167,-5.095,5.035,,,
[1758212634610980316],10.487,-5.246,4.559,,,
[1758212634616086357],12.428,-5.904,3.984,,,
[1758212634621202087],11.339,-6.091,2.619,,,
[1758212634626360524],13.233,-6.275,2.114,,,
[1758212634631482712],11.916,-6.141,1.808,,,
[1758212634636636878],13.204,-6.359,1.065,,,
[1758212634641752087],11.322,-5.823,0.141,,,
[1758212634646988805],11.993,-5.531,0.148,,,
[1758212634653747399],10.386,-5.028,-0.663,,,
[1758212634658999482],9.852,-4.738,-0.845,,,
[1758212634664104847],9.39,-4.805,-1.334,,,
[1758212634669195732],9.21,-4.154,-1.101,,,
[1758212634674349534],8.207,-4.025,-0.52,,,
[1758212634679473753],7.891,-3.457,-0.749,,,
[1758212634684591462],6.905,-3.309,0.587,,,
[1758212634689734899],6.694,-2.665,1.202,,,
[1758212634694982191],6.61,-2.928,2.021,,,
[1758212634700172399],5.389,-2.641,2.705,,,
[1758212634705318337],6.483,-2.729,3.632,,,
[1758212634711861253],6.043,-3.069,4.324,,,
[1758212634718236045],8.305,-3.766,4.8,,,
[1758212634723458597],7.858,-3.982,4.932,,,
[1758212634728570107],9.285,-3.895,5.217,,,
[1758212634733728857],8.904,-4.776,5.583,,,
[1758212634738845472],9.91,-4.683,5.346,,,
[1758212634744057503],10.606,-5.351,4.863,,,
[1758212634749191201],11.25,-5.502,4.441,,,
[1758212634754353024],11.717,-5.909,3.163,,,
[1758212634759796566],12.112,-5.856,1.975,,,
[1758212634765012034],13.003,-6.455,2.052,,,
[1758212634770120889],11.863,-6.017,1.188,,,
[1758212634775270576],13.063,-6.4,1.092,,,
[1758212634780386982],11.454,-5.624,0.235,,,
[1758212634785515524],11.42,-5.375,-0.397,,,
[1758212634790648597],10.262,-5.092,-0.833,,,
[1758212634795887659],10.53,-4.944,-0.73,,,
[1758212634801109430],8.607,-4.429,-1.252,,,
[1758212634806350889],9.553,-4.31,-0.97,,,
[1758212634811451149],7.209,-3.685,-0.749,,,
[1758212634817256045],8.219,-3.496,-0.12,,,
[1758212634822415836],6.163,-3.132,0.606,,,
[1758212634827504274],7.116,-3.144,1.367,,,
[1758212634832684639],5.404,-2.758,2.571,,,
[1758212634837830107],6.594,-2.691,3.002,,,
[1758212634842995524],5.466,-2.873,3.771,,,
[1758212634848079170],7.159,-2.935,3.876,,,
[1758212634853310472],6.984,-3.555,4.547,,,
[1758212634858524430],8.612,-3.783,5.028,,,
[1758212634863765368],8.164,-4.113,5.205,,,
[1758212634869172503],8.938,-4.207,5.507,,,
[1758212634874323024],10.104,-4.736,5.322,,,
[1758212634879435003],10.355,-4.92,4.865,,,
[1758212634884514170],11.164,-5.569,4.307,,,
[1758212634889620368],11.983,-5.648,3.139,,,
[1758212634894840732],12.349,-6.208,2.492,,,
[1758212634899993649],12.273,-6.067,1.518,,,
[1758212634905241514],13.175,-6.285,1.085,,,
[1758212634910346722],11.775,-5.88,0.414,,,
[1758212634915452868],12.637,-5.849,0.5,,,
[1758212634920566722],10.534,-5.229,0.187,,,
[1758212634926040107],11.267,-5.224,-0.457,,,
[1758212634931160316],9.529,-4.736,-0.9,,,
[1758212634936264847],10.408,-4.745,-0.982,,,
[1758212634941422503],8.102,-4.247,-1.073,,,
[1758212634946734639],9.06,-4.065,-0.611,,,
[1758212634951831670],6.859,-3.462,-0.156,,,
[1758212634956936722],7.798,-3.414,0.175,,,
[1758212634962030316],5.921,-2.998,1.444,,,
[1758212634967192191],7.195,-2.741,2.452,,,
[1758212634972344482],5.432,-2.571,3.153,,,
[1758212634977767659],6.984,-2.823,3.371,,,
[1758212634983222607],6.242,-2.77,3.886,,,
[1758212634989805316],7.508,-3.46,4.379,,,
[1758212634995220003],8.279,-3.876,4.968,,,
[1758212635000452086],8.289,-4.01,5.03,,,
[1758212635005625107],9.876,-4.532,5.351,,,
[1758212635010731722],9.34,-4.633,5.119,,,
[1758212635015847816],10.946,-5.217,5.229,,,
[1758212635020990420],10.168,-5.375,4.513,,,
[1758212635026176670],12.462,-5.88,3.151,,,
[1758212635032482711],11.404,-6.148,2.521,,,
[1758212635038888961],12.677,-6.05,1.8,,,
[1758212635044373597],12.498,-6.165,1.183,,,
[1758212635049519691],12.708,-5.827,0.474,,,
[1758212635054634586],11.928,-5.634,0.089,,,
[1758212635059773024],10.475,-4.939,-0.831,,,
[1758212635064915576],10.719,-5.018,-0.852,,,
[1758212635070019795],9.51,-4.46,-1.013,,,
[1758212635075132659],9.656,-4.535,-1.267,,,
[1758212635080265316],8.332,-3.943,-0.771,,,
[1758212635085932347],8.617,-3.929,-0.163,,,
[1758212635091097399],6.567,-3.144,-0.342,,,
[1758212635096287243],7.511,-3.419,1.022,,,
[1758212635101444691],5.811,-2.808,1.82,,,
[1758212635106593493],6.943,-2.729,2.547,,,
[1758212635111698388],5.581,-2.626,3.146,,,
[1758212635116806357],7.207,-3.024,3.63,,,
[1758212635121894222],6.029,-3.041,4.087,,,
[1758212635127087555],8.475,-3.926,4.724,,,
[1758212635132411618],7.451,-3.804,5.076,,,
[1758212635137938753],9.373,-4.092,5.528,,,
[1758212635143140836],8.997,-4.547,5.301,,,
[1758212635148244534],10.561,-4.628,4.97,,,
[1758212635153376826],10.185,-5.32,4.949,,,
[1758212635158494951],11.389,-5.413,4.029,,,
[1758212635163601045],11.234,-5.636,3.469,,,
[1758212635168702868],12.665,-5.883,2.492,,,
[1758212635173855368],11.866,-6.215,1.99,,,
[1758212635179011513],12.675,-6.033,1.362,,,
[1758212635184219743],12.526,-6.053,0.656,,,
[1758212635189349118],12.04,-5.564,0.165,,,
[1758212635195011670],11.351,-5.437,-0.079,,,
[1758212635200157086],10.075,-4.786,-1.037,,,
[1758212635205295680],10.523,-4.994,-1.07,,,
[1758212635210411461],8.794,-4.64,-1.233,,,
[1758212635215599118],9.117,-4.422,-0.924,,,
[1758212635220740888],7.573,-3.816,-0.704,,,
[1758212635225870159],8.104,-3.627,0.232,,,
[1758212635231020472],6.56,-3.117,0.807,,,
[1758212635236279222],7.417,-3.057,1.822,,,
[1758212635241400315],5.629,-2.48,2.145,,,
[1758212635248087763],6.785,-2.686,3.194,,,
[1758212635254163805],6.553,-3.06,4.326,,,
[1758212635259336878],6.881,-3.127,4.192,,,
[1758212635264468076],7.867,-3.831,4.645,,,
[1758212635269568961],8.001,-3.745,4.757,,,
[1758212635274670888],8.689,-4.288,4.906,,,
[1758212635279787347],9.246,-4.214,4.992,,,
[1758212635284925159],10.001,-5.006,4.889,,,
[1758212635290077711],10.448,-5.04,4.587,,,
[1758212635295865003],11.88,-5.657,4.501,,,
[1758212635301148857],11.377,-5.782,3.378,,,
[1758212635306297034],13.053,-6.246,2.77,,,
[1758212635311411461],11.947,-6.021,1.788,,,
[1758212635316552815],13.499,-6.39,1.156,,,
[1758212635321669586],11.806,-6.0,0.316,,,
[1758212635326811461],12.627,-5.849,0.026,,,
[1758212635331934118],10.223,-4.925,-0.783,,,
[1758212635337126618],11.238,-5.023,-0.958,,,
[1758212635342414065],9.088,-4.757,-0.742,,,
[1758212635347606357],10.027,-4.48,-1.25,,,
[1758212635353230576],8.205,-4.113,-0.9,,,
[1758212635358366201],8.135,-3.579,-0.644,,,
[1758212635363571982],7.001,-3.493,0.287,,,
[1758212635368721409],7.12,-2.945,0.639,,,
[1758212635373872868],6.007,-2.828,1.721,,,
[1758212635379009430],6.725,-2.471,2.373,,,
[1758212635384117243],5.543,-2.808,2.84,,,
[1758212635389230836],6.51,-2.538,3.218,,,
[1758212635394622034],7.151,-3.4,4.008,,,
[1758212635400143180],7.587,-3.302,4.585,,,
[1758212635405318232],8.681,-4.063,4.645,,,
[1758212635410437034],8.693,-4.005,4.999,,,
[1758212635415627138],9.663,-4.776,5.435,,,
[1758212635420743701],9.479,-4.465,4.671,,,
[1758212635425838805],11.224,-5.358,5.255,,,
[1758212635434467034],11.092,-5.974,3.378,,,
[1758212635439641201],11.827,-5.923,2.476,,,
[1758212635444929065],12.495,-6.345,2.181,,,
[1758212635450047972],12.763,-5.997,1.298,,,
[1758212635455188701],12.967,-6.366,0.74,,,
[1758212635460641149],11.578,-5.801,-0.053,,,
[1758212635465816253],11.988,-5.571,-0.204,,,
[1758212635470957503],9.878,-4.805,-0.608,,,
[1758212635476080263],10.855,-4.908,-0.637,,,
[1758212635481217138],8.914,-4.719,-0.769,,,
[1758212635486468388],9.388,-4.334,-0.977,,,
[1758212635491578336],7.693,-3.745,-1.08,,,
[1758212635496747190],8.464,-3.814,-0.498,,,
[1758212635501878180],6.242,-3.108,-0.168,,,
[1758212635507428701],7.389,-3.177,1.465,,,
[1758212635512631774],5.586,-2.61,2.255,,,
[1758212635517727815],6.644,-2.658,2.48,,,
[1758212635522918076],5.648,-2.636,3.096,,,
[1758212635528087659],7.154,-2.964,4.257,,,
[1758212635533319170],6.476,-3.237,4.614,,,
[1758212635538431513],8.59,-3.735,4.824,,,
[1758212635543663545],7.527,-3.926,5.437,,,
[1758212635548778388],9.467,-3.977,5.095,,,
[1758212635553894534],9.412,-4.609,5.346,,,
[1758212635558997347],10.331,-4.717,5.425,,,
[1758212635564159065],10.647,-5.49,4.817,,,
[1758212635569676982],11.511,-5.44,3.608,,,
[1758212635574922763],12.151,-6.045,2.892,,,
[1758212635580033128],11.949,-5.832,2.219,,,
[1758212635585161513],12.974,-6.153,1.705,,,
[1758212635590283284],12.194,-6.124,0.991,,,
[1758212635595472607],12.632,-6.225,0.699,,,
[1758212635600589742],11.499,-5.212,-0.218,,,
[1758212635605733909],11.246,-5.334,-0.206,,,
[1758212635610885888],9.967,-4.882,-0.517,,,
[1758212635616511617],10.69,-4.829,-0.96,,,
[1758212635621643909],8.564,-4.36,-1.238,,,
[1758212635626756617],9.266,-4.022,-1.089,,,
[1758212635631842972],7.281,-3.508,-0.759,,,
[1758212635636968232],7.942,-3.486,0.244,,,
[1758212635642089430],5.83,-3.055,1.097,,,
[1758212635647291565],7.132,-2.942,2.107,,,
[1758212635652462034],5.31,-2.696,2.574,,,
[1758212635657674169],7.003,-2.978,3.338,,,
[1758212635662917399],5.667,-2.851,4.001,,,
[1758212635668024482],7.544,-3.364,4.424,,,
[1758212635673171357],7.345,-3.706,4.403,,,
[1758212635680614065],7.855,-3.802,4.922,,,
[1758212635686105732],9.761,-4.482,5.296,,,
[1758212635691252711],8.751,-4.499,5.253,,,
[1758212635696443753],10.92,-4.994,5.239,,,
[1758212635701594169],9.957,-5.104,4.693,,,
[1758212635706739274],12.333,-5.77,3.797,,,
[1758212635711841044],11.253,-5.6,3.0,,,
[1758212635716988597],13.247,-6.189,1.942,,,
[1758212635722611774],11.82,-6.273,1.523,,,
[1758212635727771305],13.319,-6.443,0.852,,,
[1758212635733060732],11.667,-5.839,0.017,,,
[1758212635738182867],12.163,-5.339,-0.175,,,
[1758212635743403336],10.175,-5.126,0.098,,,
[1758212635748536878],10.501,-4.8,-0.493,,,
[1758212635753675107],9.062,-4.803,-1.317,,,
[1758212635758777711],9.704,-4.159,-1.408,,,
[1758212635763941461],7.934,-4.077,-0.567,,,
[1758212635769067034],8.322,-3.63,-0.864,,,
[1758212635774290836],7.242,-3.486,-0.175,,,
[1758212635779384847],6.651,-2.801,1.25,,,
[1758212635784663232],6.383,-2.835,2.155,,,
[1758212635789822399],6.055,-2.521,2.751,,,
[1758212635795008701],6.053,-2.715,3.795,,,
[1758212635800115576],6.364,-2.715,4.051,,,
[1758212635805327242],7.041,-3.4,4.626,,,
[1758212635810445107],7.422,-3.713,4.523,,,
[1758212635815555576],8.959,-4.417,4.853,,,
[1758212635820667138],8.356,-3.84,5.488,,,
[1758212635825824482],10.058,-4.453,5.794,,,
[1758212635831560836],9.287,-4.855,5.001,,,
[1758212635836724274],11.334,-5.085,4.985,,,
[1758212635841843857],10.558,-5.485,4.683,,,
[1758212635847033597],12.567,-5.997,1.978,,,
[1758212635852206722],11.574,-5.988,2.155,,,
[1758212635857347607],13.285,-6.251,1.724,,,
[1758212635862583544],11.902,-6.17,1.355,,,
[1758212635867719013],13.398,-6.11,0.177,,,
[1758212635872963753],11.298,-5.523,-0.148,,,
[1758212635878181930],11.511,-5.116,-0.079,,,
[1758212635883333024],9.833,-4.932,-0.864,,,
[1758212635888503753],10.487,-4.597,-1.267,,,
[1758212635894213180],8.82,-4.338,-0.989,,,
[1758212635899346721],8.854,-4.108,-0.819,,,
[1758212635904477294],7.484,-3.792,-0.541,,,
[1758212635909613596],7.312,-3.089,-0.139,,,
[1758212635914739378],6.907,-3.225,1.085,,,
[1758212635919834221],6.155,-2.744,1.923,,,
[1758212635924946826],6.292,-2.883,2.219,,,
[1758212635930050471],6.105,-2.622,2.84,,,
[1758212635935245836],6.445,-2.655,3.718,,,
[1758212635940799951],6.589,-3.294,4.252,,,
[1758212635946012815],8.308,-4.061,4.8,,,
[1758212635951122659],7.676,-3.704,5.08,,,
[1758212635956251565],9.412,-4.166,5.047,,,
[1758212635961338076],8.712,-4.152,5.626,,,
[1758212635966438909],10.716,-4.975,5.511,,,
[1758212635971657503],9.747,-5.013,4.46,,,
[1758212635976826044],11.988,-5.646,4.542,,,
[1758212635981951826],10.992,-5.741,3.809,,,
[1758212635987177555],12.874,-5.993,2.483,,,
[1758212635992334482],11.669,-6.074,2.107,,,
[1758212635997513701],13.266,-6.323,1.255,,,
[1758212636003153076],11.818,-5.928,0.601,,,
[1758212636008341044],12.45,-5.71,0.275,,,
[1758212636013422607],10.374,-5.511,-0.077,,,
[1758212636018561930],11.145,-5.167,-0.136,,,
[1758212636023714169],9.359,-4.937,-0.919,,,
[1758212636028821721],10.343,-4.365,-1.137,,,
[1758212636033910107],8.437,-4.254,-0.821,,,
[1758212636039001149],8.384,-3.637,-0.663,,,
[1758212636044280784],7.226,-3.637,-0.347,,,
[1758212636049892242],7.192,-3.038,0.409,,,
[1758212636055020576],6.943,-3.074,1.676,,,
[1758212636062058388],5.318,-2.473,2.617,,,
[1758212636067246721],6.756,-3.024,3.17,,,
[1758212636072377867],5.435,-2.789,3.417,,,
[1758212636077459117],7.731,-3.251,3.761,,,
[1758212636082630315],6.958,-3.953,4.599,,,
[1758212636087766826],8.851,-3.994,4.659,,,
[1758212636093083284],8.435,-4.154,4.748,,,
[1758212636098192086],9.991,-4.463,5.306,,,
[1758212636103367451],9.342,-4.822,5.349,,,
[1758212636108876617],11.145,-4.827,4.475,,,
[1758212636114002867],10.693,-5.643,4.281,,,
[1758212636119103284],11.935,-5.607,3.768,,,
[1758212636124260784],11.947,-6.144,2.892,,,
[1758212636129376096],12.337,-6.11,2.14,,,
[1758212636134604638],12.438,-6.258,1.147,,,
[1758212636139732919],12.761,-6.112,-0.136,,,
[1758212636144918805],11.835,-5.887,-0.093,,,
[1758212636150032294],11.31,-5.21,-0.479,,,
[1758212636155503336],10.949,-4.932,-0.599,,,
[1758212636160629534],9.524,-4.654,-1.137,,,
[1758212636165746565],9.706,-4.65,-1.434,,,
[1758212636170845628],8.377,-3.893,-1.065,,,
[1758212636176046826],8.559,-3.953,-0.795,,,
[1758212636181268128],6.802,-3.438,-0.225,,,
[1758212636186383440],7.7,-3.381,0.785,,,
[1758212636191493909],5.78,-2.998,1.731,,,
[1758212636196707607],6.922,-3.055,2.258,,,
[1758212636201795888],5.14,-2.521,2.942,,,
[1758212636206952815],6.914,-2.844,3.768,,,
[1758212636212080471],5.717,-3.057,4.037,,,
[1758212636217545680],8.459,-3.694,4.298,,,
[1758212636222856773],7.594,-3.771,4.824,,,
[1758212636227971826],9.153,-4.367,5.052,,,
[1758212636233089169],8.291,-4.441,5.052,,,
[1758212636238192086],10.556,-4.793,4.997,,,
[1758212636243381513],9.831,-5.198,4.839,,,
[1758212636248488596],11.538,-5.363,4.458,,,
[1758212636253657919],11.121,-5.796,3.962,,,
[1758212636258791826],12.412,-5.732,2.535,,,
[1758212636265300367],12.481,-6.278,1.662,,,
[1758212636270529378],12.273,-6.081,0.685,,,
[1758212636275653648],13.144,-6.242,0.79,,,
[1758212636280748596],11.552,-5.77,-0.129,,,
[1758212636285894169],11.708,-5.435,-0.017,,,
[1758212636291000315],10.398,-5.057,-0.778,,,
[1758212636296189951],10.436,-5.181,-0.685,,,
[1758212636301305628],9.184,-4.448,-0.84,,,
[1758212636306463180],9.601,-4.343,-0.915,,,
[1758212636311599169],6.991,-3.824,-0.467,,,
[1758212636316734846],8.315,-3.692,-0.254,,,
[1758212636321840003],6.069,-3.072,0.476,,,
[1758212636328283128],7.094,-2.969,1.954,,,
[1758212636333523075],5.555,-2.746,2.519,,,
[1758212636338638336],6.182,-2.617,2.88,,,
[1758212636343835419],5.744,-2.904,4.051,,,
[1758212636348952555],7.223,-2.942,3.965,,,
[1758212636354055003],7.247,-3.618,4.587,,,
[1758212636359153440],8.59,-3.692,5.016,,,
[1758212636364303232],8.124,-4.278,5.528,,,
[1758212636369750628],9.112,-4.061,5.298,,,
[1758212636374990784],10.027,-4.717,5.456,,,
[1758212636380116044],10.163,-4.781,5.054,,,
[1758212636385272398],11.047,-5.485,4.642,,,
[1758212636390400836],11.662,-5.622,3.381,,,
[1758212636395617815],12.189,-6.06,2.851,,,
[1758212636400731513],11.775,-6.177,1.865,,,
[1758212636405907294],13.288,-6.237,1.369,,,
[1758212636411048909],12.038,-5.99,0.163,,,
[1758212636416282815],12.799,-6.033,0.278,,,
[1758212636421418075],10.422,-5.104,-0.369,,,
[1758212636426538440],11.349,-5.179,-0.974,,,
[1758212636431663857],9.778,-4.805,-1.032,,,
[1758212636437191096],10.398,-4.616,-1.03,,,
[1758212636442410940],8.114,-4.278,-0.678,,,
[1758212636447605211],8.959,-4.168,-0.299,,,
[1758212636452780940],6.747,-3.457,-0.01,,,
[1758212636457894742],7.714,-3.407,1.003,,,
[1758212636463012763],5.708,-2.909,1.484,,,
[1758212636468121409],6.984,-2.619,1.848,,,
[1758212636473287815],5.65,-2.622,2.84,,,
[1758212636478875471],6.862,-2.562,3.086,,,
[1758212636484027398],6.325,-3.232,3.826,,,
[1758212636489142815],7.712,-3.44,4.017,,,
[1758212636494364898],7.717,-4.056,4.978,,,
[1758212636499472034],8.808,-4.003,5.325,,,
[1758212636504617971],8.61,-4.434,5.701,,,
[1758212636509772815],9.809,-4.559,4.841,,,
[1758212636514949482],9.934,-5.042,4.662,,,
[1758212636520116148],10.64,-5.045,4.25,,,
[1758212636525323284],11.7,-5.835,3.567,,,
[1758212636530414169],11.674,-5.741,2.488,,,
[1758212636535544794],12.28,-6.076,2.591,,,
[1758212636540660315],12.306,-5.811,1.037,,,
[1758212636546233075],13.161,-6.227,1.032,,,
[1758212636551342242],11.712,-5.947,0.146,,,
[1758212636556452034],12.225,-5.923,0.737,,,
[1758212636561590315],10.175,-5.037,-0.321,,,
[1758212636566745523],11.284,-5.315,-0.757,,,
[1758212636571821669],9.321,-4.834,-0.977,,,
[1758212636576925419],9.902,-4.379,-1.391,,,
[1758212636582017502],7.884,-4.065,-0.812,,,
[1758212636588463336],8.42,-3.493,-0.589,,,
[1758212636594055784],6.579,-3.287,1.02,,,
[1758212636599210523],7.381,-2.792,1.671,,,
[1758212636604318180],6.06,-2.77,1.863,,,
[1758212636609464273],6.268,-2.737,2.32,,,
[1758212636614622294],6.019,-2.77,3.23,,,
[1758212636619738336],6.68,-2.682,3.929,,,
[1758212636624838648],7.183,-3.378,4.542,,,
[1758212636629941617],7.887,-3.637,4.729,,,
[1758212636635126044],8.162,-4.19,5.181,,,
[1758212636640331305],8.648,-4.171,4.992,,,
[1758212636645526721],10.003,-4.638,5.162,,,
[1758212636650638700],9.845,-4.798,4.384,,,
[1758212636656107450],11.32,-5.464,4.539,,,
[1758212636661216565],11.044,-5.485,3.766,,,
[1758212636666326305],12.251,-6.017,3.278,,,
[1758212636671432034],11.519,-6.026,2.394,,,
[1758212636676575367],13.307,-6.218,1.985,,,
[1758212636681655315],11.993,-6.213,0.9,,,
[1758212636686767138],13.34,-6.179,0.347,,,
[1758212636691877138],10.994,-5.488,-0.192,,,
[1758212636697082086],11.775,-5.447,-0.539,,,
[1758212636703650055],9.78,-5.025,-0.625,,,
[1758212636708938857],10.274,-4.786,-1.089,,,
[1758212636714100107],8.705,-4.314,-0.903,,,
[1758212636719240680],8.911,-3.926,-1.075,,,
[1758212636724457242],7.427,-3.752,-0.448,,,
[1758212636729549586],7.199,-3.05,0.18,,,
[1758212636734654377],6.613,-3.031,1.31,,,
[1758212636739802346],6.354,-2.461,1.987,,,
[1758212636745023336],5.909,-2.842,2.772,,,
[1758212636750119742],6.06,-2.478,3.326,,,
[1758212636757363127],7.209,-3.091,4.319,,,
[1758212636762798232],6.79,-3.421,4.585,,,
[1758212636767937554],8.933,-4.025,4.389,,,
[1758212636773067919],7.836,-3.984,4.99,,,
[1758212636778166044],9.828,-4.417,5.37,,,
[1758212636783246461],9.031,-4.683,5.274,,,
[1758212636788323909],11.289,-4.949,5.059,,,
[1758212636793534065],10.139,-5.334,5.121,,,
[1758212636798657294],12.024,-5.741,3.917,,,
[1758212636803851409],11.499,-5.902,2.799,,,
[1758212636810445107],12.55,-6.019,1.463,,,
[1758212636816791513],13.484,-6.436,1.018,,,
[1758212636822036877],11.942,-5.861,0.194,,,
[1758212636827157711],12.73,-5.866,0.431,,,
[1758212636832319482],10.226,-5.116,-0.366,,,
[1758212636837449950],11.459,-5.071,-0.704,,,
[1758212636842660992],9.148,-4.626,-0.469,,,
[1758212636847837138],10.116,-4.527,-1.671,,,
[1758212636853012294],8.102,-3.994,-1.556,,,
[1758212636858135002],8.598,-3.876,-0.869,,,
[1758212636863331044],6.862,-3.488,-0.074,,,
[1758212636869768388],7.104,-2.863,0.982,,,
[1758212636875023752],6.589,-2.923,2.064,,,
[1758212636880125575],6.256,-2.543,2.337,,,
[1758212636885254169],6.237,-2.674,3.182,,,
[1758212636890360992],6.402,-2.588,3.496,,,
[1758212636895564638],7.072,-3.244,4.226,,,
[1758212636900663232],7.731,-3.275,4.7,,,
[1758212636905798544],8.564,-4.085,5.234,,,
[1758212636910969846],8.538,-4.096,5.013,,,
[1758212636916588440],9.862,-4.594,5.583,,,
[1758212636921676877],9.409,-4.69,4.994,,,
[1758212636926785471],11.059,-5.394,4.683,,,
[1758212636931881461],10.283,-5.483,4.348,,,
[1758212636937001617],12.55,-5.89,3.898,,,
[1758212636942097450],11.186,-5.782,2.83,,,
[1758212636947309898],13.108,-6.292,2.095,,,
[1758212636952521304],11.739,-6.199,1.348,,,
[1758212636957742502],13.206,-5.995,0.673,,,
[1758212636962896096],11.246,-5.588,0.781,,,
[1758212636967991617],11.921,-5.234,-0.115,,,
[1758212636973159221],9.991,-4.887,-0.596,,,
[1758212636978672034],10.764,-4.896,-0.615,,,
[1758212636983900523],8.847,-4.594,-0.666,,,
[1758212636989107294],9.51,-4.12,-1.089,,,
[1758212636994670731],7.93,-4.032,-0.831,,,
[1758212636999780315],7.843,-3.235,0.014,,,
[1758212637004921148],6.61,-3.314,0.912,,,
[1758212637010038752],6.687,-2.84,1.441,,,
[1758212637015186304],6.601,-2.794,2.43,,,
[1758212637020382086],5.78,-2.617,3.323,,,
[1758212637025930575],6.606,-2.978,3.563,,,
[1758212637031052346],6.479,-3.089,3.946,,,
[1758212637036176409],8.035,-3.833,4.621,,,
[1758212637041291877],7.573,-3.543,4.877,,,
[1758212637046475002],9.275,-4.068,4.556,,,
[1758212637051576304],8.377,-4.262,4.609,,,
[1758212637056706773],10.118,-4.767,5.885,,,
[1758212637061827554],9.503,-4.788,5.272,,,
[1758212637067044586],11.602,-5.473,4.096,,,
[1758212637072217034],10.757,-5.734,3.658,,,
[1758212637077342086],12.888,-6.246,2.966,,,
[1758212637082502763],11.456,-6.093,1.87,,,
[1758212637087929325],13.601,-6.414,1.657,,,
[1758212637093130575],11.801,-6.134,0.687,,,
[1758212637098238596],12.95,-5.789,0.639,,,
[1758212637103388336],10.934,-5.318,0.17,,,
[1758212637108660888],11.21,-5.078,-0.618,,,
[1758212637113992034],9.591,-4.757,-1.171,,,
[1758212637119136721],10.02,-4.709,-1.252,,,
[1758212637124247450],8.655,-4.374,-0.781,,,
[1758212637129362919],9.23,-3.721,-1.161,,,
[1758212637136536044],8.162,-3.584,-0.215,,,
[1758212637141791409],6.208,-3.098,0.812,,,
[1758212637146899846],7.458,-3.017,2.033,,,
[1758212637152008075],5.303,-2.552,2.212,,,
[1758212637157218075],6.907,-2.875,3.299,,,
[1758212637162345106],5.413,-2.72,3.496,,,
[1758212637167459221],7.264,-3.117,3.771,,,
[1758212637172641669],6.917,-3.436,4.032,,,
[1758212637177761617],8.911,-3.862,4.87,,,
[1758212637182917138],7.69,-4.029,5.42,,,
[1758212637188018283],9.912,-4.336,5.236,,,
[1758212637193771565],9.297,-4.774,5.442,,,
[1758212637198915523],11.14,-4.992,5.195,,,
[1758212637204055054],10.642,-5.289,4.31,,,
[1758212637209156304],12.167,-5.777,3.132,,,
[1758212637214309586],11.868,-5.861,2.468,,,
[1758212637219446773],12.732,-6.086,1.994,,,
[1758212637224533127],12.265,-6.306,1.659,,,
[1758212637229626877],13.467,-5.986,0.797,,,
[1758212637235425627],12.198,-5.827,0.498,,,
[1758212637243259429],10.254,-5.064,-0.579,,,
[1758212637248624013],11.195,-4.896,-0.773,,,
[1758212637253878908],9.194,-4.767,-0.903,,,
[1758212637258972711],9.519,-4.266,-0.824,,,
[1758212637264099586],8.116,-4.075,-0.532,,,
[1758212637269201669],8.418,-3.711,0.038,,,
[1758212637274278127],6.737,-3.29,0.462,,,
[1758212637279351773],7.298,-3.108,1.288,,,
[1758212637284458961],5.839,-2.962,1.951,,,
[1758212637289569638],6.598,-2.646,2.454,,,
[1758212637294793856],5.971,-2.84,3.342,,,
[1758212637301229638],5.83,-2.847,3.359,,,
[1758212637306523596],7.558,-3.421,4.499,,,
[1758212637311645523],7.484,-3.534,5.03,,,
[1758212637316779273],8.803,-4.25,5.224,,,
[1758212637321870627],7.968,-4.075,5.171,,,
[1758212637326999429],10.499,-4.76,5.265,,,
[1758212637332082919],9.306,-4.69,4.915,,,
[1758212637337213908],11.571,-5.483,4.681,,,
[1758212637342452242],10.669,-5.389,4.077,,,
[1758212637347693544],12.464,-5.995,3.122,,,
[1758212637353315836],11.787,-5.873,2.579,,,
[1758212637358489898],13.261,-6.172,1.97,,,
[1758212637363611044],11.684,-6.041,1.211,,,
[1758212637368723596],12.936,-6.093,0.215,,,
[1758212637373953179],11.176,-5.624,0.141,,,
[1758212637379109377],11.1,-5.083,-0.45,,,
[1758212637384222346],10.113,-5.009,-0.656,,,
[1758212637389352815],9.95,-4.707,-0.953,,,
[1758212637394559586],9.16,-4.515,-0.967,,,
[1758212637399766877],9.136,-4.013,-0.96,,,
[1758212637405018960],7.719,-3.79,-0.599,,,
[1758212637410537763],7.18,-3.27,-0.208,,,
[1758212637415688127],7.056,-3.134,1.164,,,
[1758212637420825731],6.223,-2.648,1.535,,,
[1758212637425950679],6.488,-2.638,2.447,,,
[1758212637431033231],5.686,-2.504,3.235,,,
[1758212637436178960],6.551,-2.969,3.613,,,
[1758212637441281304],6.433,-3.213,3.677,,,
[1758212637446387294],8.296,-3.936,4.65,,,
[1758212637451707554],7.585,-3.773,4.851,,,
[1758212637457413700],9.543,-4.259,5.083,,,
[1758212637462696356],8.662,-4.259,4.987,,,
[1758212637467874013],10.726,-5.212,5.08,,,
[1758212637473023075],9.761,-4.958,4.721,,,
[1758212637478168752],11.969,-5.557,3.704,,,
[1758212637483319325],11.219,-5.787,3.179,,,
[1758212637488437242],12.859,-6.019,2.698,,,
[1758212637493560106],11.978,-5.849,2.195,,,
[1758212637498686669],13.228,-6.431,1.446,,,
[1758212637503957763],11.823,-5.849,0.661,,,
[1758212637509167971],12.723,-5.804,-0.089,,,
[1758212637514371252],10.434,-5.195,-0.39,,,
[1758212637519924794],10.432,-4.831,-0.663,,,
[1758212637525086148],9.708,-5.04,-1.01,,,
[1758212637530191044],9.407,-4.324,-1.453,,,
[1758212637535341460],8.732,-4.281,-0.855,,,
[1758212637540444950],7.666,-3.618,-0.673,,,
[1758212637545597398],7.712,-3.615,0.048,,,
[1758212637550739117],6.627,-3.057,0.436,,,
[1758212637556064846],7.02,-3.098,1.446,,,
[1758212637561364638],5.705,-2.571,2.164,,,
[1758212637568058179],6.979,-2.837,3.247,,,
[1758212637573316721],5.437,-2.859,3.833,,,
[1758212637578428179],7.24,-3.144,4.36,,,
[1758212637583567033],7.381,-3.524,5.049,,,
[1758212637588686304],8.739,-3.862,4.879,,,
[1758212637593775575],8.289,-4.049,4.939,,,
[1758212637598892554],9.831,-4.377,5.054,,,
[1758212637604131721],9.392,-4.638,5.423,,,
[1758212637609273700],11.119,-4.915,4.592,,,
[1758212637614513492],10.724,-5.65,4.02,,,
[1758212637619707658],12.076,-5.679,3.359,,,
[1758212637626117502],12.718,-6.239,2.358,,,
[1758212637632710940],11.892,-6.208,1.736,,,
[1758212637638005731],13.372,-6.223,0.852,,,
[1758212637643163283],11.598,-5.926,-0.079,,,
[1758212637648264481],12.297,-5.725,-0.479,,,
[1758212637653480835],10.041,-5.188,0.244,,,
[1758212637658613231],11.195,-4.846,-0.706,,,
[1758212637663764742],9.299,-4.702,-0.797,,,
[1758212637668871981],9.316,-4.259,-1.788,,,
[1758212637674374898],7.973,-4.061,-0.797,,,
[1758212637679608648],8.121,-3.266,-0.57,,,
[1758212637684725262],6.479,-3.354,0.606,,,
[1758212637689823075],6.773,-2.983,1.324,,,
[1758212637694932815],6.364,-2.911,2.016,,,
[1758212637700025002],6.225,-2.459,2.236,,,
[1758212637705212033],6.151,-3.045,3.053,,,
[1758212637710352710],6.352,-2.734,3.675,,,
[1758212637715597815],6.972,-3.512,4.468,,,
[1758212637720709637],8.085,-3.757,3.929,,,
[1758212637728580054],9.0,-4.065,4.884,,,
[1758212637734331044],8.689,-4.427,5.595,,,
[1758212637739465731],10.029,-4.609,5.799,,,
[1758212637744564325],10.084,-4.954,4.69,,,
[1758212637749662033],11.351,-5.239,4.005,,,
[1758212637754923596],11.143,-5.964,3.582,,,
[1758212637760058856],12.242,-5.698,2.416,,,
[1758212637765199377],12.517,-6.531,2.279,,,
[1758212637770361617],12.349,-6.06,1.307,,,
[1758212637775568127],12.665,-6.381,1.063,,,
[1758212637781157710],11.648,-5.681,0.256,,,
[1758212637786371565],11.605,-5.361,-0.101,,,
[1758212637791473856],10.075,-4.985,-1.015,,,
[1758212637796623387],10.609,-5.011,-0.84,,,
[1758212637801770679],8.849,-4.48,-0.97,,,
[1758212637806977398],9.426,-4.286,-1.013,,,
[1758212637812232137],7.386,-3.895,-0.874,,,
[1758212637817423908],8.495,-3.572,0.139,,,
[1758212637822624533],6.347,-3.369,0.397,,,
[1758212637827869273],7.503,-3.321,1.362,,,
[1758212637833008908],5.43,-2.6,2.207,,,
[1758212637838164950],6.84,-2.885,2.629,,,
[1758212637844615262],5.974,-2.945,3.572,,,
[1758212637849847085],6.962,-2.823,3.699,,,
[1758212637855132242],7.168,-3.742,4.405,,,
[1758212637860250106],8.65,-3.847,4.508,,,
[1758212637865383283],8.559,-4.216,5.464,,,
[1758212637870478960],9.172,-4.017,5.595,,,
[1758212637875590575],10.104,-4.978,5.265,,,
[1758212637880703856],10.041,-4.911,4.609,,,
[1758212637887084012],11.648,-5.495,4.374,,,
[1758212637892370106],10.81,-5.775,3.742,,,
[1758212637897596304],12.677,-6.019,2.768,,,
[1758212637902912658],11.569,-6.184,1.894,,,
[1758212637908009012],13.482,-6.51,1.168,,,
[1758212637913214117],11.734,-6.031,0.476,,,
[1758212637918351773],12.967,-5.796,0.433,,,
[1758212637923468127],10.367,-5.188,0.062,,,
[1758212637928623856],11.121,-5.148,-0.864,,,
[1758212637933789429],9.402,-4.906,-1.501,,,
[1758212637938900054],9.905,-4.446,-1.331,,,
[1758212637944008231],8.298,-4.149,-0.785,,,
[1758212637950508804],7.678,-3.737,-0.881,,,
[1758212637955782606],7.762,-3.754,-0.297,,,
[1758212637960961200],6.596,-3.086,0.718,,,
[1758212637966088492],6.84,-2.914,1.824,,,
[1758212637971197085],5.921,-2.488,2.176,,,
[1758212637976324898],6.385,-2.885,2.89,,,
[1758212637981406825],5.557,-2.813,3.721,,,
[1758212637986495575],7.192,-3.122,4.118,,,
[1758212637992774064],6.826,-3.795,4.254,,,
[1758212637998355106],8.99,-4.025,4.724,,,
[1758212638003555679],7.877,-3.998,5.334,,,
[1758212638008667554],9.661,-4.369,5.483,,,
[1758212638013804273],9.613,-4.855,5.562,,,
[1758212638018917502],11.236,-5.203,5.04,,,
[1758212638024019012],10.661,-5.27,4.997,,,
[1758212638029132242],12.546,-5.713,3.711,,,
[1758212638034352398],11.657,-6.088,2.519,,,
[1758212638039559689],13.089,-6.127,1.702,,,
[1758212638044723127],12.61,-6.306,1.614,,,
[1758212638049867762],12.438,-5.909,0.678,,,
[1758212638056600679],12.342,-5.622,0.685,,,
[1758212638061840262],9.917,-4.975,-0.192,,,
[1758212638066967658],11.097,-5.03,-0.754,,,
[1758212638072074637],9.12,-4.618,-0.783,,,
[1758212638077217085],9.886,-4.657,-0.467,,,
[1758212638082386252],7.989,-3.855,-1.041,,,
[1758212638087509273],8.971,-4.056,-0.606,,,
[1758212638092674637],6.639,-3.23,0.151,,,
[1758212638097964012],7.453,-3.103,1.104,,,
[1758212638103572606],5.38,-2.859,1.75,,,
[1758212638108708752],6.706,-2.564,2.219,,,
[1758212638113866044],5.751,-2.727,3.244,,,
[1758212638119024533],6.929,-2.921,3.168,,,
[1758212638124154273],6.653,-3.091,3.934,,,
[1758212638129290679],8.301,-3.972,4.968,,,
[1758212638134450210],7.724,-3.929,4.853,,,
[1758212638139590106],9.146,-4.027,5.009,,,
[1758212638144824585],8.645,-4.681,5.583,,,
[1758212638149988283],9.996,-4.628,5.009,,,
[1758212638155245731],10.726,-5.14,4.934,,,
[1758212638160708960],11.119,-5.064,3.596,,,
[1758212638165890262],11.777,-6.084,3.194,,,
[1758212638171043908],11.609,-5.933,2.069,,,
[1758212638176177762],12.945,-6.416,2.291,,,
[1758212638181296148],12.215,-6.167,1.063,,,
[1758212638186446929],13.329,-6.349,0.622,,,
[1758212638191543804],11.633,-5.574,0.067,,,
[1758212638196695210],11.636,-5.37,0.16,,,
[1758212638201878700],10.254,-4.774,-0.922,,,
[1758212638207118179],10.578,-4.982,-0.654,,,
[1758212638213786044],8.478,-4.432,-1.178,,,
[1758212638219043648],9.345,-3.876,-0.941,,,
[1758212638224171460],7.575,-3.862,-0.517,,,
[1758212638229284064],7.669,-3.349,-0.297,,,
[1758212638234448023],6.246,-3.158,1.037,,,
[1758212638239570835],6.766,-2.878,1.561,,,
[1758212638244742866],5.808,-2.684,2.66,,,
[1758212638249870887],6.668,-2.701,3.002,,,
[1758212638255086773],5.789,-2.816,3.627,,,
[1758212638260272762],7.063,-3.112,3.584,,,
[1758212638265454741],7.908,-3.74,4.688,,,
[1758212638270957189],8.013,-3.8,4.434,,,
[1758212638276152866],8.803,-4.326,4.966,,,
[1758212638281292971],8.765,-4.41,5.248,,,
[1758212638286411616],10.46,-4.76,5.306,,,
[1758212638291519325],10.034,-4.946,4.956,,,
[1758212638296634950],11.595,-5.677,4.611,,,
[1758212638301769741],10.951,-5.377,3.259,,,
[1758212638307015210],12.665,-6.057,2.591,,,
[1758212638312501148],11.681,-6.146,1.982,,,
[1758212638318152502],13.309,-6.175,1.089,,,
[1758212638323342085],11.997,-6.009,0.486,,,
[1758212638328450418],12.541,-5.703,-0.05,,,
[1758212638333623127],10.417,-5.124,-0.168,,,
[1758212638338743023],11.217,-5.191,-0.541,,,
[1758212638343843127],9.352,-4.75,-1.068,,,
[1758212638349011252],10.044,-4.7,-0.883,,,
[1758212638354285210],8.389,-4.089,-0.883,,,
[1758212638359454689],8.203,-3.713,-0.464,,,
[1758212638364693960],7.235,-3.606,-0.261,,,
[1758212638369814846],7.238,-3.01,0.666,,,
[1758212638374954689],6.153,-3.041,1.853,,,
[1758212638380512554],5.926,-2.65,2.049,,,
[1758212638385626773],6.337,-2.72,3.524,,,
[1758212638390710471],6.28,-2.746,4.013,,,
[1758212638395849898],7.092,-3.292,4.458,,,
[1758212638401072398],7.487,-3.424,4.02,,,
[1758212638406311773],8.416,-3.984,5.011,,,
[1758212638411423023],8.535,-3.91,4.808,,,
[1758212638416637293],9.759,-4.408,5.114,,,
[1758212638421846825],9.275,-4.463,5.399,,,
[1758212638427597502],11.231,-5.143,4.726,,,
[1758212638432854793],10.252,-5.088,4.211,,,
[1758212638437976408],12.39,-5.763,3.733,,,
[1758212638443107866],11.31,-5.914,2.758,,,
[1758212638448214273],13.226,-6.337,1.717,,,
[1758212638453510939],11.899,-6.206,1.425,,,
[1758212638458680991],13.264,-6.172,0.838,,,
[1758212638463878439],11.495,-5.918,0.323,,,
[1758212638469022398],11.779,-5.341,-0.239,,,
[1758212638474265887],10.089,-4.961,0.108,,,
[1758212638479472241],10.673,-4.891,-1.049,,,
[1758212638484660835],8.83,-4.714,-1.07,,,
[1758212638490129481],8.921,-4.269,-1.173,,,
[1758212638495351877],7.91,-4.113,-0.57,,,
[1758212638500557033],7.685,-3.345,-0.673,,,
[1758212638505802502],7.357,-3.438,0.8,,,
[1758212638510979689],6.098,-2.674,1.64,,,
[1758212638518453283],6.814,-2.854,2.945,,,
[1758212638523740106],5.164,-2.686,3.531,,,
[1758212638528902033],7.022,-2.837,3.658,,,
[1758212638534366356],6.665,-3.361,3.965,,,
[1758212638539480835],8.499,-3.876,5.028,,,
[1758212638544577554],7.906,-3.699,4.599,,,
[1758212638549903960],9.349,-4.104,4.384,,,
[1758212638556115887],9.946,-4.628,5.607,,,
[1758212638561359168],9.73,-4.82,4.891,,,
[1758212638566491877],11.1,-5.452,4.879,,,
[1758212638571605835],10.958,-5.488,3.828,,,
[1758212638576729585],12.318,-6.012,3.12,,,
[1758212638581833804],11.645,-5.974,2.705,,,
[1758212638586944481],12.842,-6.175,2.425,,,
[1758212638592034585],11.918,-6.263,0.891,,,
[1758212638597703439],13.192,-6.201,0.474,,,
[1758212638604220314],10.896,-5.265,0.132,,,
[1758212638609478856],11.279,-5.145,-0.395,,,
[1758212638614672762],9.577,-5.028,-0.615,,,
[1758212638619806095],10.125,-4.693,-1.149,,,
[1758212638624953127],8.732,-4.341,-0.711,,,
[1758212638630067918],8.957,-3.675,-0.634,,,
[1758212638635205731],7.681,-3.618,-0.278,,,
[1758212638640655210],7.101,-3.072,0.376,,,
[1758212638645810314],6.287,-3.208,1.094,,,
[1758212638651095366],6.148,-2.619,1.829,,,
[1758212638656295314],6.603,-2.734,2.454,,,
[1758212638661394585],5.818,-2.523,3.249,,,
[1758212638666518543],6.828,-3.1,3.972,,,
[1758212638671698648],6.812,-3.467,4.049,,,
[1758212638676831252],8.643,-4.123,4.841,,,
[1758212638681969585],7.827,-3.795,5.14,,,
[1758212638687135314],9.311,-4.372,5.358,,,
[1758212638692365054],8.657,-4.597,5.059,,,
[1758212638697465679],11.006,-5.085,5.138,,,
[1758212638703171564],10.151,-5.107,4.549,,,
[1758212638708379429],12.172,-5.842,3.745,,,
[1758212638713568595],11.114,-5.837,2.825,,,
[1758212638718727710],12.852,-6.067,2.076,,,
[1758212638723983647],11.681,-5.993,1.645,,,
[1758212638729166095],13.187,-6.036,1.243,,,
[1758212638734728647],11.902,-6.103,0.316,,,
[1758212638739871512],11.839,-5.413,0.362,,,
[1758212638745231981],10.326,-5.215,-0.472,,,
[1758212638750712554],10.329,-4.616,-0.764,,,
[1758212638755931720],9.524,-4.879,-1.592,,,
[1758212638761058752],9.148,-4.123,-1.487,,,
[1758212638766265991],8.875,-3.991,-0.493,,,
[1758212638771394377],7.863,-3.46,-0.879,,,
[1758212638776518647],7.57,-3.457,0.196,,,
[1758212638781685783],6.069,-3.065,1.027,,,
[1758212638786952241],6.989,-3.127,2.04,,,
[1758212638792048595],5.55,-2.471,2.591,,,
[1758212638797172450],6.692,-2.849,3.282,,,
[1758212638802522033],5.799,-2.981,3.596,,,
[1758212638808055835],8.26,-3.57,4.192,,,
[1758212638813207606],7.274,-3.606,4.994,,,
[1758212638818345731],9.436,-4.12,4.879,,,
[1758212638823469637],8.021,-4.14,5.143,,,
[1758212638828730679],10.321,-4.544,5.116,,,
[1758212638833955470],9.498,-4.853,4.683,,,
[1758212638840427345],11.179,-5.037,4.254,,,
[1758212638845662866],11.763,-5.811,4.037,,,
[1758212638850798179],11.681,-5.792,2.818,,,
[1758212638856319741],12.716,-6.17,2.107,,,
[1758212638861440575],12.282,-6.048,0.876,,,
[1758212638866547345],12.744,-6.479,1.154,,,
[1758212638871660418],11.76,-5.737,0.127,,,
[1758212638876796095],11.954,-5.598,0.124,,,
[1758212638881949793],10.307,-5.203,-0.479,,,
[1758212638887223543],10.968,-5.193,-0.682,,,
[1758212638892435262],9.134,-4.539,-0.979,,,
[1758212638897586772],9.869,-4.408,-0.931,,,
[1758212638902938908],7.515,-3.905,-0.699,,,
[1758212638908109481],8.365,-3.812,-0.357,,,
[1758212638913595054],6.5,-3.23,0.967,,,
[1758212638918727397],7.518,-2.926,1.494,,,
[1758212638923936877],5.883,-2.842,1.836,,,
[1758212638929201929],6.809,-2.658,2.421,,,
[1758212638934331304],5.31,-2.904,3.179,,,
[1758212638939453335],7.046,-2.923,3.553,,,
[1758212638944615158],6.553,-3.345,4.707,,,
[1758212638949856147],8.404,-3.768,5.097,,,
[1758212638955126929],8.248,-4.266,5.15,,,
[1758212638960350783],8.935,-4.073,5.447,,,
[1758212638965889377],9.28,-4.879,5.478,,,
[1758212638971185106],9.991,-4.851,4.839,,,
[1758212638976312606],11.212,-5.289,4.187,,,
[1758212638981428595],11.332,-5.373,4.039,,,
[1758212638986598752],12.115,-5.734,3.436,,,
[1758212638991736460],11.949,-5.964,2.344,,,
[1758212638996888595],12.876,-6.361,1.496,,,
[1758212639002024064],11.863,-6.179,0.857,,,
[1758212639007310314],13.068,-6.244,0.649,,,
[1758212639012590314],10.997,-5.528,-0.218,,,
[1758212639017727397],11.526,-5.476,-0.919,,,
[1758212639024454533],9.742,-4.963,-0.874,,,
[1758212639029723022],10.139,-4.453,-1.013,,,
[1758212639034882918],8.511,-4.47,-1.073,,,
[1758212639040003335],9.165,-3.699,-0.644,,,
[1758212639045145991],7.53,-3.565,-0.261,,,
[1758212639050263439],7.161,-2.993,0.108,,,
[1758212639055446095],6.515,-3.096,1.602,,,
[1758212639060559481],6.371,-2.512,2.136,,,
[1758212639065769949],6.167,-2.732,2.799,,,
[1758212639071390783],5.547,-2.713,3.304,,,
[1758212639076540314],7.132,-2.921,3.847,,,
[1758212639081649116],6.993,-3.259,4.446,,,
[1758212639086777710],8.349,-3.979,5.488,,,
[1758212639091919533],8.04,-3.771,4.882,,,
[1758212639097074012],9.591,-4.324,5.121,,,
[1758212639102312293],8.736,-4.523,4.92,,,
[1758212639107545002],11.013,-5.011,4.901,,,
[1758212639112809949],9.871,-5.09,4.879,,,
[1758212639118069637],12.251,-5.689,3.505,,,
[1758212639123626252],11.377,-5.787,2.686,,,
[1758212639128792345],13.082,-6.215,2.236,,,
[1758212639133952033],12.031,-6.127,1.717,,,
[1758212639139174429],13.364,-6.225,0.634,,,
[1758212639144312345],11.667,-5.986,0.335,,,
[1758212639149439897],11.863,-5.413,0.285,,,
[1758212639154664741],10.343,-5.097,-0.328,,,
[1758212639159864324],10.824,-4.784,-0.855,,,
[1758212639165133491],9.397,-4.774,-1.116,,,
[1758212639170335262],9.546,-4.061,-1.082,,,
[1758212639175476981],8.42,-4.254,-0.948,,,
[1758212639180984324],7.738,-3.558,-0.491,,,
[1758212639186149793],7.149,-3.302,0.958,,,
[1758212639191276720],6.603,-2.765,0.979,,,
[1758212639196416199],6.486,-2.825,1.451,,,
[1758212639201532814],5.464,-2.583,2.523,,,
[1758212639206767241],6.807,-2.871,3.443,,,
[1758212639211905470],5.938,-2.638,3.534,,,
[1758212639217061616],7.676,-3.376,4.073,,,
[1758212639224408439],7.606,-3.965,5.076,,,
[1758212639229802137],8.916,-4.094,5.373,,,
[1758212639234961981],8.892,-4.331,5.461,,,
[1758212639240075679],10.111,-4.487,5.227,,,
[1758212639245248647],10.209,-5.011,4.956,,,
[1758212639250387814],11.284,-5.138,4.436,,,
[1758212639255625939],11.744,-5.763,3.867,,,
[1758212639260767658],11.724,-5.784,2.65,,,
[1758212639265942606],12.39,-6.179,2.43,,,
[1758212639271126199],12.517,-5.741,1.705,,,
[1758212639276304689],12.799,-6.376,0.682,,,
[1758212639281444376],12.064,-5.631,-0.11,,,
[1758212639287057606],11.837,-5.61,0.263,,,
[1758212639292264376],10.259,-4.987,-0.867,,,
[1758212639297437970],10.824,-5.037,-0.735,,,
[1758212639302699376],8.715,-4.496,-0.713,,,
[1758212639307901772],9.766,-4.551,-0.63,,,
[1758212639313064585],7.523,-3.871,-0.417,,,
[1758212639318275262],8.511,-3.783,-0.611,,,
[1758212639323473856],6.208,-3.129,0.596,,,
[1758212639328717762],7.487,-3.081,1.305,,,
[1758212639334158908],5.66,-2.708,2.011,,,
[1758212639339308126],6.893,-2.629,2.545,,,
[1758212639344465991],5.681,-2.902,3.263,,,
[1758212639349627345],7.051,-2.885,3.594,,,
[1758212639354856095],7.149,-3.462,4.463,,,
[1758212639359968804],8.543,-3.673,4.752,,,
[1758212639365118699],8.107,-3.965,5.665,,,
[1758212639370342397],8.775,-4.025,5.069,,,
[1758212639375534689],9.392,-4.796,5.595,,,
[1758212639380647970],10.551,-4.781,4.492,,,
[1758212639385828387],10.59,-5.523,4.341,,,
[1758212639391016668],11.298,-5.511,3.505,,,
[1758212639396472241],12.198,-5.971,2.885,,,
[1758212639401660678],11.985,-5.866,1.714,,,
[1758212639406898439],13.015,-6.357,1.269,,,
[1758212639412205210],11.926,-6.23,0.333,,,
[1758212639417404376],13.084,-6.167,0.565,,,
[1758212639422662033],10.949,-5.339,0.002,,,
[1758212639427839272],11.49,-5.243,-0.474,,,
[1758212639433010106],9.491,-4.858,-1.195,,,
[1758212639438130522],10.357,-4.817,-1.31,,,
[1758212639443688231],8.212,-4.31,-0.855,,,
[1758212639448874376],9.476,-3.965,-1.171,,,
[1758212639454259481],7.221,-3.531,-0.371,,,
[1758212639459424116],7.906,-3.132,0.419,,,
[1758212639464543751],6.153,-3.005,1.113,,,
[1758212639469663543],6.912,-2.67,2.286,,,
[1758212639474818647],5.363,-2.507,3.225,,,
[1758212639479956095],6.563,-2.605,3.263,,,
[1758212639485051824],5.804,-2.969,4.125,,,
[1758212639490213491],7.125,-3.156,3.632,,,
[1758212639495505314],7.877,-3.922,4.283,,,
[1758212639500672710],8.772,-3.771,4.724,,,
[1758212639507356147],9.687,-4.341,5.454,,,
[1758212639512669272],8.94,-4.7,5.049,,,
[1758212639517860262],11.289,-5.174,4.788,,,
[1758212639523034637],10.132,-5.306,4.154,,,
[1758212639528155366],12.232,-5.756,3.29,,,
[1758212639533283543],11.116,-5.744,2.466,,,
[1758212639538398178],12.912,-6.117,2.121,,,
[1758212639543542501],11.827,-6.06,1.465,,,
[1758212639548797189],13.173,-6.364,1.176,,,
[1758212639554060574],11.511,-5.871,0.527,,,
[1758212639559213387],12.457,-5.516,0.33,,,
[1758212639564376564],10.077,-5.191,0.278,,,
[1758212639569487658],10.719,-4.824,-0.539,,,
[1758212639574623595],9.134,-4.496,-1.25,,,
[1758212639579759116],9.553,-3.986,-1.92,,,
[1758212639584905991],8.143,-4.238,-0.546,,,
[1758212639590021408],8.418,-3.704,-0.804,,,
[1758212639595154064],6.598,-3.402,-0.072,,,
[1758212639600276928],7.326,-2.974,1.106,,,
[1758212639605564949],6.45,-2.966,2.37,,,
[1758212639610794428],6.328,-2.643,3.203,,,
[1758212639616522397],6.51,-2.887,3.79,,,
[1758212639621690158],5.914,-2.835,3.886,,,
[1758212639626829845],7.843,-3.388,4.707,,,
[1758212639631942189],7.338,-3.807,4.408,,,
[1758212639637064585],8.753,-4.061,5.701,,,
[1758212639642246772],8.495,-4.254,5.444,,,
[1758212639647367814],9.85,-4.63,5.162,,,
[1758212639653758543],9.608,-4.911,4.968,,,
[1758212639659062553],11.387,-5.229,4.183,,,
[1758212639664208543],10.956,-5.655,4.104,,,
[1758212639669314376],12.644,-5.916,2.614,,,
[1758212639674445366],11.459,-6.1,1.805,,,
[1758212639679546564],13.324,-5.962,1.255,,,
[1758212639684655626],12.232,-6.189,1.341,,,
[1758212639689786095],12.62,-5.789,0.405,,,
[1758212639694949533],11.267,-5.607,0.05,,,
[1758212639700198022],11.126,-4.987,-0.642,,,
[1758212639705377710],9.766,-5.001,-0.687,,,
[1758212639710486095],10.324,-4.551,-1.188,,,
[1758212639715666720],9.115,-4.405,-1.171,,,
[1758212639720842085],8.327,-4.022,-1.276,,,
[1758212639726383595],8.26,-3.955,-0.591,,,
[1758212639731560105],7.326,-2.983,0.18,,,
[1758212639736720730],7.214,-3.175,1.417,,,
[1758212639741829480],5.82,-2.837,1.64,,,
[1758212639746955314],6.606,-2.662,2.679,,,
[1758212639752066199],5.799,-2.598,3.091,,,
[1758212639757287085],7.168,-2.914,3.445,,,
[1758212639762877189],6.249,-3.244,3.697,,,
[1758212639768107033],9.086,-3.936,4.645,,,
[1758212639773393283],7.606,-3.783,5.255,,,
[1758212639778535783],9.412,-4.422,5.562,,,
[1758212639783678283],8.595,-4.506,5.485,,,
[1758212639788783595],10.489,-4.879,5.535,,,
[1758212639793936199],10.032,-5.145,4.796,,,
[1758212639799061980],12.28,-5.497,3.591,,,
[1758212639804322032],11.315,-5.756,3.036,,,
[1758212639809448699],12.962,-6.208,2.042,,,
[1758212639814699585],11.878,-6.294,1.688,,,
[1758212639819862814],13.338,-6.088,0.977,,,
[1758212639825055574],12.309,-6.053,0.709,,,
[1758212639830180053],11.959,-5.375,0.237,,,
[1758212639835740262],10.87,-5.272,-0.261,,,
[1758212639840879793],10.539,-4.894,-1.25,,,
[1758212639847701616],10.561,-5.023,-0.903,,,
[1758212639853152553],8.361,-4.262,-1.475,,,
[1758212639858302085],9.041,-4.003,-0.79,,,
[1758212639863466512],7.044,-3.63,-0.488,,,
[1758212639869883074],8.095,-3.112,0.62,,,
[1758212639875102657],6.397,-3.108,1.772,,,
[1758212639880201824],6.675,-2.454,2.078,,,
[1758212639885347866],5.933,-2.725,2.772,,,
[1758212639890440991],6.187,-2.37,2.763,,,
[1758212639895532501],6.144,-3.105,3.663,,,
[1758212639900642397],7.305,-3.153,4.013,,,
[1758212639906949637],8.576,-4.046,5.373,,,
[1758212639912227657],7.875,-3.915,4.659,,,
[1758212639917409741],9.826,-4.343,5.164,,,
[1758212639922655939],8.997,-4.472,5.344,,,
[1758212639927839741],10.872,-5.334,4.633,,,
[1758212639932996824],10.266,-5.42,4.104,,,
[1758212639938120053],12.356,-5.978,3.594,,,
[1758212639943661043],11.071,-5.971,2.947,,,
[1758212639948890157],13.103,-6.153,1.946,,,
[1758212639955270678],12.426,-6.371,0.998,,,
[1758212639960454116],12.507,-5.832,0.486,,,
[1758212639965717710],11.995,-5.94,0.402,,,
[1758212639970861720],11.315,-5.222,-0.338,,,
[1758212639976318491],11.018,-5.148,-0.737,,,
[1758212639981453282],9.567,-4.652,-0.816,,,
[1758212639986607032],9.464,-4.791,-1.156,,,
[1758212639991725887],8.361,-4.056,-1.116,,,
[1758212639996847814],8.389,-3.934,-0.68,,,
[1758212640001980105],7.187,-3.333,-0.194,,,
[1758212640007267866],7.374,-3.278,1.14,,,
[1758212640012600314],5.861,-3.0,1.47,,,
[1758212640017699741],7.032,-3.089,2.344,,,
[1758212640022880730],5.409,-2.643,3.024,,,
[1758212640027952918],7.037,-2.691,3.294,,,
[1758212640033099845],5.866,-2.966,4.384,,,
[1758212640038209949],8.171,-3.646,4.726,,,
[1758212640043337137],7.259,-3.804,4.901,,,
[1758212640048909637],9.498,-4.094,4.621,,,
[1758212640054158022],8.277,-4.24,5.476,,,
[1758212640059288439],10.326,-4.738,5.471,,,
[1758212640064466720],9.613,-5.1,5.085,,,
[1758212640069573230],11.449,-5.286,4.465,,,
[1758212640074720105],11.394,-5.859,3.529,,,
[1758212640079850574],12.684,-5.99,3.055,,,
[1758212640085323491],11.827,-6.17,2.437,,,
[1758212640090555678],12.613,-5.883,1.508,,,
[1758212640095749584],12.493,-6.199,1.085,,,
[1758212640100885157],12.155,-5.521,0.359,,,
[1758212640106112397],11.317,-5.423,0.29,,,
[1758212640111226824],10.779,-5.033,-0.737,,,
[1758212640116443751],10.432,-4.851,-1.106,,,
[1758212640121614584],9.407,-4.472,-1.178,,,
[1758212640126816512],9.603,-4.293,-1.032,,,
[1758212640132008543],7.75,-3.874,-0.737,,,
[1758212640137234324],8.164,-3.534,-0.026,,,
[1758212640142423855],6.732,-3.11,0.699,,,
[1758212640147558699],7.108,-3.026,1.645,,,
[1758212640152790470],5.535,-2.708,2.035,,,
[1758212640158339480],6.924,-2.806,3.261,,,
[1758212640163528230],5.473,-2.835,3.529,,,
[1758212640168675366],7.211,-3.043,3.95,,,
[1758212640173860626],6.761,-3.4,4.092,,,
[1758212640178993178],8.892,-3.836,4.535,,,
[1758212640184115105],7.863,-4.082,4.69,,,
[1758212640189228647],9.826,-4.441,4.982,,,
[1758212640195655678],9.306,-4.812,5.327,,,
[1758212640200951303],10.477,-4.788,4.75,,,
[1758212640206201459],11.044,-5.49,4.147,,,
[1758212640211309845],11.509,-5.382,3.759,,,
[1758212640216464897],12.141,-6.155,2.26,,,
[1758212640221589689],12.21,-6.091,1.618,,,
[1758212640226714168],12.778,-6.335,1.496,,,
[1758212640231874480],12.105,-6.144,0.534,,,
[1758212640237044272],12.684,-6.108,0.723,,,
[1758212640242179220],10.817,-5.21,0.362,,,
[1758212640247317241],11.119,-5.325,-0.412,,,
[1758212640252768282],9.78,-4.717,-0.666,,,
[1758212640257981199],10.357,-4.676,-0.795,,,
[1758212640264321720],8.2,-4.288,-0.74,,,
[1758212640269571564],8.851,-3.879,-0.656,,,
[1758212640274706095],7.051,-3.663,-0.103,,,
[1758212640279817345],7.748,-3.175,0.757,,,
[1758212640284973230],5.868,-3.12,1.271,,,
[1758212640290082709],6.517,-2.708,2.119,,,
[1758212640295219793],5.866,-2.892,2.806,,,
[1758212640300359636],6.323,-2.488,3.227,,,
[1758212640305933855],6.256,-3.11,4.022,,,
[1758212640311185366],7.276,-3.282,3.907,,,
[1758212640316316928],8.406,-3.982,5.006,,,
[1758212640321425991],8.236,-3.754,4.98,,,
[1758212640326568074],9.359,-4.444,5.679,,,
[1758212640331710574],9.409,-4.336,5.325,,,
[1758212640336826147],10.786,-5.181,5.629,,,
[1758212640341964636],10.637,-5.188,4.594,,,
[1758212640347144324],11.712,-5.954,4.288,,,
[1758212640352437866],11.413,-5.916,3.079,,,
[1758212640357614949],12.898,-6.158,2.547,,,
[1758212640362794741],11.744,-5.964,1.762,,,
[1758212640367944480],13.343,-6.227,0.797,,,
[1758212640374538074],11.497,-5.715,0.177,,,
[1758212640379800678],11.765,-5.423,0.0,,,
[1758212640384923907],10.343,-4.97,-0.345,,,
[1758212640390040261],10.726,-4.642,-0.682,,,
[1758212640395190418],9.036,-4.733,-1.144,,,
[1758212640400318803],9.052,-4.073,-1.01,,,
[1758212640405502814],7.875,-3.936,-0.685,,,
[1758212640411776355],7.345,-3.385,-0.256,,,
[1758212640418119897],7.635,-3.23,1.168,,,
[1758212640424406095],5.787,-2.83,1.487,,,
[1758212640429647605],7.025,-2.667,2.272,,,
[1758212640434779793],5.789,-2.717,3.302,,,
[1758212640439887345],7.087,-2.904,3.831,,,
[1758212640445031043],6.527,-3.127,4.202,,,
[1758212640450138907],8.291,-3.807,4.841,,,
[1758212640455320886],7.891,-4.053,4.705,,,
[1758212640460424324],8.808,-4.017,5.207,,,
[1758212640465602032],9.292,-4.492,5.54,,,
[1758212640470810886],10.305,-4.618,4.918,,,
[1758212640475941616],10.271,-5.138,4.729,,,
[1758212640481452866],11.133,-5.392,3.735,,,
[1758212640486591199],12.366,-6.045,2.622,,,
[1758212640491696459],11.722,-5.837,1.887,,,
[1758212640496816876],12.953,-6.302,1.721,,,
[1758212640501933751],12.251,-5.926,0.883,,,
[1758212640507119897],12.773,-6.22,0.515,,,
[1758212640512321095],11.454,-5.516,-0.223,,,
[1758212640517890574],11.509,-5.267,-0.338,,,
[1758212640523087188],9.725,-4.848,-0.397,,,
[1758212640528372449],10.587,-4.918,-0.879,,,
[1758212640533584741],8.294,-4.118,-1.051,,,
[1758212640538725470],9.39,-4.068,-0.757,,,
[1758212640543868022],6.97,-3.737,-0.883,,,
[1758212640549006876],8.011,-3.536,-0.309,,,
[1758212640554216459],5.997,-3.103,1.678,,,
[1758212640559333022],7.302,-3.194,1.712,,,
[1758212640564555991],5.648,-2.674,2.085,,,
[1758212640569766511],6.632,-2.717,3.031,,,
[1758212640574945053],5.744,-2.897,3.792,,,
[1758212640580052241],7.42,-2.966,4.264,,,
[1758212640585180209],7.29,-3.771,5.03,,,
[1758212640590809168],8.222,-3.615,4.527,,,
[1758212640596017918],8.772,-4.259,5.076,,,
[1758212640601201928],9.007,-4.362,5.279,,,
[1758212640606436303],9.957,-4.796,5.104,,,
[1758212640611562761],10.381,-4.958,4.829,,,
[1758212640616690261],10.915,-5.43,4.542,,,
[1758212640621827084],11.179,-5.737,3.033,,,
[1758212640627416563],12.586,-5.995,2.995,,,
[1758212640633779011],11.724,-6.127,1.894,,,
[1758212640638981616],13.317,-6.134,1.037,,,
[1758212640644082761],11.868,-6.045,0.608,,,
[1758212640649205782],12.577,-5.784,0.067,,,
[1758212640654395782],10.262,-4.946,-0.522,,,
[1758212640659542188],11.14,-4.937,-0.991,,,
[1758212640664765834],9.096,-4.841,-0.402,,,
[1758212640669898334],10.034,-4.317,-1.13,,,
[1758212640675074168],8.487,-4.245,-1.051,,,
[1758212640680190730],8.521,-3.891,-0.532,,,
[1758212640685448230],7.008,-3.357,0.218,,,
[1758212640690564324],7.221,-2.928,0.819,,,
[1758212640696089272],6.653,-2.904,1.817,,,
[1758212640701244636],6.237,-2.696,2.169,,,
[1758212640706392449],6.598,-2.95,3.457,,,
[1758212640711515782],5.976,-2.667,3.697,,,
[1758212640716742970],7.017,-3.282,4.013,,,
[1758212640721846615],7.573,-3.56,4.439,,,
[1758212640727124168],8.727,-3.862,4.824,,,
[1758212640732437188],7.951,-3.869,5.064,,,
[1758212640738709584],10.111,-4.484,5.332,,,
[1758212640744149532],9.433,-4.635,5.392,,,
[1758212640749266095],11.281,-5.076,5.322,,,
[1758212640754434115],10.582,-5.425,4.037,,,
[1758212640759559220],12.34,-5.883,2.55,,,
[1758212640764774063],11.645,-5.93,2.835,,,
[1758212640769878178],13.302,-6.404,1.978,,,
[1758212640774993803],12.218,-6.318,0.871,,,
[1758212640780146980],13.369,-5.892,0.041,,,
[1758212640785370990],11.48,-5.691,0.254,,,
[1758212640790608855],11.116,-5.112,-0.177,,,
[1758212640795767397],10.195,-5.109,-0.783,,,
[1758212640800917709],10.252,-4.652,-1.094,,,
[1758212640810139636],9.364,-4.096,-0.91,,,
[1758212640816451355],8.394,-3.9,-0.575,,,
[1758212640821697136],7.19,-3.191,-0.704,,,
[1758212640826839897],7.19,-3.285,1.326,,,
[1758212640831948386],6.187,-2.911,1.776,,,
[1758212640837390053],6.749,-2.737,2.219,,,
[1758212640842573907],5.444,-2.38,2.516,,,
[1758212640847674011],7.005,-2.88,3.649,,,
[1758212640852849897],6.1,-3.074,3.692,,,
[1758212640858030990],8.353,-4.094,4.245,,,
[1758212640863326876],7.626,-3.804,4.834,,,
[1758212640868432657],9.397,-4.185,4.966,,,
[1758212640873589272],8.59,-4.448,5.789,,,
[1758212640878697293],10.446,-4.836,5.571,,,
[1758212640883829584],9.799,-4.889,4.472,,,
[1758212640888980730],12.05,-5.432,4.125,,,
[1758212640894121043],10.939,-5.626,3.548,,,
[1758212640899271720],12.826,-6.041,2.449,,,
[1758212640904494428],12.11,-6.175,1.889,,,
[1758212640909608438],13.269,-6.376,1.444,,,
[1758212640915220417],12.016,-6.16,0.627,,,
[1758212640920394428],12.634,-5.698,0.206,,,
[1758212640925548282],10.858,-5.399,-0.136,,,
[1758212640930721563],10.716,-4.968,-0.658,,,
[1758212640935862292],9.73,-4.817,-0.84,,,
[1758212640941002136],9.45,-4.223,-1.018,,,
[1758212640946529167],8.861,-4.329,-1.113,,,
[1758212640951690365],7.762,-3.745,-1.006,,,
[1758212640956875990],7.875,-3.579,-0.11,,,
[1758212640962121459],6.462,-3.364,0.199,,,
[1758212640967339011],7.032,-3.074,1.875,,,
[1758212640972562605],5.837,-2.562,2.025,,,
[1758212640977706147],6.756,-2.959,3.175,,,
[1758212640982876095],5.466,-2.837,3.318,,,
[1758212640987988959],7.515,-3.148,3.895,,,
[1758212640993125053],6.821,-3.27,3.984,,,
[1758212640998284220],8.899,-3.936,4.559,,,
[1758212641003477136],7.824,-4.049,4.901,,,
[1758212641008744584],9.756,-4.475,5.488,,,
[1758212641013966876],9.122,-4.554,5.476,,,
[1758212641019121459],11.198,-5.191,4.903,,,
[1758212641025813751],11.186,-5.737,4.436,,,
[1758212641031033855],11.825,-5.6,3.103,,,
[1758212641036135053],11.973,-6.153,2.454,,,
[1758212641041225990],12.613,-5.976,2.097,,,
[1758212641046386824],12.778,-6.404,1.695,,,
[1758212641052601042],12.069,-5.986,0.254,,,
[1758212641058132501],12.627,-5.952,0.077,,,
[1758212641064395261],10.101,-5.14,0.132,,,
[1758212641069635105],11.054,-4.922,-0.129,,,
[1758212641074759428],9.048,-4.738,-0.697,,,
[1758212641079862188],9.364,-4.458,-1.195,,,
[1758212641084993126],8.164,-4.135,-0.673,,,
[1758212641090101459],8.473,-3.637,-0.769,,,
[1758212641095214272],6.797,-3.294,-0.048,,,
[1758212641100354115],7.101,-3.098,1.271,,,
[1758212641105496667],5.878,-2.954,2.102,,,
[1758212641110685105],6.546,-2.507,2.466,,,
[1758212641115886928],5.677,-2.82,3.189,,,
[1758212641121027917],6.426,-2.686,3.481,,,
[1758212641126169740],7.362,-3.292,3.938,,,
[1758212641131660574],7.848,-3.479,4.374,,,
[1758212641136800782],8.437,-4.183,4.889,,,
[1758212641141900209],8.648,-3.888,5.449,,,
[1758212641147010157],9.704,-4.614,5.341,,,
[1758212641152184584],9.328,-4.477,4.997,,,
[1758212641157291928],11.152,-5.08,4.944,,,
[1758212641163889063],10.707,-5.325,4.446,,,
[1758212641169230157],12.577,-5.83,3.304,,,
[1758212641174453022],11.53,-6.045,2.567,,,
[1758212641179548022],13.182,-6.249,1.664,,,
[1758212641184674740],12.016,-6.072,1.393,,,
[1758212641189820261],13.173,-6.026,0.5,,,
[1758212641194949584],11.463,-5.674,-0.117,,,
[1758212641200061563],11.88,-4.994,-0.318,,,
[1758212641205243178],10.092,-4.961,-0.814,,,
[1758212641210495626],10.171,-4.654,-0.91,,,
[1758212641215845365],9.012,-4.331,-0.812,,,
[1758212641223300105],7.446,-3.972,-0.721,,,
[1758212641228815417],8.531,-3.95,-0.357,,,
[1758212641233988855],6.182,-3.206,0.845,,,
[1758212641240368386],6.785,-2.914,1.52,,,
[1758212641245594376],5.849,-2.612,2.337,,,
[1758212641250689584],6.318,-2.528,2.251,,,
[1758212641255795938],5.892,-2.935,3.905,,,
[1758212641260947969],6.864,-2.892,3.594,,,
[1758212641266358542],7.977,-3.907,4.511,,,
[1758212641271550365],8.023,-3.778,4.671,,,
[1758212641277908542],9.328,-4.266,5.334,,,
[1758212641284233490],8.454,-4.556,5.674,,,
[1758212641290633386],10.333,-4.683,5.145,,,
[1758212641297006407],10.985,-5.449,4.702,,,
[1758212641302304115],11.255,-5.571,3.644,,,
[1758212641307464115],12.823,-6.065,2.95,,,
[1758212641312719324],11.813,-6.108,1.946,,,
[1758212641317895469],13.46,-6.366,1.398,,,
[1758212641323020886],11.985,-6.191,0.654,,,
[1758212641328143438],12.828,-6.239,0.251,,,
[1758212641333281511],11.109,-5.291,-0.338,,,
[1758212641338386199],11.521,-5.265,-0.713,,,
[1758212641343536042],9.397,-4.788,-0.567,,,
[1758212641349124740],10.532,-4.848,-0.848,,,
[1758212641354287032],8.229,-4.252,-1.101,,,
[1758212641359401719],8.859,-3.984,-0.783,,,
[1758212641364598074],7.094,-3.436,-0.644,,,
[1758212641369705105],7.58,-3.508,-0.012,,,
[1758212641374814688],5.837,-2.969,0.888,,,
[1758212641379911146],7.13,-2.727,1.769,,,
[1758212641385044949],5.631,-2.854,2.32,,,
[1758212641390180886],6.735,-2.808,2.911,,,
[1758212641395368594],5.851,-3.163,4.056,,,
[1758212641400493594],7.4,-3.165,4.219,,,
[1758212641406927917],8.672,-4.003,4.329,,,
[1758212641412198959],7.839,-3.946,4.834,,,
[1758212641417386771],9.093,-4.403,5.136,,,
[1758212641422551251],9.093,-4.578,5.217,,,
[1758212641427683803],11.08,-5.004,5.478,,,
[1758212641432847657],10.199,-5.191,4.915,,,
[1758212641437952240],12.301,-5.789,4.427,,,
[1758212641443065574],11.334,-5.748,2.907,,,
[1758212641448158699],13.096,-6.419,2.598,,,
[1758212641453404792],12.1,-6.014,1.25,,,
[1758212641458990313],13.386,-6.23,0.524,,,
[1758212641464213907],11.636,-5.835,0.362,,,
[1758212641469323230],12.112,-5.796,-0.01,,,
[1758212641474489480],9.708,-5.162,-0.012,,,
[1758212641479605469],11.016,-5.028,-0.807,,,
[1758212641484744324],8.897,-4.7,-0.905,,,
[1758212641489844844],9.629,-4.374,-0.958,,,
[1758212641494984584],7.97,-4.077,-1.075,,,
[1758212641500093959],8.107,-3.742,-0.9,,,
[1758212641505281824],6.752,-3.462,0.096,,,
[1758212641510380157],7.171,-3.237,1.089,,,
[1758212641516968126],6.689,-2.856,1.923,,,
[1758212641522249740],5.737,-2.677,2.174,,,
[1758212641527356094],6.349,-2.935,3.381,,,
[1758212641532543490],5.878,-2.808,3.304,,,
[1758212641537677292],7.807,-3.651,4.089,,,
[1758212641542865261],7.544,-3.795,4.736,,,
[1758212641547971407],9.297,-4.142,5.078,,,
[1758212641553074844],8.191,-4.319,5.255,,,
[1758212641558218646],10.305,-4.583,5.133,,,
[1758212641563491251],9.641,-4.762,4.839,,,
[1758212641568969636],11.377,-5.284,4.211,,,
[1758212641574109271],10.819,-5.538,3.699,,,
[1758212641579213698],12.582,-5.789,3.093,,,
[1758212641584348073],11.638,-5.76,2.128,,,
[1758212641589444167],13.194,-6.357,1.767,,,
[1758212641594581094],11.521,-5.993,1.006,,,
[1758212641599727969],13.202,-6.096,-0.024,,,
[1758212641604871667],11.454,-5.631,0.227,,,
[1758212641610016511],11.624,-4.992,-0.271,,,
[1758212641615269584],10.041,-4.937,-0.522,,,
[1758212641620389532],10.173,-4.65,-0.792,,,
[1758212641626879167],9.091,-4.503,-0.96,,,
[1758212641632169896],8.004,-3.821,-0.783,,,
[1758212641637300730],8.073,-3.807,-0.424,,,
[1758212641642475469],6.744,-3.067,-0.017,,,
[1758212641647608178],7.235,-3.206,0.989,,,
[1758212641652769271],5.753,-2.679,2.263,,,
[1758212641658024480],6.812,-2.816,2.672,,,
[1758212641664343386],5.476,-2.775,3.654,,,
[1758212641669570417],7.214,-3.048,3.974,,,
[1758212641676752240],7.956,-3.74,4.463,,,
[1758212641682017032],8.2,-3.797,4.848,,,
[1758212641687158334],8.768,-4.305,5.148,,,
[1758212641692383438],8.801,-4.326,4.934,,,
[1758212641697514480],10.46,-4.951,5.578,,,
[1758212641702680730],10.048,-5.069,5.344,,,
[1758212641707790365],11.763,-5.641,4.676,,,
[1758212641713053542],10.776,-5.713,3.881,,,
[1758212641718172501],12.68,-6.223,2.646,,,
[1758212641723277553],11.724,-6.189,1.812,,,
[1758212641728406198],13.273,-6.376,1.429,,,
[1758212641735069948],12.012,-6.069,0.848,,,
[1758212641740328386],12.692,-5.535,-0.144,,,
[1758212641745467292],10.681,-5.32,-0.024,,,
[1758212641750592657],10.721,-4.843,-0.522,,,
[1758212641755710626],9.773,-4.93,-0.862,,,
[1758212641760801980],9.62,-4.432,-1.472,,,
[1758212641765991771],8.732,-4.149,-1.068,,,
[1758212641771122188],8.327,-3.393,-0.601,,,
[1758212641776286355],7.18,-3.474,0.168,,,
[1758212641781844323],6.603,-2.837,0.4,,,
[1758212641786988698],6.891,-3.007,1.836,,,
[1758212641792100938],5.969,-2.531,2.207,,,
[1758212641797222917],6.139,-2.629,3.055,,,
[1758212641802363959],5.878,-2.835,3.361,,,
[1758212641807480625],6.948,-3.045,4.544,,,
[1758212641812714844],7.092,-3.639,5.045,,,
[1758212641817895313],8.832,-3.836,4.927,,,
[1758212641823084948],7.851,-3.84,4.922,,,
[1758212641828319844],9.986,-4.336,4.934,,,
[1758212641833453438],9.278,-4.733,5.054,,,
[1758212641838598750],11.135,-5.145,4.958,,,
[1758212641844305573],10.353,-5.279,4.415,,,
[1758212641849435730],12.182,-5.811,3.201,,,
[1758212641854591355],11.425,-5.947,2.614,,,
[1758212641859714636],13.159,-6.184,2.162,,,
[1758212641864929844],12.177,-6.019,1.097,,,
[1758212641870046563],13.214,-6.024,0.338,,,
[1758212641875191928],11.502,-5.918,0.673,,,
[1758212641880331875],11.504,-5.344,-0.429,,,
[1758212641886948750],10.084,-5.114,-0.74,,,
[1758212641892444375],9.637,-4.724,-1.18,,,
[1758212641898844115],9.919,-4.587,-1.092,,,
[1758212641904283803],7.731,-4.116,-0.795,,,
[1758212641909439115],8.657,-3.747,-0.105,,,
[1758212641914647084],6.472,-3.33,0.357,,,
[1758212641919761407],7.738,-3.158,1.211,,,
[1758212641924942344],5.787,-2.811,2.143,,,
[1758212641930073490],6.639,-2.665,2.097,,,
[1758212641935195886],5.638,-2.885,2.801,,,
[1758212641940335053],6.888,-2.993,3.5,,,
[1758212641945589323],6.488,-3.163,4.137,,,
[1758212641952078021],7.621,-3.78,4.049,,,
[1758212641957319115],8.985,-4.29,4.865,,,
[1758212641962525625],8.31,-4.013,5.021,,,
[1758212641967685000],10.017,-4.662,5.188,,,
[1758212641972863282],9.483,-4.98,4.774,,,
[1758212641977970000],11.14,-5.389,5.188,,,
[1758212641983081303],10.803,-5.461,4.312,,,
[1758212641988196875],12.677,-5.861,3.488,,,
[1758212641993386823],11.533,-6.124,2.6,,,
[1758212641999895157],13.266,-6.014,1.664,,,
[1758212642005146250],11.978,-6.158,1.178,,,
[1758212642010279636],12.809,-5.935,0.534,,,
[1758212642015528698],11.018,-5.461,0.33,,,
[1758212642020642865],11.109,-4.99,-0.819,,,
[1758212642025771667],9.991,-5.061,-0.766,,,
[1758212642030921302],9.833,-4.566,-0.953,,,
[1758212642036071719],8.624,-4.53,-0.979,,,
[1758212642041183698],8.662,-3.843,-0.9,,,
[1758212642046339740],7.705,-3.546,-0.357,,,
[1758212642051591615],7.341,-3.218,-0.175,,,
[1758212642057144271],6.792,-3.22,1.281,,,
[1758212642062356667],5.818,-2.55,1.688,,,
[1758212642067561719],6.869,-2.981,2.389,,,
[1758212642072795782],5.66,-2.727,3.079,,,
[1758212642077945469],6.886,-3.213,3.615,,,
[1758212642083048438],6.685,-3.438,3.919,,,
[1758212642088179167],8.547,-3.893,4.827,,,
[1758212642093332969],7.527,-3.788,4.963,,,
[1758212642098524948],9.826,-4.372,5.449,,,
[1758212642104130938],8.705,-4.492,5.104,,,
[1758212642109322448],11.126,-5.107,4.585,,,
[1758212642114510677],10.242,-5.076,4.738,,,
[1758212642119667188],12.057,-5.65,3.682,,,
[1758212642124808855],11.404,-5.89,2.909,,,
[1758212642129924792],12.763,-6.029,2.298,,,
[1758212642135048386],11.739,-6.27,1.767,,,
[1758212642140192500],13.046,-6.081,0.97,,,
[1758212642145472084],12.148,-6.045,0.292,,,
[1758212642150592813],11.971,-5.622,0.127,,,
[1758212642155737917],10.362,-5.157,0.002,,,
[1758212642160864896],10.968,-4.822,-0.381,,,
[1758212642166425365],9.625,-4.896,-1.049,,,
[1758212642171566407],9.076,-4.168,-1.238,,,
[1758212642176719896],8.818,-4.386,-0.747,,,
[1758212642181833959],7.74,-3.405,-0.393,,,
[1758212642186966615],7.611,-3.388,-0.115,,,
[1758212642192168177],6.926,-2.935,1.018,,,
[1758212642197284271],6.689,-2.844,1.748,,,
[1758212642202463802],5.772,-2.602,2.126,,,
[1758212642207622917],6.622,-2.959,3.091,,,
[1758212642214002552],5.564,-2.638,3.431,,,
[1758212642220353229],8.068,-3.522,4.003,,,
[1758212642227047813],8.394,-4.106,4.633,,,
[1758212642233455365],8.14,-3.962,5.385,,,
[1758212642239755052],10.017,-4.501,5.176,,,
[1758212642244970417],9.596,-4.779,5.777,,,
[1758212642250075261],11.468,-5.061,5.037,,,
[1758212642255280677],10.515,-5.389,4.362,,,
[1758212642260426667],12.416,-5.729,3.12,,,
[1758212642265610990],11.624,-6.261,2.828,,,
[1758212642270745938],12.519,-6.098,1.846,,,
[1758212642276195886],12.483,-6.402,1.025,,,
[1758212642281358907],12.591,-5.873,0.251,,,
[1758212642286597865],11.784,-5.691,0.23,,,
[1758212642291719636],10.898,-5.145,-0.869,,,
[1758212642296813959],10.714,-5.069,-0.898,,,
[1758212642301938177],9.407,-4.673,-0.826,,,
[1758212642307095990],9.72,-4.549,-1.168,,,
[1758212642312276771],8.164,-4.099,-1.417,,,
[1758212642317457865],8.523,-4.085,-0.261,,,
[1758212642322646511],7.07,-3.366,-0.249,,,
[1758212642327850677],7.436,-3.464,1.384,,,
[1758212642333439792],5.823,-2.713,1.592,,,
[1758212642338562813],7.118,-2.684,2.552,,,
[1758212642343647657],5.219,-2.581,3.579,,,
[1758212642348732032],6.936,-3.136,3.567,,,
[1758212642353875886],5.751,-3.024,3.85,,,
[1758212642359057917],8.571,-3.828,4.286,,,
[1758212642364250209],7.685,-3.876,4.87,,,
[1758212642369345521],9.354,-4.061,4.719,,,
[1758212642374445938],8.535,-4.334,5.09,,,
[1758212642379550677],10.451,-4.827,5.023,,,
[1758212642385179063],10.077,-5.207,5.035,,,
[1758212642390301354],11.59,-5.622,5.045,,,
[1758212642395389896],11.332,-5.696,3.57,,,
[1758212642400490000],12.809,-5.88,3.036,,,
[1758212642405632917],11.971,-6.256,2.653,,,
[1758212642410749740],13.166,-6.158,1.386,,,
[1758212642417066771],12.402,-6.215,0.716,,,
[1758212642422347032],11.325,-5.409,0.271,,,
[1758212642427478021],11.454,-5.274,-0.271,,,
[1758212642432690052],9.993,-4.985,-0.943,,,
[1758212642437851979],10.441,-4.808,-0.769,,,
[1758212642443266354],8.679,-4.401,-0.879,,,
[1758212642448379115],9.589,-4.228,-0.833,,,
[1758212642453582552],7.381,-3.874,-0.831,,,
[1758212642458784896],8.368,-3.745,-0.146,,,
[1758212642464086250],6.048,-3.227,0.888,,,
[1758212642469201667],7.096,-3.043,1.587,,,
[1758212642501449219],8.358,-3.797,4.444,,,
[1758212642506975729],8.645,-4.221,5.514,,,
[1758212642512186042],9.024,-4.252,5.224,,,
[1758212642517383959],10.661,-5.054,5.368,,,
[1758212642523589792],9.938,-4.973,4.937,,,
[1758212642529735365],12.392,-5.71,4.046,,,
[1758212642534385469],11.289,-5.827,2.665,,,
[1758212642538894219],12.792,-6.093,2.025,,,
[1758212642543441823],11.894,-6.057,1.8,,,
[1758212642547957084],13.513,-6.175,1.36,,,
[1758212642552444115],11.959,-6.017,0.338,,,
[1758212642556927709],12.632,-5.89,0.639,,,
[1758212642561443334],11.246,-5.282,-0.136,,,
[1758212642566007656],10.839,-5.217,-0.579,,,
[1758212642570602396],10.69,-5.126,-0.737,,,
[1758212642575932604],9.431,-4.774,-1.101,,,
[1758212642580492292],9.373,-4.209,-1.056,,,
[1758212642585033438],8.461,-4.073,-0.795,,,
[1758212642589548281],8.899,-3.876,-1.006,,,
[1758212642594139740],6.814,-3.579,-0.215,,,
[1758212642598675313],7.882,-3.402,0.508,,,
[1758212642603178229],5.758,-3.098,1.18,,,
[1758212642607682448],7.12,-2.916,2.035,,,
[1758212642612358594],5.602,-2.624,2.349,,,
[1758212642616955781],6.421,-2.693,3.218,,,
[1758212642621526094],6.122,-2.528,3.34,,,
[1758212642626095469],6.979,-3.414,4.197,,,
[1758212642631072448],7.963,-3.361,3.692,,,
[1758212642636207084],7.779,-3.948,5.318,,,
[1758212642642828594],7.879,-4.276,5.365,,,
[1758212642648064115],9.754,-4.532,5.411,,,
[1758212642653162136],9.148,-4.496,5.437,,,
[1758212642658238438],10.961,-5.179,4.908,,,
[1758212642663388125],10.424,-5.363,4.166,,,
[1758212642668516094],12.558,-5.966,3.338,,,
[1758212642673711563],11.54,-5.83,2.605,,,
[1758212642678826875],13.264,-6.203,1.707,,,
[1758212642684391979],11.954,-6.017,1.132,,,
[1758212642690450677],13.068,-6.057,0.484,,,
[1758212642695640729],11.507,-5.727,0.283,,,
[1758212642700764896],11.1,-4.942,-0.187,,,
[1758212642705924896],10.302,-5.1,-0.627,,,
