timestamp,x1,y1,z1,x2,y2,z2
[1758212465962477880],8.765,-2.552,16.039,,,
[1758212465967599911],12.115,-6.536,7.022,,,
[1758212465972798401],19.613,-11.519,-1.233,,,
[1758212465978036422],19.613,-13.398,-9.902,,,
[1758212465983126213],19.508,-12.321,-13.589,,,
[1758212465988214338],12.167,-8.717,-13.3,,,
[1758212465993362568],6.718,-3.687,-10.209,,,
[1758212465998489130],-2.689,0.333,0.972,,,
[1758212466003643557],-3.737,3.876,9.371,,,
[1758212466008733713],-5.025,6.749,16.139,,,
[1758212466013906474],10.326,0.67,19.462,,,
[1758212466019100953],10.585,-3.127,15.124,,,
[1758212466024214234],14.162,-5.978,9.582,,,
[1758212466029542359],19.613,-11.875,0.532,,,
[1758212466034704234],19.613,-13.008,-8.796,,,
[1758212466039799703],19.613,-12.139,-14.909,,,
[1758212466044953088],12.883,-7.664,-14.339,,,
[1758212466050073557],4.585,-3.551,-9.364,,,
[1758212466055288713],-2.452,1.164,0.314,,,
[1758212466060413140],-4.48,3.67,8.394,,,
[1758212466065868870],-12.651,4.489,15.902,,,
[1758212466071035693],10.01,0.991,18.727,,,
[1758212466076269755],10.946,-3.014,14.913,,,
[1758212466081397307],14.732,-6.845,11.686,,,
[1758212466086548557],19.613,-11.813,-0.828,,,
[1758212466091658245],19.613,-13.597,-10.096,,,
[1758212466096781474],19.482,-11.89,-14.195,,,
[1758212466101896630],14.509,-7.563,-14.245,,,
[1758212466107125745],3.39,-3.206,-8.997,,,
[1758212466112357984],-1.887,0.809,1.346,,,
[1758212466117587255],-5.104,3.512,9.048,,,
[1758212466122739130],-15.483,7.554,17.104,,,
[1758212466127903349],3.302,-1.262,18.864,,,
[1758212466133079703],9.457,-3.577,15.615,,,
[1758212466138649651],13.168,-6.891,5.705,,,
[1758212466143794599],19.613,-11.72,-1.683,,,
[1758212466148915172],19.613,-13.182,-10.336,,,
[1758212466154117984],19.534,-11.214,-14.028,,,
[1758212466159229495],10.922,-7.238,-13.534,,,
[1758212466164353088],3.79,-2.969,-8.497,,,
[1758212466169464495],-2.811,1.334,1.171,,,
[1758212466177717620],-0.045,5.006,19.46,,,
[1758212466184114495],-2.883,-0.474,19.613,,,
[1758212466189361630],9.661,-2.966,15.347,,,
[1758212466194492932],13.92,-5.959,6.345,,,
[1758212466199617359],19.613,-11.892,0.895,,,
[1758212466204843713],19.613,-13.477,-7.642,,,
[1758212466209953661],19.613,-12.309,-15.071,,,
[1758212466215078765],14.377,-8.818,-14.48,,,
[1758212466220194495],6.345,-3.998,-9.495,,,
[1758212466225373713],-0.539,0.907,-0.019,,,
[1758212466230586995],-4.037,3.802,8.497,,,
[1758212466235679026],-14.198,9.644,14.095,,,
[1758212466240784234],0.821,-1.19,16.477,,,
[1758212466246257620],8.32,-3.517,14.89,,,
[1758212466251387463],13.621,-7.032,11.863,,,
[1758212466256615849],19.613,-11.662,-1.346,,,
[1758212466261727567],19.613,-13.563,-7.755,,,
[1758212466266859390],19.561,-12.21,-13.151,,,
[1758212466271965172],13.941,-8.918,-12.78,,,
[1758212466277095380],4.76,-3.692,-9.275,,,
[1758212466283414078],-1.216,2.035,1.724,,,
[1758212466290040849],-4.662,2.938,11.617,,,
[1758212466295275432],2.133,3.512,19.613,,,
[1758212466300392203],5.162,-2.306,19.46,,,
[1758212466305597515],13.898,-4.501,14.463,,,
[1758212466310681474],19.613,-11.169,5.339,,,
[1758212466315766265],19.613,-12.433,-4.628,,,
[1758212466320869338],19.613,-13.757,-12.124,,,
[1758212466326074651],17.277,-10.482,-14.724,,,
[1758212466331228661],10.195,-7.427,-10.982,,,
[1758212466336427984],1.58,-0.457,-4.697,,,
[1758212466341529442],-3.464,2.954,5.267,,,
[1758212466346651370],-3.745,2.591,14.403,,,
[1758212466352213349],3.115,3.45,19.561,,,
[1758212466357414911],-0.769,-0.998,19.0,,,
[1758212466362603297],14.387,-4.978,15.476,,,
[1758212466367726213],19.613,-10.044,4.434,,,
[1758212466372872047],19.613,-12.962,-5.875,,,
[1758212466377965224],19.613,-13.558,-12.984,,,
[1758212466383114963],17.475,-10.386,-14.992,,,
[1758212466388230692],8.72,-6.455,-12.541,,,
[1758212466393370015],2.851,-1.587,-2.923,,,
[1758212466398964547],-5.346,3.196,6.531,,,
[1758212466404147880],1.362,3.002,18.308,,,
[1758212466409239130],-1.422,4.171,14.162,,,
[1758212466414376838],8.605,-0.347,17.712,,,
[1758212466419490849],13.625,-4.523,15.253,,,
[1758212466424576786],17.774,-11.612,4.436,,,
[1758212466429719703],19.613,-12.591,-5.672,,,
[1758212466434876265],19.613,-12.699,-12.582,,,
[1758212466440065953],16.271,-10.439,-14.504,,,
[1758212466445266422],8.629,-6.366,-11.787,,,
[1758212466450414494],1.214,-1.214,-4.614,,,
[1758212466455707828],-3.541,2.878,5.571,,,
[1758212466462224182],0.611,8.181,18.459,,,
[1758212466468519807],-2.54,-2.375,15.629,,,
[1758212466473780276],12.086,-3.675,15.208,,,
[1758212466478891838],12.869,-6.62,7.74,,,
[1758212466484029807],19.613,-12.182,-0.551,,,
[1758212466489143036],19.613,-13.561,-8.861,,,
[1758212466494297307],19.613,-11.715,-13.997,,,
[1758212466499432619],12.505,-7.975,-13.012,,,
[1758212466504944494],5.078,-2.356,-8.672,,,
[1758212466510083557],-2.842,1.731,-0.309,,,
[1758212466515330172],-4.075,3.575,8.507,,,
[1758212466520429442],-16.403,3.843,15.476,,,
[1758212466525621317],10.238,-1.329,19.527,,,
[1758212466530745224],10.101,-3.194,16.041,,,
[1758212466535846838],13.029,-5.981,5.72,,,
[1758212466540988557],19.613,-11.916,-2.025,,,
[1758212466546167567],19.613,-13.235,-10.25,,,
[1758212466551302411],19.613,-12.019,-14.432,,,
[1758212466556583974],11.875,-7.626,-15.146,,,
[1758212466561700119],5.476,-3.974,-9.534,,,
[1758212466567193505],-2.682,1.719,1.47,,,
[1758212466572464442],-3.622,3.472,8.289,,,
[1758212466577637880],-16.144,2.995,17.008,,,
[1758212466582838609],9.907,2.375,16.079,,,
[1758212466587980224],11.265,-3.151,15.27,,,
[1758212466593110015],14.138,-7.724,4.911,,,
[1758212466598228349],19.613,-11.631,-1.674,,,
[1758212466603448661],19.613,-12.893,-11.19,,,
[1758212466608645484],18.045,-11.674,-14.174,,,
[1758212466614279234],12.574,-6.95,-13.738,,,
[1758212466619423765],1.956,-2.636,-8.171,,,
[1758212466624525171],-2.813,2.03,1.152,,,
[1758212466629737411],-4.029,4.259,8.471,,,
[1758212466634940953],-11.851,2.82,17.467,,,
[1758212466640106526],11.15,0.28,16.786,,,
[1758212466645244390],11.724,-4.135,15.265,,,
[1758212466650373296],14.064,-11.758,5.622,,,
[1758212466655653974],19.613,-12.596,-1.906,,,
[1758212466660841786],19.613,-13.216,-11.535,,,
[1758212466665956942],17.892,-11.167,-14.396,,,
[1758212466671075067],12.402,-7.745,-13.771,,,
[1758212466677648244],-0.35,-0.871,-2.792,,,
[1758212466683946526],-4.039,3.124,6.414,,,
[1758212466689153713],0.51,6.812,15.1,,,
[1758212466694286161],-1.944,4.29,15.649,,,
[1758212466699397255],8.732,-2.023,17.011,,,
[1758212466704595744],14.408,-5.418,12.589,,,
[1758212466709707515],19.613,-9.972,1.305,,,
[1758212466714838036],19.613,-12.749,-8.09,,,
[1758212466721059338],19.613,-12.347,-14.487,,,
[1758212466727424026],11.138,-7.791,-13.448,,,
[1758212466733835953],1.848,-1.554,-5.15,,,
[1758212466740130119],-4.233,2.605,4.922,,,
[1758212466746579234],0.002,8.284,14.253,,,
[1758212466751792984],8.37,-1.034,19.467,,,
[1758212466756964755],8.303,-3.211,15.996,,,
[1758212466762075849],14.212,-5.471,11.787,,,
[1758212466767236682],19.613,-9.967,0.144,,,
[1758212466772501734],19.613,-13.779,-9.299,,,
[1758212466777728713],19.611,-11.93,-14.554,,,
[1758212466784131005],12.182,-7.168,-14.885,,,
[1758212466789370796],3.211,-3.249,-6.469,,,
[1758212466794542151],-2.229,1.209,1.592,,,
[1758212466799917151],-3.776,3.91,8.806,,,
[1758212466805554546],-11.926,2.82,19.613,,,
[1758212466810676317],11.497,-0.271,16.036,,,
[1758212466815834755],12.728,-4.513,13.111,,,
[1758212466820946786],16.202,-12.139,5.009,,,
[1758212466826114963],19.613,-12.464,-1.501,,,
[1758212466831369651],19.613,-13.218,-10.642,,,
[1758212466836514651],17.573,-11.279,-14.669,,,
[1758212466841632411],11.483,-7.384,-12.675,,,
[1758212466846780223],3.029,-2.085,-6.912,,,
[1758212466852250953],-2.638,1.899,2.883,,,
[1758212466857396734],-4.913,3.378,9.031,,,
[1758212466862660015],-0.266,2.528,19.613,,,
[1758212466867872307],9.742,-1.204,15.088,,,
[1758212466873138140],14.803,-4.647,15.282,,,
[1758212466878283296],15.318,-10.977,2.126,,,
[1758212466883425744],19.613,-12.84,-3.819,,,
[1758212466888853817],19.613,-12.91,-11.93,,,
[1758212466894008296],16.618,-10.712,-14.547,,,
[1758212466899117880],8.334,-7.08,-11.066,,,
[1758212466904227515],1.585,-1.156,-5.241,,,
[1758212466909344755],-4.243,2.574,3.859,,,
[1758212466914714078],-3.414,3.218,17.049,,,
[1758212466919860223],0.742,4.293,19.613,,,
[1758212466924988609],6.438,-1.336,18.507,,,
[1758212466930144859],14.188,-4.946,14.145,,,
[1758212466935316526],17.909,-12.38,1.176,,,
[1758212466940428609],19.613,-13.168,-4.587,,,
[1758212466945540953],19.613,-13.209,-11.631,,,
[1758212466950665536],18.117,-11.198,-15.191,,,
[1758212466956275015],8.174,-6.158,-12.998,,,
[1758212466961435536],2.033,-1.508,-5.425,,,
[1758212466966627776],-4.547,2.851,4.367,,,
[1758212466971720796],-3.385,2.61,13.317,,,
[1758212466976842932],2.095,3.991,19.613,,,
[1758212466981931786],8.487,0.306,19.613,,,
[1758212466987037828],12.213,-4.468,14.26,,,
[1758212466992254963],19.613,-13.034,0.486,,,
[1758212466997930744],19.613,-13.156,-7.384,,,
[1758212467003098713],19.613,-12.967,-13.199,,,
[1758212467008218973],15.979,-9.761,-15.28,,,
[1758212467013473348],8.612,-5.344,-11.171,,,
[1758212467018590588],-0.426,-0.757,-4.082,,,
[1758212467023685119],-3.476,3.179,5.353,,,
[1758212467028811057],-3.007,2.289,16.548,,,
[1758212467033969807],1.585,4.108,14.703,,,
[1758212467039205328],-0.05,-2.732,18.198,,,
[1758212467044342411],15.076,-4.769,14.794,,,
[1758212467049475380],19.613,-12.795,2.461,,,
[1758212467054625796],19.613,-12.835,-5.25,,,
[1758212467059783400],19.613,-12.955,-11.313,,,
[1758212467065306317],16.336,-9.361,-15.675,,,
[1758212467070416578],8.437,-5.969,-10.74,,,
[1758212467075538817],-0.503,0.11,-3.613,,,
[1758212467080703348],-3.936,2.741,5.552,,,
[1758212467085862880],-1.779,3.254,17.528,,,
[1758212467091019338],1.094,4.422,12.759,,,
[1758212467096167203],-0.63,-1.298,17.229,,,
[1758212467101277203],14.301,-5.32,13.831,,,
[1758212467106725119],19.613,-11.693,5.449,,,
[1758212467111861734],19.613,-12.347,-5.514,,,
[1758212467117194546],19.613,-12.419,-12.634,,,
[1758212467122372203],16.616,-9.438,-14.664,,,
[1758212467127553192],6.06,-5.045,-10.877,,,
[1758212467134552463],-1.094,2.088,-0.596,,,
[1758212467139808817],-4.293,3.175,9.256,,,
[1758212467144961421],-16.867,5.442,14.461,,,
[1758212467150126473],-3.294,-2.734,15.782,,,
[1758212467155394182],14.456,-3.251,15.931,,,
[1758212467160520588],13.891,-7.262,10.889,,,
[1758212467165744911],19.613,-12.649,-1.647,,,
[1758212467171998192],19.613,-13.534,-9.692,,,
[1758212467178293192],16.058,-10.997,-15.04,,,
[1758212467184787828],6.278,-4.681,-9.649,,,
[1758212467190029546],-0.888,-0.007,-3.354,,,
[1758212467195146161],-4.597,3.385,4.803,,,
[1758212467200245067],2.325,7.807,19.53,,,
[1758212467205377619],-3.584,4.63,14.942,,,
[1758212467210490536],9.033,-1.915,14.763,,,
[1758212467215998973],13.149,-4.841,12.725,,,
[1758212467221111942],19.613,-12.5,4.123,,,
[1758212467226258713],19.613,-13.293,-7.3,,,
[1758212467231631838],19.613,-12.778,-12.598,,,
[1758212467236811630],12.481,-8.938,-13.051,,,
[1758212467241935119],7.3,-4.604,-9.505,,,
[1758212467247062202],-2.418,0.682,-3.141,,,
[1758212467252197098],-3.682,2.883,5.001,,,
[1758212467257291630],-0.539,8.133,18.127,,,
[1758212467262635640],-2.729,-1.314,15.84,,,
[1758212467268930952],10.733,-3.371,16.932,,,
[1758212467274181317],14.301,-6.328,6.177,,,
[1758212467279299234],19.613,-11.763,-1.197,,,
[1758212467284453557],19.613,-13.329,-8.186,,,
[1758212467289872515],19.518,-11.839,-13.551,,,
[1758212467295026265],11.756,-7.061,-15.591,,,
[1758212467300132411],3.644,-3.534,-8.973,,,
[1758212467305244755],-2.459,1.58,0.053,,,
[1758212467310475588],-3.553,3.587,8.102,,,
[1758212467316846630],-9.285,3.862,19.613,,,
[1758212467323356630],9.376,-1.697,19.199,,,
[1758212467328594650],13.609,-4.228,14.186,,,
[1758212467333731421],19.613,-12.354,2.634,,,
[1758212467338840119],19.613,-13.137,-7.417,,,
[1758212467343973973],19.613,-12.706,-12.622,,,
[1758212467349130484],15.265,-9.95,-14.681,,,
[1758212467354226317],8.43,-5.248,-10.901,,,
[1758212467359332307],0.072,-1.343,-3.503,,,
[1758212467364536109],-4.276,2.514,5.004,,,
[1758212467369719130],-2.418,2.251,19.613,,,
[1758212467374853713],1.063,4.724,13.252,,,
[1758212467379952567],3.194,-1.003,17.59,,,
[1758212467385070640],14.353,-4.137,15.285,,,
[1758212467390163557],19.613,-12.883,2.861,,,
[1758212467395429755],19.613,-12.926,-6.644,,,
[1758212467400527567],19.613,-13.57,-12.998,,,
[1758212467405686265],16.419,-10.36,-15.696,,,
[1758212467410865796],8.768,-6.369,-11.267,,,
[1758212467416119025],0.725,-0.247,-2.746,,,
[1758212467421758557],-3.378,2.866,5.452,,,
[1758212467426899546],-3.206,3.888,17.538,,,
[1758212467432382359],-3.153,4.41,19.237,,,
[1758212467437592098],2.82,-2.286,16.12,,,
[1758212467442785484],15.287,-5.619,14.188,,,
[1758212467447937932],19.613,-10.3,1.681,,,
[1758212467453075067],19.613,-13.542,-7.46,,,
[1758212467458266421],19.613,-12.9,-13.556,,,
[1758212467463610067],15.172,-9.653,-14.863,,,
[1758212467468785171],5.698,-5.306,-11.138,,,
[1758212467473954390],-0.144,0.105,-1.391,,,
[1758212467479108504],-4.731,3.505,6.931,,,
[1758212467484242359],2.842,10.022,14.825,,,
[1758212467489386525],-3.263,-1.525,14.863,,,
[1758212467494507150],8.15,-1.987,15.546,,,
[1758212467499638817],13.364,-5.205,13.898,,,
[1758212467505217307],19.613,-11.65,-0.287,,,
[1758212467510534598],19.613,-13.551,-8.009,,,
[1758212467517086369],18.924,-11.677,-13.898,,,
[1758212467522383452],13.357,-7.59,-15.107,,,
[1758212467527506213],2.356,-2.586,-8.863,,,
[1758212467532687411],-2.052,1.228,1.106,,,
[1758212467538126629],-4.659,3.977,10.063,,,
[1758212467543248400],-15.541,3.797,19.125,,,
[1758212467548363140],2.004,-0.706,19.613,,,
[1758212467553499546],14.322,-3.706,15.361,,,
[1758212467558693661],14.145,-7.889,5.243,,,
[1758212467563995848],19.613,-12.151,-2.236,,,
[1758212467569168557],19.613,-13.714,-11.384,,,
[1758212467574298973],19.553,-11.87,-14.514,,,
[1758212467579470952],11.468,-6.962,-13.46,,,
[1758212467584636682],2.282,-2.002,-7.669,,,
[1758212467589782046],-3.299,2.028,2.988,,,
[1758212467594908452],-3.838,3.824,8.119,,,
[1758212467600021734],-12.706,2.363,17.467,,,
[1758212467605320119],9.0,2.526,18.208,,,
[1758212467610874702],14.248,-4.678,16.173,,,
[1758212467616189390],18.234,-10.932,6.175,,,
[1758212467621316890],19.613,-13.056,-4.86,,,
[1758212467626449077],19.613,-13.144,-11.444,,,
[1758212467631651629],19.46,-10.97,-13.551,,,
[1758212467636811057],9.256,-6.211,-12.194,,,
[1758212467641934754],2.811,-2.085,-7.034,,,
[1758212467647448452],-4.508,2.579,5.016,,,
[1758212467653830692],-1.231,6.402,18.545,,,
[1758212467659066213],-3.244,4.597,19.573,,,
[1758212467664233765],3.026,-0.223,16.333,,,
[1758212467669330692],13.774,-5.047,14.904,,,
[1758212467674483713],19.613,-10.003,3.61,,,
[1758212467679591265],19.613,-12.809,-6.991,,,
[1758212467684712931],19.613,-12.692,-13.776,,,
[1758212467689846629],16.214,-9.89,-14.504,,,
[1758212467695032359],7.405,-5.198,-11.356,,,
[1758212467700263869],0.874,-0.271,-3.44,,,
[1758212467705380536],-4.113,3.127,4.506,,,
[1758212467710499598],2.971,4.946,17.011,,,
[1758212467717184859],5.277,2.55,17.444,,,
[1758212467722520796],12.89,-3.244,17.087,,,
[1758212467727656421],9.12,-5.895,12.016,,,
[1758212467732822567],19.613,-12.129,-0.086,,,
[1758212467737955171],19.613,-14.052,-8.535,,,
[1758212467743075171],19.613,-12.23,-14.31,,,
[1758212467748198348],12.735,-8.78,-14.26,,,
[1758212467753631317],6.44,-3.862,-9.105,,,
[1758212467758767411],-2.286,1.02,0.589,,,
[1758212467764102202],-3.536,3.354,8.241,,,
[1758212467769240119],-11.633,5.521,15.9,,,
[1758212467774415119],-1.226,3.251,14.078,,,
[1758212467779531890],8.559,-3.622,14.514,,,
[1758212467784674963],14.619,-6.692,8.068,,,
[1758212467789857150],19.613,-11.485,-0.697,,,
[1758212467795045796],19.613,-13.194,-10.13,,,
[1758212467800205692],19.613,-11.712,-14.447,,,
[1758212467805342411],12.33,-8.059,-14.784,,,
[1758212467810565588],5.476,-3.974,-8.679,,,
[1758212467815759234],-2.303,0.991,0.706,,,
[1758212467820874286],-4.345,2.921,7.733,,,
[1758212467828775431],-3.165,2.061,18.057,,,
[1758212467834291577],7.736,-1.666,17.731,,,
[1758212467839434911],12.57,-4.101,14.916,,,
[1758212467844561994],19.613,-12.11,3.371,,,
[1758212467849715692],19.613,-12.967,-4.784,,,
[1758212467854829754],19.613,-13.06,-12.103,,,
[1758212467861950379],14.547,-9.483,-13.958,,,
[1758212467867261994],5.083,-3.299,-10.166,,,
[1758212467872537931],-1.144,0.924,-0.29,,,
[1758212467877658504],-4.855,3.591,7.915,,,
[1758212467882815379],-9.876,7.288,14.645,,,
[1758212467887931733],-3.886,3.122,14.947,,,
[1758212467893046890],7.752,-2.497,16.34,,,
[1758212467898146942],13.084,-8.042,7.81,,,
[1758212467903254546],19.613,-11.401,-0.694,,,
[1758212467908350327],19.613,-13.441,-8.344,,,
[1758212467913549806],19.613,-12.337,-14.164,,,
[1758212467918664494],12.529,-9.026,-13.867,,,
[1758212467923790640],6.306,-4.216,-9.237,,,
[1758212467928902202],-2.251,0.663,-0.158,,,
[1758212467934456942],-4.903,4.039,7.173,,,
[1758212467939585536],-18.778,4.729,15.016,,,
[1758212467944720952],3.663,1.793,17.578,,,
[1758212467949814338],11.351,-2.921,15.878,,,
[1758212467954919338],12.759,-6.206,11.308,,,
[1758212467960014911],19.613,-10.764,0.68,,,
[1758212467965221265],19.613,-13.463,-8.418,,,
[1758212467972416525],19.398,-10.731,-13.867,,,
[1758212467978043556],8.657,-6.206,-13.592,,,
[1758212467983194494],2.298,-2.222,-4.484,,,
[1758212467988302046],-4.47,2.399,5.155,,,
[1758212467993435900],-2.174,4.068,15.395,,,
[1758212467998543296],-3.713,4.065,19.613,,,
[1758212468003621942],15.739,-1.29,19.482,,,
[1758212468008729025],14.483,-4.161,14.231,,,
[1758212468013959025],19.613,-9.594,5.296,,,
[1758212468019112411],19.613,-12.996,-2.976,,,
[1758212468024316733],19.613,-12.847,-12.665,,,
[1758212468029423036],17.734,-10.642,-14.978,,,
[1758212468034566473],10.968,-6.273,-11.451,,,
[1758212468040068504],1.154,-1.3,-4.266,,,
[1758212468045207671],-4.089,3.112,3.503,,,
[1758212468050296681],1.798,2.076,19.613,,,
[1758212468055391733],-2.552,2.035,18.79,,,
[1758212468060483296],5.576,-1.341,17.394,,,
[1758212468065675848],12.567,-2.358,14.909,,,
[1758212468070786369],18.474,-12.567,2.102,,,
[1758212468075941213],19.613,-13.115,-3.824,,,
[1758212468081189546],19.613,-13.951,-10.63,,,
[1758212468086945952],15.014,-9.953,-14.851,,,
[1758212468092064494],9.414,-6.134,-11.384,,,
[1758212468097246681],0.407,-0.836,-5.294,,,
[1758212468102383296],-3.333,2.437,6.244,,,
[1758212468107509963],-3.575,3.96,17.25,,,
[1758212468112951213],-0.883,3.689,19.459,,,
[1758212468118131838],14.047,1.475,18.924,,,
[1758212468123313660],14.827,-4.829,15.407,,,
[1758212468128598608],19.459,-10.235,2.904,,,
[1758212468133845640],19.613,-13.118,-7.211,,,
[1758212468139388504],19.613,-12.773,-12.04,,,
[1758212468144549494],15.909,-9.761,-13.637,,,
[1758212468151701994],5.416,-2.823,-8.198,,,
[1758212468156952410],-4.087,1.458,0.809,,,
[1758212468162064129],-3.941,2.579,5.986,,,
[1758212468167253713],-14.325,3.63,17.059,,,
[1758212468172420900],0.979,0.388,19.58,,,
[1758212468177544181],11.291,-3.108,16.908,,,
[1758212468182706994],16.168,-7.549,7.125,,,
[1758212468187851733],19.613,-12.512,-1.24,,,
[1758212468194344806],19.613,-13.379,-10.625,,,
[1758212468199581004],18.033,-10.906,-14.188,,,
[1758212468204675119],10.463,-7.072,-12.608,,,
[1758212468209863921],2.054,-2.365,-5.526,,,
[1758212468215069181],-4.424,2.799,3.496,,,
[1758212468220177098],-3.302,3.807,12.155,,,
[1758212468225296838],0.855,3.508,18.54,,,
[1758212468230423713],15.182,-2.931,19.501,,,
[1758212468235636681],14.317,-4.022,16.07,,,
[1758212468240870067],19.613,-10.039,2.95,,,
[1758212468246413713],19.613,-12.835,-5.246,,,
[1758212468251531421],19.613,-13.532,-11.157,,,
[1758212468256798765],16.194,-11.004,-14.662,,,
[1758212468261928869],10.491,-6.984,-11.394,,,
[1758212468267136785],1.281,-1.025,-4.659,,,
[1758212468272383608],-2.921,3.038,4.108,,,
[1758212468277557306],0.333,3.153,17.322,,,
[1758212468282772671],-1.731,1.465,15.668,,,
[1758212468287927827],4.549,0.091,17.087,,,
[1758212468293163660],14.2,-4.094,14.803,,,
[1758212468299591838],19.613,-12.184,3.644,,,
[1758212468304872515],19.613,-13.012,-8.452,,,
[1758212468309990744],19.613,-12.881,-13.953,,,
[1758212468315203869],15.89,-9.273,-14.751,,,
[1758212468320326265],6.488,-4.915,-9.653,,,
[1758212468325443608],-1.669,0.587,-1.954,,,
[1758212468330556837],-3.807,2.94,6.44,,,
[1758212468335737098],-2.485,6.553,18.399,,,
[1758212468340865015],-2.856,4.207,19.587,,,
[1758212468346059598],5.954,0.223,15.562,,,
[1758212468351155640],14.892,-5.701,8.238,,,
[1758212468356290587],19.459,-11.049,0.915,,,
[1758212468361473035],19.613,-13.982,-7.317,,,
[1758212468367093556],19.527,-12.629,-14.753,,,
[1758212468372306837],15.258,-8.916,-13.786,,,
[1758212468377454233],6.381,-3.943,-9.505,,,
[1758212468382627619],-0.618,0.824,-1.583,,,
[1758212468387745640],-5.205,3.598,6.527,,,
[1758212468392951890],-14.751,9.191,15.309,,,
[1758212468401256160],7.685,0.8,16.874,,,
[1758212468406493140],12.543,-3.12,16.757,,,
[1758212468411740067],19.352,-12.919,3.194,,,
[1758212468416947358],19.613,-12.79,-5.935,,,
[1758212468422062827],19.613,-13.635,-11.509,,,
[1758212468427215171],15.996,-10.738,-14.461,,,
[1758212468432439390],10.221,-5.641,-12.665,,,
[1758212468437662827],0.158,-0.927,-6.1,,,
[1758212468443332462],-2.887,2.258,4.185,,,
[1758212468448502202],-2.998,6.622,16.245,,,
[1758212468453704181],-0.666,3.373,19.613,,,
[1758212468458839858],14.813,1.508,19.503,,,
[1758212468464061265],15.04,-4.527,15.253,,,
[1758212468469215171],19.613,-10.736,3.632,,,
[1758212468474657983],19.613,-13.127,-7.628,,,
[1758212468479821317],19.613,-13.123,-12.761,,,
[1758212468485007567],15.024,-9.572,-15.373,,,
[1758212468490150067],7.623,-5.746,-11.255,,,
[1758212468495398140],-0.304,-0.73,-2.907,,,
[1758212468500501056],-4.669,2.682,4.396,,,
[1758212468505640171],3.033,10.321,15.208,,,
[1758212468512933608],1.985,0.189,17.983,,,
[1758212468519307723],12.763,-2.71,18.677,,,
[1758212468524787462],18.182,-11.645,3.879,,,
[1758212468529927098],19.613,-13.266,-2.459,,,
[1758212468535099494],19.613,-12.938,-11.552,,,
[1758212468540239598],17.832,-10.652,-15.282,,,
[1758212468545386942],9.972,-6.591,-14.799,,,
[1758212468550477931],2.789,-2.476,-4.573,,,
[1758212468555565379],-3.297,2.188,3.747,,,
[1758212468560675327],-2.823,3.062,14.6,,,
[1758212468566001837],-5.43,3.682,19.032,,,
[1758212468571101317],9.333,-3.699,19.153,,,
[1758212468576225379],13.281,-4.515,14.638,,,
[1758212468581657619],19.613,-9.742,4.616,,,
[1758212468586806160],19.613,-12.553,-5.349,,,
[1758212468591916473],19.613,-13.87,-13.056,,,
[1758212468597053764],15.773,-10.678,-14.897,,,
[1758212468602205952],10.549,-6.088,-13.695,,,
[1758212468607307879],0.692,-1.836,-7.235,,,
[1758212468612645639],-2.614,1.877,4.271,,,
[1758212468618929389],-1.69,8.856,15.172,,,
[1758212468625350952],-3.946,1.113,13.094,,,
[1758212468630583400],9.503,-3.359,15.165,,,
[1758212468635722619],14.181,-5.806,11.511,,,
[1758212468640854910],19.613,-10.693,-0.95,,,
[1758212468645987150],19.613,-12.938,-8.231,,,
[1758212468651071681],19.613,-12.462,-13.364,,,
[1758212468656165067],12.186,-9.048,-14.104,,,
[1758212468661282254],6.941,-4.247,-8.772,,,
[1758212468666494025],-1.607,0.385,-2.241,,,
[1758212468671687462],-3.91,2.854,5.54,,,
[1758212468676810275],-1.992,7.448,14.913,,,
[1758212468681907410],-2.272,4.101,13.024,,,
[1758212468687138244],1.18,-2.65,14.526,,,
[1758212468692278712],15.718,-6.029,12.524,,,
[1758212468697471317],19.613,-11.372,2.392,,,
[1758212468702636681],19.613,-13.029,-6.874,,,
[1758212468707725744],19.613,-12.213,-13.345,,,
[1758212468713126994],15.505,-9.002,-13.87,,,
[1758212468718251004],5.799,-3.634,-10.044,,,
[1758212468723379910],-0.575,0.642,-2.112,,,
[1758212468728572358],-5.028,3.115,7.008,,,
[1758212468735083504],-10.908,3.445,19.151,,,
[1758212468740344025],-2.931,-2.674,19.527,,,
[1758212468745530327],11.916,-3.349,15.459,,,
[1758212468751929858],16.701,-12.328,6.898,,,
[1758212468757202775],19.613,-12.663,-4.685,,,
[1758212468762496681],19.613,-13.214,-12.871,,,
[1758212468768751733],15.081,-9.747,-14.145,,,
[1758212468774046525],8.289,-5.26,-9.936,,,
[1758212468779251681],-0.244,-0.417,-2.619,,,
[1758212468784413816],-3.742,3.261,5.928,,,
[1758212468789526941],1.046,7.954,19.087,,,
[1758212468794973712],-2.909,4.693,11.76,,,
[1758212468800098035],9.766,-2.284,15.577,,,
[1758212468805211369],14.607,-4.64,12.862,,,
[1758212468810552254],19.613,-10.97,1.824,,,
[1758212468815942827],19.613,-13.072,-6.491,,,
[1758212468823704754],18.45,-10.91,-13.012,,,
[1758212468830210587],8.478,-6.728,-10.458,,,
[1758212468835423348],1.341,-0.201,-5.377,,,
[1758212468841017098],-3.349,2.619,6.012,,,
[1758212468846173712],-2.598,3.29,18.359,,,
[1758212468851266108],0.972,4.025,12.155,,,
[1758212468856389650],0.919,-1.322,17.81,,,
[1758212468861536941],14.669,-5.045,14.657,,,
[1758212468866717566],19.613,-10.187,1.444,,,
[1758212468871804858],19.613,-13.194,-5.99,,,
[1758212468876941421],19.613,-12.752,-13.103,,,
[1758212468882045744],17.351,-10.175,-14.487,,,
[1758212468887282931],7.089,-6.349,-9.103,,,
[1758212468892452566],1.068,-1.496,-3.007,,,
[1758212468897596160],-5.289,3.357,4.82,,,
[1758212468903215066],3.091,6.182,19.51,,,
[1758212468908368191],-3.168,2.018,17.545,,,
[1758212468913529181],8.574,-0.723,15.196,,,
[1758212468918634077],13.597,-5.464,12.783,,,
[1758212468923780952],19.613,-10.228,2.674,,,
[1758212468928891108],19.613,-13.254,-5.109,,,
[1758212468933993191],19.613,-12.608,-12.857,,,
[1758212468939264337],14.916,-9.737,-15.787,,,
[1758212468944555691],7.628,-5.38,-9.51,,,
[1758212468950087827],-0.855,0.148,-2.301,,,
[1758212468955231889],-3.946,3.443,4.48,,,
[1758212468960397723],-0.417,7.207,17.789,,,
[1758212468965618191],-2.945,4.899,11.047,,,
[1758212468970791004],2.516,-3.733,15.634,,,
[1758212468975921993],13.309,-5.703,11.997,,,
[1758212468981029129],19.613,-11.772,1.707,,,
[1758212468986254493],19.613,-13.53,-7.503,,,
[1758212468991462046],19.613,-12.874,-12.04,,,
[1758212468996607723],13.671,-9.608,-12.294,,,
[1758212469001693868],7.511,-5.052,-9.333,,,
[1758212469006827202],-1.049,0.8,-2.449,,,
[1758212469013165483],-3.582,3.79,8.914,,,
[1758212469018350848],-19.613,6.531,15.634,,,
[1758212469023499129],7.755,2.866,17.837,,,
[1758212469028598973],11.281,-3.005,16.69,,,
[1758212469033763243],14.26,-5.959,9.105,,,
[1758212469038904598],19.613,-11.952,0.524,,,
[1758212469044085327],19.613,-13.352,-9.699,,,
[1758212469049258087],19.36,-12.206,-13.707,,,
[1758212469054572931],12.876,-8.617,-14.643,,,
[1758212469060078191],5.2,-2.99,-8.511,,,
[1758212469065280535],-2.638,2.16,-0.843,,,
[1758212469070418348],-3.716,3.467,8.827,,,
[1758212469075572358],-15.797,5.993,15.857,,,
[1758212469080744598],-2.799,-2.15,15.629,,,
[1758212469085888139],11.768,-3.749,15.807,,,
[1758212469091082566],14.363,-10.424,8.619,,,
[1758212469096384389],19.613,-12.184,-1.199,,,
[1758212469101560014],19.613,-13.776,-8.365,,,
[1758212469106706941],18.27,-10.884,-14.284,,,
[1758212469111817723],13.051,-8.37,-15.028,,,
[1758212469117088712],3.467,-2.401,-8.071,,,
[1758212469123477879],-3.261,2.459,4.274,,,
[1758212469129828243],1.872,4.357,19.482,,,
[1758212469135367879],1.367,0.237,15.66,,,
[1758212469140504337],7.269,-2.164,16.697,,,
[1758212469145668921],13.575,-4.506,15.213,,,
[1758212469150768400],19.613,-12.419,4.003,,,
[1758212469155894493],19.613,-12.785,-5.871,,,
[1758212469161041108],19.613,-13.108,-12.103,,,
[1758212469166626681],13.592,-9.598,-14.71,,,
[1758212469171766368],7.779,-5.229,-9.72,,,
[1758212469176998868],-1.331,0.354,-1.331,,,
[1758212469182182254],-3.127,3.01,5.717,,,
[1758212469187303035],-2.636,8.504,17.413,,,
[1758212469193458452],-3.0,-2.315,14.556,,,
[1758212469198724389],12.725,-2.337,15.771,,,
[1758212469203857202],15.076,-6.136,8.763,,,
[1758212469208965639],19.613,-11.449,1.472,,,
[1758212469214178400],19.613,-13.357,-9.524,,,
[1758212469219283191],19.597,-12.546,-14.231,,,
[1758212469224413452],14.114,-8.66,-14.08,,,
[1758212469229521577],6.393,-4.341,-8.744,,,
[1758212469234700483],-2.131,1.132,0.227,,,
[1758212469239953139],-4.465,3.467,7.259,,,
[1758212469246513868],-18.873,2.643,19.247,,,
[1758212469251750587],2.564,0.316,17.212,,,
[1758212469256870066],12.275,-3.654,15.263,,,
[1758212469261991004],16.331,-10.637,6.871,,,
[1758212469267213712],19.613,-12.55,-4.029,,,
[1758212469272793452],19.613,-13.554,-11.653,,,
[1758212469277958868],17.102,-10.793,-13.774,,,
[1758212469283116577],11.047,-7.147,-14.212,,,
[1758212469288313452],1.389,-2.025,-4.939,,,
[1758212469293563139],-1.932,2.394,4.535,,,
[1758212469298680535],-4.748,2.866,11.902,,,
[1758212469303814598],1.587,3.273,19.13,,,
[1758212469308960587],1.322,-0.098,15.012,,,
[1758212469314170795],13.87,-3.776,15.407,,,
[1758212469319298035],15.629,-9.218,5.571,,,
[1758212469324460170],19.613,-12.407,-5.011,,,
[1758212469329656993],19.613,-13.865,-10.867,,,
[1758212469334974129],17.15,-10.862,-13.472,,,
[1758212469340610900],9.902,-6.606,-11.19,,,
[1758212469345760952],1.568,-0.972,-4.027,,,
[1758212469351226681],-3.62,2.737,5.136,,,
[1758212469356372202],-4.015,2.624,12.717,,,
[1758212469361490483],4.25,2.974,19.613,,,
[1758212469366677723],7.781,-2.255,18.366,,,
[1758212469371844702],12.886,-4.745,13.259,,,
[1758212469377043504],19.613,-10.951,2.835,,,
[1758212469382671941],19.613,-13.103,-7.599,,,
[1758212469387974754],19.613,-12.811,-13.242,,,
[1758212469393169389],15.866,-10.226,-15.651,,,
[1758212469398296160],6.711,-5.636,-11.076,,,
[1758212469403414754],1.494,-0.467,-3.613,,,
[1758212469408547202],-4.496,3.187,6.009,,,
[1758212469413775483],-0.359,7.518,19.613,,,
[1758212469418889337],-0.608,-0.117,14.583,,,
[1758212469424128191],7.104,-0.998,16.249,,,
[1758212469429386993],13.647,-4.925,15.083,,,
[1758212469435119025],19.613,-10.927,0.543,,,
[1758212469440260795],19.613,-13.345,-7.678,,,
[1758212469445414962],19.613,-12.256,-13.367,,,
[1758212469450537150],15.198,-9.692,-14.257,,,
[1758212469455756785],6.725,-5.308,-10.068,,,
[1758212469461385066],-0.852,0.764,-0.532,,,
[1758212469466592618],-5.009,3.055,6.73,,,
[1758212469471712202],-0.141,8.126,14.473,,,
[1758212469477010483],-4.554,-2.152,13.484,,,
[1758212469482282202],13.001,-2.416,14.597,,,
[1758212469488581212],13.642,-6.749,6.61,,,
[1758212469495045014],19.613,-12.756,-4.966,,,
[1758212469500483139],19.613,-13.635,-11.406,,,
[1758212469505626004],16.477,-11.006,-14.856,,,
[1758212469510758608],9.833,-6.428,-12.708,,,
[1758212469515978452],1.286,-1.808,-5.028,,,
[1758212469521079389],-2.619,2.698,4.334,,,
[1758212469526183295],-4.532,2.155,14.992,,,
[1758212469531296733],2.705,3.874,19.577,,,
[1758212469536469910],-0.816,-0.828,15.261,,,
[1758212469541614754],14.401,-4.949,14.904,,,
[1758212469546826212],16.548,-11.363,4.322,,,
[1758212469551958347],19.613,-13.036,-6.493,,,
[1758212469557093712],19.613,-13.235,-12.096,,,
[1758212469562266733],18.845,-10.116,-12.847,,,
[1758212469567914337],8.157,-6.639,-13.001,,,
[1758212469573055952],2.444,-1.717,-3.184,,,
[1758212469578206889],-4.204,2.861,5.456,,,
[1758212469583390222],-3.146,2.332,16.701,,,
[1758212469588502097],1.065,4.252,19.58,,,
[1758212469593617722],6.527,-1.281,19.465,,,
[1758212469598725743],13.4,-4.549,13.613,,,
[1758212469604280327],19.613,-10.274,1.535,,,
[1758212469609572618],19.613,-13.135,-6.378,,,
[1758212469614857670],19.613,-12.924,-12.17,,,
[1758212469619996160],16.194,-9.658,-13.616,,,
[1758212469625177775],8.681,-5.957,-11.092,,,
[1758212469630334702],1.12,-0.541,-3.814,,,
[1758212469635494597],-4.707,3.364,5.538,,,
[1758212469640640170],1.75,4.769,19.525,,,
[1758212469672710899],19.613,-12.617,-12.797,,,
[1758212469679144910],12.189,-8.339,-14.2,,,
[1758212469685522618],3.438,-1.681,-6.23,,,
[1758212469690768920],-3.055,1.975,2.715,,,
[1758212469695902410],-4.506,3.61,8.906,,,
[1758212469701017722],-4.369,2.282,19.306,,,
[1758212469706152254],9.555,2.574,18.258,,,
[1758212469713641733],15.474,-5.128,12.84,,,
[1758212469719161264],19.613,-11.279,2.674,,,
[1758212469724318972],19.613,-13.125,-6.452,,,
[1758212469729433087],19.613,-12.538,-11.748,,,
[1758212469734563556],15.313,-8.835,-13.589,,,
[1758212469739570327],6.948,-4.245,-10.434,,,
[1758212469744166993],-0.239,-0.651,-2.976,,,
[1758212469748685847],-5.104,3.031,5.974,,,
[1758212469753193764],-3.182,2.705,17.351,,,
[1758212469757696889],-0.922,2.406,19.613,,,
[1758212469762481785],9.603,1.243,19.051,,,
[1758212469767000431],9.72,-3.278,14.633,,,
[1758212469771510952],14.945,-7.788,6.268,,,
[1758212469776061524],19.613,-11.258,2.83,,,
[1758212469780592670],19.613,-13.578,-8.566,,,
[1758212469785129285],19.613,-12.857,-11.662,,,
[1758212469789656108],15.962,-9.902,-14.004,,,
[1758212469794216212],10.204,-6.225,-14.047,,,
[1758212469798726993],2.207,-2.105,-6.773,,,
[1758212469803221577],-1.511,1.647,0.927,,,
[1758212469807697358],-4.685,3.922,7.642,,,
[1758212469812819389],-18.225,5.737,14.296,,,
[1758212469817502931],8.78,-0.115,19.613,,,
[1758212469822096941],7.999,-2.145,14.667,,,
[1758212469826618295],12.622,-5.119,13.331,,,
[1758212469831138660],19.613,-12.493,2.655,,,
[1758212469835673660],19.613,-12.969,-6.62,,,
[1758212469840381577],19.613,-13.496,-10.475,,,
[1758212469845565587],18.234,-11.303,-14.336,,,
[1758212469850674597],11.459,-7.4,-11.679,,,
[1758212469855824337],2.885,-1.563,-6.361,,,
[1758212469861124076],-2.449,2.418,2.09,,,
[1758212469866449441],-4.492,3.701,8.229,,,
[1758212469871670274],-3.043,1.97,19.613,,,
[1758212469877298035],-1.336,-0.881,15.016,,,
[1758212469882495431],14.533,-4.482,13.977,,,
[1758212469887631316],19.613,-11.377,5.296,,,
[1758212469892812306],19.613,-12.955,-5.794,,,
[1758212469897925274],19.613,-13.135,-10.951,,,
[1758212469903057774],18.459,-9.936,-14.499,,,
[1758212469908160066],9.323,-6.251,-12.1,,,
[1758212469914451524],-0.043,-0.156,-3.661,,,
[1758212469920866733],-4.539,3.254,8.633,,,
[1758212469926146993],-0.991,8.174,14.483,,,
[1758212469931615118],4.63,-1.243,17.99,,,
[1758212469936768764],7.501,-2.737,15.115,,,
[1758212469941930170],14.255,-6.002,6.448,,,
[1758212469947086316],19.613,-11.439,-1.283,,,
[1758212469952254389],19.613,-13.068,-9.165,,,
[1758212469957361681],19.182,-12.249,-13.625,,,
[1758212469962822618],13.894,-8.377,-14.365,,,
[1758212469969212149],2.662,-1.8,-7.556,,,
[1758212469974720274],-3.026,1.956,1.211,,,
[1758212469979900379],-4.829,3.378,7.685,,,
[1758212469985013451],-5.686,2.921,19.613,,,
[1758212469990114181],3.718,0.168,18.943,,,
[1758212469995252774],12.91,-4.19,14.293,,,
[1758212470000358399],14.739,-8.423,1.166,,,
[1758212470005495847],19.613,-12.069,-3.11,,,
[1758212470010607149],19.613,-13.712,-9.867,,,
[1758212470015881212],17.825,-11.408,-14.937,,,
[1758212470021162774],11.72,-7.769,-11.909,,,
[1758212470026983556],0.589,-1.041,-5.947,,,
[1758212470032260587],-2.99,2.648,5.866,,,
[1758212470039216108],-0.508,6.723,13.982,,,
[1758212470044477358],-2.136,0.611,12.564,,,
[1758212470049585066],12.491,-2.72,16.484,,,
[1758212470054709493],14.207,-5.215,12.51,,,
[1758212470059818139],19.613,-11.49,1.539,,,
[1758212470065018712],19.613,-13.036,-7.034,,,
[1758212470070132566],19.613,-13.144,-12.512,,,
[1758212470075286681],14.562,-8.808,-13.125,,,
[1758212470080431316],7.029,-4.312,-8.947,,,
[1758212470085658347],-2.263,0.783,-1.889,,,
[1758212470090776368],-4.187,2.842,6.084,,,
[1758212470095892045],-2.385,9.548,17.365,,,
[1758212470101031524],-3.4,-1.039,14.709,,,
[1758212470106182566],7.786,-1.164,16.884,,,
[1758212470111295066],14.705,-5.44,9.548,,,
[1758212470116746160],19.613,-11.835,1.168,,,
[1758212470121883608],19.613,-13.532,-8.04,,,
[1758212470127041993],19.613,-12.378,-12.462,,,
[1758212470132313347],15.074,-9.955,-12.613,,,
[1758212470137793764],4.137,-3.158,-8.622,,,
[1758212470144094545],-2.509,1.856,0.941,,,
[1758212470149251108],-4.204,3.836,9.433,,,
[1758212470154531212],-17.554,4.812,18.684,,,
[1758212470160120066],8.155,1.439,19.139,,,
[1758212470165338608],12.574,-3.907,16.422,,,
[1758212470170463347],15.208,-6.991,2.756,,,
[1758212470175594910],19.613,-11.787,-1.97,,,
[1758212470180806524],19.613,-13.525,-10.159,,,
[1758212470188612878],14.456,-8.902,-13.439,,,
[1758212470193874389],8.157,-4.271,-11.669,,,
[1758212470198983816],-1.774,0.132,-3.646,,,
[1758212470204111576],-4.566,3.639,6.402,,,
[1758212470209220847],0.692,7.551,18.83,,,
[1758212470214414545],-3.041,2.969,14.844,,,
[1758212470219518816],10.271,-0.505,19.343,,,
[1758212470224679545],14.755,-4.666,12.409,,,
[1758212470229798764],19.613,-11.794,1.609,,,
[1758212470234921524],19.613,-13.388,-7.554,,,
[1758212470240038451],19.613,-12.716,-13.683,,,
[1758212470245681108],14.104,-9.191,-13.807,,,
[1758212470250837306],7.207,-4.386,-10.91,,,
[1758212470255972774],-0.931,1.02,-1.427,,,
[1758212470261083399],-3.859,3.309,7.034,,,
[1758212470266290847],-5.399,9.455,17.066,,,
[1758212470271401576],-3.321,-0.8,14.25,,,
[1758212470276520222],9.78,-1.975,15.917,,,
[1758212470281640795],15.007,-5.262,13.127,,,
[1758212470286895639],19.613,-10.171,0.122,,,
[1758212470292105378],19.613,-13.829,-7.53,,,
[1758212470297287514],19.259,-11.897,-11.839,,,
[1758212470302475014],14.983,-9.093,-13.982,,,
[1758212470307621993],5.478,-5.092,-10.092,,,
[1758212470313091889],-0.22,1.041,-0.711,,,
[1758212470318244910],-4.53,3.725,8.808,,,
[1758212470323406055],-11.061,9.206,15.014,,,
[1758212470328565430],0.201,-0.986,16.264,,,
[1758212470333729233],8.44,-1.717,14.751,,,
[1758212470338829233],12.258,-5.6,12.275,,,
[1758212470343990587],19.613,-10.35,-0.445,,,
[1758212470350178347],19.613,-13.379,-10.374,,,
[1758212470355778972],18.081,-11.277,-16.065,,,
[1758212470360963191],12.579,-8.023,-14.32,,,
[1758212470367416472],0.747,-0.771,-4.779,,,
[1758212470373946524],-3.929,2.966,4.966,,,
[1758212470379187670],-1.774,8.279,17.224,,,
[1758212470384312201],-0.108,1.865,14.389,,,
[1758212470389421889],10.403,-1.154,19.139,,,
[1758212470394551055],14.387,-4.798,14.358,,,
[1758212470399658660],19.613,-10.59,1.518,,,
[1758212470404779233],19.613,-13.072,-8.614,,,
[1758212470409895014],19.613,-13.58,-13.422,,,
[1758212470415155639],15.974,-9.608,-14.978,,,
[1758212470420371316],8.267,-4.99,-10.697,,,
[1758212470425490274],-1.563,0.503,-2.77,,,
[1758212470430588243],-4.037,2.782,6.275,,,
[1758212470435680951],0.745,5.368,19.58,,,
[1758212470440789180],-1.676,3.594,14.071,,,
[1758212470445942305],8.765,-1.314,18.143,,,
[1758212470451043816],15.244,-4.559,14.609,,,
[1758212470456180691],19.613,-11.121,2.217,,,
[1758212470461341524],19.613,-12.459,-6.967,,,
[1758212470466552514],19.613,-12.653,-12.416,,,
[1758212470471708139],16.115,-9.732,-14.66,,,
[1758212470477383451],6.862,-5.59,-11.205,,,
[1758212470482596055],0.886,0.373,-2.011,,,
[1758212470487742097],-5.284,3.242,5.605,,,
[1758212470492944128],2.174,8.088,18.727,,,
[1758212470498065847],-3.967,2.021,13.51,,,
[1758212470503238347],10.927,-1.008,14.186,,,
[1758212470508353868],13.029,-4.367,11.629,,,
[1758212470513548503],19.613,-10.455,1.109,,,
[1758212470518774545],19.613,-12.886,-5.997,,,
[1758212470523967930],19.613,-12.268,-11.985,,,
[1758212470529120066],13.69,-9.606,-13.546,,,
[1758212470534309232],7.635,-5.049,-12.562,,,
[1758212470539434180],-0.093,-0.352,-1.434,,,
[1758212470544596628],-3.081,2.914,5.727,,,
[1758212470549771941],-1.805,8.586,18.15,,,
[1758212470554931003],-4.065,0.848,13.637,,,
[1758212470560040014],9.888,-0.929,17.638,,,
[1758212470565252722],14.298,-5.176,13.02,,,
[1758212470570390066],19.613,-11.643,2.358,,,
[1758212470575544753],19.613,-12.637,-6.29,,,
[1758212470581983399],19.613,-12.237,-12.833,,,
[1758212470588129389],11.772,-7.259,-15.21,,,
[1758212470593335795],4.266,-2.665,-8.772,,,
[1758212470598418607],-4.132,1.609,1.494,,,
[1758212470603515118],-2.959,3.938,6.476,,,
[1758212470608606889],-18.62,4.958,19.613,,,
[1758212470613845014],9.273,0.546,17.624,,,
[1758212470619015847],12.637,-3.922,15.538,,,
[1758212470624132826],15.713,-7.132,4.726,,,
[1758212470629283503],19.613,-11.976,-1.116,,,
[1758212470634497826],19.613,-13.091,-10.25,,,
[1758212470639630535],18.821,-12.201,-13.247,,,
[1758212470644854962],12.412,-7.154,-13.597,,,
[1758212470649962357],4.42,-2.401,-7.968,,,
[1758212470655075274],-2.935,2.169,0.385,,,
[1758212470660198920],-3.893,3.955,8.066,,,
[1758212470665359493],-13.384,2.547,17.008,,,
[1758212470670493347],12.766,-1.618,19.486,,,
[1758212470675830743],10.853,-2.885,16.565,,,
[1758212470681026316],14.734,-8.315,3.596,,,
[1758212470686613347],19.613,-11.89,-2.48,,,
[1758212470691881212],19.613,-13.635,-8.945,,,
[1758212470698295795],15.49,-10.068,-13.142,,,
[1758212470703622774],8.531,-5.995,-10.891,,,
[1758212470709876472],-0.8,-0.175,-1.767,,,
[1758212470716422826],-4.298,3.417,9.249,,,
[1758212470721649441],-15.689,6.539,14.978,,,
[1758212470726826368],6.622,-1.441,18.943,,,
[1758212470731925118],10.149,-3.323,16.472,,,
[1758212470737072618],12.462,-5.849,7.944,,,
[1758212470742285118],19.613,-12.153,-2.677,,,
[1758212470747440587],19.613,-13.415,-10.501,,,
[1758212470752699493],19.613,-11.957,-13.558,,,
[1758212470757969805],11.813,-7.906,-14.068,,,
[1758212470763446472],3.472,-2.54,-9.115,,,
[1758212470768993816],-3.414,1.233,2.363,,,
[1758212470774180118],-3.974,3.366,8.09,,,
[1758212470779291368],-16.656,2.844,19.57,,,
[1758212470784411837],3.306,0.151,18.208,,,
[1758212470790577982],12.933,-4.374,15.402,,,
[1758212470795865274],16.855,-9.409,-0.029,,,
[1758212470801046264],19.613,-12.78,-7.398,,,
[1758212470806174857],19.613,-13.278,-11.873,,,
[1758212470811291107],18.651,-10.58,-13.307,,,
[1758212470816425534],9.218,-5.677,-11.672,,,
[1758212470821532618],2.023,-1.144,-5.789,,,
[1758212470826728295],-4.633,2.428,4.745,,,
[1758212470831825743],-3.17,2.31,10.712,,,
[1758212470836954909],0.467,2.746,19.306,,,
[1758212470842039076],5.08,-0.256,15.682,,,
[1758212470847158295],12.397,-4.391,14.506,,,
[1758212470852377774],16.855,-11.095,4.104,,,
[1758212470860844493],19.613,-13.709,-8.655,,,
[1758212470866439389],19.443,-11.65,-15.045,,,
[1758212470871577722],13.891,-7.903,-14.447,,,
[1758212470876835743],2.418,-2.976,-9.855,,,
[1758212470881944753],-2.061,1.365,1.444,,,
[1758212470887041628],-4.87,4.13,10.262,,,
[1758212470892205639],-15.649,5.212,15.593,,,
[1758212470899356420],5.918,-1.858,18.693,,,
[1758212470904755378],14.344,-4.463,13.551,,,
[1758212470910534389],19.613,-10.848,1.853,,,
[1758212470915675534],19.613,-13.123,-7.602,,,
[1758212470920784389],19.613,-12.62,-13.111,,,
[1758212470925985691],13.973,-9.706,-16.376,,,
[1758212470931083347],8.641,-5.964,-11.437,,,
[1758212470936202618],-0.654,-0.476,-3.661,,,
[1758212470941299961],-3.694,2.698,6.065,,,
[1758212470946442982],-1.595,3.266,19.412,,,
[1758212470951601211],0.541,4.377,13.894,,,
[1758212470956837930],6.076,-0.855,18.143,,,
[1758212470961948086],15.289,-4.738,14.566,,,
[1758212470967092253],19.613,-11.226,3.522,,,
[1758212470972273659],19.613,-13.254,-6.845,,,
[1758212470977508816],19.613,-13.245,-13.484,,,
[1758212470982767826],17.241,-9.713,-15.162,,,
[1758212470987952670],6.483,-5.028,-11.248,,,
[1758212470993093295],0.553,-0.326,-4.511,,,
[1758212470998213920],-4.482,3.661,5.77,,,
[1758212471003319336],0.139,3.728,19.544,,,
[1758212471008663295],-1.341,4.719,13.929,,,
[1758212471014197097],11.145,-1.544,18.155,,,
[1758212471019324232],13.985,-5.148,14.566,,,
[1758212471024569493],19.613,-10.135,0.752,,,
[1758212471029733764],19.613,-13.542,-6.792,,,
[1758212471034893295],19.613,-12.273,-12.78,,,
[1758212471040056211],15.919,-9.443,-15.009,,,
[1758212471045254493],6.457,-4.547,-11.813,,,
[1758212471050540534],-0.438,0.05,-3.594,,,
[1758212471055725014],-4.666,3.445,8.001,,,
[1758212471060859753],0.888,6.153,15.725,,,
[1758212471066041472],-2.794,-0.934,13.099,,,
[1758212471071174805],11.976,-2.136,15.857,,,
[1758212471076416420],12.902,-5.497,13.697,,,
[1758212471081602357],19.613,-11.447,2.418,,,
[1758212471086789076],19.613,-13.223,-7.496,,,
[1758212471092026784],19.613,-12.012,-13.151,,,
[1758212471097213399],13.678,-8.368,-13.724,,,
[1758212471102450170],6.45,-4.877,-10.798,,,
[1758212471108027618],-2.131,0.316,1.532,,,
[1758212471113173451],-3.824,4.003,8.796,,,
[1758212471119387357],-17.518,2.938,18.08,,,
[1758212471125898191],8.246,-0.476,17.092,,,
[1758212471131207201],13.929,-4.298,14.207,,,
[1758212471136352878],16.518,-12.347,3.268,,,
[1758212471141466836],19.613,-13.084,-3.757,,,
[1758212471146665847],19.613,-13.36,-10.36,,,
[1758212471151796889],18.256,-11.547,-13.613,,,
[1758212471156908659],9.467,-6.912,-13.379,,,
[1758212471162017409],2.701,-2.385,-3.038,,,
[1758212471167191576],-4.563,2.598,4.604,,,
[1758212471172517305],-2.643,2.591,12.411,,,
[1758212471178144961],1.743,3.524,17.037,,,
[1758212471183280066],2.351,-1.547,18.464,,,
[1758212471188403138],12.538,-4.834,12.558,,,
[1758212471193544024],19.613,-11.329,5.279,,,
[1758212471198653868],19.613,-12.637,-4.439,,,
[1758212471203822461],19.613,-12.95,-11.222,,,
[1758212471208950170],16.249,-10.613,-14.202,,,
[1758212471214100378],9.761,-6.57,-11.435,,,
[1758212471219283816],1.338,-1.231,-3.534,,,
[1758212471224543816],-4.413,3.309,5.816,,,
[1758212471230047566],-2.823,2.452,15.629,,,
[1758212471235299753],1.288,3.903,11.981,,,
[1758212471240549284],1.822,-1.523,18.158,,,
[1758212471245702097],14.255,-4.963,14.947,,,
[1758212471250863295],19.613,-11.066,3.941,,,
[1758212471256006420],19.613,-12.866,-5.65,,,
[1758212471261112409],19.613,-12.893,-11.724,,,
[1758212471266261941],15.663,-9.862,-14.992,,,
[1758212471271435378],9.196,-6.211,-10.3,,,
[1758212471276749961],-1.3,-0.244,-3.62,,,
[1758212471281867618],-3.187,2.473,6.249,,,
[1758212471287004076],-0.728,3.814,19.462,,,
[1758212471292204701],-0.225,3.953,15.996,,,
[1758212471297734284],8.116,-1.238,17.279,,,
[1758212471302946003],15.1,-4.781,14.028,,,
[1758212471308086680],19.613,-11.428,3.598,,,
[1758212471313241836],19.613,-13.206,-6.46,,,
[1758212471318352201],19.613,-12.596,-12.61,,,
[1758212471323538451],16.889,-9.668,-14.054,,,
[1758212471328637930],7.64,-4.815,-11.061,,,
[1758212471335696420],1.776,0.022,-3.335,,,
[1758212471341482774],-3.223,3.397,10.029,,,
[1758212471347942357],2.018,3.689,19.467,,,
[1758212471353412461],2.54,-0.263,15.895,,,
[1758212471358582097],12.768,-4.41,14.48,,,
[1758212471363708138],19.613,-10.484,3.4,,,
[1758212471368815586],19.613,-13.159,-5.619,,,
[1758212471374030795],19.613,-13.245,-12.009,,,
[1758212471379203451],16.111,-10.891,-13.266,,,
[1758212471384339128],9.203,-6.093,-12.151,,,
[1758212471389447670],1.08,-1.738,-5.499,,,
[1758212471394599128],-3.536,3.002,5.559,,,
[1758212471399814284],-4.551,2.607,16.635,,,
[1758212471405381993],0.316,4.851,19.537,,,
[1758212471410518868],4.317,-1.583,19.216,,,
[1758212471415997253],13.743,-4.796,14.109,,,
[1758212471421126315],19.613,-11.193,2.301,,,
[1758212471426323503],19.613,-13.041,-6.874,,,
[1758212471431408347],19.613,-13.364,-11.064,,,
[1758212471436515118],15.493,-9.852,-14.638,,,
[1758212471441654232],9.275,-5.854,-10.769,,,
[1758212471448686107],-2.413,0.591,-1.583,,,
[1758212471453974232],-4.336,3.984,8.538,,,
[1758212471460409909],-10.487,2.04,17.314,,,
[1758212471466790586],0.06,-0.776,19.601,,,
[1758212471473412357],14.456,-4.824,14.667,,,
[1758212471478646420],19.613,-10.417,3.28,,,
[1758212471483755170],19.613,-13.324,-7.233,,,
[1758212471488872201],19.613,-13.113,-12.265,,,
[1758212471493997045],16.058,-9.33,-13.999,,,
[1758212471499114336],7.439,-4.724,-9.84,,,
[1758212471504249388],-0.584,0.618,-3.266,,,
[1758212471509353920],-4.408,2.823,4.769,,,
[1758212471514503920],0.673,5.174,19.288,,,
[1758212471519708086],-1.757,4.092,14.664,,,
[1758212471524887149],9.34,-1.29,15.184,,,
[1758212471529990899],14.468,-4.458,12.438,,,
[1758212471535117045],19.613,-10.817,1.712,,,
[1758212471540210690],19.613,-13.388,-6.594,,,
[1758212471545315743],19.613,-12.127,-13.345,,,
[1758212471550849493],15.993,-9.883,-15.682,,,
[1758212471556093243],6.651,-5.136,-10.93,,,
[1758212471561193607],0.476,0.402,-1.978,,,
[1758212471566289649],-4.535,3.127,6.014,,,
[1758212471571406940],-0.249,7.872,19.01,,,
[1758212471576595795],-4.262,1.31,14.664,,,
[1758212471581694493],11.411,-1.006,18.55,,,
[1758212471586799180],13.465,-4.635,14.463,,,
[1758212471591893503],19.613,-11.65,4.295,,,
[1758212471597060899],19.613,-13.015,-7.621,,,
[1758212471602383763],19.613,-12.756,-13.053,,,
[1758212471607519336],13.628,-9.141,-14.705,,,
[1758212471612689492],7.867,-5.217,-11.55,,,
[1758212471617832097],-0.883,-0.237,-4.216,,,
[1758212471623141940],-3.328,3.017,6.275,,,
[1758212471628252878],-1.132,4.748,17.2,,,
[1758212471633406003],-0.014,2.16,13.02,,,
[1758212471638537253],5.145,-1.506,18.155,,,
[1758212471643650482],14.384,-4.798,14.418,,,
[1758212471648831420],19.613,-10.329,2.387,,,
[1758212471654069440],19.613,-13.068,-6.687,,,
[1758212471659717774],19.613,-12.67,-12.388,,,
[1758212471664906524],13.561,-9.273,-15.033,,,
[1758212471670043711],6.677,-5.054,-10.812,,,
[1758212471675241628],-1.087,0.668,-0.881,,,
[1758212471680395065],-3.946,3.294,7.3,,,
[1758212471685514545],1.618,9.914,16.561,,,
[1758212471690649597],-2.837,-1.01,16.637,,,
[1758212471695819076],6.402,-1.755,15.622,,,
[1758212471700959649],14.265,-5.732,14.054,,,
[1758212471706166784],19.613,-11.418,2.72,,,
[1758212471711314492],19.613,-13.343,-8.751,,,
[1758212471716469857],19.558,-12.627,-13.156,,,
[1758212471721613607],15.364,-8.847,-13.357,,,
[1758212471726846732],4.944,-4.353,-10.3,,,
[1758212471731909961],-0.177,0.63,-2.172,,,
[1758212471737007201],-5.255,3.27,5.691,,,
[1758212471742076315],0.697,8.626,19.048,,,
[1758212471747238295],-4.377,-0.043,15.016,,,
[1758212471752481420],10.87,-1.676,16.527,,,
[1758212471757701524],13.127,-6.014,11.868,,,
[1758212471763664492],19.613,-12.474,-1.568,,,
[1758212471768953607],19.613,-13.463,-8.485,,,
[1758212471774156159],19.613,-11.83,-12.706,,,
[1758212471779265482],12.33,-8.531,-13.357,,,
[1758212471784457565],5.42,-3.61,-10.376,,,
[1758212471790121472],-2.042,1.444,0.871,,,
[1758212471795295430],-4.31,3.998,8.945,,,
[1758212471800465951],-17.183,5.787,15.134,,,
[1758212471805646524],6.812,-1.109,19.254,,,
[1758212471810927878],9.902,-3.926,15.991,,,
[1758212471817517982],15.629,-11.988,5.021,,,
[1758212471823939597],19.613,-12.864,-7.681,,,
[1758212471829183399],19.613,-13.027,-13.163,,,
[1758212471834321159],15.371,-9.799,-14.53,,,
[1758212471839435065],7.671,-5.811,-10.867,,,
[1758212471844560534],0.199,-0.493,-3.639,,,
[1758212471849652097],-4.25,2.83,6.012,,,
[1758212471854796419],-2.33,2.732,19.613,,,
[1758212471859892149],2.116,3.783,12.905,,,
[1758212471865070430],3.737,-0.424,19.139,,,
[1758212471871831628],14.389,-5.545,6.33,,,
[1758212471878192774],19.613,-12.359,-0.62,,,
[1758212471883477930],19.613,-12.977,-9.89,,,
[1758212471888615326],18.301,-12.356,-14.648,,,
[1758212471893772826],12.38,-7.788,-13.999,,,
[1758212471898944232],3.924,-2.772,-7.365,,,
[1758212471906558451],-5.564,3.45,5.356,,,
[1758212471912414805],-1.02,9.263,18.222,,,
[1758212471918644024],8.586,-0.536,19.506,,,
[1758212471925321263],12.306,-4.061,15.864,,,
[1758212471930975013],16.424,-7.678,2.598,,,
[1758212471936136367],19.613,-12.562,-4.942,,,
[1758212471941236107],19.613,-13.384,-11.126,,,
[1758212471946383451],15.895,-10.736,-12.79,,,
[1758212471951502722],10.623,-7.245,-12.955,,,
[1758212471956691732],0.723,-1.705,-7.171,,,
[1758212471963325794],-3.22,2.629,5.59,,,
[1758212471968561419],-0.16,5.116,19.558,,,
[1758212471974833138],-1.006,4.494,14.25,,,
[1758212471981563763],11.712,-1.693,15.629,,,
[1758212471986919388],13.989,-7.321,4.925,,,
[1758212471992044440],19.613,-12.189,-2.454,,,
[1758212471997128451],19.613,-13.068,-11.164,,,
[1758212472002315899],19.494,-11.104,-15.579,,,
[1758212472007463919],11.688,-7.479,-14.076,,,
[1758212472012693711],3.443,-2.164,-7.415,,,
[1758212472018396576],-4.202,2.492,3.081,,,
[1758212472023664805],-3.091,3.891,9.476,,,
[1758212472028959180],-1.82,2.586,19.613,,,
[1758212472034458919],11.868,-1.226,14.65,,,
[1758212472039578346],13.738,-4.997,14.66,,,
[1758212472044719128],19.613,-10.171,6.273,,,
[1758212472049878867],19.613,-12.467,-3.958,,,
[1758212472055012513],19.613,-13.214,-11.341,,,
[1758212472060129128],17.715,-11.032,-13.379,,,
[1758212472065310742],9.594,-6.311,-10.707,,,
[1758212472070644440],1.659,-1.551,-5.665,,,
[1758212472077240169],-4.611,3.091,6.962,,,
[1758212472082499805],2.765,10.082,17.109,,,
[1758212472088363971],-4.025,-0.852,19.613,,,
[1758212472094705742],12.854,-3.955,16.453,,,
[1758212472099920169],14.621,-7.228,10.618,,,
[1758212472105061471],19.613,-11.981,-2.095,,,
[1758212472110172357],19.613,-13.35,-9.577,,,
[1758212472115276888],19.482,-11.751,-14.001,,,
[1758212472120412096],13.606,-8.313,-14.935,,,
[1758212472125654232],4.8,-3.1,-7.752,,,
[1758212472132256263],-2.684,2.282,1.853,,,
[1758212472139967149],-5.464,9.618,16.688,,,
[1758212472145503503],-4.3,0.304,19.613,,,
[1758212472150645482],12.51,-3.168,15.459,,,
[1758212472155799076],14.212,-5.976,11.712,,,
[1758212472160942669],19.613,-12.524,0.278,,,
[1758212472166069024],19.613,-13.925,-6.828,,,
[1758212472171203034],19.613,-12.292,-11.971,,,
[1758212472176436003],12.304,-8.993,-14.715,,,
[1758212472181586315],6.895,-4.551,-9.084,,,
[1758212472186716836],-2.188,1.228,0.184,,,
[1758212472192258138],-4.235,3.522,8.083,,,
[1758212472197491784],-14.193,8.89,15.711,,,
[1758212472202666107],-1.791,-2.152,19.613,,,
[1758212472207769492],9.972,-3.79,15.646,,,
[1758212472212907096],14.746,-6.898,5.339,,,
[1758212472218000638],19.613,-11.851,-1.408,,,
[1758212472223198659],19.613,-13.743,-8.497,,,
[1758212472228311003],19.613,-11.542,-14.245,,,
[1758212472233461940],13.233,-8.009,-12.577,,,
[1758212472238602096],4.475,-4.362,-9.606,,,
[1758212472243891367],-0.347,1.384,0.546,,,
[1758212472249584492],-4.281,3.725,9.007,,,
[1758212472254754232],-18.577,6.199,18.864,,,
[1758212472259868711],8.928,0.663,17.552,,,
[1758212472265014596],11.181,-4.106,16.47,,,
[1758212472270122201],15.4,-7.875,10.64,,,
[1758212472275307357],19.613,-12.833,-1.975,,,
[1758212472280424284],19.613,-13.197,-9.771,,,
[1758212472285569180],19.008,-11.588,-14.016,,,
[1758212472290790794],13.427,-8.399,-15.534,,,
[1758212472296592357],2.739,-2.54,-8.882,,,
[1758212472301828867],-2.016,1.046,2.049,,,
[1758212472307403971],-4.317,3.632,8.325,,,
[1758212472312564805],-5.859,1.97,18.234,,,
[1758212472317647513],10.441,2.049,17.885,,,
[1758212472322854701],13.068,-4.032,13.252,,,
[1758212472327965221],14.096,-9.043,5.806,,,
[1758212472333130690],19.613,-12.368,-2.844,,,
[1758212472338527930],19.613,-13.319,-10.599,,,
[1758212472344861159],16.259,-9.811,-14.945,,,
[1758212472350559440],8.023,-5.454,-10.556,,,
[1758212472356749648],-1.887,0.912,-3.668,,,
[1758212472363532721],-3.587,3.768,8.854,,,
[1758212472368752826],-14.418,3.091,17.927,,,
[1758212472373948086],10.879,1.255,16.199,,,
[1758212472379049961],11.545,-3.182,14.981,,,
[1758212472384187721],14.765,-10.159,5.133,,,
[1758212472389292409],19.613,-12.601,-0.469,,,
[1758212472394423346],19.613,-13.087,-10.621,,,
[1758212472400591836],19.419,-11.396,-15.622,,,
[1758212472405867201],9.242,-6.404,-13.982,,,
[1758212472412363607],1.738,-0.158,-2.44,,,
[1758212472418647721],-5.057,3.065,6.778,,,
[1758212472423928086],-2.763,9.728,17.779,,,
[1758212472429052826],-3.184,-1.429,14.556,,,
[1758212472434195742],6.804,-1.92,14.047,,,
[1758212472439296940],13.326,-6.493,10.247,,,
[1758212472444436888],19.613,-11.593,1.381,,,
[1758212472449558919],19.613,-13.434,-7.472,,,
[1758212472454717357],19.613,-11.897,-12.905,,,
[1758212472459846419],14.128,-9.486,-12.608,,,
[1758212472465057409],6.381,-4.175,-9.498,,,
[1758212472470161888],-0.096,-0.254,1.686,,,
[1758212472475325586],-4.073,3.402,8.918,,,
[1758212472480410742],1.312,8.782,15.481,,,
[1758212472485545846],-2.928,-1.068,13.731,,,
[1758212472490678971],11.983,-1.846,15.878,,,
[1758212472495950430],13.276,-5.219,11.983,,,
[1758212472501064648],19.613,-10.669,1.882,,,
[1758212472506189544],19.613,-13.429,-6.85,,,
[1758212472512884336],19.613,-11.31,-14.255,,,
[1758212472518120742],11.19,-7.647,-14.001,,,
[1758212472523318607],4.63,-3.184,-8.389,,,
[1758212472528423034],-2.89,0.67,1.69,,,
[1758212472533557357],-3.575,4.065,8.361,,,
[1758212472538651263],-17.207,2.449,17.585,,,
[1758212472543770221],11.842,-0.232,19.601,,,
[1758212472548883450],11.416,-3.203,15.871,,,
[1758212472554062253],14.875,-6.835,11.009,,,
[1758212472559272878],19.613,-12.637,-0.869,,,
[1758212472564407565],19.613,-13.403,-10.791,,,
[1758212472569516263],19.474,-11.854,-14.849,,,
[1758212472574736575],12.771,-7.63,-16.103,,,
[1758212472579846575],5.102,-2.974,-9.641,,,
[1758212472584962878],-3.199,1.453,1.144,,,
[1758212472590057461],-3.759,3.776,9.598,,,
[1758212472595193190],-17.729,6.376,14.068,,,
[1758212472600337096],7.515,-1.748,19.479,,,
[1758212472605452930],9.431,-2.361,15.548,,,
[1758212472610559857],13.932,-6.67,6.759,,,
[1758212472616150846],19.613,-11.952,-2.241,,,
[1758212472621406836],19.613,-13.64,-10.415,,,
[1758212472626622565],18.383,-12.048,-14.164,,,
[1758212472631771003],13.118,-8.193,-14.253,,,
[1758212472637165117],2.116,-2.871,-8.827,,,
[1758212472642864596],-1.76,2.71,2.71,,,
[1758212472647990065],-4.681,3.29,8.25,,,
[1758212472653176575],-1.109,2.966,19.306,,,
[1758212472658295534],7.843,1.487,19.161,,,
[1758212472663417200],13.534,-4.401,16.032,,,
[1758212472668653398],14.653,-7.803,2.143,,,
[1758212472673853763],19.613,-12.297,-3.97,,,
[1758212472678978659],19.613,-13.381,-10.609,,,
[1758212472684113242],18.124,-10.427,-13.398,,,
[1758212472689214388],10.252,-7.446,-13.139,,,
[1758212472694350638],2.334,-1.956,-8.485,,,
[1758212472699469596],-3.074,1.614,1.12,,,
[1758212472704679127],-3.938,3.91,7.989,,,
[1758212472709901159],-9.969,2.145,19.613,,,
[1758212472715044909],12.558,2.988,17.214,,,
[1758212472726513034],16.202,-12.831,1.073,,,
[1758212472731679075],19.613,-13.666,-4.963,,,
[1758212472736809075],19.613,-13.223,-13.008,,,
[1758212472741961159],17.861,-10.314,-15.232,,,
[1758212472747100534],8.71,-5.679,-10.8,,,
[1758212472752319023],1.429,-0.752,-4.432,,,
[1758212472757491263],-5.471,2.825,4.01,,,
[1758212472762656263],-2.318,2.085,14.25,,,
[1758212472767879596],2.212,3.584,19.58,,,
[1758212472773228711],2.55,-2.454,18.277,,,
[1758212472778431107],13.654,-5.195,14.526,,,
[1758212472783618607],19.613,-12.495,2.284,,,
[1758212472788776419],19.613,-13.226,-5.222,,,
[1758212472793929596],19.613,-13.001,-12.16,,,
[1758212472799116002],15.862,-10.405,-14.928,,,
[1758212472804295638],9.345,-5.519,-10.958,,,
[1758212472809446888],1.307,-0.524,-3.529,,,
[1758212472814635169],-4.29,2.969,4.944,,,
[1758212472819748242],-2.303,2.399,16.187,,,
[1758212472824944961],1.683,4.413,19.57,,,
[1758212472830540430],5.416,-2.935,18.014,,,
[1758212472835792148],13.738,-4.626,13.961,,,
[1758212472841005794],19.613,-11.923,4.575,,,
[1758212472846191575],19.613,-12.761,-8.083,,,
[1758212472851339648],19.613,-12.541,-12.368,,,
[1758212472856497930],15.534,-9.263,-14.815,,,
[1758212472861630169],8.684,-5.071,-11.183,,,
[1758212472866757617],-1.413,0.098,-3.318,,,
[1758212472871905117],-3.282,2.911,4.946,,,
[1758212472877233502],0.014,5.313,15.495,,,
[1758212472882459075],-0.314,2.986,11.741,,,
[1758212472887633086],9.819,-3.017,17.473,,,
[1758212472892809232],14.937,-4.448,14.162,,,
[1758212472897933242],19.613,-12.395,3.876,,,
[1758212472903049648],19.613,-12.625,-6.955,,,
[1758212472908217200],19.613,-12.73,-13.312,,,
[1758212472913381836],16.36,-10.534,-13.609,,,
[1758212472918504596],7.101,-4.492,-10.558,,,
[1758212472923704492],0.725,0.563,-3.792,,,
[1758212472928844388],-4.942,3.352,5.306,,,
[1758212472935361784],0.045,5.823,15.282,,,
[1758212472940737357],-4.216,-3.237,15.016,,,
[1758212472945922669],11.681,-3.421,14.648,,,
[1758212472951476159],14.909,-6.187,6.857,,,
[1758212472956636575],19.613,-12.404,-2.131,,,
[1758212472961743607],19.613,-13.613,-10.534,,,
[1758212472966869179],18.277,-11.38,-13.7,,,
[1758212472971990794],12.883,-8.334,-14.423,,,
[1758212472977228763],3.412,-3.168,-8.605,,,
[1758212472982469075],-1.607,0.895,3.182,,,
[1758212472988778242],-4.86,2.308,11.399,,,
[1758212472994013034],1.678,3.048,19.441,,,
[1758212472999147148],1.283,-0.409,15.493,,,
[1758212473004319284],13.13,-3.974,15.162,,,
[1758212473009430482],15.189,-7.36,4.286,,,
[1758212473014555429],19.613,-11.832,-4.635,,,
[1758212473019675586],19.613,-13.46,-10.733,,,
[1758212473024952721],16.831,-10.642,-13.544,,,
[1758212473030082252],10.695,-7.508,-13.858,,,
[1758212473035286419],1.939,-2.157,-7.64,,,
[1758212473041048607],-2.995,1.712,2.48,,,
[1758212473046340325],-4.877,2.859,13.637,,,
[1758212473051904961],3.306,4.266,18.301,,,
[1758212473057090690],6.407,-1.798,19.192,,,
[1758212473062329700],15.153,-4.992,14.585,,,
[1758212473067464700],19.613,-11.195,5.188,,,
[1758212473072707044],19.613,-12.711,-6.112,,,
[1758212473077894336],19.613,-12.881,-12.582,,,
[1758212473083088554],17.957,-10.214,-16.52,,,
[1758212473088428554],6.998,-6.103,-11.911,,,
[1758212473094762096],-0.752,0.359,0.134,,,
[1758212473101274961],-3.282,3.63,9.347,,,
[1758212473107553190],-4.899,1.966,17.314,,,
[1758212473112861263],14.739,-2.404,18.268,,,
[1758212473117999544],10.958,-4.609,15.062,,,
[1758212473123206263],19.613,-11.439,4.271,,,
[1758212473128320325],19.613,-12.807,-3.033,,,
[1758212473133424752],19.613,-13.271,-9.117,,,
[1758212473138534804],17.743,-10.482,-13.781,,,
[1758212473143688086],11.308,-7.022,-14.885,,,
[1758212473149879023],1.844,-1.942,-2.624,,,
[1758212473156313919],-4.295,3.285,5.772,,,
[1758212473161615429],-2.071,9.081,16.87,,,
[1758212473166738763],-5.183,1.702,14.281,,,
[1758212473171852773],11.674,-1.317,14.933,,,
[1758212473177066992],13.233,-5.289,12.646,,,
[1758212473182309596],19.613,-10.645,1.341,,,
[1758212473187428711],19.613,-13.087,-6.998,,,
[1758212473192585013],19.613,-12.754,-13.587,,,
[1758212473197736263],13.664,-9.328,-15.581,,,
[1758212473202980429],7.025,-5.15,-8.758,,,
[1758212473208075429],-1.362,0.323,-2.816,,,
[1758212473213215325],-3.067,3.352,5.744,,,
[1758212473218312617],-2.011,9.151,16.146,,,
[1758212473223499284],-3.426,4.434,18.28,,,
[1758212473228606731],4.164,-2.009,16.867,,,
[1758212473233747148],14.933,-5.246,13.398,,,
[1758212473238846575],19.613,-10.831,1.566,,,
[1758212473243976836],19.613,-13.053,-7.19,,,
[1758212473249158815],19.613,-13.204,-13.532,,,
[1758212473254794492],14.42,-8.823,-14.506,,,
[1758212473261228086],6.481,-3.675,-8.777,,,
[1758212473266563346],-4.044,1.712,1.288,,,
[1758212473273148711],-2.959,2.99,16.084,,,
[1758212473278378294],-2.095,4.171,19.613,,,
[1758212473283502669],5.425,-1.472,19.482,,,
[1758212473288620638],13.623,-4.432,14.408,,,
[1758212473293761002],17.214,-9.888,1.666,,,
[1758212473298867773],19.613,-12.673,-2.617,,,
[1758212473303957721],19.613,-13.029,-9.828,,,
[1758212473309055169],17.777,-11.119,-13.546,,,
[1758212473314235898],10.12,-6.814,-11.746,,,
[1758212473319430169],2.389,-1.98,-5.155,,,
[1758212473324604179],-3.077,2.909,4.108,,,
[1758212473329736263],-3.148,3.608,11.325,,,
[1758212473334876731],1.93,3.072,18.693,,,
[1758212473339986575],15.833,-3.1,19.613,,,
[1758212473345086627],13.472,-4.757,15.232,,,
[1758212473350237773],19.613,-9.752,8.792,,,
[1758212473355414075],19.613,-12.184,-4.659,,,
[1758212473360548450],19.613,-13.369,-10.64,,,
[1758212473365710117],18.129,-10.645,-13.961,,,
[1758212473371240586],10.195,-7.013,-13.379,,,
[1758212473377710429],1.214,0.077,-4.252,,,
[1758212473383086263],-4.01,3.021,6.424,,,
[1758212473388533033],1.844,7.379,15.33,,,
[1758212473393688294],-0.802,1.422,19.043,,,
[1758212473398799856],5.243,-2.641,15.979,,,
[1758212473403900117],13.204,-4.563,13.563,,,
[1758212473408975221],19.613,-11.995,4.142,,,
[1758212473414107096],19.613,-12.869,-6.462,,,
[1758212473419254752],19.613,-13.252,-13.568,,,
[1758212473424600013],15.991,-9.615,-15.823,,,
[1758212473432055950],5.705,-3.965,-9.694,,,
[1758212473437436054],-3.828,1.645,2.133,,,
[1758212473444220377],-2.998,4.247,14.375,,,
[1758212473449449179],2.076,3.572,19.613,,,
[1758212473454572981],15.318,0.417,15.96,,,
[1758212473459736992],13.355,-4.305,14.803,,,
[1758212473464868190],19.515,-10.35,3.29,,,
[1758212473469952461],19.613,-13.058,-5.617,,,
[1758212473475172877],19.613,-12.819,-12.924,,,
[1758212473480608711],16.738,-9.965,-13.592,,,
[1758212473485798398],8.796,-6.476,-9.941,,,
[1758212473491413398],0.776,0.151,-3.587,,,
[1758212473496594336],-4.851,2.84,5.993,,,
[1758212473502800846],-10.59,9.838,15.318,,,
[1758212473507940065],6.393,2.538,19.015,,,
[1758212473513022200],9.833,-3.139,15.795,,,
[1758212473518134127],10.963,-6.416,10.688,,,
[1758212473523361992],19.613,-10.788,-0.103,,,
[1758212473528525117],19.613,-13.858,-7.321,,,
[1758212473533799492],19.613,-12.158,-14.064,,,
[1758212473538930794],13.92,-9.584,-14.219,,,
[1758212473544080533],7.223,-3.742,-10.113,,,
[1758212473549185533],-0.95,0.63,-1.262,,,
[1758212473554299023],-4.041,3.615,7.001,,,
[1758212473559402877],-4.532,7.525,17.303,,,
[1758212473564526627],-3.881,3.733,19.597,,,
[1758212473569649804],2.768,-2.085,15.014,,,
[1758212473574904700],13.549,-5.361,7.793,,,
[1758212473580017044],19.613,-11.176,-0.371,,,
[1758212473585164752],19.613,-13.312,-8.147,,,
[1758212473591697200],19.613,-11.985,-13.791,,,
[1758212473596963138],11.638,-8.121,-14.382,,,
[1758212473602452252],4.314,-2.674,-8.358,,,
[1758212473607569700],-3.788,1.738,0.532,,,
[1758212473612723502],-3.493,3.464,7.211,,,
[1758212473617841523],-14.119,2.749,16.855,,,
[1758212473624059179],1.611,-0.467,17.705,,,
[1758212473629325794],12.905,-4.599,15.004,,,
[1758212473634476888],16.829,-10.41,1.267,,,
[1758212473639588919],19.613,-12.299,-5.116,,,
[1758212473644713658],19.613,-13.293,-11.741,,,
[1758212473649812044],17.851,-11.475,-12.002,,,
[1758212473654999596],9.847,-6.563,-13.029,,,
[1758212473660170533],3.175,-2.263,-3.8,,,
[1758212473665938242],-5.059,2.734,4.187,,,
[1758212473671237356],-3.105,3.428,19.594,,,
[1758212473676759179],-1.164,4.377,19.613,,,
[1758212473681882565],12.72,0.783,19.055,,,
[1758212473687009179],13.652,-4.496,14.032,,,
[1758212473692183502],19.613,-11.291,2.277,,,
[1758212473698392929],19.613,-13.336,-7.638,,,
[1758212473703660429],19.613,-12.215,-14.317,,,
[1758212473709969960],13.245,-8.279,-13.695,,,
[1758212473716136679],2.55,-2.789,-8.973,,,
[1758212473721249023],-2.277,1.472,1.808,,,
[1758212473726436210],-4.152,3.515,8.162,,,
[1758212473731534127],-16.803,2.483,19.319,,,
[1758212473736665585],1.982,0.108,17.467,,,
[1758212473741764544],14.186,-3.905,15.517,,,
[1758212473746870794],13.683,-10.223,5.775,,,
[1758212473752107356],19.613,-12.668,-0.56,,,
[1758212473758575117],19.613,-13.415,-11.696,,,
[1758212473764234492],16.846,-10.575,-14.765,,,
[1758212473769410585],8.633,-6.709,-11.056,,,
[1758212473776047148],-1.528,0.376,-2.342,,,
[1758212473781279544],-3.326,2.966,5.861,,,
[1758212473786399335],-0.5,7.214,14.775,,,
[1758212473791567304],-1.87,4.005,13.319,,,
[1758212473796729023],1.298,-2.188,15.739,,,
[1758212473801831210],15.457,-5.653,11.866,,,
[1758212473807293815],19.613,-11.411,-0.096,,,
[1758212473812502096],19.613,-13.568,-8.282,,,
[1758212473817742356],19.52,-12.139,-14.755,,,
[1758212473824341106],11.495,-7.523,-15.117,,,
[1758212473830676419],3.227,-2.205,-5.157,,,
[1758212473836419596],-5.315,2.591,5.155,,,
[1758212473841531523],-1.384,1.76,19.613,,,
[1758212473846646054],1.341,4.118,13.489,,,
[1758212473851780846],3.555,-0.412,19.099,,,
[1758212473856909075],12.495,-3.8,16.704,,,
[1758212473862015794],19.613,-13.558,1.417,,,
[1758212473867178137],19.613,-13.068,-6.929,,,
[1758212473872798658],19.613,-13.391,-13.906,,,
[1758212473878097408],15.012,-10.048,-14.887,,,
[1758212473884856367],6.414,-3.804,-8.684,,,
[1758212473890105794],-1.281,0.304,0.85,,,
[1758212473895641471],-4.911,3.256,10.111,,,
[1758212473900749960],-7.424,8.234,15.852,,,
[1758212473905875012],-3.929,-1.652,13.997,,,
[1758212473910975273],6.337,-3.78,15.79,,,
[1758212473917106054],13.245,-9.795,7.621,,,
[1758212473923832096],19.613,-12.378,-5.816,,,
[1758212473929061315],19.613,-13.29,-11.837,,,
[1758212473934187304],16.305,-10.283,-14.404,,,
[1758212473939320429],8.55,-6.663,-12.833,,,
[1758212473944480429],1.058,-1.451,-5.954,,,
[1758212473950247408],-3.139,3.12,5.43,,,
[1758212473955435637],1.154,3.953,19.434,,,
[1758212473960556940],-1.738,1.585,15.646,,,
[1758212473965681627],5.535,-0.129,19.02,,,
[1758212473970780012],14.26,-4.662,16.034,,,
[1758212473975963398],17.008,-12.17,4.913,,,
[1758212473981074856],19.613,-13.125,-4.961,,,
[1758212473986226992],19.613,-13.056,-12.409,,,
[1758212473991338971],17.198,-10.424,-15.182,,,
[1758212473996622825],7.719,-5.557,-12.452,,,
[1758212474002301575],0.089,-0.065,-3.041,,,
[1758212474007966627],-5.119,3.129,7.08,,,
[1758212474013117564],-1.365,8.71,16.599,,,
[1758212474018295794],-0.955,3.9,19.613,,,
[1758212474024688294],9.237,-2.861,15.069,,,
[1758212474029968294],14.224,-6.4,7.331,,,
[1758212474035079179],19.613,-11.641,-1.257,,,
[1758212474040178867],19.613,-13.743,-9.076,,,
[1758212474045308554],19.53,-11.581,-13.771,,,
[1758212474050407825],13.609,-8.566,-14.169,,,
[1758212474055508450],3.97,-3.522,-8.499,,,
[1758212474060616002],-1.223,0.967,-0.213,,,
[1758212474065784231],-4.999,3.424,7.958,,,
[1758212474070992669],-15.529,9.313,15.847,,,
[1758212474076420117],7.841,1.774,19.556,,,
[1758212474081580169],13.527,-3.481,16.472,,,
[1758212474086744752],12.677,-6.352,10.889,,,
[1758212474091868346],19.613,-11.346,-1.125,,,
[1758212474097008710],19.613,-13.549,-9.141,,,
[1758212474102202825],19.613,-12.265,-14.119,,,
[1758212474107324387],12.447,-7.992,-14.722,,,
[1758212474112503554],6.74,-3.508,-9.697,,,
[1758212474117620950],-3.014,0.967,0.431,,,
[1758212474124423814],-3.144,3.934,12.129,,,
[1758212474129716419],-0.213,3.388,19.613,,,
[1758212474136184596],13.932,1.47,15.237,,,
[1758212474141379700],14.447,-4.92,15.299,,,
[1758212474146509283],19.606,-10.599,3.541,,,
[1758212474151620325],19.613,-13.127,-6.455,,,
[1758212474156772825],19.613,-13.41,-12.402,,,
[1758212474161872773],17.15,-10.173,-14.961,,,
[1758212474166988814],7.812,-6.376,-12.177,,,
[1758212474172191262],1.803,-1.259,-4.204,,,
[1758212474177890950],-4.784,3.148,5.933,,,
[1758212474183032564],1.188,8.935,19.597,,,
[1758212474188138346],-0.864,0.517,16.515,,,
[1758212474193272304],6.206,-1.46,13.676,,,
[1758212474198372148],9.194,-2.986,12.158,,,
[1758212474203470689],19.306,-12.924,4.166,,,
[1758212474208579179],19.613,-12.874,-6.548,,,
[1758212474213782044],19.613,-12.424,-12.5,,,
[1758212474218987669],15.404,-9.498,-14.605,,,
[1758212474224275221],7.762,-6.024,-10.992,,,
[1758212474229785741],-0.065,0.204,-2.006,,,
[1758212474235013450],-4.24,3.455,5.088,,,
[1758212474240319752],-2.136,6.268,17.866,,,
[1758212474245463919],-3.373,3.699,18.639,,,
[1758212474250571002],9.723,0.156,14.899,,,
[1758212474255800012],14.427,-5.861,9.27,,,
[1758212474260915898],19.613,-11.289,1.501,,,
[1758212474266109856],19.613,-13.348,-7.556,,,
[1758212474271363919],19.613,-13.051,-11.547,,,
[1758212474276603919],13.491,-9.459,-13.589,,,
[1758212474281712669],8.495,-4.477,-8.686,,,
[1758212474286867408],-1.209,0.455,-2.332,,,
[1758212474291976523],-3.515,2.804,4.889,,,
[1758212474297109700],-6.517,9.886,15.44,,,
[1758212474302280481],-3.51,-1.334,13.177,,,
[1758212474307454127],6.416,-1.595,15.917,,,
[1758212474312619700],14.794,-4.707,10.305,,,
[1758212474317729908],19.613,-9.926,1.089,,,
[1758212474322991054],19.613,-13.149,-7.025,,,
[1758212474328141158],19.613,-12.383,-11.926,,,
[1758212474333316210],14.571,-9.213,-13.075,,,
[1758212474338927044],6.141,-4.132,-7.966,,,
[1758212474344070533],-1.544,0.876,0.084,,,
[1758212474349321262],-4.166,2.907,6.263,,,
[1758212474354510846],-3.881,9.641,14.751,,,
[1758212474359697304],-3.01,3.613,13.879,,,
[1758212474364815116],4.616,-1.25,15.536,,,
[1758212474375058658],19.613,-10.57,-1.228,,,
[1758212474380427408],19.613,-13.736,-6.694,,,
[1758212474385990950],19.522,-12.11,-13.827,,,
[1758212474391134648],15.407,-8.787,-13.13,,,
[1758212474396286835],3.689,-3.563,-6.819,,,
[1758212474401425116],-1.566,0.634,0.148,,,
[1758212474406567044],-5.313,3.941,6.285,,,
[1758212474411662564],-16.8,7.64,13.137,,,
[1758212474416775689],3.883,-0.697,18.392,,,
[1758212474422029439],9.084,-3.723,15.352,,,
[1758212474427271106],12.356,-6.737,10.714,,,
[1758212474432527252],19.613,-11.416,-2.277,,,
[1758212474437684387],19.613,-13.3,-8.942,,,
[1758212474442873554],19.465,-12.158,-14.396,,,
[1758212474448360950],11.459,-8.298,-14.255,,,
[1758212474453638554],4.736,-3.476,-8.559,,,
[1758212474460003346],-3.127,1.753,4.314,,,
[1758212474465247929],-3.675,4.209,12.981,,,
[1758212474470356627],-1.293,3.567,18.387,,,
[1758212474475549960],9.534,-2.954,18.033,,,
[1758212474480654439],15.342,-5.195,15.73,,,
[1758212474485787616],19.613,-9.325,6.972,,,
[1758212474490942721],19.613,-12.601,-5.169,,,
[1758212474496154231],19.613,-12.72,-11.495,,,
[1758212474501315168],19.532,-10.772,-14.545,,,
[1758212474506599283],8.689,-7.183,-12.766,,,
[1758212474511680273],2.806,-1.999,-6.862,,,
[1758212474516835950],-4.484,1.863,1.587,,,
[1758212474521944700],-2.14,1.812,11.155,,,
[1758212474527202252],0.632,3.747,16.427,,,
[1758212474532356627],0.881,-0.991,18.455,,,
[1758212474537536939],8.959,-1.487,14.439,,,
[1758212474542801679],17.933,-8.358,2.33,,,
[1758212474547991939],19.613,-11.983,-3.024,,,
[1758212474553148814],19.613,-13.455,-12.124,,,
[1758212474558762981],16.929,-10.357,-15.522,,,
[1758212474565135012],7.695,-5.76,-10.192,,,
[1758212474570436002],0.582,-0.029,-2.389,,,
[1758212474575643918],-4.037,3.534,5.693,,,
[1758212474580745793],-6.675,6.551,14.916,,,
[1758212474585887773],-0.745,3.182,19.613,,,
[1758212474591021471],16.546,1.173,19.563,,,
[1758212474596131835],14.475,-4.889,14.767,,,
[1758212474601235221],19.613,-11.052,2.109,,,
[1758212474606404387],19.613,-12.854,-6.993,,,
[1758212474611647304],19.613,-12.866,-13.269,,,
[1758212474616798085],13.836,-9.457,-14.787,,,
[1758212474621927616],8.133,-5.248,-10.554,,,
[1758212474627202512],-1.47,-0.055,-3.05,,,
[1758212474632420950],-2.772,2.969,4.99,,,
[1758212474637553398],-3.828,7.539,13.692,,,
[1758212474642839179],-3.079,3.742,14.674,,,
[1758212474647987148],6.56,-2.456,16.295,,,
[1758212474653179648],13.381,-4.472,13.743,,,
[1758212474658336418],19.613,-12.282,2.011,,,
[1758212474663882095],19.613,-13.618,-6.802,,,
[1758212474669858241],19.613,-11.945,-13.144,,,
[1758212474675099439],12.617,-8.076,-13.944,,,
[1758212474680199387],5.581,-4.063,-9.883,,,
[1758212474685340689],-2.425,0.821,-2.696,,,
[1758212474690438554],-4.118,2.863,9.61,,,
[1758212474695546523],-4.846,8.301,13.281,,,
[1758212474700730637],-4.324,-0.402,13.566,,,
[1758212474706016783],11.514,-3.737,17.451,,,
[1758212474711115064],15.4,-6.469,7.717,,,
[1758212474716256679],19.613,-10.819,-0.192,,,
[1758212474721392460],19.613,-13.676,-7.441,,,
[1758212474726589491],19.158,-11.959,-13.522,,,
[1758212474731708085],14.375,-8.006,-14.025,,,
[1758212474736804023],5.346,-3.33,-10.034,,,
[1758212474741904387],-0.292,0.711,-1.123,,,
[1758212474747070168],-4.243,2.588,7.451,,,
[1758212474752289648],-11.564,4.312,14.964,,,
[1758212474757465273],-3.062,3.658,12.136,,,
[1758212474762819700],9.859,-3.591,15.124,,,
[1758212474768282460],13.34,-6.155,8.234,,,
[1758212474773533137],19.613,-12.036,0.479,,,
[1758212474778951002],19.613,-13.575,-9.498,,,
[1758212474784090116],19.015,-11.262,-15.122,,,
[1758212474789214179],12.127,-7.86,-14.791,,,
[1758212474794318189],3.915,-2.959,-7.755,,,
[1758212474799461470],-2.48,1.293,0.464,,,
[1758212474804628189],-4.082,3.812,7.283,,,
[1758212474809806054],-18.514,6.579,16.376,,,
[1758212474815102981],9.39,1.841,19.36,,,
[1758212474820229335],12.615,-3.409,17.674,,,
[1758212474825412825],14.36,-6.819,10.882,,,
[1758212474830562668],19.613,-12.0,-3.179,,,
[1758212474835760533],19.613,-13.039,-10.422,,,
[1758212474840861887],19.515,-12.673,-13.206,,,
[1758212474845993762],11.782,-6.984,-14.389,,,
[1758212474851111158],5.976,-2.909,-9.706,,,
[1758212474856354752],-3.448,1.379,1.793,,,
[1758212474861571314],-2.643,2.631,10.01,,,
[1758212474866749856],-4.937,4.226,19.549,,,
[1758212474871885793],-1.657,2.507,15.471,,,
[1758212474877526262],13.704,-2.825,16.123,,,
[1758212474882769283],19.613,-9.148,9.457,,,
[1758212474888440533],19.613,-12.565,-3.029,,,
[1758212474893605377],19.613,-13.221,-10.072,,,
[1758212474898729335],17.322,-11.301,-14.066,,,
[1758212474903863345],10.942,-6.924,-12.206,,,
[1758212474908988970],2.614,-2.389,-6.531,,,
[1758212474914141783],-2.452,2.65,3.045,,,
[1758212474919419439],-0.117,1.453,13.943,,,
[1758212474924622200],-0.97,4.283,13.06,,,
[1758212474929758762],6.706,0.476,18.677,,,
[1758212474934933085],12.682,-2.646,15.526,,,
[1758212474940082252],18.957,-8.215,1.214,,,
[1758212474945234127],19.613,-12.064,-4.654,,,
[1758212474950345793],19.613,-13.405,-10.731,,,
[1758212474955541522],16.984,-10.76,-15.584,,,
[1758212474960764075],11.162,-7.125,-13.85,,,
[1758212474965951575],1.42,-1.923,-7.925,,,
[1758212474971080377],-2.816,1.973,3.986,,,
[1758212474976268866],-4.082,3.938,11.09,,,
[1758212474981405845],-14.171,1.654,19.613,,,
[1758212474988005012],11.408,1.805,19.527,,,
[1758212474993619700],13.939,-5.073,13.913,,,
[1758212474998754491],19.613,-11.504,3.007,,,
[1758212475003843189],19.613,-13.017,-7.01,,,
[1758212475008922929],19.613,-13.175,-12.084,,,
[1758212475014037616],16.187,-9.766,-14.631,,,
[1758212475019230481],7.719,-5.65,-9.627,,,
[1758212475024410533],0.833,0.462,-2.562,,,
[1758212475029516783],-4.707,3.033,5.543,,,
[1758212475034814335],1.767,6.831,19.532,,,
[1758212475040059127],-2.32,0.946,14.2,,,
[1758212475045157408],7.666,-0.093,14.801,,,
[1758212475052197408],14.7,-6.467,10.441,,,
[1758212475057525012],19.613,-11.789,0.395,,,
[1758212475062743918],19.613,-12.842,-10.233,,,
[1758212475067878137],19.084,-12.412,-15.062,,,
[1758212475073101939],12.445,-8.226,-13.427,,,
[1758212475078254491],4.336,-2.808,-8.006,,,
[1758212475083408241],-0.939,0.785,0.314,,,
[1758212475088537772],-4.968,3.833,6.996,,,
[1758212475095156470],-0.967,2.78,19.613,,,
[1758212475100415793],7.717,0.764,19.613,,,
[1758212475105859543],12.924,-4.245,15.371,,,
[1758212475110977460],18.115,-12.761,2.186,,,
[1758212475116132877],19.613,-12.931,-4.506,,,
[1758212475121250272],19.613,-13.791,-10.125,,,
[1758212475126446939],16.654,-10.755,-15.613,,,
[1758212475131646991],10.992,-6.065,-11.229,,,
[1758212475136914960],0.292,-1.396,-4.925,,,
[1758212475142278241],-3.01,2.454,5.08,,,
[1758212475149784127],-1.475,8.054,16.477,,,
[1758212475155210064],9.153,-0.728,19.527,,,
[1758212475160375949],9.84,-3.158,15.28,,,
[1758212475165506835],13.293,-5.636,6.167,,,
[1758212475170630845],19.613,-11.636,-2.114,,,
[1758212475175855012],19.613,-13.403,-10.192,,,
[1758212475180963033],19.613,-11.631,-14.825,,,
[1758212475186057356],11.337,-8.444,-14.052,,,
[1758212475191177512],5.847,-3.953,-7.293,,,
[1758212475196408137],-3.036,1.075,0.151,,,
[1758212475201989335],-2.959,3.256,10.18,,,
[1758212475207137877],-18.725,4.02,14.562,,,
[1758212475214600585],3.558,0.297,17.921,,,
[1758212475220047616],14.631,-5.236,13.149,,,
[1758212475225256002],19.613,-12.076,4.8,,,
[1758212475230370377],19.613,-13.118,-4.978,,,
[1758212475235524699],19.613,-13.099,-12.586,,,
[1758212475240639491],17.25,-10.453,-15.526,,,
[1758212475245742981],8.408,-6.407,-10.807,,,
[1758212475250839387],1.554,-1.343,-3.448,,,
[1758212475256030793],-4.918,3.17,4.724,,,
[1758212475261171158],0.934,2.263,17.454,,,
[1758212475266401679],-1.161,3.989,14.557,,,
[1758212475271539179],8.978,-0.493,18.136,,,
[1758212475276727252],13.403,-4.353,15.438,,,
[1758212475281829491],19.613,-11.281,3.567,,,
[1758212475286968658],19.613,-13.072,-6.275,,,
[1758212475292060689],19.613,-12.833,-12.4,,,
[1758212475297224439],15.05,-9.459,-14.904,,,
[1758212475304042356],7.321,-3.529,-9.737,,,
[1758212475310373866],-1.216,1.379,0.436,,,
[1758212475316123501],-4.709,3.886,7.961,,,
[1758212475321255376],-11.533,2.365,16.855,,,
[1758212475326475741],10.64,0.512,18.474,,,
[1758212475331604856],12.201,-3.704,15.134,,,
[1758212475336729439],13.072,-7.151,6.144,,,
[1758212475341845012],19.613,-12.179,-0.656,,,
[1758212475347010637],19.613,-13.585,-9.45,,,
[1758212475352210533],19.549,-11.545,-13.338,,,
[1758212475357744231],10.508,-7.678,-14.253,,,
[1758212475362976887],4.116,-2.265,-5.447,,,
[1758212475368106887],-3.898,1.978,3.749,,,
[1758212475373307095],-2.61,3.57,8.715,,,
[1758212475378424699],-4.583,2.097,18.54,,,
[1758212475383547772],10.491,2.703,17.834,,,
[1758212475388656679],11.892,-3.989,16.63,,,
[1758212475393806366],15.579,-8.246,5.25,,,
[1758212475398946835],19.613,-12.23,-0.998,,,
[1758212475404695533],19.613,-13.139,-10.01,,,
[1758212475409980220],18.086,-11.552,-14.348,,,
[1758212475415186366],10.391,-6.132,-12.627,,,
[1758212475420329179],2.528,-1.939,-4.791,,,
[1758212475425830012],-5.066,2.787,4.961,,,
[1758212475430956574],-3.282,2.816,11.032,,,
[1758212475436097147],-0.211,2.935,16.781,,,
[1758212475441210793],3.263,-0.802,19.613,,,
[1758212475446426158],12.562,-4.446,14.305,,,
[1758212475451750949],19.613,-10.817,3.764,,,
[1758212475457359126],19.613,-12.804,-7.219,,,
[1758212475462613658],19.613,-13.084,-13.506,,,
[1758212475467760272],15.285,-9.771,-14.82,,,
[1758212475473010637],9.17,-6.227,-13.19,,,
[1758212475478155429],0.673,-1.058,-3.63,,,
[1758212475483294126],-3.512,2.646,5.083,,,
[1758212475488425741],-4.099,2.289,19.613,,,
[1758212475493760949],-1.616,4.195,15.534,,,
[1758212475499274491],8.045,-1.951,16.58,,,
[1758212475504403710],15.036,-4.841,13.175,,,
[1758212475509586470],19.613,-10.69,2.619,,,
[1758212475515859699],19.613,-13.898,-6.857,,,
[1758212475522264074],19.582,-12.486,-14.363,,,
[1758212475528140481],10.731,-7.068,-14.432,,,
[1758212475533295637],4.108,-2.962,-5.698,,,
[1758212475538408762],-3.68,2.102,2.928,,,
[1758212475543566835],-3.105,3.486,6.962,,,
[1758212475548666262],-19.204,2.6,18.883,,,
[1758212475553782772],1.422,0.192,14.997,,,
[1758212475558945012],12.986,-4.221,15.124,,,
[1758212475564113866],15.771,-8.356,6.709,,,
[1758212475569257251],19.613,-12.218,-0.912,,,
[1758212475574526262],19.613,-12.945,-11.001,,,
[1758212475579654178],19.101,-11.143,-12.031,,,
[1758212475584803866],11.993,-6.974,-13.458,,,
[1758212475589917720],3.519,-1.753,-8.408,,,
[1758212475595088970],-3.361,2.389,0.517,,,
[1758212475600205272],-3.153,3.27,8.636,,,
[1758212475605345741],-15.754,3.268,16.369,,,
[1758212475610508345],11.542,-2.995,17.573,,,
[1758212475615636731],10.858,-3.112,14.971,,,
[1758212475620742408],15.162,-11.959,6.328,,,
[1758212475625998710],19.613,-12.586,-2.112,,,
[1758212475632403033],19.613,-13.467,-11.337,,,
[1758212475637734335],16.338,-10.611,-15.055,,,
[1758212475642900116],10.127,-5.94,-11.32,,,
[1758212475648007303],-0.213,-1.099,-2.796,,,
[1758212475653146835],-3.67,3.096,4.544,,,
[1758212475658254022],-2.873,2.277,14.25,,,
[1758212475663336470],1.894,3.73,19.498,,,
[1758212475668432460],3.112,-0.912,19.563,,,
[1758212475673673866],14.071,-4.506,15.538,,,
[1758212475678887199],16.395,-11.949,4.278,,,
[1758212475683983033],19.613,-12.44,-6.567,,,
[1758212475689222303],19.613,-13.156,-11.887,,,
[1758212475694492147],16.611,-9.917,-13.594,,,
[1758212475699645272],9.51,-6.56,-12.263,,,
[1758212475704760637],1.149,-1.824,-3.486,,,
[1758212475709958814],-3.548,2.954,5.157,,,
[1758212475715676210],-3.328,2.799,15.629,,,
[1758212475720811158],3.261,3.888,13.913,,,
[1758212475726011835],1.07,-1.276,19.245,,,
[1758212475731148814],14.313,-5.131,14.787,,,
[1758212475738350116],19.613,-9.768,-0.024,,,
[1758212475743773397],19.613,-13.218,-8.198,,,
[1758212475750703553],18.263,-11.119,-14.684,,,
[1758212475755941262],9.383,-7.341,-12.847,,,
[1758212475761062616],3.706,-2.31,-5.737,,,
[1758212475766233918],-3.996,2.523,4.633,,,
[1758212475771432095],-3.218,2.816,11.155,,,
[1758212475776681158],1.496,3.16,19.459,,,
[1758212475781774803],5.674,0.038,16.242,,,
[1758212475786904960],12.167,-4.424,14.705,,,
[1758212475792027303],16.701,-12.151,4.542,,,
[1758212475797249126],19.613,-12.914,-4.664,,,
[1758212475802418658],19.613,-13.056,-12.256,,,
[1758212475807587564],16.486,-10.633,-14.902,,,
[1758212475812791418],10.59,-6.632,-13.953,,,
[1758212475818372408],1.322,-1.164,-5.519,,,
[1758212475823550741],-4.152,2.962,5.411,,,
[1758212475828637043],-2.622,2.155,16.088,,,
[1758212475833775012],2.114,4.508,19.506,,,
[1758212475838881105],3.414,-0.934,19.091,,,
[1758212475843998710],13.977,-4.298,14.224,,,
[1758212475851375480],19.613,-11.576,-0.019,,,
[1758212475857126314],19.613,-13.113,-10.089,,,
[1758212475862336105],19.613,-11.801,-16.106,,,
[1758212475867458918],13.168,-8.329,-13.925,,,
[1758212475872685480],5.409,-3.632,-8.001,,,
[1758212475877878189],-2.66,0.713,1.621,,,
[1758212475882978918],-3.452,3.433,8.794,,,
[1758212475888047303],-12.349,8.801,14.585,,,
[1758212475893198866],-3.742,-0.467,19.613,,,
[1758212475898333137],12.263,-2.148,16.455,,,
[1758212475903566783],14.913,-6.256,5.978,,,
[1758212475908676210],19.613,-11.739,-1.302,,,
[1758212475913810116],19.613,-13.661,-8.052,,,
[1758212475918922616],19.613,-12.345,-12.785,,,
[1758212475924108970],12.953,-8.727,-13.453,,,
[1758212475929222616],5.246,-4.032,-10.101,,,
[1758212475934372616],-1.231,0.33,0.778,,,
[1758212475939480741],-4.879,3.428,8.703,,,
[1758212475944591105],-3.529,7.324,13.75,,,
[1758212475949745272],-4.243,-0.747,19.534,,,
[1758212475955299074],8.918,-2.818,16.633,,,
[1758212475960540376],14.097,-6.443,9.007,,,
[1758212475965763137],19.613,-12.57,-0.977,,,
[1758212475970967928],19.613,-14.169,-10.345,,,
[1758212475976208085],18.871,-11.866,-14.593,,,
[1758212475981325324],13.556,-7.819,-13.242,,,
[1758212475986443553],3.498,-3.68,-8.294,,,
[1758212475991573814],-1.159,0.836,1.286,,,
[1758212475996780272],-4.697,3.481,8.969,,,
[1758212476001983605],-16.331,4.578,15.354,,,
[1758212476007142668],6.625,-1.851,19.613,,,
[1758212476012321991],11.056,-3.366,15.649,,,
[1758212476017486053],12.431,-6.266,5.638,,,
[1758212476023306626],19.613,-11.887,-2.172,,,
[1758212476028515324],19.613,-13.613,-11.047,,,
[1758212476033720845],19.503,-11.753,-15.426,,,
[1758212476038878814],11.643,-6.965,-14.119,,,
[1758212476044044803],2.622,-1.652,-6.989,,,
[1758212476049178085],-2.868,1.724,1.815,,,
[1758212476054327564],-3.864,4.288,8.72,,,
[1758212476060097772],-15.385,2.677,19.589,,,
[1758212476066656574],1.63,0.235,17.923,,,
[1758212476071963814],15.253,-4.968,14.7,,,
[1758212476078258814],19.613,-11.729,0.95,,,
[1758212476085913814],19.613,-13.257,-9.766,,,
[1758212476091263032],18.1,-10.985,-14.471,,,
[1758212476096523605],8.921,-6.895,-13.103,,,
[1758212476101632824],2.818,-2.143,-6.732,,,
[1758212476106767668],-4.599,1.877,4.523,,,
[1758212476111864907],-3.062,3.16,11.959,,,
[1758212476116981418],-12.565,3.457,19.613,,,
[1758212476122094126],9.486,-0.864,17.095,,,
[1758212476127313605],12.634,-4.477,15.356,,,
[1758212476132569074],17.478,-10.59,3.766,,,
[1758212476137788189],19.613,-12.651,-2.698,,,
[1758212476142965793],19.613,-13.534,-11.483,,,
[1758212476148088970],17.19,-10.266,-13.872,,,
[1758212476153228293],11.703,-6.215,-12.653,,,
[1758212476158332876],1.707,-2.085,-5.358,,,
[1758212476163459282],-3.694,2.418,3.361,,,
[1758212476168580793],-4.946,3.184,7.661,,,
[1758212476174148397],-2.088,4.202,19.613,,,
[1758212476179323137],8.425,-1.53,18.194,,,
[1758212476184439543],13.384,-4.209,13.522,,,
[1758212476189561887],17.21,-12.491,3.141,,,
[1758212476195885532],19.613,-12.412,-7.53,,,
[1758212476201130376],19.613,-13.305,-13.06,,,
[1758212476206252459],15.558,-8.928,-15.519,,,
[1758212476211350116],9.306,-5.423,-11.971,,,
[1758212476216464387],-0.85,-0.802,-3.625,,,
[1758212476221586939],-2.825,2.775,5.751,,,
[1758212476226762251],-2.794,2.954,18.184,,,
[1758212476231871574],2.023,3.998,19.601,,,
[1758212476237027147],3.749,-1.276,17.99,,,
[1758212476242345532],14.992,-4.729,15.493,,,
[1758212476247470689],19.613,-10.8,1.152,,,
[1758212476252642668],19.613,-12.821,-8.753,,,
[1758212476257757928],19.613,-12.845,-11.997,,,
[1758212476262941053],16.441,-10.18,-14.14,,,
[1758212476268089178],7.817,-5.77,-11.971,,,
[1758212476273357459],1.374,-0.127,-3.881,,,
[1758212476278491782],-4.927,2.911,6.879,,,
[1758212476284115532],1.776,5.377,19.604,,,
[1758212476289248032],-1.726,4.389,15.493,,,
[1758212476294409439],9.361,-1.566,15.258,,,
[1758212476299564126],13.92,-5.466,14.202,,,
[1758212476306847043],19.613,-12.21,-2.705,,,
[1758212476312663449],19.613,-13.144,-10.886,,,
[1758212476317863814],18.026,-11.839,-14.911,,,
[1758212476323077095],11.332,-7.439,-15.069,,,
[1758212476328193397],2.023,-2.483,-6.627,,,
[1758212476333285116],-2.112,1.748,2.377,,,
[1758212476338362824],-4.132,3.876,9.153,,,
[1758212476343509178],-17.542,2.631,19.216,,,
[1758212476348625793],9.704,0.385,18.1,,,
[1758212476353792980],12.957,-4.089,16.103,,,
[1758212476358993032],15.076,-7.611,3.824,,,
[1758212476364130584],19.613,-11.437,-2.327,,,
[1758212476369249126],19.613,-13.314,-9.045,,,
[1758212476374462512],19.012,-11.509,-13.587,,,
[1758212476379572095],12.361,-8.052,-14.001,,,
[1758212476384732980],4.027,-2.689,-7.551,,,
[1758212476391198814],-3.448,2.085,3.972,,,
[1758212476396440584],-4.164,3.551,17.748,,,
[1758212476401555532],2.631,2.418,19.613,,,
[1758212476406678449],12.088,-1.195,15.584,,,
[1758212476412997511],14.933,-5.09,14.02,,,
[1758212476419380011],19.613,-11.878,1.927,,,
[1758212476425737876],19.613,-13.355,-10.975,,,
[1758212476432403032],18.519,-10.793,-14.183,,,
[1758212476438060897],7.666,-6.713,-11.234,,,
[1758212476443190897],1.322,-0.713,-4.417,,,
[1758212476448295897],-4.535,2.696,5.255,,,
[1758212476453405168],-1.298,1.887,15.024,,,
[1758212476458514334],0.967,4.247,19.295,,,
[1758212476463647928],6.728,-0.419,18.33,,,
[1758212476468759386],13.094,-4.322,16.135,,,
[1758212476474002824],17.274,-12.814,2.085,,,
[1758212476479226157],19.613,-13.621,-5.832,,,
[1758212476484320168],19.613,-13.573,-12.701,,,
[1758212476489423814],17.432,-11.135,-15.146,,,
[1758212476494561730],8.605,-6.014,-11.935,,,
[1758212476499967251],1.267,-0.773,-4.592,,,
[1758212476505058761],-4.195,3.491,5.088,,,
[1758212476510136470],-2.413,2.459,16.088,,,
[1758212476515288136],2.495,3.888,19.501,,,
[1758212476520546522],2.409,-1.331,15.322,,,
[1758212476526932095],13.757,-4.673,12.902,,,
[1758212476532201418],19.613,-10.709,2.097,,,
[1758212476537323293],19.613,-13.082,-6.591,,,
[1758212476542502720],19.613,-12.445,-12.759,,,
[1758212476547626678],14.054,-9.208,-13.951,,,
[1758212476552793084],7.903,-5.394,-11.382,,,
[1758212476557907407],-1.338,-0.081,-2.327,,,
[1758212476563074803],-3.709,2.998,5.37,,,
[1758212476568232459],-2.03,9.318,18.138,,,
[1758212476573507251],-3.349,2.224,13.573,,,
[1758212476579098918],10.511,-2.916,16.463,,,
[1758212476584240584],14.705,-5.799,8.803,,,
[1758212476589339803],19.613,-11.693,0.187,,,
[1758212476594504595],19.613,-13.367,-7.286,,,
[1758212476599606939],19.613,-12.337,-12.404,,,
[1758212476604742928],13.862,-9.158,-14.827,,,
[1758212476610156730],7.084,-4.803,-9.237,,,
[1758212476615298345],-0.965,1.202,-1.702,,,
[1758212476620468813],-3.56,3.196,8.164,,,
[1758212476625790741],-10.896,10.12,16.506,,,
[1758212476632528032],3.144,0.565,16.548,,,
[1758212476638853866],13.441,-4.372,14.53,,,
[1758212476645155584],18.234,-12.902,4.051,,,
[1758212476651628605],19.613,-13.688,-8.559,,,
[1758212476656901678],19.472,-11.993,-14.791,,,
[1758212476662017563],14.808,-8.76,-13.57,,,
[1758212476667150324],5.049,-4.755,-8.514,,,
[1758212476672301366],0.113,-0.129,1.195,,,
[1758212476677489543],-4.968,3.172,9.373,,,
[1758212476682637616],-8.243,9.05,15.826,,,
[1758212476687726938],-4.956,-1.604,13.484,,,
[1758212476692929438],13.142,-1.815,15.589,,,
[1758212476698130636],13.053,-5.605,11.698,,,
[1758212476703244178],19.613,-10.961,-1.013,,,
[1758212476708340949],19.613,-13.106,-8.42,,,
[1758212476713485220],19.613,-11.933,-12.893,,,
[1758212476719930949],12.115,-7.472,-13.692,,,
[1758212476725238188],3.752,-2.875,-7.015,,,
[1758212476731750220],-3.417,2.883,3.962,,,
[1758212476737017459],-4.918,2.799,12.258,,,
[1758212476743340428],-0.335,4.875,13.664,,,
[1758212476749661209],9.902,-2.919,16.814,,,
[1758212476755989595],13.496,-8.171,7.57,,,
[1758212476761636626],19.613,-12.107,-2.878,,,
[1758212476766771157],19.613,-12.783,-11.272,,,
[1758212476771894959],19.204,-11.588,-13.973,,,
[1758212476777090793],9.888,-7.518,-13.827,,,
[1758212476782221313],4.568,-3.201,-8.08,,,
[1758212476787325897],-3.795,1.633,0.807,,,
[1758212476792522511],-2.897,4.104,6.709,,,
[1758212476798410897],-6.067,2.279,18.387,,,
[1758212476806747928],6.766,-3.28,14.722,,,
[1758212476812381782],14.588,-6.61,11.799,,,
[1758212476818636574],19.613,-12.333,-1.721,,,
[1758212476824332147],19.613,-13.273,-10.089,,,
[1758212476830759803],17.303,-9.452,-15.747,,,
[1758212476837079386],6.862,-5.447,-11.439,,,
[1758212476842871522],-0.51,0.273,-3.096,,,
[1758212476848120115],-5.59,3.761,8.317,,,
[1758212476853267511],-10.003,9.792,15.51,,,
[1758212476858389959],-1.528,-1.623,14.403,,,
[1758212476863603240],8.6,-2.377,14.65,,,
[1758212476868722876],12.914,-5.974,8.384,,,
[1758212476873913032],19.613,-11.813,-1.46,,,
[1758212476879019490],19.613,-13.47,-8.657,,,
[1758212476884210220],19.613,-12.342,-14.53,,,
[1758212476889491418],13.35,-8.641,-13.568,,,
[1758212476895047928],3.551,-2.727,-9.498,,,
[1758212476900187668],-2.116,1.113,0.242,,,
[1758212476905436522],-4.523,3.857,9.495,,,
[1758212476911831053],-10.539,2.471,19.613,,,
[1758212476917077563],2.523,0.101,15.016,,,
[1758212476922279959],14.21,-4.59,13.949,,,
[1758212476927435168],15.577,-11.844,5.868,,,
[1758212476932612251],19.613,-13.024,-2.267,,,
[1758212476938046730],19.613,-13.487,-11.677,,,
[1758212476943179074],17.487,-10.448,-14.032,,,
[1758212476948298293],8.978,-6.354,-12.725,,,
[1758212476953790220],2.107,-1.422,-4.695,,,
[1758212476959061418],-4.068,2.756,6.275,,,
[1758212476964579178],-2.248,1.769,15.322,,,
[1758212476969725897],2.365,3.553,19.53,,,
[1758212476974922147],5.102,-1.188,19.266,,,
[1758212476980024959],13.884,-5.066,15.457,,,
[1758212476985129230],17.161,-11.93,4.319,,,
[1758212476990233709],19.613,-13.015,-6.019,,,
[1758212476995429855],19.613,-13.036,-12.44,,,
[1758212477000716418],17.154,-10.333,-14.341,,,
[1758212477006246209],7.956,-5.499,-13.163,,,
[1758212477011355063],1.602,-0.577,-4.642,,,
[1758212477016475688],-4.829,2.641,5.6,,,
[1758212477021578397],-1.477,2.018,15.917,,,
[1758212477026746261],1.269,3.831,19.604,,,
[1758212477031833293],4.583,-1.566,19.525,,,
[1758212477036985532],12.931,-4.032,14.763,,,
[1758212477042252980],19.613,-10.4,2.076,,,
[1758212477047685688],19.613,-12.914,-7.348,,,
[1758212477052862720],19.613,-13.259,-12.416,,,
[1758212477057971834],15.476,-10.496,-13.611,,,
[1758212477065123761],5.313,-3.783,-8.629,,,
[1758212477071895428],-2.346,1.781,2.071,,,
[1758212477078305272],-4.381,4.341,19.613,,,
[1758212477085012459],-4.068,-0.208,13.637,,,
[1758212477091702042],13.034,-4.087,17.104,,,
[1758212477098096678],15.476,-9.194,3.412,,,
[1758212477104441574],19.613,-13.144,-6.376,,,
[1758212477110779386],19.613,-12.345,-11.6,,,
[1758212477116382615],12.718,-8.442,-13.793,,,
[1758212477121520584],7.518,-3.879,-8.183,,,
[1758212477126686105],-2.674,0.955,-0.385,,,
[1758212477131791001],-3.328,2.77,8.626,,,
[1758212477136913917],-9.471,10.108,16.058,,,
[1758212477142025220],-3.0,-1.317,13.484,,,
[1758212477147156209],10.704,-1.772,15.692,,,
[1758212477152375063],14.636,-5.483,11.064,,,
[1758212477158674803],19.613,-11.768,-1.317,,,
[1758212477163882251],19.613,-12.661,-9.811,,,
[1758212477170064178],18.069,-10.97,-14.023,,,
[1758212477175454438],9.72,-6.649,-13.578,,,
[1758212477180564855],3.326,-1.561,-4.978,,,
[1758212477185717042],-4.628,2.65,4.58,,,
[1758212477190860584],-3.191,2.847,10.092,,,
[1758212477196165480],-1.891,2.744,19.07,,,
[1758212477201359386],3.421,-0.086,19.182,,,
[1758212477206490480],12.792,-3.888,13.917,,,
[1758212477211596417],16.395,-10.546,4.52,,,
[1758212477216767095],19.613,-12.44,-6.014,,,
[1758212477221872459],19.613,-13.285,-12.009,,,
[1758212477227058084],16.211,-10.602,-13.561,,,
[1758212477232228553],11.392,-6.843,-13.022,,,
[1758212477237368865],1.3,-2.251,-6.761,,,
[1758212477242531157],-2.749,1.882,6.155,,,
[1758212477247635167],-4.956,2.5,13.91,,,
[1758212477252782876],-7.882,3.428,19.613,,,
[1758212477257890740],1.369,-0.22,15.629,,,
[1758212477263484803],13.51,-4.096,14.394,,,
[1758212477268705480],15.32,-12.888,1.772,,,
[1758212477273911886],19.613,-12.95,-5.619,,,
[1758212477279031261],19.613,-13.489,-12.127,,,
[1758212477284502094],16.575,-11.052,-14.906,,,
[1758212477289635480],9.335,-6.783,-11.521,,,
[1758212477294755428],1.652,-0.807,-4.738,,,
[1758212477299872772],-3.378,2.804,5.935,,,
[1758212477305029699],-3.503,2.535,15.996,,,
[1758212477310132719],3.239,4.008,19.604,,,
[1758212477315239386],-0.371,-0.982,15.322,,,
[1758212477320356626],14.248,-5.04,14.559,,,
[1758212477325564022],19.613,-10.93,4.025,,,
[1758212477330699803],19.613,-13.314,-7.027,,,
[1758212477335953761],19.613,-13.182,-12.062,,,
[1758212477341073032],17.068,-10.58,-14.121,,,
[1758212477346191261],7.769,-6.857,-11.516,,,
[1758212477351299490],2.145,-1.456,-5.042,,,
[1758212477356428969],-4.899,2.789,2.921,,,
[1758212477361574386],-3.057,2.957,9.328,,,
[1758212477366717511],-2.195,2.454,19.613,,,
[1758212477372191209],6.852,-1.556,19.494,,,
[1758212477377408553],13.542,-4.913,14.775,,,
[1758212477382592303],19.613,-10.767,4.762,,,
[1758212477387721938],19.613,-12.438,-4.384,,,
[1758212477394129647],19.613,-12.16,-13.597,,,
[1758212477399290480],14.863,-9.567,-14.921,,,
[1758212477404433397],7.001,-4.961,-10.949,,,
[1758212477409625792],-0.314,-0.192,-2.988,,,
[1758212477414773501],-4.058,3.876,4.398,,,
[1758212477419874959],1.889,5.341,16.977,,,
[1758212477425058136],-2.392,-0.845,13.652,,,
[1758212477430168136],9.479,-1.717,14.298,,,
[1758212477435287772],13.036,-4.939,13.757,,,
[1758212477440401469],19.613,-12.694,5.167,,,
[1758212477445537094],19.613,-13.168,-6.888,,,
[1758212477450636626],19.613,-13.228,-12.33,,,
[1758212477455730167],14.581,-9.917,-15.486,,,
[1758212477460833344],8.545,-5.473,-11.423,,,
[1758212477466016001],-0.68,-0.771,-2.823,,,
[1758212477471163032],-3.278,3.189,5.653,,,
[1758212477476435167],0.189,5.954,19.513,,,
[1758212477482926261],-2.976,-1.46,13.79,,,
[1758212477488115115],10.206,-1.992,16.259,,,
[1758212477493349542],14.65,-6.646,11.495,,,
[1758212477498503449],19.613,-12.493,0.196,,,
[1758212477503983240],19.613,-13.276,-8.705,,,
[1758212477509113084],19.613,-12.412,-14.626,,,
[1758212477514246626],13.872,-8.827,-14.384,,,
[1758212477519364542],5.401,-3.036,-8.82,,,
[1758212477524553761],-3.062,1.279,0.132,,,
[1758212477529714699],-3.615,3.309,8.954,,,
[1758212477534831938],-12.301,8.741,15.117,,,
[1758212477539970167],-1.195,-2.571,14.403,,,
[1758212477545206469],8.612,-2.021,15.421,,,
[1758212477550354855],14.044,-5.916,6.361,,,
[1758212477555483813],19.613,-11.14,-0.998,,,
[1758212477560603761],19.613,-13.458,-8.813,,,
[1758212477565760584],19.491,-11.825,-14.667,,,
[1758212477570941469],14.19,-8.882,-13.874,,,
[1758212477576180949],4.705,-4.101,-7.997,,,
[1758212477581300532],-0.503,0.579,1.856,,,
[1758212477586444386],-5.526,3.836,7.659,,,
[1758212477591859803],-18.019,5.37,14.327,,,
[1758212477596994386],8.48,0.11,19.532,,,
[1758212477602103344],11.961,-3.266,15.009,,,
[1758212477607272407],12.215,-6.199,10.494,,,
[1758212477613951574],19.613,-11.961,-4.331,,,
[1758212477620346053],19.613,-13.872,-14.006,,,
[1758212477626712980],14.65,-9.428,-13.941,,,
[1758212477634405636],3.213,-2.55,-6.646,,,
[1758212477639736782],-3.048,2.219,3.139,,,
[1758212477645311157],-3.824,3.649,7.484,,,
[1758212477650428813],-4.59,1.717,19.613,,,
[1758212477655552928],10.769,2.318,14.641,,,
[1758212477660658344],12.713,-4.724,14.621,,,
[1758212477665836313],14.782,-11.523,5.397,,,
[1758212477670963032],19.613,-13.317,-2.741,,,
[1758212477676159334],19.613,-13.25,-11.174,,,
[1758212477681266938],18.955,-11.406,-15.488,,,
[1758212477686435428],9.321,-7.094,-14.023,,,
[1758212477691666938],3.512,-1.446,-5.782,,,
[1758212477697406261],-5.128,2.77,2.83,,,
[1758212477702635271],-3.314,2.892,16.841,,,
[1758212477707764126],-0.697,4.171,19.613,,,
[1758212477712950532],3.934,-1.544,18.589,,,
[1758212477718382355],13.209,-4.52,15.117,,,
[1758212477723569855],19.613,-10.827,2.102,,,
[1758212477728690948],19.613,-12.673,-6.117,,,
[1758212477733847928],19.613,-12.854,-12.203,,,
[1758212477738963969],16.618,-10.048,-13.738,,,
[1758212477744077928],8.066,-5.868,-12.309,,,
[1758212477749216313],1.264,-1.013,-5.6,,,
[1758212477754460011],-3.946,2.871,4.041,,,
[1758212477759577459],-2.993,1.489,13.79,,,
[1758212477764747563],1.829,4.233,13.161,,,
[1758212477769882146],3.141,-0.788,19.503,,,
[1758212477775078501],13.98,-4.056,15.313,,,
[1758212477780195480],18.541,-13.317,2.045,,,
[1758212477785335271],19.613,-13.257,-5.607,,,
[1758212477790446573],19.613,-13.805,-11.353,,,
[1758212477795573188],16.431,-10.379,-14.119,,,
[1758212477800689178],10.254,-6.967,-10.7,,,
[1758212477806107980],1.053,-0.491,-5.109,,,
[1758212477811254907],-3.505,2.772,4.659,,,
[1758212477816561834],-3.859,2.303,15.629,,,
[1758212477822324126],-1.317,4.638,14.013,,,
[1758212477828504230],11.315,-1.87,17.152,,,
[1758212477833736105],14.224,-5.265,12.675,,,
[1758212477838939438],19.613,-10.482,-0.599,,,
[1758212477844072459],19.613,-13.51,-8.88,,,
[1758212477849178605],19.613,-12.321,-13.702,,,
[1758212477854312719],12.962,-8.88,-14.341,,,
[1758212477859430271],5.631,-4.729,-9.462,,,
[1758212477864564282],-1.448,1.111,-2.911,,,
[1758212477869730011],-4.243,2.971,4.609,,,
[1758212477874942459],0.124,8.483,15.56,,,
[1758212477880057146],-3.103,3.16,15.941,,,
[1758212477885165063],11.03,-2.562,13.812,,,
[1758212477890301782],14.952,-6.158,11.858,,,
[1758212477895519490],19.613,-11.77,1.611,,,
[1758212477900659126],19.613,-13.712,-6.412,,,
[1758212477905867771],19.47,-12.239,-12.687,,,
[1758212477911346782],14.983,-9.019,-13.149,,,
[1758212477916560167],3.874,-3.934,-10.872,,,
[1758212477921795428],-1.077,0.673,-0.694,,,
[1758212477927019698],-4.86,3.326,9.364,,,
[1758212477932171209],-5.088,9.584,15.342,,,
[1758212477937381521],-4.039,-0.539,19.613,,,
[1758212477942616521],11.353,-3.05,15.981,,,
[1758212477947846469],12.397,-6.433,10.374,,,
[1758212477953012875],19.613,-10.664,-1.144,,,
[1758212477958230896],19.613,-13.75,-10.64,,,
[1758212477963385584],19.613,-11.679,-14.856,,,
[1758212477968520323],13.127,-7.793,-14.238,,,
[1758212477984301678],-4.439,3.505,8.863,,,
[1758212477990672511],-3.596,2.054,18.693,,,
[1758212477995857719],9.737,2.346,18.136,,,
[1758212478000968553],13.338,-4.357,17.317,,,
[1758212478006106834],14.403,-8.914,6.184,,,
[1758212478011233240],19.613,-11.83,-4.032,,,
[1758212478017536469],19.613,-13.063,-11.013,,,
[1758212478023000011],16.57,-10.405,-14.459,,,
[1758212478028559959],7.87,-4.968,-10.511,,,
[1758212478033705740],-0.144,-0.074,-3.747,,,
[1758212478038824646],-4.07,3.316,4.925,,,
[1758212478043947719],-1.03,2.832,17.657,,,
[1758212478049046209],-0.122,4.025,19.525,,,
[1758212478054171417],6.603,-1.824,19.599,,,
[1758212478059285323],14.521,-4.922,14.234,,,
[1758212478064444594],19.613,-11.179,2.265,,,
[1758212478069660844],19.613,-13.429,-5.701,,,
[1758212478074877719],19.613,-12.74,-13.003,,,
[1758212478080035063],16.542,-9.936,-15.78,,,
[1758212478085209073],7.523,-5.267,-12.009,,,
[1758212478091499282],0.11,-0.433,0.014,,,
[1758212478096877303],-5.485,3.206,7.535,,,
[1758212478101983032],-6.507,9.934,15.569,,,
[1758212478107117511],-2.739,-1.463,13.637,,,
[1758212478112358553],8.782,-2.26,14.451,,,
[1758212478118572355],12.699,-5.349,9.687,,,
[1758212478125202042],19.613,-12.354,-0.474,,,
[1758212478130498188],19.613,-13.573,-12.397,,,
[1758212478135630948],17.078,-10.891,-14.887,,,
[1758212478140748917],10.932,-7.082,-12.392,,,
[1758212478145893657],2.567,-1.793,-6.019,,,
[1758212478150974855],-2.389,2.052,2.931,,,
[1758212478156132042],-5.121,3.814,7.312,,,
[1758212478161439177],-3.232,2.136,19.153,,,
[1758212478166633813],5.945,1.08,18.349,,,
[1758212478172295063],15.086,-4.63,14.212,,,
[1758212478177720375],19.613,-10.362,2.365,,,
[1758212478182988969],19.613,-13.281,-7.192,,,
[1758212478188119073],19.613,-13.285,-11.538,,,
[1758212478193275115],16.807,-10.302,-13.932,,,
[1758212478198391573],7.898,-5.681,-12.479,,,
[1758212478203550740],0.958,-1.348,-4.571,,,
[1758212478208675844],-4.539,2.737,5.476,,,
[1758212478213825792],-3.182,3.151,19.096,,,
[1758212478218990063],1.104,3.768,18.938,,,
[1758212478224222302],6.522,-1.86,19.57,,,
[1758212478229990323],14.562,-4.712,14.159,,,
[1758212478235285636],19.613,-11.234,2.775,,,
[1758212478240422927],19.613,-13.415,-7.132,,,
[1758212478245546313],19.613,-12.747,-12.483,,,
[1758212478250685011],16.635,-10.104,-14.705,,,
[1758212478255832823],7.365,-5.339,-11.334,,,
[1758212478260945896],1.109,-0.994,-2.358,,,
[1758212478266060271],-4.767,3.294,5.306,,,
[1758212478271192407],-1.738,6.182,19.613,,,
[1758212478276441730],-3.057,4.254,13.661,,,
[1758212478281546105],10.429,-0.934,18.89,,,
[1758212478286653761],13.321,-4.566,15.694,,,
[1758212478291856261],19.613,-12.579,2.562,,,
[1758212478297118605],19.613,-13.077,-5.82,,,
[1758212478302332771],19.613,-12.732,-12.519,,,
[1758212478307440896],14.241,-9.448,-14.504,,,
[1758212478312629542],7.942,-5.669,-11.401,,,
[1758212478317710115],-0.244,-0.517,-3.745,,,
[1758212478322887927],-3.417,2.756,5.521,,,
[1758212478327980948],-3.227,2.67,17.083,,,
[1758212478333095167],2.131,4.02,12.306,,,
[1758212478339551365],0.84,-2.222,14.087,,,
[1758212478344856625],13.549,-5.571,12.409,,,
[1758212478349947875],19.613,-11.363,2.325,,,
[1758212478355053136],19.613,-13.173,-8.629,,,
[1758212478360126886],19.613,-12.495,-13.812,,,
[1758212478365244698],14.526,-9.797,-12.536,,,
[1758212478370399073],7.594,-4.037,-9.143,,,
[1758212478375942719],-2.385,0.711,-1.705,,,
[1758212478381070896],-3.771,3.01,6.974,,,
[1758212478386207927],-2.878,9.369,15.313,,,
[1758212478391379490],-3.038,0.156,19.613,,,
[1758212478396602667],8.085,-3.012,14.844,,,
[1758212478401722198],14.439,-6.041,11.071,,,
[1758212478406845688],19.613,-11.183,-0.646,,,
[1758212478412000584],19.613,-13.882,-7.305,,,
[1758212478417116469],19.553,-12.328,-13.02,,,
[1758212478422381938],14.614,-9.45,-13.238,,,
[1758212478427787354],5.868,-3.601,-7.863,,,
[1758212478433549907],-1.322,2.016,2.727,,,
[1758212478438674907],-4.757,3.797,9.838,,,
[1758212478445161365],-18.155,4.774,17.774,,,
[1758212478450508761],10.618,-1.286,16.424,,,
[1758212478455974438],13.178,-4.705,13.817,,,
[1758212478461142354],17.116,-10.477,3.055,,,
[1758212478466301990],19.613,-12.4,-2.684,,,
[1758212478471395792],19.613,-13.714,-12.9,,,
[1758212478476506365],17.274,-11.293,-14.09,,,
[1758212478481632563],11.574,-6.637,-11.662,,,
[1758212478486802563],1.585,-1.097,-5.145,,,
[1758212478491901625],-2.792,2.435,3.259,,,
[1758212478497158813],-4.736,3.649,10.259,,,
[1758212478502494802],0.594,2.279,19.613,,,
[1758212478507668604],10.642,-1.53,15.392,,,
[1758212478512860063],13.264,-4.367,13.932,,,
[1758212478518036417],19.613,-10.901,6.196,,,
[1758212478523145896],19.613,-12.306,-4.092,,,
[1758212478528300688],19.613,-13.525,-11.842,,,
[1758212478533836157],17.413,-10.106,-14.751,,,
[1758212478539004594],8.619,-6.297,-11.286,,,
[1758212478544199750],0.979,-0.611,-4.432,,,
[1758212478550527875],-4.092,2.885,4.934,,,
[1758212478555812719],1.01,9.821,15.818,,,
[1758212478560923292],-1.025,-0.881,14.631,,,
[1758212478566027042],7.786,-1.542,16.024,,,
[1758212478571296157],14.595,-5.174,13.85,,,
[1758212478576528448],19.613,-11.655,4.86,,,
[1758212478581620792],19.613,-13.307,-6.644,,,
[1758212478586736834],19.613,-12.953,-12.917,,,
[1758212478591868031],16.556,-9.27,-14.19,,,
[1758212478597077198],7.269,-5.011,-11.313,,,
[1758212478602268656],-0.34,0.206,-3.563,,,
[1758212478607430688],-4.982,3.548,5.306,,,
[1758212478612622979],2.804,5.95,19.52,,,
[1758212478617737250],-3.036,4.338,13.46,,,
[1758212478622956990],10.724,-1.968,14.401,,,
[1758212478628099906],13.661,-5.382,13.051,,,
[1758212478633241261],19.613,-10.604,2.433,,,
[1758212478638375636],19.613,-13.357,-6.285,,,
[1758212478643628188],19.613,-13.089,-13.051,,,
[1758212478648754438],14.937,-9.031,-14.688,,,
[1758212478653895323],7.214,-5.303,-9.943,,,
[1758212478659433552],-1.006,0.378,-2.459,,,
[1758212478664769073],-5.061,3.326,5.212,,,
[1758212478670328031],1.061,7.887,15.356,,,
[1758212478675523917],-4.314,-2.136,14.096,,,
[1758212478680676625],13.522,-2.224,15.522,,,
[1758212478685824698],13.616,-5.926,13.046,,,
[1758212478690994698],19.613,-11.849,-0.275,,,
[1758212478696256677],19.613,-13.283,-8.531,,,
[1758212478701383500],19.613,-12.364,-14.037,,,
[1758212478706709125],11.456,-8.724,-12.586,,,
[1758212478712280531],6.469,-3.357,-8.686,,,
[1758212478717469959],-3.428,1.523,0.397,,,
[1758212478722678656],-3.223,4.099,8.588,,,
[1758212478727793188],-19.613,5.425,15.062,,,
[1758212478733020375],9.615,0.814,16.549,,,
[1758212478738149750],11.097,-2.813,16.515,,,
[1758212478743428500],14.025,-7.484,11.169,,,
[1758212478748568084],19.613,-12.826,-0.541,,,
[1758212478753682406],19.613,-13.132,-9.905,,,
[1758212478761225427],18.069,-11.104,-14.538,,,
[1758212478766544229],8.167,-5.425,-12.033,,,
[1758212478771716625],0.754,-1.025,-4.159,,,
[1758212478777015271],-5.059,3.16,5.08,,,
[1758212478782859438],2.119,5.95,19.07,,,
[1758212478788819750],-4.245,-1.566,13.943,,,
[1758212478795154386],10.051,-3.103,15.443,,,
[1758212478800437615],14.439,-8.341,4.654,,,
[1758212478805978136],19.613,-11.76,-3.373,,,
[1758212478811095479],19.613,-13.41,-11.157,,,
[1758212478816229177],18.191,-11.626,-14.054,,,
[1758212478821340427],12.79,-7.616,-13.484,,,
[1758212478826465583],3.445,-2.514,-7.74,,,
[1758212478831568813],-1.489,1.599,2.064,,,
[1758212478836702146],-4.867,3.833,8.839,,,
[1758212478841940167],-11.322,2.543,17.621,,,
[1758212478847198708],10.803,-0.814,19.597,,,
[1758212478852389802],12.239,-3.385,13.805,,,
[1758212478857559281],13.132,-6.926,5.646,,,
[1758212478862739542],19.613,-12.732,-1.3,,,
[1758212478869026208],19.613,-13.022,-10.015,,,
[1758212478874334542],17.461,-10.652,-14.04,,,
[1758212478880629906],8.679,-5.497,-11.377,,,
[1758212478885750531],0.062,0.134,-3.464,,,
[1758212478890847250],-3.383,2.976,5.514,,,
[1758212478896056365],1.463,6.349,19.482,,,
[1758212478901154490],-1.935,2.478,14.224,,,
[1758212478906238396],8.576,-0.745,18.316,,,
[1758212478911370323],15.546,-4.697,15.732,,,
[1758212478916677198],19.613,-12.388,2.507,,,
[1758212478921817719],19.613,-13.218,-6.483,,,
[1758212478926926208],19.613,-12.608,-12.368,,,
[1758212478932050479],16.74,-10.47,-15.134,,,
[1758212478937262198],6.596,-5.447,-13.032,,,
[1758212478943889333],-0.704,0.989,0.845,,,
[1758212478949126365],-4.621,3.072,9.594,,,
[1758212478954266886],-9.002,9.833,16.92,,,
[1758212478959376469],-2.128,-1.556,15.322,,,
[1758212478964528865],8.334,-2.349,12.922,,,
[1758212478969703083],13.683,-5.938,6.563,,,
[1758212478974868604],19.613,-11.444,-1.537,,,
[1758212478981245271],19.613,-13.647,-10.544,,,
[1758212478987796313],16.893,-11.14,-15.787,,,
[1758212478994749073],6.723,-5.08,-8.619,,,
[1758212478999961469],0.543,-0.022,-1.085,,,
[1758212479005107979],-4.178,3.136,5.971,,,
[1758212479010216417],-3.127,8.933,16.364,,,
[1758212479015347615],-4.721,3.342,13.3,,,
[1758212479020432354],12.416,-2.14,18.68,,,
[1758212479025557458],13.882,-5.353,13.987,,,
[1758212479030679854],19.613,-10.918,2.289,,,
[1758212479035842302],19.613,-13.235,-7.034,,,
[1758212479040971833],19.613,-13.163,-12.44,,,
[1758212479046192979],15.218,-8.926,-14.492,,,
[1758212479051392302],7.348,-4.762,-11.123,,,
[1758212479056510063],-1.731,0.484,-3.809,,,
[1758212479061619698],-3.184,2.94,5.914,,,
[1758212479066732979],1.188,6.677,19.592,,,
[1758212479071893135],-1.956,3.503,14.356,,,
[1758212479077075115],9.009,-0.953,16.235,,,
[1758212479082814594],14.48,-5.301,12.912,,,
[1758212479087956729],19.613,-11.068,2.382,,,
[1758212479094265063],19.613,-13.451,-10.592,,,
[1758212479100473083],18.814,-11.025,-13.618,,,
[1758212479106851208],8.308,-6.735,-12.237,,,
[1758212479112029438],2.133,-1.575,-3.919,,,
[1758212479117163604],-5.1,2.44,5.665,,,
[1758212479122329333],-3.359,2.713,17.933,,,
[1758212479127469229],-3.275,4.317,19.465,,,
[1758212479132634490],6.558,-1.695,18.909,,,
[1758212479137745323],13.489,-4.805,14.459,,,
[1758212479143017302],19.613,-11.138,5.32,,,
[1758212479148143708],19.613,-12.577,-7.199,,,
[1758212479153266885],19.613,-13.463,-12.756,,,
[1758212479158379802],16.479,-10.4,-14.502,,,
[1758212479163509594],10.616,-5.607,-10.994,,,
[1758212479168622927],0.575,-1.319,-4.132,,,
[1758212479173743083],-3.984,3.033,3.689,,,
[1758212479178864281],-3.876,2.653,13.33,,,
[1758212479184061417],2.598,3.819,19.613,,,
[1758212479189538656],4.975,-2.054,19.055,,,
[1758212479194723708],14.035,-4.554,14.394,,,
[1758212479199823240],19.613,-12.455,2.777,,,
[1758212479204935115],19.613,-12.878,-5.883,,,
[1758212479210053500],19.613,-13.585,-10.999,,,
[1758212479217190375],12.783,-9.29,-13.843,,,
[1758212479222381990],6.936,-4.683,-8.08,,,
[1758212479227490115],-1.513,0.548,-0.251,,,
[1758212479232646729],-3.361,3.311,8.179,,,
[1758212479237738292],0.634,9.333,15.684,,,
[1758212479242956156],-0.007,-1.319,14.863,,,
[1758212479248067042],8.028,-1.889,15.268,,,
[1758212479253207510],14.006,-5.406,12.763,,,
[1758212479258327562],19.613,-9.979,2.851,,,
[1758212479263521365],19.613,-13.257,-7.544,,,
[1758212479268826937],19.613,-12.481,-13.094,,,
[1758212479274387562],13.364,-8.447,-12.725,,,
[1758212479279575479],5.981,-4.334,-8.334,,,
[1758212479284719958],-1.02,1.341,0.096,,,
[1758212479289858500],-4.903,3.259,9.148,,,
[1758212479295479229],-13.522,9.009,15.926,,,
[1758212479300616833],5.018,-0.943,17.904,,,
[1758212479305739229],7.573,-2.346,15.61,,,
[1758212479310851521],13.975,-7.432,6.215,,,
[1758212479316051469],19.613,-11.521,-1.58,,,
[1758212479322618760],19.613,-13.336,-11.056,,,
[1758212479327905531],17.947,-10.635,-13.841,,,
[1758212479333140583],9.859,-6.965,-13.649,,,
[1758212479338258083],1.587,-2.21,-6.309,,,
[1758212479343452615],-2.902,1.865,2.974,,,
[1758212479348613292],-4.511,3.816,8.88,,,
[1758212479354100844],2.416,3.859,19.345,,,
[1758212479359222979],0.244,-0.826,15.912,,,
[1758212479364395271],13.115,-3.994,14.741,,,
[1758212479369568500],16.701,-8.966,1.29,,,
[1758212479374745062],19.613,-12.151,-6.163,,,
[1758212479379871312],19.613,-13.187,-11.425,,,
[1758212479385000062],18.131,-10.444,-15.644,,,
[1758212479390209906],11.085,-6.713,-12.701,,,
[1758212479396614177],1.061,-1.049,-5.636,,,
[1758212479401926833],-3.378,2.643,5.559,,,
[1758212479408536000],-12.998,8.849,15.383,,,
[1758212479414801260],11.447,-1.408,19.534,,,
[1758212479420007354],10.726,-3.273,16.819,,,
[1758212479426384542],18.22,-11.684,3.436,,,
[1758212479432696990],19.613,-13.357,-7.46,,,
[1758212479439059802],19.613,-12.603,-12.665,,,
[1758212479444275375],14.696,-9.033,-14.253,,,
[1758212479449400010],5.648,-4.858,-9.522,,,
[1758212479454530375],-1.12,1.14,-2.99,,,
[1758212479459654281],-3.654,2.885,5.657,,,
[1758212479464991417],0.376,8.428,14.648,,,
[1758212479470663083],4.051,-1.484,18.804,,,
[1758212479475807458],7.678,-2.243,16.46,,,
[1758212479480931052],14.341,-6.084,12.514,,,
[1758212479486057771],19.613,-11.674,-1.999,,,
[1758212479491158708],19.613,-13.57,-9.234,,,
[1758212479496344073],19.568,-11.87,-12.819,,,
[1758212479501587614],13.795,-8.686,-12.883,,,
[1758212479506749854],4.322,-4.092,-9.878,,,
[1758212479511861729],-0.579,0.807,-1.199,,,
[1758212479516973917],-5.784,3.213,6.606,,,
[1758212479522078500],-8.272,10.017,16.403,,,
[1758212479527206469],-1.915,-0.613,19.613,,,
[1758212479532432614],8.358,-3.225,15.493,,,
[1758212479537648239],12.859,-6.608,11.866,,,
[1758212479543254073],19.613,-11.576,0.239,,,
[1758212479548415062],19.613,-13.379,-9.689,,,
[1758212479553556104],19.544,-11.444,-14.861,,,
[1758212479558663344],12.526,-8.095,-14.538,,,
[1758212479563797614],4.046,-3.033,-9.378,,,
[1758212479568896417],-2.442,1.013,0.79,,,
[1758212479574017198],-3.771,3.457,8.025,,,
[1758212479579145896],-12.749,8.758,14.693,,,
[1758212479584341104],-2.619,-1.678,19.613,,,
[1758212479589528760],10.4,-3.496,15.763,,,
[1758212479594722198],13.767,-6.795,10.472,,,
[1758212479599818760],19.613,-12.531,0.266,,,
[1758212479604960479],19.613,-13.396,-8.195,,,
[1758212479610431833],19.613,-11.842,-14.607,,,
[1758212479615570739],12.591,-7.357,-14.468,,,
[1758212479620680219],5.933,-2.978,-9.783,,,
[1758212479625811260],-3.536,1.314,0.256,,,
[1758212479631004125],-3.153,2.579,10.262,,,
[1758212479636251208],-15.565,7.966,15.285,,,
[1758212479641448864],3.314,-1.458,19.613,,,
[1758212479646677042],7.829,-3.601,16.204,,,
[1758212479652374073],15.476,-8.286,6.95,,,
[1758212479657615635],19.613,-11.732,-1.417,,,
[1758212479662799385],19.613,-13.075,-11.487,,,
[1758212479667957667],17.499,-11.389,-14.743,,,
[1758212479673108083],11.588,-7.628,-14.334,,,
[1758212479678267875],2.626,-2.689,-7.673,,,
[1758212479683439750],-2.689,1.298,1.944,,,
[1758212479688546781],-3.998,3.9,7.958,,,
[1758212479693887771],-17.947,2.354,18.646,,,
[1758212479699035844],7.91,1.269,18.225,,,
[1758212479704150687],12.538,-4.041,15.893,,,
[1758212479709256625],14.82,-7.108,9.323,,,
[1758212479714466729],19.613,-12.699,-0.572,,,
[1758212479720070791],19.613,-13.352,-9.948,,,
[1758212479725237198],17.238,-10.898,-15.282,,,
[1758212479730379125],10.927,-7.738,-14.159,,,
[1758212479735510427],2.286,-2.162,-8.444,,,
[1758212479740625844],-2.32,2.047,1.978,,,
[1758212479745802198],-3.749,4.345,8.808,,,
[1758212479750924073],-15.751,2.054,18.478,,,
[1758212479756093916],10.884,1.559,17.48,,,
[1758212479761730687],13.929,-4.527,14.566,,,
[1758212479766940739],14.709,-11.155,3.867,,,
[1758212479773419594],19.613,-12.866,-7.81,,,
[1758212479778742406],19.613,-13.142,-12.735,,,
[1758212479784271104],14.267,-8.818,-14.293,,,
[1758212479789391625],6.905,-4.992,-10.123,,,
[1758212479794626937],-0.974,0.347,-4.226,,,
[1758212479799739646],-3.546,2.878,4.65,,,
[1758212479804855583],-0.656,4.022,16.091,,,
[1758212479809953187],-0.158,4.269,13.484,,,
[1758212479815161469],6.505,-1.279,18.208,,,
[1758212479821456833],14.933,-5.492,13.858,,,
[1758212479828092406],19.613,-11.605,0.268,,,
[1758212479833460531],19.613,-13.051,-10.721,,,
[1758212479838697198],17.753,-11.547,-14.969,,,
[1758212479843887927],11.37,-6.78,-14.691,,,
[1758212479848998969],2.914,-3.208,-5.957,,,
[1758212479854125323],-2.373,2.638,2.176,,,
[1758212479859223135],-4.671,2.787,8.329,,,
[1758212479864357250],-17.81,2.887,19.153,,,
[1758212479869754958],4.118,-0.057,17.314,,,
[1758212479874950687],13.295,-4.207,15.411,,,
[1758212479880185323],15.299,-7.757,1.142,,,
[1758212479885313969],19.613,-12.155,-3.098,,,
[1758212479890432458],19.613,-13.431,-10.161,,,
[1758212479895630375],17.03,-10.815,-14.66,,,
[1758212479900742927],11.583,-7.096,-13.855,,,
[1758212479905916364],1.882,-2.5,-7.86,,,
[1758212479911014698],-2.188,2.222,2.435,,,
[1758212479916223552],-3.888,3.859,9.572,,,
[1758212479921504333],-14.612,2.186,19.613,,,
[1758212479927117146],10.319,2.885,16.723,,,
[1758212479932360583],13.305,-4.719,15.68,,,
[1758212479937798083],19.613,-11.665,4.75,,,
[1758212479943104229],19.613,-12.39,-4.523,,,
[1758212479948257771],19.613,-13.051,-10.98,,,
[1758212479953480843],17.612,-10.135,-15.392,,,
[1758212479958622562],8.842,-6.187,-12.201,,,
[1758212479963830323],0.953,-0.967,-4.578,,,
[1758212479968950791],-4.195,2.789,4.786,,,
[1758212479975609854],-3.464,2.713,19.051,,,
[1758212479980959385],-2.974,-0.565,14.096,,,
[1758212479986643396],11.131,-2.909,16.374,,,
[1758212479991774958],14.789,-6.613,10.882,,,
[1758212479996966364],19.613,-11.875,-0.254,,,
[1758212480002078448],19.613,-13.659,-8.38,,,
[1758212480007186468],19.532,-12.186,-12.567,,,
[1758212480012404854],14.875,-9.438,-13.503,,,
[1758212480017601364],5.037,-3.472,-8.813,,,
[1758212480022798291],-1.403,0.886,-0.584,,,
[1758212480028108500],-4.628,3.699,8.203,,,
[1758212480033251000],-12.445,8.787,16.374,,,
[1758212480038373656],3.594,-0.491,19.553,,,
[1758212480043885062],11.964,-3.23,15.725,,,
[1758212480049061885],13.242,-7.199,11.25,,,
[1758212480054203031],19.613,-11.128,-1.662,,,
[1758212480059312614],19.613,-12.986,-8.622,,,
[1758212480064547146],19.47,-11.672,-14.471,,,
[1758212480069795062],13.357,-8.056,-15.036,,,
[1758212480074921104],3.972,-3.007,-9.438,,,
[1758212480080041989],-2.061,0.508,0.797,,,
[1758212480085224437],-4.633,3.699,8.973,,,
[1758212480090648916],-12.462,8.521,17.159,,,
[1758212480095870583],-3.278,-1.542,19.613,,,
[1758212480101022510],11.526,-3.847,15.536,,,
[1758212480106201885],13.36,-6.673,7.925,,,
[1758212480111559854],19.613,-12.167,-2.926,,,
[1758212480117109698],19.613,-13.07,-10.568,,,
[1758212480122337823],19.565,-11.167,-14.933,,,
[1758212480127522145],10.719,-7.204,-15.184,,,
[1758212480132748812],4.597,-3.273,-6.304,,,
[1758212480137914125],-3.541,2.076,3.833,,,
[1758212480143156156],-3.156,3.565,8.552,,,
[1758212480148328239],-9.392,2.061,18.54,,,
[1758212480153914385],10.685,-0.694,15.804,,,
[1758212480159123552],11.923,-4.575,14.442,,,
[1758212480164250531],16.932,-11.734,4.647,,,
[1758212480173714020],19.613,-13.096,-8.847,,,
[1758212480178892510],19.048,-11.669,-13.068,,,
[1758212480184018448],12.907,-6.821,-13.867,,,
[1758212480189173395],4.424,-2.775,-8.557,,,
[1758212480194528135],-3.086,1.686,0.294,,,
[1758212480200264437],-3.424,2.784,9.38,,,
[1758212480205395895],-1.951,2.737,19.0,,,
[1758212480210536052],4.073,0.218,16.395,,,
[1758212480215686416],12.213,-3.718,15.16,,,
[1758212480220822041],16.355,-7.74,0.948,,,
[1758212480225939125],19.613,-12.979,-3.982,,,
[1758212480231053083],19.613,-14.018,-10.764,,,
[1758212480236209802],18.495,-11.128,-14.593,,,
[1758212480241432614],11.349,-7.415,-14.188,,,
[1758212480246653708],2.014,-1.848,-8.234,,,
[1758212480251787614],-2.15,1.8,2.138,,,
[1758212480256967302],-4.688,4.389,9.974,,,
[1758212480262448656],1.635,2.842,19.459,,,
[1758212480267568968],8.966,1.446,17.961,,,
[1758212480272761573],13.446,-4.472,16.489,,,
[1758212480277968916],14.863,-11.193,4.29,,,
[1758212480283273916],19.613,-12.376,-4.092,,,
[1758212480288851520],19.613,-13.352,-10.961,,,
[1758212480294084020],17.578,-10.896,-14.483,,,
[1758212480299242093],9.081,-5.878,-11.219,,,
[1758212480304418135],2.181,-0.8,-5.593,,,
[1758212480310752718],-3.232,3.019,5.911,,,
[1758212480316006833],-0.845,5.82,19.539,,,
[1758212480321112614],-1.01,4.374,14.66,,,
[1758212480326223812],6.812,-2.447,16.917,,,
[1758212480331321833],15.048,-5.428,11.966,,,
[1758212480336435791],19.613,-10.518,1.841,,,
[1758212480341540843],19.613,-14.037,-7.197,,,
[1758212480346732302],19.613,-12.73,-13.501,,,
[1758212480351890270],16.094,-10.094,-14.475,,,
[1758212480357091312],6.498,-5.42,-10.159,,,
[1758212480362419645],1.01,0.577,-2.409,,,
[1758212480368319385],-4.59,3.29,9.742,,,
[1758212480373453239],1.87,9.127,15.385,,,
[1758212480378626729],-3.745,-0.927,18.119,,,
[1758212480383782510],8.667,-2.48,15.088,,,
[1758212480388921625],12.795,-5.397,12.129,,,
[1758212480394101260],19.613,-10.439,0.632,,,
[1758212480399221052],19.613,-13.628,-6.553,,,
[1758212480404388864],19.613,-11.858,-15.186,,,
[1758212480409638187],15.165,-9.189,-13.633,,,
[1758212480416426885],2.976,-3.045,-7.92,,,
[1758212480421659489],-1.391,2.148,0.74,,,
[1758212480426788395],-4.793,4.073,8.181,,,
[1758212480431881468],-13.42,3.196,17.073,,,
[1758212480437004854],9.953,0.045,19.467,,,
[1758212480442113343],12.608,-4.065,16.237,,,
[1758212480447310791],13.458,-7.077,6.879,,,
[1758212480452503343],19.613,-12.086,-2.385,,,
[1758212480457733239],19.613,-13.455,-10.475,,,
[1758212480463068656],19.039,-11.226,-14.447,,,
[1758212480468826052],10.47,-7.022,-12.615,,,
[1758212480473985166],1.846,-1.413,-6.476,,,
[1758212480479116260],-3.505,2.406,2.72,,,
[1758212480484266885],-4.005,4.037,7.884,,,
[1758212480489374750],-5.423,2.128,18.54,,,
[1758212480494587875],10.192,2.763,16.024,,,
[1758212480499733239],12.232,-4.283,15.361,,,
[1758212480504878760],15.299,-10.063,2.44,,,
[1758212480510118187],19.613,-12.96,-3.881,,,
[1758212480515305947],19.613,-13.46,-11.32,,,
[1758212480521859229],17.181,-10.063,-15.886,,,
[1758212480528226000],5.183,-4.542,-11.128,,,
[1758212480534577718],-2.411,1.346,-0.637,,,
[1758212480540882822],-3.024,3.328,9.699,,,
[1758212480547425114],-0.11,3.883,19.609,,,
[1758212480552734697],7.087,-1.987,17.988,,,
[1758212480557905218],13.216,-5.03,15.141,,,
[1758212480563042718],18.234,-11.753,3.761,,,
[1758212480568157145],19.613,-13.13,-6.524,,,
[1758212480573284020],19.613,-12.799,-11.535,,,
[1758212480578712666],15.55,-10.374,-14.89,,,
[1758212480583880635],8.978,-5.77,-11.032,,,
[1758212480589031520],0.761,-0.122,-3.124,,,
[1758212480594313656],-4.245,3.594,5.207,,,
[1758212480599435114],-1.233,2.55,18.809,,,
[1758212480604564697],0.376,4.286,19.599,,,
[1758212480609711989],5.947,-2.258,19.606,,,
[1758212480614837458],14.198,-4.372,14.032,,,
[1758212480619953812],19.613,-10.036,0.548,,,
[1758212480625112562],19.613,-13.173,-7.46,,,
[1758212480630655270],19.613,-13.295,-12.51,,,
[1758212480635915479],15.124,-9.522,-14.325,,,
[1758212480641057093],8.875,-5.823,-10.508,,,
[1758212480647372718],-1.994,1.247,-0.855,,,
[1758212480652726781],-4.058,3.251,8.119,,,
[1758212480657903239],-11.758,9.438,16.331,,,
[1758212480663063812],2.854,-1.089,18.672,,,
[1758212480668174802],6.823,-2.44,15.129,,,
[1758212480673300374],14.605,-6.646,11.279,,,
[1758212480678501677],19.613,-11.65,-1.377,,,
[1758212480684876781],19.613,-13.525,-10.817,,,
[1758212480690132562],19.565,-11.935,-13.7,,,
[1758212480695330374],11.765,-6.84,-14.19,,,
[1758212480700437458],4.717,-2.466,-8.114,,,
[1758212480705569541],-3.752,2.253,1.061,,,
[1758212480710675895],-2.904,3.752,9.043,,,
[1758212480715806260],-17.207,3.467,16.395,,,
[1758212480720941364],12.718,-1.992,19.553,,,
[1758212480726166468],9.936,-2.964,15.337,,,
[1758212480731944749],16.551,-8.219,3.153,,,
[1758212480737137406],19.613,-11.818,-2.452,,,
[1758212480742328187],19.613,-13.281,-10.843,,,
[1758212480747521468],17.789,-10.422,-13.661,,,
[1758212480752695114],10.305,-6.608,-13.657,,,
[1758212480757866208],1.14,-2.143,-7.106,,,
[1758212480763075479],-3.333,1.765,2.631,,,
[1758212480768215374],-3.948,4.022,8.576,,,
[1758212480773361729],-10.733,2.162,19.589,,,
[1758212480778656051],9.747,-0.661,14.186,,,
[1758212480783831885],13.508,-4.381,14.947,,,
[1758212480790286676],19.613,-10.183,3.711,,,
[1758212480796642926],19.613,-13.848,-6.354,,,
[1758212480803267979],19.498,-12.064,-13.345,,,
[1758212480808549906],12.263,-8.48,-14.506,,,
[1758212480814106364],3.479,-2.552,-8.253,,,
[1758212480819235270],-2.746,1.446,2.004,,,
[1758212480824366051],-4.068,4.302,8.878,,,
[1758212480829474072],-17.241,3.733,19.613,,,
[1758212480834626833],9.869,1.058,16.695,,,
[1758212480843702562],13.695,-5.442,11.483,,,
[1758212480849620843],19.613,-11.456,-0.804,,,
[1758212480854871624],19.613,-13.422,-10.53,,,
[1758212480859987458],19.613,-11.782,-14.451,,,
[1758212480865134385],11.487,-8.03,-14.485,,,
[1758212480870240895],4.365,-3.347,-7.207,,,
[1758212480875406468],-2.942,1.465,-0.864,,,
[1758212480880555479],-3.46,3.333,8.468,,,
[1758212480885754385],-13.154,9.38,16.508,,,
[1758212480890997249],-2.049,-1.676,19.541,,,
[1758212480897495479],11.681,-3.989,16.111,,,
[1758212480902900374],16.701,-12.153,3.383,,,
[1758212480908442718],19.613,-13.135,-4.073,,,
[1758212480913590010],19.613,-13.34,-10.168,,,
[1758212480918689437],16.98,-10.98,-14.394,,,
[1758212480923770531],10.343,-7.037,-10.29,,,
[1758212480928874906],1.398,-1.034,-5.004,,,
[1758212480934051729],-2.919,2.847,3.713,,,
[1758212480939194385],-4.008,3.4,13.159,,,
[1758212480945661729],3.361,3.771,19.599,,,
[1758212480952080426],4.233,-1.796,17.602,,,
[1758212480957445531],12.835,-5.373,13.216,,,
[1758212480962987041],19.613,-11.246,-0.706,,,
[1758212480969274437],19.613,-13.238,-11.126,,,
[1758212480974556989],17.638,-11.054,-15.119,,,
[1758212480980649697],10.111,-7.147,-13.197,,,
[1758212480986298447],-0.163,-0.263,-4.199,,,
[1758212480991516156],-3.754,2.902,5.806,,,
[1758212480996654281],-2.394,2.148,16.613,,,
[1758212481002058708],1.211,2.315,13.355,,,
[1758212481007250114],4.604,-1.202,18.253,,,
[1758212481012386312],15.428,-5.253,16.388,,,
[1758212481017507301],17.751,-13.317,1.389,,,
[1758212481022704697],19.613,-13.472,-7.149,,,
[1758212481027903760],19.613,-12.816,-12.534,,,
[1758212481033226572],16.932,-9.9,-14.126,,,
[1758212481039836208],6.098,-4.508,-9.426,,,
[1758212481045893343],-3.28,1.448,1.829,,,
[1758212481051091937],-3.948,3.455,8.499,,,
[1758212481056300218],-12.701,3.996,17.097,,,
[1758212481062066520],12.517,-1.441,16.486,,,
[1758212481067310947],9.981,-4.369,15.395,,,
[1758212481072491781],16.712,-8.514,4.104,,,
[1758212481077666468],19.613,-11.87,-1.767,,,
[1758212481082860270],19.613,-13.443,-10.534,,,
[1758212481087981364],18.009,-11.511,-16.47,,,
[1758212481093107822],12.44,-7.621,-14.593,,,
[1758212481098228135],3.622,-2.344,-7.896,,,
[1758212481103480010],-2.04,2.409,2.416,,,
[1758212481109128447],-4.065,3.862,9.328,,,
[1758212481114281051],-10.051,2.157,19.613,,,
[1758212481119393551],11.574,0.299,16.192,,,
[1758212481124554176],12.359,-4.539,15.529,,,
[1758212481129659176],17.15,-11.887,5.102,,,
[1758212481134790010],19.613,-12.682,-3.211,,,
[1758212481139900270],19.613,-13.261,-10.791,,,
[1758212481145054176],17.834,-10.676,-14.913,,,
[1758212481150188239],11.267,-7.087,-12.78,,,
[1758212481155410791],2.902,-1.966,-6.883,,,
[1758212481160521833],-2.251,2.392,3.01,,,
[1758212481165714489],-4.7,3.4,9.084,,,
[1758212481172107041],1.439,4.003,19.46,,,
[1758212481177393968],4.695,-1.25,17.401,,,
[1758212481182583812],14.966,-5.095,15.469,,,
[1758212481187712093],19.613,-11.928,5.31,,,
[1758212481192879176],19.613,-12.874,-5.897,,,
[1758212481197987822],19.613,-13.206,-11.662,,,
[1758212481203113083],17.013,-10.111,-14.717,,,
[1758212481208246051],8.622,-6.218,-12.488,,,
[1758212481213504489],1.719,-1.688,-4.137,,,
[1758212481219108916],-4.391,2.947,4.633,,,
[1758212481224242562],-2.155,3.014,16.302,,,
[1758212481229358395],1.793,3.768,12.797,,,
[1758212481234479593],2.593,-1.47,16.999,,,
[1758212481239581624],13.702,-4.525,14.111,,,
[1758212481244704593],19.613,-11.274,3.541,,,
[1758212481249823603],19.613,-13.166,-7.439,,,
[1758212481254969905],19.613,-12.936,-13.072,,,
[1758212481260129437],16.379,-10.532,-15.344,,,
[1758212481265393968],7.769,-5.54,-13.058,,,
[1758212481270511051],1.602,-1.089,-4.348,,,
[1758212481275645270],-4.798,2.66,5.258,,,
[1758212481282075478],-3.328,9.074,15.352,,,
[1758212481287345530],-5.121,0.237,14.096,,,
[1758212481293712405],10.343,-2.655,16.501,,,
[1758212481300075166],16.455,-11.574,5.507,,,
[1758212481305674489],19.613,-12.859,-5.413,,,
[1758212481310806676],19.613,-13.556,-11.231,,,
[1758212481316032197],15.953,-10.865,-13.755,,,
[1758212481321165270],10.532,-6.931,-12.732,,,
[1758212481327535270],-0.409,-0.84,-4.31,,,
[1758212481332854228],-3.642,3.211,5.533,,,
[1758212481337963499],-3.28,6.706,19.613,,,
[1758212481343076260],-2.298,4.147,13.173,,,
[1758212481348177770],9.335,-0.903,19.154,,,
[1758212481353300010],15.055,-4.563,16.087,,,
[1758212481358424072],19.613,-11.887,3.886,,,
[1758212481363645999],19.613,-12.407,-7.077,,,
[1758212481368778447],19.613,-13.405,-13.068,,,
[1758212481373998708],16.721,-9.706,-15.328,,,
[1758212481379169958],8.65,-5.966,-11.224,,,
[1758212481384333812],0.053,-0.261,-3.194,,,
[1758212481389830791],-4.089,3.151,5.713,,,
[1758212481394974853],-1.92,7.63,19.47,,,
[1758212481400077041],1.554,1.427,13.929,,,
[1758212481405201416],9.364,-0.637,18.543,,,
[1758212481410318864],14.779,-5.076,14.966,,,
[1758212481415490374],19.613,-10.367,3.63,,,
[1758212481420612978],19.613,-13.283,-6.819,,,
[1758212481425756260],19.613,-13.111,-12.701,,,
[1758212481430951207],16.738,-10.12,-13.257,,,
[1758212481436840635],5.78,-5.349,-11.339,,,
[1758212481441986989],0.915,-0.237,-0.354,,,
[1758212481447115062],-5.116,3.869,7.786,,,
[1758212481452293135],0.086,9.491,16.463,,,
[1758212481457437926],-4.968,1.798,13.144,,,
[1758212481462661728],12.117,-1.863,17.123,,,
[1758212481467797926],13.925,-5.466,13.276,,,
[1758212481472995010],19.613,-12.064,-0.4,,,
[1758212481478275114],19.613,-13.57,-7.094,,,
[1758212481483462457],19.613,-12.163,-13.506,,,
[1758212481488574385],13.475,-9.507,-12.826,,,
[1758212481493709541],6.438,-4.061,-10.266,,,
[1758212481499183135],-1.137,0.034,-0.668,,,
[1758212481504332614],-4.434,3.431,6.989,,,
[1758212481509448812],1.168,9.309,15.186,,,
[1758212481514683395],-3.85,-1.662,14.403,,,
[1758212481519793187],10.714,-2.404,16.872,,,
[1758212481524915426],13.769,-5.176,12.198,,,
[1758212481530023864],19.613,-10.556,1.537,,,
[1758212481535195218],19.613,-13.091,-6.778,,,
[1758212481540341155],19.613,-12.44,-13.898,,,
[1758212481546925895],11.265,-7.262,-14.423,,,
[1758212481552683239],3.354,-2.26,-8.188,,,
[1758212481557784176],-3.608,1.762,1.779,,,
[1758212481563015739],-2.873,3.57,9.019,,,
[1758212481568129176],-18.055,4.085,17.193,,,
[1758212481573249385],11.478,0.184,16.901,,,
[1758212481578388447],10.977,-3.728,15.198,,,
[1758212481583555010],14.911,-11.009,6.692,,,
[1758212481588692457],19.613,-13.068,-0.496,,,
[1758212481593977614],19.613,-12.984,-9.4,,,
[1758212481599142457],18.967,-11.617,-14.648,,,
[1758212481604623655],11.655,-6.783,-13.668,,,
[1758212481609764749],2.952,-2.033,-7.963,,,
[1758212481614951103],-3.472,2.746,1.156,,,
[1758212481620082041],-3.256,3.663,7.843,,,
[1758212481625213499],-11.296,2.82,18.08,,,
[1758212481630358864],9.998,2.107,15.416,,,
[1758212481635645739],12.0,-4.29,14.059,,,
[1758212481640806103],16.989,-8.289,2.796,,,
[1758212481645944645],19.613,-11.688,-2.883,,,
[1758212481651358030],19.613,-13.415,-11.133,,,
[1758212481656501937],17.559,-10.858,-13.357,,,
[1758212481661653655],11.825,-6.847,-12.232,,,
[1758212481666885166],0.955,-1.547,-6.658,,,
[1758212481672028343],-2.131,1.99,0.666,,,
[1758212481677286103],-5.447,3.505,8.868,,,
[1758212481682501572],-0.996,2.483,19.613,,,
[1758212481687615270],11.107,2.473,15.665,,,
[1758212481692824593],13.175,-4.695,15.579,,,
[1758212481697944697],15.783,-10.75,4.015,,,
[1758212481703063968],19.613,-12.546,-3.364,,,
[1758212481708218030],19.613,-13.465,-12.069,,,
[1758212481713775062],18.66,-9.823,-14.983,,,
[1758212481719051676],8.72,-6.685,-12.728,,,
[1758212481724602874],1.384,-1.42,-4.118,,,
[1758212481729743603],-3.68,2.061,4.216,,,
[1758212481734927457],-3.508,2.251,16.175,,,
[1758212481740023916],1.551,4.07,19.561,,,
[1758212481745103395],2.332,-1.058,17.798,,,
[1758212481750210166],14.576,-4.633,15.804,,,
[1758212481755393603],19.613,-10.353,4.657,,,
[1758212481761041989],19.613,-13.312,-6.603,,,
[1758212481767438655],19.613,-12.615,-13.774,,,
[1758212481772812718],15.737,-9.747,-12.677,,,
[1758212481778384749],5.468,-4.307,-8.648,,,
[1758212481783558395],-1.504,0.927,-1.085,,,
[1758212481788689593],-5.308,3.266,9.589,,,
[1758212481793807197],-2.674,9.778,14.195,,,
[1758212481798919176],-4.482,0.057,19.613,,,
[1758212481804141155],11.727,-2.67,14.969,,,
[1758212481809325322],13.534,-5.974,11.839,,,
[1758212481815694749],19.613,-10.597,-0.773,,,
[1758212481822323968],19.613,-13.578,-10.262,,,
[1758212481827645322],15.61,-10.183,-13.166,,,
[1758212481833992093],8.475,-5.748,-11.135,,,
[1758212481839234072],0.237,0.227,-3.419,,,
[1758212481844378499],-4.877,3.797,5.468,,,
[1758212481849495322],1.03,6.536,19.599,,,
[1758212481854650895],-2.339,4.336,12.605,,,
[1758212481859787562],9.294,-2.33,18.407,,,
[1758212481866106624],13.563,-6.359,10.405,,,
[1758212481871362822],19.613,-11.99,0.45,,,
[1758212481876828655],19.613,-13.635,-6.261,,,
[1758212481881997197],19.613,-12.122,-14.597,,,
[1758212481887159905],12.615,-8.035,-13.884,,,
[1758212481892339697],6.716,-3.498,-8.885,,,
[1758212481897468551],-3.381,1.176,0.656,,,
[1758212481902619176],-2.84,3.816,7.46,,,
[1758212481907743655],-13.101,8.899,14.655,,,
[1758212481913081311],1.022,-1.518,19.613,,,
[1758212481918201780],7.626,-2.009,16.273,,,
[1758212481923333811],14.772,-6.701,6.321,,,
[1758212481928514489],19.613,-11.942,-1.269,,,
[1758212481934870530],19.613,-13.25,-10.518,,,
[1758212481940661207],18.296,-10.819,-14.174,,,
[1758212481945775530],9.359,-7.113,-13.997,,,
[1758212481950888239],2.801,-2.023,-6.005,,,
[1758212481956024593],-4.231,2.037,1.415,,,
[1758212481961145061],-3.745,3.582,12.359,,,
[1758212481966346520],-10.755,3.445,19.613,,,
[1758212481971469384],10.01,-0.658,16.419,,,
[1758212481976650478],12.289,-4.125,14.981,,,
[1758212481982356364],17.566,-8.535,2.014,,,
[1758212481988790582],19.613,-13.012,-6.05,,,
[1758212481994062561],19.613,-12.605,-12.354,,,
[1758212481999181155],15.407,-10.185,-13.726,,,
[1758212482004319332],8.238,-5.722,-11.231,,,
[1758212482009432509],0.642,0.093,-2.667,,,
[1758212482014626728],-4.125,3.713,6.069,,,
[1758212482019746989],1.372,5.827,19.477,,,
[1758212482024883030],-2.006,4.547,15.668,,,
[1758212482029994853],8.734,-2.152,19.47,,,
[1758212482035196103],14.791,-4.851,14.265,,,
[1758212482040352145],19.613,-12.016,2.842,,,
[1758212482045859020],19.613,-13.192,-6.474,,,
[1758212482051003759],19.613,-12.895,-13.8,,,
[1758212482056198603],14.26,-9.663,-15.893,,,
[1758212482063174332],5.284,-3.618,-8.935,,,
[1758212482069511103],-3.773,1.669,3.139,,,
[1758212482075813082],-3.505,2.823,17.107,,,
[1758212482082218551],-1.8,4.429,14.748,,,
[1758212482088665218],12.127,-3.026,15.852,,,
[1758212482094964176],14.784,-11.006,6.072,,,
[1758212482100715166],19.613,-12.237,-3.311,,,
[1758212482105868082],19.613,-12.728,-11.143,,,
[1758212482111041207],17.731,-11.018,-14.612,,,
[1758212482116247978],9.309,-6.929,-14.923,,,
[1758212482121330061],3.342,-2.701,-7.547,,,
[1758212482126438551],-4.353,1.829,2.672,,,
[1758212482131578343],-3.74,3.512,12.775,,,
[1758212482136731207],-11.811,3.646,19.613,,,
[1758212482141840218],8.653,-0.577,18.368,,,
[1758212482147072249],13.106,-4.07,14.875,,,
[1758212482153636884],18.54,-12.989,5.353,,,
[1758212482158878655],19.613,-12.625,-5.72,,,
[1758212482164055530],19.613,-12.208,-11.844,,,
[1758212482169212249],15.766,-10.204,-14.135,,,
[1758212482174367926],7.927,-5.748,-12.301,,,
[1758212482179470791],0.979,-1.3,-4.338,,,
[1758212482184578811],-3.845,3.048,5.38,,,
[1758212482189737926],-3.852,2.966,18.555,,,
[1758212482195236103],-1.482,4.851,19.587,,,
[1758212482200452197],2.559,-2.351,17.353,,,
[1758212482205569801],13.803,-4.841,14.581,,,
[1758212482210676311],19.613,-12.048,1.705,,,
[1758212482215874645],19.613,-12.447,-6.515,,,
[1758212482221020426],19.613,-12.929,-13.003,,,
[1758212482226118082],14.059,-9.622,-14.803,,,
[1758212482231216155],8.535,-5.562,-11.396,,,
[1758212482236385166],-0.821,-0.187,-4.247,,,
[1758212482241616676],-3.505,2.753,5.397,,,
[1758212482246708186],-3.409,2.926,16.661,,,
[1758212482251794593],2.224,4.336,13.391,,,
[1758212482256969853],-0.263,-0.795,17.813,,,
[1758212482262858343],15.32,-5.064,12.127,,,
[1758212482268028655],19.613,-10.41,1.216,,,
[1758212482273164749],19.613,-13.096,-6.366,,,
[1758212482278278030],19.613,-13.103,-13.793,,,
[1758212482283397093],15.009,-9.596,-13.838,,,
[1758212482288532874],6.84,-5.198,-9.926,,,
[1758212482293670895],0.271,0.067,-3.979,,,
[1758212482298788082],-4.496,3.134,3.874,,,
[1758212482304349749],-2.219,9.783,17.04,,,
[1758212482309506936],-3.225,-1.051,14.709,,,
[1758212482314673915],8.195,-1.772,14.913,,,
[1758212482319758551],14.087,-4.918,13.436,,,
[1758212482324862301],19.613,-11.832,5.124,,,
[1758212482329960426],19.613,-13.056,-5.974,,,
[1758212482335075686],19.613,-12.486,-12.67,,,
[1758212482340177457],16.056,-9.821,-15.021,,,
[1758212482345386103],8.279,-4.867,-10.855,,,
[1758212482350627718],0.247,0.062,-3.045,,,
[1758212482356204957],-5.21,2.808,7.369,,,
[1758212482361323759],0.735,9.313,16.149,,,
[1758212482366523915],-4.506,0.718,13.637,,,
[1758212482372914540],10.527,-3.156,14.957,,,
[1758212482379368759],14.049,-12.122,4.547,,,
[1758212482385686103],19.613,-12.488,-5.248,,,
[1758212482391994332],19.613,-13.261,-12.807,,,
[1758212482398714280],11.607,-8.011,-13.743,,,
[1758212482405056155],2.725,-2.325,-7.97,,,
[1758212482411666728],-3.163,2.588,6.203,,,
[1758212482416946936],-3.934,2.533,16.855,,,
[1758212482422048655],2.061,4.14,19.508,,,
[1758212482427134853],-1.02,-1.286,14.583,,,
[1758212482432291051],14.758,-4.889,14.068,,,
[1758212482437434853],19.613,-10.889,3.78,,,
[1758212482442584488],19.613,-13.156,-6.349,,,
[1758212482447664540],19.613,-13.046,-10.91,,,
[1758212482452954280],16.623,-10.003,-14.169,,,
[1758212482458220999],7.812,-6.505,-11.815,,,
[1758212482463896259],-0.177,-0.007,-3.323,,,
[1758212482469103811],-4.219,3.402,5.212,,,
[1758212482474620947],0.108,9.172,18.217,,,
[1758212482481115843],9.024,-1.006,19.491,,,
[1758212482486417978],8.49,-2.737,16.34,,,
[1758212482493927718],19.613,-12.426,4.056,,,
[1758212482499436259],19.613,-13.161,-6.395,,,
[1758212482504608238],19.613,-12.694,-12.522,,,
[1758212482509748134],16.91,-10.116,-15.488,,,
[1758212482514971988],8.25,-5.234,-12.294,,,
[1758212482521600426],0.12,-0.182,0.716,,,
[1758212482527269176],-5.31,3.689,7.101,,,
[1758212482532455895],-1.97,9.371,14.906,,,
[1758212482537599124],-4.901,-0.814,19.613,,,
[1758212482542774124],9.553,-2.784,16.063,,,
[1758212482547897353],13.082,-6.546,9.014,,,
[1758212482553039436],19.613,-12.345,0.838,,,
[1758212482558177145],19.613,-13.767,-7.614,,,
[1758212482563536624],19.613,-12.598,-15.004,,,
[1758212482568739957],13.12,-8.104,-13.929,,,
[1758212482573871363],6.701,-3.361,-8.133,,,
[1758212482578989957],-2.045,1.008,1.087,,,
[1758212482584172822],-3.654,3.644,7.384,,,
[1758212482589620426],-11.119,8.892,16.429,,,
[1758212482594761051],-4.022,-1.429,19.613,,,
[1758212482599868915],11.487,-3.144,15.933,,,
[1758212482605393186],14.013,-6.486,9.665,,,
[1758212482610638342],19.613,-12.981,-2.334,,,
[1758212482615838811],19.613,-13.273,-10.894,,,
[1758212482620974801],19.613,-11.976,-14.921,,,
[1758212482627261780],9.21,-6.95,-14.471,,,
[1758212482633935426],1.434,0.062,-3.46,,,
[1758212482640060322],-4.709,2.715,4.695,,,
[1758212482645211572],-0.783,9.084,17.964,,,
[1758212482650351467],-2.847,-0.086,14.403,,,
[1758212482655487665],9.754,-1.008,17.856,,,
[1758212482660603551],14.485,-5.116,14.942,,,
[1758212482665802040],19.613,-11.691,0.67,,,
[1758212482670984488],19.613,-12.869,-6.812,,,
[1758212482676206572],19.613,-12.565,-13.173,,,
[1758212482681479645],15.105,-9.675,-14.696,,,
[1758212482686631624],5.337,-5.576,-10.896,,,
[1758212482691772092],0.543,-0.383,-2.89,,,
[1758212482697244332],-4.705,3.529,7.039,,,
[1758212482702433603],-1.161,8.736,17.301,,,
[1758212482707557353],-4.463,-0.421,13.943,,,
[1758212482712809592],11.349,-1.298,16.261,,,
[1758212482717964957],13.491,-5.248,11.049,,,
[1758212482723108395],19.613,-12.313,1.475,,,
[1758212482728347978],19.613,-13.805,-7.276,,,
[1758212482733475270],19.613,-12.337,-13.314,,,
[1758212482739929124],12.845,-8.643,-13.793,,,
[1758212482746287092],2.32,-1.401,-6.163,,,
[1758212482753906363],-4.029,3.476,6.215,,,
[1758212482759238394],0.886,9.079,14.909,,,
[1758212482764903967],-4.001,-1.214,13.637,,,
[1758212482770037509],12.639,-2.107,17.226,,,
[1758212482775163082],14.212,-5.286,10.786,,,
[1758212482780273030],19.613,-12.471,0.213,,,
[1758212482785420374],19.613,-13.534,-7.724,,,
[1758212482790546728],19.613,-12.574,-13.769,,,
[1758212482795672717],12.361,-8.756,-13.484,,,
[1758212482800774072],6.73,-3.871,-9.584,,,
[1758212482806507509],-3.17,0.876,0.548,,,
[1758212482812952144],-3.259,3.812,8.794,,,
[1758212482818198447],-15.629,2.878,19.613,,,
[1758212482823316884],11.514,0.136,16.587,,,
[1758212482828425374],10.93,-4.132,15.445,,,
[1758212482833560530],16.194,-7.896,2.911,,,
[1758212482838666051],19.613,-12.194,-1.161,,,
[1758212482843904697],19.613,-13.206,-9.895,,,
[1758212482849021728],18.342,-11.665,-15.263,,,
[1758212482854197197],11.7,-7.408,-13.537,,,
[1758212482859401780],3.304,-2.102,-8.09,,,
[1758212482864575322],-2.006,2.176,1.779,,,
[1758212482869738082],-3.117,3.761,8.514,,,
[1758212482874889228],-13.041,2.193,16.701,,,
[1758212482880002561],11.49,0.515,18.924,,,
[1758212482885112144],11.688,-3.589,15.048,,,
[1758212482890228759],14.559,-7.24,5.947,,,
[1758212482895380113],19.613,-10.906,-1.925,,,
[1758212482900474592],19.613,-13.491,-9.771,,,
[1758212482905570165],19.261,-10.819,-13.149,,,
[1758212482910679801],13.005,-7.491,-14.066,,,
[1758212482915902197],2.693,-2.792,-8.351,,,
[1758212482922516676],-2.84,2.241,5.432,,,
[1758212482928876467],0.843,6.364,19.398,,,
[1758212482934478447],-2.291,4.781,13.266,,,
[1758212482939606051],9.17,-2.27,15.263,,,
[1758212482944735894],14.303,-5.282,12.529,,,
[1758212482950168603],19.613,-11.657,2.392,,,
[1758212482955296988],19.613,-13.582,-7.271,,,
[1758212482960411571],19.613,-12.766,-12.852,,,
[1758212482965588186],14.753,-9.646,-12.768,,,
[1758212482970716780],7.633,-4.439,-9.629,,,
[1758212482975978290],-1.812,0.924,-2.586,,,
[1758212482981068499],-3.383,3.273,5.212,,,
[1758212482986183915],0.23,7.767,19.06,,,
[1758212482991299488],-2.808,3.814,12.649,,,
[1758212482996461467],9.914,-1.389,17.564,,,
[1758212483001638134],15.455,-5.157,12.826,,,
[1758212483006762821],19.613,-10.4,1.334,,,
[1758212483011861259],19.613,-13.582,-6.84,,,
[1758212483017179071],19.613,-12.479,-12.661,,,
[1758212483022385582],15.44,-9.802,-13.975,,,
[1758212483027933186],6.045,-4.717,-9.306,,,
[1758212483033042249],-1.183,0.761,-0.953,,,
[1758212483038125478],-4.678,3.084,5.241,,,
[1758212483043262874],-0.369,8.473,17.147,,,
[1758212483048379853],-4.353,4.039,12.874,,,
[1758212483053503082],11.265,-2.741,17.813,,,
[1758212483059815894],13.664,-5.969,5.131,,,
[1758212483065444749],19.613,-11.241,-1.243,,,
[1758212483070570165],19.613,-13.692,-7.908,,,
[1758212483075724280],18.756,-11.887,-15.076,,,
[1758212483080857561],13.364,-8.578,-14.286,,,
[1758212483086008186],4.743,-2.701,-7.07,,,
[1758212483091133551],-1.575,1.504,0.603,,,
[1758212483096278446],-4.439,3.958,7.183,,,
[1758212483101402144],-17.104,4.508,15.469,,,
[1758212483106663759],8.993,-0.196,19.568,,,
[1758212483111774853],12.28,-3.539,15.131,,,
[1758212483116946884],12.452,-7.276,10.12,,,
[1758212483122055842],19.613,-12.835,-0.045,,,
[1758212483127211207],19.613,-13.317,-10.06,,,
[1758212483132374436],19.613,-11.708,-14.791,,,
[1758212483137855790],11.509,-7.831,-14.856,,,
[1758212483143073030],5.595,-2.579,-8.078,,,
[1758212483148357040],-3.373,1.848,1.408,,,
[1758212483153488446],-3.086,3.814,8.183,,,
[1758212483158608499],-17.221,3.941,16.034,,,
[1758212483163832717],9.991,-1.427,19.568,,,
[1758212483168945634],10.106,-3.057,15.96,,,
[1758212483175251259],15.322,-11.392,4.887,,,
[1758212483181501988],19.613,-13.12,-6.491,,,
[1758212483188018394],19.582,-12.699,-12.682,,,
[1758212483193710998],13.544,-8.432,-14.427,,,
[1758212483198854123],5.152,-4.175,-9.572,,,
[1758212483203984592],-1.35,0.565,-0.855,,,
[1758212483209101207],-5.066,3.419,8.497,,,
[1758212483214281623],-0.941,7.472,14.698,,,
[1758212483219401051],-4.18,-2.306,16.088,,,
[1758212483224555217],11.734,-2.33,13.388,,,
[1758212483229689592],13.783,-6.141,11.451,,,
