timestamp,x1,y1,z1,x2,y2,z2
[1758212970295502740],7.269,-3.867,3.8,,,
[1758212970300615604],9.29,-4.401,4.618,,,
[1758212970305787896],8.191,-4.403,4.858,,,
[1758212970313297688],9.206,-4.326,4.951,,,
[1758212970318593573],10.001,-4.891,4.403,,,
[1758212970324985083],9.622,-5.136,4.896,,,
[1758212970330240240],11.372,-5.44,4.278,,,
[1758212970335386542],10.499,-5.404,3.472,,,
[1758212970340472063],12.277,-5.789,2.306,,,
[1758212970345592948],10.93,-5.899,2.049,,,
[1758212970350694511],12.582,-5.892,1.528,,,
[1758212970355868104],11.538,-5.969,0.924,,,
[1758212970361071802],12.483,-5.849,1.288,,,
[1758212970366264302],10.75,-5.428,0.96,,,
[1758212970371416646],11.262,-5.001,0.737,,,
[1758212970376650188],9.567,-4.647,0.012,,,
[1758212970383251125],9.261,-4.391,-0.227,,,
[1758212970388511125],9.347,-4.216,-0.702,,,
[1758212970393639042],8.598,-3.915,-0.656,,,
[1758212970398746386],8.516,-3.814,0.01,,,
[1758212970403934927],6.941,-3.395,0.376,,,
[1758212970409034250],7.954,-3.505,0.747,,,
[1758212970414134771],6.285,-3.074,1.652,,,
[1758212970419225656],7.499,-3.179,2.444,,,
[1758212970424394563],5.947,-2.619,2.423,,,
[1758212970429965344],7.367,-3.314,2.538,,,
[1758212970435129667],6.476,-3.1,3.065,,,
[1758212970440227323],8.384,-3.814,3.278,,,
[1758212970445347636],7.422,-3.922,4.108,,,
[1758212970450448886],9.335,-4.427,4.274,,,
[1758212970455664771],8.112,-4.199,4.709,,,
[1758212970460792063],9.701,-4.415,5.126,,,
[1758212970465946125],8.799,-4.836,4.939,,,
[1758212970471040448],10.594,-5.009,4.235,,,
[1758212970476232375],10.202,-5.198,4.611,,,
[1758212970481323781],11.674,-5.262,4.19,,,
[1758212970486432323],10.939,-5.689,3.785,,,
[1758212970491877896],12.04,-5.6,2.389,,,
[1758212970497018677],11.581,-5.921,2.181,,,
[1758212970502260761],12.072,-5.722,1.822,,,
[1758212970507482688],11.779,-5.768,1.154,,,
[1758212970512643417],11.593,-5.258,0.424,,,
[1758212970517760448],11.011,-5.083,0.306,,,
[1758212970522985813],10.223,-4.594,-0.034,,,
[1758212970528099042],10.089,-4.899,0.029,,,
[1758212970533328261],9.033,-4.245,-0.57,,,
[1758212970539771125],9.622,-4.384,-1.365,,,
[1758212970545074979],7.599,-3.807,-0.388,,,
[1758212970550224979],8.801,-3.642,0.292,,,
[1758212970555402896],6.709,-3.349,0.235,,,
[1758212970560513469],7.966,-3.136,0.974,,,
[1758212970565638000],6.144,-2.921,2.069,,,
[1758212970570735031],7.319,-2.981,2.26,,,
[1758212970575854927],5.99,-2.775,2.188,,,
[1758212970580961229],7.302,-3.12,3.117,,,
[1758212970586105656],6.618,-3.263,3.694,,,
[1758212970591290813],8.289,-3.912,3.986,,,
[1758212970596414198],8.092,-4.214,4.063,,,
[1758212970602931333],8.717,-4.319,4.295,,,
[1758212970608132323],9.244,-4.621,4.867,,,
[1758212970613348885],9.45,-4.444,4.662,,,
[1758212970618497583],10.721,-5.078,4.621,,,
[1758212970623652323],10.065,-4.944,3.84,,,
[1758212970628801750],11.425,-5.444,3.527,,,
[1758212970633940344],11.009,-5.619,3.512,,,
[1758212970639065083],12.486,-5.885,2.816,,,
[1758212970644528833],10.958,-5.844,2.284,,,
[1758212970649686281],12.699,-6.306,1.633,,,
[1758212970654981750],11.291,-5.957,1.231,,,
[1758212970660090865],12.457,-5.701,1.317,,,
[1758212970665182323],10.293,-5.071,0.311,,,
[1758212970670330292],11.054,-4.963,-0.278,,,
[1758212970675485969],9.203,-4.475,-0.9,,,
[1758212970680574094],10.376,-4.702,-0.553,,,
[1758212970685682740],8.511,-4.219,-0.46,,,
[1758212970690799406],9.292,-4.068,-0.728,,,
[1758212970696071073],7.714,-3.598,-0.603,,,
[1758212970701207375],8.344,-3.431,0.591,,,
[1758212970706759979],7.135,-3.371,1.116,,,
[1758212970711888521],7.384,-3.175,1.094,,,
[1758212970716988313],6.498,-2.931,1.626,,,
[1758212970722105031],6.855,-2.899,2.741,,,
[1758212970727315552],6.383,-2.741,2.655,,,
[1758212970732509354],6.914,-3.263,2.696,,,
[1758212970737662583],7.077,-3.874,3.74,,,
[1758212970742840448],8.215,-4.101,3.876,,,
[1758212970748003938],8.935,-4.465,4.786,,,
[1758212970753650448],8.775,-4.252,4.736,,,
[1758212970758790240],10.101,-4.705,5.128,,,
[1758212970763931698],9.103,-4.695,5.203,,,
[1758212970769036958],10.793,-5.076,4.788,,,
[1758212970774175292],10.096,-4.978,4.331,,,
[1758212970779283625],11.849,-5.672,3.752,,,
[1758212970784403781],10.853,-5.552,2.784,,,
[1758212970789505240],12.196,-5.923,1.978,,,
[1758212970794748260],11.27,-5.804,2.229,,,
[1758212970800004771],12.993,-6.038,1.721,,,
[1758212970805218677],11.25,-5.916,1.077,,,
[1758212970810351594],12.28,-5.689,0.613,,,
[1758212970815628729],10.173,-5.049,1.044,,,
[1758212970820739510],10.992,-4.784,0.007,,,
[1758212970825861750],9.292,-4.503,-0.721,,,
[1758212970830977948],10.005,-4.532,-0.424,,,
[1758212970836149198],8.358,-4.108,-0.711,,,
[1758212970841269250],9.141,-3.893,-0.247,,,
[1758212970846399667],7.535,-3.663,0.297,,,
[1758212970851578885],8.26,-3.517,0.441,,,
[1758212970856813312],6.778,-3.349,1.19,,,
[1758212970862409510],7.008,-2.981,1.822,,,
[1758212970867556750],6.462,-3.005,2.203,,,
[1758212970872745865],6.876,-2.502,2.555,,,
[1758212970877895604],6.728,-2.962,3.153,,,
[1758212970883017219],6.946,-3.239,2.746,,,
[1758212970888121594],8.497,-4.135,3.697,,,
[1758212970893254927],8.27,-3.9,4.12,,,
[1758212970898368469],9.179,-4.195,4.633,,,
[1758212970903625969],8.612,-4.235,4.175,,,
[1758212970908804979],10.101,-4.791,5.155,,,
[1758212970913934302],9.359,-4.48,5.076,,,
[1758212970919038573],10.661,-5.236,4.781,,,
[1758212970924592375],10.226,-5.286,3.991,,,
[1758212970929795083],11.813,-5.806,3.62,,,
[1758212970934941542],10.882,-5.555,2.682,,,
[1758212970940140396],12.953,-6.098,2.164,,,
[1758212970945281802],11.442,-5.918,1.784,,,
[1758212970950394719],12.665,-5.983,1.587,,,
[1758212970955612635],11.167,-5.588,1.408,,,
[1758212970960732167],11.71,-5.349,0.474,,,
[1758212970965926646],10.06,-4.896,0.742,,,
[1758212970971543625],10.295,-4.638,0.163,,,
[1758212970976728156],9.392,-4.604,-0.163,,,
[1758212970981924823],9.749,-4.408,-0.318,,,
[1758212970987077635],8.349,-4.276,-0.769,,,
[1758212970994423573],7.386,-3.783,-0.347,,,
[1758212970999581229],8.557,-3.395,0.323,,,
[1758212971004781177],6.67,-3.129,1.01,,,
[1758212971009891906],7.563,-3.201,1.235,,,
[1758212971015077375],5.696,-2.978,2.124,,,
[1758212971020341333],7.501,-3.132,2.674,,,
[1758212971025492531],6.014,-3.112,2.938,,,
[1758212971031964667],7.41,-3.515,2.816,,,
[1758212971037232010],7.549,-3.91,3.867,,,
[1758212971042396854],8.662,-3.965,3.953,,,
[1758212971047512167],9.067,-4.566,4.293,,,
[1758212971052729406],9.167,-4.209,4.187,,,
[1758212971057883781],9.752,-4.657,5.203,,,
[1758212971063001021],9.697,-4.719,4.705,,,
[1758212971068115552],10.424,-5.064,4.513,,,
[1758212971073293000],10.76,-5.286,3.792,,,
[1758212971079111854],11.777,-5.641,3.766,,,
[1758212971084285812],11.001,-5.619,3.014,,,
[1758212971089391750],12.51,-5.911,2.543,,,
[1758212971094521698],11.43,-5.832,1.932,,,
[1758212971099631958],12.543,-6.017,1.63,,,
[1758212971104842114],11.073,-5.574,1.061,,,
[1758212971109959562],12.002,-5.337,0.46,,,
[1758212971115153156],9.536,-4.652,-0.28,,,
[1758212971120318625],10.578,-5.102,-0.208,,,
[1758212971125565969],9.258,-4.503,-0.017,,,
[1758212971130716854],10.118,-4.324,-0.192,,,
[1758212971137163833],8.437,-4.075,-0.95,,,
[1758212971143622739],7.937,-3.534,-0.132,,,
[1758212971148885812],8.2,-3.558,0.546,,,
[1758212971154097062],6.637,-3.211,0.649,,,
[1758212971159205344],7.554,-3.232,1.499,,,
[1758212971164337167],6.175,-2.792,1.8,,,
[1758212971169427948],7.281,-3.014,2.433,,,
[1758212971174544406],6.048,-3.175,3.194,,,
[1758212971179647844],7.381,-3.452,3.644,,,
[1758212971185131854],7.039,-3.699,3.393,,,
[1758212971190379406],9.048,-4.209,3.766,,,
[1758212971195579406],7.97,-4.444,4.051,,,
[1758212971200691281],9.819,-4.53,4.286,,,
[1758212971205899250],8.66,-4.638,4.611,,,
[1758212971211008937],10.592,-4.855,5.018,,,
[1758212971216145864],9.871,-5.109,4.769,,,
[1758212971221252739],11.255,-5.291,4.262,,,
[1758212971226427219],10.934,-5.497,3.285,,,
[1758212971231649771],12.127,-5.784,3.306,,,
[1758212971236792531],11.19,-5.751,2.449,,,
[1758212971241904041],12.713,-5.818,1.879,,,
[1758212971247587948],12.093,-6.012,1.712,,,
[1758212971254007375],11.135,-5.442,1.233,,,
[1758212971259253521],12.002,-5.152,0.321,,,
[1758212971264368573],9.84,-4.662,0.29,,,
[1758212971269457687],10.807,-4.851,0.244,,,
[1758212971274593052],9.139,-4.381,-0.575,,,
[1758212971279751698],9.809,-4.559,-0.79,,,
[1758212971284907948],8.066,-4.056,-0.582,,,
[1758212971290366541],9.124,-3.836,-0.041,,,
[1758212971295573052],6.907,-3.462,0.192,,,
[1758212971300811958],8.04,-3.407,0.414,,,
[1758212971306014510],6.531,-3.036,1.334,,,
[1758212971311129458],7.453,-2.95,2.308,,,
[1758212971316325552],6.017,-2.926,2.65,,,
[1758212971321434354],7.204,-3.062,2.899,,,
[1758212971326569458],6.577,-3.129,3.134,,,
[1758212971331722323],8.1,-3.673,3.282,,,
[1758212971336885344],7.963,-4.001,4.228,,,
[1758212971342088625],8.95,-3.926,3.965,,,
[1758212971347229094],8.444,-4.336,3.931,,,
[1758212971352888677],9.646,-4.427,4.152,,,
[1758212971358101541],9.799,-4.997,4.817,,,
[1758212971363219406],9.977,-4.805,4.073,,,
[1758212971368319510],10.513,-5.447,3.946,,,
[1758212971373444614],10.716,-5.296,3.644,,,
[1758212971378552844],12.028,-5.784,3.302,,,
[1758212971383663677],11.286,-5.557,2.162,,,
[1758212971388786125],12.361,-6.065,1.93,,,
[1758212971393990083],11.535,-5.899,1.86,,,
[1758212971400455916],12.55,-5.818,1.372,,,
[1758212971406023104],10.482,-5.459,0.625,,,
[1758212971411147323],11.202,-5.076,0.419,,,
[1758212971416301437],9.644,-4.575,0.122,,,
[1758212971421417166],10.702,-4.448,0.022,,,
[1758212971426516489],8.753,-4.475,-0.316,,,
[1758212971431675864],9.278,-4.211,-0.745,,,
[1758212971436864771],8.004,-3.833,-0.079,,,
[1758212971442003729],8.274,-3.543,-0.089,,,
[1758212971447251229],7.029,-3.443,0.917,,,
[1758212971452447896],7.511,-3.081,1.233,,,
[1758212971457635812],6.893,-3.041,1.903,,,
[1758212971465411854],5.835,-2.962,1.98,,,
[1758212971470711385],7.369,-3.141,2.497,,,
[1758212971475836437],6.225,-3.117,2.933,,,
[1758212971480940552],8.341,-3.974,3.601,,,
[1758212971486073885],7.776,-4.046,3.871,,,
[1758212971491164510],9.316,-4.257,4.513,,,
[1758212971496286073],8.332,-3.994,4.566,,,
[1758212971501389093],10.127,-4.568,4.87,,,
[1758212971506585343],9.234,-4.803,4.748,,,
[1758212971512247271],10.664,-4.963,4.59,,,
[1758212971518649146],10.91,-5.502,4.738,,,
[1758212971523893833],10.793,-5.377,3.405,,,
[1758212971529020396],12.122,-5.729,2.789,,,
[1758212971534168468],11.076,-5.739,1.887,,,
[1758212971539294614],12.517,-5.966,2.04,,,
[1758212971544404614],11.279,-5.684,1.659,,,
[1758212971549521593],12.364,-5.844,1.061,,,
[1758212971554730187],10.862,-5.15,0.148,,,
[1758212971559858052],11.25,-4.908,0.318,,,
[1758212971565090812],9.38,-4.762,0.247,,,
[1758212971570217791],10.544,-4.951,-0.079,,,
[1758212971575757166],8.645,-4.274,-0.986,,,
[1758212971580935343],9.553,-4.017,-1.022,,,
[1758212971586055343],7.75,-3.881,-0.656,,,
[1758212971591162323],8.43,-3.464,-0.079,,,
[1758212971596290916],6.61,-3.273,0.22,,,
[1758212971601401489],7.963,-3.254,1.142,,,
[1758212971606594250],6.227,-2.856,2.152,,,
[1758212971611704927],7.245,-2.942,2.411,,,
[1758212971616878000],6.031,-2.99,2.849,,,
[1758212971622087375],6.974,-3.036,2.964,,,
[1758212971628618208],7.568,-3.857,3.857,,,
[1758212971633876854],7.848,-3.826,3.862,,,
[1758212971639004198],9.155,-4.173,4.178,,,
[1758212971644123364],8.255,-4.207,4.322,,,
[1758212971649236750],10.041,-4.748,4.764,,,
[1758212971654437010],9.189,-4.702,5.011,,,
[1758212971659533729],10.704,-4.978,5.243,,,
[1758212971664678364],10.058,-4.982,4.389,,,
[1758212971669829927],11.909,-5.729,4.118,,,
[1758212971675075500],10.503,-5.713,3.436,,,
[1758212971680342583],12.493,-5.988,2.885,,,
[1758212971685939406],11.36,-5.758,1.695,,,
[1758212971691069875],12.981,-5.813,1.343,,,
[1758212971696220083],11.425,-5.837,1.484,,,
[1758212971701327062],11.99,-5.588,0.491,,,
[1758212971706533208],10.362,-5.097,0.318,,,
[1758212971711649770],10.973,-4.618,0.414,,,
[1758212971716780239],9.498,-4.702,0.615,,,
[1758212971721891645],10.008,-4.422,-0.168,,,
[1758212971728467166],9.222,-4.266,-0.543,,,
[1758212971734039302],8.272,-3.809,-0.558,,,
[1758212971739223156],8.279,-3.718,0.247,,,
[1758212971744356125],6.788,-3.366,0.56,,,
[1758212971749463625],7.791,-3.112,1.607,,,
[1758212971754647166],6.134,-2.966,1.396,,,
[1758212971759748625],7.221,-3.105,2.04,,,
[1758212971764891385],5.938,-2.892,2.569,,,
[1758212971770012166],7.293,-3.045,2.761,,,
[1758212971775244614],6.328,-3.314,3.019,,,
[1758212971780354979],8.724,-4.104,3.282,,,
[1758212971785473520],7.661,-4.171,3.845,,,
[1758212971791808468],9.306,-4.173,4.712,,,
[1758212971797092375],8.722,-4.417,4.76,,,
[1758212971802348468],10.044,-4.705,4.551,,,
[1758212971807555448],10.331,-5.116,4.882,,,
[1758212971812736593],10.896,-4.939,4.616,,,
[1758212971817885239],11.083,-5.449,4.276,,,
[1758212971823024458],11.645,-5.617,2.761,,,
[1758212971828135291],11.87,-5.945,2.82,,,
[1758212971833644614],11.368,-5.799,2.025,,,
[1758212971838905604],12.682,-6.067,1.923,,,
[1758212971844057948],11.6,-5.844,1.104,,,
[1758212971849176229],11.988,-5.684,0.898,,,
[1758212971854385343],10.539,-5.035,0.177,,,
[1758212971859493468],10.623,-4.863,0.182,,,
[1758212971864592895],9.263,-4.614,-0.067,,,
[1758212971869749354],10.523,-4.496,-0.17,,,
[1758212971874923364],8.44,-4.168,-0.484,,,
[1758212971880135395],9.246,-4.001,-0.747,,,
[1758212971885334562],7.523,-3.608,-0.139,,,
[1758212971890453885],8.538,-3.644,-0.184,,,
[1758212971895591697],6.443,-3.213,1.298,,,
[1758212971902277270],7.324,-3.201,1.786,,,
[1758212971908663572],6.665,-3.203,2.71,,,
[1758212971913914093],6.172,-2.94,2.641,,,
[1758212971919025500],7.262,-3.371,3.563,,,
[1758212971924165916],6.879,-3.335,3.321,,,
[1758212971929259875],8.566,-4.092,4.338,,,
[1758212971934418156],7.865,-4.08,4.322,,,
[1758212971940835135],9.462,-4.415,4.422,,,
[1758212971946121489],8.76,-4.403,4.41,,,
[1758212971951234718],10.276,-4.793,4.894,,,
[1758212971956415187],9.455,-5.018,5.088,,,
[1758212971961550187],11.049,-5.231,4.252,,,
[1758212971966718416],10.226,-5.416,3.675,,,
[1758212971971834406],11.942,-5.59,3.498,,,
[1758212971976994510],11.48,-5.782,2.859,,,
[1758212971982260083],12.081,-5.727,1.963,,,
[1758212971987485864],11.657,-6.081,1.903,,,
[1758212971992654718],12.282,-5.578,1.413,,,
[1758212971997761020],11.277,-5.701,1.099,,,
[1758212972003032166],10.613,-4.827,0.321,,,
[1758212972008537739],10.343,-4.779,-0.026,,,
[1758212972013687791],9.756,-4.551,-0.733,,,
[1758212972018800395],9.912,-4.523,-0.156,,,
[1758212972023954562],8.586,-3.962,-0.541,,,
[1758212972029108833],9.234,-3.967,-0.543,,,
[1758212972034311958],7.558,-3.728,-0.622,,,
[1758212972039449770],8.313,-3.553,-0.002,,,
[1758212972044597843],6.622,-3.179,0.852,,,
[1758212972050043833],7.657,-3.239,1.556,,,
[1758212972055332114],5.784,-2.861,2.148,,,
[1758212972060433833],7.068,-3.177,2.926,,,
[1758212972065554614],5.816,-3.048,2.962,,,
[1758212972070659614],7.659,-3.637,3.208,,,
[1758212972075763624],6.91,-3.601,3.098,,,
[1758212972080862843],9.055,-4.118,3.917,,,
[1758212972086017999],7.822,-4.123,4.525,,,
[1758212972091138156],9.531,-4.484,4.465,,,
[1758212972096337791],8.751,-4.604,4.602,,,
[1758212972101450187],10.247,-4.882,4.671,,,
[1758212972106649874],9.697,-4.786,4.338,,,
[1758212972111755864],11.31,-5.358,4.48,,,
[1758212972121419302],12.172,-5.816,3.026,,,
[1758212972127871020],11.528,-6.067,2.004,,,
[1758212972134228572],11.475,-5.895,1.903,,,
[1758212972139480968],12.752,-5.981,1.776,,,
[1758212972144634197],11.097,-5.442,0.888,,,
[1758212972149762062],11.818,-5.416,0.469,,,
[1758212972156177687],9.728,-4.729,0.352,,,
[1758212972161411229],10.501,-4.611,-0.278,,,
[1758212972166522427],9.227,-4.525,-0.412,,,
[1758212972171638572],9.594,-4.429,-0.294,,,
[1758212972176812843],8.526,-3.836,-0.072,,,
[1758212972181918416],8.78,-3.706,-0.098,,,
[1758212972187021854],7.135,-3.632,0.302,,,
[1758212972192160135],7.915,-3.273,0.584,,,
[1758212972197308260],6.534,-3.11,1.535,,,
[1758212972202770343],6.828,-2.995,1.583,,,
[1758212972207980812],6.68,-3.141,2.574,,,
[1758212972213105395],6.689,-2.94,2.82,,,
[1758212972218208989],6.955,-3.244,3.259,,,
[1758212972223341281],7.633,-3.591,3.424,,,
[1758212972229753885],9.222,-4.417,4.185,,,
[1758212972236049874],8.028,-4.159,4.085,,,
[1758212972241236697],9.936,-4.436,4.508,,,
[1758212972246342374],8.653,-4.81,4.899,,,
[1758212972251458208],10.556,-5.009,4.973,,,
[1758212972256703416],10.163,-5.152,4.635,,,
[1758212972262276958],11.449,-5.248,3.474,,,
[1758212972267417270],11.332,-5.825,3.287,,,
[1758212972272600552],11.595,-5.71,3.038,,,
[1758212972277707427],11.825,-5.962,2.356,,,
[1758212972282868989],12.155,-5.684,1.824,,,
[1758212972287973885],12.024,-6.031,1.214,,,
[1758212972293091333],11.904,-5.456,0.481,,,
[1758212972298182739],11.037,-5.59,0.759,,,
[1758212972303447999],10.534,-4.752,-0.309,,,
[1758212972308643676],10.537,-4.949,-0.294,,,
[1758212972313781489],9.555,-4.487,-0.06,,,
[1758212972318889406],9.72,-4.48,-0.311,,,
[1758212972324027010],8.236,-3.95,-1.159,,,
[1758212972329145135],8.796,-3.706,-0.354,,,
[1758212972334583729],7.247,-3.539,0.785,,,
[1758212972339732895],8.145,-3.433,0.931,,,
[1758212972344823937],6.534,-3.084,0.977,,,
[1758212972349939822],7.638,-3.223,2.116,,,
[1758212972355148624],5.873,-2.782,2.045,,,
[1758212972360258624],7.362,-2.957,2.959,,,
[1758212972365408051],5.911,-3.11,3.062,,,
[1758212972371817687],8.059,-3.606,3.582,,,
[1758212972377043781],7.915,-3.869,4.051,,,
[1758212972382199822],9.041,-4.233,4.377,,,
[1758212972387307895],8.691,-4.594,4.63,,,
[1758212972393462947],9.096,-4.348,4.48,,,
[1758212972398730447],9.831,-5.128,4.688,,,
[1758212972403921697],9.996,-5.078,4.693,,,
[1758212972409032062],11.413,-5.341,4.559,,,
[1758212972414164614],11.009,-5.339,3.333,,,
[1758212972419273156],12.464,-6.079,2.588,,,
[1758212972424387687],11.404,-5.794,2.16,,,
[1758212972429485343],12.651,-5.957,1.69,,,
[1758212972434660656],11.933,-5.705,1.448,,,
[1758212972440251645],12.519,-5.689,0.824,,,
[1758212972445379562],10.477,-5.289,0.599,,,
[1758212972450577531],11.466,-5.186,0.132,,,
[1758212972455803468],9.242,-4.559,-0.464,,,
[1758212972460905812],10.709,-4.422,-0.771,,,
[1758212972466027322],8.66,-4.336,-0.352,,,
[1758212972471127739],9.376,-4.168,-0.429,,,
[1758212972476295864],7.927,-3.8,-0.91,,,
[1758212972481967218],8.76,-3.479,-0.115,,,
[1758212972487091124],6.972,-3.488,0.45,,,
[1758212972492253833],7.415,-3.172,1.209,,,
[1758212972497379406],6.658,-3.043,1.707,,,
[1758212972502698781],6.891,-2.792,1.949,,,
[1758212972507862426],6.421,-3.199,2.962,,,
[1758212972513009197],7.099,-3.045,2.883,,,
[1758212972518108208],7.005,-3.4,3.268,,,
[1758212972523322999],7.841,-3.824,3.237,,,
[1758212972528415864],8.859,-4.532,4.264,,,
[1758212972533513937],8.521,-4.192,4.604,,,
[1758212972538601541],9.541,-4.652,4.887,,,
[1758212972543714197],9.239,-4.434,3.998,,,
[1758212972549265135],10.3,-5.198,4.954,,,
[1758212972554489093],9.881,-5.035,4.685,,,
[1758212972559599458],11.583,-5.224,4.156,,,
[1758212972564745864],10.776,-5.655,3.29,,,
[1758212972569837270],12.376,-5.988,3.285,,,
[1758212972574953468],11.073,-5.78,2.334,,,
[1758212972580075656],12.718,-6.117,1.961,,,
[1758212972585231489],11.396,-5.918,1.128,,,
[1758212972590630291],12.617,-5.823,0.575,,,
[1758212972595751437],10.341,-5.344,0.553,,,
[1758212972600975187],11.049,-4.805,0.347,,,
[1758212972607395916],9.349,-4.791,0.148,,,
[1758212972612666801],9.689,-4.362,-0.371,,,
[1758212972617762270],9.029,-4.403,-0.213,,,
[1758212972622950135],8.806,-3.768,-0.453,,,
[1758212972628064406],8.246,-3.915,-0.34,,,
[1758212972633175291],7.822,-3.251,-0.079,,,
[1758212972638336333],7.156,-3.505,1.19,,,
[1758212972643502478],6.498,-3.024,1.733,,,
[1758212972648644353],7.18,-3.261,2.203,,,
[1758212972653916176],6.397,-2.796,2.119,,,
[1758212972659448937],7.192,-3.259,2.801,,,
[1758212972664572166],6.263,-3.378,3.565,,,
[1758212972669664145],8.396,-3.977,3.929,,,
[1758212972674814666],7.657,-3.941,4.008,,,
[1758212972679909458],9.562,-4.326,4.563,,,
[1758212972684992895],8.183,-4.147,4.393,,,
[1758212972690082947],10.041,-4.508,4.891,,,
[1758212972695248468],9.108,-4.506,4.551,,,
[1758212972700827322],11.133,-5.102,4.326,,,
[1758212972706067531],10.216,-5.09,4.408,,,
[1758212972711172947],11.911,-5.526,3.294,,,
[1758212972716314510],10.877,-5.926,2.377,,,
[1758212972721415760],12.845,-6.065,2.095,,,
[1758212972726507843],11.605,-5.904,2.116,,,
[1758212972731654249],12.948,-5.823,1.192,,,
[1758212972736837426],11.38,-5.847,1.123,,,
[1758212972742019822],11.89,-5.382,0.692,,,
[1758212972747226385],10.25,-5.042,0.618,,,
[1758212972752447791],10.489,-4.726,-0.089,,,
[1758212972757630551],9.424,-4.659,-0.294,,,
[1758212972762818364],9.414,-4.187,-0.424,,,
[1758212972768354666],9.28,-4.276,-0.16,,,
[1758212972773476124],8.514,-3.749,-0.551,,,
[1758212972778572739],7.946,-3.776,0.077,,,
[1758212972783710916],7.475,-3.232,0.318,,,
[1758212972788831333],7.18,-3.366,1.302,,,
[1758212972793925760],6.292,-2.94,1.468,,,
[1758212972799031541],7.278,-3.108,2.078,,,
[1758212972804218312],5.997,-2.78,2.828,,,
[1758212972810764822],7.621,-3.211,3.041,,,
[1758212972816015760],6.788,-3.63,3.974,,,
[1758212972821115030],9.019,-4.058,3.754,,,
[1758212972826237218],7.884,-4.096,3.711,,,
[1758212972831346541],9.701,-4.381,4.31,,,
[1758212972836494145],8.452,-4.556,4.688,,,
[1758212972841618468],10.221,-4.702,4.956,,,
[1758212972846760603],9.392,-4.829,4.647,,,
[1758212972851879666],11.21,-5.239,4.238,,,
[1758212972857064405],10.561,-5.559,4.307,,,
[1758212972862293260],11.665,-5.799,3.191,,,
[1758212972867423833],11.408,-5.923,2.394,,,
[1758212972872609093],12.148,-5.892,2.339,,,
[1758212972878120551],12.412,-6.007,1.944,,,
[1758212972883271228],12.045,-5.622,0.706,,,
[1758212972888379458],11.818,-5.681,0.302,,,
[1758212972893506072],10.769,-4.994,0.244,,,
[1758212972898614718],10.271,-5.035,0.496,,,
[1758212972903801124],9.675,-4.41,-0.539,,,
[1758212972908911697],9.847,-4.611,-0.735,,,
[1758212972914068833],8.875,-4.108,-0.656,,,
[1758212972919578989],9.21,-3.919,-0.29,,,
[1758212972924843989],7.532,-3.596,-0.101,,,
[1758212972929969822],8.413,-3.788,-0.196,,,
[1758212972935113208],6.883,-3.232,0.611,,,
[1758212972940270187],7.611,-3.409,1.48,,,
[1758212972945402999],5.847,-2.969,1.99,,,
[1758212972950518312],7.47,-3.089,2.492,,,
[1758212972958342114],7.075,-3.373,3.309,,,
[1758212972964753937],6.656,-3.342,3.318,,,
[1758212972969979874],8.765,-4.015,3.824,,,
[1758212972975084041],7.898,-4.015,4.561,,,
[1758212972980194926],9.373,-4.527,4.489,,,
[1758212972985646697],8.679,-4.48,4.458,,,
[1758212972990776332],10.64,-4.879,4.451,,,
[1758212972995896489],9.414,-4.867,4.774,,,
[1758212973001020447],11.456,-5.337,3.783,,,
[1758212973006266957],10.211,-5.555,3.215,,,
[1758212973011460551],12.016,-5.567,2.689,,,
[1758212973016562947],11.262,-5.78,2.263,,,
[1758212973021666957],12.598,-5.78,1.75,,,
[1758212973027112270],11.614,-5.739,1.264,,,
[1758212973032285812],12.529,-5.672,0.85,,,
[1758212973037444822],11.133,-5.543,0.881,,,
[1758212973042713676],10.898,-4.99,0.079,,,
[1758212973047959614],10.329,-4.752,-0.192,,,
[1758212973053601905],9.498,-4.484,-0.249,,,
[1758212973058786905],9.663,-4.542,-0.017,,,
[1758212973063934718],8.564,-4.123,-0.781,,,
[1758212973069045187],8.964,-3.996,-0.445,,,
[1758212973074163051],7.889,-3.486,-0.285,,,
[1758212973079263832],8.217,-3.615,0.704,,,
[1758212973084423468],6.96,-3.225,1.006,,,
[1758212973089538312],7.381,-3.275,1.954,,,
[1758212973095210760],5.966,-2.801,1.918,,,
[1758212973101382582],7.501,-3.033,2.545,,,
[1758212973106653624],6.017,-3.211,2.954,,,
[1758212973111725916],7.673,-3.39,3.728,,,
[1758212973116806749],7.336,-3.84,3.816,,,
[1758212973121895812],8.904,-4.278,3.78,,,
[1758212973127057947],8.121,-4.317,4.367,,,
[1758212973134297687],8.588,-4.417,4.65,,,
[1758212973139979978],10.681,-5.037,4.985,,,
[1758212973145153676],9.498,-4.776,4.738,,,
[1758212973150259614],11.746,-5.229,4.891,,,
[1758212973155457218],10.472,-5.246,3.519,,,
[1758212973160560603],12.376,-5.842,3.168,,,
[1758212973165689718],11.274,-5.859,2.397,,,
[1758212973170786541],12.933,-5.978,2.011,,,
[1758212973175935812],11.461,-5.837,1.415,,,
[1758212973181160759],12.62,-5.957,0.536,,,
[1758212973186306332],10.87,-5.567,0.546,,,
[1758212973191380343],11.53,-5.227,0.345,,,
[1758212973196482062],9.318,-4.69,0.017,,,
[1758212973201678416],10.36,-4.86,-0.467,,,
[1758212973207236697],9.184,-4.322,-0.548,,,
[1758212973212459353],9.407,-4.156,-0.524,,,
[1758212973217626332],8.262,-3.891,-0.326,,,
[1758212973222804197],8.44,-3.591,-0.017,,,
[1758212973227906957],7.341,-3.601,1.044,,,
[1758212973233033364],7.53,-3.033,1.211,,,
[1758212973238193676],6.989,-3.184,2.088,,,
[1758212973243377687],6.675,-2.777,2.272,,,
[1758212973248945864],6.953,-3.098,2.763,,,
[1758212973254151645],6.285,-3.055,2.626,,,
[1758212973259267270],7.678,-3.541,3.244,,,
[1758212973264397634],7.23,-3.74,3.632,,,
[1758212973269500239],9.086,-4.286,4.037,,,
[1758212973274608312],8.265,-4.35,4.3,,,
[1758212973279745707],9.555,-4.563,4.772,,,
[1758212973284925187],8.82,-4.343,5.217,,,
[1758212973290169145],10.683,-4.918,5.224,,,
[1758212973295313207],9.515,-4.75,4.472,,,
[1758212973300428624],11.487,-5.349,3.709,,,
[1758212973305646020],10.479,-5.784,3.63,,,
[1758212973310739822],12.28,-6.12,3.338,,,
[1758212973315853364],11.032,-5.823,1.867,,,
[1758212973321091853],13.015,-6.053,1.674,,,
[1758212973326242843],11.346,-5.801,1.41,,,
[1758212973331352739],12.649,-5.701,1.063,,,
[1758212973336497895],10.836,-5.394,0.311,,,
[1758212973341617999],11.126,-4.752,0.254,,,
[1758212973346760655],9.555,-4.705,0.199,,,
[1758212973351887062],10.364,-4.46,-0.419,,,
[1758212973357459718],8.95,-4.259,-0.922,,,
[1758212973362672791],8.909,-4.017,-0.903,,,
[1758212973367784926],8.037,-3.9,-0.273,,,
[1758212973373043884],7.824,-3.615,-0.472,,,
[1758212973378149666],7.123,-3.46,0.412,,,
[1758212973383234405],7.321,-3.014,1.041,,,
[1758212973388322739],6.397,-3.103,1.753,,,
[1758212973393444301],6.507,-3.057,2.253,,,
[1758212973398613259],7.015,-3.168,2.849,,,
[1758212973403850655],6.589,-2.981,3.139,,,
[1758212973408939405],7.618,-3.405,3.759,,,
[1758212973414080239],7.949,-3.792,3.297,,,
[1758212973419204614],8.854,-4.262,4.195,,,
[1758212973424324561],8.169,-4.178,4.848,,,
[1758212973429555499],9.907,-4.642,5.162,,,
[1758212973434707999],9.0,-4.669,5.112,,,
[1758212973439809874],10.69,-5.203,5.016,,,
[1758212973444930343],9.871,-5.006,4.257,,,
[1758212973450015239],11.784,-5.488,4.254,,,
[1758212973455183780],10.896,-5.77,2.966,,,
[1758212973460364926],12.443,-5.851,2.612,,,
[1758212973466946436],11.334,-5.863,1.87,,,
[1758212973472242061],12.668,-5.844,1.176,,,
[1758212973477381124],11.554,-5.794,1.046,,,
[1758212973482539197],12.203,-5.332,0.136,,,
[1758212973487669666],10.613,-5.188,0.505,,,
[1758212973492842166],10.278,-4.484,0.333,,,
[1758212973497952061],9.895,-4.611,0.065,,,
[1758212973503175811],9.735,-4.42,-0.35,,,
[1758212973508311957],8.77,-4.341,0.127,,,
[1758212973513520551],8.641,-3.867,-0.874,,,
[1758212973518643416],8.195,-3.663,-0.036,,,
[1758212973523753780],7.173,-3.223,-0.424,,,
[1758212973528840759],7.475,-3.484,0.455,,,
[1758212973533985864],6.495,-2.921,1.353,,,
[1758212973539427530],6.941,-3.194,2.346,,,
[1758212973544590655],6.16,-2.622,2.581,,,
[1758212973549723259],6.91,-3.326,2.701,,,
[1758212973554948832],6.424,-3.194,3.086,,,
[1758212973560055134],8.509,-3.907,4.386,,,
[1758212973565157739],7.683,-3.85,4.164,,,
[1758212973570271228],9.579,-4.317,4.468,,,
[1758212973575725759],8.49,-4.422,4.609,,,
[1758212973580876228],10.295,-4.561,5.095,,,
[1758212973586109145],8.926,-4.702,4.654,,,
[1758212973591221957],10.755,-4.973,4.3,,,
[1758212973596361384],10.127,-5.073,4.209,,,
[1758212973601477113],11.693,-5.605,3.912,,,
[1758212973606675447],10.843,-5.662,3.177,,,
[1758212973611787322],12.634,-5.698,2.294,,,
[1758212973616948051],11.274,-5.868,1.877,,,
[1758212973622063259],12.443,-5.856,1.209,,,
[1758212973627310030],11.724,-6.091,1.087,,,
[1758212973632525291],11.832,-5.44,0.891,,,
[1758212973637664301],10.501,-4.906,-0.017,,,
[1758212973642867738],10.46,-4.748,0.306,,,
[1758212973648536801],9.814,-4.891,0.318,,,
[1758212973653749249],9.194,-4.166,-1.14,,,
[1758212973658859561],9.103,-4.36,-0.694,,,
[1758212973663999301],8.59,-3.826,-0.098,,,
[1758212973669116020],8.274,-3.768,0.239,,,
[1758212973674247218],6.979,-3.235,-0.438,,,
[1758212973681743676],7.728,-3.179,1.267,,,
[1758212973686952686],6.1,-2.945,1.319,,,
[1758212973692282113],6.8,-3.098,2.193,,,
[1758212973697416384],6.285,-3.115,3.74,,,
[1758212973702614978],7.154,-2.947,3.639,,,
[1758212973707755916],7.183,-3.608,3.821,,,
[1758212973712924353],8.578,-4.278,3.61,,,
[1758212973718028832],8.344,-4.413,3.994,,,
[1758212973723185968],9.196,-4.266,3.802,,,
[1758212973728286697],8.964,-4.879,4.575,,,
[1758212973733452166],9.862,-4.561,4.475,,,
[1758212973738656332],10.513,-5.148,4.678,,,
[1758212973743815968],10.846,-4.98,4.13,,,
[1758212973748968728],11.231,-5.464,3.792,,,
[1758212973754649353],10.819,-5.619,3.06,,,
[1758212973759760655],12.265,-5.859,2.885,,,
[1758212973764847582],11.303,-5.811,1.793,,,
[1758212973769948780],12.512,-5.94,1.669,,,
[1758212973775110655],11.456,-5.89,0.939,,,
[1758212973780222218],12.052,-5.612,0.424,,,
[1758212973785314093],10.369,-5.09,0.23,,,
[1758212973790439145],10.894,-4.987,-0.141,,,
[1758212973796057061],9.16,-4.664,-0.134,,,
[1758212973801242322],10.223,-4.606,-0.139,,,
[1758212973806451228],8.219,-4.085,-0.172,,,
[1758212973811576332],8.969,-3.91,-0.747,,,
[1758212973816734509],7.554,-3.572,-0.22,,,
[1758212973821847322],8.092,-3.481,0.383,,,
[1758212973826967686],6.45,-3.16,1.046,,,
[1758212973832077895],7.47,-2.904,1.516,,,
[1758212973837241072],6.201,-3.031,1.966,,,
[1758212973842531540],7.051,-2.875,2.466,,,
[1758212973847675551],6.524,-3.036,3.153,,,
[1758212973852928936],7.501,-3.328,3.227,,,
[1758212973858077270],7.638,-3.752,3.886,,,
[1758212973865530134],7.975,-4.065,4.446,,,
[1758212973870992113],9.692,-4.324,4.535,,,
[1758212973876137374],8.483,-4.401,4.688,,,
[1758212973881239301],10.317,-4.875,4.875,,,
[1758212973886371749],9.318,-4.997,4.369,,,
[1758212973891489978],11.198,-5.246,4.626,,,
[1758212973896624561],10.139,-5.619,4.456,,,
[1758212973902034613],12.007,-5.722,3.067,,,
[1758212973907281801],11.447,-5.705,2.397,,,
[1758212973912573728],12.56,-5.851,2.349,,,
[1758212973917701436],11.619,-6.007,1.745,,,
[1758212973922878155],11.923,-5.612,1.192,,,
[1758212973927988780],11.281,-5.66,0.644,,,
[1758212973933104874],11.042,-4.882,0.56,,,
[1758212973938221124],10.321,-4.815,0.472,,,
[1758212973943353155],10.139,-4.511,0.081,,,
[1758212973948519093],9.383,-4.664,-0.702,,,
[1758212973953778468],9.079,-4.144,-0.508,,,
[1758212973958971384],9.167,-4.087,0.057,,,
[1758212973964108051],7.717,-3.649,-0.788,,,
[1758212973969615290],7.915,-3.845,0.611,,,
[1758212973974777061],6.843,-3.1,1.166,,,
[1758212973979979093],7.594,-3.203,1.944,,,
[1758212973985177738],5.904,-2.693,1.784,,,
[1758212973990658624],7.456,-3.038,2.018,,,
[1758212973995771280],5.916,-3.093,2.907,,,
[1758212974000870915],7.793,-3.486,3.259,,,
[1758212974006083624],7.195,-3.649,3.299,,,
[1758212974011628936],9.069,-4.025,3.656,,,
[1758212974016793884],7.989,-4.312,3.986,,,
[1758212974021892999],9.926,-4.195,4.659,,,
[1758212974027025811],8.983,-4.676,5.48,,,
[1758212974032122843],10.147,-4.87,4.956,,,
[1758212974037217217],9.898,-5.066,4.618,,,
[1758212974042358676],10.992,-5.152,4.451,,,
[1758212974047503572],10.755,-5.471,3.594,,,
[1758212974052757426],11.813,-5.598,2.717,,,
[1758212974058003832],11.102,-5.808,2.492,,,
[1758212974063125342],12.026,-5.638,2.296,,,
[1758212974068245603],12.33,-6.072,1.75,,,
[1758212974073388780],12.057,-5.61,0.989,,,
[1758212974078817478],11.619,-5.413,0.692,,,
[1758212974083964822],10.702,-4.915,0.333,,,
[1758212974089096176],10.166,-4.767,0.347,,,
[1758212974094324040],9.297,-4.403,-0.443,,,
[1758212974099580499],9.831,-4.671,-0.17,,,
[1758212974104763676],8.416,-4.022,-0.369,,,
[1758212974109863884],8.88,-4.075,0.053,,,
[1758212974114996280],7.606,-3.534,0.148,,,
[1758212974121383259],7.944,-3.323,0.247,,,
[1758212974126635707],6.543,-3.136,1.379,,,
[1758212974131729822],7.362,-3.175,2.267,,,
[1758212974136834457],5.995,-2.966,2.327,,,
[1758212974141970863],7.424,-3.134,3.175,,,
[1758212974147080655],6.057,-3.225,3.63,,,
[1758212974152247842],7.76,-3.575,3.701,,,
[1758212974157455499],7.7,-4.085,3.689,,,
[1758212974162686384],8.686,-4.02,3.826,,,
[1758212974167903728],8.806,-4.369,4.614,,,
[1758212974173026801],9.328,-4.578,4.798,,,
[1758212974178131176],9.254,-4.793,4.951,,,
[1758212974183264613],10.487,-4.623,4.401,,,
[1758212974188771384],10.898,-5.272,4.829,,,
[1758212974193926749],10.815,-5.337,3.749,,,
[1758212974199047009],11.717,-5.748,3.388,,,
[1758212974204268467],11.751,-5.674,2.464,,,
[1758212974209387738],11.961,-5.997,1.99,,,
[1758212974214522165],11.53,-5.816,1.19,,,
[1758212974219644613],12.713,-6.153,0.816,,,
[1758212974224803467],10.946,-5.409,0.8,,,
[1758212974230255655],11.751,-5.301,0.481,,,
[1758212974235488415],9.814,-4.798,0.18,,,
[1758212974240593936],10.511,-4.798,-0.476,,,
[1758212974245720134],8.849,-4.25,-0.769,,,
[1758212974250826540],9.668,-4.353,-1.01,,,
[1758212974256003467],7.7,-3.869,-0.816,,,
[1758212974261130863],8.794,-3.847,-0.139,,,
[1758212974266285290],6.876,-3.57,0.06,,,
[1758212974271405030],7.896,-3.108,0.479,,,
[1758212974276619249],6.412,-2.89,1.583,,,
[1758212974281715863],7.501,-3.002,1.856,,,
[1758212974286845967],6.172,-3.007,2.009,,,
[1758212974291946072],7.41,-3.01,2.727,,,
[1758212974297453832],6.333,-3.359,3.61,,,
[1758212974302677217],7.693,-3.606,4.037,,,
[1758212974307771592],8.26,-4.281,3.977,,,
[1758212974312953363],8.985,-4.178,3.883,,,
[1758212974318058311],8.942,-4.448,4.793,,,
[1758212974323132061],9.651,-4.199,5.205,,,
[1758212974328220863],9.828,-4.76,4.779,,,
[1758212974333394301],10.539,-4.906,4.326,,,
[1758212974338863467],11.054,-5.339,4.367,,,
[1758212974344102269],11.004,-5.243,3.191,,,
[1758212974351095238],12.23,-5.964,2.701,,,
[1758212974356642269],10.961,-5.957,2.076,,,
[1758212974361767894],12.72,-6.009,1.252,,,
[1758212974366873988],11.698,-5.794,1.31,,,
[1758212974371982842],12.258,-5.509,1.293,,,
[1758212974377166488],10.681,-5.262,0.692,,,
[1758212974382414197],10.769,-4.824,0.441,,,
[1758212974387528467],9.51,-4.647,-0.129,,,
[1758212974392720290],10.151,-4.262,-0.584,,,
[1758212974397883728],8.796,-4.463,-0.67,,,
[1758212974403401749],8.751,-3.9,-1.135,,,
[1758212974408540707],8.2,-3.869,-0.16,,,
[1758212974413705290],7.896,-3.424,0.01,,,
[1758212974418846540],6.996,-3.4,0.67,,,
[1758212974424057738],6.718,-3.103,1.245,,,
[1758212974429180967],7.144,-3.077,1.87,,,
[1758212974434313311],6.141,-2.746,2.267,,,
[1758212974439418624],7.199,-3.122,3.043,,,
[1758212974444728936],6.371,-3.208,3.268,,,
[1758212974449870655],7.829,-3.788,3.974,,,
[1758212974456222947],7.599,-4.089,3.711,,,
[1758212974461438988],9.242,-4.463,4.539,,,
[1758212974466574353],8.152,-4.202,4.592,,,
[1758212974471668884],10.113,-4.693,4.891,,,
[1758212974476784717],9.072,-4.863,4.887,,,
[1758212974481873676],10.982,-5.195,4.642,,,
[1758212974487006905],9.955,-5.215,4.245,,,
[1758212974492201332],11.636,-5.315,3.575,,,
[1758212974497385342],11.246,-5.684,3.151,,,
[1758212974502738519],12.239,-5.94,2.717,,,
[1758212974507917321],11.519,-5.964,2.442,,,
[1758212974513479978],11.973,-5.808,1.446,,,
[1758212974518615603],11.724,-5.835,0.816,,,
[1758212974523748936],11.083,-5.25,0.101,,,
[1758212974528877061],10.829,-5.152,0.407,,,
[1758212974534017634],10.29,-4.695,-0.606,,,
[1758212974539132061],10.111,-4.63,-0.35,,,
[1758212974544223728],9.469,-4.278,-0.812,,,
[1758212974549355707],9.555,-4.393,-0.764,,,
[1758212974555986124],7.626,-3.852,-0.584,,,
[1758212974561425394],8.459,-3.685,-0.014,,,
[1758212974566597894],6.728,-3.278,0.807,,,
[1758212974571703832],7.772,-3.146,1.314,,,
[1758212974576836488],6.129,-2.974,2.045,,,
[1758212974581934665],7.137,-3.194,2.212,,,
[1758212974587039926],6.065,-2.861,2.971,,,
[1758212974592162582],7.42,-3.16,3.086,,,
[1758212974597299196],6.732,-3.594,3.56,,,
[1758212974602788988],8.703,-3.876,3.792,,,
[1758212974607994665],8.267,-4.204,4.446,,,
[1758212974613210759],8.926,-4.216,4.005,,,
[1758212974619562374],9.864,-4.803,5.344,,,
[1758212974625890603],8.916,-4.772,5.023,,,
[1758212974631123676],10.932,-5.341,4.013,,,
[1758212974636281957],9.886,-5.102,4.049,,,
[1758212974641375082],12.002,-5.567,3.208,,,
[1758212974646541071],10.733,-5.732,3.024,,,
[1758212974651684821],12.536,-5.974,2.205,,,
[1758212974656898467],11.435,-5.739,1.654,,,
[1758212974662833259],12.222,-5.811,0.821,,,
[1758212974668038624],11.384,-5.737,1.326,,,
[1758212974673288936],11.349,-5.162,0.522,,,
[1758212974678423259],10.41,-4.994,-0.417,,,
[1758212974683568467],10.154,-4.501,-0.429,,,
[1758212974688686957],10.185,-4.752,0.019,,,
[1758212974693816801],9.294,-4.319,-0.651,,,
[1758212974698941696],9.081,-3.998,-0.919,,,
[1758212974704168780],8.162,-3.663,-0.886,,,
[1758212974709308051],8.406,-3.745,0.563,,,
[1758212974714524613],7.269,-3.189,0.611,,,
[1758212974719651644],7.456,-3.177,1.085,,,
[1758212974726309353],5.933,-2.962,1.626,,,
[1758212974731572686],7.195,-2.84,2.014,,,
[1758212974736721123],5.93,-2.813,3.074,,,
[1758212974741820707],7.357,-3.201,3.045,,,
[1758212974747006488],6.85,-3.421,3.266,,,
[1758212974752171071],8.775,-3.996,4.053,,,
[1758212974757363832],8.059,-4.231,4.776,,,
[1758212974762555707],9.407,-4.374,4.53,,,
[1758212974769731853],9.797,-4.918,5.284,,,
[1758212974776007582],9.079,-4.796,4.132,,,
[1758212974781222113],11.303,-5.346,3.893,,,
[1758212974786375030],10.209,-5.37,3.826,,,
[1758212974791477269],11.832,-5.679,3.522,,,
[1758212974796591696],11.183,-5.804,2.531,,,
[1758212974801673832],12.807,-6.038,2.136,,,
[1758212974806859613],11.315,-5.839,1.796,,,
[1758212974811969248],12.519,-5.904,1.24,,,
[1758212974817125551],11.315,-5.578,0.855,,,
[1758212974822292686],11.696,-5.253,0.508,,,
[1758212974827424509],10.072,-4.949,0.445,,,
[1758212974834057373],9.527,-4.599,-0.558,,,
[1758212974839295290],9.778,-4.484,-0.558,,,
[1758212974844447061],8.863,-4.135,-0.893,,,
[1758212974849581332],9.16,-4.137,-0.261,,,
[1758212974854764561],7.922,-3.627,0.096,,,
[1758212974859860394],8.258,-3.61,0.371,,,
[1758212974864965446],6.981,-3.402,0.888,,,
[1758212974870070186],7.324,-3.27,1.58,,,
[1758212974875540655],5.99,-2.952,2.004,,,
[1758212974880750082],7.494,-3.16,2.653,,,
[1758212974885867998],6.263,-2.926,2.873,,,
[1758212974890968936],7.8,-3.285,2.895,,,
[1758212974896091696],6.778,-3.697,3.541,,,
[1758212974901192426],8.854,-4.3,4.144,,,
[1758212974906381332],7.822,-4.386,3.998,,,
[1758212974911492478],9.699,-4.472,4.161,,,
[1758212974916642998],8.495,-4.468,5.037,,,
[1758212974921809978],10.398,-5.013,5.394,,,
[1758212974927012269],9.402,-5.03,4.626,,,
[1758212974932175342],11.631,-5.224,3.831,,,
[1758212974937329561],10.855,-5.444,4.228,,,
[1758212974942976019],11.818,-5.732,3.598,,,
[1758212974948099040],11.327,-5.94,2.375,,,
[1758212974953291071],12.005,-5.756,1.547,,,
[1758212974958383415],11.969,-5.997,1.798,,,
[1758212974963533936],11.858,-5.665,0.893,,,
[1758212974968642061],11.605,-5.6,0.498,,,
[1758212974973738519],10.563,-4.736,0.156,,,
[1758212974978852842],10.187,-4.7,0.314,,,
[1758212974984569196],9.323,-4.434,-0.764,,,
[1758212974989816228],9.723,-4.597,-0.97,,,
[1758212974994916175],8.456,-4.192,-0.74,,,
[1758212975000017894],9.029,-4.073,-0.23,,,
[1758212975005219248],7.403,-3.618,0.211,,,
[1758212975010347790],8.401,-3.551,0.582,,,
[1758212975015441071],6.577,-3.184,1.199,,,
[1758212975020532686],7.448,-3.117,1.69,,,
[1758212975025693415],5.849,-2.816,1.987,,,
[1758212975030804353],7.439,-3.11,2.667,,,
[1758212975035991644],6.115,-3.019,3.194,,,
[1758212975041095863],7.934,-3.615,3.361,,,
[1758212975046235863],6.914,-3.711,3.601,,,
[1758212975051745915],9.213,-4.401,4.049,,,
[1758212975056905967],8.339,-4.216,4.47,,,
[1758212975062001332],9.955,-4.384,4.707,,,
[1758212975067151071],8.997,-4.472,4.496,,,
[1758212975072298780],10.659,-4.992,4.448,,,
[1758212975077423988],9.685,-5.198,4.338,,,
[1758212975082668936],11.095,-5.262,4.156,,,
[1758212975087795082],11.095,-5.727,4.175,,,
[1758212975093346228],11.88,-5.677,2.744,,,
[1758212975098584925],11.595,-5.997,2.176,,,
[1758212975103767321],12.091,-5.732,2.119,,,
[1758212975108861488],12.194,-5.993,1.47,,,
[1758212975114030915],11.748,-5.365,0.115,,,
[1758212975119157582],11.384,-5.509,0.642,,,
[1758212975124297842],10.211,-4.626,0.235,,,
[1758212975129441227],10.3,-4.805,-0.508,,,
[1758212975134598415],9.687,-4.501,-0.855,,,
[1758212975139815238],9.852,-4.403,-0.625,,,
[1758212975145036696],8.305,-4.104,-0.527,,,
[1758212975150205498],8.947,-4.08,0.227,,,
[1758212975155413884],7.259,-3.409,0.074,,,
[1758212975160944405],8.092,-3.443,0.469,,,
[1758212975166082946],6.359,-3.175,1.451,,,
[1758212975171224300],7.264,-3.079,1.856,,,
[1758212975176361696],5.782,-2.859,2.241,,,
[1758212975181543155],7.47,-3.201,2.844,,,
[1758212975186686123],5.792,-3.163,3.069,,,
[1758212975191773780],8.083,-3.622,3.587,,,
[1758212975196920550],7.647,-3.931,4.278,,,
[1758212975204464977],8.581,-4.089,4.159,,,
[1758212975209788519],9.455,-4.652,4.891,,,
[1758212975215022165],8.928,-4.52,4.755,,,
[1758212975220123050],10.506,-4.906,4.911,,,
[1758212975225252842],9.694,-4.851,4.386,,,
[1758212975230357165],11.202,-5.437,4.046,,,
[1758212975235456852],10.63,-5.406,3.522,,,
[1758212975240545863],12.414,-5.899,3.22,,,
[1758212975245756905],11.317,-5.909,2.409,,,
[1758212975250884092],12.486,-5.988,1.81,,,
[1758212975256120915],11.447,-5.801,1.245,,,
[1758212975261233832],12.591,-5.954,0.797,,,
[1758212975266722790],10.645,-5.143,0.883,,,
[1758212975271836905],11.396,-4.978,0.536,,,
[1758212975276931175],9.431,-4.618,-0.043,,,
[1758212975282025863],10.621,-4.458,-0.072,,,
[1758212975287241957],8.82,-4.214,-0.441,,,
[1758212975292472582],9.122,-4.197,-0.769,,,
[1758212975297642738],7.798,-3.725,-0.208,,,
[1758212975304080655],7.987,-3.448,-0.16,,,
[1758212975309333780],7.582,-3.46,0.63,,,
[1758212975314756123],6.606,-3.093,1.721,,,
[1758212975319858780],7.219,-3.354,2.181,,,
[1758212975324992373],6.199,-2.789,2.433,,,
[1758212975330084144],7.276,-3.316,3.213,,,
[1758212975335206748],6.218,-3.057,3.584,,,
[1758212975340303571],8.092,-3.838,3.292,,,
[1758212975345548467],7.391,-3.912,3.481,,,
[1758212975350810134],9.246,-4.369,4.729,,,
[1758212975355994925],8.08,-4.415,4.527,,,
[1758212975361122269],10.027,-4.633,4.393,,,
[1758212975366291384],9.189,-4.767,4.657,,,
[1758212975371686279],10.846,-4.932,4.527,,,
[1758212975376845394],9.773,-5.191,4.092,,,
[1758212975385266800],10.829,-5.545,3.431,,,
[1758212975390519248],12.55,-6.108,2.799,,,
[1758212975395655342],11.37,-5.899,2.466,,,
[1758212975400782946],12.972,-5.916,2.143,,,
[1758212975406045134],11.308,-5.696,1.501,,,
[1758212975411136175],12.45,-5.538,0.716,,,
[1758212975416241488],10.264,-5.231,0.223,,,
[1758212975422038884],10.961,-4.899,0.33,,,
[1758212975427989717],9.632,-4.738,-0.141,,,
[1758212975433219040],9.998,-4.202,-0.235,,,
[1758212975438320238],8.681,-4.393,-0.412,,,
[1758212975443476748],8.729,-3.852,-0.903,,,
[1758212975448651071],8.145,-3.721,0.232,,,
[1758212975453859248],7.523,-3.136,0.201,,,
[1758212975458975134],7.216,-3.395,0.687,,,
[1758212975464164717],6.879,-3.105,1.393,,,
[1758212975469282217],6.776,-3.304,2.121,,,
[1758212975474495290],6.531,-2.866,2.337,,,
[1758212975480139769],7.096,-3.069,3.297,,,
[1758212975485285342],6.51,-3.338,3.179,,,
[1758212975490411957],8.229,-3.91,3.606,,,
[1758212975495528415],7.784,-4.118,4.171,,,
[1758212975500635342],9.285,-4.468,4.831,,,
[1758212975505861540],8.138,-4.233,4.676,,,
[1758212975511019769],10.206,-4.7,4.767,,,
[1758212975516198363],9.096,-4.712,4.64,,,
[1758212975521349300],10.803,-5.334,4.372,,,
[1758212975526616540],9.802,-5.057,3.783,,,
[1758212975533162321],11.521,-5.638,3.534,,,
[1758212975538390915],11.193,-5.679,2.734,,,
[1758212975543516957],12.191,-5.739,2.282,,,
[1758212975548686279],11.918,-6.108,1.805,,,
[1758212975553914925],12.143,-5.583,1.171,,,
[1758212975559028988],11.937,-5.904,0.704,,,
[1758212975564130290],11.037,-5.121,0.081,,,
[1758212975569252217],10.702,-4.946,-0.084,,,
[1758212975574483363],9.747,-4.532,0.026,,,
[1758212975579749509],10.063,-4.621,-0.048,,,
[1758212975585287581],8.619,-4.003,-0.601,,,
[1758212975590524248],9.536,-4.264,-0.136,,,
[1758212975595670134],7.896,-3.685,-0.503,,,
[1758212975600820029],8.454,-3.661,-0.041,,,
[1758212975606022842],6.551,-3.529,0.479,,,
[1758212975611157998],7.673,-3.464,1.781,,,
[1758212975616257269],6.014,-2.883,1.714,,,
[1758212975621354300],7.645,-3.057,2.124,,,
[1758212975626571175],5.947,-3.148,3.072,,,
[1758212975631682842],7.365,-3.261,3.158,,,
[1758212975636910446],6.606,-3.512,3.527,,,
[1758212975642985081],8.432,-3.967,3.584,,,
[1758212975648159873],8.229,-4.221,4.056,,,
[1758212975653350394],9.029,-4.436,4.712,,,
[1758212975658444717],9.29,-4.597,4.903,,,
[1758212975663600811],9.859,-4.609,4.142,,,
[1758212975668712790],10.221,-4.944,3.953,,,
[1758212975673879352],11.021,-5.155,3.924,,,
[1758212975679043519],10.901,-5.669,3.752,,,
[1758212975684316748],11.174,-5.576,2.473,,,
[1758212975689472894],12.237,-6.045,2.835,,,
[1758212975694898571],11.722,-5.768,1.659,,,
[1758212975700052113],12.553,-6.026,1.614,,,
[1758212975705255134],11.224,-5.794,1.204,,,
[1758212975710415759],12.028,-5.523,1.166,,,
[1758212975715580342],10.388,-4.836,0.668,,,
[1758212975720695186],11.145,-4.913,0.165,,,
[1758212975725866540],9.45,-4.568,-0.503,,,
[1758212975731115394],10.386,-4.494,-0.426,,,
[1758212975736217165],8.143,-4.269,-0.438,,,
[1758212975741315863],9.333,-4.216,-0.67,,,
[1758212975746563415],7.331,-3.589,-0.412,,,
[1758212975751997686],8.229,-3.378,0.297,,,
[1758212975757199561],6.366,-3.077,1.152,,,
[1758212975762457581],7.46,-3.048,1.439,,,
[1758212975767672529],6.108,-3.134,1.908,,,
[1758212975773000706],7.24,-2.947,2.466,,,
[1758212975778120759],6.048,-3.227,3.39,,,
[1758212975783278675],7.726,-3.409,3.582,,,
[1758212975788381331],7.951,-3.953,3.881,,,
[1758212975793499300],8.485,-3.886,3.627,,,
[1758212975798708102],8.59,-4.319,4.592,,,
[1758212975804251175],9.498,-4.324,4.451,,,
[1758212975809439300],9.859,-4.685,4.659,,,
[1758212975814700342],9.653,-4.812,4.089,,,
[1758212975819852373],11.164,-5.265,4.446,,,
[1758212975825003571],10.561,-5.061,4.475,,,
[1758212975830123936],11.636,-5.626,3.543,,,
[1758212975835251019],11.305,-5.851,2.466,,,
[1758212975840344508],12.184,-5.997,2.1,,,
[1758212975845511436],11.332,-5.727,1.618,,,
[1758212975850686331],12.847,-6.026,1.197,,,
[1758212975856031383],11.155,-5.543,0.524,,,
[1758212975861532425],11.76,-5.26,0.306,,,
[1758212975866658988],9.629,-4.58,0.668,,,
[1758212975871754144],10.582,-4.463,-0.215,,,
[1758212975876892061],9.038,-4.329,-0.22,,,
[1758212975881997738],9.869,-4.578,-0.517,,,
[1758212975887160446],8.045,-4.132,-0.342,,,
[1758212975892357842],9.337,-3.661,-0.294,,,
[1758212975897579300],7.441,-3.539,-0.113,,,
[1758212975905541852],7.379,-3.05,0.46,,,
[1758212975910885654],7.673,-3.256,1.889,,,
[1758212975916123623],5.899,-3.067,2.409,,,
[1758212975921243050],7.264,-3.321,2.655,,,
[1758212975926367581],6.203,-3.182,3.179,,,
[1758212975931466436],8.219,-3.517,3.132,,,
[1758212975936593675],6.979,-3.819,3.766,,,
[1758212975941694873],9.148,-4.3,3.754,,,
[1758212975946825758],8.018,-4.156,3.984,,,
[1758212975951969404],9.768,-4.429,3.922,,,
[1758212975957226227],8.823,-4.671,4.604,,,
[1758212975962364769],10.539,-5.037,4.76,,,
[1758212975968828936],10.726,-5.334,4.18,,,
[1758212975974032998],10.807,-5.282,3.677,,,
[1758212975979137633],11.741,-5.684,3.766,,,
[1758212975984283623],11.626,-5.442,2.725,,,
[1758212975989398258],12.062,-6.053,2.332,,,
[1758212975994509821],12.088,-5.772,1.53,,,
[1758212975999613102],12.263,-6.036,1.985,,,
[1758212976004844456],11.509,-5.492,1.257,,,
[1758212976009965550],11.641,-5.401,0.972,,,
[1758212976015154821],10.013,-4.776,-0.077,,,
[1758212976020719196],10.609,-4.798,0.098,,,
[1758212976025884560],8.983,-4.46,-0.311,,,
[1758212976030980394],9.902,-4.413,-0.848,,,
[1758212976036088310],7.913,-4.029,-0.587,,,
[1758212976041214821],9.036,-3.838,-0.153,,,
[1758212976046341956],6.874,-3.498,0.172,,,
[1758212976051487529],8.119,-3.46,0.316,,,
[1758212976056745133],6.182,-3.201,0.979,,,
[1758212976061938519],7.609,-2.976,1.863,,,
[1758212976067232738],5.945,-2.959,2.521,,,
[1758212976072389873],7.341,-3.134,2.713,,,
[1758212976078032373],6.323,-3.4,3.27,,,
[1758212976083193935],7.764,-3.515,3.575,,,
[1758212976088304092],8.064,-4.116,3.792,,,
[1758212976093426800],8.868,-4.269,4.168,,,
[1758212976098534196],8.66,-4.298,4.515,,,
[1758212976103713363],9.471,-4.432,4.132,,,
[1758212976108814613],9.44,-4.721,4.779,,,
[1758212976113955758],10.242,-4.987,4.506,,,
[1758212976119116175],10.348,-5.339,4.453,,,
[1758212976124356279],10.903,-5.313,3.982,,,
[1758212976129785550],11.832,-5.883,3.472,,,
[1758212976134937790],11.279,-5.732,2.48,,,
[1758212976140037113],12.306,-5.997,1.666,,,
[1758212976145153675],11.672,-5.866,1.073,,,
[1758212976150277946],12.5,-5.878,1.575,,,
[1758212976155515081],10.915,-5.361,0.73,,,
[1758212976160675550],11.617,-5.08,0.874,,,
[1758212976165946592],9.646,-4.673,0.11,,,
[1758212976173542425],9.938,-4.365,-0.524,,,
[1758212976178693310],8.988,-4.384,-0.091,,,
[1758212976185009456],8.222,-3.943,0.017,,,
[1758212976191512269],8.837,-3.735,-0.247,,,
[1758212976196779040],6.773,-3.393,0.132,,,
[1758212976201889977],8.064,-3.235,0.781,,,
[1758212976207069092],5.997,-3.156,1.264,,,
[1758212976212214613],7.345,-2.816,2.047,,,
[1758212976217353571],5.693,-3.127,2.701,,,
[1758212976222507165],7.12,-3.153,2.84,,,
[1758212976227622269],6.653,-3.438,3.563,,,
[1758212976232803102],8.514,-3.778,3.642,,,
[1758212976239409925],8.365,-4.235,4.46,,,
[1758212976244654717],8.593,-4.202,4.417,,,
[1758212976249779925],9.594,-4.896,4.829,,,
[1758212976254997529],9.062,-4.571,4.621,,,
[1758212976260084873],10.453,-4.915,4.417,,,
[1758212976265195498],10.089,-5.097,4.192,,,
[1758212976270320810],11.078,-5.425,4.137,,,
[1758212976275466279],10.76,-5.674,3.503,,,
[1758212976280587633],12.189,-5.911,2.993,,,
[1758212976285794248],11.066,-5.729,2.215,,,
[1758212976290917008],12.89,-5.983,2.107,,,
[1758212976296582842],11.382,-5.765,1.561,,,
[1758212976301708258],12.476,-5.681,0.943,,,
[1758212976306891540],10.546,-5.198,0.031,,,
[1758212976311995446],11.071,-4.817,-0.306,,,
[1758212976317140290],9.464,-4.499,-0.098,,,
[1758212976322328935],10.297,-4.592,-0.297,,,
[1758212976327459769],8.566,-4.216,-0.584,,,
[1758212976332723779],9.517,-3.912,-0.206,,,
[1758212976337981019],7.743,-3.8,-0.261,,,
[1758212976343499925],8.212,-3.531,0.038,,,
[1758212976348685498],7.027,-3.326,1.307,,,
[1758212976353931175],7.096,-2.938,1.276,,,
[1758212976359051592],6.879,-2.926,1.927,,,
[1758212976364181904],6.615,-2.887,2.136,,,
[1758212976369277581],6.826,-3.086,2.825,,,
[1758212976374365394],6.862,-3.06,2.813,,,
[1758212976379454821],7.599,-3.551,3.421,,,
[1758212976384605081],8.25,-3.912,3.472,,,
[1758212976389810706],8.811,-4.525,4.441,,,
[1758212976394938831],8.363,-4.223,4.372,,,
[1758212976400037008],10.166,-4.652,4.817,,,
[1758212976405539717],9.292,-4.451,5.109,,,
[1758212976410651540],10.681,-5.088,4.81,,,
[1758212976415774717],10.12,-5.083,4.113,,,
[1758212976420879404],11.358,-5.466,3.354,,,
[1758212976426020810],10.882,-5.784,2.878,,,
[1758212976431122894],12.462,-6.021,2.981,,,
[1758212976436226227],11.155,-5.964,2.538,,,
[1758212976441308623],12.799,-5.964,2.047,,,
[1758212976446476175],11.183,-5.717,1.525,,,
[1758212976452322581],12.064,-5.547,0.757,,,
[1758212976458383258],10.226,-5.064,0.862,,,
[1758212976463662373],10.331,-4.69,-0.251,,,
[1758212976468785133],9.637,-4.583,0.024,,,
[1758212976473916435],9.682,-4.192,-0.4,,,
[1758212976479022685],8.744,-4.439,-0.484,,,
[1758212976484142060],8.191,-3.84,-0.814,,,
[1758212976489261852],8.135,-3.8,-0.012,,,
[1758212976494397737],7.202,-3.285,0.048,,,
[1758212976499534456],7.338,-3.445,1.578,,,
[1758212976504792633],6.651,-3.024,1.573,,,
[1758212976509907894],6.898,-3.172,2.011,,,
[1758212976515406175],6.167,-2.787,3.024,,,
[1758212976520529144],7.35,-3.148,3.239,,,
[1758212976525639873],6.78,-3.393,3.134,,,
[1758212976530755498],8.581,-4.02,3.685,,,
[1758212976535875342],7.887,-4.106,3.809,,,
[1758212976540976383],9.495,-4.305,4.396,,,
[1758212976546094508],8.571,-4.578,4.604,,,
[1758212976551228258],10.034,-4.635,4.585,,,
[1758212976556512321],9.457,-4.86,4.752,,,
[1758212976562258206],11.164,-5.013,4.243,,,
[1758212976567384508],10.262,-5.435,4.075,,,
[1758212976572556227],11.741,-5.488,2.988,,,
[1758212976577677269],11.066,-5.806,2.945,,,
[1758212976582830862],12.716,-5.947,2.701,,,
[1758212976587937894],11.389,-5.885,1.384,,,
[1758212976593071904],12.644,-5.847,1.585,,,
[1758212976598165550],11.346,-5.816,1.334,,,
[1758212976603391644],11.691,-5.162,0.395,,,
[1758212976608631331],10.582,-4.834,0.16,,,
[1758212976613787633],10.305,-4.508,-0.182,,,
[1758212976618910914],9.728,-4.599,-0.625,,,
[1758212976624355133],9.491,-4.106,-0.388,,,
[1758212976629492112],9.12,-4.199,-0.405,,,
[1758212976634587737],7.987,-3.807,-0.651,,,
[1758212976639727425],8.047,-3.577,0.201,,,
[1758212976644908831],7.022,-2.916,0.285,,,
[1758212976650134769],7.422,-3.407,1.226,,,
[1758212976655352998],6.541,-3.021,1.607,,,
[1758212976660461383],7.12,-3.115,2.48,,,
[1758212976665589144],5.72,-2.801,2.816,,,
[1758212976671024144],7.491,-3.345,3.196,,,
[1758212976676152477],6.737,-3.625,3.476,,,
[1758212976681256331],8.844,-4.075,3.589,,,
[1758212976686437321],7.831,-4.147,4.204,,,
[1758212976691635914],9.658,-4.64,4.46,,,
[1758212976696736331],8.617,-4.429,4.453,,,
[1758212976701851748],10.477,-4.882,4.848,,,
[1758212976707058258],9.342,-5.013,4.92,,,
[1758212976712186123],11.281,-5.138,4.053,,,
[1758212976717304769],10.309,-5.243,4.032,,,
[1758212976723630862],11.758,-5.507,2.919,,,
[1758212976729701227],11.847,-6.048,2.028,,,
[1758212976735583050],11.734,-5.816,1.808,,,
[1758212976740796435],12.754,-6.062,1.413,,,
[1758212976745912164],11.2,-5.631,1.022,,,
[1758212976751043258],12.218,-5.511,1.001,,,
[1758212976756250341],9.84,-4.781,0.515,,,
[1758212976761351904],11.03,-4.896,-0.275,,,
[1758212976766454821],9.299,-4.503,-0.232,,,
[1758212976771617477],10.051,-4.47,-0.481,,,
[1758212976777114873],8.15,-3.879,-0.769,,,
[1758212976782421435],8.93,-3.903,-0.706,,,
[1758212976787556644],7.07,-3.56,0.062,,,
[1758212976792735602],8.114,-3.177,0.364,,,
[1758212976797865446],6.448,-3.021,1.202,,,
[1758212976803049769],7.144,-2.737,1.59,,,
[1758212976808163571],6.093,-3.026,1.899,,,
[1758212976813301644],6.886,-3.112,2.579,,,
[1758212976818422477],6.563,-3.191,3.031,,,
[1758212976823640602],7.544,-3.591,3.328,,,
[1758212976828747112],7.532,-4.02,3.735,,,
[1758212976833877841],8.744,-4.104,4.001,,,
[1758212976838980185],8.284,-4.377,4.808,,,
[1758212976844283935],9.167,-4.319,4.908,,,
[1758212976849710341],9.799,-4.688,5.219,,,
[1758212976854932112],9.886,-4.884,4.662,,,
[1758212976860051175],10.982,-5.483,4.717,,,
[1758212976865207008],10.262,-5.265,3.929,,,
[1758212976870325862],11.882,-5.952,2.761,,,
[1758212976875433258],11.406,-5.923,2.344,,,
[1758212976880510550],12.445,-6.155,2.456,,,
[1758212976885814300],11.873,-5.746,1.686,,,
[1758212976891023102],12.558,-6.014,1.307,,,
[1758212976896144508],10.81,-5.528,1.214,,,
[1758212976901256018],11.6,-5.392,0.831,,,
[1758212976906449768],9.67,-4.609,0.206,,,
[1758212976913894091],10.017,-4.575,-0.175,,,
[1758212976919039143],9.313,-4.597,-0.28,,,
[1758212976924197529],9.088,-4.046,-0.565,,,
[1758212976929402008],8.775,-4.046,-0.565,,,
[1758212976934577581],7.877,-3.385,-0.189,,,
[1758212976939727737],7.549,-3.608,0.534,,,
[1758212976944894612],6.78,-2.947,0.512,,,
[1758212976950079352],7.08,-3.139,1.736,,,
[1758212976955570914],5.775,-2.83,2.255,,,
[1758212976960700862],6.965,-2.959,2.813,,,
[1758212976965873310],5.997,-3.105,2.859,,,
[1758212976971000081],7.664,-3.656,3.591,,,
[1758212976976251904],7.149,-3.74,4.096,,,
[1758212976981343727],9.002,-4.278,3.843,,,
[1758212976986446487],8.068,-4.245,3.788,,,
[1758212976993863831],9.404,-4.305,4.573,,,
[1758212976999153987],9.603,-4.81,4.638,,,
[1758212977004341071],10.211,-4.808,4.745,,,
[1758212977009445654],10.463,-5.308,4.956,,,
[1758212977014574925],10.678,-5.267,3.615,,,
[1758212977019737529],11.617,-5.854,2.89,,,
[1758212977024886435],11.224,-5.818,2.519,,,
[1758212977030009352],12.16,-5.942,2.581,,,
[1758212977035157737],11.677,-5.753,1.355,,,
[1758212977040266279],12.359,-6.076,0.898,,,
[1758212977045398206],11.277,-5.363,0.627,,,
[1758212977050505810],11.483,-5.351,0.697,,,
[1758212977055708935],9.598,-4.779,0.292,,,
[1758212977061222685],10.793,-4.568,-0.589,,,
[1758212977066397998],9.088,-4.353,-0.567,,,
[1758212977071551435],9.895,-4.365,-0.515,,,
[1758212977076694768],7.63,-3.864,-0.917,,,
[1758212977081804352],8.77,-3.788,-0.342,,,
[1758212977086930654],6.941,-3.519,0.534,,,
[1758212977092015237],7.93,-3.261,1.171,,,
[1758212977097139664],6.227,-3.093,1.446,,,
[1758212977103828050],6.802,-2.931,1.702,,,
[1758212977109122477],6.8,-3.093,2.818,,,
[1758212977114255393],6.744,-2.825,3.417,,,
[1758212977119365133],7.171,-3.464,3.335,,,
[1758212977124511487],7.796,-3.472,3.136,,,
[1758212977129615289],8.576,-4.293,4.3,,,
[1758212977134730498],8.794,-4.19,4.518,,,
[1758212977139833154],9.459,-4.594,4.882,,,
[1758212977144990445],8.985,-4.489,4.329,,,
[1758212977150205393],10.388,-4.999,4.544,,,
[1758212977155413258],10.197,-4.987,4.618,,,
[1758212977160539404],11.332,-5.303,4.214,,,
[1758212977165701383],11.03,-5.538,2.981,,,
[1758212977171225602],12.486,-5.863,3.218,,,
[1758212977176384039],11.145,-5.715,2.933,,,
[1758212977181538206],12.78,-5.837,1.611,,,
[1758212977186660393],11.202,-5.677,1.046,,,
[1758212977191787737],12.347,-5.54,1.199,,,
[1758212977196980758],10.523,-5.27,0.673,,,
[1758212977202099820],11.111,-4.915,-0.077,,,
[1758212977207397737],9.493,-4.642,-0.393,,,
[1758212977213087737],10.101,-4.508,-0.309,,,
[1758212977218279352],8.739,-4.324,-0.522,,,
[1758212977223478102],8.902,-4.082,-0.706,,,
[1758212977228596852],8.064,-3.761,-0.402,,,
[1758212977233735133],8.37,-3.517,-0.275,,,
[1758212977238841904],6.768,-3.349,0.886,,,
[1758212977243974143],7.309,-3.16,1.726,,,
[1758212977249132633],6.385,-3.127,1.863,,,
[1758212977254438987],6.663,-2.72,2.205,,,
[1758212977259644352],6.788,-2.808,2.614,,,
[1758212977264750133],6.591,-2.914,3.414,,,
[1758212977269845029],7.4,-3.46,3.601,,,
[1758212977274974456],7.87,-3.843,3.644,,,
[1758212977280195185],9.337,-4.403,4.585,,,
[1758212977285326227],8.322,-4.125,4.865,,,
[1758212977290434768],9.831,-4.52,4.827,,,
[1758212977295589560],9.21,-4.7,4.659,,,
[1758212977300706018],10.848,-5.167,5.064,,,
[1758212977305905081],9.914,-5.2,4.175,,,
[1758212977311001695],11.72,-5.43,3.606,,,
[1758212977316109925],10.985,-5.574,2.916,,,
[1758212977321346591],12.385,-5.923,2.966,,,
[1758212977326465133],11.145,-5.892,2.523,,,
[1758212977331580550],12.783,-6.194,1.851,,,
[1758212977336694247],11.337,-5.804,1.288,,,
[1758212977341806695],12.435,-5.806,0.644,,,
[1758212977346917997],10.348,-5.157,0.445,,,
[1758212977352088779],10.992,-4.798,-0.448,,,
[1758212977357296747],8.966,-4.508,-0.622,,,
[1758212977362490862],10.276,-4.465,-0.582,,,
[1758212977367621122],8.566,-4.099,-0.23,,,
[1758212977372798102],9.103,-4.135,-0.51,,,
[1758212977377923779],7.908,-3.905,-0.079,,,
[1758212977383051122],8.416,-3.385,0.694,,,
[1758212977388579872],7.072,-3.259,1.31,,,
[1758212977393727320],7.159,-3.215,1.03,,,
[1758212977398849039],6.462,-3.208,1.568,,,
[1758212977404043206],6.74,-2.799,2.581,,,
[1758212977409162372],6.675,-2.78,2.612,,,
[1758212977414284091],6.764,-3.156,2.66,,,
[1758212977419396331],7.29,-4.08,3.517,,,
[1758212977424546435],8.602,-4.147,4.092,,,
[1758212977429975289],9.026,-4.393,4.436,,,
[1758212977435210133],8.607,-4.286,4.551,,,
[1758212977440334820],9.843,-4.808,5.353,,,
[1758212977445470550],9.452,-4.769,5.425,,,
[1758212977450586643],10.769,-5.011,4.69,,,
[1758212977455800341],10.01,-5.145,4.005,,,
[1758212977460923050],11.93,-5.662,4.01,,,
[1758212977466080289],10.793,-5.796,3.206,,,
[1758212977471310966],12.493,-5.684,2.169,,,
[1758212977476550497],11.334,-5.871,1.968,,,
[1758212977481681800],12.704,-5.962,1.875,,,
[1758212977486811122],11.032,-5.801,1.554,,,
[1758212977491928831],12.107,-5.406,0.879,,,
[1758212977497536904],9.996,-4.755,0.362,,,
[1758212977502818258],10.566,-4.786,0.266,,,
[1758212977507962581],9.246,-4.673,-0.376,,,
[1758212977513098258],9.828,-4.587,-0.141,,,
[1758212977518209508],8.442,-3.991,-0.589,,,
[1758212977523331383],8.993,-3.709,-0.728,,,
[1758212977528445758],7.513,-3.409,0.354,,,
[1758212977533604143],7.93,-3.395,0.694,,,
[1758212977538944560],6.991,-3.263,1.097,,,
[1758212977544145810],7.017,-3.01,1.585,,,
[1758212977549270237],6.768,-3.012,2.143,,,
[1758212977554509195],6.653,-2.82,2.306,,,
[1758212977559641643],6.756,-3.292,3.575,,,
[1758212977564763049],7.197,-3.326,3.251,,,
[1758212977593155758],9.936,-4.86,5.344,,,
[1758212977598332268],9.701,-5.1,4.98,,,
[1758212977603798622],11.08,-5.112,4.14,,,
[1758212977608912581],10.561,-5.626,3.962,,,
[1758212977614052893],11.813,-5.519,2.715,,,
[1758212977619171591],11.954,-5.935,2.816,,,
[1758212977624289404],11.988,-5.768,1.863,,,
[1758212977629401852],12.309,-5.839,1.597,,,
[1758212977634581695],12.045,-5.605,1.152,,,
[1758212977639818622],11.775,-5.792,0.96,,,
[1758212977647153674],9.922,-4.776,-0.283,,,
[1758212977652782737],10.827,-4.755,-0.577,,,
[1758212977658433206],9.457,-4.583,-1.053,,,
[1758212977663080602],9.548,-4.353,-0.994,,,
[1758212977667593883],8.396,-3.855,-0.869,,,
[1758212977672171591],9.21,-3.984,-0.251,,,
[1758212977676681331],7.307,-3.587,0.29,,,
[1758212977681188466],8.554,-3.409,0.268,,,
[1758212977685694664],6.622,-3.084,1.118,,,
[1758212977690195185],7.822,-3.158,1.597,,,
[1758212977694732529],6.699,-2.863,1.86,,,
[1758212977699255914],6.768,-3.074,2.184,,,
[1758212977703919977],6.337,-2.792,2.602,,,
[1758212977708442945],6.261,-3.129,3.134,,,
[1758212977712977841],7.58,-3.33,3.223,,,
[1758212977717475497],7.125,-3.546,3.766,,,
[1758212977722062216],8.93,-4.099,3.752,,,
[1758212977726573883],7.81,-3.991,4.07,,,
[1758212977731116695],9.656,-4.597,4.405,,,
[1758212977735670966],8.741,-4.331,3.977,,,
[1758212977740186122],10.259,-4.994,4.434,,,
[1758212977744708727],9.938,-4.616,4.664,,,
[1758212977749568518],10.937,-5.399,4.508,,,
[1758212977754483154],10.834,-5.222,4.154,,,
[1758212977759654195],11.648,-5.801,3.941,,,
[1758212977764795029],11.425,-5.504,2.883,,,
[1758212977769897216],11.976,-5.911,2.571,,,
[1758212977775019508],11.969,-5.569,1.389,,,
[1758212977780133779],12.474,-6.038,1.614,,,
[1758212977785268883],11.504,-5.555,0.625,,,
[1758212977790394872],11.588,-5.447,0.678,,,
[1758212977795607633],10.144,-4.815,0.553,,,
[1758212977800732216],10.831,-4.733,0.402,,,
[1758212977805940758],9.043,-4.547,-0.601,,,
[1758212977811051956],9.809,-4.322,-0.074,,,
[1758212977816172008],8.38,-4.029,-0.395,,,
[1758212977821278414],9.146,-3.869,-0.266,,,
[1758212977826419143],7.367,-3.601,-0.163,,,
[1758212977831528362],8.181,-3.63,0.728,,,
[1758212977836663414],6.302,-3.17,1.322,,,
[1758212977841741591],7.487,-3.201,1.968,,,
[1758212977846842893],5.741,-3.053,1.992,,,
[1758212977852465289],7.18,-3.287,2.531,,,
[1758212977857744560],6.232,-2.919,3.546,,,
[1758212977862972164],7.97,-3.311,3.46,,,
[1758212977868079247],7.357,-3.97,3.575,,,
[1758212977873201331],8.966,-4.31,3.85,,,
[1758212977878286383],8.061,-4.355,4.257,,,
[1758212977883397424],9.943,-4.46,4.444,,,
[1758212977888526226],8.894,-4.549,4.647,,,
[1758212977893670601],10.525,-4.834,4.635,,,
[1758212977898881956],10.597,-5.224,4.391,,,
[1758212977904072112],11.104,-5.32,3.919,,,
[1758212977909184143],11.344,-5.801,3.51,,,
[1758212977914321226],11.813,-5.607,2.878,,,
[1758212977919426174],11.736,-5.933,1.956,,,
[1758212977924519924],12.232,-5.662,1.429,,,
[1758212977929618101],12.045,-6.007,1.458,,,
[1758212977934781643],11.815,-5.473,0.263,,,
[1758212977939891070],11.382,-5.425,0.764,,,
[1758212977945001018],9.804,-4.604,0.414,,,
[1758212977950112997],10.235,-4.721,-0.084,,,
[1758212977955300133],9.313,-4.48,-0.448,,,
[1758212977960892789],9.481,-4.664,-0.618,,,
[1758212977966157476],8.045,-4.135,-0.445,,,
[1758212977971267372],9.122,-3.855,-0.225,,,
[1758212977976388049],7.029,-3.407,-0.23,,,
[1758212977981562893],8.229,-3.438,1.003,,,
[1758212977986693518],6.433,-3.215,1.954,,,
[1758212977991778570],7.365,-3.036,1.824,,,
[1758212977996893883],5.859,-2.832,1.865,,,
[1758212978002020028],7.274,-3.079,2.749,,,
[1758212978007288049],6.091,-3.115,3.63,,,
[1758212978012457841],8.128,-3.792,3.577,,,
[1758212978017585081],7.57,-3.955,3.587,,,
[1758212978022764091],9.333,-4.355,4.178,,,
[1758212978027886956],8.109,-4.357,4.657,,,
[1758212978032995601],9.845,-4.532,5.047,,,
[1758212978038085341],8.593,-4.666,4.805,,,
[1758212978043211747],10.499,-4.75,4.614,,,
[1758212978048309716],10.274,-5.109,4.65,,,
[1758212978053537581],11.353,-5.339,3.953,,,
[1758212978058657945],11.164,-5.523,2.947,,,
[1758212978064173883],12.079,-5.789,2.488,,,
[1758212978069395653],11.93,-6.076,2.832,,,
[1758212978074504976],11.873,-5.602,1.731,,,
[1758212978079597685],12.026,-6.084,0.632,,,
[1758212978084753101],11.416,-5.681,0.86,,,
[1758212978089851435],10.91,-5.236,0.709,,,
[1758212978094966331],10.187,-4.623,-0.855,,,
[1758212978100078206],10.096,-4.841,-0.515,,,
[1758212978105288570],9.718,-4.494,-0.443,,,
[1758212978110435237],9.711,-4.398,0.089,,,
[1758212978115631851],8.155,-3.754,-0.62,,,
[1758212978120727685],8.808,-3.974,-0.855,,,
[1758212978125865497],7.219,-3.503,-0.283,,,
[1758212978130981174],7.843,-3.474,1.31,,,
[1758212978136105549],6.548,-2.832,1.106,,,
[1758212978141201435],7.357,-3.225,1.82,,,
[1758212978146295966],5.871,-3.012,2.602,,,
[1758212978151400497],6.981,-3.053,3.373,,,
[1758212978156596851],6.091,-3.148,3.627,,,
[1758212978161688883],8.116,-3.761,3.766,,,
[1758212978166794456],7.242,-3.833,4.113,,,
[1758212978172262372],9.294,-4.398,4.527,,,
[1758212978177481278],8.164,-4.31,4.978,,,
[1758212978184423935],9.632,-4.353,4.436,,,
[1758212978189728205],10.147,-5.203,4.484,,,
[1758212978194943935],10.364,-4.982,4.187,,,
[1758212978200070653],11.277,-5.27,4.01,,,
[1758212978205256018],11.068,-5.543,3.567,,,
[1758212978210375601],11.959,-5.902,3.187,,,
[1758212978215549820],11.768,-5.796,2.579,,,
[1758212978220764872],12.594,-5.892,2.002,,,
[1758212978225907580],11.502,-5.782,1.089,,,
[1758212978231018414],12.574,-5.691,1.369,,,
[1758212978236142424],10.872,-5.179,0.625,,,
[1758212978241250237],11.085,-4.932,0.476,,,
[1758212978246376539],9.469,-4.597,-0.539,,,
[1758212978251502008],10.637,-4.774,-0.862,,,
[1758212978256845445],8.514,-4.286,-0.433,,,
[1758212978262056122],9.51,-4.247,-0.256,,,
[1758212978267163362],7.475,-3.651,-0.479,,,
[1758212978272388935],8.66,-3.572,-0.263,,,
[1758212978277922424],6.668,-3.311,0.577,,,
[1758212978283145133],7.537,-2.962,1.19,,,
[1758212978288250393],6.129,-2.926,1.829,,,
[1758212978293369716],7.35,-3.208,1.93,,,
[1758212978298514455],5.906,-2.828,3.134,,,
[1758212978303708883],7.295,-3.069,3.275,,,
[1758212978308814299],6.692,-3.713,3.697,,,
[1758212978313959091],8.282,-3.824,3.467,,,
[1758212978319124351],8.327,-4.14,4.379,,,
[1758212978324339664],8.93,-3.852,4.353,,,
[1758212978329443258],8.947,-4.456,4.573,,,
[1758212978334575341],9.555,-4.659,4.659,,,
[1758212978339711278],10.08,-5.121,4.604,,,
[1758212978344837476],10.515,-4.999,4.132,,,
[1758212978349948466],10.877,-5.629,4.075,,,
[1758212978355206539],11.238,-5.473,2.83,,,
[1758212978360350549],12.048,-5.866,2.923,,,
[1758212978365455862],11.439,-5.717,2.234,,,
[1758212978370559768],12.649,-6.153,1.724,,,
[1758212978375670862],11.619,-5.794,0.879,,,
[1758212978381171383],12.194,-5.593,1.137,,,
[1758212978386403414],10.18,-5.171,0.206,,,
[1758212978391572789],10.97,-5.054,0.658,,,
[1758212978396708414],9.471,-4.47,-0.536,,,
[1758212978401824872],10.513,-4.496,-0.206,,,
[1758212978407011435],8.432,-4.092,-0.067,,,
[1758212978412162841],9.354,-3.886,-0.338,,,
[1758212978417297112],7.333,-3.843,-0.352,,,
[1758212978422457841],8.511,-3.792,-0.113,,,
[1758212978427704247],6.637,-3.287,0.613,,,
[1758212978432889091],7.513,-3.072,0.864,,,
[1758212978437994560],6.172,-3.021,1.839,,,
[1758212978443110757],7.221,-2.931,2.27,,,
[1758212978448224351],5.923,-3.007,3.642,,,
[1758212978453461591],7.252,-3.127,3.642,,,
[1758212978458588518],7.084,-3.591,3.436,,,
[1758212978463758310],8.475,-4.075,3.661,,,
[1758212978468859768],8.193,-4.259,4.322,,,
[1758212978473983987],9.232,-4.24,3.903,,,
[1758212978479078049],9.024,-4.702,4.221,,,
[1758212978484173987],10.111,-4.633,4.391,,,
[1758212978489659507],9.708,-5.155,4.786,,,
[1758212978494930289],10.441,-4.82,3.807,,,
[1758212978500063622],11.001,-5.634,3.481,,,
[1758212978505275810],11.593,-5.581,2.708,,,
[1758212978510390497],12.328,-5.957,2.595,,,
[1758212978515520757],11.42,-5.859,1.757,,,
[1758212978520617476],12.675,-6.012,0.922,,,
[1758212978525756122],11.583,-5.583,0.84,,,
[1758212978530882112],12.167,-5.574,1.19,,,
[1758212978536083935],10.293,-5.04,0.426,,,
[1758212978541195705],10.604,-4.946,0.347,,,
[1758212978546316955],9.323,-4.592,0.141,,,
[1758212978551423205],10.036,-4.685,0.101,,,
[1758212978556649820],8.329,-4.096,-0.39,,,
[1758212978561756226],9.436,-4.07,-1.015,,,
[1758212978566868153],7.561,-3.709,-0.464,,,
[1758212978571999924],8.339,-3.515,0.187,,,
[1758212978577217580],6.51,-3.359,0.666,,,
[1758212978582400132],7.817,-3.12,1.532,,,
[1758212978587519612],5.976,-3.033,1.901,,,
[1758212978593204768],7.396,-2.931,2.65,,,
[1758212978598456955],6.189,-3.27,2.916,,,
[1758212978603651122],7.372,-3.287,3.565,,,
[1758212978608751174],7.199,-3.768,3.855,,,
[1758212978613867841],8.722,-3.785,3.587,,,
[1758212978618955132],8.174,-4.156,4.051,,,
[1758212978624028309],8.902,-4.288,4.52,,,
[1758212978629144507],8.753,-4.7,4.657,,,
[1758212978634300080],10.048,-4.518,4.25,,,
[1758212978639535705],9.912,-5.143,4.865,,,
[1758212978644681278],10.913,-5.116,4.326,,,
[1758212978649798882],11.454,-5.643,3.711,,,
[1758212978655014559],11.396,-5.521,2.749,,,
[1758212978660141487],12.318,-6.041,2.512,,,
[1758212978665229403],11.849,-5.531,1.554,,,
[1758212978670350757],12.297,-6.057,1.434,,,
[1758212978675502893],11.509,-5.531,1.037,,,
[1758212978680598518],11.796,-5.607,1.037,,,
[1758212978685709039],10.465,-4.843,0.362,,,
[1758212978690800549],10.297,-4.824,0.17,,,
[1758212978695918257],9.424,-4.623,-0.73,,,
[1758212978701489039],10.132,-4.518,-0.211,,,
[1758212978706769820],8.554,-4.068,-0.572,,,
[1758212978711888257],9.184,-3.974,-0.857,,,
[1758212978718669559],7.396,-3.428,-0.158,,,
[1758212978723858257],7.98,-3.129,0.678,,,
[1758212978728964507],6.553,-3.134,1.609,,,
[1758212978734061851],6.879,-2.947,1.523,,,
[1758212978739157997],6.354,-3.179,2.059,,,
[1758212978744328414],6.675,-3.005,2.413,,,
[1758212978749546591],6.701,-3.369,3.493,,,
[1758212978754747632],7.391,-3.33,2.789,,,
[1758212978759877424],7.997,-4.116,3.596,,,
[1758212978764998309],8.729,-4.089,3.862,,,
[1758212978770106903],9.227,-4.398,4.767,,,
[1758212978775216643],8.995,-4.401,4.932,,,
[1758212978780323674],10.082,-5.052,4.575,,,
[1758212978785499143],9.572,-4.606,4.427,,,
[1758212978790684820],10.779,-5.188,4.805,,,
[1758212978795807112],10.616,-5.224,4.331,,,
[1758212978800928987],11.712,-5.722,3.158,,,
[1758212978806609976],11.2,-5.76,2.552,,,
[1758212978811836018],12.826,-6.012,1.551,,,
[1758212978816957268],11.497,-5.83,1.252,,,
[1758212978822052997],12.78,-5.997,1.168,,,
[1758212978827169299],11.279,-5.622,0.828,,,
[1758212978832335184],11.638,-5.341,0.654,,,
[1758212978837464299],9.606,-4.65,0.057,,,
[1758212978842610028],10.664,-4.645,-0.208,,,
[1758212978847744976],8.83,-4.269,-0.776,,,
[1758212978853048257],9.857,-4.214,-0.314,,,
[1758212978858187164],7.908,-3.931,-0.184,,,
[1758212978863354247],8.65,-3.555,-0.306,,,
[1758212978868507007],7.192,-3.481,0.168,,,
[1758212978873646434],7.764,-3.12,0.646,,,
[1758212978878761226],6.483,-3.194,1.355,,,
[1758212978883894872],6.948,-3.098,2.004,,,
[1758212978888984143],6.225,-3.153,2.488,,,
[1758212978894071695],6.996,-2.916,2.926,,,
[1758212978899217736],6.388,-3.369,3.405,,,
[1758212978904863153],7.525,-3.632,3.476,,,
[1758212978911198570],8.215,-4.192,4.046,,,
[1758212978916494351],8.181,-4.31,4.403,,,
[1758212978923006486],9.804,-4.499,4.563,,,
[1758212978928227059],8.588,-4.855,4.884,,,
[1758212978933338570],10.424,-5.066,4.87,,,
[1758212978938523414],10.259,-5.143,4.511,,,
[1758212978943740497],11.368,-5.112,4.424,,,
[1758212978948864143],11.073,-5.619,4.25,,,
[1758212978954059559],11.744,-5.787,3.321,,,
[1758212978959221070],11.487,-5.875,2.239,,,
[1758212978964358049],12.522,-5.605,1.602,,,
[1758212978969536174],11.677,-5.904,1.618,,,
[1758212978974696018],11.629,-5.447,0.895,,,
[1758212978979814559],11.36,-5.555,0.527,,,
[1758212978984930914],10.4,-4.676,0.278,,,
[1758212978990042893],10.235,-4.858,-0.323,,,
[1758212978995177684],9.783,-4.556,-0.362,,,
[1758212979000331018],9.373,-4.319,-0.18,,,
[1758212979005538674],8.432,-3.883,-0.536,,,
[1758212979010647997],8.959,-3.907,-0.294,,,
[1758212979015760653],7.19,-3.512,-0.239,,,
[1758212979020869091],7.875,-3.445,0.376,,,
[1758212979026448674],6.452,-3.084,1.231,,,
[1758212979031594507],7.477,-3.103,1.585,,,
[1758212979036714716],5.859,-2.978,2.883,,,
[1758212979041783778],7.57,-3.184,2.622,,,
[1758212979046861122],6.196,-3.158,2.84,,,
[1758212979051957789],8.229,-3.687,3.287,,,
[1758212979057138466],7.357,-4.132,3.464,,,
[1758212979062324299],9.292,-4.401,4.135,,,
[1758212979067500236],7.894,-4.135,4.357,,,
[1758212979072781538],9.795,-4.635,4.484,,,
[1758212979077917216],9.165,-4.645,4.683,,,
[1758212979083057320],10.693,-4.963,4.592,,,
[1758212979088161434],9.941,-4.942,4.477,,,
[1758212979093242945],11.598,-5.294,4.108,,,
[1758212979098335236],10.953,-5.485,3.792,,,
[1758212979103535445],12.105,-5.734,2.636,,,
[1758212979108636382],11.483,-5.974,2.002,,,
[1758212979113749976],12.866,-5.887,1.8,,,
[1758212979118845028],11.578,-5.887,1.267,,,
[1758212979123957893],11.83,-5.351,0.338,,,
[1758212979129447424],10.815,-5.255,0.503,,,
[1758212979134676486],10.305,-4.755,-0.055,,,
[1758212979139794195],9.579,-4.623,-0.314,,,
[1758212979144935236],9.953,-4.379,-0.443,,,
[1758212979150045601],9.565,-4.405,-0.275,,,
[1758212979155227580],8.337,-3.946,-0.4,,,
[1758212979160342580],8.672,-3.701,-0.16,,,
[1758212979165492111],7.649,-3.361,-0.611,,,
[1758212979170616070],7.695,-3.405,0.553,,,
[1758212979175807163],6.668,-3.115,1.314,,,
[1758212979180918101],6.96,-3.141,1.946,,,
[1758212979186021695],6.096,-2.847,2.188,,,
[1758212979191118674],7.724,-3.146,2.823,,,
[1758212979196243622],6.088,-3.165,3.203,,,
[1758212979201352736],8.152,-3.687,3.519,,,
[1758212979206527059],7.74,-3.859,3.536,,,
[1758212979211636799],9.469,-4.334,4.396,,,
[1758212979216782580],8.064,-4.235,3.955,,,
[1758212979221876226],10.022,-4.489,4.068,,,
[1758212979227005549],8.799,-4.714,4.568,,,
[1758212979232542059],10.58,-4.978,4.154,,,
[1758212979237791851],10.156,-5.193,4.164,,,
[1758212979242969038],11.576,-5.794,3.97,,,
[1758212979248070757],10.841,-5.684,3.275,,,
[1758212979253253257],12.639,-5.83,2.741,,,
[1758212979258397059],11.401,-5.732,1.889,,,
[1758212979263531226],12.562,-5.887,1.42,,,
[1758212979268639299],11.621,-5.82,1.288,,,
[1758212979273788778],11.873,-5.538,1.046,,,
[1758212979278992632],10.484,-5.341,0.34,,,
[1758212979284180601],10.57,-4.501,0.132,,,
[1758212979289284611],9.39,-4.81,0.129,,,
[1758212979294388361],9.56,-4.228,-0.417,,,
[1758212979299481330],9.115,-4.159,-0.678,,,
[1758212979304677684],8.657,-3.646,-0.441,,,
[1758212979309795601],8.095,-3.807,-0.139,,,
[1758212979314955340],7.685,-3.323,-0.227,,,
[1758212979320140236],7.348,-3.282,0.788,,,
[1758212979327016018],6.201,-2.926,1.654,,,
[1758212979332408049],7.652,-3.129,2.1,,,
[1758212979337546903],5.926,-3.019,2.658,,,
[1758212979343076799],7.417,-3.361,3.455,,,
[1758212979348191903],6.553,-3.27,3.491,,,
[1758212979353374299],8.689,-3.876,3.584,,,
[1758212979358507476],8.078,-4.276,4.235,,,
[1758212979363665184],9.163,-4.156,4.448,,,
[1758212979368782163],8.803,-4.585,4.465,,,
[1758212979374025497],9.857,-4.664,4.685,,,
[1758212979379194299],9.591,-5.049,5.042,,,
[1758212979384304559],10.628,-5.028,4.369,,,
[1758212979389393413],10.642,-5.341,3.709,,,
[1758212979394505653],11.574,-5.612,3.091,,,
[1758212979399597007],11.246,-5.859,2.907,,,
[1758212979404789247],11.947,-5.578,2.093,,,
[1758212979409894507],12.443,-5.844,1.808,,,
[1758212979415102945],11.868,-5.48,0.924,,,
[1758212979420189507],11.961,-5.753,0.848,,,
[1758212979425292215],11.111,-5.21,0.385,,,
[1758212979430417007],10.695,-5.104,0.476,,,
[1758212979435564872],9.871,-4.7,-0.239,,,
[1758212979440659351],10.096,-4.527,-0.184,,,
[1758212979447150861],8.799,-4.245,-0.204,,,
[1758212979453580809],9.297,-4.106,-0.33,,,
[1758212979459939090],7.98,-3.852,-0.081,,,
[1758212979465200288],7.24,-3.505,-0.053,,,
[1758212979470315861],7.501,-3.675,1.322,,,
[1758212979475457580],6.682,-2.66,1.46,,,
[1758212979480536382],6.9,-3.194,1.844,,,
[1758212979485639768],6.163,-2.784,2.512,,,
[1758212979490709299],6.905,-3.333,3.259,,,
[1758212979495809455],6.989,-3.481,3.333,,,
[1758212979500979247],8.174,-3.924,3.917,,,
[1758212979506229403],7.863,-4.125,3.249,,,
[1758212979511301122],9.333,-4.492,4.451,,,
[1758212979516408726],8.655,-4.159,4.997,,,
[1758212979521551747],10.108,-4.65,4.714,,,
[1758212979526686382],9.199,-4.652,4.654,,,
[1758212979531778778],11.006,-5.224,4.899,,,
[1758212979536896747],10.104,-5.114,4.685,,,
[1758212979542012059],11.882,-5.612,3.615,,,
[1758212979547163986],10.858,-5.598,2.686,,,
[1758212979552745236],12.354,-5.88,1.63,,,
[1758212979558064247],11.281,-5.966,1.863,,,
[1758212979563211851],12.902,-5.768,1.401,,,
[1758212979568330549],11.442,-5.543,0.778,,,
[1758212979573462059],11.892,-5.346,0.577,,,
[1758212979578566070],10.199,-4.954,0.773,,,
[1758212979583684715],10.697,-4.863,-0.144,,,
[1758212979588793830],9.304,-4.714,-0.261,,,
[1758212979593944820],9.926,-4.08,-0.615,,,
[1758212979599142788],8.363,-4.195,-0.354,,,
[1758212979604336799],8.523,-3.527,-0.737,,,
[1758212979609454663],7.709,-3.718,-0.603,,,
[1758212979614590549],7.41,-3.227,0.261,,,
[1758212979619719038],6.79,-3.479,1.75,,,
[1758212979624831486],7.044,-2.988,1.676,,,
[1758212979629932059],6.505,-2.959,2.054,,,
[1758212979635068622],6.663,-2.84,2.435,,,
[1758212979640177788],6.481,-3.297,3.311,,,
[1758212979645271382],7.149,-3.259,3.134,,,
[1758212979650373257],8.569,-4.07,3.548,,,
[1758212979655948726],8.157,-4.128,3.759,,,
[1758212979661165861],8.952,-4.365,4.47,,,
[1758212979666310132],8.863,-4.563,4.451,,,
[1758212979671410132],10.326,-4.987,4.882,,,
[1758212979676561851],9.167,-4.997,5.124,,,
[1758212979681629611],11.176,-5.21,5.217,,,
[1758212979686701695],10.199,-5.341,4.559,,,
[1758212979691802372],12.136,-5.595,3.74,,,
[1758212979696956174],11.08,-5.667,2.646,,,
[1758212979702094872],12.529,-6.033,2.09,,,
[1758212979707340288],11.495,-5.909,1.496,,,
[1758212979712522684],12.596,-5.89,0.994,,,
[1758212979717639194],11.176,-5.562,1.065,,,
[1758212979722808101],11.818,-5.341,0.606,,,
[1758212979727923465],9.682,-4.791,-0.148,,,
[1758212979733008830],10.783,-4.709,-0.232,,,
[1758212979738094715],9.05,-4.374,-0.491,,,
[1758212979743237059],10.008,-4.652,-0.634,,,
[1758212979748352163],8.262,-4.022,-0.769,,,
[1758212979753546017],9.175,-3.618,-0.136,,,
[1758212979758661122],7.463,-3.594,0.019,,,
[1758212979765161382],7.597,-3.12,0.867,,,
[1758212979770460757],7.25,-3.225,1.434,,,
[1758212979775547580],6.752,-2.722,1.676,,,
[1758212979780639299],6.606,-2.866,2.351,,,
[1758212979785772736],5.83,-2.832,2.682,,,
[1758212979790861903],7.238,-3.481,3.069,,,
[1758212979795976747],6.984,-3.826,3.488,,,
[1758212979801194403],9.038,-4.209,3.828,,,
[1758212979806433569],8.061,-4.07,4.334,,,
[1758212979811618517],9.407,-4.532,4.578,,,
[1758212979816746330],8.77,-4.556,4.69,,,
[1758212979821832267],10.376,-4.779,4.721,,,
[1758212979826968049],9.436,-4.788,4.379,,,
[1758212979832066903],11.473,-5.294,4.52,,,
[1758212979837192632],10.29,-5.241,4.058,,,
[1758212979842356382],12.163,-5.873,2.854,,,
[1758212979847492684],11.2,-5.564,2.746,,,
[1758212979852795809],12.538,-6.206,2.143,,,
[1758212979858388309],11.602,-5.811,1.528,,,
[1758212979863535080],12.668,-5.545,0.898,,,
[1758212979869865340],11.056,-5.452,0.548,,,
[1758212979876355080],10.652,-4.609,0.17,,,
[1758212979881657372],10.645,-4.879,0.067,,,
[1758212979887141642],8.875,-4.453,-0.172,,,
[1758212979892290288],9.862,-4.657,-0.321,,,
[1758212979897421122],7.822,-3.91,-0.156,,,
[1758212979902635392],8.952,-4.128,-0.206,,,
[1758212979907763517],7.137,-3.503,0.014,,,
[1758212979912962372],8.243,-3.366,0.077,,,
[1758212979918089976],6.46,-3.093,0.979,,,
[1758212979923353361],7.389,-3.038,1.81,,,
[1758212979928494924],5.902,-2.954,2.274,,,
[1758212979933603882],7.357,-3.026,2.792,,,
[1758212979938704559],6.275,-3.134,3.687,,,
[1758212979943797371],8.162,-3.61,3.625,,,
[1758212979948870028],7.412,-3.962,4.566,,,
[1758212979954049403],9.201,-4.156,4.264,,,
[1758212979959205444],8.636,-4.525,4.568,,,
[1758212979964426226],9.462,-4.721,4.889,,,
[1758212979969614194],9.577,-4.779,5.169,,,
[1758212979974719924],10.357,-4.472,4.446,,,
[1758212979979832215],10.216,-5.148,4.992,,,
[1758212979987683830],10.324,-5.468,3.041,,,
[1758212979994063413],12.239,-5.638,3.136,,,
[1758212979999263413],11.495,-5.868,2.547,,,
[1758212980004443153],12.17,-5.698,1.951,,,
[1758212980009543986],11.76,-5.904,1.501,,,
[1758212980014699246],11.827,-5.48,0.235,,,
[1758212980019817111],11.054,-5.523,0.627,,,
[1758212980024911174],10.645,-4.776,0.084,,,
[1758212980030012059],9.912,-4.614,0.01,,,
[1758212980035158361],10.068,-4.544,-0.338,,,
[1758212980040263517],9.357,-4.494,-0.089,,,
[1758212980045385601],8.353,-4.022,-0.467,,,
[1758212980050494559],8.576,-3.977,-0.843,,,
[1758212980055678257],7.329,-3.455,-0.855,,,
[1758212980060784663],7.764,-3.491,0.347,,,
[1758212980065902163],6.804,-2.938,1.051,,,
[1758212980071038257],7.168,-3.132,2.274,,,
[1758212980076158986],6.393,-3.065,2.184,,,
[1758212980081256174],7.003,-3.165,2.698,,,
[1758212980086363986],6.311,-3.168,3.491,,,
[1758212980092940965],8.162,-3.764,3.46,,,
[1758212980099489663],7.702,-4.099,4.068,,,
[1758212980104764246],8.839,-4.003,4.111,,,
[1758212980109868413],8.981,-4.683,4.386,,,
[1758212980114979611],9.251,-4.518,4.635,,,
[1758212980120063569],9.811,-4.997,4.738,,,
[1758212980125198205],10.482,-5.006,4.755,,,
[1758212980130361955],10.652,-5.313,4.475,,,
[1758212980135642684],10.783,-5.332,3.476,,,
[1758212980140857007],11.954,-5.997,3.014,,,
[1758212980146077684],11.171,-5.643,2.045,,,
[1758212980151199559],12.177,-5.978,2.107,,,
[1758212980156384298],11.566,-5.909,1.211,,,
[1758212980161530965],12.323,-5.763,1.159,,,
[1758212980166695913],10.843,-5.234,0.472,,,
[1758212980171771746],11.523,-5.25,0.515,,,
[1758212980176854611],9.369,-4.743,0.038,,,
[1758212980181956330],10.733,-4.599,-0.292,,,
[1758212980187106538],8.887,-4.341,-0.606,,,
[1758212980192319663],9.759,-4.329,-0.369,,,
[1758212980197552580],7.906,-3.759,-0.649,,,
[1758212980203315757],8.856,-3.733,-0.28,,,
[1758212980208515653],6.615,-3.493,0.642,,,
[1758212980213660392],7.961,-3.089,1.077,,,
[1758212980218766226],6.184,-2.952,1.58,,,
[1758212980223921069],7.092,-2.851,1.901,,,
[1758212980229038569],6.096,-2.933,2.643,,,
[1758212980234171330],6.991,-2.942,3.105,,,
[1758212980239290913],7.025,-3.464,3.364,,,
[1758212980244529767],8.265,-3.716,3.84,,,
[1758212980249632892],7.98,-4.271,4.666,,,
[1758212980254822267],9.177,-4.008,4.266,,,
[1758212980259936538],9.242,-4.501,4.563,,,
[1758212980265084767],9.577,-4.678,4.269,,,
[1758212980270186173],10.367,-4.93,4.604,,,
[1758212980275315392],10.336,-4.712,4.664,,,
[1758212980280448048],10.894,-5.397,4.216,,,
[1758212980285599663],11.281,-5.255,3.175,,,
[1758212980290702528],11.825,-5.883,2.931,,,
[1758212980295823673],11.504,-5.66,1.724,,,
[1758212980300934403],12.392,-6.129,1.585,,,
[1758212980306503205],11.418,-5.681,1.159,,,
[1758212980311741642],12.491,-6.036,0.879,,,
[1758212980319919923],10.645,-5.061,-0.038,,,
[1758212980325092319],9.771,-4.401,-0.168,,,
[1758212980330217059],10.075,-4.695,-0.326,,,
[1758212980335337736],9.232,-4.171,-0.718,,,
[1758212980340439715],9.191,-4.247,-0.934,,,
[1758212980345550965],8.313,-3.893,-0.939,,,
[1758212980350754298],8.382,-3.874,0.113,,,
[1758212980356034767],7.513,-3.321,0.024,,,
[1758212980361149403],8.016,-3.263,0.498,,,
[1758212980366294559],6.314,-3.072,1.638,,,
[1758212980371399298],7.295,-3.208,2.425,,,
[1758212980376507892],6.041,-2.725,2.203,,,
[1758212980381621225],7.345,-3.455,3.144,,,
[1758212980386770496],6.304,-3.22,3.426,,,
[1758212980391897788],8.045,-3.917,3.677,,,
[1758212980397124194],7.879,-4.152,3.891,,,
[1758212980402301798],9.474,-4.41,4.228,,,
[1758212980407479923],8.243,-4.228,4.776,,,
[1758212980413042580],10.19,-4.599,5.289,,,
[1758212980418249455],9.292,-4.889,5.04,,,
[1758212980423373205],10.891,-4.963,4.247,,,
[1758212980428505705],10.415,-5.327,4.554,,,
[1758212980433647371],11.873,-5.677,3.783,,,
[1758212980438763465],11.107,-5.643,2.818,,,
[1758212980443885080],12.421,-5.713,2.564,,,
[1758212980449002840],11.425,-5.851,1.872,,,
[1758212980454262475],12.282,-5.662,1.235,,,
[1758212980459512736],11.631,-5.895,0.783,,,
[1758212980464661121],11.499,-5.181,0.091,,,
[1758212980469765080],10.455,-5.064,0.498,,,
[1758212980474907423],10.405,-4.477,0.201,,,
[1758212980480021642],9.89,-4.547,-0.436,,,
[1758212980485136069],9.313,-4.192,-0.838,,,
[1758212980490270132],8.801,-4.369,0.057,,,
[1758212980495454507],8.102,-3.816,0.074,,,
[1758212980500571017],8.329,-3.752,-0.223,,,
[1758212980505757580],7.264,-3.23,-0.072,,,
[1758212980510872788],7.374,-3.247,1.523,,,
[1758212980516396173],6.335,-2.842,1.69,,,
[1758212980521600496],7.319,-3.098,2.234,,,
[1758212980526686590],6.007,-2.959,2.646,,,
[1758212980531787007],7.611,-3.515,3.563,,,
[1758212980536913830],6.663,-3.493,3.496,,,
[1758212980542019611],8.655,-3.989,3.575,,,
[1758212980547131121],7.898,-4.041,3.572,,,
[1758212980552293413],9.586,-4.549,4.377,,,
[1758212980557493673],8.365,-4.307,4.585,,,
[1758212980562674038],10.269,-4.745,4.453,,,
[1758212980567981278],9.146,-4.896,4.247,,,
[1758212980573104923],11.116,-5.234,4.503,,,
[1758212980578209663],10.058,-5.353,4.472,,,
[1758212980583352111],11.892,-5.732,3.357,,,
[1758212980588511798],10.872,-5.722,2.437,,,
[1758212980593641694],12.651,-5.897,2.576,,,
[1758212980598764975],11.712,-6.019,2.128,,,
[1758212980603969767],12.452,-5.705,0.962,,,
[1758212980609121850],11.327,-5.634,0.713,,,
[1758212980614238152],11.933,-5.085,0.797,,,
[1758212980619344819],9.986,-4.899,0.469,,,
[1758212980625709975],10.568,-4.673,-0.472,,,
[1758212980631023048],10.036,-4.451,-0.412,,,
[1758212980637482111],8.303,-4.207,-0.498,,,
[1758212980642786694],9.62,-3.977,-1.046,,,
[1758212980647899455],7.424,-3.484,-0.352,,,
[1758212980653111330],8.272,-3.584,-0.165,,,
[1758212980658212996],6.594,-3.278,0.498,,,
[1758212980663320652],7.611,-3.177,1.331,,,
[1758212980668445652],5.964,-2.902,1.92,,,
[1758212980673604923],7.3,-3.053,2.452,,,
[1758212980678728934],5.957,-3.211,3.393,,,
[1758212980683925496],7.312,-3.311,3.182,,,
[1758212980689034559],7.468,-3.74,3.807,,,
[1758212980694172840],8.748,-4.01,4.156,,,
[1758212980699275600],8.286,-4.247,4.379,,,
[1758212980704443413],9.424,-4.238,4.008,,,
[1758212980709551538],8.952,-4.587,4.597,,,
[1758212980714710444],9.934,-4.676,4.417,,,
[1758212980719807423],9.857,-5.191,4.7,,,
[1758212980724915600],11.135,-5.035,3.938,,,
[1758212980730028257],10.733,-5.698,3.783,,,
[1758212980735527423],11.636,-5.753,3.16,,,
[1758212980740700548],12.246,-5.95,2.296,,,
[1758212980746091121],11.526,-5.78,1.58,,,
[1758212980751208205],12.455,-5.933,1.262,,,
[1758212980756427059],11.281,-5.72,0.912,,,
[1758212980761548725],11.858,-5.502,0.948,,,
[1758212980766685444],10.039,-4.968,0.151,,,
[1758212980771794871],10.625,-4.918,-0.091,,,
[1758212980776980861],9.376,-4.468,0.048,,,
[1758212980782349090],10.106,-4.386,-0.146,,,
[1758212980787505340],7.956,-4.108,-1.008,,,
[1758212980792673673],9.318,-4.13,-0.611,,,
[1758212980797765496],7.321,-3.745,0.249,,,
[1758212980802992996],8.262,-3.603,0.424,,,
[1758212980808110705],6.285,-3.201,0.986,,,
[1758212980813235027],7.659,-3.165,1.281,,,
[1758212980818351694],6.122,-2.885,2.507,,,
[1758212980823553673],7.254,-2.859,2.399,,,
[1758212980828658100],6.261,-2.993,2.741,,,
[1758212980833782423],7.736,-3.445,3.318,,,
[1758212980838877788],7.305,-3.759,4.422,,,
[1758212980844181694],9.292,-4.032,4.077,,,
[1758212980850665392],9.151,-4.492,4.542,,,
[1758212980855938465],8.966,-4.367,4.774,,,
[1758212980861050132],9.855,-4.64,4.822,,,
[1758212980866188621],9.993,-4.975,4.369,,,
[1758212980871301902],10.872,-5.416,4.786,,,
[1758212980876423986],10.412,-5.131,3.436,,,
[1758212980881530861],12.16,-5.832,3.165,,,
[1758212980886660861],11.066,-5.748,2.358,,,
[1758212980891798465],12.555,-6.141,2.559,,,
[1758212980897037475],11.447,-5.758,1.468,,,
[1758212980902206538],12.577,-6.036,0.843,,,
[1758212980907385965],10.901,-5.399,0.843,,,
[1758212980912561069],11.578,-5.25,0.266,,,
[1758212980917664715],9.476,-4.741,0.029,,,
[1758212980922840757],10.628,-4.872,0.448,,,
[1758212980927953882],8.78,-4.374,-0.01,,,
[1758212980933078777],9.878,-4.451,-0.33,,,
[1758212980938186225],7.86,-4.108,-0.496,,,
[1758212980943268100],8.971,-4.094,-0.043,,,
[1758212980948383204],6.97,-3.39,0.527,,,
[1758212980954160132],8.15,-3.122,0.852,,,
[1758212980959389298],6.579,-3.045,1.867,,,
[1758212980964542215],7.458,-2.818,1.834,,,
[1758212980969672527],6.421,-2.988,2.148,,,
[1758212980976827163],6.146,-3.065,3.165,,,
[1758212980981974611],7.74,-3.579,3.673,,,
[1758212980987088777],6.888,-3.733,3.716,,,
[1758212980992217267],9.38,-4.506,4.219,,,
[1758212980997371694],8.04,-4.391,4.111,,,
[1758212981002705236],9.869,-4.322,4.257,,,
[1758212981007864246],8.803,-4.666,4.719,,,
[1758212981013001642],10.604,-5.013,4.915,,,
[1758212981018109559],9.639,-4.894,4.415,,,
[1758212981023208986],11.492,-5.358,3.852,,,
[1758212981028320236],10.484,-5.461,3.512,,,
[1758212981033484194],12.131,-5.813,2.832,,,
[1758212981038614923],11.131,-5.952,2.217,,,
[1758212981043803256],12.826,-5.954,1.381,,,
[1758212981048914871],11.619,-5.737,1.238,,,
[1758212981054135236],12.249,-5.703,1.152,,,
[1758212981059658204],11.071,-5.413,0.692,,,
[1758212981064929819],10.925,-4.575,-0.182,,,
[1758212981070087423],9.996,-4.731,-0.251,,,
[1758212981075225340],9.747,-4.499,-0.579,,,
[1758212981080339246],9.232,-4.614,-0.895,,,
[1758212981085446902],8.995,-3.958,-0.79,,,
[1758212981090533465],8.504,-3.977,-0.378,,,
[1758212981095668048],7.819,-3.393,-0.294,,,
[1758212981100864819],7.582,-3.474,0.026,,,
[1758212981106119611],6.766,-3.033,0.498,,,
[1758212981111195236],7.142,-3.352,2.006,,,
[1758212981116328517],6.175,-2.988,2.447,,,
[1758212981121398777],7.238,-3.057,3.191,,,
[1758212981126535600],6.273,-2.784,3.328,,,
[1758212981131617631],7.53,-3.654,3.594,,,
[1758212981136711590],7.211,-3.759,3.464,,,
[1758212981141807892],8.808,-4.171,3.687,,,
[1758212981146946798],8.03,-4.192,4.585,,,
[1758212981152015913],9.467,-4.561,4.978,,,
[1758212981157160184],8.954,-4.396,4.798,,,
[1758212981162960340],10.934,-5.148,4.803,,,
[1758212981168205756],9.9,-5.25,4.676,,,
[1758212981173337736],11.519,-5.43,4.125,,,
[1758212981178414663],10.649,-5.792,2.983,,,
[1758212981183578777],12.498,-5.794,1.925,,,
[1758212981188727475],11.195,-5.868,2.069,,,
[1758212981193830027],12.842,-5.909,1.664,,,
[1758212981198960548],11.439,-5.796,1.123,,,
[1758212981204210809],12.443,-5.437,0.694,,,
[1758212981209400756],10.642,-5.253,1.049,,,
[1758212981214533725],10.582,-4.65,0.606,,,
[1758212981219637371],9.72,-4.638,-0.225,,,
[1758212981224763204],10.008,-4.475,-0.883,,,
[1758212981229897163],8.923,-4.446,0.139,,,
[1758212981234996954],9.009,-3.972,-0.498,,,
[1758212981240130288],7.958,-3.838,-0.333,,,
[1758212981245314506],7.98,-3.302,-0.038,,,
[1758212981250427371],7.673,-3.508,0.919,,,
[1758212981255643256],6.972,-2.844,1.439,,,
[1758212981260769558],6.881,-3.22,2.401,,,
[1758212981265959038],6.457,-2.614,2.294,,,
[1758212981271509246],6.989,-3.316,2.971,,,
[1758212981276733204],6.306,-3.182,3.563,,,
[1758212981281809402],8.183,-3.747,3.651,,,
[1758212981286933465],7.774,-3.845,3.417,,,
[1758212981291995183],9.321,-4.283,4.128,,,
[1758212981297130965],8.313,-4.288,4.594,,,
[1758212981302302996],9.843,-4.609,4.86,,,
[1758212981307491277],9.019,-4.841,4.432,,,
[1758212981312729923],10.906,-5.339,4.492,,,
[1758212981317962006],9.838,-5.195,4.647,,,
[1758212981323105444],11.708,-5.55,3.764,,,
[1758212981328234090],10.539,-5.543,2.866,,,
[1758212981333374038],12.265,-5.722,2.078,,,
[1758212981338511017],11.289,-5.789,1.805,,,
[1758212981343638881],12.677,-5.887,1.434,,,
[1758212981348766069],11.332,-5.782,1.128,,,
[1758212981353995496],12.163,-5.619,1.075,,,
[1758212981359151850],10.283,-5.136,1.015,,,
[1758212981364351902],10.676,-4.628,0.596,,,
[1758212981369484611],9.388,-4.724,0.045,,,
[1758212981374993100],10.206,-4.226,-0.402,,,
[1758212981380223986],8.882,-4.341,-0.381,,,
[1758212981385363725],8.636,-3.938,-0.352,,,
[1758212981390475756],8.327,-3.757,-0.589,,,
[1758212981395643933],7.934,-3.431,-0.393,,,
[1758212981400810288],7.544,-3.563,1.298,,,
[1758212981406040131],6.457,-2.921,1.906,,,
[1758212981411171954],7.135,-2.916,2.045,,,
[1758212981416347319],6.076,-2.828,2.014,,,
[1758212981421459194],6.962,-3.297,3.39,,,
[1758212981426666694],6.515,-3.268,3.704,,,
[1758212981431794975],7.949,-3.883,3.903,,,
[1758212981436897996],7.757,-3.965,3.907,,,
[1758212981442002944],9.383,-4.369,4.554,,,
[1758212981447126486],8.159,-4.357,4.688,,,
[1758212981452306954],9.96,-4.628,4.958,,,
[1758212981457467736],9.266,-4.7,4.08,,,
[1758212981462661798],10.839,-5.183,4.446,,,
[1758212981467794558],9.912,-5.083,4.393,,,
[1758212981472970288],11.885,-5.578,3.57,,,
[1758212981478108673],10.894,-5.614,2.497,,,
[1758212981484495548],12.594,-5.727,2.253,,,
[1758212981489811746],11.509,-6.041,2.351,,,
[1758212981495220704],12.218,-5.59,1.496,,,
[1758212981500342996],12.096,-5.895,0.46,,,
[1758212981505545704],11.43,-5.167,0.232,,,
[1758212981510653308],10.463,-4.968,-0.156,,,
[1758212981515764819],10.202,-4.506,-0.462,,,
[1758212981520872110],9.931,-4.628,-0.4,,,
[1758212981525992996],9.38,-4.226,-0.512,,,
[1758212981531130652],9.153,-4.441,-0.124,,,
[1758212981536450496],7.963,-3.797,-0.352,,,
[1758212981541590027],8.523,-3.783,-0.206,,,
[1758212981548287527],6.744,-3.328,0.522,,,
[1758212981553653829],7.587,-3.338,1.666,,,
[1758212981558772683],6.103,-3.021,2.322,,,
[1758212981563947163],7.47,-2.907,2.361,,,
[1758212981569114090],6.115,-3.153,3.012,,,
[1758212981574416590],7.412,-3.342,3.306,,,
[1758212981579581642],7.14,-3.661,3.543,,,
[1758212981585931069],8.404,-3.936,3.833,,,
[1758212981591163569],8.677,-4.343,4.678,,,
[1758212981596301485],8.629,-4.18,4.372,,,
[1758212981601717892],9.922,-4.642,4.685,,,
[1758212981606916538],9.1,-4.506,4.867,,,
[1758212981612032163],10.772,-5.234,4.559,,,
[1758212981617153360],9.972,-5.198,4.369,,,
[1758212981622350027],12.311,-5.756,3.472,,,
[1758212981627520913],10.872,-5.564,2.571,,,
[1758212981632802788],12.629,-5.883,2.535,,,
[1758212981637910444],11.253,-5.863,1.549,,,
[1758212981643043413],12.912,-6.117,1.053,,,
[1758212981648165965],11.174,-5.758,1.044,,,
[1758212981653408465],11.76,-5.461,0.788,,,
[1758212981658537267],9.804,-4.908,0.17,,,
[1758212981663777527],10.934,-4.616,-0.067,,,
[1758212981668945808],9.16,-4.492,-0.35,,,
[1758212981674162579],10.254,-4.36,-0.591,,,
[1758212981679311746],8.543,-4.257,-0.369,,,
[1758212981684465860],8.794,-3.644,-0.467,,,
[1758212981689575600],7.57,-3.543,0.017,,,
[1758212981696201902],7.151,-3.321,0.4,,,
[1758212981701445756],7.116,-3.23,1.343,,,
[1758212981707914454],5.787,-3.033,2.004,,,
[1758212981714231694],7.348,-2.976,2.464,,,
[1758212981719473829],6.182,-3.244,3.575,,,
[1758212981724586277],7.338,-3.378,3.302,,,
[1758212981729719715],7.683,-3.879,3.563,,,
[1758212981734855912],8.648,-4.046,4.099,,,
[1758212981739955287],8.487,-4.544,4.348,,,
[1758212981745046433],9.246,-4.348,5.013,,,
[1758212981750164662],9.103,-4.712,5.013,,,
[1758212981755388308],9.986,-4.53,4.434,,,
[1758212981760508048],10.262,-5.291,4.393,,,
[1758212981765708204],10.671,-5.296,3.618,,,
[1758212981770835079],11.454,-5.784,3.141,,,
[1758212981775956069],11.375,-5.655,2.523,,,
[1758212981781068985],12.151,-5.856,1.875,,,
[1758212981786200235],11.806,-5.789,1.583,,,
[1758212981791301590],12.536,-6.218,1.604,,,
[1758212981796405860],11.789,-5.746,1.116,,,
[1758212981801883048],12.088,-5.406,0.809,,,
[1758212981807080131],10.072,-4.884,0.594,,,
[1758212981812273777],10.702,-4.884,0.51,,,
[1758212981817733829],8.995,-4.547,-0.752,,,
[1758212981822924246],9.84,-4.482,-0.656,,,
[1758212981828029819],7.944,-4.041,-0.551,,,
[1758212981833206069],9.064,-4.087,-0.441,,,
[1758212981838333204],7.24,-3.531,-0.213,,,
[1758212981843628569],8.21,-3.235,0.34,,,
[1758212981848758725],6.364,-3.062,0.891,,,
[1758212981853943933],7.379,-3.158,1.882,,,
[1758212981859042423],6.196,-2.933,2.569,,,
[1758212981864167423],6.91,-2.938,2.954,,,
[1758212981869286173],6.201,-3.05,3.259,,,
[1758212981874444298],7.745,-3.397,3.297,,,
[1758212981879553465],7.247,-3.843,4.405,,,
[1758212981885339350],8.574,-4.096,4.518,,,
[1758212981890548256],8.859,-4.379,4.707,,,
[1758212981895663360],9.397,-4.108,4.721,,,
[1758212981900805756],9.476,-4.899,4.841,,,
[1758212981906030131],9.792,-4.824,4.178,,,
[1758212981912537683],11.425,-5.37,5.109,,,
[1758212981917783829],10.432,-5.358,3.673,,,
[1758212981924253360],12.143,-5.947,2.643,,,
[1758212981929459819],11.277,-5.674,2.507,,,
[1758212981934575704],12.479,-5.782,2.114,,,
[1758212981939680912],11.736,-5.942,1.365,,,
[1758212981944866902],12.366,-5.76,0.51,,,
[1758212981949967787],10.779,-5.416,0.563,,,
[1758212981955145339],10.81,-4.841,-0.081,,,
[1758212981960249819],10.044,-4.877,-0.409,,,
[1758212981965465131],9.845,-4.434,-0.103,,,
[1758212981970669454],9.22,-4.542,0.151,,,
[1758212981975778569],8.969,-4.029,-0.998,,,
[1758212981980927162],8.557,-4.039,-0.915,,,
[1758212981986076589],8.21,-3.675,0.16,,,
[1758212981991182371],7.489,-3.491,0.366,,,
[1758212981996298725],6.639,-3.069,0.527,,,
[1758212982001451381],7.405,-3.261,2.114,,,
[1758212982006670756],6.175,-2.94,1.693,,,
[1758212982011769871],7.005,-3.074,2.741,,,
[1758212982016994298],6.184,-2.919,3.196,,,
[1758212982022875496],8.107,-3.771,3.577,,,
[1758212982028019506],6.931,-3.792,4.027,,,
[1758212982034033464],9.117,-4.161,4.243,,,
[1758212982040499506],9.014,-4.405,4.149,,,
[1758212982045743881],9.117,-4.18,4.475,,,
[1758212982050855131],9.704,-4.693,5.018,,,
[1758212982056042423],9.878,-4.671,4.252,,,
[1758212982061146225],10.633,-5.488,4.429,,,
[1758212982066322892],10.97,-5.385,3.658,,,
[1758212982071447214],12.129,-5.796,3.156,,,
[1758212982076563517],11.183,-5.543,1.884,,,
[1758212982081658204],12.852,-5.854,1.784,,,
[1758212982086840339],11.617,-5.863,1.489,,,
[1758212982091954246],12.62,-5.88,1.645,,,
[1758212982097107787],11.145,-5.349,0.852,,,
[1758212982102349298],11.526,-5.279,0.532,,,
[1758212982107552058],9.337,-4.741,0.189,,,
[1758212982112740079],10.685,-4.834,-0.141,,,
[1758212982117903673],8.669,-4.594,-0.709,,,
[1758212982123100756],9.665,-4.192,-0.608,,,
[1758212982128647944],8.018,-3.91,-0.797,,,
[1758212982133815964],8.657,-3.778,-0.326,,,
[1758212982139049766],7.051,-3.469,-0.048,,,
[1758212982146335860],7.137,-2.94,1.171,,,
[1758212982151792371],7.353,-3.115,1.535,,,
[1758212982156959871],6.091,-2.904,1.717,,,
[1758212982162053933],6.972,-3.017,2.78,,,
[1758212982167202527],6.215,-3.211,3.364,,,
[1758212982172387423],7.999,-3.505,3.314,,,
[1758212982177514141],7.324,-3.958,3.256,,,
[1758212982182773204],9.345,-4.293,3.723,,,
[1758212982187959454],8.092,-4.401,4.096,,,
[1758212982193171589],9.673,-4.578,4.693,,,
[1758212982198268933],8.803,-4.571,4.496,,,
[1758212982203458204],10.767,-5.148,4.748,,,
[1758212982208601173],9.562,-4.834,4.496,,,
[1758212982213737996],11.564,-5.43,3.778,,,
[1758212982218822266],10.913,-5.555,3.17,,,
[1758212982223927631],12.146,-5.827,2.449,,,
[1758212982229138985],11.483,-6.021,2.435,,,
[1758212982234700496],12.816,-5.902,1.58,,,
[1758212982239862058],11.77,-5.818,1.245,,,
[1758212982244992475],11.873,-5.514,0.804,,,
[1758212982250127996],10.949,-5.318,0.527,,,
[1758212982256451016],9.661,-4.52,-0.235,,,
[1758212982262996121],10.623,-4.769,-0.036,,,
[1758212982268237319],8.511,-4.264,-0.189,,,
[1758212982273389662],9.62,-4.254,-0.476,,,
[1758212982278519819],7.855,-3.812,-0.481,,,
[1758212982283648621],8.294,-3.646,0.299,,,
[1758212982288748725],6.548,-3.464,0.476,,,
[1758212982293852110],7.714,-3.333,1.056,,,
[1758212982298972527],5.906,-3.033,1.932,,,
[1758212982304197683],7.448,-3.024,2.15,,,
[1758212982309408464],6.184,-2.914,2.911,,,
[1758212982314527371],7.197,-3.041,3.072,,,
[1758212982319633204],6.653,-3.436,3.498,,,
[1758212982324741641],8.727,-3.922,3.905,,,
[1758212982329833204],7.824,-4.254,4.523,,,
[1758212982334976433],9.39,-4.053,3.982,,,
[1758212982340648516],9.136,-4.501,4.52,,,
[1758212982345843464],9.414,-4.594,4.846,,,
[1758212982350964089],9.948,-5.011,4.535,,,
[1758212982356164506],10.197,-5.124,4.125,,,
[1758212982361263673],11.418,-5.449,4.197,,,
[1758212982366430496],10.853,-5.399,3.426,,,
[1758212982372932787],12.519,-5.897,2.557,,,
[1758212982378181850],11.092,-5.794,2.239,,,
[1758212982383312162],12.831,-5.78,1.396,,,
[1758212982388429037],11.222,-5.59,1.233,,,
[1758212982393640235],12.325,-5.816,0.479,,,
[1758212982398776277],10.238,-5.076,-0.151,,,
[1758212982403972631],10.786,-4.937,-0.328,,,
[1758212982409099871],9.33,-4.784,-0.517,,,
[1758212982414288048],10.367,-4.408,-0.52,,,
[1758212982419565860],8.55,-4.183,-0.139,,,
[1758212982424718933],8.993,-4.101,-0.448,,,
[1758212982429864818],7.889,-3.792,-0.443,,,
[1758212982435026850],8.337,-3.594,0.618,,,
[1758212982440143360],6.96,-3.268,1.135,,,
[1758212982445304141],7.803,-3.007,1.176,,,
[1758212982451150860],6.61,-3.132,2.069,,,
[1758212982456642058],6.196,-2.804,2.99,,,
[1758212982461792579],7.436,-2.938,3.12,,,
[1758212982466968204],6.709,-3.299,3.294,,,
[1758212982472080808],8.279,-4.001,3.962,,,
[1758212982478353256],7.661,-4.08,3.718,,,
[1758212982484805548],9.182,-4.348,4.851,,,
[1758212982490012839],8.856,-4.468,5.291,,,
[1758212982495154766],10.082,-4.353,4.271,,,
[1758212982500267787],9.582,-4.954,4.774,,,
[1758212982505463204],10.628,-5.03,4.705,,,
[1758212982510570704],11.15,-5.413,4.52,,,
[1758212982515687266],11.286,-5.217,3.057,,,
[1758212982520791746],11.732,-5.598,2.492,,,
[1758212982525943725],11.825,-5.61,2.133,,,
[1758212982531106902],12.05,-6.045,1.839,,,
[1758212982536189558],11.921,-5.696,0.979,,,
[1758212982541289766],11.835,-5.928,0.843,,,
[1758212982546429037],11.258,-5.028,0.484,,,
[1758212982551593621],10.714,-4.997,0.733,,,
[1758212982557179193],9.634,-4.745,-0.158,,,
[1758212982562365704],10.269,-4.743,-0.527,,,
[1758212982567499141],8.509,-4.108,-0.723,,,
[1758212982572763308],9.199,-4.19,-0.424,,,
[1758212982577888829],7.302,-3.68,-0.182,,,
[1758212982583047735],8.346,-3.546,0.01,,,
[1758212982588157370],6.553,-3.349,0.855,,,
[1758212982593621277],7.705,-3.16,1.841,,,
[1758212982598852318],6.232,-2.921,2.155,,,
[1758212982604113100],7.355,-2.878,2.339,,,
[1758212982609244454],6.019,-2.971,2.459,,,
[1758212982614371485],7.535,-3.314,3.697,,,
[1758212982619474141],6.589,-3.5,4.168,,,
[1758212982624622110],8.684,-3.977,3.438,,,
[1758212982629762631],8.109,-4.453,4.209,,,
[1758212982634970235],9.043,-4.19,4.896,,,
[1758212982640195704],9.23,-4.448,4.99,,,
[1758212982645304298],9.967,-4.867,4.875,,,
[1758212982650438204],9.823,-4.937,4.377,,,
[1758212982655675183],10.836,-5.061,4.259,,,
[1758212982660814402],10.886,-5.514,4.142,,,
[1758212982666354923],11.14,-5.389,2.523,,,
[1758212982671477110],11.82,-5.911,2.634,,,
[1758212982676642787],11.914,-5.674,2.105,,,
[1758212982681780652],12.289,-5.921,1.417,,,
[1758212982686951329],11.499,-5.677,0.311,,,
[1758212982692185443],12.325,-5.55,0.694,,,
[1758212982697333100],10.149,-4.772,0.778,,,
[1758212982703130339],10.884,-4.851,0.091,,,
[1758212982711674610],9.67,-4.657,-0.249,,,
[1758212982716998516],8.945,-4.214,-0.646,,,
[1758212982722237370],9.294,-4.039,-0.792,,,
[1758212982727487475],7.276,-3.677,-0.601,,,
[1758212982732671745],7.982,-3.551,0.213,,,
[1758212982737777943],6.433,-3.091,1.171,,,
[1758212982742981068],7.537,-3.22,1.693,,,
[1758212982748161225],6.045,-2.734,1.987,,,
[1758212982753413360],7.147,-3.203,2.437,,,
[1758212982758531850],5.827,-3.06,2.677,,,
[1758212982763732318],7.762,-3.436,3.476,,,
[1758212982768831433],7.013,-3.682,3.335,,,
[1758212982774274297],8.993,-4.13,3.843,,,
[1758212982779393620],8.164,-4.003,4.839,,,
[1758212982784602266],9.476,-4.439,4.642,,,
[1758212982789788933],8.973,-4.709,4.767,,,
[1758212982795044922],10.491,-4.642,4.293,,,
[1758212982800156381],9.723,-5.004,4.496,,,
[1758212982805301589],10.953,-5.109,3.984,,,
[1758212982810726589],11.09,-5.576,3.546,,,
[1758212982815931172],11.37,-5.732,1.877,,,
[1758212982821085131],11.662,-6.014,2.195,,,
[1758212982826242943],12.227,-5.811,1.554,,,
[1758212982831412631],12.419,-5.978,1.255,,,
[1758212982836679245],11.533,-5.634,0.792,,,
[1758212982841828568],11.497,-5.48,0.974,,,
[1758212982846950547],10.034,-4.676,0.163,,,
[1758212982852069818],10.525,-4.772,-0.218,,,
[1758212982857187266],9.538,-4.52,-0.962,,,
[1758212982862372006],9.845,-4.424,-0.577,,,
[1758212982867574089],8.126,-4.087,-0.919,,,
[1758212982872807266],9.249,-4.123,-0.474,,,
[1758212982878077058],7.314,-3.766,-0.208,,,
[1758212982883580027],8.133,-3.536,0.869,,,
[1758212982888749141],6.333,-3.045,1.348,,,
[1758212982893870079],7.614,-2.928,1.879,,,
[1758212982898973412],6.065,-2.83,1.99,,,
[1758212982904105600],7.324,-2.983,2.928,,,
[1758212982909243152],6.017,-3.172,3.462,,,
[1758212982914433881],7.958,-3.529,3.481,,,
[1758212982920899506],8.234,-4.25,3.491,,,
[1758212982926153152],8.71,-4.111,3.591,,,
[1758212982931252006],9.096,-4.532,4.312,,,
[1758212982936373985],9.244,-4.482,4.008,,,
[1758212982941478256],9.783,-5.191,4.841,,,
[1758212982946614818],9.804,-4.944,4.915,,,
[1758212982951711850],11.329,-5.37,4.697,,,
[1758212982956813412],10.47,-5.191,3.792,,,
[1758212982962017735],12.11,-5.772,2.811,,,
[1758212982967287058],11.246,-5.578,2.713,,,
[1758212982972530391],12.318,-5.844,2.184,,,
[1758212982977666745],11.344,-5.825,0.998,,,
[1758212982982838464],12.639,-5.921,0.871,,,
[1758212982987992787],10.714,-5.622,0.678,,,
[1758212982994487110],11.657,-5.021,0.907,,,
[1758212982999738047],9.725,-4.65,0.33,,,
[1758212983004868933],9.922,-4.503,-1.039,,,
[1758212983009983881],9.227,-4.492,-0.915,,,
[1758212983015204037],9.105,-4.061,-0.206,,,
[1758212983020326641],8.219,-3.998,-0.129,,,
[1758212983025431329],8.234,-3.618,-0.146,,,
[1758212983031802995],7.707,-3.481,-0.096,,,
[1758212983037082839],6.522,-3.124,0.479,,,
[1758212983042249662],7.424,-3.239,1.906,,,
[1758212983047349245],5.835,-2.942,2.203,,,
[1758212983052504037],7.24,-3.16,2.816,,,
[1758212983057602683],6.316,-2.988,3.127,,,
[1758212983062799245],7.884,-3.673,3.73,,,
[1758212983067945235],7.147,-3.855,3.814,,,
[1758212983073116797],9.033,-4.408,3.563,,,
[1758212983078371016],8.133,-4.149,3.967,,,
[1758212983083523881],9.843,-4.566,4.762,,,
[1758212983088620339],8.689,-4.678,4.254,,,
[1758212983093760599],10.76,-5.057,4.393,,,
[1758212983101263881],11.116,-5.401,4.051,,,
[1758212983106531745],11.049,-5.329,3.484,,,
[1758212983111657579],11.679,-5.734,3.615,,,
[1758212983116851954],11.665,-5.763,2.102,,,
[1758212983121932214],12.285,-5.83,2.021,,,
[1758212983127041902],11.806,-5.677,1.135,,,
[1758212983132344506],12.488,-5.863,1.312,,,
[1758212983137892579],10.769,-5.468,0.247,,,
[1758212983143064766],11.583,-5.179,0.172,,,
[1758212983148187214],9.347,-4.688,-0.227,,,
[1758212983153280339],10.693,-4.709,-0.227,,,
[1758212983158356120],8.622,-4.381,-0.239,,,
[1758212983163538308],9.615,-4.14,-0.735,,,
[1758212983168655912],7.719,-3.797,-0.783,,,
[1758212983173800287],8.842,-3.852,-0.381,,,
[1758212983178903099],6.776,-3.354,0.335,,,
[1758212983184098464],7.956,-3.225,1.362,,,
[1758212983189263099],6.249,-2.993,1.812,,,
[1758212983194473204],7.23,-2.789,2.342,,,
[1758212983199588308],6.014,-3.096,2.66,,,
[1758212983204830964],7.494,-3.122,3.203,,,
[1758212983209957474],6.675,-3.524,3.689,,,
[1758212983215145495],8.305,-3.694,3.39,,,
[1758212983220336016],7.695,-4.343,4.219,,,
[1758212983225546589],8.844,-4.087,4.168,,,
[1758212983230642943],9.002,-4.659,4.264,,,
[1758212983235782162],9.747,-4.59,4.456,,,
[1758212983240959506],9.864,-4.827,4.906,,,
[1758212983247485391],9.804,-5.104,4.31,,,
[1758212983253956276],11.779,-5.564,3.855,,,
[1758212983259215079],10.91,-5.581,3.333,,,
[1758212983264402526],12.265,-5.677,2.306,,,
[1758212983269515756],11.617,-5.897,1.745,,,
[1758212983274658412],12.601,-6.103,1.36,,,
[1758212983279766120],11.602,-5.799,1.154,,,
[1758212983284881329],12.088,-5.543,0.694,,,
[1758212983289984714],10.664,-5.001,1.056,,,
[1758212983295141172],10.42,-4.626,0.17,,,
[1758212983300366329],9.55,-4.855,-0.182,,,
[1758212983305501849],9.993,-4.3,-0.352,,,
[1758212983311027058],9.134,-4.032,-0.196,,,
[1758212983316237318],8.622,-3.893,-0.737,,,
[1758212983321345547],8.231,-3.974,-0.469,,,
[1758212983326477214],7.702,-3.242,-0.328,,,
[1758212983331649714],7.573,-3.639,0.505,,,
[1758212983336824089],6.455,-2.983,1.417,,,
[1758212983341930183],7.257,-3.189,2.564,,,
[1758212983347123568],6.361,-2.875,2.224,,,
[1758212983352798256],7.415,-3.357,3.34,,,
[1758212983357958724],6.29,-3.419,3.548,,,
[1758212983363146849],8.59,-4.137,3.974,,,
[1758212983368248516],7.709,-4.128,3.812,,,
[1758212983373452266],9.44,-4.594,4.391,,,
[1758212983378572058],8.298,-4.424,4.324,,,
[1758212983383747735],10.238,-4.733,4.46,,,
[1758212983388865339],9.395,-4.738,4.436,,,
[1758212983394070026],11.138,-5.282,4.02,,,
[1758212983399255860],10.329,-5.095,4.137,,,
[1758212983404406901],12.074,-5.66,3.876,,,
[1758212983409492214],11.169,-5.624,2.816,,,
[1758212983414692370],12.656,-5.904,2.588,,,
[1758212983420139454],11.466,-6.069,2.246,,,
[1758212983425309870],12.373,-5.794,1.199,,,
[1758212983430423203],11.471,-5.734,0.699,,,
[1758212983435543516],11.485,-5.27,0.335,,,
[1758212983440648724],9.843,-5.049,-0.072,,,
[1758212983445745026],10.259,-4.587,-0.165,,,
[1758212983450825183],9.531,-4.59,-0.486,,,
[1758212983455957162],9.457,-4.037,-0.733,,,
[1758212983461501328],8.952,-4.132,-0.733,,,
[1758212983466726068],8.404,-3.95,-0.567,,,
[1758212983471879453],8.396,-3.788,-0.251,,,
[1758212983477056276],6.888,-3.141,0.378,,,
[1758212983482216485],7.561,-3.4,1.583,,,
[1758212983487336797],6.155,-2.626,1.769,,,
[1758212983492496693],7.111,-3.043,2.377,,,
[1758212983497616485],6.206,-2.777,2.133,,,
[1758212983502816849],7.338,-3.345,3.12,,,
[1758212983508053256],6.507,-3.548,3.582,,,
[1758212983513277631],8.916,-4.204,4.058,,,
[1758212983518402214],7.817,-4.063,4.36,,,
[1758212983523527162],9.498,-4.477,4.391,,,
[1758212983528768776],8.435,-4.542,5.109,,,
[1758212983537367266],9.067,-4.726,5.133,,,
[1758212983542690599],10.803,-5.222,4.432,,,
[1758212983547838933],10.123,-5.358,4.108,,,
[1758212983552964349],11.935,-5.794,3.378,,,
[1758212983558068933],11.143,-5.705,3.081,,,
[1758212983563252891],12.522,-5.911,2.339,,,
[1758212983569669401],11.404,-5.906,1.077,,,
[1758212983574942995],12.673,-5.959,1.065,,,
[1758212983580070860],11.186,-5.578,1.147,,,
[1758212983585201381],11.542,-4.982,0.405,,,
[1758212983590315651],10.24,-4.951,-0.038,,,
[1758212983595419922],10.24,-4.676,0.17,,,
[1758212983600508308],9.558,-4.487,0.242,,,
[1758212983605600495],9.321,-4.07,-0.687,,,
[1758212983610720026],8.696,-4.202,-0.79,,,
[1758212983616010391],8.672,-3.62,-0.946,,,
[1758212983621115495],7.803,-3.773,-0.132,,,
[1758212983626286797],7.544,-3.251,0.728,,,
[1758212983631437526],7.415,-3.263,1.14,,,
[1758212983637111120],6.694,-2.765,1.427,,,
[1758212983642286797],7.082,-3.05,2.547,,,
[1758212983647427474],5.947,-2.871,3.05,,,
[1758212983652639558],7.482,-3.268,3.218,,,
[1758212983657727943],6.776,-3.61,3.299,,,
[1758212983664393151],9.072,-3.931,3.565,,,
[1758212983669639037],8.107,-4.245,4.125,,,
[1758212983675117630],9.622,-4.549,4.822,,,
[1758212983680218516],9.064,-4.681,5.114,,,
[1758212983685320026],10.396,-4.652,4.432,,,
[1758212983690429662],9.735,-5.255,4.729,,,
[1758212983695575026],10.862,-5.08,4.822,,,
[1758212983700658880],11.214,-5.777,4.243,,,
[1758212983705762526],11.801,-5.715,2.933,,,
[1758212983711097787],11.897,-6.033,2.136,,,
[1758212983716655703],11.516,-5.741,1.472,,,
[1758212983721804662],12.447,-5.935,1.281,,,
[1758212983726947058],11.382,-5.533,0.534,,,
[1758212983732097422],11.497,-5.626,0.857,,,
[1758212983737280912],10.202,-4.8,0.498,,,
[1758212983743084349],10.968,-4.889,-0.247,,,
[1758212983748215183],9.115,-4.456,-1.022,,,
[1758212983753355599],9.948,-4.482,-0.807,,,
[1758212983758646797],7.963,-4.037,-0.718,,,
[1758212983763865651],8.847,-3.912,-0.668,,,
[1758212983769040860],6.907,-3.505,-0.263,,,
[1758212983774211589],8.215,-3.646,0.431,,,
[1758212983779328828],6.579,-3.208,1.712,,,
[1758212983785764089],6.955,-2.911,2.145,,,
[1758212983791003203],6.625,-3.141,2.473,,,
[1758212983796136016],6.869,-2.84,2.397,,,
[1758212983801213047],6.857,-3.34,3.349,,,
[1758212983806302110],7.489,-3.637,3.979,,,
[1758212983811381485],8.334,-4.197,4.329,,,
[1758212983816527839],8.643,-3.84,3.888,,,
[1758212983821646433],9.064,-4.53,4.606,,,
[1758212983826862943],8.887,-4.652,5.021,,,
[1758212983832140235],9.981,-5.045,5.334,,,
[1758212983837236953],9.723,-4.793,4.281,,,
[1758212983842433360],11.04,-5.593,4.456,,,
[1758212983847942839],10.659,-5.523,4.226,,,
[1758212983853115495],12.194,-5.55,3.297,,,
[1758212983858203203],11.145,-5.686,2.55,,,
[1758212983863437578],12.845,-6.012,2.301,,,
[1758212983868597735],11.442,-5.895,1.99,,,
[1758212983873726485],12.792,-5.799,1.118,,,
[1758212983878835443],11.068,-5.344,0.469,,,
[1758212983884000599],11.377,-5.073,0.342,,,
[1758212983889182682],9.404,-4.772,0.453,,,
[1758212983894781537],10.369,-4.487,-0.256,,,
[1758212983899901120],8.947,-4.427,-0.251,,,
[1758212983905017682],9.34,-4.039,-0.792,,,
[1758212983910150182],8.167,-4.029,-0.302,,,
[1758212983915359818],8.399,-3.539,-0.189,,,
[1758212983920494662],7.149,-3.613,0.249,,,
[1758212983925600026],7.728,-3.129,0.828,,,
[1758212983930745078],6.498,-2.971,1.927,,,
[1758212983935986328],6.773,-2.897,2.425,,,
[1758212983941107214],6.785,-3.055,2.308,,,
[1758212983946228047],6.706,-2.83,2.952,,,
[1758212983951321432],7.3,-3.512,4.118,,,
[1758212983956752839],7.714,-3.642,3.383,,,
[1758212983961885755],8.641,-4.207,3.555,,,
[1758212983967130078],8.169,-4.377,4.171,,,
[1758212983972366172],9.759,-4.492,4.98,,,
[1758212983977513047],8.689,-4.544,4.606,,,
[1758212983982646276],10.513,-4.76,4.961,,,
[1758212983987723724],9.718,-4.927,4.633,,,
[1758212983992980443],11.253,-5.351,4.357,,,
[1758212983998239610],10.374,-5.581,3.452,,,
[1758212984003756016],12.388,-5.971,2.172,,,
[1758212984008853932],11.126,-5.806,1.882,,,
[1758212984014062787],12.663,-5.93,1.724,,,
[1758212984019161224],11.633,-5.708,1.269,,,
[1758212984024306849],12.383,-5.713,0.97,,,
[1758212984029413464],10.772,-5.224,0.91,,,
[1758212984034546901],11.131,-4.915,-0.017,,,
[1758212984039656797],9.397,-4.697,-0.328,,,
[1758212984044891380],10.657,-4.527,-0.594,,,
[1758212984050101120],8.758,-4.487,-0.907,,,
[1758212984055242735],9.325,-3.996,-0.874,,,
[1758212984060572682],8.231,-3.979,-0.333,,,
[1758212984066180964],8.035,-3.474,-0.838,,,
[1758212984071338047],7.214,-3.414,0.414,,,
[1758212984076463828],7.039,-3.112,1.472,,,
[1758212984081647162],7.207,-3.168,1.846,,,
[1758212984086805703],6.337,-2.875,1.832,,,
[1758212984091911484],6.922,-2.954,2.253,,,
[1758212984096994401],6.467,-3.172,3.168,,,
[1758212984102207162],7.434,-3.546,3.742,,,
[1758212984107487578],7.379,-3.78,3.563,,,
[1758212984113152891],9.218,-4.386,3.694,,,
[1758212984118373203],8.097,-4.386,4.31,,,
[1758212984123489141],10.142,-4.573,4.434,,,
[1758212984128589714],8.93,-4.571,4.432,,,
[1758212984133749245],10.977,-4.992,4.422,,,
[1758212984138902682],9.948,-5.267,4.125,,,
[1758212984144041016],11.593,-5.669,3.615,,,
[1758212984149205287],10.709,-5.732,3.692,,,
[1758212984154404453],12.524,-5.753,2.507,,,
[1758212984159604818],11.665,-5.902,1.903,,,
[1758212984164777266],12.706,-5.839,1.647,,,
[1758212984169970859],11.463,-5.782,1.219,,,
[1758212984175585599],12.239,-5.258,0.148,,,
[1758212984180725755],10.755,-5.183,0.603,,,
[1758212984185840599],10.175,-4.741,0.079,,,
[1758212984191066172],9.871,-4.693,-0.153,,,
[1758212984196307995],9.747,-4.496,-0.656,,,
[1758212984201400287],8.95,-4.355,-0.397,,,
[1758212984206542734],8.54,-3.689,-0.481,,,
[1758212984213985026],8.349,-3.843,0.005,,,
[1758212984220445078],7.02,-3.338,1.537,,,
[1758212984225699245],7.547,-2.811,1.535,,,
[1758212984230796953],6.852,-3.194,1.824,,,
[1758212984235907214],6.721,-2.756,1.903,,,
[1758212984241006849],6.716,-3.103,3.417,,,
[1758212984246136328],7.056,-3.215,3.122,,,
[1758212984251239818],7.523,-3.812,3.721,,,
[1758212984256382422],8.253,-3.713,3.752,,,
[1758212984261569245],8.631,-4.326,4.221,,,
[1758212984266849297],8.801,-4.271,4.243,,,
[1758212984271955807],9.776,-4.673,4.894,,,
[1758212984277142995],9.129,-4.477,4.535,,,
[1758212984282768412],10.862,-5.085,4.676,,,
[1758212984287964818],9.95,-5.229,4.741,,,
[1758212984293075703],11.808,-5.646,4.183,,,
[1758212984298190234],10.999,-5.526,2.758,,,
[1758212984303317630],12.524,-6.05,3.036,,,
[1758212984308419557],11.123,-5.892,2.052,,,
[1758212984313649245],12.996,-6.041,1.317,,,
[1758212984318826797],11.138,-5.665,1.228,,,
[1758212984324494297],12.148,-5.595,0.443,,,
[1758212984330948828],10.321,-4.934,0.407,,,
[1758212984336200859],10.027,-4.571,-0.017,,,
[1758212984341318568],9.857,-4.657,-0.539,,,
[1758212984346464193],9.294,-4.178,-0.733,,,
[1758212984351587682],9.091,-4.207,-0.218,,,
[1758212984356694141],8.497,-3.764,-0.433,,,
[1758212984361801432],8.298,-3.721,-0.261,,,
[1758212984367009245],7.642,-3.17,-0.254,,,
[1758212984372221380],7.614,-3.455,0.687,,,
[1758212984377474141],6.364,-3.196,1.774,,,
[1758212984382712995],7.075,-3.172,2.605,,,
[1758212984392614453],7.324,-3.503,3.517,,,
[1758212984397880078],6.546,-3.278,3.536,,,
[1758212984402987839],8.284,-4.001,3.965,,,
[1758212984408105651],7.891,-4.046,3.924,,,
[1758212984413322891],9.606,-4.599,4.334,,,
[1758212984418419505],8.267,-4.341,4.805,,,
[1758212984423525443],10.195,-4.863,4.64,,,
[1758212984428631432],9.311,-4.829,4.08,,,
[1758212984436102370],10.573,-4.985,3.8,,,
[1758212984441561432],11.277,-5.588,3.68,,,
[1758212984446705755],11.262,-5.588,3.05,,,
[1758212984451777734],11.983,-5.94,2.514,,,
[1758212984456877578],11.868,-5.756,1.738,,,
[1758212984461988568],12.352,-6.235,1.942,,,
[1758212984467172109],11.899,-5.679,1.214,,,
[1758212984472381380],12.139,-5.602,1.578,,,
[1758212984477530755],10.238,-4.752,0.395,,,
[1758212984483837995],11.004,-5.054,0.177,,,
[1758212984489020443],9.345,-4.547,-0.227,,,
[1758212984495243099],9.79,-4.175,-0.565,,,
[1758212984501795286],9.036,-4.199,-0.297,,,
[1758212984507028828],7.987,-3.589,-0.539,,,
[1758212984512308307],8.217,-3.596,0.139,,,
[1758212984517442005],6.768,-3.29,0.603,,,
[1758212984522613984],7.81,-3.359,1.635,,,
[1758212984527714453],6.098,-2.784,1.396,,,
[1758212984532850859],7.489,-3.084,2.437,,,
[1758212984537948880],6.158,-2.921,3.144,,,
[1758212984543409453],7.42,-3.426,3.735,,,
[1758212984548620547],6.637,-3.675,3.493,,,
[1758212984553697943],8.746,-4.187,3.919,,,
[1758212984558778880],7.702,-4.238,4.606,,,
[1758212984563982943],9.452,-4.424,4.891,,,
[1758212984569132057],8.2,-4.233,4.774,,,
[1758212984574280703],10.199,-4.721,4.683,,,
[1758212984579398047],9.242,-4.908,4.875,,,
[1758212984584551745],11.229,-5.124,4.669,,,
[1758212984589751172],10.621,-5.31,3.692,,,
[1758212984594832422],12.007,-5.569,2.701,,,
[1758212984599943151],11.325,-5.708,2.205,,,
[1758212984605078932],12.704,-5.902,1.954,,,
[1758212984611705338],12.036,-5.986,1.812,,,
[1758212984618090703],11.066,-5.686,0.852,,,
[1758212984623342578],11.885,-5.583,0.426,,,
[1758212984628510286],9.735,-4.889,-0.424,,,
[1758212984633654349],10.827,-4.879,-0.522,,,
[1758212984638754141],9.021,-4.508,-0.366,,,
[1758212984643869974],9.996,-4.492,-1.051,,,
[1758212984650521797],8.145,-4.185,-0.429,,,
[1758212984656878411],7.719,-3.723,-0.95,,,
[1758212984662102370],7.865,-3.658,0.055,,,
[1758212984667274713],6.651,-3.309,0.508,,,
[1758212984672511120],7.216,-3.177,2.023,,,
[1758212984677657057],6.424,-2.818,2.011,,,
[1758212984682813776],7.046,-3.017,2.629,,,
[1758212984687920443],5.914,-3.11,2.971,,,
[1758212984693054401],7.685,-3.292,3.433,,,
[1758212984698167578],6.989,-3.819,3.239,,,
[1758212984703353880],9.05,-4.343,4.092,,,
[1758212984708451953],7.824,-3.991,4.503,,,
[1758212984713653568],9.589,-4.508,4.764,,,
[1758212984719278672],8.868,-4.561,4.482,,,
[1758212984724402318],10.666,-4.614,4.69,,,
[1758212984729514922],9.701,-5.2,4.719,,,
[1758212984734688880],11.624,-5.279,4.563,,,
[1758212984739772266],10.604,-5.495,3.223,,,
[1758212984744853099],12.254,-5.859,2.993,,,
[1758212984749974505],11.179,-5.856,2.523,,,
[1758212984755120390],12.426,-5.837,1.82,,,
[1758212984761031849],11.669,-6.038,0.943,,,
[1758212984767320963],11.303,-5.614,0.907,,,
[1758212984772921276],11.619,-5.346,0.438,,,
[1758212984778069193],9.704,-4.97,0.713,,,
[1758212984783208776],10.831,-4.762,0.52,,,
[1758212984788310963],8.99,-4.262,-0.687,,,
[1758212984793424870],10.096,-4.283,-0.613,,,
[1758212984798549297],7.982,-4.132,-0.97,,,
[1758212984803669922],8.916,-3.905,-0.503,,,
[1758212984808791224],7.113,-3.452,0.129,,,
[1758212984814050390],7.987,-3.273,0.493,,,
[1758212984819168932],6.359,-2.978,1.494,,,
[1758212984824587213],7.551,-3.165,1.817,,,
[1758212984829703880],6.103,-3.06,1.844,,,
[1758212984834805911],7.393,-3.086,2.787,,,
[1758212984839920026],6.551,-2.952,3.61,,,
[1758212984845056484],8.143,-3.527,3.165,,,
[1758212984850227265],7.436,-4.051,3.579,,,
[1758212984855592630],8.863,-4.286,4.164,,,
[1758212984860734505],8.475,-4.353,4.611,,,
[1758212984865903463],9.546,-4.355,4.717,,,
[1758212984871088724],9.191,-4.86,4.906,,,
[1758212984876256276],10.374,-4.707,4.353,,,
[1758212984882693776],11.305,-5.636,4.183,,,
[1758212984889120338],10.846,-5.418,3.225,,,
[1758212984895544088],11.815,-5.842,2.622,,,
[1758212984901966797],12.189,-5.95,2.825,,,
[1758212984908547213],11.298,-5.897,1.468,,,
[1758212984914926797],12.55,-5.804,1.31,,,
[1758212984920172422],11.004,-5.212,0.51,,,
[1758212984925313359],11.59,-4.922,0.515,,,
[1758212984930566015],9.943,-4.841,0.314,,,
[1758212984935714193],10.008,-4.544,-0.409,,,
[1758212984940939453],9.316,-4.537,-0.687,,,
[1758212984946097265],9.27,-4.02,-0.931,,,
[1758212984951202005],8.231,-3.766,-0.378,,,
[1758212984956342734],8.056,-3.452,-0.244,,,
[1758212984961595078],7.185,-3.603,0.211,,,
[1758212984966791328],6.931,-3.215,1.144,,,
[1758212984971912786],7.101,-3.227,2.059,,,
[1758212984977068203],6.565,-2.648,2.251,,,
[1758212984982285495],6.826,-3.021,2.729,,,
[1758212984987425286],6.697,-3.163,3.603,,,
[1758212984992621432],7.98,-3.618,3.203,,,
[1758212984997732578],7.161,-3.924,3.287,,,
[1758212985002863515],9.206,-4.539,4.226,,,
[1758212985007938463],8.09,-4.25,4.403,,,
[1758212985013546797],9.766,-4.594,4.233,,,
[1758212985018686120],8.921,-4.729,4.827,,,
[1758212985023795651],10.81,-5.021,4.958,,,
[1758212985028906901],9.606,-5.119,4.353,,,
[1758212985034035338],11.753,-5.224,3.847,,,
[1758212985039544453],10.87,-5.674,3.567,,,
[1758212985044718203],12.347,-5.902,2.744,,,
[1758212985049829870],11.516,-5.861,1.812,,,
[1758212985055070859],12.797,-5.997,1.729,,,
[1758212985060268932],11.504,-5.708,1.532,,,
[1758212985065465807],12.301,-5.665,0.373,,,
[1758212985070586588],10.762,-5.32,0.589,,,
[1758212985075726953],10.879,-4.745,0.395,,,
[1758212985080851901],9.934,-4.654,0.129,,,
[1758212985085979817],9.972,-4.295,-0.577,,,
[1758212985091096120],9.141,-4.329,-0.776,,,
[1758212985096271484],8.806,-3.771,-0.761,,,
[1758212985101451536],8.049,-3.984,-0.309,,,
[1758212985106570078],7.7,-3.428,-0.213,,,
[1758212985111689401],7.135,-3.239,0.895,,,
[1758212985117446536],6.725,-2.964,1.257,,,
[1758212985122652786],7.022,-2.938,1.729,,,
[1758212985127736640],6.12,-2.959,2.624,,,
[1758212985132905911],7.092,-3.254,2.945,,,
[1758212985138001953],6.285,-3.179,3.668,,,
[1758212985143114453],8.404,-3.84,3.989,,,
[1758212985149050651],7.614,-4.125,4.549,,,
[1758212985154713151],9.337,-4.334,3.998,,,
[1758212985159935599],8.332,-4.571,4.69,,,
[1758212985165104245],10.068,-4.638,5.164,,,
[1758212985170196224],9.639,-4.798,4.899,,,
[1758212985175375807],10.716,-4.769,4.331,,,
[1758212985180524505],10.171,-5.344,3.73,,,
[1758212985185604661],11.756,-5.442,3.481,,,
[1758212985190718307],11.186,-5.823,2.789,,,
[1758212985195880286],12.407,-6.086,1.93,,,
[1758212985201074401],11.712,-6.129,2.121,,,
[1758212985206209401],12.005,-5.804,1.386,,,
[1758212985211339817],11.863,-5.83,1.223,,,
[1758212985216584244],11.509,-5.339,0.323,,,
[1758212985221714453],10.566,-5.064,-0.184,,,
[1758212985227193203],10.029,-4.657,-0.716,,,
[1758212985232382109],10.341,-4.566,-0.603,,,
[1758212985237507369],8.966,-4.29,-1.049,,,
[1758212985242679036],9.328,-4.233,-0.742,,,
[1758212985247797578],7.97,-3.965,-0.646,,,
[1758212985252929505],8.578,-3.546,0.464,,,
[1758212985258026588],7.156,-3.112,1.051,,,
[1758212985263569661],7.863,-3.29,1.343,,,
[1758212985268783151],6.153,-2.938,1.518,,,
[1758212985274016901],7.209,-3.311,2.444,,,
[1758212985279150338],6.065,-2.799,2.715,,,
[1758212985284299765],7.695,-3.077,2.705,,,
[1758212985289447109],6.622,-3.326,2.868,,,
[1758212985294535755],8.871,-4.144,3.845,,,
[1758212985299611380],7.992,-4.092,4.235,,,
[1758212985304759765],9.385,-4.403,4.044,,,
[1758212985309882630],8.715,-4.238,4.252,,,
[1758212985315145182],10.379,-4.836,5.071,,,
[1758212985320334140],9.414,-4.982,5.27,,,
[1758212985325510130],10.659,-4.975,4.523,,,
[1758212985330644036],10.544,-5.377,3.845,,,
[1758212985336140182],11.511,-5.557,2.959,,,
[1758212985341288932],11.36,-6.007,2.725,,,
[1758212985346369297],12.184,-5.617,1.901,,,
[1758212985351442578],11.586,-6.136,1.664,,,
[1758212985356554297],11.605,-5.583,1.386,,,
[1758212985361653932],11.803,-5.871,0.907,,,
[1758212985368192213],10.192,-4.963,0.328,,,
[1758212985373448984],10.987,-4.937,-0.127,,,
[1758212985378603099],8.995,-4.58,-0.259,,,
[1758212985383742890],10.161,-4.664,-0.718,,,
[1758212985388859349],8.267,-4.183,-0.649,,,
[1758212985394070182],9.38,-4.276,-0.208,,,
[1758212985399208307],7.324,-3.749,-0.347,,,
[1758212985404348099],8.368,-3.618,0.055,,,
[1758212985409524817],6.282,-3.22,1.082,,,
[1758212985414818724],7.389,-3.328,1.7,,,
[1758212985419924765],6.237,-2.78,1.958,,,
[1758212985425043515],7.197,-2.993,2.409,,,
[1758212985430125078],6.084,-3.021,3.256,,,
[1758212985435219817],7.496,-3.359,3.06,,,
[1758212985440350703],7.13,-3.754,3.747,,,
[1758212985447020078],8.222,-4.274,3.651,,,
[1758212985453475494],9.534,-4.35,4.128,,,
[1758212985458712890],8.703,-4.554,4.618,,,
[1758212985463905651],10.326,-4.922,5.126,,,
[1758212985469010026],9.29,-4.961,4.714,,,
[1758212985475388359],11.147,-5.274,4.233,,,
[1758212985480615807],10.482,-5.583,3.579,,,
[1758212985485736276],12.244,-5.473,3.026,,,
[1758212985490834036],11.511,-5.885,2.579,,,
[1758212985495953359],11.942,-5.686,1.858,,,
[1758212985501045026],11.849,-5.839,1.697,,,
[1758212985506149921],12.024,-5.777,1.199,,,
[1758212985511253828],11.389,-5.964,0.615,,,
[1758212985516462265],11.032,-5.171,0.156,,,
[1758212985521653099],10.218,-4.805,-0.124,,,
[1758212985526783203],10.362,-4.52,-0.816,,,
[1758212985531882265],9.589,-4.63,-0.728,,,
[1758212985537003619],8.607,-4.041,-1.008,,,
[1758212985542092994],8.863,-4.142,-0.508,,,
[1758212985547220182],7.954,-3.388,-0.687,,,
[1758212985552872161],8.097,-3.464,0.668,,,
[1758212985558026692],6.687,-3.297,0.457,,,
[1758212985563220703],7.7,-3.225,1.621,,,
[1758212985568326067],6.079,-3.031,1.99,,,
[1758212985573510234],7.458,-3.144,2.31,,,
[1758212985578639869],5.849,-2.909,2.945,,,
[1758212985584085911],7.685,-3.359,2.758,,,
[1758212985589189557],7.111,-3.757,3.417,,,
[1758212985594340911],8.997,-4.144,3.534,,,
[1758212985599567421],7.898,-4.254,3.804,,,
[1758212985604728880],9.922,-4.889,4.633,,,
[1758212985609843046],8.507,-4.75,5.227,,,
[1758212985615084088],10.671,-4.879,5.179,,,
[1758212985620207473],9.823,-5.018,4.724,,,
[1758212985625310338],10.999,-5.32,4.003,,,
[1758212985630451432],10.879,-5.552,4.015,,,
[1758212985635683046],12.0,-5.77,2.923,,,
[1758212985640910442],11.068,-5.847,2.231,,,
[1758212985646014661],12.682,-5.863,1.676,,,
[1758212985651103203],11.918,-6.055,1.93,,,
[1758212985656275286],12.016,-5.655,1.204,,,
[1758212985663571848],11.808,-5.452,0.984,,,
[1758212985670377786],9.507,-4.784,0.388,,,
[1758212985675784088],10.47,-4.685,-0.599,,,
[1758212985680952890],9.081,-4.609,-0.97,,,
[1758212985686091171],9.493,-3.991,-0.871,,,
[1758212985691446119],8.686,-4.128,-0.397,,,
[1758212985697887578],7.228,-3.385,-0.761,,,
[1758212985703104661],7.733,-3.474,0.096,,,
[1758212985708182734],6.74,-3.158,0.637,,,
[1758212985713355130],7.087,-3.194,1.501,,,
[1758212985718447369],5.734,-2.868,2.136,,,
[1758212985723539505],7.264,-2.969,3.029,,,
[1758212985728621901],5.818,-3.017,3.156,,,
[1758212985733747421],7.879,-3.527,3.551,,,
[1758212985738937421],7.123,-3.783,3.077,,,
[1758212985744128098],8.926,-4.42,4.046,,,
[1758212985749221484],8.049,-4.214,4.604,,,
[1758212985754312265],10.008,-4.537,4.506,,,
[1758212985759397682],8.559,-4.561,4.8,,,
[1758212985764561432],10.465,-5.071,4.448,,,
[1758212985770227005],10.003,-5.186,4.132,,,
[1758212985775357369],11.365,-5.243,4.173,,,
[1758212985780487005],10.719,-5.722,3.78,,,
[1758212985785620911],11.935,-5.825,2.732,,,
[1758212985790755598],11.511,-6.074,2.365,,,
[1758212985795868932],12.507,-5.684,1.851,,,
[1758212985806150807],12.079,-5.701,0.582,,,
[1758212985813344140],11.346,-5.212,0.151,,,
[1758212985818599140],9.756,-4.729,0.136,,,
[1758212985823685755],10.678,-4.724,0.352,,,
[1758212985828775026],8.787,-4.427,-0.175,,,
[1758212985833915442],9.687,-4.367,-0.089,,,
[1758212985839026067],7.882,-4.132,-0.651,,,
[1758212985844116432],8.753,-3.725,-0.045,,,
[1758212985849202057],6.898,-3.584,0.752,,,
[1758212985854354088],7.903,-3.666,0.577,,,
[1758212985859533932],6.237,-3.021,1.475,,,
[1758212985864750546],7.547,-2.988,2.55,,,
[1758212985869832630],5.947,-2.595,2.468,,,
[1758212985875025234],7.367,-3.053,2.435,,,
[1758212985880756588],6.34,-3.484,3.421,,,
[1758212985885878880],7.963,-3.639,3.548,,,
[1758212985891001744],8.085,-4.12,4.331,,,
[1758212985896152890],8.672,-4.202,3.594,,,
[1758212985901224609],8.645,-4.463,3.898,,,
[1758212985906305234],9.649,-4.367,5.511,,,
[1758212985911429869],9.263,-4.786,4.721,,,
[1758212985916923307],10.13,-4.901,3.922,,,
[1758212985922261380],11.135,-5.306,3.733,,,
[1758212985929132057],10.688,-5.54,3.129,,,
[1758212985934513515],12.316,-6.242,2.67,,,
[1758212985939610286],11.059,-5.95,2.093,,,
[1758212985944787734],12.792,-5.837,1.544,,,
[1758212985949868984],11.425,-5.722,1.12,,,
[1758212985954961953],12.201,-5.77,0.879,,,
[1758212985960040755],10.623,-5.207,0.948,,,
[1758212985965208411],11.214,-4.863,-0.069,,,
[1758212985970419140],9.661,-4.726,-0.546,,,
[1758212985975688723],10.333,-4.439,-0.943,,,
[1758212985980960546],8.622,-4.408,-0.314,,,
[1758212985987581692],8.277,-3.96,-0.572,,,
[1758212985994404140],8.595,-3.68,-0.041,,,
[1758212985999771119],6.68,-3.517,0.328,,,
[1758212986004892786],8.119,-3.129,0.958,,,
[1758212986009979192],6.074,-2.931,1.659,,,
[1758212986015128880],7.264,-2.952,2.167,,,
[1758212986020196119],5.986,-2.971,2.461,,,
[1758212986025294713],7.068,-2.976,3.062,,,
[1758212986032807890],7.219,-3.656,3.203,,,
[1758212986038129921],7.75,-4.029,3.778,,,
[1758212986043325911],9.045,-4.259,4.446,,,
[1758212986048397213],8.207,-4.386,4.444,,,
[1758212986053499244],10.116,-4.748,4.954,,,
[1758212986058647005],8.899,-4.884,4.99,,,
[1758212986063783619],11.03,-5.174,4.618,,,
[1758212986068864921],10.108,-5.224,4.611,,,
[1758212986074018359],11.854,-5.619,3.608,,,
[1758212986079185130],10.903,-5.799,2.717,,,
[1758212986084411536],12.416,-5.928,2.794,,,
[1758212986089604609],11.143,-5.677,2.004,,,
[1758212986095204869],12.613,-6.019,0.903,,,
[1758212986100325755],11.734,-5.787,1.247,,,
[1758212986105427161],12.11,-5.432,1.554,,,
[1758212986110531484],10.714,-5.174,0.62,,,
[1758212986115749609],10.817,-4.647,0.572,,,
[1758212986120859921],9.579,-4.623,-0.491,,,
[1758212986125978880],10.135,-4.389,0.01,,,
[1758212986131069557],8.497,-4.415,0.019,,,
[1758212986136222109],9.23,-4.008,-0.936,,,
[1758212986141402109],8.152,-3.783,-0.215,,,
[1758212986147871327],7.166,-3.132,-0.223,,,
[1758212986154738827],7.748,-3.127,1.334,,,
[1758212986159961171],6.048,-2.763,2.368,,,
[1758212986165146588],7.269,-2.909,2.064,,,
[1758212986170248515],5.808,-3.06,2.842,,,
[1758212986175371848],7.506,-3.117,3.278,,,
[1758212986180515442],6.479,-3.393,3.388,,,
[1758212986185635546],8.387,-3.852,3.814,,,
[1758212986190736223],8.121,-3.991,4.063,,,
[1758212986195899192],9.335,-4.252,4.238,,,
[1758212986201549244],8.622,-4.705,4.714,,,
[1758212986206665911],9.668,-4.494,4.748,,,
[1758212986211779452],10.254,-5.112,4.7,,,
[1758212986216980338],10.463,-4.973,4.173,,,
[1758212986222059869],11.032,-5.665,4.369,,,
[1758212986227170182],11.358,-5.583,3.223,,,
[1758212986232336848],11.495,-6.074,2.519,,,
[1758212986237449817],11.672,-5.782,1.853,,,
[1758212986242615390],12.771,-6.179,1.961,,,
[1758212986247786380],11.571,-5.787,1.013,,,
[1758212986254405442],12.378,-5.78,0.706,,,
[1758212986259627005],10.183,-5.1,0.292,,,
[1758212986264775598],10.728,-4.602,0.024,,,
[1758212986269878463],9.364,-4.48,-0.278,,,
[1758212986275035234],10.12,-4.513,-0.357,,,
[1758212986280179869],8.454,-4.013,-0.567,,,
[1758212986285299088],9.206,-3.974,-0.52,,,
[1758212986290398723],7.618,-3.701,0.089,,,
[1758212986295627525],8.32,-3.436,0.508,,,
[1758212986300863827],6.867,-3.321,0.95,,,
[1758212986306595286],7.393,-2.873,1.42,,,
[1758212986311712838],6.249,-3.177,2.392,,,
[1758212986316899765],6.697,-2.89,2.794,,,
[1758212986322039504],7.041,-3.045,2.892,,,
[1758212986327156119],6.812,-3.002,2.71,,,
[1758212986332315390],7.767,-3.843,3.572,,,
[1758212986337460234],8.346,-3.994,4.228,,,
[1758212986342626432],8.873,-4.405,4.523,,,
[1758212986347792577],8.839,-4.259,5.045,,,
[1758212986353049348],10.113,-4.994,5.452,,,
[1758212986358641484],9.301,-4.767,4.621,,,
[1758212986364931171],11.332,-5.346,3.881,,,
[1758212986370150650],10.515,-5.349,4.221,,,
[1758212986375264244],12.012,-5.665,3.673,,,
[1758212986380379400],11.317,-5.586,2.658,,,
[1758212986385527890],12.584,-5.844,2.354,,,
[1758212986390619036],11.437,-5.906,2.186,,,
[1758212986395740025],12.68,-5.741,1.355,,,
[1758212986400865754],11.102,-5.593,1.128,,,
[1758212986406076640],11.289,-4.954,0.572,,,
[1758212986413873202],10.69,-4.824,0.634,,,
[1758212986419403359],9.079,-4.487,-0.366,,,
[1758212986424573411],10.168,-4.508,-0.783,,,
[1758212986429735859],8.231,-4.058,-0.536,,,
[1758212986434907994],9.495,-3.828,-0.424,,,
[1758212986440032161],7.57,-3.517,-0.249,,,
[1758212986445141796],8.03,-3.376,0.151,,,
[1758212986450243723],6.563,-3.242,1.166,,,
[1758212986455384348],7.496,-2.969,1.743,,,
[1758212986460566327],6.218,-2.782,2.272,,,
[1758212986466180807],6.673,-2.823,2.863,,,
[1758212986471310807],6.512,-3.242,3.084,,,
[1758212986476440754],7.372,-3.259,3.412,,,
[1758212986481545911],7.707,-3.881,3.603,,,
[1758212986486691067],8.638,-4.073,3.958,,,
[1758212986491774504],8.329,-4.424,4.544,,,
[1758212986496892629],9.167,-4.271,4.362,,,
[1758212986501990286],9.22,-4.743,4.853,,,
[1758212986507183046],10.005,-4.808,4.35,,,
[1758212986512541067],10.652,-5.246,4.389,,,
[1758212986518110650],10.807,-5.334,3.814,,,
[1758212986523274348],11.76,-5.902,3.223,,,
[1758212986528398046],11.186,-5.866,2.77,,,
[1758212986533550494],12.558,-6.076,2.902,,,
[1758212986538673046],11.234,-5.748,1.705,,,
[1758212986543787734],12.847,-5.899,1.12,,,
[1758212986548921796],11.145,-5.545,1.575,,,
[1758212986554053775],12.093,-5.545,0.534,,,
[1758212986559214244],9.881,-4.877,-0.113,,,
[1758212986564497838],10.874,-4.726,-0.352,,,
[1758212986569622161],9.043,-4.518,-0.611,,,
[1758212986576186275],9.661,-4.173,-0.778,,,
[1758212986581469452],8.586,-4.257,-0.484,,,
[1758212986586614452],8.413,-3.484,-0.388,,,
[1758212986591710181],7.791,-3.469,0.553,,,
[1758212986596910025],7.551,-3.203,0.905,,,
[1758212986602734192],7.357,-3.175,1.417,,,
[1758212986607905494],6.467,-2.82,1.853,,,
[1758212986613134296],6.914,-2.938,2.679,,,
[1758212986618276640],6.086,-2.897,2.983,,,
[1758212986623857994],7.719,-3.563,3.654,,,
[1758212986629016275],6.812,-3.728,3.536,,,
[1758212986634157213],9.074,-4.154,3.706,,,
[1758212986639282786],7.932,-4.254,5.018,,,
[1758212986644403202],9.68,-4.448,4.922,,,
[1758212986649508515],8.679,-4.532,4.75,,,
[1758212986654638046],10.767,-5.078,4.623,,,
[1758212986659816484],9.747,-5.028,4.489,,,
[1758212986665148619],11.559,-5.389,3.713,,,
[1758212986670363411],10.697,-5.447,3.0,,,
[1758212986675547265],12.366,-5.897,2.895,,,
[1758212986681020129],11.396,-5.904,2.772,,,
[1758212986686186275],12.455,-6.117,1.913,,,
[1758212986691300754],11.6,-5.99,1.513,,,
[1758212986696440650],12.359,-5.689,1.01,,,
[1758212986701565181],10.772,-5.514,0.831,,,
[1758212986706851067],10.57,-4.738,-0.582,,,
[1758212986712050598],10.345,-4.791,-0.115,,,
[1758212986717251796],9.802,-4.561,-0.115,,,
[1758212986722403671],9.443,-4.293,-0.278,,,
[1758212986727510025],8.765,-3.73,-0.654,,,
[1758212986734068515],8.918,-3.9,-0.199,,,
[1758212986739295494],7.068,-3.457,0.129,,,
[1758212986744440286],8.1,-3.493,0.704,,,
[1758212986750636119],6.378,-3.177,1.432,,,
[1758212986756239608],7.183,-2.851,1.836,,,
[1758212986761334765],6.33,-3.084,2.526,,,
[1758212986766507004],6.97,-3.033,2.593,,,
[1758212986771598411],6.452,-3.156,3.517,,,
[1758212986776714869],7.884,-3.577,3.754,,,
[1758212986781799608],7.707,-4.331,4.31,,,
[1758212986787451015],8.452,-4.262,4.087,,,
[1758212986793477577],9.366,-4.465,4.678,,,
[1758212986799121692],8.772,-4.65,4.906,,,
[1758212986804253983],10.719,-4.985,5.389,,,
[1758212986809355598],9.687,-5.057,4.18,,,
[1758212986814579921],11.851,-5.77,3.924,,,
[1758212986819722265],10.642,-5.78,3.242,,,
[1758212986824842421],12.507,-6.038,2.195,,,
[1758212986829955025],10.956,-5.94,1.925,,,
[1758212986835110233],12.61,-6.038,1.669,,,
[1758212986840590025],11.516,-5.923,1.262,,,
[1758212986845840911],12.471,-5.346,0.788,,,
[1758212986850950129],10.573,-5.253,0.733,,,
[1758212986856096640],10.618,-4.731,0.409,,,
[1758212986861214973],9.689,-4.657,0.579,,,
[1758212986866433775],9.957,-4.434,-0.23,,,
[1758212986871566119],9.062,-4.475,-0.599,,,
[1758212986876696327],9.076,-3.941,-0.881,,,
[1758212986881857056],8.2,-3.888,-0.651,,,
[1758212986887114192],8.033,-3.496,-0.199,,,
[1758212986892395963],7.661,-3.517,1.003,,,
[1758212986897589608],7.077,-2.804,1.051,,,
[1758212986904628306],7.41,-3.096,1.985,,,
[1758212986909878046],5.538,-2.863,2.318,,,
[1758212986915058254],7.575,-2.993,2.983,,,
[1758212986920150129],5.986,-3.223,3.768,,,
[1758212986925280442],8.246,-3.632,3.627,,,
[1758212986930370077],7.769,-3.994,4.156,,,
[1758212986935453098],9.05,-4.197,4.805,,,
[1758212986940561067],8.365,-4.377,4.803,,,
[1758212986946043410],9.996,-4.748,4.803,,,
[1758212986951280494],9.129,-4.841,5.011,,,
[1758212986956387421],10.111,-4.927,4.865,,,
[1758212986961501171],10.628,-5.15,4.556,,,
[1758212986966739869],11.454,-5.296,3.546,,,
[1758212986971825754],11.344,-5.782,3.251,,,
[1758212986976952421],12.055,-5.732,1.678,,,
[1758212986982076640],11.921,-5.957,2.215,,,
[1758212986987280650],12.543,-5.823,1.202,,,
[1758212986992610910],12.277,-6.079,1.116,,,
[1758212986997747681],11.088,-5.473,0.752,,,
[1758212987002943046],11.157,-5.296,0.469,,,
[1758212987008408463],10.01,-4.508,0.206,,,
[1758212987013643983],10.623,-4.678,-0.357,,,
[1758212987018767838],8.892,-4.319,-0.778,,,
[1758212987023902421],9.608,-4.197,-0.682,,,
[1758212987032485702],8.25,-3.694,-0.273,,,
[1758212987037895963],7.434,-3.302,-0.072,,,
[1758212987044220077],7.726,-3.285,1.252,,,
[1758212987051208202],6.211,-3.172,2.26,,,
[1758212987056747473],6.914,-2.672,2.037,,,
[1758212987061864140],6.539,-2.878,2.787,,,
[1758212987067056900],7.192,-2.899,3.072,,,
[1758212987072203931],7.278,-3.625,3.68,,,
[1758212987077332369],8.073,-3.694,3.867,,,
[1758212987082500025],8.497,-4.24,4.511,,,
[1758212987087687942],8.301,-4.156,4.317,,,
[1758212987092877369],9.455,-4.367,4.956,,,
[1758212987098079973],9.194,-4.568,4.798,,,
[1758212987103195025],10.709,-5.32,4.513,,,
[1758212987108300702],10.199,-5.126,4.235,,,
[1758212987115686275],11.732,-5.612,3.0,,,
[1758212987121155494],11.214,-5.875,3.074,,,
[1758212987126324244],12.146,-5.789,2.248,,,
[1758212987131426015],11.645,-5.866,1.561,,,
[1758212987136559035],12.498,-5.818,1.257,,,
[1758212987141653827],11.77,-5.986,1.324,,,
[1758212987146763931],11.928,-5.267,0.611,,,
[1758212987151866119],10.539,-5.136,0.354,,,
[1758212987157028983],10.173,-4.891,0.208,,,
[1758212987162571692],9.857,-4.609,-0.852,,,
[1758212987168966327],8.521,-4.386,-0.254,,,
[1758212987174221692],9.369,-4.24,-0.055,,,
[1758212987179380337],7.472,-3.61,-0.536,,,
[1758212987184543150],8.818,-3.606,-0.457,,,
[1758212987189716119],6.701,-3.28,0.802,,,
[1758212987196437681],7.271,-3.098,1.506,,,
[1758212987201672212],6.27,-2.952,2.169,,,
[1758212987206794400],6.984,-2.787,1.642,,,
[1758212987211918254],6.22,-3.014,2.32,,,
[1758212987217137473],6.788,-3.349,3.196,,,
[1758212987222626535],7.384,-3.967,3.694,,,
[1758212987227729348],8.219,-3.847,3.376,,,
[1758212987232906692],8.708,-4.336,4.604,,,
[1758212987238069765],8.31,-4.247,4.482,,,
[1758212987243314348],9.742,-4.609,4.841,,,
[1758212987248417056],9.347,-4.843,4.456,,,
[1758212987253539035],10.882,-5.301,4.523,,,
[1758212987258657265],10.099,-5.028,4.094,,,
[1758212987263866952],11.679,-5.835,3.948,,,
[1758212987271210233],11.38,-6.127,3.436,,,
[1758212987276652890],12.146,-5.923,2.418,,,
[1758212987281842317],11.947,-6.141,1.827,,,
[1758212987286986067],12.213,-5.701,1.231,,,
[1758212987292072942],11.451,-5.76,0.874,,,
[1758212987297208202],10.999,-5.193,0.431,,,
[1758212987302417785],10.59,-4.757,0.417,,,
[1758212987307554973],9.936,-4.19,-0.541,,,
[1758212987312781431],10.046,-4.638,-0.022,,,
[1758212987318016848],9.124,-4.116,-0.314,,,
[1758212987323202265],8.847,-4.087,-0.172,,,
[1758212987329765285],7.487,-3.4,-0.211,,,
[1758212987336035598],8.126,-3.393,0.235,,,
[1758212987341331848],7.168,-3.223,1.19,,,
[1758212987347573306],6.606,-3.045,1.439,,,
[1758212987355438983],7.436,-2.914,2.49,,,
[1758212987360647681],6.218,-2.988,3.005,,,
[1758212987365853775],7.527,-3.354,3.421,,,
[1758212987370972056],6.831,-3.469,3.85,,,
[1758212987376490129],8.507,-4.051,3.821,,,
[1758212987381611900],8.406,-4.322,4.281,,,
[1758212987386734973],9.055,-4.331,4.542,,,
[1758212987391822942],9.222,-4.551,4.453,,,
[1758212987396937421],10.106,-4.875,4.393,,,
[1758212987402033514],10.137,-5.255,4.666,,,
[1758212987407148306],10.791,-5.195,4.075,,,
[1758212987412396119],10.812,-5.55,3.45,,,
[1758212987417596223],11.226,-5.653,2.157,,,
[1758212987422825181],11.995,-6.227,2.504,,,
[1758212987428016067],11.533,-5.679,1.851,,,
[1758212987433138514],12.275,-6.055,1.197,,,
[1758212987439601952],11.176,-5.796,0.824,,,
[1758212987444839556],11.902,-5.38,0.46,,,
[1758212987449936796],9.759,-4.867,0.069,,,
[1758212987455091639],10.697,-4.908,-0.373,,,
[1758212987460200598],9.033,-4.623,-0.725,,,
[1758212987465384452],10.07,-4.252,-0.632,,,
[1758212987470494452],7.932,-3.991,-0.165,,,
[1758212987475636587],8.964,-3.701,-0.273,,,
[1758212987480762212],7.496,-3.517,-0.069,,,
[1758212987486387317],8.258,-3.105,0.848,,,
[1758212987491992264],6.919,-3.215,1.448,,,
[1758212987497126587],7.013,-2.813,1.688,,,
[1758212987502356379],6.524,-2.978,2.859,,,
[1758212987507488150],6.812,-2.873,2.55,,,
[1758212987512691744],7.3,-3.328,3.026,,,
[1758212987517842160],7.089,-3.467,3.462,,,
[1758212987523020233],8.44,-3.991,4.027,,,
[1758212987528234296],8.119,-3.895,3.737,,,
[1758212987533354087],9.026,-4.401,4.602,,,
[1758212987538489035],8.61,-4.398,4.688,,,
[1758212987543966587],10.238,-4.757,4.779,,,
[1758212987549154348],9.385,-4.611,5.047,,,
[1758212987554278202],11.21,-5.291,4.786,,,
[1758212987559386483],10.353,-5.227,3.632,,,
[1758212987564575285],12.143,-5.909,3.366,,,
[1758212987569735598],11.246,-6.127,3.086,,,
[1758212987574864660],12.495,-6.16,2.224,,,
[1758212987579969035],11.521,-5.832,1.63,,,
[1758212987585132889],12.598,-6.076,0.953,,,
[1758212987590348202],11.018,-5.526,0.754,,,
[1758212987595859660],11.552,-4.942,0.283,,,
[1758212987600991691],9.967,-4.745,-0.024,,,
[1758212987606115129],10.539,-4.305,-0.249,,,
[1758212987611235962],9.1,-4.578,-0.33,,,
[1758212987616454139],9.213,-4.156,-0.22,,,
[1758212987621581587],8.124,-3.859,-0.625,,,
[1758212987626694712],8.641,-3.565,-0.065,,,
[1758212987631817316],7.245,-3.587,0.838,,,
[1758212987637194087],7.266,-3.201,0.472,,,
[1758212987644203983],7.554,-3.105,2.025,,,
[1758212987650671691],5.926,-2.777,2.394,,,
[1758212987655857212],7.257,-2.962,2.734,,,
[1758212987660964712],5.859,-3.168,3.373,,,
[1758212987666178879],7.774,-3.613,3.596,,,
[1758212987671250754],7.74,-4.118,4.195,,,
[1758212987676311952],8.88,-4.037,3.833,,,
[1758212987681461848],8.308,-4.427,4.465,,,
[1758212987686761223],9.603,-4.326,4.472,,,
[1758212987691921900],9.122,-4.911,4.508,,,
[1758212987697116223],9.996,-4.922,3.845,,,
[1758212987702706171],10.716,-5.08,4.511,,,
[1758212987707953931],10.877,-5.08,3.68,,,
[1758212987713182212],12.141,-5.978,3.213,,,
[1758212987718309608],11.32,-5.856,2.602,,,
[1758212987723414869],12.416,-6.12,2.641,,,
[1758212987728594244],11.605,-5.844,1.398,,,
[1758212987733801900],12.79,-6.048,1.487,,,
[1758212987738933462],11.205,-5.533,0.661,,,
[1758212987744222837],11.535,-5.282,0.323,,,
[1758212987749358202],9.55,-4.642,-0.022,,,
[1758212987754475441],10.755,-4.851,-0.113,,,
[1758212987761234191],8.923,-4.484,-0.541,,,
[1758212987767644921],8.875,-3.95,-0.642,,,
[1758212987774071848],8.863,-3.778,-0.067,,,
[1758212987779314400],6.91,-3.194,0.156,,,
[1758212987784516535],8.162,-3.335,0.488,,,
[1758212987791358723],6.33,-3.045,1.578,,,
[1758212987797731848],6.548,-2.969,1.894,,,
[1758212987804051118],7.063,-3.141,2.413,,,
[1758212987810505546],6.299,-3.421,3.438,,,
[1758212987816848150],8.195,-3.61,3.689,,,
[1758212987822047264],7.901,-3.891,3.91,,,
[1758212987827146691],8.55,-4.106,4.317,,,
[1758212987832296900],8.712,-4.628,4.199,,,
[1758212987837437368],9.084,-4.408,4.573,,,
[1758212987842598046],10.08,-5.133,5.028,,,
[1758212987847698566],10.278,-5.186,4.451,,,
[1758212987852880129],11.298,-5.48,4.566,,,
[1758212987858013462],10.985,-5.222,3.68,,,
[1758212987863263723],12.033,-5.966,3.084,,,
[1758212987868758514],11.104,-5.856,2.303,,,
[1758212987873897785],12.546,-6.117,1.896,,,
[1758212987879005910],11.614,-5.906,1.305,,,
[1758212987884137993],12.414,-5.744,1.041,,,
[1758212987889260546],10.611,-5.488,0.294,,,
[1758212987894398358],11.315,-5.215,0.036,,,
[1758212987899500181],9.519,-4.594,-0.036,,,
[1758212987904639348],10.645,-4.836,0.189,,,
[1758212987909834139],8.803,-4.369,-0.385,,,
[1758212987915576639],9.546,-4.092,-1.063,,,
[1758212987921972264],8.313,-3.792,-0.285,,,
[1758212987927206900],8.171,-3.57,0.345,,,
[1758212987932428775],6.955,-3.17,0.895,,,
[1758212987939139608],6.385,-3.141,1.353,,,
[1758212987945103098],7.343,-3.115,2.004,,,
[1758212987950289087],5.722,-3.062,2.219,,,
[1758212987955423150],7.496,-3.359,2.966,,,
[1758212987960530129],6.081,-3.349,3.582,,,
[1758212987965729921],8.243,-3.658,2.916,,,
[1758212987970839764],7.951,-4.051,4.195,,,
[1758212987976268671],9.048,-4.322,4.494,,,
[1758212987981382264],8.509,-4.441,4.511,,,
[1758212987986584035],9.852,-4.575,4.81,,,
[1758212987991773983],9.33,-5.033,5.054,,,
[1758212987996890441],10.527,-4.999,4.298,,,
[1758212988001996014],10.702,-5.394,4.405,,,
[1758212988007113358],11.272,-5.217,3.709,,,
[1758212988012276848],11.578,-5.976,3.036,,,
[1758212988017459452],11.741,-5.741,1.607,,,
[1758212988022663827],12.05,-6.124,1.901,,,
[1758212988029190285],11.547,-5.844,1.396,,,
[1758212988034399712],12.543,-5.842,1.097,,,
[1758212988039527837],10.669,-5.377,0.057,,,
[1758212988044713254],11.645,-5.112,-0.127,,,
[1758212988049817629],9.515,-4.408,-0.115,,,
[1758212988054944400],10.69,-4.635,-0.225,,,
[1758212988060056431],8.471,-4.393,-0.675,,,
[1758212988065271014],9.268,-4.046,-1.063,,,
[1758212988070410754],7.731,-3.613,-0.771,,,
[1758212988075580962],8.655,-3.804,-0.563,,,
[1758212988080756170],6.656,-3.297,0.476,,,
[1758212988087894764],7.075,-3.163,1.549,,,
[1758212988094216535],7.3,-3.091,1.841,,,
[1758212988099415337],5.567,-2.658,2.579,,,
[1758212988104524608],7.367,-3.136,3.16,,,
[1758212988109629295],6.158,-3.268,3.338,,,
[1758212988114799191],8.121,-3.79,3.649,,,
[1758212988119896795],7.836,-4.08,4.073,,,
[1758212988124989400],9.457,-4.401,4.458,,,
[1758212988130095129],8.207,-4.137,5.097,,,
[1758212988135680441],9.986,-4.741,4.396,,,
[1758212988140908879],9.251,-4.97,4.559,,,
[1758212988147273254],10.776,-5.045,4.276,,,
[1758212988153743358],11.226,-5.705,4.025,,,
[1758212988158993983],10.843,-5.804,3.0,,,
[1758212988164175910],12.239,-6.009,3.05,,,
[1758212988169260337],11.502,-5.909,2.128,,,
[1758212988174388098],12.981,-6.062,1.927,,,
[1758212988179480650],11.248,-6.036,1.262,,,
[1758212988184586639],12.412,-5.617,0.661,,,
[1758212988189715389],10.405,-5.131,-0.048,,,
[1758212988195178931],11.325,-4.887,-0.055,,,
[1758212988200419452],9.517,-4.635,-0.017,,,
[1758212988205531743],10.307,-4.324,-0.244,,,
[1758212988210644973],8.401,-4.085,-0.393,,,
[1758212988215847785],9.282,-3.941,-0.891,,,
[1758212988220957941],7.59,-3.572,-0.285,,,
[1758212988226054920],8.212,-3.443,0.426,,,
[1758212988231197264],6.646,-3.194,0.795,,,
[1758212988237138462],7.094,-2.861,1.58,,,
[1758212988242455337],6.304,-3.201,1.927,,,
[1758212988247574139],6.395,-2.938,2.444,,,
[1758212988252730337],6.862,-2.935,2.871,,,
[1758212988257854608],7.017,-3.117,2.964,,,
[1758212988263040233],7.767,-3.783,3.493,,,
[1758212988268136743],8.121,-4.001,3.79,,,
[1758212988273292316],9.014,-4.298,4.654,,,
[1758212988278410285],8.633,-4.168,4.779,,,
[1758212988283619504],9.936,-4.721,4.939,,,
[1758212988288748410],9.436,-4.772,4.697,,,
[1758212988293901327],10.987,-5.176,4.863,,,
[1758212988299037889],10.183,-4.958,4.092,,,
[1758212988304538306],12.016,-6.009,3.737,,,
[1758212988309674868],10.786,-5.871,3.005,,,
[1758212988314863618],12.625,-6.088,2.89,,,
[1758212988319964504],11.202,-5.983,2.251,,,
[1758212988325097577],12.558,-6.112,1.626,,,
[1758212988330201066],10.889,-5.753,0.711,,,
[1758212988335341743],12.143,-5.698,1.006,,,
[1758212988340467785],9.819,-5.069,0.599,,,
[1758212988347783202],10.235,-4.561,-0.737,,,
[1758212988353897837],10.367,-4.707,-0.436,,,
[1758212988359096431],8.392,-4.259,-0.792,,,
[1758212988364317420],9.354,-4.29,-0.127,,,
[1758212988369423045],7.4,-3.73,-0.268,,,
[1758212988374557264],8.404,-3.615,-0.139,,,
[1758212988379717316],6.661,-3.175,0.843,,,
[1758212988386933931],6.929,-2.998,1.738,,,
[1758212988392272785],6.357,-3.11,1.882,,,
[1758212988397401952],6.766,-2.808,2.401,,,
[1758212988402545754],6.57,-3.306,3.079,,,
[1758212988407651118],7.084,-3.29,2.835,,,
[1758212988413248306],8.384,-4.034,3.419,,,
[1758212988418372941],8.193,-4.106,3.833,,,
[1758212988423437941],9.12,-4.571,4.817,,,
[1758212988428527368],8.705,-4.341,4.499,,,
[1758212988433647889],9.797,-5.001,4.954,,,
[1758212988438729920],9.529,-4.669,4.776,,,
[1758212988443816170],10.858,-5.181,4.865,,,
[1758212988448924920],10.312,-5.399,4.448,,,
[1758212988454557056],11.902,-5.772,3.982,,,
[1758212988459749660],10.872,-5.94,2.725,,,
[1758212988464923566],12.289,-5.971,2.236,,,
[1758212988470032993],11.382,-5.887,1.609,,,
[1758212988475170024],12.73,-5.957,0.8,,,
[1758212988480271379],11.085,-5.715,0.946,,,
[1758212988485412785],11.957,-5.574,0.69,,,
[1758212988490547785],9.864,-5.009,0.328,,,
[1758212988495823306],10.748,-4.714,-0.017,,,
[1758212988500965806],9.426,-4.604,-0.486,,,
[1758212988506097524],10.202,-4.456,-0.208,,,
[1758212988511222212],8.234,-4.017,-0.362,,,
[1758212988516422993],8.878,-3.663,-0.433,,,
[1758212988521921847],7.544,-3.421,-0.01,,,
[1758212988527104243],7.865,-3.179,0.496,,,
[1758212988532314608],7.068,-3.364,1.463,,,
[1758212988538982160],6.316,-3.014,2.083,,,
[1758212988544214816],7.147,-3.038,2.306,,,
[1758212988549312472],5.887,-2.895,2.399,,,
[1758212988554470910],7.64,-3.644,3.165,,,
[1758212988560733566],6.821,-3.519,4.13,,,
[1758212988566041118],8.981,-4.025,4.161,,,
[1758212988572621535],8.698,-4.401,4.647,,,
[1758212988577895337],9.23,-4.334,4.295,,,
[1758212988582991483],9.752,-4.863,4.587,,,
[1758212988588073358],9.692,-4.685,4.776,,,
[1758212988593211431],10.558,-5.416,4.932,,,
[1758212988598333202],10.877,-5.351,3.867,,,
[1758212988603445702],11.744,-5.918,3.508,,,
[1758212988608575597],11.092,-5.739,3.007,,,
[1758212988613818827],12.337,-6.211,2.717,,,
[1758212988619006639],11.36,-5.93,1.736,,,
[1758212988624106743],12.45,-6.084,0.886,,,
[1758212988629204399],11.325,-5.818,1.025,,,
[1758212988635698931],11.77,-5.435,0.529,,,
[1758212988640928306],9.747,-4.839,0.297,,,
[1758212988646057056],10.637,-4.688,-0.065,,,
[1758212988651163514],9.27,-4.513,-0.601,,,
[1758212988656289608],9.96,-4.381,-0.936,,,
[1758212988661394608],8.004,-4.159,-0.606,,,
[1758212988666565233],8.487,-3.673,-0.431,,,
[1758212988671663045],7.384,-3.431,-0.283,,,
[1758212988678535024],7.558,-3.045,0.725,,,
[1758212988683921014],7.398,-3.282,1.46,,,
[1758212988689203722],5.906,-2.899,1.712,,,
[1758212988694315181],6.79,-2.974,2.859,,,
[1758212988699401222],5.988,-2.904,2.564,,,
[1758212988704516483],7.618,-3.527,3.333,,,
[1758212988709614764],6.776,-3.677,3.725,,,
[1758212988714845597],9.048,-4.283,4.113,,,
[1758212988719954920],7.992,-4.164,4.386,,,
[1758212988725112160],9.562,-4.489,4.353,,,
[1758212988730295285],8.71,-4.585,4.767,,,
[1758212988735406951],10.453,-4.994,5.047,,,
[1758212988740516222],9.301,-4.877,4.082,,,
[1758212988748022472],10.74,-5.358,3.733,,,
[1758212988753479087],11.547,-5.763,2.959,,,
[1758212988758614399],11.49,-5.868,2.456,,,
[1758212988763777056],12.172,-6.074,2.713,,,
[1758212988768876222],11.569,-5.758,1.233,,,
[1758212988773995129],12.881,-5.871,1.113,,,
[1758212988779090493],11.19,-5.499,0.56,,,
[1758212988784245024],11.717,-5.598,0.259,,,
[1758212988789741066],9.732,-4.693,0.453,,,
[1758212988795041014],10.755,-4.659,-0.517,,,
[1758212988800159556],8.806,-4.46,-1.015,,,
[1758212988805250129],9.895,-4.439,-0.328,,,
[1758212988810423410],7.932,-3.938,-0.534,,,
[1758212988815707889],9.117,-3.704,-0.259,,,
[1758212988820824556],7.187,-3.572,0.151,,,
[1758212988826007941],7.867,-3.405,0.596,,,
[1758212988832730493],6.63,-3.132,1.571,,,
[1758212988838058931],6.342,-2.95,2.361,,,
[1758212988843175962],6.895,-2.789,2.751,,,
[1758212988848250076],6.314,-2.947,2.43,,,
[1758212988853717420],7.228,-3.589,3.381,,,
[1758212988858838879],7.295,-3.785,3.697,,,
[1758212988864018410],8.641,-4.068,3.867,,,
[1758212988869125910],8.023,-4.168,4.168,,,
[1758212988874245649],9.653,-4.669,5.133,,,
[1758212988879343618],8.607,-4.523,5.488,,,
[1758212988884461847],10.542,-4.949,4.81,,,
[1758212988889777785],9.663,-4.918,4.343,,,
[1758212988895060233],11.449,-5.641,3.912,,,
[1758212988900279972],10.659,-5.478,3.491,,,
[1758212988905411743],12.352,-5.904,2.782,,,
[1758212988910520597],10.97,-5.839,2.31,,,
[1758212988915700545],12.682,-6.005,2.073,,,
[1758212988920810024],11.301,-5.923,1.444,,,
[1758212988925971951],12.517,-5.83,1.597,,,
[1758212988931149816],10.908,-5.363,1.19,,,
[1758212988936329816],11.028,-4.899,0.675,,,
[1758212988941433722],9.591,-4.894,0.287,,,
[1758212988946534972],10.262,-4.468,-0.16,,,
[1758212988951645389],8.854,-4.539,-0.419,,,
[1758212988956763826],9.527,-3.867,-0.419,,,
[1758212988962883358],8.389,-3.704,-0.395,,,
[1758212988968037785],7.937,-3.405,0.06,,,
[1758212988973169556],7.264,-3.45,0.898,,,
[1758212988978310181],7.173,-3.139,0.773,,,
[1758212988985531639],7.254,-3.029,1.875,,,
[1758212988991111118],5.909,-3.036,2.025,,,
[1758212988996257368],7.415,-3.141,3.237,,,
[1758212989001358306],6.144,-3.46,3.891,,,
[1758212989006492837],7.994,-3.543,3.79,,,
[1758212989011591274],7.745,-4.068,3.876,,,
[1758212989016765181],8.882,-4.02,4.348,,,
[1758212989021849920],8.516,-4.566,4.654,,,
[1758212989026999868],9.503,-4.58,4.496,,,
[1758212989032274868],9.376,-5.025,4.757,,,
[1758212989037410806],10.453,-5.025,4.345,,,
[1758212989042578462],10.958,-5.413,4.561,,,
[1758212989047701118],11.123,-5.303,3.565,,,
[1758212989052908514],11.607,-5.861,2.772,,,
[1758212989058067056],11.921,-5.698,2.509,,,
[1758212989063299451],12.062,-6.144,2.418,,,
[1758212989068829243],11.54,-5.693,1.683,,,
[1758212989073967681],12.519,-6.088,0.843,,,
[1758212989079116587],11.14,-5.648,0.879,,,
[1758212989084295545],11.411,-5.411,1.168,,,
[1758212989089534816],9.622,-4.633,0.529,,,
[1758212989094713826],10.769,-4.872,-0.625,,,
[1758212989100139972],8.734,-4.482,-0.69,,,
[1758212989105322160],9.776,-4.245,-0.469,,,
[1758212989110636795],7.659,-3.783,-0.512,,,
[1758212989115890285],8.753,-3.773,-0.294,,,
[1758212989121020389],6.893,-3.081,0.259,,,
[1758212989126206587],7.977,-3.203,1.092,,,
[1758212989133056691],6.922,-3.098,2.133,,,
[1758212989138231743],6.553,-2.636,2.43,,,
[1758212989143467368],6.718,-2.909,2.99,,,
[1758212989148562316],6.594,-3.184,2.583,,,
[1758212989153679139],7.264,-3.496,3.316,,,
[1758212989158786587],7.556,-3.819,3.445,,,
[1758212989163975701],9.117,-4.41,4.743,,,
[1758212989169097733],8.274,-4.231,4.872,,,
[1758212989174546639],9.84,-4.322,4.374,,,
[1758212989179780285],9.184,-4.865,4.599,,,
[1758212989185071847],10.918,-5.236,4.913,,,
[1758212989190258410],9.883,-5.337,4.547,,,
[1758212989195402524],11.662,-5.753,3.73,,,
[1758212989200519660],10.681,-5.765,3.227,,,
[1758212989205996066],12.479,-5.978,2.557,,,
[1758212989211120233],11.404,-5.701,2.009,,,
[1758212989216307472],12.771,-6.127,1.616,,,
[1758212989221477733],11.782,-5.681,1.384,,,
[1758212989226777212],12.397,-5.454,0.644,,,
[1758212989231898618],10.625,-5.217,0.893,,,
[1758212989237041118],10.393,-4.685,0.352,,,
[1758212989242196222],9.754,-4.824,-0.065,,,
[1758212989247333305],9.677,-4.171,-0.072,,,
[1758212989252495858],9.088,-4.178,-0.275,,,
[1758212989257598722],8.768,-3.821,-0.342,,,
[1758212989262936951],8.119,-3.747,-0.706,,,
[1758212989268155545],7.551,-3.493,-0.268,,,
[1758212989273333774],7.673,-3.304,0.96,,,
[1758212989279103358],6.737,-3.067,1.422,,,
[1758212989326234712],10.259,-4.623,4.939,,,
[1758212989331566795],9.538,-4.86,4.733,,,
[1758212989336742576],10.927,-5.222,4.7,,,
[1758212989341896587],10.499,-5.43,4.413,,,
[1758212989347047472],11.894,-5.444,3.335,,,
[1758212989352217212],11.078,-6.122,2.777,,,
[1758212989357347576],11.949,-5.902,2.751,,,
[1758212989363571899],12.438,-5.916,2.03,,,
[1758212989368862941],11.621,-5.576,1.405,,,
[1758212989374077316],12.112,-5.928,1.456,,,
[1758212989379197837],10.767,-5.176,0.709,,,
[1758212989384655545],11.025,-4.954,0.8,,,
[1758212989388978774],9.419,-4.899,0.242,,,
[1758212989392758149],10.149,-4.738,-0.481,,,
[1758212989396420857],9.665,-4.24,-0.742,,,
[1758212989400108826],8.174,-4.254,-1.001,,,
[1758212989403819816],9.515,-4.31,-0.515,,,
[1758212989407528722],7.839,-3.85,-0.594,,,
[1758212989411373878],8.013,-3.757,-0.235,,,
[1758212989415053774],8.308,-3.45,-0.065,,,
[1758212989418747003],6.864,-3.213,-0.036,,,
[1758212989424354920],7.681,-3.393,0.922,,,
[1758212989428167732],6.151,-2.974,1.401,,,
[1758212989431856847],6.735,-3.153,1.583,,,
[1758212989435511274],7.082,-2.988,2.016,,,
[1758212989439199243],5.95,-2.849,2.356,,,
[1758212989442897524],7.061,-3.103,3.093,,,
[1758212989446551743],7.099,-3.175,3.117,,,
[1758212989450216274],6.596,-3.44,3.524,,,
[1758212989453899295],8.66,-4.025,3.596,,,
[1758212989457551691],7.946,-4.053,3.579,,,
[1758212989461315285],8.128,-4.293,4.262,,,
[1758212989464990389],9.572,-4.271,3.962,,,
[1758212989468654555],8.341,-4.372,4.958,,,
[1758212989472372628],9.464,-4.662,4.669,,,
[1758212989476029712],9.931,-4.53,4.982,,,
[1758212989479723826],9.23,-4.721,4.305,,,
[1758212989483442368],11.145,-4.93,4.69,,,
[1758212989488063982],10.652,-4.822,4.022,,,
[1758212989491963930],11.044,-5.617,3.709,,,
[1758212989495700649],11.655,-5.76,3.333,,,
[1758212989499358253],10.958,-5.866,2.818,,,
[1758212989503044035],12.189,-6.057,2.672,,,
[1758212989506700232],11.875,-5.768,2.593,,,
[1758212989510354816],11.111,-5.854,2.258,,,
[1758212989514030180],12.898,-5.981,1.302,,,
[1758212989517684295],11.301,-5.873,1.276,,,
[1758212989521454243],11.497,-5.748,1.039,,,
[1758212989525154764],11.897,-5.514,0.517,,,
[1758212989528845337],10.132,-5.126,0.496,,,
[1758212989532619920],10.853,-4.93,0.156,,,
[1758212989536404087],10.283,-4.638,-0.098,,,
[1758212989540077993],9.347,-4.64,-0.52,,,
[1758212989543770753],10.147,-4.669,-0.656,,,
[1758212989547462159],9.148,-3.994,-0.579,,,
[1758212989551173357],8.452,-4.192,-0.754,,,
[1758212989554877107],9.242,-3.888,-0.644,,,
[1758212989558536847],7.927,-3.44,-0.654,,,
[1758212989562249399],8.195,-3.594,0.108,,,
[1758212989565910545],7.851,-3.247,0.28,,,
[1758212989569649139],6.701,-3.45,0.749,,,
[1758212989573418253],7.549,-3.419,1.221,,,
[1758212989577076951],6.749,-2.957,1.607,,,
[1758212989580822316],6.237,-3.175,1.719,,,
[1758212989584513305],7.424,-3.074,2.105,,,
[1758212989588150128],6.036,-2.923,2.61,,,
[1758212989592306534],6.754,-3.0,2.844,,,
[1758212989596067316],7.302,-3.055,3.115,,,
[1758212989599712003],6.819,-3.426,3.223,,,
[1758212989603395180],8.428,-3.95,3.855,,,
[1758212989607060441],7.956,-3.917,3.773,,,
[1758212989610753462],8.162,-4.12,4.556,,,
[1758212989614470909],9.328,-4.547,4.456,,,
[1758212989618131326],8.622,-4.199,4.638,,,
[1758212989621851847],9.491,-4.719,4.317,,,
[1758212989625500649],10.113,-4.784,5.018,,,
[1758212989629214451],9.143,-4.975,4.135,,,
[1758212989632969399],11.147,-5.423,4.448,,,
[1758212989636731014],10.647,-5.109,4.377,,,
[1758212989640407524],10.534,-5.308,3.479,,,
[1758212989644117107],11.856,-5.801,3.893,,,
[1758212989647834920],11.528,-5.717,2.856,,,
[1758212989651518566],11.384,-6.021,2.899,,,
[1758212989655205962],12.443,-5.921,2.128,,,
[1758212989658871951],11.09,-5.844,1.963,,,
[1758212989662546847],12.675,-6.091,1.532,,,
[1758212989666227889],12.225,-5.753,1.3,,,
[1758212989669896534],11.344,-5.708,0.706,,,
[1758212989673698514],11.849,-5.727,0.773,,,
[1758212989677398930],10.886,-5.061,0.371,,,
[1758212989681136014],10.29,-5.061,0.45,,,
[1758212989684815493],10.714,-4.769,0.127,,,
[1758212989688482212],9.419,-4.566,-0.5,,,
[1758212989692170128],10.096,-4.664,-0.467,,,
[1758212989695838097],10.048,-4.393,-0.881,,,
[1758212989699803618],8.061,-4.389,-0.596,,,
[1758212989703599191],8.981,-3.986,-0.575,,,
[1758212989707310441],8.056,-3.455,-0.579,,,
[1758212989711008409],7.647,-3.388,-0.215,,,
[1758212989714700128],8.294,-3.436,0.148,,,
[1758212989718414503],6.653,-3.225,0.948,,,
[1758212989722992628],7.154,-3.393,1.113,,,
[1758212989726757941],7.195,-2.942,2.114,,,
[1758212989730416587],6.187,-3.0,1.844,,,
[1758212989734075180],7.094,-3.112,2.732,,,
[1758212989737727159],6.436,-2.945,2.44,,,
[1758212989741448618],6.551,-3.115,3.208,,,
[1758212989745102628],7.745,-3.383,3.077,,,
[1758212989748764920],6.689,-3.677,3.433,,,
[1758212989752419712],8.329,-4.022,3.663,,,
[1758212989756099607],8.27,-3.977,3.706,,,
[1758212989759755649],7.736,-4.298,4.25,,,
[1758212989763486170],9.618,-4.355,4.571,,,
[1758212989767216066],9.012,-4.46,4.697,,,
[1758212989770892368],8.83,-4.705,4.791,,,
[1758212989775641014],10.101,-4.721,4.879,,,
[1758212989779334451],9.51,-4.863,4.86,,,
[1758212989783000128],10.757,-5.42,4.01,,,
[1758212989786710909],10.872,-5.21,4.82,,,
[1758212989790422003],10.716,-5.576,3.448,,,
[1758212989794107107],12.088,-6.117,3.531,,,
[1758212989797796899],11.325,-5.933,2.059,,,
[1758212989801602316],11.823,-6.191,2.94,,,
[1758212989805747732],12.385,-5.99,1.889,,,
[1758212989809580753],11.384,-5.959,1.329,,,
[1758212989813281482],12.802,-5.981,1.341,,,
[1758212989816937055],12.182,-5.784,0.974,,,
[1758212989820605805],11.023,-5.586,1.319,,,
[1758212989825185805],11.916,-5.358,0.074,,,
[1758212989828956691],9.953,-4.82,0.771,,,
[1758212989832624555],10.487,-4.875,0.072,,,
[1758212989836286066],10.015,-4.683,0.251,,,
[1758212989839945805],9.191,-4.341,-0.757,,,
[1758212989843628566],10.206,-4.448,-0.283,,,
[1758212989847266795],9.127,-4.254,-0.472,,,
[1758212989850986586],8.334,-4.106,-0.414,,,
[1758212989854731430],9.347,-3.974,-0.527,,,
[1758212989858406170],7.202,-3.603,-0.766,,,
[1758212989862121326],7.468,-3.529,0.213,,,
[1758212989865860024],7.817,-3.302,0.275,,,
[1758212989869643670],6.467,-3.194,0.697,,,
[1758212989873394399],7.456,-3.089,1.255,,,
[1758212989877051691],6.902,-2.89,1.788,,,
[1758212989880708097],6.155,-2.988,2.32,,,
[1758212989884438201],7.278,-3.081,2.468,,,
[1758212989888115597],6.093,-2.947,2.61,,,
[1758212989891761795],7.034,-3.227,3.223,,,
[1758212989895393045],7.621,-3.493,3.294,,,
[1758212989899046014],6.658,-3.637,3.321,,,
[1758212989902745441],8.576,-4.187,3.821,,,
[1758212989906410180],8.638,-4.008,3.503,,,
[1758212989910638045],8.09,-4.154,4.156,,,
[1758212989914436482],9.718,-4.549,4.243,,,
[1758212989918159034],8.784,-4.362,4.175,,,
[1758212989922670857],10.077,-4.903,4.922,,,
[1758212989926468774],10.118,-4.762,4.47,,,
[1758212989930197211],9.38,-5.016,4.362,,,
[1758212989933862628],11.262,-5.262,4.499,,,
[1758212989937514503],10.515,-5.095,4.575,,,
[1758212989941218774],10.97,-5.681,3.496,,,
[1758212989944887993],11.99,-5.918,3.105,,,
[1758212989950105232],11.083,-5.904,2.725,,,
[1758212989954189607],12.854,-6.165,2.143,,,
[1758212989957877472],11.688,-5.976,1.487,,,
[1758212989961602993],12.333,-5.906,1.772,,,
[1758212989965287836],12.62,-6.019,0.857,,,
[1758212989968991534],10.906,-5.54,0.816,,,
[1758212989972802628],11.641,-5.48,0.383,,,
[1758212989976502159],11.042,-5.006,0.56,,,
[1758212989980161534],9.622,-4.626,0.311,,,
[1758212989983833461],10.513,-4.707,0.338,,,
[1758212989987516430],9.948,-4.563,-0.606,,,
[1758212989991235441],9.297,-4.566,-0.63,,,
[1758212989994893357],9.874,-4.319,-0.627,,,
[1758212989998558149],8.375,-4.041,-0.745,,,
[1758212990002260232],8.648,-3.922,-0.582,,,
[1758212990005947888],8.624,-3.661,-0.283,,,
[1758212990009644659],7.061,-3.4,0.275,,,
[1758212990013356326],7.946,-3.481,0.012,,,
[1758212990018347888],7.444,-2.878,0.685,,,
[1758212990022270649],7.116,-3.287,1.7,,,
[1758212990026000805],7.056,-2.928,1.441,,,
[1758212990029648097],6.091,-2.772,1.987,,,
[1758212990033305076],7.068,-3.048,2.49,,,
[1758212990036973357],6.735,-2.72,2.825,,,
[1758212990040705597],6.357,-3.306,2.856,,,
[1758212990044400388],7.903,-3.503,3.816,,,
[1758212990048058930],7.029,-3.582,3.179,,,
[1758212990051749295],7.748,-3.936,3.855,,,
[1758212990055431170],9.148,-4.13,3.493,,,
[1758212990059095753],7.915,-4.135,4.396,,,
[1758212990062842941],9.407,-4.295,4.633,,,
[1758212990066617628],9.369,-4.405,4.07,,,
[1758212990070327420],8.763,-4.506,5.258,,,
[1758212990074072524],10.408,-4.985,5.035,,,
[1758212990077770024],9.989,-4.611,4.659,,,
[1758212990081500857],10.175,-5.248,4.235,,,
[1758212990085170649],11.48,-5.409,4.369,,,
[1758212990088858305],10.709,-5.418,3.321,,,
[1758212990092994607],11.856,-5.971,3.642,,,
[1758212990098162941],11.609,-5.823,2.768,,,
[1758212990103693201],12.342,-6.0,1.824,,,
[1758212990108862524],11.99,-5.945,1.228,,,
[1758212990113967836],12.289,-6.065,1.743,,,
[1758212990119071170],11.349,-5.464,1.283,,,
[1758212990124320753],11.552,-5.495,0.845,,,
[1758212990129749972],9.653,-4.82,0.23,,,
[1758212990136980493],10.499,-4.863,-0.663,,,
[1758212990142376743],9.29,-4.64,-0.28,,,
[1758212990147529399],8.971,-3.943,-0.12,,,
[1758212990152697055],8.425,-3.852,-0.098,,,
[1758212990157860857],8.296,-3.402,-0.433,,,
[1758212990162995284],7.135,-3.383,0.409,,,
[1758212990168155336],7.362,-3.172,1.176,,,
[1758212990174997524],7.63,-2.916,1.887,,,
[1758212990180241743],6.031,-2.916,2.267,,,
[1758212990185353461],7.195,-3.103,2.567,,,
[1758212990190450284],6.05,-3.072,3.06,,,
[1758212990195589503],8.03,-3.74,3.771,,,
[1758212990200710597],7.357,-3.845,4.08,,,
[1758212990205827524],9.117,-4.243,3.876,,,
[1758212990212037055],8.514,-4.18,4.266,,,
[1758212990217584138],9.474,-4.451,4.666,,,
[1758212990223878878],10.104,-4.86,4.875,,,
[1758212990229138618],10.02,-4.798,4.647,,,
[1758212990234253618],11.035,-5.499,4.745,,,
[1758212990239383722],10.654,-5.382,3.847,,,
[1758212990244812888],12.639,-6.098,2.732,,,
[1758212990249919763],11.303,-5.863,2.811,,,
[1758212990255023826],13.017,-6.278,2.21,,,
[1758212990260104711],11.578,-5.71,1.549,,,
[1758212990265233878],12.948,-6.074,0.637,,,
[1758212990270479243],10.829,-5.499,0.567,,,
[1758212990275671065],11.365,-5.116,0.393,,,
[1758212990280780493],9.301,-4.693,-0.362,,,
[1758212990285919399],10.381,-4.69,-0.539,,,
[1758212990291025857],8.806,-4.369,-0.85,,,
[1758212990296135180],9.653,-4.142,-0.704,,,
[1758212990301256430],7.779,-3.757,-0.318,,,
[1758212990306430284],9.043,-3.5,-0.268,,,
[1758212990311610180],6.898,-3.27,0.359,,,
[1758212990316724763],7.791,-3.165,0.682,,,
[1758212990322715336],6.783,-3.251,2.059,,,
[1758212990327919503],6.634,-2.885,2.191,,,
[1758212990335298097],7.408,-3.124,3.093,,,
[1758212990340739868],6.065,-3.223,3.335,,,
[1758212990345901430],8.071,-3.821,3.105,,,
[1758212990351282107],7.422,-3.903,3.898,,,
[1758212990356418670],9.151,-4.396,4.664,,,
[1758212990361525649],8.095,-4.341,4.769,,,
[1758212990366627472],9.843,-4.614,4.422,,,
[1758212990371831430],8.885,-5.023,4.908,,,
[1758212990377062368],10.688,-5.09,4.829,,,
[1758212990382258357],10.254,-5.164,4.764,,,
[1758212990387502680],11.435,-5.531,3.045,,,
[1758212990392788461],11.03,-5.969,2.83,,,
[1758212990397958097],11.902,-5.753,2.44,,,
[1758212990403097836],12.222,-6.17,2.576,,,
[1758212990408187888],12.024,-5.866,1.453,,,
[1758212990413311378],11.997,-5.918,1.015,,,
[1758212990418450076],11.765,-5.521,0.658,,,
[1758212990423678722],11.013,-5.327,0.754,,,
[1758212990428893982],10.228,-4.511,-0.323,,,
[1758212990434094451],10.436,-4.82,-0.543,,,
[1758212990439613670],9.167,-4.355,-0.706,,,
[1758212990444769138],9.39,-4.283,-0.163,,,
[1758212990449887263],8.047,-3.982,-0.268,,,
[1758212990455035076],8.61,-3.768,-0.182,,,
[1758212990460532420],6.917,-3.357,0.122,,,
[1758212990465735336],7.817,-3.486,1.171,,,
[1758212990471989920],6.029,-2.988,1.731,,,
[1758212990478827628],6.574,-2.705,2.389,,,
[1758212990485187107],7.503,-3.072,2.693,,,
[1758212990490416274],6.206,-3.433,3.354,,,
[1758212990495561690],8.272,-3.874,3.864,,,
[1758212990500686795],7.441,-4.008,4.42,,,
[1758212990505820701],9.359,-4.353,4.31,,,
[1758212990510901378],8.018,-4.271,4.489,,,
[1758212990515973513],10.034,-4.499,4.563,,,
[1758212990521182420],8.976,-4.875,4.554,,,
[1758212990526435545],10.889,-4.946,4.36,,,
[1758212990531617732],9.912,-5.061,4.851,,,
[1758212990536718513],11.93,-5.614,3.955,,,
[1758212990541830909],10.779,-5.689,3.007,,,
[1758212990549331222],11.413,-5.808,1.939,,,
[1758212990554770492],12.644,-6.275,1.504,,,
[1758212990559898409],11.595,-5.988,1.046,,,
[1758212990565017628],12.421,-5.827,0.594,,,
[1758212990571518982],10.391,-5.329,0.395,,,
[1758212990577907263],10.386,-4.484,0.074,,,
[1758212990583117159],9.646,-4.901,0.002,,,
[1758212990588223982],9.883,-4.456,-0.512,,,
[1758212990593371951],9.254,-4.326,-0.16,,,
[1758212990598495024],8.444,-3.551,-0.541,,,
[1758212990603610180],8.423,-3.898,-0.184,,,
[1758212990608703149],7.573,-3.34,-0.093,,,
[1758212990613889763],7.626,-3.467,0.572,,,
[1758212990620886013],5.856,-2.995,1.48,,,
[1758212990626138357],7.257,-2.99,2.303,,,
[1758212990631231065],5.756,-2.959,2.725,,,
[1758212990636363305],7.295,-3.184,2.476,,,
[1758212990641438878],6.618,-3.364,3.067,,,
[1758212990646541534],8.545,-3.737,3.412,,,
[1758212990651633617],7.882,-4.118,3.79,,,
[1758212990658254815],8.856,-4.283,4.276,,,
[1758212990663459867],9.56,-4.755,4.542,,,
[1758212990668645544],9.469,-4.527,4.542,,,
[1758212990673878253],10.005,-5.064,4.63,,,
[1758212990680224347],10.084,-5.229,4.628,,,
[1758212990685592992],11.933,-5.641,4.049,,,
[1758212990693099294],11.507,-5.993,2.574,,,
[1758212990698548305],11.76,-5.825,2.081,,,
[1758212990703703201],12.488,-6.246,1.697,,,
[1758212990708810649],11.765,-5.784,1.202,,,
[1758212990713941899],12.191,-5.887,1.396,,,
[1758212990719056690],10.999,-5.102,0.668,,,
[1758212990724269190],10.726,-5.073,0.316,,,
[1758212990729396065],9.802,-4.676,0.168,,,
[1758212990734554919],10.233,-4.669,-0.163,,,
[1758212990739738722],8.418,-4.233,-0.479,,,
[1758212990744948253],9.416,-4.13,-0.256,,,
[1758212990750053565],7.671,-3.62,-0.045,,,
[1758212990755197419],8.669,-3.601,0.4,,,
[1758212990760380388],6.828,-3.199,1.413,,,
[1758212990766634034],7.547,-2.986,1.305,,,
[1758212990773020232],6.656,-3.165,1.903,,,
[1758212990778265336],6.591,-2.691,1.844,,,
[1758212990783396169],6.438,-2.969,2.574,,,
[1758212990789604347],6.807,-3.349,3.508,,,
[1758212990796080805],8.885,-3.867,3.397,,,
[1758212990801327940],7.683,-4.015,3.936,,,
[1758212990806441899],9.199,-4.417,4.858,,,
[1758212990811606638],8.286,-4.384,4.573,,,
[1758212990816764763],10.228,-4.489,4.606,,,
[1758212990821901638],9.534,-4.911,4.793,,,
[1758212990828219607],10.58,-5.08,4.903,,,
[1758212990833473930],11.078,-5.619,3.977,,,
[1758212990838598357],11.787,-5.646,2.847,,,
[1758212990843733774],11.902,-6.211,2.272,,,
[1758212990848832263],12.088,-5.751,1.973,,,
[1758212990853959347],12.316,-6.055,1.408,,,
[1758212990859117263],11.511,-5.873,0.385,,,
[1758212990864254034],12.05,-5.842,0.958,,,
[1758212990869384659],10.453,-5.152,0.476,,,
[1758212990874676326],10.812,-5.066,0.488,,,
[1758212990880159659],9.354,-4.334,-0.251,,,
[1758212990885272367],10.597,-4.669,-0.072,,,
[1758212990890382107],8.241,-4.183,-0.709,,,
[1758212990895680857],9.23,-4.058,-0.541,,,
[1758212990900868096],7.264,-3.474,-0.005,,,
[1758212990906031169],8.578,-3.505,0.194,,,
[1758212990911198044],6.548,-2.957,0.572,,,
[1758212990917960753],7.281,-2.964,1.583,,,
[1758212990923250701],6.744,-2.916,2.263,,,
[1758212990928366534],6.594,-2.847,2.49,,,
[1758212990933496378],7.003,-3.306,2.619,,,
[1758212990938590336],7.125,-3.098,3.168,,,
[1758212990943687159],7.64,-3.915,3.666,,,
[1758212990948794971],8.382,-3.752,4.089,,,
[1758212990953936482],8.993,-4.398,4.539,,,
[1758212990959136534],8.906,-4.175,4.654,,,
[1758212990964357315],9.912,-4.784,5.318,,,
[1758212990969480284],9.23,-4.879,4.772,,,
[1758212990974700701],10.635,-5.231,4.594,,,
[1758212990979818409],10.556,-5.169,3.998,,,
[1758212990985306221],12.026,-5.954,3.479,,,
[1758212990990491482],10.649,-5.674,2.765,,,
[1758212990995619294],12.565,-6.084,2.653,,,
[1758212991000738461],11.19,-5.99,1.961,,,
[1758212991007092940],12.989,-5.902,0.905,,,
[1758212991012444711],11.435,-5.741,0.831,,,
[1758212991017577992],11.351,-5.308,0.462,,,
[1758212991023924399],10.47,-5.152,0.371,,,
[1758212991029169242],9.804,-4.535,-0.563,,,
[1758212991034305857],9.979,-4.614,-0.311,,,
[1758212991039417471],8.511,-4.087,-0.532,,,
[1758212991046044659],9.012,-4.068,-0.151,,,
[1758212991051961430],7.319,-3.534,0.093,,,
[1758212991058860909],7.07,-3.203,0.606,,,
[1758212991065669399],7.767,-3.256,1.396,,,
[1758212991070968513],5.698,-2.859,2.1,,,
[1758212991076187367],7.137,-3.055,2.547,,,
[1758212991081301482],5.679,-2.945,3.541,,,
[1758212991086447107],7.532,-3.342,3.709,,,
[1758212991094336794],8.042,-4.015,4.111,,,
[1758212991099901430],7.932,-3.869,3.713,,,
[1758212991105050128],9.28,-4.343,4.482,,,
[1758212991110165492],8.612,-4.257,4.511,,,
[1758212991115634451],10.458,-4.985,4.889,,,
[1758212991120751846],9.431,-4.925,4.073,,,
[1758212991125929138],11.202,-5.322,4.482,,,
[1758212991131049503],10.4,-5.236,4.403,,,
[1758212991136205076],12.175,-5.952,3.091,,,
[1758212991141814971],11.104,-5.94,2.442,,,
[1758212991147216117],12.74,-6.122,1.887,,,
[1758212991152399346],11.586,-6.007,1.494,,,
[1758212991157530909],12.596,-5.744,1.13,,,
[1758212991163988669],11.873,-5.751,1.132,,,
[1758212991169237784],10.671,-5.195,0.62,,,
[1758212991174402628],10.707,-4.932,0.038,,,
[1758212991179508305],9.644,-4.592,-0.723,,,
[1758212991184658617],9.85,-4.511,-0.285,,,
[1758212991189776846],8.339,-3.903,-1.018,,,
[1758212991194868513],9.263,-3.845,-0.505,,,
[1758212991201082263],7.056,-3.414,-0.089,,,
[1758212991207731326],8.107,-3.074,0.713,,,
[1758212991213444555],6.843,-3.352,1.537,,,
[1758212991219328253],6.373,-2.887,2.076,,,
[1758212991224504607],6.95,-3.012,2.658,,,
[1758212991229598930],6.424,-2.921,2.761,,,
[1758212991234739815],7.113,-3.524,3.247,,,
[1758212991239845180],6.905,-3.558,3.414,,,
[1758212991244956534],9.11,-4.094,4.015,,,
[1758212991250050544],7.81,-3.888,4.005,,,
[1758212991255213721],9.809,-4.401,4.199,,,
[1758212991260361482],8.696,-4.424,4.453,,,
[1758212991265604659],10.192,-4.973,4.867,,,
[1758212991270715388],9.347,-5.126,4.216,,,
[1758212991275878148],11.521,-5.404,4.154,,,
[1758212991280993253],10.257,-5.737,3.929,,,
[1758212991286134503],12.122,-5.866,3.706,,,
[1758212991291235336],11.04,-6.1,2.497,,,
[1758212991296329034],12.596,-6.282,1.889,,,
[1758212991301470440],11.461,-6.189,1.379,,,
[1758212991306688930],12.67,-6.134,1.46,,,
[1758212991311804711],10.951,-5.48,1.049,,,
[1758212991318436378],10.7,-5.047,0.323,,,
[1758212991324903982],10.659,-4.879,0.474,,,
[1758212991330123825],9.06,-4.571,-0.014,,,
[1758212991335267940],10.142,-4.7,-0.163,,,
[1758212991340388825],8.25,-4.132,-0.328,,,
[1758212991345517003],9.141,-3.843,0.048,,,
[1758212991350620805],7.147,-3.371,-0.254,,,
[1758212991355816690],8.236,-3.589,0.129,,,
[1758212991361026690],6.407,-2.969,1.47,,,
[1758212991367792888],7.331,-2.947,2.121,,,
[1758212991374190180],6.495,-3.002,2.899,,,
[1758212991379412471],6.287,-3.05,3.05,,,
[1758212991384544867],7.436,-3.493,3.115,,,
[1758212991389636950],7.075,-3.63,3.182,,,
[1758212991394757003],8.983,-4.063,3.809,,,
[1758212991399897680],8.035,-3.852,4.36,,,
[1758212991405029503],9.196,-4.554,4.559,,,
[1758212991410129607],9.062,-4.592,4.118,,,
[1758212991415292471],10.195,-4.899,4.805,,,
[1758212991420499294],9.44,-5.083,4.863,,,
[1758212991426203513],11.258,-5.409,4.216,,,
[1758212991431347628],10.472,-5.468,3.44,,,
[1758212991436459242],12.282,-5.832,2.71,,,
[1758212991441557263],11.171,-5.871,2.399,,,
[1758212991446683357],12.507,-5.993,1.556,,,
[1758212991451796534],11.475,-5.928,1.03,,,
[1758212991456952211],12.613,-5.753,1.166,,,
[1758212991462063721],10.994,-5.571,0.9,,,
[1758212991467273878],11.507,-4.98,1.085,,,
[1758212991472551690],9.742,-4.705,0.168,,,
[1758212991477744867],10.259,-4.671,-0.381,,,
[1758212991482935544],9.388,-4.477,-0.247,,,
[1758212991488054346],9.361,-4.135,-0.639,,,
[1758212991493201221],8.272,-3.95,-0.431,,,
[1758212991498398617],8.313,-3.397,-0.354,,,
[1758212991503584607],7.736,-3.45,0.587,,,
[1758212991508755440],7.113,-3.148,0.955,,,
[1758212991515624034],7.558,-3.285,1.906,,,
[1758212991520859346],5.866,-3.11,2.045,,,
[1758212991526078825],7.494,-2.847,2.157,,,
[1758212991532688513],6.438,-3.287,3.421,,,
[1758212991537924034],7.688,-3.481,3.412,,,
[1758212991543067263],7.882,-3.962,4.07,,,
[1758212991548168877],8.619,-3.886,4.496,,,
[1758212991553295075],8.473,-4.444,4.379,,,
[1758212991558403565],9.385,-4.463,4.314,,,
[1758212991563503669],9.598,-5.076,4.551,,,
[1758212991568621898],10.364,-4.93,4.554,,,
[1758212991573866846],11.044,-5.44,4.568,,,
[1758212991579063148],10.846,-5.428,3.096,,,
[1758212991584211482],11.779,-6.074,2.155,,,
[1758212991589326690],11.514,-5.753,2.535,,,
[1758212991594471586],12.112,-6.167,2.634,,,
[1758212991599630596],11.77,-5.942,0.869,,,
[1758212991604767002],12.304,-6.148,1.199,,,
[1758212991609865857],11.107,-5.634,1.518,,,
[1758212991614991586],11.418,-5.394,0.984,,,
[1758212991620093930],9.574,-4.745,0.11,,,
[1758212991625273617],10.745,-4.824,0.077,,,
[1758212991630394242],9.165,-4.678,-0.414,,,
[1758212991635952575],9.926,-4.41,-0.63,,,
[1758212991641172992],7.939,-3.716,-0.84,,,
[1758212991646302315],9.0,-3.685,-0.515,,,
[1758212991651495909],6.926,-3.146,0.007,,,
[1758212991656717315],7.863,-3.191,0.907,,,
[1758212991662425596],6.318,-3.053,1.599,,,
[1758212991667569294],7.3,-2.866,1.805,,,
[1758212991672799294],6.211,-3.05,2.207,,,
[1758212991677959190],7.125,-2.739,2.308,,,
[1758212991683172627],6.869,-3.428,3.115,,,
[1758212991688284555],7.678,-3.467,3.766,,,
[1758212991693421221],8.066,-3.972,3.833,,,
[1758212991698581638],8.71,-3.816,3.768,,,
[1758212991703717680],8.995,-4.379,4.659,,,
[1758212991708826221],9.404,-4.441,4.587,,,
[1758212991713930857],9.823,-5.104,4.707,,,
[1758212991719025857],10.238,-4.985,4.274,,,
[1758212991724203825],11.123,-5.471,4.041,,,
[1758212991729313617],10.901,-5.452,3.587,,,
[1758212991734455804],11.966,-5.844,2.332,,,
[1758212991739973252],11.214,-5.933,1.516,,,
[1758212991745200700],13.041,-6.086,2.093,,,
[1758212991750319294],11.739,-6.033,1.247,,,
[1758212991755432940],12.756,-5.875,1.432,,,
[1758212991760548877],10.824,-5.409,0.898,,,
[1758212991765655909],11.492,-5.389,0.51,,,
[1758212991770760909],9.464,-4.585,0.022,,,
[1758212991775960440],10.64,-4.882,-0.237,,,
[1758212991781103513],9.165,-4.444,-0.867,,,
[1758212991786346117],9.529,-4.152,-0.697,,,
[1758212991791472523],7.985,-3.711,-0.505,,,
[1758212991796663669],8.89,-3.675,0.182,,,
[1758212991801833304],6.713,-3.508,0.596,,,
[1758212991807059763],7.992,-3.215,0.486,,,
[1758212991814118148],7.008,-3.294,1.851,,,
[1758212991820468929],5.861,-2.768,2.279,,,
[1758212991825746898],7.36,-3.002,2.514,,,
[1758212991830855700],6.048,-3.33,3.117,,,
[1758212991835987367],8.485,-3.675,3.8,,,
[1758212991841065179],7.391,-3.881,4.044,,,
[1758212991847214034],9.306,-4.231,4.233,,,
[1758212991853840596],8.758,-4.408,4.934,,,
[1758212991859188669],9.385,-4.642,4.566,,,
[1758212991864339138],9.828,-5.222,4.772,,,
[1758212991869455440],10.08,-4.958,4.559,,,
[1758212991874668409],11.315,-5.483,4.633,,,
[1758212991879774450],10.669,-5.624,3.472,,,
[1758212991884856534],12.172,-6.165,2.248,,,
[1758212991889953982],11.243,-5.863,2.15,,,
[1758212991895107159],12.464,-6.029,2.009,,,
[1758212991900339607],11.497,-5.923,1.149,,,
[1758212991905459971],12.383,-5.832,0.845,,,
[1758212991910562992],10.424,-5.341,0.895,,,
[1758212991915700961],11.329,-5.14,0.788,,,
[1758212991920817575],9.44,-4.75,0.18,,,
[1758212991926000492],10.867,-4.803,-0.56,,,
[1758212991931121377],9.167,-4.173,-0.555,,,
[1758212991936305544],9.668,-4.547,-0.259,,,
[1758212991941548304],7.867,-3.792,-0.625,,,
[1758212991946771742],8.662,-3.663,-0.316,,,
[1758212991951915856],6.649,-3.302,0.599,,,
[1758212991957759919],7.86,-3.122,0.939,,,
[1758212991963098825],6.563,-3.021,1.93,,,
[1758212991968541065],6.78,-2.892,2.459,,,
[1758212991973760023],6.883,-3.163,2.61,,,
[1758212991978872471],6.723,-3.203,2.89,,,
[1758212991984115856],7.752,-3.539,3.8,,,
[1758212991989231898],7.846,-3.589,3.484,,,
[1758212991994423513],8.698,-4.204,4.492,,,
[1758212991999610127],8.42,-4.063,4.3,,,
[1758212992004865075],9.804,-4.501,4.621,,,
[1758212992010032888],8.988,-4.669,4.475,,,
[1758212992015152523],10.499,-5.284,4.302,,,
[1758212992020354711],9.867,-5.267,3.982,,,
[1758212992025577731],11.499,-5.614,3.601,,,
[1758212992030728929],10.862,-5.758,3.297,,,
[1758212992035848044],12.605,-6.132,2.691,,,
[1758212992040967106],11.334,-5.89,2.392,,,
[1758212992046162002],12.768,-6.129,1.791,,,
[1758212992051412106],11.066,-5.844,0.922,,,
[1758212992056556221],12.558,-5.806,0.946,,,
[1758212992061733200],10.116,-5.282,1.01,,,
[1758212992066872315],11.133,-4.702,0.012,,,
[1758212992073702419],9.776,-4.673,-0.421,,,
[1758212992080264554],8.827,-4.429,-0.848,,,
[1758212992086309086],9.51,-4.271,-0.524,,,
[1758212992091501481],7.788,-3.728,-0.402,,,
[1758212992096647471],8.631,-3.531,0.077,,,
[1758212992101840440],6.768,-3.201,0.345,,,
[1758212992107049138],7.774,-3.038,0.575,,,
[1758212992114237054],6.859,-3.153,2.016,,,
[1758212992119752263],6.084,-2.646,1.98,,,
[1758212992126087159],7.357,-3.189,3.041,,,
[1758212992131310284],6.172,-3.273,3.51,,,
[1758212992136434815],8.159,-3.809,3.381,,,
[1758212992141536325],7.384,-4.032,3.912,,,
[1758212992146652575],9.33,-4.322,4.393,,,
[1758212992151730752],7.992,-4.022,4.223,,,
[1758212992156840492],9.843,-4.456,5.253,,,
[1758212992161944554],9.139,-4.911,5.054,,,
[1758212992167098304],10.824,-5.037,4.434,,,
[1758212992172330179],10.405,-5.265,4.147,,,
[1758212992178937471],11.408,-5.557,3.302,,,
[1758212992184184346],11.305,-6.012,3.065,,,
[1758212992189317054],11.674,-5.734,2.04,,,
[1758212992194509346],12.517,-6.158,1.887,,,
[1758212992199661221],11.645,-5.997,1.274,,,
[1758212992204818148],12.031,-6.024,1.063,,,
[1758212992209917211],10.772,-5.25,0.812,,,
[1758212992215036742],11.025,-4.958,0.414,,,
[1758212992220161533],9.536,-4.702,0.136,,,
[1758212992225419658],10.451,-4.846,0.448,,,
[1758212992230530492],8.612,-4.233,-0.46,,,
[1758212992235646846],9.713,-4.085,-0.232,,,
[1758212992240748773],7.7,-3.766,-0.026,,,
[1758212992245874450],8.507,-3.704,0.352,,,
[1758212992251065856],6.74,-3.098,0.402,,,
[1758212992256271325],8.013,-3.311,0.864,,,
[1758212992264063825],6.73,-2.964,2.456,,,
[1758212992269356117],6.735,-2.84,2.526,,,
[1758212992274551429],7.07,-3.206,2.966,,,
[1758212992280047836],6.474,-3.077,2.83,,,
[1758212992285276065],7.75,-3.943,3.883,,,
[1758212992290387679],7.733,-3.867,4.175,,,
[1758212992295496481],9.426,-4.317,4.434,,,
[1758212992300593356],8.128,-4.377,4.379,,,
