timestamp,frequency_hz
[1758212970295502740],6.19
[1758212970300615604],6.19
[1758212970305787896],6.19
[1758212970313297688],6.19
[1758212970318593573],6.19
[1758212970324985083],6.19
[1758212970330240240],6.19
[1758212970335386542],6.19
[1758212970340472063],6.19
[1758212970345592948],6.19
[1758212970350694511],6.19
[1758212970355868104],6.19
[1758212970361071802],6.19
[1758212970366264302],6.19
[1758212970371416646],6.19
[1758212970376650188],6.19
[1758212970383251125],6.19
[1758212970388511125],6.19
[1758212970393639042],6.19
[1758212970398746386],6.19
[1758212970403934927],6.19
[1758212970409034250],6.19
[1758212970414134771],6.19
[1758212970419225656],6.19
[1758212970424394563],6.19
[1758212970429965344],6.19
[1758212970435129667],6.19
[1758212970440227323],6.19
[1758212970445347636],6.19
[1758212970450448886],6.19
[1758212970455664771],6.19
[1758212970460792063],6.19
[1758212970465946125],6.19
[1758212970471040448],6.19
[1758212970476232375],6.19
[1758212970481323781],6.19
[1758212970486432323],6.19
[1758212970491877896],6.19
[1758212970497018677],6.19
[1758212970502260761],6.19
[1758212970507482688],6.19
[1758212970512643417],6.19
[1758212970517760448],6.19
[1758212970522985813],6.19
[1758212970528099042],6.19
[1758212970533328261],6.19
[1758212970539771125],6.19
[1758212970545074979],6.19
[1758212970550224979],6.19
[1758212970555402896],6.19
[1758212970560513469],6.19
[1758212970565638000],6.19
[1758212970570735031],6.19
[1758212970575854927],6.19
[1758212970580961229],6.19
[1758212970586105656],6.19
[1758212970591290813],6.19
[1758212970596414198],6.19
[1758212970602931333],6.19
[1758212970608132323],6.19
[1758212970613348885],6.19
[1758212970618497583],6.19
[1758212970623652323],6.19
[1758212970628801750],6.19
[1758212970633940344],6.19
[1758212970639065083],6.19
[1758212970644528833],6.19
[1758212970649686281],6.19
[1758212970654981750],6.19
[1758212970660090865],6.19
[1758212970665182323],6.19
[1758212970670330292],6.19
[1758212970675485969],6.19
[1758212970680574094],6.19
[1758212970685682740],6.19
[1758212970690799406],6.19
[1758212970696071073],6.19
[1758212970701207375],6.19
[1758212970706759979],6.19
[1758212970711888521],6.19
[1758212970716988313],6.19
[1758212970722105031],6.19
[1758212970727315552],6.19
[1758212970732509354],6.19
[1758212970737662583],6.19
[1758212970742840448],6.19
[1758212970748003938],6.19
[1758212970753650448],6.19
[1758212970758790240],6.19
[1758212970763931698],6.19
[1758212970769036958],6.19
[1758212970774175292],6.19
[1758212970779283625],6.19
[1758212970784403781],6.19
[1758212970789505240],6.19
[1758212970794748260],6.19
[1758212970800004771],6.19
[1758212970805218677],6.19
[1758212970810351594],6.19
[1758212970815628729],6.19
[1758212970820739510],6.19
[1758212970825861750],6.19
[1758212970830977948],6.19
[1758212970836149198],6.19
[1758212970841269250],6.19
[1758212970846399667],6.19
[1758212970851578885],6.19
[1758212970856813312],6.19
[1758212970862409510],6.19
[1758212970867556750],6.19
[1758212970872745865],6.19
[1758212970877895604],6.19
[1758212970883017219],6.19
[1758212970888121594],6.19
[1758212970893254927],6.19
[1758212970898368469],6.19
[1758212970903625969],6.19
[1758212970908804979],6.19
[1758212970913934302],6.19
[1758212970919038573],6.19
[1758212970924592375],6.19
[1758212970929795083],6.19
[1758212970934941542],6.19
[1758212970940140396],6.19
[1758212970945281802],6.19
[1758212970950394719],6.19
[1758212970955612635],6.19
[1758212970960732167],6.19
[1758212970965926646],6.19
[1758212970971543625],6.19
[1758212970976728156],6.19
[1758212970981924823],6.19
[1758212970987077635],6.19
[1758212970994423573],6.19
[1758212970999581229],6.19
[1758212971004781177],6.19
[1758212971009891906],6.19
[1758212971015077375],6.19
[1758212971020341333],6.19
[1758212971025492531],6.19
[1758212971031964667],6.19
[1758212971037232010],6.19
[1758212971042396854],6.19
[1758212971047512167],6.19
[1758212971052729406],6.19
[1758212971057883781],6.19
[1758212971063001021],6.19
[1758212971068115552],6.19
[1758212971073293000],6.19
[1758212971079111854],6.19
[1758212971084285812],6.19
[1758212971089391750],6.19
[1758212971094521698],6.19
[1758212971099631958],6.19
[1758212971104842114],6.19
[1758212971109959562],6.19
[1758212971115153156],6.19
[1758212971120318625],6.19
[1758212971125565969],6.19
[1758212971130716854],6.19
[1758212971137163833],6.19
[1758212971143622739],6.19
[1758212971148885812],6.19
[1758212971154097062],6.19
[1758212971159205344],6.19
[1758212971164337167],6.19
[1758212971169427948],6.19
[1758212971174544406],6.19
[1758212971179647844],6.19
[1758212971185131854],6.19
[1758212971190379406],6.19
[1758212971195579406],6.19
[1758212971200691281],6.19
[1758212971205899250],6.19
[1758212971211008937],6.19
[1758212971216145864],6.19
[1758212971221252739],6.19
[1758212971226427219],6.19
[1758212971231649771],6.19
[1758212971236792531],6.19
[1758212971241904041],6.19
[1758212971247587948],6.19
[1758212971254007375],6.19
[1758212971259253521],6.19
[1758212971264368573],6.19
[1758212971269457687],6.19
[1758212971274593052],6.19
[1758212971279751698],6.19
[1758212971284907948],6.19
[1758212971290366541],6.19
[1758212971295573052],6.19
[1758212971300811958],6.19
[1758212971306014510],6.19
[1758212971311129458],6.19
[1758212971316325552],6.19
[1758212971321434354],6.19
[1758212971326569458],6.19
[1758212971331722323],6.19
[1758212971336885344],6.19
[1758212971342088625],6.19
[1758212971347229094],6.19
[1758212971352888677],6.19
[1758212971358101541],6.19
[1758212971363219406],6.19
[1758212971368319510],6.19
[1758212971373444614],6.19
[1758212971378552844],6.19
[1758212971383663677],6.19
[1758212971388786125],6.19
[1758212971393990083],6.19
[1758212971400455916],6.19
[1758212971406023104],6.19
[1758212971411147323],6.19
[1758212971416301437],6.19
[1758212971421417166],6.19
[1758212971426516489],6.19
[1758212971431675864],6.19
[1758212971436864771],6.19
[1758212971442003729],6.19
[1758212971447251229],6.19
[1758212971452447896],6.19
[1758212971457635812],6.19
[1758212971465411854],6.19
[1758212971470711385],6.19
[1758212971475836437],6.19
[1758212971480940552],6.19
[1758212971486073885],6.19
[1758212971491164510],6.19
[1758212971496286073],6.19
[1758212971501389093],6.19
[1758212971506585343],6.19
[1758212971512247271],6.19
[1758212971518649146],6.19
[1758212971523893833],6.19
[1758212971529020396],6.19
[1758212971534168468],6.19
[1758212971539294614],6.19
[1758212971544404614],6.19
[1758212971549521593],6.19
[1758212971554730187],6.19
[1758212971559858052],6.19
[1758212971565090812],6.19
[1758212971570217791],6.19
[1758212971575757166],6.19
[1758212971580935343],6.19
[1758212971586055343],6.19
[1758212971591162323],6.19
[1758212971596290916],6.19
[1758212971601401489],6.19
[1758212971606594250],6.19
[1758212971611704927],6.19
[1758212971616878000],6.19
[1758212971622087375],6.19
[1758212971628618208],6.19
[1758212971633876854],6.19
[1758212971639004198],6.19
[1758212971644123364],6.19
[1758212971649236750],6.19
[1758212971654437010],6.19
[1758212971659533729],6.19
[1758212971664678364],6.19
[1758212971669829927],6.19
[1758212971675075500],6.19
[1758212971680342583],6.19
[1758212971685939406],6.19
[1758212971691069875],6.19
[1758212971696220083],6.19
[1758212971701327062],6.19
[1758212971706533208],6.19
[1758212971711649770],6.19
[1758212971716780239],6.19
[1758212971721891645],6.19
[1758212971728467166],6.19
[1758212971734039302],6.19
[1758212971739223156],6.19
[1758212971744356125],6.19
[1758212971749463625],6.19
[1758212971754647166],6.19
[1758212971759748625],6.19
[1758212971764891385],6.19
[1758212971770012166],6.19
[1758212971775244614],6.19
[1758212971780354979],6.19
[1758212971785473520],6.19
[1758212971791808468],6.19
[1758212971797092375],6.19
[1758212971802348468],6.19
[1758212971807555448],6.19
[1758212971812736593],6.19
[1758212971817885239],6.19
[1758212971823024458],6.19
[1758212971828135291],6.19
[1758212971833644614],6.19
[1758212971838905604],6.19
[1758212971844057948],6.19
[1758212971849176229],6.19
[1758212971854385343],6.19
[1758212971859493468],6.19
[1758212971864592895],6.19
[1758212971869749354],6.19
[1758212971874923364],6.19
[1758212971880135395],6.19
[1758212971885334562],6.19
[1758212971890453885],6.19
[1758212971895591697],6.19
[1758212971902277270],6.19
[1758212971908663572],6.19
[1758212971913914093],6.19
[1758212971919025500],6.19
[1758212971924165916],6.19
[1758212971929259875],6.19
[1758212971934418156],6.19
[1758212971940835135],6.19
[1758212971946121489],6.19
[1758212971951234718],6.19
[1758212971956415187],6.19
[1758212971961550187],6.19
[1758212971966718416],6.19
[1758212971971834406],6.19
[1758212971976994510],6.19
[1758212971982260083],6.19
[1758212971987485864],6.19
[1758212971992654718],6.19
[1758212971997761020],6.19
[1758212972003032166],6.19
[1758212972008537739],6.19
[1758212972013687791],6.19
[1758212972018800395],6.19
[1758212972023954562],6.19
[1758212972029108833],6.19
[1758212972034311958],6.19
[1758212972039449770],6.19
[1758212972044597843],6.19
[1758212972050043833],6.19
[1758212972055332114],6.19
[1758212972060433833],6.19
[1758212972065554614],6.19
[1758212972070659614],6.19
[1758212972075763624],6.19
[1758212972080862843],6.19
[1758212972086017999],6.19
[1758212972091138156],6.19
[1758212972096337791],6.19
[1758212972101450187],6.19
[1758212972106649874],6.19
[1758212972111755864],6.19
[1758212972121419302],6.19
[1758212972127871020],6.19
[1758212972134228572],6.19
[1758212972139480968],6.19
[1758212972144634197],6.19
[1758212972149762062],6.19
[1758212972156177687],6.19
[1758212972161411229],6.19
[1758212972166522427],6.19
[1758212972171638572],6.19
[1758212972176812843],6.19
[1758212972181918416],6.19
[1758212972187021854],6.19
[1758212972192160135],6.19
[1758212972197308260],6.19
[1758212972202770343],6.19
[1758212972207980812],6.19
[1758212972213105395],6.19
[1758212972218208989],6.19
[1758212972223341281],6.19
[1758212972229753885],6.19
[1758212972236049874],6.19
[1758212972241236697],6.19
[1758212972246342374],6.19
[1758212972251458208],6.19
[1758212972256703416],6.19
[1758212972262276958],6.19
[1758212972267417270],6.19
[1758212972272600552],6.19
[1758212972277707427],6.19
[1758212972282868989],6.19
[1758212972287973885],6.19
[1758212972293091333],6.19
[1758212972298182739],6.19
[1758212972303447999],6.19
[1758212972308643676],6.19
[1758212972313781489],6.19
[1758212972318889406],6.19
[1758212972324027010],6.19
[1758212972329145135],6.19
[1758212972334583729],6.19
[1758212972339732895],6.19
[1758212972344823937],6.19
[1758212972349939822],6.19
[1758212972355148624],6.19
[1758212972360258624],6.19
[1758212972365408051],6.19
[1758212972371817687],6.19
[1758212972377043781],6.19
[1758212972382199822],6.19
[1758212972387307895],6.19
[1758212972393462947],6.19
[1758212972398730447],6.19
[1758212972403921697],6.19
[1758212972409032062],6.19
[1758212972414164614],6.19
[1758212972419273156],6.19
[1758212972424387687],6.19
[1758212972429485343],6.19
[1758212972434660656],6.19
[1758212972440251645],6.19
[1758212972445379562],6.19
[1758212972450577531],6.19
[1758212972455803468],6.19
[1758212972460905812],6.19
[1758212972466027322],6.19
[1758212972471127739],6.19
[1758212972476295864],6.19
[1758212972481967218],6.19
[1758212972487091124],6.19
[1758212972492253833],6.19
[1758212972497379406],6.19
[1758212972502698781],6.19
[1758212972507862426],6.19
[1758212972513009197],6.19
[1758212972518108208],6.19
[1758212972523322999],6.19
[1758212972528415864],6.19
[1758212972533513937],6.19
[1758212972538601541],6.19
[1758212972543714197],6.19
[1758212972549265135],6.19
[1758212972554489093],6.19
[1758212972559599458],6.19
[1758212972564745864],6.19
[1758212972569837270],6.19
[1758212972574953468],6.19
[1758212972580075656],6.19
[1758212972585231489],6.19
[1758212972590630291],6.19
[1758212972595751437],6.19
[1758212972600975187],6.19
[1758212972607395916],6.19
[1758212972612666801],6.19
[1758212972617762270],6.19
[1758212972622950135],6.19
[1758212972628064406],6.19
[1758212972633175291],6.19
[1758212972638336333],6.19
[1758212972643502478],6.19
[1758212972648644353],6.19
[1758212972653916176],6.19
[1758212972659448937],6.19
[1758212972664572166],6.19
[1758212972669664145],6.19
[1758212972674814666],6.19
[1758212972679909458],6.19
[1758212972684992895],6.19
[1758212972690082947],6.19
[1758212972695248468],6.19
[1758212972700827322],6.19
[1758212972706067531],6.19
[1758212972711172947],6.19
[1758212972716314510],6.19
[1758212972721415760],6.19
[1758212972726507843],6.19
[1758212972731654249],6.19
[1758212972736837426],6.19
[1758212972742019822],6.19
[1758212972747226385],6.19
[1758212972752447791],6.19
[1758212972757630551],6.19
[1758212972762818364],6.19
[1758212972768354666],6.19
[1758212972773476124],6.19
[1758212972778572739],6.19
[1758212972783710916],6.19
[1758212972788831333],6.19
[1758212972793925760],6.19
[1758212972799031541],6.19
[1758212972804218312],6.19
[1758212972810764822],6.19
[1758212972816015760],6.19
[1758212972821115030],6.19
[1758212972826237218],6.19
[1758212972831346541],6.19
[1758212972836494145],6.19
[1758212972841618468],6.19
[1758212972846760603],6.19
[1758212972851879666],6.19
[1758212972857064405],6.19
[1758212972862293260],6.19
[1758212972867423833],6.19
[1758212972872609093],6.19
[1758212972878120551],6.19
[1758212972883271228],6.19
[1758212972888379458],6.19
[1758212972893506072],6.19
[1758212972898614718],6.19
[1758212972903801124],6.19
[1758212972908911697],6.19
[1758212972914068833],6.19
[1758212972919578989],6.19
[1758212972924843989],6.19
[1758212972929969822],6.19
[1758212972935113208],6.19
[1758212972940270187],6.19
[1758212972945402999],6.19
[1758212972950518312],6.19
[1758212972958342114],6.19
[1758212972964753937],6.19
[1758212972969979874],6.19
[1758212972975084041],6.19
[1758212972980194926],6.19
[1758212972985646697],6.19
[1758212972990776332],6.19
[1758212972995896489],6.19
[1758212973001020447],6.19
[1758212973006266957],6.19
[1758212973011460551],6.19
[1758212973016562947],6.19
[1758212973021666957],6.19
[1758212973027112270],6.19
[1758212973032285812],6.19
[1758212973037444822],6.19
[1758212973042713676],6.19
[1758212973047959614],6.19
[1758212973053601905],6.19
[1758212973058786905],6.19
[1758212973063934718],6.19
[1758212973069045187],6.19
[1758212973074163051],6.19
[1758212973079263832],6.19
[1758212973084423468],6.19
[1758212973089538312],6.19
[1758212973095210760],6.19
[1758212973101382582],6.19
[1758212973106653624],6.19
[1758212973111725916],6.19
[1758212973116806749],6.19
[1758212973121895812],6.19
[1758212973127057947],6.19
[1758212973134297687],6.19
[1758212973139979978],6.19
[1758212973145153676],6.19
[1758212973150259614],6.19
[1758212973155457218],6.19
[1758212973160560603],6.19
[1758212973165689718],6.19
[1758212973170786541],6.19
[1758212973175935812],6.19
[1758212973181160759],6.19
[1758212973186306332],6.19
[1758212973191380343],6.19
[1758212973196482062],6.19
[1758212973201678416],6.19
[1758212973207236697],6.19
[1758212973212459353],6.19
[1758212973217626332],6.19
[1758212973222804197],6.19
[1758212973227906957],6.19
[1758212973233033364],6.19
[1758212973238193676],6.19
[1758212973243377687],6.19
[1758212973248945864],6.19
[1758212973254151645],6.19
[1758212973259267270],6.19
[1758212973264397634],6.19
[1758212973269500239],6.19
[1758212973274608312],6.19
[1758212973279745707],6.19
[1758212973284925187],6.19
[1758212973290169145],6.19
[1758212973295313207],6.19
[1758212973300428624],6.19
[1758212973305646020],6.19
[1758212973310739822],6.19
[1758212973315853364],6.19
[1758212973321091853],6.19
[1758212973326242843],6.19
[1758212973331352739],6.19
[1758212973336497895],6.19
[1758212973341617999],6.19
[1758212973346760655],6.19
[1758212973351887062],6.19
[1758212973357459718],6.19
[1758212973362672791],6.19
[1758212973367784926],6.19
[1758212973373043884],6.19
[1758212973378149666],6.19
[1758212973383234405],6.19
[1758212973388322739],6.19
[1758212973393444301],6.19
[1758212973398613259],6.19
[1758212973403850655],6.19
[1758212973408939405],6.19
[1758212973414080239],6.19
[1758212973419204614],6.19
[1758212973424324561],6.19
[1758212973429555499],6.19
[1758212973434707999],6.19
[1758212973439809874],6.19
[1758212973444930343],6.19
[1758212973450015239],6.19
[1758212973455183780],6.19
[1758212973460364926],6.19
[1758212973466946436],6.19
[1758212973472242061],6.19
[1758212973477381124],6.19
[1758212973482539197],6.19
[1758212973487669666],6.19
[1758212973492842166],6.19
[1758212973497952061],6.19
[1758212973503175811],6.19
[1758212973508311957],6.19
[1758212973513520551],6.19
[1758212973518643416],6.19
[1758212973523753780],6.19
[1758212973528840759],6.19
[1758212973533985864],6.19
[1758212973539427530],6.19
[1758212973544590655],6.19
[1758212973549723259],6.19
[1758212973554948832],6.19
[1758212973560055134],6.19
[1758212973565157739],6.19
[1758212973570271228],6.19
[1758212973575725759],6.19
[1758212973580876228],6.19
[1758212973586109145],6.19
[1758212973591221957],6.19
[1758212973596361384],6.19
[1758212973601477113],6.19
[1758212973606675447],6.19
[1758212973611787322],6.19
[1758212973616948051],6.19
[1758212973622063259],6.19
[1758212973627310030],6.19
[1758212973632525291],6.19
[1758212973637664301],6.19
[1758212973642867738],6.19
[1758212973648536801],6.19
[1758212973653749249],6.19
[1758212973658859561],6.19
[1758212973663999301],6.19
[1758212973669116020],6.19
[1758212973674247218],6.19
[1758212973681743676],6.19
[1758212973686952686],6.19
[1758212973692282113],6.19
[1758212973697416384],6.19
[1758212973702614978],6.19
[1758212973707755916],6.19
[1758212973712924353],6.19
[1758212973718028832],6.19
[1758212973723185968],6.19
[1758212973728286697],6.19
[1758212973733452166],6.19
[1758212973738656332],6.19
[1758212973743815968],6.19
[1758212973748968728],6.19
[1758212973754649353],6.19
[1758212973759760655],6.19
[1758212973764847582],6.19
[1758212973769948780],6.19
[1758212973775110655],6.19
[1758212973780222218],6.19
[1758212973785314093],6.19
[1758212973790439145],6.19
[1758212973796057061],6.19
[1758212973801242322],6.19
[1758212973806451228],6.19
[1758212973811576332],6.19
[1758212973816734509],6.19
[1758212973821847322],6.19
[1758212973826967686],6.19
[1758212973832077895],6.19
[1758212973837241072],6.19
[1758212973842531540],6.19
[1758212973847675551],6.19
[1758212973852928936],6.19
[1758212973858077270],6.19
[1758212973865530134],6.19
[1758212973870992113],6.19
[1758212973876137374],6.19
[1758212973881239301],6.19
[1758212973886371749],6.19
[1758212973891489978],6.19
[1758212973896624561],6.19
[1758212973902034613],6.19
[1758212973907281801],6.19
[1758212973912573728],6.19
[1758212973917701436],6.19
[1758212973922878155],6.19
[1758212973927988780],6.19
[1758212973933104874],6.19
[1758212973938221124],6.19
[1758212973943353155],6.19
[1758212973948519093],6.19
[1758212973953778468],6.19
[1758212973958971384],6.19
[1758212973964108051],6.19
[1758212973969615290],6.19
[1758212973974777061],6.19
[1758212973979979093],6.19
[1758212973985177738],6.19
[1758212973990658624],6.19
[1758212973995771280],6.19
[1758212974000870915],6.19
[1758212974006083624],6.19
[1758212974011628936],6.19
[1758212974016793884],6.19
[1758212974021892999],6.19
[1758212974027025811],6.19
[1758212974032122843],6.19
[1758212974037217217],6.19
[1758212974042358676],6.19
[1758212974047503572],6.19
[1758212974052757426],6.19
[1758212974058003832],6.19
[1758212974063125342],6.19
[1758212974068245603],6.19
[1758212974073388780],6.19
[1758212974078817478],6.19
[1758212974083964822],6.19
[1758212974089096176],6.19
[1758212974094324040],6.19
[1758212974099580499],6.19
[1758212974104763676],6.19
[1758212974109863884],6.19
[1758212974114996280],6.19
[1758212974121383259],6.19
[1758212974126635707],6.19
[1758212974131729822],6.19
[1758212974136834457],6.19
[1758212974141970863],6.19
[1758212974147080655],6.19
[1758212974152247842],6.19
[1758212974157455499],6.19
[1758212974162686384],6.19
[1758212974167903728],6.19
[1758212974173026801],6.19
[1758212974178131176],6.19
[1758212974183264613],6.19
[1758212974188771384],6.19
[1758212974193926749],6.19
[1758212974199047009],6.19
[1758212974204268467],6.19
[1758212974209387738],6.19
[1758212974214522165],6.19
[1758212974219644613],6.19
[1758212974224803467],6.19
[1758212974230255655],6.19
[1758212974235488415],6.19
[1758212974240593936],6.19
[1758212974245720134],6.19
[1758212974250826540],6.19
[1758212974256003467],6.19
[1758212974261130863],6.19
[1758212974266285290],6.19
[1758212974271405030],6.19
[1758212974276619249],6.19
[1758212974281715863],6.19
[1758212974286845967],6.19
[1758212974291946072],6.19
[1758212974297453832],6.19
[1758212974302677217],6.19
[1758212974307771592],6.19
[1758212974312953363],6.19
[1758212974318058311],6.19
[1758212974323132061],6.19
[1758212974328220863],6.19
[1758212974333394301],6.19
[1758212974338863467],6.19
[1758212974344102269],6.19
[1758212974351095238],6.19
[1758212974356642269],6.19
[1758212974361767894],6.19
[1758212974366873988],6.19
[1758212974371982842],6.19
[1758212974377166488],6.19
[1758212974382414197],6.19
[1758212974387528467],6.19
[1758212974392720290],6.19
[1758212974397883728],6.19
[1758212974403401749],6.19
[1758212974408540707],6.19
[1758212974413705290],6.19
[1758212974418846540],6.19
[1758212974424057738],6.19
[1758212974429180967],6.19
[1758212974434313311],6.19
[1758212974439418624],6.19
[1758212974444728936],6.19
[1758212974449870655],6.19
[1758212974456222947],6.19
[1758212974461438988],6.19
[1758212974466574353],6.19
[1758212974471668884],6.19
[1758212974476784717],6.19
[1758212974481873676],6.19
[1758212974487006905],6.19
[1758212974492201332],6.19
[1758212974497385342],6.19
[1758212974502738519],6.19
[1758212974507917321],6.19
[1758212974513479978],6.19
[1758212974518615603],6.19
[1758212974523748936],6.19
[1758212974528877061],6.19
[1758212974534017634],6.19
[1758212974539132061],6.19
[1758212974544223728],6.19
[1758212974549355707],6.19
[1758212974555986124],6.19
[1758212974561425394],6.19
[1758212974566597894],6.19
[1758212974571703832],6.19
[1758212974576836488],6.19
[1758212974581934665],6.19
[1758212974587039926],6.19
[1758212974592162582],6.19
[1758212974597299196],6.19
[1758212974602788988],6.19
[1758212974607994665],6.19
[1758212974613210759],6.19
[1758212974619562374],6.19
[1758212974625890603],6.19
[1758212974631123676],6.19
[1758212974636281957],6.19
[1758212974641375082],6.19
[1758212974646541071],6.19
[1758212974651684821],6.19
[1758212974656898467],6.19
[1758212974662833259],6.19
[1758212974668038624],6.19
[1758212974673288936],6.19
[1758212974678423259],6.19
[1758212974683568467],6.19
[1758212974688686957],6.19
[1758212974693816801],6.19
[1758212974698941696],6.19
[1758212974704168780],6.19
[1758212974709308051],6.19
[1758212974714524613],6.19
[1758212974719651644],6.19
[1758212974726309353],6.19
[1758212974731572686],6.19
[1758212974736721123],6.19
[1758212974741820707],6.19
[1758212974747006488],6.19
[1758212974752171071],6.19
[1758212974757363832],6.19
[1758212974762555707],6.19
[1758212974769731853],6.19
[1758212974776007582],6.19
[1758212974781222113],6.19
[1758212974786375030],6.19
[1758212974791477269],6.19
[1758212974796591696],6.19
[1758212974801673832],6.19
[1758212974806859613],6.19
[1758212974811969248],6.19
[1758212974817125551],6.19
[1758212974822292686],6.19
[1758212974827424509],6.19
[1758212974834057373],6.19
[1758212974839295290],6.19
[1758212974844447061],6.19
[1758212974849581332],6.19
[1758212974854764561],6.19
[1758212974859860394],6.19
[1758212974864965446],6.19
[1758212974870070186],6.19
[1758212974875540655],6.19
[1758212974880750082],6.19
[1758212974885867998],6.19
[1758212974890968936],6.19
[1758212974896091696],6.19
[1758212974901192426],6.19
[1758212974906381332],6.19
[1758212974911492478],6.19
[1758212974916642998],6.19
[1758212974921809978],6.19
[1758212974927012269],6.19
[1758212974932175342],6.19
[1758212974937329561],6.19
[1758212974942976019],6.19
[1758212974948099040],6.19
[1758212974953291071],6.19
[1758212974958383415],6.19
[1758212974963533936],6.19
[1758212974968642061],6.19
[1758212974973738519],6.19
[1758212974978852842],6.19
[1758212974984569196],6.19
[1758212974989816228],6.19
[1758212974994916175],6.19
[1758212975000017894],6.19
[1758212975005219248],6.19
[1758212975010347790],6.19
[1758212975015441071],6.19
[1758212975020532686],6.19
[1758212975025693415],6.19
[1758212975030804353],6.19
[1758212975035991644],6.19
[1758212975041095863],6.19
[1758212975046235863],6.19
[1758212975051745915],6.19
[1758212975056905967],6.19
[1758212975062001332],6.19
[1758212975067151071],6.19
[1758212975072298780],6.19
[1758212975077423988],6.19
[1758212975082668936],6.19
[1758212975087795082],6.19
[1758212975093346228],6.19
[1758212975098584925],6.19
[1758212975103767321],6.19
[1758212975108861488],6.19
[1758212975114030915],6.19
[1758212975119157582],6.19
[1758212975124297842],6.19
[1758212975129441227],6.19
[1758212975134598415],6.19
[1758212975139815238],6.19
[1758212975145036696],6.19
[1758212975150205498],6.19
[1758212975155413884],6.19
[1758212975160944405],6.19
[1758212975166082946],6.19
[1758212975171224300],6.19
[1758212975176361696],6.19
[1758212975181543155],6.19
[1758212975186686123],6.19
[1758212975191773780],6.19
[1758212975196920550],6.19
[1758212975204464977],6.19
[1758212975209788519],6.19
[1758212975215022165],6.19
[1758212975220123050],6.19
[1758212975225252842],6.19
[1758212975230357165],6.19
[1758212975235456852],6.19
[1758212975240545863],6.19
[1758212975245756905],6.19
[1758212975250884092],6.19
[1758212975256120915],6.19
[1758212975261233832],6.19
[1758212975266722790],6.19
[1758212975271836905],6.19
[1758212975276931175],6.19
[1758212975282025863],6.19
[1758212975287241957],6.19
[1758212975292472582],6.19
[1758212975297642738],6.19
[1758212975304080655],6.19
[1758212975309333780],6.19
[1758212975314756123],6.19
[1758212975319858780],6.19
[1758212975324992373],6.19
[1758212975330084144],6.19
[1758212975335206748],6.19
[1758212975340303571],6.19
[1758212975345548467],6.19
[1758212975350810134],6.19
[1758212975355994925],6.19
[1758212975361122269],6.19
[1758212975366291384],6.19
[1758212975371686279],6.19
[1758212975376845394],6.19
[1758212975385266800],6.19
[1758212975390519248],6.19
[1758212975395655342],6.19
[1758212975400782946],6.19
[1758212975406045134],6.19
[1758212975411136175],6.19
[1758212975416241488],6.19
[1758212975422038884],6.19
[1758212975427989717],6.19
[1758212975433219040],6.19
[1758212975438320238],6.19
[1758212975443476748],6.19
[1758212975448651071],6.19
[1758212975453859248],6.19
[1758212975458975134],6.19
[1758212975464164717],6.19
[1758212975469282217],6.19
[1758212975474495290],6.19
[1758212975480139769],6.19
[1758212975485285342],6.19
[1758212975490411957],6.19
[1758212975495528415],6.19
[1758212975500635342],6.19
[1758212975505861540],6.19
[1758212975511019769],6.19
[1758212975516198363],6.19
[1758212975521349300],6.19
[1758212975526616540],6.19
[1758212975533162321],6.19
[1758212975538390915],6.19
[1758212975543516957],6.19
[1758212975548686279],6.19
[1758212975553914925],6.19
[1758212975559028988],6.19
[1758212975564130290],6.19
[1758212975569252217],6.19
[1758212975574483363],6.19
[1758212975579749509],6.19
[1758212975585287581],6.19
[1758212975590524248],6.19
[1758212975595670134],6.19
[1758212975600820029],6.19
[1758212975606022842],6.19
[1758212975611157998],6.19
[1758212975616257269],6.19
[1758212975621354300],6.19
[1758212975626571175],6.19
[1758212975631682842],6.19
[1758212975636910446],6.19
[1758212975642985081],6.19
[1758212975648159873],6.19
[1758212975653350394],6.19
[1758212975658444717],6.19
[1758212975663600811],6.19
[1758212975668712790],6.19
[1758212975673879352],6.19
[1758212975679043519],6.19
[1758212975684316748],6.19
[1758212975689472894],6.19
[1758212975694898571],6.19
[1758212975700052113],6.19
[1758212975705255134],6.19
[1758212975710415759],6.19
[1758212975715580342],6.19
[1758212975720695186],6.19
[1758212975725866540],6.19
[1758212975731115394],6.19
[1758212975736217165],6.19
[1758212975741315863],6.19
[1758212975746563415],6.19
[1758212975751997686],6.19
[1758212975757199561],6.19
[1758212975762457581],6.19
[1758212975767672529],6.19
[1758212975773000706],6.19
[1758212975778120759],6.19
[1758212975783278675],6.19
[1758212975788381331],6.19
[1758212975793499300],6.19
[1758212975798708102],6.19
[1758212975804251175],6.19
[1758212975809439300],6.19
[1758212975814700342],6.19
[1758212975819852373],6.19
[1758212975825003571],6.19
[1758212975830123936],6.19
[1758212975835251019],6.19
[1758212975840344508],6.19
[1758212975845511436],6.19
[1758212975850686331],6.19
[1758212975856031383],6.19
[1758212975861532425],6.19
[1758212975866658988],6.19
[1758212975871754144],6.19
[1758212975876892061],6.19
[1758212975881997738],6.19
[1758212975887160446],6.19
[1758212975892357842],6.19
[1758212975897579300],6.19
[1758212975905541852],6.19
[1758212975910885654],6.19
[1758212975916123623],6.19
[1758212975921243050],6.19
[1758212975926367581],6.19
[1758212975931466436],6.19
[1758212975936593675],6.19
[1758212975941694873],6.19
[1758212975946825758],6.19
[1758212975951969404],6.19
[1758212975957226227],6.19
[1758212975962364769],6.19
[1758212975968828936],6.19
[1758212975974032998],6.19
[1758212975979137633],6.19
[1758212975984283623],6.19
[1758212975989398258],6.19
[1758212975994509821],6.19
[1758212975999613102],6.19
[1758212976004844456],6.19
[1758212976009965550],6.19
[1758212976015154821],6.19
[1758212976020719196],6.19
[1758212976025884560],6.19
[1758212976030980394],6.19
[1758212976036088310],6.19
[1758212976041214821],6.19
[1758212976046341956],6.19
[1758212976051487529],6.19
[1758212976056745133],6.19
[1758212976061938519],6.19
[1758212976067232738],6.19
[1758212976072389873],6.19
[1758212976078032373],6.19
[1758212976083193935],6.19
[1758212976088304092],6.19
[1758212976093426800],6.19
[1758212976098534196],6.19
[1758212976103713363],6.19
[1758212976108814613],6.19
[1758212976113955758],6.19
[1758212976119116175],6.19
[1758212976124356279],6.19
[1758212976129785550],6.19
[1758212976134937790],6.19
[1758212976140037113],6.19
[1758212976145153675],6.19
[1758212976150277946],6.19
[1758212976155515081],6.19
[1758212976160675550],6.19
[1758212976165946592],6.19
[1758212976173542425],6.19
[1758212976178693310],6.19
[1758212976185009456],6.19
[1758212976191512269],6.19
[1758212976196779040],6.19
[1758212976201889977],6.19
[1758212976207069092],6.19
[1758212976212214613],6.19
[1758212976217353571],6.19
[1758212976222507165],6.19
[1758212976227622269],6.19
[1758212976232803102],6.19
[1758212976239409925],6.19
[1758212976244654717],6.19
[1758212976249779925],6.19
[1758212976254997529],6.19
[1758212976260084873],6.19
[1758212976265195498],6.19
[1758212976270320810],6.19
[1758212976275466279],6.19
[1758212976280587633],6.19
[1758212976285794248],6.19
[1758212976290917008],6.19
[1758212976296582842],6.19
[1758212976301708258],6.19
[1758212976306891540],6.19
[1758212976311995446],6.19
[1758212976317140290],6.19
[1758212976322328935],6.19
[1758212976327459769],6.19
[1758212976332723779],6.19
[1758212976337981019],6.19
[1758212976343499925],6.19
[1758212976348685498],6.19
[1758212976353931175],6.19
[1758212976359051592],6.19
[1758212976364181904],6.19
[1758212976369277581],6.19
[1758212976374365394],6.19
[1758212976379454821],6.19
[1758212976384605081],6.19
[1758212976389810706],6.19
[1758212976394938831],6.19
[1758212976400037008],6.19
[1758212976405539717],6.19
[1758212976410651540],6.19
[1758212976415774717],6.19
[1758212976420879404],6.19
[1758212976426020810],6.19
[1758212976431122894],6.19
[1758212976436226227],6.19
[1758212976441308623],6.19
[1758212976446476175],6.19
[1758212976452322581],6.19
[1758212976458383258],6.19
[1758212976463662373],6.19
[1758212976468785133],6.19
[1758212976473916435],6.19
[1758212976479022685],6.19
[1758212976484142060],6.19
[1758212976489261852],6.19
[1758212976494397737],6.19
[1758212976499534456],6.19
[1758212976504792633],6.19
[1758212976509907894],6.19
[1758212976515406175],6.19
[1758212976520529144],6.19
[1758212976525639873],6.19
[1758212976530755498],6.19
[1758212976535875342],6.19
[1758212976540976383],6.19
[1758212976546094508],6.19
[1758212976551228258],6.19
[1758212976556512321],6.19
[1758212976562258206],6.19
[1758212976567384508],6.19
[1758212976572556227],6.19
[1758212976577677269],6.19
[1758212976582830862],6.19
[1758212976587937894],6.19
[1758212976593071904],6.19
[1758212976598165550],6.19
[1758212976603391644],6.19
[1758212976608631331],6.19
[1758212976613787633],6.19
[1758212976618910914],6.19
[1758212976624355133],6.19
[1758212976629492112],6.19
[1758212976634587737],6.19
[1758212976639727425],6.19
[1758212976644908831],6.19
[1758212976650134769],6.19
[1758212976655352998],6.19
[1758212976660461383],6.19
[1758212976665589144],6.19
[1758212976671024144],6.19
[1758212976676152477],6.19
[1758212976681256331],6.19
[1758212976686437321],6.19
[1758212976691635914],6.19
[1758212976696736331],6.19
[1758212976701851748],6.19
[1758212976707058258],6.19
[1758212976712186123],6.19
[1758212976717304769],6.19
[1758212976723630862],6.19
[1758212976729701227],6.19
[1758212976735583050],6.19
[1758212976740796435],6.19
[1758212976745912164],6.19
[1758212976751043258],6.19
[1758212976756250341],6.19
[1758212976761351904],6.19
[1758212976766454821],6.19
[1758212976771617477],6.19
[1758212976777114873],6.19
[1758212976782421435],6.19
[1758212976787556644],6.19
[1758212976792735602],6.19
[1758212976797865446],6.19
[1758212976803049769],6.19
[1758212976808163571],6.19
[1758212976813301644],6.19
[1758212976818422477],6.19
[1758212976823640602],6.19
[1758212976828747112],6.19
[1758212976833877841],6.19
[1758212976838980185],6.19
[1758212976844283935],6.19
[1758212976849710341],6.19
[1758212976854932112],6.19
[1758212976860051175],6.19
[1758212976865207008],6.19
[1758212976870325862],6.19
[1758212976875433258],6.19
[1758212976880510550],6.19
[1758212976885814300],6.19
[1758212976891023102],6.19
[1758212976896144508],6.19
[1758212976901256018],6.19
[1758212976906449768],6.19
[1758212976913894091],6.19
[1758212976919039143],6.19
[1758212976924197529],6.19
[1758212976929402008],6.19
[1758212976934577581],6.19
[1758212976939727737],6.19
[1758212976944894612],6.19
[1758212976950079352],6.19
[1758212976955570914],6.19
[1758212976960700862],6.19
[1758212976965873310],6.19
[1758212976971000081],6.19
[1758212976976251904],6.19
[1758212976981343727],6.19
[1758212976986446487],6.19
[1758212976993863831],6.19
[1758212976999153987],6.19
[1758212977004341071],6.19
[1758212977009445654],6.19
[1758212977014574925],6.19
[1758212977019737529],6.19
[1758212977024886435],6.19
[1758212977030009352],6.19
[1758212977035157737],6.19
[1758212977040266279],6.19
[1758212977045398206],6.19
[1758212977050505810],6.19
[1758212977055708935],6.19
[1758212977061222685],6.19
[1758212977066397998],6.19
[1758212977071551435],6.19
[1758212977076694768],6.19
[1758212977081804352],6.19
[1758212977086930654],6.19
[1758212977092015237],6.19
[1758212977097139664],6.19
[1758212977103828050],6.19
[1758212977109122477],6.19
[1758212977114255393],6.19
[1758212977119365133],6.19
[1758212977124511487],6.19
[1758212977129615289],6.19
[1758212977134730498],6.19
[1758212977139833154],6.19
[1758212977144990445],6.19
[1758212977150205393],6.19
[1758212977155413258],6.19
[1758212977160539404],6.19
[1758212977165701383],6.19
[1758212977171225602],6.19
[1758212977176384039],6.19
[1758212977181538206],6.19
[1758212977186660393],6.19
[1758212977191787737],6.19
[1758212977196980758],6.19
[1758212977202099820],6.19
[1758212977207397737],6.19
[1758212977213087737],6.19
[1758212977218279352],6.19
[1758212977223478102],6.19
[1758212977228596852],6.19
[1758212977233735133],6.19
[1758212977238841904],6.19
[1758212977243974143],6.19
[1758212977249132633],6.19
[1758212977254438987],6.19
[1758212977259644352],6.19
[1758212977264750133],6.19
[1758212977269845029],6.19
[1758212977274974456],6.19
[1758212977280195185],6.19
[1758212977285326227],6.19
[1758212977290434768],6.19
[1758212977295589560],6.19
[1758212977300706018],6.19
[1758212977305905081],6.19
[1758212977311001695],6.19
[1758212977316109925],6.19
[1758212977321346591],6.19
[1758212977326465133],6.19
[1758212977331580550],6.19
[1758212977336694247],6.19
[1758212977341806695],6.19
[1758212977346917997],6.19
[1758212977352088779],6.19
[1758212977357296747],6.19
[1758212977362490862],6.19
[1758212977367621122],6.19
[1758212977372798102],6.19
[1758212977377923779],6.19
[1758212977383051122],6.19
[1758212977388579872],6.19
[1758212977393727320],6.19
[1758212977398849039],6.19
[1758212977404043206],6.19
[1758212977409162372],6.19
[1758212977414284091],6.19
[1758212977419396331],6.19
[1758212977424546435],6.19
[1758212977429975289],6.19
[1758212977435210133],6.19
[1758212977440334820],6.19
[1758212977445470550],6.19
[1758212977450586643],6.19
[1758212977455800341],6.19
[1758212977460923050],6.19
[1758212977466080289],6.19
[1758212977471310966],6.19
[1758212977476550497],6.19
[1758212977481681800],6.19
[1758212977486811122],6.19
[1758212977491928831],6.19
[1758212977497536904],6.19
[1758212977502818258],6.19
[1758212977507962581],6.19
[1758212977513098258],6.19
[1758212977518209508],6.19
[1758212977523331383],6.19
[1758212977528445758],6.19
[1758212977533604143],6.19
[1758212977538944560],6.19
[1758212977544145810],6.19
[1758212977549270237],6.19
[1758212977554509195],6.19
[1758212977559641643],6.19
[1758212977564763049],6.19
[1758212977593155758],6.19
[1758212977598332268],6.19
[1758212977603798622],6.19
[1758212977608912581],6.19
[1758212977614052893],6.19
[1758212977619171591],6.19
[1758212977624289404],6.19
[1758212977629401852],6.19
[1758212977634581695],6.19
[1758212977639818622],6.19
[1758212977647153674],6.19
[1758212977652782737],6.19
[1758212977658433206],6.19
[1758212977663080602],6.19
[1758212977667593883],6.19
[1758212977672171591],6.19
[1758212977676681331],6.19
[1758212977681188466],6.19
[1758212977685694664],6.19
[1758212977690195185],6.19
[1758212977694732529],6.19
[1758212977699255914],6.19
[1758212977703919977],6.19
[1758212977708442945],6.19
[1758212977712977841],6.19
[1758212977717475497],6.19
[1758212977722062216],6.19
[1758212977726573883],6.19
[1758212977731116695],6.19
[1758212977735670966],6.19
[1758212977740186122],6.19
[1758212977744708727],6.19
[1758212977749568518],6.19
[1758212977754483154],6.19
[1758212977759654195],6.19
[1758212977764795029],6.19
[1758212977769897216],6.19
[1758212977775019508],6.19
[1758212977780133779],6.19
[1758212977785268883],6.19
[1758212977790394872],6.19
[1758212977795607633],6.19
[1758212977800732216],6.19
[1758212977805940758],6.19
[1758212977811051956],6.19
[1758212977816172008],6.19
[1758212977821278414],6.19
[1758212977826419143],6.19
[1758212977831528362],6.19
[1758212977836663414],6.19
[1758212977841741591],6.19
[1758212977846842893],6.19
[1758212977852465289],6.19
[1758212977857744560],6.19
[1758212977862972164],6.19
[1758212977868079247],6.19
[1758212977873201331],6.19
[1758212977878286383],6.19
[1758212977883397424],6.19
[1758212977888526226],6.19
[1758212977893670601],6.19
[1758212977898881956],6.19
[1758212977904072112],6.19
[1758212977909184143],6.19
[1758212977914321226],6.19
[1758212977919426174],6.19
[1758212977924519924],6.19
[1758212977929618101],6.19
[1758212977934781643],6.19
[1758212977939891070],6.19
[1758212977945001018],6.19
[1758212977950112997],6.19
[1758212977955300133],6.19
[1758212977960892789],6.19
[1758212977966157476],6.19
[1758212977971267372],6.19
[1758212977976388049],6.19
[1758212977981562893],6.19
[1758212977986693518],6.19
[1758212977991778570],6.19
[1758212977996893883],6.19
[1758212978002020028],6.19
[1758212978007288049],6.19
[1758212978012457841],6.19
[1758212978017585081],6.19
[1758212978022764091],6.19
[1758212978027886956],6.19
[1758212978032995601],6.19
[1758212978038085341],6.19
[1758212978043211747],6.19
[1758212978048309716],6.19
[1758212978053537581],6.19
[1758212978058657945],6.19
[1758212978064173883],6.19
[1758212978069395653],6.19
[1758212978074504976],6.19
[1758212978079597685],6.19
[1758212978084753101],6.19
[1758212978089851435],6.19
[1758212978094966331],6.19
[1758212978100078206],6.19
[1758212978105288570],6.19
[1758212978110435237],6.19
[1758212978115631851],6.19
[1758212978120727685],6.19
[1758212978125865497],6.19
[1758212978130981174],6.19
[1758212978136105549],6.19
[1758212978141201435],6.19
[1758212978146295966],6.19
[1758212978151400497],6.19
[1758212978156596851],6.19
[1758212978161688883],6.19
[1758212978166794456],6.19
[1758212978172262372],6.19
[1758212978177481278],6.19
[1758212978184423935],6.19
[1758212978189728205],6.19
[1758212978194943935],6.19
[1758212978200070653],6.19
[1758212978205256018],6.19
[1758212978210375601],6.19
[1758212978215549820],6.19
[1758212978220764872],6.19
[1758212978225907580],6.19
[1758212978231018414],6.19
[1758212978236142424],6.19
[1758212978241250237],6.19
[1758212978246376539],6.19
[1758212978251502008],6.19
[1758212978256845445],6.19
[1758212978262056122],6.19
[1758212978267163362],6.19
[1758212978272388935],6.19
[1758212978277922424],6.19
[1758212978283145133],6.19
[1758212978288250393],6.19
[1758212978293369716],6.19
[1758212978298514455],6.19
[1758212978303708883],6.19
[1758212978308814299],6.19
[1758212978313959091],6.19
[1758212978319124351],6.19
[1758212978324339664],6.19
[1758212978329443258],6.19
[1758212978334575341],6.19
[1758212978339711278],6.19
[1758212978344837476],6.19
[1758212978349948466],6.19
[1758212978355206539],6.19
[1758212978360350549],6.19
[1758212978365455862],6.19
[1758212978370559768],6.19
[1758212978375670862],6.19
[1758212978381171383],6.19
[1758212978386403414],6.19
[1758212978391572789],6.19
[1758212978396708414],6.19
[1758212978401824872],6.19
[1758212978407011435],6.19
[1758212978412162841],6.19
[1758212978417297112],6.19
[1758212978422457841],6.19
[1758212978427704247],6.19
[1758212978432889091],6.19
[1758212978437994560],6.19
[1758212978443110757],6.19
[1758212978448224351],6.19
[1758212978453461591],6.19
[1758212978458588518],6.19
[1758212978463758310],6.19
[1758212978468859768],6.19
[1758212978473983987],6.19
[1758212978479078049],6.19
[1758212978484173987],6.19
[1758212978489659507],6.19
[1758212978494930289],6.19
[1758212978500063622],6.19
[1758212978505275810],6.19
[1758212978510390497],6.19
[1758212978515520757],6.19
[1758212978520617476],6.19
[1758212978525756122],6.19
[1758212978530882112],6.19
[1758212978536083935],6.19
[1758212978541195705],6.19
[1758212978546316955],6.19
[1758212978551423205],6.19
[1758212978556649820],6.19
[1758212978561756226],6.19
[1758212978566868153],6.19
[1758212978571999924],6.19
[1758212978577217580],6.19
[1758212978582400132],6.19
[1758212978587519612],6.19
[1758212978593204768],6.19
[1758212978598456955],6.19
[1758212978603651122],6.19
[1758212978608751174],6.19
[1758212978613867841],6.19
[1758212978618955132],6.19
[1758212978624028309],6.19
[1758212978629144507],6.19
[1758212978634300080],6.19
[1758212978639535705],6.19
[1758212978644681278],6.19
[1758212978649798882],6.19
[1758212978655014559],6.19
[1758212978660141487],6.19
[1758212978665229403],6.19
[1758212978670350757],6.19
[1758212978675502893],6.19
[1758212978680598518],6.19
[1758212978685709039],6.19
[1758212978690800549],6.19
[1758212978695918257],6.19
[1758212978701489039],6.19
[1758212978706769820],6.19
[1758212978711888257],6.19
[1758212978718669559],6.19
[1758212978723858257],6.19
[1758212978728964507],6.19
[1758212978734061851],6.19
[1758212978739157997],6.19
[1758212978744328414],6.19
[1758212978749546591],6.19
[1758212978754747632],6.19
[1758212978759877424],6.19
[1758212978764998309],6.19
[1758212978770106903],6.19
[1758212978775216643],6.19
[1758212978780323674],6.19
[1758212978785499143],6.19
[1758212978790684820],6.19
[1758212978795807112],6.19
[1758212978800928987],6.19
[1758212978806609976],6.19
[1758212978811836018],6.19
[1758212978816957268],6.19
[1758212978822052997],6.19
[1758212978827169299],6.19
[1758212978832335184],6.19
[1758212978837464299],6.19
[1758212978842610028],6.19
[1758212978847744976],6.19
[1758212978853048257],6.19
[1758212978858187164],6.19
[1758212978863354247],6.19
[1758212978868507007],6.19
[1758212978873646434],6.19
[1758212978878761226],6.19
[1758212978883894872],6.19
[1758212978888984143],6.19
[1758212978894071695],6.19
[1758212978899217736],6.19
[1758212978904863153],6.19
[1758212978911198570],6.19
[1758212978916494351],6.19
[1758212978923006486],6.19
[1758212978928227059],6.19
[1758212978933338570],6.19
[1758212978938523414],6.19
[1758212978943740497],6.19
[1758212978948864143],6.19
[1758212978954059559],6.19
[1758212978959221070],6.19
[1758212978964358049],6.19
[1758212978969536174],6.19
[1758212978974696018],6.19
[1758212978979814559],6.19
[1758212978984930914],6.19
[1758212978990042893],6.19
[1758212978995177684],6.19
[1758212979000331018],6.19
[1758212979005538674],6.19
[1758212979010647997],6.19
[1758212979015760653],6.19
[1758212979020869091],6.19
[1758212979026448674],6.19
[1758212979031594507],6.19
[1758212979036714716],6.19
[1758212979041783778],6.19
[1758212979046861122],6.19
[1758212979051957789],6.19
[1758212979057138466],6.19
[1758212979062324299],6.19
[1758212979067500236],6.19
[1758212979072781538],6.19
[1758212979077917216],6.19
[1758212979083057320],6.19
[1758212979088161434],6.19
[1758212979093242945],6.19
[1758212979098335236],6.19
[1758212979103535445],6.19
[1758212979108636382],6.19
[1758212979113749976],6.19
[1758212979118845028],6.19
[1758212979123957893],6.19
[1758212979129447424],6.19
[1758212979134676486],6.19
[1758212979139794195],6.19
[1758212979144935236],6.19
[1758212979150045601],6.19
[1758212979155227580],6.19
[1758212979160342580],6.19
[1758212979165492111],6.19
[1758212979170616070],6.19
[1758212979175807163],6.19
[1758212979180918101],6.19
[1758212979186021695],6.19
[1758212979191118674],6.19
[1758212979196243622],6.19
[1758212979201352736],6.19
[1758212979206527059],6.19
[1758212979211636799],6.19
[1758212979216782580],6.19
[1758212979221876226],6.19
[1758212979227005549],6.19
[1758212979232542059],6.19
[1758212979237791851],6.19
[1758212979242969038],6.19
[1758212979248070757],6.19
[1758212979253253257],6.19
[1758212979258397059],6.19
[1758212979263531226],6.19
[1758212979268639299],6.19
[1758212979273788778],6.19
[1758212979278992632],6.19
[1758212979284180601],6.19
[1758212979289284611],6.19
[1758212979294388361],6.19
[1758212979299481330],6.19
[1758212979304677684],6.19
[1758212979309795601],6.19
[1758212979314955340],6.19
[1758212979320140236],6.19
[1758212979327016018],6.19
[1758212979332408049],6.19
[1758212979337546903],6.19
[1758212979343076799],6.19
[1758212979348191903],6.19
[1758212979353374299],6.19
[1758212979358507476],6.19
[1758212979363665184],6.19
[1758212979368782163],6.19
[1758212979374025497],6.19
[1758212979379194299],6.19
[1758212979384304559],6.19
[1758212979389393413],6.19
[1758212979394505653],6.19
[1758212979399597007],6.19
[1758212979404789247],6.19
[1758212979409894507],6.19
[1758212979415102945],6.19
[1758212979420189507],6.19
[1758212979425292215],6.19
[1758212979430417007],6.19
[1758212979435564872],6.19
[1758212979440659351],6.19
[1758212979447150861],6.19
[1758212979453580809],6.19
[1758212979459939090],6.19
[1758212979465200288],6.19
[1758212979470315861],6.19
[1758212979475457580],6.19
[1758212979480536382],6.19
[1758212979485639768],6.19
[1758212979490709299],6.19
[1758212979495809455],6.19
[1758212979500979247],6.19
[1758212979506229403],6.19
[1758212979511301122],6.19
[1758212979516408726],6.19
[1758212979521551747],6.19
[1758212979526686382],6.19
[1758212979531778778],6.19
[1758212979536896747],6.19
[1758212979542012059],6.19
[1758212979547163986],6.19
[1758212979552745236],6.19
[1758212979558064247],6.19
[1758212979563211851],6.19
[1758212979568330549],6.19
[1758212979573462059],6.19
[1758212979578566070],6.19
[1758212979583684715],6.19
[1758212979588793830],6.19
[1758212979593944820],6.19
[1758212979599142788],6.19
[1758212979604336799],6.19
[1758212979609454663],6.19
[1758212979614590549],6.19
[1758212979619719038],6.19
[1758212979624831486],6.19
[1758212979629932059],6.19
[1758212979635068622],6.19
[1758212979640177788],6.19
[1758212979645271382],6.19
[1758212979650373257],6.19
[1758212979655948726],6.19
[1758212979661165861],6.19
[1758212979666310132],6.19
[1758212979671410132],6.19
[1758212979676561851],6.19
[1758212979681629611],6.19
[1758212979686701695],6.19
[1758212979691802372],6.19
[1758212979696956174],6.19
[1758212979702094872],6.19
[1758212979707340288],6.19
[1758212979712522684],6.19
[1758212979717639194],6.19
[1758212979722808101],6.19
[1758212979727923465],6.19
[1758212979733008830],6.19
[1758212979738094715],6.19
[1758212979743237059],6.19
[1758212979748352163],6.19
[1758212979753546017],6.19
[1758212979758661122],6.19
[1758212979765161382],6.19
[1758212979770460757],6.19
[1758212979775547580],6.19
[1758212979780639299],6.19
[1758212979785772736],6.19
[1758212979790861903],6.19
[1758212979795976747],6.19
[1758212979801194403],6.19
[1758212979806433569],6.19
[1758212979811618517],6.19
[1758212979816746330],6.19
[1758212979821832267],6.19
[1758212979826968049],6.19
[1758212979832066903],6.19
[1758212979837192632],6.19
[1758212979842356382],6.19
[1758212979847492684],6.19
[1758212979852795809],6.19
[1758212979858388309],6.19
[1758212979863535080],6.19
[1758212979869865340],6.19
[1758212979876355080],6.19
[1758212979881657372],6.19
[1758212979887141642],6.19
[1758212979892290288],6.19
[1758212979897421122],6.19
[1758212979902635392],6.19
[1758212979907763517],6.19
[1758212979912962372],6.19
[1758212979918089976],6.19
[1758212979923353361],6.19
[1758212979928494924],6.19
[1758212979933603882],6.19
[1758212979938704559],6.19
[1758212979943797371],6.19
[1758212979948870028],6.19
[1758212979954049403],6.19
[1758212979959205444],6.19
[1758212979964426226],6.19
[1758212979969614194],6.19
[1758212979974719924],6.19
[1758212979979832215],6.19
[1758212979987683830],6.19
[1758212979994063413],6.19
[1758212979999263413],6.19
[1758212980004443153],6.19
[1758212980009543986],6.19
[1758212980014699246],6.19
[1758212980019817111],6.19
[1758212980024911174],6.19
[1758212980030012059],6.19
[1758212980035158361],6.19
[1758212980040263517],6.19
[1758212980045385601],6.19
[1758212980050494559],6.19
[1758212980055678257],6.19
[1758212980060784663],6.19
[1758212980065902163],6.19
[1758212980071038257],6.19
[1758212980076158986],6.19
[1758212980081256174],6.19
[1758212980086363986],6.19
[1758212980092940965],6.19
[1758212980099489663],6.19
[1758212980104764246],6.19
[1758212980109868413],6.19
[1758212980114979611],6.19
[1758212980120063569],6.19
[1758212980125198205],6.19
[1758212980130361955],6.19
[1758212980135642684],6.19
[1758212980140857007],6.19
[1758212980146077684],6.19
[1758212980151199559],6.19
[1758212980156384298],6.19
[1758212980161530965],6.19
[1758212980166695913],6.19
[1758212980171771746],6.19
[1758212980176854611],6.19
[1758212980181956330],6.19
[1758212980187106538],6.19
[1758212980192319663],6.19
[1758212980197552580],6.19
[1758212980203315757],6.19
[1758212980208515653],6.19
[1758212980213660392],6.19
[1758212980218766226],6.19
[1758212980223921069],6.19
[1758212980229038569],6.19
[1758212980234171330],6.19
[1758212980239290913],6.19
[1758212980244529767],6.19
[1758212980249632892],6.19
[1758212980254822267],6.19
[1758212980259936538],6.19
[1758212980265084767],6.19
[1758212980270186173],6.19
[1758212980275315392],6.19
[1758212980280448048],6.19
[1758212980285599663],6.19
[1758212980290702528],6.19
[1758212980295823673],6.19
[1758212980300934403],6.19
[1758212980306503205],6.19
[1758212980311741642],6.19
[1758212980319919923],6.19
[1758212980325092319],6.19
[1758212980330217059],6.19
[1758212980335337736],6.19
[1758212980340439715],6.19
[1758212980345550965],6.19
[1758212980350754298],6.19
[1758212980356034767],6.19
[1758212980361149403],6.19
[1758212980366294559],6.19
[1758212980371399298],6.19
[1758212980376507892],6.19
[1758212980381621225],6.19
[1758212980386770496],6.19
[1758212980391897788],6.19
[1758212980397124194],6.19
[1758212980402301798],6.19
[1758212980407479923],6.19
[1758212980413042580],6.19
[1758212980418249455],6.19
[1758212980423373205],6.19
[1758212980428505705],6.19
[1758212980433647371],6.19
[1758212980438763465],6.19
[1758212980443885080],6.19
[1758212980449002840],6.19
[1758212980454262475],6.19
[1758212980459512736],6.19
[1758212980464661121],6.19
[1758212980469765080],6.19
[1758212980474907423],6.19
[1758212980480021642],6.19
[1758212980485136069],6.19
[1758212980490270132],6.19
[1758212980495454507],6.19
[1758212980500571017],6.19
[1758212980505757580],6.19
[1758212980510872788],6.19
[1758212980516396173],6.19
[1758212980521600496],6.19
[1758212980526686590],6.19
[1758212980531787007],6.19
[1758212980536913830],6.19
[1758212980542019611],6.19
[1758212980547131121],6.19
[1758212980552293413],6.19
[1758212980557493673],6.19
[1758212980562674038],6.19
[1758212980567981278],6.19
[1758212980573104923],6.19
[1758212980578209663],6.19
[1758212980583352111],6.19
[1758212980588511798],6.19
[1758212980593641694],6.19
[1758212980598764975],6.19
[1758212980603969767],6.19
[1758212980609121850],6.19
[1758212980614238152],6.19
[1758212980619344819],6.19
[1758212980625709975],6.19
[1758212980631023048],6.19
[1758212980637482111],6.19
[1758212980642786694],6.19
[1758212980647899455],6.19
[1758212980653111330],6.19
[1758212980658212996],6.19
[1758212980663320652],6.19
[1758212980668445652],6.19
[1758212980673604923],6.19
[1758212980678728934],6.19
[1758212980683925496],6.19
[1758212980689034559],6.19
[1758212980694172840],6.19
[1758212980699275600],6.19
[1758212980704443413],6.19
[1758212980709551538],6.19
[1758212980714710444],6.19
[1758212980719807423],6.19
[1758212980724915600],6.19
[1758212980730028257],6.19
[1758212980735527423],6.19
[1758212980740700548],6.19
[1758212980746091121],6.19
[1758212980751208205],6.19
[1758212980756427059],6.19
[1758212980761548725],6.19
[1758212980766685444],6.19
[1758212980771794871],6.19
[1758212980776980861],6.19
[1758212980782349090],6.19
[1758212980787505340],6.19
[1758212980792673673],6.19
[1758212980797765496],6.19
[1758212980802992996],6.19
[1758212980808110705],6.19
[1758212980813235027],6.19
[1758212980818351694],6.19
[1758212980823553673],6.19
[1758212980828658100],6.19
[1758212980833782423],6.19
[1758212980838877788],6.19
[1758212980844181694],6.19
[1758212980850665392],6.19
[1758212980855938465],6.19
[1758212980861050132],6.19
[1758212980866188621],6.19
[1758212980871301902],6.19
[1758212980876423986],6.19
[1758212980881530861],6.19
[1758212980886660861],6.19
[1758212980891798465],6.19
[1758212980897037475],6.19
[1758212980902206538],6.19
[1758212980907385965],6.19
[1758212980912561069],6.19
[1758212980917664715],6.19
[1758212980922840757],6.19
[1758212980927953882],6.19
[1758212980933078777],6.19
[1758212980938186225],6.19
[1758212980943268100],6.19
[1758212980948383204],6.19
[1758212980954160132],6.19
[1758212980959389298],6.19
[1758212980964542215],6.19
[1758212980969672527],6.19
[1758212980976827163],6.19
[1758212980981974611],6.19
[1758212980987088777],6.19
[1758212980992217267],6.19
[1758212980997371694],6.19
[1758212981002705236],6.19
[1758212981007864246],6.19
[1758212981013001642],6.19
[1758212981018109559],6.19
[1758212981023208986],6.19
[1758212981028320236],6.19
[1758212981033484194],6.19
[1758212981038614923],6.19
[1758212981043803256],6.19
[1758212981048914871],6.19
[1758212981054135236],6.19
[1758212981059658204],6.19
[1758212981064929819],6.19
[1758212981070087423],6.19
[1758212981075225340],6.19
[1758212981080339246],6.19
[1758212981085446902],6.19
[1758212981090533465],6.19
[1758212981095668048],6.19
[1758212981100864819],6.19
[1758212981106119611],6.19
[1758212981111195236],6.19
[1758212981116328517],6.19
[1758212981121398777],6.19
[1758212981126535600],6.19
[1758212981131617631],6.19
[1758212981136711590],6.19
[1758212981141807892],6.19
[1758212981146946798],6.19
[1758212981152015913],6.19
[1758212981157160184],6.19
[1758212981162960340],6.19
[1758212981168205756],6.19
[1758212981173337736],6.19
[1758212981178414663],6.19
[1758212981183578777],6.19
[1758212981188727475],6.19
[1758212981193830027],6.19
[1758212981198960548],6.19
[1758212981204210809],6.19
[1758212981209400756],6.19
[1758212981214533725],6.19
[1758212981219637371],6.19
[1758212981224763204],6.19
[1758212981229897163],6.19
[1758212981234996954],6.19
[1758212981240130288],6.19
[1758212981245314506],6.19
[1758212981250427371],6.19
[1758212981255643256],6.19
[1758212981260769558],6.19
[1758212981265959038],6.19
[1758212981271509246],6.19
[1758212981276733204],6.19
[1758212981281809402],6.19
[1758212981286933465],6.19
[1758212981291995183],6.19
[1758212981297130965],6.19
[1758212981302302996],6.19
[1758212981307491277],6.19
[1758212981312729923],6.19
[1758212981317962006],6.19
[1758212981323105444],6.19
[1758212981328234090],6.19
[1758212981333374038],6.19
[1758212981338511017],6.19
[1758212981343638881],6.19
[1758212981348766069],6.19
[1758212981353995496],6.19
[1758212981359151850],6.19
[1758212981364351902],6.19
[1758212981369484611],6.19
[1758212981374993100],6.19
[1758212981380223986],6.19
[1758212981385363725],6.19
[1758212981390475756],6.19
[1758212981395643933],6.19
[1758212981400810288],6.19
[1758212981406040131],6.19
[1758212981411171954],6.19
[1758212981416347319],6.19
[1758212981421459194],6.19
[1758212981426666694],6.19
[1758212981431794975],6.19
[1758212981436897996],6.19
[1758212981442002944],6.19
[1758212981447126486],6.19
[1758212981452306954],6.19
[1758212981457467736],6.19
[1758212981462661798],6.19
[1758212981467794558],6.19
[1758212981472970288],6.19
[1758212981478108673],6.19
[1758212981484495548],6.19
[1758212981489811746],6.19
[1758212981495220704],6.19
[1758212981500342996],6.19
[1758212981505545704],6.19
[1758212981510653308],6.19
[1758212981515764819],6.19
[1758212981520872110],6.19
[1758212981525992996],6.19
[1758212981531130652],6.19
[1758212981536450496],6.19
[1758212981541590027],6.19
[1758212981548287527],6.19
[1758212981553653829],6.19
[1758212981558772683],6.19
[1758212981563947163],6.19
[1758212981569114090],6.19
[1758212981574416590],6.19
[1758212981579581642],6.19
[1758212981585931069],6.19
[1758212981591163569],6.19
[1758212981596301485],6.19
[1758212981601717892],6.19
[1758212981606916538],6.19
[1758212981612032163],6.19
[1758212981617153360],6.19
[1758212981622350027],6.19
[1758212981627520913],6.19
[1758212981632802788],6.19
[1758212981637910444],6.19
[1758212981643043413],6.19
[1758212981648165965],6.19
[1758212981653408465],6.19
[1758212981658537267],6.19
[1758212981663777527],6.19
[1758212981668945808],6.19
[1758212981674162579],6.19
[1758212981679311746],6.19
[1758212981684465860],6.19
[1758212981689575600],6.19
[1758212981696201902],6.19
[1758212981701445756],6.19
[1758212981707914454],6.19
[1758212981714231694],6.19
[1758212981719473829],6.19
[1758212981724586277],6.19
[1758212981729719715],6.19
[1758212981734855912],6.19
[1758212981739955287],6.19
[1758212981745046433],6.19
[1758212981750164662],6.19
[1758212981755388308],6.19
[1758212981760508048],6.19
[1758212981765708204],6.19
[1758212981770835079],6.19
[1758212981775956069],6.19
[1758212981781068985],6.19
[1758212981786200235],6.19
[1758212981791301590],6.19
[1758212981796405860],6.19
[1758212981801883048],6.19
[1758212981807080131],6.19
[1758212981812273777],6.19
[1758212981817733829],6.19
[1758212981822924246],6.19
[1758212981828029819],6.19
[1758212981833206069],6.19
[1758212981838333204],6.19
[1758212981843628569],6.19
[1758212981848758725],6.19
[1758212981853943933],6.19
[1758212981859042423],6.19
[1758212981864167423],6.19
[1758212981869286173],6.19
[1758212981874444298],6.19
[1758212981879553465],6.19
[1758212981885339350],6.19
[1758212981890548256],6.19
[1758212981895663360],6.19
[1758212981900805756],6.19
[1758212981906030131],6.19
[1758212981912537683],6.19
[1758212981917783829],6.19
[1758212981924253360],6.19
[1758212981929459819],6.19
[1758212981934575704],6.19
[1758212981939680912],6.19
[1758212981944866902],6.19
[1758212981949967787],6.19
[1758212981955145339],6.19
[1758212981960249819],6.19
[1758212981965465131],6.19
[1758212981970669454],6.19
[1758212981975778569],6.19
[1758212981980927162],6.19
[1758212981986076589],6.19
[1758212981991182371],6.19
[1758212981996298725],6.19
[1758212982001451381],6.19
[1758212982006670756],6.19
[1758212982011769871],6.19
[1758212982016994298],6.19
[1758212982022875496],6.19
[1758212982028019506],6.19
[1758212982034033464],6.19
[1758212982040499506],6.19
[1758212982045743881],6.19
[1758212982050855131],6.19
[1758212982056042423],6.19
[1758212982061146225],6.19
[1758212982066322892],6.19
[1758212982071447214],6.19
[1758212982076563517],6.19
[1758212982081658204],6.19
[1758212982086840339],6.19
[1758212982091954246],6.19
[1758212982097107787],6.19
[1758212982102349298],6.19
[1758212982107552058],6.19
[1758212982112740079],6.19
[1758212982117903673],6.19
[1758212982123100756],6.19
[1758212982128647944],6.19
[1758212982133815964],6.19
[1758212982139049766],6.19
[1758212982146335860],6.19
[1758212982151792371],6.19
[1758212982156959871],6.19
[1758212982162053933],6.19
[1758212982167202527],6.19
[1758212982172387423],6.19
[1758212982177514141],6.19
[1758212982182773204],6.19
[1758212982187959454],6.19
[1758212982193171589],6.19
[1758212982198268933],6.19
[1758212982203458204],6.19
[1758212982208601173],6.19
[1758212982213737996],6.19
[1758212982218822266],6.19
[1758212982223927631],6.19
[1758212982229138985],6.19
[1758212982234700496],6.19
[1758212982239862058],6.19
[1758212982244992475],6.19
[1758212982250127996],6.19
[1758212982256451016],6.19
[1758212982262996121],6.19
[1758212982268237319],6.19
[1758212982273389662],6.19
[1758212982278519819],6.19
[1758212982283648621],6.19
[1758212982288748725],6.19
[1758212982293852110],6.19
[1758212982298972527],6.19
[1758212982304197683],6.19
[1758212982309408464],6.19
[1758212982314527371],6.19
[1758212982319633204],6.19
[1758212982324741641],6.19
[1758212982329833204],6.19
[1758212982334976433],6.19
[1758212982340648516],6.19
[1758212982345843464],6.19
[1758212982350964089],6.19
[1758212982356164506],6.19
[1758212982361263673],6.19
[1758212982366430496],6.19
[1758212982372932787],6.19
[1758212982378181850],6.19
[1758212982383312162],6.19
[1758212982388429037],6.19
[1758212982393640235],6.19
[1758212982398776277],6.19
[1758212982403972631],6.19
[1758212982409099871],6.19
[1758212982414288048],6.19
[1758212982419565860],6.19
[1758212982424718933],6.19
[1758212982429864818],6.19
[1758212982435026850],6.19
[1758212982440143360],6.19
[1758212982445304141],6.19
[1758212982451150860],6.19
[1758212982456642058],6.19
[1758212982461792579],6.19
[1758212982466968204],6.19
[1758212982472080808],6.19
[1758212982478353256],6.19
[1758212982484805548],6.19
[1758212982490012839],6.19
[1758212982495154766],6.19
[1758212982500267787],6.19
[1758212982505463204],6.19
[1758212982510570704],6.19
[1758212982515687266],6.19
[1758212982520791746],6.19
[1758212982525943725],6.19
[1758212982531106902],6.19
[1758212982536189558],6.19
[1758212982541289766],6.19
[1758212982546429037],6.19
[1758212982551593621],6.19
[1758212982557179193],6.19
[1758212982562365704],6.19
[1758212982567499141],6.19
[1758212982572763308],6.19
[1758212982577888829],6.19
[1758212982583047735],6.19
[1758212982588157370],6.19
[1758212982593621277],6.19
[1758212982598852318],6.19
[1758212982604113100],6.19
[1758212982609244454],6.19
[1758212982614371485],6.19
[1758212982619474141],6.19
[1758212982624622110],6.19
[1758212982629762631],6.19
[1758212982634970235],6.19
[1758212982640195704],6.19
[1758212982645304298],6.19
[1758212982650438204],6.19
[1758212982655675183],6.19
[1758212982660814402],6.19
[1758212982666354923],6.19
[1758212982671477110],6.19
[1758212982676642787],6.19
[1758212982681780652],6.19
[1758212982686951329],6.19
[1758212982692185443],6.19
[1758212982697333100],6.19
[1758212982703130339],6.19
[1758212982711674610],6.19
[1758212982716998516],6.19
[1758212982722237370],6.19
[1758212982727487475],6.19
[1758212982732671745],6.19
[1758212982737777943],6.19
[1758212982742981068],6.19
[1758212982748161225],6.19
[1758212982753413360],6.19
[1758212982758531850],6.19
[1758212982763732318],6.19
[1758212982768831433],6.19
[1758212982774274297],6.19
[1758212982779393620],6.19
[1758212982784602266],6.19
[1758212982789788933],6.19
[1758212982795044922],6.19
[1758212982800156381],6.19
[1758212982805301589],6.19
[1758212982810726589],6.19
[1758212982815931172],6.19
[1758212982821085131],6.19
[1758212982826242943],6.19
[1758212982831412631],6.19
[1758212982836679245],6.19
[1758212982841828568],6.19
[1758212982846950547],6.19
[1758212982852069818],6.19
[1758212982857187266],6.19
[1758212982862372006],6.19
[1758212982867574089],6.19
[1758212982872807266],6.19
[1758212982878077058],6.19
[1758212982883580027],6.19
[1758212982888749141],6.19
[1758212982893870079],6.19
[1758212982898973412],6.19
[1758212982904105600],6.19
[1758212982909243152],6.19
[1758212982914433881],6.19
[1758212982920899506],6.19
[1758212982926153152],6.19
[1758212982931252006],6.19
[1758212982936373985],6.19
[1758212982941478256],6.19
[1758212982946614818],6.19
[1758212982951711850],6.19
[1758212982956813412],6.19
[1758212982962017735],6.19
[1758212982967287058],6.19
[1758212982972530391],6.19
[1758212982977666745],6.19
[1758212982982838464],6.19
[1758212982987992787],6.19
[1758212982994487110],6.19
[1758212982999738047],6.19
[1758212983004868933],6.19
[1758212983009983881],6.19
[1758212983015204037],6.19
[1758212983020326641],6.19
[1758212983025431329],6.19
[1758212983031802995],6.19
[1758212983037082839],6.19
[1758212983042249662],6.19
[1758212983047349245],6.19
[1758212983052504037],6.19
[1758212983057602683],6.19
[1758212983062799245],6.19
[1758212983067945235],6.19
[1758212983073116797],6.19
[1758212983078371016],6.19
[1758212983083523881],6.19
[1758212983088620339],6.19
[1758212983093760599],6.19
[1758212983101263881],6.19
[1758212983106531745],6.19
[1758212983111657579],6.19
[1758212983116851954],6.19
[1758212983121932214],6.19
[1758212983127041902],6.19
[1758212983132344506],6.19
[1758212983137892579],6.19
[1758212983143064766],6.19
[1758212983148187214],6.19
[1758212983153280339],6.19
[1758212983158356120],6.19
[1758212983163538308],6.19
[1758212983168655912],6.19
[1758212983173800287],6.19
[1758212983178903099],6.19
[1758212983184098464],6.19
[1758212983189263099],6.19
[1758212983194473204],6.19
[1758212983199588308],6.19
[1758212983204830964],6.19
[1758212983209957474],6.19
[1758212983215145495],6.19
[1758212983220336016],6.19
[1758212983225546589],6.19
[1758212983230642943],6.19
[1758212983235782162],6.19
[1758212983240959506],6.19
[1758212983247485391],6.19
[1758212983253956276],6.19
[1758212983259215079],6.19
[1758212983264402526],6.19
[1758212983269515756],6.19
[1758212983274658412],6.19
[1758212983279766120],6.19
[1758212983284881329],6.19
[1758212983289984714],6.19
[1758212983295141172],6.19
[1758212983300366329],6.19
[1758212983305501849],6.19
[1758212983311027058],6.19
[1758212983316237318],6.19
[1758212983321345547],6.19
[1758212983326477214],6.19
[1758212983331649714],6.19
[1758212983336824089],6.19
[1758212983341930183],6.19
[1758212983347123568],6.19
[1758212983352798256],6.19
[1758212983357958724],6.19
[1758212983363146849],6.19
[1758212983368248516],6.19
[1758212983373452266],6.19
[1758212983378572058],6.19
[1758212983383747735],6.19
[1758212983388865339],6.19
[1758212983394070026],6.19
[1758212983399255860],6.19
[1758212983404406901],6.19
[1758212983409492214],6.19
[1758212983414692370],6.19
[1758212983420139454],6.19
[1758212983425309870],6.19
[1758212983430423203],6.19
[1758212983435543516],6.19
[1758212983440648724],6.19
[1758212983445745026],6.19
[1758212983450825183],6.19
[1758212983455957162],6.19
[1758212983461501328],6.19
[1758212983466726068],6.19
[1758212983471879453],6.19
[1758212983477056276],6.19
[1758212983482216485],6.19
[1758212983487336797],6.19
[1758212983492496693],6.19
[1758212983497616485],6.19
[1758212983502816849],6.19
[1758212983508053256],6.19
[1758212983513277631],6.19
[1758212983518402214],6.19
[1758212983523527162],6.19
[1758212983528768776],6.19
[1758212983537367266],6.19
[1758212983542690599],6.19
[1758212983547838933],6.19
[1758212983552964349],6.19
[1758212983558068933],6.19
[1758212983563252891],6.19
[1758212983569669401],6.19
[1758212983574942995],6.19
[1758212983580070860],6.19
[1758212983585201381],6.19
[1758212983590315651],6.19
[1758212983595419922],6.19
[1758212983600508308],6.19
[1758212983605600495],6.19
[1758212983610720026],6.19
[1758212983616010391],6.19
[1758212983621115495],6.19
[1758212983626286797],6.19
[1758212983631437526],6.19
[1758212983637111120],6.19
[1758212983642286797],6.19
[1758212983647427474],6.19
[1758212983652639558],6.19
[1758212983657727943],6.19
[1758212983664393151],6.19
[1758212983669639037],6.19
[1758212983675117630],6.19
[1758212983680218516],6.19
[1758212983685320026],6.19
[1758212983690429662],6.19
[1758212983695575026],6.19
[1758212983700658880],6.19
[1758212983705762526],6.19
[1758212983711097787],6.19
[1758212983716655703],6.19
[1758212983721804662],6.19
[1758212983726947058],6.19
[1758212983732097422],6.19
[1758212983737280912],6.19
[1758212983743084349],6.19
[1758212983748215183],6.19
[1758212983753355599],6.19
[1758212983758646797],6.19
[1758212983763865651],6.19
[1758212983769040860],6.19
[1758212983774211589],6.19
[1758212983779328828],6.19
[1758212983785764089],6.19
[1758212983791003203],6.19
[1758212983796136016],6.19
[1758212983801213047],6.19
[1758212983806302110],6.19
[1758212983811381485],6.19
[1758212983816527839],6.19
[1758212983821646433],6.19
[1758212983826862943],6.19
[1758212983832140235],6.19
[1758212983837236953],6.19
[1758212983842433360],6.19
[1758212983847942839],6.19
[1758212983853115495],6.19
[1758212983858203203],6.19
[1758212983863437578],6.19
[1758212983868597735],6.19
[1758212983873726485],6.19
[1758212983878835443],6.19
[1758212983884000599],6.19
[1758212983889182682],6.19
[1758212983894781537],6.19
[1758212983899901120],6.19
[1758212983905017682],6.19
[1758212983910150182],6.19
[1758212983915359818],6.19
[1758212983920494662],6.19
[1758212983925600026],6.19
[1758212983930745078],6.19
[1758212983935986328],6.19
[1758212983941107214],6.19
[1758212983946228047],6.19
[1758212983951321432],6.19
[1758212983956752839],6.19
[1758212983961885755],6.19
[1758212983967130078],6.19
[1758212983972366172],6.19
[1758212983977513047],6.19
[1758212983982646276],6.19
[1758212983987723724],6.19
[1758212983992980443],6.19
[1758212983998239610],6.19
[1758212984003756016],6.19
[1758212984008853932],6.19
[1758212984014062787],6.19
[1758212984019161224],6.19
[1758212984024306849],6.19
[1758212984029413464],6.19
[1758212984034546901],6.19
[1758212984039656797],6.19
[1758212984044891380],6.19
[1758212984050101120],6.19
[1758212984055242735],6.19
[1758212984060572682],6.19
[1758212984066180964],6.19
[1758212984071338047],6.19
[1758212984076463828],6.19
[1758212984081647162],6.19
[1758212984086805703],6.19
[1758212984091911484],6.19
[1758212984096994401],6.19
[1758212984102207162],6.19
[1758212984107487578],6.19
[1758212984113152891],6.19
[1758212984118373203],6.19
[1758212984123489141],6.19
[1758212984128589714],6.19
[1758212984133749245],6.19
[1758212984138902682],6.19
[1758212984144041016],6.19
[1758212984149205287],6.19
[1758212984154404453],6.19
[1758212984159604818],6.19
[1758212984164777266],6.19
[1758212984169970859],6.19
[1758212984175585599],6.19
[1758212984180725755],6.19
[1758212984185840599],6.19
[1758212984191066172],6.19
[1758212984196307995],6.19
[1758212984201400287],6.19
[1758212984206542734],6.19
[1758212984213985026],6.19
[1758212984220445078],6.19
[1758212984225699245],6.19
[1758212984230796953],6.19
[1758212984235907214],6.19
[1758212984241006849],6.19
[1758212984246136328],6.19
[1758212984251239818],6.19
[1758212984256382422],6.19
[1758212984261569245],6.19
[1758212984266849297],6.19
[1758212984271955807],6.19
[1758212984277142995],6.19
[1758212984282768412],6.19
[1758212984287964818],6.19
[1758212984293075703],6.19
[1758212984298190234],6.19
[1758212984303317630],6.19
[1758212984308419557],6.19
[1758212984313649245],6.19
[1758212984318826797],6.19
[1758212984324494297],6.19
[1758212984330948828],6.19
[1758212984336200859],6.19
[1758212984341318568],6.19
[1758212984346464193],6.19
[1758212984351587682],6.19
[1758212984356694141],6.19
[1758212984361801432],6.19
[1758212984367009245],6.19
[1758212984372221380],6.19
[1758212984377474141],6.19
[1758212984382712995],6.19
[1758212984392614453],6.19
[1758212984397880078],6.19
[1758212984402987839],6.19
[1758212984408105651],6.19
[1758212984413322891],6.19
[1758212984418419505],6.19
[1758212984423525443],6.19
[1758212984428631432],6.19
[1758212984436102370],6.19
[1758212984441561432],6.19
[1758212984446705755],6.19
[1758212984451777734],6.19
[1758212984456877578],6.19
[1758212984461988568],6.19
[1758212984467172109],6.19
[1758212984472381380],6.19
[1758212984477530755],6.19
[1758212984483837995],6.19
[1758212984489020443],6.19
[1758212984495243099],6.19
[1758212984501795286],6.19
[1758212984507028828],6.19
[1758212984512308307],6.19
[1758212984517442005],6.19
[1758212984522613984],6.19
[1758212984527714453],6.19
[1758212984532850859],6.19
[1758212984537948880],6.19
[1758212984543409453],6.19
[1758212984548620547],6.19
[1758212984553697943],6.19
[1758212984558778880],6.19
[1758212984563982943],6.19
[1758212984569132057],6.19
[1758212984574280703],6.19
[1758212984579398047],6.19
[1758212984584551745],6.19
[1758212984589751172],6.19
[1758212984594832422],6.19
[1758212984599943151],6.19
[1758212984605078932],6.19
[1758212984611705338],6.19
[1758212984618090703],6.19
[1758212984623342578],6.19
[1758212984628510286],6.19
[1758212984633654349],6.19
[1758212984638754141],6.19
[1758212984643869974],6.19
[1758212984650521797],6.19
[1758212984656878411],6.19
[1758212984662102370],6.19
[1758212984667274713],6.19
[1758212984672511120],6.19
[1758212984677657057],6.19
[1758212984682813776],6.19
[1758212984687920443],6.19
[1758212984693054401],6.19
[1758212984698167578],6.19
[1758212984703353880],6.19
[1758212984708451953],6.19
[1758212984713653568],6.19
[1758212984719278672],6.19
[1758212984724402318],6.19
[1758212984729514922],6.19
[1758212984734688880],6.19
[1758212984739772266],6.19
[1758212984744853099],6.19
[1758212984749974505],6.19
[1758212984755120390],6.19
[1758212984761031849],6.19
[1758212984767320963],6.19
[1758212984772921276],6.19
[1758212984778069193],6.19
[1758212984783208776],6.19
[1758212984788310963],6.19
[1758212984793424870],6.19
[1758212984798549297],6.19
[1758212984803669922],6.19
[1758212984808791224],6.19
[1758212984814050390],6.19
[1758212984819168932],6.19
[1758212984824587213],6.19
[1758212984829703880],6.19
[1758212984834805911],6.19
[1758212984839920026],6.19
[1758212984845056484],6.19
[1758212984850227265],6.19
[1758212984855592630],6.19
[1758212984860734505],6.19
[1758212984865903463],6.19
[1758212984871088724],6.19
[1758212984876256276],6.19
[1758212984882693776],6.19
[1758212984889120338],6.19
[1758212984895544088],6.19
[1758212984901966797],6.19
[1758212984908547213],6.19
[1758212984914926797],6.19
[1758212984920172422],6.19
[1758212984925313359],6.19
[1758212984930566015],6.19
[1758212984935714193],6.19
[1758212984940939453],6.19
[1758212984946097265],6.19
[1758212984951202005],6.19
[1758212984956342734],6.19
[1758212984961595078],6.19
[1758212984966791328],6.19
[1758212984971912786],6.19
[1758212984977068203],6.19
[1758212984982285495],6.19
[1758212984987425286],6.19
[1758212984992621432],6.19
[1758212984997732578],6.19
[1758212985002863515],6.19
[1758212985007938463],6.19
[1758212985013546797],6.19
[1758212985018686120],6.19
[1758212985023795651],6.19
[1758212985028906901],6.19
[1758212985034035338],6.19
[1758212985039544453],6.19
[1758212985044718203],6.19
[1758212985049829870],6.19
[1758212985055070859],6.19
[1758212985060268932],6.19
[1758212985065465807],6.19
[1758212985070586588],6.19
[1758212985075726953],6.19
[1758212985080851901],6.19
[1758212985085979817],6.19
[1758212985091096120],6.19
[1758212985096271484],6.19
[1758212985101451536],6.19
[1758212985106570078],6.19
[1758212985111689401],6.19
[1758212985117446536],6.19
[1758212985122652786],6.19
[1758212985127736640],6.19
[1758212985132905911],6.19
[1758212985138001953],6.19
[1758212985143114453],6.19
[1758212985149050651],6.19
[1758212985154713151],6.19
[1758212985159935599],6.19
[1758212985165104245],6.19
[1758212985170196224],6.19
[1758212985175375807],6.19
[1758212985180524505],6.19
[1758212985185604661],6.19
[1758212985190718307],6.19
[1758212985195880286],6.19
[1758212985201074401],6.19
[1758212985206209401],6.19
[1758212985211339817],6.19
[1758212985216584244],6.19
[1758212985221714453],6.19
[1758212985227193203],6.19
[1758212985232382109],6.19
[1758212985237507369],6.19
[1758212985242679036],6.19
[1758212985247797578],6.19
[1758212985252929505],6.19
[1758212985258026588],6.19
[1758212985263569661],6.19
[1758212985268783151],6.19
[1758212985274016901],6.19
[1758212985279150338],6.19
[1758212985284299765],6.19
[1758212985289447109],6.19
[1758212985294535755],6.19
[1758212985299611380],6.19
[1758212985304759765],6.19
[1758212985309882630],6.19
[1758212985315145182],6.19
[1758212985320334140],6.19
[1758212985325510130],6.19
[1758212985330644036],6.19
[1758212985336140182],6.19
[1758212985341288932],6.19
[1758212985346369297],6.19
[1758212985351442578],6.19
[1758212985356554297],6.19
[1758212985361653932],6.19
[1758212985368192213],6.19
[1758212985373448984],6.19
[1758212985378603099],6.19
[1758212985383742890],6.19
[1758212985388859349],6.19
[1758212985394070182],6.19
[1758212985399208307],6.19
[1758212985404348099],6.19
[1758212985409524817],6.19
[1758212985414818724],6.19
[1758212985419924765],6.19
[1758212985425043515],6.19
[1758212985430125078],6.19
[1758212985435219817],6.19
[1758212985440350703],6.19
[1758212985447020078],6.19
[1758212985453475494],6.19
[1758212985458712890],6.19
[1758212985463905651],6.19
[1758212985469010026],6.19
[1758212985475388359],6.19
[1758212985480615807],6.19
[1758212985485736276],6.19
[1758212985490834036],6.19
[1758212985495953359],6.19
[1758212985501045026],6.19
[1758212985506149921],6.19
[1758212985511253828],6.19
[1758212985516462265],6.19
[1758212985521653099],6.19
[1758212985526783203],6.19
[1758212985531882265],6.19
[1758212985537003619],6.19
[1758212985542092994],6.19
[1758212985547220182],6.19
[1758212985552872161],6.19
[1758212985558026692],6.19
[1758212985563220703],6.19
[1758212985568326067],6.19
[1758212985573510234],6.19
[1758212985578639869],6.19
[1758212985584085911],6.19
[1758212985589189557],6.19
[1758212985594340911],6.19
[1758212985599567421],6.19
[1758212985604728880],6.19
[1758212985609843046],6.19
[1758212985615084088],6.19
[1758212985620207473],6.19
[1758212985625310338],6.19
[1758212985630451432],6.19
[1758212985635683046],6.19
[1758212985640910442],6.19
[1758212985646014661],6.19
[1758212985651103203],6.19
[1758212985656275286],6.19
[1758212985663571848],6.19
[1758212985670377786],6.19
[1758212985675784088],6.19
[1758212985680952890],6.19
[1758212985686091171],6.19
[1758212985691446119],6.19
[1758212985697887578],6.19
[1758212985703104661],6.19
[1758212985708182734],6.19
[1758212985713355130],6.19
[1758212985718447369],6.19
[1758212985723539505],6.19
[1758212985728621901],6.19
[1758212985733747421],6.19
[1758212985738937421],6.19
[1758212985744128098],6.19
[1758212985749221484],6.19
[1758212985754312265],6.19
[1758212985759397682],6.19
[1758212985764561432],6.19
[1758212985770227005],6.19
[1758212985775357369],6.19
[1758212985780487005],6.19
[1758212985785620911],6.19
[1758212985790755598],6.19
[1758212985795868932],6.19
[1758212985806150807],6.19
[1758212985813344140],6.19
[1758212985818599140],6.19
[1758212985823685755],6.19
[1758212985828775026],6.19
[1758212985833915442],6.19
[1758212985839026067],6.19
[1758212985844116432],6.19
[1758212985849202057],6.19
[1758212985854354088],6.19
[1758212985859533932],6.19
[1758212985864750546],6.19
[1758212985869832630],6.19
[1758212985875025234],6.19
[1758212985880756588],6.19
[1758212985885878880],6.19
[1758212985891001744],6.19
[1758212985896152890],6.19
[1758212985901224609],6.19
[1758212985906305234],6.19
[1758212985911429869],6.19
[1758212985916923307],6.19
[1758212985922261380],6.19
[1758212985929132057],6.19
[1758212985934513515],6.19
[1758212985939610286],6.19
[1758212985944787734],6.19
[1758212985949868984],6.19
[1758212985954961953],6.19
[1758212985960040755],6.19
[1758212985965208411],6.19
[1758212985970419140],6.19
[1758212985975688723],6.19
[1758212985980960546],6.19
[1758212985987581692],6.19
[1758212985994404140],6.19
[1758212985999771119],6.19
[1758212986004892786],6.19
[1758212986009979192],6.19
[1758212986015128880],6.19
[1758212986020196119],6.19
[1758212986025294713],6.19
[1758212986032807890],6.19
[1758212986038129921],6.19
[1758212986043325911],6.19
[1758212986048397213],6.19
[1758212986053499244],6.19
[1758212986058647005],6.19
[1758212986063783619],6.19
[1758212986068864921],6.19
[1758212986074018359],6.19
[1758212986079185130],6.19
[1758212986084411536],6.19
[1758212986089604609],6.19
[1758212986095204869],6.19
[1758212986100325755],6.19
[1758212986105427161],6.19
[1758212986110531484],6.19
[1758212986115749609],6.19
[1758212986120859921],6.19
[1758212986125978880],6.19
[1758212986131069557],6.19
[1758212986136222109],6.19
[1758212986141402109],6.19
[1758212986147871327],6.19
[1758212986154738827],6.19
[1758212986159961171],6.19
[1758212986165146588],6.19
[1758212986170248515],6.19
[1758212986175371848],6.19
[1758212986180515442],6.19
[1758212986185635546],6.19
[1758212986190736223],6.19
[1758212986195899192],6.19
[1758212986201549244],6.19
[1758212986206665911],6.19
[1758212986211779452],6.19
[1758212986216980338],6.19
[1758212986222059869],6.19
[1758212986227170182],6.19
[1758212986232336848],6.19
[1758212986237449817],6.19
[1758212986242615390],6.19
[1758212986247786380],6.19
[1758212986254405442],6.19
[1758212986259627005],6.19
[1758212986264775598],6.19
[1758212986269878463],6.19
[1758212986275035234],6.19
[1758212986280179869],6.19
[1758212986285299088],6.19
[1758212986290398723],6.19
[1758212986295627525],6.19
[1758212986300863827],6.19
[1758212986306595286],6.19
[1758212986311712838],6.19
[1758212986316899765],6.19
[1758212986322039504],6.19
[1758212986327156119],6.19
[1758212986332315390],6.19
[1758212986337460234],6.19
[1758212986342626432],6.19
[1758212986347792577],6.19
[1758212986353049348],6.19
[1758212986358641484],6.19
[1758212986364931171],6.19
[1758212986370150650],6.19
[1758212986375264244],6.19
[1758212986380379400],6.19
[1758212986385527890],6.19
[1758212986390619036],6.19
[1758212986395740025],6.19
[1758212986400865754],6.19
[1758212986406076640],6.19
[1758212986413873202],6.19
[1758212986419403359],6.19
[1758212986424573411],6.19
[1758212986429735859],6.19
[1758212986434907994],6.19
[1758212986440032161],6.19
[1758212986445141796],6.19
[1758212986450243723],6.19
[1758212986455384348],6.19
[1758212986460566327],6.19
[1758212986466180807],6.19
[1758212986471310807],6.19
[1758212986476440754],6.19
[1758212986481545911],6.19
[1758212986486691067],6.19
[1758212986491774504],6.19
[1758212986496892629],6.19
[1758212986501990286],6.19
[1758212986507183046],6.19
[1758212986512541067],6.19
[1758212986518110650],6.19
[1758212986523274348],6.19
[1758212986528398046],6.19
[1758212986533550494],6.19
[1758212986538673046],6.19
[1758212986543787734],6.19
[1758212986548921796],6.19
[1758212986554053775],6.19
[1758212986559214244],6.19
[1758212986564497838],6.19
[1758212986569622161],6.19
[1758212986576186275],6.19
[1758212986581469452],6.19
[1758212986586614452],6.19
[1758212986591710181],6.19
[1758212986596910025],0.01
[1758212986602734192],0.01
[1758212986607905494],0.01
[1758212986613134296],0.01
[1758212986618276640],0.01
[1758212986623857994],0.01
[1758212986629016275],0.01
[1758212986634157213],0.01
[1758212986639282786],0.01
[1758212986644403202],0.01
[1758212986649508515],0.01
[1758212986654638046],0.01
[1758212986659816484],0.01
[1758212986665148619],0.01
[1758212986670363411],0.01
[1758212986675547265],0.01
[1758212986681020129],0.01
[1758212986686186275],0.01
[1758212986691300754],0.01
[1758212986696440650],0.01
[1758212986701565181],0.01
[1758212986706851067],0.01
[1758212986712050598],0.01
[1758212986717251796],0.01
[1758212986722403671],0.01
[1758212986727510025],0.01
[1758212986734068515],0.01
[1758212986739295494],0.01
[1758212986744440286],0.01
[1758212986750636119],0.01
[1758212986756239608],0.01
[1758212986761334765],0.01
[1758212986766507004],0.01
[1758212986771598411],0.01
[1758212986776714869],0.01
[1758212986781799608],0.01
[1758212986787451015],0.01
[1758212986793477577],0.01
[1758212986799121692],0.01
[1758212986804253983],0.01
[1758212986809355598],0.01
[1758212986814579921],0.01
[1758212986819722265],0.01
[1758212986824842421],0.01
[1758212986829955025],0.01
[1758212986835110233],0.01
[1758212986840590025],0.01
[1758212986845840911],0.01
[1758212986850950129],0.01
[1758212986856096640],0.01
[1758212986861214973],0.01
[1758212986866433775],0.01
[1758212986871566119],0.01
[1758212986876696327],0.01
[1758212986881857056],0.01
[1758212986887114192],0.01
[1758212986892395963],0.01
[1758212986897589608],3.31
[1758212986904628306],3.31
[1758212986909878046],3.31
[1758212986915058254],3.31
[1758212986920150129],3.31
[1758212986925280442],3.31
[1758212986930370077],3.31
[1758212986935453098],3.31
[1758212986940561067],3.31
[1758212986946043410],3.31
[1758212986951280494],3.31
[1758212986956387421],3.31
[1758212986961501171],3.31
[1758212986966739869],3.31
[1758212986971825754],3.31
[1758212986976952421],3.31
[1758212986982076640],3.31
[1758212986987280650],3.31
[1758212986992610910],3.31
[1758212986997747681],3.31
[1758212987002943046],3.31
[1758212987008408463],3.31
[1758212987013643983],3.31
[1758212987018767838],3.31
[1758212987023902421],3.31
[1758212987032485702],3.31
[1758212987037895963],3.31
[1758212987044220077],6.87
[1758212987051208202],6.87
[1758212987056747473],6.87
[1758212987061864140],6.87
[1758212987067056900],6.87
[1758212987072203931],6.87
[1758212987077332369],6.87
[1758212987082500025],6.87
[1758212987087687942],6.87
[1758212987092877369],6.87
[1758212987098079973],6.87
[1758212987103195025],6.87
[1758212987108300702],6.87
[1758212987115686275],6.87
[1758212987121155494],6.87
[1758212987126324244],6.87
[1758212987131426015],6.87
[1758212987136559035],6.87
[1758212987141653827],6.87
[1758212987146763931],6.87
[1758212987151866119],6.87
[1758212987157028983],6.87
[1758212987162571692],6.87
[1758212987168966327],6.87
[1758212987174221692],6.87
[1758212987179380337],6.87
[1758212987184543150],6.87
[1758212987189716119],6.87
[1758212987196437681],6.87
[1758212987201672212],6.87
[1758212987206794400],6.87
[1758212987211918254],6.87
[1758212987217137473],6.87
[1758212987222626535],6.87
[1758212987227729348],6.87
[1758212987232906692],6.87
[1758212987238069765],6.87
[1758212987243314348],6.87
[1758212987248417056],6.87
[1758212987253539035],6.87
[1758212987258657265],6.87
[1758212987263866952],6.87
[1758212987271210233],6.87
[1758212987276652890],6.87
[1758212987281842317],6.87
[1758212987286986067],6.87
[1758212987292072942],6.87
[1758212987297208202],6.87
[1758212987302417785],6.87
[1758212987307554973],6.87
[1758212987312781431],6.87
[1758212987318016848],6.87
[1758212987323202265],6.87
[1758212987329765285],6.87
[1758212987336035598],6.87
[1758212987341331848],6.87
[1758212987347573306],6.3
[1758212987355438983],6.3
[1758212987360647681],6.3
[1758212987365853775],6.3
[1758212987370972056],6.3
[1758212987376490129],6.3
[1758212987381611900],6.3
[1758212987386734973],6.3
[1758212987391822942],6.3
[1758212987396937421],6.3
[1758212987402033514],6.3
[1758212987407148306],6.3
[1758212987412396119],6.3
[1758212987417596223],6.3
[1758212987422825181],6.3
[1758212987428016067],6.3
[1758212987433138514],6.3
[1758212987439601952],6.3
[1758212987444839556],6.3
[1758212987449936796],6.3
[1758212987455091639],6.3
[1758212987460200598],6.3
[1758212987465384452],6.3
[1758212987470494452],6.3
[1758212987475636587],6.3
[1758212987480762212],6.3
[1758212987486387317],6.3
[1758212987491992264],7.24
[1758212987497126587],7.24
[1758212987502356379],7.24
[1758212987507488150],7.24
[1758212987512691744],7.24
[1758212987517842160],7.24
[1758212987523020233],7.24
[1758212987528234296],7.24
[1758212987533354087],7.24
[1758212987538489035],7.24
[1758212987543966587],7.24
[1758212987549154348],7.24
[1758212987554278202],7.24
[1758212987559386483],7.24
[1758212987564575285],7.24
[1758212987569735598],7.24
[1758212987574864660],7.24
[1758212987579969035],7.24
[1758212987585132889],7.24
[1758212987590348202],7.24
[1758212987595859660],7.24
[1758212987600991691],7.24
[1758212987606115129],7.24
[1758212987611235962],7.24
[1758212987616454139],7.24
[1758212987621581587],7.24
[1758212987626694712],7.24
[1758212987631817316],7.24
[1758212987637194087],6.64
[1758212987644203983],6.64
[1758212987650671691],6.64
[1758212987655857212],6.64
[1758212987660964712],6.64
[1758212987666178879],6.64
[1758212987671250754],6.64
[1758212987676311952],6.64
[1758212987681461848],6.64
[1758212987686761223],6.64
[1758212987691921900],6.64
[1758212987697116223],6.64
[1758212987702706171],6.64
[1758212987707953931],6.64
[1758212987713182212],6.64
[1758212987718309608],6.64
[1758212987723414869],6.64
[1758212987728594244],6.64
[1758212987733801900],6.64
[1758212987738933462],6.64
[1758212987744222837],6.64
[1758212987749358202],6.64
[1758212987754475441],6.64
[1758212987761234191],6.64
[1758212987767644921],6.64
[1758212987774071848],6.64
[1758212987779314400],6.64
[1758212987784516535],6.79
[1758212987791358723],6.79
[1758212987797731848],6.79
[1758212987804051118],6.79
[1758212987810505546],6.79
[1758212987816848150],6.79
[1758212987822047264],6.79
[1758212987827146691],6.79
[1758212987832296900],6.79
[1758212987837437368],6.79
[1758212987842598046],6.79
[1758212987847698566],6.79
[1758212987852880129],6.79
[1758212987858013462],6.79
[1758212987863263723],6.79
[1758212987868758514],6.79
[1758212987873897785],6.79
[1758212987879005910],6.79
[1758212987884137993],6.79
[1758212987889260546],6.79
[1758212987894398358],6.79
[1758212987899500181],6.79
[1758212987904639348],6.79
[1758212987909834139],6.79
[1758212987915576639],6.79
[1758212987921972264],6.79
[1758212987927206900],6.79
[1758212987932428775],6.79
[1758212987939139608],6.75
[1758212987945103098],6.75
[1758212987950289087],6.75
[1758212987955423150],6.75
[1758212987960530129],6.75
[1758212987965729921],6.75
[1758212987970839764],6.75
[1758212987976268671],6.75
[1758212987981382264],6.75
[1758212987986584035],6.75
[1758212987991773983],6.75
[1758212987996890441],6.75
[1758212988001996014],6.75
[1758212988007113358],6.75
[1758212988012276848],6.75
[1758212988017459452],6.75
[1758212988022663827],6.75
[1758212988029190285],6.75
[1758212988034399712],6.75
[1758212988039527837],6.75
[1758212988044713254],6.75
[1758212988049817629],6.75
[1758212988054944400],6.75
[1758212988060056431],6.75
[1758212988065271014],6.75
[1758212988070410754],6.75
[1758212988075580962],6.75
[1758212988080756170],6.75
[1758212988087894764],6.75
[1758212988094216535],6.75
[1758212988099415337],6.75
[1758212988104524608],6.75
[1758212988109629295],6.75
[1758212988114799191],6.75
[1758212988119896795],6.75
[1758212988124989400],6.75
[1758212988130095129],6.75
[1758212988135680441],6.75
[1758212988140908879],6.75
[1758212988147273254],6.75
[1758212988153743358],6.75
[1758212988158993983],6.75
[1758212988164175910],6.75
[1758212988169260337],6.75
[1758212988174388098],6.75
[1758212988179480650],6.75
[1758212988184586639],6.75
[1758212988189715389],6.75
[1758212988195178931],6.75
[1758212988200419452],6.75
[1758212988205531743],6.75
[1758212988210644973],6.75
[1758212988215847785],6.75
[1758212988220957941],6.75
[1758212988226054920],6.75
[1758212988231197264],6.64
[1758212988237138462],6.64
[1758212988242455337],6.64
[1758212988247574139],6.64
[1758212988252730337],6.64
[1758212988257854608],6.64
[1758212988263040233],6.64
[1758212988268136743],6.64
[1758212988273292316],6.64
[1758212988278410285],6.64
[1758212988283619504],6.64
[1758212988288748410],6.64
[1758212988293901327],6.64
[1758212988299037889],6.64
[1758212988304538306],6.64
[1758212988309674868],6.64
[1758212988314863618],6.64
[1758212988319964504],6.64
[1758212988325097577],6.64
[1758212988330201066],6.64
[1758212988335341743],6.64
[1758212988340467785],6.64
[1758212988347783202],6.64
[1758212988353897837],6.64
[1758212988359096431],6.64
[1758212988364317420],6.64
[1758212988369423045],6.64
[1758212988374557264],6.64
[1758212988379717316],6.73
[1758212988386933931],6.73
[1758212988392272785],6.73
[1758212988397401952],6.73
[1758212988402545754],6.73
[1758212988407651118],6.73
[1758212988413248306],6.73
[1758212988418372941],6.73
[1758212988423437941],6.73
[1758212988428527368],6.73
[1758212988433647889],6.73
[1758212988438729920],6.73
[1758212988443816170],6.73
[1758212988448924920],6.73
[1758212988454557056],6.73
[1758212988459749660],6.73
[1758212988464923566],6.73
[1758212988470032993],6.73
[1758212988475170024],6.73
[1758212988480271379],6.73
[1758212988485412785],6.73
[1758212988490547785],6.73
[1758212988495823306],6.73
[1758212988500965806],6.73
[1758212988506097524],6.73
[1758212988511222212],6.73
[1758212988516422993],6.73
[1758212988521921847],6.73
[1758212988527104243],6.73
[1758212988532314608],6.57
[1758212988538982160],6.57
[1758212988544214816],6.57
[1758212988549312472],6.57
[1758212988554470910],6.57
[1758212988560733566],6.57
[1758212988566041118],6.57
[1758212988572621535],6.57
[1758212988577895337],6.57
[1758212988582991483],6.57
[1758212988588073358],6.57
[1758212988593211431],6.57
[1758212988598333202],6.57
[1758212988603445702],6.57
[1758212988608575597],6.57
[1758212988613818827],6.57
[1758212988619006639],6.57
[1758212988624106743],6.57
[1758212988629204399],6.57
[1758212988635698931],6.57
[1758212988640928306],6.57
[1758212988646057056],6.57
[1758212988651163514],6.57
[1758212988656289608],6.57
[1758212988661394608],6.57
[1758212988666565233],6.57
[1758212988671663045],6.57
[1758212988678535024],6.92
[1758212988683921014],6.92
[1758212988689203722],6.92
[1758212988694315181],6.92
[1758212988699401222],6.92
[1758212988704516483],6.92
[1758212988709614764],6.92
[1758212988714845597],6.92
[1758212988719954920],6.92
[1758212988725112160],6.92
[1758212988730295285],6.92
[1758212988735406951],6.92
[1758212988740516222],6.92
[1758212988748022472],6.92
[1758212988753479087],6.92
[1758212988758614399],6.92
[1758212988763777056],6.92
[1758212988768876222],6.92
[1758212988773995129],6.92
[1758212988779090493],6.92
[1758212988784245024],6.92
[1758212988789741066],6.92
[1758212988795041014],6.92
[1758212988800159556],6.92
[1758212988805250129],6.92
[1758212988810423410],6.92
[1758212988815707889],6.92
[1758212988820824556],6.92
[1758212988826007941],6.7
[1758212988832730493],6.7
[1758212988838058931],6.7
[1758212988843175962],6.7
[1758212988848250076],6.7
[1758212988853717420],6.7
[1758212988858838879],6.7
[1758212988864018410],6.7
[1758212988869125910],6.7
[1758212988874245649],6.7
[1758212988879343618],6.7
[1758212988884461847],6.7
[1758212988889777785],6.7
[1758212988895060233],6.7
[1758212988900279972],6.7
[1758212988905411743],6.7
[1758212988910520597],6.7
[1758212988915700545],6.7
[1758212988920810024],6.7
[1758212988925971951],6.7
[1758212988931149816],6.7
[1758212988936329816],6.7
[1758212988941433722],6.7
[1758212988946534972],6.7
[1758212988951645389],6.7
[1758212988956763826],6.7
[1758212988962883358],6.7
[1758212988968037785],6.7
[1758212988973169556],6.7
[1758212988978310181],6.55
[1758212988985531639],6.55
[1758212988991111118],6.55
[1758212988996257368],6.55
[1758212989001358306],6.55
[1758212989006492837],6.55
[1758212989011591274],6.55
[1758212989016765181],6.55
[1758212989021849920],6.55
[1758212989026999868],6.55
[1758212989032274868],6.55
[1758212989037410806],6.55
[1758212989042578462],6.55
[1758212989047701118],6.55
[1758212989052908514],6.55
[1758212989058067056],6.55
[1758212989063299451],6.55
[1758212989068829243],6.55
[1758212989073967681],6.55
[1758212989079116587],6.55
[1758212989084295545],6.55
[1758212989089534816],6.55
[1758212989094713826],6.55
[1758212989100139972],6.55
[1758212989105322160],6.55
[1758212989110636795],6.55
[1758212989115890285],6.55
[1758212989121020389],6.55
[1758212989126206587],6.78
[1758212989133056691],6.78
[1758212989138231743],6.78
[1758212989143467368],6.78
[1758212989148562316],6.78
[1758212989153679139],6.78
[1758212989158786587],6.78
[1758212989163975701],6.78
[1758212989169097733],6.78
[1758212989174546639],6.78
[1758212989179780285],6.78
[1758212989185071847],6.78
[1758212989190258410],6.78
[1758212989195402524],6.78
[1758212989200519660],6.78
[1758212989205996066],6.78
[1758212989211120233],6.78
[1758212989216307472],6.78
[1758212989221477733],6.78
[1758212989226777212],6.78
[1758212989231898618],6.78
[1758212989237041118],6.78
[1758212989242196222],6.78
[1758212989247333305],6.78
[1758212989252495858],6.78
[1758212989257598722],6.78
[1758212989262936951],6.78
[1758212989268155545],6.78
[1758212989273333774],6.8
[1758212989279103358],6.8
[1758212989326234712],6.8
[1758212989331566795],6.8
[1758212989336742576],6.8
[1758212989341896587],6.8
[1758212989347047472],6.8
[1758212989352217212],6.8
[1758212989357347576],6.8
[1758212989363571899],6.8
[1758212989368862941],6.8
[1758212989374077316],6.8
[1758212989379197837],6.8
[1758212989384655545],6.8
[1758212989388978774],6.8
[1758212989392758149],6.8
[1758212989396420857],6.8
[1758212989400108826],6.8
[1758212989403819816],6.8
[1758212989407528722],6.8
[1758212989411373878],6.8
[1758212989415053774],6.8
[1758212989418747003],6.85
[1758212989424354920],6.85
[1758212989428167732],6.85
[1758212989431856847],6.85
[1758212989435511274],6.85
[1758212989439199243],6.85
[1758212989442897524],6.85
[1758212989446551743],6.85
[1758212989450216274],6.85
[1758212989453899295],6.85
[1758212989457551691],6.85
[1758212989461315285],6.85
[1758212989464990389],6.85
[1758212989468654555],6.85
[1758212989472372628],6.85
[1758212989476029712],6.85
[1758212989479723826],6.85
[1758212989483442368],6.85
[1758212989488063982],6.85
[1758212989491963930],6.85
[1758212989495700649],6.85
[1758212989499358253],6.85
[1758212989503044035],6.85
[1758212989506700232],6.85
[1758212989510354816],6.85
[1758212989514030180],6.85
[1758212989517684295],6.85
[1758212989521454243],6.85
[1758212989525154764],6.85
[1758212989528845337],6.85
[1758212989532619920],6.85
[1758212989536404087],6.85
[1758212989540077993],6.85
[1758212989543770753],6.85
[1758212989547462159],6.85
[1758212989551173357],6.85
[1758212989554877107],6.85
[1758212989558536847],6.85
[1758212989562249399],6.85
[1758212989565910545],6.85
[1758212989569649139],6.85
[1758212989573418253],6.85
[1758212989577076951],6.85
[1758212989580822316],6.85
[1758212989584513305],6.85
[1758212989588150128],6.85
[1758212989592306534],5.84
[1758212989596067316],5.84
[1758212989599712003],5.84
[1758212989603395180],5.84
[1758212989607060441],5.84
[1758212989610753462],5.84
[1758212989614470909],5.84
[1758212989618131326],5.84
[1758212989621851847],5.84
[1758212989625500649],5.84
[1758212989629214451],5.84
[1758212989632969399],5.84
[1758212989636731014],5.84
[1758212989640407524],5.84
[1758212989644117107],5.84
[1758212989647834920],5.84
[1758212989651518566],5.84
[1758212989655205962],5.84
[1758212989658871951],5.84
[1758212989662546847],5.84
[1758212989666227889],5.84
[1758212989669896534],5.84
[1758212989673698514],5.84
[1758212989677398930],5.84
[1758212989681136014],5.84
[1758212989684815493],5.84
[1758212989688482212],5.84
[1758212989692170128],5.84
[1758212989695838097],5.84
[1758212989699803618],5.84
[1758212989703599191],5.84
[1758212989707310441],5.84
[1758212989711008409],5.84
[1758212989714700128],5.84
[1758212989718414503],5.84
[1758212989722992628],5.84
[1758212989726757941],5.84
[1758212989730416587],5.84
[1758212989734075180],5.84
[1758212989737727159],5.84
[1758212989741448618],5.84
[1758212989745102628],5.84
[1758212989748764920],5.84
[1758212989752419712],5.84
[1758212989756099607],5.84
[1758212989759755649],5.84
[1758212989763486170],5.84
[1758212989767216066],5.84
[1758212989770892368],5.55
[1758212989775641014],5.55
[1758212989779334451],5.55
[1758212989783000128],5.55
[1758212989786710909],5.55
[1758212989790422003],5.55
[1758212989794107107],5.55
[1758212989797796899],5.55
[1758212989801602316],5.55
[1758212989805747732],5.55
[1758212989809580753],5.55
[1758212989813281482],5.55
[1758212989816937055],5.55
[1758212989820605805],5.55
[1758212989825185805],5.55
[1758212989828956691],5.55
[1758212989832624555],5.55
[1758212989836286066],5.55
[1758212989839945805],5.55
[1758212989843628566],5.55
[1758212989847266795],5.55
[1758212989850986586],5.55
[1758212989854731430],5.55
[1758212989858406170],5.55
[1758212989862121326],5.55
[1758212989865860024],5.55
[1758212989869643670],5.55
[1758212989873394399],5.55
[1758212989877051691],5.55
[1758212989880708097],5.55
[1758212989884438201],5.55
[1758212989888115597],5.55
[1758212989891761795],5.55
[1758212989895393045],5.55
[1758212989899046014],5.55
[1758212989902745441],5.55
[1758212989906410180],5.55
[1758212989910638045],7.26
[1758212989914436482],7.26
[1758212989918159034],7.26
[1758212989922670857],7.26
[1758212989926468774],7.26
[1758212989930197211],7.26
[1758212989933862628],7.26
[1758212989937514503],7.26
[1758212989941218774],7.26
[1758212989944887993],7.26
[1758212989950105232],7.26
[1758212989954189607],7.26
[1758212989957877472],7.26
[1758212989961602993],7.26
[1758212989965287836],7.26
[1758212989968991534],7.26
[1758212989972802628],7.26
[1758212989976502159],7.26
[1758212989980161534],7.26
[1758212989983833461],7.26
[1758212989987516430],7.26
[1758212989991235441],7.26
[1758212989994893357],7.26
[1758212989998558149],7.26
[1758212990002260232],7.26
[1758212990005947888],7.26
[1758212990009644659],7.26
[1758212990013356326],7.26
[1758212990018347888],9.31
[1758212990022270649],9.31
[1758212990026000805],9.31
[1758212990029648097],9.31
[1758212990033305076],9.31
[1758212990036973357],9.31
[1758212990040705597],9.31
[1758212990044400388],9.31
[1758212990048058930],9.31
[1758212990051749295],9.31
[1758212990055431170],9.31
[1758212990059095753],9.31
[1758212990062842941],9.31
[1758212990066617628],9.31
[1758212990070327420],9.31
[1758212990074072524],9.31
[1758212990077770024],9.31
[1758212990081500857],9.31
[1758212990085170649],9.31
[1758212990088858305],9.31
[1758212990092994607],9.31
[1758212990098162941],9.31
[1758212990103693201],9.31
[1758212990108862524],9.31
[1758212990113967836],9.31
[1758212990119071170],9.31
[1758212990124320753],9.31
[1758212990129749972],9.31
[1758212990136980493],9.31
[1758212990142376743],9.31
[1758212990147529399],9.31
[1758212990152697055],9.31
[1758212990157860857],9.31
[1758212990162995284],9.31
[1758212990168155336],6.57
[1758212990174997524],6.57
[1758212990180241743],6.57
[1758212990185353461],6.57
[1758212990190450284],6.57
[1758212990195589503],6.57
[1758212990200710597],6.57
[1758212990205827524],6.57
[1758212990212037055],6.57
[1758212990217584138],6.57
[1758212990223878878],6.57
[1758212990229138618],6.57
[1758212990234253618],6.57
[1758212990239383722],6.57
[1758212990244812888],6.57
[1758212990249919763],6.57
[1758212990255023826],6.57
[1758212990260104711],6.57
[1758212990265233878],6.57
[1758212990270479243],6.57
[1758212990275671065],6.57
[1758212990280780493],6.57
[1758212990285919399],6.57
[1758212990291025857],6.57
[1758212990296135180],6.57
[1758212990301256430],6.57
[1758212990306430284],6.57
[1758212990311610180],6.57
[1758212990316724763],6.73
[1758212990322715336],6.73
[1758212990327919503],6.73
[1758212990335298097],6.73
[1758212990340739868],6.73
[1758212990345901430],6.73
[1758212990351282107],6.73
[1758212990356418670],6.73
[1758212990361525649],6.73
[1758212990366627472],6.73
[1758212990371831430],6.73
[1758212990377062368],6.73
[1758212990382258357],6.73
[1758212990387502680],6.73
[1758212990392788461],6.73
[1758212990397958097],6.73
[1758212990403097836],6.73
[1758212990408187888],6.73
[1758212990413311378],6.73
[1758212990418450076],6.73
[1758212990423678722],6.73
[1758212990428893982],6.73
[1758212990434094451],6.73
[1758212990439613670],6.73
[1758212990444769138],6.73
[1758212990449887263],6.73
[1758212990455035076],6.73
[1758212990460532420],6.73
[1758212990465735336],6.73
[1758212990471989920],6.45
[1758212990478827628],6.45
[1758212990485187107],6.45
[1758212990490416274],6.45
[1758212990495561690],6.45
[1758212990500686795],6.45
[1758212990505820701],6.45
[1758212990510901378],6.45
[1758212990515973513],6.45
[1758212990521182420],6.45
[1758212990526435545],6.45
[1758212990531617732],6.45
[1758212990536718513],6.45
[1758212990541830909],6.45
[1758212990549331222],6.45
[1758212990554770492],6.45
[1758212990559898409],6.45
[1758212990565017628],6.45
[1758212990571518982],6.45
[1758212990577907263],6.45
[1758212990583117159],6.45
[1758212990588223982],6.45
[1758212990593371951],6.45
[1758212990598495024],6.45
[1758212990603610180],6.45
[1758212990608703149],6.45
[1758212990613889763],7.04
[1758212990620886013],7.04
[1758212990626138357],7.04
[1758212990631231065],7.04
[1758212990636363305],7.04
[1758212990641438878],7.04
[1758212990646541534],7.04
[1758212990651633617],7.04
[1758212990658254815],7.04
[1758212990663459867],7.04
[1758212990668645544],7.04
[1758212990673878253],7.04
[1758212990680224347],7.04
[1758212990685592992],7.04
[1758212990693099294],7.04
[1758212990698548305],7.04
[1758212990703703201],7.04
[1758212990708810649],7.04
[1758212990713941899],7.04
[1758212990719056690],7.04
[1758212990724269190],7.04
[1758212990729396065],7.04
[1758212990734554919],7.04
[1758212990739738722],7.04
[1758212990744948253],7.04
[1758212990750053565],7.04
[1758212990755197419],7.04
[1758212990760380388],6.82
[1758212990766634034],6.82
[1758212990773020232],6.82
[1758212990778265336],6.82
[1758212990783396169],6.82
[1758212990789604347],6.82
[1758212990796080805],6.82
[1758212990801327940],6.82
[1758212990806441899],6.82
[1758212990811606638],6.82
[1758212990816764763],6.82
[1758212990821901638],6.82
[1758212990828219607],6.82
[1758212990833473930],6.82
[1758212990838598357],6.82
[1758212990843733774],6.82
[1758212990848832263],6.82
[1758212990853959347],6.82
[1758212990859117263],6.82
[1758212990864254034],6.82
[1758212990869384659],6.82
[1758212990874676326],6.82
[1758212990880159659],6.82
[1758212990885272367],6.82
[1758212990890382107],6.82
[1758212990895680857],6.82
[1758212990900868096],6.82
[1758212990906031169],6.82
[1758212990911198044],6.64
[1758212990917960753],6.64
[1758212990923250701],6.64
[1758212990928366534],6.64
[1758212990933496378],6.64
[1758212990938590336],6.64
[1758212990943687159],6.64
[1758212990948794971],6.64
[1758212990953936482],6.64
[1758212990959136534],6.64
[1758212990964357315],6.64
[1758212990969480284],6.64
[1758212990974700701],6.64
[1758212990979818409],6.64
[1758212990985306221],6.64
[1758212990990491482],6.64
[1758212990995619294],6.64
[1758212991000738461],6.64
[1758212991007092940],6.64
[1758212991012444711],6.64
[1758212991017577992],6.64
[1758212991023924399],6.64
[1758212991029169242],6.64
[1758212991034305857],6.64
[1758212991039417471],6.64
[1758212991046044659],6.64
[1758212991051961430],6.64
[1758212991058860909],6.77
[1758212991065669399],6.77
[1758212991070968513],6.77
[1758212991076187367],6.77
[1758212991081301482],6.77
[1758212991086447107],6.77
[1758212991094336794],6.77
[1758212991099901430],6.77
[1758212991105050128],6.77
[1758212991110165492],6.77
[1758212991115634451],6.77
[1758212991120751846],6.77
[1758212991125929138],6.77
[1758212991131049503],6.77
[1758212991136205076],6.77
[1758212991141814971],6.77
[1758212991147216117],6.77
[1758212991152399346],6.77
[1758212991157530909],6.77
[1758212991163988669],6.77
[1758212991169237784],6.77
[1758212991174402628],6.77
[1758212991179508305],6.77
[1758212991184658617],6.77
[1758212991189776846],6.77
[1758212991194868513],6.77
[1758212991201082263],6.77
[1758212991207731326],6.77
[1758212991213444555],6.48
[1758212991219328253],6.48
[1758212991224504607],6.48
[1758212991229598930],6.48
[1758212991234739815],6.48
[1758212991239845180],6.48
[1758212991244956534],6.48
[1758212991250050544],6.48
[1758212991255213721],6.48
[1758212991260361482],6.48
[1758212991265604659],6.48
[1758212991270715388],6.48
[1758212991275878148],6.48
[1758212991280993253],6.48
[1758212991286134503],6.48
[1758212991291235336],6.48
[1758212991296329034],6.48
[1758212991301470440],6.48
[1758212991306688930],6.48
[1758212991311804711],6.48
[1758212991318436378],6.48
[1758212991324903982],6.48
[1758212991330123825],6.48
[1758212991335267940],6.48
[1758212991340388825],6.48
[1758212991345517003],6.48
[1758212991350620805],6.48
[1758212991355816690],6.48
[1758212991361026690],6.76
[1758212991367792888],6.76
[1758212991374190180],6.76
[1758212991379412471],6.76
[1758212991384544867],6.76
[1758212991389636950],6.76
[1758212991394757003],6.76
[1758212991399897680],6.76
[1758212991405029503],6.76
[1758212991410129607],6.76
[1758212991415292471],6.76
[1758212991420499294],6.76
[1758212991426203513],6.76
[1758212991431347628],6.76
[1758212991436459242],6.76
[1758212991441557263],6.76
[1758212991446683357],6.76
[1758212991451796534],6.76
[1758212991456952211],6.76
[1758212991462063721],6.76
[1758212991467273878],6.76
[1758212991472551690],6.76
[1758212991477744867],6.76
[1758212991482935544],6.76
[1758212991488054346],6.76
[1758212991493201221],6.76
[1758212991498398617],6.76
[1758212991503584607],6.76
[1758212991508755440],6.77
[1758212991515624034],6.77
[1758212991520859346],6.77
[1758212991526078825],6.77
[1758212991532688513],6.77
[1758212991537924034],6.77
[1758212991543067263],6.77
[1758212991548168877],6.77
[1758212991553295075],6.77
[1758212991558403565],6.77
[1758212991563503669],6.77
[1758212991568621898],6.77
[1758212991573866846],6.77
[1758212991579063148],6.77
[1758212991584211482],6.77
[1758212991589326690],6.77
[1758212991594471586],6.77
[1758212991599630596],6.77
[1758212991604767002],6.77
[1758212991609865857],6.77
[1758212991614991586],6.77
[1758212991620093930],6.77
[1758212991625273617],6.77
[1758212991630394242],6.77
[1758212991635952575],6.77
[1758212991641172992],6.77
[1758212991646302315],6.77
[1758212991651495909],6.77
[1758212991656717315],6.76
[1758212991662425596],6.76
[1758212991667569294],6.76
[1758212991672799294],6.76
[1758212991677959190],6.76
[1758212991683172627],6.76
[1758212991688284555],6.76
[1758212991693421221],6.76
[1758212991698581638],6.76
[1758212991703717680],6.76
[1758212991708826221],6.76
[1758212991713930857],6.76
[1758212991719025857],6.76
[1758212991724203825],6.76
[1758212991729313617],6.76
[1758212991734455804],6.76
[1758212991739973252],6.76
[1758212991745200700],6.76
[1758212991750319294],6.76
[1758212991755432940],6.76
[1758212991760548877],6.76
[1758212991765655909],6.76
[1758212991770760909],6.76
[1758212991775960440],6.76
[1758212991781103513],6.76
[1758212991786346117],6.76
[1758212991791472523],6.76
[1758212991796663669],6.76
[1758212991801833304],6.76
[1758212991807059763],6.64
[1758212991814118148],6.64
[1758212991820468929],6.64
[1758212991825746898],6.64
[1758212991830855700],6.64
[1758212991835987367],6.64
[1758212991841065179],6.64
[1758212991847214034],6.64
[1758212991853840596],6.64
[1758212991859188669],6.64
[1758212991864339138],6.64
[1758212991869455440],6.64
[1758212991874668409],6.64
[1758212991879774450],6.64
[1758212991884856534],6.64
[1758212991889953982],6.64
[1758212991895107159],6.64
[1758212991900339607],6.64
[1758212991905459971],6.64
[1758212991910562992],6.64
[1758212991915700961],6.64
[1758212991920817575],6.64
[1758212991926000492],6.64
[1758212991931121377],6.64
[1758212991936305544],6.64
[1758212991941548304],6.64
[1758212991946771742],6.64
[1758212991951915856],6.64
[1758212991957759919],6.68
[1758212991963098825],6.68
[1758212991968541065],6.68
[1758212991973760023],6.68
[1758212991978872471],6.68
[1758212991984115856],6.68
[1758212991989231898],6.68
[1758212991994423513],6.68
[1758212991999610127],6.68
[1758212992004865075],6.68
[1758212992010032888],6.68
[1758212992015152523],6.68
[1758212992020354711],6.68
[1758212992025577731],6.68
[1758212992030728929],6.68
[1758212992035848044],6.68
[1758212992040967106],6.68
[1758212992046162002],6.68
[1758212992051412106],6.68
[1758212992056556221],6.68
[1758212992061733200],6.68
[1758212992066872315],6.68
[1758212992073702419],6.68
[1758212992080264554],6.68
[1758212992086309086],6.68
[1758212992091501481],6.68
[1758212992096647471],6.68
[1758212992101840440],6.68
[1758212992107049138],6.64
[1758212992114237054],6.64
[1758212992119752263],6.64
[1758212992126087159],6.64
[1758212992131310284],6.64
[1758212992136434815],6.64
[1758212992141536325],6.64
[1758212992146652575],6.64
[1758212992151730752],6.64
[1758212992156840492],6.64
[1758212992161944554],6.64
[1758212992167098304],6.64
[1758212992172330179],6.64
[1758212992178937471],6.64
[1758212992184184346],6.64
[1758212992189317054],6.64
[1758212992194509346],6.64
[1758212992199661221],6.64
[1758212992204818148],6.64
[1758212992209917211],6.64
[1758212992215036742],6.64
[1758212992220161533],6.64
[1758212992225419658],6.64
[1758212992230530492],6.64
[1758212992235646846],6.64
[1758212992240748773],6.64
[1758212992245874450],6.64
[1758212992251065856],6.64
[1758212992256271325],6.71
[1758212992264063825],6.71
[1758212992269356117],6.71
[1758212992274551429],6.71
[1758212992280047836],6.71
[1758212992285276065],6.71
[1758212992290387679],6.71
[1758212992295496481],6.71
[1758212992300593356],6.71
