timestamp,x1,y1,z1,x2,y2,z2
[1758207005659633792],,,,0.002,0.256,9.969
[1758207005667936240],,,,0.01,0.29,9.768
[1758207005676232906],,,,-0.014,0.359,9.936
[1758207005684539365],,,,-0.151,-0.144,9.831
[1758207005693051031],,,,0.065,-0.409,9.673
[1758207005701026188],,,,0.089,-0.318,9.943
[1758207005708786448],,,,0.057,0.316,10.068
[1758207005716296917],,,,0.089,0.318,9.766
[1758207005723964469],,,,0.01,0.017,9.742
[1758207005731361708],,,,0.072,-0.373,9.929
[1758207005738761552],,,,-0.036,0.405,9.685
[1758207005746156656],,,,0.026,0.457,9.934
[1758207005753563635],,,,-0.017,-0.218,9.895
[1758207005760345094],,,,0.022,-0.28,9.687
[1758207005766576135],,,,0.029,0.373,9.673
[1758207005772358427],,,,0.108,-0.311,9.84
[1758207005778096292],,,,0.043,0.225,9.787
[1758207005783872542],,,,0.098,0.285,9.586
[1758207005789726865],,,,0.029,-0.192,9.728
[1758207005795418427],,,,0.034,0.457,9.974
[1758207005800941865],,,,0.048,-0.34,9.74
[1758207005806682021],,,,0.136,0.433,9.673
[1758207005812488635],,,,0.06,-0.316,10.125
[1758207005818355823],,,,0.043,-0.057,9.855
[1758207005824055615],,,,0.144,0.139,9.893
[1758207005829867177],,,,0.089,-0.215,10.096
[1758207005835693792],,,,-0.091,0.407,9.898
[1758207005841440094],,,,0.304,-0.268,9.878
[1758207005847148219],,,,0.124,0.484,9.718
[1758207005852856708],,,,0.189,-0.11,9.898
[1758207005858619833],,,,0.065,0.005,9.924
[1758207005865102333],,,,0.017,0.239,9.515
[1758207005871685771],,,,0.211,-0.4,9.802
[1758207005878208583],,,,0.019,0.354,9.718
[1758207005884857229],,,,0.139,0.352,9.912
[1758207005891346135],,,,0.067,-0.424,9.934
[1758207005897755146],,,,-0.086,0.412,9.888
[1758207005904547698],,,,0.108,0.227,9.953
[1758207005911093219],,,,0.012,-0.405,9.78
[1758207005917556187],,,,-0.053,0.33,9.838
[1758207005924195458],,,,-0.024,0.146,9.668
[1758207005930834000],,,,0.002,-0.378,9.795
[1758207005937155719],,,,-0.031,0.491,9.946
[1758207005943913219],,,,-0.012,-0.086,9.641
[1758207005950415510],,,,0.005,-0.357,9.728
[1758207005956860094],,,,-0.06,0.421,9.73
[1758207005962861083],,,,-0.06,-0.151,9.713
[1758207005969025562],,,,0.022,-0.084,9.924
[1758207005974843844],,,,-0.048,0.347,9.807
[1758207005980609312],,,,0.0,-0.364,9.603
[1758207005986325250],,,,0.005,0.383,10.257
[1758207005992051083],,,,-0.007,-0.304,9.998
[1758207005997773114],,,,-0.077,0.335,9.79
[1758207006003255458],,,,0.048,-0.029,9.948
[1758207006009260614],,,,-0.079,-0.105,10.08
[1758207006014978792],,,,-0.014,0.342,9.711
[1758207006020813323],,,,0.151,-0.402,9.72
[1758207006026476031],,,,0.141,0.369,9.821
[1758207006032168271],,,,0.079,-0.364,9.84
[1758207006037216448],,,,0.01,0.376,9.828
[1758207006042738271],,,,-0.108,-0.388,9.732
[1758207006048302854],,,,0.086,0.067,9.835
[1758207006053763062],,,,0.086,-0.134,9.728
[1758207006059629052],,,,0.0,-0.218,10.072
[1758207006066046760],,,,0.077,0.412,9.955
[1758207006072690094],,,,0.093,-0.373,9.893
[1758207006079259156],,,,0.062,0.113,9.946
[1758207006085697646],,,,-0.041,0.395,9.862
[1758207006092422021],,,,0.096,-0.223,9.931
[1758207006098774989],,,,0.098,-0.038,9.675
[1758207006105596448],,,,0.129,0.364,9.922
[1758207006112058375],,,,0.045,-0.412,9.778
[1758207006118473739],,,,0.139,-0.01,9.804
[1758207006124874677],,,,0.062,0.314,9.783
[1758207006131389989],,,,0.024,-0.321,9.768
[1758207006137693792],,,,0.213,0.321,9.594
[1758207006144214417],,,,0.129,-0.105,9.697
[1758207006150865094],,,,0.077,-0.462,10.108
[1758207006157160823],,,,-0.055,0.357,9.881
[1758207006163285042],,,,0.273,0.043,9.62
[1758207006168820667],,,,0.053,0.005,9.864
[1758207006174323896],,,,0.127,0.318,9.646
[1758207006180065875],,,,0.079,-0.16,9.723
[1758207006185794885],,,,-0.036,0.611,9.653
[1758207006191498739],,,,0.06,-0.426,9.881
[1758207006197188687],,,,0.0,0.453,9.615
[1758207006202867802],,,,0.055,-0.249,9.946
[1758207006208335041],,,,0.132,0.33,9.969
[1758207006214063166],,,,0.091,0.005,9.613
[1758207006219634885],,,,0.108,-0.199,9.941
[1758207006225319156],,,,-0.144,0.448,9.749
[1758207006231040041],,,,0.127,-0.409,9.744
[1758207006236721500],,,,0.129,0.383,9.685
[1758207006242426291],,,,0.074,-0.457,9.855
[1758207006248103114],,,,0.002,0.244,9.668
[1758207006253800771],,,,0.036,0.182,9.706
[1758207006259661760],,,,0.072,-0.287,9.874
[1758207006265929312],,,,0.055,0.508,10.01
[1758207006272819989],,,,0.012,-0.443,9.692
[1758207006279118791],,,,0.12,-0.081,9.895
[1758207006285633166],,,,0.072,0.268,9.682
[1758207006292301552],,,,0.115,-0.364,9.881
[1758207006298759364],,,,0.136,0.163,10.051
[1758207006305276604],,,,0.017,0.45,9.809
[1758207006311728323],,,,0.048,-0.433,9.701
[1758207006318061812],,,,0.036,0.259,9.776
[1758207006324835041],,,,0.022,0.153,9.943
[1758207006331324573],,,,0.01,-0.369,9.922
[1758207006338110458],,,,0.057,0.153,9.819
[1758207006344569156],,,,0.041,0.005,9.596
[1758207006350901031],,,,0.01,-0.321,9.718
[1758207006357692385],,,,0.06,0.4,9.656
[1758207006363600823],,,,0.0,-0.089,9.697
[1758207006369513062],,,,0.084,-0.057,9.965
[1758207006375260823],,,,0.007,0.402,9.756
[1758207006381015771],,,,-0.017,-0.443,9.62
[1758207006386666656],,,,-0.12,0.397,9.704
[1758207006392554208],,,,-0.01,-0.232,9.881
[1758207006398510510],,,,-0.084,0.01,9.407
[1758207006404207593],,,,0.026,0.328,9.833
[1758207006410020771],,,,-0.012,-0.309,9.902
[1758207006415766552],,,,-0.093,0.417,9.991
[1758207006421776864],,,,-0.141,-0.333,9.754
[1758207006427943687],,,,-0.05,-0.002,9.697
[1758207006433746812],,,,0.144,-0.093,9.78
[1758207006439575302],,,,0.05,-0.06,9.95
[1758207006445342958],,,,0.026,0.453,9.996
[1758207006451249312],,,,-0.005,-0.357,10.101
[1758207006457046396],,,,-0.045,0.311,9.744
[1758207006462890510],,,,-0.144,-0.182,9.905
[1758207006468603166],,,,0.055,-0.01,9.594
[1758207006474255458],,,,0.043,0.153,9.768
[1758207006480147698],,,,-0.093,-0.474,9.802
[1758207006485840614],,,,0.158,0.385,9.871
[1758207006491871187],,,,-0.096,-0.426,9.711
[1758207006497644104],,,,0.05,0.278,9.878
[1758207006503491500],,,,-0.055,0.012,9.802
[1758207006509375823],,,,-0.005,-0.318,9.546
[1758207006515181708],,,,-0.129,0.232,9.929
[1758207006520936968],,,,0.069,-0.383,9.699
[1758207006526656083],,,,0.0,0.397,9.938
[1758207006532436812],,,,0.074,-0.175,9.955
[1758207006538156708],,,,0.103,0.445,10.218
[1758207006543958948],,,,0.151,0.038,9.797
[1758207006549882593],,,,0.148,-0.256,9.838
[1758207006555640302],,,,-0.002,0.395,9.953
[1758207006561751187],,,,0.053,-0.402,9.776
[1758207006568252229],,,,0.091,0.204,9.656
[1758207006574724468],,,,0.196,0.385,9.618
[1758207006581357541],,,,0.132,-0.371,9.783
[1758207006587925666],,,,-0.014,0.283,9.905
[1758207006594652906],,,,0.158,0.189,9.768
[1758207006601213375],,,,0.019,-0.543,9.572
[1758207006607665718],,,,0.151,0.393,9.85
[1758207006614110198],,,,0.105,0.06,9.728
[1758207006620787333],,,,-0.101,-0.505,9.725
[1758207006627401812],,,,-0.113,0.457,9.522
[1758207006633927854],,,,0.045,0.108,9.823
[1758207006640363166],,,,0.002,-0.371,9.9
[1758207006647093531],,,,0.05,0.373,9.773
[1758207006653563583],,,,-0.148,-0.153,9.78
[1758207006660133948],,,,0.057,-0.261,9.864
[1758207006666547385],,,,0.057,0.376,9.883
[1758207006673055302],,,,-0.129,-0.057,9.752
[1758207006679537437],,,,0.136,-0.254,9.737
[1758207006686026395],,,,0.057,0.366,9.622
[1758207006692483791],,,,0.096,-0.318,9.677
[1758207006699054885],,,,0.041,-0.077,9.632
[1758207006705551395],,,,0.057,0.486,9.711
[1758207006712040979],,,,0.072,-0.347,10.056
[1758207006718518010],,,,-0.026,0.184,9.802
[1758207006725027125],,,,0.036,0.316,9.744
[1758207006731565614],,,,0.069,-0.335,9.436
[1758207006738038791],,,,0.139,0.364,9.979
[1758207006744381083],,,,0.151,0.168,9.754
[1758207006751026083],,,,0.254,-0.321,9.771
[1758207006757817541],,,,0.115,0.184,9.653
[1758207006763836760],,,,0.132,0.22,9.78
[1758207006769641812],,,,0.029,-0.227,9.869
[1758207006775410093],,,,0.01,0.378,10.039
[1758207006781214052],,,,0.019,-0.306,9.579
[1758207006786975823],,,,0.108,0.285,9.802
[1758207006792738583],,,,0.089,-0.165,9.778
[1758207006798542125],,,,-0.091,0.041,9.85
[1758207006804190458],,,,0.036,0.244,9.785
[1758207006810049000],,,,-0.005,-0.405,9.831
[1758207006815933323],,,,-0.093,0.431,9.704
[1758207006821721864],,,,-0.139,-0.314,9.55
[1758207006827466552],,,,0.036,0.16,9.809
[1758207006832934989],,,,0.115,-0.285,9.785
[1758207006838714833],,,,-0.148,-0.122,9.692
[1758207006844605666],,,,-0.065,0.366,9.936
[1758207006850391291],,,,-0.045,-0.354,9.95
[1758207006856080197],,,,-0.072,0.469,9.862
[1758207006862037802],,,,-0.01,-0.35,9.711
[1758207006868482854],,,,-0.045,-0.079,9.843
[1758207006874592958],,,,-0.144,0.328,9.546
[1758207006881710406],,,,0.132,-0.297,10.015
[1758207006888047906],,,,0.024,0.239,9.517
[1758207006894877541],,,,-0.045,0.316,9.852
[1758207006901673010],,,,0.017,-0.46,9.819
[1758207006908333062],,,,-0.017,0.148,9.541
[1758207006915245354],,,,-0.091,0.266,9.51
[1758207006921703583],,,,0.134,-0.39,9.876
[1758207006928189000],,,,-0.079,0.247,9.555
[1758207006934923166],,,,0.069,0.34,9.9
[1758207006941437385],,,,0.129,-0.529,9.974
[1758207006947758062],,,,-0.129,0.163,9.835
[1758207006954343322],,,,0.024,0.002,9.687
[1758207006961040406],,,,0.005,-0.39,9.768
[1758207006967839677],,,,-0.002,0.192,9.955
[1758207006974320562],,,,0.199,0.187,9.795
[1758207006980704885],,,,0.072,-0.33,9.598
[1758207006987060458],,,,0.11,0.338,9.773
[1758207006993787177],,,,0.101,0.18,9.627
[1758207007000279572],,,,0.12,-0.381,9.84
[1758207007006907125],,,,-0.113,0.256,9.778
[1758207007013393322],,,,0.043,-0.115,9.878
[1758207007019917541],,,,0.038,-0.417,9.606
[1758207007026372854],,,,0.081,0.371,9.917
[1758207007032842906],,,,0.144,-0.419,9.697
[1758207007039322125],,,,0.067,-0.129,9.893
[1758207007045795718],,,,-0.153,0.333,9.998
[1758207007052192072],,,,0.002,-0.369,9.823
[1758207007058947802],,,,-0.148,0.148,10.017
[1758207007064998427],,,,0.043,0.385,9.811
[1758207007070844729],,,,0.105,-0.51,9.718
[1758207007076601604],,,,0.057,0.457,9.902
[1758207007082364729],,,,0.038,-0.338,9.821
[1758207007088126395],,,,0.06,-0.019,9.855
[1758207007093884208],,,,0.069,0.204,9.826
[1758207007099566135],,,,0.105,-0.249,9.948
[1758207007105512385],,,,0.144,0.486,9.941
[1758207007111283947],,,,0.055,-0.431,9.687
[1758207007117046499],,,,0.122,0.326,9.852
[1758207007122851812],,,,-0.026,0.093,9.859
[1758207007128663218],,,,0.199,0.117,9.852
[1758207007134379156],,,,-0.139,0.175,9.881
[1758207007140355979],,,,0.096,-0.4,9.859
[1758207007146077020],,,,0.043,0.383,9.787
[1758207007152029572],,,,0.108,-0.215,10.029
[1758207007157851083],,,,0.129,0.405,10.02
[1758207007163612854],,,,0.079,0.077,9.644
[1758207007169387124],,,,0.074,-0.239,9.792
[1758207007174782802],,,,0.012,0.223,9.701
[1758207007180580458],,,,-0.093,-0.402,9.675
[1758207007186380666],,,,0.105,0.522,9.922
[1758207007192052645],,,,0.105,-0.115,9.998
[1758207007197709729],,,,0.074,0.235,9.725
[1758207007203362749],,,,0.158,0.127,9.718
[1758207007208869677],,,,0.05,-0.136,9.787
[1758207007214605666],,,,0.065,0.175,9.663
[1758207007220225406],,,,0.129,-0.39,10.039
[1758207007225670458],,,,0.031,0.397,10.008
[1758207007231429156],,,,0.105,-0.412,9.831
[1758207007237105666],,,,-0.06,0.239,9.814
[1758207007242805145],,,,-0.108,-0.089,9.828
[1758207007248495302],,,,0.132,0.108,10.048
[1758207007254284781],,,,0.002,0.429,10.072
[1758207007260081083],,,,0.151,-0.273,9.838
[1758207007266348322],,,,0.045,0.565,9.754
[1758207007272972645],,,,0.089,-0.225,9.835
[1758207007279457541],,,,0.067,-0.127,10.101
[1758207007285944156],,,,-0.048,0.457,9.828
[1758207007292410562],,,,-0.146,-0.39,9.89
[1758207007298823583],,,,0.031,-0.089,9.886
[1758207007305341031],,,,-0.079,0.285,9.756
[1758207007311941187],,,,0.065,-0.362,9.845
[1758207007318372437],,,,-0.022,0.204,9.661
[1758207007324855822],,,,-0.029,0.405,9.819
[1758207007331391916],,,,0.105,-0.426,9.701
[1758207007337853531],,,,-0.129,0.22,9.4
[1758207007344797541],,,,0.074,0.335,9.831
[1758207007351236604],,,,0.029,-0.438,9.615
[1758207007357883426],,,,-0.136,0.086,9.787
[1758207007364377906],,,,-0.074,0.201,9.697
[1758207007371175822],,,,0.014,-0.527,9.737
[1758207007377681395],,,,0.127,0.407,9.855
[1758207007384187958],,,,0.115,0.117,9.785
[1758207007390709312],,,,0.041,-0.316,9.634
[1758207007397387489],,,,0.026,0.18,9.785
[1758207007403865145],,,,0.084,-0.017,9.792
[1758207007410470145],,,,0.079,-0.381,9.728
[1758207007417038531],,,,0.012,0.261,9.977
[1758207007423497281],,,,0.211,-0.045,9.886
[1758207007430004937],,,,-0.115,-0.407,10.02
[1758207007436329156],,,,0.074,0.484,9.73
[1758207007442873218],,,,0.136,-0.436,9.828
[1758207007449703739],,,,-0.045,-0.081,9.706
[1758207007456178635],,,,-0.151,0.371,9.823
[1758207007462615510],,,,0.098,-0.426,9.653
[1758207007469265822],,,,0.084,-0.429,9.941
[1758207007475877072],,,,0.012,0.366,9.924
[1758207007482447541],,,,0.086,-0.33,9.941
[1758207007488982853],,,,0.084,0.136,10.044
[1758207007495242489],,,,0.136,0.481,10.118
[1758207007501870197],,,,0.086,-0.378,9.687
[1758207007508668114],,,,0.06,-0.108,9.826
[1758207007515070562],,,,0.005,0.266,9.934
[1758207007521837333],,,,-0.041,-0.481,9.507
[1758207007528088635],,,,0.098,0.168,9.902
[1758207007534858531],,,,-0.024,0.204,9.529
[1758207007541219416],,,,-0.002,-0.603,9.874
[1758207007547554624],,,,0.115,0.249,9.797
[1758207007554136812],,,,0.007,0.101,9.936
[1758207007560781031],,,,0.103,-0.397,9.862
[1758207007567110926],,,,0.026,0.163,9.601
[1758207007572837958],,,,0.127,-0.263,9.852
[1758207007578607697],,,,0.067,-0.053,9.991
[1758207007584431603],,,,-0.019,0.407,9.768
[1758207007590124781],,,,0.005,-0.424,9.902
[1758207007595952645],,,,0.048,0.467,9.996
[1758207007601648322],,,,-0.05,-0.546,9.931
[1758207007607332593],,,,0.093,0.124,9.828
[1758207007613071551],,,,0.28,0.158,9.802
[1758207007618938114],,,,0.067,0.034,9.943
[1758207007624564364],,,,-0.019,0.551,9.799
[1758207007629762020],,,,-0.012,-0.156,9.524
[1758207007635212281],,,,0.084,0.381,9.881
[1758207007640967489],,,,0.089,-0.56,9.565
[1758207007646667124],,,,0.074,0.364,9.955
[1758207007652115822],,,,0.12,-0.381,9.893
[1758207007657603218],,,,0.079,0.127,9.776
[1758207007663410510],,,,0.077,0.18,9.771
[1758207007670060510],,,,0.055,-0.347,9.665
[1758207007676723531],,,,-0.072,0.479,9.802
[1758207007682671656],,,,0.227,-0.05,9.84
[1758207007689426447],,,,0.007,-0.096,9.742
[1758207007696085614],,,,0.034,0.553,9.658
[1758207007702544937],,,,0.053,-0.285,9.835
[1758207007708969833],,,,-0.038,-0.129,9.9
[1758207007715334051],,,,0.036,0.503,9.802
[1758207007721861030],,,,-0.06,-0.316,10.089
[1758207007728351603],,,,0.148,0.012,9.641
[1758207007734968166],,,,-0.005,0.385,9.811
[1758207007741523478],,,,0.148,-0.326,9.771
[1758207007748294208],,,,0.01,0.06,9.668
[1758207007754773947],,,,-0.019,0.227,9.91
[1758207007761324572],,,,-0.026,-0.429,9.505
[1758207007767272905],,,,-0.077,0.4,9.625
[1758207007773189572],,,,0.148,0.141,9.531
[1758207007778942958],,,,0.108,-0.215,9.732
[1758207007784619416],,,,0.055,0.474,9.922
[1758207007790460197],,,,-0.144,-0.431,9.675
[1758207007796129051],,,,-0.036,0.503,9.917
[1758207007802312176],,,,0.005,-0.249,10.048
[1758207007807955718],,,,0.024,0.06,9.639
[1758207007813598530],,,,0.132,0.048,9.615
[1758207007819343947],,,,0.007,-0.242,9.871
[1758207007825059416],,,,0.034,0.426,9.914
[1758207007830897020],,,,-0.007,-0.421,9.701
[1758207007836571291],,,,0.014,0.431,9.79
[1758207007842290353],,,,0.055,-0.237,10.075
[1758207007847394520],,,,0.002,0.275,9.862
[1758207007853157020],,,,-0.019,0.024,9.761
[1758207007858881499],,,,0.069,-0.321,9.907
[1758207007864744155],,,,0.043,0.273,9.838
[1758207007871310978],,,,0.062,-0.424,9.687
[1758207007878012958],,,,0.148,0.168,9.991
[1758207007884700718],,,,-0.034,0.213,9.685
[1758207007891397228],,,,0.048,-0.455,9.811
[1758207007898166812],,,,0.069,0.199,9.737
[1758207007904961916],,,,0.055,0.266,9.503
[1758207007911587280],,,,0.043,-0.328,9.914
[1758207007918058322],,,,-0.038,0.213,9.893
[1758207007924563270],,,,0.081,0.306,9.941
[1758207007930949572],,,,-0.117,-0.517,9.737
[1758207007937303270],,,,0.038,0.443,9.934
[1758207007944058947],,,,0.177,0.28,9.84
[1758207007950594885],,,,0.127,-0.402,9.835
[1758207007957071395],,,,0.124,0.577,9.819
[1758207007963536499],,,,-0.079,0.187,9.826
[1758207007970044676],,,,0.057,-0.35,9.835
[1758207007976552385],,,,0.05,0.323,9.871
[1758207007983010770],,,,-0.055,-0.175,9.598
[1758207007989778218],,,,0.036,-0.328,9.711
[1758207007996251603],,,,0.048,0.316,9.754
[1758207008002738010],,,,0.136,-0.127,9.768
[1758207008009221655],,,,0.01,-0.172,9.936
[1758207008015681030],,,,0.022,0.405,10.015
[1758207008022204520],,,,0.034,-0.163,10.044
[1758207008028597332],,,,-0.026,0.067,9.831
[1758207008034616603],,,,0.136,0.29,9.886
[1758207008041479780],,,,0.057,-0.51,9.912
[1758207008047974416],,,,-0.022,0.196,9.713
[1758207008054442593],,,,0.292,0.165,9.692
[1758207008060847437],,,,0.105,-0.373,9.718
[1758207008067091082],,,,-0.141,0.431,9.771
[1758207008073014051],,,,0.136,0.091,9.773
[1758207008078763791],,,,0.093,-0.18,9.713
[1758207008084546030],,,,-0.007,0.551,9.907
[1758207008090377228],,,,0.055,-0.438,9.776
[1758207008096117853],,,,0.034,0.532,9.816
[1758207008101869832],,,,0.089,-0.28,10.068
[1758207008107616551],,,,0.065,0.034,9.828
[1758207008113490353],,,,0.036,0.266,9.809
[1758207008119287957],,,,0.055,-0.259,9.936
[1758207008125044572],,,,0.048,0.51,9.845
[1758207008130892437],,,,0.132,-0.383,9.735
[1758207008136590093],,,,0.067,0.323,9.764
[1758207008142425614],,,,0.206,-0.156,9.919
[1758207008148125666],,,,0.034,0.045,9.912
[1758207008153853895],,,,-0.026,0.299,9.744
[1758207008159393270],,,,0.081,-0.208,9.783
[1758207008165223478],,,,0.093,0.323,9.89
[1758207008171666968],,,,0.146,-0.438,9.754
[1758207008178040041],,,,-0.113,-0.034,9.938
[1758207008184643062],,,,-0.034,0.366,9.675
[1758207008191552020],,,,0.072,-0.417,9.761
[1758207008197997072],,,,0.062,0.199,9.895
[1758207008204541343],,,,-0.024,0.323,9.869
[1758207008211126291],,,,-0.017,-0.419,9.732
[1758207008217695405],,,,0.005,0.184,9.692
[1758207008224472437],,,,-0.067,0.237,9.749
[1758207008231024728],,,,0.113,-0.438,9.857
[1758207008237593895],,,,-0.014,0.299,9.756
[1758207008244106655],,,,-0.113,0.175,9.723
[1758207008250481655],,,,-0.069,-0.45,9.649
[1758207008257334312],,,,-0.096,0.259,9.809
[1758207008264078739],,,,-0.005,0.237,9.957
[1758207008270047020],,,,0.031,-0.412,9.577
[1758207008276747124],,,,-0.12,0.429,9.926
[1758207008283568530],,,,-0.266,0.215,9.577
[1758207008290171239],,,,0.134,-0.194,9.591
[1758207008296475405],,,,-0.206,0.397,9.565
[1758207008303245093],,,,-0.139,-0.072,9.91
[1758207008309910457],,,,-0.007,-0.383,9.608
[1758207008316409937],,,,-0.117,0.187,9.862
[1758207008322936343],,,,0.026,-0.146,9.993
[1758207008329281551],,,,0.12,-0.072,9.615
[1758207008336041343],,,,0.067,0.486,9.704
[1758207008342390197],,,,0.029,-0.35,9.606
[1758207008349003530],,,,0.172,-0.244,9.862
[1758207008355713009],,,,0.045,0.388,9.701
[1758207008362199884],,,,0.007,-0.215,9.814
[1758207008368319468],,,,-0.122,-0.156,9.957
[1758207008374088166],,,,0.029,0.436,9.771
[1758207008380000301],,,,0.084,-0.369,9.862
[1758207008385633530],,,,0.043,0.464,9.974
[1758207008391373426],,,,0.024,-0.419,9.934
[1758207008397272072],,,,0.065,0.321,9.711
[1758207008402967072],,,,0.16,-0.12,9.771
[1758207008408749259],,,,-0.01,-0.208,10.08
[1758207008414361811],,,,-0.081,0.373,9.924
[1758207008419898791],,,,0.022,-0.402,9.72
[1758207008425592801],,,,-0.043,0.333,9.814
[1758207008431280197],,,,0.285,-0.601,9.768
[1758207008436975874],,,,0.148,0.302,9.74
[1758207008442446655],,,,-0.029,0.005,9.799
[1758207008448144780],,,,0.055,0.024,9.938
[1758207008453668843],,,,-0.005,0.165,9.797
[1758207008459263009],,,,-0.002,-0.28,9.783
[1758207008465017228],,,,0.002,0.433,10.025
[1758207008471401030],,,,0.072,-0.402,9.957
[1758207008477790457],,,,0.151,0.268,10.032
[1758207008484425197],,,,-0.036,0.316,9.828
[1758207008490836759],,,,-0.014,-0.445,9.852
[1758207008497177697],,,,-0.041,0.294,9.826
[1758207008503778634],,,,0.091,0.113,9.809
[1758207008510390509],,,,0.098,-0.309,9.802
[1758207008516968686],,,,0.079,0.438,9.606
[1758207008523316603],,,,0.055,0.17,9.955
[1758207008529928739],,,,0.026,-0.285,9.699
[1758207008536556655],,,,0.0,0.443,9.699
[1758207008543358114],,,,0.034,0.057,9.771
[1758207008549846239],,,,0.022,-0.311,9.752
[1758207008556310926],,,,-0.014,0.52,9.625
[1758207008562794832],,,,0.177,-0.134,9.843
[1758207008568410978],,,,0.151,-0.091,10.087
[1758207008574381239],,,,0.057,0.433,10.036
[1758207008580408061],,,,0.089,-0.575,9.534
[1758207008586308166],,,,0.019,0.168,9.639
[1758207008592137332],,,,0.139,-0.144,9.835
[1758207008597971134],,,,0.122,-0.007,9.957
[1758207008603703791],,,,0.055,0.211,9.761
[1758207008609499416],,,,0.077,-0.385,9.658
[1758207008615328895],,,,0.0,0.575,9.85
[1758207008621059103],,,,0.089,-0.385,10.123
[1758207008627012905],,,,0.034,0.192,9.814
[1758207008632780509],,,,0.029,-0.089,9.859
[1758207008638545770],,,,0.038,-0.29,9.943
[1758207008644199780],,,,0.175,0.261,9.809
[1758207008650020509],,,,0.074,-0.371,9.826
[1758207008655862124],,,,0.122,0.381,9.752
[1758207008661604520],,,,0.199,-0.318,10.008
[1758207008667285145],,,,0.05,0.17,9.809
[1758207008673112020],,,,0.069,0.211,9.907
[1758207008678841759],,,,0.065,-0.105,9.953
[1758207008684599207],,,,-0.05,0.393,10.08
[1758207008689913895],,,,0.053,-0.283,9.902
[1758207008695707645],,,,-0.081,0.383,9.737
[1758207008701427645],,,,-0.05,-0.189,9.778
[1758207008707211238],,,,-0.048,0.072,9.838
[1758207008712744572],,,,-0.115,0.091,9.752
[1758207008718845822],,,,-0.06,-0.259,9.957
[1758207008724549572],,,,0.062,0.383,10.104
[1758207008730266291],,,,-0.057,-0.421,9.823
[1758207008735945874],,,,-0.05,0.352,9.613
[1758207008741631030],,,,0.012,-0.333,10.02
[1758207008747445249],,,,-0.005,0.026,9.744
[1758207008753148374],,,,0.014,0.081,9.888
[1758207008758652957],,,,0.01,-0.266,9.838
[1758207008764220718],,,,0.01,0.393,9.826
[1758207008770371186],,,,0.012,-0.405,9.553
[1758207008776771134],,,,0.096,0.29,9.797
[1758207008783425718],,,,0.0,-0.069,9.653
[1758207008789800613],,,,0.101,-0.362,10.003
[1758207008796394572],,,,0.062,0.385,10.111
[1758207008803035978],,,,0.129,0.024,9.799
[1758207008809660509],,,,0.045,-0.393,9.759
[1758207008816150197],,,,-0.055,0.419,9.72
[1758207008822625040],,,,0.273,-0.206,10.053
[1758207008829093947],,,,-0.036,-0.328,9.778
[1758207008835574676],,,,0.06,0.402,9.811
[1758207008842042488],,,,0.12,-0.196,9.835
[1758207008848603113],,,,0.105,-0.034,9.934
[1758207008855057384],,,,0.0,0.347,10.096
[1758207008861506395],,,,0.12,-0.46,9.843
[1758207008867935770],,,,-0.146,-0.079,9.773
[1758207008874420197],,,,0.124,0.417,9.553
[1758207008880831499],,,,0.148,-0.596,9.977
[1758207008887612280],,,,0.129,0.182,9.771
[1758207008894094103],,,,0.077,0.283,9.761
[1758207008900472540],,,,0.16,-0.476,9.56
[1758207008906779832],,,,-0.053,0.409,9.931
[1758207008913407488],,,,0.012,0.115,9.859
[1758207008920218009],,,,0.079,-0.515,9.754
[1758207008926691863],,,,0.151,0.39,9.732
[1758207008933188999],,,,0.031,0.05,9.816
[1758207008939597593],,,,0.065,-0.239,9.773
[1758207008946364363],,,,0.048,0.505,9.867
[1758207008952882124],,,,0.043,-0.153,9.685
[1758207008959373426],,,,0.232,-0.35,9.828
[1758207008965851499],,,,-0.072,0.306,9.795
[1758207008971908322],,,,0.057,-0.029,9.838
[1758207008977616915],,,,0.053,0.108,9.886
[1758207008983365978],,,,0.12,0.196,9.656
[1758207008989219780],,,,0.18,-0.378,9.697
[1758207008995045613],,,,0.007,0.546,10.027
[1758207009000909728],,,,0.11,-0.378,9.938
[1758207009006677072],,,,-0.084,0.536,9.553
[1758207009012353165],,,,0.045,-0.11,9.787
[1758207009018496186],,,,-0.012,-0.235,9.938
[1758207009024251967],,,,0.062,0.314,9.996
[1758207009029928217],,,,0.108,-0.4,9.646
[1758207009035848322],,,,0.091,0.52,9.876
[1758207009041543270],,,,0.175,-0.242,10.068
[1758207009047200040],,,,0.031,0.091,9.625
[1758207009053070874],,,,-0.086,0.29,9.895
[1758207009058756499],,,,0.117,-0.263,9.847
[1758207009064382749],,,,0.029,0.405,9.869
[1758207009070734780],,,,0.136,-0.402,9.744
[1758207009077109415],,,,0.285,0.395,9.895
[1758207009083876759],,,,-0.038,0.311,9.766
[1758207009090442592],,,,0.06,-0.369,10.015
[1758207009096909467],,,,0.041,0.287,9.718
[1758207009103425457],,,,0.062,0.074,9.718
[1758207009109887488],,,,0.048,-0.431,9.802
[1758207009116365665],,,,0.127,0.508,9.9
[1758207009122800665],,,,0.184,0.053,9.507
[1758207009129110665],,,,0.06,-0.206,9.857
[1758207009135926811],,,,-0.077,0.474,9.749
[1758207009142443322],,,,-0.127,-0.227,9.754
[1758207009149039259],,,,0.0,-0.254,9.802
[1758207009155536915],,,,-0.06,0.421,9.855
[1758207009162013165],,,,-0.017,-0.113,9.876
[1758207009168512540],,,,0.017,-0.048,10.077
[1758207009175265926],,,,-0.026,0.412,9.838
[1758207009181802436],,,,-0.067,-0.098,9.838
[1758207009188164728],,,,-0.098,-0.055,9.843
[1758207009194767645],,,,-0.036,0.424,9.826
[1758207009201449936],,,,-0.129,-0.441,9.797
[1758207009207800353],,,,0.065,0.101,9.843
[1758207009214593999],,,,-0.017,0.225,9.716
[1758207009220292957],,,,-0.124,-0.606,9.682
[1758207009226655926],,,,0.019,0.311,9.919
[1758207009233188061],,,,0.065,0.163,9.816
[1758207009239770249],,,,0.151,-0.457,9.943
[1758207009246312853],,,,0.098,0.412,9.883
[1758207009252753686],,,,-0.117,-0.172,9.807
[1758207009259786863],,,,0.06,-0.338,9.759
[1758207009266483165],,,,-0.11,0.541,9.955
[1758207009272348113],,,,0.129,-0.012,9.776
[1758207009278109884],,,,-0.014,-0.144,9.663
[1758207009283870353],,,,0.177,0.275,9.881
[1758207009289765509],,,,0.086,-0.5,9.876
[1758207009295541915],,,,0.0,0.338,9.756
[1758207009301292384],,,,-0.151,-0.371,9.919
[1758207009307055197],,,,-0.029,0.057,9.826
[1758207009312846811],,,,0.127,0.172,9.931
[1758207009318614936],,,,0.036,-0.124,10.015
[1758207009324373322],,,,0.024,0.335,9.819
[1758207009330146447],,,,0.103,-0.464,9.708
[1758207009335944936],,,,0.036,0.433,9.572
[1758207009341650926],,,,0.045,-0.546,9.697
[1758207009347542801],,,,-0.151,0.005,9.737
[1758207009353315457],,,,0.089,0.148,9.613
[1758207009359196499],,,,0.069,-0.338,9.776
[1758207009365019311],,,,0.05,0.433,9.771
[1758207009370861342],,,,0.117,-0.457,10.001
[1758207009376568842],,,,0.11,0.266,9.661
[1758207009382354572],,,,-0.022,-0.029,9.898
[1758207009388079884],,,,-0.002,-0.22,9.938
[1758207009393730040],,,,-0.132,0.16,9.804
[1758207009399421551],,,,0.043,-0.405,9.912
[1758207009405003738],,,,-0.024,0.603,9.603
[1758207009410842905],,,,0.079,-0.426,9.704
[1758207009416531863],,,,0.06,0.357,9.867
[1758207009422240197],,,,0.141,0.022,9.998
[1758207009427916915],,,,0.115,0.148,9.646
[1758207009433744103],,,,-0.01,0.194,9.78
[1758207009439477957],,,,0.103,-0.385,9.857
[1758207009445009415],,,,-0.129,0.579,9.943
[1758207009450792280],,,,-0.122,-0.441,9.838
[1758207009456474155],,,,0.029,0.376,9.914
[1758207009462224624],,,,0.007,0.103,9.869
[1758207009467851915],,,,0.034,-0.041,9.902
[1758207009474268738],,,,0.12,0.208,9.567
[1758207009480825509],,,,0.077,-0.395,9.783
[1758207009487530353],,,,0.065,0.235,9.957
[1758207009494323061],,,,-0.103,0.395,9.797
[1758207009500834728],,,,0.081,-0.433,9.852
[1758207009507275196],,,,0.17,0.17,9.687
[1758207009513724832],,,,0.024,0.383,9.728
[1758207009520241394],,,,0.134,-0.338,9.761
[1758207009526682384],,,,0.036,0.431,9.505
[1758207009533030509],,,,0.045,0.129,9.737
[1758207009539746551],,,,0.132,-0.419,9.871
[1758207009546337853],,,,-0.002,0.405,9.694
[1758207009552909832],,,,0.053,0.103,9.701
[1758207009559780196],,,,0.043,-0.306,9.835
[1758207009566141863],,,,0.079,0.517,9.78
[1758207009572739728],,,,0.259,-0.019,9.955
[1758207009579367228],,,,0.014,-0.242,9.797
[1758207009585863790],,,,0.038,0.402,9.972
[1758207009592339571],,,,0.031,-0.098,9.675
[1758207009598205874],,,,-0.024,-0.065,10.027
[1758207009604899832],,,,-0.086,0.429,9.864
[1758207009611582488],,,,-0.072,-0.419,10.104
[1758207009618390092],,,,-0.014,-0.045,9.898
[1758207009624877384],,,,-0.065,0.22,9.787
[1758207009631030509],,,,0.113,-0.283,9.752
[1758207009638098894],,,,-0.053,-0.12,9.811
[1758207009644528217],,,,-0.007,0.378,9.895
[1758207009650949780],,,,-0.146,-0.385,9.993
[1758207009657694051],,,,-0.069,0.01,9.529
[1758207009664410144],,,,-0.045,0.328,9.986
[1758207009670944936],,,,0.05,-0.345,9.838
[1758207009677692280],,,,-0.014,0.192,9.67
[1758207009684144051],,,,-0.117,0.089,9.783
[1758207009690629571],,,,0.091,-0.601,9.541
[1758207009697104519],,,,0.079,0.443,9.802
[1758207009703621446],,,,-0.041,0.287,9.883
[1758207009709991863],,,,0.225,-0.314,9.632
[1758207009716484259],,,,0.151,0.273,9.732
[1758207009723197592],,,,0.077,-0.189,9.795
[1758207009729558530],,,,0.014,-0.409,9.888
[1758207009736357592],,,,0.086,0.357,9.74
[1758207009742792228],,,,0.098,0.113,9.641
[1758207009749217332],,,,-0.127,-0.081,9.795
[1758207009755745196],,,,0.089,0.591,9.608
[1758207009762224988],,,,0.098,-0.192,9.912
[1758207009768505769],,,,0.122,-0.263,9.878
[1758207009775071342],,,,-0.002,0.419,9.941
[1758207009781037696],,,,0.151,-0.359,9.91
[1758207009786920144],,,,-0.151,0.215,9.881
[1758207009792759884],,,,0.117,0.29,9.907
[1758207009798553426],,,,0.041,-0.326,9.888
[1758207009804278894],,,,0.038,0.409,10.094
[1758207009809919415],,,,0.031,-0.381,10.08
[1758207009815763582],,,,0.105,0.34,9.74
[1758207009821473530],,,,0.086,-0.103,9.838
[1758207009827095353],,,,0.139,0.254,9.773
[1758207009832872801],,,,0.031,0.024,9.706
[1758207009838325665],,,,0.0,-0.345,9.893
[1758207009843828842],,,,0.124,0.34,9.864
[1758207009849596134],,,,0.067,-0.52,9.821
[1758207009855463009],,,,0.0,0.414,9.895
[1758207009861169780],,,,0.124,-0.419,9.867
[1758207009866920405],,,,0.089,0.141,9.847
[1758207009872613530],,,,0.06,0.026,9.591
[1758207009878229571],,,,0.074,-0.177,9.658
[1758207009883796394],,,,0.11,0.407,9.773
[1758207009889504103],,,,0.17,-0.474,9.749
[1758207009895255717],,,,0.041,0.488,9.926
[1758207009900943894],,,,0.022,-0.431,9.689
[1758207009906595821],,,,0.069,0.259,9.804
[1758207009912275248],,,,0.086,-0.041,9.778
[1758207009917974415],,,,0.067,0.098,9.816
[1758207009923499832],,,,0.275,0.302,9.91
[1758207009929134519],,,,0.031,-0.388,9.706
[1758207009934881446],,,,-0.096,0.453,10.029
[1758207009940699155],,,,0.074,-0.417,9.986
[1758207009946384519],,,,0.053,0.431,9.878
[1758207009952095405],,,,0.122,-0.139,9.847
[1758207009957611498],,,,0.093,-0.17,9.946
[1758207009963381394],,,,-0.067,0.266,9.804
[1758207009968899467],,,,0.117,-0.28,9.749
[1758207009975005457],,,,-0.103,0.496,9.886
[1758207009981695509],,,,0.0,-0.268,9.907
[1758207009988211915],,,,0.034,-0.129,9.948
[1758207009994540769],,,,0.124,0.362,9.661
[1758207010001384103],,,,0.084,-0.297,9.993
[1758207010007848634],,,,0.019,0.141,9.965
[1758207010014315144],,,,0.034,0.498,9.68
[1758207010020876342],,,,0.048,-0.481,9.735
[1758207010027306446],,,,-0.019,0.196,9.752
[1758207010033780457],,,,-0.002,0.156,9.795
[1758207010040323373],,,,0.007,-0.412,9.596
[1758207010046637592],,,,-0.048,0.237,9.811
[1758207010053352175],,,,-0.022,0.211,9.749
[1758207010060006863],,,,-0.043,-0.417,9.797
[1758207010066491342],,,,0.055,0.397,9.859
[1758207010072795196],,,,0.11,0.026,9.603
[1758207010078577957],,,,-0.069,-0.306,10.104
[1758207010084313894],,,,-0.038,0.414,9.898
[1758207010090795457],,,,-0.084,-0.56,9.507
[1758207010096638009],,,,0.151,0.242,9.378
[1758207010102389884],,,,0.019,-0.002,9.919
[1758207010108133425],,,,-0.053,-0.297,10.017
[1758207010113849155],,,,-0.069,0.378,9.675
[1758207010119640821],,,,0.0,-0.366,10.005
[1758207010125351290],,,,-0.055,0.412,9.759
[1758207010131030300],,,,0.067,-0.563,9.759
[1758207010136867748],,,,0.036,0.294,9.689
[1758207010142604050],,,,0.017,0.072,9.895
[1758207010148418269],,,,-0.017,-0.239,9.797
[1758207010154162280],,,,-0.124,0.472,9.936
[1758207010159841550],,,,0.081,-0.309,9.716
[1758207010165338373],,,,-0.029,0.338,9.711
[1758207010171096342],,,,0.074,-0.512,9.641
[1758207010177544207],,,,0.043,0.182,9.675
[1758207010184119727],,,,0.122,0.426,9.797
[1758207010190987123],,,,0.029,-0.373,9.946
[1758207010197314102],,,,0.026,0.165,9.867
[1758207010203888634],,,,0.007,0.326,9.831
[1758207010210682592],,,,0.065,-0.287,9.993
[1758207010216989832],,,,-0.055,0.127,9.668
[1758207010223714207],,,,0.005,0.096,9.811
[1758207010230245248],,,,0.007,-0.491,9.792
[1758207010236712384],,,,0.129,0.438,9.85
[1758207010243146394],,,,0.065,0.189,9.807
[1758207010249447227],,,,0.017,-0.192,9.718
[1758207010256107488],,,,0.05,0.4,9.78
[1758207010262691915],,,,-0.019,-0.029,9.864
[1758207010269234259],,,,0.019,-0.314,9.778
[1758207010275243530],,,,0.089,0.421,9.697
[1758207010281238686],,,,0.172,-0.381,9.965
[1758207010286975821],,,,-0.034,0.002,9.773
[1758207010292795300],,,,0.098,0.163,9.9
[1758207010298538686],,,,0.0,-0.215,9.601
[1758207010304303738],,,,0.048,0.383,9.677
[1758207010310068113],,,,0.139,-0.357,9.613
[1758207010315923634],,,,0.115,0.335,9.981
[1758207010321719050],,,,0.031,0.014,9.811
[1758207010327614727],,,,0.022,-0.254,9.876
[1758207010333441394],,,,0.014,0.263,9.771
[1758207010339218269],,,,0.211,-0.342,9.919
[1758207010344978269],,,,0.079,0.474,9.886
[1758207010350779311],,,,0.055,-0.29,9.797
[1758207010356642852],,,,0.019,0.175,9.948
[1758207010362439154],,,,0.062,0.127,9.708
[1758207010368102071],,,,0.05,-0.215,9.816
[1758207010373850717],,,,0.012,0.493,9.926
[1758207010379732957],,,,-0.05,-0.436,9.778
[1758207010385441290],,,,0.029,0.35,9.78
[1758207010391118582],,,,0.117,-0.268,9.977
[1758207010396978790],,,,0.105,0.007,9.993
[1758207010402847852],,,,0.141,0.407,9.771
[1758207010408572800],,,,-0.134,-0.29,9.843
[1758207010414318477],,,,0.005,0.51,10.044
[1758207010419986290],,,,0.053,-0.476,9.632
[1758207010425818477],,,,0.256,0.448,9.776
[1758207010431512488],,,,0.098,-0.259,9.957
[1758207010437180769],,,,0.017,-0.06,9.828
[1758207010442923321],,,,0.263,0.235,9.661
[1758207010448685248],,,,-0.084,-0.031,9.677
[1758207010454507748],,,,0.086,0.467,9.706
[1758207010460131290],,,,0.108,-0.443,9.787
[1758207010465787175],,,,0.019,0.362,9.917
[1758207010471497384],,,,0.153,-0.273,9.747
[1758207010477787852],,,,0.036,0.038,9.697
[1758207010483916134],,,,0.01,0.362,9.687
[1758207010490512696],,,,-0.079,-0.323,9.802
[1758207010497364884],,,,0.132,0.297,9.919
[1758207010503858894],,,,-0.103,0.326,9.716
[1758207010510597279],,,,0.091,-0.316,10.046
[1758207010517099779],,,,-0.079,0.235,9.505
[1758207010523583217],,,,0.148,0.345,9.776
[1758207010530045873],,,,-0.041,-0.323,9.718
[1758207010536708790],,,,-0.06,0.271,9.816
[1758207010543149311],,,,-0.014,0.189,9.699
[1758207010550041342],,,,-0.057,-0.364,9.644
[1758207010556566081],,,,0.139,0.357,9.972
[1758207010562193581],,,,0.101,0.077,9.67
[1758207010569692904],,,,-0.153,-0.45,9.622
[1758207010576483634],,,,-0.127,0.333,9.759
[1758207010583222800],,,,0.048,0.113,9.759
[1758207010590067904],,,,-0.041,-0.426,9.661
[1758207010596870665],,,,0.043,0.067,9.835
[1758207010603715717],,,,0.081,0.297,9.821
[1758207010610310821],,,,0.05,-0.505,9.529
[1758207010616921915],,,,-0.134,0.134,9.946
[1758207010623651498],,,,0.036,0.182,9.993
[1758207010630175717],,,,0.065,-0.527,9.653
[1758207010636659415],,,,0.139,0.342,9.768
[1758207010643118477],,,,-0.026,0.122,9.582
[1758207010649572540],,,,0.053,-0.352,9.931
[1758207010656042123],,,,0.304,0.333,9.586
[1758207010662745665],,,,0.091,-0.124,9.826
[1758207010669415821],,,,0.096,-0.407,9.778
[1758207010675652904],,,,0.036,0.448,9.701
[1758207010681482488],,,,-0.05,-0.297,9.692
[1758207010687224936],,,,0.06,-0.151,9.536
[1758207010692990144],,,,0.081,0.271,9.943
[1758207010698733217],,,,0.067,-0.345,10.135
[1758207010704559571],,,,0.189,0.318,10.015
[1758207010710183998],,,,0.086,-0.402,9.953
[1758207010715879154],,,,-0.036,0.249,9.816
[1758207010721562279],,,,0.141,-0.259,9.924
[1758207010727227540],,,,0.136,-0.153,9.922
[1758207010732943894],,,,0.048,0.235,9.579
[1758207010738645040],,,,-0.01,-0.16,9.907
[1758207010744128425],,,,0.012,0.385,10.087
[1758207010749450040],,,,0.005,-0.369,9.737
[1758207010755249415],,,,-0.007,0.369,9.754
[1758207010760940509],,,,0.113,-0.244,9.862
[1758207010766603061],,,,0.031,0.158,9.73
[1758207010772459675],,,,0.091,0.096,9.934
[1758207010778971290],,,,0.01,-0.256,9.804
[1758207010785504727],,,,-0.017,0.426,9.637
[1758207010792294102],,,,0.22,0.074,9.996
[1758207010798742540],,,,-0.096,-0.304,9.663
[1758207010805302488],,,,-0.139,0.424,9.814
[1758207010811785977],,,,0.098,-0.017,9.656
[1758207010818223477],,,,-0.086,0.079,9.639
[1758207010824754102],,,,0.034,0.481,9.886
[1758207010831316706],,,,0.031,-0.192,9.857
[1758207010837762540],,,,-0.002,-0.132,9.744
[1758207010844216186],,,,0.043,0.388,10.159
[1758207010850610717],,,,0.019,-0.34,9.859
[1758207010856878633],,,,-0.038,0.18,9.613
[1758207010863461394],,,,0.048,0.144,9.967
[1758207010869839102],,,,0.038,-0.472,9.744
[1758207010876466342],,,,0.086,0.23,9.682
[1758207010882180196],,,,0.077,0.254,9.864
[1758207010887987019],,,,0.101,-0.081,9.814
[1758207010893748113],,,,-0.065,0.328,9.773
[1758207010899540769],,,,0.05,-0.496,9.864
[1758207010905268217],,,,0.067,0.472,9.84
[1758207010911048425],,,,0.029,-0.17,9.931
[1758207010916883842],,,,0.053,0.146,9.761
[1758207010922632748],,,,0.124,0.223,9.747
[1758207010928363425],,,,0.077,-0.352,9.864
[1758207010934101029],,,,0.122,0.309,10.092
[1758207010939934102],,,,-0.091,-0.424,9.596
[1758207010945690092],,,,0.012,0.247,9.783
[1758207010951458738],,,,0.141,0.005,9.826
[1758207010957257383],,,,-0.031,0.005,9.685
[1758207010963021967],,,,0.127,0.256,9.699
[1758207010968760092],,,,0.177,-0.414,9.869
[1758207010974648686],,,,0.036,0.467,9.902
[1758207010981404936],,,,-0.065,-0.201,10.022
[1758207010987884363],,,,-0.022,-0.194,9.924
[1758207010994360613],,,,0.012,0.421,9.948
[1758207011000765821],,,,-0.007,-0.577,9.742
[1758207011007338998],,,,-0.041,0.069,9.95
[1758207011014527435],,,,-0.029,0.429,9.541
[1758207011021002540],,,,0.005,-0.113,10.063
[1758207011027445665],,,,-0.084,-0.113,9.785
[1758207011033952800],,,,-0.012,0.251,10.056
[1758207011040454988],,,,-0.007,-0.347,9.598
[1758207011047208165],,,,0.148,-0.084,9.922
[1758207011053707019],,,,0.038,0.199,9.814
[1758207011060144779],,,,0.007,-0.536,9.649
[1758207011066809571],,,,0.091,0.172,9.728
[1758207011073192019],,,,-0.029,0.342,9.914
[1758207011079899154],,,,-0.053,-0.472,9.867
[1758207011086249779],,,,0.098,0.23,9.835
[1758207011092886238],,,,0.115,-0.136,9.867
[1758207011099229154],,,,-0.072,-0.448,9.922
[1758207011105963633],,,,0.031,0.378,9.74
[1758207011112421498],,,,0.079,0.139,9.663
[1758207011118989727],,,,0.223,-0.189,9.785
[1758207011125738477],,,,-0.031,0.606,9.527
[1758207011132249935],,,,0.254,-0.235,9.859
[1758207011138794102],,,,0.062,-0.326,9.718
[1758207011145340508],,,,-0.139,0.33,10.048
[1758207011151833685],,,,0.124,-0.129,10.075
[1758207011158351602],,,,0.12,-0.225,9.778
[1758207011164824571],,,,-0.091,0.323,9.512
[1758207011171336029],,,,0.026,-0.441,9.969
[1758207011177256758],,,,0.072,-0.227,9.957
[1758207011182944935],,,,0.089,0.144,9.89
[1758207011188823685],,,,0.043,-0.314,9.606
[1758207011194507956],,,,0.029,0.376,9.859
[1758207011200135560],,,,0.093,-0.34,9.883
[1758207011205610769],,,,0.031,0.429,9.668
[1758207011211760300],,,,0.072,-0.141,9.811
[1758207011217438477],,,,0.012,-0.213,9.948
[1758207011223102227],,,,0.103,0.096,9.874
[1758207011228797852],,,,0.072,-0.445,9.708
[1758207011234514831],,,,0.026,0.472,10.029
[1758207011239657279],,,,0.036,-0.493,9.742
[1758207011245266550],,,,0.127,0.424,9.991
[1758207011250989467],,,,0.007,-0.335,9.864
[1758207011256672852],,,,0.017,0.168,9.914
[1758207011262327123],,,,-0.045,0.12,9.907
[1758207011267987435],,,,0.019,-0.237,10.089
[1758207011273732123],,,,-0.036,0.385,10.02
[1758207011280182487],,,,-0.048,-0.393,9.589
[1758207011286847227],,,,0.055,0.117,9.833
[1758207011293480092],,,,0.124,0.338,9.68
[1758207011299997071],,,,0.034,-0.491,9.57
[1758207011306505925],,,,0.022,0.376,9.677
[1758207011313082383],,,,-0.065,0.347,9.656
[1758207011319636967],,,,0.036,-0.385,9.735
[1758207011326117956],,,,0.0,0.251,9.538
[1758207011332766133],,,,0.034,-0.012,9.682
[1758207011339215352],,,,0.151,-0.419,9.546
[1758207011345654571],,,,0.239,0.596,9.74
[1758207011352129987],,,,0.0,0.072,9.725
[1758207011358575092],,,,0.089,-0.158,9.797
[1758207011365061185],,,,0.05,0.5,9.78
[1758207011371654258],,,,0.084,-0.311,9.79
[1758207011377604362],,,,0.101,-0.22,9.922
[1758207011383295248],,,,0.043,0.235,9.572
[1758207011389147800],,,,0.029,-0.426,10.025
[1758207011395070300],,,,-0.062,0.46,9.941
[1758207011400928008],,,,-0.036,-0.227,9.752
[1758207011406697487],,,,0.012,-0.029,9.744
[1758207011412394467],,,,-0.022,0.146,9.555
[1758207011418145769],,,,0.045,-0.218,9.73
[1758207011423857279],,,,0.017,0.402,9.941
[1758207011429754362],,,,0.081,-0.34,9.965
[1758207011435430769],,,,0.124,0.553,9.874
[1758207011441183373],,,,0.067,-0.132,9.811
[1758207011446977175],,,,-0.024,-0.089,9.859
[1758207011452650821],,,,0.038,0.304,9.821
[1758207011458558998],,,,-0.036,-0.342,9.859
[1758207011464412227],,,,-0.139,0.314,9.764
[1758207011470525404],,,,-0.038,-0.335,9.835
[1758207011476523894],,,,-0.012,0.232,9.821
[1758207011483003060],,,,-0.067,0.196,9.697
[1758207011489831394],,,,0.041,-0.441,9.51
[1758207011496383946],,,,-0.103,0.239,9.694
[1758207011502879050],,,,0.053,0.165,9.57
[1758207011509425196],,,,-0.141,-0.484,9.78
[1758207011515876498],,,,0.048,0.455,9.948
[1758207011522705508],,,,0.005,0.144,9.771
[1758207011529255092],,,,-0.079,-0.383,9.565
[1758207011535792019],,,,0.06,0.333,9.682
[1758207011542295560],,,,0.022,-0.144,9.625
[1758207011548782071],,,,0.072,-0.433,9.541
[1758207011554668112],,,,0.151,0.376,9.946
[1758207011561498217],,,,-0.108,-0.127,9.744
[1758207011568008008],,,,0.048,-0.287,9.843
[1758207011574758789],,,,0.057,0.515,9.819
[1758207011581311914],,,,0.086,-0.364,9.771
[1758207011587941029],,,,0.048,-0.153,10.111
[1758207011594571237],,,,-0.139,0.414,9.735
[1758207011601104831],,,,0.113,-0.335,10.123
[1758207011607695821],,,,0.144,-0.261,10.053
[1758207011614292019],,,,-0.091,0.328,9.941
[1758207011620995508],,,,0.074,-0.275,9.838
[1758207011627788946],,,,-0.031,-0.227,9.941
[1758207011634291342],,,,0.041,0.433,9.864
[1758207011640643008],,,,0.026,-0.412,10.02
[1758207011647009310],,,,-0.041,0.017,9.934
[1758207011653780769],,,,0.012,0.409,9.934
[1758207011660377591],,,,0.089,-0.57,9.756
[1758207011666807956],,,,0.055,-0.01,9.658
[1758207011673261758],,,,0.158,0.196,9.802
[1758207011679395508],,,,0.034,-0.438,9.716
[1758207011685209362],,,,-0.038,0.433,9.941
[1758207011690989987],,,,0.043,-0.304,9.893
[1758207011696774414],,,,0.031,0.0,9.823
[1758207011702575248],,,,-0.148,0.309,9.685
[1758207011708282852],,,,0.084,-0.163,9.833
[1758207011713996185],,,,0.156,0.417,9.948
[1758207011719856966],,,,0.062,-0.407,9.78
[1758207011725586914],,,,0.067,0.515,9.711
[1758207011731366133],,,,-0.077,-0.196,10.106
[1758207011737126810],,,,0.122,0.05,9.819
[1758207011742888685],,,,0.002,0.316,10.015
[1758207011748624935],,,,0.038,-0.201,10.008
[1758207011754353685],,,,0.034,0.469,9.826
[1758207011760198112],,,,0.089,-0.33,9.922
[1758207011765677071],,,,0.251,0.527,9.869
[1758207011771162071],,,,0.072,-0.098,9.895
[1758207011777284727],,,,0.031,-0.093,9.878
[1758207011783710508],,,,0.036,0.359,9.902
[1758207011790219258],,,,0.041,-0.347,10.104
[1758207011796810716],,,,0.031,0.251,9.74
[1758207011803571602],,,,0.091,0.393,9.776
[1758207011810395612],,,,0.081,-0.326,9.732
[1758207011816939102],,,,0.225,0.275,9.716
[1758207011823530925],,,,0.034,0.342,9.814
[1758207011829934154],,,,0.045,-0.311,9.768
[1758207011836882383],,,,0.069,0.055,9.864
[1758207011843369050],,,,0.17,0.414,9.73
[1758207011849998060],,,,0.017,-0.522,9.582
[1758207011856496029],,,,0.01,0.196,9.85
[1758207011862998268],,,,0.117,0.18,9.713
[1758207011869525091],,,,0.144,-0.407,9.68
[1758207011875738373],,,,0.036,0.302,9.955
[1758207011882458216],,,,-0.031,0.218,9.888
[1758207011888785508],,,,0.01,-0.491,9.759
[1758207011895384466],,,,-0.108,0.323,9.826
[1758207011901707852],,,,-0.01,0.045,9.713
[1758207011908491446],,,,0.146,-0.388,9.689
[1758207011915284987],,,,0.019,0.601,9.771
[1758207011921788998],,,,-0.067,0.038,9.651
[1758207011928700248],,,,-0.134,-0.34,9.744
[1758207011935324831],,,,-0.053,0.424,9.615
[1758207011941842175],,,,-0.038,0.007,9.957
[1758207011948429466],,,,-0.148,-0.259,9.716
[1758207011955266185],,,,-0.041,0.436,9.816
[1758207011961763946],,,,0.091,-0.024,9.85
[1758207011968122071],,,,-0.093,-0.371,9.977
[1758207011974749154],,,,0.031,0.431,9.565
[1758207011980803685],,,,0.062,-0.227,9.835
[1758207011986615143],,,,0.034,0.045,10.015
[1758207011992454154],,,,0.019,0.261,9.845
[1758207011997640821],,,,0.204,-0.218,9.862
[1758207012003473581],,,,-0.019,0.462,9.857
[1758207012009552904],,,,0.024,-0.438,9.807
[1758207012015270664],,,,-0.062,0.407,9.744
[1758207012020944935],,,,0.024,-0.235,9.73
[1758207012026603425],,,,0.086,-0.019,9.826
[1758207012032500716],,,,0.0,0.254,9.809
[1758207012038218477],,,,0.146,-0.184,9.761
[1758207012044084831],,,,0.053,0.34,10.089
[1758207012049952435],,,,-0.101,-0.421,9.783
[1758207012055689571],,,,0.057,0.177,9.706
[1758207012061477591],,,,0.01,-0.045,9.723
[1758207012067279206],,,,0.029,-0.048,9.907
[1758207012073046393],,,,0.072,0.433,9.929
[1758207012078823789],,,,0.05,-0.436,9.797
[1758207012084585352],,,,0.014,0.39,9.831
[1758207012090358320],,,,0.144,-0.318,9.816
[1758207012095445716],,,,0.201,0.309,9.91
[1758207012101214779],,,,0.067,-0.235,9.919
[1758207012106894623],,,,0.048,-0.081,10.046
[1758207012112790039],,,,0.05,0.294,9.831
[1758207012118516185],,,,0.067,-0.381,9.728
[1758207012124266081],,,,0.127,0.369,10.101
[1758207012130002070],,,,0.062,-0.409,10.111
[1758207012135562487],,,,0.012,0.45,9.61
[1758207012141144987],,,,0.036,-0.031,9.764
[1758207012146953529],,,,0.105,-0.012,9.857
[1758207012152620039],,,,0.11,0.239,9.799
[1758207012157695404],,,,0.268,-0.225,9.732
[1758207012163487591],,,,0.148,0.39,10.003
[1758207012169215560],,,,0.01,-0.532,9.685
[1758207012174970873],,,,-0.077,0.247,9.816
[1758207012181280873],,,,0.057,-0.057,9.967
[1758207012187829102],,,,0.012,-0.225,9.773
[1758207012194408164],,,,0.072,0.476,9.716
[1758207012201020664],,,,0.17,-0.158,9.886
[1758207012207605456],,,,0.103,-0.043,10.101
[1758207012214287591],,,,0.005,0.4,9.843
[1758207012220936081],,,,0.122,-0.204,10.082
[1758207012227308425],,,,0.093,0.045,9.787
[1758207012233892800],,,,-0.024,0.522,9.855
[1758207012240543320],,,,0.024,-0.254,9.907
[1758207012247067956],,,,0.069,0.055,9.783
[1758207012253819362],,,,-0.01,0.388,9.797
[1758207012260315664],,,,0.031,-0.575,9.91
[1758207012266807383],,,,0.045,0.062,9.943
[1758207012273295820],,,,-0.048,0.242,9.89
[1758207012278632800],,,,0.103,-0.323,9.651
[1758207012284316966],,,,0.089,0.443,9.867
[1758207012290079831],,,,-0.065,-0.378,9.656
[1758207012295786289],,,,0.127,0.429,9.871
[1758207012301476133],,,,0.057,0.129,9.893
[1758207012307156810],,,,0.242,0.057,9.84
[1758207012313049883],,,,-0.151,0.239,9.902
[1758207012318687279],,,,0.062,-0.469,9.902
[1758207012324488737],,,,0.0,0.479,9.819
[1758207012330288529],,,,0.132,-0.287,10.058
[1758207012335995456],,,,0.005,0.17,9.792
[1758207012341815664],,,,0.074,0.024,9.572
[1758207012347689570],,,,-0.022,-0.271,9.843
[1758207012353490560],,,,-0.019,0.515,10.12
[1758207012359299570],,,,0.115,-0.352,9.862
[1758207012365091029],,,,-0.053,0.35,9.764
[1758207012370918529],,,,-0.067,-0.16,9.665
[1758207012376857331],,,,-0.062,0.017,9.601
[1758207012383361133],,,,0.024,0.419,9.589
[1758207012390216185],,,,-0.055,-0.426,9.687
[1758207012397276289],,,,0.034,-0.141,9.934
[1758207012403672279],,,,-0.029,0.45,9.943
[1758207012410233893],,,,-0.031,-0.438,9.524
[1758207012417138789],,,,-0.038,-0.074,9.862
[1758207012423627227],,,,0.002,0.321,9.699
[1758207012430230612],,,,0.014,-0.4,10.032
[1758207012436726654],,,,0.048,0.05,9.91
[1758207012443223737],,,,0.0,0.35,9.701
[1758207012449799414],,,,0.034,-0.587,9.922
[1758207012456280872],,,,-0.007,0.16,9.776
[1758207012462735508],,,,0.048,0.053,9.735
[1758207012469220247],,,,0.034,-0.498,9.706
[1758207012475798372],,,,0.048,0.457,9.831
[1758207012482318633],,,,0.089,0.136,9.938
[1758207012488664050],,,,0.012,-0.409,9.697
[1758207012495253216],,,,-0.124,0.335,9.582
[1758207012501823477],,,,-0.007,-0.036,9.608
[1758207012508274102],,,,0.192,-0.354,9.629
[1758207012515180299],,,,0.029,0.364,9.713
[1758207012521662956],,,,0.01,-0.072,9.725
[1758207012528229779],,,,-0.117,-0.39,9.744
[1758207012534721966],,,,0.096,0.52,9.914
[1758207012541371497],,,,0.196,0.029,9.756
[1758207012547995039],,,,-0.081,-0.247,9.905
[1758207012554288945],,,,-0.089,0.366,9.855
[1758207012560960039],,,,0.041,-0.402,10.008
[1758207012567679206],,,,0.06,-0.237,9.85
[1758207012574288477],,,,-0.129,0.323,9.689
[1758207012580688945],,,,0.091,-0.266,10.08
[1758207012587476810],,,,0.141,-0.306,9.754
[1758207012593949258],,,,0.132,0.199,10.022
[1758207012600490404],,,,0.062,-0.373,9.905
[1758207012606949987],,,,-0.06,0.069,9.816
[1758207012612880091],,,,-0.105,0.287,9.943
[1758207012619603424],,,,-0.127,-0.412,9.924
[1758207012626243997],,,,-0.055,0.304,9.787
[1758207012633008477],,,,0.024,0.354,9.766
[1758207012639523789],,,,0.105,-0.402,9.668
[1758207012645993112],,,,-0.017,0.242,9.538
[1758207012652500820],,,,0.132,0.005,9.864
[1758207012658967435],,,,0.089,-0.429,9.852
[1758207012665434049],,,,0.084,0.412,9.728
[1758207012672006393],,,,0.002,0.017,9.957
[1758207012678502799],,,,-0.136,-0.294,9.661
[1758207012684310872],,,,0.062,0.515,9.641
[1758207012689999987],,,,-0.029,-0.314,9.732
[1758207012695720195],,,,0.18,0.304,9.531
[1758207012701505195],,,,0.108,0.103,9.742
[1758207012707150612],,,,0.124,-0.12,9.809
[1758207012712922487],,,,0.024,0.448,9.527
[1758207012718704362],,,,0.134,-0.429,9.804
[1758207012724492904],,,,0.079,0.39,9.862
[1758207012730391601],,,,0.232,-0.381,9.989
[1758207012736172695],,,,0.134,0.199,9.711
[1758207012741709622],,,,0.144,0.242,9.78
[1758207012747457591],,,,-0.113,-0.043,9.761
[1758207012753104154],,,,-0.136,0.383,9.641
[1758207012758733320],,,,0.139,-0.448,9.598
[1758207012764412591],,,,0.069,0.515,9.768
[1758207012770084362],,,,0.072,-0.163,9.907
[1758207012775940143],,,,0.055,0.148,9.625
[1758207012782736966],,,,0.01,0.034,9.742
[1758207012789803476],,,,-0.117,-0.464,9.96
[1758207012796607591],,,,-0.002,0.204,9.895
[1758207012802473685],,,,-0.077,0.268,9.713
[1758207012809058216],,,,0.034,-0.407,9.847
[1758207012815400820],,,,0.036,0.371,9.852
[1758207012821959466],,,,-0.01,-0.031,9.661
[1758207012828514518],,,,-0.026,-0.35,9.84
[1758207012835269674],,,,-0.079,0.338,9.701
[1758207012841663633],,,,0.151,-0.053,9.615
[1758207012848429726],,,,-0.077,-0.232,9.833
[1758207012855243372],,,,0.036,0.366,9.742
[1758207012861752435],,,,-0.034,0.077,9.67
[1758207012868360560],,,,-0.05,-0.4,9.689
[1758207012875015456],,,,-0.062,0.46,9.826
[1758207012880904049],,,,0.055,0.026,9.852
[1758207012886732591],,,,0.069,0.115,9.598
[1758207012892548789],,,,-0.139,0.048,9.73
[1758207012898304518],,,,0.031,-0.395,9.732
[1758207012903795872],,,,0.084,0.412,9.876
[1758207012909706549],,,,-0.124,-0.328,9.5
[1758207012915555351],,,,0.002,0.39,9.953
[1758207012921199362],,,,-0.01,-0.01,9.759
[1758207012927031601],,,,-0.002,-0.33,9.833
[1758207012932664883],,,,0.086,0.184,9.718
[1758207012938579101],,,,0.034,-0.488,9.84
[1758207012944464831],,,,0.081,0.405,9.811
[1758207012949950247],,,,0.278,-0.599,9.529
[1758207012955511133],,,,0.139,0.275,9.95
[1758207012961257799],,,,0.053,0.079,9.919
[1758207012967060508],,,,0.072,-0.069,9.704
[1758207012972744831],,,,0.115,0.23,9.91
[1758207012978728164],,,,0.031,-0.441,9.653
[1758207012985183216],,,,0.031,0.603,9.766
[1758207012991625091],,,,0.093,0.129,9.716
[1758207012998267591],,,,0.079,-0.297,9.653
[1758207013004974726],,,,-0.005,0.479,10.039
[1758207013011454831],,,,0.034,-0.022,9.629
[1758207013017900508],,,,0.134,-0.299,9.67
[1758207013024363841],,,,0.127,0.393,10.104
[1758207013030846601],,,,-0.089,-0.275,9.579
[1758207013037303528],,,,0.108,-0.096,9.919
[1758207013043900247],,,,-0.007,0.357,9.773
[1758207013050389049],,,,0.01,-0.443,9.735
[1758207013056848737],,,,-0.089,-0.165,9.96
[1758207013063307695],,,,-0.074,0.321,9.888
[1758207013069779935],,,,0.074,-0.287,9.967
[1758207013076584206],,,,0.053,0.23,9.828
[1758207013083133893],,,,0.01,0.381,9.725
[1758207013089730768],,,,0.275,-0.524,9.922
[1758207013096220247],,,,-0.074,0.134,9.783
[1758207013102690664],,,,0.002,0.237,9.991
[1758207013108988476],,,,0.218,-0.438,9.73
[1758207013115489935],,,,0.055,0.436,9.943
[1758207013122021549],,,,0.105,0.168,9.888
[1758207013128517903],,,,0.043,-0.371,9.656
[1758207013135118476],,,,-0.079,0.462,9.756
[1758207013141856966],,,,-0.089,0.136,9.629
[1758207013148491706],,,,0.067,-0.35,9.663
[1758207013154960456],,,,0.005,0.608,9.912
[1758207013161386549],,,,0.151,-0.074,9.716
[1758207013167971653],,,,0.113,-0.237,9.838
[1758207013174598112],,,,0.05,0.373,9.744
[1758207013180868945],,,,0.036,-0.022,9.823
[1758207013186584518],,,,-0.117,0.01,9.792
[1758207013192426133],,,,0.01,0.441,9.759
[1758207013198198841],,,,0.093,-0.424,9.718
[1758207013203964205],,,,0.134,0.472,9.689
[1758207013209799570],,,,-0.134,-0.441,10.029
[1758207013215530508],,,,0.041,0.328,9.754
[1758207013220430664],,,,0.045,-0.187,10.072
[1758207013225992383],,,,0.053,0.096,9.68
[1758207013231556341],,,,0.038,0.007,9.699
[1758207013237232383],,,,0.01,-0.136,9.783
[1758207013243267903],,,,0.053,0.431,9.778
[1758207013249194466],,,,0.062,-0.405,9.752
[1758207013255046758],,,,-0.072,0.239,9.847
[1758207013260827591],,,,0.134,-0.302,9.919
[1758207013266580039],,,,-0.043,-0.06,10.036
[1758207013272344258],,,,0.031,0.206,9.814
[1758207013278128997],,,,0.055,-0.417,9.749
[1758207013284600768],,,,-0.005,0.512,9.737
[1758207013291445768],,,,0.105,0.098,9.792
[1758207013297816185],,,,-0.043,-0.297,9.766
[1758207013304281185],,,,0.022,0.448,9.639
[1758207013310774987],,,,0.031,-0.196,9.967
[1758207013317940195],,,,-0.069,-0.438,9.522
[1758207013324492591],,,,-0.043,0.517,9.867
[1758207013330905195],,,,-0.103,-0.177,9.694
[1758207013337682330],,,,0.141,-0.273,9.704
[1758207013344123320],,,,0.022,0.321,9.843
[1758207013350732643],,,,0.005,-0.151,9.809
[1758207013357068008],,,,-0.091,-0.074,10.092
[1758207013363808528],,,,0.105,0.381,9.843
[1758207013370364726],,,,0.144,-0.333,9.764
[1758207013376886914],,,,0.132,-0.045,9.859
[1758207013383482903],,,,0.098,0.333,9.938
[1758207013389968893],,,,0.053,-0.445,9.656
[1758207013396462070],,,,-0.105,0.208,9.618
[1758207013402943685],,,,0.055,0.321,9.835
[1758207013409394049],,,,0.038,-0.476,9.737
[1758207013415905247],,,,0.043,0.117,9.881
[1758207013422414987],,,,-0.136,0.194,9.692
[1758207013428931393],,,,0.036,-0.51,9.718
[1758207013435423528],,,,0.127,0.431,9.814
[1758207013441912903],,,,0.036,0.239,9.776
[1758207013448395351],,,,0.079,-0.314,9.644
[1758207013454977330],,,,0.091,0.347,9.826
[1758207013461551862],,,,0.077,-0.002,9.574
[1758207013468042018],,,,0.053,-0.371,9.673
[1758207013474547122],,,,0.06,0.407,9.9
[1758207013480633372],,,,0.17,-0.045,9.876
[1758207013486479882],,,,-0.139,0.089,9.716
[1758207013492275924],,,,0.01,0.168,9.946
[1758207013498038841],,,,0.204,-0.493,9.656
[1758207013503800924],,,,0.034,0.455,9.534
[1758207013509363997],,,,0.048,-0.599,9.357
[1758207013515278007],,,,0.017,0.318,9.795
[1758207013520925403],,,,0.096,0.031,10.034
[1758207013526720507],,,,0.062,-0.16,10.01
[1758207013532395507],,,,-0.117,0.261,9.685
[1758207013538284049],,,,0.139,-0.402,9.764
[1758207013544027278],,,,0.134,0.345,9.823
[1758207013549775195],,,,0.134,-0.259,9.828
[1758207013555796028],,,,0.148,0.045,9.819
[1758207013561443737],,,,0.022,0.012,9.89
[1758207013567217122],,,,0.093,-0.244,9.658
[1758207013573051757],,,,-0.007,0.469,10.003
[1758207013579098060],,,,0.146,-0.419,9.821
[1758207013584761237],,,,0.12,0.445,9.756
[1758207013591559622],,,,0.055,0.153,9.787
[1758207013598015612],,,,0.11,-0.287,9.799
[1758207013604564570],,,,0.043,0.484,9.795
[1758207013611257747],,,,0.031,-0.184,9.711
[1758207013617999987],,,,0.084,-0.199,9.773
[1758207013624449934],,,,0.091,0.371,9.689
[1758207013630792955],,,,0.062,-0.206,9.816
[1758207013637226445],,,,0.225,-0.057,9.754
[1758207013643701966],,,,0.019,0.419,9.878
[1758207013650383945],,,,0.05,-0.436,9.938
[1758207013657093893],,,,0.091,0.081,9.867
[1758207013663576653],,,,0.06,0.582,9.84
[1758207013670088528],,,,0.22,-0.429,10.013
[1758207013676569153],,,,0.208,-0.065,10.001
[1758207013683051184],,,,0.007,0.273,9.663
[1758207013688696237],,,,0.108,-0.397,9.728
[1758207013695348737],,,,-0.148,0.347,9.773
[1758207013702104257],,,,0.101,0.22,9.51
[1758207013708453268],,,,0.127,-0.328,9.673
[1758207013715090768],,,,-0.012,0.436,9.586
[1758207013721727799],,,,0.053,0.259,9.85
[1758207013728530768],,,,0.057,-0.215,9.663
[1758207013734985403],,,,-0.024,0.316,9.878
[1758207013741532591],,,,-0.029,-0.151,9.505
[1758207013748006809],,,,0.031,-0.388,9.732
[1758207013754519726],,,,-0.043,0.433,9.85
[1758207013761021601],,,,-0.012,-0.11,9.524
[1758207013767510351],,,,0.012,-0.072,9.998
[1758207013774740403],,,,-0.002,0.558,9.744
[1758207013781313789],,,,0.045,0.093,9.914
[1758207013787111601],,,,-0.019,-0.211,9.847
[1758207013792870664],,,,-0.055,0.426,10.015
[1758207013798549414],,,,-0.108,-0.448,9.697
[1758207013804088737],,,,-0.134,0.529,9.694
[1758207013809908164],,,,0.072,-0.266,9.89
[1758207013815590039],,,,-0.024,0.022,9.749
[1758207013821315299],,,,0.132,-0.086,9.843
[1758207013826760091],,,,0.069,-0.223,10.104
[1758207013832529986],,,,0.084,0.165,9.979
[1758207013838206653],,,,0.072,-0.354,10.199
[1758207013843729570],,,,0.091,0.56,9.962
[1758207013849474778],,,,0.077,-0.441,9.584
[1758207013855182330],,,,0.079,0.35,9.905
[1758207013860949361],,,,0.022,0.0,9.716
[1758207013866599309],,,,0.093,0.108,9.845
[1758207013872081289],,,,-0.134,0.256,9.656
[1758207013877776393],,,,0.019,-0.373,9.972
[1758207013884088111],,,,0.022,0.481,9.905
[1758207013890780716],,,,0.029,-0.182,9.876
[1758207013897236653],,,,0.036,-0.256,9.905
[1758207013903179309],,,,0.115,0.479,9.771
[1758207013909792591],,,,0.05,-0.347,9.955
[1758207013916544049],,,,0.081,-0.01,9.936
[1758207013922998268],,,,-0.062,0.393,9.981
[1758207013929404414],,,,0.132,-0.407,9.728
[1758207013936063372],,,,0.034,0.259,9.869
[1758207013942538320],,,,0.038,0.273,9.687
[1758207013948991757],,,,-0.062,-0.381,9.598
[1758207013955498007],,,,0.074,0.321,9.572
[1758207013961840143],,,,-0.005,0.223,9.764
[1758207013968373841],,,,0.017,-0.421,9.776
[1758207013975196861],,,,0.038,0.4,9.845
[1758207013981444882],,,,0.007,0.019,9.926
[1758207013987253007],,,,0.057,-0.244,9.938
[1758207013993025195],,,,0.141,0.409,10.041
[1758207013998646341],,,,-0.026,-0.314,9.754
[1758207014004430872],,,,0.043,0.474,9.84
[1758207014010416601],,,,-0.029,-0.127,10.017
[1758207014016146028],,,,0.079,-0.23,9.986
[1758207014021880351],,,,0.065,0.12,9.766
[1758207014027722018],,,,0.093,-0.388,9.673
[1758207014033498528],,,,0.146,0.503,9.869
[1758207014039287851],,,,0.055,-0.338,9.912
[1758207014045065872],,,,0.127,0.388,9.766
[1758207014050888163],,,,0.055,-0.105,9.799
[1758207014056655507],,,,0.053,-0.06,9.917
[1758207014062531341],,,,0.024,0.426,9.749
[1758207014068344413],,,,0.244,-0.448,9.519
[1758207014074116966],,,,0.074,0.402,9.871
[1758207014079878111],,,,0.096,-0.345,9.946
[1758207014086370820],,,,0.05,0.002,9.852
[1758207014093178997],,,,0.086,0.366,9.974
[1758207014099704361],,,,0.077,-0.527,10.022
[1758207014106164101],,,,0.074,0.134,9.883
[1758207014112780299],,,,0.045,0.417,9.931
[1758207014119294882],,,,0.11,-0.414,9.574
[1758207014125637122],,,,0.144,0.33,9.857
[1758207014132356184],,,,0.074,0.168,9.639
[1758207014138954466],,,,-0.105,-0.455,9.519
[1758207014145482486],,,,0.057,0.314,9.78
[1758207014151956080],,,,0.096,0.302,9.855
[1758207014158435611],,,,0.144,-0.345,9.668
[1758207014164863372],,,,-0.067,0.409,9.792
[1758207014171559778],,,,0.014,0.136,9.795
[1758207014177882538],,,,0.022,-0.297,9.962
[1758207014184461445],,,,0.031,0.472,9.756
[1758207014191276861],,,,-0.024,-0.002,9.922
[1758207014197728580],,,,0.038,-0.206,9.663
[1758207014204169257],,,,0.093,0.421,9.823
[1758207014210576184],,,,-0.038,-0.18,9.991
[1758207014216911809],,,,-0.041,0.045,9.651
[1758207014223640820],,,,-0.034,0.529,9.919
[1758207014230399361],,,,-0.002,-0.182,9.859
[1758207014237429622],,,,-0.014,-0.237,9.749
[1758207014243926809],,,,-0.067,0.397,9.819
[1758207014250444934],,,,-0.007,-0.23,9.957
[1758207014256950403],,,,-0.036,-0.072,9.792
[1758207014263318945],,,,0.012,0.417,9.917
[1758207014270148372],,,,-0.113,-0.431,9.862
[1758207014276489257],,,,-0.005,-0.041,9.869
[1758207014282986705],,,,-0.055,0.39,9.886
[1758207014288766861],,,,-0.12,-0.603,9.72
[1758207014294516288],,,,0.017,0.429,9.955
[1758207014300174101],,,,0.036,-0.151,9.967
[1758207014305664309],,,,-0.072,0.235,9.871
[1758207014311458215],,,,0.062,0.105,9.811
[1758207014317162538],,,,0.005,-0.311,9.768
[1758207014322867955],,,,0.074,0.388,9.668
[1758207014328616393],,,,0.045,-0.333,9.665
[1758207014334310611],,,,-0.115,0.405,9.787
[1758207014340101288],,,,0.048,-0.11,9.828
[1758207014345831393],,,,-0.079,0.254,9.668
[1758207014351539778],,,,0.029,0.05,9.759
[1758207014357240351],,,,0.113,-0.402,9.845
[1758207014362936028],,,,-0.146,0.373,9.957
[1758207014368636288],,,,-0.005,-0.35,9.737
[1758207014374139778],,,,0.005,0.369,9.79
[1758207014380023111],,,,0.148,-0.364,9.95
[1758207014386459778],,,,-0.139,0.065,9.979
[1758207014392662330],,,,0.11,0.318,9.85
[1758207014399210768],,,,0.146,-0.366,9.912
[1758207014405668893],,,,-0.136,0.045,9.579
[1758207014412497643],,,,0.038,0.153,9.84
[1758207014419123788],,,,-0.053,-0.5,9.785
[1758207014425619101],,,,0.043,0.038,9.84
[1758207014432150247],,,,-0.005,0.299,9.79
[1758207014438597018],,,,0.146,-0.316,9.773
[1758207014445090611],,,,0.108,0.287,9.67
[1758207014451831549],,,,0.002,0.259,9.685
[1758207014458371861],,,,0.29,-0.369,10.046
[1758207014464853059],,,,0.208,0.294,9.922
[1758207014471401236],,,,0.148,-0.148,9.653
[1758207014477996028],,,,0.0,-0.347,9.89
[1758207014484279778],,,,0.045,0.596,9.675
[1758207014490333788],,,,-0.144,-0.263,9.737
[1758207014495997017],,,,0.055,0.079,9.9
[1758207014501760038],,,,0.038,0.294,9.871
[1758207014507451549],,,,0.062,-0.251,9.883
[1758207014513289205],,,,0.077,0.498,9.895
[1758207014519220195],,,,-0.086,-0.311,9.905
[1758207014525098840],,,,-0.026,0.168,9.668
[1758207014530911809],,,,0.043,0.012,9.823
[1758207014536654049],,,,0.074,-0.235,9.893
[1758207014541692017],,,,-0.127,0.242,9.845
[1758207014547295976],,,,0.079,-0.177,9.708
[1758207014553029309],,,,0.024,0.385,10.072
[1758207014558733007],,,,0.089,-0.402,9.838
[1758207014564426184],,,,0.048,0.52,9.957
[1758207014570248372],,,,0.244,-0.153,9.869
[1758207014575924465],,,,0.055,0.072,9.869
[1758207014581495247],,,,0.026,0.062,9.79
[1758207014587959465],,,,0.091,-0.223,9.582
[1758207014594578580],,,,0.012,0.306,9.708
[1758207014601110559],,,,0.091,0.117,9.668
[1758207014607575715],,,,0.136,-0.172,9.723
[1758207014614155195],,,,0.151,0.462,9.85
[1758207014620544361],,,,0.096,-0.098,9.744
[1758207014626879778],,,,-0.007,-0.053,9.718
[1758207014633642642],,,,-0.017,0.412,9.907
[1758207014640150299],,,,-0.067,-0.455,9.589
[1758207014646650715],,,,0.069,-0.11,10.104
[1758207014653133580],,,,-0.022,0.359,9.661
[1758207014659725559],,,,0.031,-0.189,10.017
[1758207014666162486],,,,-0.043,0.16,9.867
[1758207014672632538],,,,-0.045,0.381,9.555
[1758207014679099570],,,,0.12,-0.524,10.058
[1758207014685664726],,,,-0.062,0.084,9.79
[1758207014692129570],,,,0.024,0.117,9.864
[1758207014699057069],,,,0.098,-0.359,9.615
[1758207014705504726],,,,-0.072,0.232,9.888
[1758207014711955507],,,,0.043,0.16,9.531
[1758207014718506184],,,,-0.132,-0.522,9.653
[1758207014724974153],,,,-0.091,0.28,9.708
[1758207014731514882],,,,0.089,0.141,9.704
[1758207014737981028],,,,-0.055,-0.453,9.682
[1758207014744326861],,,,0.077,0.462,9.931
[1758207014751096965],,,,0.0,-0.038,9.697
[1758207014757550299],,,,0.038,-0.357,10.099
[1758207014763998632],,,,0.0,0.381,9.51
[1758207014770338997],,,,0.077,-0.395,9.845
[1758207014776693007],,,,0.0,-0.184,10.013
[1758207014783467538],,,,0.012,0.436,9.653
[1758207014789910924],,,,0.041,-0.275,9.871
[1758207014796612278],,,,-0.108,0.072,9.833
[1758207014803084726],,,,0.11,0.385,9.713
[1758207014809706705],,,,0.089,-0.182,9.795
[1758207014816335872],,,,0.148,0.122,9.675
[1758207014823107486],,,,-0.045,0.433,10.017
[1758207014829645038],,,,-0.055,-0.328,9.91
[1758207014836238580],,,,0.079,-0.091,9.902
[1758207014842770038],,,,-0.132,0.441,9.938
[1758207014849325559],,,,0.048,-0.321,9.79
[1758207014856092226],,,,-0.036,0.053,10.111
[1758207014862621288],,,,0.014,0.407,10.065
[1758207014869110767],,,,-0.005,-0.488,9.946
[1758207014875590038],,,,0.151,0.22,9.936
[1758207014882049726],,,,0.019,0.16,9.756
[1758207014888520715],,,,0.031,-0.51,9.938
[1758207014895095872],,,,0.053,0.287,9.768
[1758207014901634882],,,,-0.041,0.124,9.555
[1758207014908152799],,,,0.005,-0.45,9.711
[1758207014914645871],,,,0.043,0.376,9.51
[1758207014920996184],,,,0.074,-0.223,9.811
[1758207014927387694],,,,0.01,-0.338,9.819
[1758207014934176340],,,,0.144,0.438,9.816
[1758207014940495351],,,,0.067,-0.002,9.78
[1758207014947183267],,,,0.065,-0.285,9.677
[1758207014953662330],,,,-0.007,0.426,9.68
[1758207014960160976],,,,0.024,-0.144,9.737
[1758207014966627434],,,,0.091,-0.031,9.823
[1758207014973082746],,,,-0.098,0.369,9.838
[1758207014979580455],,,,0.079,-0.287,9.838
[1758207014985789361],,,,0.043,0.156,9.742
[1758207014991564986],,,,0.072,0.239,9.668
[1758207014997405663],,,,0.136,-0.445,9.653
[1758207015003155507],,,,0.101,0.357,9.934
[1758207015008932226],,,,0.127,-0.302,10.281
[1758207015014685871],,,,0.146,0.347,9.998
[1758207015020495038],,,,0.086,-0.084,9.826
[1758207015026340142],,,,0.057,-0.084,9.914
[1758207015032155611],,,,0.074,0.491,9.929
[1758207015037938424],,,,0.249,-0.22,9.596
[1758207015043708944],,,,0.086,0.543,9.826
[1758207015049512486],,,,0.093,-0.244,9.938
[1758207015055288007],,,,-0.014,0.072,9.778
[1758207015061050767],,,,-0.12,0.261,9.771
[1758207015066803424],,,,0.12,-0.251,9.955
[1758207015072556913],,,,0.029,0.52,9.91
[1758207015078470559],,,,0.053,-0.409,9.754
[1758207015084376601],,,,0.098,0.352,9.902
[1758207015090946601],,,,-0.081,-0.151,9.864
[1758207015097550715],,,,0.072,-0.424,9.761
[1758207015104035507],,,,-0.06,0.52,9.787
[1758207015110418007],,,,-0.124,-0.206,9.641
[1758207015116741288],,,,-0.065,-0.194,9.797
[1758207015123513319],,,,-0.079,0.335,9.718
[1758207015129854986],,,,0.077,-0.297,9.675
[1758207015136600923],,,,-0.093,0.007,9.807
[1758207015143055246],,,,-0.117,0.441,9.89
[1758207015149533319],,,,-0.038,-0.378,9.84
[1758207015156642069],,,,-0.041,-0.108,9.888
[1758207015163486444],,,,-0.105,0.328,9.752
[1758207015170009673],,,,-0.01,-0.271,10.051
[1758207015176523580],,,,-0.144,-0.036,9.862
[1758207015182894934],,,,-0.014,0.402,9.929
[1758207015188799413],,,,-0.072,-0.484,9.792
[1758207015194610871],,,,-0.007,0.294,9.534
[1758207015200481496],,,,-0.086,0.072,9.787
[1758207015206211601],,,,-0.136,-0.139,9.79
[1758207015211887278],,,,0.069,0.261,9.701
[1758207015217784673],,,,0.062,-0.486,9.893
[1758207015223531340],,,,0.148,0.4,9.955
[1758207015229451757],,,,0.019,-0.318,9.857
[1758207015235258996],,,,0.096,0.251,9.756
[1758207015241036236],,,,0.124,0.029,9.694
[1758207015246855455],,,,0.134,-0.393,9.852
[1758207015252563840],,,,0.019,0.211,10.003
[1758207015258217382],,,,0.091,-0.539,9.737
[1758207015263943215],,,,-0.029,0.354,9.881
[1758207015269425351],,,,0.079,-0.412,9.902
[1758207015274994830],,,,-0.048,0.23,9.787
[1758207015280991496],,,,0.069,0.17,9.89
[1758207015287040976],,,,0.034,-0.352,9.78
[1758207015292681705],,,,0.031,0.316,9.823
[1758207015298506444],,,,-0.124,-0.472,9.591
[1758207015304446809],,,,-0.136,0.457,9.752
[1758207015310207278],,,,0.038,-0.148,9.84
[1758207015315986080],,,,0.045,-0.089,10.06
[1758207015321685507],,,,0.055,0.304,9.795
[1758207015327498996],,,,0.055,-0.397,9.811
[1758207015333373007],,,,0.01,0.383,9.934
[1758207015339265663],,,,0.045,-0.316,10.039
[1758207015344914673],,,,0.007,0.168,9.711
[1758207015350690038],,,,-0.129,-0.115,9.582
[1758207015356557955],,,,-0.072,-0.259,9.85
[1758207015362155507],,,,0.091,0.316,9.747
[1758207015367885611],,,,0.096,-0.419,9.79
[1758207015373633371],,,,0.017,0.488,9.723
[1758207015379374569],,,,0.029,-0.251,10.034
[1758207015385389361],,,,-0.06,0.065,9.838
[1758207015391868736],,,,0.113,0.215,9.912
[1758207015398358736],,,,0.048,-0.512,9.658
[1758207015404825403],,,,0.077,0.424,10.101
[1758207015411395767],,,,0.062,0.335,9.646
[1758207015417848996],,,,0.014,-0.271,9.943
[1758207015424301288],,,,-0.026,0.606,9.78
[1758207015430687798],,,,0.086,0.014,9.876
[1758207015437148215],,,,0.041,-0.232,9.67
[1758207015443896653],,,,-0.026,0.558,9.874
[1758207015450482903],,,,0.223,0.034,9.723
[1758207015456431496],,,,-0.103,0.108,9.795
[1758207015463170871],,,,-0.12,0.359,9.989
[1758207015469851548],,,,0.091,-0.227,9.888
[1758207015476616080],,,,0.136,-0.271,9.993
[1758207015482996080],,,,0.029,0.417,9.814
[1758207015489780246],,,,0.089,-0.266,9.862
[1758207015496315871],,,,0.081,-0.115,9.907
[1758207015502817746],,,,0.146,0.577,9.895
[1758207015509326444],,,,0.204,-0.369,9.718
[1758207015515883944],,,,0.041,-0.005,9.926
[1758207015522371340],,,,0.129,0.453,9.694
[1758207015528842486],,,,0.148,-0.433,9.838
[1758207015535380142],,,,0.067,0.16,9.701
[1758207015541949517],,,,0.11,0.23,9.749
[1758207015548428788],,,,-0.086,-0.354,9.752
[1758207015554900871],,,,-0.096,0.239,9.615
[1758207015561499934],,,,0.084,0.223,9.735
[1758207015567912746],,,,-0.077,-0.364,9.577
[1758207015574417850],,,,0.01,0.445,9.847
[1758207015580785507],,,,-0.074,-0.124,9.57
[1758207015587063215],,,,0.036,-0.208,9.723
[1758207015592729830],,,,-0.043,0.433,9.969
[1758207015598513319],,,,0.072,-0.505,9.881
[1758207015604162069],,,,-0.086,0.555,9.807
[1758207015610023684],,,,0.007,-0.091,9.663
[1758207015616411705],,,,-0.134,-0.062,9.747
[1758207015622557798],,,,0.11,0.16,10.044
[1758207015628284830],,,,-0.093,-0.5,9.728
[1758207015634059934],,,,-0.043,0.309,9.974
[1758207015639859830],,,,-0.031,-0.081,9.95
[1758207015645484205],,,,-0.306,0.249,9.881
[1758207015651448840],,,,-0.144,0.199,9.661
[1758207015657179569],,,,-0.017,-0.438,9.67
[1758207015662893944],,,,-0.005,0.347,9.802
[1758207015668706132],,,,0.139,-0.567,9.905
[1758207015674484986],,,,0.148,0.39,9.9
[1758207015680319830],,,,0.141,-0.151,9.754
[1758207015686030871],,,,-0.041,-0.108,10.032
[1758207015691688840],,,,-0.151,0.357,9.522
[1758207015697453059],,,,0.043,-0.388,9.658
[1758207015703102225],,,,0.014,0.426,9.797
[1758207015708874100],,,,0.091,-0.357,9.972
[1758207015714670455],,,,0.11,0.311,9.936
[1758207015720539934],,,,0.022,-0.129,9.689
[1758207015726328684],,,,0.038,-0.215,9.718
[1758207015732177434],,,,0.002,0.326,9.969
[1758207015737940507],,,,0.115,-0.335,9.855
[1758207015743709517],,,,0.081,0.347,9.658
[1758207015749396027],,,,0.084,-0.237,10.108
[1758207015755218527],,,,-0.017,-0.007,9.708
[1758207015760979048],,,,0.144,0.28,9.735
[1758207015766716132],,,,-0.146,-0.225,9.835
[1758207015772442121],,,,-0.062,0.369,9.764
[1758207015778282382],,,,0.036,-0.393,9.656
[1758207015784019361],,,,0.014,0.273,9.764
[1758207015790427173],,,,0.182,0.101,9.883
[1758207015796905923],,,,0.089,-0.347,9.936
[1758207015803403371],,,,0.036,0.393,9.826
[1758207015809893371],,,,0.093,-0.314,9.826
[1758207015816285298],,,,0.014,-0.093,10.096
[1758207015822756079],,,,-0.01,0.503,10.077
[1758207015829206704],,,,0.218,-0.443,9.929
[1758207015835670819],,,,-0.122,-0.053,10.051
[1758207015842243475],,,,-0.153,0.39,9.831
[1758207015848732329],,,,0.077,-0.45,9.838
[1758207015855238632],,,,0.005,0.278,9.809
[1758207015861674361],,,,0.115,0.244,9.675
[1758207015868136184],,,,0.045,-0.433,9.893
[1758207015874603475],,,,-0.122,0.467,9.792
[1758207015880948007],,,,0.06,0.057,9.776
[1758207015887410507],,,,0.029,-0.22,9.977
[1758207015893182694],,,,0.002,0.462,9.811
[1758207015899014517],,,,0.029,-0.287,9.943
[1758207015904765246],,,,0.0,0.381,9.9
[1758207015910436132],,,,-0.108,0.17,9.503
[1758207015916153319],,,,-0.136,-0.235,9.831
[1758207015922033007],,,,0.079,0.323,9.594
[1758207015927920090],,,,0.079,-0.484,9.85
[1758207015933678059],,,,0.113,0.373,9.89
[1758207015938939934],,,,0.105,-0.261,9.668
[1758207015944723215],,,,0.034,0.136,9.809
[1758207015950255142],,,,0.005,-0.098,9.957
[1758207015955802590],,,,-0.002,-0.144,9.895
[1758207015961497121],,,,-0.101,0.4,9.859
[1758207015967080454],,,,0.007,-0.397,9.663
[1758207015972665975],,,,-0.038,0.436,9.852
[1758207015978595246],,,,0.134,-0.309,9.969
[1758207015984247798],,,,0.022,0.378,9.888
[1758207015990731496],,,,0.201,-0.026,9.95
[1758207015997304100],,,,0.038,-0.347,9.589
[1758207016003837121],,,,0.026,0.431,10.068
[1758207016010469413],,,,-0.01,-0.002,9.656
[1758207016016825559],,,,0.014,-0.306,9.828
[1758207016023494621],,,,-0.012,0.333,9.766
[1758207016029870246],,,,-0.132,-0.206,9.819
[1758207016036456652],,,,0.026,-0.302,9.673
[1758207016043019413],,,,-0.045,0.409,9.802
[1758207016049420819],,,,0.002,-0.407,9.893
[1758207016056348059],,,,0.093,-0.175,10.032
[1758207016062830194],,,,-0.024,0.309,9.766
[1758207016069133684],,,,-0.036,-0.433,9.826
[1758207016075879361],,,,-0.06,0.067,9.682
[1758207016082735402],,,,0.007,0.527,9.948
[1758207016088888475],,,,-0.177,-0.414,9.948
[1758207016094660559],,,,-0.002,0.318,9.594
[1758207016100507798],,,,-0.055,-0.098,9.689
[1758207016106234517],,,,0.019,-0.311,9.814
[1758207016112044777],,,,-0.057,0.397,10.022
[1758207016117787225],,,,-0.045,-0.443,9.62
[1758207016123579256],,,,0.022,0.548,9.938
[1758207016129352538],,,,0.093,-0.254,9.977
[1758207016135188475],,,,0.026,0.098,9.819
[1758207016141089256],,,,0.026,0.215,9.831
[1758207016146866236],,,,-0.005,-0.318,9.78
[1758207016152527017],,,,0.072,0.445,9.831
[1758207016158481861],,,,0.034,-0.476,9.701
[1758207016164143006],,,,-0.014,0.218,9.828
[1758207016169996392],,,,0.11,-0.227,9.699
[1758207016175819621],,,,0.007,0.084,9.661
[1758207016181598684],,,,-0.043,0.292,9.713
[1758207016187441861],,,,0.031,-0.445,9.876
[1758207016194056809],,,,-0.019,0.443,9.503
[1758207016200547329],,,,0.117,0.163,9.943
[1758207016206989361],,,,0.036,-0.184,10.053
[1758207016213441027],,,,0.134,0.433,9.922
[1758207016219906861],,,,-0.026,-0.196,9.663
[1758207016226558788],,,,0.093,-0.081,9.732
[1758207016233049465],,,,-0.007,0.359,9.953
[1758207016239568996],,,,0.026,-0.453,9.847
[1758207016246030298],,,,-0.036,-0.294,9.797
[1758207016252498111],,,,-0.148,0.292,9.816
[1758207016259010454],,,,0.014,-0.426,9.864
[1758207016265465663],,,,0.065,0.093,9.574
[1758207016271942017],,,,0.146,0.299,9.656
[1758207016278479256],,,,-0.153,-0.577,9.67
[1758207016284930246],,,,0.031,0.184,9.658
[1758207016291429569],,,,0.144,0.187,9.699
[1758207016297865350],,,,0.141,-0.493,9.814
[1758207016304293736],,,,-0.01,0.424,9.723
[1758207016310647486],,,,0.077,-0.136,9.776
[1758207016316998579],,,,0.235,-0.302,9.843
[1758207016323581183],,,,0.034,0.56,9.663
[1758207016330382277],,,,0.014,-0.01,9.9
[1758207016336776444],,,,0.113,-0.237,9.754
[1758207016343331756],,,,0.038,0.326,9.878
[1758207016350232642],,,,-0.005,-0.041,9.867
[1758207016356708111],,,,0.067,-0.208,9.876
[1758207016363162694],,,,-0.029,0.476,9.663
[1758207016369772538],,,,0.146,-0.46,9.855
[1758207016376480246],,,,0.098,-0.292,9.912
[1758207016382954100],,,,-0.091,0.342,9.886
[1758207016389152277],,,,0.002,-0.311,10.08
[1758207016394961808],,,,-0.01,0.067,10.003
[1758207016400774308],,,,0.148,0.275,9.802
[1758207016406544725],,,,0.124,-0.223,9.713
[1758207016412463319],,,,-0.117,0.433,9.857
[1758207016418189673],,,,0.055,-0.433,9.531
[1758207016423930558],,,,0.136,0.328,9.639
[1758207016429638475],,,,0.132,-0.177,9.917
[1758207016435417798],,,,-0.146,0.019,9.677
[1758207016441083267],,,,0.065,0.201,9.807
[1758207016446975090],,,,0.136,-0.292,9.96
[1758207016452630558],,,,0.014,0.354,9.914
[1758207016457929517],,,,0.084,-0.333,9.699
[1758207016463464933],,,,0.029,0.56,9.72
[1758207016469185350],,,,0.029,-0.215,9.946
[1758207016474887590],,,,0.215,0.278,9.831
[1758207016480617225],,,,-0.034,0.055,9.673
[1758207016486340402],,,,-0.036,-0.388,9.833
[1758207016492581808],,,,-0.012,0.381,9.929
[1758207016498966235],,,,0.17,-0.321,9.541
[1758207016505769308],,,,-0.072,-0.055,9.708
[1758207016512195663],,,,-0.168,0.194,9.905
[1758207016518595402],,,,0.081,-0.45,9.902
[1758207016525246756],,,,-0.134,0.256,9.878
[1758207016531797433],,,,-0.012,0.34,9.814
[1758207016537735350],,,,-0.105,-0.462,9.919
[1758207016544723527],,,,-0.05,0.254,9.826
[1758207016551452590],,,,-0.115,0.144,9.661
[1758207016557805819],,,,0.098,-0.4,9.603
[1758207016564642329],,,,-0.057,0.132,9.661
[1758207016571056965],,,,-0.012,0.213,9.744
[1758207016577394621],,,,0.144,-0.275,9.56
[1758207016583908840],,,,-0.132,0.373,9.685
[1758207016590279985],,,,0.038,-0.034,9.852
[1758207016596198527],,,,0.007,-0.01,9.929
[1758207016601932069],,,,-0.086,0.424,9.682
[1758207016607673215],,,,0.086,-0.512,9.603
[1758207016613508319],,,,0.086,0.314,9.735
[1758207016619332225],,,,0.237,-0.074,9.821
[1758207016625109204],,,,-0.141,0.06,9.943
[1758207016630970454],,,,0.074,0.204,9.914
[1758207016636867538],,,,0.148,-0.357,9.778
[1758207016642635663],,,,0.077,0.357,9.843
[1758207016648374308],,,,0.225,-0.498,10.06
[1758207016654216704],,,,0.129,0.35,9.819
[1758207016660058788],,,,-0.122,-0.098,9.893
[1758207016665787069],,,,0.074,-0.132,10.051
[1758207016671557433],,,,-0.01,0.453,9.9
[1758207016677391652],,,,-0.045,-0.316,9.862
[1758207016683033006],,,,0.079,0.402,9.795
[1758207016688140454],,,,0.081,-0.445,9.598
[1758207016694772850],,,,0.01,0.338,9.776
[1758207016701240558],,,,0.022,0.266,9.819
[1758207016707673892],,,,-0.079,-0.412,9.795
[1758207016714251183],,,,0.034,0.237,9.91
[1758207016721058996],,,,0.11,0.163,9.883
[1758207016727491808],,,,0.007,-0.433,9.673
[1758207016733980506],,,,-0.11,0.457,9.857
[1758207016740507485],,,,-0.077,-0.031,9.718
[1758207016746970975],,,,0.029,-0.242,9.651
[1758207016753402590],,,,0.127,0.419,9.833
[1758207016759354412],,,,0.141,-0.213,9.735
[1758207016766110767],,,,0.012,-0.192,9.754
[1758207016772889360],,,,-0.096,0.412,9.756
[1758207016779347017],,,,0.036,-0.247,9.759
[1758207016785862954],,,,0.031,-0.012,9.957
[1758207016791926340],,,,0.146,0.488,10.118
[1758207016797698058],,,,0.141,-0.46,9.953
[1758207016803433996],,,,0.055,0.57,9.744
[1758207016809246600],,,,0.146,-0.294,9.864
[1758207016815007537],,,,0.057,-0.069,9.991
[1758207016820805454],,,,0.074,0.132,9.692
[1758207016826553475],,,,0.06,-0.026,9.74
[1758207016832230037],,,,0.096,0.532,9.989
[1758207016837976131],,,,0.065,-0.275,9.802
[1758207016844008996],,,,0.127,0.314,9.876
[1758207016849798475],,,,0.048,-0.06,9.941
[1758207016855531548],,,,-0.043,-0.242,9.56
[1758207016861329048],,,,0.074,0.177,9.886
[1758207016866957590],,,,0.127,-0.335,9.96
[1758207016872749621],,,,0.057,0.429,9.914
[1758207016878595506],,,,0.017,-0.441,9.902
[1758207016884333787],,,,0.129,0.278,9.759
[1758207016889970089],,,,0.101,-0.227,9.953
[1758207016895821600],,,,0.067,-0.06,10.06
[1758207016901567173],,,,0.005,0.402,9.871
[1758207016907288944],,,,-0.014,-0.445,9.598
[1758207016913048996],,,,-0.098,0.39,9.711
[1758207016918796912],,,,0.132,-0.421,9.663
[1758207016924601392],,,,-0.014,0.189,9.814
[1758207016930461756],,,,0.081,0.144,9.881
[1758207016936106860],,,,0.084,-0.034,9.907
[1758207016941864464],,,,-0.057,0.39,9.809
[1758207016947646964],,,,0.067,-0.417,9.929
[1758207016953312537],,,,-0.129,0.414,9.828
[1758207016959120142],,,,0.146,-0.266,10.068
[1758207016964780037],,,,-0.034,0.122,9.907
[1758207016970507329],,,,-0.01,0.163,9.658
[1758207016975794777],,,,0.093,-0.05,9.876
[1758207016981601339],,,,-0.002,0.371,9.603
[1758207016987312694],,,,-0.017,-0.409,9.639
[1758207016993025037],,,,-0.036,0.364,9.67
[1758207016998700506],,,,-0.01,-0.311,10.001
[1758207017004769673],,,,0.041,0.17,9.948
[1758207017010677589],,,,0.024,0.215,9.852
[1758207017016157225],,,,-0.06,-0.156,9.902
[1758207017021392485],,,,0.005,0.199,9.874
[1758207017027173892],,,,0.096,-0.311,9.586
[1758207017032873267],,,,-0.017,0.421,9.902
[1758207017038561756],,,,0.05,-0.35,9.859
[1758207017043806964],,,,0.129,0.388,9.764
[1758207017049608527],,,,-0.022,-0.038,9.804
[1758207017055295298],,,,0.022,0.029,9.776
[1758207017060821912],,,,-0.029,0.204,9.847
[1758207017066566392],,,,0.093,-0.417,9.993
[1758207017072339673],,,,0.007,0.45,9.816
[1758207017078006027],,,,-0.029,-0.443,9.72
[1758207017083726183],,,,0.093,0.314,9.749
[1758207017089460610],,,,0.031,-0.232,9.85
[1758207017095618267],,,,-0.014,-0.148,9.993
[1758207017102264256],,,,0.048,0.299,9.821
[1758207017108766027],,,,0.067,-0.496,9.89
[1758207017115270350],,,,0.026,0.012,9.895
[1758207017121758735],,,,0.012,0.182,9.531
[1758207017128218319],,,,0.199,-0.436,9.867
[1758207017134683683],,,,0.005,0.256,9.787
[1758207017141127016],,,,0.022,0.263,9.785
[1758207017148097694],,,,0.043,-0.311,9.536
[1758207017154641444],,,,0.105,0.156,9.72
[1758207017161050350],,,,0.045,0.084,9.529
[1758207017167782016],,,,0.026,-0.479,9.639
[1758207017174298579],,,,0.146,0.35,9.747
[1758207017180694464],,,,-0.005,0.105,9.505
[1758207017187067016],,,,0.134,-0.318,9.826
[1758207017193303683],,,,0.017,0.33,9.917
[1758207017199122277],,,,-0.01,-0.175,9.898
[1758207017204935662],,,,0.048,-0.01,10.07
[1758207017210699621],,,,0.141,0.259,9.706
[1758207017216474673],,,,0.017,-0.302,9.898
[1758207017222104412],,,,0.038,0.529,10.036
[1758207017227125662],,,,0.17,-0.453,9.986
[1758207017232785819],,,,0.036,0.35,9.864
[1758207017238290350],,,,0.019,-0.33,10.005
[1758207017243983423],,,,0.074,0.376,9.881
[1758207017249856444],,,,-0.06,-0.086,9.673
[1758207017255559048],,,,0.002,-0.156,9.871
[1758207017261217016],,,,-0.077,0.362,9.867
[1758207017266928058],,,,0.034,-0.323,9.737
[1758207017272630037],,,,0.06,0.512,9.922
[1758207017278200610],,,,-0.024,-0.268,10.015
[1758207017283982485],,,,0.05,0.316,9.68
[1758207017289732589],,,,0.101,-0.01,9.682
[1758207017295841131],,,,0.096,-0.141,9.931
[1758207017302659725],,,,0.05,0.445,9.888
[1758207017309122641],,,,0.05,-0.158,10.089
[1758207017315610923],,,,-0.105,-0.249,10.23
[1758207017322020246],,,,0.067,0.333,9.855
[1758207017328496756],,,,0.124,-0.455,9.871
[1758207017335272954],,,,0.086,0.007,9.744
[1758207017341723735],,,,0.132,0.433,9.905
[1758207017348163475],,,,0.103,-0.35,9.711
[1758207017354644256],,,,0.067,0.352,9.735
[1758207017361189204],,,,0.036,0.412,9.761
[1758207017367685193],,,,-0.048,-0.311,9.61
[1758207017374153214],,,,0.057,0.35,9.697
[1758207017380651652],,,,0.012,-0.081,9.632
[1758207017387102173],,,,0.124,-0.453,9.85
[1758207017393318631],,,,-0.098,0.546,9.792
[1758207017399162537],,,,0.007,-0.168,9.931
[1758207017404921912],,,,0.019,0.098,9.73
[1758207017410729360],,,,0.06,0.285,9.586
[1758207017416506391],,,,0.029,-0.414,9.768
[1758207017422293735],,,,-0.057,0.378,10.022
[1758207017428054308],,,,-0.029,-0.34,9.697
[1758207017433785818],,,,0.077,0.244,9.972
[1758207017439500298],,,,0.086,-0.247,9.898
[1758207017445174777],,,,-0.132,0.029,9.728
[1758207017451049777],,,,0.014,0.311,9.663
[1758207017456793579],,,,-0.036,-0.323,9.778
[1758207017462538423],,,,-0.034,0.352,10.159
[1758207017468860558],,,,-0.007,-0.177,10.029
[1758207017474634516],,,,0.148,0.189,9.953
[1758207017480473943],,,,-0.124,0.093,9.735
[1758207017486332433],,,,0.06,-0.323,9.663
[1758207017492330402],,,,-0.067,0.433,9.845
[1758207017498784673],,,,0.029,-0.476,9.61
[1758207017505273110],,,,0.091,-0.005,9.816
[1758207017511742329],,,,0.048,0.376,9.811
[1758207017518186548],,,,0.053,-0.476,9.89
[1758207017524650193],,,,-0.127,0.0,9.62
[1758207017531124100],,,,0.22,-0.108,9.84
[1758207017537868787],,,,0.026,-0.599,9.519
[1758207017544348110],,,,0.062,0.232,9.898
[1758207017550884725],,,,0.002,0.259,9.95
[1758207017557427277],,,,-0.06,-0.472,9.622
[1758207017563871027],,,,0.031,0.407,9.859
[1758207017570351339],,,,0.007,0.074,9.878
[1758207017576801964],,,,-0.045,-0.378,9.799
[1758207017583309777],,,,0.014,0.551,9.697
[1758207017589832537],,,,0.067,-0.048,9.89
[1758207017596330870],,,,0.182,-0.06,9.725
[1758207017602800245],,,,0.086,0.316,9.91
[1758207017609243787],,,,0.065,-0.318,9.802
[1758207017615525818],,,,0.108,-0.074,10.077
[1758207017622210454],,,,-0.124,0.409,9.771
[1758207017628648891],,,,0.069,-0.318,9.838
[1758207017635192745],,,,-0.113,0.079,9.637
[1758207017641674256],,,,-0.134,0.314,9.886
[1758207017648172745],,,,0.057,-0.479,9.594
[1758207017654638735],,,,-0.026,0.057,9.706
[1758207017661271495],,,,0.146,0.175,9.555
[1758207017667550298],,,,-0.115,-0.445,9.943
[1758207017674092225],,,,0.067,0.306,9.855
[1758207017680584204],,,,-0.103,-0.086,9.771
[1758207017687396443],,,,0.06,-0.424,9.946
[1758207017693725298],,,,-0.139,0.362,9.771
[1758207017699621287],,,,0.067,0.007,9.948
[1758207017705383006],,,,-0.01,-0.18,9.716
[1758207017711147485],,,,0.048,0.239,9.792
[1758207017716903995],,,,-0.012,-0.45,9.807
[1758207017722675298],,,,0.034,0.431,9.902
[1758207017728503995],,,,0.062,-0.35,9.835
[1758207017734259881],,,,0.079,0.405,9.507
[1758207017740159412],,,,0.022,0.144,9.766
[1758207017745910818],,,,0.055,-0.134,9.742
[1758207017751656339],,,,-0.024,0.453,10.137
[1758207017757442745],,,,0.06,-0.318,9.711
[1758207017763256287],,,,0.036,0.385,9.792
[1758207017769042902],,,,0.05,-0.23,9.838
[1758207017774780714],,,,0.038,0.065,10.022
[1758207017780550662],,,,0.074,-0.022,9.704
[1758207017786348370],,,,0.11,-0.278,9.74
[1758207017792088527],,,,0.05,0.431,9.95
[1758207017798629412],,,,0.237,-0.543,9.541
[1758207017805098422],,,,0.146,0.007,9.919
[1758207017811911443],,,,-0.041,0.278,10.072
[1758207017818333943],,,,0.065,-0.354,9.9
[1758207017824282433],,,,0.065,0.29,9.787
[1758207017831099256],,,,0.081,0.34,9.78
[1758207017837756287],,,,0.235,-0.445,9.697
[1758207017844242172],,,,-0.096,0.326,9.649
[1758207017850802797],,,,0.124,0.036,9.74
[1758207017857251964],,,,0.122,-0.431,9.651
[1758207017863801443],,,,0.196,0.424,9.665
[1758207017870004256],,,,0.053,-0.189,9.881
[1758207017876878475],,,,-0.022,-0.17,9.663
[1758207017883359985],,,,0.096,0.488,9.881
[1758207017889809881],,,,0.055,-0.098,9.919
[1758207017896107797],,,,0.048,-0.412,9.783
[1758207017901852068],,,,-0.014,0.256,10.068
[1758207017907629100],,,,0.089,-0.479,9.919
[1758207017913371079],,,,0.019,0.457,10.051
[1758207017919045818],,,,-0.048,-0.053,9.771
[1758207017924787797],,,,-0.041,0.278,9.943
[1758207017931046652],,,,-0.127,0.357,9.62
[1758207017936914100],,,,-0.127,-0.393,9.637
[1758207017942661652],,,,-0.108,0.417,9.867
[1758207017948474881],,,,0.072,-0.321,10.048
[1758207017954240402],,,,-0.024,0.182,9.912
[1758207017959887641],,,,-0.139,-0.079,9.946
[1758207017965242797],,,,0.014,-0.057,10.036
[1758207017971023943],,,,0.124,0.28,9.828
[1758207017976708683],,,,0.146,-0.314,9.972
[1758207017982423266],,,,0.074,0.316,9.85
[1758207017987932745],,,,0.304,-0.326,9.505
[1758207017993720245],,,,0.034,0.448,9.883
[1758207018000001443],,,,-0.026,-0.045,9.699
[1758207018006518995],,,,-0.048,-0.242,9.89
[1758207018013102797],,,,-0.002,0.335,9.814
[1758207018019160766],,,,0.067,-0.158,9.826
[1758207018025765610],,,,-0.151,-0.079,10.015
[1758207018032555297],,,,0.086,0.385,9.613
[1758207018039010089],,,,0.177,-0.294,10.135
[1758207018045525089],,,,-0.007,0.077,9.821
[1758207018052007329],,,,0.093,0.352,10.096
[1758207018058470922],,,,0.045,-0.584,9.914
[1758207018064733006],,,,0.141,0.067,9.68
[1758207018071299256],,,,0.014,0.211,9.62
[1758207018079217537],,,,-0.122,-0.333,9.811
[1758207018086990506],,,,-0.012,-0.314,9.708
[1758207018093955870],,,,0.045,0.256,9.685
[1758207018099524985],,,,0.067,-0.017,9.996
[1758207018104989204],,,,0.034,0.134,9.797
[1758207018110520454],,,,0.069,0.266,9.73
[1758207018116093527],,,,0.002,-0.23,9.79
[1758207018121528527],,,,-0.139,0.412,9.785
[1758207018127064933],,,,0.12,-0.419,9.701
[1758207018132518058],,,,0.148,0.338,9.732
[1758207018138031391],,,,0.177,-0.503,9.632
[1758207018143847433],,,,0.041,0.271,9.725
[1758207018149640974],,,,0.036,0.041,9.761
[1758207018155720141],,,,0.127,-0.232,9.78
[1758207018161567433],,,,-0.045,0.309,9.797
[1758207018167213058],,,,-0.06,-0.352,9.919
[1758207018173051391],,,,-0.017,0.517,9.785
[1758207018178840193],,,,0.06,-0.065,9.799
[1758207018184571027],,,,-0.108,0.172,9.778
[1758207018190368110],,,,0.101,0.232,9.641
[1758207018196683162],,,,0.153,-0.328,9.663
[1758207018203146339],,,,0.05,0.4,9.589
[1758207018209683370],,,,-0.077,-0.168,9.584
[1758207018216217016],,,,0.108,-0.18,9.78
[1758207018222696599],,,,0.055,0.589,9.852
[1758207018229163266],,,,-0.077,-0.4,10.101
[1758207018235640089],,,,0.096,-0.134,10.015
[1758207018242093422],,,,0.034,0.211,9.967
[1758207018248549516],,,,0.031,-0.352,9.735
[1758207018255014776],,,,0.256,0.283,9.792
[1758207018261589568],,,,0.019,0.5,10.075
[1758207018268072745],,,,0.067,-0.362,9.783
[1758207018274561495],,,,-0.01,0.12,9.565
[1758207018281120089],,,,0.168,0.16,9.776
[1758207018287577120],,,,0.034,-0.409,9.541
[1758207018294047641],,,,0.141,0.441,9.979
[1758207018300473110],,,,0.026,0.18,9.723
[1758207018307096287],,,,0.031,-0.402,9.723
[1758207018313477120],,,,0.024,0.385,9.957
[1758207018320314360],,,,0.036,-0.086,9.603
[1758207018326781860],,,,0.134,-0.498,9.926
[1758207018333245974],,,,-0.007,0.587,9.658
[1758207018339837901],,,,0.005,-0.031,9.713
[1758207018346300141],,,,0.139,-0.306,9.68
[1758207018352830297],,,,-0.053,0.405,9.723
[1758207018359293474],,,,0.067,-0.182,10.025
[1758207018365848735],,,,-0.062,-0.194,9.919
[1758207018372332589],,,,0.127,0.366,10.041
[1758207018378679776],,,,0.115,-0.201,9.929
[1758207018385301443],,,,-0.012,-0.153,9.797
[1758207018392210610],,,,-0.06,0.407,9.72
[1758207018398905558],,,,-0.148,-0.211,9.821
[1758207018405579620],,,,-0.079,0.11,9.931
[1758207018412195662],,,,-0.136,0.362,9.946
[1758207018418947797],,,,-0.108,-0.292,9.697
[1758207018425669568],,,,-0.153,0.093,9.917
[1758207018431762120],,,,-0.184,0.364,9.998
[1758207018438340141],,,,0.029,-0.558,9.701
[1758207018445099256],,,,0.079,-0.156,9.766
[1758207018451597068],,,,0.079,0.45,9.764
[1758207018458048058],,,,-0.129,-0.46,9.79
[1758207018464548370],,,,0.062,0.194,9.914
[1758207018471074672],,,,0.12,0.184,9.661
[1758207018477574568],,,,0.294,-0.594,9.814
[1758207018484104724],,,,0.12,0.211,9.84
[1758207018490557953],,,,0.105,0.136,9.732
[1758207018496722433],,,,0.079,-0.433,9.809
[1758207018502529464],,,,0.005,0.419,9.658
[1758207018508318578],,,,0.012,-0.441,10.017
[1758207018514066183],,,,0.084,0.218,9.776
[1758207018519863631],,,,0.06,0.031,9.606
[1758207018525660297],,,,0.053,-0.043,9.694
[1758207018531410037],,,,0.038,0.232,9.776
[1758207018537174724],,,,0.084,-0.333,9.9
[1758207018542851756],,,,0.067,0.474,9.689
[1758207018548712120],,,,0.117,-0.316,9.598
[1758207018554471339],,,,-0.089,0.108,9.689
[1758207018560275037],,,,0.002,0.139,9.761
[1758207018566049308],,,,0.041,-0.366,9.85
[1758207018571778058],,,,-0.007,0.369,10.008
[1758207018577481078],,,,0.06,-0.481,9.91
[1758207018583260297],,,,0.043,0.496,9.871
[1758207018589259620],,,,0.017,-0.11,9.651
[1758207018594928578],,,,0.11,-0.091,9.929
[1758207018601475974],,,,0.038,0.438,9.888
[1758207018607857641],,,,-0.103,-0.584,9.673
[1758207018614712433],,,,0.038,0.06,9.699
[1758207018621241183],,,,0.151,0.283,10.089
[1758207018627767693],,,,-0.084,-0.52,9.656
[1758207018634244308],,,,0.146,0.385,9.96
[1758207018640612901],,,,0.077,0.256,9.869
[1758207018646917641],,,,0.115,-0.227,9.78
[1758207018653671391],,,,0.074,0.321,9.689
[1758207018660142120],,,,0.122,0.122,9.67
[1758207018666587485],,,,0.067,-0.352,9.68
[1758207018673025870],,,,-0.017,0.529,9.773
[1758207018679758058],,,,0.072,-0.048,9.697
[1758207018686241130],,,,0.053,-0.287,9.78
[1758207018692698839],,,,0.043,0.52,9.744
[1758207018698786808],,,,0.184,-0.194,10.187
[1758207018704585505],,,,0.022,0.017,10.041
[1758207018710423162],,,,-0.007,0.251,9.694
[1758207018716071599],,,,0.079,-0.168,9.859
[1758207018722216443],,,,0.043,0.402,9.766
[1758207018728070245],,,,0.062,-0.493,9.713
[1758207018733360922],,,,-0.146,0.381,9.831
[1758207018739234255],,,,0.103,-0.074,9.878
[1758207018744694516],,,,0.115,0.089,9.744
[1758207018750474776],,,,0.103,0.421,9.883
[1758207018756152224],,,,0.031,-0.306,9.826
[1758207018761868422],,,,-0.014,0.481,9.996
[1758207018767608995],,,,0.055,-0.421,9.816
[1758207018773325245],,,,0.096,0.603,9.653
[1758207018779013162],,,,0.053,-0.225,9.996
[1758207018784934776],,,,-0.103,0.072,9.869
[1758207018790650245],,,,0.012,0.285,9.622
[1758207018796592485],,,,-0.057,-0.199,9.919
[1758207018802983266],,,,-0.022,0.455,9.919
[1758207018809841860],,,,-0.144,-0.177,9.589
[1758207018816469985],,,,-0.036,-0.294,9.761
[1758207018822921183],,,,0.141,0.486,9.78
[1758207018829347849],,,,-0.038,-0.213,9.773
[1758207018835886339],,,,-0.089,0.129,10.041
[1758207018842413318],,,,-0.124,0.407,9.9
[1758207018848859880],,,,0.136,-0.488,10.051
[1758207018856046391],,,,-0.148,-0.352,9.749
[1758207018862532328],,,,-0.005,0.323,9.941
[1758207018868956912],,,,0.089,-0.46,9.867
[1758207018875428422],,,,0.019,-0.124,9.711
[1758207018881925349],,,,-0.074,0.304,10.041
[1758207018888303214],,,,0.0,-0.402,9.821
[1758207018895113682],,,,-0.132,0.113,10.06
[1758207018901701026],,,,-0.132,0.424,9.56
[1758207018908150453],,,,0.012,-0.548,9.804
[1758207018914667901],,,,0.105,0.213,9.764
[1758207018921153162],,,,-0.007,0.165,9.687
[1758207018927967953],,,,-0.014,-0.563,9.459
[1758207018934451912],,,,0.029,0.213,9.953
[1758207018940645505],,,,0.06,0.129,9.716
[1758207018947566807],,,,0.089,-0.618,9.754
[1758207018954038005],,,,0.005,0.189,9.931
[1758207018960061391],,,,0.053,-0.01,9.577
[1758207018966659932],,,,0.06,-0.409,9.953
[1758207018973400662],,,,0.101,0.453,9.768
[1758207018979935610],,,,0.072,-0.096,9.73
[1758207018986346703],,,,0.022,-0.163,9.68
[1758207018992986287],,,,0.026,0.429,9.644
[1758207018999423422],,,,0.077,-0.06,9.744
[1758207019005265453],,,,0.067,-0.204,10.075
[1758207019011000557],,,,0.069,0.297,9.646
[1758207019016738005],,,,0.055,-0.397,9.874
[1758207019022525297],,,,0.026,0.496,9.656
[1758207019028324099],,,,0.115,-0.383,10.12
[1758207019033978110],,,,-0.038,0.192,9.902
[1758207019040077953],,,,0.002,-0.038,9.9
[1758207019045841599],,,,-0.053,-0.17,9.682
[1758207019051503266],,,,-0.031,0.493,10.092
[1758207019057265818],,,,0.022,-0.496,9.756
[1758207019062974307],,,,0.132,0.575,9.737
[1758207019068718057],,,,0.153,-0.261,10.034
[1758207019074473682],,,,0.024,0.0,9.79
[1758207019080286964],,,,0.182,0.086,9.74
[1758207019086019620],,,,0.091,-0.321,9.792
[1758207019091752484],,,,-0.168,0.515,9.811
[1758207019097710297],,,,0.022,-0.596,9.742
[1758207019104086182],,,,0.132,0.268,9.699
[1758207019110788266],,,,0.134,0.426,9.651
[1758207019117407068],,,,0.079,-0.496,9.697
[1758207019123895401],,,,0.055,0.302,9.953
[1758207019130451339],,,,0.117,0.232,9.809
[1758207019136922589],,,,0.036,-0.474,9.797
[1758207019143435193],,,,0.041,0.596,9.72
[1758207019149929828],,,,0.069,0.182,9.749
[1758207019156646026],,,,0.103,-0.378,9.792
[1758207019163318787],,,,0.084,0.606,9.759
[1758207019169817432],,,,0.057,-0.251,9.687
[1758207019176482432],,,,0.093,-0.39,10.053
[1758207019182998005],,,,-0.057,0.481,9.665
[1758207019189532120],,,,0.158,-0.182,10.046
[1758207019196011078],,,,0.184,-0.4,9.685
[1758207019202477693],,,,0.057,0.745,9.764
[1758207019208958370],,,,0.038,-0.577,9.835
[1758207019215427901],,,,-0.01,-0.141,9.955
[1758207019221878943],,,,0.144,0.453,9.991
[1758207019227886703],,,,0.215,-0.699,9.802
[1758207019234412380],,,,0.036,0.235,9.855
[1758207019241360453],,,,-0.01,0.656,9.871
[1758207019247812901],,,,-0.105,-0.711,9.61
[1758207019254283162],,,,0.122,0.184,9.855
[1758207019260600245],,,,-0.01,0.385,9.752
[1758207019267015245],,,,0.136,-0.699,9.639
[1758207019273799724],,,,0.06,0.534,9.792
[1758207019280334151],,,,0.084,0.235,9.507
[1758207019286851807],,,,-0.141,-0.594,9.799
[1758207019293345401],,,,-0.002,0.503,9.764
[1758207019299389047],,,,0.079,0.067,9.941
[1758207019305213422],,,,-0.136,-0.22,9.888
[1758207019311622380],,,,0.034,0.745,10.065
[1758207019317256182],,,,-0.089,-0.728,9.831
[1758207019323014255],,,,-0.055,0.551,9.555
[1758207019329019255],,,,-0.007,-0.11,9.409
[1758207019334861547],,,,-0.124,0.012,9.708
[1758207019340676859],,,,-0.05,0.33,9.584
[1758207019345869984],,,,-0.081,-0.345,9.589
[1758207019351669568],,,,0.103,0.711,9.665
[1758207019357375401],,,,0.146,-0.682,9.936
[1758207019363077849],,,,0.053,0.625,9.917
[1758207019368820609],,,,0.204,-0.328,9.84
[1758207019374504932],,,,0.031,-0.034,9.962
[1758207019380459307],,,,0.005,0.393,9.931
[1758207019386244203],,,,0.017,-0.761,9.867
[1758207019392287432],,,,0.019,0.704,9.807
[1758207019398287120],,,,0.024,-0.749,9.809
[1758207019404703630],,,,0.048,0.002,9.919
[1758207019411579620],,,,-0.019,0.567,9.972
[1758207019418342068],,,,0.093,-0.754,9.938
[1758207019424805141],,,,0.041,-0.105,9.917
[1758207019431398995],,,,-0.115,0.438,9.519
[1758207019437844932],,,,0.105,-0.709,9.943
[1758207019444359776],,,,0.026,0.369,9.926
[1758207019450774047],,,,0.043,0.407,9.704
[1758207019457200453],,,,0.002,-0.678,9.701
[1758207019463788161],,,,0.12,0.316,9.713
[1758207019470291755],,,,-0.062,0.194,9.613
[1758207019476941807],,,,0.287,-0.757,10.003
[1758207019483270661],,,,-0.026,0.69,9.5
[1758207019489929411],,,,0.022,0.208,9.759
[1758207019496798891],,,,-0.074,-0.606,9.5
[1758207019503299411],,,,-0.014,0.496,9.519
[1758207019509666234],,,,0.077,-0.158,9.632
[1758207019516489776],,,,0.041,-0.594,9.807
[1758207019522986286],,,,-0.091,0.563,9.72
[1758207019529505870],,,,0.053,-0.304,9.754
[1758207019536006963],,,,-0.105,-0.534,9.56
[1758207019542664984],,,,-0.048,0.694,9.713
[1758207019549123578],,,,0.105,-0.079,9.991
[1758207019555624307],,,,-0.146,-0.172,9.874
[1758207019562093109],,,,0.103,0.718,9.917
[1758207019568525713],,,,0.077,-0.579,9.967
[1758207019574990245],,,,0.069,0.417,9.752
[1758207019581529463],,,,-0.022,0.682,10.151
[1758207019588023266],,,,0.151,-0.757,9.78
[1758207019594545818],,,,0.122,0.139,9.852
[1758207019600807953],,,,0.069,0.309,9.725
[1758207019606582068],,,,0.098,-0.503,9.718
[1758207019612438943],,,,0.144,0.702,9.78
[1758207019618235088],,,,0.165,-0.441,9.864
[1758207019624032849],,,,0.041,0.065,9.811
[1758207019629677953],,,,0.024,-0.007,9.582
[1758207019635673943],,,,0.141,-0.433,9.802
[1758207019641424255],,,,-0.038,0.821,10.082
[1758207019647173318],,,,0.158,-0.579,9.886
[1758207019652957745],,,,-0.074,0.551,9.79
[1758207019658624516],,,,0.019,-0.371,9.821
[1758207019664630609],,,,0.096,0.11,9.802
[1758207019670068005],,,,0.026,0.433,9.787
[1758207019675924568],,,,0.045,-0.529,9.759
[1758207019681629151],,,,0.019,0.685,9.929
[1758207019687301963],,,,0.022,-0.759,9.701
[1758207019693000036],,,,-0.136,0.685,9.835
[1758207019698743474],,,,0.172,-0.335,9.658
[1758207019705211286],,,,0.139,-0.067,9.924
[1758207019712095088],,,,-0.103,0.639,9.881
[1758207019718778891],,,,0.022,-0.347,9.728
[1758207019725082693],,,,-0.019,-0.069,10.015
[1758207019732334932],,,,-0.057,0.637,10.02
[1758207019739293422],,,,-0.074,-0.287,9.792
[1758207019745790036],,,,-0.108,-0.347,9.68
[1758207019752334880],,,,-0.268,0.625,9.998
[1758207019758418838],,,,-0.017,-0.754,9.816
[1758207019765014047],,,,0.002,-0.129,10.032
[1758207019771627849],,,,-0.129,0.342,9.701
[1758207019778145922],,,,0.103,-0.735,9.847
[1758207019784533422],,,,-0.127,0.299,9.953
[1758207019791450922],,,,-0.007,0.508,9.735
[1758207019797940922],,,,-0.134,-0.649,9.905
[1758207019804640453],,,,-0.113,0.433,9.819
[1758207019811213890],,,,0.022,0.488,9.701
[1758207019817665922],,,,-0.141,-0.651,9.85
[1758207019824274672],,,,-0.11,0.385,9.699
[1758207019831092484],,,,0.045,0.474,9.706
[1758207019837574828],,,,0.045,-0.62,9.584
[1758207019844074672],,,,0.122,0.227,9.943
[1758207019850544359],,,,-0.007,0.251,9.843
[1758207019857056703],,,,-0.067,-0.814,9.349
[1758207019863570974],,,,0.024,0.515,9.708
[1758207019870061547],,,,-0.038,0.29,9.704
[1758207019876559568],,,,0.093,-0.536,9.73
[1758207019883039828],,,,0.134,0.51,9.766
[1758207019889590765],,,,-0.038,-0.225,9.651
[1758207019896050088],,,,0.022,-0.548,10.036
[1758207019902284151],,,,-0.17,0.634,9.675
[1758207019907959203],,,,0.16,-0.603,9.677
[1758207019913868265],,,,0.168,0.036,9.665
[1758207019919779515],,,,-0.069,0.314,9.531
[1758207019925533370],,,,0.031,-0.373,9.955
[1758207019931317640],,,,0.081,0.486,10.211
[1758207019937110713],,,,0.036,-0.577,9.804
[1758207019942924776],,,,0.139,0.421,9.797
[1758207019948714984],,,,0.139,-0.369,9.881
[1758207019954371651],,,,-0.036,0.041,9.876
[1758207019959952224],,,,0.096,0.359,9.613
[1758207019965830088],,,,0.11,-0.328,9.78
[1758207019971691130],,,,0.002,0.86,10.082
[1758207019977383630],,,,0.055,-0.594,9.867
[1758207019983229984],,,,0.103,0.601,9.62
[1758207019988729411],,,,0.096,-0.445,9.912
[1758207019994294828],,,,0.024,0.156,10.051
[1758207020000259672],,,,0.074,0.352,9.582
[1758207020006679255],,,,0.153,-0.725,9.785
[1758207020013461599],,,,0.213,0.297,9.857
[1758207020020154776],,,,0.091,0.263,9.785
[1758207020026620922],,,,0.117,-0.599,9.924
[1758207020033109724],,,,0.057,0.752,9.819
[1758207020039641026],,,,0.247,0.12,9.79
[1758207020046205453],,,,0.079,-0.316,9.843
[1758207020052669515],,,,0.072,0.682,9.546
[1758207020059111703],,,,0.093,-0.17,9.795
[1758207020065558109],,,,0.108,-0.417,9.785
[1758207020072010922],,,,0.151,0.673,9.713
[1758207020078521599],,,,-0.084,-0.577,9.878
[1758207020084457797],,,,-0.148,0.395,9.934
[1758207020091126963],,,,0.057,0.529,9.787
[1758207020097860817],,,,0.034,-0.601,10.108
[1758207020104389880],,,,-0.101,0.275,9.771
[1758207020111194411],,,,0.034,0.491,9.85
[1758207020118042224],,,,-0.144,-0.558,10.084
[1758207020125579047],,,,-0.151,-0.041,9.627
[1758207020132572849],,,,-0.062,0.713,9.893
[1758207020138856182],,,,0.01,-0.101,9.673
[1758207020145664203],,,,0.134,-0.163,9.78
[1758207020152130609],,,,-0.089,0.608,9.957
[1758207020158592640],,,,0.151,-0.479,9.649
[1758207020165088838],,,,-0.031,-0.239,9.584
[1758207020171026078],,,,0.12,0.505,9.852
[1758207020177685557],,,,0.029,-0.84,9.735
[1758207020184518838],,,,-0.151,0.034,9.74
[1758207020191102380],,,,-0.072,0.52,9.828
[1758207020197614411],,,,0.122,-0.919,9.766
[1758207020203994724],,,,0.093,0.103,9.946
[1758207020210604932],,,,-0.036,0.268,9.883
[1758207020217069619],,,,-0.096,-0.764,9.582
[1758207020223760765],,,,-0.012,0.577,9.965
[1758207020230362588],,,,-0.098,0.306,9.55
[1758207020236631651],,,,-0.132,-0.488,9.728
[1758207020243182797],,,,-0.014,0.359,9.737
[1758207020250040349],,,,0.115,0.316,9.816
[1758207020256509047],,,,-0.132,-0.464,9.867
[1758207020263030713],,,,0.113,0.541,9.713
[1758207020269548734],,,,0.096,-0.294,9.541
[1758207020275926494],,,,0.0,-0.4,9.89
[1758207020282578630],,,,-0.208,0.603,9.878
[1758207020288920036],,,,0.041,-0.373,9.67
[1758207020295449255],,,,0.036,-0.242,9.78
[1758207020301997067],,,,-0.124,0.697,9.658
[1758207020307762901],,,,-0.005,-0.589,9.618
[1758207020313522849],,,,0.247,0.342,9.893
[1758207020319356494],,,,0.098,0.096,9.941
[1758207020325042224],,,,-0.055,-0.407,9.914
[1758207020330962797],,,,-0.062,0.599,9.943
[1758207020336684724],,,,-0.022,-0.515,9.84
[1758207020342347276],,,,0.017,0.646,9.517
[1758207020348231755],,,,0.244,-0.323,9.869
[1758207020354016807],,,,0.086,0.086,9.974
[1758207020359808838],,,,0.182,0.263,9.79
[1758207020365548578],,,,0.129,-0.342,9.811
[1758207020371287015],,,,0.122,0.742,9.986
[1758207020377020453],,,,0.278,-0.541,9.919
[1758207020382773786],,,,0.045,0.706,9.902
[1758207020388559724],,,,0.151,-0.29,9.783
[1758207020394212953],,,,0.132,-0.045,9.91
[1758207020400147796],,,,0.273,0.146,9.826
[1758207020406528474],,,,0.304,-0.575,9.85
[1758207020413315974],,,,0.093,0.522,9.62
[1758207020419797484],,,,0.196,0.158,9.629
[1758207020426518630],,,,0.227,-0.388,9.61
[1758207020432722536],,,,0.01,0.51,9.718
[1758207020439332067],,,,0.239,-0.093,9.531
[1758207020446124828],,,,0.124,-0.438,9.917
[1758207020452569567],,,,0.06,0.529,9.857
[1758207020459003838],,,,0.11,-0.113,10.065
[1758207020465238474],,,,0.002,-0.089,9.962
[1758207020472081390],,,,0.206,0.488,9.548
[1758207020478582953],,,,0.139,-0.388,9.543
[1758207020485042796],,,,0.034,-0.156,9.912
[1758207020491897432],,,,0.105,0.534,10.06
[1758207020498598474],,,,0.108,-0.587,10.034
[1758207020505435296],,,,-0.144,-0.031,9.845
[1758207020512110505],,,,0.024,0.498,10.072
[1758207020518508369],,,,-0.108,-0.424,9.936
[1758207020525195296],,,,-0.053,-0.187,9.802
[1758207020531926599],,,,0.062,0.309,9.907
[1758207020538385974],,,,0.01,-0.45,9.931
[1758207020544871390],,,,-0.074,-0.328,9.926
[1758207020551465036],,,,-0.036,0.424,9.809
[1758207020557914932],,,,0.029,-0.462,10.044
[1758207020564321182],,,,-0.041,0.007,9.79
[1758207020570763994],,,,0.043,0.302,10.056
[1758207020577117588],,,,-0.022,-0.599,9.697
[1758207020583689828],,,,-0.036,0.405,9.586
[1758207020590198578],,,,-0.096,0.273,9.72
[1758207020597098421],,,,-0.072,-0.646,9.565
[1758207020603263838],,,,0.012,0.357,9.641
[1758207020609158786],,,,-0.177,-0.093,9.699
[1758207020614946703],,,,-0.184,-0.225,9.663
[1758207020620813057],,,,-0.165,0.453,10.02
[1758207020626669463],,,,-0.096,-0.577,9.752
[1758207020632442171],,,,-0.002,0.381,9.881
[1758207020638165609],,,,-0.038,-0.397,10.01
[1758207020643778421],,,,-0.302,-0.096,9.874
[1758207020649342692],,,,0.022,-0.153,9.515
[1758207020655045869],,,,-0.153,-0.376,9.816
[1758207020660932119],,,,-0.101,0.51,9.867
[1758207020666740453],,,,-0.168,-0.503,9.634
[1758207020672444098],,,,-0.153,0.484,9.938
[1758207020678117588],,,,-0.045,-0.321,10.072
[1758207020683790869],,,,0.129,0.366,9.917
[1758207020689502067],,,,-0.141,0.002,10.029
[1758207020695233578],,,,-0.005,-0.333,9.685
[1758207020700805973],,,,-0.122,0.335,9.51
[1758207020707256859],,,,-0.036,-0.476,9.584
[1758207020713321494],,,,-0.005,0.338,9.835
[1758207020719535817],,,,0.177,0.215,9.957
[1758207020725775453],,,,-0.002,-0.194,9.855
[1758207020732764671],,,,0.089,0.589,9.5
[1758207020739253369],,,,0.139,-0.287,10.022
[1758207020745717640],,,,0.093,-0.273,9.632
[1758207020752172067],,,,0.005,0.496,9.787
[1758207020758630348],,,,0.165,-0.113,9.955
[1758207020765057484],,,,0.096,-0.144,9.886
[1758207020771400817],,,,0.144,0.414,10.008
[1758207020777855609],,,,0.151,-0.373,9.914
[1758207020784035765],,,,0.211,0.294,9.579
[1758207020790420140],,,,0.239,0.204,9.589
[1758207020796756807],,,,0.213,-0.438,9.682
[1758207020803676338],,,,0.041,0.441,9.713
[1758207020810294671],,,,0.354,0.364,9.802
[1758207020816702692],,,,0.206,-0.448,9.586
[1758207020823198005],,,,0.103,0.553,9.51
[1758207020829726546],,,,0.093,0.311,9.823
[1758207020836252015],,,,0.079,-0.338,9.608
[1758207020842690973],,,,0.084,0.625,9.773
[1758207020848722536],,,,0.11,-0.086,9.608
[1758207020855266442],,,,0.172,-0.146,9.924
[1758207020862636911],,,,0.139,0.565,9.591
[1758207020869637640],,,,0.072,-0.026,9.646
[1758207020876310921],,,,0.065,-0.381,9.543
[1758207020883066546],,,,0.117,0.469,9.852
[1758207020888943525],,,,0.201,0.045,9.713
[1758207020895835192],,,,0.127,-0.414,9.658
[1758207020902498057],,,,-0.148,0.603,9.768
[1758207020908962328],,,,-0.136,-0.084,9.704
[1758207020915308317],,,,0.141,-0.35,9.809
[1758207020921580869],,,,-0.007,0.397,9.72
[1758207020927945296],,,,0.05,-0.558,10.113
[1758207020934212432],,,,-0.091,-0.067,9.85
[1758207020940966494],,,,-0.041,0.326,9.881
[1758207020947454255],,,,-0.098,-0.675,9.898
[1758207020953791025],,,,-0.086,0.378,9.943
[1758207020959813265],,,,-0.204,0.038,9.838
[1758207020966483317],,,,-0.096,-0.543,9.73
[1758207020972571234],,,,-0.105,0.601,9.613
[1758207020979258005],,,,-0.117,-0.014,9.912
[1758207020986024255],,,,-0.005,-0.206,9.608
[1758207020992417275],,,,-0.074,0.455,9.675
[1758207020998713942],,,,-0.12,-0.421,10.015
[1758207021005445453],,,,-0.189,-0.441,9.742
[1758207021012220400],,,,-0.065,0.373,10.274
[1758207021018662015],,,,-0.103,-0.46,10.204
[1758207021025196859],,,,-0.242,-0.113,9.694
[1758207021031703942],,,,-0.065,0.165,10.058
[1758207021038164359],,,,-0.163,-0.529,9.931
[1758207021044680348],,,,-0.153,0.117,9.756
[1758207021051243577],,,,-0.06,0.299,9.864
[1758207021057697796],,,,0.086,-0.371,9.869
[1758207021064060505],,,,-0.108,0.184,10.027
[1758207021070452952],,,,-0.002,0.299,9.646
[1758207021076979255],,,,0.127,-0.512,9.591
[1758207021083773421],,,,-0.043,0.424,9.907
[1758207021090433525],,,,-0.043,0.527,9.522
[1758207021096994723],,,,0.062,-0.462,9.795
[1758207021103642900],,,,-0.005,0.294,9.651
[1758207021109453890],,,,0.124,0.218,9.519
[1758207021115263525],,,,0.093,-0.431,9.766
[1758207021120937380],,,,0.215,0.436,9.706
[1758207021126559411],,,,0.108,-0.366,9.986
[1758207021132352692],,,,0.196,0.555,9.778
[1758207021138061807],,,,0.223,-0.429,9.852
[1758207021143943057],,,,0.201,0.232,9.761
[1758207021149652223],,,,0.333,0.184,9.519
[1758207021155533369],,,,0.283,-0.294,9.618
[1758207021161219723],,,,0.158,0.591,10.005
[1758207021166842640],,,,0.371,-0.376,9.685
[1758207021172660609],,,,0.151,0.541,9.759
[1758207021178475661],,,,0.168,-0.158,9.706
[1758207021184417223],,,,0.204,-0.093,10.07
[1758207021190005348],,,,0.402,0.316,9.716
[1758207021195488421],,,,0.194,-0.385,9.934
[1758207021201059619],,,,0.177,0.608,9.957
[1758207021207389359],,,,0.225,-0.419,9.615
[1758207021213712848],,,,0.156,0.311,9.893
[1758207021220220244],,,,0.177,0.314,9.766
[1758207021226723109],,,,0.168,-0.484,9.787
[1758207021233036546],,,,0.165,0.472,9.608
[1758207021239735505],,,,0.024,0.024,9.742
[1758207021246343682],,,,0.206,-0.405,9.766
[1758207021253131182],,,,0.103,0.323,9.373
[1758207021259614567],,,,0.045,-0.148,9.668
[1758207021266133942],,,,0.069,-0.555,9.62
[1758207021272600348],,,,0.287,0.579,9.84
[1758207021279043577],,,,0.421,-0.134,9.764
[1758207021285491129],,,,0.026,-0.385,9.833
[1758207021291751494],,,,0.12,0.34,9.986
[1758207021298366598],,,,0.048,-0.512,9.893
[1758207021305083629],,,,-0.091,-0.29,9.759
[1758207021311613265],,,,-0.103,0.548,9.919
[1758207021318106754],,,,-0.153,-0.385,9.862
[1758207021324604254],,,,-0.036,0.038,9.912
[1758207021331144463],,,,-0.194,0.424,9.869
[1758207021337414879],,,,-0.098,-0.548,9.771
[1758207021344055609],,,,-0.225,-0.098,9.953
[1758207021350615140],,,,-0.153,0.127,9.57
[1758207021357146546],,,,-0.122,-0.543,9.948
[1758207021363795088],,,,-0.223,0.249,9.89
[1758207021370181963],,,,-0.196,0.196,9.752
[1758207021376642119],,,,-0.18,-0.462,9.823
[1758207021383178421],,,,-0.177,0.187,9.622
[1758207021389937171],,,,-0.103,-0.144,9.811
[1758207021396409202],,,,-0.158,-0.522,9.888
[1758207021403074254],,,,-0.177,0.402,9.871
[1758207021409832640],,,,-0.206,0.105,9.574
[1758207021416295817],,,,-0.232,-0.5,9.737
[1758207021422760244],,,,-0.254,0.486,9.807
[1758207021429210036],,,,-0.211,-0.302,10.001
[1758207021435795452],,,,-0.084,-0.347,9.886
[1758207021442295400],,,,-0.108,0.503,9.761
[1758207021448723525],,,,0.014,-0.108,9.869
[1758207021455306494],,,,-0.134,0.038,9.656
[1758207021461832640],,,,-0.007,0.582,10.082
[1758207021468324567],,,,0.139,-0.393,9.708
[1758207021474792484],,,,0.005,-0.108,9.917
[1758207021481336181],,,,0.017,0.371,9.821
[1758207021487792536],,,,0.239,-0.407,9.874
[1758207021494188056],,,,0.22,0.201,9.728
[1758207021500852327],,,,0.103,0.484,9.852
[1758207021506904931],,,,0.206,-0.548,9.515
[1758207021512597223],,,,0.211,0.433,9.718
[1758207021518316129],,,,0.151,0.024,9.833
[1758207021524178109],,,,0.072,0.34,10.017
[1758207021529856494],,,,0.285,0.247,9.742
[1758207021535489098],,,,0.347,-0.354,9.675
[1758207021541121546],,,,0.304,0.306,9.505
[1758207021546713421],,,,0.292,-0.455,9.661
[1758207021552539098],,,,0.208,0.402,10.125
[1758207021558575036],,,,0.321,0.036,9.625
[1758207021564388317],,,,0.213,-0.084,9.804
[1758207021570183734],,,,0.23,0.364,9.73
[1758207021576083890],,,,0.259,-0.433,9.706
[1758207021581840765],,,,0.271,0.601,9.847
[1758207021587862692],,,,0.385,-0.182,9.673
[1758207021593606963],,,,0.148,0.285,10.13
[1758207021599393890],,,,0.347,0.038,9.735
[1758207021605117692],,,,0.208,-0.235,9.922
[1758207021611631077],,,,0.136,0.534,9.538
[1758207021618058629],,,,0.072,-0.469,9.826
[1758207021624585556],,,,0.271,0.105,9.565
[1758207021630903161],,,,0.168,0.448,9.862
[1758207021637308473],,,,0.072,-0.505,9.713
[1758207021643849723],,,,0.069,0.309,9.957
[1758207021650236963],,,,-0.024,0.146,9.713
[1758207021656973994],,,,0.022,-0.625,9.926
[1758207021663375140],,,,-0.05,0.184,9.934
[1758207021670096702],,,,-0.117,0.134,9.459
[1758207021676313421],,,,0.045,-0.532,9.697
[1758207021682644619],,,,-0.029,0.472,9.507
[1758207021689386286],,,,-0.113,-0.005,9.227
[1758207021696211494],,,,-0.031,-0.508,9.984
[1758207021702683317],,,,-0.268,0.484,9.835
[1758207021709097223],,,,-0.041,0.019,9.761
[1758207021715598056],,,,-0.23,-0.395,10.001
[1758207021722082744],,,,-0.194,0.393,9.852
[1758207021728478108],,,,-0.156,-0.259,10.01
[1758207021734831494],,,,-0.259,-0.122,10.087
[1758207021741233317],,,,-0.23,0.385,9.914
[1758207021747666338],,,,-0.168,-0.543,9.924
[1758207021754182536],,,,-0.189,0.101,9.787
[1758207021760993421],,,,-0.302,0.211,9.711
[1758207021767603577],,,,-0.211,-0.498,10.048
[1758207021774216390],,,,-0.304,0.17,9.838
[1758207021780999202],,,,-0.208,0.412,9.507
[1758207021787447379],,,,-0.048,-0.381,10.099
[1758207021793890400],,,,-0.232,0.218,9.867
[1758207021800353681],,,,-0.072,0.314,9.574
[1758207021806485661],,,,-0.053,-0.385,9.378
[1758207021812058942],,,,-0.053,0.532,9.625
[1758207021817671233],,,,-0.024,-0.369,9.778
[1758207021823309619],,,,-0.165,0.148,9.766
[1758207021829164254],,,,-0.045,0.141,9.737
[1758207021834823838],,,,-0.057,-0.223,9.785
[1758207021840615869],,,,0.096,0.309,9.874
[1758207021846312483],,,,0.18,-0.453,9.785
[1758207021851944098],,,,0.196,0.515,9.816
[1758207021857653942],,,,0.263,-0.326,9.859
[1758207021863308629],,,,0.232,0.345,9.838
[1758207021869576233],,,,0.247,0.256,9.759
[1758207021875230556],,,,0.077,-0.304,9.622
[1758207021880875869],,,,0.254,0.587,9.601
[1758207021886503421],,,,0.299,-0.397,9.493
[1758207021891723890],,,,0.239,0.622,9.857
[1758207021897268004],,,,0.237,-0.302,9.953
[1758207021903128629],,,,0.211,0.388,9.716
[1758207021909416181],,,,0.259,0.036,9.785
[1758207021915861285],,,,0.163,-0.263,9.934
[1758207021922389619],,,,0.323,0.548,9.768
[1758207021928818213],,,,0.306,0.074,9.579
[1758207021936063421],,,,0.316,-0.369,9.764
[1758207021942137483],,,,0.204,0.481,9.742
[1758207021948901598],,,,0.412,0.002,9.708
[1758207021955204410],,,,0.232,-0.103,9.955
[1758207021961587275],,,,0.244,0.512,9.828
[1758207021968317692],,,,0.311,-0.22,9.821
[1758207021974973525],,,,0.156,-0.218,9.831
[1758207021981512275],,,,0.235,0.433,10.058
[1758207021988311181],,,,0.194,-0.335,9.828
[1758207021994774254],,,,0.12,0.086,9.823
[1758207022001280244],,,,0.158,0.448,9.771
[1758207022007767900],,,,0.091,-0.503,9.893
[1758207022013868473],,,,0.0,0.273,10.036
[1758207022020425921],,,,-0.017,0.266,9.74
[1758207022026648369],,,,-0.148,-0.579,9.922
[1758207022033363160],,,,-0.034,0.005,9.902
[1758207022040085296],,,,-0.084,0.187,9.613
[1758207022046451494],,,,-0.124,-0.484,9.704
[1758207022052968681],,,,-0.184,0.548,9.431
[1758207022059618577],,,,-0.132,-0.11,9.412
[1758207022066286494],,,,-0.146,-0.534,9.771
[1758207022072510088],,,,-0.089,0.33,9.72
[1758207022079029254],,,,-0.211,-0.294,9.895
[1758207022085581963],,,,-0.268,-0.474,9.936
[1758207022091803317],,,,-0.017,0.306,10.08
[1758207022098119098],,,,-0.441,-0.505,10.082
[1758207022105070192],,,,-0.402,-0.136,9.606
[1758207022111674254],,,,-0.297,0.364,9.876
[1758207022118127744],,,,-0.192,-0.587,9.931
[1758207022124614671],,,,-0.244,-0.026,9.96
[1758207022130320504],,,,-0.029,0.4,9.926
[1758207022136716962],,,,-0.163,-0.622,9.778
[1758207022143383473],,,,-0.29,0.323,10.046
[1758207022150254358],,,,-0.196,0.065,9.89
[1758207022156509254],,,,0.038,-0.484,9.708
[1758207022162829410],,,,-0.017,0.496,10.417
[1758207022169408837],,,,-0.431,0.132,9.716
[1758207022175869879],,,,-0.022,-0.242,9.764
[1758207022182179150],,,,0.12,0.577,9.407
[1758207022188917067],,,,-0.086,-0.048,9.685
[1758207022195398525],,,,-0.067,-0.33,9.436
[1758207022202163160],,,,0.189,0.591,9.606
[1758207022208461858],,,,0.043,-0.067,9.912
[1758207022214125817],,,,0.16,-0.144,10.025
[1758207022219885504],,,,0.067,0.158,9.5
[1758207022225429202],,,,0.153,-0.309,9.677
[1758207022231054775],,,,0.218,0.555,9.831
[1758207022236913369],,,,0.429,-0.575,9.606
[1758207022242711858],,,,0.196,0.543,9.752
[1758207022248453212],,,,0.251,0.105,9.785
[1758207022254124671],,,,0.074,0.227,9.651
[1758207022259943421],,,,0.215,0.302,9.883
[1758207022265587692],,,,0.256,-0.199,9.941
[1758207022271332587],,,,0.242,0.608,9.895
[1758207022277072379],,,,0.335,-0.421,9.656
[1758207022282817900],,,,0.091,0.455,9.735
[1758207022288383056],,,,0.273,0.045,9.697
[1758207022293975244],,,,0.189,0.153,9.792
[1758207022299834254],,,,0.287,0.278,9.646
[1758207022305986077],,,,0.34,-0.321,9.747
[1758207022312437587],,,,0.242,0.711,9.74
[1758207022318972171],,,,0.225,0.034,9.759
[1758207022325662171],,,,0.352,-0.065,9.629
[1758207022332132587],,,,0.247,0.603,9.725
[1758207022338578212],,,,0.273,-0.158,9.828
[1758207022345065556],,,,0.22,-0.201,9.871
[1758207022351515504],,,,0.153,0.397,9.85
[1758207022358045973],,,,0.287,-0.323,9.898
[1758207022364218473],,,,0.139,-0.065,9.926
[1758207022370734671],,,,0.108,0.192,9.871
[1758207022377727848],,,,0.113,-0.601,10.106
[1758207022384345296],,,,-0.053,-0.069,9.938
[1758207022391189358],,,,-0.029,0.5,10.015
[1758207022397681702],,,,0.148,-0.515,9.838
[1758207022404039046],,,,-0.113,-0.156,9.965
[1758207022410312535],,,,-0.144,0.275,9.723
[1758207022416479775],,,,-0.136,-0.503,9.699
[1758207022422896546],,,,-0.065,0.429,9.692
[1758207022429097379],,,,-0.069,-0.026,9.649
[1758207022435384827],,,,-0.225,-0.409,9.706
[1758207022441787952],,,,-0.182,0.373,10.032
[1758207022448636233],,,,-0.227,-0.266,9.886
[1758207022455109567],,,,-0.11,-0.026,9.917
[1758207022461608317],,,,-0.333,0.381,10.001
[1758207022468065452],,,,-0.249,-0.563,9.764
[1758207022474556181],,,,-0.292,-0.232,9.902
[1758207022480874254],,,,-0.278,0.218,9.862
[1758207022487249358],,,,-0.302,-0.524,9.855
[1758207022493807275],,,,-0.204,0.01,10.013
[1758207022500466077],,,,-0.227,0.251,9.876
[1758207022506671650],,,,-0.23,-0.692,9.768
[1758207022513219567],,,,-0.299,0.378,9.9
[1758207022519827223],,,,-0.093,0.273,9.507
[1758207022526570556],,,,-0.031,-0.405,9.725
[1758207022532891754],,,,-0.263,0.508,9.89
[1758207022539237171],,,,-0.184,0.067,9.68
[1758207022545973264],,,,-0.038,-0.352,9.673
[1758207022552415244],,,,0.045,0.438,9.711
[1758207022558743056],,,,-0.007,-0.136,9.565
[1758207022564961337],,,,0.175,-0.196,9.938
[1758207022571647952],,,,0.055,0.532,9.708
[1758207022578034775],,,,0.335,-0.426,10.06
[1758207022584450556],,,,0.12,0.199,10.06
[1758207022591117014],,,,0.294,0.316,10.082
[1758207022597909254],,,,0.232,-0.244,9.835
[1758207022604377379],,,,0.242,0.419,9.785
[1758207022610386806],,,,0.33,0.596,9.747
[1758207022616015608],,,,0.45,-0.199,9.639
[1758207022621734410],,,,0.302,0.718,9.658
[1758207022627474879],,,,0.354,-0.136,9.855
[1758207022633214254],,,,0.359,0.555,9.852
[1758207022638736181],,,,0.294,0.146,9.677
[1758207022644354462],,,,0.294,-0.007,9.955
[1758207022650330348],,,,0.369,0.555,10.001
[1758207022656429358],,,,0.357,-0.402,9.795
[1758207022662468264],,,,0.318,0.362,9.579
[1758207022668230452],,,,0.5,-0.213,9.931
[1758207022674022119],,,,0.22,0.041,9.708
[1758207022679828473],,,,0.278,0.297,9.634
[1758207022685630452],,,,0.39,-0.371,9.855
[1758207022691417691],,,,0.235,0.515,9.934
[1758207022697054202],,,,0.443,-0.314,9.828
[1758207022702607952],,,,0.29,0.385,9.73
[1758207022708332014],,,,0.448,-0.364,9.761
[1758207022714684514],,,,0.158,0.005,9.778
[1758207022721574566],,,,0.273,0.316,9.785
[1758207022728157848],,,,0.101,-0.522,9.776
[1758207022734637431],,,,0.115,-0.055,9.538
[1758207022741134671],,,,0.055,0.39,10.36
[1758207022747748994],,,,-0.12,-0.565,9.902
[1758207022754217796],,,,-0.029,-0.072,10.013
[1758207022760626858],,,,-0.062,0.062,9.843
[1758207022767158264],,,,-0.077,-0.441,9.867
[1758207022773741025],,,,-0.18,0.168,9.735
[1758207022780308733],,,,-0.225,0.357,9.78
[1758207022786680035],,,,-0.201,-0.474,9.515
[1758207022793376598],,,,-0.218,0.146,9.883
[1758207022799968993],,,,-0.306,0.017,9.998
[1758207022806767848],,,,-0.311,-0.529,10.104
[1758207022813124306],,,,-0.419,0.129,9.728
[1758207022819922066],,,,-0.211,0.103,9.809
[1758207022826348316],,,,-0.445,-0.486,9.697
[1758207022832752691],,,,-0.417,0.311,9.665
[1758207022839149983],,,,-0.359,-0.283,9.838
[1758207022845647118],,,,-0.254,-0.326,9.725
[1758207022852350660],,,,-0.223,0.34,9.764
[1758207022858801129],,,,-0.211,-0.199,9.85
[1758207022865276285],,,,-0.385,-0.445,9.859
[1758207022871638108],,,,-0.218,0.409,9.823
[1758207022878129723],,,,-0.084,-0.39,9.711
[1758207022884814046],,,,-0.204,-0.086,9.95
[1758207022891234671],,,,-0.168,0.505,9.924
[1758207022897726962],,,,-0.132,-0.259,10.096
[1758207022904262952],,,,-0.146,0.278,9.692
[1758207022910519254],,,,0.024,0.565,10.044
[1758207022916293577],,,,-0.01,-0.476,9.74
[1758207022921983577],,,,-0.093,0.606,9.713
[1758207022927727379],,,,0.144,-0.218,10.056
[1758207022933567431],,,,0.019,0.23,9.838
[1758207022939386598],,,,0.184,0.204,9.55
[1758207022945065608],,,,0.22,-0.244,9.692
[1758207022950829254],,,,0.244,0.553,9.723
[1758207022956493108],,,,0.302,-0.529,9.804
[1758207022962240504],,,,0.139,0.524,9.886
[1758207022967764775],,,,0.218,-0.175,9.979
[1758207022973392171],,,,0.311,0.352,10.147
[1758207022979121858],,,,0.194,0.074,9.673
[1758207022985209723],,,,0.321,-0.122,9.735
[1758207022991004358],,,,0.474,0.52,9.663
[1758207022996890868],,,,0.359,-0.532,9.72
[1758207023002612535],,,,0.431,0.414,9.749
[1758207023008324879],,,,0.412,0.117,9.754
[1758207023015100035],,,,0.369,-0.29,9.89
[1758207023021640764],,,,0.395,0.474,9.598
[1758207023028564723],,,,0.453,-0.304,9.752
[1758207023034930764],,,,0.194,-0.12,9.699
[1758207023041731077],,,,0.342,0.541,9.883
[1758207023048214150],,,,0.338,-0.302,9.823
[1758207023054698629],,,,0.115,0.029,9.615
[1758207023061338993],,,,0.299,0.575,10.044
[1758207023067688681],,,,0.218,-0.472,9.785
[1758207023074265452],,,,0.115,0.041,9.744
[1758207023080655660],,,,0.002,0.369,10.345
[1758207023087408420],,,,0.177,-0.599,9.529
[1758207023093908004],,,,0.129,-0.012,10.245
[1758207023100322952],,,,0.007,0.345,9.948
[1758207023107110608],,,,0.045,-0.57,9.737
[1758207023114013264],,,,-0.086,-0.096,9.85
[1758207023120601025],,,,-0.254,0.16,9.596
[1758207023127124254],,,,-0.275,-0.484,9.862
[1758207023133735400],,,,-0.168,0.251,9.519
[1758207023140221129],,,,-0.115,0.292,9.754
[1758207023146845712],,,,-0.177,-0.539,9.855
[1758207023153298785],,,,-0.239,0.251,9.79
[1758207023159889827],,,,-0.268,0.045,9.823
[1758207023166637327],,,,-0.285,-0.587,9.761
[1758207023173122014],,,,-0.306,0.141,9.764
[1758207023179614983],,,,-0.297,0.117,9.929
[1758207023186128368],,,,-0.438,-0.611,9.74
[1758207023192673212],,,,-0.271,0.357,9.823
[1758207023199860452],,,,-0.431,0.053,9.809
[1758207023206468108],,,,-0.172,-0.534,9.778
[1758207023212532639],,,,-0.175,0.453,10.099
[1758207023218507014],,,,-0.268,-0.261,9.668
[1758207023224253577],,,,-0.304,-0.129,10.111
[1758207023229892691],,,,-0.369,0.364,10.017
[1758207023235784202],,,,-0.177,-0.345,9.831
[1758207023241568316],,,,-0.23,0.503,10.07
[1758207023247316910],,,,-0.242,-0.326,9.993
[1758207023253082639],,,,-0.031,0.237,9.914
[1758207023258785452],,,,-0.014,-0.122,9.685
[1758207023264570764],,,,-0.11,-0.036,9.867
[1758207023270345295],,,,-0.014,0.333,10.02
[1758207023276057743],,,,-0.065,-0.591,9.68
[1758207023281916597],,,,0.271,0.318,9.778
[1758207023287730243],,,,0.091,-0.247,9.706
[1758207023293496337],,,,0.065,0.01,9.953
[1758207023299384931],,,,0.275,0.314,9.833
[1758207023305156962],,,,0.215,-0.5,9.807
[1758207023311065295],,,,0.263,0.474,9.594
[1758207023316855452],,,,0.371,-0.352,9.577
[1758207023322630816],,,,0.215,0.539,9.661
[1758207023328378368],,,,0.297,0.16,9.644
[1758207023334086233],,,,0.225,0.29,9.867
[1758207023339873420],,,,0.239,0.323,9.902
[1758207023345653785],,,,0.436,-0.251,9.922
[1758207023351394879],,,,0.232,0.606,9.924
[1758207023357260295],,,,0.342,-0.168,9.912
[1758207023362982952],,,,0.383,0.426,9.57
[1758207023368775087],,,,0.345,0.11,9.728
[1758207023374788472],,,,0.385,-0.237,9.816
[1758207023380642066],,,,0.378,0.613,10.068
[1758207023386670920],,,,0.436,-0.352,9.886
[1758207023392428316],,,,0.22,0.34,9.704
[1758207023398217847],,,,0.378,-0.172,9.977
[1758207023404003212],,,,0.215,0.077,9.692
[1758207023409841545],,,,0.302,0.333,9.641
[1758207023415482743],,,,0.328,-0.443,9.871
[1758207023421236597],,,,0.194,0.532,9.857
[1758207023426469618],,,,0.184,-0.589,9.795
[1758207023432209514],,,,0.407,0.448,9.728
[1758207023437718056],,,,0.237,-0.285,9.96
[1758207023443423056],,,,0.196,0.235,10.171
[1758207023449197118],,,,0.187,0.213,9.953
[1758207023454869358],,,,0.105,-0.306,9.955
[1758207023460624931],,,,-0.065,0.448,9.967
[1758207023466342170],,,,0.294,-0.424,9.948
[1758207023472061858],,,,-0.077,0.546,9.831
[1758207023477781389],,,,-0.005,-0.251,9.663
[1758207023483485087],,,,-0.048,0.196,9.843
[1758207023489215087],,,,-0.256,0.084,9.541
[1758207023494906962],,,,-0.077,-0.285,9.816
[1758207023500636233],,,,-0.247,0.453,9.869
[1758207023506140139],,,,-0.158,-0.536,9.586
[1758207023512160556],,,,-0.103,0.335,9.943
[1758207023518573108],,,,-0.223,-0.218,10.027
[1758207023525253733],,,,-0.287,-0.4,9.761
[1758207023531938264],,,,-0.448,0.314,9.778
[1758207023538397222],,,,-0.259,-0.273,9.653
[1758207023544880608],,,,-0.239,-0.259,9.68
[1758207023551469618],,,,-0.29,0.371,10.041
[1758207023557926233],,,,-0.46,-0.536,9.73
[1758207023564396233],,,,-0.254,-0.22,10.183
[1758207023570913368],,,,-0.105,0.433,9.9
[1758207023577387327],,,,-0.249,-0.539,9.838
[1758207023583863420],,,,-0.215,0.132,9.641
[1758207023590347535],,,,-0.321,0.378,10.005
[1758207023596788785],,,,-0.194,-0.56,9.5
[1758207023603247795],,,,-0.17,0.192,10.01
[1758207023609850712],,,,-0.273,0.156,9.792
[1758207023616331754],,,,-0.065,-0.498,9.507
[1758207023622817952],,,,-0.11,0.462,9.589
[1758207023629237535],,,,0.005,-0.084,9.641
[1758207023635671962],,,,0.043,-0.4,9.768
[1758207023642115191],,,,0.108,0.57,9.744
[1758207023648545035],,,,0.153,-0.036,9.732
[1758207023655058316],,,,0.01,-0.211,9.926
[1758207023661595243],,,,0.297,0.421,9.687
[1758207023668055972],,,,0.287,-0.326,10.077
[1758207023674548056],,,,0.189,-0.081,9.905
[1758207023681118993],,,,0.213,0.46,9.754
[1758207023687591806],,,,0.409,-0.206,9.713
[1758207023694029149],,,,0.204,0.278,9.735
[1758207023700510972],,,,0.328,0.615,9.876
[1758207023706996233],,,,0.292,-0.335,9.582
[1758207023713192847],,,,0.373,0.469,9.929
[1758207023718947951],,,,0.237,0.108,9.764
[1758207023724737483],,,,0.184,-0.218,9.943
[1758207023730458629],,,,0.376,0.685,9.852
[1758207023736492691],,,,0.405,-0.371,9.665
[1758207023741823681],,,,0.235,0.575,9.816
[1758207023747820816],,,,0.204,-0.266,9.823
[1758207023753709410],,,,0.314,0.132,9.799
[1758207023759471233],,,,0.223,0.302,9.706
[1758207023765191545],,,,0.189,-0.306,9.68
[1758207023770727847],,,,0.304,0.548,10.032
[1758207023776459879],,,,0.412,-0.359,9.677
[1758207023782149774],,,,0.448,0.558,9.51
[1758207023787620139],,,,0.345,-0.266,9.85
[1758207023793343004],,,,0.227,0.283,9.756
[1758207023799082951],,,,0.218,0.084,9.771
[1758207023804803160],,,,0.194,-0.34,9.73
[1758207023810654097],,,,0.146,0.512,10.07
[1758207023817295295],,,,0.105,-0.467,9.826
[1758207023823923420],,,,0.093,-0.103,9.946
[1758207023830364931],,,,-0.041,0.268,9.594
[1758207023836673889],,,,-0.122,-0.563,9.756
[1758207023843339826],,,,-0.151,0.101,10.104
[1758207023849859097],,,,-0.242,0.177,9.718
[1758207023856794826],,,,-0.017,-0.587,10.197
[1758207023863256910],,,,-0.211,0.206,9.618
[1758207023869752222],,,,-0.208,0.081,10.008
[1758207023876214878],,,,-0.184,-0.663,10.039
[1758207023882682691],,,,-0.321,0.254,9.977
[1758207023889142899],,,,-0.074,0.036,9.845
[1758207023895577587],,,,-0.192,-0.555,10.036
[1758207023902148681],,,,-0.311,0.381,9.747
[1758207023908564931],,,,-0.292,-0.23,9.752
[1758207023914622274],,,,-0.263,-0.256,9.852
[1758207023920523681],,,,-0.364,0.266,9.938
[1758207023926328420],,,,-0.338,-0.704,9.689
[1758207023932143524],,,,-0.204,0.318,10.163
[1758207023937942483],,,,-0.443,-0.17,10.269
[1758207023943806337],,,,-0.184,-0.089,10.151
[1758207023949629358],,,,-0.227,0.208,9.515
[1758207023955508368],,,,-0.163,-0.603,9.536
[1758207023961260972],,,,-0.263,0.441,9.78
[1758207023967049878],,,,-0.158,-0.342,9.402
[1758207023972850139],,,,-0.249,0.412,9.531
[1758207023978911858],,,,-0.12,0.338,9.546
[1758207023984620503],,,,-0.266,-0.031,10.005
[1758207023990820764],,,,-0.113,0.433,10.262
[1758207023996584149],,,,0.101,-0.548,9.735
[1758207024001939306],,,,-0.153,0.333,9.912
[1758207024007869826],,,,-0.139,-0.206,9.938
[1758207024014229306],,,,-0.074,0.124,9.855
[1758207024021137795],,,,0.117,0.539,9.835
[1758207024027610399],,,,0.184,-0.278,10.082
[1758207024034158837],,,,0.247,0.247,9.886
[1758207024040588160],,,,0.225,0.52,9.955
[1758207024047303993],,,,0.441,-0.45,9.948
[1758207024053775608],,,,0.254,0.12,9.682
[1758207024060375816],,,,0.18,0.338,9.876
[1758207024066886337],,,,0.249,-0.383,9.512
[1758207024073594358],,,,0.18,0.122,9.893
[1758207024080195243],,,,0.184,0.385,9.934
[1758207024086537014],,,,0.309,-0.362,10.01
[1758207024093308316],,,,0.165,0.52,9.694
[1758207024100121285],,,,0.342,0.309,9.625
[1758207024106880243],,,,0.381,-0.347,9.838
[1758207024113519305],,,,0.196,0.354,9.823
[1758207024120178160],,,,0.306,0.448,9.816
[1758207024126577014],,,,0.153,-0.46,9.862
[1758207024133210972],,,,0.271,0.33,9.771
[1758207024139745295],,,,0.457,0.294,9.584
[1758207024146250347],,,,0.23,-0.601,9.835
[1758207024152924462],,,,0.271,0.189,9.459
[1758207024159789358],,,,0.194,0.309,9.72
[1758207024166288837],,,,0.223,-0.522,9.802
[1758207024172720295],,,,0.057,0.328,10.183
[1758207024179066233],,,,0.156,0.101,9.656
[1758207024185838993],,,,0.132,-0.5,10.001
[1758207024192364722],,,,0.019,0.484,9.991
[1758207024198819514],,,,0.113,-0.124,9.598
[1758207024205341389],,,,-0.005,-0.469,9.85
[1758207024211765399],,,,-0.134,0.469,9.462
[1758207024218309514],,,,-0.084,-0.256,9.926
[1758207024224818472],,,,-0.194,-0.254,9.644
[1758207024231687535],,,,-0.304,0.462,9.795
[1758207024238024253],,,,-0.019,-0.168,10.154
[1758207024244672951],,,,-0.352,-0.268,10.254
[1758207024251567326],,,,-0.247,0.35,9.888
[1758207024258042639],,,,-0.515,-0.22,9.95
[1758207024264591233],,,,-0.189,-0.156,9.862
[1758207024271256285],,,,-0.314,0.352,9.677
[1758207024277684149],,,,-0.397,-0.606,9.754
[1758207024284426337],,,,-0.321,-0.22,9.811
[1758207024290826753],,,,-0.28,0.326,9.833
[1758207024297205660],,,,-0.22,-0.34,10.015
[1758207024303876389],,,,-0.417,-0.129,10.187
[1758207024310268941],,,,-0.043,0.436,10.238
[1758207024316684045],,,,-0.333,-0.611,9.658
[1758207024323233160],,,,-0.196,0.079,9.833
[1758207024330168472],,,,-0.275,0.429,9.778
[1758207024336840607],,,,-0.098,-0.579,9.764
[1758207024343448055],,,,-0.206,0.086,9.85
[1758207024350096910],,,,-0.048,0.287,10.051
[1758207024356705347],,,,0.043,-0.613,9.943
[1758207024363042066],,,,-0.124,0.469,9.948
[1758207024369900191],,,,0.127,0.493,9.55
[1758207024376274514],,,,0.373,-0.362,9.665
[1758207024382771076],,,,0.263,0.419,9.73
[1758207024389158420],,,,0.05,-0.034,9.965
[1758207024395916441],,,,0.103,-0.316,9.699
[1758207024402392118],,,,0.362,0.412,9.78
[1758207024408926962],,,,0.33,0.211,9.91
[1758207024415242326],,,,0.299,-0.364,9.512
[1758207024421082743],,,,0.362,0.625,9.924
[1758207024426860295],,,,0.16,-0.405,9.749
[1758207024432482743],,,,0.33,0.385,9.697
[1758207024438274930],,,,0.335,0.213,9.845
[1758207024444065139],,,,0.35,0.28,9.811
[1758207024449840347],,,,0.441,0.376,9.673
[1758207024455687326],,,,0.335,-0.333,9.637
[1758207024461176962],,,,0.16,0.541,9.708
[1758207024467176441],,,,0.28,-0.225,9.924
[1758207024473006128],,,,0.347,0.431,9.498
[1758207024478689045],,,,0.414,0.129,9.603
[1758207024484362222],,,,0.357,-0.247,9.732
[1758207024490193003],,,,0.433,0.311,10.001
[1758207024495901337],,,,0.294,-0.395,9.658
[1758207024501635139],,,,0.201,0.419,9.749
[1758207024507373107],,,,0.271,-0.215,9.871
[1758207024513070607],,,,0.33,0.22,9.864
[1758207024519550920],,,,0.215,0.053,9.938
[1758207024526008576],,,,0.244,-0.524,9.886
[1758207024532767066],,,,0.057,0.194,9.457
[1758207024539391180],,,,0.208,0.151,9.905
[1758207024545915764],,,,-0.113,-0.505,9.584
[1758207024551619982],,,,0.002,0.467,9.828
[1758207024559097170],,,,-0.014,0.148,9.704
[1758207024565635243],,,,0.002,-0.371,9.742
[1758207024572439774],,,,-0.007,0.474,9.771
[1758207024579132118],,,,-0.069,0.177,9.764
[1758207024585866753],,,,-0.053,-0.326,9.615
[1758207024592530139],,,,-0.227,0.362,9.766
[1758207024598848524],,,,-0.237,-0.189,9.756
[1758207024605280503],,,,-0.261,-0.453,9.61
[1758207024612084930],,,,-0.388,0.29,10.001
[1758207024618723316],,,,-0.376,-0.211,10.108
[1758207024625297847],,,,-0.28,-0.52,9.924
[1758207024631668837],,,,-0.326,0.445,9.68
[1758207024638287118],,,,-0.306,-0.062,9.902
[1758207024645262847],,,,-0.194,-0.493,9.881
[1758207024651790764],,,,-0.414,0.376,9.677
[1758207024658418055],,,,-0.211,-0.235,9.878
[1758207024664877326],,,,-0.304,-0.266,9.893
[1758207024671870555],,,,-0.156,0.431,9.907
[1758207024678785191],,,,-0.302,-0.141,9.764
[1758207024685311337],,,,-0.453,-0.376,9.711
[1758207024691786597],,,,-0.208,0.493,9.668
[1758207024698301389],,,,-0.062,0.022,9.57
[1758207024704809305],,,,-0.05,-0.232,9.905
[1758207024711402691],,,,0.074,0.512,10.204
[1758207024717421284],,,,0.041,-0.366,9.543
[1758207024723208784],,,,-0.043,0.074,9.689
[1758207024728884774],,,,-0.096,0.333,9.608
[1758207024735063837],,,,0.223,-0.364,9.914
[1758207024740875399],,,,0.091,0.474,9.967
[1758207024746534670],,,,0.165,-0.474,9.701
[1758207024752442691],,,,0.244,0.455,9.704
[1758207024758353055],,,,0.318,0.074,9.814
[1758207024764194045],,,,0.196,-0.136,9.661
[1758207024769887639],,,,0.352,0.326,9.747
[1758207024776078368],,,,0.275,-0.429,9.859
[1758207024782283524],,,,0.287,0.455,9.658
[1758207024787934461],,,,0.17,-0.108,9.505
[1758207024794063836],,,,0.266,-0.242,9.783
[1758207024799940972],,,,0.249,0.433,9.62
[1758207024805775295],,,,0.326,-0.338,9.546
[1758207024811546701],,,,0.385,0.543,9.749
[1758207024818322326],,,,0.345,-0.244,9.802
[1758207024824355764],,,,0.242,0.007,9.787
[1758207024831481493],,,,0.376,0.601,9.716
[1758207024837690816],,,,0.333,-0.156,9.783
[1758207024844081753],,,,0.314,0.122,9.565
[1758207024851032639],,,,0.242,0.63,9.694
[1758207024857658993],,,,0.352,-0.275,9.914
[1758207024864367014],,,,0.259,-0.06,9.922
[1758207024870818107],,,,0.223,0.338,9.871
[1758207024877317899],,,,0.098,-0.479,9.871
[1758207024884177795],,,,0.16,-0.034,9.981
[1758207024890621597],,,,0.122,0.251,9.936
[1758207024897260399],,,,0.163,-0.469,9.871
[1758207024903756336],,,,0.098,-0.129,9.895
[1758207024910127014],,,,0.014,0.448,9.483
[1758207024916816753],,,,-0.141,-0.373,10.02
[1758207024923231284],,,,-0.141,0.232,10.017
[1758207024929934930],,,,-0.093,0.479,9.783
[1758207024936456597],,,,-0.12,-0.668,9.914
[1758207024942821180],,,,-0.271,0.081,9.989
[1758207024949600295],,,,-0.038,0.134,9.811
[1758207024956012482],,,,-0.189,-0.654,9.752
[1758207024962691441],,,,-0.33,0.457,9.469
[1758207024969361076],,,,-0.177,-0.136,9.419
[1758207024976175138],,,,-0.261,-0.613,9.809
[1758207024982633993],,,,-0.254,0.17,9.694
[1758207024989033941],,,,-0.414,0.086,9.603
[1758207024995388159],,,,-0.244,-0.517,9.902
[1758207025002014305],,,,-0.453,0.321,9.876
[1758207025008890347],,,,-0.175,-0.141,9.658
[1758207025015283003],,,,-0.259,-0.491,9.761
[1758207025021786388],,,,-0.175,0.328,9.893
[1758207025028384149],,,,-0.311,-0.079,9.862
[1758207025035068576],,,,-0.012,-0.455,9.84
[1758207025041566284],,,,-0.29,0.5,9.831
[1758207025047997951],,,,-0.163,-0.232,10.123
[1758207025054437274],,,,-0.227,-0.165,10.025
[1758207025061004409],,,,-0.103,0.409,9.814
[1758207025067448003],,,,-0.053,-0.211,9.73
[1758207025073902691],,,,0.113,-0.139,9.929
[1758207025080413316],,,,-0.06,0.546,9.938
[1758207025086755868],,,,0.029,-0.51,9.596
[1758207025093795607],,,,0.012,0.151,9.845
[1758207025099896232],,,,0.144,0.314,9.519
[1758207025106792586],,,,0.136,-0.541,9.764
[1758207025113255711],,,,0.244,0.414,9.907
[1758207025119497534],,,,0.17,0.354,9.637
[1758207025125255451],,,,0.385,-0.388,9.871
[1758207025130996180],,,,0.206,0.639,9.902
[1758207025136765191],,,,0.335,-0.338,9.802
[1758207025142542638],,,,0.323,0.409,9.579
[1758207025148297795],,,,0.263,0.227,9.723
[1758207025154077847],,,,0.309,-0.278,9.675
[1758207025159952586],,,,0.326,0.239,9.74
[1758207025165769357],,,,0.441,-0.448,9.359
[1758207025171556701],,,,0.34,0.57,9.732
[1758207025177642743],,,,0.5,-0.065,9.673
[1758207025183419253],,,,0.342,0.072,10.072
[1758207025189457690],,,,0.299,0.546,9.843
[1758207025195294305],,,,0.278,-0.335,9.713
[1758207025201151180],,,,0.165,0.555,9.821
[1758207025206947170],,,,0.299,-0.34,9.91
[1758207025212563107],,,,0.23,0.299,9.574
[1758207025218335555],,,,0.335,0.208,9.428
[1758207025224102795],,,,0.445,-0.024,9.881
[1758207025230005555],,,,0.369,0.424,9.862
[1758207025235758628],,,,0.215,-0.558,9.948
[1758207025241671701],,,,0.215,0.462,9.716
[1758207025247423368],,,,0.129,-0.129,9.742
[1758207025253255868],,,,-0.077,0.273,9.747
[1758207025259121388],,,,0.005,0.084,9.555
[1758207025264830503],,,,0.134,-0.424,9.697
[1758207025270544149],,,,0.065,0.426,9.996
[1758207025276335503],,,,-0.026,-0.496,10.01
[1758207025282007534],,,,-0.06,0.433,9.639
[1758207025287013315],,,,0.074,-0.333,9.823
[1758207025292837690],,,,-0.175,0.148,9.692
[1758207025298660607],,,,-0.151,0.259,9.716
[1758207025304213159],,,,-0.026,-0.057,10.082
[1758207025310018576],,,,-0.385,0.39,9.704
[1758207025315802378],,,,-0.134,-0.515,9.857
[1758207025322456597],,,,-0.237,0.28,9.632
[1758207025329064878],,,,-0.117,0.12,9.876
[1758207025335657170],,,,-0.249,-0.582,9.376
[1758207025341890295],,,,-0.218,0.395,9.986
[1758207025348508680],,,,-0.285,-0.122,10.096
[1758207025355388576],,,,-0.251,-0.577,9.747
[1758207025361881336],,,,-0.024,0.4,9.792
[1758207025368204045],,,,-0.448,-0.129,9.859
[1758207025374814461],,,,-0.326,-0.213,9.919
[1758207025381463420],,,,-0.311,0.309,9.957
[1758207025387785086],,,,-0.05,-0.39,9.931
[1758207025394398628],,,,-0.299,-0.201,9.917
[1758207025401197117],,,,-0.306,0.486,9.924
[1758207025407991180],,,,-0.213,-0.067,9.759
[1758207025414292534],,,,-0.12,-0.251,9.888
[1758207025420229045],,,,-0.065,0.508,10.058
[1758207025425899097],,,,-0.122,-0.481,9.723
[1758207025431449930],,,,0.067,0.606,9.764
[1758207025437145034],,,,-0.105,-0.261,9.843
[1758207025442845607],,,,0.225,0.16,9.984
[1758207025448571180],,,,-0.096,-0.108,9.708
[1758207025454261024],,,,0.165,-0.35,9.625
[1758207025460009097],,,,0.124,0.543,10.137
[1758207025465671492],,,,0.242,-0.369,9.955
[1758207025471502847],,,,0.0,0.508,9.766
[1758207025477234149],,,,0.263,-0.235,9.579
[1758207025482909149],,,,0.256,0.383,9.73
[1758207025488386388],,,,0.177,0.192,9.752
[1758207025494122170],,,,0.213,-0.345,9.732
[1758207025499710867],,,,0.165,0.34,9.864
[1758207025505445972],,,,0.206,-0.39,9.527
[1758207025511139097],,,,0.314,0.745,9.809
[1758207025516746492],,,,0.318,-0.34,9.823
[1758207025523026649],,,,0.352,0.273,9.728
[1758207025530021388],,,,0.242,0.457,9.747
[1758207025536525711],,,,0.388,-0.318,9.981
[1758207025543258732],,,,0.23,0.283,9.699
[1758207025549929513],,,,0.371,0.345,9.663
[1758207025556476857],,,,0.412,-0.371,9.888
[1758207025563279826],,,,0.177,0.266,9.567
[1758207025569815295],,,,0.297,0.539,9.797
[1758207025576547534],,,,0.453,-0.548,9.823
[1758207025583070555],,,,0.259,0.194,9.682
[1758207025589418888],,,,0.244,0.187,9.835
[1758207025596150607],,,,0.304,-0.594,9.785
[1758207025602776492],,,,0.211,0.127,10.017
[1758207025609262326],,,,0.22,0.28,9.577
[1758207025615748263],,,,0.225,-0.622,9.776
[1758207025622281961],,,,0.096,0.395,9.862
[1758207025628724878],,,,0.079,-0.029,9.713
[1758207025635269253],,,,0.096,-0.421,9.742
[1758207025641749982],,,,-0.165,0.476,9.783
[1758207025648311388],,,,-0.16,-0.086,9.823
[1758207025654806232],,,,-0.208,-0.261,9.618
[1758207025661403732],,,,-0.098,0.328,9.893
[1758207025668012899],,,,-0.182,-0.381,9.728
[1758207025674523940],,,,-0.251,-0.294,10.046
[1758207025680888003],,,,-0.402,0.455,9.72
[1758207025687132951],,,,-0.211,-0.51,10.228
[1758207025693766336],,,,-0.199,-0.089,9.811
[1758207025700340763],,,,-0.29,0.335,9.656
[1758207025706966753],,,,-0.254,-0.409,10.036
[1758207025713204253],,,,-0.194,-0.113,9.761
[1758207025719958107],,,,-0.259,0.057,10.214
[1758207025726699461],,,,-0.232,-0.608,9.787
[1758207025732377586],,,,-0.326,0.326,9.802
[1758207025738973472],,,,-0.235,-0.053,9.905
[1758207025745272847],,,,-0.158,-0.407,9.981
[1758207025751940399],,,,-0.201,0.4,9.857
[1758207025758273367],,,,-0.235,-0.007,9.898
[1758207025764857847],,,,-0.18,-0.285,9.874
[1758207025771505190],,,,-0.139,0.493,9.661
[1758207025778287274],,,,-0.151,0.108,9.912
[1758207025785033888],,,,-0.177,-0.383,9.752
[1758207025791633940],,,,-0.034,0.488,9.938
[1758207025798113055],,,,0.091,-0.261,9.646
[1758207025804733576],,,,0.007,-0.28,9.594
[1758207025811252378],,,,-0.096,0.553,9.828
[1758207025817640190],,,,0.122,-0.254,9.843
[1758207025824389409],,,,0.242,-0.366,9.862
[1758207025830796128],,,,0.101,0.51,10.008
[1758207025837143159],,,,0.122,-0.414,9.993
[1758207025843639513],,,,0.256,0.048,10.058
[1758207025850462326],,,,0.115,0.678,9.809
[1758207025856993888],,,,0.321,-0.338,9.663
[1758207025863407378],,,,0.268,0.029,9.673
[1758207025869902482],,,,0.304,0.711,9.922
[1758207025876358107],,,,0.132,-0.57,9.706
[1758207025882801961],,,,0.393,0.22,9.634
[1758207025889343732],,,,0.364,0.184,9.874
[1758207025895893524],,,,0.381,-0.532,9.665
[1758207025902885867],,,,0.311,0.299,9.895
[1758207025909678732],,,,0.321,0.443,9.601
[1758207025916234565],,,,0.323,-0.589,9.498
[1758207025922212794],,,,0.314,0.373,9.96
[1758207025927958211],,,,0.491,0.019,9.622
[1758207025933743784],,,,0.369,-0.096,9.653
[1758207025939486492],,,,0.304,0.388,9.9
[1758207025945297951],,,,0.306,-0.488,9.807
[1758207025950948471],,,,0.338,0.567,9.768
[1758207025955950190],,,,0.084,-0.69,9.632
[1758207025961792586],,,,0.232,0.438,9.706
[1758207025967506024],,,,0.196,-0.156,9.9
[1758207025973197065],,,,0.232,0.151,9.73
[1758207025978873367],,,,0.184,0.239,9.567
[1758207025984395607],,,,0.01,-0.225,9.771
[1758207025990258159],,,,0.148,0.455,9.922
[1758207025996539565],,,,0.014,-0.381,9.979
[1758207026002602534],,,,-0.108,0.019,9.807
[1758207026008689513],,,,-0.115,0.215,9.718
[1758207026013922899],,,,-0.117,-0.218,9.811
[1758207026019531440],,,,-0.192,0.292,9.452
[1758207026025884149],,,,-0.146,-0.445,9.591
[1758207026032350815],,,,-0.113,0.23,9.673
[1758207026039313836],,,,-0.283,0.218,9.665
[1758207026046112742],,,,-0.283,-0.632,9.802
[1758207026052831805],,,,-0.175,0.302,9.893
[1758207026059667378],,,,-0.453,0.158,9.553
[1758207026066458576],,,,-0.23,-0.551,9.749
[1758207026072142846],,,,-0.436,0.335,9.646
[1758207026078566753],,,,-0.345,-0.247,9.924
[1758207026085452898],,,,-0.342,-0.632,9.912
[1758207026092277430],,,,-0.402,0.292,9.967
[1758207026098732794],,,,-0.165,-0.074,10.063
[1758207026105250503],,,,-0.441,-0.464,10.001
[1758207026111722378],,,,-0.256,0.402,9.883
[1758207026117843055],,,,-0.393,-0.242,10.087
[1758207026124969357],,,,-0.22,-0.271,9.646
[1758207026131051388],,,,-0.275,0.611,10.027
[1758207026137763732],,,,-0.113,-0.189,9.797
[1758207026144597065],,,,-0.122,-0.302,9.627
[1758207026151184617],,,,0.026,0.51,9.831
[1758207026157616336],,,,-0.105,-0.347,10.027
[1758207026164252690],,,,-0.11,-0.05,9.847
[1758207026170193419],,,,0.151,0.39,9.862
[1758207026176914513],,,,0.084,-0.352,9.845
[1758207026183721388],,,,0.136,-0.117,9.663
[1758207026190093523],,,,0.034,0.345,9.929
[1758207026196979357],,,,0.168,-0.354,9.823
[1758207026203554201],,,,0.266,-0.034,9.917
[1758207026210088159],,,,0.199,0.527,9.584
[1758207026216587378],,,,0.206,-0.304,9.61
[1758207026222747742],,,,0.199,0.352,9.835
[1758207026228598471],,,,0.225,0.328,9.606
[1758207026234404982],,,,0.318,-0.244,9.811
[1758207026240248263],,,,0.223,0.529,9.689
[1758207026245996805],,,,0.347,-0.433,9.56
[1758207026252104357],,,,0.39,0.551,9.931
[1758207026258095294],,,,0.436,0.029,9.646
[1758207026263903055],,,,0.527,-0.005,10.06
[1758207026269934826],,,,0.448,0.551,9.807
[1758207026275553888],,,,0.357,-0.397,9.656
[1758207026281424461],,,,0.249,0.52,9.979
[1758207026287626232],,,,0.359,0.041,9.586
[1758207026293221128],,,,0.172,0.18,9.675
[1758207026299784357],,,,0.237,0.661,9.776
[1758207026305477742],,,,0.338,-0.51,9.673
[1758207026311455607],,,,0.316,0.33,9.634
[1758207026317160607],,,,0.242,-0.309,9.797
[1758207026323127586],,,,0.304,0.089,9.843
[1758207026329418419],,,,0.012,0.527,9.902
[1758207026335216075],,,,0.024,-0.565,9.752
[1758207026340970398],,,,0.005,0.306,9.938
[1758207026346776492],,,,0.204,-0.333,9.998
[1758207026352453940],,,,0.299,0.239,9.771
[1758207026358293940],,,,-0.122,0.069,9.828
[1758207026364423263],,,,-0.077,-0.156,9.871
[1758207026370451023],,,,-0.259,0.457,9.625
[1758207026376328940],,,,-0.041,-0.527,9.572
[1758207026382429513],,,,-0.156,0.17,9.833
[1758207026388461075],,,,-0.136,0.127,9.898
[1758207026394527846],,,,-0.206,-0.326,9.682
[1758207026400293992],,,,-0.254,0.323,10.111
[1758207026406370815],,,,-0.189,-0.608,9.737
[1758207026412472794],,,,-0.182,0.194,9.483
[1758207026418207846],,,,-0.314,-0.038,9.917
[1758207026423814565],,,,-0.254,-0.436,9.84
[1758207026429665034],,,,-0.455,0.285,10.046
[1758207026435593836],,,,-0.457,-0.524,9.694
[1758207026441596336],,,,-0.414,0.34,9.91
[1758207026447512273],,,,-0.239,-0.417,9.816
[1758207026453083055],,,,-0.22,-0.201,9.876
[1758207026459379461],,,,-0.448,0.225,9.797
[1758207026465236700],,,,-0.213,-0.493,9.924
[1758207026471070034],,,,-0.316,0.345,10.053
[1758207026476909669],,,,-0.218,-0.211,9.95
[1758207026482760763],,,,-0.204,0.22,9.807
[1758207026488625659],,,,-0.211,0.227,9.9
[1758207026494498523],,,,-0.141,-0.283,9.606
[1758207026500566700],,,,-0.247,0.56,9.876
[1758207026506392950],,,,-0.12,-0.335,10.025
[1758207026512613002],,,,-0.16,0.242,9.759
[1758207026518530346],,,,0.091,0.045,9.907
[1758207026524680919],,,,0.022,-0.33,9.833
[1758207026531522430],,,,0.062,0.381,9.776
[1758207026538280763],,,,0.182,-0.062,9.799
[1758207026544642117],,,,0.072,-0.371,9.785
[1758207026551392742],,,,0.0,0.445,10.017
[1758207026557924409],,,,0.189,-0.151,9.867
[1758207026564704252],,,,0.278,-0.314,9.515
[1758207026571297638],,,,0.215,0.692,9.754
[1758207026578051336],,,,0.227,0.098,9.766
[1758207026584670607],,,,0.352,-0.201,9.819
[1758207026590840086],,,,0.283,0.634,9.792
[1758207026596516648],,,,0.433,-0.385,9.955
[1758207026603554877],,,,0.359,0.151,9.89
[1758207026610135138],,,,0.385,0.56,10.044
[1758207026616636805],,,,0.199,-0.242,9.68
[1758207026623607846],,,,0.431,0.029,9.867
[1758207026630576909],,,,0.208,0.642,9.732
[1758207026637303575],,,,0.342,-0.263,10.096
[1758207026644171752],,,,0.35,-0.05,9.574
[1758207026650474357],,,,0.299,0.572,9.785
[1758207026656994982],,,,0.362,-0.259,9.962
[1758207026663645190],,,,0.373,0.124,9.67
[1758207026670230086],,,,0.244,0.472,10.063
[1758207026676695294],,,,0.271,-0.534,9.862
[1758207026683245242],,,,0.196,0.036,10.032
[1758207026689758627],,,,0.031,0.184,9.826
[1758207026696181232],,,,0.129,-0.634,9.957
[1758207026702771544],,,,0.01,0.441,9.864
[1758207026709329930],,,,-0.069,0.352,9.452
[1758207026715855711],,,,-0.069,-0.503,9.957
[1758207026722332221],,,,-0.022,0.215,9.618
[1758207026728733888],,,,-0.096,-0.022,10.058
[1758207026735258367],,,,-0.148,-0.618,9.917
[1758207026741716388],,,,-0.23,0.426,9.919
[1758207026748309721],,,,-0.165,0.062,9.725
[1758207026754747534],,,,-0.122,-0.376,9.723
[1758207026761450763],,,,-0.247,0.306,9.744
[1758207026767888784],,,,-0.429,-0.266,9.706
[1758207026774225034],,,,-0.306,-0.543,9.725
[1758207026780964461],,,,-0.268,0.362,9.823
[1758207026787271075],,,,-0.187,-0.259,9.744
[1758207026794146648],,,,-0.376,-0.431,9.699
[1758207026800583419],,,,-0.206,0.433,9.867
[1758207026807195711],,,,-0.287,-0.182,9.826
[1758207026813807013],,,,-0.28,-0.261,10.084
[1758207026820459929],,,,-0.35,0.338,9.869
[1758207026827083575],,,,-0.163,-0.479,9.996
[1758207026833801336],,,,-0.316,-0.182,9.857
[1758207026840291336],,,,-0.342,0.467,9.73
[1758207026847224565],,,,-0.247,-0.371,9.833
[1758207026853788836],,,,-0.196,-0.084,9.998
[1758207026860397794],,,,-0.204,0.579,10.005
[1758207026866953575],,,,-0.153,-0.433,9.965
[1758207026873650398],,,,-0.045,-0.115,9.881
[1758207026880216179],,,,-0.043,0.354,9.582
[1758207026886692846],,,,-0.01,-0.409,9.744
[1758207026893226961],,,,0.091,0.045,10.008
[1758207026899937846],,,,0.031,0.419,9.876
[1758207026906598471],,,,0.005,-0.299,10.135
[1758207026913170190],,,,0.211,0.251,9.926
[1758207026919985450],,,,0.211,0.486,9.708
[1758207026925973367],,,,0.323,-0.385,9.426
[1758207026931736804],,,,0.263,0.306,9.689
[1758207026937502690],,,,0.218,0.022,9.804
[1758207026943255502],,,,0.405,-0.067,10.051
[1758207026948942429],,,,0.338,0.405,9.773
[1758207026954527898],,,,0.299,-0.345,9.85
[1758207026960079825],,,,0.328,0.589,9.912
[1758207026965818888],,,,0.259,-0.35,9.766
[1758207026971362377],,,,0.316,0.543,9.828
[1758207026977105138],,,,0.4,-0.278,9.881
[1758207026983137742],,,,0.165,0.098,9.79
[1758207026989171700],,,,0.441,0.254,9.776
[1758207026994923419],,,,0.314,-0.302,9.742
[1758207027000847638],,,,0.338,0.728,9.823
[1758207027006570398],,,,0.431,-0.156,9.857
[1758207027012773679],,,,0.215,0.038,9.819
[1758207027018490763],,,,0.321,0.431,9.507
[1758207027024170659],,,,0.268,-0.175,9.656
[1758207027030234252],,,,0.215,0.433,9.96
[1758207027035988627],,,,0.33,-0.596,9.934
[1758207027041721388],,,,0.134,0.266,9.629
[1758207027047468211],,,,0.407,-0.204,9.907
[1758207027053180919],,,,0.259,-0.081,9.857
[1758207027058770606],,,,0.065,0.323,9.737
[1758207027064521752],,,,0.086,-0.187,9.742
[1758207027070274669],,,,0.014,0.479,9.807
[1758207027076005086],,,,-0.022,-0.532,9.867
[1758207027081694148],,,,-0.177,0.204,9.754
[1758207027087410502],,,,-0.091,-0.23,9.816
[1758207027093138106],,,,-0.041,-0.136,9.828
[1758207027098271961],,,,-0.081,0.254,9.644
[1758207027103830294],,,,-0.244,-0.357,9.546
[1758207027109494461],,,,-0.249,0.318,9.931
[1758207027115346648],,,,-0.196,-0.649,9.845
[1758207027121128002],,,,-0.201,0.438,9.723
[1758207027127583054],,,,-0.287,-0.294,9.905
[1758207027134079513],,,,-0.388,-0.414,9.95
[1758207027140841127],,,,-0.192,0.381,9.651
[1758207027147627481],,,,-0.34,-0.165,9.747
[1758207027154225815],,,,-0.187,-0.476,9.72
[1758207027160656231],,,,-0.366,0.371,9.881
[1758207027167146752],,,,-0.208,-0.541,10.048
[1758207027173741023],,,,-0.256,-0.223,9.831
[1758207027180234513],,,,-0.342,0.402,9.689
[1758207027186990190],,,,-0.156,-0.555,9.795
[1758207027193542013],,,,-0.208,-0.235,9.797
[1758207027200061908],,,,-0.299,0.352,9.919
[1758207027206581231],,,,-0.271,-0.417,9.931
[1758207027213095190],,,,-0.144,0.239,10.032
[1758207027219785190],,,,-0.213,0.4,9.833
[1758207027225860502],,,,-0.098,-0.512,9.797
[1758207027231644773],,,,-0.129,0.445,9.713
[1758207027237418367],,,,0.045,0.014,9.984
[1758207027243113471],,,,-0.17,-0.175,10.432
[1758207027248673627],,,,-0.017,0.453,9.797
[1758207027254592638],,,,0.074,-0.352,9.632
[1758207027260152117],,,,0.12,0.565,9.893
[1758207027265933054],,,,0.079,-0.496,9.761
[1758207027271428002],,,,0.06,0.304,9.835
[1758207027276930763],,,,0.405,-0.294,9.797
[1758207027282634408],,,,0.199,0.048,9.814
[1758207027288341856],,,,0.29,0.426,9.819
[1758207027294071179],,,,0.187,-0.022,9.862
[1758207027299873836],,,,0.306,0.505,9.869
[1758207027305607950],,,,0.283,-0.314,9.598
[1758207027311337742],,,,0.333,0.51,9.752
[1758207027316863263],,,,0.376,-0.081,9.864
[1758207027322515711],,,,0.357,0.16,9.898
[1758207027328780815],,,,0.441,0.352,9.826
[1758207027335476388],,,,0.227,-0.421,9.883
[1758207027342220086],,,,0.462,0.56,9.73
[1758207027348905815],,,,0.431,0.429,9.577
[1758207027355544148],,,,0.505,-0.409,9.986
[1758207027362062638],,,,0.294,0.393,9.807
[1758207027368499096],,,,0.354,0.038,9.598
[1758207027374975554],,,,0.323,-0.364,9.924
[1758207027381547013],,,,0.39,0.553,9.493
[1758207027388062585],,,,0.314,0.113,9.754
[1758207027394460763],,,,0.244,-0.417,9.941
[1758207027401368888],,,,0.242,0.419,9.771
[1758207027407864773],,,,0.297,0.093,9.886
[1758207027414332481],,,,0.05,-0.204,9.802
[1758207027420723575],,,,0.261,0.347,10.017
[1758207027427188263],,,,0.16,-0.129,10.013
[1758207027434006596],,,,-0.091,-0.33,9.515
[1758207027440539565],,,,-0.002,0.335,9.835
[1758207027447066388],,,,-0.072,-0.158,9.838
[1758207027453574617],,,,-0.014,-0.024,10.048
[1758207027460272585],,,,-0.184,0.505,9.503
[1758207027466788731],,,,-0.01,-0.5,9.953
[1758207027473294513],,,,-0.215,-0.127,9.668
[1758207027479917950],,,,-0.225,0.189,10.056
[1758207027486505763],,,,-0.323,-0.603,9.91
[1758207027492989877],,,,-0.311,0.074,9.792
[1758207027499460085],,,,-0.251,0.309,9.864
[1758207027505937273],,,,-0.206,-0.536,9.787
[1758207027512432950],,,,-0.347,0.172,9.797
[1758207027518711283],,,,-0.397,0.251,9.845
[1758207027524933835],,,,-0.314,-0.627,9.699
