timestamp,x1,y1,z1,x2,y2,z2
[1758207029887089980],,,,0.328,0.151,9.606
[1758207029893613210],,,,0.417,-0.275,9.883
[1758207029900166126],,,,0.297,0.464,9.613
[1758207029906519980],,,,0.302,-0.409,9.804
[1758207029913132220],,,,0.316,-0.23,10.087
[1758207029919451699],,,,0.251,0.608,9.735
[1758207029926326751],,,,0.275,-0.357,10.096
[1758207029932334720],,,,0.053,-0.302,9.883
[1758207029938181699],,,,0.17,0.11,9.859
[1758207029943933991],,,,0.187,-0.496,9.737
[1758207029949791335],,,,0.127,0.505,9.694
[1758207029955549460],,,,0.156,-0.294,10.068
[1758207029961307793],,,,-0.036,0.208,10.302
[1758207029967047845],,,,-0.091,0.036,9.843
[1758207029972809564],,,,-0.103,-0.237,9.886
[1758207029978514720],,,,-0.065,0.486,9.998
[1758207029984264824],,,,-0.002,-0.52,9.816
[1758207029989911022],,,,-0.263,0.373,9.658
[1758207029995770189],,,,-0.127,-0.302,9.972
[1758207030001557064],,,,-0.172,-0.038,9.857
[1758207030007384147],,,,-0.096,-0.096,9.862
[1758207030013149564],,,,-0.294,-0.323,9.919
[1758207030018895553],,,,-0.29,0.29,10.082
[1758207030024743262],,,,-0.335,-0.505,9.902
[1758207030030755866],,,,-0.273,0.079,9.747
[1758207030036520970],,,,-0.438,0.012,9.943
[1758207030042315866],,,,-0.247,-0.029,9.946
[1758207030047523262],,,,-0.273,-0.069,9.725
[1758207030053154772],,,,-0.369,-0.321,9.701
[1758207030058697012],,,,-0.268,0.421,10.228
[1758207030064279512],,,,-0.163,-0.728,9.924
[1758207030070049564],,,,-0.342,0.378,9.723
[1758207030075714355],,,,-0.182,-0.242,9.914
[1758207030081414355],,,,-0.072,0.184,9.744
[1758207030087100553],,,,-0.172,0.036,9.91
[1758207030092784251],,,,-0.081,-0.371,9.689
[1758207030098475137],,,,-0.242,0.438,9.622
[1758207030104029407],,,,-0.146,-0.462,9.627
[1758207030109687272],,,,-0.022,0.479,9.711
[1758207030115387793],,,,-0.129,-0.321,9.706
[1758207030121089824],,,,-0.098,0.189,9.668
[1758207030126890970],,,,-0.002,0.132,9.658
[1758207030133110137],,,,0.031,-0.134,9.795
[1758207030139542324],,,,-0.045,0.46,9.785
[1758207030146039199],,,,-0.089,-0.326,9.895
[1758207030152848522],,,,0.187,-0.031,9.876
[1758207030159287116],,,,-0.017,0.515,10.084
[1758207030165750189],,,,0.136,-0.33,9.673
[1758207030172235449],,,,0.304,0.012,10.029
[1758207030178671022],,,,0.292,0.589,9.869
[1758207030185196074],,,,0.225,-0.582,9.826
[1758207030191628626],,,,0.292,0.338,9.867
[1758207030198156282],,,,0.453,0.378,9.776
[1758207030204550501],,,,0.366,-0.512,9.72
[1758207030211195814],,,,0.431,0.536,9.771
[1758207030217792741],,,,0.311,0.275,9.56
[1758207030224160553],,,,0.469,-0.273,9.859
[1758207030231208470],,,,0.196,0.548,9.778
[1758207030238137168],,,,0.347,0.35,9.809
[1758207030244626439],,,,0.323,-0.357,9.55
[1758207030251169199],,,,0.321,0.441,9.646
[1758207030257670709],,,,0.352,0.261,9.697
[1758207030263990918],,,,0.362,-0.326,9.826
[1758207030270276751],,,,0.436,0.517,9.57
[1758207030276996647],,,,0.299,0.151,9.792
[1758207030283529511],,,,0.431,-0.309,9.828
[1758207030290028730],,,,0.113,0.491,9.505
[1758207030296503678],,,,0.242,-0.251,9.797
[1758207030302790918],,,,0.079,-0.318,9.922
[1758207030309143209],,,,0.235,0.448,10.082
[1758207030315879824],,,,0.084,-0.395,10.104
[1758207030322552011],,,,-0.148,-0.057,10.027
[1758207030329033782],,,,-0.067,0.39,10.075
[1758207030335641178],,,,-0.019,-0.532,9.981
[1758207030342133834],,,,-0.141,0.148,10.013
[1758207030348605553],,,,-0.134,0.261,10.01
[1758207030355052897],,,,-0.204,-0.517,9.912
[1758207030361588209],,,,-0.362,0.189,9.704
[1758207030368096386],,,,-0.271,0.247,9.78
[1758207030374575814],,,,-0.16,-0.527,9.823
[1758207030381140397],,,,-0.239,0.077,9.862
[1758207030387550345],,,,-0.378,-0.014,9.697
[1758207030394022220],,,,-0.352,-0.512,9.747
[1758207030400606959],,,,-0.184,0.39,9.663
[1758207030407116230],,,,-0.196,0.156,9.977
[1758207030413408209],,,,-0.335,-0.555,9.701
[1758207030420084668],,,,-0.371,0.314,10.072
[1758207030426439876],,,,-0.192,-0.328,10.015
[1758207030432921230],,,,-0.357,-0.467,9.807
[1758207030438761074],,,,-0.273,0.467,9.907
[1758207030444536751],,,,-0.28,-0.527,10.063
[1758207030450284251],,,,-0.184,0.457,9.816
[1758207030456197845],,,,-0.249,-0.036,9.931
[1758207030461974616],,,,-0.184,-0.038,10.015
[1758207030467724668],,,,-0.077,0.405,9.898
[1758207030473564668],,,,-0.141,-0.163,10.041
[1758207030479383366],,,,-0.215,0.678,9.723
[1758207030485185241],,,,-0.127,-0.5,9.718
[1758207030490810709],,,,0.105,0.263,9.766
[1758207030496544147],,,,-0.057,-0.165,9.938
[1758207030502348678],,,,0.182,-0.103,10.003
[1758207030508057897],,,,0.141,0.297,9.893
[1758207030513872741],,,,0.132,-0.424,9.843
[1758207030519869251],,,,0.158,0.441,10.144
[1758207030525599303],,,,0.342,-0.373,9.67
[1758207030531421595],,,,0.263,0.213,9.735
[1758207030537159668],,,,0.304,0.285,9.893
[1758207030542964772],,,,0.438,-0.271,9.663
[1758207030548781699],,,,0.247,0.577,9.567
[1758207030554433105],,,,0.321,-0.323,9.768
[1758207030560277272],,,,0.237,0.503,9.931
[1758207030566127272],,,,0.397,0.055,9.886
[1758207030571886543],,,,0.4,0.237,9.929
[1758207030577661282],,,,0.292,0.306,9.718
[1758207030583483418],,,,0.326,-0.46,9.594
[1758207030589524616],,,,0.321,0.515,9.421
[1758207030595317116],,,,0.479,-0.357,9.924
[1758207030601180501],,,,0.35,0.199,9.869
[1758207030607054199],,,,0.201,0.335,9.72
[1758207030612846074],,,,0.383,-0.136,9.859
[1758207030618633834],,,,0.254,0.603,9.969
[1758207030624506543],,,,0.328,-0.527,9.78
[1758207030630281022],,,,0.29,0.476,9.831
[1758207030637581178],,,,0.242,0.309,9.89
[1758207030644149720],,,,0.441,-0.577,9.706
[1758207030650697793],,,,0.158,0.33,9.862
[1758207030657159980],,,,0.01,0.144,9.682
[1758207030663667220],,,,0.148,-0.577,9.912
[1758207030670188990],,,,0.256,0.579,9.742
[1758207030676669563],,,,0.213,0.091,9.823
[1758207030683150657],,,,-0.019,-0.395,9.898
[1758207030689457480],,,,0.141,0.323,10.025
[1758207030695968730],,,,-0.113,-0.249,9.948
[1758207030702569511],,,,-0.091,-0.024,9.603
[1758207030709328209],,,,-0.254,0.362,9.828
[1758207030715790553],,,,-0.127,-0.247,9.802
[1758207030722273053],,,,-0.211,-0.12,9.728
[1758207030728815657],,,,-0.28,0.326,10.094
[1758207030734320136],,,,-0.527,-0.536,10.06
[1758207030740035865],,,,-0.302,0.352,9.749
[1758207030745828053],,,,-0.261,-0.259,9.934
[1758207030751343522],,,,-0.225,0.065,10.001
[1758207030756820449],,,,-0.297,0.017,9.914
[1758207030762576751],,,,-0.227,-0.326,9.869
[1758207030768251803],,,,-0.443,0.402,9.663
[1758207030773692063],,,,-0.247,-0.62,9.974
[1758207030779223730],,,,-0.311,0.455,9.989
[1758207030784965084],,,,-0.318,-0.541,9.778
[1758207030790738105],,,,-0.306,0.124,9.905
[1758207030796426074],,,,-0.208,-0.29,9.73
[1758207030802134511],,,,-0.273,-0.122,10.044
[1758207030807852428],,,,-0.28,0.438,9.718
[1758207030813568001],,,,-0.271,-0.56,9.981
[1758207030819324668],,,,-0.294,0.467,9.922
[1758207030825046959],,,,-0.211,-0.371,9.957
[1758207030830748626],,,,-0.031,0.232,9.716
[1758207030837027220],,,,-0.079,0.232,9.641
[1758207030843618626],,,,-0.127,-0.175,9.483
[1758207030850247115],,,,-0.11,0.498,9.704
[1758207030856721334],,,,0.043,-0.124,9.931
[1758207030863241907],,,,0.122,-0.347,9.692
[1758207030869745188],,,,0.034,0.464,9.984
[1758207030876210657],,,,0.079,-0.124,9.639
[1758207030882842011],,,,0.163,-0.069,9.893
[1758207030889301074],,,,0.165,0.579,9.747
[1758207030895759772],,,,0.146,-0.242,9.673
[1758207030902220605],,,,0.314,-0.019,9.821
[1758207030908513782],,,,0.328,0.476,9.862
[1758207030915037167],,,,0.433,-0.347,10.197
[1758207030921595917],,,,0.347,0.321,9.898
[1758207030928207324],,,,0.156,0.584,9.852
[1758207030934371803],,,,0.436,-0.402,9.843
[1758207030940193574],,,,0.314,0.486,9.96
[1758207030945808001],,,,0.548,-0.165,9.89
[1758207030952096751],,,,0.35,-0.065,9.792
[1758207030957844199],,,,0.417,0.352,9.574
[1758207030963892115],,,,0.335,-0.409,9.941
[1758207030969882480],,,,0.453,0.658,9.716
[1758207030975666490],,,,0.378,-0.16,10.068
[1758207030981324667],,,,0.242,0.17,10.036
[1758207030987091647],,,,0.448,0.347,9.476
[1758207030992761907],,,,0.168,-0.239,9.555
[1758207030998572688],,,,0.283,0.575,9.723
[1758207031004247272],,,,0.328,-0.651,9.792
[1758207031010176126],,,,0.227,0.316,9.807
[1758207031015841699],,,,0.393,-0.259,9.816
[1758207031021642949],,,,0.278,-0.043,10.08
[1758207031027256647],,,,0.041,0.275,9.888
[1758207031033049042],,,,0.273,-0.168,9.747
[1758207031038720501],,,,0.041,0.309,9.886
[1758207031044341074],,,,-0.019,-0.5,9.756
[1758207031050138001],,,,-0.007,0.369,9.802
[1758207031055940292],,,,-0.036,-0.251,9.723
[1758207031061640240],,,,-0.12,-0.034,9.962
[1758207031067321074],,,,-0.172,0.335,9.962
[1758207031072999042],,,,-0.055,-0.266,9.728
[1758207031078713834],,,,-0.086,0.333,10.08
[1758207031084438574],,,,-0.165,-0.445,10.072
[1758207031089949511],,,,-0.062,0.405,9.924
[1758207031095711594],,,,-0.105,-0.338,10.032
[1758207031101403209],,,,-0.304,-0.148,9.996
[1758207031107117219],,,,-0.014,0.105,9.799
[1758207031112820553],,,,-0.268,-0.45,10.039
[1758207031118562063],,,,-0.35,0.376,10.118
[1758207031124317949],,,,-0.338,-0.512,9.893
[1758207031130331751],,,,-0.326,0.383,9.701
[1758207031136643522],,,,-0.378,-0.328,9.967
[1758207031143421438],,,,-0.35,-0.457,10.175
[1758207031149956647],,,,-0.366,0.462,9.685
[1758207031156905761],,,,-0.287,0.103,9.957
[1758207031163400240],,,,-0.316,-0.421,9.778
[1758207031169937063],,,,-0.299,0.45,9.974
[1758207031176455709],,,,-0.11,-0.259,9.67
[1758207031182924094],,,,-0.091,-0.376,9.802
[1758207031189317324],,,,-0.261,0.318,9.754
[1758207031195792011],,,,-0.168,-0.371,9.716
[1758207031202265501],,,,-0.096,-0.113,9.907
[1758207031208713938],,,,-0.041,0.326,9.68
[1758207031215246490],,,,-0.043,-0.515,9.797
[1758207031221765084],,,,-0.026,0.192,9.869
[1758207031228212740],,,,0.05,0.515,9.831
[1758207031234380761],,,,0.108,-0.532,9.361
[1758207031240218417],,,,0.086,0.536,9.898
[1758207031245904824],,,,0.163,-0.007,9.701
[1758207031251675553],,,,0.297,0.369,9.706
[1758207031257533574],,,,0.266,0.378,9.718
[1758207031263448522],,,,0.223,-0.163,9.759
[1758207031269313938],,,,0.215,0.594,9.51
[1758207031275075969],,,,0.383,-0.23,9.902
[1758207031280932636],,,,0.208,0.311,10.034
[1758207031286706230],,,,0.486,0.024,9.886
[1758207031292507636],,,,0.419,-0.189,9.792
[1758207031298296751],,,,0.314,0.484,10.039
[1758207031304096699],,,,0.28,-0.412,9.996
[1758207031309932844],,,,0.397,0.453,9.859
[1758207031315941438],,,,0.354,0.034,9.912
[1758207031321980449],,,,0.333,-0.055,9.807
[1758207031327758834],,,,0.378,0.328,9.366
[1758207031333614355],,,,0.417,-0.35,9.531
[1758207031340401907],,,,0.443,0.429,9.759
[1758207031347216646],,,,0.426,0.065,9.699
[1758207031353980292],,,,0.328,-0.397,9.814
[1758207031360379928],,,,0.342,0.407,9.584
[1758207031367130657],,,,0.259,-0.093,9.816
[1758207031373631282],,,,0.206,-0.503,9.661
[1758207031380168730],,,,0.122,0.321,9.804
[1758207031386683521],,,,0.136,0.012,9.529
[1758207031393161803],,,,-0.036,-0.321,9.706
[1758207031399705553],,,,0.031,0.529,9.816
[1758207031406262376],,,,0.041,-0.299,9.742
[1758207031412771334],,,,0.017,-0.364,9.785
[1758207031419259042],,,,0.065,0.603,9.948
[1758207031425760605],,,,-0.115,-0.163,10.082
[1758207031432330396],,,,-0.01,-0.146,9.821
[1758207031438832636],,,,-0.199,0.455,10.127
[1758207031445371699],,,,-0.215,-0.314,9.843
[1758207031451962376],,,,-0.247,-0.261,10.096
[1758207031458477480],,,,-0.405,0.256,9.905
[1758207031464825761],,,,-0.338,-0.543,9.857
[1758207031471430084],,,,-0.436,0.026,9.972
[1758207031478291074],,,,-0.311,0.16,9.764
[1758207031484800969],,,,-0.364,-0.512,10.063
[1758207031491393157],,,,-0.158,0.266,9.79
[1758207031497956334],,,,-0.309,0.244,9.622
[1758207031504570084],,,,-0.239,-0.551,9.823
[1758207031510819563],,,,-0.419,0.199,9.802
[1758207031517795761],,,,-0.285,0.263,9.74
[1758207031524178417],,,,-0.328,-0.747,9.668
[1758207031530682844],,,,-0.18,0.417,9.895
[1758207031536788417],,,,-0.16,0.124,9.826
[1758207031542496282],,,,-0.29,-0.338,9.838
[1758207031548313001],,,,-0.189,0.541,9.51
[1758207031554244615],,,,-0.132,-0.534,9.524
[1758207031560095969],,,,-0.036,0.412,9.653
[1758207031565984459],,,,-0.247,-0.227,10.101
[1758207031571760084],,,,-0.036,-0.093,10.127
[1758207031577517376],,,,0.141,0.254,9.84
[1758207031583275084],,,,0.11,-0.247,9.886
[1758207031589137271],,,,-0.067,0.479,9.922
[1758207031594898834],,,,0.11,-0.268,9.95
[1758207031600693001],,,,0.065,0.045,9.584
[1758207031606526490],,,,0.239,-0.256,10.039
[1758207031612283105],,,,0.297,-0.057,9.79
[1758207031617992584],,,,0.153,0.512,9.677
[1758207031623773157],,,,0.436,-0.395,9.783
[1758207031629567844],,,,0.251,0.558,9.79
[1758207031635382896],,,,0.333,-0.192,10.044
[1758207031641165448],,,,0.304,0.299,9.783
[1758207031646985657],,,,0.338,0.227,9.931
[1758207031652767740],,,,0.347,-0.309,9.914
[1758207031658491126],,,,0.457,0.558,9.943
[1758207031664230188],,,,0.354,-0.402,9.852
[1758207031670229771],,,,0.326,0.512,9.847
[1758207031676225501],,,,0.273,0.091,9.699
[1758207031681979980],,,,0.335,-0.029,9.869
[1758207031688072948],,,,0.285,0.515,9.886
[1758207031693839980],,,,0.172,-0.412,9.931
[1758207031699644303],,,,0.342,0.553,9.531
[1758207031705402428],,,,0.309,-0.156,9.867
[1758207031711164667],,,,0.412,0.079,10.07
[1758207031716878990],,,,0.433,0.306,9.821
[1758207031722715865],,,,0.156,-0.35,9.692
[1758207031728417948],,,,0.306,0.529,9.725
[1758207031734483521],,,,0.206,-0.551,9.603
[1758207031741065917],,,,0.038,0.285,9.641
[1758207031747519250],,,,0.156,0.227,9.622
[1758207031753978625],,,,0.249,-0.57,9.948
[1758207031760598573],,,,-0.007,0.223,9.768
[1758207031767071750],,,,-0.024,0.144,9.629
[1758207031773644615],,,,0.024,-0.51,9.95
[1758207031780146386],,,,-0.11,0.51,9.699
[1758207031786593053],,,,0.048,0.093,9.692
[1758207031792952271],,,,-0.132,-0.393,9.601
[1758207031799239042],,,,-0.129,0.328,9.919
[1758207031805996750],,,,-0.146,-0.192,9.902
[1758207031812474719],,,,-0.29,-0.491,9.685
[1758207031818930761],,,,-0.124,0.448,9.857
[1758207031825434875],,,,-0.187,-0.503,9.929
[1758207031831942896],,,,-0.254,-0.182,9.845
[1758207031838310344],,,,-0.441,0.302,10.063
[1758207031844773678],,,,-0.184,-0.491,9.776
[1758207031851427167],,,,-0.302,0.117,9.771
[1758207031857873938],,,,-0.306,0.335,9.735
[1758207031864280084],,,,-0.29,-0.658,9.68
[1758207031871159511],,,,-0.338,0.034,9.663
[1758207031877485500],,,,-0.299,0.062,9.936
[1758207031883985136],,,,-0.323,-0.532,9.804
[1758207031890790032],,,,-0.29,0.057,9.716
[1758207031897287792],,,,-0.256,0.034,9.637
[1758207031903804563],,,,-0.18,-0.546,9.862
[1758207031909770240],,,,-0.043,0.594,9.732
[1758207031916476073],,,,-0.175,-0.041,9.531
[1758207031923153782],,,,-0.148,-0.244,9.72
[1758207031929691646],,,,-0.024,0.601,9.586
[1758207031936207115],,,,-0.036,-0.11,9.694
[1758207031942820917],,,,0.156,-0.053,9.838
[1758207031949367323],,,,0.072,0.567,10.015
[1758207031956006907],,,,0.06,-0.074,9.665
[1758207031962610344],,,,0.278,-0.215,9.531
[1758207031969277740],,,,0.113,0.632,9.852
[1758207031975904875],,,,0.263,-0.306,9.828
[1758207031982582375],,,,0.201,-0.034,9.828
[1758207031989293677],,,,0.239,0.572,9.799
[1758207031995786698],,,,0.153,-0.18,9.955
[1758207032002266438],,,,0.268,-0.069,9.9
[1758207032008768677],,,,0.259,0.666,9.663
[1758207032015263990],,,,0.153,-0.184,9.823
[1758207032021771125],,,,0.419,0.05,9.771
[1758207032028215240],,,,0.187,0.553,9.799
[1758207032034740292],,,,0.393,-0.352,9.754
[1758207032041518000],,,,0.306,0.045,9.831
[1758207032048288209],,,,0.45,0.599,9.802
[1758207032054800240],,,,0.261,-0.318,9.507
[1758207032061362740],,,,0.196,0.182,9.804
[1758207032067719250],,,,0.261,0.503,9.491
[1758207032074360709],,,,0.316,-0.335,9.713
[1758207032081327427],,,,0.345,0.026,9.991
[1758207032087676594],,,,0.204,0.165,9.697
[1758207032094247740],,,,0.096,-0.532,9.914
[1758207032100656750],,,,0.12,0.184,9.673
[1758207032107390865],,,,0.218,0.333,9.907
[1758207032113890605],,,,0.124,-0.551,9.716
[1758207032120439094],,,,0.041,0.218,9.828
[1758207032126915552],,,,0.026,0.034,9.85
[1758207032133407480],,,,-0.043,-0.527,9.608
[1758207032139897844],,,,0.091,0.534,9.888
[1758207032146322584],,,,0.067,-0.139,9.649
[1758207032153038677],,,,-0.261,-0.352,9.634
[1758207032159575136],,,,-0.18,0.56,9.754
[1758207032166036490],,,,-0.141,-0.448,9.948
[1758207032172514146],,,,-0.297,-0.532,9.431
[1758207032179093209],,,,-0.259,0.328,9.701
[1758207032185648157],,,,-0.034,-0.314,9.946
[1758207032192011594],,,,-0.225,-0.251,9.725
[1758207032198444719],,,,-0.187,0.16,10.104
[1758207032205253625],,,,-0.306,-0.567,9.91
[1758207032211702532],,,,-0.426,-0.239,10.154
[1758207032218150292],,,,-0.397,0.378,9.596
[1758207032224609354],,,,-0.426,-0.455,9.977
[1758207032231093782],,,,-0.249,0.117,10.094
[1758207032237483261],,,,-0.278,0.29,9.773
[1758207032243209407],,,,-0.287,-0.577,9.905
[1758207032249199875],,,,-0.175,0.309,9.874
[1758207032255008209],,,,-0.225,-0.335,9.898
[1758207032260889459],,,,-0.311,0.077,9.9
[1758207032266629198],,,,-0.16,0.33,9.543
[1758207032272301698],,,,-0.23,-0.007,9.828
[1758207032277269771],,,,-0.089,0.395,9.799
[1758207032283045865],,,,-0.132,-0.22,9.859
[1758207032288739302],,,,-0.081,0.536,9.967
[1758207032294254459],,,,0.151,-0.472,9.531
[1758207032299797636],,,,0.132,0.273,9.773
[1758207032305569563],,,,0.038,0.026,9.878
[1758207032311262636],,,,0.0,0.026,9.934
[1758207032316971542],,,,0.115,0.285,9.541
[1758207032322690813],,,,0.201,-0.479,9.804
[1758207032328360552],,,,0.175,0.522,9.931
[1758207032334068104],,,,0.177,-0.34,9.998
[1758207032340429563],,,,0.208,0.397,9.567
[1758207032346846386],,,,0.393,0.069,9.816
[1758207032353530552],,,,0.268,-0.417,9.867
[1758207032360151125],,,,0.199,0.383,10.099
[1758207032366625865],,,,0.223,0.287,9.792
[1758207032373124615],,,,0.443,-0.33,10.041
[1758207032379638469],,,,0.249,0.69,9.687
[1758207032386153573],,,,0.419,0.206,9.653
[1758207032392660188],,,,0.371,-0.287,9.538
[1758207032399236750],,,,0.34,0.673,9.847
[1758207032405928104],,,,0.359,-0.271,9.91
[1758207032412686334],,,,0.347,-0.206,9.685
[1758207032419546125],,,,0.309,0.711,9.862
[1758207032425920240],,,,0.323,-0.213,9.938
[1758207032432418677],,,,0.256,-0.29,9.953
[1758207032438409094],,,,0.196,0.558,9.926
[1758207032444191125],,,,0.318,-0.517,9.821
[1758207032450090136],,,,0.192,0.223,9.618
[1758207032455841802],,,,0.168,-0.22,9.524
[1758207032461528104],,,,0.294,-0.165,9.771
[1758207032467428156],,,,0.292,0.251,9.876
[1758207032473199406],,,,0.283,-0.508,9.792
[1758207032478946177],,,,-0.144,0.613,9.989
[1758207032484633625],,,,0.026,-0.517,10.008
[1758207032490440917],,,,0.01,0.156,9.816
[1758207032496373417],,,,-0.031,0.057,9.529
[1758207032502002531],,,,-0.014,-0.33,9.644
[1758207032507705656],,,,-0.069,0.35,9.687
[1758207032513435604],,,,-0.012,-0.512,9.531
[1758207032519200969],,,,-0.172,0.529,9.855
[1758207032524988052],,,,-0.122,-0.443,9.926
[1758207032530823573],,,,-0.278,0.29,9.943
[1758207032536753313],,,,-0.192,0.031,10.003
[1758207032543299042],,,,-0.263,-0.323,9.452
[1758207032549843469],,,,-0.187,0.297,9.804
[1758207032556250448],,,,-0.18,-0.156,10.065
[1758207032562968261],,,,-0.256,-0.553,9.735
[1758207032569437375],,,,-0.17,0.278,10.075
[1758207032575957688],,,,-0.259,-0.16,9.787
[1758207032582433521],,,,-0.366,-0.306,9.833
[1758207032588770552],,,,-0.357,0.39,9.661
[1758207032595287688],,,,-0.256,-0.503,10.025
[1758207032601904875],,,,-0.316,-0.213,9.929
[1758207032608518469],,,,-0.215,0.448,9.768
[1758207032614972271],,,,-0.18,-0.371,9.926
[1758207032621508313],,,,-0.213,0.055,10.063
[1758207032627975188],,,,-0.172,0.539,9.807
[1758207032634444927],,,,-0.227,-0.318,9.874
[1758207032640814094],,,,-0.029,0.012,9.692
[1758207032647388677],,,,-0.022,0.34,9.196
[1758207032653912479],,,,-0.072,-0.527,9.656
[1758207032660414823],,,,-0.103,0.35,9.72
[1758207032666858573],,,,0.144,0.366,9.773
[1758207032673327115],,,,-0.074,-0.328,9.807
[1758207032679838833],,,,0.273,0.491,9.819
[1758207032686343573],,,,0.184,0.124,9.747
[1758207032692810761],,,,0.132,-0.29,9.823
[1758207032699175136],,,,0.271,0.627,9.823
[1758207032705908313],,,,0.187,0.072,9.778
[1758207032712549354],,,,0.273,-0.057,9.776
[1758207032719135761],,,,0.412,0.508,9.759
[1758207032725710136],,,,0.213,-0.273,9.517
[1758207032732163781],,,,0.345,-0.074,9.711
[1758207032738708156],,,,0.357,0.654,10.036
[1758207032744505396],,,,0.371,-0.409,9.828
[1758207032750332167],,,,0.352,0.393,9.677
[1758207032756069719],,,,0.421,0.12,9.833
[1758207032761894458],,,,0.309,-0.251,9.744
[1758207032767921958],,,,0.421,0.637,10.104
[1758207032773896490],,,,0.247,-0.359,9.68
[1758207032779718729],,,,0.328,0.364,9.711
[1758207032785466386],,,,0.182,-0.117,9.814
[1758207032791247375],,,,0.163,0.029,9.692
[1758207032796985344],,,,0.273,0.429,9.816
[1758207032802788261],,,,0.062,-0.498,9.881
[1758207032808612167],,,,0.266,0.517,10.017
[1758207032814424615],,,,0.273,-0.4,9.931
[1758207032819797844],,,,0.103,0.443,9.883
[1758207032824871750],,,,0.115,-0.194,9.744
[1758207032830868885],,,,0.151,-0.069,9.962
[1758207032836606594],,,,0.081,0.292,9.948
[1758207032843012063],,,,0.11,-0.39,9.826
[1758207032849416281],,,,0.055,0.448,9.859
[1758207032855965865],,,,0.108,-0.144,9.847
[1758207032862670500],,,,-0.057,-0.407,9.565
[1758207032869090031],,,,0.144,0.316,9.665
[1758207032875575500],,,,-0.065,-0.199,9.414
[1758207032882071802],,,,-0.132,-0.081,9.95
[1758207032888538208],,,,-0.407,0.445,9.826
[1758207032895027323],,,,-0.28,-0.541,9.912
[1758207032900939667],,,,-0.314,0.043,9.819
[1758207032907777583],,,,-0.141,0.309,9.874
[1758207032914611333],,,,-0.271,-0.484,10.195
[1758207032920602792],,,,-0.23,0.034,9.783
[1758207032927307635],,,,-0.333,0.024,9.852
[1758207032933988729],,,,-0.283,-0.73,9.565
[1758207032940054875],,,,-0.189,0.352,9.768
[1758207032945887010],,,,-0.259,-0.172,9.665
[1758207032951494146],,,,-0.261,-0.326,10.008
[1758207032957027167],,,,-0.218,0.103,9.857
[1758207032962096750],,,,-0.247,-0.086,9.919
[1758207032967993260],,,,-0.062,0.431,9.922
[1758207032973707427],,,,-0.278,-0.529,9.754
[1758207032979431906],,,,-0.204,0.388,9.984
[1758207032985201125],,,,-0.271,-0.352,9.986
[1758207032990935396],,,,-0.196,0.05,9.73
[1758207032996635240],,,,-0.17,0.28,9.814
[1758207033002353000],,,,-0.124,-0.35,10.144
[1758207033008174406],,,,-0.299,0.393,10.034
[1758207033014073573],,,,0.077,-0.474,9.582
[1758207033019796438],,,,-0.057,0.448,9.651
[1758207033025461594],,,,0.005,0.091,9.867
[1758207033031052271],,,,0.048,0.141,9.823
[1758207033036802844],,,,0.05,0.316,9.548
[1758207033043261594],,,,0.261,-0.541,10.046
[1758207033050073729],,,,0.16,0.354,9.706
[1758207033056573937],,,,0.189,0.105,9.665
[1758207033063084927],,,,0.192,-0.362,9.874
[1758207033069630344],,,,0.177,0.62,9.867
[1758207033076199927],,,,0.283,0.172,9.74
[1758207033082687896],,,,0.414,-0.156,9.946
[1758207033089159562],,,,0.201,0.661,9.687
[1758207033095631854],,,,0.323,-0.084,9.586
[1758207033102118156],,,,0.409,-0.249,9.804
[1758207033108427635],,,,0.405,0.539,9.895
[1758207033115117010],,,,0.4,-0.204,9.981
[1758207033121702271],,,,0.182,0.041,9.972
[1758207033128717687],,,,0.237,0.606,9.857
[1758207033135619250],,,,0.34,-0.175,9.567
[1758207033142127896],,,,0.414,-0.278,9.574
[1758207033148607635],,,,0.275,0.496,10.027
[1758207033155121490],,,,0.172,-0.141,9.79
[1758207033161705500],,,,0.247,-0.01,9.974
[1758207033168215344],,,,0.201,0.539,9.74
[1758207033174706802],,,,0.297,-0.433,10.075
[1758207033181270240],,,,0.225,-0.045,10.01
[1758207033187735240],,,,0.218,0.359,9.759
[1758207033194258417],,,,0.158,-0.359,10.113
[1758207033200681750],,,,-0.022,0.28,9.699
[1758207033207183000],,,,0.148,0.043,9.811
[1758207033213758937],,,,0.132,-0.472,9.546
[1758207033220639198],,,,-0.005,0.101,10.089
[1758207033227197323],,,,-0.108,0.251,9.838
[1758207033233975500],,,,-0.141,-0.728,9.692
[1758207033240448885],,,,-0.096,0.153,9.787
[1758207033247130552],,,,-0.268,0.247,9.883
[1758207033253598833],,,,-0.151,-0.62,9.711
[1758207033260062740],,,,-0.266,0.445,9.728
[1758207033266512167],,,,-0.223,0.129,9.876
[1758207033272976854],,,,-0.153,-0.414,9.941
[1758207033279440656],,,,-0.05,0.263,9.89
[1758207033285974094],,,,-0.476,-0.199,9.653
[1758207033292432427],,,,-0.175,-0.476,9.79
[1758207033298947219],,,,-0.247,0.397,9.864
[1758207033305425344],,,,-0.333,-0.335,9.629
[1758207033311956906],,,,-0.309,-0.283,9.72
[1758207033318439614],,,,-0.177,0.364,9.867
[1758207033324923521],,,,-0.151,-0.357,9.783
[1758207033331763937],,,,-0.302,-0.275,10.06
[1758207033338329094],,,,-0.23,0.352,9.912
[1758207033344832583],,,,-0.218,-0.302,10.326
[1758207033351417583],,,,-0.192,0.081,9.759
[1758207033357918000],,,,-0.177,0.527,9.845
[1758207033364422531],,,,-0.134,-0.486,9.84
[1758207033370906906],,,,-0.16,0.024,9.445
[1758207033377418677],,,,-0.122,0.285,9.246
[1758207033383830969],,,,0.062,-0.517,9.711
[1758207033390530083],,,,-0.139,0.326,9.814
[1758207033396873156],,,,0.074,0.455,9.912
[1758207033403647739],,,,0.225,-0.484,9.802
[1758207033410142375],,,,0.211,0.369,9.845
[1758207033416600292],,,,0.12,-0.115,9.689
[1758207033423024510],,,,0.227,-0.441,9.699
[1758207033429389719],,,,0.247,0.575,9.831
[1758207033435985344],,,,0.347,0.156,9.577
[1758207033442110031],,,,0.278,-0.192,9.634
[1758207033447851125],,,,0.345,0.572,9.914
[1758207033453740448],,,,0.333,-0.407,10.214
[1758207033459528833],,,,0.383,0.498,9.871
[1758207033465275917],,,,0.409,-0.019,9.737
[1758207033471000292],,,,0.227,0.091,9.828
[1758207033476687219],,,,0.235,0.429,9.728
[1758207033481815552],,,,0.297,-0.278,9.79
[1758207033487640448],,,,0.206,0.611,9.656
[1758207033493622687],,,,0.543,-0.481,9.85
[1758207033499619250],,,,0.35,0.385,9.596
[1758207033505298833],,,,0.35,-0.156,9.72
[1758207033510988989],,,,0.283,-0.034,9.886
[1758207033516679927],,,,0.412,0.441,9.857
[1758207033522417427],,,,0.431,-0.297,9.55
[1758207033528227166],,,,0.285,0.529,9.663
[1758207033534253469],,,,0.148,-0.419,10.092
[1758207033540239510],,,,0.256,0.316,9.783
[1758207033546618833],,,,0.268,0.283,9.85
[1758207033553489875],,,,0.204,-0.582,9.902
[1758207033560105760],,,,0.079,0.378,9.792
[1758207033566600604],,,,0.089,0.007,9.895
[1758207033573118052],,,,0.086,-0.352,9.495
[1758207033579636125],,,,0.115,0.373,9.845
[1758207033586025135],,,,-0.065,-0.062,9.89
[1758207033592538521],,,,-0.074,-0.287,9.79
[1758207033599213104],,,,0.031,0.546,9.749
[1758207033605721958],,,,-0.06,-0.115,9.74
[1758207033612090344],,,,-0.268,-0.287,9.742
[1758207033618719302],,,,-0.196,0.352,9.68
[1758207033625343833],,,,-0.103,-0.223,9.972
[1758207033631922479],,,,-0.251,-0.28,10.029
[1758207033638620916],,,,-0.378,0.429,9.835
[1758207033645379094],,,,-0.297,-0.555,9.989
[1758207033651902271],,,,-0.359,-0.359,9.835
[1758207033658361906],,,,-0.333,0.421,9.809
[1758207033664831385],,,,-0.225,-0.445,9.845
[1758207033671302791],,,,-0.369,-0.103,9.819
[1758207033677980448],,,,-0.309,0.45,9.713
[1758207033684494771],,,,-0.237,-0.323,10.178
[1758207033690903312],,,,-0.297,-0.134,9.972
[1758207033697340656],,,,-0.287,0.163,9.905
[1758207033704133833],,,,-0.189,-0.491,9.778
[1758207033710532114],,,,-0.158,0.227,10.048
[1758207033717080396],,,,-0.364,0.405,9.555
[1758207033723668468],,,,-0.22,-0.381,9.867
[1758207033730263000],,,,-0.146,0.328,9.749
[1758207033736930968],,,,-0.134,0.359,9.692
[1758207033743476281],,,,-0.055,-0.448,9.778
[1758207033750290500],,,,-0.007,0.441,9.673
[1758207033756740396],,,,0.043,0.357,9.823
[1758207033763181698],,,,-0.151,-0.539,9.515
[1758207033769790291],,,,0.029,0.323,9.845
[1758207033776319562],,,,0.117,0.263,9.527
[1758207033782878104],,,,0.158,-0.505,9.847
[1758207033789419093],,,,0.163,0.57,9.591
[1758207033795948000],,,,0.18,0.057,9.957
[1758207033802504146],,,,0.196,-0.306,9.673
[1758207033809031021],,,,0.101,0.546,9.828
[1758207033815579823],,,,0.184,0.098,9.598
[1758207033821230448],,,,0.35,0.187,9.948
[1758207033827539875],,,,0.029,0.543,9.778
[1758207033834000135],,,,0.376,-0.472,9.924
[1758207033840639354],,,,0.388,0.259,9.962
[1758207033847059979],,,,0.433,0.441,9.675
[1758207033853987166],,,,0.309,-0.529,10.025
[1758207033860419510],,,,0.237,0.395,9.61
[1758207033867178625],,,,0.364,0.579,9.893
[1758207033873771385],,,,0.409,-0.596,9.459
[1758207033880554666],,,,0.247,0.33,9.912
[1758207033886994458],,,,0.326,0.299,9.811
[1758207033893526489],,,,0.34,-0.412,9.349
[1758207033900043573],,,,0.194,0.505,9.744
[1758207033906522583],,,,0.29,0.031,9.74
[1758207033913011854],,,,0.426,-0.46,9.512
[1758207033919472531],,,,0.206,0.45,9.577
[1758207033925962791],,,,0.28,-0.29,9.639
[1758207033932487948],,,,0.16,-0.488,9.931
[1758207033939005760],,,,0.036,0.378,9.704
[1758207033945582739],,,,0.057,-0.127,9.802
[1758207033952152635],,,,-0.002,-0.259,9.941
[1758207033958614041],,,,-0.16,0.426,9.843
[1758207033965083520],,,,-0.081,-0.318,9.584
[1758207033971644458],,,,-0.091,-0.189,10.247
[1758207033978178781],,,,-0.453,0.318,9.804
[1758207033984690604],,,,-0.115,-0.345,9.936
[1758207033991145604],,,,-0.227,-0.151,9.965
[1758207033997803208],,,,-0.263,0.529,10.013
[1758207034004350395],,,,-0.184,-0.742,9.912
[1758207034010687062],,,,-0.366,-0.007,9.876
[1758207034017267531],,,,-0.215,0.005,10.084
[1758207034023922375],,,,-0.314,-0.52,9.5
[1758207034030437791],,,,-0.283,0.249,9.943
[1758207034036900708],,,,-0.35,0.297,9.716
[1758207034043000135],,,,-0.29,-0.484,9.766
[1758207034048649354],,,,-0.199,0.419,9.957
[1758207034054744979],,,,-0.091,-0.371,10.116
[1758207034060469354],,,,-0.294,-0.108,9.89
[1758207034066195760],,,,-0.091,0.206,9.871
[1758207034071978729],,,,-0.271,-0.405,9.948
[1758207034077867114],,,,-0.235,0.412,9.989
[1758207034083534770],,,,-0.177,-0.441,9.783
[1758207034089474666],,,,-0.134,0.335,9.828
[1758207034095253625],,,,-0.103,-0.005,9.708
[1758207034100974666],,,,-0.292,0.081,9.594
[1758207034106615864],,,,0.053,0.397,9.811
[1758207034112515291],,,,-0.077,-0.508,9.89
[1758207034118258052],,,,-0.065,0.467,9.718
[1758207034124009979],,,,-0.134,-0.565,9.914
[1758207034129855552],,,,-0.024,0.232,9.613
[1758207034135588729],,,,0.026,0.022,9.912
[1758207034141377427],,,,0.007,0.12,9.527
[1758207034147164406],,,,0.036,0.347,9.718
[1758207034153074770],,,,0.373,-0.448,9.984
[1758207034158852322],,,,0.218,0.613,9.907
[1758207034164605083],,,,0.302,-0.077,9.852
[1758207034169903000],,,,0.357,0.369,9.835
[1758207034175768937],,,,0.306,0.158,9.888
[1758207034181468781],,,,0.436,0.11,9.814
[1758207034187184250],,,,0.242,0.534,9.914
[1758207034192908989],,,,0.311,-0.484,9.634
[1758207034198574927],,,,0.345,0.548,9.802
[1758207034204283312],,,,0.165,-0.443,9.886
[1758207034210082531],,,,0.318,0.321,10.025
[1758207034215776854],,,,0.232,0.235,9.828
[1758207034221735343],,,,0.249,-0.373,9.833
[1758207034227547322],,,,0.294,0.611,9.957
[1758207034233097427],,,,0.249,-0.429,9.615
[1758207034238889197],,,,0.378,0.512,9.574
[1758207034245486229],,,,0.318,0.098,9.826
[1758207034251992739],,,,0.17,-0.089,9.445
[1758207034258737583],,,,0.23,0.326,9.682
[1758207034265321489],,,,0.213,-0.079,9.864
[1758207034271895864],,,,0.383,-0.302,9.95
[1758207034278371593],,,,0.184,0.488,9.843
[1758207034284976333],,,,0.34,-0.488,9.902
[1758207034291807843],,,,0.093,-0.215,10.07
[1758207034298271437],,,,0.0,0.567,9.749
[1758207034304770187],,,,0.151,-0.39,10.048
[1758207034311349093],,,,-0.029,-0.22,9.819
[1758207034317507791],,,,-0.031,0.424,9.787
[1758207034324143156],,,,0.141,-0.558,9.888
[1758207034330768416],,,,-0.297,0.072,9.931
[1758207034337352895],,,,-0.299,0.436,10.151
[1758207034343507218],,,,-0.113,-0.737,9.665
[1758207034349463520],,,,-0.194,0.261,9.754
[1758207034355267375],,,,-0.251,-0.213,9.957
[1758207034361025395],,,,-0.22,-0.34,9.965
[1758207034366587270],,,,-0.237,0.024,9.517
[1758207034372305499],,,,-0.189,-0.625,9.914
[1758207034378023677],,,,-0.263,0.402,9.917
[1758207034383741124],,,,-0.299,-0.599,9.704
[1758207034389492791],,,,-0.239,0.285,9.823
[1758207034395225395],,,,-0.421,-0.065,9.9
[1758207034400802218],,,,-0.285,-0.136,9.886
[1758207034406352791],,,,-0.28,0.23,9.819
[1758207034412050187],,,,-0.163,-0.34,10.022
[1758207034417749197],,,,-0.266,0.443,10.099
[1758207034423455239],,,,-0.251,-0.419,10.022
[1758207034429227218],,,,-0.038,0.213,9.967
[1758207034434942114],,,,-0.206,-0.35,9.852
[1758207034440771020],,,,-0.251,-0.098,9.893
[1758207034446982479],,,,-0.192,0.158,9.548
[1758207034453752374],,,,-0.019,-0.46,9.776
[1758207034460462114],,,,-0.079,0.369,9.811
[1758207034466881958],,,,-0.148,0.376,9.924
[1758207034473229562],,,,-0.055,-0.373,9.929
[1758207034479849093],,,,-0.117,0.371,9.845
[1758207034486599770],,,,0.292,0.208,9.673
[1758207034493066020],,,,0.134,-0.5,9.383
[1758207034499596281],,,,0.18,0.462,9.91
[1758207034506054927],,,,0.18,0.158,9.811
[1758207034512511177],,,,0.237,-0.278,9.79
[1758207034518921854],,,,0.16,0.613,9.795
[1758207034525376124],,,,0.266,-0.022,9.694
[1758207034531868677],,,,0.407,-0.34,9.665
[1758207034538351645],,,,0.302,0.579,9.821
[1758207034544470656],,,,0.318,0.031,9.445
[1758207034550165447],,,,0.18,0.448,9.862
[1758207034555987062],,,,0.488,0.247,10.01
[1758207034561753729],,,,0.261,-0.278,9.687
[1758207034567498624],,,,0.268,0.524,9.914
[1758207034573318468],,,,0.196,-0.321,9.735
[1758207034579525708],,,,0.292,0.515,9.735
[1758207034585363833],,,,0.201,0.127,9.735
[1758207034591356385],,,,0.345,-0.024,9.948
[1758207034597112218],,,,0.424,0.56,9.955
[1758207034602881437],,,,0.232,-0.443,9.646
[1758207034608647739],,,,0.031,0.515,9.835
[1758207034614262374],,,,0.314,-0.385,9.708
[1758207034620071437],,,,0.306,0.122,9.586
[1758207034625829406],,,,0.306,0.239,9.618
[1758207034631566437],,,,0.16,-0.256,9.826
[1758207034637295812],,,,0.055,0.381,9.929
[1758207034643363885],,,,0.287,-0.543,10.056
[1758207034649984093],,,,0.089,0.352,9.78
[1758207034656487531],,,,0.086,0.129,9.787
[1758207034662982010],,,,0.002,-0.565,9.924
[1758207034669456229],,,,-0.072,0.34,9.601
[1758207034676230656],,,,0.019,0.266,9.57
[1758207034682694666],,,,-0.072,-0.373,9.814
[1758207034689172374],,,,-0.23,0.539,9.57
[1758207034695640031],,,,-0.129,-0.122,9.747
[1758207034702143781],,,,-0.151,-0.247,10.089
[1758207034708619666],,,,-0.242,0.546,9.807
[1758207034715080604],,,,-0.122,-0.393,9.658
[1758207034721612999],,,,-0.225,-0.326,9.706
[1758207034728089197],,,,-0.211,0.345,10.06
[1758207034734551437],,,,-0.208,-0.479,9.704
[1758207034740860343],,,,-0.249,-0.184,9.811
[1758207034747419614],,,,-0.45,0.069,10.075
[1758207034754004197],,,,-0.333,-0.517,9.768
[1758207034760420499],,,,-0.412,0.0,10.094
[1758207034767165760],,,,-0.445,0.299,9.644
[1758207034773596124],,,,-0.297,-0.522,9.831
[1758207034780401854],,,,-0.177,0.034,9.773
[1758207034786870291],,,,-0.283,0.204,9.699
[1758207034793369926],,,,-0.165,-0.5,9.881
[1758207034799865187],,,,-0.225,0.239,9.61
[1758207034806349458],,,,-0.215,0.204,9.663
[1758207034812836333],,,,-0.129,-0.35,9.656
[1758207034819339458],,,,-0.06,0.476,9.632
[1758207034825788520],,,,0.089,0.16,9.936
[1758207034832302322],,,,-0.036,-0.206,9.505
[1758207034838710551],,,,-0.11,0.464,9.651
[1758207034845199770],,,,0.122,-0.01,9.797
[1758207034850980187],,,,0.11,-0.045,9.835
[1758207034856673520],,,,0.031,0.45,9.917
[1758207034862264874],,,,0.067,-0.194,9.749
[1758207034867971437],,,,0.299,0.524,10.084
[1758207034873962010],,,,0.237,-0.429,9.998
[1758207034880034041],,,,0.096,0.385,9.864
[1758207034885846124],,,,0.232,0.256,9.747
[1758207034891611281],,,,0.421,-0.314,9.9
[1758207034897394197],,,,0.409,0.536,9.869
[1758207034903187635],,,,0.445,-0.448,9.469
[1758207034908942218],,,,0.29,0.527,9.752
[1758207034914696176],,,,0.249,0.026,9.974
[1758207034920366281],,,,0.168,0.158,9.955
[1758207034926107635],,,,0.163,0.163,9.742
[1758207034931790603],,,,0.443,-0.239,9.754
[1758207034937684718],,,,0.261,0.644,9.718
[1758207034943653103],,,,0.409,-0.227,9.787
[1758207034949498937],,,,0.165,0.505,9.706
[1758207034955550916],,,,0.223,-0.12,9.582
[1758207034961330239],,,,0.266,-0.048,9.728
[1758207034966987739],,,,0.445,0.393,9.699
[1758207034972751593],,,,0.347,-0.524,9.61
[1758207034978625291],,,,0.283,0.654,9.838
[1758207034984429510],,,,0.393,-0.453,10.015
[1758207034990196853],,,,0.105,0.235,9.807
[1758207034995983103],,,,0.283,0.146,9.637
[1758207035001654614],,,,0.213,-0.177,9.902
[1758207035007400603],,,,0.273,0.567,9.835
[1758207035012622426],,,,0.201,-0.412,9.692
[1758207035018121905],,,,0.089,0.496,10.077
[1758207035023799926],,,,0.11,-0.417,10.25
[1758207035029602687],,,,0.12,0.189,9.572
[1758207035035322739],,,,0.007,0.086,9.589
[1758207035040847947],,,,-0.115,0.048,9.778
[1758207035046882270],,,,0.124,0.232,10.017
[1758207035053343937],,,,-0.16,-0.543,9.692
[1758207035060054353],,,,-0.029,0.306,9.646
[1758207035066527739],,,,-0.206,0.225,9.742
[1758207035072417322],,,,0.077,-0.541,9.708
[1758207035079239874],,,,-0.237,0.469,9.574
[1758207035085948833],,,,-0.117,-0.299,9.907
[1758207035092519458],,,,-0.419,-0.622,9.981
[1758207035099086072],,,,-0.397,0.373,9.615
[1758207035105725395],,,,-0.263,-0.024,9.653
[1758207035112316020],,,,-0.177,-0.441,10.092
[1758207035119167739],,,,-0.309,0.5,9.72
[1758207035125677478],,,,-0.292,0.043,9.957
[1758207035132208833],,,,-0.23,-0.4,10.034
[1758207035138689249],,,,-0.28,0.438,9.926
[1758207035145262374],,,,-0.223,-0.385,9.67
[1758207035151758416],,,,-0.278,-0.448,9.78
[1758207035158308103],,,,-0.292,0.376,9.766
[1758207035164802426],,,,-0.247,-0.192,10.01
[1758207035171375135],,,,-0.247,-0.091,9.783
[1758207035177844718],,,,-0.153,0.546,10.089
[1758207035184375603],,,,-0.132,-0.357,9.847
[1758207035191189926],,,,-0.199,-0.036,9.991
[1758207035197697687],,,,-0.048,0.421,9.809
[1758207035204116593],,,,0.005,-0.421,9.778
[1758207035210542530],,,,-0.141,0.163,9.984
[1758207035217073885],,,,0.045,0.414,9.936
[1758207035223813572],,,,0.227,-0.453,9.919
[1758207035230339197],,,,0.196,0.223,9.902
[1758207035236652687],,,,0.0,0.278,9.919
[1758207035243219197],,,,0.242,-0.599,9.677
[1758207035249744301],,,,0.249,0.508,9.704
[1758207035256463260],,,,0.172,0.242,9.72
[1758207035263114874],,,,0.345,-0.433,9.924
[1758207035269396801],,,,0.306,0.472,9.773
[1758207035275683520],,,,0.175,0.129,9.957
[1758207035282154926],,,,0.362,-0.294,9.809
[1758207035288912114],,,,0.208,0.587,9.457
[1758207035295499718],,,,0.462,-0.072,9.905
[1758207035302125447],,,,0.426,-0.338,10.111
[1758207035309134978],,,,0.223,0.508,9.962
[1758207035315845447],,,,0.299,0.098,9.591
[1758207035322324666],,,,0.369,-0.397,9.503
[1758207035328604353],,,,0.35,0.51,9.376
[1758207035335176593],,,,0.318,0.048,9.72
[1758207035341642635],,,,0.211,-0.213,9.845
[1758207035347894405],,,,0.426,0.582,9.787
[1758207035353674405],,,,0.259,-0.543,9.962
[1758207035359350291],,,,0.352,0.421,9.653
[1758207035364892426],,,,0.266,-0.089,9.859
[1758207035370687426],,,,0.172,0.108,9.981
[1758207035376203572],,,,0.146,0.254,9.938
[1758207035381987166],,,,0.184,-0.479,9.943
[1758207035388065812],,,,0.089,0.453,9.747
[1758207035393720239],,,,0.136,-0.532,9.943
[1758207035399551905],,,,-0.098,0.438,9.768
[1758207035405393260],,,,0.218,-0.115,9.548
[1758207035411175551],,,,0.057,-0.297,10.041
[1758207035416920082],,,,-0.038,0.508,10.218
[1758207035422681645],,,,-0.045,-0.577,9.778
[1758207035428575707],,,,-0.124,0.572,9.936
[1758207035434364770],,,,-0.242,-0.364,10.084
[1758207035440035135],,,,-0.256,-0.053,9.802
[1758207035445876437],,,,-0.206,-0.124,9.747
[1758207035452293312],,,,-0.235,-0.405,9.747
[1758207035458930291],,,,-0.244,0.421,9.965
[1758207035465728572],,,,-0.187,-0.053,9.742
[1758207035472068155],,,,-0.273,-0.481,9.713
[1758207035478545499],,,,-0.469,0.333,9.665
[1758207035484964978],,,,-0.213,-0.328,9.716
[1758207035491767166],,,,-0.266,-0.402,9.759
[1758207035498348728],,,,-0.34,0.378,9.819
[1758207035504955551],,,,-0.302,-0.213,10.092
[1758207035511861801],,,,-0.263,-0.579,9.732
[1758207035518365134],,,,-0.218,0.378,10.06
[1758207035524853468],,,,-0.182,-0.199,10.147
[1758207035531205603],,,,-0.057,-0.098,9.938
[1758207035537619405],,,,-0.048,0.587,9.943
[1758207035544375082],,,,-0.182,-0.321,9.747
[1758207035550843676],,,,-0.163,-0.139,9.859
[1758207035557225291],,,,-0.184,0.338,9.766
[1758207035564040447],,,,0.041,-0.488,9.888
[1758207035570559145],,,,-0.136,0.165,9.79
[1758207035577070395],,,,0.007,0.529,9.816
[1758207035583532687],,,,0.103,-0.601,10.168
[1758207035590064457],,,,0.177,0.225,9.907
[1758207035596109718],,,,0.17,0.146,9.728
[1758207035602869405],,,,0.251,-0.532,9.641
[1758207035609543416],,,,0.074,0.488,9.828
[1758207035616007218],,,,0.17,0.414,9.555
[1758207035622406124],,,,0.22,-0.395,9.74
[1758207035629232478],,,,0.318,0.589,9.656
[1758207035635686645],,,,0.335,0.041,9.708
[1758207035642153207],,,,0.352,-0.333,9.919
[1758207035648348989],,,,0.192,0.534,9.919
[1758207035654143520],,,,0.158,-0.297,9.9
[1758207035659915968],,,,0.218,0.192,9.73
[1758207035665682426],,,,0.271,0.268,9.723
[1758207035671696436],,,,0.309,-0.338,9.764
[1758207035677672270],,,,0.326,0.548,9.823
[1758207035683343051],,,,0.153,-0.448,9.546
[1758207035689162530],,,,0.23,0.575,9.831
[1758207035695064145],,,,0.256,0.019,9.859
[1758207035700863311],,,,0.189,-0.218,9.759
[1758207035706657947],,,,0.199,0.52,9.957
[1758207035712411957],,,,0.338,-0.347,9.637
[1758207035718288051],,,,0.256,0.555,9.706
[1758207035723792999],,,,0.338,-0.366,10.07
[1758207035729608832],,,,0.242,0.338,9.981
[1758207035735074822],,,,0.242,-0.045,9.828
[1758207035740836124],,,,0.06,-0.314,9.874
[1758207035746509145],,,,0.077,0.18,9.68
[1758207035752900551],,,,0.01,-0.464,9.582
[1758207035759232478],,,,0.086,0.345,9.862
[1758207035765621593],,,,0.038,0.136,9.653
[1758207035772225343],,,,-0.065,-0.46,9.924
[1758207035778678832],,,,-0.172,0.503,9.941
[1758207035785192061],,,,-0.022,-0.261,9.577
[1758207035791672999],,,,-0.067,-0.204,9.586
[1758207035798011020],,,,-0.208,0.517,9.811
[1758207035804616436],,,,-0.223,-0.366,9.823
[1758207035811320447],,,,-0.026,-0.457,9.754
[1758207035817707061],,,,-0.366,0.407,10.094
[1758207035824444197],,,,-0.249,-0.34,9.692
[1758207035830803884],,,,-0.177,-0.299,9.673
[1758207035837116280],,,,-0.199,0.256,9.9
[1758207035843861436],,,,-0.433,-0.474,9.902
[1758207035849963416],,,,-0.283,0.187,10.048
[1758207035855769874],,,,-0.256,0.146,9.929
[1758207035861455186],,,,-0.18,-0.462,9.907
[1758207035867216280],,,,-0.405,0.445,10.075
[1758207035873081384],,,,-0.359,-0.563,9.972
[1758207035878840707],,,,-0.23,0.357,9.78
[1758207035884619926],,,,-0.283,-0.244,9.752
[1758207035890458676],,,,-0.098,-0.163,10.171
[1758207035896146801],,,,-0.012,0.376,9.984
[1758207035902029457],,,,-0.287,-0.4,9.634
[1758207035907867478],,,,-0.005,0.5,9.821
[1758207035913685759],,,,-0.031,-0.455,9.831
[1758207035919471593],,,,-0.177,0.158,9.728
[1758207035925189041],,,,-0.01,-0.187,9.78
[1758207035930596176],,,,-0.108,-0.079,9.948
[1758207035936336176],,,,-0.05,0.505,9.704
[1758207035941909874],,,,0.069,-0.4,9.936
[1758207035947719405],,,,0.01,0.481,10.063
[1758207035954179978],,,,0.072,-0.445,10.027
[1758207035960882166],,,,0.084,-0.081,9.771
[1758207035967368051],,,,0.204,0.474,9.96
[1758207035973880186],,,,0.285,-0.242,9.917
[1758207035980486332],,,,0.297,0.359,9.574
[1758207035986984822],,,,0.318,0.579,9.95
[1758207035993523363],,,,0.436,-0.4,9.792
[1758207036000034145],,,,0.225,0.232,9.629
[1758207036006501124],,,,0.505,0.247,9.567
[1758207036012757999],,,,0.335,-0.424,9.78
[1758207036019002426],,,,0.443,0.52,9.78
[1758207036025480551],,,,0.603,0.005,9.663
[1758207036032099041],,,,0.414,-0.462,9.881
[1758207036039074926],,,,0.407,0.424,9.471
[1758207036045767791],,,,0.227,0.117,9.701
[1758207036052269978],,,,0.316,-0.225,9.831
[1758207036058724145],,,,0.371,0.697,9.74
[1758207036065094718],,,,0.297,0.136,9.72
[1758207036071912009],,,,0.304,-0.306,9.862
[1758207036078370082],,,,0.287,0.412,10.029
[1758207036084821957],,,,0.424,-0.201,9.534
[1758207036091348884],,,,0.18,-0.419,9.694
[1758207036097790811],,,,0.287,0.479,10.082
[1758207036104250499],,,,0.251,-0.299,10.123
[1758207036110697582],,,,0.115,-0.285,9.922
[1758207036117292113],,,,0.297,0.441,9.979
[1758207036123895290],,,,-0.062,-0.67,9.682
[1758207036130256488],,,,-0.06,-0.012,9.768
[1758207036136790290],,,,-0.141,0.431,9.5
[1758207036143406540],,,,-0.103,-0.488,9.991
[1758207036149849509],,,,-0.227,0.266,9.977
[1758207036155706645],,,,-0.129,0.101,9.584
[1758207036161456593],,,,-0.211,-0.441,9.62
[1758207036167214718],,,,-0.304,0.402,9.972
[1758207036172969874],,,,-0.077,-0.512,10.096
[1758207036178725030],,,,-0.306,0.33,9.888
[1758207036184476957],,,,-0.199,-0.189,10.163
[1758207036190143468],,,,-0.326,-0.158,10.269
[1758207036196040238],,,,-0.16,0.302,9.665
[1758207036201732738],,,,-0.177,-0.457,9.512
[1758207036207566801],,,,-0.211,0.388,9.929
[1758207036213348988],,,,-0.259,-0.608,9.653
[1758207036219180655],,,,-0.201,0.17,9.67
[1758207036224952738],,,,-0.184,-0.271,9.759
[1758207036230792322],,,,-0.158,-0.259,9.91
[1758207036236528103],,,,-0.232,0.421,9.708
[1758207036242246749],,,,-0.158,-0.587,9.843
[1758207036247797061],,,,-0.254,0.4,9.948
[1758207036253953832],,,,-0.11,-0.414,9.981
[1758207036260425655],,,,-0.184,0.249,9.893
[1758207036266962530],,,,-0.235,0.453,9.665
[1758207036273387165],,,,0.026,-0.563,9.912
[1758207036280064040],,,,-0.232,0.237,9.409
[1758207036286567634],,,,-0.153,0.462,9.986
[1758207036293246488],,,,-0.122,-0.589,9.582
[1758207036299807790],,,,-0.101,0.251,9.807
[1758207036306368415],,,,-0.012,0.256,9.795
[1758207036313327530],,,,0.06,-0.596,9.934
[1758207036319316228],,,,0.117,0.599,10.068
[1758207036325691124],,,,0.026,0.326,9.615
[1758207036332527947],,,,0.244,-0.362,9.692
[1758207036338973051],,,,0.328,0.505,9.797
[1758207036345463259],,,,0.156,0.136,9.768
[1758207036351739040],,,,0.455,-0.321,9.89
[1758207036357503520],,,,0.189,0.627,9.723
[1758207036363331280],,,,0.153,-0.364,9.924
[1758207036369221488],,,,0.601,0.436,9.589
[1758207036374997634],,,,0.309,-0.127,9.747
[1758207036380672582],,,,0.347,-0.146,10.003
[1758207036386370551],,,,0.464,0.441,9.852
[1758207036392057634],,,,0.28,-0.294,9.711
[1758207036398183363],,,,0.263,0.56,9.574
[1758207036404076384],,,,0.448,-0.232,9.68
[1758207036410193988],,,,0.409,0.124,9.902
[1758207036415988520],,,,0.292,0.412,9.694
[1758207036421918572],,,,0.318,-0.462,9.855
[1758207036427683728],,,,0.273,0.658,9.732
[1758207036433470499],,,,0.29,-0.448,9.737
[1758207036439214353],,,,0.29,0.347,9.692
[1758207036444845186],,,,0.168,0.115,9.62
[1758207036450899145],,,,0.115,-0.268,9.847
[1758207036457541697],,,,0.16,0.512,9.869
[1758207036464015863],,,,0.242,-0.28,9.821
[1758207036470671488],,,,0.096,-0.045,10.041
[1758207036477198572],,,,0.103,0.393,9.907
[1758207036483681176],,,,0.01,-0.472,9.95
[1758207036490175134],,,,0.031,-0.048,9.802
[1758207036496641645],,,,-0.072,0.259,9.546
[1758207036503109822],,,,-0.05,-0.496,9.867
[1758207036509685967],,,,-0.108,0.182,9.754
[1758207036516265655],,,,-0.024,0.259,9.682
[1758207036522777582],,,,-0.031,-0.498,9.594
[1758207036529192061],,,,-0.034,0.175,9.905
[1758207036535665967],,,,-0.196,0.108,9.922
[1758207036542174822],,,,-0.225,-0.409,9.536
[1758207036548644301],,,,-0.251,0.328,9.773
[1758207036555234561],,,,-0.278,-0.455,9.685
[1758207036562083624],,,,-0.208,-0.474,9.881
[1758207036568555134],,,,-0.292,0.326,9.831
[1758207036575089561],,,,-0.445,-0.275,9.615
[1758207036581660499],,,,-0.273,-0.395,9.529
[1758207036588141540],,,,-0.438,0.338,9.946
[1758207036594651644],,,,-0.28,-0.103,9.845
[1758207036601051801],,,,-0.237,-0.158,10.041
[1758207036607385551],,,,-0.426,0.385,9.749
[1758207036614032894],,,,-0.204,-0.457,9.972
[1758207036620889353],,,,-0.175,-0.117,9.962
[1758207036627440915],,,,-0.151,0.543,9.768
[1758207036633947894],,,,-0.105,-0.476,9.931
[1758207036640626957],,,,-0.275,-0.127,9.752
[1758207036646948467],,,,-0.043,0.395,9.802
[1758207036653379405],,,,-0.022,-0.474,9.862
[1758207036659251280],,,,-0.06,0.263,9.955
[1758207036664995707],,,,0.141,-0.069,9.582
[1758207036670815759],,,,0.136,-0.278,9.898
[1758207036676579509],,,,0.122,0.431,9.874
[1758207036682377374],,,,0.333,-0.591,9.737
[1758207036687992269],,,,0.261,0.512,9.907
[1758207036693702530],,,,0.204,-0.409,10.025
[1758207036699541957],,,,0.208,0.263,9.759
[1758207036705385655],,,,0.136,0.309,9.651
[1758207036711134405],,,,0.304,-0.086,9.941
[1758207036716936749],,,,0.455,0.522,9.941
[1758207036722755707],,,,0.235,-0.366,9.728
[1758207036728483363],,,,0.402,0.448,9.807
[1758207036734297894],,,,0.4,-0.208,9.85
[1758207036740164769],,,,0.261,0.208,9.855
[1758207036745841280],,,,0.278,0.376,10.044
[1758207036751856332],,,,0.311,-0.304,9.85
[1758207036758484769],,,,0.187,0.579,9.795
[1758207036765261019],,,,0.381,0.005,9.924
[1758207036771946957],,,,0.177,-0.364,9.534
[1758207036777960134],,,,0.4,0.678,9.584
[1758207036784875603],,,,0.563,0.204,9.778
[1758207036791651019],,,,0.168,-0.206,9.658
[1758207036798204144],,,,0.218,0.608,9.73
[1758207036804716853],,,,0.297,-0.218,9.644
[1758207036811174926],,,,0.251,-0.359,9.701
[1758207036818048207],,,,0.177,0.553,9.869
[1758207036824436228],,,,0.206,-0.175,9.931
[1758207036831271540],,,,0.074,-0.318,9.926
[1758207036837596696],,,,0.101,0.448,10.063
[1758207036844192321],,,,0.22,-0.225,9.701
[1758207036851031957],,,,-0.045,-0.316,9.907
[1758207036856914144],,,,-0.096,0.515,9.998
[1758207036862657738],,,,0.134,-0.596,9.948
[1758207036868402686],,,,-0.141,0.524,9.567
[1758207036874177582],,,,0.01,-0.247,9.764
[1758207036879912842],,,,-0.141,-0.129,9.797
[1758207036885600499],,,,-0.06,0.034,9.536
[1758207036891363780],,,,-0.057,-0.309,9.57
[1758207036897075707],,,,-0.206,0.34,10.063
[1758207036902895186],,,,-0.122,-0.46,10.125
[1758207036908640342],,,,-0.215,0.381,9.898
[1758207036914398155],,,,-0.156,-0.244,9.948
[1758207036920047269],,,,-0.259,-0.194,10.319
[1758207036925686280],,,,-0.175,-0.024,9.807
[1758207036931449821],,,,-0.163,-0.481,9.895
[1758207036937127061],,,,-0.366,0.359,9.977
[1758207036942825811],,,,-0.251,-0.318,9.711
[1758207036948496644],,,,-0.414,0.385,9.907
[1758207036954467842],,,,-0.292,-0.201,9.735
[1758207036960755134],,,,-0.244,-0.177,10.108
[1758207036967298676],,,,-0.443,0.201,10.147
[1758207036973925082],,,,-0.22,-0.579,9.89
[1758207036980483623],,,,-0.17,-0.268,9.931
[1758207036986955342],,,,-0.17,0.436,9.919
[1758207036993455498],,,,-0.103,-0.302,10.214
[1758207036999967530],,,,-0.11,0.242,10.06
[1758207037006473363],,,,-0.304,0.503,9.445
[1758207037012972634],,,,-0.034,-0.539,9.67
[1758207037019400811],,,,0.057,0.373,9.708
[1758207037025958363],,,,-0.053,0.153,9.565
[1758207037032463676],,,,0.081,-0.352,9.819
[1758207037038967842],,,,0.031,0.417,10.034
[1758207037045478623],,,,0.026,-0.045,9.606
[1758207037052079926],,,,0.321,-0.613,9.773
[1758207037058569978],,,,0.201,0.493,9.701
[1758207037065036228],,,,0.215,0.024,9.747
[1758207037071562217],,,,0.172,-0.132,9.835
[1758207037078033571],,,,0.251,0.675,9.737
[1758207037084565446],,,,0.254,-0.251,9.783
[1758207037091059717],,,,0.359,-0.041,9.804
[1758207037097615967],,,,0.261,0.543,9.785
[1758207037104135030],,,,0.292,-0.283,9.799
[1758207037110546488],,,,0.287,0.007,9.756
[1758207037116896436],,,,0.309,0.508,9.919
[1758207037123676748],,,,0.326,-0.311,9.735
[1758207037130518259],,,,0.215,0.11,9.562
[1758207037137402165],,,,0.419,0.694,9.835
[1758207037143873259],,,,0.18,-0.141,9.965
[1758207037150380342],,,,0.263,0.127,9.84
[1758207037156398571],,,,0.163,0.457,9.57
[1758207037162116853],,,,0.036,-0.462,9.579
[1758207037167844873],,,,0.225,0.611,9.878
[1758207037173618780],,,,0.357,-0.16,10.087
[1758207037179370082],,,,0.381,0.294,9.534
[1758207037185110082],,,,0.23,0.304,9.72
[1758207037190917009],,,,0.187,-0.364,9.797
[1758207037196654144],,,,0.098,0.481,10.044
[1758207037202419665],,,,0.266,-0.543,10.099
[1758207037208180082],,,,0.017,0.438,9.828
[1758207037213925967],,,,0.05,-0.172,9.773
[1758207037219378155],,,,0.086,0.156,9.895
[1758207037225000655],,,,-0.002,0.098,9.74
[1758207037231051905],,,,-0.134,-0.306,9.457
[1758207037236995550],,,,-0.177,0.462,10.089
[1758207037242761800],,,,-0.196,-0.409,9.864
[1758207037248526436],,,,-0.014,0.551,9.639
[1758207037254400967],,,,-0.146,-0.184,9.831
[1758207037260947113],,,,-0.206,-0.184,10.027
[1758207037267391644],,,,-0.283,0.323,9.972
[1758207037273826905],,,,-0.28,-0.5,10.003
[1758207037280327269],,,,-0.438,-0.196,10.056
[1758207037286789873],,,,-0.251,0.225,9.857
[1758207037293247478],,,,-0.259,-0.493,10.005
[1758207037299744040],,,,-0.4,0.144,9.785
[1758207037306206800],,,,-0.292,0.0,9.89
[1758207037312699457],,,,-0.165,-0.572,9.519
[1758207037319148571],,,,-0.582,0.309,9.438
[1758207037325593415],,,,-0.244,0.034,9.771
[1758207037332163623],,,,-0.218,-0.426,9.713
[1758207037338487373],,,,-0.225,0.385,9.768
[1758207037345301853],,,,-0.199,-0.12,9.835
[1758207037351829873],,,,-0.093,-0.431,9.874
[1758207037357860394],,,,-0.196,0.517,9.527
[1758207037363679769],,,,0.115,-0.261,9.902
[1758207037369531332],,,,-0.067,0.23,9.78
[1758207037375330550],,,,-0.172,0.29,9.455
[1758207037381154925],,,,-0.041,-0.39,9.421
[1758207037386949665],,,,-0.151,0.311,9.826
[1758207037392685967],,,,0.048,-0.517,9.622
[1758207037398790707],,,,0.077,0.441,9.907
[1758207037404588311],,,,0.093,-0.069,9.883
[1758207037410416800],,,,0.17,-0.285,10.034
[1758207037416065550],,,,0.136,0.328,9.541
[1758207037421727373],,,,0.18,-0.371,9.689
[1758207037427598884],,,,0.211,0.541,9.598
[1758207037433403884],,,,0.364,-0.189,10.008
[1758207037438641019],,,,0.33,0.464,9.529
[1758207037444359196],,,,0.321,0.045,9.704
[1758207037450132165],,,,0.235,0.235,9.838
[1758207037455838832],,,,0.227,0.397,9.941
[1758207037461557634],,,,0.261,-0.426,9.984
[1758207037467241905],,,,0.429,0.548,9.845
[1758207037472953259],,,,0.412,-0.436,9.9
[1758207037478710550],,,,0.385,0.479,9.819
[1758207037484418155],,,,0.22,0.122,9.754
[1758207037490407894],,,,0.359,-0.206,9.862
[1758207037496091488],,,,0.527,0.369,9.886
[1758207037502093623],,,,0.448,-0.352,9.668
[1758207037507788259],,,,0.376,0.601,9.869
[1758207037513498936],,,,0.316,-0.105,9.977
[1758207037519143988],,,,0.17,0.419,9.718
[1758207037524857217],,,,0.369,0.17,9.771
[1758207037530625811],,,,0.16,-0.335,9.828
[1758207037536515134],,,,0.182,0.414,9.898
[1758207037542333519],,,,0.299,-0.496,9.615
[1758207037548002582],,,,0.196,0.46,9.503
[1758207037553811280],,,,0.122,-0.242,9.907
[1758207037560043727],,,,0.127,0.022,10.171
[1758207037566774613],,,,0.136,0.311,10.048
[1758207037573397165],,,,0.043,-0.527,9.692
[1758207037579887946],,,,0.081,0.249,10.065
[1758207037586372894],,,,-0.062,0.441,9.637
[1758207037592844977],,,,-0.06,-0.524,10.013
[1758207037599291019],,,,-0.117,0.338,9.929
[1758207037605889352],,,,-0.134,0.05,9.831
[1758207037612371123],,,,-0.211,-0.457,9.917
[1758207037618851540],,,,-0.079,0.462,9.608
[1758207037625328155],,,,-0.103,0.005,9.914
[1758207037631796592],,,,-0.268,-0.467,9.816
[1758207037638408571],,,,-0.287,0.287,9.701
[1758207037644922738],,,,-0.213,-0.283,9.663
[1758207037651423467],,,,-0.223,-0.541,9.548
[1758207037657505394],,,,-0.366,0.424,9.833
[1758207037663193259],,,,-0.311,-0.587,9.967
[1758207037669098467],,,,-0.271,0.194,9.651
[1758207037674839404],,,,-0.417,-0.093,9.833
[1758207037680153363],,,,-0.373,-0.211,9.809
[1758207037685893779],,,,-0.417,0.364,9.802
[1758207037690978259],,,,-0.414,-0.453,9.828
[1758207037696713675],,,,-0.249,0.29,9.938
[1758207037702406696],,,,-0.223,-0.584,9.512
[1758207037708079248],,,,-0.242,0.318,9.881
[1758207037713769404],,,,-0.189,-0.417,10.106
[1758207037719490498],,,,-0.306,0.105,9.893
[1758207037725236071],,,,-0.22,0.28,9.821
[1758207037730972686],,,,-0.089,-0.053,9.785
[1758207037736673311],,,,-0.254,0.52,9.905
[1758207037742209040],,,,-0.144,-0.414,9.464
[1758207037748111019],,,,-0.103,0.352,9.711
[1758207037753881175],,,,-0.002,-0.29,9.675
[1758207037760587946],,,,0.057,-0.359,10.087
[1758207037767074821],,,,-0.012,0.369,9.924
[1758207037773910707],,,,0.079,-0.46,10.254
[1758207037780508571],,,,0.208,-0.263,9.776
[1758207037786865707],,,,0.359,0.517,9.768
[1758207037793753884],,,,0.225,-0.18,9.778
[1758207037800472165],,,,0.273,0.201,9.823
[1758207037806795863],,,,0.278,0.656,9.68
[1758207037813284092],,,,0.362,-0.591,9.661
[1758207037819983207],,,,0.297,0.232,9.718
[1758207037826707634],,,,0.199,0.778,10.195
[1758207037833242946],,,,0.204,-0.436,9.828
[1758207037839883988],,,,0.141,0.101,9.876
[1758207037846550029],,,,0.306,0.393,9.929
[1758207037853204144],,,,0.362,-0.388,9.79
[1758207037860422790],,,,0.254,0.079,10.027
[1758207037867160081],,,,0.397,0.498,9.699
[1758207037873668363],,,,0.567,-0.381,10.015
[1758207037880190915],,,,0.285,0.129,9.527
[1758207037886684196],,,,0.192,0.309,10.214
[1758207037893196592],,,,0.263,-0.572,9.95
[1758207037899704613],,,,0.079,0.338,9.986
[1758207037906184665],,,,0.232,0.314,9.95
[1758207037912701696],,,,0.17,-0.498,10.029
[1758207037919161748],,,,0.204,0.208,9.531
[1758207037925640654],,,,0.079,0.127,9.725
[1758207037932122425],,,,0.244,-0.587,9.838
[1758207037938571852],,,,0.034,0.306,9.586
[1758207037945107113],,,,0.223,0.129,9.754
[1758207037951025654],,,,0.029,-0.433,9.558
[1758207037957466384],,,,-0.098,0.378,9.735
[1758207037963149977],,,,-0.158,-0.419,9.828
[1758207037968917894],,,,-0.201,0.136,9.706
[1758207037974171904],,,,-0.098,-0.132,9.941
[1758207037980025706],,,,-0.244,-0.144,10.048
[1758207037985754456],,,,-0.297,0.429,9.871
[1758207037991357217],,,,-0.189,-0.541,9.826
[1758207037996893050],,,,-0.189,0.417,9.898
[1758207038002626175],,,,-0.247,-0.709,9.673
[1758207038008331123],,,,-0.294,0.412,10.022
[1758207038013994248],,,,-0.342,-0.17,10.036
[1758207038019536331],,,,-0.412,0.091,9.917
[1758207038025224925],,,,-0.299,0.093,9.747
[1758207038030796904],,,,-0.316,-0.184,9.68
[1758207038036377946],,,,-0.359,0.369,10.039
[1758207038042397165],,,,-0.347,-0.718,9.428
[1758207038048484821],,,,-0.347,0.247,9.79
[1758207038053786904],,,,-0.218,-0.496,9.843
[1758207038060771956],,,,-0.122,-0.433,9.871
[1758207038067257373],,,,-0.302,0.397,9.857
[1758207038073914717],,,,-0.182,-0.407,9.912
[1758207038080429561],,,,-0.201,-0.187,10.036
[1758207038087425394],,,,-0.208,0.632,9.716
[1758207038093564665],,,,-0.048,-0.323,9.704
[1758207038100491071],,,,-0.065,-0.086,9.804
[1758207038106960811],,,,-0.158,0.579,9.835
[1758207038113441019],,,,-0.105,-0.338,9.675
[1758207038119888050],,,,-0.002,0.0,9.857
[1758207038126289456],,,,0.144,0.457,10.032
[1758207038133069821],,,,0.134,-0.536,9.651
[1758207038139410446],,,,0.172,0.227,9.867
[1758207038146170602],,,,0.256,0.364,9.811
[1758207038152538415],,,,0.072,-0.445,9.699
[1758207038158712477],,,,0.213,0.345,9.776
[1758207038164785081],,,,0.196,0.225,9.833
[1758207038170613623],,,,0.16,-0.134,9.641
[1758207038176378154],,,,0.23,0.558,9.898
[1758207038182171227],,,,0.441,-0.441,9.764
[1758207038188041956],,,,0.199,0.46,9.505
[1758207038193929456],,,,0.395,-0.005,9.895
[1758207038198997217],,,,0.359,0.378,9.61
[1758207038204662061],,,,0.433,0.218,9.972
[1758207038210231331],,,,0.218,0.113,9.95
[1758207038215760446],,,,0.208,0.412,9.905
[1758207038221712842],,,,0.357,-0.412,9.752
[1758207038227490550],,,,0.18,0.644,9.905
[1758207038233422061],,,,0.314,-0.096,9.783
[1758207038239186071],,,,0.419,0.45,9.716
[1758207038244891175],,,,0.35,0.136,9.711
[1758207038250652633],,,,0.249,-0.285,9.615
[1758207038256357581],,,,0.227,0.484,9.589
[1758207038262751175],,,,0.294,-0.539,9.799
[1758207038269230915],,,,0.134,0.328,9.618
[1758207038275602529],,,,0.177,0.096,9.668
[1758207038282002842],,,,0.256,-0.565,9.608
[1758207038288393311],,,,0.192,0.371,9.914
[1758207038295031644],,,,0.151,-0.005,9.708
[1758207038301574769],,,,0.103,-0.309,9.776
[1758207038308049352],,,,-0.153,0.417,9.898
[1758207038314525602],,,,0.074,-0.134,9.448
[1758207038321110342],,,,-0.069,-0.366,9.922
[1758207038327553727],,,,-0.05,0.412,9.895
[1758207038334043258],,,,-0.105,-0.06,9.713
[1758207038340534925],,,,-0.187,-0.17,10.221
[1758207038347013102],,,,-0.043,0.443,9.895
[1758207038353534144],,,,-0.206,-0.541,9.677
[1758207038359646904],,,,-0.29,0.105,9.941
[1758207038364969613],,,,-0.266,0.057,9.74
[1758207038370899248],,,,-0.314,-0.426,9.807
[1758207038376619456],,,,-0.271,0.426,9.926
[1758207038382351175],,,,-0.215,-0.704,9.656
[1758207038387523623],,,,-0.448,0.529,9.955
[1758207038393178206],,,,-0.261,-0.555,10.003
[1758207038399240238],,,,-0.338,0.045,9.764
[1758207038405024769],,,,-0.251,0.16,9.867
[1758207038410838519],,,,-0.201,-0.227,9.874
[1758207038416586279],,,,-0.445,0.448,10.048
[1758207038422336852],,,,-0.266,-0.651,9.531
[1758207038428108727],,,,-0.294,0.335,9.869
[1758207038434102790],,,,-0.263,-0.148,9.986
[1758207038439820342],,,,-0.072,0.129,9.85
[1758207038445454508],,,,-0.189,0.271,10.092
[1758207038451208727],,,,-0.124,-0.34,9.835
[1758207038456472477],,,,-0.148,0.486,9.876
[1758207038462958102],,,,-0.091,-0.369,9.586
[1758207038469466071],,,,-0.108,0.184,9.651
[1758207038476097060],,,,-0.146,0.273,9.567
[1758207038482767738],,,,-0.048,-0.441,9.618
[1758207038489228050],,,,-0.146,0.453,9.629
[1758207038495765342],,,,0.067,0.251,9.776
[1758207038502250133],,,,0.136,-0.352,9.862
[1758207038508708415],,,,0.297,0.328,9.948
[1758207038515225290],,,,0.18,0.127,9.922
[1758207038521724144],,,,0.457,-0.395,9.941
[1758207038528167269],,,,0.108,0.651,9.527
[1758207038534637685],,,,0.357,0.067,9.697
[1758207038541156019],,,,0.278,-0.206,9.591
[1758207038547679508],,,,0.158,0.548,9.651
[1758207038554161279],,,,0.347,-0.014,9.759
[1758207038560235029],,,,0.306,0.098,9.883
[1758207038567004717],,,,0.326,0.56,10.075
[1758207038573803623],,,,0.254,-0.113,9.931
[1758207038580168987],,,,0.299,0.048,9.931
[1758207038587149300],,,,0.314,0.601,10.257
[1758207038593516383],,,,0.455,-0.441,9.687
[1758207038600473935],,,,0.436,0.019,9.843
[1758207038607087894],,,,0.309,0.565,9.95
[1758207038613747998],,,,0.175,-0.397,10.056
[1758207038620347112],,,,0.256,-0.113,10.032
[1758207038626798883],,,,0.254,0.397,9.689
[1758207038633273258],,,,0.273,-0.417,9.821
[1758207038639775081],,,,0.165,0.218,9.867
[1758207038646246592],,,,0.251,0.352,9.62
[1758207038652732737],,,,0.259,-0.606,10.293
[1758207038659225029],,,,0.045,0.158,9.792
[1758207038665689873],,,,-0.002,0.057,9.591
[1758207038672159456],,,,0.057,-0.57,10.118
[1758207038678715290],,,,0.072,0.462,9.589
[1758207038685263883],,,,0.007,0.165,9.646
[1758207038691808206],,,,0.141,-0.443,9.711
[1758207038698210810],,,,-0.299,0.431,9.627
[1758207038704652008],,,,0.007,-0.098,9.668
[1758207038711184977],,,,-0.29,-0.433,9.608
[1758207038717686800],,,,-0.232,0.582,9.577
[1758207038724168102],,,,-0.261,-0.127,9.969
[1758207038730598310],,,,-0.247,-0.283,9.771
[1758207038737100342],,,,-0.235,0.194,10.142
[1758207038743564352],,,,-0.323,-0.575,9.926
[1758207038750064144],,,,-0.393,-0.024,10.216
[1758207038756592425],,,,-0.251,0.364,10.065
[1758207038763080029],,,,-0.187,-0.567,10.127
[1758207038768970706],,,,-0.445,0.283,9.663
[1758207038775503102],,,,-0.23,0.146,9.91
[1758207038782498102],,,,-0.278,-0.584,9.706
[1758207038788984196],,,,-0.194,0.395,9.79
[1758207038795431956],,,,-0.251,0.187,9.713
[1758207038801903987],,,,-0.206,-0.517,9.871
[1758207038808352529],,,,-0.251,0.256,9.601
[1758207038814814300],,,,-0.199,-0.024,9.692
[1758207038821372894],,,,-0.294,-0.285,9.79
[1758207038827835602],,,,-0.074,0.56,9.723
[1758207038834330237],,,,0.072,-0.163,9.878
[1758207038840809873],,,,-0.122,-0.194,9.96
[1758207038847237321],,,,-0.019,0.453,9.615
[1758207038853784977],,,,0.05,-0.35,9.953
[1758207038860074196],,,,0.067,0.05,9.759
[1758207038865818623],,,,0.081,0.321,9.747
[1758207038871540446],,,,0.184,-0.421,9.953
[1758207038877406956],,,,0.192,0.589,9.838
[1758207038883207008],,,,0.029,-0.311,9.73
[1758207038888943935],,,,0.227,0.453,9.855
[1758207038894698102],,,,0.323,-0.012,9.732
[1758207038900504717],,,,0.29,-0.215,9.919
[1758207038906218831],,,,0.158,0.388,9.967
[1758207038911994404],,,,0.244,-0.376,9.507
[1758207038917727789],,,,0.275,0.668,9.862
[1758207038923470654],,,,0.247,-0.077,10.001
[1758207038929320446],,,,0.18,0.084,10.046
[1758207038935052789],,,,0.417,0.069,9.723
[1758207038940888206],,,,0.251,-0.199,9.632
[1758207038946651071],,,,0.445,0.601,9.761
[1758207038952147269],,,,0.431,-0.421,9.519
[1758207038958172998],,,,0.383,0.493,9.768
[1758207038964919300],,,,0.204,0.266,9.735
[1758207038971486956],,,,0.309,-0.292,9.711
[1758207038978090602],,,,0.283,0.572,9.804
[1758207038984729821],,,,0.263,-0.026,9.692
[1758207038991401487],,,,0.309,-0.316,9.469
[1758207038997713571],,,,0.328,0.493,9.941
[1758207039004324456],,,,0.17,-0.215,9.804
[1758207039010696123],,,,0.175,-0.144,9.79
[1758207039017217216],,,,0.189,0.498,9.833
[1758207039023799196],,,,0.122,-0.536,9.752
[1758207039030222373],,,,0.034,-0.127,10.161
[1758207039036972321],,,,0.067,0.388,9.74
[1758207039043459925],,,,-0.002,-0.378,9.73
[1758207039049988831],,,,-0.053,0.096,9.787
[1758207039056451852],,,,-0.069,0.333,9.783
[1758207039061995185],,,,-0.041,-0.546,9.572
[1758207039067744769],,,,-0.268,0.378,9.641
[1758207039073424144],,,,-0.11,-0.397,9.881
[1758207039079158883],,,,-0.244,0.055,9.843
[1758207039084982529],,,,-0.273,0.11,9.761
[1758207039090900758],,,,-0.247,-0.52,9.852
[1758207039096572216],,,,-0.168,0.314,10.034
[1758207039102070810],,,,-0.18,-0.68,9.697
[1758207039107767789],,,,-0.323,0.417,9.742
[1758207039113479821],,,,-0.292,-0.409,9.819
[1758207039119219612],,,,-0.237,-0.005,9.792
[1758207039124820602],,,,-0.35,-0.148,9.84
[1758207039130399612],,,,-0.354,-0.393,9.929
[1758207039136087581],,,,-0.299,0.309,9.85
[1758207039141824456],,,,-0.318,-0.603,9.543
[1758207039147499560],,,,-0.249,0.409,9.943
[1758207039153224352],,,,-0.122,-0.424,10.089
[1758207039159020550],,,,-0.211,0.249,9.893
[1758207039165495498],,,,-0.215,0.172,9.883
[1758207039172057737],,,,-0.062,-0.579,9.986
[1758207039178817737],,,,-0.115,0.211,9.687
[1758207039185384404],,,,-0.048,0.419,9.764
[1758207039191960914],,,,-0.215,-0.448,9.653
[1758207039198440706],,,,-0.069,0.393,9.663
[1758207039204911279],,,,0.065,0.215,9.713
[1758207039211485862],,,,0.012,-0.553,9.716
[1758207039217941279],,,,0.031,0.395,9.704
[1758207039224414560],,,,0.002,-0.23,9.912
[1758207039230789768],,,,0.079,-0.34,9.783
[1758207039237129612],,,,0.239,0.51,9.95
[1758207039243747998],,,,0.01,-0.146,9.699
[1758207039250555914],,,,0.232,-0.034,9.62
[1758207039257205237],,,,0.304,0.622,9.917
[1758207039263716279],,,,0.333,-0.062,10.003
[1758207039270238883],,,,0.184,0.069,9.74
[1758207039276677685],,,,0.285,0.622,10.07
[1758207039283207737],,,,0.304,-0.318,9.874
[1758207039289706279],,,,0.33,0.084,9.986
[1758207039296517529],,,,0.369,0.438,9.816
[1758207039303018050],,,,0.321,-0.515,9.84
[1758207039309563675],,,,0.366,0.309,9.967
[1758207039316097789],,,,0.223,0.486,9.831
[1758207039322795602],,,,0.388,-0.359,9.845
[1758207039329569091],,,,0.204,0.448,9.708
[1758207039336045862],,,,0.247,0.505,9.522
[1758207039342762893],,,,0.474,-0.347,9.998
[1758207039349234352],,,,0.172,0.256,9.706
[1758207039355728050],,,,0.268,0.247,9.828
[1758207039361891956],,,,0.22,-0.426,9.828
[1758207039367646227],,,,0.218,0.464,9.759
[1758207039373442841],,,,0.16,-0.352,10.027
[1758207039379244821],,,,0.184,0.12,9.713
[1758207039385197945],,,,0.16,0.122,9.723
[1758207039390915237],,,,0.041,-0.436,9.821
[1758207039396494456],,,,0.079,0.378,9.665
[1758207039402246904],,,,0.057,-0.57,9.392
[1758207039407705810],,,,-0.237,0.4,9.764
[1758207039413487998],,,,-0.019,-0.543,9.522
[1758207039419228831],,,,-0.201,0.01,9.929
[1758207039424934560],,,,-0.096,0.218,9.749
[1758207039430691591],,,,-0.153,-0.4,9.606
[1758207039436376175],,,,0.151,0.584,10.398
[1758207039442080393],,,,-0.199,-0.481,9.756
[1758207039447779456],,,,-0.038,0.189,9.785
[1758207039453453102],,,,-0.122,-0.512,9.845
[1758207039458928258],,,,-0.22,-0.074,9.716
[1758207039465310289],,,,-0.4,0.146,9.869
[1758207039471730498],,,,-0.184,-0.524,9.73
[1758207039478348206],,,,-0.287,0.29,9.747
[1758207039484826123],,,,-0.199,-0.278,9.699
[1758207039491659404],,,,-0.23,-0.352,10.041
[1758207039498100862],,,,-0.249,0.393,9.823
[1758207039504850966],,,,-0.232,-0.072,9.68
[1758207039511286748],,,,-0.199,-0.512,9.953
[1758207039517889091],,,,-0.4,0.426,9.74
[1758207039524366956],,,,-0.242,-0.062,10.08
[1758207039530982685],,,,-0.378,-0.445,10.092
[1758207039537535654],,,,-0.132,0.4,9.708
[1758207039544105862],,,,-0.041,-0.271,9.675
[1758207039550680393],,,,-0.182,-0.177,9.852
[1758207039557261227],,,,-0.091,0.541,9.941
[1758207039563489143],,,,-0.086,-0.237,9.917
[1758207039569358883],,,,-0.105,-0.005,9.764
[1758207039575106018],,,,0.144,0.354,9.78
[1758207039580930914],,,,-0.01,-0.158,9.663
[1758207039586686643],,,,0.165,0.424,10.048
[1758207039592529508],,,,0.012,-0.436,9.917
[1758207039597991800],,,,0.124,0.438,9.778
[1758207039603571643],,,,0.278,-0.211,9.771
[1758207039609544300],,,,0.266,-0.01,9.9
[1758207039615507060],,,,0.077,0.407,9.998
[1758207039620968258],,,,0.199,-0.266,9.819
[1758207039626884612],,,,0.292,0.52,9.938
[1758207039632652060],,,,0.215,-0.359,9.826
[1758207039638332685],,,,0.251,0.347,9.773
[1758207039643870341],,,,0.419,-0.034,9.761
[1758207039649752997],,,,0.455,0.117,10.075
[1758207039655475758],,,,0.273,0.541,9.85
[1758207039661290654],,,,0.407,-0.223,9.349
[1758207039667724247],,,,0.35,0.649,10.127
[1758207039674114716],,,,0.196,-0.053,9.878
[1758207039680579612],,,,0.196,0.034,9.768
[1758207039687439560],,,,0.453,0.622,9.874
[1758207039694083050],,,,0.29,-0.038,9.89
[1758207039701115758],,,,0.314,-0.239,9.62
[1758207039707663831],,,,0.175,0.697,9.61
[1758207039714125914],,,,0.385,-0.022,9.764
[1758207039720542737],,,,0.215,-0.124,9.845
[1758207039726857320],,,,0.113,0.575,9.697
[1758207039733384195],,,,0.208,-0.309,10.036
[1758207039740182529],,,,0.165,-0.165,10.017
[1758207039746654925],,,,0.227,0.455,9.749
[1758207039753125706],,,,0.177,-0.455,9.905
[1758207039759631800],,,,0.053,0.096,9.89
[1758207039766109247],,,,0.213,0.405,9.886
[1758207039772513414],,,,0.069,-0.481,9.74
[1758207039779077060],,,,-0.05,0.081,9.807
[1758207039785519664],,,,-0.124,0.074,9.562
[1758207039791985706],,,,0.256,-0.517,9.979
[1758207039798535966],,,,-0.177,0.414,9.764
[1758207039805082216],,,,-0.148,0.242,9.725
[1758207039811625185],,,,-0.156,-0.359,9.888
[1758207039818089977],,,,-0.22,0.294,9.582
[1758207039825108258],,,,-0.16,-0.055,9.768
[1758207039831741904],,,,-0.022,-0.486,9.711
[1758207039838200029],,,,-0.259,0.256,9.89
[1758207039844690862],,,,-0.333,-0.089,9.84
[1758207039851083570],,,,-0.407,-0.424,9.938
[1758207039857765602],,,,-0.28,0.46,9.914
[1758207039863981643],,,,-0.287,-0.026,9.62
[1758207039869814872],,,,-0.397,-0.079,9.905
[1758207039875569247],,,,-0.429,0.263,9.723
[1758207039881313935],,,,-0.261,-0.618,9.852
[1758207039887112477],,,,-0.316,0.412,9.883
[1758207039892938258],,,,-0.187,-0.402,9.816
[1758207039898748622],,,,-0.012,0.184,9.689
[1758207039904580133],,,,-0.223,-0.115,9.776
[1758207039909906227],,,,-0.053,-0.113,9.957
[1758207039915695133],,,,-0.132,0.316,9.697
[1758207039921356747],,,,-0.129,-0.271,9.663
[1758207039926429508],,,,-0.235,0.512,9.922
[1758207039932170549],,,,-0.132,-0.505,9.838
[1758207039937835966],,,,-0.024,0.481,9.572
[1758207039943358049],,,,0.062,-0.29,9.646
[1758207039948892737],,,,-0.096,0.381,9.692
[1758207039954614091],,,,0.043,0.134,9.768
[1758207039960383831],,,,0.012,-0.371,9.773
[1758207039966637893],,,,0.108,0.488,9.855
[1758207039973254039],,,,0.158,-0.484,9.735
[1758207039979779820],,,,0.146,-0.014,9.843
[1758207039986288622],,,,0.065,0.426,9.697
[1758207039992777893],,,,0.146,-0.333,9.713
[1758207039999379872],,,,0.266,0.385,9.737
[1758207040005947164],,,,0.244,0.601,9.471
[1758207040012407945],,,,0.376,-0.553,10.132
[1758207040018686643],,,,0.223,0.383,9.835
[1758207040025277581],,,,0.278,0.29,9.685
[1758207040031764143],,,,0.184,-0.457,9.862
[1758207040038373831],,,,0.175,0.63,10.027
[1758207040045207633],,,,0.338,0.163,9.591
[1758207040051168310],,,,0.417,-0.352,9.637
[1758207040058379039],,,,0.163,0.754,9.89
[1758207040065005862],,,,0.376,0.211,9.529
[1758207040070935497],,,,0.397,-0.211,9.996
[1758207040076686591],,,,0.278,0.649,9.864
[1758207040082466799],,,,0.177,-0.299,9.718
[1758207040088272424],,,,0.017,0.496,9.694
[1758207040094029820],,,,0.283,-0.129,9.668
[1758207040099814508],,,,0.213,-0.156,9.732
[1758207040105457164],,,,0.225,0.292,9.943
[1758207040111165341],,,,0.163,-0.385,9.823
[1758207040116689039],,,,0.146,0.512,10.187
[1758207040122239924],,,,0.215,-0.711,9.797
[1758207040127952476],,,,0.168,0.378,9.809
[1758207040133637581],,,,0.077,-0.117,9.697
[1758207040139341435],,,,0.041,0.096,9.936
[1758207040145038883],,,,0.005,0.18,9.9
[1758207040150769091],,,,0.014,-0.393,9.718
[1758207040156431643],,,,-0.148,0.476,10.058
[1758207040161945185],,,,-0.239,-0.546,9.898
[1758207040168186487],,,,-0.055,0.409,9.785
[1758207040174593206],,,,-0.108,-0.115,9.708
[1758207040181337164],,,,-0.18,-0.45,9.912
[1758207040187837424],,,,-0.369,0.491,9.855
[1758207040194365654],,,,-0.256,-0.096,9.855
[1758207040201101695],,,,-0.273,-0.543,9.878
[1758207040207675341],,,,-0.259,0.306,9.955
[1758207040214183101],,,,-0.113,-0.134,9.665
[1758207040220569924],,,,-0.354,-0.378,9.744
[1758207040227055029],,,,-0.287,0.405,9.833
[1758207040233726226],,,,-0.292,-0.201,9.668
[1758207040240111747],,,,-0.285,-0.038,9.972
[1758207040246726487],,,,-0.16,0.338,10.108
[1758207040253510029],,,,-0.218,-0.405,9.742
[1758207040260003726],,,,-0.196,-0.184,9.792
[1758207040265992060],,,,-0.263,0.39,10.175
[1758207040271687476],,,,-0.201,-0.481,9.831
[1758207040277162685],,,,-0.11,0.479,9.795
[1758207040282919612],,,,-0.129,-0.34,9.96
[1758207040288446174],,,,-0.093,0.4,9.601
[1758207040294199976],,,,-0.165,0.189,9.922
[1758207040299958570],,,,-0.113,0.146,9.859
[1758207040305477528],,,,-0.165,0.429,9.574
[1758207040311327424],,,,-0.093,-0.488,9.701
[1758207040317018778],,,,0.098,0.493,9.73
[1758207040322722268],,,,0.074,-0.309,9.941
[1758207040328464560],,,,0.077,0.35,9.843
[1758207040334227841],,,,0.057,0.139,10.096
[1758207040339954403],,,,0.168,-0.141,10.048
[1758207040345442008],,,,0.134,0.39,9.735
[1758207040351158883],,,,0.163,-0.522,9.878
[1758207040356850341],,,,0.278,0.555,9.907
[1758207040362500862],,,,0.211,-0.345,9.785
[1758207040368828935],,,,0.335,0.227,9.694
[1758207040374972268],,,,0.204,0.215,9.761
[1758207040381310237],,,,0.16,-0.189,9.761
[1758207040388003049],,,,0.359,0.73,9.838
[1758207040394433206],,,,0.39,-0.086,9.838
[1758207040400708883],,,,0.34,-0.28,9.641
[1758207040407281487],,,,0.294,0.484,9.931
[1758207040414014143],,,,0.34,-0.007,9.792
[1758207040420861435],,,,0.194,-0.338,9.768
[1758207040427660966],,,,0.247,0.474,9.752
[1758207040434459924],,,,0.328,-0.053,9.61
[1758207040440861278],,,,0.338,-0.244,9.754
[1758207040447190289],,,,0.144,0.472,9.675
[1758207040453810028],,,,0.445,0.065,9.833
[1758207040460469143],,,,0.101,-0.041,9.876
[1758207040467406487],,,,0.259,0.378,9.697
[1758207040473944351],,,,0.194,-0.084,9.871
[1758207040480362476],,,,0.285,-0.275,9.814
[1758207040486477633],,,,0.065,0.45,9.713
[1758207040493278778],,,,0.134,-0.395,9.996
[1758207040499862268],,,,0.026,0.007,9.799
[1758207040506490862],,,,0.122,0.424,9.905
[1758207040513541487],,,,0.141,-0.342,9.759
[1758207040520111018],,,,-0.223,-0.256,9.965
[1758207040526495758],,,,-0.012,0.441,9.809
[1758207040533092737],,,,-0.096,-0.376,9.912
[1758207040539625966],,,,-0.11,0.081,9.838
[1758207040546112424],,,,-0.204,0.385,10.144
[1758207040552707424],,,,-0.041,-0.575,9.711
[1758207040559180341],,,,-0.311,-0.117,9.852
[1758207040565465549],,,,-0.28,0.17,9.505
[1758207040571340810],,,,-0.115,-0.546,9.759
[1758207040577116330],,,,-0.249,0.431,9.802
[1758207040582834768],,,,-0.453,-0.462,9.991
[1758207040588627997],,,,-0.175,0.251,9.797
[1758207040594392580],,,,-0.172,0.113,9.967
[1758207040600145705],,,,-0.357,-0.376,9.749
[1758207040606007008],,,,-0.223,0.493,9.799
[1758207040611864403],,,,-0.424,-0.613,9.823
[1758207040617581278],,,,-0.393,0.345,10.003
[1758207040623200549],,,,-0.16,-0.397,9.857
[1758207040629184924],,,,-0.211,-0.105,9.84
[1758207040635223362],,,,-0.287,0.271,9.809
[1758207040641037060],,,,-0.201,-0.488,10.034
[1758207040646711487],,,,-0.153,0.472,9.859
[1758207040652488570],,,,-0.103,-0.366,9.778
[1758207040658348518],,,,-0.113,0.316,9.646
[1758207040664084716],,,,-0.043,0.105,9.538
[1758207040670611487],,,,0.019,-0.263,9.632
[1758207040677116591],,,,-0.024,0.33,9.742
[1758207040683343570],,,,0.005,-0.383,9.761
[1758207040690109143],,,,-0.117,-0.074,9.996
[1758207040696883570],,,,0.06,0.577,9.807
[1758207040703330810],,,,0.16,-0.543,9.895
[1758207040709899716],,,,0.22,0.122,9.835
[1758207040716324768],,,,0.055,0.4,9.907
[1758207040722986955],,,,0.199,-0.232,10.096
[1758207040729748049],,,,0.335,0.01,9.728
[1758207040736203935],,,,0.34,0.333,9.685
[1758207040742675341],,,,0.33,-0.366,9.821
[1758207040749097424],,,,0.223,0.338,9.61
[1758207040755608987],,,,0.362,0.57,9.761
[1758207040762166226],,,,0.306,-0.445,9.392
[1758207040768213257],,,,0.438,0.464,9.893
[1758207040773988205],,,,0.311,0.026,9.814
[1758207040779828101],,,,0.405,-0.12,9.9
[1758207040785591903],,,,0.266,0.522,10.166
[1758207040791295549],,,,0.318,-0.426,9.759
[1758207040797323101],,,,0.215,0.716,9.634
[1758207040802861955],,,,0.211,-0.326,10.08
[1758207040808405237],,,,0.357,0.244,9.606
[1758207040814126330],,,,0.271,-0.043,9.943
[1758207040819981018],,,,0.259,-0.074,9.852
[1758207040825509195],,,,0.17,0.421,9.953
[1758207040831268518],,,,0.242,-0.33,9.596
[1758207040836962789],,,,0.235,0.515,9.697
[1758207040842663101],,,,0.268,-0.424,9.957
[1758207040848181174],,,,0.199,0.369,9.665
[1758207040853796955],,,,0.134,-0.103,9.857
[1758207040859558726],,,,0.055,-0.33,9.914
[1758207040865345393],,,,0.053,0.211,9.929
[1758207040871779091],,,,0.141,-0.555,9.699
[1758207040878447685],,,,-0.036,0.256,9.622
[1758207040884944039],,,,-0.048,-0.019,9.716
[1758207040891532945],,,,-0.048,-0.496,9.577
[1758207040897958830],,,,-0.455,0.522,9.711
[1758207040904449091],,,,-0.084,-0.086,9.68
[1758207040910960966],,,,-0.134,-0.182,9.646
[1758207040917406487],,,,-0.168,0.342,9.737
[1758207040923965497],,,,-0.218,-0.381,9.893
[1758207040930420237],,,,-0.247,-0.381,9.661
[1758207040936955497],,,,-0.029,0.35,10.022
[1758207040943410237],,,,-0.23,-0.409,9.799
[1758207040949990601],,,,-0.414,-0.007,9.967
[1758207040956703674],,,,-0.342,0.321,10.551
[1758207040963190028],,,,-0.273,-0.33,9.831
[1758207040969098309],,,,-0.127,0.005,10.02
[1758207040974852528],,,,-0.438,0.146,9.855
[1758207040980667789],,,,-0.433,-0.433,9.687
[1758207040986551382],,,,-0.237,0.335,10.218
[1758207040992312841],,,,-0.086,-0.563,10.101
[1758207040998087424],,,,-0.199,0.151,9.768
[1758207041003837164],,,,-0.218,-0.314,9.766
[1758207041009505132],,,,-0.093,-0.036,10.07
[1758207041015275809],,,,-0.204,0.426,9.749
[1758207041021423570],,,,-0.096,-0.357,9.658
[1758207041027260809],,,,-0.146,0.536,9.797
[1758207041033141226],,,,-0.036,-0.089,9.651
[1758207041039047059],,,,-0.132,-0.038,9.855
[1758207041044796851],,,,0.074,0.048,9.586
[1758207041050481070],,,,0.122,-0.309,9.694
[1758207041056217945],,,,0.084,0.45,10.044
[1758207041061963309],,,,0.239,-0.596,9.692
[1758207041067760862],,,,0.065,0.419,9.804
[1758207041073532580],,,,0.299,-0.182,9.708
[1758207041079291539],,,,0.242,-0.11,10.01
[1758207041084526382],,,,0.287,0.294,9.828
[1758207041090472841],,,,0.251,-0.311,9.689
[1758207041096313257],,,,0.151,0.52,9.651
[1758207041101903101],,,,0.182,-0.541,9.778
[1758207041107703726],,,,0.208,0.481,9.855
[1758207041113397424],,,,0.235,-0.043,9.912
[1758207041119198882],,,,0.357,0.381,10.029
[1758207041124895289],,,,0.232,0.227,9.924
[1758207041130737268],,,,0.347,-0.275,9.857
[1758207041136320861],,,,0.208,0.608,9.974
[1758207041141963205],,,,0.505,-0.599,9.926
[1758207041147760393],,,,0.393,0.546,9.67
[1758207041153735549],,,,0.333,-0.038,9.826
[1758207041159756382],,,,0.287,-0.029,9.606
[1758207041165518466],,,,0.244,0.46,9.689
[1758207041171935445],,,,0.364,-0.405,9.747
[1758207041178512841],,,,0.414,0.596,9.799
[1758207041184998882],,,,0.271,0.299,9.443
[1758207041191554403],,,,0.318,-0.579,9.555
[1758207041198045080],,,,0.211,0.484,9.85
[1758207041204458518],,,,0.287,-0.122,9.847
[1758207041210967320],,,,0.034,-0.529,9.835
[1758207041217396643],,,,0.079,0.385,9.876
[1758207041223903674],,,,0.005,-0.232,9.644
[1758207041230494247],,,,0.134,-0.397,9.919
[1758207041237286955],,,,-0.067,0.51,9.613
[1758207041242947945],,,,0.103,-0.407,9.689
[1758207041249239143],,,,0.029,-0.002,10.195
[1758207041255720236],,,,-0.022,0.254,9.536
[1758207041262298049],,,,-0.156,-0.658,9.711
[1758207041268444924],,,,-0.017,0.378,9.675
[1758207041274233622],,,,-0.024,-0.132,9.699
[1758207041280068726],,,,-0.134,-0.395,9.761
[1758207041285832528],,,,-0.206,0.352,9.977
[1758207041291574403],,,,-0.204,-0.474,9.807
[1758207041297297632],,,,-0.144,0.338,9.89
[1758207041302969768],,,,-0.172,-0.321,10.094
[1758207041308803882],,,,-0.273,-0.098,10.238
[1758207041314566539],,,,-0.175,-0.101,9.634
[1758207041320487059],,,,-0.302,-0.345,9.831
[1758207041326315445],,,,-0.299,0.424,10.101
[1758207041332109976],,,,-0.287,-0.503,9.881
[1758207041338053986],,,,-0.333,0.204,9.572
[1758207041343828414],,,,-0.251,-0.441,9.663
[1758207041349378986],,,,-0.249,-0.017,9.934
[1758207041355181018],,,,-0.371,0.232,9.776
[1758207041360863101],,,,-0.045,-0.388,9.687
[1758207041366637111],,,,-0.383,0.345,9.864
[1758207041373064247],,,,-0.283,-0.488,9.823
[1758207041379451330],,,,-0.036,-0.096,9.73
[1758207041386102059],,,,-0.134,0.35,9.991
[1758207041392612424],,,,-0.124,-0.429,9.795
[1758207041399096382],,,,-0.069,0.419,9.773
[1758207041405563570],,,,-0.005,0.405,9.819
[1758207041412042528],,,,-0.029,-0.481,9.682
[1758207041418503934],,,,-0.122,0.273,9.862
[1758207041424988986],,,,0.249,0.275,9.816
[1758207041431511434],,,,0.242,-0.572,9.625
[1758207041438327476],,,,0.261,0.357,9.9
[1758207041444817736],,,,0.218,0.156,9.773
[1758207041451340184],,,,0.268,-0.414,9.888
[1758207041457728518],,,,0.165,0.51,9.728
[1758207041464039195],,,,0.306,0.057,9.74
[1758207041470425757],,,,0.208,-0.108,9.764
[1758207041477153674],,,,0.18,0.493,9.838
[1758207041483635966],,,,0.213,-0.081,9.867
[1758207041490201278],,,,0.292,-0.05,9.675
[1758207041496705132],,,,0.448,0.658,9.68
[1758207041503210497],,,,0.192,-0.17,9.953
[1758207041509724455],,,,0.457,-0.041,10.029
[1758207041516498570],,,,0.199,0.596,9.512
[1758207041522965288],,,,0.376,-0.323,9.926
[1758207041529846955],,,,0.424,-0.093,9.778
[1758207041536465913],,,,0.259,0.541,9.641
[1758207041543306799],,,,0.29,-0.196,10.178
[1758207041549741330],,,,0.129,-0.151,9.876
[1758207041556338622],,,,0.393,0.541,10.099
[1758207041563061955],,,,0.199,-0.354,9.72
[1758207041569390028],,,,0.194,0.103,9.974
[1758207041575108518],,,,0.148,0.204,9.682
[1758207041580847320],,,,0.23,-0.469,9.878
[1758207041586666747],,,,0.091,0.534,10.022
[1758207041592438622],,,,0.22,-0.599,10.216
[1758207041598163674],,,,0.117,0.223,9.799
[1758207041603965809],,,,0.067,0.079,9.972
[1758207041609994143],,,,-0.022,-0.292,9.78
[1758207041615873986],,,,-0.007,0.443,9.972
[1758207041621740393],,,,-0.081,-0.587,9.773
[1758207041627357580],,,,-0.081,0.476,9.538
[1758207041633679090],,,,-0.079,-0.026,9.603
[1758207041639678934],,,,-0.18,-0.285,9.946
[1758207041645577893],,,,-0.294,0.199,9.922
[1758207041650816851],,,,-0.18,-0.543,9.663
[1758207041656660393],,,,-0.441,0.433,9.91
[1758207041662363309],,,,-0.297,-0.508,9.85
[1758207041668220080],,,,-0.29,0.244,9.673
[1758207041673936590],,,,-0.268,-0.232,9.771
[1758207041680791278],,,,-0.175,-0.445,10.072
[1758207041687210757],,,,-0.373,0.486,9.773
[1758207041693675236],,,,-0.208,-0.256,10.02
[1758207041700291278],,,,-0.306,-0.373,9.689
[1758207041706848622],,,,-0.163,0.249,9.926
[1758207041713413882],,,,-0.156,-0.354,10.084
[1758207041720249455],,,,-0.405,-0.311,9.859
[1758207041726764351],,,,-0.304,0.448,9.984
[1758207041733090861],,,,-0.026,-0.4,9.637
[1758207041739721382],,,,-0.148,-0.069,9.845
[1758207041746763101],,,,-0.261,0.357,9.692
[1758207041753232632],,,,-0.086,-0.373,10.202
[1758207041759742476],,,,-0.065,0.057,9.845
[1758207041766236382],,,,-0.002,0.455,9.629
[1758207041772609559],,,,0.077,-0.421,9.718
[1758207041779163257],,,,-0.074,0.268,9.893
[1758207041785639247],,,,0.117,0.438,9.72
[1758207041792168205],,,,0.151,-0.512,10.127
[1758207041798664247],,,,0.11,0.175,9.708
[1758207041805227736],,,,0.247,0.239,10.089
[1758207041811728934],,,,0.18,-0.371,9.898
[1758207041818287267],,,,0.0,0.464,9.737
[1758207041824786903],,,,0.22,0.223,9.565
[1758207041831373726],,,,0.345,-0.354,9.701
[1758207041837850497],,,,0.261,0.512,9.749
[1758207041844351382],,,,0.235,-0.002,10.034
[1758207041851153726],,,,0.175,-0.453,9.737
[1758207041857682424],,,,0.292,0.539,9.864
[1758207041863998465],,,,0.424,0.12,10.025
[1758207041870213726],,,,0.309,-0.005,9.649
[1758207041876014872],,,,0.304,0.474,9.984
[1758207041882001590],,,,0.251,-0.34,9.615
[1758207041887515965],,,,0.259,0.536,9.697
[1758207041893559455],,,,0.45,0.002,9.831
[1758207041899341747],,,,0.347,-0.026,9.867
[1758207041905052528],,,,0.453,0.407,9.543
[1758207041910793413],,,,0.338,-0.383,9.926
[1758207041916472424],,,,0.249,0.627,9.663
[1758207041922164299],,,,0.402,-0.409,9.785
[1758207041927838153],,,,0.192,0.371,9.701
[1758207041933542632],,,,0.146,-0.11,9.878
[1758207041939048882],,,,0.165,0.002,9.929
[1758207041944727840],,,,0.168,0.141,9.981
[1758207041950893986],,,,0.134,-0.594,9.778
[1758207041956752580],,,,0.053,0.421,9.749
[1758207041962546486],,,,0.074,-0.357,9.948
[1758207041968354038],,,,0.103,0.163,9.529
[1758207041974754142],,,,-0.062,0.038,9.819
[1758207041981513049],,,,-0.012,-0.601,9.725
[1758207041988116330],,,,-0.053,0.194,9.632
[1758207041994601486],,,,-0.019,0.098,9.89
[1758207042001150184],,,,-0.16,-0.45,9.663
[1758207042007756486],,,,-0.069,0.306,9.716
[1758207042014211278],,,,-0.074,0.022,9.527
[1758207042020577840],,,,-0.168,-0.378,9.78
[1758207042027115809],,,,-0.254,0.414,9.979
[1758207042033468726],,,,-0.263,-0.419,9.491
[1758207042040273830],,,,-0.263,-0.462,10.247
[1758207042046747007],,,,-0.285,0.4,10.254
[1758207042053427424],,,,-0.23,-0.347,9.845
[1758207042059943049],,,,-0.273,-0.108,9.768
[1758207042066443049],,,,-0.328,0.486,9.773
[1758207042073001069],,,,-0.34,-0.567,10.082
[1758207042079566955],,,,-0.23,-0.206,9.914
[1758207042086039924],,,,-0.259,0.247,10.139
[1758207042092531955],,,,-0.23,-0.661,9.723
[1758207042098995965],,,,-0.263,0.156,9.991
[1758207042105533361],,,,-0.199,0.366,9.744
[1758207042112033257],,,,-0.072,-0.35,10.111
[1758207042118558726],,,,-0.158,0.297,9.613
[1758207042125030601],,,,-0.206,0.227,9.888
[1758207042131571538],,,,-0.146,-0.524,9.792
[1758207042138020653],,,,-0.146,0.395,9.601
[1758207042144528205],,,,-0.029,0.196,9.874
[1758207042151075392],,,,0.113,-0.278,9.656
[1758207042157740913],,,,0.194,0.57,9.776
[1758207042164667163],,,,0.134,0.153,9.943
[1758207042170802215],,,,0.297,-0.445,9.641
[1758207042176964194],,,,0.065,0.52,9.972
[1758207042182745236],,,,0.237,-0.381,9.723
[1758207042188512476],,,,0.184,0.323,9.591
[1758207042194324924],,,,0.244,0.256,9.613
[1758207042199723778],,,,0.417,-0.134,9.914
[1758207042205560757],,,,0.283,0.508,9.898
[1758207042211249767],,,,0.275,-0.354,9.637
[1758207042216907892],,,,0.244,0.663,9.55
[1758207042222624090],,,,0.35,-0.364,10.056
[1758207042228295757],,,,0.232,0.259,9.936
[1758207042233994299],,,,0.273,0.024,9.926
[1758207042239311851],,,,0.443,-0.06,10.027
[1758207042245351955],,,,0.223,0.536,9.78
[1758207042251545340],,,,0.292,-0.431,9.816
[1758207042257848101],,,,0.16,0.757,9.699
[1758207042264026226],,,,0.472,-0.12,9.965
[1758207042269869871],,,,0.204,-0.084,9.838
[1758207042276382736],,,,0.285,0.393,9.577
[1758207042282785236],,,,0.326,-0.187,10.041
[1758207042289536590],,,,0.213,0.086,9.759
[1758207042296168153],,,,0.215,0.433,10.068
[1758207042302649299],,,,0.163,-0.464,10.094
[1758207042309119403],,,,0.146,-0.034,9.871
[1758207042315601694],,,,-0.086,0.254,9.926
[1758207042322109351],,,,0.156,-0.548,9.656
[1758207042328621694],,,,0.038,0.189,9.711
[1758207042335177476],,,,0.053,0.302,9.618
[1758207042341648257],,,,0.108,-0.548,10.058
[1758207042348115549],,,,0.067,0.302,9.907
[1758207042354586017],,,,-0.002,-0.055,9.766
[1758207042361406955],,,,-0.141,-0.587,9.73
[1758207042367949299],,,,-0.16,0.529,9.39
[1758207042373926590],,,,-0.067,0.041,9.682
[1758207042379761017],,,,-0.208,-0.436,9.847
[1758207042385509142],,,,-0.002,0.266,10.101
[1758207042391307996],,,,-0.247,-0.725,9.972
[1758207042397069663],,,,-0.306,0.299,10.041
[1758207042402852996],,,,-0.184,-0.385,9.9
[1758207042408669038],,,,-0.247,0.249,9.838
[1758207042414538830],,,,-0.251,-0.043,9.507
[1758207042420408413],,,,-0.297,-0.369,9.699
[1758207042426086799],,,,-0.251,0.376,9.977
[1758207042431760653],,,,-0.192,-0.512,10.039
[1758207042437598049],,,,-0.165,0.369,10.058
[1758207042443242007],,,,-0.225,-0.259,9.953
[1758207042449147267],,,,-0.256,-0.153,9.89
[1758207042454922528],,,,-0.261,0.28,9.74
[1758207042460035653],,,,-0.227,-0.426,9.792
[1758207042465895496],,,,-0.259,0.426,10.053
[1758207042472111798],,,,-0.144,-0.555,10.072
[1758207042478499403],,,,-0.158,0.206,9.79
[1758207042485164923],,,,-0.266,0.175,9.67
[1758207042491870601],,,,-0.074,-0.567,9.579
[1758207042498365184],,,,0.132,0.266,9.759
[1758207042504984559],,,,-0.086,0.029,9.199
[1758207042511531798],,,,-0.048,-0.558,9.742
[1758207042518360132],,,,0.022,0.527,9.761
[1758207042524840548],,,,0.093,0.16,9.826
[1758207042531385757],,,,0.177,-0.4,9.838
[1758207042537870809],,,,0.225,0.342,9.79
[1758207042544378309],,,,0.213,-0.072,9.689
[1758207042550923257],,,,0.316,-0.211,9.742
[1758207042557413465],,,,0.134,0.596,9.68
[1758207042563927319],,,,0.338,-0.136,9.577
[1758207042570445444],,,,0.318,-0.153,10.195
[1758207042576888830],,,,0.232,0.632,9.627
[1758207042583568517],,,,0.278,0.091,9.934
[1758207042589900132],,,,0.333,-0.079,9.845
[1758207042596308257],,,,0.335,0.543,9.615
[1758207042602918934],,,,0.426,-0.273,10.077
[1758207042609739194],,,,0.283,-0.165,9.687
[1758207042616520965],,,,0.455,0.567,9.84
[1758207042623395028],,,,0.354,-0.081,9.855
[1758207042629898465],,,,0.283,-0.163,9.524
[1758207042636367371],,,,0.359,0.536,9.756
[1758207042642876642],,,,0.472,-0.261,9.821
[1758207042649336486],,,,0.249,0.062,9.902
[1758207042655674559],,,,0.287,0.182,9.996
[1758207042662377475],,,,0.273,-0.479,9.527
[1758207042668856486],,,,0.053,-0.005,9.886
[1758207042675351538],,,,0.223,0.156,9.979
[1758207042682279767],,,,0.151,-0.725,9.699
[1758207042688785080],,,,0.105,0.218,9.931
[1758207042695327996],,,,-0.002,0.175,9.761
[1758207042701907059],,,,0.022,-0.594,10.082
[1758207042708344923],,,,-0.031,0.235,9.517
[1758207042714797580],,,,-0.136,0.045,9.864
[1758207042721691382],,,,-0.091,-0.541,9.68
[1758207042728155861],,,,-0.12,0.302,9.613
[1758207042734636486],,,,-0.034,0.091,9.668
[1758207042741228153],,,,-0.235,-0.551,9.629
[1758207042747774611],,,,-0.266,0.34,9.799
[1758207042754106955],,,,-0.115,-0.024,9.701
[1758207042760901330],,,,-0.271,-0.402,9.89
[1758207042767335653],,,,-0.235,0.333,9.823
[1758207042773503413],,,,-0.426,-0.187,9.752
[1758207042779461121],,,,-0.232,-0.232,10.238
[1758207042785462736],,,,-0.283,0.273,9.5
[1758207042791165913],,,,-0.204,-0.627,9.594
[1758207042796968621],,,,-0.342,0.462,9.883
[1758207042802798830],,,,-0.335,-0.146,9.943
[1758207042808512684],,,,-0.273,0.175,9.883
[1758207042814361694],,,,-0.17,0.189,9.759
[1758207042820021642],,,,-0.278,-0.493,9.867
[1758207042825777892],,,,-0.038,0.297,9.974
[1758207042831601538],,,,-0.06,-0.692,9.641
[1758207042837446798],,,,-0.091,0.381,9.802
[1758207042843241069],,,,-0.141,-0.077,9.754
[1758207042849044246],,,,-0.165,-0.187,9.89
[1758207042854842788],,,,-0.091,0.17,9.661
[1758207042860687267],,,,-0.086,-0.354,9.682
[1758207042866429923],,,,-0.014,0.491,9.785
[1758207042872404194],,,,0.053,-0.481,9.673
[1758207042878922684],,,,0.014,0.302,9.78
[1758207042885581382],,,,0.005,0.409,9.649
[1758207042892032580],,,,0.196,-0.527,9.596
[1758207042898482111],,,,0.278,0.242,10.02
[1758207042904967788],,,,0.031,0.172,9.764
[1758207042911513257],,,,0.297,-0.488,9.859
[1758207042917934767],,,,0.268,0.402,9.704
[1758207042924535080],,,,0.263,0.359,9.716
[1758207042931374507],,,,0.412,-0.283,9.704
[1758207042937664819],,,,0.287,0.508,10.06
[1758207042944229923],,,,0.421,0.069,9.843
[1758207042950799142],,,,0.385,-0.445,9.706
[1758207042957458413],,,,0.347,0.584,9.761
[1758207042963934350],,,,0.249,0.055,9.804
[1758207042970416017],,,,0.438,-0.244,9.941
[1758207042977188465],,,,0.292,0.634,9.78
[1758207042983737788],,,,0.218,0.148,9.658
[1758207042990857475],,,,0.304,-0.455,9.773
[1758207042997365132],,,,0.268,0.62,9.534
[1758207043003861902],,,,0.328,0.204,9.735
[1758207043010331330],,,,0.457,-0.201,9.558
[1758207043016795496],,,,0.184,0.553,9.785
[1758207043023281798],,,,0.259,-0.333,9.685
[1758207043029790392],,,,0.28,-0.285,9.926
[1758207043036273361],,,,0.115,0.484,9.656
[1758207043042807944],,,,0.237,-0.323,10.06
[1758207043049278777],,,,0.024,-0.012,9.742
[1758207043055717892],,,,0.11,0.026,10.242
[1758207043062259767],,,,0.089,-0.603,9.855
[1758207043068591434],,,,0.151,0.225,9.582
[1758207043074811642],,,,-0.098,0.326,9.991
[1758207043080826277],,,,-0.074,-0.508,9.761
[1758207043086591486],,,,-0.072,0.453,9.785
[1758207043092517788],,,,-0.29,-0.5,9.562
[1758207043098272423],,,,-0.211,0.189,9.591
[1758207043103992736],,,,-0.11,0.091,9.656
[1758207043109803100],,,,-0.096,-0.486,9.833
[1758207043115545184],,,,-0.098,0.23,10.058
[1758207043121331746],,,,-0.223,-0.634,9.572
[1758207043127083517],,,,-0.184,0.268,9.766
[1758207043132861173],,,,-0.278,-0.283,9.946
[1758207043138600027],,,,-0.433,0.29,9.838
[1758207043144237892],,,,-0.35,0.134,9.507
[1758207043150132371],,,,-0.165,-0.412,9.682
[1758207043155944715],,,,-0.357,0.376,10.072
[1758207043161709142],,,,-0.271,-0.716,10.147
[1758207043167469402],,,,-0.397,0.421,9.934
[1758207043173225600],,,,-0.208,-0.156,9.967
[1758207043179237736],,,,-0.283,-0.196,9.96
[1758207043185001798],,,,-0.235,0.342,9.902
[1758207043190813361],,,,-0.036,-0.596,9.572
[1758207043196599975],,,,-0.419,0.484,10.003
[1758207043202490496],,,,-0.019,-0.364,9.862
[1758207043208144350],,,,-0.283,0.247,9.598
[1758207043214040444],,,,-0.103,0.163,9.699
[1758207043219990079],,,,-0.019,-0.299,9.67
[1758207043225770757],,,,-0.115,0.347,9.735
[1758207043231507215],,,,-0.048,-0.575,9.586
[1758207043237208621],,,,0.014,0.385,9.701
[1758207043242925861],,,,0.062,-0.326,9.742
[1758207043248633777],,,,0.18,0.213,9.505
[1758207043254332111],,,,0.036,0.17,9.704
[1758207043260144402],,,,0.172,-0.388,10.032
[1758207043265940392],,,,0.182,0.318,9.91
[1758207043271769611],,,,0.223,-0.436,9.689
[1758207043277486486],,,,0.237,0.553,9.847
[1758207043283137267],,,,0.273,0.024,9.986
[1758207043288886434],,,,0.405,0.237,9.835
[1758207043294590184],,,,0.412,0.407,9.735
[1758207043300559298],,,,0.397,-0.227,10.048
[1758207043306399246],,,,0.266,0.622,9.936
[1758207043312119923],,,,0.314,-0.259,9.816
[1758207043317996746],,,,0.172,0.455,9.668
[1758207043324101277],,,,0.22,0.139,9.907
[1758207043330222475],,,,0.369,-0.292,10.029
[1758207043336252371],,,,0.184,0.56,9.771
[1758207043342615756],,,,0.385,-0.244,9.926
[1758207043348949871],,,,0.39,0.101,9.737
[1758207043353971277],,,,0.373,0.05,9.507
[1758207043360953256],,,,0.409,-0.373,9.692
[1758207043367046069],,,,0.153,0.666,9.692
[1758207043373214767],,,,0.35,-0.273,9.622
[1758207043379979350],,,,0.172,-0.165,9.787
[1758207043386340756],,,,0.35,0.383,10.053
[1758207043392857631],,,,0.275,-0.373,10.099
[1758207043399561017],,,,0.189,-0.069,9.713
[1758207043406335756],,,,0.304,0.402,9.735
[1758207043412710704],,,,0.151,-0.426,9.969
[1758207043419526277],,,,0.151,-0.132,9.859
[1758207043426029767],,,,-0.036,0.433,9.914
[1758207043432525809],,,,0.072,-0.371,9.658
[1758207043438939142],,,,-0.036,-0.072,10.178
[1758207043445534298],,,,-0.103,0.357,9.89
[1758207043451881902],,,,-0.146,-0.476,9.929
[1758207043458697163],,,,-0.175,0.153,9.948
[1758207043465230548],,,,-0.244,0.263,9.804
[1758207043471712788],,,,-0.022,-0.503,9.682
[1758207043477540965],,,,-0.371,0.122,9.742
[1758207043483250861],,,,-0.165,-0.436,9.852
[1758207043489109350],,,,-0.206,-0.041,10.218
[1758207043494828361],,,,-0.309,0.215,10.058
[1758207043500533413],,,,-0.278,-0.553,10.032
[1758207043506714611],,,,-0.34,0.251,9.871
[1758207043512482475],,,,-0.242,-0.522,9.661
[1758207043518232475],,,,-0.297,0.093,9.867
[1758207043523994194],,,,-0.187,-0.036,9.862
[1758207043529863256],,,,-0.211,-0.448,9.735
[1758207043535594194],,,,-0.273,0.153,9.814
[1758207043541506486],,,,-0.299,-0.63,9.606
[1758207043547318777],,,,-0.323,0.421,10.096
[1758207043553117267],,,,-0.297,-0.242,9.9
[1758207043558914402],,,,-0.16,-0.11,10.156
[1758207043564691173],,,,-0.026,0.146,9.828
[1758207043570643048],,,,-0.206,-0.395,9.713
[1758207043576709506],,,,-0.086,0.469,9.768
[1758207043582769090],,,,-0.139,-0.352,9.9
[1758207043588650913],,,,-0.05,0.218,9.687
[1758207043594412319],,,,-0.098,0.297,9.699
[1758207043600266225],,,,0.007,-0.35,9.84
[1758207043606105027],,,,0.0,0.448,10.068
[1758207043611826069],,,,0.034,-0.603,10.075
[1758207043617569923],,,,0.122,0.429,9.749
[1758207043623317215],,,,0.22,-0.144,9.768
[1758207043629068308],,,,0.306,-0.093,10.072
[1758207043634774506],,,,0.16,0.256,9.606
[1758207043640448204],,,,0.206,-0.251,9.704
[1758207043646387163],,,,0.211,0.687,9.598
[1758207043652192683],,,,0.304,-0.354,9.706
[1758207043658003308],,,,0.345,0.484,9.732
[1758207043663752527],,,,0.371,0.062,9.917
[1758207043669532371],,,,0.333,-0.139,9.773
[1758207043675300756],,,,0.266,0.62,10.072
[1758207043681088881],,,,0.448,-0.479,9.874
[1758207043686691225],,,,0.254,0.565,9.778
[1758207043692489975],,,,0.419,-0.218,9.919
[1758207043698328256],,,,0.369,0.218,9.787
[1758207043704343413],,,,0.239,0.299,9.845
[1758207043710215704],,,,0.321,-0.232,10.01
[1758207043716091642],,,,0.438,0.57,9.718
[1758207043721850079],,,,0.39,-0.565,9.61
[1758207043727533829],,,,0.275,0.424,9.519
[1758207043733224871],,,,0.208,0.093,9.752
[1758207043738954975],,,,0.184,0.108,9.78
[1758207043744661642],,,,0.273,0.311,9.704
[1758207043750401590],,,,0.22,-0.39,10.063
[1758207043756075652],,,,0.177,0.512,10.015
[1758207043761785235],,,,0.259,-0.491,9.867
[1758207043766888673],,,,0.273,0.419,9.821
[1758207043772415600],,,,0.122,-0.287,9.912
[1758207043778518881],,,,0.089,0.254,9.682
[1758207043784954090],,,,0.103,0.311,9.744
[1758207043791487423],,,,-0.01,-0.577,9.692
[1758207043798222267],,,,-0.036,0.285,9.529
[1758207043804701121],,,,0.057,0.026,9.871
[1758207043811355079],,,,-0.019,-0.323,9.725
[1758207043817925392],,,,-0.168,0.254,9.577
[1758207043824407788],,,,-0.098,0.148,9.852
[1758207043830946433],,,,-0.306,-0.582,9.649
[1758207043837462267],,,,-0.263,0.426,9.67
[1758207043843940131],,,,-0.402,-0.067,9.562
[1758207043850473569],,,,-0.177,-0.362,9.641
[1758207043856947215],,,,-0.263,0.453,9.948
[1758207043863459246],,,,-0.429,-0.268,10.034
[1758207043870007163],,,,-0.39,-0.476,10.041
[1758207043876539298],,,,-0.309,0.357,9.998
[1758207043883012579],,,,-0.582,-0.158,9.766
[1758207043889532840],,,,-0.23,-0.206,9.529
[1758207043896013777],,,,-0.299,0.397,9.802
[1758207043902501277],,,,-0.371,-0.551,9.946
[1758207043908976590],,,,-0.364,0.134,10.202
[1758207043915463777],,,,-0.263,0.443,9.893
[1758207043922038100],,,,-0.077,-0.591,9.706
[1758207043928523048],,,,-0.124,0.227,9.845
[1758207043935001329],,,,-0.249,0.357,9.785
[1758207043941551642],,,,-0.168,-0.503,9.699
[1758207043948037423],,,,-0.144,0.51,9.747
[1758207043954534038],,,,-0.096,0.177,9.426
[1758207043961110392],,,,-0.029,-0.378,9.644
[1758207043967561173],,,,0.06,0.469,9.89
[1758207043974028569],,,,-0.105,-0.077,9.804
[1758207043980387944],,,,0.072,-0.453,9.713
[1758207043986786537],,,,0.175,0.512,10.084
[1758207043993561225],,,,0.168,-0.168,9.536
[1758207044000078100],,,,0.433,-0.148,9.888
[1758207044006538881],,,,0.28,0.575,9.744
[1758207044012999142],,,,0.184,-0.223,9.905
[1758207044019589402],,,,0.278,-0.115,9.783
[1758207044025998569],,,,0.4,0.548,9.766
[1758207044032442475],,,,0.156,-0.194,9.72
[1758207044039455287],,,,0.318,-0.105,9.864
[1758207044045773621],,,,0.237,0.589,9.867
[1758207044052210704],,,,0.421,-0.417,10.084
[1758207044058804610],,,,0.273,0.237,9.953
[1758207044065385548],,,,0.16,0.18,9.977
[1758207044072429975],,,,0.385,-0.335,10.003
[1758207044078721225],,,,0.172,0.148,9.926
[1758207044084478152],,,,0.275,0.357,9.558
[1758207044090354506],,,,0.326,-0.484,9.752
[1758207044096167996],,,,0.371,0.613,9.919
[1758207044101918673],,,,0.455,-0.524,9.644
[1758207044107656485],,,,0.311,0.378,9.728
[1758207044113412631],,,,0.273,0.105,9.835
[1758207044119274142],,,,0.206,-0.297,10.101
[1758207044125218204],,,,0.06,0.421,9.965
[1758207044131009871],,,,0.041,-0.608,9.711
[1758207044136751590],,,,0.146,0.488,9.929
[1758207044142517110],,,,0.23,-0.424,9.996
[1758207044148260912],,,,0.036,0.247,9.867
[1758207044154022631],,,,0.117,-0.089,10.106
[1758207044159846121],,,,-0.007,-0.35,9.663
[1758207044165530704],,,,-0.086,0.421,9.838
[1758207044171407892],,,,-0.053,-0.543,9.438
[1758207044177194402],,,,-0.247,0.35,9.663
[1758207044182964558],,,,-0.22,-0.251,9.864
[1758207044188702475],,,,-0.194,-0.156,9.996
[1758207044194466225],,,,-0.134,0.433,9.673
[1758207044200146277],,,,-0.189,-0.383,9.675
[1758207044205972475],,,,-0.254,0.464,9.972
[1758207044211690079],,,,-0.187,-0.63,10.101
[1758207044217598517],,,,-0.285,0.041,9.809
[1758207044223365392],,,,-0.283,-0.158,9.73
[1758207044229228569],,,,-0.206,-0.113,9.859
[1758207044234979558],,,,-0.338,0.223,9.761
[1758207044240782058],,,,-0.304,-0.673,9.697
[1758207044246530756],,,,-0.208,0.342,9.843
[1758207044252298048],,,,-0.419,-0.582,9.78
[1758207044258003048],,,,-0.259,0.18,9.51
[1758207044263772996],,,,-0.275,0.148,9.687
[1758207044269630392],,,,-0.041,-0.481,9.948
[1758207044275417527],,,,-0.232,0.215,10.008
[1758207044281743256],,,,-0.156,-0.747,9.771
[1758207044288438048],,,,-0.306,0.103,9.862
[1758207044294919402],,,,-0.448,0.239,9.546
[1758207044301364037],,,,-0.129,-0.335,9.517
[1758207044307882371],,,,-0.036,0.481,9.845
[1758207044314446329],,,,-0.11,0.357,9.644
[1758207044320995392],,,,-0.18,-0.376,9.55
[1758207044327536485],,,,0.053,0.34,9.651
[1758207044334167319],,,,-0.089,0.199,9.893
[1758207044340962475],,,,0.084,-0.371,9.656
[1758207044347460339],,,,0.115,0.441,9.934
[1758207044353966121],,,,0.244,0.031,9.759
[1758207044360490183],,,,0.275,-0.438,9.876
[1758207044366952579],,,,0.098,0.503,9.948
[1758207044373413204],,,,0.362,-0.024,9.706
[1758207044379568517],,,,0.362,-0.057,9.735
[1758207044385411225],,,,0.287,0.534,10.137
[1758207044391187683],,,,0.189,-0.383,9.73
[1758207044396909506],,,,0.448,0.515,9.946
[1758207044402679037],,,,0.443,-0.235,9.859
[1758207044408462475],,,,0.378,0.29,9.809
[1758207044414233829],,,,0.311,0.306,9.979
[1758207044419915339],,,,0.395,-0.122,9.742
[1758207044425662423],,,,0.318,0.579,9.902
[1758207044432146016],,,,0.491,-0.271,9.89
[1758207044438035287],,,,0.316,0.338,9.981
[1758207044444112266],,,,0.366,0.244,9.701
[1758207044449934975],,,,0.448,-0.261,9.73
[1758207044455773985],,,,0.457,0.591,9.871
[1758207044461502371],,,,0.247,-0.369,9.771
[1758207044467242475],,,,0.342,0.359,9.639
[1758207044472990808],,,,0.182,-0.45,9.869
[1758207044478982683],,,,0.192,0.089,9.807
[1758207044485580079],,,,0.227,0.469,9.826
[1758207044492051537],,,,0.271,-0.594,9.558
[1758207044498513829],,,,0.129,0.177,9.95
[1758207044505000444],,,,0.041,0.227,9.5
[1758207044511539558],,,,0.031,-0.575,9.802
[1758207044517955183],,,,-0.019,0.101,9.706
[1758207044524381329],,,,0.141,0.16,9.78
[1758207044530959194],,,,-0.014,-0.493,9.823
[1758207044537463308],,,,-0.124,0.472,9.479
[1758207044544120652],,,,-0.06,0.055,9.697
[1758207044551241173],,,,-0.124,-0.558,9.627
[1758207044558033516],,,,-0.309,0.105,9.771
[1758207044564542683],,,,-0.192,0.012,9.601
[1758207044570895131],,,,-0.077,-0.637,9.943
[1758207044577462996],,,,-0.235,0.606,10.017
[1758207044583955496],,,,-0.352,0.0,9.495
[1758207044590469558],,,,-0.225,-0.383,9.9
[1758207044596950808],,,,-0.206,0.373,9.644
[1758207044603277319],,,,-0.278,-0.266,9.713
[1758207044610106485],,,,-0.244,-0.378,9.893
[1758207044616495496],,,,-0.278,0.381,10.087
[1758207044623258048],,,,-0.34,-0.292,9.759
[1758207044629853152],,,,-0.055,-0.273,9.749
[1758207044636476537],,,,-0.22,0.362,9.845
[1758207044642936068],,,,-0.215,-0.606,9.823
[1758207044649577631],,,,-0.189,-0.23,9.811
[1758207044656069923],,,,-0.333,0.505,10.18
[1758207044662533464],,,,-0.105,-0.39,10.218
[1758207044668985600],,,,-0.081,0.206,9.747
[1758207044675467475],,,,-0.074,0.34,9.708
[1758207044681929558],,,,0.053,-0.52,9.72
[1758207044688386589],,,,-0.045,0.182,9.548
[1758207044694868725],,,,0.299,0.294,9.438
[1758207044701429298],,,,0.062,-0.431,9.996
[1758207044707862371],,,,0.22,0.431,9.646
[1758207044714350496],,,,0.074,0.227,9.704
[1758207044720766173],,,,0.098,-0.424,10.02
[1758207044727049193],,,,0.031,0.548,9.744
[1758207044733623673],,,,0.16,0.077,9.754
[1758207044740340808],,,,0.218,-0.381,9.61
[1758207044746879662],,,,0.354,0.606,9.869
[1758207044753521381],,,,0.175,0.113,9.412
[1758207044760278100],,,,0.28,-0.225,10.132
[1758207044766724871],,,,0.294,0.692,9.663
[1758207044773218829],,,,0.299,-0.251,9.905
[1758207044779568881],,,,0.206,-0.239,9.833
[1758207044785333152],,,,0.309,0.596,10.18
[1758207044791139298],,,,0.323,-0.393,9.864
[1758207044797110808],,,,0.275,0.455,9.591
[1758207044803108829],,,,0.385,0.086,9.902
[1758207044808840235],,,,0.39,0.012,9.998
[1758207044814581277],,,,0.321,0.405,9.541
[1758207044820422162],,,,0.278,-0.287,9.716
[1758207044825996693],,,,0.259,0.752,9.759
[1758207044831718673],,,,0.304,-0.381,9.665
[1758207044837504402],,,,0.251,0.35,9.601
[1758207044843285756],,,,0.292,0.022,9.878
[1758207044849087162],,,,0.165,-0.146,9.936
[1758207044854763048],,,,0.127,0.237,9.816
[1758207044860524454],,,,0.213,-0.512,10.025
[1758207044866161277],,,,0.275,0.385,9.835
[1758207044871683568],,,,0.232,-0.508,9.926
[1758207044877525183],,,,0.012,0.194,9.759
[1758207044884369610],,,,0.022,0.0,9.737
[1758207044890819193],,,,0.141,-0.591,9.857
[1758207044897736120],,,,0.084,0.251,9.725
[1758207044904148985],,,,-0.034,0.115,9.718
[1758207044910980235],,,,-0.091,-0.572,9.74
[1758207044917275808],,,,-0.263,0.426,10.036
[1758207044924288568],,,,-0.189,-0.11,9.519
[1758207044930859454],,,,0.144,-0.536,9.814
[1758207044937301433],,,,-0.259,0.338,9.85
[1758207044944069089],,,,-0.196,0.06,9.953
[1758207044950442683],,,,-0.275,-0.532,9.792
[1758207044957438725],,,,-0.177,0.429,9.847
[1758207044963790756],,,,-0.017,-0.204,9.725
[1758207044970598516],,,,-0.254,-0.359,9.716
[1758207044977136433],,,,-0.287,0.46,9.914
[1758207044982678100],,,,-0.385,-0.196,9.843
[1758207044988634193],,,,-0.201,-0.156,9.979
[1758207044994683464],,,,-0.306,0.297,9.72
[1758207045000389766],,,,-0.223,-0.39,9.936
[1758207045006363256],,,,-0.239,0.455,9.708
[1758207045012495548],,,,-0.237,-0.527,9.876
[1758207045018271641],,,,-0.17,0.206,9.929
[1758207045024061589],,,,-0.108,0.184,9.864
[1758207045029911277],,,,-0.273,-0.321,9.931
[1758207045035725912],,,,-0.211,0.52,9.835
[1758207045041547318],,,,0.06,-0.333,9.457
[1758207045047397943],,,,-0.031,0.438,9.531
[1758207045053192006],,,,-0.024,-0.065,9.795
[1758207045058877266],,,,0.038,-0.134,9.974
[1758207045065054141],,,,0.091,0.4,10.19
[1758207045070927891],,,,-0.031,-0.536,9.682
[1758207045076976433],,,,0.211,0.369,9.651
[1758207045083255339],,,,0.213,-0.091,9.562
[1758207045089881172],,,,0.29,-0.01,10.204
[1758207045096546172],,,,0.247,0.589,9.553
[1758207045103333412],,,,0.431,0.103,9.852
[1758207045109856745],,,,0.237,-0.261,9.697
[1758207045116363308],,,,0.278,0.67,9.795
[1758207045122859558],,,,0.268,-0.108,9.74
[1758207045129348777],,,,0.397,-0.271,9.91
[1758207045135871016],,,,0.278,0.503,9.878
[1758207045142402787],,,,0.189,-0.124,10.087
[1758207045148961641],,,,0.256,0.0,9.938
[1758207045155448985],,,,0.194,0.587,10.048
[1758207045162696120],,,,0.347,-0.235,9.764
[1758207045169658256],,,,0.249,-0.12,9.656
[1758207045176154141],,,,0.417,0.553,9.826
[1758207045182248152],,,,0.283,-0.187,9.582
[1758207045188052058],,,,0.199,0.091,9.905
[1758207045193869141],,,,0.204,0.012,9.601
[1758207045199734922],,,,0.158,-0.294,9.639
[1758207045205514506],,,,0.39,0.441,9.998
[1758207045211301120],,,,0.23,-0.421,9.919
[1758207045217065079],,,,0.33,0.306,9.747
[1758207045222871277],,,,0.285,-0.192,10.264
[1758207045228660287],,,,-0.017,-0.041,10.075
[1758207045234457891],,,,0.103,0.328,9.74
[1758207045240312579],,,,0.036,-0.527,9.708
[1758207045246099818],,,,-0.141,0.567,9.771
[1758207045251953777],,,,-0.146,-0.493,9.869
[1758207045257675391],,,,-0.074,0.35,9.759
[1758207045263901329],,,,-0.055,0.069,9.876
[1758207045269715339],,,,-0.218,-0.4,9.711
[1758207045275811068],,,,-0.012,0.572,9.948
[1758207045281909193],,,,-0.12,-0.488,9.922
[1758207045288442110],,,,-0.134,0.168,10.065
[1758207045294480756],,,,-0.096,0.043,9.55
[1758207045300792579],,,,-0.237,-0.658,9.565
[1758207045307751641],,,,-0.215,0.151,9.953
[1758207045314355704],,,,-0.156,0.129,9.725
[1758207045320968724],,,,-0.299,-0.625,9.744
[1758207045327555860],,,,-0.402,0.345,9.864
[1758207045334128985],,,,-0.215,0.136,9.692
[1758207045340800912],,,,-0.285,-0.541,9.503
[1758207045347536172],,,,-0.407,0.383,9.893
[1758207045354079974],,,,-0.326,0.16,10.099
[1758207045360633829],,,,-0.283,-0.371,9.668
[1758207045367235287],,,,-0.172,0.23,9.965
[1758207045373746902],,,,-0.237,-0.168,9.723
[1758207045380274402],,,,-0.239,-0.409,9.675
[1758207045386809662],,,,-0.244,0.56,9.843
[1758207045393240912],,,,-0.091,-0.077,9.852
[1758207045400025704],,,,-0.227,-0.412,9.543
[1758207045406505131],,,,-0.041,0.539,9.816
[1758207045412972995],,,,-0.132,-0.117,9.821
[1758207045419435599],,,,-0.022,-0.268,9.876
[1758207045425905964],,,,-0.093,0.373,10.027
[1758207045432399870],,,,0.194,-0.318,10.111
[1758207045438910599],,,,0.0,0.146,9.96
[1758207045445362110],,,,0.151,0.481,9.704
[1758207045451835547],,,,0.338,-0.52,10.362
[1758207045458215183],,,,0.388,0.05,9.857
[1758207045464972839],,,,0.196,0.395,9.924
[1758207045471554141],,,,0.283,-0.333,9.646
[1758207045478141016],,,,0.431,0.22,9.716
[1758207045484191068],,,,0.268,0.347,9.766
[1758207045490007214],,,,0.338,-0.249,9.778
[1758207045495779818],,,,0.347,0.536,9.857
[1758207045501463672],,,,0.177,-0.577,9.742
[1758207045507155443],,,,0.378,0.512,9.797
[1758207045512871224],,,,0.338,0.12,9.967
[1758207045518412162],,,,0.373,0.227,10.197
[1758207045524425079],,,,0.347,0.347,9.826
[1758207045530299141],,,,0.28,-0.364,9.917
[1758207045536040547],,,,0.311,0.572,9.883
[1758207045541745912],,,,0.323,-0.369,9.562
[1758207045547190651],,,,0.306,0.445,9.644
[1758207045552919141],,,,0.247,-0.189,9.771
[1758207045558731797],,,,0.196,0.105,9.764
[1758207045564398412],,,,0.278,0.29,9.5
[1758207045570231068],,,,0.287,-0.414,9.912
[1758207045575921797],,,,0.196,0.558,9.74
[1758207045581627214],,,,0.084,-0.613,9.811
[1758207045588008724],,,,0.014,0.441,9.653
[1758207045594401329],,,,0.23,0.254,9.517
[1758207045600939974],,,,0.141,-0.484,9.625
[1758207045607415599],,,,0.005,0.388,9.922
[1758207045613875756],,,,0.041,0.084,9.687
[1758207045620420495],,,,-0.038,-0.251,9.847
[1758207045627180860],,,,-0.146,0.35,9.981
[1758207045633631901],,,,-0.299,-0.081,9.689
[1758207045640157162],,,,-0.151,-0.256,9.677
[1758207045646628672],,,,-0.39,0.311,9.689
[1758207045653101537],,,,-0.196,-0.139,9.823
[1758207045659798204],,,,-0.225,-0.388,9.756
[1758207045666289297],,,,-0.196,0.397,9.795
[1758207045672824141],,,,-0.35,-0.242,10.264
[1758207045679280443],,,,-0.278,-0.218,9.926
[1758207045685331224],,,,-0.22,0.443,9.929
[1758207045691117110],,,,-0.251,-0.493,9.562
[1758207045696873933],,,,-0.184,0.476,10.108
[1758207045702643672],,,,-0.338,-0.232,9.991
[1758207045708387214],,,,-0.359,-0.254,9.843
[1758207045714157683],,,,-0.187,0.084,9.914
[1758207045719937422],,,,-0.215,-0.474,9.73
[1758207045725666068],,,,-0.204,0.323,9.823
[1758207045731491589],,,,-0.156,-0.524,9.96
[1758207045737236068],,,,-0.457,0.445,9.936
[1758207045742992995],,,,-0.268,-0.029,9.993
[1758207045748745756],,,,-0.261,-0.038,10.092
[1758207045754511433],,,,-0.189,0.448,9.859
[1758207045760234245],,,,-0.002,-0.335,9.807
[1758207045766153412],,,,-0.302,0.572,9.68
[1758207045772036328],,,,-0.268,-0.314,9.716
[1758207045777805599],,,,-0.062,0.139,9.737
[1758207045783884037],,,,0.026,0.218,9.713
[1758207045789675078],,,,0.041,-0.378,9.773
[1758207045795400235],,,,0.043,0.498,9.914
[1758207045801187578],,,,0.172,-0.462,9.893
[1758207045806983620],,,,0.129,0.462,9.946
[1758207045812735078],,,,0.165,-0.081,9.859
[1758207045818474141],,,,0.069,0.05,9.692
[1758207045824261224],,,,0.177,0.156,9.653
[1758207045830032474],,,,0.476,-0.333,9.685
[1758207045835806068],,,,0.299,0.591,9.814
[1758207045841634245],,,,0.426,-0.486,10.06
[1758207045847292006],,,,0.309,0.522,9.802
[1758207045852971485],,,,0.347,0.091,9.632
[1758207045857984506],,,,0.218,0.196,9.907
[1758207045863910391],,,,0.259,0.311,9.902
