timestamp,x1,y1,z1,x2,y2,z2
[1758218436520834540],10.118,0.749,3.467,,,
[1758218436527316311],10.171,0.773,3.395,,,
[1758218436533928863],10.185,0.819,3.328,,,
[1758218436540304436],10.197,0.848,3.378,,,
[1758218436547180842],10.159,0.735,3.457,,,
[1758218436553652144],10.013,0.788,3.402,,,
[1758218436559751831],10.25,0.783,3.268,,,
[1758218436565627821],10.278,0.737,3.393,,,
[1758218436571436779],10.221,0.721,3.256,,,
[1758218436577205581],10.19,0.819,3.359,,,
[1758218436582992404],10.161,0.759,3.342,,,
[1758218436588998446],10.171,0.656,3.306,,,
[1758218436595030113],10.235,0.685,3.352,,,
[1758218436600893185],10.214,0.725,3.282,,,
[1758218436606836831],10.187,0.723,3.333,,,
[1758218436612602613],10.199,0.852,3.156,,,
[1758218436618345060],10.369,0.737,3.215,,,
[1758218436624097821],10.204,0.907,3.405,,,
[1758218436629876779],10.276,0.752,3.302,,,
[1758218436635663342],10.221,0.785,3.225,,,
[1758218436641419331],10.228,0.879,3.323,,,
[1758218436647215165],10.199,0.819,3.4,,,
[1758218436652840685],10.242,0.752,3.369,,,
[1758218436658625217],10.242,0.704,3.309,,,
[1758218436665041050],10.185,0.792,3.345,,,
[1758218436671722613],10.197,0.769,3.373,,,
[1758218436678020738],10.408,0.802,3.366,,,
[1758218436684741519],10.087,0.893,3.213,,,
[1758218436691078081],10.068,0.682,3.206,,,
[1758218436697394956],10.384,0.804,3.256,,,
[1758218436703993342],10.266,0.682,3.146,,,
[1758218436710624696],10.223,0.833,3.522,,,
[1758218436716974123],10.206,0.915,3.359,,,
[1758218436723508342],10.393,0.74,3.196,,,
[1758218436729845529],10.218,0.845,2.981,,,
[1758218436736648238],10.221,0.769,3.306,,,
[1758218436743156258],10.24,0.692,3.316,,,
[1758218436749660425],10.123,0.795,3.292,,,
[1758218436756128133],10.391,0.771,2.988,,,
[1758218436762616258],10.4,0.766,3.223,,,
[1758218436769120790],10.245,0.86,3.321,,,
[1758218436775524800],10.41,0.876,3.297,,,
[1758218436782131727],10.242,0.613,3.282,,,
[1758218436788463602],10.223,0.764,3.108,,,
[1758218436795086258],10.218,0.792,3.318,,,
[1758218436801857612],10.266,0.692,3.244,,,
[1758218436808332717],10.221,0.912,3.201,,,
[1758218436814671571],10.386,0.644,3.079,,,
[1758218436821006050],10.221,0.764,3.294,,,
[1758218436827602456],10.25,0.759,3.184,,,
[1758218436833925425],10.302,0.826,3.259,,,
[1758218436840515790],10.252,0.62,3.369,,,
[1758218436846932404],10.376,0.713,3.275,,,
[1758218436853535998],10.247,0.833,3.17,,,
[1758218436859828133],10.25,0.836,3.189,,,
[1758218436865643810],10.386,0.84,3.036,,,
[1758218436871298967],10.412,0.876,3.206,,,
[1758218436877029852],10.156,0.792,3.129,,,
[1758218436882766362],10.192,0.733,3.235,,,
[1758218436888506362],10.396,0.905,3.112,,,
[1758218436894254644],10.274,0.62,2.928,,,
[1758218436900137300],10.168,0.773,3.084,,,
[1758218436905854435],10.199,0.761,3.16,,,
[1758218436911589904],10.276,0.86,2.964,,,
[1758218436917459175],10.245,0.915,3.124,,,
[1758218436923115529],10.223,0.792,3.12,,,
[1758218436928900790],10.228,0.754,3.033,,,
[1758218436934710998],10.415,0.764,3.065,,,
[1758218436940414227],10.372,0.876,3.103,,,
[1758218436946318185],10.348,0.761,3.045,,,
[1758218436952346883],10.262,0.764,3.127,,,
[1758218436957782612],10.297,0.91,3.168,,,
[1758218436963995998],10.113,0.692,3.194,,,
[1758218436970628342],10.29,0.752,3.103,,,
[1758218436976968237],10.321,0.84,3.184,,,
[1758218436983597352],10.118,0.778,3.048,,,
[1758218436989906102],10.274,0.893,2.835,,,
[1758218436996531206],10.281,0.733,2.957,,,
[1758218437003045008],10.293,0.795,3.105,,,
[1758218437009405373],10.305,0.845,3.026,,,
[1758218437015981831],10.266,0.754,3.091,,,
[1758218437022422144],10.281,0.745,3.223,,,
[1758218437028759383],10.314,0.824,3.196,,,
[1758218437035628185],10.247,0.654,2.957,,,
[1758218437042088185],10.278,0.895,3.232,,,
[1758218437048539748],10.417,0.68,2.962,,,
[1758218437055013498],10.259,0.814,3.074,,,
[1758218437061069227],10.254,0.788,3.294,,,
[1758218437067593342],10.41,0.809,3.117,,,
[1758218437074226206],10.242,0.728,3.124,,,
[1758218437080804592],10.412,0.804,3.124,,,
[1758218437087130217],10.238,0.792,3.141,,,
[1758218437093736675],10.285,0.678,3.019,,,
[1758218437100151206],10.271,0.728,2.983,,,
[1758218437106957456],10.415,0.848,3.021,,,
[1758218437113430217],10.369,0.685,2.892,,,
[1758218437119877612],10.3,0.898,3.254,,,
[1758218437126352456],10.283,0.74,3.189,,,
[1758218437132809644],10.266,0.855,2.825,,,
[1758218437139262612],10.412,0.797,3.096,,,
[1758218437145740060],10.338,0.867,3.132,,,
[1758218437152198185],10.319,0.781,2.921,,,
[1758218437158754956],10.204,0.917,3.067,,,
[1758218437165260060],10.283,0.776,3.108,,,
[1758218437171783654],10.341,0.843,2.768,,,
[1758218437178230633],10.319,0.663,2.983,,,
[1758218437184700321],10.307,0.761,2.986,,,
[1758218437191048498],10.29,0.893,3.134,,,
[1758218437197362717],10.451,0.802,3.077,,,
[1758218437203935633],10.25,0.716,2.983,,,
[1758218437210254279],10.319,0.891,3.177,,,
[1758218437217040477],10.305,0.737,2.926,,,
[1758218437223499383],10.314,0.759,3.189,,,
[1758218437230030737],10.355,0.704,3.156,,,
[1758218437236332873],10.451,0.769,3.007,,,
[1758218437242682248],10.341,0.694,3.0,,,
[1758218437249425841],10.295,0.634,2.964,,,
[1758218437255887664],10.331,0.735,3.187,,,
[1758218437261864279],10.295,0.728,2.808,,,
[1758218437267560946],10.376,0.733,2.847,,,
[1758218437273315164],10.343,0.788,2.942,,,
[1758218437279044591],10.137,0.728,2.95,,,
[1758218437284773289],10.305,0.785,2.875,,,
[1758218437290739123],10.326,0.745,2.947,,,
[1758218437296484956],10.283,0.73,2.909,,,
[1758218437302244227],10.132,0.864,2.928,,,
[1758218437308027508],10.417,0.615,2.761,,,
[1758218437313696727],10.302,0.728,2.895,,,
[1758218437319311727],10.307,0.809,2.789,,,
[1758218437325107560],10.278,0.721,3.043,,,
[1758218437331090060],10.314,0.792,2.911,,,
[1758218437336809956],10.355,0.769,2.945,,,
[1758218437342555841],10.329,0.711,2.988,,,
[1758218437348281258],10.46,0.713,3.017,,,
[1758218437354028550],10.274,0.692,2.976,,,
[1758218437359966727],10.326,0.697,2.897,,,
[1758218437366503446],10.309,0.79,3.014,,,
[1758218437372975477],10.154,0.733,3.065,,,
[1758218437379396571],10.321,0.84,3.179,,,
[1758218437385880373],10.137,0.864,3.036,,,
[1758218437392316206],10.274,0.788,3.084,,,
[1758218437398755164],10.278,0.668,3.017,,,
[1758218437405054800],10.295,0.735,2.806,,,
[1758218437411463081],10.52,0.773,2.974,,,
[1758218437418051102],10.336,0.642,3.062,,,
[1758218437424690946],10.276,0.745,3.019,,,
[1758218437431006831],10.293,0.819,2.813,,,
[1758218437437630685],10.465,0.692,2.895,,,
[1758218437444046987],10.314,0.809,2.806,,,
[1758218437450003914],10.199,0.644,2.945,,,
[1758218437456729227],10.297,0.785,2.931,,,
[1758218437463496414],10.175,0.905,3.141,,,
[1758218437469853341],10.293,0.699,3.089,,,
[1758218437476384800],10.29,0.917,3.01,,,
[1758218437482764643],10.307,0.725,2.811,,,
[1758218437489522768],10.235,0.802,3.069,,,
[1758218437495952091],10.309,0.754,3.11,,,
[1758218437502486779],10.137,0.721,2.931,,,
[1758218437508890268],10.288,0.704,2.875,,,
[1758218437515173862],10.35,0.692,2.758,,,
[1758218437521827612],10.274,0.771,2.983,,,
[1758218437528142716],10.221,0.74,2.954,,,
[1758218437534897508],10.29,0.752,3.179,,,
[1758218437541236310],10.338,0.745,2.945,,,
[1758218437547636935],10.297,0.747,2.974,,,
[1758218437554216362],10.295,0.74,2.94,,,
[1758218437560896414],10.41,0.682,3.055,,,
[1758218437567351727],10.295,0.759,3.026,,,
[1758218437573833810],10.283,0.792,3.014,,,
[1758218437580479227],10.245,0.745,3.019,,,
[1758218437586999696],10.285,0.766,3.055,,,
[1758218437593512925],10.3,0.828,3.132,,,
[1758218437599867925],10.317,0.711,3.1,,,
[1758218437606337873],10.125,0.761,3.096,,,
[1758218437612654591],10.326,0.678,3.026,,,
[1758218437619061883],10.29,0.742,3.11,,,
[1758218437625453029],10.274,0.747,3.148,,,
[1758218437632209800],10.408,0.627,2.995,,,
[1758218437638526310],10.271,0.773,2.957,,,
[1758218437645205998],10.278,0.675,2.907,,,
[1758218437651649071],10.266,0.769,3.021,,,
[1758218437658376206],10.271,0.764,2.964,,,
[1758218437664845633],10.211,0.721,3.117,,,
[1758218437671219956],10.269,0.735,2.998,,,
[1758218437677749591],10.245,0.771,3.024,,,
[1758218437684360373],10.283,0.613,3.021,,,
[1758218437690755737],10.302,0.735,2.986,,,
[1758218437697265060],10.283,0.74,3.055,,,
[1758218437703239383],10.264,0.905,3.014,,,
[1758218437709500164],10.305,0.68,3.012,,,
[1758218437715946102],10.336,0.766,2.988,,,
[1758218437722543029],10.403,0.852,3.091,,,
[1758218437729056779],10.29,0.702,3.151,,,
[1758218437735700268],10.13,0.706,3.05,,,
[1758218437742081102],10.242,0.86,3.074,,,
[1758218437748796779],10.269,0.824,2.813,,,
[1758218437755375164],10.274,0.718,2.923,,,
[1758218437761727664],10.252,0.697,3.129,,,
[1758218437767525789],10.259,0.761,3.139,,,
[1758218437773179539],10.408,0.702,3.081,,,
[1758218437779056623],10.314,0.651,3.012,,,
[1758218437784805685],10.214,0.728,3.005,,,
[1758218437790341518],10.319,0.917,2.94,,,
[1758218437796083654],10.259,0.79,3.115,,,
[1758218437801618445],10.3,0.733,3.091,,,
[1758218437806896779],10.338,0.752,3.01,,,
[1758218437812684279],10.281,0.615,3.031,,,
[1758218437818351466],10.288,0.843,3.045,,,
[1758218437824048445],10.312,0.721,3.0,,,
[1758218437829754748],10.417,0.879,3.002,,,
[1758218437835449279],10.264,0.742,3.012,,,
[1758218437841208393],10.204,0.735,2.995,,,
[1758218437846748393],10.235,0.73,3.132,,,
[1758218437852627925],10.137,0.687,3.045,,,
[1758218437858313654],10.209,0.785,2.998,,,
[1758218437864630998],10.254,0.807,2.928,,,
[1758218437871335425],10.147,0.833,3.184,,,
[1758218437877821935],10.302,0.68,3.141,,,
[1758218437884371518],10.412,0.807,3.129,,,
[1758218437890912716],10.259,0.651,3.194,,,
[1758218437897584383],10.403,0.792,3.172,,,
[1758218437904039695],10.281,0.642,3.151,,,
[1758218437910510268],10.238,0.709,3.194,,,
[1758218437917006570],10.228,0.797,2.938,,,
[1758218437923326154],10.41,0.8,3.23,,,
[1758218437929644018],10.266,0.721,3.273,,,
[1758218437936298602],10.25,0.63,3.182,,,
[1758218437942399279],10.204,0.862,3.33,,,
[1758218437948984435],10.206,0.778,3.172,,,
[1758218437955731362],10.415,0.883,3.041,,,
[1758218437962153706],10.403,0.718,3.179,,,
[1758218437967959800],10.381,0.658,2.983,,,
[1758218437973688237],10.23,0.682,3.11,,,
[1758218437979399435],10.3,0.725,3.057,,,
[1758218437985156258],10.247,0.74,3.211,,,
[1758218437990954018],10.211,0.733,2.935,,,
[1758218437996746310],10.226,0.728,3.06,,,
[1758218438002366987],10.405,0.807,3.187,,,
[1758218438008189956],10.41,0.687,3.072,,,
[1758218438013833393],10.235,0.766,3.165,,,
[1758218438019335685],10.238,0.828,3.127,,,
[1758218438024888706],10.283,0.764,3.189,,,
[1758218438030654643],10.295,0.745,3.16,,,
[1758218438036325737],10.245,0.63,3.091,,,
[1758218438041997091],10.202,0.776,3.153,,,
[1758218438047677560],10.235,0.761,3.235,,,
[1758218438053217352],10.247,0.716,3.108,,,
[1758218438059068341],10.264,0.826,3.139,,,
[1758218438065373966],10.216,0.826,3.158,,,
[1758218438072112768],10.214,0.723,3.1,,,
[1758218438078428237],10.226,0.74,3.242,,,
[1758218438084937872],10.206,0.745,3.175,,,
[1758218438091885789],10.247,0.661,3.354,,,
[1758218438098474539],10.417,0.742,3.242,,,
[1758218438104981466],10.199,0.613,3.103,,,
[1758218438111538445],10.24,0.754,3.369,,,
[1758218438117995789],10.408,0.876,3.352,,,
[1758218438124456258],10.357,0.725,3.242,,,
[1758218438130957612],10.252,0.742,3.34,,,
[1758218438137466727],10.408,0.725,3.402,,,
[1758218438143964174],10.185,0.644,3.201,,,
[1758218438150504643],10.211,0.745,3.302,,,
[1758218438156974904],10.166,0.632,3.194,,,
[1758218438162979591],10.233,0.807,3.172,,,
[1758218438168662872],10.127,0.709,3.122,,,
[1758218438174399852],10.29,0.783,3.179,,,
[1758218438180224591],10.393,0.895,3.323,,,
[1758218438185936049],10.171,0.74,3.244,,,
[1758218438191681883],10.257,0.749,3.287,,,
[1758218438197210633],10.19,0.627,3.108,,,
[1758218438202925372],10.238,0.69,3.218,,,
[1758218438208609643],10.274,0.721,3.383,,,
[1758218438214304539],10.4,0.781,3.338,,,
[1758218438220050216],10.393,0.68,3.314,,,
[1758218438225784487],10.262,0.704,3.28,,,
[1758218438231462820],10.333,0.754,3.381,,,
[1758218438237135372],10.379,0.649,3.311,,,
[1758218438242826154],10.274,0.718,3.275,,,
[1758218438248483445],10.381,0.728,3.22,,,
[1758218438254182352],10.36,0.709,3.366,,,
[1758218438259911622],10.274,0.692,3.417,,,
[1758218438265786258],10.206,0.785,3.311,,,
[1758218438272162404],10.204,0.802,3.237,,,
[1758218438278371831],10.254,0.747,3.395,,,
[1758218438284877924],10.211,0.634,3.371,,,
[1758218438291759852],10.197,0.663,3.074,,,
[1758218438298268862],10.063,0.74,3.335,,,
[1758218438304636883],10.171,0.678,3.302,,,
[1758218438311261831],10.35,0.737,3.409,,,
[1758218438317704956],10.221,0.874,3.335,,,
[1758218438324455789],10.185,0.735,3.239,,,
[1758218438330824904],10.151,0.673,3.373,,,
[1758218438337213341],10.36,0.654,3.347,,,
[1758218438343608289],10.175,0.716,3.366,,,
[1758218438350373289],10.341,0.795,3.33,,,
[1758218438356823081],10.218,0.646,3.326,,,
[1758218438363078289],10.168,0.704,3.524,,,
[1758218438368870633],10.343,0.733,3.316,,,
[1758218438374659487],10.305,0.807,3.225,,,
[1758218438380475737],10.202,0.742,3.311,,,
[1758218438386274799],10.206,0.769,3.28,,,
[1758218438391424956],10.171,0.836,3.306,,,
[1758218438397293029],10.168,0.745,3.378,,,
[1758218438402713601],10.343,0.697,3.314,,,
[1758218438408483081],10.252,0.795,3.22,,,
[1758218438414187143],10.149,0.723,3.292,,,
[1758218438419793810],10.197,0.73,3.333,,,
[1758218438425280216],10.254,0.773,3.345,,,
[1758218438430898185],10.226,0.838,3.299,,,
[1758218438436598081],10.156,0.781,3.503,,,
[1758218438442269539],10.202,0.867,3.457,,,
[1758218438447927091],10.178,0.627,3.385,,,
[1758218438453589851],10.137,0.792,3.455,,,
[1758218438459269018],10.195,0.788,3.342,,,
[1758218438465794539],10.18,0.745,3.314,,,
[1758218438472599591],10.223,0.8,3.467,,,
[1758218438479112560],10.142,0.725,3.472,,,
[1758218438485657299],10.135,0.721,3.517,,,
[1758218438492157039],10.187,0.742,3.388,,,
[1758218438498777976],10.192,0.625,3.361,,,
[1758218438505115737],10.135,0.759,3.397,,,
[1758218438511559904],10.18,0.632,3.318,,,
[1758218438518271362],10.132,0.764,3.376,,,
[1758218438524728549],10.166,0.852,3.306,,,
[1758218438531099383],10.156,0.745,3.424,,,
[1758218438537460529],10.221,0.63,3.508,,,
[1758218438543850528],9.991,0.716,3.503,,,
[1758218438550627612],10.171,0.62,3.46,,,
[1758218438557045320],10.163,0.637,3.587,,,
[1758218438563518706],10.149,0.723,3.608,,,
[1758218438569187508],10.08,0.728,3.45,,,
[1758218438575164851],10.113,0.733,3.565,,,
[1758218438580911153],10.206,0.814,3.524,,,
[1758218438586663966],10.209,0.646,3.34,,,
[1758218438592353445],10.173,0.778,3.218,,,
[1758218438598004799],10.187,0.804,3.553,,,
[1758218438603330372],10.034,0.773,3.467,,,
[1758218438608868549],10.056,0.905,3.512,,,
[1758218438614542716],10.144,0.795,3.397,,,
[1758218438620280528],10.12,0.814,3.421,,,
[1758218438625929122],10.104,0.615,3.388,,,
[1758218438631596518],10.178,0.697,3.582,,,
[1758218438637295008],10.178,0.8,3.421,,,
[1758218438642982768],10.381,0.63,3.51,,,
[1758218438648497039],10.168,0.752,3.45,,,
[1758218438654008289],9.969,0.809,3.395,,,
[1758218438659740789],10.123,0.903,3.376,,,
[1758218438665953289],10.24,0.785,3.419,,,
[1758218438672338133],10.135,0.824,3.383,,,
[1758218438678855581],10.338,0.723,3.417,,,
[1758218438685471778],10.127,0.845,3.699,,,
[1758218438692018028],10.094,0.776,3.543,,,
[1758218438698613237],10.144,0.713,3.711,,,
[1758218438705105164],10.137,0.831,3.759,,,
[1758218438711486414],10.13,0.656,3.496,,,
[1758218438718007872],10.132,0.752,3.745,,,
[1758218438724415164],10.173,0.62,3.673,,,
[1758218438731215216],10.139,0.73,3.373,,,
[1758218438737844643],10.175,0.776,3.651,,,
[1758218438744181726],10.13,0.709,3.498,,,
[1758218438750755528],10.142,0.879,3.737,,,
[1758218438757269226],10.18,0.754,3.472,,,
[1758218438763855268],10.072,0.618,3.603,,,
[1758218438769505685],10.063,0.761,3.531,,,
[1758218438775849903],10.142,0.833,3.508,,,
[1758218438782741153],10.082,0.536,3.685,,,
[1758218438789233133],10.19,0.383,3.67,,,
[1758218438795743549],10.192,0.632,3.663,,,
[1758218438802237455],10.357,0.869,3.598,,,
[1758218438808645372],10.364,0.797,3.709,,,
[1758218438815461153],10.424,0.79,3.663,,,
[1758218438822116362],10.266,0.74,3.529,,,
[1758218438827970216],10.297,0.651,3.61,,,
[1758218438834717820],10.412,0.85,3.407,,,
[1758218438841215580],10.513,0.883,3.524,,,
[1758218438847704903],10.592,0.898,3.534,,,
[1758218438854033393],10.716,0.979,3.493,,,
[1758218438860894122],10.534,0.974,3.646,,,
[1758218438867353966],10.609,1.008,3.637,,,
[1758218438874001778],10.594,0.778,3.766,,,
[1758218438880500372],10.451,0.826,3.742,,,
[1758218438886831101],10.637,0.886,3.608,,,
[1758218438893153966],10.709,0.824,3.654,,,
[1758218438899987195],10.685,0.845,3.821,,,
[1758218438906591518],10.874,0.778,3.759,,,
[1758218438913109851],10.791,0.809,3.917,,,
[1758218438919560528],10.74,0.84,3.596,,,
[1758218438926029695],10.714,0.668,3.776,,,
[1758218438932564851],10.625,0.658,3.711,,,
[1758218438939028445],10.532,0.687,3.876,,,
[1758218438945555372],10.508,0.649,3.704,,,
[1758218438952209643],10.496,0.797,3.601,,,
[1758218438958720008],10.518,0.642,3.785,,,
[1758218438964869955],10.544,0.838,3.931,,,
[1758218438970691466],10.63,0.757,3.768,,,
[1758218438976264747],10.621,0.737,3.812,,,
[1758218438981939643],10.599,0.747,3.807,,,
[1758218438987828080],10.496,0.74,3.795,,,
[1758218438993539799],10.525,0.862,3.926,,,
[1758218438999262091],10.642,0.886,4.108,,,
[1758218439004991882],10.52,0.752,3.953,,,
[1758218439010809018],10.534,0.816,3.931,,,
[1758218439016630997],10.563,0.845,4.065,,,
[1758218439022390007],10.693,0.797,4.075,,,
[1758218439028125945],10.554,0.79,4.089,,,
[1758218439033807351],10.506,0.797,4.18,,,
[1758218439039656726],10.556,0.795,4.243,,,
[1758218439045384382],10.331,0.812,4.353,,,
[1758218439051215737],10.288,0.838,4.444,,,
[1758218439056956362],10.271,0.749,4.487,,,
[1758218439062787560],10.285,0.781,4.386,,,
[1758218439069184278],10.233,0.807,4.453,,,
[1758218439075951726],10.41,0.879,4.343,,,
[1758218439082835372],10.226,0.9,4.585,,,
[1758218439089372976],10.391,0.86,4.209,,,
[1758218439095860216],10.192,0.879,4.413,,,
[1758218439102330060],10.053,0.953,4.587,,,
[1758218439108857976],10.034,0.836,4.513,,,
[1758218439115306987],10.077,0.869,4.599,,,
[1758218439121297768],10.06,0.781,4.7,,,
[1758218439128107351],10.065,0.912,4.743,,,
[1758218439134584070],10.032,0.788,4.87,,,
[1758218439141100320],10.056,0.761,4.922,,,
[1758218439147575424],10.06,0.62,5.035,,,
[1758218439154061205],10.029,0.685,5.001,,,
[1758218439160598966],10.084,0.632,4.982,,,
[1758218439166610893],9.955,0.742,4.985,,,
[1758218439172373080],9.886,0.704,5.083,,,
[1758218439178133237],9.9,0.704,5.059,,,
[1758218439183950737],9.84,0.723,5.31,,,
[1758218439189797403],9.704,0.611,5.229,,,
[1758218439195609747],9.797,0.663,5.373,,,
[1758218439201384278],9.797,0.663,5.277,,,
[1758218439207154434],9.9,0.637,5.279,,,
[1758218439212895216],9.749,0.713,5.337,,,
[1758218439218525216],9.811,0.764,5.138,,,
[1758218439224279487],9.742,0.694,5.361,,,
[1758218439230320424],9.756,0.654,5.301,,,
[1758218439236079487],9.613,0.725,5.449,,,
[1758218439241889955],9.577,0.723,5.526,,,
[1758218439247798757],9.565,0.68,5.552,,,
[1758218439253583393],9.548,0.735,5.54,,,
[1758218439258799955],9.402,0.788,5.605,,,
[1758218439264943862],9.493,0.828,5.765,,,
[1758218439271437247],9.278,0.788,5.813,,,
[1758218439277834330],9.254,0.733,5.816,,,
[1758218439284372299],9.404,0.675,6.096,,,
[1758218439290949955],9.155,0.69,5.995,,,
[1758218439297501778],9.182,0.723,6.266,,,
[1758218439304274070],9.084,0.812,6.05,,,
[1758218439310715320],9.079,0.797,6.213,,,
[1758218439317561309],8.993,0.723,6.325,,,
[1758218439324065893],9.031,0.915,6.373,,,
[1758218439330583393],8.734,0.797,6.373,,,
[1758218439336950476],8.823,0.915,6.61,,,
[1758218439343645737],8.818,0.828,6.713,,,
[1758218439350211466],8.784,0.802,6.287,,,
[1758218439356710632],8.801,0.833,6.572,,,
[1758218439363217403],8.6,0.831,6.318,,,
[1758218439369554434],8.847,0.764,6.517,,,
[1758218439376180684],8.722,0.8,6.596,,,
[1758218439382529330],8.497,0.814,6.663,,,
[1758218439389078237],8.576,0.783,6.855,,,
[1758218439395615007],8.54,0.649,6.701,,,
[1758218439402102559],8.387,0.745,6.943,,,
[1758218439408598757],8.387,0.838,7.07,,,
[1758218439415013028],8.279,0.723,7.068,,,
[1758218439421835111],8.188,0.634,7.302,,,
[1758218439428424434],8.365,0.742,7.266,,,
[1758218439434771986],8.169,0.634,7.321,,,
[1758218439441560997],8.186,0.622,7.305,,,
[1758218439448026414],8.08,0.599,7.247,,,
[1758218439454500007],8.236,0.577,7.333,,,
[1758218439460972351],8.183,0.587,7.324,,,
[1758218439467156934],8.004,0.601,7.381,,,
[1758218439472817247],7.944,0.455,7.432,,,
[1758218439477832716],7.961,0.599,7.427,,,
[1758218439483654799],7.973,0.678,7.547,,,
[1758218439489332872],7.791,0.687,7.448,,,
[1758218439495136466],7.839,0.634,7.389,,,
[1758218439500935111],7.865,0.627,7.544,,,
[1758218439506421101],7.939,0.553,7.52,,,
[1758218439512152039],8.246,0.867,8.018,,,
[1758218439517834851],7.463,0.771,7.355,,,
[1758218439523354851],8.301,0.809,7.535,,,
[1758218439529108757],7.705,0.783,7.867,,,
[1758218439534813393],7.779,0.735,7.721,,,
[1758218439540609643],7.379,0.668,7.863,,,
[1758218439546327143],7.168,0.831,8.006,,,
[1758218439552033601],7.549,0.622,7.853,,,
[1758218439557708966],7.494,0.759,7.901,,,
[1758218439563454174],7.47,1.018,7.97,,,
[1758218439569806153],7.523,0.79,8.167,,,
[1758218439576470320],7.563,0.869,8.155,,,
[1758218439582985684],7.633,0.912,8.054,,,
[1758218439589517924],7.807,0.986,8.193,,,
[1758218439596101726],7.501,0.553,8.078,,,
[1758218439602618809],7.434,0.802,8.15,,,
[1758218439609088601],7.233,0.634,8.085,,,
[1758218439615699382],7.415,0.804,8.03,,,
[1758218439622195424],7.702,0.63,8.231,,,
[1758218439628783184],7.604,0.747,8.25,,,
[1758218439635283861],7.391,0.764,8.387,,,
[1758218439641734174],7.59,0.747,8.255,,,
[1758218439648376674],7.149,0.333,8.021,,,
[1758218439654846257],7.64,0.491,8.186,,,
[1758218439661399486],7.369,0.445,8.32,,,
[1758218439667335320],7.149,0.34,8.686,,,
[1758218439673042351],7.305,0.476,8.37,,,
[1758218439678822976],7.448,0.414,8.59,,,
[1758218439684472872],7.18,0.553,8.394,,,
[1758218439690293809],7.307,0.474,8.66,,,
[1758218439696036934],6.701,0.766,9.495,,,
[1758218439701745997],6.567,0.163,8.215,,,
[1758218439707545111],7.76,0.436,8.504,,,
[1758218439713188080],6.694,0.476,8.899,,,
[1758218439718976986],6.977,0.479,8.368,,,
[1758218439724618705],7.355,0.85,8.468,,,
[1758218439730620268],6.608,0.438,8.607,,,
[1758218439736394018],6.998,0.828,8.818,,,
[1758218439742064070],7.034,-0.115,8.574,,,
[1758218439747815007],6.852,0.845,8.456,,,
[1758218439753447038],6.948,0.678,8.882,,,
[1758218439759355528],7.197,0.879,8.878,,,
[1758218439765227820],7.022,0.558,7.836,,,
[1758218439771537716],7.345,0.792,8.959,,,
[1758218439777944382],6.457,0.666,8.629,,,
[1758218439784362924],7.118,0.69,8.784,,,
[1758218439791118132],6.797,0.493,8.614,,,
[1758218439797599538],7.065,0.852,9.467,,,
[1758218439803937663],6.369,0.407,8.564,,,
[1758218439810056986],6.802,0.816,8.945,,,
[1758218439816799955],6.551,0.517,8.65,,,
[1758218439823409851],7.07,1.317,8.897,,,
[1758218439829767143],6.555,0.342,9.187,,,
[1758218439836654486],6.486,0.579,8.95,,,
[1758218439842994278],6.498,0.481,8.839,,,
[1758218439849378757],6.618,0.821,8.768,,,
[1758218439856130736],6.302,0.733,8.93,,,
[1758218439862563132],6.495,0.563,8.868,,,
[1758218439868997143],5.873,0.577,9.088,,,
[1758218439875436674],6.311,0.493,9.203,,,
[1758218439881795059],6.352,0.833,9.462,,,
[1758218439888110372],6.61,0.496,9.112,,,
[1758218439894853705],6.39,0.728,9.179,,,
[1758218439901295424],6.22,0.405,9.055,,,
[1758218439907595736],6.433,0.067,9.23,,,
[1758218439914223809],6.127,0.536,9.426,,,
[1758218439920733340],6.199,0.464,9.658,,,
[1758218439927498028],6.287,0.565,9.38,,,
[1758218439933907663],6.194,0.51,9.242,,,
[1758218439940811153],6.246,0.783,9.021,,,
[1758218439947262038],6.364,0.606,9.316,,,
[1758218439953732143],6.314,0.587,9.273,,,
[1758218439960289903],6.261,0.278,9.258,,,
[1758218439966608965],6.081,0.682,9.395,,,
[1758218439972382768],6.242,0.663,9.445,,,
[1758218439978132663],6.4,0.575,9.203,,,
[1758218439983966361],6.323,0.699,9.364,,,
[1758218439989765840],6.304,0.771,9.395,,,
[1758218439995527403],6.268,0.737,9.29,,,
[1758218440001385684],6.232,0.613,9.431,,,
[1758218440007021049],6.311,0.455,9.371,,,
[1758218440012749382],6.213,0.39,9.448,,,
[1758218440018414695],6.318,0.716,9.426,,,
[1758218440024176101],6.189,0.69,9.634,,,
[1758218440030089486],6.227,0.824,9.273,,,
[1758218440035742663],6.263,0.737,9.651,,,
[1758218440041865528],6.218,0.644,9.474,,,
[1758218440047639434],6.172,0.512,9.424,,,
[1758218440053296674],6.124,0.608,9.438,,,
[1758218440058979903],6.28,0.443,9.39,,,
[1758218440064988653],6.153,0.388,9.462,,,
[1758218440071548028],6.072,0.608,9.634,,,
[1758218440078391570],6.026,0.713,9.459,,,
[1758218440084885632],6.11,0.62,9.263,,,
[1758218440090812715],6.021,0.651,9.737,,,
[1758218440097683392],5.849,0.613,9.742,,,
[1758218440104219799],6.148,0.316,9.531,,,
[1758218440110651830],6.177,0.366,9.634,,,
[1758218440116993028],6.163,0.479,9.479,,,
[1758218440123582038],6.223,0.33,9.428,,,
[1758218440129894226],6.22,0.51,9.584,,,
[1758218440136539590],6.194,0.675,9.618,,,
[1758218440143183653],6.199,0.539,9.761,,,
[1758218440150011674],6.014,0.486,9.72,,,
[1758218440156368340],6.163,0.402,9.735,,,
[1758218440162940528],5.983,0.591,9.618,,,
[1758218440168900945],6.136,0.512,9.582,,,
[1758218440174294486],6.218,0.663,9.601,,,
[1758218440180059017],6.029,0.682,9.749,,,
[1758218440185763080],6.105,0.551,9.694,,,
[1758218440191431830],6.017,0.713,9.742,,,
[1758218440197149486],6.132,0.713,9.677,,,
[1758218440202945788],6.086,0.611,9.651,,,
[1758218440208618445],6.218,0.524,9.651,,,
[1758218440214287872],6.069,0.663,9.603,,,
[1758218440220006413],6.076,0.599,9.519,,,
[1758218440225748236],6.165,0.697,9.665,,,
[1758218440231506517],6.062,0.706,9.653,,,
[1758218440237181830],6.021,0.656,9.641,,,
[1758218440242983392],6.081,0.637,9.692,,,
[1758218440248660424],6.072,0.508,9.661,,,
[1758218440254343080],6.127,0.591,9.783,,,
[1758218440260075111],6.194,0.496,9.629,,,
[1758218440265801882],6.072,0.553,9.687,,,
[1758218440272304017],6.036,0.551,9.766,,,
[1758218440278774590],5.988,0.498,9.835,,,
[1758218440285511986],5.986,0.448,9.831,,,
[1758218440292036257],5.832,0.611,9.811,,,
[1758218440298495111],5.748,0.508,9.989,,,
[1758218440304996778],5.875,0.503,9.807,,,
[1758218440311272611],5.83,0.474,9.931,,,
[1758218440317592194],5.851,0.393,10.096,,,
[1758218440324061882],5.842,0.527,9.833,,,
[1758218440330905684],5.703,0.524,9.965,,,
[1758218440337229382],5.801,0.512,9.673,,,
[1758218440344110840],5.765,0.517,9.934,,,
[1758218440350610944],5.789,0.752,9.977,,,
[1758218440356911517],5.717,0.615,10.374,,,
[1758218440363211205],5.665,0.563,10.094,,,
[1758218440369799851],5.648,0.625,10.144,,,
[1758218440376123757],5.705,0.575,10.092,,,
[1758218440382907351],5.593,0.668,10.132,,,
[1758218440389354851],5.595,0.479,10.096,,,
[1758218440395831569],5.626,0.699,10.092,,,
[1758218440402331726],5.368,0.599,10.156,,,
[1758218440408836569],5.447,0.503,10.046,,,
[1758218440415320007],5.363,0.493,10.089,,,
[1758218440421639486],5.301,0.515,10.171,,,
[1758218440428131986],5.234,0.457,10.149,,,
[1758218440434806153],4.997,0.733,10.25,,,
[1758218440441132194],5.124,0.527,10.264,,,
[1758218440447399903],4.99,0.541,10.099,,,
[1758218440453989486],5.083,0.493,10.087,,,
[1758218440460653549],5.104,0.52,10.309,,,
[1758218440467034278],5.011,0.594,10.324,,,
[1758218440472810215],4.966,0.496,10.192,,,
[1758218440478547194],5.121,0.421,10.197,,,
[1758218440484325788],4.887,0.445,10.084,,,
[1758218440490106413],4.918,0.453,10.156,,,
[1758218440495878861],4.86,0.582,10.362,,,
[1758218440501666674],4.772,0.244,10.24,,,
[1758218440507384746],4.652,0.354,10.503,,,
[1758218440513053132],4.841,0.443,10.302,,,
[1758218440518816986],4.599,0.208,10.319,,,
[1758218440524513392],4.389,0.476,10.357,,,
[1758218440530365580],4.372,0.263,10.386,,,
[1758218440536136882],4.245,0.383,10.47,,,
[1758218440541910996],4.178,0.445,10.266,,,
[1758218440547943757],4.252,0.39,10.427,,,
[1758218440553718288],4.085,0.357,10.305,,,
[1758218440559521986],3.931,0.524,10.635,,,
[1758218440565173184],3.907,0.271,10.324,,,
[1758218440570906309],3.771,0.316,10.704,,,
[1758218440576616778],3.654,0.512,10.491,,,
[1758218440582264069],3.642,0.397,10.52,,,
[1758218440587849851],3.699,0.615,10.721,,,
[1758218440593748913],3.754,0.517,10.609,,,
[1758218440599382819],3.589,0.464,10.633,,,
[1758218440605022194],3.587,0.464,10.551,,,
[1758218440611090163],3.656,0.551,10.688,,,
[1758218440616801830],3.589,0.491,10.693,,,
[1758218440622565267],3.654,0.527,10.647,,,
[1758218440628282038],3.4,0.601,10.625,,,
[1758218440634044486],3.376,0.606,10.719,,,
[1758218440639749121],3.436,0.395,10.544,,,
[1758218440645507403],3.108,0.639,10.925,,,
[1758218440651613601],3.235,0.235,10.501,,,
[1758218440657352663],3.503,0.517,10.779,,,
[1758218440663090111],3.093,0.541,11.006,,,
[1758218440668821205],3.048,0.304,10.702,,,
[1758218440674559799],3.359,0.388,10.645,,,
[1758218440680163705],3.1,0.5,10.716,,,
[1758218440685855215],2.82,0.371,11.056,,,
[1758218440691533080],2.947,0.294,10.685,,,
[1758218440697177038],3.156,0.46,10.922,,,
[1758218440702872976],2.804,0.333,11.061,,,
[1758218440708557299],2.897,-0.062,10.597,,,
[1758218440713514538],3.06,0.333,10.973,,,
[1758218440719216778],2.856,0.129,10.661,,,
[1758218440724760267],2.806,0.01,10.92,,,
[1758218440730487298],2.988,0.318,10.898,,,
[1758218440736223653],2.818,0.187,10.946,,,
[1758218440741897298],2.784,0.407,10.975,,,
[1758218440747628913],2.732,0.168,10.774,,,
[1758218440753531569],2.787,0.35,10.961,,,
[1758218440759224851],2.667,0.402,11.037,,,
[1758218440764862663],2.739,0.275,10.944,,,
[1758218440771350684],2.598,0.294,10.834,,,
[1758218440778113080],2.569,0.366,11.133,,,
[1758218440784628809],2.205,0.457,11.016,,,
[1758218440791037663],2.504,0.23,11.088,,,
[1758218440797331048],2.332,0.352,10.901,,,
[1758218440804120319],2.356,0.433,11.066,,,
[1758218440810568288],2.157,0.45,11.035,,,
[1758218440817122819],2.339,0.347,10.992,,,
[1758218440823586309],2.061,0.448,11.138,,,
[1758218440829951361],2.217,0.395,10.913,,,
[1758218440836727819],2.195,0.306,11.078,,,
[1758218440843233444],2.339,0.438,10.91,,,
[1758218440849674486],2.222,0.402,11.171,,,
[1758218440856319746],2.303,0.448,10.97,,,
[1758218440862804746],2.449,0.153,11.104,,,
[1758218440869111257],2.289,0.453,10.965,,,
[1758218440874942246],2.322,0.431,11.09,,,
[1758218440880591153],2.193,0.378,11.169,,,
[1758218440886305944],2.286,0.187,11.042,,,
[1758218440891929486],2.382,0.318,10.951,,,
[1758218440897701153],2.145,0.493,11.1,,,
[1758218440903438757],2.533,0.275,10.846,,,
[1758218440909166726],2.421,0.247,11.068,,,
[1758218440914805111],2.157,0.306,11.162,,,
[1758218440920354955],2.308,0.002,10.934,,,
[1758218440926233132],2.32,0.261,11.217,,,
[1758218440931731569],2.447,0.005,11.025,,,
[1758218440937497351],2.449,0.129,11.224,,,
[1758218440943224850],2.344,0.215,11.03,,,
[1758218440948923496],2.421,0.311,11.231,,,
[1758218440954629486],2.286,0.139,11.15,,,
[1758218440960450944],2.365,0.194,11.265,,,
[1758218440966120528],2.167,0.347,11.195,,,
[1758218440972525736],2.227,0.244,11.011,,,
[1758218440979149590],2.143,0.208,11.104,,,
[1758218440985690059],2.169,0.182,10.992,,,
[1758218440992276205],2.006,0.496,10.958,,,
[1758218440998611257],2.121,0.275,11.013,,,
[1758218441005373028],2.16,0.218,11.243,,,
[1758218441011899746],2.023,0.622,11.349,,,
[1758218441018362871],2.035,0.306,11.205,,,
[1758218441024830423],1.923,0.488,11.258,,,
[1758218441031254955],1.935,0.292,11.155,,,
[1758218441038039278],1.875,0.572,11.363,,,
[1758218441044568548],1.923,0.292,11.147,,,
[1758218441051127923],1.815,0.57,11.234,,,
[1758218441057618861],1.686,0.354,11.126,,,
[1758218441064148288],1.762,0.373,11.238,,,
[1758218441070215996],1.748,0.242,11.193,,,
[1758218441076067038],1.695,0.347,11.258,,,
[1758218441081808444],1.741,0.271,11.1,,,
[1758218441087534382],1.769,0.271,11.258,,,
[1758218441093363496],1.676,0.208,11.052,,,
[1758218441099091621],1.707,0.184,11.037,,,
[1758218441104866361],1.626,0.256,11.214,,,
[1758218441110572715],1.432,0.297,11.064,,,
[1758218441116394903],1.798,0.239,11.246,,,
[1758218441122042663],1.666,0.175,11.19,,,
[1758218441127826934],1.573,0.259,11.188,,,
[1758218441133549903],1.568,0.237,11.083,,,
[1758218441139314069],1.559,0.192,11.095,,,
[1758218441144969798],1.561,0.096,11.155,,,
[1758218441150799850],1.678,0.105,11.243,,,
[1758218441156574330],1.623,0.292,11.313,,,
[1758218441162338027],1.475,0.124,11.25,,,
[1758218441168229330],1.468,0.096,11.291,,,
[1758218441173983600],1.422,0.182,11.042,,,
[1758218441179738288],1.336,0.213,11.052,,,
[1758218441185476673],1.334,0.141,11.164,,,
[1758218441191293080],1.267,0.218,11.296,,,
[1758218441197065944],1.377,0.206,11.126,,,
[1758218441203043861],1.475,0.283,11.183,,,
[1758218441208758705],1.472,0.414,11.064,,,
[1758218441214501205],1.319,0.235,11.188,,,
[1758218441220339225],1.3,0.285,11.145,,,
[1758218441226097350],1.267,0.28,11.198,,,
[1758218441231853184],1.393,0.187,11.277,,,
[1758218441237475580],1.36,0.23,11.315,,,
[1758218441243183184],1.41,0.285,11.111,,,
[1758218441248989746],1.235,0.244,11.334,,,
[1758218441254644330],1.42,0.254,11.308,,,
[1758218441260532559],1.355,0.254,11.195,,,
[1758218441266350267],1.425,0.237,11.14,,,
[1758218441272689902],1.403,0.182,11.274,,,
[1758218441279027507],1.487,0.196,11.291,,,
[1758218441285696830],1.468,0.263,11.219,,,
[1758218441292173496],1.413,0.184,11.21,,,
[1758218441298910163],1.475,0.204,11.26,,,
[1758218441305370163],1.417,0.172,11.293,,,
[1758218441311877871],1.441,0.16,11.392,,,
[1758218441317768496],1.257,0.273,11.298,,,
[1758218441324395944],1.499,0.247,11.19,,,
[1758218441331093340],1.437,0.287,11.145,,,
[1758218441337648705],1.437,0.215,11.073,,,
[1758218441343593080],1.446,0.455,11.471,,,
[1758218441350365163],1.516,0.244,11.224,,,
[1758218441356754850],1.528,0.215,11.111,,,
[1758218441363491934],1.609,0.163,11.169,,,
[1758218441369886777],1.597,0.024,11.049,,,
[1758218441376598340],1.678,0.158,11.212,,,
[1758218441382930163],1.788,0.18,11.27,,,
[1758218441389699329],1.705,0.287,11.198,,,
[1758218441396161621],1.817,0.309,11.274,,,
[1758218441402624902],1.707,0.204,11.334,,,
[1758218441409101934],1.829,0.34,11.1,,,
[1758218441415632819],1.676,0.292,11.111,,,
[1758218441422122350],1.676,0.165,11.293,,,
[1758218441428539017],1.623,0.273,11.334,,,
[1758218441435024850],1.786,0.278,11.047,,,
[1758218441441449486],1.832,0.278,11.138,,,
[1758218441448058965],1.535,0.294,11.176,,,
[1758218441454518913],1.707,0.211,11.291,,,
[1758218441461233027],1.58,0.153,11.27,,,
[1758218441467976413],1.717,0.271,11.219,,,
[1758218441474512507],1.695,0.227,11.305,,,
[1758218441480905371],1.793,0.201,11.212,,,
[1758218441487638548],1.686,0.314,11.102,,,
[1758218441494026934],1.733,0.153,11.08,,,
[1758218441500787715],1.832,0.271,11.31,,,
[1758218441507244277],1.542,0.318,11.2,,,
[1758218441513694590],1.542,0.345,11.301,,,
[1758218441520170215],1.664,0.364,11.076,,,
[1758218441526638704],1.616,0.254,11.284,,,
[1758218441533111725],1.666,0.227,11.214,,,
[1758218441539547246],1.81,0.381,11.368,,,
[1758218441546127142],1.702,0.287,11.179,,,
[1758218441552631257],1.604,0.373,11.341,,,
[1758218441559093861],1.58,0.314,11.243,,,
[1758218441565635215],1.506,0.184,11.284,,,
[1758218441572129746],1.48,0.206,11.193,,,
[1758218441578615632],1.465,0.204,11.286,,,
[1758218441584947559],1.475,0.259,11.337,,,
[1758218441591420423],1.441,0.168,11.241,,,
[1758218441597708548],1.456,0.247,11.205,,,
[1758218441604266309],1.456,0.254,11.272,,,
[1758218441610630996],1.374,0.055,11.296,,,
[1758218441617167454],1.501,0.16,11.36,,,
[1758218441623452506],1.31,0.175,11.293,,,
[1758218441629879225],1.245,0.117,11.27,,,
[1758218441636613600],1.219,0.196,11.26,,,
[1758218441643155475],1.336,0.189,11.102,,,
[1758218441649651881],1.125,0.211,11.138,,,
[1758218441656187038],1.214,0.227,11.219,,,
[1758218441662069746],1.209,0.232,11.497,,,
[1758218441668736204],1.032,0.381,11.423,,,
[1758218441674617454],1.051,0.227,11.293,,,
[1758218441680605840],0.991,0.285,11.332,,,
[1758218441686534954],0.893,0.259,11.188,,,
[1758218441692614121],0.833,0.22,11.145,,,
[1758218441698378079],0.804,0.218,11.162,,,
[1758218441704308548],0.795,0.165,11.301,,,
[1758218441710102194],0.721,0.237,11.133,,,
[1758218441715891309],0.725,0.259,11.138,,,
[1758218441721667298],0.615,0.412,11.114,,,
[1758218441727399017],0.759,0.271,11.092,,,
[1758218441733053704],0.663,0.414,11.076,,,
[1758218441738831517],0.663,0.182,11.126,,,
[1758218441744474694],0.68,0.218,11.387,,,
[1758218441750534173],0.68,0.261,11.207,,,
[1758218441756136152],0.474,0.18,11.133,,,
[1758218441761798548],0.651,0.23,11.322,,,
[1758218441767610579],0.63,0.237,11.164,,,
[1758218441774109121],0.654,0.091,11.26,,,
[1758218441780621725],0.469,0.204,11.179,,,
[1758218441786920631],0.587,0.098,11.25,,,
[1758218441793655475],0.754,0.007,11.128,,,
[1758218441800015111],0.685,0.201,11.138,,,
[1758218441806605788],0.541,0.158,11.176,,,
[1758218441813138756],0.682,0.11,11.071,,,
[1758218441819607246],0.874,0.091,11.08,,,
[1758218441825952715],0.888,0.148,11.322,,,
[1758218441832610006],0.91,0.017,10.985,,,
[1758218441839336517],0.809,0.156,11.207,,,
[1758218441845852454],0.831,0.299,11.243,,,
[1758218441852357298],0.883,0.237,11.102,,,
[1758218441858844590],0.989,0.239,11.073,,,
[1758218441865431048],1.034,0.206,11.023,,,
[1758218441871958131],1.137,0.213,11.119,,,
[1758218441878466673],1.128,0.208,10.958,,,
[1758218441884955215],1.207,0.165,11.092,,,
[1758218441891411986],1.405,0.141,10.889,,,
[1758218441898011465],1.362,0.22,10.901,,,
[1758218441904356152],1.42,0.28,10.951,,,
[1758218441910984433],1.451,0.261,10.815,,,
[1758218441917711881],1.52,0.227,10.815,,,
[1758218441924152038],1.59,0.297,10.841,,,
[1758218441930640996],1.64,0.175,10.767,,,
[1758218441937040058],1.738,0.163,10.858,,,
[1758218441943387819],1.697,0.302,10.661,,,
[1758218441950170736],1.987,0.184,10.736,,,
[1758218441956671204],2.066,0.323,10.594,,,
[1758218441963155996],2.143,0.208,10.635,,,
[1758218441969650215],2.231,0.287,10.58,,,
[1758218441976139902],2.294,0.304,10.453,,,
[1758218441982611933],2.586,0.256,10.455,,,
[1758218441989078444],2.523,0.357,10.353,,,
[1758218441995651361],2.483,0.388,10.561,,,
[1758218442002413652],2.761,0.333,10.281,,,
[1758218442008906986],2.674,0.304,10.23,,,
[1758218442015233444],2.88,0.254,10.137,,,
[1758218442021824173],3.002,0.278,10.233,,,
[1758218442028281777],2.99,0.177,10.336,,,
[1758218442034999277],3.127,0.311,10.218,,,
[1758218442041485058],3.347,0.242,10.101,,,
[1758218442047898079],3.402,0.297,10.003,,,
[1758218442054340058],3.563,0.381,9.905,,,
[1758218442060762298],3.613,0.35,9.773,,,
[1758218442067524954],3.701,0.34,10.082,,,
[1758218442074018340],3.886,0.5,9.677,,,
[1758218442080525110],3.972,0.572,9.799,,,
[1758218442086967090],4.116,0.335,9.61,,,
[1758218442093440788],4.269,0.532,9.548,,,
[1758218442100112923],4.389,0.548,9.491,,,
[1758218442106528444],4.628,0.323,9.285,,,
[1758218442113181881],4.614,0.419,9.414,,,
[1758218442119794225],4.774,0.476,9.052,,,
[1758218442126285006],4.942,0.543,9.378,,,
[1758218442132783704],5.054,0.539,8.921,,,
[1758218442139244902],5.361,0.529,8.703,,,
[1758218442145714798],5.243,0.536,8.679,,,
[1758218442151979433],5.418,0.539,8.854,,,
[1758218442158394225],5.65,0.431,8.839,,,
[1758218442165180319],5.595,0.508,8.483,,,
[1758218442171495944],5.751,0.488,8.258,,,
[1758218442177283079],5.887,0.577,8.32,,,
[1758218442183042506],5.873,0.591,8.262,,,
[1758218442188802090],6.155,0.606,8.03,,,
[1758218442194442715],6.22,0.536,7.975,,,
[1758218442200353965],6.314,0.627,7.75,,,
[1758218442206375110],6.531,0.685,7.87,,,
[1758218442212132767],6.584,0.661,7.611,,,
[1758218442217881829],6.723,0.639,7.58,,,
[1758218442223574590],6.902,0.591,7.568,,,
[1758218442229453027],6.998,0.68,7.338,,,
[1758218442235252090],7.111,0.611,7.209,,,
[1758218442241137663],7.072,0.663,7.161,,,
[1758218442246871152],7.312,0.735,7.101,,,
[1758218442252704381],7.508,0.575,6.965,,,
[1758218442258433287],7.398,0.687,6.728,,,
[1758218442264257194],7.561,0.706,6.649,,,
[1758218442269954329],7.69,0.692,6.586,,,
[1758218442275713808],7.827,0.666,6.44,,,
[1758218442281464433],8.068,0.563,6.297,,,
[1758218442287164537],7.932,0.713,6.318,,,
[1758218442292819746],7.97,0.553,6.129,,,
[1758218442298601412],8.157,0.476,5.871,,,
[1758218442304648287],8.246,0.757,6.002,,,
[1758218442310290058],8.569,0.488,5.748,,,
[1758218442315800058],8.605,0.74,5.559,,,
[1758218442321474746],8.629,0.488,5.284,,,
[1758218442327154329],8.835,0.651,5.329,,,
[1758218442332845058],8.823,0.711,5.102,,,
[1758218442338500840],8.777,0.467,4.944,,,
[1758218442344180579],9.057,0.706,4.99,,,
[1758218442349663183],9.05,0.675,4.776,,,
[1758218442355373235],9.323,0.74,4.626,,,
[1758218442361110215],9.199,0.661,4.496,,,
[1758218442366855371],9.479,0.673,4.547,,,
[1758218442372979798],9.306,0.73,4.187,,,
[1758218442379380162],9.438,0.656,4.381,,,
[1758218442385998131],9.452,0.754,3.919,,,
[1758218442392669173],9.55,0.737,3.936,,,
[1758218442399160319],9.792,0.692,3.723,,,
[1758218442405770683],9.778,0.622,3.529,,,
[1758218442412308027],9.749,0.663,3.259,,,
[1758218442418789954],9.838,0.709,3.29,,,
[1758218442425287975],9.864,0.802,3.089,,,
[1758218442431837819],10.029,0.771,2.919,,,
[1758218442438293444],9.85,0.883,2.875,,,
[1758218442444608235],10.034,0.769,2.351,,,
[1758218442450998756],10.125,0.905,2.193,,,
[1758218442457779902],10.211,0.759,2.049,,,
[1758218442464229485],10.209,0.754,1.851,,,
[1758218442470765839],10.412,0.809,1.846,,,
[1758218442477221048],10.355,0.91,1.468,,,
[1758218442483734069],10.209,0.836,1.434,,,
[1758218442490250631],10.329,0.697,1.516,,,
[1758218442496754069],10.293,0.728,1.209,,,
[1758218442503253912],10.242,0.692,0.922,,,
[1758218442509633027],10.348,0.883,0.965,,,
[1758218442515974537],10.321,0.713,0.723,,,
[1758218442522374485],10.444,0.864,0.522,,,
[1758218442529107298],10.353,0.912,0.383,,,
[1758218442535634746],10.278,0.754,0.663,,,
[1758218442542213444],10.458,0.503,0.249,,,
[1758218442548682871],10.362,0.51,-0.18,,,
[1758218442555191256],10.321,0.644,-0.108,,,
[1758218442561704225],10.427,0.8,-0.606,,,
[1758218442568158964],10.319,0.754,-0.769,,,
[1758218442574699902],10.183,0.575,-0.836,,,
[1758218442581125892],10.302,0.527,-1.255,,,
[1758218442587644381],10.127,0.637,-0.929,,,
[1758218442594270892],9.991,0.469,-1.346,,,
[1758218442600782454],10.738,0.417,-1.59,,,
[1758218442607227454],9.826,0.668,-1.709,,,
[1758218442613635267],10.247,0.848,-1.662,,,
[1758218442620333496],10.166,0.704,-1.856,,,
[1758218442626762246],10.23,0.46,-2.049,,,
[1758218442633416360],10.075,0.517,-2.282,,,
[1758218442639864485],10.204,0.749,-2.624,,,
[1758218442646359850],9.764,0.86,-2.72,,,
[1758218442652820944],9.96,0.323,-2.78,,,
[1758218442659267714],9.629,0.869,-3.1,,,
[1758218442665752610],10.008,0.797,-2.978,,,
[1758218442672146725],10.934,1.046,-3.105,,,
[1758218442678922350],9.469,0.639,-4.274,,,
[1758218442685419642],10.817,1.104,-3.467,,,
[1758218442691973912],9.395,-0.292,-3.105,,,
[1758218442698273652],9.955,0.464,-3.95,,,
[1758218442704606621],9.457,0.326,-3.967,,,
[1758218442711276152],9.239,0.651,-4.085,,,
[1758218442717972662],9.486,0.551,-3.843,,,
[1758218442724595423],9.273,0.754,-4.53,,,
[1758218442730986464],9.048,0.867,-4.592,,,
[1758218442737720944],8.837,0.752,-4.982,,,
[1758218442743959537],9.117,0.713,-4.518,,,
[1758218442750451569],10.096,1.008,-5.464,,,
[1758218442756826725],9.759,0.891,-6.273,,,
[1758218442763418912],8.349,0.393,-5.262,,,
[1758218442769817871],9.395,0.187,-5.033,,,
[1758218442776219225],8.756,0.682,-6.23,,,
[1758218442782840579],8.011,0.441,-6.263,,,
[1758218442789545371],8.868,0.316,-6.213,,,
[1758218442796028548],8.006,0.163,-6.4,,,
[1758218442802040839],8.186,0.73,-6.05,,,
[1758218442808652037],8.399,0.773,-6.416,,,
[1758218442814954485],8.753,-0.242,-7.08,,,
[1758218442821661152],7.554,0.352,-6.694,,,
[1758218442828179537],7.537,0.587,-6.421,,,
[1758218442834515266],7.685,0.06,-6.723,,,
[1758218442841109641],7.274,0.132,-7.444,,,
[1758218442847452454],7.245,0.208,-6.922,,,
[1758218442854176777],7.776,0.256,-7.096,,,
[1758218442860661100],7.424,0.038,-7.592,,,
[1758218442866975787],7.063,0.316,-6.948,,,
[1758218442873555839],7.18,0.622,-8.102,,,
[1758218442879313548],6.536,0.639,-8.32,,,
[1758218442884984589],6.78,-0.268,-7.681,,,
[1758218442890758391],6.493,1.03,-8.466,,,
[1758218442896390214],5.885,1.228,-7.585,,,
[1758218442902156621],5.804,-0.572,-7.8,,,
[1758218442907812037],5.43,0.031,-6.835,,,
[1758218442913508339],6.555,0.22,-8.298,,,
[1758218442919238600],5.732,0.302,-9.175,,,
[1758218442925014173],6.428,0.697,-8.365,,,
[1758218442930610475],5.794,0.412,-8.961,,,
[1758218442936124068],4.987,0.328,-8.772,,,
[1758218442941819329],5.717,-0.251,-8.665,,,
[1758218442947516829],4.872,-0.192,-9.172,,,
[1758218442953232558],5.071,0.132,-8.207,,,
[1758218442958908079],5.083,0.35,-9.165,,,
[1758218442964578079],4.714,0.441,-8.969,,,
[1758218442970315162],4.65,0.939,-9.431,,,
[1758218442976320318],4.618,-0.294,-8.535,,,
[1758218442982797610],4.678,-0.247,-8.748,,,
[1758218442989349902],4.197,0.529,-8.641,,,
[1758218442995842818],5.16,-0.409,-8.689,,,
[1758218443002509850],3.397,-0.364,-10.144,,,
[1758218443008805162],3.79,0.431,-11.906,,,
[1758218443015644381],3.457,-0.481,-8.301,,,
[1758218443022127610],3.699,0.045,-9.517,,,
[1758218443028544693],2.919,-0.261,-10.783,,,
[1758218443035225996],3.033,-0.007,-9.373,,,
[1758218443041823339],3.01,-0.113,-9.574,,,
[1758218443048273496],2.701,0.022,-10.214,,,
[1758218443054670318],2.449,-0.223,-9.208,,,
[1758218443061255579],2.303,0.053,-9.328,,,
[1758218443067918548],2.868,-0.014,-10.743,,,
[1758218443074402037],1.908,-0.103,-9.574,,,
[1758218443080923964],2.061,-0.476,-9.438,,,
[1758218443087360787],1.355,0.18,-10.139,,,
[1758218443093682923],1.595,-0.065,-9.95,,,
[1758218443100125579],1.087,-0.227,-9.488,,,
[1758218443106665579],1.14,-0.512,-10.357,,,
[1758218443113227714],1.199,-0.302,-9.783,,,
[1758218443119754537],0.577,-0.261,-8.837,,,
[1758218443126416829],0.9,-0.263,-9.833,,,
[1758218443133022975],0.419,-0.199,-9.498,,,
[1758218443139474173],0.702,-1.154,-8.246,,,
[1758218443146070995],-0.108,-0.347,-10.937,,,
[1758218443152541204],0.16,0.694,-9.495,,,
[1758218443158964693],-0.555,0.424,-8.823,,,
[1758218443165449329],-0.244,-0.9,-10.166,,,
[1758218443171993443],-1.013,-1.334,-9.754,,,
[1758218443178474902],-0.419,-0.448,-9.383,,,
[1758218443184979173],-0.821,0.139,-9.333,,,
[1758218443191512975],-0.862,0.062,-9.637,,,
[1758218443198059173],-0.656,0.196,-10.199,,,
[1758218443204542506],0.702,0.994,-8.645,,,
[1758218443210973443],-1.372,-1.173,-10.721,,,
[1758218443217404589],-2.751,-1.401,-5.957,,,
[1758218443223757975],-1.475,-1.228,-11.428,,,
[1758218443230559068],-1.772,-0.309,-9.273,,,
[1758218443237143287],-1.245,-0.761,-9.84,,,
[1758218443243644068],-2.327,-0.402,-9.792,,,
[1758218443250216673],-1.245,-1.216,-11.542,,,
[1758218443256711673],-3.024,1.767,-9.797,,,
[1758218443263174068],-2.897,-1.07,-9.455,,,
[1758218443269638548],-3.287,-0.922,-10.506,,,
[1758218443275822089],-4.628,-1.319,-9.701,,,
[1758218443281586881],-3.443,-0.204,-9.584,,,
[1758218443287303860],-3.0,-0.479,-8.416,,,
[1758218443292980423],-3.685,-1.025,-8.911,,,
[1758218443298928443],-4.245,-0.783,-9.725,,,
[1758218443304555995],-3.414,-0.809,-8.669,,,
[1758218443310387089],-4.152,-0.22,-8.523,,,
[1758218443316076464],-3.874,-0.984,-9.33,,,
[1758218443321740006],-3.754,0.089,-8.2,,,
[1758218443327508756],-4.231,-1.341,-8.741,,,
[1758218443333161985],-3.706,-1.001,-8.732,,,
[1758218443339163964],-3.757,-0.345,-7.717,,,
[1758218443344876725],-3.941,-0.321,-8.104,,,
[1758218443350628287],-4.123,-0.062,-8.499,,,
[1758218443356389745],-3.831,-1.386,-8.643,,,
[1758218443362053652],-4.405,-1.147,-8.116,,,
[1758218443367848183],-4.793,-0.462,-8.396,,,
[1758218443373459068],-5.528,0.673,-8.167,,,
[1758218443380003339],-5.092,-0.249,-8.322,,,
[1758218443386223964],-5.684,-0.812,-7.283,,,
[1758218443392725735],-5.861,-1.417,-8.035,,,
[1758218443399473860],-5.689,-0.577,-7.506,,,
[1758218443405889485],-6.199,-0.469,-7.283,,,
[1758218443412405006],-5.883,-0.627,-6.981,,,
[1758218443418760683],-5.296,-0.524,-7.286,,,
[1758218443425522818],-5.923,-0.716,-6.601,,,
[1758218443431914120],-6.56,-0.917,-7.317,,,
[1758218443438239120],-6.709,-0.8,-6.823,,,
[1758218443444888964],-6.847,-0.733,-6.651,,,
[1758218443451515891],-7.106,0.316,-6.601,,,
[1758218443457965995],-7.324,-0.809,-6.055,,,
[1758218443464749225],-6.378,-2.243,-6.792,,,
[1758218443471212975],-6.17,-1.214,-6.041,,,
[1758218443477296412],-8.198,-0.096,-6.563,,,
[1758218443483048339],-7.721,-0.735,-5.88,,,
[1758218443488814850],-7.523,-0.931,-5.801,,,
[1758218443494492089],-7.851,-0.943,-5.14,,,
[1758218443500431516],-7.211,-1.626,-5.547,,,
[1758218443506200475],-6.515,-1.082,-6.167,,,
[1758218443511939641],-7.319,-0.735,-5.842,,,
[1758218443517565683],-7.721,-0.74,-5.717,,,
[1758218443523289745],-8.83,-0.816,-5.375,,,
[1758218443529057350],-7.992,-1.267,-4.966,,,
[1758218443534837402],-8.861,-1.156,-4.982,,,
[1758218443540662922],-6.871,-0.187,-4.755,,,
[1758218443546585422],-8.272,-0.953,-5.394,,,
[1758218443552253756],-9.342,-1.645,-3.955,,,
[1758218443558018495],-7.824,-0.759,-4.752,,,
[1758218443563649849],-7.788,-0.577,-4.123,,,
[1758218443569472089],-8.042,-0.165,-4.63,,,
[1758218443575242818],-7.922,0.002,-4.089,,,
[1758218443581849537],-9.237,-0.67,-3.531,,,
[1758218443588326881],-8.509,-0.723,-4.077,,,
[1758218443594662974],-7.889,-0.819,-3.464,,,
[1758218443601371308],-9.239,-0.541,-3.481,,,
[1758218443607763287],-9.055,-1.161,-2.954,,,
[1758218443614400579],-9.321,-0.95,-3.199,,,
[1758218443621094016],-10.353,-0.441,-2.923,,,
[1758218443627119954],-8.617,-0.867,-2.488,,,
[1758218443633608547],-8.126,-0.251,-2.693,,,
[1758218443640042766],-9.843,-0.764,-1.858,,,
[1758218443646500318],-9.143,-0.898,-2.464,,,
[1758218443653184797],-8.945,-1.051,-2.318,,,
[1758218443659546724],-9.728,-0.795,-2.023,,,
[1758218443665984433],-9.85,-0.8,-2.028,,,
[1758218443672692141],-9.481,-0.613,-1.853,,,
[1758218443679212766],-9.062,-0.85,-1.544,,,
[1758218443686118860],-9.553,-0.972,-1.061,,,
[1758218443692638131],-9.546,-0.915,-0.876,,,
[1758218443699079641],-9.857,-1.003,-0.855,,,
[1758218443705621672],-9.725,-1.211,-0.795,,,
[1758218443712118391],-8.155,-1.647,-0.462,,,
[1758218443718435006],-8.689,-1.07,-0.639,,,
[1758218443724774120],-9.333,-1.211,-0.201,,,
[1758218443731422141],-9.699,-1.051,-0.268,,,
[1758218443737738964],-9.067,-0.781,0.436,,,
[1758218443744303599],-9.598,-0.838,0.352,,,
[1758218443750710318],-9.515,-0.941,0.362,,,
[1758218443757355006],-8.514,-1.219,0.424,,,
[1758218443764158183],-10.027,-0.816,0.462,,,
[1758218443770692402],-7.822,-0.716,1.12,,,
[1758218443776878027],-7.848,-0.448,1.286,,,
[1758218443782674016],-10.02,-0.649,1.247,,,
[1758218443788471829],-9.378,-0.536,1.879,,,
[1758218443794197193],-8.509,-0.357,1.963,,,
[1758218443799981516],-10.841,-1.037,0.824,,,
[1758218443805748651],-8.78,-1.482,2.83,,,
[1758218443811518495],-8.758,0.285,1.954,,,
[1758218443817169589],-9.716,-0.967,1.827,,,
[1758218443822938860],-8.32,-0.912,2.835,,,
[1758218443828609485],-9.258,-0.759,2.557,,,
[1758218443834376256],-9.206,-0.407,3.417,,,
[1758218443840114381],-8.54,-0.685,2.851,,,
[1758218443845754120],-9.227,-0.16,2.935,,,
[1758218443851498391],-9.029,-1.259,2.986,,,
[1758218443857372141],-8.875,-1.109,2.684,,,
[1758218443863121256],-9.043,-0.577,2.78,,,
[1758218443868756881],-9.297,-0.139,4.336,,,
[1758218443874560422],-7.819,-1.334,3.369,,,
[1758218443881186829],-8.339,-0.541,3.8,,,
[1758218443887643339],-8.303,-0.05,3.938,,,
[1758218443894146047],-8.31,-0.989,4.252,,,
[1758218443900634537],-8.696,-0.654,5.262,,,
[1758218443907121933],-7.535,-0.541,4.448,,,
[1758218443913577401],-7.302,-1.18,5.437,,,
[1758218443920104224],-7.41,-0.95,5.385,,,
[1758218443926566360],-7.245,-0.543,5.289,,,
[1758218443933031256],-7.633,-0.105,5.612,,,
[1758218443939477401],-6.965,-0.584,5.614,,,
[1758218443945953391],-7.47,-0.584,5.629,,,
[1758218443952445579],-7.257,-0.333,5.701,,,
[1758218443959003443],-7.556,-0.594,5.717,,,
[1758218443965477089],-6.486,-0.79,5.65,,,
[1758218443972021412],-7.106,-0.524,5.847,,,
[1758218443978479954],-6.74,-0.294,7.108,,,
[1758218443985150370],-5.83,0.048,6.637,,,
[1758218443991692662],-6.558,-1.583,7.762,,,
[1758218443998156985],-6.108,0.158,7.092,,,
[1758218444004689797],-6.452,-0.096,6.732,,,
[1758218444011113391],-5.811,-0.546,8.083,,,
[1758218444017747245],-5.466,-0.907,7.8,,,
[1758218444024283131],-5.272,0.072,7.235,,,
[1758218444030837037],-5.234,-0.168,6.802,,,
[1758218444037136047],-5.069,0.627,7.875,,,
[1758218444043674953],-5.385,-0.642,6.871,,,
[1758218444050123651],-5.006,0.532,7.463,,,
[1758218444056758912],-5.109,0.055,8.693,,,
[1758218444063270162],-4.075,-0.05,6.962,,,
[1758218444069997401],-4.18,-0.488,7.453,,,
[1758218444076323287],-4.144,-0.28,7.76,,,
[1758218444082106828],-3.807,-0.22,7.903,,,
[1758218444087893391],-3.479,-0.491,8.32,,,
[1758218444093709537],-3.936,0.153,8.801,,,
[1758218444099345631],-3.795,0.326,9.05,,,
[1758218444104987818],-3.364,0.127,9.041,,,
[1758218444110942818],-3.397,-0.026,8.794,,,
[1758218444116662297],-2.088,0.165,9.23,,,
[1758218444122334589],-0.843,-0.582,8.662,,,
[1758218444128083026],-2.409,-0.589,8.847,,,
[1758218444133798756],-2.49,-0.67,8.384,,,
[1758218444139476360],-2.878,-0.122,8.25,,,
[1758218444145250162],-2.033,-0.232,9.534,,,
[1758218444150965943],-1.305,1.645,8.928,,,
[1758218444156747714],-1.92,-0.984,8.543,,,
[1758218444162573443],-1.642,-0.532,10.149,,,
[1758218444168306568],-1.362,0.357,8.748,,,
[1758218444174200370],-1.8,-0.52,8.327,,,
[1758218444179863964],-0.543,0.086,10.489,,,
[1758218444185627453],-0.848,0.476,8.605,,,
[1758218444191081412],-0.584,-0.498,9.811,,,
[1758218444196536256],-0.848,-0.101,9.002,,,
[1758218444202300110],1.391,0.852,9.874,,,
[1758218444208003495],-0.172,1.994,10.561,,,
[1758218444213550214],0.074,-0.936,8.823,,,
[1758218444219072610],0.555,-0.644,11.262,,,
[1758218444224811724],0.043,0.725,9.325,,,
[1758218444230617766],1.776,-0.692,10.116,,,
[1758218444236325058],0.527,-0.081,9.182,,,
[1758218444241988547],1.403,-0.362,9.816,,,
[1758218444247659172],0.934,0.51,7.841,,,
[1758218444253356672],1.511,-1.743,9.548,,,
[1758218444259029589],1.628,0.79,10.204,,,
[1758218444264880318],1.985,1.068,9.304,,,
[1758218444270660787],2.052,-0.196,11.111,,,
[1758218444276390370],2.193,0.026,10.178,,,
[1758218444282782141],1.446,-0.18,9.182,,,
[1758218444289422662],2.045,0.532,9.941,,,
[1758218444296079589],2.313,0.625,9.321,,,
[1758218444302394641],2.921,-0.139,9.333,,,
[1758218444308884016],2.416,0.476,8.361,,,
[1758218444315672245],3.275,0.476,9.234,,,
[1758218444322183026],3.208,-0.424,9.515,,,
[1758218444328719745],4.161,0.515,10.743,,,
[1758218444335197714],3.067,0.316,8.406,,,
[1758218444341614953],3.977,1.128,9.543,,,
[1758218444348323703],3.529,0.306,8.803,,,
[1758218444354911985],3.515,0.658,8.499,,,
[1758218444361311047],4.575,-0.867,8.82,,,
[1758218444367845787],4.554,-0.177,9.328,,,
[1758218444374574224],4.154,1.439,8.507,,,
[1758218444381113755],5.483,-0.546,9.222,,,
[1758218444387596672],4.745,1.42,8.677,,,
[1758218444394232766],4.884,0.579,7.848,,,
[1758218444400787818],5.507,0.335,8.396,,,
[1758218444407280005],5.43,-0.043,8.384,,,
[1758218444413757453],5.21,1.65,6.924,,,
[1758218444420335735],5.959,1.906,8.882,,,
[1758218444426854797],5.456,1.381,8.6,,,
[1758218444433587141],5.787,1.202,8.08,,,
[1758218444439873443],7.049,1.18,7.788,,,
[1758218444446209224],6.706,-0.642,7.314,,,
[1758218444452781360],6.074,-0.153,5.823,,,
[1758218444459337714],7.63,-0.836,6.381,,,
[1758218444465920005],6.309,2.224,6.835,,,
[1758218444472412453],7.381,0.072,7.705,,,
[1758218444478486516],7.738,-1.492,7.551,,,
[1758218444484297870],6.898,2.452,6.349,,,
[1758218444490051360],8.657,1.865,7.398,,,
[1758218444495762245],7.934,0.01,7.527,,,
[1758218444501386516],7.685,0.5,6.486,,,
[1758218444507153235],8.047,-0.206,7.434,,,
[1758218444512812089],7.621,0.984,4.829,,,
[1758218444518664797],7.499,1.25,8.528,,,
[1758218444524448807],6.45,-0.057,5.737,,,
[1758218444530525578],11.461,-0.443,5.229,,,
[1758218444536311985],9.002,1.75,6.206,,,
[1758218444542077557],8.971,0.618,4.764,,,
[1758218444547842037],8.744,0.618,6.594,,,
[1758218444553640995],7.166,0.35,4.563,,,
[1758218444559398964],9.251,-0.069,5.94,,,
[1758218444565155787],8.135,0.529,4.839,,,
[1758218444570966412],8.368,1.255,6.057,,,
[1758218444576770578],8.612,0.702,5.971,,,
[1758218444583174589],9.979,-1.791,3.666,,,
[1758218444589704120],9.448,2.346,4.927,,,
[1758218444596038755],9.275,0.462,4.334,,,
[1758218444602589328],9.191,0.364,4.108,,,
[1758218444609188703],9.519,-0.053,4.405,,,
[1758218444615923547],9.108,-0.098,3.055,,,
[1758218444622265214],9.294,0.536,4.075,,,
[1758218444628591255],9.893,0.591,3.376,,,
[1758218444635320110],9.761,0.879,3.467,,,
[1758218444641870370],10.008,0.857,3.273,,,
[1758218444648393807],10.029,1.532,3.675,,,
[1758218444654832974],10.163,1.185,3.005,,,
[1758218444661228651],9.572,0.833,3.024,,,
[1758218444667579484],12.972,0.407,2.693,,,
[1758218444674350422],10.314,0.089,0.136,,,
[1758218444680379068],12.615,0.204,1.765,,,
[1758218444686092193],10.982,1.76,1.856,,,
[1758218444691917505],9.529,-0.156,2.576,,,
[1758218444697599328],10.989,1.02,1.604,,,
[1758218444703259797],8.801,0.508,1.896,,,
[1758218444708987818],9.347,-0.359,0.771,,,
[1758218444714748287],10.221,1.925,1.853,,,
[1758218444720527714],9.285,0.266,1.908,,,
[1758218444726419953],12.854,0.455,2.346,,,
[1758218444732137870],9.565,1.451,2.605,,,
[1758218444737753651],10.853,0.907,0.18,,,
[1758218444743473287],11.265,0.977,0.314,,,
[1758218444749209224],9.555,1.008,0.56,,,
[1758218444754842609],11.284,0.792,0.034,,,
[1758218444760699380],9.05,1.281,1.03,,,
[1758218444766334068],10.57,-0.646,0.579,,,
[1758218444772310109],10.807,0.579,-0.081,,,
[1758218444778587818],14.008,0.201,-0.622,,,
[1758218444784974120],10.769,1.013,-0.364,,,
[1758218444791784641],11.404,1.223,0.11,,,
[1758218444798225578],11.36,1.367,-1.104,,,
[1758218444804686880],10.283,1.381,-0.833,,,
[1758218444811078443],9.766,0.625,-0.362,,,
[1758218444817370474],11.071,-0.196,-0.752,,,
[1758218444824115891],10.649,0.405,-1.027,,,
[1758218444830797974],10.264,0.869,-2.116,,,
[1758218444837203443],10.645,0.989,-1.264,,,
[1758218444843790839],11.959,0.709,-1.796,,,
[1758218444850588547],10.3,1.374,-2.528,,,
[1758218444857024797],6.874,0.924,-2.863,,,
[1758218444863493807],7.666,0.658,-2.049,,,
[1758218444870026672],10.999,0.505,-2.078,,,
[1758218444876511047],10.07,0.28,-2.569,,,
[1758218444883094797],9.618,0.79,-2.751,,,
[1758218444889553495],11.36,1.173,-3.388,,,
[1758218444896079380],9.993,0.613,-3.278,,,
[1758218444902552609],10.089,0.843,-2.84,,,
[1758218444908977245],8.624,0.824,-3.558,,,
[1758218444915473807],9.237,1.678,3.613,,,
[1758218444922000005],10.056,1.496,-4.015,,,
[1758218444928442818],9.673,0.663,-5.085,,,
[1758218444934947141],8.947,0.802,-4.673,,,
[1758218444941279589],9.747,1.049,-5.183,,,
[1758218444947658859],9.11,0.967,-4.211,,,
[1758218444953967609],9.771,-0.412,-5.229,,,
[1758218444960821932],8.878,1.149,-3.632,,,
[1758218444967304328],10.968,1.566,-3.917,,,
[1758218444973773651],8.559,1.271,-4.003,,,
[1758218444979926672],9.543,0.201,-4.669,,,
[1758218444985848130],8.586,1.106,-4.748,,,
[1758218444991695839],8.308,-0.606,-4.944,,,
[1758218444997586151],8.952,-0.079,-4.475,,,
[1758218445003536776],8.777,1.041,-5.215,,,
[1758218445009194328],10.702,-0.268,-6.007,,,
[1758218445014952245],6.922,0.409,-3.338,,,
[1758218445020584276],9.44,0.026,-4.575,,,
[1758218445026310214],11.049,0.464,-7.254,,,
[1758218445032206307],6.304,0.342,-7.199,,,
[1758218445037957870],9.21,0.409,-4.578,,,
[1758218445043738391],7.913,0.287,-5.377,,,
[1758218445049402974],7.525,0.081,-5.701,,,
[1758218445055137974],8.035,0.584,-6.488,,,
[1758218445061026255],8.789,0.464,-6.112,,,
[1758218445066664745],8.315,1.025,-6.297,,,
[1758218445072445422],8.365,0.199,-6.955,,,
[1758218445078246255],8.004,-0.067,-6.778,,,
[1758218445084822557],7.527,0.388,-7.082,,,
[1758218445091607661],7.039,0.199,-7.338,,,
[1758218445098327088],7.36,-0.271,-10.324,,,
[1758218445105217713],6.574,0.371,-8.633,,,
[1758218445111919224],7.434,0.431,-8.55,,,
[1758218445118715995],8.253,0.852,-6.285,,,
[1758218445124612557],7.305,1.101,-8.25,,,
[1758218445131224641],7.087,1.276,-6.795,,,
[1758218445137814849],6.553,-0.16,-7.307,,,
[1758218445144442870],5.966,0.704,-6.912,,,
[1758218445150855943],6.653,-0.402,-6.792,,,
[1758218445157607349],6.287,-0.081,-7.872,,,
[1758218445164199068],6.491,0.335,-7.944,,,
[1758218445170661047],6.072,-0.891,-8.423,,,
[1758218445177496203],5.449,0.503,-7.903,,,
[1758218445183352193],6.036,0.005,-7.721,,,
[1758218445189092141],5.772,0.227,-7.949,,,
[1758218445194919588],5.784,-0.01,-8.32,,,
[1758218445200576828],5.981,0.177,-8.006,,,
[1758218445206218182],5.729,-0.362,-7.805,,,
[1758218445211955526],5.605,-0.232,-8.229,,,
[1758218445217698338],5.255,0.579,-8.717,,,
[1758218445223484120],5.435,-0.077,-8.487,,,
[1758218445229222036],4.453,0.192,-8.425,,,
[1758218445234858338],5.315,0.211,-8.55,,,
[1758218445240670474],4.922,-0.117,-8.792,,,
[1758218445246366411],4.901,-0.45,-8.746,,,
[1758218445252103182],4.755,-0.266,-8.389,,,
[1758218445257845943],4.468,-0.371,-8.935,,,
[1758218445263509068],4.367,0.031,-8.684,,,
[1758218445269296151],4.326,0.244,-8.882,,,
[1758218445275056255],4.427,0.338,-8.914,,,
[1758218445280815995],4.003,0.256,-9.017,,,
[1758218445286566203],4.288,0.163,-8.961,,,
[1758218445292231672],3.917,0.007,-9.189,,,
[1758218445298116099],4.128,-0.05,-8.969,,,
[1758218445303877349],3.74,-0.438,-9.036,,,
[1758218445309654745],3.596,-0.4,-9.194,,,
[1758218445315487765],3.1,0.036,-8.878,,,
[1758218445321310838],3.053,0.254,-9.225,,,
[1758218445326962974],3.077,0.182,-9.045,,,
[1758218445332720526],3.024,0.16,-9.457,,,
[1758218445338479849],3.184,-0.108,-9.215,,,
[1758218445344135630],2.861,-0.124,-9.5,,,
[1758218445350075838],2.808,-0.05,-9.23,,,
[1758218445355617870],2.61,-0.148,-8.928,,,
[1758218445361228495],2.519,-0.124,-9.333,,,
[1758218445366761984],2.167,-0.211,-9.191,,,
[1758218445372024693],2.138,0.007,-9.45,,,
[1758218445377823859],2.145,0.026,-9.376,,,
[1758218445384215474],2.1,0.093,-9.938,,,
[1758218445390675057],2.057,0.127,-9.266,,,
[1758218445397355370],1.714,-0.381,-9.218,,,
[1758218445403710370],1.372,-0.555,-9.574,,,
[1758218445410185265],1.343,-0.4,-9.481,,,
[1758218445416780890],0.812,0.017,-8.892,,,
[1758218445423159328],1.36,-0.426,-9.795,,,
[1758218445429739432],0.783,-0.266,-9.78,,,
[1758218445436088443],0.895,-0.177,-9.838,,,
[1758218445442659588],0.637,0.005,-9.29,,,
[1758218445449184901],0.326,-0.354,-9.347,,,
[1758218445455839015],0.184,-0.17,-9.325,,,
[1758218445462427505],0.031,-0.627,-9.424,,,
[1758218445468723234],-0.309,-0.366,-9.479,,,
[1758218445475502870],-0.146,-0.39,-9.555,,,
[1758218445481541568],-0.311,-0.069,-9.907,,,
[1758218445487203130],-0.354,-0.299,-9.586,,,
[1758218445492940578],-0.634,-0.407,-9.771,,,
[1758218445498735422],-0.275,-1.085,-10.635,,,
[1758218445504760734],-0.73,0.036,-8.902,,,
[1758218445510441724],-0.764,-0.278,-9.776,,,
[1758218445516087713],-0.642,-0.395,-9.56,,,
[1758218445521838651],-1.41,-0.129,-9.596,,,
[1758218445527464484],-1.238,-0.661,-8.456,,,
[1758218445533207036],-0.97,-0.412,-8.727,,,
[1758218445539058911],-1.441,-0.026,-9.625,,,
[1758218445544780057],-1.839,-0.141,-9.345,,,
[1758218445550702140],-1.432,-0.563,-9.893,,,
[1758218445556517661],-1.848,-0.227,-9.187,,,
[1758218445562165474],-1.458,-0.453,-9.91,,,
[1758218445567934067],-2.265,-0.579,-8.748,,,
[1758218445573724067],-2.78,-0.615,-9.419,,,
[1758218445579870630],-1.556,0.017,-9.723,,,
[1758218445586236411],-2.662,-0.304,-9.033,,,
[1758218445592720474],-3.036,-0.558,-9.246,,,
[1758218445599348599],-2.837,-0.553,-9.079,,,
[1758218445606115942],-2.892,-1.879,-9.285,,,
[1758218445612493442],-2.315,-0.266,-7.717,,,
[1758218445618911567],-2.758,-0.723,-9.4,,,
[1758218445625536255],-3.251,-0.019,-7.913,,,
[1758218445632298130],-3.242,-1.118,-9.117,,,
[1758218445638897557],-3.268,-0.496,-8.825,,,
[1758218445645496724],-3.984,-0.122,-8.839,,,
[1758218445652227245],-4.017,-0.215,-8.504,,,
[1758218445658385890],-2.899,0.326,-11.483,,,
[1758218445665175317],-3.522,-0.977,-9.632,,,
[1758218445671728130],-2.775,0.043,-9.615,,,
[1758218445678270161],-3.175,-0.939,-9.179,,,
[1758218445684675005],-4.827,-0.9,-8.258,,,
[1758218445691218859],-3.682,-0.699,-8.875,,,
[1758218445697871672],-4.41,-0.402,-7.7,,,
[1758218445704379380],-4.389,-0.716,-7.161,,,
[1758218445710857349],-5.131,-1.046,-7.671,,,
[1758218445717367036],-5.157,0.11,-6.699,,,
[1758218445723784588],-4.831,0.455,-7.29,,,
[1758218445730595265],-5.428,-0.632,-8.806,,,
[1758218445737087088],-5.775,-1.214,-8.339,,,
[1758218445743409484],-5.1,0.005,-7.635,,,
[1758218445750276047],-6.366,-0.699,-6.316,,,
[1758218445756744640],-6.598,-1.784,-2.21,,,
[1758218445763237661],-3.807,-0.529,-7.707,,,
[1758218445769671567],-4.334,-1.156,-8.095,,,
[1758218445776133286],-6.56,-0.273,-7.872,,,
[1758218445782192453],-7.168,-1.726,-8.224,,,
[1758218445787477453],-4.389,-0.678,-5.727,,,
[1758218445793063755],-7.851,0.055,-6.189,,,
[1758218445798755109],-6.986,-0.974,-6.981,,,
[1758218445803826463],-6.053,-0.294,-5.825,,,
[1758218445809752140],-6.785,-0.812,-6.213,,,
[1758218445815478390],-5.09,-1.3,-6.613,,,
[1758218445821193859],-6.912,-0.405,-5.71,,,
[1758218445826873807],-6.958,-1.724,-5.997,,,
[1758218445832518026],-7.381,-0.18,-5.993,,,
[1758218445838077192],-7.757,-1.14,-5.993,,,
[1758218445843777349],-7.037,-0.924,-6.048,,,
[1758218445849496567],-7.707,-0.433,-5.485,,,
[1758218445855188182],-7.144,-0.625,-5.622,,,
[1758218445860934119],-7.427,-0.812,-5.329,,,
[1758218445866772505],-5.413,-0.122,-5.739,,,
[1758218445872298911],-6.862,-0.421,-5.267,,,
[1758218445877756359],-8.622,-0.479,-5.246,,,
[1758218445884092453],-8.095,-0.678,-4.506,,,
[1758218445890883963],-6.725,-0.105,-5.212,,,
[1758218445897337974],-8.246,-0.067,-3.979,,,
[1758218445903813859],-9.038,-0.852,-4.822,,,
[1758218445910326515],-5.875,-0.405,-4.846,,,
[1758218445916927557],-6.934,-1.176,-4.501,,,
[1758218445923509692],-8.736,-0.601,-4.046,,,
[1758218445929826619],-8.775,-0.582,-4.3,,,
[1758218445936413963],-7.858,-1.097,-4.089,,,
[1758218445943024224],-8.72,-0.668,-3.46,,,
[1758218445949440369],-9.345,-0.79,-3.883,,,
[1758218445956047609],-8.349,-0.785,-3.529,,,
[1758218445962445890],-8.004,-1.211,-3.587,,,
[1758218445969095578],-9.201,-1.434,-3.112,,,
[1758218445975722974],-8.636,-1.295,-2.957,,,
[1758218445981964640],-9.129,-0.675,-3.196,,,
[1758218445987712140],-9.043,-0.685,-2.533,,,
[1758218445993465265],-9.469,-1.111,-3.199,,,
[1758218445999211671],-8.868,-1.604,-2.397,,,
[1758218446004916151],-8.701,-0.946,-2.851,,,
[1758218446010740421],-8.396,-0.508,-2.502,,,
[1758218446016643494],-8.643,-1.104,-2.37,,,
[1758218446022452557],-8.976,-0.697,-2.078,,,
[1758218446028211567],-7.501,-0.989,-2.061,,,
[1758218446034027661],-9.498,-0.62,-1.496,,,
[1758218446039712036],-8.056,-0.46,-2.124,,,
[1758218446045492869],-10.013,-0.84,-1.793,,,
[1758218446051313182],-9.723,-0.848,-1.712,,,
[1758218446057015005],-8.93,-0.773,-1.623,,,
[1758218446062741203],-9.967,-0.694,-1.18,,,
[1758218446068635526],-9.57,-0.982,-1.202,,,
[1758218446074300890],-9.33,-0.943,-1.458,,,
[1758218446080319640],-10.123,-0.948,-1.118,,,
[1758218446086719171],-8.308,-0.646,-1.346,,,
[1758218446093382505],-8.14,-0.869,-0.5,,,
[1758218446100099380],-9.732,-0.364,-0.419,,,
[1758218446106578338],-9.349,-0.409,-0.235,,,
[1758218446113093651],-9.153,-0.397,-0.034,,,
[1758218446119529224],-9.443,-0.733,0.124,,,
[1758218446125998703],-7.104,-0.781,-0.436,,,
[1758218446132419380],-8.147,-1.247,0.505,,,
[1758218446138760005],-10.408,-0.821,0.189,,,
[1758218446145513703],-9.804,-0.498,0.843,,,
[1758218446152092661],-8.344,-0.848,1.058,,,
[1758218446158565786],-9.905,-0.862,0.91,,,
[1758218446165048494],-9.436,-0.941,1.386,,,
[1758218446171505526],-8.282,-0.857,1.228,,,
[1758218446178177088],-8.593,-0.958,1.159,,,
[1758218446184822348],-10.175,-0.488,1.326,,,
[1758218446191239119],-8.389,-0.608,1.774,,,
[1758218446197596619],-9.57,-1.01,1.573,,,
[1758218446204071359],-10.058,-1.065,2.126,,,
[1758218446210804588],-8.006,-0.697,2.423,,,
[1758218446217379484],-8.708,-0.953,2.119,,,
[1758218446223696567],-9.378,-1.044,2.444,,,
[1758218446230511359],-9.653,-1.171,1.714,,,
[1758218446237168130],-8.181,-1.379,2.535,,,
[1758218446243659640],-9.522,-0.309,3.658,,,
[1758218446250174796],-8.461,-0.587,3.46,,,
[1758218446256654276],-8.15,-1.037,3.517,,,
[1758218446263174276],-9.187,-0.998,3.215,,,
[1758218446269189119],-8.583,-0.493,3.723,,,
[1758218446275616880],-8.188,-0.728,4.01,,,
[1758218446282288286],-8.985,-1.075,3.333,,,
[1758218446288898859],-9.019,0.618,4.187,,,
[1758218446295364119],-8.1,-0.555,4.24,,,
[1758218446301909640],-8.61,-0.558,3.692,,,
[1758218446308373442],-9.905,-0.443,4.199,,,
[1758218446314856515],-6.383,0.079,5.511,,,
[1758218446321241567],-7.573,-0.852,4.221,,,
[1758218446327835005],-8.981,-0.941,4.532,,,
[1758218446334335890],-8.921,-0.127,5.586,,,
[1758218446340843130],-7.875,-0.62,5.239,,,
[1758218446347476046],-7.408,-0.622,5.322,,,
[1758218446354231880],-6.45,-0.084,5.911,,,
[1758218446360751151],-7.649,-0.807,5.677,,,
[1758218446367187140],-6.91,0.225,6.29,,,
[1758218446373717244],-7.118,-0.11,6.263,,,
[1758218446380282140],-7.211,-0.752,5.341,,,
[1758218446386642140],-7.061,-0.311,6.098,,,
[1758218446393168130],-6.814,-0.354,6.934,,,
[1758218446399770057],-5.835,-0.496,6.445,,,
[1758218446406184015],-6.51,-0.426,5.397,,,
[1758218446412951775],-6.979,-0.393,6.536,,,
[1758218446419267296],-6.481,-0.773,7.233,,,
[1758218446426050838],-6.879,-0.68,6.967,,,
[1758218446432627453],-5.432,0.613,6.893,,,
[1758218446439378078],-6.68,-0.737,5.583,,,
[1758218446445779588],-6.201,-0.678,8.406,,,
[1758218446452501203],-5.748,-0.263,7.022,,,
[1758218446459023911],-5.969,-0.086,7.326,,,
[1758218446465348703],-5.578,-0.611,7.573,,,
[1758218446471932661],-4.738,-0.663,9.191,,,
[1758218446478506255],-4.633,-0.426,7.264,,,
[1758218446485153338],-4.334,-0.129,8.787,,,
[1758218446491849275],-4.65,-1.336,7.707,,,
[1758218446498346359],-5.265,0.007,7.628,,,
[1758218446505116775],-4.221,-0.575,8.138,,,
[1758218446511568703],-4.413,-0.754,8.538,,,
[1758218446518361515],-4.013,-1.188,8.08,,,
[1758218446524874119],-4.336,0.187,7.937,,,
[1758218446531414900],-2.83,0.591,9.416,,,
[1758218446537907244],-3.309,-0.407,10.032,,,
[1758218446544395213],-3.335,-0.488,8.669,,,
[1758218446550983182],-4.073,1.034,8.923,,,
[1758218446557622817],-3.666,-0.259,8.133,,,
[1758218446563568598],-1.204,-2.093,10.604,,,
[1758218446570369953],-3.038,-2.823,8.145,,,
[1758218446576903182],-1.611,-1.3,11.025,,,
[1758218446583217661],-3.031,1.068,11.114,,,
[1758218446588985265],-2.071,0.294,10.714,,,
[1758218446594725682],-2.253,-0.275,7.721,,,
[1758218446600791307],-3.654,0.68,9.337,,,
[1758218446606524692],-2.459,0.433,8.583,,,
[1758218446612284223],-2.447,0.405,9.124,,,
[1758218446617942140],-1.444,-0.12,9.68,,,
[1758218446623657817],-1.836,-0.373,10.092,,,
[1758218446629473911],-1.484,-0.493,8.056,,,
[1758218446635107348],-1.604,-0.778,9.258,,,
[1758218446640779275],-1.674,0.395,9.986,,,
[1758218446646515942],-0.378,1.104,10.168,,,
[1758218446652037036],-1.456,0.215,10.499,,,
[1758218446657568025],-0.599,-0.426,9.998,,,
[1758218446663254015],-1.085,-0.062,9.167,,,
[1758218446668927661],0.529,-0.79,11.849,,,
[1758218446674613546],-1.08,0.065,9.538,,,
[1758218446680435057],-0.144,0.517,9.299,,,
[1758218446686830994],-0.412,0.273,10.64,,,
[1758218446693636411],0.342,-0.244,10.707,,,
[1758218446700100838],0.034,-0.675,9.993,,,
[1758218446706208598],0.182,0.201,10.755,,,
[1758218446712915265],0.103,0.285,9.673,,,
[1758218446719191671],0.766,-0.591,9.759,,,
[1758218446725711775],0.627,-0.081,9.139,,,
[1758218446732111515],1.056,-0.105,10.24,,,
[1758218446738659900],1.027,0.505,9.627,,,
[1758218446745271932],1.425,0.874,10.513,,,
[1758218446751902505],1.626,1.159,9.218,,,
[1758218446758241411],2.243,0.254,10.874,,,
[1758218446765003130],1.815,-0.318,9.984,,,
[1758218446771649171],2.059,-0.055,10.226,,,
[1758218446778296880],2.533,0.855,9.426,,,
[1758218446784785317],2.351,-0.287,9.419,,,
[1758218446791462452],2.44,-0.891,9.464,,,
[1758218446797938807],2.995,0.057,9.862,,,
[1758218446804511255],2.708,1.63,10.156,,,
[1758218446810915786],2.976,-0.34,10.001,,,
[1758218446817624796],3.213,0.62,8.612,,,
[1758218446824109588],3.318,0.424,9.493,,,
[1758218446830611307],3.354,1.255,8.897,,,
[1758218446837105057],3.347,-0.34,9.565,,,
[1758218446843588025],3.833,-0.508,9.426,,,
[1758218446850102609],3.457,1.999,10.487,,,
[1758218446856605629],4.183,1.001,9.155,,,
[1758218446862561775],4.65,0.9,10.362,,,
[1758218446869374379],4.784,0.251,8.842,,,
[1758218446875951463],4.822,0.309,9.072,,,
[1758218446882458963],4.918,0.948,8.988,,,
[1758218446888908807],4.597,0.402,8.423,,,
[1758218446895393286],5.873,-0.615,7.286,,,
[1758218446901933754],5.643,0.45,8.918,,,
[1758218446908380942],5.274,0.807,9.756,,,
[1758218446914850369],5.231,0.747,7.74,,,
[1758218446921201619],6.258,-0.108,8.135,,,
[1758218446927542921],5.77,0.948,8.674,,,
[1758218446934264327],7.015,1.07,9.622,,,
[1758218446940760786],5.662,-0.211,7.456,,,
[1758218446947223390],6.709,-0.177,8.909,,,
[1758218446953724848],6.381,0.668,7.973,,,
[1758218446960256932],6.946,1.245,7.882,,,
[1758218446966749536],6.984,0.256,7.75,,,
[1758218446973221202],6.876,0.742,7.324,,,
[1758218446979673234],7.357,0.448,7.068,,,
[1758218446986195161],8.047,0.871,7.542,,,
[1758218446992736775],6.565,0.345,7.245,,,
[1758218446999213702],7.86,0.182,8.499,,,
[1758218447005766775],6.73,0.175,6.246,,,
[1758218447012236046],9.347,1.044,6.95,,,
[1758218447018650838],7.14,2.045,6.771,,,
[1758218447025145890],7.42,0.364,6.155,,,
[1758218447031701202],8.461,0.517,6.62,,,
[1758218447038149900],7.403,0.218,8.126,,,
[1758218447044633598],8.382,0.974,6.416,,,
[1758218447050981723],7.877,0.682,6.28,,,
[1758218447057395109],8.064,0.354,5.646,,,
[1758218447064126046],10.017,0.555,6.96,,,
[1758218447070521567],8.107,0.761,5.303,,,
[1758218447077218286],9.591,1.003,6.141,,,
[1758218447083486150],8.583,-0.048,5.488,,,
[1758218447089111515],9.134,0.792,5.868,,,
[1758218447094776879],8.914,0.491,4.288,,,
[1758218447100596775],8.739,1.525,5.052,,,
[1758218447106330786],9.163,0.505,4.717,,,
[1758218447112070577],8.928,0.737,3.227,,,
[1758218447117825213],12.799,1.688,4.345,,,
[1758218447123588598],9.278,1.008,4.894,,,
[1758218447129331202],10.197,0.699,4.547,,,
[1758218447134971359],9.871,1.092,3.824,,,
[1758218447141036879],9.041,0.745,4.384,,,
[1758218447146784848],9.73,0.359,2.77,,,
[1758218447152514848],8.334,0.263,3.522,,,
[1758218447158276306],7.853,0.558,3.45,,,
[1758218447164000681],10.851,1.142,4.254,,,
[1758218447169777296],9.869,0.895,3.546,,,
[1758218447175438911],10.039,0.311,3.572,,,
[1758218447181211202],10.453,0.654,3.144,,,
[1758218447187878546],9.268,0.565,3.072,,,
[1758218447194364796],10.142,0.565,2.957,,,
[1758218447200910838],9.744,-0.012,2.636,,,
[1758218447207380369],9.962,0.019,2.895,,,
[1758218447213913650],10.053,0.771,2.859,,,
[1758218447220370525],11.363,1.391,2.634,,,
[1758218447226927036],9.651,0.936,1.657,,,
[1758218447233433911],11.753,1.288,2.368,,,
[1758218447239895161],9.519,1.314,1.346,,,
[1758218447246364327],10.187,0.771,2.291,,,
[1758218447252324952],13.563,0.627,1.3,,,
[1758218447259062817],9.388,1.276,1.961,,,
[1758218447265835525],9.498,0.45,1.314,,,
[1758218447272302973],11.456,0.934,0.754,,,
[1758218447278769952],9.943,0.924,1.499,,,
[1758218447284840994],9.735,0.895,0.486,,,
[1758218447290516463],10.882,0.776,0.031,,,
[1758218447296228754],9.902,0.625,-0.373,,,
[1758218447301898650],14.93,0.512,0.11,,,
[1758218447307756671],8.748,0.496,-1.362,,,
[1758218447313534223],11.693,0.438,0.833,,,
[1758218447319273129],11.085,0.886,-0.723,,,
[1758218447325033650],9.254,0.505,-0.917,,,
[1758218447330857661],11.997,0.809,-0.613,,,
[1758218447336522817],8.655,0.991,-0.572,,,
[1758218447342385213],10.005,0.663,-0.601,,,
[1758218447348126671],10.625,0.275,-0.532,,,
[1758218447353886827],9.938,0.199,-0.086,,,
[1758218447359574692],10.97,0.836,-1.415,,,
[1758218447365305629],10.314,1.01,-1.094,,,
[1758218447371083546],9.972,1.257,0.62,,,
[1758218447376826098],12.842,0.175,-1.755,,,
[1758218447382663702],8.847,1.051,-1.717,,,
[1758218447389161254],10.649,0.634,-1.437,,,
[1758218447395683546],10.099,0.996,-1.958,,,
[1758218447402333025],9.383,0.833,-2.21,,,
[1758218447408789848],10.116,-0.045,-2.741,,,
[1758218447415293598],10.618,0.953,-2.392,,,
[1758218447421828233],9.318,0.984,-3.57,,,
[1758218447428295473],10.542,2.109,-4.549,,,
[1758218447434755004],9.4,1.101,-2.624,,,
[1758218447441118806],9.206,-0.702,-2.933,,,
[1758218447447430786],9.828,1.142,-2.713,,,
[1758218447454169483],10.927,0.163,-2.942,,,
[1758218447460797192],8.976,1.911,-6.33,,,
[1758218447466709744],10.223,0.146,-3.01,,,
[1758218447473300525],11.1,1.118,-4.788,,,
[1758218447479685473],8.983,0.503,-4.709,,,
[1758218447486299171],9.337,0.079,-3.654,,,
[1758218447492842661],9.632,-0.189,-4.48,,,
[1758218447499156983],8.401,-0.06,-4.147,,,
[1758218447505902296],10.302,0.496,-3.809,,,
[1758218447512401150],8.693,1.283,-4.925,,,
[1758218447518904171],8.882,1.463,-3.469,,,
[1758218447525381515],8.959,0.862,-4.549,,,
[1758218447531894848],10.12,0.62,-5.784,,,
[1758218447538365369],9.349,0.306,-5.203,,,
[1758218447544835525],9.567,1.903,-5.571,,,
[1758218447551195785],8.507,0.101,-4.927,,,
[1758218447557886410],9.584,0.397,-5.942,,,
[1758218447564368390],8.095,0.591,-7.317,,,
[1758218447570881619],7.717,0.833,-6.184,,,
[1758218447577334640],8.655,-0.18,-4.798,,,
[1758218447583840525],8.475,-0.141,-6.105,,,
[1758218447590342348],7.554,-0.364,-6.699,,,
[1758218447596842088],7.638,-0.285,-6.919,,,
[1758218447603301098],7.549,0.316,-6.184,,,
[1758218447609760317],8.207,-0.151,-6.555,,,
[1758218447616295994],7.937,0.986,-7.197,,,
[1758218447622803598],7.745,0.438,-7.223,,,
[1758218447629258702],8.789,-0.577,-7.317,,,
[1758218447635756150],8.301,-0.393,-7.178,,,
[1758218447642264015],7.87,0.524,-6.864,,,
[1758218447648725785],7.537,0.412,-6.618,,,
[1758218447655193285],7.063,0.235,-7.623,,,
[1758218447661718910],7.125,0.151,-7.465,,,
[1758218447668210056],6.79,0.024,-6.816,,,
[1758218447674678910],7.104,0.117,-9.704,,,
[1758218447681028650],6.206,0.663,-8.614,,,
[1758218447687516098],6.96,-0.505,-7.479,,,
[1758218447694165942],6.452,-0.35,-7.317,,,
[1758218447700658858],6.62,0.728,-7.506,,,
[1758218447707106358],5.947,0.845,-7.398,,,
[1758218447713598442],6.017,-0.323,-8.076,,,
[1758218447720146567],5.6,0.096,-7.798,,,
[1758218447726644483],6.067,1.173,-8.715,,,
[1758218447733126983],6.088,0.144,-8.578,,,
[1758218447739590317],5.545,-0.182,-8.523,,,
[1758218447746044171],5.234,0.12,-8.528,,,
[1758218447752515681],4.719,0.266,-8.602,,,
[1758218447758988129],4.851,-0.084,-8.595,,,
[1758218447765457504],4.697,-0.424,-8.638,,,
[1758218447772096150],4.827,-0.338,-8.918,,,
[1758218447778552504],4.846,0.354,-8.935,,,
[1758218447785042452],4.798,-0.045,-8.588,,,
[1758218447791588494],4.662,0.148,-9.105,,,
[1758218447798056358],3.994,-0.048,-8.662,,,
[1758218447804535629],4.13,0.124,-8.217,,,
[1758218447810993233],3.883,-0.594,-8.514,,,
[1758218447817544223],3.857,0.35,-9.055,,,
[1758218447824242712],4.238,0.129,-8.729,,,
[1758218447830853181],3.74,0.283,-9.208,,,
[1758218447837324015],3.488,-0.407,-9.048,,,
[1758218447843810577],3.072,0.124,-9.237,,,
[1758218447850314900],2.995,0.103,-8.921,,,
[1758218447856780004],3.12,0.165,-9.395,,,
[1758218447863251254],2.698,-0.541,-9.95,,,
[1758218447869703285],2.696,-0.326,-9.184,,,
[1758218447876220317],2.691,-0.115,-9.519,,,
[1758218447882746515],2.234,0.455,-9.462,,,
[1758218447889221098],1.918,-0.098,-9.471,,,
[1758218447895733910],2.365,0.019,-8.468,,,
[1758218447902221046],1.42,-0.01,-9.646,,,
[1758218447908726827],1.958,-0.491,-8.564,,,
[1758218447915223754],1.882,-0.874,-8.906,,,
[1758218447921758858],1.367,-0.263,-9.957,,,
[1758218447928226931],1.623,-0.045,-9.553,,,
[1758218447934721046],0.819,0.177,-11.413,,,
[1758218447941074327],1.168,-0.206,-9.653,,,
[1758218447947419796],0.939,-0.759,-9.704,,,
[1758218447954153025],0.764,-0.668,-9.352,,,
[1758218447960683389],0.802,0.579,-9.656,,,
[1758218447967143025],0.385,-0.045,-9.464,,,
[1758218447973631671],0.223,-0.596,-9.522,,,
[1758218447980591671],-0.278,-0.943,-9.785,,,
[1758218447987096567],-0.23,-0.16,-9.735,,,
[1758218447993598806],-0.18,-0.517,-9.428,,,
[1758218448000173598],-0.407,-0.421,-9.713,,,
[1758218448006676879],-0.292,-0.402,-10.092,,,
[1758218448013183077],0.053,0.089,-11.356,,,
[1758218448019490837],-1.051,-0.986,-9.318,,,
[1758218448026181254],-1.365,-0.084,-9.759,,,
[1758218448032529327],-1.204,-0.484,-9.201,,,
[1758218448039000942],-1.542,-0.086,-9.349,,,
[1758218448045645889],-1.437,-0.462,-11.418,,,
[1758218448052109535],-1.135,-0.68,-9.737,,,
[1758218448058859275],-1.726,0.285,-8.911,,,
[1758218448065322087],-1.566,0.713,-9.122,,,
[1758218448071866619],-2.03,-1.472,-9.881,,,
[1758218448078338598],-2.023,0.383,-10.262,,,
[1758218448084887556],-2.315,-0.723,-9.278,,,
[1758218448091235317],-2.612,-0.85,-8.851,,,
[1758218448097561619],-2.583,-0.496,-9.44,,,
[1758218448104338181],-2.928,-0.395,-10.24,,,
[1758218448110889639],-2.746,-0.905,-9.438,,,
[1758218448117379535],-1.851,-0.543,-10.369,,,
[1758218448123864327],-2.253,-0.977,-10.12,,,
[1758218448130340785],-3.412,0.014,-8.286,,,
[1758218448136828910],-4.298,-0.991,-7.975,,,
[1758218448143389379],-3.895,-2.514,-9.462,,,
[1758218448149789796],-3.934,0.18,-8.969,,,
[1758218448156324535],-3.821,-0.977,-8.277,,,
[1758218448162867504],-3.79,-0.318,-8.464,,,
[1758218448169197348],-4.42,-0.347,-8.368,,,
[1758218448175968129],-4.039,-1.085,-8.734,,,
[1758218448182463962],-4.834,-0.546,-8.341,,,
[1758218448189126983],-4.326,0.201,-9.23,,,
[1758218448195655264],-5.009,-0.596,-8.296,,,
[1758218448202157764],-4.968,-1.12,-10.63,,,
[1758218448208626983],-3.285,-0.074,-6.261,,,
[1758218448215099796],-2.818,0.893,-9.4,,,
[1758218448221623962],-6.455,-1.24,-8.023,,,
[1758218448228266254],-6.692,-0.723,-9.29,,,
[1758218448234745629],-4.094,-0.362,-9.213,,,
[1758218448241103598],-5.14,-0.855,-7.626,,,
[1758218448247550316],-5.361,-1.307,-7.977,,,
[1758218448254573441],-5.928,-1.099,-7.209,,,
[1758218448260939900],-6.618,-0.328,-7.166,,,
[1758218448267282921],-6.577,0.261,-7.661,,,
[1758218448274034535],-5.452,-2.531,-6.881,,,
[1758218448280577556],-6.328,-1.324,-7.774,,,
[1758218448286470994],-5.983,-0.807,-7.961,,,
[1758218448292417921],-6.807,0.397,-5.799,,,
[1758218448297484639],-7.767,-0.16,-6.311,,,
[1758218448303239848],-7.451,-0.977,-6.062,,,
[1758218448308916566],-7.053,-0.584,-6.132,,,
[1758218448314606358],-7.197,-1.111,-6.282,,,
[1758218448320165525],-6.788,-0.373,-6.314,,,
[1758218448325693650],-6.483,-1.757,-6.364,,,
[1758218448331510369],-6.891,-0.905,-5.236,,,
[1758218448337042712],-8.215,-1.393,-5.203,,,
[1758218448342533077],-7.93,-1.214,-5.284,,,
[1758218448348357087],-5.306,1.305,-3.718,,,
[1758218448354063285],-7.542,-0.496,-5.511,,,
[1758218448359635160],-7.946,-1.106,-5.358,,,
[1758218448365360889],-6.797,-1.334,-5.286,,,
[1758218448371086046],-8.806,-2.38,-4.245,,,
[1758218448376776618],-7.712,-1.281,-6.352,,,
[1758218448382456827],-7.453,-0.804,-4.434,,,
[1758218448388673910],-8.741,-1.156,-5.248,,,
[1758218448395130837],-7.343,-1.233,-5.586,,,
[1758218448401464483],-7.573,-1.369,-4.685,,,
[1758218448408204952],-8.528,-0.807,-4.223,,,
[1758218448414689796],-8.504,-0.146,-4.666,,,
[1758218448421372868],-7.568,-0.467,-3.926,,,
[1758218448427829952],-8.418,-1.779,-3.991,,,
[1758218448434566514],-9.052,-0.091,-3.175,,,
[1758218448440920837],-7.353,-0.642,-4.369,,,
[1758218448447228129],-8.119,-1.372,-2.787,,,
[1758218448453858285],-9.864,-1.29,-2.895,,,
[1758218448460611566],-8.995,-0.702,-2.689,,,
[1758218448467063754],-9.129,-0.445,-3.153,,,
[1758218448473557504],-9.292,-1.034,-2.887,,,
[1758218448480131618],-8.93,-0.941,-3.682,,,
[1758218448486117816],-6.634,-0.764,-2.246,,,
[1758218448493002296],-9.589,-0.728,-2.064,,,
[1758218448499757660],-9.931,-1.159,-2.179,,,
[1758218448506215212],-9.505,-1.109,-1.767,,,
[1758218448512601566],-7.64,-0.486,-1.652,,,
[1758218448519172296],-10.187,-1.018,-2.081,,,
[1758218448525640421],-9.687,-0.934,-1.482,,,
[1758218448532369483],-9.57,-1.465,-1.305,,,
[1758218448538786566],-8.09,-1.152,-0.783,,,
[1758218448545364796],-10.482,-0.838,-0.974,,,
[1758218448552077243],-9.5,-1.207,-0.9,,,
[1758218448558615681],-10.099,-0.713,-0.543,,,
[1758218448565118077],-7.556,-0.979,-0.275,,,
[1758218448571745941],-8.703,-1.968,0.031,,,
[1758218448578197243],-10.034,0.318,0.445,,,
[1758218448584742035],-9.201,-1.504,0.223,,,
[1758218448591162452],-9.11,-1.302,0.723,,,
[1758218448597514952],-10.269,-0.668,0.587,,,
[1758218448604128650],-7.975,-0.603,1.305,,,
[1758218448610802816],-8.346,-0.941,0.543,,,
[1758218448617142139],-9.771,-0.563,1.144,,,
[1758218448623977504],-9.337,-0.747,1.592,,,
[1758218448630576931],-9.11,-0.505,1.372,,,
[1758218448637092243],-9.287,-0.393,1.3,,,
[1758218448643595629],-7.863,-0.867,2.016,,,
[1758218448650151566],-8.873,-0.74,2.14,,,
[1758218448656467556],-9.397,-0.381,2.337,,,
[1758218448663287764],-9.28,-0.754,2.342,,,
[1758218448669758702],-8.799,-0.766,2.543,,,
[1758218448676287712],-8.739,-0.958,2.703,,,
[1758218448682787973],-9.553,-0.582,2.804,,,
[1758218448688700056],-8.229,-0.974,3.625,,,
[1758218448694388702],-8.356,-0.68,3.136,,,
[1758218448700144118],-9.041,-0.352,3.381,,,
[1758218448705887035],-8.406,-0.903,3.519,,,
[1758218448711685108],-8.305,-0.776,3.67,,,
[1758218448717322191],-7.642,-0.615,3.764,,,
[1758218448723062764],-8.969,-0.627,3.95,,,
[1758218448728834795],-8.21,-0.555,4.173,,,
[1758218448734476358],-8.145,-0.783,3.666,,,
[1758218448740294118],-8.471,-0.807,4.573,,,
[1758218448745962556],-8.368,-0.527,4.099,,,
[1758218448751783858],-7.987,-0.912,4.508,,,
[1758218448757415420],-7.037,-1.202,5.176,,,
[1758218448763340785],-8.274,-0.026,5.047,,,
[1758218448768990941],-8.042,-0.831,5.737,,,
[1758218448774749014],-7.544,-0.766,5.124,,,
[1758218448780468129],-7.807,-0.666,5.222,,,
[1758218448786159848],-7.415,-0.84,5.636,,,
[1758218448792466202],-7.29,-0.895,5.447,,,
[1758218448798971566],-7.171,-0.548,5.629,,,
[1758218448805511566],-6.493,-0.974,6.28,,,
[1758218448812353754],-7.226,-1.02,5.758,,,
[1758218448818829275],-7.728,-0.448,5.993,,,
[1758218448825332972],-6.474,-0.175,6.97,,,
[1758218448831902295],-6.847,-1.281,6.153,,,
[1758218448838366775],-6.51,-0.654,6.318,,,
[1758218448844903337],-6.299,0.579,7.659,,,
[1758218448851313181],-5.971,0.069,6.788,,,
[1758218448857624431],-6.098,-0.984,6.831,,,
[1758218448864550420],-6.577,-0.103,7.058,,,
[1758218448870929327],-6.261,0.627,7.235,,,
[1758218448877669431],-5.341,0.16,7.575,,,
[1758218448884077400],-4.774,-0.426,7.575,,,
[1758218448890879900],-5.138,-0.467,7.489,,,
[1758218448897252452],-4.949,-0.577,7.963,,,
[1758218448903716150],-5.612,-0.122,7.91,,,
[1758218448910250316],-4.908,-0.072,8.377,,,
[1758218448916962347],-5.148,-0.35,7.934,,,
[1758218448923426202],-4.173,0.311,8.693,,,
[1758218448930194952],-3.864,-0.136,9.086,,,
[1758218448936676566],-3.855,-0.488,8.365,,,
[1758218448943165160],-4.736,-0.632,7.69,,,
[1758218448949646150],-4.439,-0.4,8.566,,,
[1758218448956126879],-3.527,-0.606,7.843,,,
[1758218448962626150],-3.972,0.144,8.758,,,
[1758218448969108077],-3.393,0.057,10.008,,,
[1758218448975304431],-3.831,-0.419,8.672,,,
[1758218448982104691],-3.407,1.199,8.006,,,
[1758218448988230525],-3.357,-0.469,8.514,,,
[1758218448993841358],-3.024,-1.13,8.712,,,
[1758218448999592764],-2.38,-0.417,9.804,,,
[1758218449005299275],-3.206,-0.271,9.031,,,
[1758218449011024327],-2.772,-0.294,9.711,,,
[1758218449016376670],-2.71,-0.235,9.354,,,
[1758218449022075681],-2.715,-0.35,9.263,,,
[1758218449027729795],-2.579,0.364,10.125,,,
[1758218449033430108],-2.404,-0.39,9.421,,,
[1758218449039101045],-1.465,-0.469,9.792,,,
[1758218449044783233],-1.738,0.192,9.572,,,
[1758218449050525524],-0.917,-0.498,9.809,,,
[1758218449056059587],-2.291,-0.321,9.282,,,
[1758218449061621983],-0.354,-0.764,12.263,,,
[1758218449067352868],-1.92,0.036,8.528,,,
[1758218449073464952],-0.812,-0.486,10.384,,,
[1758218449079238024],-1.12,1.647,11.669,,,
[1758218449085033024],-1.231,-0.232,8.741,,,
[1758218449091602191],-0.886,-0.4,9.024,,,
[1758218449098114066],-0.024,0.156,10.827,,,
[1758218449104543806],-0.383,-0.395,9.359,,,
[1758218449111143493],-0.225,-0.587,10.101,,,
[1758218449117630420],0.615,-0.63,11.018,,,
[1758218449124005837],-0.105,0.955,10.886,,,
[1758218449130793389],0.907,-0.12,9.95,,,
[1758218449137241410],-0.218,0.192,10.446,,,
[1758218449143731202],1.489,1.494,10.185,,,
[1758218449150240577],-0.165,-0.266,9.627,,,
[1758218449156739795],1.053,-1.192,9.273,,,
[1758218449163219483],0.627,0.208,9.632,,,
[1758218449169654899],1.19,1.386,11.399,,,
[1758218449176133545],2.217,-0.862,9.787,,,
[1758218449182649535],1.417,0.575,9.1,,,
[1758218449188749899],1.482,0.565,10.297,,,
[1758218449194442139],1.106,0.146,10.245,,,
[1758218449200108441],1.932,-0.304,9.199,,,
[1758218449205680837],2.291,0.491,10.214,,,
[1758218449211344066],2.097,-0.079,9.534,,,
[1758218449217165368],2.004,1.468,10.175,,,
[1758218449222843077],4.123,-0.017,11.186,,,
[1758218449228303024],2.734,-1.762,9.347,,,
[1758218449233546462],3.062,3.062,10.8,,,
[1758218449239310420],2.365,-0.278,9.768,,,
[1758218449244991618],2.31,0.871,8.447,,,
[1758218449250780056],3.97,0.534,10.755,,,
[1758218449256437816],2.512,-0.845,8.353,,,
[1758218449262111722],3.598,-0.192,10.851,,,
[1758218449267834535],3.309,0.249,8.317,,,
[1758218449273386826],3.247,0.661,10.285,,,
[1758218449279281097],3.105,1.209,10.156,,,
[1758218449285010264],4.752,0.97,10.353,,,
[1758218449291384066],3.304,0.376,9.474,,,
[1758218449298032035],4.058,0.661,7.623,,,
[1758218449304316826],4.98,0.555,8.432,,,
[1758218449310833701],5.327,0.024,10.625,,,
[1758218449317400993],4.166,0.084,8.38,,,
[1758218449323875212],5.748,-0.441,9.402,,,
[1758218449330362295],5.373,1.587,7.81,,,
[1758218449336816722],4.262,-0.426,6.103,,,
[1758218449343083181],5.064,-1.341,10.092,,,
[1758218449349407087],5.495,2.605,10.3,,,
[1758218449356149951],4.901,-0.237,8.854,,,
[1758218449362624379],5.595,-0.998,8.997,,,
[1758218449369076670],5.519,0.752,8.674,,,
[1758218449375556045],6.014,1.434,7.999,,,
[1758218449382111983],7.101,0.922,8.95,,,
[1758218449388358962],6.881,0.888,9.694,,,
[1758218449394140524],5.976,0.812,8.825,,,
[1758218449399794899],5.473,0.869,10.487,,,
[1758218449405435056],6.893,-1.14,8.121,,,
[1758218449411258441],6.381,1.286,9.974,,,
[1758218449416979899],7.197,0.915,10.693,,,
[1758218449422721931],6.268,-0.771,7.839,,,
[1758218449428461410],6.412,0.982,9.069,,,
[1758218449434087504],6.462,1.01,8.504,,,
[1758218449439975629],7.022,-1.008,8.171,,,
[1758218449445812139],7.147,2.097,8.15,,,
[1758218449451711618],7.649,1.508,8.854,,,
[1758218449457425160],7.161,0.141,7.887,,,
[1758218449463118441],6.783,0.769,7.74,,,
[1758218449468902399],7.142,0.915,8.305,,,
[1758218449474553806],6.718,0.187,7.343,,,
[1758218449480361514],9.294,-0.91,7.954,,,
[1758218449486091826],6.835,1.092,6.39,,,
[1758218449491893858],8.691,2.696,8.073,,,
[1758218449497659274],7.573,-0.187,8.001,,,
[1758218449503293389],7.305,0.342,7.618,,,
[1758218449509020160],7.954,1.226,7.791,,,
[1758218449514633962],7.479,0.644,6.428,,,
[1758218449520772087],7.994,0.254,7.23,,,
[1758218449526530681],6.728,0.431,8.406,,,
[1758218449532287243],8.571,1.233,6.797,,,
[1758218449537714691],7.74,0.065,7.295,,,
[1758218449543262243],8.808,1.003,7.513,,,
[1758218449548961201],7.994,1.997,6.713,,,
[1758218449554622556],8.698,0.371,5.478,,,
[1758218449560355524],8.076,1.279,4.944,,,
[1758218449565996774],8.423,0.955,6.055,,,
[1758218449571661670],9.266,1.003,5.871,,,
[1758218449577318701],8.653,0.153,6.213,,,
[1758218449582827451],8.693,0.28,8.107,,,
[1758218449588684170],9.737,0.563,5.013,,,
[1758218449595395420],8.061,0.936,4.946,,,
[1758218449602342087],8.89,0.409,5.327,,,
[1758218449609470108],9.436,0.362,5.526,,,
[1758218449616318597],9.345,0.929,5.559,,,
[1758218449623429795],9.155,0.613,5.811,,,
[1758218449629961826],8.902,-0.16,4.712,,,
[1758218449636351253],11.356,0.007,5.164,,,
[1758218449642987868],9.491,1.02,5.497,,,
[1758218449649443753],10.147,1.762,5.329,,,
[1758218449655906670],9.584,0.615,4.453,,,
[1758218449662173806],10.353,0.939,4.865,,,
[1758218449668578545],9.859,0.611,4.549,,,
[1758218449675452191],9.562,0.436,4.14,,,
[1758218449681602451],10.075,0.611,4.365,,,
[1758218449688164118],9.649,0.455,4.731,,,
[1758218449693908649],9.783,0.792,4.645,,,
[1758218449699736670],11.19,1.52,3.847,,,
[1758218449705471045],10.836,0.962,4.211,,,
[1758218449711364430],10.159,0.862,3.768,,,
[1758218449717085264],10.975,0.565,3.974,,,
[1758218449723016097],10.247,0.242,3.5,,,
[1758218449728753493],10.326,0.259,4.209,,,
[1758218449734548805],9.869,0.735,4.508,,,
[1758218449740314743],9.969,0.996,3.627,,,
[1758218449745899951],10.76,1.144,3.737,,,
[1758218449751713180],10.618,0.965,3.464,,,
[1758218449757437972],11.878,1.202,3.34,,,
[1758218449763077139],9.728,0.876,3.548,,,
[1758218449768811566],10.637,0.424,3.388,,,
[1758218449774467451],9.871,0.512,3.393,,,
[1758218449780298805],10.846,0.223,3.247,,,
[1758218449785921983],10.539,0.407,3.304,,,
[1758218449792295420],10.575,0.766,3.024,,,
[1758218449799171514],10.408,0.85,2.737,,,
[1758218449805685785],9.993,1.314,2.636,,,
[1758218449812257660],10.637,0.797,2.351,,,
[1758218449818531722],10.726,1.08,3.163,,,
[1758218449825413180],10.427,0.651,3.06,,,
[1758218449831911305],10.331,0.68,2.672,,,
[1758218449838353545],10.333,1.025,2.246,,,
[1758218449844827868],10.484,1.073,3.002,,,
[1758218449851179326],11.246,1.204,2.085,,,
[1758218449857523180],11.253,1.513,1.729,,,
[1758218449864049899],9.615,0.946,1.942,,,
[1758218449870496305],11.519,0.891,1.645,,,
[1758218449876826305],10.81,1.132,1.791,,,
[1758218449883612503],10.137,0.35,1.884,,,
[1758218449889770264],10.29,0.328,1.307,,,
[1758218449895513858],10.659,0.567,1.633,,,
[1758218449901207607],10.841,0.788,1.343,,,
[1758218449906821410],10.767,0.982,1.501,,,
[1758218449912578285],11.382,0.781,1.906,,,
[1758218449918407660],10.831,0.632,1.252,,,
[1758218449924202243],11.334,0.644,1.271,,,
[1758218449930102503],10.432,0.529,1.13,,,
[1758218449935724691],10.297,0.304,1.166,,,
[1758218449941429222],10.391,0.548,0.833,,,
[1758218449947154118],10.482,0.206,0.742,,,
[1758218449952788024],11.167,0.582,0.512,,,
[1758218449958571826],10.408,0.333,0.625,,,
[1758218449964292191],10.724,0.852,0.675,,,
[1758218449970032607],11.181,1.135,0.958,,,
[1758218449975678910],11.89,1.135,2.138,,,
[1758218449981444691],11.365,0.534,0.962,,,
[1758218449987144014],10.597,0.723,0.69,,,
[1758218449993572920],10.611,0.45,0.644,,,
[1758218450000178024],10.745,0.603,0.283,,,
[1758218450007076566],10.436,0.776,0.347,,,
[1758218450013559222],11.262,0.922,0.208,,,
[1758218450020107503],10.669,1.195,0.436,,,
[1758218450026585316],11.495,1.123,-0.017,,,
[1758218450033086462],11.674,0.534,-0.206,,,
[1758218450039863076],10.156,0.634,-0.134,,,
[1758218450046359430],10.223,0.965,0.069,,,
[1758218450052831722],10.02,0.764,-0.206,,,
[1758218450059339378],11.03,0.812,0.529,,,
[1758218450065818285],11.322,0.819,-0.967,,,
[1758218450072284743],10.266,1.077,-0.292,,,
[1758218450078557712],10.673,1.106,0.283,,,
[1758218450084939326],10.86,1.255,-0.517,,,
[1758218450091157816],10.803,0.838,-0.29,,,
[1758218450097071097],11.016,0.634,-0.522,,,
[1758218450102668649],10.666,0.22,-0.498,,,
[1758218450108558232],10.487,0.536,-0.749,,,
[1758218450114330212],10.477,1.07,-0.915,,,
[1758218450120179326],10.369,1.089,-0.764,,,
[1758218450125862503],10.934,0.943,-0.85,,,
[1758218450131629222],10.506,0.682,-0.941,,,
[1758218450137438180],10.678,0.874,-0.486,,,
[1758218450143129482],10.525,0.637,-0.742,,,
[1758218450148916670],11.322,0.189,-0.498,,,
[1758218450154549534],10.52,0.457,-0.943,,,
[1758218450160375784],10.647,0.453,-0.792,,,
[1758218450166125107],10.843,0.622,-1.027,,,
[1758218450171874274],10.262,0.97,-1.324,,,
[1758218450177509378],10.874,0.723,-0.953,,,
[1758218450183233962],10.417,-0.362,-0.572,,,
[1758218450189067087],11.492,0.486,-0.711,,,
[1758218450195411514],10.393,0.998,-0.939,,,
[1758218450202222399],10.791,0.438,-0.898,,,
[1758218450208725368],10.623,0.654,-1.034,,,
[1758218450215565628],10.606,0.721,-1.034,,,
[1758218450222084222],10.317,0.685,-1.504,,,
[1758218450227997972],10.434,1.132,-1.094,,,
[1758218450234598180],10.616,0.706,-0.704,,,
[1758218450240731722],10.805,0.819,-1.381,,,
[1758218450247109795],10.238,0.745,-1.487,,,
[1758218450253669014],10.815,0.764,-1.07,,,
[1758218450260165003],10.345,0.924,-1.405,,,
[1758218450266961930],10.307,0.871,-1.657,,,
[1758218450273485576],10.424,0.752,-1.429,,,
[1758218450279977087],10.446,0.912,-1.657,,,
[1758218450286454691],10.171,1.106,-1.341,,,
[1758218450292543857],10.218,0.96,-1.24,,,
[1758218450298369274],10.429,0.673,-1.609,,,
[1758218450303632034],10.187,0.881,-1.377,,,
[1758218450309490889],10.307,0.84,-1.642,,,
[1758218450315271722],10.355,0.905,-1.681,,,
[1758218450320989274],10.06,0.778,-1.403,,,
[1758218450326677139],10.393,0.496,-1.623,,,
[1758218450332312607],10.57,0.742,-1.75,,,
[1758218450337974170],10.594,0.804,-1.59,,,
[1758218450343881409],10.214,0.577,-1.674,,,
[1758218450349590732],10.848,0.682,-1.676,,,
[1758218450355270003],10.017,0.472,-2.224,,,
[1758218450361020732],10.42,0.697,-1.571,,,
[1758218450366680055],10.506,0.505,-1.748,,,
[1758218450372375941],10.159,0.606,-1.726,,,
[1758218450378067711],10.695,0.436,-1.702,,,
[1758218450383649326],10.135,0.575,-1.844,,,
[1758218450389166618],10.625,0.539,-1.942,,,
[1758218450395624847],10.161,0.503,-1.81,,,
[1758218450402228180],10.872,0.453,-1.741,,,
[1758218450408665003],10.264,0.522,-1.748,,,
[1758218450415349326],10.376,0.527,-1.788,,,
[1758218450421325316],10.558,0.445,-1.738,,,
[1758218450427946930],10.317,0.316,-1.779,,,
[1758218450434447659],10.712,0.512,-1.578,,,
[1758218450441067920],10.367,0.769,-1.796,,,
[1758218450447568024],10.116,0.548,-1.705,,,
[1758218450454106514],10.147,0.848,-1.836,,,
[1758218450460687034],10.951,0.608,-1.853,,,
[1758218450467158076],9.972,0.704,-1.927,,,
[1758218450473692711],10.597,0.685,-1.559,,,
[1758218450480197607],10.525,0.666,-1.791,,,
[1758218450486694170],10.341,0.735,-1.705,,,
[1758218450492760576],10.221,0.819,-1.872,,,
[1758218450498529066],10.321,0.845,-1.731,,,
[1758218450504316670],10.369,0.757,-1.748,,,
[1758218450510011409],10.412,0.785,-1.757,,,
[1758218450515922347],10.482,0.697,-1.697,,,
[1758218450521856618],10.391,0.761,-1.788,,,
[1758218450527603649],10.336,0.668,-1.81,,,
[1758218450533355107],10.326,0.802,-1.709,,,
[1758218450539095836],10.173,0.776,-1.966,,,
[1758218450544855055],10.271,0.792,-1.757,,,
[1758218450550742555],10.525,0.788,-1.721,,,
[1758218450556379743],10.159,0.666,-1.626,,,
[1758218450562083753],10.707,0.706,-1.736,,,
[1758218450567763753],10.266,0.632,-1.659,,,
[1758218450573432763],10.297,0.625,-1.635,,,
[1758218450579098649],10.307,0.512,-1.628,,,
[1758218450584140628],10.173,0.553,-1.686,,,
[1758218450589757034],10.408,0.68,-1.683,,,
[1758218450596291253],10.245,0.678,-1.592,,,
[1758218450602788753],10.518,0.699,-1.389,,,
[1758218450609399430],10.369,0.649,-1.681,,,
[1758218450616069586],10.453,0.52,-1.539,,,
[1758218450622387816],10.384,0.69,-1.451,,,
[1758218450629148961],10.539,0.577,-1.444,,,
[1758218450635687451],10.338,0.611,-1.525,,,
[1758218450641779430],10.463,0.558,-1.231,,,
[1758218450648311826],10.271,0.644,-1.319,,,
[1758218450654938232],10.465,0.73,-1.487,,,
[1758218450661610003],10.501,0.599,-1.355,,,
[1758218450668173180],10.532,0.488,-1.118,,,
[1758218450674515628],10.453,0.606,-1.233,,,
[1758218450681336253],10.353,0.692,-1.255,,,
[1758218450687734951],10.455,0.718,-1.034,,,
[1758218450694259847],10.424,0.642,-0.953,,,
[1758218450700689274],10.527,0.735,-1.183,,,
[1758218450707415211],10.429,0.642,-1.077,,,
[1758218450713678805],10.542,0.673,-1.097,,,
[1758218450720241461],10.281,0.687,-0.955,,,
[1758218450726937295],10.451,0.771,-1.003,,,
[1758218450733466045],10.444,0.766,-0.915,,,
[1758218450740082191],10.467,0.838,-0.831,,,
[1758218450746518857],10.408,0.675,-0.974,,,
[1758218450753066253],10.738,0.84,-0.814,,,
[1758218450759698597],10.518,0.826,-0.678,,,
[1758218450766179326],10.578,0.785,-0.649,,,
[1758218450772841722],10.716,0.895,-0.697,,,
[1758218450779155993],10.59,0.759,-0.907,,,
[1758218450785761826],10.36,0.728,-0.836,,,
[1758218450791845003],10.613,0.759,-0.46,,,
[1758218450797596774],10.477,0.682,-0.522,,,
[1758218450803308024],10.738,0.627,-0.563,,,
[1758218450809071149],10.666,0.656,-0.733,,,
[1758218450814906045],10.537,0.675,-0.467,,,
[1758218450820904482],10.597,0.678,-0.429,,,
[1758218450826549170],10.635,0.745,-0.543,,,
[1758218450832255472],10.475,0.548,-0.366,,,
[1758218450837738180],10.487,0.285,-0.268,,,
[1758218450843462295],10.736,0.761,-0.204,,,
[1758218450849143909],10.776,0.553,-0.211,,,
[1758218450854826305],10.688,0.718,-0.223,,,
[1758218450860688336],10.822,0.723,-0.314,,,
[1758218450866240993],10.453,0.651,-0.091,,,
[1758218450871734065],10.637,0.73,0.067,,,
[1758218450877361305],10.613,0.699,0.129,,,
[1758218450883054899],10.673,0.606,-0.096,,,
[1758218450888730472],10.513,0.584,0.036,,,
[1758218450894757607],10.927,0.702,0.113,,,
[1758218450901527503],10.807,0.821,0.28,,,
[1758218450908170263],10.446,0.843,0.182,,,
[1758218450914680628],10.829,0.781,0.227,,,
[1758218450921425315],10.477,0.678,0.227,,,
[1758218450928150107],10.523,0.625,0.455,,,
[1758218450934596513],10.69,0.776,0.469,,,
[1758218450941032190],10.827,0.713,0.517,,,
[1758218450947301565],10.403,0.673,0.572,,,
[1758218450954059482],10.776,0.778,0.627,,,
[1758218450960717763],10.575,0.819,0.474,,,
[1758218450967204690],10.649,0.685,0.639,,,
[1758218450973482763],10.52,0.785,0.816,,,
[1758218450979801149],10.817,0.709,1.041,,,
[1758218450986537555],10.757,0.658,1.027,,,
[1758218450992692190],10.707,0.745,0.953,,,
[1758218450998541826],10.523,0.718,1.003,,,
[1758218451004288336],10.546,1.02,1.053,,,
[1758218451010057815],10.633,0.912,1.018,,,
[1758218451015805159],10.546,0.833,1.173,,,
[1758218451021543492],10.515,0.685,1.317,,,
[1758218451027293024],10.611,0.651,1.377,,,
[1758218451033025003],10.52,0.675,1.456,,,
[1758218451038715159],10.599,0.704,1.511,,,
[1758218451044489795],10.661,0.84,1.393,,,
[1758218451050178284],10.467,0.781,1.59,,,
[1758218451055953961],10.7,0.687,1.7,,,
[1758218451061740420],10.482,0.788,1.832,,,
[1758218451067483909],10.484,0.826,1.75,,,
[1758218451073147659],10.429,0.74,1.824,,,
[1758218451078891774],10.578,0.646,1.853,,,
[1758218451084660055],10.475,0.721,1.856,,,
[1758218451090515836],10.712,0.675,1.884,,,
[1758218451096891930],10.47,0.62,2.095,,,
[1758218451103427399],10.482,0.718,2.184,,,
[1758218451109565367],10.544,0.721,2.444,,,
[1758218451116136461],10.484,0.742,2.207,,,
[1758218451122615315],10.506,0.687,2.186,,,
[1758218451129013388],10.491,0.721,2.337,,,
[1758218451135531670],10.376,0.718,2.521,,,
[1758218451142154690],10.477,0.668,2.411,,,
[1758218451148450472],10.367,0.802,2.435,,,
[1758218451154995211],10.458,0.809,2.751,,,
[1758218451161380732],10.364,0.769,2.739,,,
[1758218451168230888],10.704,0.86,3.074,,,
[1758218451174755107],10.25,0.848,2.794,,,
[1758218451181095263],10.175,0.668,3.012,,,
[1758218451187437972],10.338,0.836,3.108,,,
[1758218451194172659],10.151,0.79,3.27,,,
[1758218451200710420],10.228,0.723,3.232,,,
[1758218451207180003],10.427,0.8,3.409,,,
[1758218451213734534],10.23,0.833,3.469,,,
[1758218451220510107],10.142,0.893,3.371,,,
[1758218451226470263],10.376,0.891,3.517,,,
[1758218451233041669],10.163,0.778,3.45,,,
[1758218451239781044],10.125,0.831,3.745,,,
[1758218451246314586],10.173,0.785,3.766,,,
[1758218451252797867],10.24,0.8,3.986,,,
[1758218451259362086],9.922,0.725,3.915,,,
[1758218451265914326],10.034,0.967,3.867,,,
[1758218451272499326],10.022,0.725,4.053,,,
[1758218451278972451],10.051,0.862,4.001,,,
[1758218451285475576],10.144,0.543,4.068,,,
[1758218451292044742],9.864,0.773,4.372,,,
[1758218451298491044],9.929,0.723,4.41,,,
[1758218451304969951],9.615,0.548,4.537,,,
[1758218451311518336],9.857,0.771,4.683,,,
[1758218451317983076],9.917,0.642,4.666,,,
[1758218451324446149],9.711,0.788,4.666,,,
[1758218451330849638],9.728,0.668,4.626,,,
[1758218451337124847],9.723,0.687,4.932,,,
[1758218451343899065],9.56,0.797,4.635,,,
[1758218451350871253],9.79,0.666,4.793,,,
[1758218451357361565],9.613,0.584,4.884,,,
[1758218451363716617],9.606,0.649,5.013,,,
[1758218451370089013],9.553,0.879,5.162,,,
[1758218451376966305],9.584,0.668,5.157,,,
[1758218451383373440],9.421,0.725,5.227,,,
[1758218451389556201],9.357,0.646,5.435,,,
[1758218451395801201],9.361,0.733,5.619,,,
[1758218451401567399],9.309,0.618,5.282,,,
[1758218451407302711],9.301,0.785,5.626,,,
[1758218451413064794],9.218,0.752,5.576,,,
[1758218451418790419],9.225,0.857,5.567,,,
[1758218451424486513],9.232,0.862,5.725,,,
[1758218451430212763],9.143,0.79,5.717,,,
[1758218451435451409],9.041,0.699,5.88,,,
[1758218451441254013],9.172,0.685,5.986,,,
[1758218451446922034],8.978,0.824,5.918,,,
[1758218451452648753],8.909,0.711,6.096,,,
[1758218451458300732],8.885,0.666,6.048,,,
[1758218451464023805],8.842,0.814,5.909,,,
[1758218451469698440],9.122,0.754,6.127,,,
[1758218451475332190],8.945,0.769,6.239,,,
[1758218451480896305],8.947,0.773,6.199,,,
[1758218451485783492],8.823,0.752,6.395,,,
[1758218451491387763],8.825,0.618,6.483,,,
[1758218451497878336],8.823,0.687,6.567,,,
[1758218451504250159],8.815,0.769,6.323,,,
[1758218451510697034],8.622,0.802,6.615,,,
[1758218451517068961],8.859,0.718,6.618,,,
[1758218451523709690],8.43,0.85,6.902,,,
[1758218451530230732],8.557,0.642,6.771,,,
[1758218451536283909],8.799,0.699,6.723,,,
[1758218451542966044],8.167,0.735,6.816,,,
[1758218451549494221],8.344,0.512,6.869,,,
[1758218451556037190],8.526,0.74,6.797,,,
[1758218451562433076],8.351,0.848,7.132,,,
[1758218451569037346],8.21,0.508,7.12,,,
[1758218451575673232],8.203,0.577,7.135,,,
[1758218451582205471],8.119,0.639,7.283,,,
[1758218451588648180],8.229,0.534,7.427,,,
[1758218451594763076],7.86,0.713,7.496,,,
[1758218451600590836],8.073,0.721,7.393,,,
[1758218451606280003],8.061,0.692,7.396,,,
[1758218451611967763],8.066,0.735,7.434,,,
[1758218451617692867],7.999,0.711,7.396,,,
[1758218451623636044],7.843,0.725,7.764,,,
[1758218451629384482],7.697,0.524,7.408,,,
[1758218451635221721],7.748,0.668,7.755,,,
[1758218451640961826],7.731,0.718,7.64,,,
[1758218451646864013],7.755,0.745,7.74,,,
[1758218451652695367],7.616,0.795,7.877,,,
[1758218451658354586],7.618,0.754,7.896,,,
[1758218451664021565],7.609,0.723,7.915,,,
[1758218451669789482],7.463,0.69,7.901,,,
[1758218451675549534],7.803,0.63,7.863,,,
[1758218451681351826],7.415,0.898,8.126,,,
[1758218451687079273],7.535,0.517,8.133,,,
[1758218451692822398],7.458,0.594,7.958,,,
[1758218451699361617],7.501,0.864,8.363,,,
[1758218451705945315],7.673,0.73,8.394,,,
[1758218451712417242],7.14,0.754,8.514,,,
[1758218451718872763],7.049,0.474,8.435,,,
[1758218451725330471],7.154,0.759,8.703,,,
[1758218451731889117],6.965,0.807,8.471,,,
[1758218451738330784],6.891,0.453,8.274,,,
[1758218451745026565],7.142,0.393,8.327,,,
[1758218451751397867],7.108,0.783,8.653,,,
[1758218451757711044],6.914,0.603,8.641,,,
[1758218451764427346],6.881,0.543,8.605,,,
[1758218451770920315],6.931,0.464,8.456,,,
[1758218451777324221],6.95,0.737,8.914,,,
[1758218451783992451],6.706,0.56,8.756,,,
[1758218451790368961],6.61,0.553,8.514,,,
[1758218451797124690],6.744,0.424,8.851,,,
[1758218451803578857],6.653,0.862,9.045,,,
[1758218451810081096],6.302,0.335,8.933,,,
[1758218451816543180],6.582,0.613,8.976,,,
[1758218451823009742],6.488,0.725,8.969,,,
[1758218451829436253],6.584,0.603,9.251,,,
[1758218451835811721],6.359,0.611,8.945,,,
[1758218451842214117],6.493,0.462,9.175,,,
[1758218451848745159],6.323,-0.034,8.475,,,
[1758218451855486721],6.215,0.388,9.139,,,
[1758218451861998544],6.63,0.481,9.203,,,
[1758218451868444482],6.165,1.006,9.455,,,
[1758218451874901357],6.019,0.453,9.093,,,
[1758218451881257242],6.57,0.757,9.084,,,
[1758218451887769534],6.007,0.524,9.23,,,
[1758218451894269846],6.17,0.661,9.414,,,
[1758218451900938753],5.993,0.611,9.395,,,
[1758218451907500159],6.072,0.905,9.311,,,
[1758218451913975107],6.014,0.678,9.445,,,
[1758218451920230575],5.923,0.323,9.143,,,
[1758218451926937555],5.842,0.498,9.491,,,
[1758218451933777034],6.036,0.733,9.282,,,
[1758218451940448492],5.954,0.591,9.558,,,
[1758218451947160055],5.741,0.529,9.471,,,
[1758218451953634378],6.062,0.503,9.567,,,
[1758218451960209013],5.65,0.651,9.572,,,
[1758218451966726982],5.746,0.57,9.608,,,
[1758218451973193075],5.758,0.553,9.45,,,
[1758218451979250888],5.756,0.584,9.651,,,
[1758218451986155575],5.574,0.462,9.608,,,
[1758218451992911148],5.502,0.299,9.737,,,
[1758218451999415055],5.389,0.369,9.613,,,
[1758218452006145732],5.701,0.637,9.67,,,
[1758218452012630628],5.476,0.792,9.701,,,
[1758218452019107763],5.77,0.438,9.874,,,
[1758218452025705263],5.361,0.388,9.759,,,
[1758218452032186565],5.514,0.594,9.752,,,
[1758218452038653596],5.514,0.352,9.778,,,
[1758218452045114898],5.452,0.417,9.747,,,
[1758218452051727450],5.48,0.424,9.89,,,
[1758218452058192503],5.363,0.673,9.74,,,
[1758218452064508388],5.38,0.565,9.957,,,
[1758218452070896409],5.466,0.505,9.725,,,
[1758218452077394065],5.301,0.453,10.118,,,
[1758218452083747919],5.21,0.496,9.754,,,
[1758218452090166461],5.279,0.448,9.85,,,
[1758218452096695523],5.136,0.603,10.147,,,
[1758218452102431305],5.1,0.56,9.807,,,
[1758218452108175419],5.452,0.792,9.852,,,
[1758218452114020523],4.831,0.364,10.214,,,
[1758218452119820732],5.339,0.57,9.515,,,
[1758218452125435888],5.262,0.503,10.041,,,
[1758218452131215680],5.191,0.464,9.78,,,
[1758218452136866461],4.956,0.539,9.883,,,
[1758218452142585367],5.1,0.527,10.053,,,
[1758218452148490002],5.116,0.515,10.113,,,
[1758218452154345523],5.109,0.436,9.948,,,
[1758218452160014169],4.815,0.905,10.02,,,
[1758218452165757294],5.131,0.558,9.756,,,
[1758218452171416096],5.049,0.445,10.144,,,
[1758218452177141044],4.796,0.16,10.106,,,
[1758218452183061930],5.095,0.644,9.505,,,
[1758218452188811096],5.243,0.565,10.039,,,
[1758218452194098857],5.061,0.409,9.91,,,
[1758218452200098857],5.071,0.651,10.005,,,
[1758218452205750784],5.052,0.366,10.25,,,
[1758218452211454586],4.944,0.702,9.895,,,
[1758218452217100523],5.303,0.294,10.173,,,
[1758218452222769013],4.736,0.481,10.218,,,
[1758218452228752138],5.03,0.5,9.747,,,
[1758218452234553596],5.045,0.443,10.017,,,
[1758218452240386565],4.87,0.424,9.857,,,
[1758218452246091669],5.152,0.541,9.922,,,
[1758218452251746513],4.954,0.397,10.197,,,
[1758218452257633700],5.183,0.56,9.886,,,
[1758218452263393700],4.846,0.491,10.161,,,
[1758218452269112138],4.963,0.424,10.113,,,
[1758218452274856982],4.956,0.328,10.149,,,
[1758218452280520836],4.915,0.522,9.984,,,
[1758218452286283961],5.095,0.388,10.008,,,
[1758218452291961409],4.903,0.381,9.996,,,
[1758218452298352398],5.162,0.642,10.017,,,
[1758218452304858596],4.81,0.321,10.211,,,
[1758218452311269013],4.76,0.486,10.139,,,
[1758218452318033596],5.04,0.481,10.111,,,
[1758218452324439482],5.174,0.642,10.137,,,
[1758218452330906982],5.15,0.515,9.893,,,
[1758218452337293388],4.903,0.453,10.053,,,
[1758218452343873596],4.987,0.338,9.96,,,
[1758218452350212919],5.121,0.474,10.087,,,
[1758218452356807242],5.052,0.476,10.195,,,
[1758218452363231304],5.167,0.515,10.041,,,
[1758218452369994325],5.116,0.448,10.154,,,
[1758218452376515211],5.102,0.728,10.041,,,
[1758218452382975523],4.954,0.493,10.094,,,
[1758218452389445471],5.08,0.599,10.12,,,
[1758218452395738075],5.136,0.558,10.254,,,
[1758218452401508232],5.109,0.567,10.005,,,
[1758218452407317971],5.006,0.543,10.053,,,
[1758218452413073075],5.188,0.558,10.034,,,
[1758218452418828544],5.167,0.453,9.91,,,
[1758218452424586096],5.255,0.627,9.85,,,
[1758218452430371252],5.272,0.333,9.85,,,
[1758218452436121929],5.303,0.405,10.108,,,
[1758218452441898544],5.253,0.656,9.883,,,
[1758218452447647659],5.195,0.381,10.075,,,
[1758218452453407607],5.179,0.603,10.046,,,
[1758218452459174221],5.246,0.529,10.072,,,
[1758218452464965679],5.306,0.438,9.907,,,
[1758218452470613284],5.27,0.448,9.778,,,
[1758218452476124586],5.353,0.572,9.917,,,
[1758218452481796773],5.258,0.448,10.01,,,
[1758218452487505107],5.325,0.474,9.768,,,
[1758218452493179846],5.243,0.505,9.886,,,
[1758218452499368596],5.198,0.472,9.809,,,
[1758218452506051721],5.432,0.888,9.864,,,
[1758218452512663492],5.578,0.362,10.144,,,
[1758218452519091044],5.217,0.381,9.934,,,
[1758218452525911825],5.365,0.52,9.658,,,
[1758218452532423596],5.38,0.555,9.773,,,
[1758218452538975523],5.468,0.548,9.661,,,
[1758218452545515419],5.468,0.426,9.735,,,
[1758218452552141565],5.607,0.529,9.936,,,
[1758218452558578492],5.571,0.565,9.589,,,
[1758218452565198388],5.593,0.508,9.704,,,
[1758218452571756461],5.61,0.536,9.589,,,
[1758218452578214221],5.528,0.565,9.811,,,
[1758218452584688492],5.679,0.675,9.517,,,
[1758218452590967242],5.595,0.539,10.063,,,
[1758218452597136252],5.545,0.536,9.821,,,
[1758218452602790106],5.82,0.745,9.503,,,
[1758218452608534846],5.717,0.881,10.278,,,
[1758218452614582606],6.041,0.824,10.326,,,
[1758218452620404377],5.746,0.122,9.687,,,
[1758218452626155106],5.619,0.57,9.419,,,
[1758218452631932971],6.108,0.383,9.716,,,
[1758218452637671669],5.557,0.611,9.459,,,
[1758218452643457190],6.055,0.493,9.699,,,
[1758218452649186617],5.902,0.364,9.464,,,
[1758218452654974742],5.952,0.725,9.728,,,
[1758218452660732659],5.871,0.551,9.402,,,
[1758218452666527450],5.997,0.622,9.531,,,
[1758218452672273388],5.545,-1.08,10.786,,,
[1758218452677980731],5.871,1.013,9.359,,,
[1758218452683618544],6.393,0.218,9.783,,,
[1758218452689345106],5.607,0.424,9.206,,,
[1758218452695027190],6.371,0.543,9.483,,,
[1758218452701315471],6.033,0.625,9.268,,,
[1758218452707687346],6.187,0.742,9.064,,,
[1758218452714189325],6.235,0.182,9.158,,,
[1758218452720962502],6.088,0.532,9.254,,,
[1758218452727274221],6.385,0.548,9.462,,,
[1758218452733845784],6.242,0.843,9.397,,,
[1758218452740198752],6.261,0.534,9.134,,,
[1758218452746962971],7.192,-0.462,9.301,,,
[1758218452753433440],5.701,1.255,8.188,,,
[1758218452759873388],6.993,1.132,9.467,,,
[1758218452766454794],7.065,0.546,8.82,,,
[1758218452772915106],6.177,1.36,9.373,,,
[1758218452779395263],7.034,0.443,8.909,,,
[1758218452785866356],6.582,1.214,9.342,,,
[1758218452792273596],6.311,0.555,8.775,,,
[1758218452798696617],6.768,1.02,9.081,,,
[1758218452805148023],6.56,0.838,8.918,,,
[1758218452811568492],6.572,0.965,8.981,,,
[1758218452817910263],6.637,0.168,8.89,,,
[1758218452824786669],6.658,0.852,8.806,,,
[1758218452830650731],6.732,0.536,8.66,,,
[1758218452836907294],6.924,0.575,8.969,,,
[1758218452843234846],6.785,0.582,8.643,,,
[1758218452850168908],6.96,0.622,9.105,,,
[1758218452856836617],6.711,0.632,8.827,,,
[1758218452863309221],6.919,0.706,8.598,,,
[1758218452869223752],6.857,0.603,8.545,,,
[1758218452875791617],6.938,0.608,8.432,,,
[1758218452882566200],7.281,0.491,8.641,,,
[1758218452889036408],7.18,0.781,9.17,,,
[1758218452895523596],6.943,0.46,8.538,,,
[1758218452902044169],7.283,0.881,8.794,,,
[1758218452908506200],7.123,0.187,8.514,,,
[1758218452915005471],6.905,0.079,9.206,,,
[1758218452921687346],7.211,0.728,8.693,,,
[1758218452928220731],7.633,0.953,8.698,,,
[1758218452934882554],7.254,0.479,8.633,,,
[1758218452941299429],7.23,0.539,8.866,,,
[1758218452947669325],7.427,0.397,8.377,,,
[1758218452954394846],7.427,0.982,8.478,,,
[1758218452960883440],7.685,0.287,8.353,,,
[1758218452967192658],7.578,0.548,8.102,,,
[1758218452973643544],7.537,0.764,8.399,,,
[1758218452980419950],7.626,0.764,8.033,,,
[1758218452986884273],7.269,0.503,8.727,,,
[1758218452993381669],7.693,0.958,8.054,,,
[1758218452999399690],7.884,0.211,8.353,,,
[1758218453005033388],7.47,0.776,8.052,,,
[1758218453010811929],7.726,0.728,8.112,,,
[1758218453016556669],7.396,0.692,8.047,,,
[1758218453022309794],7.879,0.584,7.889,,,
[1758218453028192606],7.645,0.63,8.104,,,
[1758218453033947085],7.963,0.869,7.915,,,
[1758218453039725158],7.889,0.725,7.829,,,
[1758218453045486721],7.865,0.795,7.841,,,
[1758218453051299117],8.021,0.555,7.829,,,
[1758218453057052450],8.116,0.68,7.599,,,
[1758218453062768283],8.049,0.752,7.683,,,
[1758218453068519065],8.03,0.807,7.731,,,
[1758218453074234846],8.131,0.632,7.554,,,
[1758218453080027867],8.198,0.692,7.609,,,
[1758218453085688960],7.997,0.843,7.733,,,
[1758218453091443648],8.159,0.704,7.475,,,
[1758218453097270054],8.04,0.848,7.74,,,
[1758218453103746721],8.248,0.675,7.527,,,
[1758218453110381096],8.167,0.754,7.8,,,
[1758218453117162658],8.147,0.577,7.578,,,
[1758218453123618544],8.411,0.766,7.487,,,
[1758218453130161460],8.344,0.644,7.781,,,
[1758218453136623960],8.305,0.661,7.386,,,
[1758218453143078388],8.466,0.706,7.482,,,
[1758218453149509325],8.38,0.625,7.408,,,
[1758218453155984065],8.246,0.627,7.41,,,
[1758218453162465210],8.425,0.67,7.286,,,
[1758218453168925054],8.399,0.673,7.226,,,
[1758218453175474690],8.504,0.622,7.228,,,
[1758218453182016512],8.509,0.9,7.278,,,
[1758218453188471044],8.59,0.766,6.912,,,
[1758218453194937554],8.583,0.721,7.211,,,
[1758218453201477606],8.629,0.682,6.8,,,
[1758218453207886981],8.662,0.627,7.056,,,
[1758218453214334898],8.736,0.706,7.08,,,
[1758218453220840523],8.703,0.618,6.871,,,
[1758218453227312658],8.741,0.754,7.111,,,
[1758218453233792606],8.72,0.639,7.017,,,
[1758218453240263960],8.868,0.73,6.895,,,
[1758218453247018492],8.717,0.819,6.737,,,
[1758218453253511773],8.602,0.656,6.823,,,
[1758218453260106669],8.82,0.615,6.778,,,
[1758218453266582502],8.887,0.826,6.807,,,
[1758218453273261096],8.89,0.721,6.694,,,
[1758218453279778648],8.971,0.685,6.601,,,
[1758218453286285523],9.067,0.661,6.493,,,
[1758218453292836617],8.959,0.706,6.476,,,
[1758218453298948335],9.155,0.828,6.534,,,
[1758218453304730679],9.007,0.807,6.347,,,
[1758218453310087919],8.978,0.493,6.577,,,
[1758218453315789012],9.115,0.8,6.369,,,
[1758218453321934690],8.897,0.84,6.483,,,
[1758218453327804585],9.127,0.675,6.366,,,
[1758218453333762606],9.182,0.788,6.285,,,
[1758218453339706512],9.244,0.781,6.251,,,
[1758218453345560731],9.184,0.735,6.311,,,
[1758218453351433387],9.196,0.694,6.342,,,
[1758218453357283440],9.33,0.754,6.268,,,
[1758218453363131096],9.273,0.721,6.0,,,
[1758218453368969637],9.306,0.721,6.132,,,
[1758218453374779325],9.222,0.702,6.187,,,
[1758218453380810731],9.249,0.792,6.072,,,
[1758218453386740627],9.309,0.728,6.187,,,
[1758218453391807242],9.189,0.802,6.1,,,
[1758218453398026773],9.33,0.792,6.139,,,
[1758218453404559325],9.287,0.646,6.117,,,
[1758218453411599481],9.416,0.73,6.098,,,
[1758218453418130523],9.546,0.699,5.997,,,
[1758218453424655419],9.433,0.639,5.684,,,
[1758218453431195835],9.464,0.85,5.988,,,
[1758218453437738544],9.471,0.687,5.756,,,
[1758218453444241825],9.503,0.723,5.808,,,
[1758218453450847242],9.541,0.912,5.823,,,
[1758218453457351044],9.354,0.735,5.811,,,
[1758218453463895419],9.491,0.649,5.571,,,
[1758218453470485992],9.397,0.814,5.526,,,
[1758218453476965002],9.574,0.776,5.784,,,
[1758218453483522606],9.747,0.781,5.61,,,
[1758218453490051200],9.615,0.63,5.595,,,
[1758218453496425314],9.505,0.713,5.629,,,
[1758218453502879481],9.653,0.67,5.528,,,
[1758218453508807033],9.661,0.761,5.449,,,
[1758218453515223544],9.629,0.788,5.382,,,
[1758218453521888283],9.673,0.735,5.523,,,
[1758218453528260783],9.594,0.788,5.404,,,
[1758218453535088700],9.637,0.869,5.447,,,
[1758218453541653752],9.859,0.725,5.586,,,
[1758218453548425627],9.711,0.86,5.432,,,
[1758218453554105419],9.694,0.615,5.42,,,
[1758218453560893283],9.713,0.797,5.27,,,
[1758218453567342710],9.778,0.74,5.294,,,
[1758218453573799064],9.756,0.773,5.272,,,
[1758218453580380992],9.857,0.687,5.389,,,
[1758218453586813179],9.653,0.757,5.265,,,
[1758218453593586304],9.804,0.879,5.294,,,
[1758218453599789794],9.852,0.754,5.188,,,
[1758218453605565575],9.833,0.883,5.124,,,
[1758218453610948856],9.744,0.869,5.176,,,
[1758218453616736512],9.871,0.718,5.243,,,
[1758218453622633491],9.807,0.771,5.126,,,
[1758218453628400731],9.869,0.895,5.016,,,
[1758218453634112294],9.852,0.754,5.188,,,
[1758218453639903231],9.89,0.769,4.951,,,
[1758218453645754116],9.965,0.8,5.011,,,
[1758218453651501721],9.895,0.644,4.911,,,
[1758218453657289116],9.9,0.699,4.978,,,
[1758218453662989533],9.938,0.68,5.157,,,
[1758218453669051460],9.895,0.752,4.925,,,
[1758218453674957398],9.907,0.788,5.006,,,
[1758218453680615262],9.902,0.915,4.968,,,
[1758218453686386616],9.78,0.903,4.851,,,
[1758218453692111200],10.029,0.84,4.891,,,
[1758218453697876721],9.993,0.91,4.788,,,
[1758218453703539481],9.809,0.833,4.942,,,
[1758218453709256825],9.974,0.788,4.973,,,
[1758218453714954846],10.19,0.773,4.796,,,
[1758218453720825939],10.173,0.809,4.815,,,
[1758218453726460887],9.967,0.792,4.755,,,
[1758218453732213335],10.02,0.699,4.824,,,
[1758218453737989533],10.022,0.855,4.8,,,
[1758218453743623387],10.017,0.881,4.707,,,
[1758218453749594637],10.06,0.785,4.846,,,
[1758218453755274846],9.974,0.84,4.714,,,
[1758218453761140054],10.003,0.781,4.86,,,
[1758218453766849377],9.993,0.809,4.666,,,
[1758218453772506981],10.005,0.836,4.834,,,
[1758218453778251096],10.077,0.812,4.822,,,
[1758218453783910366],9.876,0.797,4.709,,,
[1758218453789892189],10.027,0.73,4.654,,,
[1758218453795669169],10.101,0.742,4.64,,,
[1758218453801980419],10.06,0.776,4.681,,,
[1758218453808408491],10.022,0.893,4.841,,,
[1758218453815043908],10.036,0.8,4.808,,,
[1758218453821564637],10.199,0.713,4.702,,,
[1758218453828010731],10.046,0.876,4.681,,,
[1758218453834433179],10.053,0.776,4.645,,,
[1758218453840816304],10.048,0.792,4.824,,,
[1758218453847204012],10.135,0.759,4.8,,,
[1758218453853785575],10.075,0.898,4.762,,,
[1758218453860342762],10.053,0.747,4.7,,,
[1758218453866685002],10.111,0.85,4.851,,,
[1758218453873443491],10.13,0.723,4.707,,,
[1758218453879883700],10.06,0.673,4.736,,,
[1758218453886350835],10.048,0.764,4.717,,,
[1758218453892725887],10.24,0.62,4.448,,,
[1758218453899120054],10.25,0.733,4.714,,,
[1758218453904888179],10.089,0.79,4.729,,,
[1758218453910717866],10.07,0.845,4.575,,,
[1758218453916399429],10.034,0.864,4.561,,,
[1758218453922149377],10.008,0.812,4.568,,,
[1758218453927916043],10.233,0.828,4.875,,,
[1758218453933599273],10.247,0.828,4.645,,,
[1758218453939357762],10.18,0.79,4.544,,,
[1758218453945025679],10.25,0.778,4.748,,,
[1758218453950933127],10.087,0.905,4.712,,,
[1758218453956766043],10.106,0.895,4.721,,,
[1758218453962381460],10.106,0.857,4.523,,,
[1758218453968038335],9.996,0.857,4.59,,,
[1758218453973777658],10.068,0.871,4.523,,,
[1758218453979072762],10.101,0.795,4.606,,,
[1758218453984635054],10.137,0.807,4.719,,,
[1758218453990362971],10.137,0.848,4.556,,,
[1758218453995876721],10.118,0.888,4.616,,,
[1758218454002106721],10.056,0.761,4.671,,,
[1758218454008492085],10.058,0.85,4.638,,,
[1758218454014645418],9.864,0.843,4.609,,,
[1758218454021365575],10.029,0.646,4.817,,,
[1758218454028148856],10.058,0.62,4.824,,,
[1758218454034626668],10.022,0.804,4.721,,,
[1758218454041006773],10.056,0.742,4.75,,,
[1758218454047314273],9.981,0.917,4.93,,,
[1758218454054066773],9.969,0.788,4.86,,,
[1758218454060394689],9.986,0.745,4.822,,,
[1758218454067043387],9.989,0.713,4.793,,,
[1758218454073588075],10.111,0.79,4.87,,,
[1758218454080176200],10.013,0.74,4.906,,,
[1758218454086590366],10.01,0.639,4.662,,,
[1758218454093053960],9.993,0.687,4.884,,,
[1758218454099881564],10.013,0.814,5.033,,,
[1758218454106372814],9.948,0.725,4.961,,,
[1758218454112838075],9.816,0.764,5.049,,,
[1758218454119286981],10.003,0.769,4.93,,,
[1758218454125807137],9.886,0.915,5.095,,,
[1758218454132460627],9.943,0.804,5.025,,,
[1758218454138907502],9.926,0.613,4.98,,,
[1758218454145216460],9.931,0.773,4.92,,,
[1758218454151757345],9.95,0.685,4.903,,,
[1758218454158396460],9.902,0.699,5.016,,,
[1758218454165063908],9.907,0.857,4.757,,,
[1758218454171483179],9.9,0.711,4.925,,,
[1758218454178242814],10.058,0.907,4.961,,,
[1758218454184696929],9.84,0.706,5.15,,,
[1758218454190526408],9.878,0.759,5.035,,,
[1758218454196201616],9.876,0.84,5.171,,,
[1758218454203008075],9.826,0.781,5.164,,,
[1758218454209570158],9.814,0.771,5.236,,,
[1758218454215985835],9.72,0.699,5.04,,,
[1758218454222648752],9.831,0.761,5.262,,,
[1758218454229203908],9.843,0.802,5.274,,,
[1758218454235683752],9.792,0.74,5.126,,,
[1758218454242165887],9.787,0.704,5.069,,,
[1758218454248759481],9.948,0.816,5.346,,,
[1758218454254934585],9.845,0.757,5.255,,,
[1758218454261687241],9.754,0.905,5.37,,,
[1758218454268300106],9.771,0.761,5.138,,,
[1758218454274890106],9.706,0.773,5.365,,,
[1758218454281297502],9.804,0.864,5.488,,,
[1758218454288026356],9.649,0.831,5.595,,,
[1758218454294373283],9.711,0.867,5.576,,,
[1758218454300798908],9.701,0.752,5.523,,,
[1758218454307339897],9.673,0.706,5.605,,,
