timestamp,x1,y1,z1,x2,y2,z2
[1758203798665707545],,,,-0.584,-0.417,9.91
[1758203798669391347],,,,-0.644,-0.393,9.787
[1758203798673078482],,,,-0.697,-0.278,9.811
[1758203798676797232],,,,-0.651,-0.235,9.687
[1758203798680478326],,,,-0.503,-0.175,9.704
[1758203798684163482],,,,-0.749,-0.381,9.888
[1758203798687881920],,,,-0.702,-0.316,9.795
[1758203798691591399],,,,-0.68,-0.172,9.886
[1758203798695279055],,,,-0.524,-0.335,9.9
[1758203798698958274],,,,-0.584,-0.268,9.699
[1758203798702639003],,,,-0.529,-0.184,9.9
[1758203798706323847],,,,-0.639,-0.316,9.787
[1758203798710403274],,,,-0.584,-0.338,9.792
[1758203798714112441],,,,-0.754,-0.402,9.797
[1758203798717853951],,,,-0.709,-0.204,9.95
[1758203798721528482],,,,-0.584,-0.441,9.823
[1758203798725221868],,,,-0.599,-0.35,9.898
[1758203798728889993],,,,-0.637,-0.369,9.838
[1758203798732576451],,,,-0.503,-0.426,9.778
[1758203798736261607],,,,-0.591,-0.22,9.876
[1758203798739929316],,,,-0.656,-0.364,9.845
[1758203798743601972],,,,-0.728,-0.352,9.816
[1758203798747309263],,,,-0.532,-0.235,9.778
[1758203798750996816],,,,-0.654,-0.283,9.795
[1758203798754826503],,,,-0.752,-0.299,9.934
[1758203798758524159],,,,-0.563,-0.338,9.728
[1758203798762203638],,,,-0.646,-0.357,9.833
[1758203798765952284],,,,-0.716,-0.254,9.864
[1758203798769626555],,,,-0.611,-0.22,9.747
[1758203798773298430],,,,-0.666,-0.29,9.895
[1758203798776982961],,,,-0.692,-0.345,9.926
[1758203798780651191],,,,-0.754,-0.17,9.649
[1758203798784329159],,,,-0.618,-0.283,9.855
[1758203798788058795],,,,-0.725,-0.335,9.941
[1758203798791737909],,,,-0.869,-0.362,9.708
[1758203798795424941],,,,-0.745,-0.342,9.989
[1758203798799106816],,,,-0.634,-0.261,9.737
[1758203798802785618],,,,-0.646,-0.431,9.948
[1758203798806481555],,,,-0.498,-0.299,9.905
[1758203798810165670],,,,-0.551,-0.321,9.91
[1758203798814785826],,,,-0.469,-0.359,9.799
[1758203798818797649],,,,-0.687,-0.515,9.878
[1758203798822599524],,,,-0.754,-0.35,9.967
[1758203798826287961],,,,-0.63,-0.371,9.665
[1758203798829953743],,,,-0.709,-0.318,9.833
[1758203798833632597],,,,-0.709,-0.318,9.862
[1758203798837332493],,,,-0.706,-0.309,9.747
[1758203798841001659],,,,-0.749,-0.244,9.747
[1758203798844718951],,,,-0.766,-0.338,9.814
[1758203798848442701],,,,-0.634,-0.29,9.907
[1758203798852118534],,,,-0.649,-0.271,9.917
[1758203798855833118],,,,-0.67,-0.326,9.766
[1758203798859527076],,,,-0.534,-0.388,9.967
[1758203798863293013],,,,-0.824,-0.211,9.783
[1758203798867053274],,,,-0.622,-0.16,9.797
[1758203798870735097],,,,-0.646,-0.419,9.826
[1758203798874453274],,,,-0.551,-0.328,9.79
[1758203798878768951],,,,-0.68,-0.283,9.735
[1758203798883941399],,,,-0.469,-0.407,9.749
[1758203798889077388],,,,-0.378,-0.388,9.704
[1758203798894207909],,,,-0.524,-0.278,9.926
[1758203798901407388],,,,-0.646,-0.29,9.754
[1758203798906603326],,,,-0.582,-0.28,9.632
[1758203798911756347],,,,-0.656,-0.385,9.5
[1758203798916994680],,,,-0.754,-0.215,9.919
[1758203798922735305],,,,-0.646,-0.385,9.735
[1758203798927911920],,,,-0.644,-0.22,9.723
[1758203798933038795],,,,-0.692,-0.34,9.907
[1758203798938231138],,,,-0.752,-0.294,9.606
[1758203798943510618],,,,-0.804,-0.29,9.737
[1758203798948652545],,,,-0.563,-0.45,9.699
[1758203798953765201],,,,-0.622,-0.208,9.711
[1758203798958882493],,,,-0.919,-0.321,9.615
[1758203798963993170],,,,-0.69,-0.199,9.735
[1758203798969207961],,,,-0.718,-0.359,9.783
[1758203798974361399],,,,-0.874,-0.326,9.771
[1758203798979540930],,,,-0.69,-0.232,9.946
[1758203798984726451],,,,-0.673,-0.362,9.682
[1758203798989950930],,,,-0.496,-0.45,9.689
[1758203798995075253],,,,-0.5,-0.287,9.737
[1758203799000211659],,,,-0.555,-0.309,9.764
[1758203799005327649],,,,-0.747,-0.299,9.711
[1758203799010455201],,,,-0.57,-0.275,9.814
[1758203799015570565],,,,-0.702,-0.359,9.776
[1758203799020803899],,,,-0.646,-0.275,9.718
[1758203799026479472],,,,-0.555,-0.318,9.732
[1758203799031753430],,,,-0.651,-0.314,9.761
[1758203799036873586],,,,-0.68,-0.362,9.699
[1758203799042021555],,,,-0.721,-0.28,9.732
[1758203799047195513],,,,-0.673,-0.201,9.931
[1758203799052330826],,,,-0.464,-0.184,9.759
[1758203799057464836],,,,-0.675,-0.378,9.804
[1758203799062639368],,,,-0.654,-0.285,9.855
[1758203799069065201],,,,-0.646,-0.223,9.814
[1758203799074343951],,,,-0.735,-0.409,9.855
[1758203799079505045],,,,-0.649,-0.287,9.728
[1758203799084639315],,,,-0.666,-0.359,9.768
[1758203799090336451],,,,-0.591,-0.304,9.845
[1758203799096092232],,,,-0.661,-0.294,9.756
[1758203799102712128],,,,-0.611,-0.326,9.718
[1758203799108370565],,,,-0.682,-0.338,9.895
[1758203799114860201],,,,-0.577,-0.306,9.5
[1758203799120544836],,,,-0.67,-0.34,9.704
[1758203799126646711],,,,-0.658,-0.35,9.682
[1758203799132895618],,,,-0.543,-0.29,9.653
[1758203799138772805],,,,-0.697,-0.294,9.776
[1758203799144500097],,,,-0.469,-0.388,9.723
[1758203799150993222],,,,-0.587,-0.311,9.797
[1758203799156268117],,,,-0.757,-0.17,9.689
[1758203799161502961],,,,-0.702,-0.29,9.632
[1758203799166728222],,,,-0.491,-0.34,9.867
[1758203799171854732],,,,-0.63,-0.354,9.694
[1758203799177037753],,,,-0.754,-0.17,9.783
[1758203799180951347],,,,-0.826,-0.45,9.737
[1758203799184686190],,,,-0.642,-0.215,9.697
[1758203799188368065],,,,-0.642,-0.311,9.816
[1758203799192050930],,,,-0.577,-0.395,9.864
[1758203799195769940],,,,-0.577,-0.283,9.814
[1758203799199441242],,,,-0.74,-0.426,9.826
[1758203799203134263],,,,-0.62,-0.23,9.84
[1758203799206933638],,,,-0.627,-0.323,9.728
[1758203799210611763],,,,-0.603,-0.33,9.857
[1758203799214288899],,,,-0.634,-0.352,9.857
[1758203799218047076],,,,-0.675,-0.433,9.874
[1758203799221729680],,,,-0.735,-0.306,9.957
[1758203799225440253],,,,-0.757,-0.182,9.876
[1758203799229116555],,,,-0.685,-0.235,9.845
[1758203799233855930],,,,-0.524,-0.189,9.943
[1758203799237738586],,,,-0.639,-0.208,9.67
[1758203799241551190],,,,-0.668,-0.347,9.898
[1758203799245240305],,,,-0.584,-0.235,9.871
[1758203799248911607],,,,-0.618,-0.326,9.9
[1758203799252575826],,,,-0.675,-0.081,9.905
[1758203799256272909],,,,-0.737,-0.278,9.831
[1758203799259955409],,,,-0.608,-0.28,9.946
[1758203799263642076],,,,-0.637,-0.46,9.874
[1758203799267387857],,,,-0.63,-0.362,9.883
[1758203799271073795],,,,-0.673,-0.283,9.946
[1758203799274827753],,,,-0.613,-0.326,9.737
[1758203799278529732],,,,-0.723,-0.227,9.73
[1758203799282317336],,,,-0.69,-0.369,9.914
[1758203799286015930],,,,-0.675,-0.338,10.01
[1758203799289683899],,,,-0.642,-0.414,9.816
[1758203799293354628],,,,-0.702,-0.268,9.871
[1758203799297051920],,,,-0.496,-0.328,9.938
[1758203799300720878],,,,-0.591,-0.254,9.857
[1758203799304388222],,,,-0.639,-0.271,9.857
[1758203799308091920],,,,-0.587,-0.287,9.747
[1758203799311780565],,,,-0.611,-0.266,9.747
[1758203799315559263],,,,-0.587,-0.45,9.74
[1758203799319228013],,,,-0.548,-0.328,9.852
[1758203799322904576],,,,-0.697,-0.426,9.957
[1758203799326580878],,,,-0.709,-0.381,9.9
[1758203799330250878],,,,-0.661,-0.302,9.78
[1758203799333920097],,,,-0.548,-0.328,9.926
[1758203799337629003],,,,-0.656,-0.268,9.768
[1758203799341555305],,,,-0.685,-0.321,9.749
[1758203799345355774],,,,-0.594,-0.266,9.682
[1758203799349080045],,,,-0.505,-0.323,9.594
[1758203799352756555],,,,-0.668,-0.345,10.015
[1758203799356461815],,,,-0.747,-0.297,9.838
[1758203799360132336],,,,-0.757,-0.345,9.673
[1758203799363812961],,,,-0.699,-0.326,9.924
[1758203799368384211],,,,-0.649,-0.352,9.685
[1758203799372195253],,,,-0.577,-0.369,9.708
[1758203799375913482],,,,-0.634,-0.196,10.099
[1758203799379595305],,,,-0.697,-0.321,9.838
[1758203799383271451],,,,-0.625,-0.271,9.665
[1758203799386966711],,,,-0.591,-0.232,9.744
[1758203799390639836],,,,-0.668,-0.311,9.946
[1758203799394315617],,,,-0.745,-0.402,9.795
[1758203799398000409],,,,-0.493,-0.18,9.72
[1758203799401668794],,,,-0.481,-0.199,9.888
[1758203799405379003],,,,-0.646,-0.184,9.859
[1758203799409074940],,,,-0.57,-0.433,9.888
[1758203799412842649],,,,-0.488,-0.192,9.924
[1758203799416592180],,,,-0.591,-0.316,9.943
[1758203799420264992],,,,-0.594,-0.302,9.957
[1758203799423941659],,,,-0.572,-0.448,9.905
[1758203799427634159],,,,-0.697,-0.417,9.835
[1758203799431308794],,,,-0.668,-0.218,9.898
[1758203799435053690],,,,-0.749,-0.223,9.917
[1758203799438732492],,,,-0.706,-0.242,9.85
[1758203799442410201],,,,-0.46,-0.393,9.828
[1758203799446436607],,,,-0.694,-0.457,9.783
[1758203799450238638],,,,-0.651,-0.383,9.816
[1758203799453927544],,,,-0.711,-0.213,9.764
[1758203799457609992],,,,-0.682,-0.204,9.831
[1758203799461285305],,,,-0.551,-0.211,9.886
[1758203799465071607],,,,-0.749,-0.443,9.799
[1758203799468756503],,,,-0.697,-0.342,9.998
[1758203799472431451],,,,-0.589,-0.359,9.78
[1758203799476118013],,,,-0.615,-0.402,9.953
[1758203799479793169],,,,-0.577,-0.204,9.972
[1758203799483468742],,,,-0.663,-0.35,9.895
[1758203799487178586],,,,-0.613,-0.335,9.67
[1758203799490925669],,,,-0.606,-0.199,9.895
[1758203799494657544],,,,-0.532,-0.294,9.869
[1758203799498348742],,,,-0.527,-0.35,10.104
[1758203799502025461],,,,-0.646,-0.347,9.728
[1758203799505721138],,,,-0.543,-0.273,9.783
[1758203799509398013],,,,-0.632,-0.407,9.948
[1758203799513075253],,,,-0.575,-0.213,9.814
[1758203799516819680],,,,-0.467,-0.259,9.895
[1758203799520485878],,,,-0.68,-0.369,9.816
[1758203799524152805],,,,-0.625,-0.457,9.78
[1758203799527861919],,,,-0.68,-0.309,9.783
[1758203799531535774],,,,-0.711,-0.299,9.826
[1758203799535215201],,,,-0.718,-0.45,9.809
[1758203799538885513],,,,-0.651,-0.287,10.001
[1758203799542557753],,,,-0.572,-0.292,9.953
[1758203799546246659],,,,-0.63,-0.33,9.938
[1758203799549916034],,,,-0.632,-0.316,9.787
[1758203799553863899],,,,-0.646,-0.424,9.869
[1758203799557656190],,,,-0.62,-0.237,9.91
[1758203799561379472],,,,-0.639,-0.275,9.811
[1758203799565142232],,,,-0.694,-0.412,9.898
[1758203799568824211],,,,-0.728,-0.263,9.802
[1758203799572508690],,,,-0.579,-0.362,9.855
[1758203799578778638],,,,-0.622,-0.314,9.653
[1758203799583650044],,,,-0.572,-0.311,9.823
[1758203799587645930],,,,-0.637,-0.29,9.785
[1758203799591551711],,,,-0.673,-0.249,9.809
[1758203799595676138],,,,-0.663,-0.309,9.819
[1758203799599581711],,,,-0.613,-0.345,9.843
[1758203799603496399],,,,-0.658,-0.292,9.864
[1758203799607702024],,,,-0.517,-0.335,9.766
[1758203799611614576],,,,-0.591,-0.316,9.867
[1758203799615609836],,,,-0.57,-0.376,9.713
[1758203799619484680],,,,-0.778,-0.261,9.869
[1758203799623390201],,,,-0.661,-0.259,9.826
[1758203799627693846],,,,-0.625,-0.354,9.732
[1758203799631401815],,,,-0.615,-0.316,9.819
[1758203799635152909],,,,-0.668,-0.158,9.852
[1758203799638935669],,,,-0.637,-0.302,9.713
[1758203799642618482],,,,-0.661,-0.373,9.67
[1758203799646316919],,,,-0.651,-0.297,10.106
[1758203799649985409],,,,-0.532,-0.318,9.787
[1758203799653670721],,,,-0.721,-0.354,9.838
[1758203799658174055],,,,-0.63,-0.402,9.67
[1758203799662034784],,,,-0.634,-0.33,9.764
[1758203799666604576],,,,-0.637,-0.192,9.732
[1758203799670683169],,,,-0.563,-0.445,9.919
[1758203799674462024],,,,-0.761,-0.259,9.852
[1758203799678180774],,,,-0.615,-0.285,10.001
[1758203799681861971],,,,-0.551,-0.347,9.969
[1758203799685555096],,,,-0.611,-0.225,9.859
[1758203799689228326],,,,-0.627,-0.433,9.807
[1758203799692904471],,,,-0.716,-0.4,9.685
[1758203799696600149],,,,-0.611,-0.33,9.735
[1758203799700267596],,,,-0.702,-0.256,9.967
[1758203799703934003],,,,-0.639,-0.397,9.742
[1758203799707690044],,,,-0.814,-0.304,9.685
[1758203799711410305],,,,-0.52,-0.417,9.924
[1758203799715251763],,,,-0.721,-0.285,9.823
[1758203799718942909],,,,-0.505,-0.35,9.941
[1758203799722618690],,,,-0.539,-0.172,9.653
[1758203799726339003],,,,-0.766,-0.426,9.936
[1758203799730013326],,,,-0.661,-0.33,9.795
[1758203799733692701],,,,-0.637,-0.335,9.706
[1758203799737377440],,,,-0.644,-0.429,9.768
[1758203799741054732],,,,-0.517,-0.33,9.764
[1758203799744785461],,,,-0.579,-0.321,9.946
[1758203799748485930],,,,-0.603,-0.35,9.871
[1758203799752171815],,,,-0.754,-0.306,9.771
[1758203799755926607],,,,-0.682,-0.225,9.847
[1758203799759601815],,,,-0.539,-0.031,9.9
[1758203799763279784],,,,-0.903,-0.412,10.025
[1758203799767028013],,,,-0.654,-0.314,9.867
[1758203799770709419],,,,-0.618,-0.158,9.886
[1758203799774461659],,,,-0.706,-0.211,9.886
[1758203799778519732],,,,-0.627,-0.359,9.735
[1758203799782308221],,,,-0.508,-0.266,9.843
[1758203799786002909],,,,-0.656,-0.316,9.929
[1758203799789679680],,,,-0.599,-0.163,9.89
[1758203799793348378],,,,-0.713,-0.287,9.998
[1758203799797063169],,,,-0.608,-0.294,9.847
[1758203799800735096],,,,-0.575,-0.256,9.835
[1758203799804444003],,,,-0.642,-0.299,9.902
[1758203799808138534],,,,-0.67,-0.29,9.756
[1758203799811831607],,,,-0.63,-0.259,10.075
[1758203799815597023],,,,-0.682,-0.168,9.876
[1758203799819278586],,,,-0.706,-0.263,9.704
[1758203799823022857],,,,-0.637,-0.333,9.78
[1758203799826766242],,,,-0.678,-0.256,9.934
[1758203799830433638],,,,-0.639,-0.189,9.895
[1758203799834105148],,,,-0.644,-0.371,9.778
[1758203799837809628],,,,-0.697,-0.378,9.766
[1758203799841481034],,,,-0.915,-0.266,9.754
[1758203799845165669],,,,-0.649,-0.184,9.871
[1758203799848875461],,,,-0.589,-0.17,9.9
[1758203799852551763],,,,-0.891,-0.206,9.744
[1758203799856269888],,,,-0.606,-0.237,9.84
[1758203799859938430],,,,-0.601,-0.352,9.883
[1758203799863619836],,,,-0.565,-0.34,9.922
[1758203799867356711],,,,-0.536,-0.268,9.881
[1758203799871036346],,,,-0.828,-0.342,9.9
[1758203799874779992],,,,-0.591,-0.45,9.747
[1758203799878457284],,,,-0.711,-0.369,9.809
[1758203799882538846],,,,-0.582,-0.311,9.828
[1758203799887857648],,,,-0.905,-0.309,9.819
[1758203799893025982],,,,-0.524,-0.292,9.799
[1758203799898168638],,,,-0.632,-0.311,9.713
[1758203799903274732],,,,-0.721,-0.215,9.68
[1758203799908412128],,,,-0.484,-0.294,9.725
[1758203799913534784],,,,-0.68,-0.215,9.761
[1758203799918729784],,,,-0.517,-0.278,9.711
[1758203799923864367],,,,-0.68,-0.175,9.701
[1758203799929144576],,,,-0.575,-0.247,9.725
[1758203799934334107],,,,-0.651,-0.163,9.749
[1758203799939480773],,,,-0.601,-0.201,9.79
[1758203799944595253],,,,-0.491,-0.254,9.658
[1758203799949745461],,,,-0.558,-0.345,9.711
[1758203799954864784],,,,-0.704,-0.33,9.804
[1758203799959983430],,,,-0.69,-0.328,9.893
[1758203799965112492],,,,-0.79,-0.247,9.701
[1758203799970359107],,,,-0.63,-0.254,9.768
[1758203799975454836],,,,-0.728,-0.299,9.766
[1758203799980567753],,,,-0.69,-0.299,9.548
[1758203799985821919],,,,-0.503,-0.524,9.936
[1758203799991425044],,,,-0.718,-0.342,9.795
[1758203799996699992],,,,-0.541,-0.237,9.811
[1758203800001842753],,,,-0.464,-0.242,9.668
[1758203800006982336],,,,-0.788,-0.395,9.641
[1758203800012109159],,,,-0.764,-0.247,9.632
[1758203800017306815],,,,-0.618,-0.388,9.653
[1758203800022427180],,,,-0.663,-0.29,9.735
[1758203800027577336],,,,-0.678,-0.299,9.718
[1758203800032739940],,,,-0.584,-0.448,9.847
[1758203800037971242],,,,-0.608,-0.175,9.677
[1758203800043098325],,,,-0.632,-0.326,9.673
[1758203800048236086],,,,-0.668,-0.316,9.73
[1758203800053343325],,,,-0.589,-0.237,9.929
[1758203800058463482],,,,-0.606,-0.302,9.661
[1758203800063608638],,,,-0.426,-0.457,9.754
[1758203800068853325],,,,-0.682,-0.426,9.668
[1758203800073975982],,,,-0.86,-0.266,9.747
[1758203800079104732],,,,-0.524,-0.419,9.804
[1758203800084214315],,,,-0.68,-0.206,9.807
[1758203800089357596],,,,-0.558,-0.273,9.804
[1758203800094837492],,,,-0.601,-0.237,9.85
[1758203800100093169],,,,-0.484,-0.283,9.814
[1758203800106711346],,,,-0.625,-0.364,9.72
[1758203800114237336],,,,-0.654,-0.455,9.799
[1758203800120823378],,,,-0.646,-0.237,9.946
[1758203800127041346],,,,-0.618,-0.23,9.838
[1758203800133592961],,,,-0.634,-0.259,9.706
[1758203800139255930],,,,-0.508,-0.28,9.886
[1758203800144627492],,,,-0.634,-0.271,9.675
[1758203800151151711],,,,-0.51,-0.388,9.766
[1758203800156844419],,,,-0.651,-0.299,9.579
[1758203800163308950],,,,-0.67,-0.366,9.9
[1758203800168874471],,,,-0.596,-0.352,9.639
[1758203800174014836],,,,-0.462,-0.192,9.79
[1758203800179199732],,,,-0.915,-0.333,9.955
[1758203800184342388],,,,-0.622,-0.453,9.893
[1758203800188232023],,,,-0.745,-0.23,9.819
[1758203800191918117],,,,-0.685,-0.304,9.926
[1758203800195617492],,,,-0.637,-0.304,9.833
[1758203800200670096],,,,-0.685,-0.436,9.874
[1758203800204681138],,,,-0.62,-0.318,9.67
[1758203800208518482],,,,-0.682,-0.17,9.874
[1758203800212205357],,,,-0.462,-0.244,9.804
[1758203800215955878],,,,-0.687,-0.251,9.823
[1758203800219634940],,,,-0.611,-0.373,10.027
[1758203800223306190],,,,-0.766,-0.165,9.843
[1758203800227005930],,,,-0.603,-0.259,9.883
[1758203800230677909],,,,-0.625,-0.302,9.682
[1758203800234350200],,,,-0.687,-0.196,9.876
[1758203800238023169],,,,-0.575,-0.256,9.826
[1758203800241694002],,,,-0.498,-0.347,9.902
[1758203800245401450],,,,-0.587,-0.419,9.823
[1758203800249154315],,,,-0.642,-0.23,9.72
[1758203800252825877],,,,-0.69,-0.316,9.843
[1758203800256558430],,,,-0.634,-0.347,9.852
[1758203800260236815],,,,-0.766,-0.397,9.828
[1758203800263907127],,,,-0.553,-0.297,9.814
[1758203800267658273],,,,-0.541,-0.263,9.747
[1758203800271372180],,,,-0.627,-0.39,9.68
[1758203800275079575],,,,-0.697,-0.345,9.728
[1758203800278755252],,,,-0.606,-0.256,9.917
[1758203800282433794],,,,-0.575,-0.158,9.957
[1758203800286143898],,,,-0.603,-0.345,9.888
[1758203800289815825],,,,-0.529,-0.271,9.974
[1758203800293487752],,,,-0.745,-0.385,9.993
[1758203800297200148],,,,-0.632,-0.321,9.922
[1758203800300882336],,,,-0.644,-0.294,9.811
[1758203800304596555],,,,-0.543,-0.223,9.965
[1758203800308613898],,,,-0.601,-0.438,9.744
[1758203800312408690],,,,-0.747,-0.457,9.749
[1758203800316172596],,,,-0.543,-0.194,9.95
[1758203800319848273],,,,-0.63,-0.314,9.881
[1758203800323568065],,,,-0.601,-0.316,9.922
[1758203800327284627],,,,-0.735,-0.287,9.766
[1758203800330965461],,,,-0.678,-0.263,9.816
[1758203800334686607],,,,-0.675,-0.278,9.823
[1758203800338372544],,,,-0.589,-0.297,9.996
[1758203800342053898],,,,-0.651,-0.342,9.797
[1758203800345764680],,,,-0.548,-0.45,9.888
[1758203800349461919],,,,-0.725,-0.199,9.85
[1758203800353281398],,,,-0.606,-0.263,9.68
[1758203800356994523],,,,-0.539,-0.311,9.819
[1758203800360668846],,,,-0.716,-0.156,9.754
[1758203800364353898],,,,-0.764,-0.316,9.826
[1758203800368102284],,,,-0.678,-0.278,9.871
[1758203800371780930],,,,-0.522,-0.292,9.725
[1758203800375479055],,,,-0.627,-0.182,9.732
[1758203800379155305],,,,-0.666,-0.304,9.855
[1758203800382832440],,,,-0.658,-0.18,9.819
[1758203800386550825],,,,-0.646,-0.321,9.888
[1758203800390231919],,,,-0.603,-0.273,9.78
[1758203800393920721],,,,-0.62,-0.309,9.735
[1758203800397687857],,,,-0.666,-0.177,9.819
[1758203800401401971],,,,-0.646,-0.316,9.948
[1758203800405097752],,,,-0.608,-0.254,9.795
[1758203800411916815],,,,-0.67,-0.359,9.598
[1758203800415805617],,,,-0.637,-0.316,9.747
[1758203800419595513],,,,-0.675,-0.364,9.764
[1758203800423274732],,,,-0.63,-0.283,9.936
[1758203800426968273],,,,-0.622,-0.275,9.914
[1758203800430644159],,,,-0.464,-0.215,9.78
[1758203800434318534],,,,-0.622,-0.342,9.845
[1758203800438019627],,,,-0.524,-0.266,9.996
[1758203800441702700],,,,-0.661,-0.433,9.668
[1758203800445384367],,,,-0.709,-0.302,9.867
[1758203800449068742],,,,-0.589,-0.278,9.668
[1758203800452750044],,,,-0.687,-0.371,9.823
[1758203800456463117],,,,-0.589,-0.333,9.857
[1758203800460154627],,,,-0.69,-0.235,9.773
[1758203800463920252],,,,-0.67,-0.215,9.833
[1758203800467678013],,,,-0.673,-0.362,9.792
[1758203800471382752],,,,-0.68,-0.354,9.876
[1758203800475082857],,,,-0.639,-0.436,9.869
[1758203800478753534],,,,-0.721,-0.194,9.965
[1758203800482428117],,,,-0.745,-0.314,9.737
[1758203800486109002],,,,-0.575,-0.306,9.871
[1758203800489780773],,,,-0.505,-0.263,9.809
[1758203800493461138],,,,-0.668,-0.35,9.742
[1758203800497168169],,,,-0.553,-0.283,9.974
[1758203800500860461],,,,-0.728,-0.431,9.888
[1758203800504610200],,,,-0.63,-0.304,9.89
[1758203800508307700],,,,-0.543,-0.256,9.761
[1758203800512010877],,,,-0.558,-0.323,9.725
[1758203800516039002],,,,-0.558,-0.283,9.809
[1758203800519832961],,,,-0.682,-0.326,9.874
[1758203800523521867],,,,-0.548,-0.311,10.022
[1758203800527229679],,,,-0.575,-0.259,9.914
[1758203800530901346],,,,-0.725,-0.182,9.821
[1758203800534607336],,,,-0.649,-0.33,9.969
[1758203800538309159],,,,-0.577,-0.333,9.814
[1758203800541994002],,,,-0.673,-0.381,10.072
[1758203800545691711],,,,-0.682,-0.17,9.943
[1758203800549367336],,,,-0.644,-0.261,9.953
[1758203800553058377],,,,-0.649,-0.273,9.955
[1758203800556768273],,,,-0.622,-0.182,9.871
[1758203800560524263],,,,-0.57,-0.318,9.96
[1758203800564219888],,,,-0.599,-0.266,9.919
[1758203800567973586],,,,-0.553,-0.318,9.838
[1758203800571649627],,,,-0.675,-0.232,9.953
[1758203800575345773],,,,-0.637,-0.271,9.833
[1758203800579021034],,,,-0.757,-0.187,9.85
[1758203800582694940],,,,-0.668,-0.256,9.821
[1758203800586371554],,,,-0.606,-0.328,9.905
[1758203800590044992],,,,-0.781,-0.278,9.785
[1758203800593731607],,,,-0.634,-0.302,9.831
[1758203800597984367],,,,-0.716,-0.34,9.787
[1758203800601901815],,,,-0.62,-0.436,9.764
[1758203800605843117],,,,-0.642,-0.273,9.785
[1758203800610619627],,,,-0.579,-0.33,9.749
[1758203800614674992],,,,-0.682,-0.266,9.785
[1758203800618679471],,,,-0.728,-0.33,9.838
[1758203800622840669],,,,-0.577,-0.268,9.826
[1758203800626797388],,,,-0.579,-0.326,9.838
[1758203800630704367],,,,-0.678,-0.244,9.914
[1758203800634651971],,,,-0.618,-0.33,9.704
[1758203800638591815],,,,-0.622,-0.369,9.646
[1758203800642345409],,,,-0.517,-0.443,9.847
[1758203800646062961],,,,-0.567,-0.381,9.931
[1758203800649743273],,,,-0.668,-0.256,9.845
[1758203800653424836],,,,-0.565,-0.287,9.816
[1758203800657183482],,,,-0.661,-0.314,9.713
[1758203800660977023],,,,-0.488,-0.429,9.821
[1758203800664745877],,,,-0.553,-0.376,9.744
[1758203800668488325],,,,-0.572,-0.304,9.907
[1758203800672171607],,,,-0.62,-0.338,9.84
[1758203800675880200],,,,-0.637,-0.237,9.984
[1758203800679550721],,,,-0.539,-0.304,9.807
[1758203800683237284],,,,-0.675,-0.168,9.74
[1758203800686941294],,,,-0.682,-0.433,9.685
[1758203800690609784],,,,-0.666,-0.196,9.893
[1758203800694293065],,,,-0.73,-0.455,9.955
[1758203800698028013],,,,-0.625,-0.192,9.833
[1758203800701787596],,,,-0.582,-0.342,9.843
[1758203800705501711],,,,-0.654,-0.364,9.665
[1758203800709181346],,,,-0.493,-0.433,9.864
[1758203800712864836],,,,-0.711,-0.371,9.692
[1758203800716621763],,,,-0.792,-0.34,9.749
[1758203800720302804],,,,-0.491,-0.4,9.852
[1758203800723992752],,,,-0.615,-0.395,9.795
[1758203800728698377],,,,-0.654,-0.388,9.735
[1758203800732628690],,,,-0.666,-0.275,9.749
[1758203800736347596],,,,-0.498,-0.168,9.881
[1758203800740037752],,,,-0.706,-0.158,9.673
[1758203800743711086],,,,-0.622,-0.287,9.809
[1758203800747416086],,,,-0.668,-0.172,9.811
[1758203800751092231],,,,-0.632,-0.278,9.948
[1758203800754809627],,,,-0.654,-0.342,9.768
[1758203800758491450],,,,-0.668,-0.433,9.957
[1758203800762183742],,,,-0.603,-0.302,9.73
[1758203800765950356],,,,-0.644,-0.271,9.802
[1758203800769628534],,,,-0.541,-0.278,9.771
[1758203800773341502],,,,-0.694,-0.335,9.776
[1758203800777126763],,,,-0.649,-0.362,9.792
[1758203800780814731],,,,-0.675,-0.244,9.783
[1758203800784575617],,,,-0.603,-0.373,9.675
[1758203800788296919],,,,-0.721,-0.29,9.838
[1758203800791964002],,,,-0.63,-0.273,9.962
[1758203800795641554],,,,-0.709,-0.247,9.749
[1758203800799314106],,,,-0.68,-0.429,9.929
[1758203800802975929],,,,-0.666,-0.292,9.974
[1758203800806684523],,,,-0.587,-0.244,9.764
[1758203800810353794],,,,-0.532,-0.201,9.85
[1758203800814028481],,,,-0.579,-0.352,9.876
[1758203800817789211],,,,-0.661,-0.297,9.759
[1758203800821473534],,,,-0.692,-0.429,9.898
[1758203800825174002],,,,-0.68,-0.306,9.759
[1758203800828852179],,,,-0.639,-0.407,9.713
[1758203800832971606],,,,-0.642,-0.283,9.84
[1758203800836772440],,,,-0.69,-0.342,9.89
[1758203800840456815],,,,-0.721,-0.177,9.847
[1758203800844141606],,,,-0.582,-0.28,10.036
[1758203800847833690],,,,-0.515,-0.393,9.787
[1758203800851529263],,,,-0.625,-0.426,9.618
[1758203800855252284],,,,-0.503,-0.261,9.692
[1758203800860172856],,,,-0.63,-0.321,9.653
[1758203800864892179],,,,-0.627,-0.311,9.651
[1758203800868712231],,,,-0.627,-0.306,9.953
[1758203800872387179],,,,-0.754,-0.373,9.869
[1758203800876072284],,,,-0.737,-0.239,9.902
[1758203800879745356],,,,-0.582,-0.357,9.761
[1758203800883412440],,,,-0.757,-0.268,9.888
[1758203800887103846],,,,-0.599,-0.287,9.807
[1758203800891145356],,,,-0.611,-0.259,9.934
[1758203800896397023],,,,-0.742,-0.17,9.701
[1758203800902755096],,,,-0.754,-0.381,9.778
[1758203800908723638],,,,-0.632,-0.318,9.622
[1758203800914606398],,,,-0.594,-0.251,9.804
[1758203800921024211],,,,-0.62,-0.352,9.517
[1758203800927497648],,,,-0.637,-0.326,9.847
[1758203800932763013],,,,-0.769,-0.371,9.55
[1758203800937912283],,,,-0.625,-0.335,9.74
[1758203800944327961],,,,-0.685,-0.385,9.543
[1758203800949562804],,,,-0.517,-0.242,9.752
[1758203800954724471],,,,-0.486,-0.259,9.73
[1758203800959866711],,,,-0.874,-0.271,9.787
[1758203800964999367],,,,-0.673,-0.316,9.792
[1758203800970238221],,,,-0.543,-0.153,9.773
[1758203800975385825],,,,-0.532,-0.309,9.74
[1758203800980525252],,,,-0.658,-0.412,9.632
[1758203800985723377],,,,-0.642,-0.213,9.706
[1758203800991009627],,,,-0.584,-0.369,9.682
[1758203800996195461],,,,-0.414,-0.251,9.79
[1758203801001285773],,,,-0.718,-0.299,9.55
[1758203801006509627],,,,-0.639,-0.388,9.742
[1758203801011649992],,,,-0.661,-0.259,9.847
[1758203801016863586],,,,-0.658,-0.304,9.821
[1758203801022423013],,,,-0.639,-0.251,9.737
[1758203801027568325],,,,-0.512,-0.34,9.778
[1758203801032692492],,,,-0.527,-0.412,9.838
[1758203801037848950],,,,-0.74,-0.156,9.89
[1758203801042981346],,,,-0.642,-0.33,9.699
[1758203801048464940],,,,-0.699,-0.342,9.804
[1758203801053667127],,,,-0.663,-0.314,9.725
[1758203801058844679],,,,-0.555,-0.314,9.72
[1758203801064000721],,,,-0.754,-0.335,9.802
[1758203801069282804],,,,-0.608,-0.232,9.797
[1758203801074459940],,,,-0.646,-0.158,9.792
[1758203801079624367],,,,-0.862,-0.194,9.699
[1758203801084733533],,,,-0.534,-0.208,9.802
[1758203801089849783],,,,-0.599,-0.34,9.706
[1758203801095003325],,,,-0.63,-0.283,9.697
[1758203801100246242],,,,-0.685,-0.254,9.627
[1758203801105403221],,,,-0.69,-0.357,9.522
[1758203801110639263],,,,-0.512,-0.268,9.677
[1758203801115865148],,,,-0.917,-0.45,9.661
[1758203801121066190],,,,-0.685,-0.335,9.78
[1758203801126260148],,,,-0.575,-0.309,9.902
[1758203801133187648],,,,-0.666,-0.266,9.754
[1758203801138863794],,,,-0.534,-0.333,9.778
[1758203801145350513],,,,-0.642,-0.261,9.905
[1758203801151097335],,,,-0.493,-0.271,9.759
[1758203801156880096],,,,-0.464,-0.261,9.543
[1758203801162467335],,,,-0.656,-0.283,9.661
[1758203801169044054],,,,-0.654,-0.273,9.653
[1758203801174754419],,,,-0.536,-0.383,9.749
[1758203801181400773],,,,-0.761,-0.333,9.759
[1758203801188055825],,,,-0.632,-0.309,9.591
[1758203801192958377],,,,-0.644,-0.448,9.79
[1758203801196738065],,,,-0.644,-0.299,9.895
[1758203801200410513],,,,-0.666,-0.218,9.96
[1758203801204086710],,,,-0.685,-0.402,10.072
[1758203801207796710],,,,-0.725,-0.393,9.773
[1758203801211471502],,,,-0.776,-0.287,9.778
[1758203801215198638],,,,-0.613,-0.287,9.857
[1758203801218872908],,,,-0.493,-0.371,9.809
[1758203801222549419],,,,-0.503,-0.196,9.795
[1758203801227108585],,,,-0.702,-0.194,9.601
[1758203801230844888],,,,-0.678,-0.309,9.867
[1758203801234705460],,,,-0.615,-0.364,9.859
[1758203801238419835],,,,-0.634,-0.323,9.991
[1758203801242105565],,,,-0.67,-0.163,9.845
[1758203801245838690],,,,-0.496,-0.333,9.845
[1758203801249527179],,,,-0.637,-0.381,9.754
[1758203801254150513],,,,-0.678,-0.239,9.931
[1758203801257975252],,,,-0.666,-0.306,9.85
[1758203801261738742],,,,-0.702,-0.268,9.845
[1758203801265443429],,,,-0.709,-0.294,9.728
[1758203801269117856],,,,-0.651,-0.163,10.041
[1758203801272795981],,,,-0.541,-0.371,9.802
[1758203801277430669],,,,-0.661,-0.16,9.716
[1758203801281221450],,,,-0.644,-0.448,9.936
[1758203801284944158],,,,-0.637,-0.402,9.886
[1758203801288606242],,,,-0.821,-0.304,9.708
[1758203801292280877],,,,-0.603,-0.297,9.756
[1758203801296004002],,,,-0.625,-0.338,9.919
[1758203801299688533],,,,-0.69,-0.316,9.823
[1758203801303363950],,,,-0.608,-0.271,9.881
[1758203801307056710],,,,-0.615,-0.328,9.941
[1758203801310736710],,,,-0.608,-0.268,9.797
[1758203801314470721],,,,-0.532,-0.17,9.785
[1758203801318211815],,,,-0.709,-0.335,9.914
[1758203801321984419],,,,-0.553,-0.338,9.902
[1758203801326007440],,,,-0.505,-0.266,9.778
[1758203801329713794],,,,-0.706,-0.371,9.943
[1758203801333377804],,,,-0.563,-0.46,9.941
[1758203801337054315],,,,-0.625,-0.306,9.744
[1758203801340713950],,,,-0.661,-0.273,9.747
[1758203801344431762],,,,-0.575,-0.33,9.819
[1758203801348137804],,,,-0.472,-0.223,9.914
[1758203801351818898],,,,-0.654,-0.385,9.771
[1758203801355518690],,,,-0.694,-0.294,9.747
[1758203801359193273],,,,-0.697,-0.309,9.768
[1758203801362875252],,,,-0.673,-0.263,9.783
[1758203801366578742],,,,-0.611,-0.309,9.919
[1758203801370272075],,,,-0.599,-0.326,9.922
[1758203801374049627],,,,-0.682,-0.299,9.843
[1758203801378082648],,,,-0.709,-0.299,9.72
[1758203801381789054],,,,-0.555,-0.347,9.823
[1758203801385499471],,,,-0.572,-0.453,9.876
[1758203801389179627],,,,-0.491,-0.17,9.799
[1758203801392859419],,,,-0.69,-0.268,9.84
[1758203801396551450],,,,-0.62,-0.16,9.84
[1758203801400231346],,,,-0.737,-0.455,9.967
[1758203801403909054],,,,-0.615,-0.326,9.658
[1758203801407602335],,,,-0.596,-0.316,9.855
[1758203801411281398],,,,-0.646,-0.156,9.85
[1758203801415039575],,,,-0.541,-0.393,9.843
[1758203801418758690],,,,-0.754,-0.316,9.694
[1758203801422704940],,,,-0.67,-0.271,9.838
[1758203801426486815],,,,-0.848,-0.311,9.955
[1758203801430175512],,,,-0.548,-0.33,9.814
[1758203801433859210],,,,-0.649,-0.254,9.843
[1758203801437556085],,,,-0.67,-0.366,10.051
[1758203801441222335],,,,-0.567,-0.314,9.991
[1758203801444967752],,,,-0.634,-0.33,9.946
[1758203801448646346],,,,-0.599,-0.235,9.759
[1758203801452332596],,,,-0.678,-0.4,9.902
[1758203801456063898],,,,-0.697,-0.373,9.862
[1758203801459735044],,,,-0.594,-0.204,9.831
[1758203801463419940],,,,-0.488,-0.187,9.754
[1758203801467184835],,,,-0.584,-0.318,9.754
[1758203801470860148],,,,-0.661,-0.215,9.78
[1758203801474625929],,,,-0.68,-0.247,9.857
[1758203801479488429],,,,-0.625,-0.302,9.723
[1758203801483294887],,,,-0.493,-0.28,9.816
[1758203801486999158],,,,-0.613,-0.318,9.893
[1758203801490678533],,,,-0.615,-0.156,10.008
[1758203801494356242],,,,-0.67,-0.187,9.689
[1758203801498060877],,,,-0.723,-0.306,9.819
[1758203801501741658],,,,-0.582,-0.335,9.749
[1758203801505432440],,,,-0.733,-0.409,9.869
[1758203801509109940],,,,-0.587,-0.263,9.881
[1758203801512784783],,,,-0.649,-0.263,9.893
[1758203801516495408],,,,-0.558,-0.46,9.876
[1758203801520185512],,,,-0.718,-0.333,9.893
[1758203801523961658],,,,-0.656,-0.237,9.867
[1758203801527724158],,,,-0.627,-0.187,9.699
[1758203801531425096],,,,-0.596,-0.409,9.989
[1758203801535134887],,,,-0.668,-0.201,9.828
[1758203801538808065],,,,-0.694,-0.292,9.888
[1758203801542483221],,,,-0.754,-0.359,9.771
[1758203801546177544],,,,-0.67,-0.297,9.802
[1758203801549856867],,,,-0.613,-0.326,10.072
[1758203801553581450],,,,-0.546,-0.259,9.857
[1758203801557336450],,,,-0.663,-0.251,9.833
[1758203801561010564],,,,-0.596,-0.268,9.622
[1758203801564714419],,,,-0.474,-0.35,10.07
[1758203801568393533],,,,-0.611,-0.287,9.639
[1758203801572079992],,,,-0.702,-0.278,9.768
[1758203801575831242],,,,-0.687,-0.441,9.735
[1758203801579522908],,,,-0.663,-0.206,9.869
[1758203801583463846],,,,-0.639,-0.321,9.883
[1758203801587261450],,,,-0.642,-0.249,9.663
[1758203801590943846],,,,-0.646,-0.419,9.941
[1758203801594661919],,,,-0.706,-0.204,9.893
[1758203801598394106],,,,-0.656,-0.251,9.855
[1758203801602064210],,,,-0.666,-0.347,9.72
[1758203801605761242],,,,-0.476,-0.29,9.893
[1758203801609429523],,,,-0.599,-0.287,9.857
[1758203801613133898],,,,-0.632,-0.249,9.855
[1758203801618010252],,,,-0.57,-0.29,9.658
[1758203801621996294],,,,-0.606,-0.299,9.742
[1758203801625969262],,,,-0.73,-0.309,9.735
[1758203801629876762],,,,-0.589,-0.314,9.766
[1758203801633771346],,,,-0.871,-0.16,9.905
[1758203801637696398],,,,-0.577,-0.285,9.917
[1758203801641587596],,,,-0.543,-0.457,9.871
[1758203801645500304],,,,-0.733,-0.338,9.761
[1758203801650252231],,,,-0.649,-0.347,9.744
[1758203801654220252],,,,-0.694,-0.335,9.773
[1758203801658094106],,,,-0.577,-0.28,9.984
[1758203801661768846],,,,-0.52,-0.218,9.831
[1758203801665455512],,,,-0.702,-0.354,9.749
[1758203801669117544],,,,-0.615,-0.373,9.9
[1758203801672787492],,,,-0.678,-0.28,9.874
[1758203801676559627],,,,-0.591,-0.364,9.907
[1758203801680241971],,,,-0.68,-0.388,9.881
[1758203801683927492],,,,-0.69,-0.311,9.819
[1758203801687885669],,,,-0.678,-0.306,9.871
[1758203801691646033],,,,-0.658,-0.326,9.977
[1758203801695492648],,,,-0.735,-0.242,9.754
[1758203801699176189],,,,-0.668,-0.266,9.845
[1758203801702855773],,,,-0.642,-0.263,9.74
[1758203801706566346],,,,-0.572,-0.304,9.89
[1758203801710233846],,,,-0.625,-0.268,9.859
[1758203801713912075],,,,-0.594,-0.28,10.053
[1758203801717627700],,,,-0.716,-0.393,9.946
[1758203801721301189],,,,-0.486,-0.311,9.886
[1758203801725072231],,,,-0.661,-0.261,9.931
[1758203801728755044],,,,-0.893,-0.16,9.888
[1758203801732444783],,,,-0.711,-0.18,9.747
[1758203801736264054],,,,-0.709,-0.34,9.759
[1758203801742293325],,,,-0.618,-0.35,9.711
[1758203801746224314],,,,-0.627,-0.28,9.653
[1758203801749909419],,,,-0.469,-0.172,9.79
[1758203801753581085],,,,-0.618,-0.306,9.929
[1758203801757289419],,,,-0.699,-0.239,9.845
[1758203801760979731],,,,-0.68,-0.292,9.881
[1758203801764697908],,,,-0.685,-0.326,9.888
[1758203801768384523],,,,-0.687,-0.306,9.84
[1758203801772048637],,,,-0.515,-0.249,9.694
[1758203801775735929],,,,-0.874,-0.455,9.759
[1758203801779412283],,,,-0.62,-0.328,9.802
[1758203801783136814],,,,-0.599,-0.448,10.087
[1758203801786924366],,,,-0.646,-0.373,9.919
[1758203801790680148],,,,-0.654,-0.309,9.828
[1758203801794750773],,,,-0.723,-0.306,9.759
[1758203801798537335],,,,-0.673,-0.237,9.699
[1758203801802221658],,,,-0.534,-0.342,9.905
[1758203801805915252],,,,-0.575,-0.405,9.862
[1758203801809600356],,,,-0.687,-0.302,9.969
[1758203801813273585],,,,-0.678,-0.316,9.876
[1758203801816968064],,,,-0.467,-0.227,10.051
[1758203801820635773],,,,-0.606,-0.376,9.85
[1758203801824309887],,,,-0.599,-0.33,9.658
[1758203801827986866],,,,-0.73,-0.352,10.048
[1758203801831668481],,,,-0.692,-0.294,9.845
[1758203801835446919],,,,-0.591,-0.33,9.847
[1758203801839218377],,,,-0.654,-0.46,9.931
[1758203801842891919],,,,-0.575,-0.345,9.9
[1758203801846571658],,,,-0.577,-0.278,9.74
[1758203801850241189],,,,-0.658,-0.225,9.735
[1758203801853920773],,,,-0.752,-0.239,9.931
[1758203801857677335],,,,-0.572,-0.225,9.795
[1758203801861380460],,,,-0.613,-0.381,9.831
[1758203801865077283],,,,-0.567,-0.35,9.953
[1758203801868747075],,,,-0.56,-0.192,9.795
[1758203801872417335],,,,-0.661,-0.323,10.096
[1758203801876095148],,,,-0.649,-0.18,9.907
[1758203801879762387],,,,-0.582,-0.302,9.826
[1758203801883443429],,,,-0.587,-0.251,9.855
[1758203801887211450],,,,-0.613,-0.409,9.936
[1758203801890885252],,,,-0.663,-0.28,9.62
[1758203801894600044],,,,-0.654,-0.342,9.79
[1758203801899580304],,,,-0.548,-0.393,9.687
[1758203801904862960],,,,-0.639,-0.256,9.634
[1758203801909978533],,,,-0.601,-0.388,9.776
[1758203801915116866],,,,-0.759,-0.223,9.737
[1758203801920267596],,,,-0.527,-0.345,9.759
[1758203801925391866],,,,-0.57,-0.314,9.852
[1758203801930523741],,,,-0.651,-0.371,9.783
[1758203801935696346],,,,-0.589,-0.254,9.742
[1758203801940951398],,,,-0.548,-0.429,9.725
[1758203801946217856],,,,-0.541,-0.328,9.778
[1758203801951364835],,,,-0.438,-0.304,9.72
[1758203801956519991],,,,-0.625,-0.34,9.852
[1758203801961634158],,,,-0.69,-0.309,9.692
[1758203801966763064],,,,-0.551,-0.215,9.864
[1758203801971910044],,,,-0.709,-0.412,9.728
[1758203801977090148],,,,-0.472,-0.227,9.95
[1758203801982222960],,,,-0.606,-0.239,9.883
[1758203801987424575],,,,-0.462,-0.366,9.725
[1758203801992548273],,,,-0.682,-0.409,9.689
[1758203801997687075],,,,-0.651,-0.273,9.795
[1758203802002840148],,,,-0.814,-0.304,9.864
[1758203802009368273],,,,-0.522,-0.421,9.713
[1758203802014709158],,,,-0.436,-0.328,9.819
[1758203802019822439],,,,-0.697,-0.33,9.9
[1758203802024921293],,,,-0.611,-0.201,9.352
[1758203802030067908],,,,-0.558,-0.208,9.986
[1758203802035214523],,,,-0.599,-0.105,9.651
[1758203802040407439],,,,-0.486,-0.247,9.634
[1758203802045526241],,,,-0.381,-0.211,9.687
[1758203802050671137],,,,-0.754,-0.309,10.048
[1758203802055998950],,,,-0.484,-0.376,9.268
[1758203802061214575],,,,-0.678,-0.172,9.869
[1758203802066420356],,,,-0.656,-0.17,9.9
[1758203802071563221],,,,-0.898,-0.395,9.725
[1758203802076719054],,,,-0.795,-0.371,9.761
[1758203802081854210],,,,-0.613,-0.311,9.867
[1758203802087098637],,,,-0.706,-0.328,9.515
[1758203802092226033],,,,-0.51,-0.373,9.864
[1758203802097417127],,,,-0.764,-0.304,9.816
[1758203802102618012],,,,-0.855,-0.414,9.622
[1758203802107813012],,,,-0.888,-0.249,9.677
[1758203802113474575],,,,-0.702,-0.261,9.847
[1758203802118797439],,,,-0.601,-0.194,9.917
[1758203802123936762],,,,-0.587,-0.196,9.804
[1758203802129068325],,,,-0.56,-0.215,9.823
[1758203802134195564],,,,-0.589,-0.417,9.821
[1758203802139414679],,,,-0.694,-0.397,9.658
[1758203802144528533],,,,-0.816,-0.385,9.79
[1758203802151152960],,,,-0.761,-0.448,9.668
[1758203802156944731],,,,-0.639,-0.383,9.914
[1758203802163409991],,,,-0.491,-0.395,9.608
[1758203802169015356],,,,-0.606,-0.215,9.692
[1758203802174413116],,,,-0.371,-0.225,9.802
[1758203802180194262],,,,-0.625,-0.328,9.72
[1758203802186693533],,,,-0.661,-0.378,9.852
[1758203802192437127],,,,-0.673,-0.256,9.61
[1758203802198076606],,,,-0.599,-0.347,9.716
[1758203802202042491],,,,-0.639,-0.34,9.732
[1758203802205975200],,,,-0.699,-0.271,9.785
[1758203802209881450],,,,-0.668,-0.342,9.73
[1758203802213652127],,,,-0.68,-0.366,9.663
[1758203802218758012],,,,-0.685,-0.309,9.833
[1758203802222621710],,,,-0.737,-0.34,9.929
[1758203802226440929],,,,-0.685,-0.213,9.917
[1758203802230113168],,,,-0.453,-0.376,9.859
[1758203802233797908],,,,-0.725,-0.309,9.823
[1758203802237827023],,,,-0.508,-0.235,9.728
[1758203802241525616],,,,-0.56,-0.318,9.735
[1758203802245238273],,,,-0.529,-0.268,9.874
[1758203802248908116],,,,-0.558,-0.453,9.902
[1758203802252575720],,,,-0.479,-0.177,9.735
[1758203802256329314],,,,-0.579,-0.239,9.732
[1758203802259997335],,,,-0.584,-0.194,9.742
[1758203802263665252],,,,-0.567,-0.359,9.682
[1758203802267332804],,,,-0.702,-0.357,9.972
[1758203802270992387],,,,-0.572,-0.445,9.773
[1758203802274727335],,,,-0.484,-0.433,9.735
[1758203802278420668],,,,-0.579,-0.383,9.993
[1758203802282169679],,,,-0.622,-0.376,9.747
[1758203802285915356],,,,-0.666,-0.34,9.912
[1758203802289594002],,,,-0.479,-0.275,9.79
[1758203802293274366],,,,-0.668,-0.333,9.699
[1758203802296976293],,,,-0.816,-0.366,9.888
[1758203802300645564],,,,-0.73,-0.189,9.852
[1758203802304313273],,,,-0.567,-0.311,9.79
[1758203802308008637],,,,-0.675,-0.275,10.068
[1758203802311685200],,,,-0.644,-0.393,9.938
[1758203802315383429],,,,-0.611,-0.302,9.89
[1758203802319063429],,,,-0.661,-0.318,9.814
[1758203802322776189],,,,-0.584,-0.199,9.934
[1758203802326721293],,,,-0.627,-0.196,9.682
[1758203802330464470],,,,-0.479,-0.285,9.838
[1758203802334150408],,,,-0.649,-0.302,9.766
[1758203802337901606],,,,-0.709,-0.407,9.771
[1758203802341574054],,,,-0.527,-0.285,9.845
[1758203802345272179],,,,-0.661,-0.455,9.706
[1758203802348939939],,,,-0.711,-0.35,9.79
[1758203802352602283],,,,-0.57,-0.318,9.91
[1758203802356293064],,,,-0.546,-0.237,9.644
[1758203802359958741],,,,-0.706,-0.211,9.883
[1758203802363634002],,,,-0.56,-0.285,9.785
[1758203802367355929],,,,-0.603,-0.239,9.764
[1758203802371110252],,,,-0.553,-0.268,9.9
[1758203802374849575],,,,-0.565,-0.304,9.804
[1758203802378524783],,,,-0.546,-0.35,9.871
[1758203802382197752],,,,-0.491,-0.34,9.835
[1758203802387407335],,,,-0.644,-0.306,9.89
[1758203802391544627],,,,-0.656,-0.28,9.785
[1758203802395251918],,,,-0.658,-0.28,9.869
[1758203802398923377],,,,-0.496,-0.345,9.826
[1758203802402597595],,,,-0.692,-0.263,9.752
[1758203802406281398],,,,-0.503,-0.424,9.735
[1758203802409950252],,,,-0.639,-0.215,9.95
[1758203802413621502],,,,-0.57,-0.309,9.871
[1758203802417298273],,,,-0.613,-0.441,9.785
[1758203802420969106],,,,-0.764,-0.232,9.943
[1758203802424699106],,,,-0.649,-0.275,9.95
[1758203802428397908],,,,-0.627,-0.321,9.9
[1758203802432472700],,,,-0.709,-0.278,9.859
[1758203802436287127],,,,-0.713,-0.242,9.878
[1758203802439960512],,,,-0.541,-0.345,9.682
[1758203802443634054],,,,-0.572,-0.223,9.855
[1758203802447324887],,,,-0.632,-0.364,9.807
[1758203802450996814],,,,-0.512,-0.309,9.728
[1758203802454708481],,,,-0.721,-0.201,9.744
[1758203802458396554],,,,-0.572,-0.297,9.711
[1758203802462077543],,,,-0.517,-0.294,9.675
[1758203802465791450],,,,-0.512,-0.376,9.682
[1758203802469454991],,,,-0.543,-0.29,9.821
[1758203802473142179],,,,-0.718,-0.268,9.95
[1758203802476900408],,,,-0.666,-0.261,9.922
[1758203802480572908],,,,-0.661,-0.28,9.687
[1758203802484250825],,,,-0.565,-0.426,9.852
[1758203802488001970],,,,-0.654,-0.381,9.869
[1758203802491682647],,,,-0.627,-0.364,9.737
[1758203802495375460],,,,-0.565,-0.381,9.68
[1758203802499054522],,,,-0.675,-0.39,9.85
[1758203802502741658],,,,-0.692,-0.261,9.826
[1758203802506437387],,,,-0.673,-0.256,9.809
[1758203802510106710],,,,-0.692,-0.323,9.653
[1758203802513777543],,,,-0.646,-0.29,9.871
[1758203802517451345],,,,-0.685,-0.33,9.78
[1758203802521117231],,,,-0.488,-0.235,9.95
[1758203802524835512],,,,-0.563,-0.302,9.864
[1758203802528505720],,,,-0.615,-0.321,9.871
[1758203802532259262],,,,-0.625,-0.421,9.886
[1758203802536297387],,,,-0.692,-0.227,9.871
[1758203802540085877],,,,-0.678,-0.342,9.819
[1758203802543778741],,,,-0.778,-0.4,9.749
[1758203802547471502],,,,-0.62,-0.268,9.682
[1758203802551133897],,,,-0.757,-0.388,9.826
[1758203802555665512],,,,-0.587,-0.278,9.809
[1758203802559382231],,,,-0.644,-0.271,9.787
[1758203802563152231],,,,-0.596,-0.232,9.835
[1758203802566833585],,,,-0.611,-0.23,9.799
[1758203802570492387],,,,-0.8,-0.175,9.936
[1758203802574148168],,,,-0.673,-0.208,9.96
[1758203802577845720],,,,-0.67,-0.316,9.886
[1758203802581517752],,,,-0.654,-0.328,9.823
[1758203802585262283],,,,-0.687,-0.263,9.819
[1758203802588930408],,,,-0.56,-0.285,9.888
[1758203802592599783],,,,-0.527,-0.242,9.855
[1758203802596335252],,,,-0.534,-0.436,9.883
[1758203802600054366],,,,-0.618,-0.244,9.85
[1758203802603730356],,,,-0.532,-0.33,9.84
[1758203802607496189],,,,-0.627,-0.208,9.799
[1758203802611170512],,,,-0.759,-0.206,9.953
[1758203802614889887],,,,-0.658,-0.247,9.934
[1758203802618549470],,,,-0.606,-0.587,9.809
[1758203802622209575],,,,-0.663,-0.318,9.847
[1758203802625891970],,,,-0.565,-0.297,9.912
[1758203802630080356],,,,-0.661,-0.275,9.742
[1758203802634031085],,,,-0.594,-0.333,9.689
[1758203802638016970],,,,-0.63,-0.362,9.689
[1758203802642217387],,,,-0.493,-0.22,9.843
[1758203802646167595],,,,-0.632,-0.318,9.795
[1758203802650091710],,,,-0.572,-0.242,9.816
[1758203802654014939],,,,-0.685,-0.342,9.759
[1758203802657939679],,,,-0.524,-0.201,9.85
[1758203802661843533],,,,-0.661,-0.352,9.78
[1758203802666686814],,,,-0.553,-0.436,9.783
[1758203802671525356],,,,-0.601,-0.335,9.776
[1758203802675357283],,,,-0.651,-0.448,9.799
[1758203802679029939],,,,-0.742,-0.302,9.737
[1758203802682710929],,,,-0.546,-0.254,9.864
[1758203802686428324],,,,-0.613,-0.256,9.864
[1758203802690103272],,,,-0.792,-0.309,10.032
[1758203802693790095],,,,-0.649,-0.369,9.91
[1758203802698396918],,,,-0.606,-0.45,9.737
[1758203802702183116],,,,-0.752,-0.273,9.934
[1758203802705888533],,,,-0.646,-0.373,9.704
[1758203802709551918],,,,-0.5,-0.283,9.938
[1758203802713227752],,,,-0.62,-0.244,9.699
[1758203802716931449],,,,-0.718,-0.28,9.649
[1758203802720599106],,,,-0.73,-0.354,9.78
[1758203802724259939],,,,-0.654,-0.318,9.969
[1758203802727953845],,,,-0.673,-0.369,9.874
[1758203802731621241],,,,-0.68,-0.539,9.718
[1758203802735347335],,,,-0.816,-0.235,9.957
[1758203802739019939],,,,-0.649,-0.292,9.919
[1758203802742971866],,,,-0.656,-0.402,9.84
[1758203802747491137],,,,-0.661,-0.342,9.986
[1758203802751322543],,,,-0.757,-0.323,9.725
[1758203802755435512],,,,-0.675,-0.46,9.797
[1758203802759156345],,,,-0.687,-0.326,9.819
[1758203802762826189],,,,-0.771,-0.256,9.764
[1758203802766516137],,,,-0.678,-0.407,9.747
[1758203802770187022],,,,-0.742,-0.385,9.857
[1758203802773863949],,,,-0.594,-0.278,9.838
[1758203802777559574],,,,-0.587,-0.326,9.878
[1758203802781234210],,,,-0.625,-0.35,10.025
[1758203802784975356],,,,-0.632,-0.402,10.47
[1758203802788654314],,,,-0.725,-0.46,9.855
[1758203802792350824],,,,-0.596,-0.378,9.644
[1758203802796229939],,,,-0.409,-0.354,8.861
[1758203802799915564],,,,-0.268,-0.407,9.189
[1758203802803592022],,,,-0.175,-0.438,9.668
[1758203802807268272],,,,-0.223,-0.493,9.718
[1758203802810930772],,,,-0.436,-0.57,10.017
[1758203802814644731],,,,-0.35,-0.402,10.063
[1758203802818349679],,,,-0.17,-0.572,10.032
[1758203802822048324],,,,-0.541,-0.579,10.068
[1758203802825729366],,,,-0.512,-0.606,10.046
[1758203802829395147],,,,-0.725,-0.682,10.42
[1758203802833069522],,,,-0.618,-0.646,9.924
[1758203802836883220],,,,-0.527,-0.584,9.89
[1758203802840557960],,,,-0.472,-0.711,9.79
[1758203802844230460],,,,-0.39,-0.575,9.596
[1758203802847963845],,,,-0.493,-0.615,9.558
[1758203802851648897],,,,-0.551,-0.524,9.481
[1758203802855349418],,,,-0.651,-0.565,9.491
[1758203802859297960],,,,-0.52,-0.555,9.428
[1758203802863076762],,,,-0.567,-0.443,9.519
[1758203802866777283],,,,-0.539,-0.551,9.682
[1758203802870441397],,,,-0.469,-0.376,9.886
[1758203802874111293],,,,-0.407,-0.316,9.845
[1758203802877808845],,,,-0.558,-0.421,9.761
[1758203802881483845],,,,-0.548,-0.35,10.005
[1758203802885174158],,,,-0.563,-0.347,10.099
[1758203802888835147],,,,-0.532,-0.407,9.785
[1758203802892514783],,,,-0.524,-0.292,10.096
[1758203802896296710],,,,-0.599,-0.397,9.986
[1758203802899973637],,,,-0.666,-0.345,9.979
[1758203802903942751],,,,-0.754,-0.395,9.799
[1758203802909202283],,,,-0.807,-0.467,9.56
[1758203802914320720],,,,-0.895,-0.45,9.665
[1758203802919450304],,,,-0.718,-0.553,9.68
[1758203802924552231],,,,-0.958,-0.4,9.687
[1758203802931785720],,,,-0.962,-0.352,9.744
[1758203802937316762],,,,-0.848,-0.218,9.735
[1758203802942478481],,,,-0.934,-0.077,9.811
[1758203802947683220],,,,-0.893,0.091,9.766
[1758203802952795668],,,,-0.826,-0.048,9.876
[1758203802957914522],,,,-0.809,0.077,9.785
[1758203802963025720],,,,-0.922,0.034,9.893
[1758203802968492491],,,,-0.96,0.117,9.938
[1758203802973669054],,,,-0.958,0.101,9.847
[1758203802978828220],,,,-1.065,0.043,9.764
[1758203802983960460],,,,-1.039,0.117,9.965
[1758203802989244470],,,,-1.006,0.196,9.041
[1758203802994374054],,,,-0.962,0.124,9.45
[1758203802999589574],,,,-1.053,0.206,9.641
[1758203803004713949],,,,-0.924,0.026,9.548
[1758203803009871501],,,,-1.015,0.086,9.902
[1758203803014986710],,,,-1.013,0.261,9.85
[1758203803020144626],,,,-1.068,0.28,9.493
[1758203803025289626],,,,-0.989,0.316,10.005
[1758203803030524522],,,,-0.783,0.244,9.512
[1758203803035698481],,,,-1.025,0.244,9.878
[1758203803040808637],,,,-0.86,0.263,9.761
[1758203803046002647],,,,-0.888,0.12,9.859
[1758203803051214158],,,,-0.953,-0.115,9.38
[1758203803056398168],,,,-0.919,-0.153,9.91
[1758203803061514991],,,,-0.759,-0.318,9.577
[1758203803066657647],,,,-0.836,-0.287,9.902
[1758203803072301345],,,,-0.881,-0.187,9.632
[1758203803077563689],,,,-0.843,-0.35,9.819
[1758203803082682387],,,,-0.675,-0.512,9.776
[1758203803087828793],,,,-0.618,-0.359,9.665
[1758203803092951189],,,,-0.56,-0.431,9.649
[1758203803098203689],,,,-0.498,-0.397,9.711
[1758203803103338585],,,,-0.414,-0.522,9.797
[1758203803108522647],,,,-0.362,-0.39,9.792
[1758203803113662178],,,,-0.302,-0.345,9.831
[1758203803118880460],,,,-0.215,-0.493,9.787
[1758203803124024366],,,,-0.254,-0.541,9.687
[1758203803129148533],,,,-0.345,-0.692,9.799
[1758203803134265616],,,,-0.211,-0.46,9.833
[1758203803139436710],,,,-0.441,-0.632,9.718
[1758203803144572699],,,,-0.472,-0.728,9.912
[1758203803149786137],,,,-0.376,-0.642,9.778
[1758203803154912699],,,,-0.376,-0.704,9.907
[1758203803160066866],,,,-0.431,-0.632,9.797
[1758203803165780981],,,,-0.302,-0.649,9.761
[1758203803171470199],,,,-0.357,-0.69,9.828
[1758203803178231658],,,,-0.345,-0.759,9.759
[1758203803184863897],,,,-0.364,-0.692,9.821
[1758203803191555876],,,,-0.273,-0.668,9.704
[1758203803197189262],,,,-0.266,-0.606,9.574
[1758203803203624783],,,,-0.304,-0.611,9.847
[1758203803209699678],,,,-0.35,-0.697,9.689
[1758203803214559262],,,,-0.271,-0.668,9.706
[1758203803219339366],,,,-0.429,-0.579,9.718
[1758203803224066501],,,,-0.412,-0.462,9.754
[1758203803228629574],,,,-0.359,-0.73,9.584
[1758203803233146606],,,,-0.393,-0.74,9.845
[1758203803237704939],,,,-0.385,-0.603,9.732
[1758203803242228845],,,,-0.306,-0.56,9.876
[1758203803246765512],,,,-0.321,-0.565,9.708
[1758203803251307439],,,,-0.373,-0.642,9.816
[1758203803256058637],,,,-0.527,-0.5,9.783
[1758203803260585356],,,,-0.582,-0.457,9.931
[1758203803265100460],,,,-0.472,-0.443,9.898
[1758203803269645616],,,,-0.469,-0.56,9.831
[1758203803274164991],,,,-0.546,-0.424,9.833
[1758203803279168324],,,,-0.658,-0.35,9.673
[1758203803283806085],,,,-0.678,-0.364,9.826
[1758203803288375408],,,,-0.579,-0.28,9.697
[1758203803292901918],,,,-0.472,-0.311,9.725
[1758203803297496345],,,,-0.69,-0.206,9.773
[1758203803302030980],,,,-0.747,-0.139,9.682
[1758203803306985772],,,,-0.67,-0.031,9.912
[1758203803312156762],,,,-0.8,-0.134,9.804
[1758203803317327074],,,,-0.771,-0.113,9.708
[1758203803322470147],,,,-0.816,-0.113,9.78
[1758203803327715772],,,,-0.833,-0.081,9.589
[1758203803332838012],,,,-0.804,-0.084,9.867
[1758203803337982074],,,,-0.943,-0.129,9.78
[1758203803343090720],,,,-0.989,0.057,9.91
[1758203803348219001],,,,-0.862,-0.103,9.895
[1758203803353353376],,,,-0.876,0.105,9.74
[1758203803358578168],,,,-0.747,0.086,9.754
[1758203803363688897],,,,-0.888,-0.029,9.742
[1758203803368807230],,,,-0.907,0.002,9.658
[1758203803373917283],,,,-0.876,0.079,9.656
[1758203803379052387],,,,-0.905,-0.048,9.761
[1758203803384595095],,,,-0.836,-0.079,9.792
[1758203803389870199],,,,-0.9,-0.036,9.728
[1758203803395061189],,,,-0.869,0.053,9.68
[1758203803400205928],,,,-1.056,-0.036,9.79
[1758203803405372283],,,,-0.891,-0.144,9.697
[1758203803410596866],,,,-0.848,-0.129,9.9
[1758203803415771085],,,,-0.915,-0.06,9.74
[1758203803420922283],,,,-0.788,-0.01,9.704
[1758203803426196033],,,,-0.843,-0.06,9.697
[1758203803431479262],,,,-0.826,-0.069,9.653
[1758203803436622543],,,,-0.503,-0.268,9.807
[1758203803441733168],,,,-0.642,-0.043,9.838
[1758203803446882855],,,,-0.637,-0.213,9.725
[1758203803452044210],,,,-0.74,-0.259,9.735
[1758203803457257543],,,,-0.508,-0.551,9.955
[1758203803462397387],,,,-0.517,-0.33,9.744
[1758203803467568585],,,,-0.481,-0.287,9.797
[1758203803472718168],,,,-0.747,-0.366,9.752
[1758203803477844366],,,,-0.711,-0.448,9.811
[1758203803482956866],,,,-0.67,-0.393,9.821
[1758203803488081501],,,,-0.5,-0.563,9.744
[1758203803493615928],,,,-0.599,-0.508,9.708
[1758203803498876293],,,,-0.421,-0.555,9.608
[1758203803504022751],,,,-0.529,-0.534,9.718
[1758203803509270512],,,,-0.362,-0.46,9.732
[1758203803514474210],,,,-0.426,-0.486,10.108
[1758203803519635668],,,,-0.484,-0.508,9.898
[1758203803524742803],,,,-0.481,-0.625,9.68
[1758203803529885668],,,,-0.323,-0.51,9.902
[1758203803535015512],,,,-0.611,-0.5,9.761
[1758203803540273897],,,,-0.486,-0.599,9.95
[1758203803545386085],,,,-0.441,-0.539,9.79
[1758203803550516189],,,,-0.407,-0.546,9.833
[1758203803555695928],,,,-0.311,-0.567,9.785
[1758203803560947022],,,,-0.599,-0.357,9.72
[1758203803566200772],,,,-0.421,-0.448,9.644
[1758203803571376293],,,,-0.464,-0.491,9.697
[1758203803576544574],,,,-0.46,-0.539,9.656
[1758203803581664418],,,,-0.381,-0.333,9.718
[1758203803586792543],,,,-0.491,-0.596,9.78
[1758203803591907803],,,,-0.366,-0.51,9.644
[1758203803597650303],,,,-0.419,-0.522,9.756
[1758203803602956241],,,,-0.558,-0.328,9.773
[1758203803608229626],,,,-0.373,-0.433,9.74
[1758203803613371137],,,,-0.548,-0.314,9.653
[1758203803618529991],,,,-0.622,-0.445,9.711
[1758203803623653220],,,,-0.702,-0.57,9.802
[1758203803628778272],,,,-0.56,-0.345,9.663
[1758203803633913689],,,,-0.699,-0.443,9.725
[1758203803639087803],,,,-0.68,-0.163,9.675
[1758203803644234262],,,,-0.716,-0.347,9.929
[1758203803649469626],,,,-0.565,-0.311,9.804
[1758203803654607595],,,,-0.472,-0.417,9.543
[1758203803659814522],,,,-0.462,-0.172,9.773
[1758203803679427074],,,,-0.723,-0.266,9.622
[1758203803684574053],,,,-0.642,-0.192,9.651
[1758203803689724626],,,,-0.773,-0.074,9.795
[1758203803694883585],,,,-0.754,-0.036,9.708
[1758203803700168064],,,,-0.668,-0.172,9.708
[1758203803706845043],,,,-0.742,-0.163,9.833
[1758203803712241605],,,,-0.503,-0.204,9.747
[1758203803717720043],,,,-0.733,-0.232,9.776
[1758203803722839262],,,,-0.781,-0.306,9.773
[1758203803727999001],,,,-0.649,-0.206,9.725
[1758203803733132335],,,,-0.654,-0.029,9.9
[1758203803738257178],,,,-0.694,-0.299,9.694
[1758203803743387387],,,,-0.632,-0.292,9.646
[1758203803748618220],,,,-0.864,-0.124,9.704
[1758203803753844782],,,,-0.8,-0.283,9.79
[1758203803759134782],,,,-0.663,-0.28,9.577
[1758203803764262074],,,,-0.737,-0.357,9.677
[1758203803769424105],,,,-0.867,-0.213,9.787
[1758203803774541970],,,,-0.879,-0.062,9.704
[1758203803779659366],,,,-0.737,-0.251,9.701
[1758203803784783689],,,,-0.9,-0.227,9.761
[1758203803789940668],,,,-0.927,-0.215,9.582
[1758203803795092074],,,,-0.754,-0.275,9.754
[1758203803800326918],,,,-0.898,-0.227,9.811
[1758203803805465459],,,,-0.663,-0.156,9.819
[1758203803810705512],,,,-0.898,-0.18,9.857
[1758203803818214626],,,,-0.704,-0.254,9.644
[1758203803824852074],,,,-0.656,-0.275,9.706
[1758203803830657855],,,,-0.555,-0.268,9.996
[1758203803837166605],,,,-0.646,-0.436,9.608
[1758203803843746553],,,,-0.536,-0.378,9.72
[1758203803850300876],,,,-0.615,-0.333,9.766
[1758203803856046970],,,,-0.582,-0.35,9.718
[1758203803861685928],,,,-0.761,-0.304,9.761
[1758203803868222855],,,,-0.539,-0.342,9.728
[1758203803874879314],,,,-0.761,-0.393,9.747
[1758203803880428012],,,,-0.51,-0.299,9.562
[1758203803885558584],,,,-0.572,-0.453,9.759
[1758203803890716918],,,,-0.663,-0.323,9.787
[1758203803895891553],,,,-0.632,-0.33,9.943
[1758203803901043532],,,,-0.505,-0.271,9.689
[1758203803906300980],,,,-0.577,-0.364,9.768
[1758203803910195147],,,,-0.627,-0.388,9.907
[1758203803913897282],,,,-0.51,-0.299,9.828
[1758203803917681918],,,,-0.5,-0.259,9.943
[1758203803921719991],,,,-0.541,-0.347,9.852
[1758203803925461553],,,,-0.484,-0.407,9.943
[1758203803929130251],,,,-0.486,-0.426,9.828
[1758203803932804105],,,,-0.448,-0.464,9.708
[1758203803936505668],,,,-0.536,-0.323,9.711
[1758203803940171553],,,,-0.611,-0.345,9.84
[1758203803943839834],,,,-0.52,-0.383,9.871
[1758203803947552439],,,,-0.721,-0.455,9.819
[1758203803951222543],,,,-0.5,-0.321,9.948
[1758203803955034886],,,,-0.522,-0.395,9.998
[1758203803958719730],,,,-0.567,-0.369,9.845
[1758203803962393949],,,,-0.57,-0.34,9.898
[1758203803966089626],,,,-0.591,-0.385,9.965
[1758203803969911397],,,,-0.577,-0.412,9.811
[1758203803973588376],,,,-0.57,-0.441,9.821
[1758203803977264886],,,,-0.548,-0.407,9.828
[1758203803980937126],,,,-0.529,-0.522,9.847
[1758203803984643272],,,,-0.613,-0.373,9.826
[1758203803988346293],,,,-0.646,-0.35,9.893
[1758203803992022230],,,,-0.546,-0.469,9.888
[1758203803995707855],,,,-0.362,-0.503,9.871
[1758203803999378064],,,,-0.663,-0.424,9.931
[1758203804003057647],,,,-0.68,-0.357,9.778
[1758203804006822386],,,,-0.498,-0.314,9.943
[1758203804010590251],,,,-0.359,-0.383,9.835
[1758203804014271866],,,,-0.673,-0.294,9.907
[1758203804017951189],,,,-0.615,-0.347,9.689
[1758203804021633168],,,,-0.632,-0.259,9.845
[1758203804026277074],,,,-0.527,-0.407,9.771
[1758203804030124157],,,,-0.517,-0.304,9.787
[1758203804033831449],,,,-0.579,-0.402,9.73
[1758203804037636189],,,,-0.606,-0.235,9.9
[1758203804041306866],,,,-0.606,-0.378,9.833
[1758203804045045407],,,,-0.644,-0.347,9.799
[1758203804048725199],,,,-0.678,-0.206,9.843
[1758203804052402282],,,,-0.503,-0.273,9.957
[1758203804056126709],,,,-0.551,-0.306,9.867
[1758203804059783845],,,,-0.728,-0.352,9.924
[1758203804063466397],,,,-0.718,-0.208,9.89
[1758203804067212074],,,,-0.68,-0.304,9.694
[1758203804070899991],,,,-0.687,-0.412,9.675
[1758203804074645147],,,,-0.749,-0.153,9.883
[1758203804078419678],,,,-0.682,-0.227,9.869
[1758203804082105720],,,,-0.591,-0.192,9.658
[1758203804085788845],,,,-0.733,-0.287,9.912
[1758203804089450720],,,,-0.567,-0.261,9.912
[1758203804093129834],,,,-0.625,-0.168,9.72
[1758203804096889209],,,,-0.795,-0.184,9.833
[1758203804100584574],,,,-0.9,-0.101,9.883
[1758203804104265043],,,,-0.742,-0.261,9.869
[1758203804108318168],,,,-0.634,-0.206,9.874
[1758203804112028011],,,,-0.752,-0.271,10.051
[1758203804115723064],,,,-0.553,-0.139,9.802
[1758203804119396970],,,,-0.843,-0.201,9.785
[1758203804123079418],,,,-0.692,-0.318,9.795
[1758203804126777439],,,,-0.62,-0.237,9.752
[1758203804130455459],,,,-0.766,-0.192,9.809
[1758203804134946657],,,,-0.733,-0.287,9.914
[1758203804138748428],,,,-0.74,-0.227,9.823
[1758203804142443220],,,,-0.802,-0.256,9.615
[1758203804146234782],,,,-0.725,-0.211,10.068
[1758203804149906709],,,,-0.673,-0.294,9.941
[1758203804153592751],,,,-0.723,-0.148,9.759
[1758203804158181657],,,,-0.68,-0.23,9.685
[1758203804161977282],,,,-0.721,-0.242,9.931
[1758203804165660459],,,,-0.709,-0.17,9.756
[1758203804169330251],,,,-0.747,-0.194,9.814
[1758203804173007126],,,,-0.735,-0.311,9.893
[1758203804176707959],,,,-0.563,-0.268,9.716
[1758203804180388897],,,,-0.761,-0.283,9.692
[1758203804184058168],,,,-0.63,-0.172,10.06
[1758203804187728324],,,,-0.687,-0.297,9.943
[1758203804191418584],,,,-0.745,-0.199,9.924
[1758203804195130095],,,,-0.668,-0.283,9.708
[1758203804198811761],,,,-0.749,-0.333,9.708
[1758203804202580043],,,,-0.627,-0.362,9.699
[1758203804206362699],,,,-0.668,-0.278,9.938
[1758203804210023584],,,,-0.484,-0.266,9.869
[1758203804213692438],,,,-0.634,-0.196,9.871
[1758203804217392282],,,,-0.678,-0.388,9.787
[1758203804221069730],,,,-0.74,-0.378,9.814
[1758203804224793168],,,,-0.642,-0.278,9.979
[1758203804228452907],,,,-0.455,-0.275,9.735
[1758203804232108532],,,,-0.603,-0.395,9.632
[1758203804235826449],,,,-0.697,-0.314,9.981
[1758203804240528636],,,,-0.601,-0.4,9.821
[1758203804244370928],,,,-0.551,-0.33,9.972
[1758203804248152543],,,,-0.493,-0.438,9.749
[1758203804251839782],,,,-0.582,-0.412,9.912
[1758203804255587647],,,,-0.591,-0.385,9.764
[1758203804259267022],,,,-0.539,-0.362,9.883
[1758203804262942230],,,,-0.613,-0.266,9.761
[1758203804266638324],,,,-0.646,-0.393,9.735
[1758203804270306241],,,,-0.591,-0.278,9.95
[1758203804273994782],,,,-0.723,-0.433,9.759
[1758203804277678324],,,,-0.678,-0.244,9.912
[1758203804281361605],,,,-0.565,-0.362,9.895
[1758203804285095720],,,,-0.508,-0.357,9.852
[1758203804288845147],,,,-0.524,-0.364,9.886
[1758203804292525251],,,,-0.517,-0.443,9.835
[1758203804296216345],,,,-0.611,-0.373,9.957
[1758203804299885772],,,,-0.484,-0.338,9.89
[1758203804303567803],,,,-0.591,-0.436,9.902
[1758203804307738532],,,,-0.692,-0.309,9.761
[1758203804312590147],,,,-0.541,-0.369,9.735
[1758203804317428793],,,,-0.438,-0.287,9.752
[1758203804321434782],,,,-0.546,-0.448,9.862
[1758203804325358272],,,,-0.634,-0.388,9.89
[1758203804329257178],,,,-0.711,-0.297,9.522
[1758203804333177595],,,,-0.453,-0.196,9.888
[1758203804338023636],,,,-0.587,-0.347,9.749
[1758203804342892959],,,,-0.606,-0.354,9.876
[1758203804347124209],,,,-0.567,-0.321,9.701
[1758203804351008793],,,,-0.757,-0.369,9.773
[1758203804354796866],,,,-0.563,-0.285,9.814
[1758203804359360876],,,,-0.476,-0.409,9.699
[1758203804363170095],,,,-0.615,-0.414,9.778
[1758203804366891345],,,,-0.634,-0.247,9.689
[1758203804370566188],,,,-0.74,-0.405,9.668
[1758203804374238428],,,,-0.723,-0.177,9.967
[1758203804377947803],,,,-0.572,-0.371,9.78
[1758203804381616657],,,,-0.697,-0.352,9.826
[1758203804385304366],,,,-0.735,-0.278,9.888
[1758203804388968272],,,,-0.503,-0.362,9.974
[1758203804392642907],,,,-0.718,-0.268,9.871
[1758203804396356032],,,,-0.496,-0.409,9.847
[1758203804400039209],,,,-0.673,-0.309,9.699
[1758203804403808011],,,,-0.582,-0.333,9.845
[1758203804407783793],,,,-0.649,-0.311,9.792
[1758203804411478220],,,,-0.608,-0.273,9.661
[1758203804415185355],,,,-0.639,-0.275,9.689
[1758203804418854313],,,,-0.706,-0.283,9.9
[1758203804422537282],,,,-0.634,-0.402,9.931
[1758203804426277282],,,,-0.52,-0.278,9.838
[1758203804429945615],,,,-0.747,-0.35,9.984
[1758203804433633688],,,,-0.644,-0.263,10.029
[1758203804437333897],,,,-0.582,-0.421,9.828
[1758203804441003949],,,,-0.603,-0.211,9.811
[1758203804444727334],,,,-0.615,-0.275,9.898
[1758203804448604886],,,,-0.486,-0.232,9.732
[1758203804452389261],,,,-0.625,-0.311,9.9
[1758203804456148220],,,,-0.642,-0.261,9.864
[1758203804459830095],,,,-0.69,-0.342,9.711
[1758203804463512803],,,,-0.678,-0.204,9.821
[1758203804467209730],,,,-0.639,-0.254,9.922
[1758203804470885824],,,,-0.757,-0.211,9.972
[1758203804474634209],,,,-0.596,-0.199,10.01
[1758203804478340772],,,,-0.709,-0.156,9.811
[1758203804482021813],,,,-0.658,-0.16,9.914
[1758203804485732334],,,,-0.713,-0.247,9.938
[1758203804489406293],,,,-0.508,-0.211,10.003
[1758203804493086970],,,,-0.637,-0.275,9.843
[1758203804496787282],,,,-0.591,-0.23,9.819
[1758203804500467386],,,,-0.718,-0.271,9.922
[1758203804504152126],,,,-0.642,-0.223,9.934
[1758203804508079470],,,,-0.651,-0.177,9.799
[1758203804511787126],,,,-0.634,-0.218,9.809
[1758203804515506345],,,,-0.666,-0.237,9.787
[1758203804519181865],,,,-0.627,-0.187,9.833
[1758203804522858532],,,,-0.632,-0.134,9.831
[1758203804526563376],,,,-0.62,-0.242,9.934
[1758203804530251709],,,,-0.603,-0.318,9.936
[1758203804533939470],,,,-0.713,-0.306,9.869
[1758203804537623793],,,,-0.666,-0.28,9.867
[1758203804541299209],,,,-0.656,-0.316,9.876
[1758203804548157751],,,,-0.678,-0.242,9.773
[1758203804552441293],,,,-0.534,-0.259,9.764
[1758203804556223272],,,,-0.563,-0.373,9.905
[1758203804559905147],,,,-0.678,-0.223,10.001
[1758203804563583324],,,,-0.601,-0.242,9.814
[1758203804567300199],,,,-0.634,-0.397,9.972
[1758203804570983324],,,,-0.563,-0.362,9.792
[1758203804574707699],,,,-0.69,-0.266,10.075
[1758203804578392178],,,,-0.759,-0.268,9.938
[1758203804582080043],,,,-0.627,-0.378,9.936
[1758203804585793011],,,,-0.649,-0.263,10.068
[1758203804589467543],,,,-0.555,-0.271,9.766
[1758203804593169313],,,,-0.575,-0.323,9.773
[1758203804597152751],,,,-0.654,-0.275,9.814
[1758203804600858011],,,,-0.522,-0.304,9.934
[1758203804604602490],,,,-0.474,-0.256,9.886
[1758203804609193845],,,,-0.663,-0.311,9.74
[1758203804613382490],,,,-0.572,-0.345,9.914
[1758203804618565251],,,,-0.462,-0.33,9.74
[1758203804623696813],,,,-0.579,-0.249,9.613
[1758203804628854990],,,,-0.481,-0.57,9.912
[1758203804633972595],,,,-0.62,-0.393,9.658
[1758203804639105928],,,,-0.431,-0.405,9.761
[1758203804644240980],,,,-0.603,-0.278,9.752
[1758203804649413428],,,,-0.601,-0.247,9.503
[1758203804655055251],,,,-0.644,-0.335,9.534
[1758203804660410251],,,,-0.575,-0.369,9.797
[1758203804665565876],,,,-0.644,-0.357,9.749
[1758203804670710876],,,,-0.565,-0.359,9.754
[1758203804675906605],,,,-0.529,-0.479,9.68
[1758203804681061136],,,,-0.467,-0.373,9.718
[1758203804686263845],,,,-0.759,-0.273,9.737
[1758203804691400720],,,,-0.522,-0.335,9.682
[1758203804696579886],,,,-0.582,-0.421,9.869
[1758203804701809209],,,,-0.555,-0.227,9.718
[1758203804707029209],,,,-0.63,-0.388,9.735
[1758203804712162490],,,,-0.642,-0.304,9.711
[1758203804717350251],,,,-0.603,-0.247,9.725
[1758203804722489886],,,,-0.658,-0.417,9.754
[1758203804727637907],,,,-0.517,-0.369,9.783
[1758203804732770980],,,,-0.596,-0.211,9.776
[1758203804737933845],,,,-0.622,-0.373,9.701
[1758203804743053167],,,,-0.618,-0.323,9.692
[1758203804748175407],,,,-0.34,-0.347,9.771
[1758203804753309938],,,,-0.67,-0.326,9.871
[1758203804758548011],,,,-0.634,-0.441,9.596
[1758203804764093167],,,,-0.685,-0.165,9.835
[1758203804769368011],,,,-0.694,-0.204,9.656
[1758203804774500459],,,,-0.642,-0.338,9.716
[1758203804779643636],,,,-0.575,-0.33,9.749
[1758203804784762438],,,,-0.728,-0.323,9.723
[1758203804789887230],,,,-0.675,-0.345,9.644
[1758203804795067334],,,,-0.565,-0.268,9.663
[1758203804800254730],,,,-0.572,-0.306,9.634
[1758203804805383532],,,,-0.541,-0.347,9.601
[1758203804810890824],,,,-0.539,-0.419,9.799
[1758203804816213220],,,,-0.637,-0.323,9.905
[1758203804821397803],,,,-0.584,-0.244,9.761
[1758203804826543167],,,,-0.589,-0.278,9.795
[1758203804831665199],,,,-0.642,-0.072,9.67
[1758203804836795199],,,,-0.682,-0.409,9.682
[1758203804843503428],,,,-0.644,-0.316,9.773
[1758203804849114886],,,,-0.615,-0.294,9.682
[1758203804855526032],,,,-0.649,-0.261,9.68
[1758203804861278167],,,,-0.503,-0.273,9.931
[1758203804867157699],,,,-0.651,-0.268,9.723
[1758203804873703428],,,,-0.632,-0.395,9.761
[1758203804879394730],,,,-0.658,-0.302,9.797
[1758203804884759626],,,,-0.757,-0.338,9.694
[1758203804891274261],,,,-0.515,-0.247,9.893
[1758203804897973324],,,,-0.639,-0.239,9.656
[1758203804903535147],,,,-0.493,-0.218,9.723
[1758203804908792438],,,,-0.62,-0.223,9.843
[1758203804913632126],,,,-0.709,-0.218,9.711
[1758203804917390719],,,,-0.632,-0.318,9.67
[1758203804921062230],,,,-0.728,-0.397,9.759
[1758203804924785772],,,,-0.582,-0.311,9.912
[1758203804928476709],,,,-0.541,-0.306,9.893
[1758203804932149053],,,,-0.637,-0.266,10.013
[1758203804935832803],,,,-0.606,-0.247,9.845
[1758203804939515719],,,,-0.749,-0.457,9.787
[1758203804943305355],,,,-0.608,-0.326,10.041
[1758203804947011240],,,,-0.534,-0.311,9.833
[1758203804950680980],,,,-0.644,-0.354,9.934
[1758203804954360042],,,,-0.587,-0.371,9.9
[1758203804958079417],,,,-0.589,-0.328,9.814
[1758203804961758897],,,,-0.594,-0.433,9.895
[1758203804965531188],,,,-0.646,-0.199,9.701
[1758203804969454001],,,,-0.639,-0.177,9.546
[1758203804973182855],,,,-0.709,-0.321,9.881
[1758203804976871605],,,,-0.63,-0.321,9.718
[1758203804980558324],,,,-0.692,-0.445,9.74
[1758203804984343792],,,,-0.548,-0.156,9.986
[1758203804988062178],,,,-0.737,-0.338,9.778
[1758203804991737751],,,,-0.541,-0.385,9.905
[1758203804995441813],,,,-0.759,-0.366,9.936
[1758203804999119105],,,,-0.505,-0.376,9.955
[1758203805002796084],,,,-0.608,-0.263,9.809
[1758203805006490824],,,,-0.754,-0.342,9.883
[1758203805010170303],,,,-0.33,-0.342,9.993
[1758203805013861553],,,,-0.62,-0.259,9.821
[1758203805017646240],,,,-0.596,-0.271,9.807
[1758203805021387959],,,,-0.532,-0.273,9.785
[1758203805025163532],,,,-0.649,-0.328,9.735
[1758203805028852490],,,,-0.555,-0.318,9.898
[1758203805032533792],,,,-0.484,-0.369,9.697
[1758203805036231865],,,,-0.646,-0.23,9.79
[1758203805039933584],,,,-0.646,-0.385,9.833
[1758203805043630147],,,,-0.594,-0.429,9.929
[1758203805047342907],,,,-0.536,-0.385,9.857
[1758203805051016032],,,,-0.481,-0.299,9.91
[1758203805054765199],,,,-0.618,-0.194,9.831
[1758203805058473636],,,,-0.68,-0.318,9.821
[1758203805062151501],,,,-0.56,-0.376,9.79
[1758203805065928428],,,,-0.63,-0.318,9.886
[1758203805069606240],,,,-0.637,-0.28,9.857
[1758203805074308584],,,,-0.474,-0.318,9.816
[1758203805078148844],,,,-0.63,-0.314,9.761
[1758203805081912021],,,,-0.625,-0.311,9.919
[1758203805085648376],,,,-0.551,-0.175,9.778
[1758203805089325824],,,,-0.608,-0.371,9.826
[1758203805093009417],,,,-0.646,-0.402,9.716
[1758203805096755667],,,,-0.51,-0.311,9.819
[1758203805100435667],,,,-0.646,-0.395,9.929
[1758203805104115719],,,,-0.785,-0.261,9.711
[1758203805107815303],,,,-0.711,-0.414,9.744
[1758203805111498949],,,,-0.694,-0.261,9.869
[1758203805115257490],,,,-0.682,-0.271,9.871
[1758203805118963896],,,,-0.584,-0.261,9.914
[1758203805122733376],,,,-0.476,-0.283,9.924
[1758203805126425303],,,,-0.63,-0.333,9.912
[1758203805130099938],,,,-0.651,-0.297,9.819
[1758203805133774209],,,,-0.735,-0.244,9.934
[1758203805137478636],,,,-0.56,-0.283,9.905
[1758203805141153011],,,,-0.658,-0.271,9.819
[1758203805144892074],,,,-0.534,-0.156,9.883
[1758203805148564886],,,,-0.661,-0.278,9.845
[1758203805152244938],,,,-0.685,-0.304,9.972
[1758203805155982178],,,,-0.599,-0.235,9.847
[1758203805159656501],,,,-0.759,-0.223,9.792
[1758203805163340719],,,,-0.737,-0.333,9.732
[1758203805167403636],,,,-0.74,-0.278,9.634
[1758203805171115042],,,,-0.63,-0.333,9.826
[1758203805174839521],,,,-0.627,-0.397,9.814
[1758203805178522699],,,,-0.675,-0.232,9.797
[1758203805182201761],,,,-0.625,-0.256,9.795
[1758203805185914365],,,,-0.661,-0.419,9.931
[1758203805189593115],,,,-0.781,-0.168,9.771
[1758203805193273428],,,,-0.656,-0.259,9.838
[1758203805196990042],,,,-0.713,-0.177,10.003
[1758203805200669521],,,,-0.642,-0.208,9.855
[1758203805204340094],,,,-0.567,-0.223,9.905
[1758203805208067126],,,,-0.587,-0.299,9.845
[1758203805211823949],,,,-0.713,-0.328,9.79
[1758203805215583376],,,,-0.632,-0.23,9.895
[1758203805219264157],,,,-0.709,-0.316,9.874
[1758203805222945407],,,,-0.661,-0.215,9.95
[1758203805226652386],,,,-0.694,-0.304,9.845
[1758203805233058115],,,,-0.663,-0.273,9.771
[1758203805236945355],,,,-0.764,-0.328,9.821
[1758203805240627699],,,,-0.565,-0.297,9.706
[1758203805244324417],,,,-0.673,-0.302,9.799
[1758203805248011136],,,,-0.678,-0.388,9.783
[1758203805251681969],,,,-0.737,-0.335,9.871
[1758203805255385771],,,,-0.553,-0.294,9.833
[1758203805259060042],,,,-0.67,-0.359,9.764
[1758203805262742646],,,,-0.599,-0.271,9.862
[1758203805266520094],,,,-0.567,-0.223,9.85
[1758203805270193896],,,,-0.63,-0.369,9.67
[1758203805273873584],,,,-0.759,-0.438,9.955
[1758203805277649990],,,,-0.761,-0.326,9.783
[1758203805281401344],,,,-0.694,-0.409,9.859
[1758203805285082230],,,,-0.503,-0.393,9.673
[1758203805288759001],,,,-0.682,-0.266,9.871
[1758203805292434469],,,,-0.536,-0.338,9.934
[1758203805296138948],,,,-0.639,-0.18,9.732
[1758203805299806084],,,,-0.661,-0.445,9.708
[1758203805303479678],,,,-0.682,-0.304,9.819
[1758203805307161657],,,,-0.618,-0.278,9.68
[1758203805310829365],,,,-0.742,-0.172,9.785
[1758203805314594365],,,,-0.601,-0.414,9.819
[1758203805318369730],,,,-0.582,-0.309,9.874
[1758203805322053167],,,,-0.716,-0.156,9.878
[1758203805326305511],,,,-0.632,-0.304,9.838
[1758203805330331240],,,,-0.522,-0.323,9.946
[1758203805334230928],,,,-0.637,-0.335,9.737
[1758203805338178740],,,,-0.62,-0.354,9.718
[1758203805342072594],,,,-0.67,-0.362,9.922
[1758203805345986917],,,,-0.697,-0.28,9.871
[1758203805349899730],,,,-0.668,-0.306,9.776
[1758203805353792126],,,,-0.747,-0.352,10.01
[1758203805357736969],,,,-0.551,-0.357,9.797
[1758203805363274001],,,,-0.606,-0.409,9.699
[1758203805367279417],,,,-0.658,-0.326,9.756
[1758203805371080355],,,,-0.644,-0.453,9.924
[1758203805374812646],,,,-0.527,-0.237,9.993
[1758203805378504626],,,,-0.721,-0.251,9.713
[1758203805382178532],,,,-0.599,-0.431,9.711
[1758203805385909678],,,,-0.639,-0.397,9.852
[1758203805389587594],,,,-0.577,-0.321,9.886
[1758203805393273428],,,,-0.548,-0.342,9.878
[1758203805396994626],,,,-0.697,-0.283,9.862
[1758203805400668636],,,,-0.769,-0.323,9.797
[1758203805404347542],,,,-0.553,-0.261,9.857
[1758203805408080355],,,,-0.651,-0.421,9.701
[1758203805411847490],,,,-0.742,-0.333,9.752
[1758203805415640198],,,,-0.503,-0.359,9.73
[1758203805419318584],,,,-0.625,-0.318,9.855
[1758203805422995251],,,,-0.661,-0.204,9.869
[1758203805426704626],,,,-0.625,-0.414,9.761
[1758203805430381917],,,,-0.613,-0.208,9.883
[1758203805434069990],,,,-0.661,-0.426,9.828
[1758203805437763323],,,,-0.773,-0.405,9.776
[1758203805441454626],,,,-0.57,-0.366,9.768
[1758203805445163428],,,,-0.541,-0.177,10.005
[1758203805448856657],,,,-0.52,-0.371,9.833
[1758203805452538844],,,,-0.639,-0.285,9.799
[1758203805456223792],,,,-0.663,-0.18,9.706
[1758203805459895771],,,,-0.656,-0.378,9.934
[1758203805463578688],,,,-0.718,-0.235,9.677
[1758203805467620563],,,,-0.634,-0.247,9.72
[1758203805471409001],,,,-0.678,-0.158,9.754
[1758203805475118532],,,,-0.567,-0.254,9.778
[1758203805478799521],,,,-0.646,-0.244,9.96
[1758203805482469886],,,,-0.522,-0.177,9.871
[1758203805486174157],,,,-0.503,-0.448,9.776
[1758203805489852021],,,,-0.558,-0.373,9.852
[1758203805493570250],,,,-0.644,-0.268,9.874
[1758203805497269053],,,,-0.625,-0.414,9.95
[1758203805500940980],,,,-0.666,-0.311,10.013
[1758203805504659886],,,,-0.596,-0.421,9.653
[1758203805508380146],,,,-0.761,-0.177,9.821
[1758203805512152542],,,,-0.692,-0.311,9.871
[1758203805515915407],,,,-0.596,-0.292,9.972
[1758203805519596709],,,,-0.62,-0.196,9.89
[1758203805523283636],,,,-0.488,-0.417,9.543
[1758203805526974313],,,,-0.673,-0.364,9.764
[1758203805530647282],,,,-0.706,-0.283,9.862
[1758203805534320094],,,,-0.761,-0.311,9.924
[1758203805538002855],,,,-0.704,-0.247,9.754
[1758203805541680667],,,,-0.563,-0.321,9.795
[1758203805545391136],,,,-0.553,-0.283,9.845
[1758203805549066448],,,,-0.682,-0.244,9.855
[1758203805552737646],,,,-0.599,-0.239,9.816
[1758203805556420719],,,,-0.713,-0.345,9.675
[1758203805560087282],,,,-0.587,-0.292,9.826
[1758203805563771344],,,,-0.63,-0.23,9.776
[1758203805567510667],,,,-0.637,-0.316,9.766
[1758203805572135459],,,,-0.63,-0.175,9.941
[1758203805576027698],,,,-0.666,-0.314,9.749
[1758203805579834625],,,,-0.555,-0.371,9.814
[1758203805583524886],,,,-0.713,-0.306,9.859
[1758203805587221553],,,,-0.649,-0.328,9.969
[1758203805590900198],,,,-0.675,-0.366,9.699
[1758203805594614834],,,,-0.634,-0.273,9.807
[1758203805598369157],,,,-0.68,-0.35,9.941
[1758203805602053896],,,,-0.651,-0.146,9.859
[1758203805605758740],,,,-0.675,-0.263,9.948
[1758203805609434105],,,,-0.749,-0.261,9.953
[1758203805613128844],,,,-0.675,-0.242,9.816
[1758203805617942803],,,,-0.596,-0.34,9.804
[1758203805623277542],,,,-0.69,-0.182,9.522
[1758203805628413584],,,,-0.704,-0.421,9.809
[1758203805633527490],,,,-0.493,-0.177,9.577
[1758203805638683323],,,,-0.548,-0.299,9.79
[1758203805643814053],,,,-0.615,-0.273,9.708
[1758203805648947490],,,,-0.692,-0.342,9.692
[1758203805654059730],,,,-0.678,-0.163,9.553
[1758203805659223844],,,,-0.594,-0.359,9.756
[1758203805664358167],,,,-0.484,-0.311,9.941
[1758203805669560928],,,,-0.563,-0.22,9.718
[1758203805674693532],,,,-0.675,-0.321,9.773
[1758203805679850771],,,,-0.599,-0.259,9.74
[1758203805685344834],,,,-0.709,-0.18,9.67
[1758203805690499105],,,,-0.584,-0.196,9.749
[1758203805695679834],,,,-0.558,-0.251,9.663
[1758203805700836761],,,,-0.905,-0.287,9.701
[1758203805706009990],,,,-0.649,-0.364,9.687
[1758203805711134521],,,,-0.651,-0.287,9.692
[1758203805716419365],,,,-0.74,-0.158,9.881
[1758203805721628115],,,,-0.69,-0.328,9.706
[1758203805727087698],,,,-0.558,-0.283,9.804
[1758203805732245355],,,,-0.627,-0.381,9.572
[1758203805737388375],,,,-0.639,-0.373,9.888
[1758203805742507907],,,,-0.333,-0.333,9.577
[1758203805747656292],,,,-0.661,-0.156,9.874
[1758203805752769730],,,,-0.555,-0.249,9.718
[1758203805757901605],,,,-0.484,-0.292,9.699
[1758203805763027230],,,,-0.766,-0.28,9.869
[1758203805768262125],,,,-0.699,-0.39,9.732
[1758203805773402750],,,,-0.778,-0.201,9.807
[1758203805780846813],,,,-0.651,-0.34,9.682
[1758203805786052438],,,,-0.603,-0.338,9.555
[1758203805791512386],,,,-0.646,-0.261,9.725
[1758203805796664521],,,,-0.699,-0.208,9.759
[1758203805801783844],,,,-0.543,-0.328,9.728
[1758203805806912855],,,,-0.493,-0.323,9.809
[1758203805812050927],,,,-0.603,-0.249,9.768
[1758203805817289938],,,,-0.749,-0.249,9.706
[1758203805822473844],,,,-0.699,-0.18,9.773
[1758203805827730250],,,,-0.644,-0.328,9.708
[1758203805833179625],,,,-0.63,-0.335,9.795
[1758203805838329052],,,,-0.558,-0.359,9.685
[1758203805843450146],,,,-0.553,-0.433,9.682
[1758203805848572542],,,,-0.692,-0.335,9.773
[1758203805853693063],,,,-0.678,-0.318,9.747
[1758203805860378844],,,,-0.601,-0.371,9.661
[1758203805866633844],,,,-0.603,-0.421,9.72
[1758203805872596605],,,,-0.543,-0.328,9.704
[1758203805878274990],,,,-0.73,-0.278,9.919
[1758203805884716552],,,,-0.481,-0.177,9.704
[1758203805890365302],,,,-0.615,-0.316,9.955
[1758203805897973740],,,,-0.646,-0.163,9.737
[1758203805903535667],,,,-0.675,-0.338,9.673
[1758203805909314000],,,,-0.637,-0.338,9.718
[1758203805915896917],,,,-0.666,-0.433,9.697
[1758203805920825875],,,,-0.601,-0.271,9.735
[1758203805924601657],,,,-0.642,-0.247,9.838
[1758203805928309938],,,,-0.611,-0.227,9.838
[1758203805931995719],,,,-0.709,-0.448,9.864
[1758203805935717021],,,,-0.479,-0.227,9.883
[1758203805939392386],,,,-0.651,-0.249,9.85
[1758203805943071292],,,,-0.551,-0.242,9.943
[1758203805946765667],,,,-0.649,-0.208,9.9
[1758203805950426709],,,,-0.702,-0.223,9.776
[1758203805954103688],,,,-0.575,-0.239,9.84
[1758203805957831865],,,,-0.69,-0.192,9.946
[1758203805961628688],,,,-0.666,-0.266,9.833
[1758203805965389104],,,,-0.658,-0.242,9.776
[1758203805969066604],,,,-0.625,-0.278,9.816
[1758203805972752802],,,,-0.546,-0.287,9.653
[1758203805976467073],,,,-0.579,-0.433,9.73
[1758203805980138427],,,,-0.567,-0.381,9.948
[1758203805983819625],,,,-0.567,-0.383,9.869
[1758203805987513636],,,,-0.687,-0.306,9.766
[1758203805991180667],,,,-0.754,-0.371,9.706
[1758203805994905094],,,,-0.675,-0.364,9.816
[1758203805998594209],,,,-0.685,-0.352,9.766
[1758203806003278063],,,,-0.673,-0.326,9.708
[1758203806007169313],,,,-0.649,-0.33,9.768
[1758203806010967698],,,,-0.594,-0.16,9.756
[1758203806014743115],,,,-0.572,-0.263,9.833
[1758203806019386240],,,,-0.666,-0.294,9.668
[1758203806023202542],,,,-0.749,-0.297,9.826
[1758203806026883896],,,,-0.563,-0.297,9.991
[1758203806030550667],,,,-0.476,-0.275,9.754
[1758203806034213896],,,,-0.644,-0.419,9.742
[1758203806037907490],,,,-0.577,-0.314,9.74
[1758203806041577490],,,,-0.69,-0.397,9.838
[1758203806045269521],,,,-0.625,-0.302,9.845
[1758203806048939000],,,,-0.534,-0.395,9.835
[1758203806052618063],,,,-0.68,-0.273,9.747
[1758203806056326657],,,,-0.589,-0.213,9.95
[1758203806060054209],,,,-0.464,-0.316,9.809
[1758203806063820250],,,,-0.788,-0.364,9.823
[1758203806067599261],,,,-0.651,-0.302,9.785
[1758203806071285667],,,,-0.476,-0.436,9.919
[1758203806075013063],,,,-0.699,-0.285,9.778
[1758203806078687021],,,,-0.646,-0.23,9.862
[1758203806082358271],,,,-0.536,-0.278,10.106
[1758203806086047698],,,,-0.534,-0.22,9.776
[1758203806089713167],,,,-0.766,-0.333,9.893
[1758203806093372386],,,,-0.632,-0.201,9.814
[1758203806097038375],,,,-0.603,-0.311,9.96
[1758203806100682802],,,,-0.673,-0.371,9.804
[1758203806104353740],,,,-0.611,-0.455,9.907
[1758203806108072959],,,,-0.565,-0.328,9.852
[1758203806111764938],,,,-0.62,-0.309,9.764
[1758203806115512959],,,,-0.591,-0.304,9.85
[1758203806119198375],,,,-0.685,-0.364,9.811
[1758203806123859834],,,,-0.594,-0.352,9.888
[1758203806127712542],,,,-0.618,-0.328,9.766
[1758203806131484417],,,,-0.596,-0.328,9.797
[1758203806135183011],,,,-0.68,-0.453,9.996
[1758203806138843375],,,,-0.601,-0.273,9.78
[1758203806142510094],,,,-0.68,-0.204,9.785
[1758203806146206865],,,,-0.515,-0.352,9.742
[1758203806149882229],,,,-0.57,-0.378,9.828
[1758203806153563844],,,,-0.548,-0.397,10.094
[1758203806157245511],,,,-0.702,-0.271,9.766
[1758203806160908636],,,,-0.57,-0.292,9.85
[1758203806164657438],,,,-0.62,-0.239,9.826
[1758203806168404886],,,,-0.62,-0.381,9.749
[1758203806172184313],,,,-0.498,-0.354,9.838
[1758203806175892281],,,,-0.74,-0.275,9.821
[1758203806179566761],,,,-0.819,-0.299,9.835
[1758203806183237334],,,,-0.685,-0.194,9.603
[1758203806186933636],,,,-0.702,-0.393,9.857
[1758203806190602386],,,,-0.661,-0.201,9.816
[1758203806194270250],,,,-0.649,-0.266,10.001
[1758203806197948844],,,,-0.651,-0.309,9.957
[1758203806201622438],,,,-0.572,-0.579,9.742
[1758203806205324990],,,,-0.611,-0.373,9.618
[1758203806208999365],,,,-0.572,-0.285,9.847
[1758203806212712334],,,,-0.725,-0.275,9.907
[1758203806216486136],,,,-0.62,-0.34,9.728
[1758203806220155927],,,,-0.553,-0.218,9.953
[1758203806223835667],,,,-0.62,-0.263,9.831
[1758203806228436292],,,,-0.608,-0.16,9.917
[1758203806232291813],,,,-0.622,-0.45,9.797
[1758203806236084886],,,,-0.721,-0.326,9.89
[1758203806239758011],,,,-0.706,-0.23,9.752
[1758203806243424104],,,,-0.747,-0.168,9.972
[1758203806247121031],,,,-0.639,-0.338,9.749
[1758203806250794000],,,,-0.697,-0.23,9.926
[1758203806254506136],,,,-0.63,-0.17,9.943
[1758203806258219365],,,,-0.596,-0.28,9.84
[1758203806261911865],,,,-0.651,-0.278,9.917
[1758203806266563531],,,,-0.481,-0.18,9.689
[1758203806270358948],,,,-0.563,-0.271,9.744
[1758203806274047542],,,,-0.591,-0.314,9.764
[1758203806277725406],,,,-0.622,-0.168,9.876
[1758203806281395511],,,,-0.577,-0.263,9.665
[1758203806285077698],,,,-0.661,-0.323,9.704
[1758203806288739990],,,,-0.644,-0.227,9.926
[1758203806292410042],,,,-0.713,-0.29,10.056
[1758203806296105615],,,,-0.622,-0.316,9.787
[1758203806299781761],,,,-0.74,-0.318,9.811
[1758203806303457438],,,,-0.453,-0.419,9.79
[1758203806307183844],,,,-0.658,-0.273,9.864
[1758203806311084938],,,,-0.678,-0.311,9.768
[1758203806314912490],,,,-0.642,-0.318,9.979
[1758203806318608375],,,,-0.687,-0.158,9.895
[1758203806322284052],,,,-0.615,-0.287,9.732
[1758203806325986709],,,,-0.642,-0.196,9.886
[1758203806329660302],,,,-0.484,-0.187,9.749
[1758203806333346709],,,,-0.666,-0.309,9.783
[1758203806337033688],,,,-0.579,-0.275,9.685
[1758203806341920094],,,,-0.646,-0.321,9.749
[1758203806345938115],,,,-0.661,-0.263,9.685
[1758203806349904677],,,,-0.721,-0.28,9.73
[1758203806354682698],,,,-0.587,-0.158,9.687
[1758203806358617854],,,,-0.68,-0.311,9.828
[1758203806362546448],,,,-0.67,-0.441,9.718
[1758203806366523948],,,,-0.539,-0.256,9.811
[1758203806370423636],,,,-0.725,-0.242,9.704
[1758203806375000146],,,,-0.675,-0.287,9.754
[1758203806379449052],,,,-0.646,-0.283,9.871
[1758203806383417386],,,,-0.718,-0.378,9.795
[1758203806387138323],,,,-0.505,-0.266,9.766
[1758203806390810823],,,,-0.503,-0.323,9.668
[1758203806394522229],,,,-0.5,-0.232,9.699
[1758203806398232229],,,,-0.548,-0.342,9.759
[1758203806401905771],,,,-0.517,-0.378,9.852
[1758203806405597906],,,,-0.584,-0.204,9.833
[1758203806409272333],,,,-0.622,-0.285,9.62
[1758203806412950979],,,,-0.649,-0.283,9.941
[1758203806416694833],,,,-0.752,-0.196,9.826
[1758203806420370667],,,,-0.63,-0.345,9.946
[1758203806424142906],,,,-0.594,-0.338,9.723
[1758203806427917646],,,,-0.706,-0.371,9.941
[1758203806431597698],,,,-0.603,-0.364,9.754
[1758203806435290563],,,,-0.572,-0.206,9.699
[1758203806438959000],,,,-0.668,-0.371,9.993
[1758203806442635719],,,,-0.532,-0.385,9.752
[1758203806446360719],,,,-0.546,-0.318,9.795
[1758203806450034938],,,,-0.649,-0.249,9.718
[1758203806453718167],,,,-0.582,-0.189,9.888
[1758203806457434677],,,,-0.534,-0.362,9.811
[1758203806461105094],,,,-0.666,-0.251,9.792
[1758203806464884781],,,,-0.656,-0.261,9.938
[1758203806468575823],,,,-0.476,-0.316,9.905
[1758203806472259990],,,,-0.706,-0.314,9.773
[1758203806476021448],,,,-0.63,-0.366,9.682
[1758203806479701917],,,,-0.879,-0.283,9.934
[1758203806483639833],,,,-0.625,-0.376,9.878
[1758203806487443740],,,,-0.723,-0.376,9.675
[1758203806491131396],,,,-0.567,-0.347,9.67
[1758203806494850875],,,,-0.737,-0.239,9.91
[1758203806498520406],,,,-0.618,-0.328,9.811
[1758203806502188323],,,,-0.546,-0.249,9.67
[1758203806505887333],,,,-0.694,-0.412,9.658
[1758203806509566552],,,,-0.546,-0.352,9.998
[1758203806513242438],,,,-0.572,-0.223,9.893
[1758203806516920042],,,,-0.728,-0.402,9.725
[1758203806520584417],,,,-0.658,-0.4,9.802
[1758203806524281500],,,,-0.725,-0.287,9.778
[1758203806528117490],,,,-0.553,-0.424,9.811
[1758203806531819469],,,,-0.74,-0.306,9.819
[1758203806535510979],,,,-0.651,-0.323,9.73
[1758203806539181865],,,,-0.67,-0.407,9.658
[1758203806544987594],,,,-0.833,-0.433,9.78
[1758203806548901240],,,,-0.639,-0.29,9.845
[1758203806552589261],,,,-0.508,-0.309,9.742
[1758203806556268844],,,,-0.591,-0.268,9.922
[1758203806559939104],,,,-0.606,-0.172,9.795
[1758203806563626292],,,,-0.654,-0.254,9.807
[1758203806567336240],,,,-0.639,-0.335,10.022
[1758203806571006031],,,,-0.766,-0.278,9.869
[1758203806574789052],,,,-0.567,-0.306,9.895
[1758203806578501448],,,,-0.618,-0.283,9.867
[1758203806582180667],,,,-0.62,-0.333,10.025
[1758203806585896188],,,,-0.546,-0.156,9.936
[1758203806589818271],,,,-0.532,-0.328,9.677
[1758203806593600667],,,,-0.611,-0.278,9.819
[1758203806597457385],,,,-0.503,-0.373,9.996
[1758203806601144469],,,,-0.692,-0.278,10.104
[1758203806604890198],,,,-0.594,-0.357,9.912
[1758203806608578583],,,,-0.704,-0.302,9.931
[1758203806612257177],,,,-0.563,-0.354,9.864
[1758203806615939573],,,,-0.759,-0.299,9.898
[1758203806619604625],,,,-0.816,-0.275,10.005
[1758203806623362229],,,,-0.611,-0.273,9.828
[1758203806628592073],,,,-0.69,-0.316,9.534
[1758203806633746760],,,,-0.596,-0.249,9.74
[1758203806638901240],,,,-0.915,-0.4,9.907
[1758203806644115302],,,,-0.699,-0.285,9.778
[1758203806649254260],,,,-0.656,-0.256,9.996
[1758203806654365927],,,,-0.685,-0.22,9.637
[1758203806659500719],,,,-0.769,-0.23,9.787
[1758203806664614625],,,,-0.644,-0.318,9.615
[1758203806669738740],,,,-0.658,-0.294,9.766
[1758203806674866500],,,,-0.62,-0.419,9.95
[1758203806680083583],,,,-0.63,-0.433,9.685
[1758203806685210094],,,,-0.639,-0.211,9.771
[1758203806690343896],,,,-0.582,-0.381,9.857
[1758203806696035302],,,,-0.728,-0.318,9.562
[1758203806701307542],,,,-0.584,-0.354,9.754
[1758203806706602542],,,,-0.666,-0.34,9.732
[1758203806711732021],,,,-0.651,-0.208,9.797
[1758203806716855771],,,,-0.579,-0.373,9.847
[1758203806721947646],,,,-0.706,-0.237,9.744
[1758203806727140458],,,,-0.874,-0.292,9.797
[1758203806732311656],,,,-0.666,-0.338,9.677
[1758203806737593740],,,,-0.622,-0.352,9.685
[1758203806742844729],,,,-0.666,-0.254,9.653
[1758203806747983323],,,,-0.646,-0.45,9.957
[1758203806753109521],,,,-0.383,-0.239,9.656
[1758203806758267750],,,,-0.709,-0.443,9.871
[1758203806763386188],,,,-0.625,-0.443,9.843
[1758203806768557646],,,,-0.63,-0.196,9.632
[1758203806773689833],,,,-0.673,-0.33,9.867
[1758203806778893375],,,,-0.505,-0.263,9.613
[1758203806784086083],,,,-0.613,-0.235,9.711
[1758203806789318115],,,,-0.639,-0.323,9.637
[1758203806794460250],,,,-0.69,-0.4,9.639
[1758203806801057854],,,,-0.527,-0.311,9.804
[1758203806806455771],,,,-0.735,-0.316,9.881
[1758203806811714937],,,,-0.553,-0.364,9.857
[1758203806816867177],,,,-0.567,-0.299,9.699
[1758203806822024000],,,,-0.599,-0.199,9.627
[1758203806827176708],,,,-0.608,-0.39,9.673
[1758203806832326031],,,,-0.737,-0.417,9.742
[1758203806837528531],,,,-0.62,-0.194,9.838
[1758203806842667490],,,,-0.757,-0.395,9.701
[1758203806847844469],,,,-0.618,-0.321,9.663
[1758203806853109052],,,,-0.687,-0.239,9.926
[1758203806858272854],,,,-0.67,-0.306,9.711
[1758203806863460979],,,,-0.546,-0.213,9.697
[1758203806868616292],,,,-0.529,-0.431,9.833
[1758203806873742490],,,,-0.469,-0.373,9.783
[1758203806879493062],,,,-0.692,-0.318,9.895
[1758203806886166917],,,,-0.642,-0.215,9.756
[1758203806892793323],,,,-0.51,-0.371,9.981
[1758203806899445667],,,,-0.644,-0.302,9.692
[1758203806906524521],,,,-0.658,-0.266,9.761
[1758203806911976708],,,,-0.663,-0.33,9.732
[1758203806918409781],,,,-0.481,-0.201,9.768
[1758203806924863167],,,,-0.761,-0.352,9.768
[1758203806930913323],,,,-0.63,-0.395,9.706
[1758203806935904260],,,,-0.615,-0.388,9.692
[1758203806940601240],,,,-0.666,-0.318,9.795
[1758203806945165875],,,,-0.618,-0.412,9.754
[1758203806949727281],,,,-0.675,-0.397,9.759
[1758203806954259729],,,,-0.622,-0.158,9.68
[1758203806958800510],,,,-0.558,-0.335,9.811
[1758203806963321917],,,,-0.685,-0.17,9.759
[1758203806967922542],,,,-0.615,-0.251,9.955
[1758203806972465354],,,,-0.491,-0.316,9.613
[1758203806977096917],,,,-0.654,-0.323,9.565
[1758203806981633792],,,,-0.467,-0.29,9.699
[1758203806986274000],,,,-0.476,-0.168,9.898
[1758203806990807437],,,,-0.766,-0.35,9.814
[1758203806995394625],,,,-0.694,-0.326,9.802
[1758203806999932646],,,,-0.656,-0.244,9.708
[1758203807004468948],,,,-0.608,-0.414,9.771
[1758203807009043062],,,,-0.699,-0.383,9.759
[1758203807014839052],,,,-0.675,-0.285,9.811
[1758203807019572646],,,,-0.745,-0.362,9.797
[1758203807024309521],,,,-0.735,-0.206,9.744
[1758203807029458167],,,,-0.702,-0.426,9.711
[1758203807034614573],,,,-0.512,-0.249,9.742
[1758203807039825042],,,,-0.534,-0.448,9.74
[1758203807044986969],,,,-0.699,-0.314,9.754
[1758203807050119521],,,,-0.622,-0.373,9.797
[1758203807055244260],,,,-0.668,-0.362,9.687
[1758203807060438687],,,,-0.606,-0.441,9.541
[1758203807065734885],,,,-0.737,-0.357,9.941
[1758203807070898792],,,,-0.57,-0.436,9.79
[1758203807076082906],,,,-0.524,-0.333,9.524
[1758203807081229729],,,,-0.673,-0.299,9.732
[1758203807086448010],,,,-0.742,-0.362,9.658
[1758203807091560250],,,,-0.582,-0.227,9.862
[1758203807096724729],,,,-0.57,-0.395,9.663
[1758203807101867646],,,,-0.548,-0.204,9.749
[1758203807107007958],,,,-0.682,-0.302,9.694
[1758203807112123635],,,,-0.728,-0.45,9.57
[1758203807117222594],,,,-0.579,-0.33,9.646
[1758203807122707854],,,,-0.594,-0.254,9.728
[1758203807127957177],,,,-0.52,-0.273,9.792
[1758203807133112229],,,,-0.532,-0.333,9.625
[1758203807138385979],,,,-0.589,-0.28,9.831
[1758203807143513792],,,,-0.527,-0.268,9.74
[1758203807148631864],,,,-0.627,-0.304,9.792
[1758203807153756135],,,,-0.488,-0.273,9.804
[1758203807158928271],,,,-0.582,-0.443,9.618
[1758203807164072802],,,,-0.555,-0.316,9.701
[1758203807169272958],,,,-0.905,-0.294,9.625
[1758203807174438323],,,,-0.716,-0.338,9.761
[1758203807179614885],,,,-0.582,-0.278,9.787
[1758203807184751344],,,,-0.613,-0.553,9.807
[1758203807189940458],,,,-0.551,-0.402,9.828
[1758203807195072333],,,,-0.469,-0.33,9.754
[1758203807200243739],,,,-0.644,-0.335,9.644
[1758203807205362854],,,,-0.472,-0.196,9.723
[1758203807210494104],,,,-0.713,-0.251,9.687
[1758203807215660719],,,,-0.589,-0.204,9.867
[1758203807220834729],,,,-0.577,-0.46,9.787
[1758203807226443531],,,,-0.512,-0.208,9.687
[1758203807231757958],,,,-0.601,-0.407,9.744
[1758203807236970094],,,,-0.596,-0.321,9.67
[1758203807242130562],,,,-0.737,-0.204,9.929
[1758203807247282698],,,,-0.582,-0.275,9.701
[1758203807252405406],,,,-0.51,-0.275,9.716
[1758203807257529729],,,,-0.68,-0.359,9.931
[1758203807262712489],,,,-0.529,-0.218,9.68
[1758203807267932281],,,,-0.601,-0.421,9.677
[1758203807273122906],,,,-0.723,-0.275,9.723
[1758203807278385198],,,,-0.752,-0.383,9.73
[1758203807283533844],,,,-0.575,-0.223,9.675
[1758203807288764416],,,,-0.575,-0.429,9.78
[1758203807293972177],,,,-0.558,-0.292,9.687
[1758203807299132646],,,,-0.749,-0.17,9.886
[1758203807304277541],,,,-0.735,-0.261,9.656
[1758203807309450041],,,,-0.601,-0.29,9.747
[1758203807314566864],,,,-0.649,-0.23,9.749
[1758203807319706448],,,,-0.613,-0.249,9.771
[1758203807324828114],,,,-0.632,-0.215,9.91
[1758203807331298323],,,,-0.532,-0.266,9.78
[1758203807336742125],,,,-0.596,-0.23,9.749
[1758203807341947073],,,,-0.651,-0.455,9.761
[1758203807347103010],,,,-0.668,-0.177,9.804
[1758203807352282125],,,,-0.567,-0.16,9.821
[1758203807357452229],,,,-0.56,-0.299,9.742
[1758203807362634885],,,,-0.668,-0.359,9.73
[1758203807367761916],,,,-0.656,-0.271,9.627
[1758203807372915562],,,,-0.539,-0.163,9.809
[1758203807378138219],,,,-0.637,-0.268,9.752
[1758203807383391708],,,,-0.498,-0.304,9.632
[1758203807388606969],,,,-0.56,-0.287,9.74
[1758203807393736448],,,,-0.735,-0.323,9.694
[1758203807398989729],,,,-0.599,-0.285,9.833
[1758203807404157125],,,,-0.658,-0.285,9.699
[1758203807409281291],,,,-0.536,-0.354,9.776
[1758203807414481083],,,,-0.637,-0.333,9.756
[1758203807419682437],,,,-0.622,-0.326,9.641
[1758203807424864833],,,,-0.644,-0.419,9.692
[1758203807430031760],,,,-0.752,-0.433,9.574
[1758203807435723583],,,,-0.591,-0.168,9.697
[1758203807441072594],,,,-0.634,-0.35,9.764
[1758203807446273531],,,,-0.73,-0.369,9.752
[1758203807454276291],,,,-0.656,-0.414,9.704
[1758203807459499885],,,,-0.503,-0.273,9.718
[1758203807464665406],,,,-0.757,-0.304,9.713
[1758203807469821708],,,,-0.567,-0.294,9.656
[1758203807474964052],,,,-0.678,-0.235,9.723
[1758203807480155354],,,,-0.622,-0.175,9.776
[1758203807485448114],,,,-0.749,-0.335,9.759
[1758203807490695562],,,,-0.733,-0.242,9.811
[1758203807495881187],,,,-0.587,-0.249,9.907
[1758203807501040406],,,,-0.577,-0.254,9.771
[1758203807506306552],,,,-0.694,-0.318,9.711
[1758203807511448479],,,,-0.642,-0.278,9.538
[1758203807517107750],,,,-0.637,-0.321,9.665
[1758203807522847125],,,,-0.582,-0.304,9.639
[1758203807528537698],,,,-0.644,-0.232,9.747
[1758203807535122021],,,,-0.634,-0.381,9.905
[1758203807542048479],,,,-0.632,-0.33,9.689
[1758203807547764729],,,,-0.369,-0.254,9.644
[1758203807554258948],,,,-0.632,-0.237,9.802
[1758203807559931135],,,,-0.479,-0.335,9.74
[1758203807566588375],,,,-0.673,-0.438,9.673
[1758203807573201656],,,,-0.642,-0.338,9.677
[1758203807578741135],,,,-0.752,-0.18,9.737
[1758203807583893271],,,,-0.606,-0.247,9.847
[1758203807589138687],,,,-0.668,-0.294,9.61
[1758203807594258687],,,,-0.668,-0.275,9.694
[1758203807599413948],,,,-0.532,-0.158,9.804
[1758203807604545614],,,,-0.541,-0.235,9.579
[1758203807609696604],,,,-0.694,-0.263,9.823
[1758203807614816291],,,,-0.761,-0.22,9.658
[1758203807620014156],,,,-0.68,-0.244,9.682
[1758203807625359937],,,,-0.721,-0.153,9.754
[1758203807630032750],,,,-0.634,-0.328,9.524
[1758203807634623531],,,,-0.627,-0.381,9.761
[1758203807640269208],,,,-0.673,-0.278,9.718
[1758203807645893114],,,,-0.496,-0.381,9.673
[1758203807651701916],,,,-0.658,-0.29,9.72
[1758203807656434156],,,,-0.642,-0.429,9.89
[1758203807660957437],,,,-0.572,-0.196,9.785
[1758203807665593843],,,,-0.51,-0.285,9.776
[1758203807670148531],,,,-0.706,-0.378,9.694
[1758203807674684625],,,,-0.572,-0.213,9.802
[1758203807679221135],,,,-0.634,-0.261,9.936
[1758203807683765927],,,,-0.601,-0.352,9.826
[1758203807689425562],,,,-0.644,-0.397,9.687
[1758203807694028583],,,,-0.582,-0.316,9.716
[1758203807698699208],,,,-0.639,-0.292,9.85
[1758203807703227698],,,,-0.622,-0.433,9.723
[1758203807707778218],,,,-0.555,-0.309,9.787
[1758203807712316291],,,,-0.637,-0.443,9.902
[1758203807716851916],,,,-0.524,-0.235,9.831
[1758203807721407177],,,,-0.56,-0.354,9.749
[1758203807726017333],,,,-0.589,-0.266,9.862
[1758203807731194781],,,,-0.539,-0.359,9.85
[1758203807736506864],,,,-0.709,-0.402,9.795
[1758203807741742020],,,,-0.658,-0.417,9.756
[1758203807746889677],,,,-0.706,-0.366,9.546
[1758203807752039104],,,,-0.666,-0.354,9.797
[1758203807757638895],,,,-0.579,-0.316,9.804
[1758203807762902645],,,,-0.622,-0.23,9.742
[1758203807768050562],,,,-0.778,-0.225,9.764
[1758203807773238791],,,,-0.716,-0.347,9.919
[1758203807778417125],,,,-0.62,-0.35,9.697
[1758203807783562385],,,,-0.663,-0.455,9.699
[1758203807789945302],,,,-0.764,-0.163,9.694
[1758203807795207020],,,,-0.733,-0.275,9.701
[1758203807800349416],,,,-0.69,-0.314,9.768
[1758203807805469052],,,,-0.579,-0.294,9.692
[1758203807810633791],,,,-0.673,-0.156,9.759
[1758203807815800823],,,,-0.668,-0.326,9.661
[1758203807820955718],,,,-0.673,-0.436,9.675
[1758203807826201395],,,,-0.618,-0.235,9.761
[1758203807831415823],,,,-0.589,-0.441,9.701
[1758203807836717229],,,,-0.541,-0.249,9.701
[1758203807841867020],,,,-0.532,-0.357,9.697
[1758203807847031343],,,,-0.553,-0.323,9.723
[1758203807852205979],,,,-0.359,-0.268,9.749
[1758203807857349781],,,,-0.536,-0.306,9.771
[1758203807864046135],,,,-0.63,-0.405,9.778
[1758203807869387802],,,,-0.469,-0.393,9.699
[1758203807874511083],,,,-0.314,-0.352,9.73
[1758203807879647958],,,,-0.649,-0.287,9.804
[1758203807884770093],,,,-0.551,-0.357,9.735
[1758203807889991864],,,,-0.486,-0.357,9.816
[1758203807895129364],,,,-0.752,-0.381,9.74
[1758203807900257437],,,,-0.74,-0.206,9.752
[1758203807905385406],,,,-0.472,-0.304,9.735
[1758203807910672541],,,,-0.694,-0.323,9.62
[1758203807915872072],,,,-0.503,-0.345,9.723
[1758203807921022281],,,,-0.587,-0.373,9.582
[1758203807926209885],,,,-0.622,-0.18,9.756
[1758203807931389000],,,,-0.599,-0.373,9.756
[1758203807936623166],,,,-0.524,-0.326,9.689
[1758203807941768635],,,,-0.577,-0.294,9.809
[1758203807946937750],,,,-0.532,-0.158,9.682
[1758203807952068739],,,,-0.69,-0.455,9.91
[1758203807957199312],,,,-0.919,-0.385,9.845
[1758203807962318218],,,,-0.534,-0.278,9.689
[1758203807968029625],,,,-0.5,-0.271,9.857
[1758203807973302958],,,,-0.474,-0.285,9.761
[1758203807978482854],,,,-0.474,-0.405,9.776
[1758203807983623843],,,,-0.555,-0.424,9.826
[1758203807988851604],,,,-0.699,-0.314,9.744
[1758203807994019989],,,,-0.68,-0.342,9.68
[1758203807999180718],,,,-0.462,-0.414,9.79
[1758203808004345041],,,,-0.716,-0.362,9.752
[1758203808009547854],,,,-0.563,-0.261,9.73
[1758203808014811500],,,,-0.577,-0.357,9.687
[1758203808019956135],,,,-0.603,-0.268,9.708
[1758203808025110354],,,,-0.642,-0.366,9.778
[1758203808030307697],,,,-0.603,-0.424,9.754
[1758203808035490718],,,,-0.658,-0.127,9.756
[1758203808040704000],,,,-0.721,-0.239,9.809
[1758203808045915666],,,,-0.761,-0.388,9.685
[1758203808051129677],,,,-0.622,-0.45,9.742
[1758203808056361864],,,,-0.63,-0.431,9.598
[1758203808061492333],,,,-0.678,-0.302,9.67
[1758203808066705458],,,,-0.467,-0.235,9.78
[1758203808071847020],,,,-0.747,-0.304,9.72
[1758203808077387906],,,,-0.84,-0.369,9.778
[1758203808082634989],,,,-0.527,-0.254,9.785
[1758203808087888427],,,,-0.63,-0.213,9.752
[1758203808093010875],,,,-0.63,-0.294,9.503
[1758203808098194729],,,,-0.682,-0.163,9.692
[1758203808103361395],,,,-0.759,-0.163,9.728
[1758203808108546656],,,,-0.713,-0.302,9.799
[1758203808113711291],,,,-0.702,-0.536,9.9
[1758203808118866552],,,,-0.632,-0.352,9.67
[1758203808124074260],,,,-0.613,-0.314,9.888
[1758203808129258947],,,,-0.551,-0.417,9.79
[1758203808134429677],,,,-0.618,-0.247,9.802
[1758203808139829156],,,,-0.627,-0.278,9.732
[1758203808144965197],,,,-0.766,-0.35,9.735
[1758203808150140666],,,,-0.692,-0.302,9.778
[1758203808155265874],,,,-0.584,-0.294,9.744
[1758203808161239260],,,,-0.582,-0.175,9.773
[1758203808167711552],,,,-0.469,-0.189,9.811
[1758203808174339208],,,,-0.608,-0.16,9.869
[1758203808180195354],,,,-0.711,-0.287,9.776
[1758203808186585770],,,,-0.548,-0.376,9.632
[1758203808192354312],,,,-0.622,-0.175,9.536
[1758203808198020874],,,,-0.625,-0.342,9.967
[1758203808204511135],,,,-0.725,-0.33,9.855
[1758203808211135718],,,,-0.472,-0.364,9.843
[1758203808216839364],,,,-0.848,-0.172,9.847
[1758203808223259937],,,,-0.675,-0.342,9.888
[1758203808229293583],,,,-0.646,-0.33,9.852
[1758203808233135718],,,,-0.599,-0.294,9.862
[1758203808236922906],,,,-0.67,-0.232,10.108
[1758203808240604208],,,,-0.651,-0.175,9.876
[1758203808244277020],,,,-0.816,-0.29,9.926
[1758203808247971447],,,,-0.627,-0.208,9.826
[1758203808251643895],,,,-0.493,-0.347,9.941
[1758203808255343010],,,,-0.606,-0.345,9.85
[1758203808259007437],,,,-0.584,-0.419,10.048
[1758203808262700406],,,,-0.737,-0.259,9.673
[1758203808266409937],,,,-0.634,-0.251,9.735
[1758203808270093114],,,,-0.685,-0.294,9.852
[1758203808273857229],,,,-0.611,-0.23,9.833
[1758203808277566343],,,,-0.637,-0.412,9.78
[1758203808282289624],,,,-0.498,-0.354,9.661
[1758203808286353270],,,,-0.563,-0.297,9.759
[1758203808290137072],,,,-0.649,-0.299,9.706
[1758203808293828166],,,,-0.69,-0.302,9.969
[1758203808297529572],,,,-0.591,-0.314,9.819
[1758203808301198322],,,,-0.661,-0.335,9.993
[1758203808304936552],,,,-0.488,-0.397,9.675
[1758203808308642645],,,,-0.649,-0.18,9.862
[1758203808312316916],,,,-0.51,-0.364,9.878
[1758203808316010874],,,,-0.642,-0.366,9.936
[1758203808319686760],,,,-0.567,-0.448,9.893
[1758203808323370614],,,,-0.757,-0.409,9.732
[1758203808327091760],,,,-0.515,-0.366,9.807
[1758203808330866135],,,,-0.601,-0.206,9.685
[1758203808334617801],,,,-0.663,-0.333,9.665
[1758203808338384781],,,,-0.651,-0.271,9.697
[1758203808342065770],,,,-0.706,-0.048,9.831
[1758203808345766083],,,,-0.694,-0.136,9.785
[1758203808349451656],,,,-0.668,-0.364,9.797
[1758203808353127801],,,,-0.462,-0.158,9.804
[1758203808356823062],,,,-0.472,-0.283,9.764
[1758203808360498791],,,,-0.752,-0.371,9.902
[1758203808364171760],,,,-0.663,-0.402,9.68
[1758203808367870822],,,,-0.558,-0.314,9.67
[1758203808371545249],,,,-0.776,-0.405,9.876
[1758203808375244312],,,,-0.63,-0.218,9.843
[1758203808378909989],,,,-0.639,-0.223,9.934
[1758203808382590510],,,,-0.644,-0.318,9.783
[1758203808386618166],,,,-0.74,-0.247,9.914
[1758203808390405354],,,,-0.718,-0.275,9.931
[1758203808394098999],,,,-0.62,-0.002,9.754
[1758203808397788479],,,,-0.622,-0.297,9.902
[1758203808401465874],,,,-0.785,-0.409,9.922
[1758203808405178687],,,,-0.675,-0.271,9.883
[1758203808408853999],,,,-0.608,-0.218,9.802
[1758203808412530510],,,,-0.618,-0.405,9.795
[1758203808416218374],,,,-0.565,-0.283,9.852
[1758203808419892697],,,,-0.69,-0.311,9.725
[1758203808423581968],,,,-0.565,-0.306,9.862
[1758203808427291812],,,,-0.697,-0.237,9.845
[1758203808431057906],,,,-0.668,-0.345,9.833
[1758203808434849312],,,,-0.668,-0.318,9.771
[1758203808438561812],,,,-0.709,-0.204,9.783
[1758203808442258218],,,,-0.663,-0.448,9.819
[1758203808446047801],,,,-0.682,-0.28,9.735
[1758203808449726656],,,,-0.587,-0.335,9.821
[1758203808453419051],,,,-0.699,-0.163,9.953
[1758203808457099729],,,,-0.567,-0.407,9.804
[1758203808460762749],,,,-0.747,-0.321,9.843
[1758203808464549729],,,,-0.608,-0.347,9.946
[1758203808468268010],,,,-0.481,-0.163,9.926
[1758203808471987749],,,,-0.524,-0.366,9.867
[1758203808475704156],,,,-0.56,-0.141,9.852
[1758203808479380041],,,,-0.57,-0.421,10.058
[1758203808483056499],,,,-0.613,-0.273,9.85
[1758203808486796187],,,,-0.642,-0.335,9.878
[1758203808490529416],,,,-0.678,-0.309,9.67
[1758203808494506604],,,,-0.733,-0.29,9.907
[1758203808498314104],,,,-0.63,-0.338,9.701
[1758203808501994729],,,,-0.474,-0.211,9.819
[1758203808505677749],,,,-0.613,-0.23,9.795
[1758203808509382854],,,,-0.56,-0.302,9.859
[1758203808513067958],,,,-0.589,-0.352,9.914
[1758203808516778479],,,,-0.622,-0.251,9.926
[1758203808520496187],,,,-0.622,-0.251,9.558
[1758203808524176499],,,,-0.687,-0.306,9.675
[1758203808527862229],,,,-0.622,-0.196,9.914
[1758203808534305197],,,,-0.663,-0.376,9.744
[1758203808538157229],,,,-0.745,-0.33,9.883
[1758203808541860874],,,,-0.587,-0.34,9.773
[1758203808545591343],,,,-0.613,-0.283,9.692
[1758203808549295666],,,,-0.692,-0.362,9.845
[1758203808552991760],,,,-0.711,-0.259,9.783
[1758203808556699728],,,,-0.658,-0.302,10.015
[1758203808560371083],,,,-0.464,-0.208,9.728
[1758203808564057958],,,,-0.606,-0.259,9.835
[1758203808567795458],,,,-0.596,-0.259,9.946
[1758203808571504833],,,,-0.62,-0.215,9.934
[1758203808575227489],,,,-0.73,-0.247,9.737
[1758203808579010926],,,,-0.644,-0.364,9.845
[1758203808582779364],,,,-0.651,-0.429,9.677
[1758203808586528218],,,,-0.721,-0.17,9.776
[1758203808590203999],,,,-0.474,-0.39,9.881
[1758203808593907749],,,,-0.675,-0.309,9.682
[1758203808597667124],,,,-0.661,-0.294,9.843
[1758203808601698843],,,,-0.563,-0.318,9.713
[1758203808605423791],,,,-0.644,-0.261,9.754
[1758203808609137437],,,,-0.69,-0.371,9.768
[1758203808612810926],,,,-0.783,-0.247,9.673
[1758203808616514572],,,,-0.658,-0.318,9.871
[1758203808620216499],,,,-0.678,-0.168,9.857
[1758203808623891708],,,,-0.668,-0.395,9.802
[1758203808627570510],,,,-0.558,-0.165,9.78
[1758203808631239781],,,,-0.541,-0.247,9.809
[1758203808635042853],,,,-0.833,-0.357,9.795
[1758203808638782020],,,,-0.713,-0.299,9.862
[1758203808642511916],,,,-0.472,-0.22,10.003
[1758203808646696656],,,,-0.654,-0.242,9.582
[1758203808650723531],,,,-0.582,-0.268,9.764
[1758203808654687697],,,,-0.632,-0.302,9.776
[1758203808658625093],,,,-0.57,-0.429,9.706
[1758203808662530041],,,,-0.63,-0.184,9.732
[1758203808666462385],,,,-0.656,-0.278,9.682
[1758203808671244676],,,,-0.601,-0.321,9.778
[1758203808676123114],,,,-0.627,-0.328,9.725
[1758203808680098114],,,,-0.603,-0.271,9.708
[1758203808684043426],,,,-0.68,-0.323,9.768
[1758203808688019364],,,,-0.709,-0.357,9.749
[1758203808691823999],,,,-0.582,-0.172,9.847
[1758203808695563739],,,,-0.646,-0.218,9.828
[1758203808699244885],,,,-0.527,-0.292,9.924
[1758203808702935718],,,,-0.747,-0.333,10.005
[1758203808706960822],,,,-0.692,-0.39,9.706
[1758203808710646864],,,,-0.575,-0.165,9.919
[1758203808714324260],,,,-0.577,-0.271,9.974
[1758203808718077228],,,,-0.536,-0.232,9.773
[1758203808721867593],,,,-0.606,-0.362,10.039
[1758203808725589572],,,,-0.563,-0.445,9.946
[1758203808729267801],,,,-0.589,-0.306,9.912
[1758203808732960978],,,,-0.579,-0.357,10.111
[1758203808737576656],,,,-0.606,-0.335,9.752
[1758203808741401447],,,,-0.673,-0.271,9.919
[1758203808745100770],,,,-0.63,-0.369,9.778
[1758203808748772281],,,,-0.694,-0.278,9.663
[1758203808752481291],,,,-0.637,-0.335,9.941
[1758203808756187958],,,,-0.608,-0.412,9.785
[1758203808759859051],,,,-0.673,-0.383,9.929
[1758203808763599103],,,,-0.615,-0.259,9.732
[1758203808767327124],,,,-0.527,-0.345,9.936
[1758203808771054937],,,,-0.582,-0.175,9.79
[1758203808774792593],,,,-0.474,-0.333,9.902
[1758203808778486708],,,,-0.558,-0.242,9.792
[1758203808782213895],,,,-0.711,-0.409,9.567
[1758203808786232645],,,,-0.553,-0.33,9.84
[1758203808789981343],,,,-0.718,-0.168,9.656
[1758203808793669051],,,,-0.737,-0.204,9.816
[1758203808797378635],,,,-0.579,-0.23,9.895
[1758203808801045926],,,,-0.634,-0.323,9.823
[1758203808804766135],,,,-0.74,-0.577,9.996
[1758203808809228635],,,,-0.532,-0.271,9.871
[1758203808813082489],,,,-0.702,-0.316,9.776
[1758203808817101864],,,,-0.632,-0.165,9.677
[1758203808820835249],,,,-0.642,-0.232,10.092
[1758203808824553218],,,,-0.632,-0.347,9.682
[1758203808828268530],,,,-0.67,-0.342,9.752
[1758203808831952020],,,,-0.694,-0.168,9.878
[1758203808835676812],,,,-0.472,-0.215,9.902
[1758203808839353166],,,,-0.673,-0.263,9.867
[1758203808843040197],,,,-0.661,-0.067,10.111
[1758203808846803478],,,,-0.599,-0.328,9.91
[1758203808850472645],,,,-0.654,-0.263,9.864
[1758203808854171187],,,,-0.541,-0.309,9.852
[1758203808858003218],,,,-0.589,-0.316,9.673
[1758203808861680301],,,,-0.472,-0.254,9.912
[1758203808865375041],,,,-0.658,-0.278,9.766
[1758203808869034155],,,,-0.644,-0.271,10.044
[1758203808872741239],,,,-0.682,-0.405,9.852
[1758203808876447124],,,,-0.599,-0.266,9.895
[1758203808880154989],,,,-0.606,-0.318,9.917
[1758203808883818947],,,,-0.498,-0.39,9.948
[1758203808887583270],,,,-0.656,-0.227,9.685
[1758203808891243843],,,,-0.733,-0.335,9.653
[1758203808894997645],,,,-0.761,-0.342,9.706
[1758203808898672801],,,,-0.462,-0.445,9.979
[1758203808902395562],,,,-0.73,-0.273,9.816
[1758203808906135353],,,,-0.632,-0.18,9.864
[1758203808909822176],,,,-0.627,-0.194,9.84
[1758203808913496708],,,,-0.534,-0.172,9.797
[1758203808917252958],,,,-0.548,-0.347,9.823
[1758203808921895510],,,,-0.584,-0.172,9.843
[1758203808925759728],,,,-0.704,-0.357,9.831
[1758203808929535822],,,,-0.455,-0.383,9.833
[1758203808933298530],,,,-0.467,-0.294,9.766
[1758203808938513218],,,,-0.627,-0.311,9.752
[1758203808943650718],,,,-0.869,-0.33,9.922
[1758203808948803374],,,,-0.996,-0.175,9.613
[1758203808953902801],,,,-0.828,-0.175,9.656
[1758203808959012853],,,,-0.663,-0.328,9.704
[1758203808964143426],,,,-0.196,-0.239,10.151
[1758203808969356760],,,,-0.848,-0.584,9.486
[1758203808974565822],,,,-0.498,-0.321,9.675
[1758203808979761968],,,,-0.438,-0.201,9.503
[1758203808984888947],,,,-0.421,-0.208,9.9
[1758203808990092541],,,,-0.299,-0.17,9.328
[1758203808995209885],,,,-0.414,-0.429,9.823
[1758203809000411082],,,,0.06,-0.321,9.258
[1758203809005533843],,,,-0.134,-0.031,9.864
[1758203809010751343],,,,-0.852,-0.536,9.732
[1758203809015935926],,,,-0.563,-0.306,9.426
[1758203809021063687],,,,-0.678,-0.383,9.859
[1758203809027500145],,,,-0.493,-0.448,9.534
[1758203809032898582],,,,-0.754,-0.373,9.835
[1758203809038516343],,,,-0.632,-0.582,9.831
[1758203809043656707],,,,0.199,0.012,9.73
[1758203809048792749],,,,-1.039,-0.685,9.701
[1758203809053896760],,,,-0.378,0.907,9.567
[1758203809058985353],,,,-2.813,-3.29,9.773
[1758203809064107124],,,,-8.296,-3.033,9.613
[1758203809069286291],,,,-1.305,-2.246,9.543
[1758203809074486968],,,,-4.336,-3.342,9.531
[1758203809079734364],,,,0.886,-0.716,9.558
[1758203809084919728],,,,0.603,-0.309,10.02
[1758203809090165093],,,,-0.177,1.132,9.613
[1758203809095313166],,,,-0.972,0.512,9.804
[1758203809100508322],,,,0.117,-0.553,9.804
[1758203809105666760],,,,-0.539,-0.532,9.665
[1758203809110884989],,,,-2.732,-2.21,9.225
[1758203809116068374],,,,-2.121,0.249,9.914
[1758203809121391187],,,,0.024,-0.946,9.644
[1758203809126569103],,,,-1.693,1.051,9.687
[1758203809131807385],,,,-2.303,-2.722,9.55
[1758203809137414416],,,,-1.647,-4.647,9.658
[1758203809142563010],,,,0.211,-2.193,9.491
[1758203809147955562],,,,0.524,-0.476,9.625
[1758203809153126812],,,,0.675,-0.227,10.396
[1758203809158270614],,,,1.721,1.856,9.527
[1758203809163356707],,,,0.599,-2.016,9.586
[1758203809170847124],,,,-1.444,0.115,9.38
[1758203809176056655],,,,0.022,-0.63,9.373
[1758203809181320093],,,,0.089,0.567,9.694
[1758203809188130926],,,,-0.955,0.254,9.299
[1758203809193779676],,,,-2.828,0.661,9.78
[1758203809200339155],,,,-0.256,-1.341,9.869
[1758203809207145249],,,,-0.962,-5.047,9.263
[1758203809212928582],,,,0.158,0.278,9.613
[1758203809219456551],,,,-0.187,-0.922,9.622
[1758203809226185457],,,,1.532,1.353,9.407
[1758203809232821707],,,,-1.432,1.683,9.697
[1758203809237638530],,,,-0.546,-0.62,9.766
[1758203809242371499],,,,-0.019,0.491,9.735
[1758203809247288114],,,,-0.498,1.324,9.567
[1758203809251092853],,,,-0.065,2.33,9.694
[1758203809254836916],,,,-0.795,0.196,9.871
[1758203809258512541],,,,1.123,0.256,10.436
[1758203809262178895],,,,0.977,3.804,9.79
[1758203809265885978],,,,-0.886,1.856,9.704
[1758203809269558843],,,,0.656,1.233,9.876
[1758203809273226655],,,,-0.524,-0.922,10.008
[1758203809276937749],,,,1.63,0.737,9.967
[1758203809280601603],,,,0.074,0.247,9.902
[1758203809284273322],,,,1.41,2.88,9.874
[1758203809288018374],,,,-0.397,-0.596,9.89
[1758203809291778791],,,,-0.227,0.232,9.862
[1758203809295543582],,,,0.888,0.785,10.029
[1758203809299216134],,,,0.28,0.687,9.881
[1758203809302876499],,,,0.148,0.608,10.044
[1758203809306578791],,,,-0.11,0.201,9.835
[1758203809310240301],,,,-0.034,0.156,9.919
[1758203809313911551],,,,-0.127,0.014,9.653
[1758203809317613687],,,,-0.081,0.069,9.72
[1758203809321281812],,,,-0.242,0.101,9.737
[1758203809325031655],,,,-0.165,0.103,9.823
[1758203809328724676],,,,-0.065,0.192,9.867
[1758203809332382957],,,,-0.151,0.053,10.001
[1758203809336100562],,,,-0.201,0.024,9.955
[1758203809339781134],,,,-0.06,0.036,9.778
[1758203809343464312],,,,-0.175,0.314,10.02
[1758203809347694832],,,,0.01,0.093,9.871
[1758203809351413843],,,,-0.019,0.038,9.876
[1758203809355116916],,,,-0.132,0.18,9.732
[1758203809358797072],,,,-0.45,0.163,9.847
[1758203809362465874],,,,-0.388,0.079,9.862
[1758203809366158791],,,,-0.074,-0.019,9.878
[1758203809369841603],,,,-0.036,0.0,10.051
[1758203809373518062],,,,-0.184,0.108,9.771
[1758203809377196916],,,,-0.16,0.022,9.807
[1758203809380842384],,,,-0.268,0.043,9.924
[1758203809384572437],,,,-0.182,0.151,9.819
[1758203809388311447],,,,-0.172,0.18,9.84
[1758203809392078426],,,,-0.122,0.05,9.907
[1758203809396010509],,,,-0.395,0.175,9.948
[1758203809399712280],,,,-0.273,0.091,9.864
[1758203809403382280],,,,0.062,0.055,9.819
[1758203809407043009],,,,-0.251,0.062,9.953
[1758203809410692905],,,,-0.211,0.041,9.855
[1758203809414367905],,,,-0.192,0.036,10.008
[1758203809418084780],,,,-0.093,0.072,9.819
[1758203809421761603],,,,-0.182,0.278,9.881
[1758203809425434572],,,,-0.201,0.065,9.881
[1758203809429088582],,,,-0.065,0.101,9.993
[1758203809432755822],,,,0.055,0.074,9.838
[1758203809436472124],,,,-0.256,0.153,9.802
[1758203809440141811],,,,-0.079,0.17,9.828
[1758203809443880353],,,,-0.139,0.148,9.886
[1758203809448042332],,,,0.002,0.232,9.57
[1758203809451748478],,,,-0.292,0.017,10.029
[1758203809455446655],,,,0.084,0.18,9.802
[1758203809459130874],,,,-0.436,0.079,9.596
[1758203809462835301],,,,-0.378,0.091,9.972
[1758203809466556707],,,,-0.108,0.158,9.613
[1758203809470256655],,,,-0.223,0.062,9.934
[1758203809473927436],,,,-0.187,0.177,9.843
[1758203809477619624],,,,-0.151,0.103,9.749
[1758203809481290249],,,,-0.156,0.127,10.053
[1758203809485049416],,,,-0.108,0.06,9.831
[1758203809488811707],,,,-0.235,0.086,9.883
[1758203809492580509],,,,-0.074,0.127,9.907
[1758203809496521343],,,,-0.271,0.062,9.874
[1758203809500256551],,,,-0.05,0.045,9.742
[1758203809503923009],,,,-0.062,0.0,9.843
[1758203809507588166],,,,-0.048,0.163,9.871
[1758203809511268009],,,,-0.254,0.244,9.811
[1758203809514998114],,,,-0.249,0.266,9.845
[1758203809518710353],,,,-0.141,0.146,9.938
[1758203809522399416],,,,-0.481,0.113,9.816
[1758203809526075822],,,,-0.055,0.079,9.943
[1758203809529745405],,,,-0.194,0.208,9.905
[1758203809533430145],,,,-0.407,0.036,9.864
[1758203809537190457],,,,-0.211,0.012,9.924
[1758203809540977436],,,,-0.357,0.002,9.74
[1758203809544772332],,,,-0.429,0.12,9.914
[1758203809548538061],,,,-0.084,0.045,9.943
[1758203809552470249],,,,-0.237,0.084,10.01
[1758203809556227853],,,,-0.192,0.038,9.771
[1758203809559887853],,,,-0.204,0.053,9.694
[1758203809563636968],,,,-0.175,0.069,9.922
[1758203809567377541],,,,-0.194,0.192,9.869
[1758203809571052905],,,,-0.036,0.28,9.826
[1758203809574773686],,,,-0.072,0.012,9.934
[1758203809578428791],,,,-0.153,0.081,9.797
[1758203809582128270],,,,-0.098,0.108,9.771
[1758203809585883791],,,,-0.06,0.146,9.79
[1758203809589554364],,,,-0.211,0.139,9.766
[1758203809593285666],,,,-0.196,0.105,9.996
[1758203809597157541],,,,-0.05,0.065,9.91
[1758203809600842436],,,,-0.17,0.194,9.859
[1758203809604587228],,,,-0.11,0.105,9.835
[1758203809608285822],,,,-0.251,0.144,9.867
[1758203809611954780],,,,-0.156,0.177,9.955
[1758203809615668947],,,,-0.132,0.12,9.749
[1758203809619337801],,,,-0.316,0.148,9.9
[1758203809623028686],,,,-0.086,0.129,9.979
[1758203809626706759],,,,-0.22,0.139,9.876
[1758203809630415822],,,,-0.115,0.194,10.058
[1758203809634090822],,,,-0.187,0.019,9.924
[1758203809637814468],,,,-0.28,0.053,9.907
[1758203809642824520],,,,-0.172,0.084,9.95
[1758203809646680874],,,,-0.213,0.024,9.797
[1758203809650365613],,,,-0.426,0.148,9.929
[1758203809654179311],,,,-0.199,0.134,9.871
[1758203809657929676],,,,-0.311,0.048,10.02
[1758203809661614416],,,,-0.098,0.089,10.06
[1758203809665714155],,,,-0.16,0.141,9.68
[1758203809669727749],,,,-0.271,0.062,9.871
[1758203809673634155],,,,-0.278,0.17,10.056
[1758203809677586447],,,,-0.328,0.211,9.783
[1758203809681484051],,,,-0.069,0.019,9.737
[1758203809685395145],,,,-0.232,0.086,9.773
[1758203809689303322],,,,-0.177,0.175,9.814
[1758203809693199155],,,,-0.28,0.06,9.787
[1758203809697193061],,,,-0.062,0.079,9.78
[1758203809701171863],,,,-0.283,0.084,9.802
[1758203809705188478],,,,-0.208,0.196,9.78
[1758203809709254103],,,,-0.194,0.129,9.826
[1758203809712959103],,,,-0.354,0.165,9.998
[1758203809716705770],,,,-0.141,0.175,10.01
[1758203809720395613],,,,-0.184,0.22,9.938
[1758203809724097280],,,,-0.271,0.28,9.989
[1758203809727859676],,,,-0.239,0.134,9.708
[1758203809731541238],,,,-0.182,0.089,9.89
[1758203809735238530],,,,-0.014,0.041,9.852
[1758203809738934520],,,,-0.158,0.072,9.811
[1758203809742620145],,,,-0.369,0.163,9.838
[1758203809746404207],,,,-0.256,0.132,9.783
[1758203809750171655],,,,-0.022,0.117,9.795
[1758203809753946655],,,,-0.048,0.175,9.936
[1758203809758650353],,,,-0.208,0.122,9.91
[1758203809762523895],,,,-0.271,0.184,9.725
[1758203809766313895],,,,-0.22,0.048,9.953
[1758203809769997072],,,,-0.177,0.098,9.912
[1758203809773676343],,,,-0.223,0.304,9.91
[1758203809777387645],,,,-0.352,0.11,9.89
[1758203809781052072],,,,-0.057,0.256,9.85
[1758203809784759988],,,,-0.175,0.17,9.993
[1758203809788483634],,,,-0.084,0.144,9.84
[1758203809792179624],,,,-0.182,0.141,9.831
[1758203809796810874],,,,-0.259,0.072,9.74
[1758203809800588947],,,,-0.065,0.084,9.716
[1758203809804264832],,,,-0.141,0.079,9.85
[1758203809807961291],,,,-0.182,0.108,9.91
[1758203809811633374],,,,-0.292,0.077,9.816
[1758203809815323582],,,,-0.208,0.206,9.826
[1758203809818994416],,,,-0.266,0.072,9.701
[1758203809822700822],,,,-0.254,0.251,9.742
[1758203809826391551],,,,-0.201,0.285,9.807
[1758203809830110822],,,,-0.263,0.227,9.955
[1758203809833799416],,,,-0.18,0.098,10.046
[1758203809837522801],,,,-0.053,0.254,9.89
[1758203809841265145],,,,-0.225,0.148,9.969
[1758203809845093530],,,,-0.261,0.093,9.943
[1758203809848809416],,,,-0.105,0.113,9.869
[1758203809852485770],,,,-0.275,0.005,9.857
[1758203809856200926],,,,-0.278,0.189,9.876
[1758203809859873478],,,,-0.292,0.081,9.845
[1758203809864518218],,,,-0.251,0.012,9.876
[1758203809868361238],,,,-0.086,0.175,9.979
[1758203809872127645],,,,-0.235,0.12,9.819
[1758203809875781968],,,,-0.235,0.089,9.843
[1758203809879417593],,,,-0.261,0.06,10.015
[1758203809883082540],,,,-0.168,0.136,9.838
[1758203809886790197],,,,-0.326,0.261,9.522
[1758203809890459884],,,,-0.302,0.077,9.881
[1758203809894123009],,,,-0.124,0.081,9.898
[1758203809897857124],,,,-0.175,0.168,10.07
[1758203809901552697],,,,-0.259,0.199,9.926
[1758203809905313530],,,,-0.113,0.153,9.704
[1758203809909022905],,,,-0.338,0.019,9.771
[1758203809912777228],,,,-0.287,0.055,9.835
[1758203809916445978],,,,-0.136,0.146,9.962
[1758203809920144363],,,,-0.134,0.086,9.811
[1758203809923861655],,,,-0.285,0.134,9.735
[1758203809927568061],,,,-0.017,0.23,10.001
[1758203809931236863],,,,-0.263,0.091,9.914
[1758203809934991915],,,,-0.139,0.108,9.725
[1758203809938694884],,,,-0.115,0.175,10.075
[1758203809943437957],,,,-0.117,0.259,9.826
[1758203809948720145],,,,-0.074,0.263,9.783
[1758203809953886343],,,,-0.182,0.223,9.72
[1758203809959036238],,,,-0.354,0.053,9.826
[1758203809964166082],,,,-0.144,0.122,9.89
[1758203809970538374],,,,-0.273,0.22,9.711
[1758203809975906030],,,,-0.043,0.091,9.776
[1758203809982293374],,,,-0.165,0.182,9.637
[1758203809987546030],,,,-0.16,0.287,9.653
[1758203809992672801],,,,-0.213,0.199,10.001
[1758203809997893790],,,,-0.034,0.077,9.881
[1758203810002995249],,,,0.074,0.103,9.819
[1758203810008111551],,,,-0.091,0.108,9.735
[1758203810013224520],,,,-0.108,0.127,9.881
[1758203810018405822],,,,-0.215,0.141,9.754
[1758203810023531915],,,,-0.067,0.012,9.893
[1758203810028721134],,,,-0.122,0.089,9.792
[1758203810033883843],,,,-0.22,0.084,9.953
[1758203810039107488],,,,-0.163,0.079,9.902
[1758203810044273947],,,,-0.077,0.079,9.862
[1758203810049488478],,,,-0.215,0.184,9.704
[1758203810054623426],,,,-0.144,0.136,9.754
[1758203810059830093],,,,-0.069,0.108,9.797
[1758203810065121030],,,,-0.065,0.089,9.697
[1758203810070294728],,,,-0.156,0.081,9.893
[1758203810075411603],,,,-0.259,0.187,9.96
[1758203810081955092],,,,-0.041,0.108,9.711
[1758203810087566707],,,,-0.168,0.048,9.78
[1758203810092714728],,,,-0.148,0.101,9.802
[1758203810097991030],,,,-0.261,0.139,9.831
[1758203810103131290],,,,-0.412,0.043,9.807
[1758203810108294103],,,,-0.034,0.081,9.795
[1758203810113414311],,,,-0.192,0.163,9.57
[1758203810118541863],,,,-0.223,0.031,9.867
[1758203810123670613],,,,-0.196,0.101,9.73
[1758203810128962957],,,,-0.029,0.072,9.771
[1758203810134081342],,,,-0.062,0.134,9.838
[1758203810139195197],,,,-0.007,0.01,9.886
[1758203810144358270],,,,-0.187,0.158,9.929
[1758203810149620509],,,,-0.206,0.165,9.749
[1758203810154744467],,,,-0.192,0.268,9.512
[1758203810159855561],,,,-0.11,0.184,9.917
[1758203810165001342],,,,-0.213,0.036,9.716
[1758203810170306447],,,,-0.306,0.134,9.797
[1758203810175447176],,,,-0.237,0.129,9.773
[1758203810180648947],,,,-0.376,0.024,9.957
[1758203810185843322],,,,-0.17,0.065,9.685
[1758203810191045717],,,,-0.215,0.101,9.948
[1758203810196868061],,,,-0.196,0.077,9.893
[1758203810203308582],,,,-0.225,0.096,9.807
[1758203810210089728],,,,-0.254,0.048,9.776
[1758203810215816655],,,,-0.184,0.048,9.756
[1758203810222420717],,,,-0.031,0.053,9.876
[1758203810229090040],,,,-0.273,0.261,9.723
[1758203810235600717],,,,-0.201,0.074,9.912
[1758203810241387072],,,,-0.225,0.172,9.783
[1758203810246429676],,,,-0.278,0.041,9.869
[1758203810251228634],,,,-0.134,0.172,9.878
[1758203810257069936],,,,-0.225,0.101,9.799
[1758203810261968061],,,,-0.261,0.005,9.771
[1758203810266757540],,,,-0.136,-0.103,9.78
[1758203810271292645],,,,-0.077,0.036,9.795
[1758203810275889051],,,,-0.263,0.115,9.725
[1758203810280551030],,,,-0.194,-0.062,9.776
[1758203810285083374],,,,0.026,0.024,9.706
[1758203810289656394],,,,-0.127,0.014,9.706
[1758203810294180926],,,,-0.038,0.048,9.826
[1758203810298740144],,,,-0.103,0.005,9.737
[1758203810303365301],,,,-0.192,0.062,9.718
[1758203810308015874],,,,-0.053,-0.151,9.668
[1758203810312550769],,,,-0.163,0.093,9.725
[1758203810317112540],,,,-0.187,0.017,9.919
[1758203810321640978],,,,-0.23,0.134,9.955
[1758203810326186499],,,,-0.29,0.194,9.754
[1758203810330702905],,,,-0.177,0.093,9.529
[1758203810335333790],,,,-0.17,0.184,9.725
[1758203810339985874],,,,-0.22,0.172,9.735
[1758203810345048894],,,,-0.309,0.007,9.768
[1758203810351653582],,,,-0.259,0.017,9.759
[1758203810358042592],,,,-0.237,0.151,9.699
[1758203810363233634],,,,-0.215,0.067,9.708
[1758203810368483217],,,,-0.144,0.105,9.744
[1758203810373631290],,,,-0.206,0.28,9.852
[1758203810378781863],,,,-0.251,0.108,9.888
[1758203810383897228],,,,-0.28,0.211,9.831
[1758203810390270457],,,,-0.124,0.22,9.811
[1758203810395528894],,,,-0.089,0.165,9.747
[1758203810400677019],,,,-0.232,0.196,9.749
[1758203810405859259],,,,-0.163,0.146,9.79
[1758203810411043894],,,,-0.4,0.105,9.756
[1758203810416218947],,,,-0.148,0.23,9.754
[1758203810421370613],,,,-0.354,0.184,9.701
[1758203810426512540],,,,-0.22,0.053,9.756
[1758203810431671603],,,,-0.426,0.115,9.953
[1758203810436909155],,,,-0.204,0.139,9.761
[1758203810442037749],,,,-0.215,0.124,9.503
[1758203810447188217],,,,-0.113,0.215,9.538
[1758203810452323322],,,,-0.268,0.117,9.653
[1758203810457929624],,,,-0.136,0.053,9.768
[1758203810463080301],,,,-0.184,0.189,9.704
[1758203810468185405],,,,-0.199,0.089,9.735
[1758203810473293999],,,,-0.249,0.12,9.804
[1758203810478445926],,,,-0.163,0.213,9.665
[1758203810483561863],,,,-0.239,0.134,9.924
[1758203810488653738],,,,-0.448,0.206,9.711
[1758203810493762332],,,,-0.194,0.113,9.785
[1758203810499275822],,,,-0.11,0.024,9.718
[1758203810504538738],,,,-0.225,0.086,9.768
[1758203810509766863],,,,-0.187,0.136,9.886
[1758203810514901655],,,,-0.187,0.096,9.742
[1758203810520058009],,,,-0.053,0.172,9.732
[1758203810525175196],,,,-0.036,0.072,10.029
[1758203810530285196],,,,-0.192,0.115,9.869
[1758203810535399415],,,,-0.165,-0.086,9.931
[1758203810540603634],,,,-0.194,0.259,9.699
[1758203810545856811],,,,-0.18,0.101,9.85
[1758203810551009103],,,,-0.259,0.182,9.802
[1758203810556242749],,,,-0.271,0.05,9.78
[1758203810561401030],,,,-0.141,0.103,9.694
[1758203810566923217],,,,-0.443,0.12,9.73
[1758203810572078686],,,,-0.299,0.122,9.809
[1758203810577244624],,,,-0.072,0.105,9.898
[1758203810582410040],,,,-0.22,0.101,9.711
[1758203810587565665],,,,-0.251,0.122,9.694
[1758203810592688530],,,,-0.065,0.127,9.677
[1758203810597875613],,,,-0.352,0.036,9.766
[1758203810603073061],,,,-0.223,0.089,9.783
[1758203810608733321],,,,-0.165,0.141,9.802
[1758203810614019519],,,,-0.168,0.292,9.73
[1758203810619156238],,,,-0.244,0.041,9.792
[1758203810624274363],,,,-0.182,0.101,9.697
[1758203810629424103],,,,-0.249,0.146,10.034
[1758203810634539519],,,,-0.211,0.115,9.871
[1758203810639722801],,,,-0.239,0.136,9.953
[1758203810644920457],,,,-0.302,0.036,9.673
[1758203810650133217],,,,-0.141,0.124,9.783
[1758203810655324311],,,,-0.211,0.072,9.869
[1758203810660513009],,,,-0.208,0.12,9.91
[1758203810665707176],,,,-0.053,0.041,9.646
[1758203810670877696],,,,-0.424,0.285,9.79
[1758203810676571863],,,,-0.148,0.096,9.934
[1758203810685276863],,,,-0.225,0.163,9.73
[1758203810690401967],,,,-0.189,0.141,9.993
[1758203810695514571],,,,-0.211,0.17,9.816
[1758203810700703999],,,,-0.309,0.014,9.632
[1758203810705945509],,,,-0.23,0.019,9.749
[1758203810711155769],,,,-0.043,0.16,9.914
[1758203810717593321],,,,-0.218,0.132,9.728
[1758203810722864363],,,,-0.223,0.079,9.764
[1758203810727962592],,,,-0.254,0.17,9.72
[1758203810733073426],,,,-0.163,0.29,9.742
[1758203810738266134],,,,-0.136,0.158,9.737
[1758203810743390665],,,,-0.278,0.156,9.835
[1758203810748543998],,,,-0.156,0.177,9.668
[1758203810753715717],,,,-0.215,0.098,9.845
[1758203810758972696],,,,-0.29,0.06,9.787
[1758203810764129936],,,,-0.335,0.043,9.776
[1758203810769287071],,,,-0.314,0.297,9.651
[1758203810774446915],,,,-0.326,0.134,9.833
[1758203810779616551],,,,-0.129,0.172,9.74
[1758203810785162019],,,,-0.074,0.237,9.519
[1758203810790357905],,,,-0.223,-0.007,9.756
[1758203810795468738],,,,-0.163,0.165,9.752
[1758203810800612123],,,,-0.256,0.163,9.759
[1758203810805853426],,,,-0.182,0.019,9.792
[1758203810811042957],,,,-0.043,0.057,9.84
[1758203810816235978],,,,-0.227,0.196,9.804
[1758203810821658582],,,,-0.194,0.115,9.759
[1758203810826928009],,,,-0.077,0.084,9.811
[1758203810832164363],,,,-0.254,0.134,9.924
[1758203810837265665],,,,-0.18,0.05,9.663
[1758203810842403946],,,,-0.393,0.077,9.821
[1758203810849050926],,,,-0.235,0.132,9.79
[1758203810855675092],,,,-0.014,0.057,9.694
[1758203810861424311],,,,-0.294,-0.034,9.5
[1758203810868044884],,,,-0.117,-0.043,9.594
[1758203810874709988],,,,-0.091,0.062,9.744
[1758203810881392957],,,,-0.11,0.089,9.926
[1758203810887181134],,,,-0.187,0.045,9.764
[1758203810893702853],,,,-0.139,0.034,10.015
[1758203810899342332],,,,-0.127,0.017,9.462
[1758203810904717957],,,,-0.081,0.057,9.697
[1758203810911131603],,,,-0.127,0.048,9.754
[1758203810917086394],,,,-0.144,-0.043,9.694
[1758203810922251394],,,,-0.103,0.148,9.898
[1758203810929210769],,,,-0.141,-0.045,9.91
[1758203810934498634],,,,0.055,-0.038,10.137
[1758203810939644936],,,,-0.014,0.069,9.637
[1758203810944147175],,,,-0.036,0.034,9.78
[1758203810947889259],,,,-0.122,0.053,9.874
[1758203810951552228],,,,-0.069,0.041,10.084
[1758203810955251446],,,,-0.263,-0.007,11.38
[1758203810958917384],,,,-0.069,0.139,10.463
[1758203810962583946],,,,-0.062,0.11,10.477
[1758203810966336863],,,,-0.328,0.146,10.487
[1758203810970003478],,,,-0.132,0.172,10.156
[1758203810973673009],,,,-0.062,0.227,10.712
[1758203810977379623],,,,-0.263,0.211,10.065
[1758203810981048582],,,,-0.187,0.098,9.39
[1758203810984780665],,,,-0.122,0.127,9.462
[1758203810988465925],,,,-0.199,0.182,9.459
[1758203810992131082],,,,-0.165,0.136,9.72
[1758203810995802540],,,,-0.225,0.115,9.828
[1758203810999469936],,,,-0.232,-0.06,10.048
[1758203811003166967],,,,-0.247,0.184,10.02
[1758203811006843478],,,,-0.136,0.103,9.732
[1758203811010493269],,,,-0.177,0.108,10.242
[1758203811014159259],,,,-0.364,0.223,10.281
[1758203811018181238],,,,-0.215,0.146,9.78
[1758203811021891863],,,,-0.283,0.18,10.092
[1758203811025575248],,,,-0.208,0.045,9.981
[1758203811029249988],,,,-0.148,0.218,9.785
[1758203811033823842],,,,-0.302,0.175,9.199
[1758203811037657488],,,,-0.292,0.007,9.606
[1758203811041363061],,,,-0.153,0.254,9.845
[1758203811045051238],,,,-0.29,0.306,9.658
[1758203811048711550],,,,-0.237,0.445,9.9
[1758203811052378634],,,,-0.259,0.141,10.065
[1758203811056080978],,,,-0.127,0.151,9.881
[1758203811059747488],,,,-0.297,0.196,10.022
[1758203811063423217],,,,-0.242,0.175,9.907
[1758203811067169675],,,,-0.204,0.163,9.814
[1758203811070831811],,,,-0.419,0.129,9.852
[1758203811074561498],,,,-0.438,0.275,9.905
[1758203811078302175],,,,0.146,-0.208,9.711
[1758203811082060248],,,,3.61,-1.18,9.776
[1758203811085730665],,,,1.82,-0.438,9.809
[1758203811089389675],,,,-0.28,0.491,9.967
[1758203811093047696],,,,-5.157,1.362,9.364
[1758203811096726082],,,,-0.309,0.235,9.639
[1758203811100392800],,,,-0.194,0.165,10.084
[1758203811104059832],,,,-0.172,0.196,9.962
[1758203811107746498],,,,-0.132,0.287,10.226
[1758203811111420092],,,,-0.275,0.225,10.044
[1758203811115342800],,,,-0.318,0.215,9.728
[1758203811119036186],,,,-0.16,0.036,9.723
[1758203811122713009],,,,-0.407,0.304,9.51
[1758203811126382748],,,,-0.134,0.105,9.79
[1758203811130047644],,,,-0.29,0.007,9.831
[1758203811133724728],,,,-0.192,0.28,9.687
[1758203811138183061],,,,-0.053,0.034,9.797
[1758203811142845665],,,,-0.23,0.079,10.048
[1758203811146694832],,,,-0.074,0.156,9.919
[1758203811150475457],,,,-0.206,0.089,9.589
[1758203811154170457],,,,-0.385,0.091,9.744
[1758203811157859415],,,,-0.17,0.057,10.106
[1758203811161535925],,,,-0.192,0.163,9.991
[1758203811165301759],,,,-0.271,0.129,9.991
[1758203811168977905],,,,-0.285,0.122,10.072
[1758203811172650561],,,,-0.098,0.038,9.941
[1758203811176336967],,,,-0.318,0.055,9.914
[1758203811179996863],,,,-0.196,0.108,10.254
[1758203811183672071],,,,-0.029,0.113,9.675
[1758203811187390925],,,,-0.12,0.067,9.658
[1758203811191065405],,,,-0.232,0.237,9.831
[1758203811194847696],,,,-0.294,0.01,9.653
[1758203811198508009],,,,-0.328,0.098,9.948
[1758203811202156707],,,,-0.077,0.101,9.809
[1758203811205894050],,,,-0.194,0.074,9.878
[1758203811209568894],,,,-0.101,0.184,10.032
[1758203811213261186],,,,-0.242,-0.079,10.099
[1758203811218119519],,,,-0.17,0.201,9.675
[1758203811221918373],,,,-0.148,0.019,9.761
[1758203811225615769],,,,-0.263,0.06,9.898
[1758203811229280196],,,,-0.041,0.089,9.993
[1758203811232949675],,,,-0.249,0.132,9.929
[1758203811236636186],,,,-0.194,0.067,9.826
[1758203811240299936],,,,-0.141,0.141,9.955
[1758203811243986550],,,,-0.278,0.038,11.882
[1758203811247699363],,,,-1.02,-1.53,8.689
[1758203811251374936],,,,-0.043,1.391,6.965
[1758203811255089675],,,,-0.381,2.073,9.27
[1758203811258778894],,,,0.512,0.709,5.93
[1758203811262555405],,,,-0.05,-0.491,15.603
[1758203811266373373],,,,-1.626,-1.815,7.599
[1758203811270086498],,,,-0.199,-0.467,7.439
[1758203811273766967],,,,-1.312,0.055,16.233
[1758203811277492071],,,,-0.347,1.451,9.598
[1758203811281168686],,,,0.486,0.603,9.05
[1758203811284946759],,,,-0.807,-0.749,9.756
[1758203811288658321],,,,0.069,0.17,8.291
[1758203811292333894],,,,-0.405,0.426,6.232
[1758203811296044988],,,,-0.862,-0.567,11.861
[1758203811299745040],,,,0.553,1.329,8.954
[1758203811303434519],,,,-0.974,-0.328,6.263
[1758203811307150821],,,,-0.455,-1.324,9.184
[1758203811310865977],,,,0.072,0.917,10.57
[1758203811314590144],,,,-0.716,0.002,11.732
[1758203811318348009],,,,-0.11,-0.182,10.221
[1758203811322287644],,,,-0.802,0.091,12.428
[1758203811326114519],,,,0.606,0.522,8.712
[1758203811329787905],,,,-0.362,0.292,10.405
[1758203811333502071],,,,0.227,0.912,11.32
[1758203811337224884],,,,0.278,0.496,7.92
[1758203811340895457],,,,-0.4,-0.242,9.634
[1758203811345855457],,,,-0.091,0.093,10.477
[1758203811349853634],,,,-0.395,0.105,9.464
[1758203811353798425],,,,-0.144,-0.129,8.459
[1758203811357785665],,,,-0.543,-0.158,10.858
[1758203811361742227],,,,-0.373,0.261,10.671
[1758203811365764415],,,,-0.251,0.127,10.534
[1758203811369751134],,,,-0.328,0.122,10.659
[1758203811373752592],,,,-0.024,0.223,9.278
[1758203811377778217],,,,-0.421,0.17,8.835
[1758203811382617852],,,,-0.397,-0.067,9.304
[1758203811386779259],,,,-0.261,0.376,9.838
[1758203811390720248],,,,0.045,0.259,9.297
[1758203811394522540],,,,-0.014,0.158,9.816
[1758203811398230925],,,,-0.06,0.144,9.95
[1758203811401894259],,,,-0.072,0.294,9.455
[1758203811405588738],,,,-0.443,-0.079,9.694
[1758203811409263061],,,,-0.211,0.153,9.955
[1758203811412944363],,,,-0.235,0.352,9.448
[1758203811416723529],,,,-0.345,-0.038,10.161
[1758203811420402279],,,,-0.283,0.079,10.525
[1758203811424099363],,,,-0.098,0.036,9.977
[1758203811428393217],,,,-0.338,-0.124,9.704
[1758203811432226759],,,,-0.393,0.081,10.056
[1758203811435978790],,,,-0.39,0.089,9.929
[1758203811439655092],,,,-0.261,0.156,9.522
[1758203811443395925],,,,-0.17,0.158,9.816
[1758203811447124519],,,,-0.323,0.381,9.584
[1758203811450816342],,,,-0.045,0.17,9.917
[1758203811454550092],,,,-0.098,0.081,10.755
[1758203811458274832],,,,-0.103,0.206,9.957
[1758203811461951811],,,,-0.206,0.148,9.874
[1758203811465658686],,,,-0.235,0.101,9.89
[1758203811469374832],,,,0.074,0.163,9.749
[1758203811473175873],,,,-0.237,0.055,9.469
[1758203811477550769],,,,-0.091,0.072,9.414
[1758203811481255040],,,,-0.261,0.081,9.84
[1758203811485018686],,,,-0.237,0.019,10.077
[1758203811488700404],,,,-0.148,0.196,10.001
[1758203811492401654],,,,-0.33,0.096,9.878
[1758203811496128998],,,,-0.304,0.165,10.041
[1758203811499799050],,,,-0.156,0.304,9.816
[1758203811503465561],,,,-0.043,0.038,10.032
[1758203811509484936],,,,-0.136,0.026,9.883
[1758203811513235196],,,,-0.196,0.098,9.936
[1758203811516994623],,,,-0.304,0.232,9.764
[1758203811520803634],,,,-0.254,0.086,10.072
[1758203811524576238],,,,-0.172,0.211,9.665
[1758203811529197592],,,,-0.33,0.074,9.708
[1758203811533246915],,,,-0.223,0.053,9.967
[1758203811536981446],,,,-0.201,0.163,9.759
[1758203811540651186],,,,-0.177,0.445,10.223
[1758203811544318686],,,,-0.249,0.22,10.008
[1758203811548016134],,,,-0.11,0.153,9.62
[1758203811551677488],,,,-0.182,0.132,9.804
[1758203811555356186],,,,-0.187,-0.014,9.845
[1758203811559026654],,,,-0.218,0.067,9.974
[1758203811562705040],,,,-0.17,0.266,10.001
[1758203811566437852],,,,-0.335,0.256,10.005
[1758203811570141707],,,,-0.12,0.189,9.967
[1758203811574008686],,,,-0.007,-0.474,12.249
[1758203811578638269],,,,-0.63,0.634,10.721
[1758203811582364207],,,,0.594,-0.409,7.281
[1758203811586152436],,,,-0.22,0.393,7.733
[1758203811589816550],,,,-0.208,0.529,8.734
[1758203811593484779],,,,-0.268,0.29,7.207
[1758203811597206082],,,,-0.165,0.225,7.712
[1758203811600848686],,,,-0.421,0.172,6.716
[1758203811604602331],,,,-0.141,0.127,7.867
[1758203811608329831],,,,-0.584,-0.215,12.311
[1758203811612082331],,,,-0.275,-0.01,12.656
[1758203811616717279],,,,-0.278,0.031,9.984
[1758203811620507748],,,,0.294,0.189,8.164
[1758203811624185665],,,,-0.158,0.165,8.473
[1758203811628762956],,,,-0.239,0.014,9.222
[1758203811632560613],,,,-0.225,0.026,11.404
[1758203811636265925],,,,-0.359,0.172,12.043
[1758203811640187956],,,,-0.407,0.247,10.036
[1758203811643910300],,,,0.067,0.141,11.471
[1758203811647735977],,,,-0.235,0.16,8.322
[1758203811652892279],,,,0.081,0.208,10.353
[1758203811658043790],,,,-0.429,0.242,9.208
[1758203811663180717],,,,-0.074,-0.024,9.534
[1758203811668381029],,,,-0.048,0.16,10.307
[1758203811673654102],,,,-0.115,-0.034,9.134
[1758203811680045092],,,,-0.007,0.077,9.558
[1758203811685316498],,,,-0.165,0.045,10.364
[1758203811690469363],,,,-0.266,0.041,9.043
[1758203811695605561],,,,-0.251,0.0,10.745
[1758203811700777279],,,,-0.101,0.129,10.343
[1758203811705955248],,,,-0.342,0.168,9.543
[1758203811711094363],,,,-0.244,0.235,9.91
[1758203811716291081],,,,-0.148,0.108,9.929
[1758203811721448217],,,,-0.127,0.208,9.467
[1758203811726775456],,,,-0.342,0.007,9.124
[1758203811731910196],,,,-0.132,0.172,10.422
[1758203811737087227],,,,-0.163,0.235,9.38
[1758203811742208061],,,,-0.225,0.091,10.173
[1758203811748849884],,,,-0.026,0.223,9.311
[1758203811754198686],,,,-0.194,0.232,9.538
[1758203811759619467],,,,-0.254,0.223,9.955
[1758203811764744363],,,,-0.06,0.249,9.531
[1758203811769928894],,,,-0.409,0.098,10.147
[1758203811775057488],,,,0.055,0.242,9.383
[1758203811780262800],,,,-0.182,0.225,9.881
[1758203811785381602],,,,-0.081,0.187,9.483
[1758203811790552227],,,,-0.175,0.184,10.034
[1758203811795854363],,,,-0.292,0.271,9.548
[1758203811800984831],,,,-0.184,0.144,9.926
[1758203811806163425],,,,-0.239,0.093,9.799
[1758203811811317956],,,,-0.385,0.103,9.764
[1758203811816546811],,,,-0.151,0.026,9.615
[1758203811821705769],,,,-0.194,0.278,9.752
[1758203811826954571],,,,-0.28,0.01,9.821
[1758203811832109883],,,,-0.055,0.057,9.694
[1758203811837289623],,,,-0.306,0.206,9.641
[1758203811842499154],,,,-0.294,0.101,9.735
[1758203811847625456],,,,-0.278,0.034,9.787
[1758203811852773686],,,,-0.168,0.294,9.823
[1758203811859429727],,,,-0.266,0.098,9.754
[1758203811865991602],,,,-0.204,0.041,9.934
[1758203811872338217],,,,-0.22,0.086,9.843
[1758203811877631706],,,,-0.101,0.187,9.471
[1758203811884221133],,,,-0.038,0.06,9.735
[1758203811889891811],,,,-0.273,0.144,9.883
[1758203811896443998],,,,-0.038,0.124,9.821
[1758203811902120561],,,,-0.194,0.007,9.934
[1758203811907945248],,,,-0.16,0.053,9.792
[1758203811914129467],,,,-0.156,0.002,9.706
[1758203811919920561],,,,-0.124,0.072,9.869
[1758203811926542540],,,,-0.192,0.069,9.78
[1758203811933280561],,,,-0.261,0.093,9.57
[1758203811939966498],,,,-0.115,0.11,9.795
[1758203811945690352],,,,-0.309,0.029,9.857
[1758203811950968113],,,,-0.436,0.065,9.814
[1758203811954761029],,,,-0.127,0.074,9.936
[1758203811958461811],,,,-0.196,0.01,9.809
[1758203811962133790],,,,-0.156,0.038,9.778
[1758203811967335456],,,,-0.163,0.158,9.701
[1758203811971196081],,,,-0.256,0.055,9.768
[1758203811975140040],,,,-0.084,0.038,9.905
[1758203811978870456],,,,-0.156,0.12,9.711
[1758203811982545769],,,,-0.081,0.105,9.883
[1758203811986263113],,,,-0.038,0.16,9.905
[1758203811989930248],,,,-0.196,0.062,9.792
[1758203811993593165],,,,-0.215,0.304,9.682
[1758203811997282904],,,,-0.177,0.017,9.823
[1758203812000946550],,,,-0.204,-0.005,9.938
[1758203812004650352],,,,-0.16,0.117,9.943
[1758203812008327436],,,,-0.263,0.041,9.989
[1758203812011999519],,,,-0.012,0.17,9.914
[1758203812015715561],,,,-0.201,0.275,9.919
[1758203812019376654],,,,-0.141,0.254,9.843
[1758203812023044519],,,,-0.124,0.077,9.759
[1758203812026972748],,,,-0.227,0.022,9.732
[1758203812030691654],,,,-0.139,0.06,9.926
[1758203812034362331],,,,-0.333,0.129,10.008
[1758203812038042592],,,,-0.175,0.163,10.013
[1758203812041704258],,,,-0.306,0.091,9.883
[1758203812045383581],,,,-0.438,0.237,9.869
[1758203812049047592],,,,-0.232,0.213,9.618
[1758203812052719988],,,,-0.103,0.113,10.065
[1758203812056409675],,,,-0.218,0.16,9.876
[1758203812060082175],,,,-0.091,0.235,9.979
[1758203812063759519],,,,-0.22,0.067,9.871
[1758203812067467435],,,,-0.417,0.062,9.831
[1758203812071176238],,,,-0.184,0.223,9.991
[1758203812075293738],,,,-0.259,0.175,9.79
[1758203812079079415],,,,-0.134,0.242,9.792
[1758203812082758842],,,,-0.239,0.163,9.816
[1758203812086434727],,,,-0.163,0.153,9.811
[1758203812090114467],,,,-0.113,0.141,9.85
[1758203812093797019],,,,-0.316,0.067,10.001
[1758203812097571081],,,,-0.182,0.18,9.926
[1758203812101248008],,,,-0.189,0.28,10.101
[1758203812104972019],,,,-0.192,0.18,9.84
[1758203812108641498],,,,-0.086,0.127,10.039
[1758203812112331185],,,,-0.17,0.182,9.893
[1758203812116061081],,,,-0.211,0.153,9.876
[1758203812119806446],,,,-0.16,0.333,9.938
[1758203812123488269],,,,-0.366,0.271,9.886
[1758203812127258790],,,,-0.244,0.201,9.749
[1758203812130934310],,,,-0.314,0.192,9.938
[1758203812134642748],,,,-0.089,0.005,9.876
[1758203812138333529],,,,-0.132,0.187,9.912
[1758203812142001498],,,,-0.074,0.175,9.773
[1758203812145677071],,,,-0.304,0.065,9.701
[1758203812149346133],,,,-0.275,0.292,9.78
[1758203812153024050],,,,-0.242,0.079,9.728
[1758203812156731029],,,,-0.215,0.132,9.838
[1758203812160405404],,,,-0.227,0.151,9.663
[1758203812164081758],,,,-0.239,0.06,9.912
[1758203812167752123],,,,-0.249,0.031,9.991
[1758203812171415508],,,,-0.055,0.153,9.804
[1758203812175162748],,,,-0.201,0.139,9.938
[1758203812179287644],,,,-0.206,0.299,9.996
[1758203812183073008],,,,-0.153,0.074,9.749
[1758203812186772331],,,,-0.271,0.129,9.929
[1758203812190439206],,,,-0.218,0.184,9.991
[1758203812194103373],,,,-0.153,0.177,9.934
[1758203812197788894],,,,-0.079,0.065,10.041
[1758203812201466081],,,,-0.05,0.201,9.744
[1758203812205149154],,,,-0.297,0.06,9.852
[1758203812208824883],,,,-0.098,0.194,9.874
[1758203812212488373],,,,-0.175,0.074,9.893
[1758203812216173581],,,,-0.225,0.055,10.048
[1758203812219813581],,,,-0.201,0.079,9.718
[1758203812223486915],,,,-0.256,0.098,9.919
[1758203812227497956],,,,-0.223,0.124,9.814
[1758203812231224727],,,,-0.208,0.115,9.881
[1758203812235004258],,,,-0.227,0.134,9.773
[1758203812238709415],,,,-0.278,0.012,9.752
[1758203812242417383],,,,-0.194,0.132,9.962
[1758203812246141394],,,,-0.249,0.168,9.699
[1758203812249816342],,,,-0.249,0.108,9.938
[1758203812253489571],,,,-0.225,0.038,9.934
[1758203812257215873],,,,-0.227,0.136,9.857
[1758203812260884258],,,,-0.218,0.199,10.022
[1758203812264638998],,,,-0.28,0.096,9.962
[1758203812268386758],,,,-0.283,0.194,9.761
[1758203812272185925],,,,-0.304,0.048,9.869
[1758203812275973060],,,,-0.156,0.129,9.766
[1758203812279697748],,,,-0.199,0.0,9.929
[1758203812283423112],,,,-0.098,0.091,9.926
[1758203812287386862],,,,-0.156,0.098,9.809
[1758203812291192644],,,,-0.165,0.067,9.807
[1758203812294930769],,,,-0.132,0.081,9.922
[1758203812298604623],,,,-0.115,0.024,9.776
[1758203812302270560],,,,-0.158,0.045,9.713
[1758203812306018998],,,,-0.28,0.05,9.91
[1758203812309716758],,,,-0.192,0.0,9.883
[1758203812313387748],,,,-0.18,0.089,9.84
[1758203812317071237],,,,-0.273,0.086,9.874
[1758203812320732279],,,,-0.242,0.103,9.967
[1758203812324416446],,,,-0.239,0.175,9.855
[1758203812329108529],,,,-0.115,0.268,9.716
[1758203812332920717],,,,-0.235,0.022,9.831
[1758203812336588217],,,,-0.153,0.227,9.96
[1758203812340231602],,,,-0.206,0.12,9.833
[1758203812343908790],,,,-0.113,0.053,9.831
[1758203812347824206],,,,-0.144,-0.048,9.936
[1758203812351509571],,,,-0.115,0.12,9.768
[1758203812355198529],,,,-0.086,0.196,9.838
[1758203812358893894],,,,-0.156,0.05,10.048
[1758203812362590352],,,,-0.316,0.117,10.032
[1758203812366303790],,,,-0.146,0.072,10.003
[1758203812370875196],,,,-0.041,0.22,9.723
[1758203812375223477],,,,-0.194,0.211,9.749
[1758203812380051602],,,,-0.163,0.141,9.759
[1758203812384066862],,,,-0.266,0.11,9.661
[1758203812388213998],,,,-0.29,0.144,9.847
[1758203812393036550],,,,-0.069,0.093,9.883
[1758203812398629467],,,,-0.172,0.069,9.742
[1758203812402658737],,,,-0.168,0.093,9.749
[1758203812406829935],,,,-0.148,0.115,9.716
[1758203812410728685],,,,-0.168,0.084,9.907
[1758203812414673946],,,,-0.175,0.148,9.941
[1758203812419345977],,,,-0.232,0.072,9.749
[1758203812423159467],,,,-0.17,0.089,9.795
[1758203812427772227],,,,-0.18,0.16,9.852
[1758203812431568373],,,,-0.134,0.098,9.732
[1758203812435294571],,,,-0.182,0.304,9.912
[1758203812438968165],,,,-0.371,0.014,9.936
[1758203812442638685],,,,-0.211,0.192,9.804
[1758203812446342123],,,,-0.182,0.081,9.807
[1758203812450007592],,,,-0.038,0.148,9.888
[1758203812453687123],,,,-0.239,0.089,9.811
[1758203812457404154],,,,-0.22,0.134,9.826
[1758203812461070977],,,,-0.029,0.275,9.821
[1758203812464829883],,,,-0.105,0.187,9.871
[1758203812468544675],,,,-0.182,0.077,9.953
[1758203812472297383],,,,-0.041,0.153,10.056
[1758203812476212800],,,,-0.192,0.0,10.005
[1758203812479910508],,,,-0.278,0.124,9.761
[1758203812483590560],,,,-0.251,0.098,10.048
[1758203812487295508],,,,-0.18,0.129,9.704
[1758203812490959414],,,,-0.223,0.101,9.962
[1758203812495467956],,,,-0.168,0.117,9.768
[1758203812499333217],,,,-0.194,0.06,9.864
[1758203812503791185],,,,-0.194,0.072,9.795
[1758203812508325769],,,,-0.242,0.067,9.878
[1758203812512172227],,,,-0.019,0.251,9.943
[1758203812516203581],,,,-0.23,0.28,9.955
[1758203812519923946],,,,-0.242,0.124,10.046
[1758203812523613060],,,,-0.067,0.199,9.852
[1758203812527367539],,,,-0.306,0.048,9.749
[1758203812531043685],,,,-0.261,0.077,9.934
[1758203812534820612],,,,-0.254,0.182,9.917
[1758203812538545612],,,,-0.242,0.172,9.917
[1758203812542219675],,,,-0.129,0.101,9.977
[1758203812545926914],,,,-0.172,0.002,9.797
[1758203812549593529],,,,-0.17,0.127,10.135
[1758203812553277435],,,,-0.18,0.005,9.926
[1758203812557077956],,,,-0.184,0.182,9.771
[1758203812560740664],,,,-0.144,0.124,9.807
[1758203812564463685],,,,-0.029,0.074,9.814
[1758203812568180092],,,,-0.196,0.043,9.807
[1758203812571860352],,,,-0.247,0.101,9.888
[1758203812577005300],,,,-0.189,0.113,9.708
[1758203812580730508],,,,-0.23,0.141,9.838
[1758203812584619623],,,,-0.127,0.034,9.706
[1758203812588316446],,,,-0.247,0.196,9.955
[1758203812591996914],,,,-0.22,0.139,9.981
[1758203812595696029],,,,-0.309,0.122,10.001
[1758203812599388164],,,,-0.158,0.184,10.036
[1758203812603064467],,,,-0.194,0.139,9.847
[1758203812606758789],,,,-0.249,0.117,9.787
[1758203812610431446],,,,-0.158,0.122,9.924
[1758203812614111602],,,,-0.254,0.139,9.804
[1758203812617838946],,,,-0.316,0.127,9.867
[1758203812622333477],,,,-0.275,0.141,9.869
[1758203812626185039],,,,-0.22,0.036,9.876
[1758203812629968685],,,,-0.235,0.101,9.761
[1758203812633652800],,,,-0.141,0.244,9.711
[1758203812637335717],,,,-0.184,0.134,9.799
[1758203812641017800],,,,-0.148,0.108,9.953
[1758203812644786237],,,,-0.345,0.029,9.833
[1758203812648469414],,,,-0.115,0.108,10.017
[1758203812652150248],,,,-0.139,0.199,9.859
[1758203812656336810],,,,-0.105,0.022,9.922
[1758203812661527904],,,,-0.156,0.23,9.883
[1758203812668266706],,,,-0.18,0.086,9.953
[1758203812673529310],,,,-0.333,-0.136,9.792
[1758203812678757383],,,,-0.211,0.101,9.823
[1758203812683879206],,,,-0.199,0.079,9.692
[1758203812689026862],,,,-0.211,0.122,9.953
[1758203812694133216],,,,-0.187,0.132,9.792
[1758203812699260144],,,,-0.218,0.146,9.725
[1758203812704389623],,,,-0.129,0.002,9.369
[1758203812709573164],,,,-0.175,0.249,9.637
[1758203812714792644],,,,-0.177,0.096,9.938
[1758203812719939519],,,,-0.194,0.189,9.646
[1758203812725197487],,,,-0.18,0.259,9.699
[1758203812730437279],,,,-0.163,0.036,9.888
[1758203812736003581],,,,-0.287,0.17,10.111
[1758203812741169571],,,,-0.299,0.072,9.67
[1758203812746362227],,,,-0.28,0.28,9.692
[1758203812751489935],,,,-0.283,0.223,9.857
[1758203812756632904],,,,-0.139,0.254,9.888
[1758203812761785977],,,,-0.096,0.057,9.823
[1758203812766934154],,,,-0.318,0.124,9.874
[1758203812772062279],,,,-0.208,0.086,9.627
[1758203812777436185],,,,-0.177,0.304,9.756
[1758203812782675716],,,,-0.261,0.201,9.91
[1758203812787825769],,,,-0.017,0.034,9.953
[1758203812798300716],,,,-0.232,0.127,9.888
[1758203812803516862],,,,-0.172,0.113,9.752
[1758203812808691133],,,,-0.263,0.086,9.685
[1758203812813836341],,,,-0.187,0.201,9.749
[1758203812818968685],,,,-0.335,0.153,9.713
[1758203812824081133],,,,-0.29,0.251,9.972
[1758203812829357279],,,,-0.22,0.249,9.728
[1758203812836728946],,,,-0.237,0.144,9.665
[1758203812843101706],,,,-0.017,0.031,9.802
[1758203812848423216],,,,-0.259,0.101,9.776
[1758203812853544883],,,,-0.235,0.05,9.74
[1758203812858688269],,,,-0.189,0.017,9.685
[1758203812863824466],,,,-0.275,0.043,9.711
[1758203812868940716],,,,-0.096,0.115,9.826
[1758203812874066498],,,,-0.297,0.182,9.682
[1758203812880489727],,,,-0.22,0.108,9.819
[1758203812885823998],,,,-0.122,0.22,9.855
[1758203812890972800],,,,-0.441,0.206,9.953
[1758203812896156862],,,,-0.235,0.148,9.677
[1758203812901295769],,,,-0.105,0.11,9.728
[1758203812906472331],,,,-0.189,0.18,9.744
[1758203812913243216],,,,-0.196,0.084,9.922
[1758203812918887748],,,,-0.182,0.043,9.802
[1758203812924287748],,,,-0.294,0.156,9.96
[1758203812930836446],,,,-0.227,0.084,9.881
[1758203812938737331],,,,-0.189,0.151,9.792
[1758203812944422279],,,,-0.271,0.067,9.838
[1758203812950975404],,,,-0.077,0.024,9.694
[1758203812956804675],,,,-0.345,0.026,9.57
[1758203812961648893],,,,-0.23,0.23,9.708
[1758203812966426446],,,,-0.122,0.244,9.658
[1758203812971103633],,,,-0.18,0.124,9.773
[1758203812975787383],,,,-0.189,0.192,9.871
[1758203812980347748],,,,-0.177,0.218,9.905
[1758203812984881602],,,,-0.235,0.201,9.845
[1758203812989450456],,,,-0.103,0.204,9.749
[1758203812994126029],,,,-0.196,0.172,9.701
[1758203812998703216],,,,-0.196,0.127,9.787
[1758203813003228321],,,,-0.067,0.031,9.838
[1758203813007788164],,,,-0.024,0.18,9.694
[1758203813012315508],,,,-0.096,0.091,9.91
[1758203813016882018],,,,-0.302,0.22,9.874
[1758203813021408425],,,,-0.223,0.144,9.823
[1758203813026032331],,,,-0.23,0.081,9.881
[1758203813030553998],,,,-0.141,0.122,9.943
[1758203813035096602],,,,-0.036,0.136,9.855
[1758203813040082852],,,,-0.287,0.132,9.783
[1758203813044717696],,,,-0.177,0.019,9.728
[1758203813049287175],,,,-0.184,0.237,9.778
[1758203813053826706],,,,-0.292,0.045,9.926
[1758203813058715768],,,,-0.292,0.201,9.697
[1758203813063890768],,,,-0.218,-0.091,9.759
[1758203813069024571],,,,-0.079,0.048,9.735
[1758203813074191654],,,,-0.225,0.014,9.704
[1758203813079484518],,,,-0.215,0.12,9.742
[1758203813084694675],,,,-0.318,0.069,9.838
[1758203813089814466],,,,-0.192,0.089,9.584
[1758203813094940821],,,,-0.189,0.093,9.73
[1758203813100122279],,,,-0.211,0.036,9.73
[1758203813105246393],,,,-0.383,0.031,9.687
[1758203813110384310],,,,-0.184,0.192,9.673
[1758203813115511133],,,,-0.007,0.05,9.843
[1758203813120656237],,,,-0.034,0.124,9.677
[1758203813125817748],,,,-0.254,0.136,9.527
[1758203813131025560],,,,-0.235,0.048,9.79
[1758203813136252904],,,,-0.256,0.29,9.943
[1758203813141415195],,,,-0.297,0.165,9.68
[1758203813147128841],,,,-0.192,0.077,9.699
[1758203813152381081],,,,-0.297,0.122,9.732
[1758203813157523373],,,,-0.366,0.113,9.682
[1758203813162658477],,,,-0.11,0.177,9.682
[1758203813167791341],,,,-0.342,0.211,9.785
[1758203813172905352],,,,-0.223,0.259,9.675
[1758203813178119518],,,,-0.081,0.103,9.658
[1758203813183256029],,,,-0.407,0.256,9.871
[1758203813188417175],,,,-0.306,0.29,9.776
[1758203813193609050],,,,-0.294,0.139,10.029
[1758203813198861654],,,,-0.393,0.089,9.641
[1758203813203986185],,,,-0.263,0.053,9.783
[1758203813209174466],,,,-0.254,0.129,9.809
[1758203813214291810],,,,-0.187,0.294,9.922
[1758203813219441654],,,,-0.275,0.168,9.785
[1758203813224575508],,,,-0.266,0.275,9.634
[1758203813230083112],,,,-0.096,0.151,9.95
[1758203813235249727],,,,-0.208,0.18,9.787
[1758203813240379831],,,,-0.036,0.043,9.78
[1758203813245507279],,,,-0.215,0.014,9.898
[1758203813251722591],,,,-0.211,0.031,9.826
[1758203813257427018],,,,-0.165,0.141,9.622
[1758203813262652227],,,,-0.122,0.302,9.68
[1758203813267775195],,,,-0.34,0.225,9.835
[1758203813272892018],,,,-0.192,0.014,9.833
[1758203813278114414],,,,-0.184,0.192,9.67
[1758203813283237331],,,,-0.182,0.105,9.886
[1758203813288320352],,,,-0.204,0.072,9.89
[1758203813293453685],,,,-0.223,0.007,9.752
[1758203813298730664],,,,-0.079,0.024,9.864
[1758203813303877018],,,,-0.28,0.079,9.778
[1758203813309018581],,,,-0.017,0.148,9.922
[1758203813314132539],,,,-0.223,0.098,9.929
[1758203813319275873],,,,-0.05,0.069,9.742
[1758203813324433164],,,,-0.259,0.16,9.744
[1758203813329660248],,,,-0.259,0.29,9.685
[1758203813334771966],,,,-0.249,0.012,9.816
[1758203813340105768],,,,-0.17,0.113,9.821
[1758203813345297123],,,,-0.302,0.11,9.859
[1758203813350482800],,,,-0.342,0.019,9.804
[1758203813355607122],,,,-0.338,0.084,9.728
[1758203813361168737],,,,-0.012,-0.103,9.704
[1758203813366491654],,,,-0.12,0.072,9.718
[1758203813371663372],,,,-0.304,0.304,9.665
[1758203813376940195],,,,-0.141,0.242,9.62
[1758203813382097279],,,,-0.096,0.036,9.838
[1758203813387193060],,,,-0.043,0.014,9.742
[1758203813392304102],,,,-0.223,0.11,9.79
[1758203813397477122],,,,-0.146,0.007,9.661
[1758203813402640456],,,,-0.299,0.019,9.718
[1758203813407816237],,,,-0.098,0.223,9.9
[1758203813413112747],,,,-0.256,0.16,9.857
[1758203813418298997],,,,-0.081,0.132,9.682
[1758203813423420300],,,,-0.208,0.096,9.799
[1758203813428644570],,,,-0.146,0.048,9.761
[1758203813433837018],,,,-0.18,0.144,9.704
[1758203813438947227],,,,-0.263,0.069,9.553
[1758203813444094518],,,,-0.187,0.079,9.73
[1758203813449307800],,,,-0.16,0.079,9.756
[1758203813454442800],,,,-0.192,0.132,9.677
[1758203813459622800],,,,-0.105,0.072,9.768
[1758203813464765195],,,,-0.247,0.235,9.754
[1758203813470278216],,,,-0.287,0.048,9.728
[1758203813475508841],,,,-0.213,0.055,9.989
[1758203813480813164],,,,-0.168,0.034,9.72
[1758203813486013685],,,,-0.124,0.132,9.778
[1758203813491134518],,,,-0.306,0.211,9.778
[1758203813496281966],,,,-0.18,0.115,9.732
[1758203813501441445],,,,-0.041,0.124,9.699
[1758203813506623685],,,,-0.211,0.215,9.701
[1758203813511758477],,,,-0.285,0.129,9.773
[1758203813517598997],,,,-0.184,0.16,9.957
[1758203813524242800],,,,-0.208,0.117,9.747
[1758203813529891341],,,,-0.101,0.256,9.795
[1758203813536496497],,,,-0.187,0.11,9.754
[1758203813542156550],,,,-0.268,0.072,9.658
[1758203813548648320],,,,-0.223,0.134,9.931
[1758203813554292643],,,,-0.261,0.115,9.895
[1758203813560589154],,,,-0.232,-0.002,9.771
[1758203813565518581],,,,-0.156,0.12,9.73
[1758203813570302852],,,,-0.117,0.081,9.833
[1758203813575956185],,,,-0.002,0.069,9.673
[1758203813581822904],,,,-0.215,0.086,9.95
[1758203813586520091],,,,-0.177,0.069,9.713
[1758203813591046654],,,,-0.244,0.187,9.89
[1758203813595633841],,,,-0.136,0.084,9.847
[1758203813600150299],,,,-0.338,0.089,9.74
[1758203813604676497],,,,-0.151,0.086,9.816
[1758203813609265143],,,,-0.182,0.136,9.756
[1758203813613786497],,,,-0.11,0.134,9.943
[1758203813618357174],,,,-0.294,0.105,9.766
[1758203813622897070],,,,-0.306,0.16,9.938
[1758203813627600143],,,,-0.35,0.115,9.826
[1758203813632127956],,,,-0.199,0.113,9.898
[1758203813636681862],,,,-0.201,0.002,9.728
[1758203813641195352],,,,-0.352,0.175,9.799
[1758203813645782383],,,,-0.144,0.05,9.61
[1758203813650302904],,,,-0.156,0.151,9.857
[1758203813654827383],,,,-0.067,0.244,9.72
[1758203813659383581],,,,-0.33,0.115,9.814
[1758203813664510247],,,,-0.292,0.077,9.857
[1758203813669639049],,,,-0.23,0.122,9.752
[1758203813674759831],,,,-0.223,0.043,9.689
[1758203813680218320],,,,-0.192,0.098,9.752
[1758203813686394154],,,,-0.204,0.247,9.802
[1758203813692750977],,,,-0.285,0.189,9.843
[1758203813698142487],,,,-0.168,0.06,9.735
[1758203813703308737],,,,-0.235,0.244,9.555
[1758203813708427122],,,,0.62,0.029,9.711
[1758203813713539362],,,,-0.113,0.376,9.711
[1758203813718668008],,,,-0.268,-0.014,9.823
[1758203813723792695],,,,-0.177,0.201,9.682
[1758203813729010664],,,,-0.23,-0.01,9.699
[1758203813734134206],,,,-0.35,0.184,9.804
[1758203813739281549],,,,-0.113,0.031,9.898
[1758203813744425820],,,,-0.328,0.065,9.55
[1758203813749565404],,,,-0.244,0.081,9.919
[1758203813754677956],,,,-0.251,0.211,9.661
[1758203813759795143],,,,-0.285,0.081,9.934
[1758203813764921185],,,,-0.168,0.055,9.84
[1758203813770039674],,,,-0.208,0.11,9.955
[1758203813775173477],,,,-0.041,0.151,9.519
[1758203813780392904],,,,-0.151,0.002,9.749
[1758203813785500768],,,,-0.072,0.12,9.768
[1758203813790621133],,,,-0.153,0.124,9.677
[1758203813796231758],,,,-0.323,0.113,9.783
[1758203813801515716],,,,-0.192,0.077,9.864
[1758203813806671654],,,,-0.225,0.115,9.823
[1758203813811787018],,,,-0.441,0.175,9.867
[1758203813816915820],,,,-0.29,0.144,9.747
[1758203813822127851],,,,-0.244,0.211,9.74
[1758203813827361341],,,,-0.194,0.11,9.512
[1758203813832500195],,,,-0.352,0.299,9.754
[1758203813837667122],,,,-0.036,0.242,9.677
[1758203813842779049],,,,-0.23,0.225,9.981
[1758203813847942018],,,,-0.06,0.153,9.764
[1758203813886551706],,,,-0.227,0.005,9.79
[1758203813891714206],,,,-0.433,0.115,9.867
[1758203813896920976],,,,0.124,0.084,9.831
[1758203813904154206],,,,-0.132,0.127,9.708
[1758203813909483164],,,,0.113,0.134,9.826
[1758203813914598945],,,,-0.038,0.038,9.73
[1758203813919726758],,,,-0.069,-0.019,9.74
[1758203813924838529],,,,-0.072,0.038,9.804
[1758203813930041445],,,,-0.091,0.041,9.838
[1758203813935164726],,,,-0.055,0.06,9.689
[1758203813940348372],,,,-0.271,0.007,9.929
[1758203813945456810],,,,-0.259,0.048,9.948
[1758203813950613060],,,,-0.16,0.093,9.663
[1758203813956135091],,,,-0.292,0.108,9.828
[1758203813961503268],,,,-0.036,0.16,9.914
[1758203813966167695],,,,-0.225,0.084,9.826
[1758203813970699154],,,,-0.208,0.072,9.792
[1758203813975377331],,,,-0.163,0.077,9.694
[1758203813980335299],,,,-0.184,0.136,9.783
[1758203813984885716],,,,-0.268,0.06,9.919
[1758203813989401185],,,,-0.278,0.007,9.771
[1758203813993908424],,,,-0.227,0.115,9.814
[1758203813998487851],,,,-0.251,0.06,9.68
[1758203814003079049],,,,-0.271,0.093,9.73
[1758203814008234674],,,,-0.287,0.285,9.749
[1758203814013396601],,,,-0.177,0.148,9.857
[1758203814018321445],,,,-0.292,0.091,9.749
[1758203814022957122],,,,-0.005,0.194,9.917
[1758203814027539049],,,,-0.242,0.259,9.639
[1758203814032060768],,,,-0.239,0.124,9.759
[1758203814036644935],,,,-0.292,0.175,9.804
[1758203814041163945],,,,-0.22,0.225,9.876
[1758203814045735143],,,,-0.005,0.199,9.72
[1758203814050276497],,,,-0.34,0.271,9.785
[1758203814054796081],,,,-0.409,0.043,9.876
[1758203814059410456],,,,-0.45,0.196,9.821
[1758203814064459466],,,,-0.29,0.148,9.862
[1758203814069736497],,,,-0.225,0.0,9.725
[1758203814074867487],,,,-0.163,0.192,9.708
[1758203814080277226],,,,-0.148,0.079,9.754
[1758203814085422383],,,,-0.05,0.113,9.776
[1758203814090572643],,,,-0.031,0.127,9.57
[1758203814095746237],,,,0.024,0.043,9.816
[1758203814100915716],,,,-0.113,0.091,9.876
[1758203814106103841],,,,-0.134,0.12,9.685
[1758203814111253841],,,,-0.187,-0.148,9.902
[1758203814116433060],,,,-0.287,0.043,9.797
[1758203814122772747],,,,-0.237,0.055,9.615
[1758203814128113216],,,,-0.16,0.06,9.878
[1758203814133284049],,,,-0.122,0.06,9.713
[1758203814138442851],,,,-0.139,0.074,9.74
[1758203814143556810],,,,-0.23,0.151,9.759
[1758203814148660612],,,,-0.134,-0.036,9.749
[1758203814154624622],,,,-0.23,0.134,10.027
[1758203814160440247],,,,-0.175,0.11,9.723
[1758203814166221758],,,,-0.215,0.134,9.943
[1758203814172269674],,,,-0.146,0.043,9.527
[1758203814177636497],,,,-0.017,0.081,9.833
[1758203814183028528],,,,-0.041,0.292,9.91
[1758203814189604726],,,,-0.409,0.101,9.962
[1758203814196261653],,,,-0.242,0.081,9.677
[1758203814201998633],,,,-0.273,0.065,9.946
[1758203814207604101],,,,-0.448,0.038,9.768
[1758203814213988633],,,,-0.359,0.165,9.752
[1758203814219279570],,,,-0.412,0.096,9.622
[1758203814224823320],,,,-0.328,0.287,9.67
[1758203814230053164],,,,-0.098,0.127,9.685
[1758203814235180976],,,,-0.141,0.151,9.687
[1758203814240371705],,,,-0.136,0.304,9.716
[1758203814245491705],,,,0.053,0.263,9.957
[1758203814250668372],,,,0.124,0.381,9.802
[1758203814255870612],,,,0.098,0.316,9.737
[1758203814261167487],,,,0.043,0.429,10.053
[1758203814265942643],,,,-0.048,0.486,9.773
[1758203814270451445],,,,-0.376,0.287,10.084
[1758203814274983320],,,,-0.273,0.204,9.922
[1758203814279548945],,,,-0.419,0.232,9.766
[1758203814284090143],,,,-0.572,0.237,9.677
[1758203814288714205],,,,-0.56,0.227,9.711
[1758203814293253060],,,,-0.558,0.225,9.682
[1758203814297834830],,,,-0.551,0.271,9.713
[1758203814302459205],,,,-0.51,0.242,9.711
[1758203814307013164],,,,-0.591,0.285,9.689
[1758203814311599935],,,,-0.419,0.218,9.747
[1758203814316152278],,,,-0.211,0.333,9.914
[1758203814320686810],,,,-0.153,0.215,9.881
[1758203814325310716],,,,0.093,-0.077,9.814
[1758203814330209310],,,,0.189,-0.014,9.845
[1758203814334889987],,,,1.381,-0.23,9.96
[1758203814339505247],,,,0.388,0.055,9.656
[1758203814344072851],,,,-0.625,0.16,9.668
[1758203814348621966],,,,-0.4,-0.05,9.895
[1758203814353136497],,,,0.062,-0.278,9.893
[1758203814357693164],,,,-1.097,0.206,9.692
[1758203814362267851],,,,0.05,-0.273,9.685
[1758203814367494101],,,,-0.687,-0.098,9.747
[1758203814372706289],,,,0.014,-0.237,9.833
[1758203814377865039],,,,-0.819,-0.124,9.893
[1758203814383090612],,,,-0.242,-0.215,9.821
[1758203814388304258],,,,-0.067,-0.187,9.955
[1758203814393480508],,,,-0.204,-0.299,9.802
[1758203814398669258],,,,-0.034,-0.005,9.744
[1758203814403827643],,,,-0.038,-0.053,9.802
[1758203814408953893],,,,-0.395,-0.002,9.802
[1758203814414076445],,,,-0.225,0.022,9.749
[1758203814419256914],,,,-0.05,-0.014,9.661
[1758203814424410820],,,,-0.196,0.297,9.886
[1758203814429523060],,,,-0.192,0.225,9.73
[1758203814434925403],,,,-0.187,0.017,9.752
[1758203814440211862],,,,-0.268,0.182,9.855
[1758203814446844049],,,,-0.048,0.182,9.759
[1758203814452127278],,,,-0.268,0.163,9.706
[1758203814457251757],,,,-0.299,0.266,9.718
[1758203814462350143],,,,-0.347,0.287,9.742
[1758203814467528997],,,,-0.302,0.23,10.094
[1758203814472660351],,,,-0.199,0.273,9.886
[1758203814477769987],,,,-0.359,0.079,9.761
[1758203814482897903],,,,-0.196,0.084,9.802
[1758203814488224362],,,,-0.362,0.168,9.799
[1758203814493432747],,,,-0.316,0.261,9.831
[1758203814498565351],,,,-0.321,0.283,9.658
[1758203814503683112],,,,-0.462,0.213,9.639
[1758203814508857851],,,,-0.189,0.359,9.756
[1758203814514021185],,,,-0.419,0.184,9.835
[1758203814519215507],,,,-0.316,0.237,9.869
[1758203814524354778],,,,-0.419,0.101,9.708
[1758203814529513945],,,,-0.235,0.206,9.699
[1758203814534645507],,,,-0.46,0.227,9.792
[1758203814539917018],,,,-0.192,0.263,9.95
[1758203814545092122],,,,-0.376,0.249,9.706
[1758203814551688476],,,,-0.283,0.069,9.79
[1758203814558061497],,,,-0.172,0.292,9.773
[1758203814563318997],,,,-0.239,0.168,9.816
[1758203814568479049],,,,-0.237,0.213,9.862
[1758203814573596810],,,,-0.299,0.275,9.764
[1758203814578747643],,,,-0.103,0.273,9.931
[1758203814583875091],,,,-0.124,0.187,9.799
[1758203814590189726],,,,-0.278,0.299,9.819
[1758203814595518216],,,,-0.213,0.129,9.754
[1758203814601692487],,,,-0.244,0.079,9.752
[1758203814607863737],,,,-0.251,0.093,9.689
[1758203814613497278],,,,-0.206,0.055,9.811
[1758203814618669570],,,,-0.285,0.124,9.771
[1758203814623925143],,,,-0.244,0.065,9.704
[1758203814629149362],,,,-0.287,-0.022,9.728
[1758203814634372591],,,,-0.448,0.012,9.759
[1758203814639685351],,,,-0.359,0.014,9.883
[1758203814644826653],,,,-0.184,0.081,9.859
[1758203814650031132],,,,-0.22,-0.026,9.704
[1758203814655540507],,,,-0.127,0.06,9.965
[1758203814660779987],,,,-0.28,0.055,9.895
[1758203814666001132],,,,-0.261,0.184,9.835
[1758203814671212643],,,,-0.215,0.074,9.819
[1758203814676429830],,,,-0.292,0.062,9.84
[1758203814681732903],,,,-0.208,0.136,9.792
[1758203814686971862],,,,-0.132,0.086,9.773
[1758203814692141966],,,,-0.201,0.089,9.773
[1758203814697364882],,,,-0.127,0.055,9.771
[1758203814702490091],,,,-0.273,0.06,9.823
[1758203814707632174],,,,-0.268,0.187,9.766
[1758203814712799622],,,,-0.168,0.06,9.833
[1758203814718012070],,,,-0.113,0.129,9.795
[1758203814723250143],,,,-0.304,-0.036,9.713
[1758203814728451393],,,,-0.177,0.136,9.938
[1758203814733601237],,,,-0.237,0.041,9.917
[1758203814739081289],,,,-0.11,0.017,9.902
[1758203814744287278],,,,-0.409,0.091,9.85
[1758203814749484570],,,,-0.05,0.12,9.661
[1758203814754623789],,,,-0.06,0.122,9.637
[1758203814760824882],,,,-0.139,0.036,9.694
[1758203814767962382],,,,-0.144,0.002,9.965
[1758203814774970143],,,,-0.11,-0.062,9.823
[1758203814780433841],,,,-0.007,-0.072,9.828
[1758203814786971705],,,,-0.165,0.007,10.01
[1758203814792658893],,,,-0.077,-0.096,9.795
[1758203814799197851],,,,-0.182,-0.036,9.79
[1758203814804840091],,,,-0.148,-0.017,9.766
[1758203814812404830],,,,-0.244,-0.084,9.773
[1758203814818137226],,,,-0.069,-0.129,9.957
[1758203814823714674],,,,-0.239,-0.062,9.799
[1758203814828931653],,,,-0.239,-0.043,9.713
[1758203814834056445],,,,-0.101,0.041,9.756
[1758203814839232018],,,,-0.127,-0.065,9.735
[1758203814844354309],,,,-0.172,0.115,9.811
[1758203814849547174],,,,-0.163,0.002,10.008
[1758203814854689309],,,,-0.038,0.251,9.625
[1758203814859990872],,,,-0.096,0.055,9.716
[1758203814864684414],,,,-0.266,0.218,9.682
[1758203814868424414],,,,-0.256,0.297,9.766
[1758203814872107955],,,,-0.354,0.18,9.831
[1758203814875816966],,,,-0.239,0.275,9.943
