timestamp,x1,y1,z1,x2,y2,z2
[1758202912457131146],0.824,-0.115,11.313,,,
[1758202912462289844],0.814,-0.084,11.349,,,
[1758202912467676875],0.74,-0.168,11.32,,,
[1758202912472948750],0.733,-0.053,11.274,,,
[1758202912478148803],0.769,-0.256,11.49,,,
[1758202912483229896],0.713,-0.024,11.377,,,
[1758202912488312240],0.704,-0.124,11.36,,,
[1758202912493450417],0.776,-0.065,11.399,,,
[1758202912498501407],0.742,-0.122,11.384,,,
[1758202912503552240],0.915,-0.081,11.308,,,
[1758202912508696355],0.883,-0.12,11.207,,,
[1758202912513943490],0.759,-0.115,11.238,,,
[1758202912519113959],0.852,-0.259,11.341,,,
[1758202912524257448],0.742,-0.223,11.262,,,
[1758202912530801198],0.819,-0.144,11.535,,,
[1758202912536032188],0.816,-0.139,11.313,,,
[1758202912541130209],0.831,-0.057,11.322,,,
[1758202912546201563],0.702,-0.084,11.43,,,
[1758202912551281459],0.716,-0.098,11.449,,,
[1758202912556351615],0.826,-0.074,11.399,,,
[1758202912561489740],0.843,-0.144,11.387,,,
[1758202912566568021],0.766,-0.017,11.425,,,
[1758202912571697761],0.91,-0.034,11.353,,,
[1758202912577228698],0.778,-0.098,11.303,,,
[1758202912582376823],0.788,-0.256,11.212,,,
[1758202912587484740],0.874,-0.022,11.313,,,
[1758202912592590573],0.716,-0.048,11.389,,,
[1758202912597701198],0.876,-0.129,11.186,,,
[1758202912602793959],0.974,-0.089,11.198,,,
[1758202912607880053],0.826,-0.122,11.466,,,
[1758202912613111928],0.699,-0.026,11.317,,,
[1758202912618208438],0.802,-0.141,11.502,,,
[1758202912623433334],0.783,-0.06,11.19,,,
[1758202912628520625],0.864,-0.196,11.19,,,
[1758202912633586615],0.907,-0.136,11.495,,,
[1758202912638664063],0.814,-0.163,11.289,,,
[1758202912645177084],0.769,-0.086,11.267,,,
[1758202912650453438],0.831,-0.031,11.368,,,
[1758202912655542344],0.721,-0.263,11.224,,,
[1758202912660741303],0.781,-0.151,11.478,,,
[1758202912665862240],0.776,-0.026,11.399,,,
[1758202912670946355],0.958,-0.002,11.435,,,
[1758202912676019167],0.788,-0.026,11.21,,,
[1758202912681093282],0.618,-0.223,11.305,,,
[1758202912687361459],0.637,-0.005,11.212,,,
[1758202912692825625],0.888,-0.115,11.322,,,
[1758202912697920834],0.869,-0.259,11.451,,,
[1758202912703007448],0.745,-0.098,11.463,,,
[1758202912708089063],0.79,-0.029,11.375,,,
[1758202912713271198],0.74,-0.115,11.258,,,
[1758202912718345625],0.91,-0.045,11.478,,,
[1758202912723425000],0.721,-0.053,11.19,,,
[1758202912728499167],0.86,-0.124,11.305,,,
[1758202912733605261],0.718,-0.007,11.42,,,
[1758202912738670313],0.857,-0.019,11.2,,,
[1758202912743805938],0.682,-0.18,11.456,,,
[1758202912748880417],0.62,-0.132,11.432,,,
[1758202912754425052],0.68,-0.299,11.43,,,
[1758202912759547917],0.687,0.067,11.255,,,
[1758202912764746042],0.826,-0.067,11.205,,,
[1758202912769793438],0.745,-0.055,11.401,,,
[1758202912774864480],0.752,-0.105,11.226,,,
[1758202912779902032],0.797,0.117,11.303,,,
[1758202912785000730],0.917,-0.01,11.219,,,
[1758202912790149375],0.469,-0.115,11.428,,,
[1758202912795285469],0.625,-0.18,11.413,,,
[1758202912800915313],0.651,-0.002,11.574,,,
[1758202912809046875],0.764,-0.115,11.238,,,
[1758202912814419584],0.855,-0.098,11.289,,,
[1758202912819525625],0.694,-0.093,11.305,,,
[1758202912824641198],0.769,-0.002,11.423,,,
[1758202912829722709],0.802,-0.12,11.473,,,
[1758202912834830000],0.816,-0.132,11.27,,,
[1758202912839943750],0.833,-0.23,11.253,,,
[1758202912845180417],0.754,-0.096,11.368,,,
[1758202912850315521],0.924,-0.041,11.183,,,
[1758202912855423282],1.053,-0.127,11.384,,,
[1758202912861847552],0.8,-0.177,11.327,,,
[1758202912867065990],0.879,-0.084,11.195,,,
[1758202912872126459],0.816,-0.043,11.222,,,
[1758202912877170730],0.73,-0.06,11.238,,,
[1758202912882266979],0.907,-0.158,11.42,,,
[1758202912887317396],0.903,-0.113,11.308,,,
[1758202912892373594],0.8,-0.266,11.344,,,
[1758202912897459792],0.862,-0.053,11.315,,,
[1758202912902665625],0.663,-0.036,11.322,,,
[1758202912908285209],0.769,-0.11,11.272,,,
[1758202912913453073],0.816,-0.043,11.459,,,
[1758202912918546927],0.766,-0.192,11.274,,,
[1758202912923656198],0.826,-0.055,11.368,,,
[1758202912928712500],0.891,-0.299,11.329,,,
[1758202912933770834],0.994,-0.022,11.485,,,
[1758202912938965677],0.761,-0.127,11.308,,,
[1758202912944131563],0.804,-0.067,11.456,,,
[1758202912949221354],0.833,-0.101,11.365,,,
[1758202912954420782],0.721,-0.144,11.375,,,
[1758202912959534532],0.69,-0.146,11.485,,,
[1758202912964701667],0.737,-0.036,11.286,,,
[1758202912970350990],0.757,-0.105,11.48,,,
[1758202912975448594],0.836,-0.105,11.26,,,
[1758202912980653490],0.826,0.089,11.31,,,
[1758202912985849479],0.898,-0.23,11.286,,,
[1758202912991012188],0.821,-0.223,11.226,,,
[1758202912996103594],1.034,-0.115,11.279,,,
[1758202913001232500],0.802,-0.019,11.298,,,
[1758202913006401563],0.917,-0.01,11.284,,,
[1758202913011657032],0.781,-0.182,11.272,,,
[1758202913018021615],0.821,-0.129,11.349,,,
[1758202913023213125],0.737,-0.144,11.504,,,
[1758202913028289063],0.888,-0.055,11.475,,,
[1758202913033419323],0.67,-0.012,11.243,,,
[1758202913038475886],0.795,-0.297,11.337,,,
[1758202913043533386],0.757,-0.201,11.188,,,
[1758202913048605469],0.824,-0.218,11.317,,,
[1758202913053724375],0.627,-0.079,11.222,,,
[1758202913058814688],0.668,-0.101,11.449,,,
[1758202913064123438],0.833,-0.062,11.372,,,
[1758202913069225990],0.886,-0.146,11.248,,,
[1758202913074302969],0.85,-0.084,11.25,,,
[1758202913079745938],0.852,-0.086,11.291,,,
[1758202913084825886],0.766,-0.136,11.389,,,
[1758202913089894948],0.819,-0.113,11.111,,,
[1758202913094994948],0.733,0.117,11.358,,,
[1758202913100102136],0.606,-0.134,11.449,,,
[1758202913105247448],0.792,-0.139,11.344,,,
[1758202913110474219],0.814,-0.122,11.487,,,
[1758202913115692188],0.814,-0.093,11.372,,,
[1758202913120933750],0.828,-0.146,11.447,,,
[1758202913126477865],0.862,-0.29,11.279,,,
[1758202913131544792],0.931,-0.108,11.305,,,
[1758202913136601927],0.73,-0.218,11.413,,,
[1758202913141707917],0.857,-0.117,11.406,,,
[1758202913146874011],0.654,-0.256,11.315,,,
[1758202913151950573],0.776,-0.045,11.399,,,
[1758202913157083177],0.893,-0.055,11.25,,,
[1758202913162278854],0.816,-0.062,11.37,,,
[1758202913167401146],0.869,-0.098,11.425,,,
[1758202913172607136],0.747,-0.105,11.205,,,
[1758202913177703438],0.824,-0.122,11.308,,,
[1758202913182869427],0.888,-0.122,11.353,,,
[1758202913190237240],0.905,-0.11,11.444,,,
[1758202913195654948],0.843,-0.17,11.317,,,
[1758202913200806094],0.8,-0.005,11.207,,,
[1758202913205928594],0.74,0.014,11.411,,,
[1758202913211124167],0.68,-0.05,11.272,,,
[1758202913216229219],0.898,-0.28,11.31,,,
[1758202913221289896],0.615,-0.194,11.353,,,
[1758202913226336198],0.833,-0.089,11.315,,,
[1758202913231477604],0.5,-0.084,11.423,,,
[1758202913237033594],0.747,-0.096,11.408,,,
[1758202913242135938],0.713,-0.055,11.483,,,
[1758202913247187448],0.797,-0.089,11.298,,,
[1758202913252298125],0.848,-0.055,11.437,,,
[1758202913257384115],0.706,-0.122,11.258,,,
[1758202913262536042],0.797,-0.103,11.38,,,
[1758202913267621459],0.871,-0.026,11.344,,,
[1758202913272744896],0.915,-0.081,11.38,,,
[1758202913277921406],0.833,-0.019,11.32,,,
[1758202913283058542],0.747,-0.172,11.226,,,
[1758202913288132448],0.941,-0.163,11.471,,,
[1758202913294464896],0.73,-0.18,11.344,,,
[1758202913299723386],0.843,-0.144,11.358,,,
[1758202913304795209],1.058,-0.026,11.394,,,
[1758202913309885938],0.788,-0.148,11.322,,,
[1758202913315063490],0.903,-0.084,11.258,,,
[1758202913320284271],0.895,-0.093,11.337,,,
[1758202913325351406],0.766,-0.05,11.365,,,
[1758202913330491927],0.898,-0.189,11.437,,,
[1758202913335627188],0.792,-0.11,11.248,,,
[1758202913340836823],0.699,-0.079,11.353,,,
[1758202913347276823],0.97,-0.072,11.317,,,
[1758202913352464375],0.893,-0.057,11.356,,,
[1758202913357538177],0.893,-0.153,11.384,,,
[1758202913362723646],0.735,-0.057,11.308,,,
[1758202913367803906],0.802,-0.266,11.428,,,
[1758202913372856302],0.797,-0.146,11.296,,,
[1758202913377933125],0.893,-0.141,11.327,,,
[1758202913383064271],0.819,-0.105,11.48,,,
[1758202913388152813],0.845,-0.029,11.411,,,
[1758202913393327136],0.85,-0.199,11.432,,,
[1758202913398395573],0.828,-0.038,11.222,,,
[1758202913403596615],0.807,-0.072,11.315,,,
[1758202913408736771],0.833,-0.132,11.411,,,
[1758202913413940521],0.682,-0.12,11.301,,,
[1758202913419051146],0.831,-0.105,11.435,,,
[1758202913424116094],0.886,-0.235,11.296,,,
[1758202913429191823],0.769,-0.156,11.198,,,
[1758202913434318542],0.821,-0.239,11.207,,,
[1758202913439439271],0.891,-0.151,11.334,,,
[1758202913444548906],0.661,-0.069,11.485,,,
[1758202913449637083],0.685,-0.115,11.375,,,
[1758202913456034531],0.723,-0.215,11.337,,,
[1758202913461292552],0.704,-0.089,11.356,,,
[1758202913466378229],0.893,-0.196,11.19,,,
[1758202913471466875],0.773,-0.098,11.442,,,
[1758202913476542448],0.62,-0.007,11.389,,,
[1758202913481611250],0.699,-0.192,11.258,,,
[1758202913486683438],0.989,-0.038,11.246,,,
[1758202913491804011],0.804,-0.103,11.375,,,
[1758202913496937031],0.699,-0.031,11.277,,,
[1758202913502175156],0.747,-0.172,11.298,,,
[1758202913507314583],0.836,-0.11,11.478,,,
[1758202913512889688],0.8,-0.096,11.205,,,
[1758202913517982656],0.754,-0.129,11.308,,,
[1758202913523074323],0.929,-0.017,11.258,,,
[1758202913528140886],0.982,-0.12,11.358,,,
[1758202913533309531],0.883,-0.127,11.363,,,
[1758202913538426198],0.915,-0.048,11.468,,,
[1758202913543495365],0.764,-0.122,11.25,,,
[1758202913548604896],0.697,-0.124,11.291,,,
[1758202913553761563],0.764,-0.124,11.313,,,
[1758202913558956042],0.833,-0.053,11.26,,,
[1758202913564491354],0.852,-0.06,11.346,,,
[1758202913569573229],0.9,-0.16,11.351,,,
[1758202913574691875],0.855,-0.115,11.408,,,
[1758202913579815417],0.864,0.072,11.262,,,
[1758202913584961094],0.886,-0.067,11.346,,,
[1758202913590014271],0.871,-0.041,11.478,,,
[1758202913595068385],0.831,-0.113,11.293,,,
[1758202913600203750],0.742,-0.108,11.27,,,
[1758202913605414427],0.783,-0.074,11.281,,,
[1758202913610640208],0.864,-0.026,11.37,,,
[1758202913615828021],0.84,-0.072,11.377,,,
[1758202913623422031],0.917,-0.029,11.435,,,
[1758202913629834948],0.67,-0.067,11.351,,,
[1758202913635039792],0.929,-0.053,11.401,,,
[1758202913640250313],0.759,-0.029,11.26,,,
[1758202913645341146],0.809,-0.065,11.358,,,
[1758202913650473958],0.713,-0.01,11.502,,,
[1758202913655560260],0.618,-0.045,11.226,,,
[1758202913661904583],0.807,-0.115,11.363,,,
[1758202913667140000],0.747,-0.144,11.25,,,
[1758202913673612448],0.766,-0.089,11.27,,,
[1758202913678836354],0.781,-0.045,11.358,,,
[1758202913683937083],0.778,0.144,11.267,,,
[1758202913689007292],0.819,-0.026,11.444,,,
[1758202913694101615],0.888,-0.124,11.286,,,
[1758202913699151094],0.912,-0.204,11.432,,,
[1758202913704208854],0.702,-0.105,11.344,,,
[1758202913709304844],0.759,-0.098,11.382,,,
[1758202913714530417],0.905,-0.065,11.236,,,
[1758202913720051198],0.809,-0.144,11.499,,,
[1758202913725210313],0.84,-0.113,11.289,,,
[1758202913730318438],0.785,-0.113,11.353,,,
[1758202913736713906],0.716,-0.089,11.32,,,
[1758202913741937292],0.898,-0.034,11.439,,,
[1758202913747010052],0.812,-0.148,11.279,,,
[1758202913752098594],1.037,-0.101,11.267,,,
[1758202913757235417],1.041,-0.062,11.396,,,
[1758202913762392604],0.79,-0.254,11.461,,,
[1758202913767469687],0.661,-0.194,11.447,,,
[1758202913772604896],0.912,-0.026,11.516,,,
[1758202913777720625],0.807,-0.182,11.27,,,
[1758202913783144844],0.8,-0.01,11.344,,,
[1758202913788370260],0.711,-0.053,11.219,,,
[1758202913793473958],0.864,-0.134,11.265,,,
[1758202913798537031],0.879,-0.156,11.404,,,
[1758202913803614844],0.809,-0.153,11.346,,,
[1758202913808698802],0.661,-0.048,11.303,,,
[1758202913813894635],0.644,-0.108,11.217,,,
[1758202913819026042],0.73,-0.132,11.442,,,
[1758202913824243594],0.792,-0.129,11.214,,,
[1758202913829526927],0.757,-0.05,11.394,,,
[1758202913834602031],0.759,-0.139,11.246,,,
[1758202913839723698],0.766,-0.057,11.272,,,
[1758202913845257396],0.761,-0.153,11.425,,,
[1758202913850446823],0.871,-0.194,11.435,,,
[1758202913855520156],0.713,-0.036,11.284,,,
[1758202913860846927],0.898,-0.091,11.284,,,
[1758202913865971302],0.903,-0.211,11.222,,,
[1758202913871076354],0.828,-0.17,11.334,,,
[1758202913876179740],0.91,-0.055,11.389,,,
[1758202913881260521],0.706,-0.122,11.475,,,
[1758202913886396354],0.831,-0.127,11.478,,,
[1758202913892950156],0.879,-0.108,11.238,,,
[1758202913898148802],0.96,-0.151,11.454,,,
[1758202913903225625],0.912,-0.069,11.289,,,
[1758202913908441406],0.879,-0.01,11.43,,,
[1758202913913649687],0.735,-0.256,11.195,,,
[1758202913918724792],0.702,-0.283,11.418,,,
[1758202913923789010],0.826,0.05,11.224,,,
[1758202913929024219],0.85,-0.038,11.31,,,
[1758202913934268854],0.814,0.136,11.36,,,
[1758202913939426562],1.041,-0.096,11.313,,,
[1758202913944536458],0.903,-0.072,11.346,,,
[1758202913949610417],0.91,-0.098,11.298,,,
[1758202913954700937],0.838,-0.136,11.423,,,
[1758202913960594687],0.905,-0.11,11.293,,,
[1758202913965945990],0.795,-0.211,11.291,,,
[1758202913971064740],0.907,-0.012,11.313,,,
[1758202913976137917],0.737,-0.146,11.313,,,
[1758202913981189948],0.73,-0.074,11.226,,,
[1758202913986254896],0.862,-0.12,11.322,,,
[1758202913991421406],0.747,-0.12,11.377,,,
[1758202913996539271],0.85,-0.031,11.48,,,
[1758202914003842135],0.797,-0.141,11.298,,,
[1758202914009158385],0.795,-0.048,11.341,,,
[1758202914014345000],0.718,-0.045,11.38,,,
[1758202914019424219],0.771,-0.065,11.384,,,
[1758202914024541562],0.747,-0.16,11.286,,,
[1758202914029590104],0.737,-0.055,11.334,,,
[1758202914034638698],0.675,-0.029,11.238,,,
[1758202914039705781],0.864,-0.163,11.48,,,
[1758202914044830000],0.728,-0.237,11.389,,,
[1758202914049959739],0.881,-0.113,11.408,,,
[1758202914055018646],0.814,-0.091,11.349,,,
[1758202914060329167],0.824,-0.045,11.368,,,
[1758202914066823229],0.816,-0.045,11.291,,,
[1758202914072049010],0.807,-0.067,11.296,,,
[1758202914077134635],0.879,-0.026,11.308,,,
[1758202914082261198],0.788,-0.139,11.265,,,
[1758202914087339114],0.809,-0.144,11.377,,,
[1758202914092418073],0.73,-0.127,11.167,,,
[1758202914097499687],0.857,-0.172,11.277,,,
[1758202914102599531],0.745,-0.05,11.205,,,
[1758202914107845364],0.785,-0.034,11.195,,,
[1758202914113466614],0.615,-0.081,11.502,,,
[1758202914118570625],0.797,-0.041,11.253,,,
[1758202914123661094],0.821,0.053,11.495,,,
[1758202914128733229],0.728,-0.065,11.418,,,
[1758202914133890729],0.778,-0.055,11.246,,,
[1758202914139009114],0.833,-0.007,11.052,,,
[1758202914144096042],0.795,-0.141,11.461,,,
[1758202914149185312],0.807,-0.034,11.485,,,
[1758202914154355052],0.874,-0.026,11.267,,,
[1758202914159663073],0.84,-0.084,11.399,,,
[1758202914164799375],0.74,-0.113,11.222,,,
[1758202914169936406],0.752,-0.182,11.442,,,
[1758202914177388073],0.634,-0.019,11.406,,,
[1758202914182612812],0.828,-0.11,11.222,,,
[1758202914187709739],0.761,-0.043,11.439,,,
[1758202914192812864],0.68,-0.034,11.15,,,
[1758202914197878021],0.666,-0.057,11.289,,,
[1758202914202929896],0.821,0.012,11.562,,,
[1758202914207986614],0.781,-0.163,11.353,,,
[1758202914213145156],0.807,-0.146,11.552,,,
[1758202914218407760],0.785,-0.093,11.365,,,
[1758202914223805416],0.735,-0.014,11.236,,,
[1758202914228906354],0.663,-0.074,11.437,,,
[1758202914233997448],0.886,0.117,11.416,,,
[1758202914239070416],0.845,-0.067,11.284,,,
[1758202914244145625],0.668,-0.065,11.279,,,
[1758202914249200416],0.67,-0.177,11.322,,,
[1758202914254313854],0.656,-0.16,11.291,,,
[1758202914259411406],0.996,-0.136,11.392,,,
[1758202914264592135],0.759,-0.163,11.31,,,
[1758202914269769166],0.864,-0.124,11.236,,,
[1758202914274961041],0.62,-0.005,11.435,,,
[1758202914280195573],0.694,-0.079,11.435,,,
[1758202914285629010],0.864,-0.136,11.454,,,
[1758202914290785052],0.778,-0.086,11.2,,,
[1758202914295906198],0.797,-0.235,11.461,,,
[1758202914300988906],0.869,-0.146,11.48,,,
[1758202914306048333],0.761,-0.117,11.224,,,
[1758202914311248958],0.725,-0.163,11.193,,,
[1758202914316511146],0.804,-0.117,11.226,,,
[1758202914321620625],0.754,-0.091,11.492,,,
[1758202914326747031],0.86,-0.062,11.281,,,
[1758202914332156771],0.622,-0.062,11.231,,,
[1758202914337279114],0.917,-0.196,11.442,,,
[1758202914342371823],0.63,-0.002,11.329,,,
[1758202914347442187],0.778,-0.057,11.255,,,
[1758202914352631771],0.769,-0.129,11.514,,,
[1758202914357845416],0.828,-0.084,11.202,,,
[1758202914363014479],0.792,-0.17,11.313,,,
[1758202914368133125],0.766,-0.129,11.229,,,
[1758202914373293958],0.656,-0.074,11.234,,,
[1758202914378402552],0.881,0.11,11.143,,,
[1758202914383525833],0.757,-0.144,11.353,,,
[1758202914388599166],0.848,-0.146,11.305,,,
[1758202914394777500],0.797,-0.105,11.358,,,
[1758202914400388854],0.917,0.132,11.394,,,
[1758202914405484271],0.785,-0.283,11.435,,,
[1758202914410845260],0.807,-0.273,11.317,,,
[1758202914415973541],0.776,-0.093,11.408,,,
[1758202914421059687],0.67,-0.043,11.234,,,
[1758202914426108177],0.747,-0.17,11.353,,,
[1758202914431222864],0.694,-0.187,11.483,,,
[1758202914436355312],0.668,-0.175,11.224,,,
[1758202914443102656],0.898,-0.024,11.238,,,
[1758202914448350573],0.833,-0.105,11.528,,,
[1758202914453432291],0.874,-0.134,11.442,,,
[1758202914458513177],0.85,-0.057,11.248,,,
[1758202914463685833],0.869,-0.184,11.255,,,
[1758202914468765573],0.644,-0.115,11.21,,,
[1758202914473848593],0.757,-0.113,11.463,,,
[1758202914478941198],0.838,-0.151,11.325,,,
[1758202914484062760],0.905,-0.091,11.466,,,
[1758202914489241302],0.725,-0.072,11.32,,,
[1758202914494357812],0.915,-0.01,11.181,,,
[1758202914499511458],0.79,-0.11,11.461,,,
[1758202914504623593],0.622,-0.101,11.337,,,
[1758202914511016823],0.771,-0.079,11.485,,,
[1758202914516139427],1.03,-0.266,11.363,,,
[1758202914521238177],0.622,-0.091,11.449,,,
[1758202914526325885],0.74,-0.127,11.248,,,
[1758202914531412135],0.692,0.077,11.234,,,
[1758202914536484218],0.781,-0.093,11.265,,,
[1758202914541564687],0.821,-0.093,11.425,,,
[1758202914546613437],0.749,-0.141,11.289,,,
[1758202914551737656],0.634,0.06,11.574,,,
[1758202914557295833],0.735,-0.084,11.37,,,
[1758202914562468906],0.804,-0.134,11.475,,,
[1758202914567543698],1.065,-0.031,11.258,,,
[1758202914572653437],0.838,-0.072,11.317,,,
[1758202914577774010],0.9,-0.218,11.401,,,
[1758202914582859271],0.888,-0.215,11.214,,,
[1758202914587933437],0.836,-0.024,11.267,,,
[1758202914593080364],0.79,-0.127,11.176,,,
[1758202914598260000],0.706,-0.093,11.38,,,
[1758202914603317604],0.814,-0.057,11.224,,,
[1758202914608453281],0.721,-0.199,11.408,,,
[1758202914616616093],0.764,-0.17,11.483,,,
[1758202914621790521],0.807,-0.132,11.48,,,
[1758202914626868073],0.852,-0.019,11.248,,,
[1758202914632055729],0.725,-0.077,11.473,,,
[1758202914637282187],0.706,-0.034,11.399,,,
[1758202914642373750],0.867,0.036,11.241,,,
[1758202914647513177],0.752,-0.105,11.602,,,
[1758202914652586666],0.943,-0.091,11.301,,,
[1758202914657816823],0.826,-0.067,11.291,,,
[1758202914665241823],0.792,-0.014,11.322,,,
[1758202914670902187],0.831,-0.235,11.258,,,
[1758202914676032968],0.749,-0.225,11.439,,,
[1758202914681128593],0.826,-0.026,11.48,,,
[1758202914686210729],0.74,0.141,11.243,,,
[1758202914691315781],0.826,-0.117,11.38,,,
[1758202914696386666],0.871,-0.098,11.281,,,
[1758202914701476979],0.915,-0.029,11.466,,,
[1758202914706577760],0.848,-0.048,11.344,,,
[1758202914711769323],0.867,-0.041,11.219,,,
[1758202914716963385],0.785,-0.199,11.487,,,
[1758202914722390520],0.778,-0.034,11.205,,,
[1758202914727481979],0.874,-0.024,11.394,,,
[1758202914732590729],0.855,-0.232,11.351,,,
[1758202914737691145],0.809,-0.062,11.408,,,
[1758202914742821562],0.769,-0.122,11.416,,,
[1758202914747942239],0.733,-0.158,11.514,,,
[1758202914753075000],0.785,-0.232,11.1,,,
[1758202914758188177],0.876,-0.117,11.406,,,
[1758202914763400104],0.869,-0.057,11.301,,,
[1758202914768594635],0.797,-0.091,11.372,,,
[1758202914774086406],0.927,-0.086,11.358,,,
[1758202914779214531],0.79,-0.06,11.19,,,
[1758202914784306354],0.74,-0.057,11.344,,,
[1758202914789405729],0.773,-0.091,11.382,,,
[1758202914794552864],0.86,-0.041,11.219,,,
[1758202914799631406],0.776,-0.105,11.296,,,
[1758202914804728854],0.816,-0.177,11.487,,,
[1758202914809879323],0.804,-0.11,11.234,,,
[1758202914816229531],0.907,-0.065,11.485,,,
[1758202914821501614],0.886,-0.048,11.468,,,
[1758202914826599791],0.804,-0.177,11.258,,,
[1758202914831833333],0.766,-0.081,11.329,,,
[1758202914836916302],0.893,0.122,11.231,,,
[1758202914842008020],0.888,-0.139,11.231,,,
[1758202914847091614],0.91,-0.077,11.19,,,
[1758202914852214843],0.831,-0.026,11.277,,,
[1758202914857288489],0.706,-0.124,11.432,,,
[1758202914862481406],0.828,-0.084,11.377,,,
[1758202914867580833],0.709,-0.151,11.341,,,
[1758202914872638958],0.939,-0.11,11.317,,,
[1758202914877761822],0.845,-0.084,11.456,,,
[1758202914883291197],0.625,-0.024,11.329,,,
[1758202914888406875],0.783,-0.096,11.31,,,
[1758202914893520104],0.745,-0.048,11.562,,,
[1758202914898630312],0.73,-0.237,11.416,,,
[1758202914903722239],0.855,-0.136,11.31,,,
[1758202914908800260],0.814,-0.067,11.442,,,
[1758202914914014739],0.828,-0.122,11.451,,,
[1758202914919101979],0.8,-0.122,11.2,,,
[1758202914924285729],0.828,-0.014,11.451,,,
[1758202914929522500],0.804,-0.05,11.416,,,
[1758202914934688854],0.797,0.06,11.281,,,
[1758202914941605312],0.843,-0.069,11.26,,,
[1758202914948097552],0.646,-0.168,11.274,,,
[1758202914953322291],0.754,-0.124,11.298,,,
[1758202914958416302],0.735,-0.225,11.325,,,
[1758202914963595260],0.9,-0.096,11.198,,,
[1758202914968674635],0.687,-0.043,11.358,,,
[1758202914973762187],0.778,-0.278,11.265,,,
[1758202914978844062],0.826,-0.11,11.38,,,
[1758202914983964270],0.86,-0.244,11.437,,,
[1758202914990220208],0.785,-0.108,11.365,,,
[1758202914995851302],0.857,-0.031,11.315,,,
[1758202915000981614],0.845,-0.06,11.188,,,
[1758202915006071250],0.998,-0.019,11.193,,,
[1758202915011307395],0.812,-0.067,11.164,,,
[1758202915016409791],1.061,-0.129,11.243,,,
[1758202915021522760],0.843,-0.074,11.365,,,
[1758202915026608072],0.8,-0.089,11.2,,,
[1758202915031726197],0.723,-0.16,11.425,,,
[1758202915036893645],0.769,0.127,11.478,,,
[1758202915042010260],0.658,-0.022,11.473,,,
[1758202915047087968],0.611,-0.014,11.332,,,
[1758202915053522500],0.627,-0.026,11.497,,,
[1758202915058740937],0.728,-0.093,11.222,,,
[1758202915063868697],0.84,-0.223,11.368,,,
[1758202915068984635],0.883,-0.144,11.186,,,
[1758202915074162135],0.764,-0.113,11.454,,,
[1758202915079269062],0.809,-0.12,11.186,,,
[1758202915084349843],0.728,-0.146,11.234,,,
[1758202915089421041],0.613,-0.122,11.317,,,
[1758202915094550104],0.845,-0.089,11.442,,,
[1758202915099765468],0.807,-0.081,11.396,,,
[1758202915105202083],0.769,-0.16,11.325,,,
[1758202915110429374],0.795,-0.134,11.327,,,
[1758202915115599583],0.907,-0.292,11.25,,,
[1758202915120726822],0.838,-0.297,11.497,,,
[1758202915125931249],0.781,-0.041,11.382,,,
[1758202915131057447],0.912,-0.091,11.329,,,
[1758202915136144635],0.8,-0.05,11.447,,,
[1758202915141340885],0.824,-0.081,11.349,,,
[1758202915146467656],0.742,-0.077,11.212,,,
[1758202915151662395],0.632,-0.146,11.212,,,
[1758202915156801666],0.812,-0.072,11.265,,,
[1758202915162419166],0.678,-0.091,11.346,,,
[1758202915167524843],0.879,-0.091,11.382,,,
[1758202915172680052],0.845,-0.249,11.37,,,
[1758202915177795624],0.733,-0.17,11.507,,,
[1758202915182894062],0.783,-0.057,11.389,,,
[1758202915187969843],0.618,-0.096,11.43,,,
[1758202915193067604],0.809,-0.01,11.418,,,
[1758202915198180364],0.761,-0.105,11.418,,,
[1758202915203302864],0.8,-0.036,11.325,,,
[1758202915208516614],0.871,-0.098,11.406,,,
[1758202915214162447],0.845,-0.077,11.222,,,
[1758202915219302604],0.742,-0.05,11.277,,,
[1758202915224428593],0.845,-0.091,11.466,,,
[1758202915229560208],0.843,-0.144,11.164,,,
[1758202915234681041],0.759,-0.024,11.353,,,
[1758202915239765520],0.704,-0.05,11.339,,,
[1758202915244901249],0.886,-0.101,11.317,,,
[1758202915250180156],0.79,0.134,11.466,,,
[1758202915255282499],0.754,-0.098,11.315,,,
[1758202915260488124],0.915,-0.077,11.224,,,
[1758202915265678281],0.622,-0.002,11.401,,,
[1758202915271191666],0.905,-0.022,11.456,,,
[1758202915276285260],0.898,-0.081,11.198,,,
[1758202915281424010],0.864,-0.002,11.281,,,
[1758202915286538697],0.838,-0.306,11.231,,,
[1758202915291744114],0.862,-0.034,11.284,,,
[1758202915296823697],0.821,-0.084,11.281,,,
[1758202915301977031],0.84,-0.115,11.301,,,
[1758202915307083385],0.85,-0.127,11.315,,,
[1758202915312290937],0.785,-0.086,11.334,,,
[1758202915317404843],0.797,-0.144,11.332,,,
[1758202915322814999],0.804,-0.134,11.305,,,
[1758202915327932916],0.776,-0.053,11.289,,,
[1758202915333061822],0.718,-0.29,11.296,,,
[1758202915338311510],0.713,-0.134,11.461,,,
[1758202915343449062],0.824,-0.12,11.313,,,
[1758202915348542135],0.778,-0.069,11.205,,,
[1758202915353660729],0.857,-0.105,11.298,,,
[1758202915358789791],0.831,-0.146,11.205,,,
[1758202915363951354],0.678,-0.151,11.468,,,
[1758202915369032187],0.812,-0.122,11.578,,,
[1758202915374259999],0.812,-0.124,11.37,,,
[1758202915379860416],0.833,-0.029,11.289,,,
[1758202915385005624],0.79,-0.101,11.48,,,
[1758202915390136614],0.804,-0.139,11.2,,,
[1758202915395237812],0.673,-0.019,11.25,,,
[1758202915400355676],0.845,-0.115,11.334,,,
[1758202915405500781],0.862,-0.17,11.274,,,
[1758202915410744895],0.764,-0.117,11.329,,,
[1758202915415879531],0.785,-0.086,11.236,,,
[1758202915423711770],0.907,-0.122,11.449,,,
[1758202915428910156],0.862,-0.148,11.399,,,
[1758202915434058489],0.843,-0.05,11.241,,,
[1758202915439148124],0.761,-0.041,11.425,,,
[1758202915444313281],0.781,-0.089,11.265,,,
[1758202915449426354],0.62,-0.225,11.219,,,
[1758202915454536301],0.757,-0.182,11.447,,,
[1758202915459617708],0.9,-0.084,11.202,,,
[1758202915464875781],0.915,-0.084,11.219,,,
[1758202915470037656],0.685,-0.12,11.308,,,
[1758202915475142187],0.716,-0.184,11.375,,,
[1758202915480343593],0.678,-0.113,11.059,,,
[1758202915486809374],0.781,-0.077,11.277,,,
[1758202915492049479],1.03,-0.139,11.322,,,
[1758202915497118541],0.654,-0.079,11.301,,,
[1758202915502236249],0.654,-0.069,11.49,,,
[1758202915507325312],0.881,-0.18,11.478,,,
[1758202915512484218],0.68,-0.184,11.217,,,
[1758202915517582656],0.673,-0.215,11.32,,,
[1758202915522690520],0.704,-0.261,11.447,,,
[1758202915527783020],0.781,0.017,11.322,,,
[1758202915534326510],0.797,-0.132,11.368,,,
[1758202915539547291],0.781,-0.124,11.214,,,
[1758202915544643853],0.828,-0.17,11.375,,,
[1758202915549717291],0.821,-0.115,11.475,,,
[1758202915554844635],0.776,-0.065,11.392,,,
[1758202915559911822],0.804,-0.141,11.399,,,
[1758202915565059374],0.831,-0.048,11.473,,,
[1758202915570210468],0.895,-0.235,11.26,,,
[1758202915575396406],1.058,-0.29,11.339,,,
[1758202915580660103],0.785,-0.201,11.277,,,
[1758202915585756666],0.816,-0.127,11.411,,,
[1758202915592274687],0.625,-0.091,11.401,,,
[1758202915597485051],0.747,-0.005,11.499,,,
[1758202915602580520],0.836,-0.043,11.169,,,
[1758202915607675989],0.754,-0.134,11.27,,,
[1758202915612862551],0.852,-0.18,11.274,,,
[1758202915617955520],0.838,-0.139,11.459,,,
[1758202915623060416],0.783,-0.153,11.27,,,
[1758202915628139999],0.979,-0.005,11.193,,,
[1758202915633278281],0.735,-0.036,11.365,,,
[1758202915639768593],0.757,-0.117,11.37,,,
[1758202915644965312],0.663,-0.156,11.207,,,
[1758202915650049218],0.9,-0.172,11.428,,,
[1758202915655148853],0.702,-0.026,11.411,,,
[1758202915660302187],0.716,-0.189,11.231,,,
[1758202915665463645],0.804,-0.141,11.267,,,
[1758202915670608593],0.874,-0.184,11.466,,,
[1758202915675703228],0.912,-0.235,11.346,,,
[1758202915680959478],0.709,-0.019,11.516,,,
[1758202915686167603],0.776,-0.165,11.554,,,
[1758202915691303333],0.613,-0.079,11.334,,,
[1758202915698618333],0.788,-0.002,11.387,,,
[1758202915703883489],0.759,-0.045,11.27,,,
[1758202915708978281],0.862,-0.232,11.459,,,
[1758202915714182708],0.905,0.084,11.372,,,
[1758202915719297968],0.898,-0.101,11.432,,,
[1758202915724402551],0.953,-0.072,11.258,,,
[1758202915729515833],0.752,0.007,11.339,,,
[1758202915734616093],0.8,-0.069,11.38,,,
[1758202915739689270],0.84,-0.201,11.449,,,
[1758202915745161510],1.053,-0.113,11.368,,,
[1758202915750309843],0.773,-0.055,11.308,,,
[1758202915755406510],0.862,-0.086,11.267,,,
[1758202915760609166],0.831,-0.05,11.186,,,
[1758202915765720989],0.766,-0.189,11.339,,,
[1758202915770837760],0.867,-0.086,11.226,,,
[1758202915775954530],0.773,-0.091,11.461,,,
[1758202915781116249],0.661,-0.014,11.253,,,
[1758202915786222708],0.702,-0.28,11.238,,,
[1758202915791415520],0.745,-0.077,11.447,,,
[1758202915796509010],0.812,-0.204,11.447,,,
[1758202915801954530],0.879,-0.124,11.454,,,
[1758202915807120937],0.737,-0.067,11.315,,,
[1758202915812257135],0.759,-0.043,11.289,,,
[1758202915817405780],0.912,-0.05,11.42,,,
[1758202915822553749],0.9,-0.12,11.435,,,
[1758202915827674843],0.718,0.093,11.451,,,
[1758202915832755572],0.713,-0.299,11.406,,,
[1758202915837867499],0.694,-0.254,11.188,,,
[1758202915843019426],0.642,-0.115,11.205,,,
[1758202915848233385],0.809,-0.165,11.337,,,
[1758202915853736145],0.838,-0.148,11.277,,,
[1758202915858884635],0.812,-0.031,11.384,,,
[1758202915864063541],0.797,-0.187,11.327,,,
[1758202915869142551],0.84,-0.093,11.411,,,
[1758202915874260364],0.599,-0.093,11.478,,,
[1758202915879329114],0.656,-0.124,11.207,,,
[1758202915884418176],0.747,-0.124,11.478,,,
[1758202915889542603],0.723,-0.115,11.09,,,
[1758202915894748020],0.927,-0.199,11.432,,,
[1758202915899946614],0.845,-0.196,11.329,,,
[1758202915905048228],0.802,-0.103,11.231,,,
[1758202915910767239],0.819,-0.055,11.384,,,
[1758202915915953958],0.903,-0.043,11.277,,,
[1758202915921153176],0.812,-0.127,11.406,,,
[1758202915926285468],0.862,-0.266,11.27,,,
[1758202915931354478],0.838,-0.105,11.466,,,
[1758202915936411978],0.74,-0.148,11.317,,,
[1758202915941578332],0.876,-0.05,11.322,,,
[1758202915946660416],0.725,-0.038,11.332,,,
[1758202915951796145],0.776,-0.098,11.384,,,
[1758202915957100989],0.812,-0.05,11.372,,,
[1758202915962576926],0.876,-0.256,11.516,,,
[1758202915967729062],0.781,-0.189,11.298,,,
[1758202915972844687],0.673,-0.091,11.238,,,
[1758202915977927082],0.836,-0.127,11.471,,,
[1758202915983057395],0.699,-0.11,11.442,,,
[1758202915988153957],0.785,-0.113,11.344,,,
[1758202915993321562],0.728,-0.012,11.423,,,
[1758202915998596301],0.84,-0.072,11.542,,,
[1758202916003748541],0.915,-0.113,11.363,,,
[1758202916008841510],0.73,-0.079,11.243,,,
[1758202916014004843],0.905,-0.079,11.423,,,
[1758202916019405832],0.709,-0.091,11.205,,,
[1758202916024603280],0.869,-0.144,11.186,,,
[1758202916029672135],0.737,-0.01,11.387,,,
[1758202916034822864],0.972,-0.105,11.337,,,
[1758202916039928697],0.785,-0.084,11.384,,,
[1758202916045179322],0.761,-0.101,11.183,,,
[1758202916050314999],0.85,-0.141,11.363,,,
[1758202916055379530],0.704,-0.268,11.442,,,
[1758202916060599530],0.871,-0.06,11.301,,,
[1758202916065690832],0.939,-0.132,11.317,,,
[1758202916070930572],0.915,-0.089,11.298,,,
[1758202916076042395],0.903,-0.093,11.265,,,
[1758202916081182030],0.874,-0.053,11.358,,,
[1758202916086315207],0.644,-0.168,11.368,,,
[1758202916091455937],0.898,-0.053,11.382,,,
[1758202916096560416],0.706,-0.141,11.483,,,
[1758202916101685364],0.73,-0.172,11.262,,,
[1758202916106768905],0.891,-0.089,11.461,,,
[1758202916112181926],0.807,-0.091,11.217,,,
[1758202916117313905],0.84,-0.079,11.42,,,
[1758202916122384895],0.912,-0.081,11.432,,,
[1758202916128613801],0.852,-0.148,11.174,,,
[1758202916135020364],0.783,-0.18,11.478,,,
[1758202916140240260],0.838,-0.074,11.322,,,
[1758202916145317812],0.615,-0.101,11.301,,,
[1758202916150483280],0.74,-0.091,11.36,,,
[1758202916155584166],0.828,-0.014,11.389,,,
[1758202916160835624],0.804,-0.127,11.535,,,
[1758202916165934374],0.855,-0.115,11.301,,,
[1758202916171068437],0.824,-0.077,11.236,,,
[1758202916177336405],0.797,-0.139,11.449,,,
[1758202916182896405],0.69,-0.091,11.463,,,
[1758202916187993905],0.883,-0.081,11.2,,,
[1758202916193093697],0.903,-0.146,11.293,,,
[1758202916198158280],0.831,-0.172,11.425,,,
[1758202916203256718],0.84,-0.005,11.356,,,
[1758202916208331457],0.632,-0.225,11.26,,,
[1758202916213496666],0.766,-0.017,11.353,,,
[1758202916218594478],0.826,-0.089,11.281,,,
[1758202916223764999],0.848,-0.113,11.478,,,
[1758202916228924426],0.666,-0.057,11.289,,,
[1758202916234031926],0.821,-0.247,11.356,,,
[1758202916240462551],0.778,-0.101,11.267,,,
[1758202916246739218],0.771,-0.01,11.267,,,
[1758202916251964218],0.876,-0.084,11.418,,,
[1758202916257072395],0.618,-0.017,11.169,,,
[1758202916262271249],0.675,-0.141,11.423,,,
[1758202916267361457],0.907,-0.132,11.389,,,
[1758202916272430728],0.718,-0.108,11.423,,,
[1758202916277492707],0.73,-0.122,11.449,,,
[1758202916282609426],0.95,-0.096,11.289,,,
[1758202916287848697],0.91,-0.012,11.205,,,
[1758202916292994530],0.718,-0.091,11.351,,,
[1758202916298039009],0.766,-0.127,11.38,,,
[1758202916303157551],0.838,-0.069,11.258,,,
[1758202916308289582],0.618,-0.199,11.461,,,
[1758202916313519114],0.754,-0.105,11.495,,,
[1758202916318632395],0.91,-0.101,11.126,,,
[1758202916323787134],0.867,-0.038,11.337,,,
[1758202916328906822],0.807,-0.065,11.387,,,
[1758202916334000103],0.948,-0.144,11.231,,,
[1758202916339112134],0.769,-0.129,11.351,,,
[1758202916344203489],0.886,0.05,11.298,,,
[1758202916350796249],0.613,-0.098,11.387,,,
[1758202916356026093],0.809,-0.129,11.411,,,
[1758202916361170103],0.766,-0.022,11.226,,,
[1758202916366220884],0.757,-0.041,11.25,,,
[1758202916371327655],0.757,-0.22,11.193,,,
[1758202916376405207],0.788,-0.06,11.339,,,
[1758202916381466353],0.893,-0.024,11.32,,,
[1758202916386521666],0.637,-0.151,11.356,,,
[1758202916391676874],0.642,-0.146,11.389,,,
[1758202916398157499],0.915,-0.108,11.353,,,
[1758202916403373697],0.927,-0.053,11.435,,,
[1758202916408465311],0.709,-0.079,11.478,,,
[1758202916413646666],0.642,-0.055,11.277,,,
[1758202916418739686],0.836,-0.113,11.265,,,
[1758202916423808280],0.907,-0.29,11.205,,,
[1758202916428944478],0.781,-0.206,11.296,,,
[1758202916434091145],0.833,-0.17,11.301,,,
[1758202916439218957],0.723,-0.103,11.451,,,
[1758202916444394895],0.874,-0.132,11.253,,,
[1758202916449563853],0.869,-0.043,11.267,,,
[1758202916455965676],0.634,-0.019,11.387,,,
[1758202916462277916],0.644,-0.153,11.281,,,
[1758202916467476301],0.843,-0.153,11.382,,,
[1758202916472586249],0.79,-0.168,11.289,,,
[1758202916477683957],0.917,-0.108,11.284,,,
[1758202916482825936],0.852,-0.144,11.368,,,
[1758202916487894634],0.781,-0.103,11.305,,,
[1758202916492966614],0.852,-0.01,11.193,,,
[1758202916498018332],0.855,-0.302,11.226,,,
[1758202916504256145],0.788,-0.089,11.265,,,
[1758202916510734791],0.788,-0.129,11.38,,,
[1758202916515992864],0.809,-0.103,11.49,,,
[1758202916521078020],0.864,-0.146,11.451,,,
[1758202916526127499],0.757,-0.117,11.368,,,
[1758202916531222291],0.819,-0.153,11.226,,,
[1758202916536287499],0.809,-0.136,11.475,,,
[1758202916541326405],0.821,-0.079,11.188,,,
[1758202916546375416],0.8,-0.254,11.327,,,
[1758202916551503541],0.831,-0.153,11.471,,,
[1758202916556735155],0.812,0.117,11.315,,,
[1758202916564355884],0.807,-0.055,11.322,,,
[1758202916569817864],0.802,-0.108,11.428,,,
[1758202916574930780],0.848,-0.136,11.428,,,
[1758202916579988020],0.711,-0.026,11.322,,,
[1758202916585074999],0.91,-0.122,11.449,,,
[1758202916590167030],0.814,-0.043,11.308,,,
[1758202916595233697],0.754,-0.168,11.423,,,
[1758202916600358384],0.84,-0.151,11.384,,,
[1758202916605462759],0.874,-0.096,11.387,,,
[1758202916610818124],0.86,-0.091,11.454,,,
[1758202916616210416],0.85,-0.081,11.301,,,
[1758202916622453124],0.807,-0.069,11.466,,,
[1758202916628834270],0.91,-0.144,11.188,,,
[1758202916634044166],0.86,-0.144,11.265,,,
[1758202916639119218],0.809,-0.124,11.444,,,
[1758202916644211666],0.967,-0.01,11.53,,,
[1758202916649243124],0.795,-0.23,11.461,,,
[1758202916654328593],0.759,-0.034,11.337,,,
[1758202916659411145],0.675,-0.136,11.226,,,
[1758202916664589895],0.929,-0.225,11.416,,,
[1758202916670884582],0.833,-0.067,11.238,,,
[1758202916676482863],0.713,-0.285,11.372,,,
[1758202916681606093],0.881,-0.091,11.384,,,
[1758202916686679738],0.69,-0.163,11.401,,,
[1758202916691766197],0.749,-0.134,11.432,,,
[1758202916696835520],0.704,-0.113,11.399,,,
[1758202916701907968],0.886,-0.144,11.145,,,
[1758202916706984738],0.86,0.045,11.392,,,
[1758202916712162343],0.747,-0.06,11.286,,,
[1758202916717309426],0.725,0.134,11.21,,,
[1758202916722499426],0.795,-0.263,11.222,,,
[1758202916727580624],0.807,0.096,11.487,,,
[1758202916732678541],0.802,-0.211,11.377,,,
[1758202916739363957],0.802,-0.182,11.351,,,
[1758202916746978697],0.907,-0.215,11.329,,,
[1758202916752450572],0.709,-0.136,11.37,,,
[1758202916757559895],0.979,-0.022,11.09,,,
[1758202916762705676],0.807,-0.057,11.396,,,
[1758202916767788905],0.812,-0.022,11.186,,,
[1758202916772884322],0.692,-0.192,11.293,,,
[1758202916777952030],0.642,-0.041,11.325,,,
[1758202916783675780],0.816,-0.005,11.468,,,
[1758202916789515728],0.85,-0.204,11.284,,,
[1758202916794789270],0.974,-0.029,11.253,,,
[1758202916799881718],0.754,-0.019,11.308,,,
[1758202916804968332],0.757,-0.278,11.358,,,
[1758202916810048801],0.737,-0.11,11.339,,,
[1758202916815217968],0.735,-0.127,11.212,,,
[1758202916820352551],0.804,-0.062,11.19,,,
[1758202916825450207],0.764,-0.081,11.454,,,
[1758202916830643124],0.745,-0.115,11.322,,,
[1758202916835870051],0.886,-0.026,11.262,,,
[1758202916840970936],0.783,-0.005,11.382,,,
[1758202916847345572],0.632,-0.148,11.315,,,
[1758202916852556249],0.718,-0.206,11.246,,,
[1758202916857693540],0.74,-0.194,11.064,,,
[1758202916862870103],0.745,-0.113,11.387,,,
[1758202916867948645],0.826,-0.019,11.363,,,
[1758202916873002082],0.843,0.069,11.322,,,
[1758202916878055676],0.838,-0.026,11.219,,,
[1758202916883161770],0.764,-0.017,11.296,,,
[1758202916888294322],0.73,-0.117,11.313,,,
[1758202916893472915],0.785,-0.146,11.365,,,
[1758202916899940051],0.783,-0.041,11.27,,,
[1758202916906217134],0.788,-0.048,11.418,,,
[1758202916911495676],0.862,-0.045,11.334,,,
[1758202916916621353],0.792,-0.124,11.413,,,
[1758202916921731665],0.855,-0.113,11.408,,,
[1758202916926799738],0.663,-0.285,11.332,,,
[1758202916931886457],0.749,-0.115,11.317,,,
[1758202916936957655],0.867,-0.084,11.193,,,
[1758202916942066822],0.776,-0.192,11.265,,,
[1758202916947166093],0.68,-0.117,11.404,,,
[1758202916953615051],0.639,-0.11,11.293,,,
[1758202916958824895],0.874,-0.055,11.502,,,
[1758202916964016093],0.893,-0.031,11.023,,,
[1758202916969085780],0.733,-0.017,11.363,,,
[1758202916974184895],0.946,-0.101,11.358,,,
[1758202916979251457],0.795,-0.053,11.317,,,
[1758202916984320988],0.893,-0.098,11.238,,,
[1758202916989389895],0.857,-0.196,11.301,,,
[1758202916994529113],0.836,-0.019,11.487,,,
[1758202916999693280],0.752,-0.084,11.48,,,
[1758202917006118801],0.773,-0.005,11.291,,,
[1758202917011383332],0.754,-0.134,11.339,,,
[1758202917016471509],0.831,-0.136,11.413,,,
[1758202917021576457],0.881,-0.101,11.339,,,
[1758202917026644270],0.836,-0.151,11.42,,,
[1758202917031711613],0.766,-0.122,11.305,,,
[1758202917036786770],0.764,-0.086,11.308,,,
[1758202917041905936],0.599,-0.163,11.478,,,
[1758202917046992082],0.848,-0.122,11.363,,,
[1758202917052174217],1.03,-0.215,11.313,,,
[1758202917057279947],0.728,-0.196,11.224,,,
[1758202917062811040],0.809,-0.091,11.396,,,
[1758202917067926770],0.974,-0.206,11.37,,,
[1758202917073008905],0.802,0.01,11.416,,,
[1758202917078078072],0.843,0.06,11.49,,,
[1758202917083183697],0.702,-0.139,11.317,,,
[1758202917088312707],0.824,-0.038,11.19,,,
[1758202917093427134],0.634,-0.005,11.394,,,
[1758202917098504478],0.91,-0.031,11.392,,,
[1758202917103620988],0.814,0.065,11.471,,,
[1758202917108783488],0.819,0.127,11.363,,,
[1758202917115266822],0.749,-0.057,11.212,,,
[1758202917120573488],0.632,-0.103,11.289,,,
[1758202917125666353],0.848,-0.156,11.293,,,
[1758202917130799478],0.725,-0.06,11.284,,,
[1758202917135872499],0.742,-0.022,11.262,,,
[1758202917140949842],1.049,-0.136,11.411,,,
[1758202917146016978],0.685,-0.201,11.392,,,
[1758202917151117915],0.855,-0.077,11.298,,,
[1758202917156211457],0.766,-0.139,11.478,,,
[1758202917161445103],0.797,0.002,11.219,,,
[1758202917166526405],0.833,-0.041,11.248,,,
[1758202917172923749],0.783,-0.153,11.334,,,
[1758202917178134582],0.74,0.081,11.123,,,
[1758202917183217759],0.862,-0.299,11.274,,,
[1758202917188287134],0.826,-0.16,11.396,,,
[1758202917193376353],0.745,-0.168,11.188,,,
[1758202917198446978],0.699,-0.153,11.346,,,
[1758202917203529582],0.819,-0.077,11.329,,,
[1758202917208613905],0.728,-0.122,11.356,,,
[1758202917213809217],0.757,-0.168,11.365,,,
[1758202917218983488],0.907,-0.11,11.428,,,
[1758202917225491092],0.816,-0.077,11.387,,,
[1758202917231838697],0.797,-0.117,11.284,,,
[1758202917237060624],0.826,-0.285,11.428,,,
[1758202917242155259],0.742,0.113,11.346,,,
[1758202917247223801],0.795,-0.127,11.116,,,
[1758202917252328697],0.79,-0.146,11.392,,,
[1758202917257397030],0.85,-0.278,11.624,,,
[1758202917262532551],0.622,-0.041,11.384,,,
[1758202917267612082],0.666,-0.287,11.332,,,
[1758202917272798957],0.848,-0.002,11.231,,,
[1758202917278347551],0.642,-0.144,11.339,,,
[1758202917283471092],0.821,0.017,11.48,,,
[1758202917288543905],0.634,-0.091,11.344,,,
[1758202917293642811],0.831,-0.053,11.442,,,
[1758202917298709269],0.632,0.124,11.42,,,
[1758202917303776874],0.845,-0.005,11.356,,,
[1758202917308892551],0.886,-0.091,11.396,,,
[1758202917314077603],0.625,-0.132,11.171,,,
[1758202917319224634],0.948,-0.081,11.468,,,
[1758202917330278853],0.718,-0.153,11.119,,,
[1758202917336640363],0.67,-0.05,11.416,,,
[1758202917341834999],0.862,-0.23,11.212,,,
[1758202917346895936],0.903,-0.146,11.377,,,
[1758202917351995207],0.709,-0.084,11.305,,,
[1758202917357090936],0.86,-0.05,11.344,,,
[1758202917362200988],0.728,-0.192,11.394,,,
[1758202917367268280],0.848,-0.098,11.519,,,
[1758202917372399217],0.646,-0.034,11.483,,,
[1758202917377502238],0.725,-0.069,11.42,,,
[1758202917382681509],0.735,-0.192,11.451,,,
[1758202917388102967],0.699,-0.053,11.435,,,
[1758202917393244790],0.833,-0.151,11.353,,,
[1758202917398364009],0.838,-0.136,11.504,,,
[1758202917403535884],0.86,-0.151,11.31,,,
[1758202917408656561],0.85,-0.163,11.234,,,
[1758202917413819009],0.735,-0.081,11.447,,,
[1758202917418903228],0.745,0.127,11.224,,,
[1758202917424025780],1.032,0.024,11.423,,,
[1758202917429162238],0.862,-0.081,11.392,,,
[1758202917434414426],0.704,-0.139,11.176,,,
[1758202917439976092],0.728,-0.11,11.37,,,
[1758202917445126509],0.84,-0.043,11.454,,,
[1758202917450247082],0.816,-0.053,11.308,,,
[1758202917455352134],0.632,-0.12,11.241,,,
[1758202917460554269],0.831,-0.034,11.301,,,
[1758202917465707290],0.986,-0.139,11.332,,,
[1758202917470922811],0.783,-0.012,11.439,,,
[1758202917476004165],0.895,-0.098,11.226,,,
[1758202917481130832],0.826,-0.165,11.143,,,
[1758202917486328853],0.776,-0.11,11.468,,,
[1758202917491439738],0.804,-0.201,11.339,,,
[1758202917496644321],0.773,-0.292,11.468,,,
[1758202917501779165],0.809,-0.074,11.296,,,
[1758202917506861405],0.776,-0.144,11.303,,,
[1758202917512271978],0.864,-0.11,11.231,,,
[1758202917517367134],0.821,-0.148,11.406,,,
[1758202917522511405],0.86,-0.029,11.389,,,
[1758202917527585259],0.874,-0.103,11.396,,,
[1758202917532723905],0.857,-0.077,11.418,,,
[1758202917537834478],0.8,-0.12,11.231,,,
[1758202917542927499],0.658,-0.022,11.31,,,
[1758202917548013853],0.895,-0.05,11.432,,,
[1758202917553559374],0.819,-0.105,11.205,,,
[1758202917558771874],0.749,-0.031,11.195,,,
[1758202917563934217],0.795,-0.146,11.483,,,
[1758202917569019061],0.814,-0.105,11.332,,,
[1758202917574198749],0.917,-0.079,11.341,,,
[1758202917579291874],1.01,-0.069,11.351,,,
[1758202917584385780],0.656,-0.11,11.514,,,
[1758202917589489269],0.658,-0.108,11.229,,,
[1758202917594715988],0.864,-0.129,11.375,,,
[1758202917599871353],0.771,-0.204,11.246,,,
[1758202917605339426],0.8,-0.115,11.315,,,
[1758202917610576040],0.747,-0.136,11.32,,,
[1758202917615707238],0.634,-0.017,11.255,,,
[1758202917620896926],1.015,-0.098,11.475,,,
[1758202917625981613],0.867,-0.103,11.363,,,
[1758202917631087238],0.836,-0.005,11.27,,,
[1758202917636186821],0.778,-0.012,11.305,,,
[1758202917641338644],0.855,-0.134,11.552,,,
[1758202917646430051],0.816,-0.098,11.404,,,
[1758202917651638749],0.871,-0.062,11.231,,,
[1758202917656735571],0.711,-0.072,11.202,,,
[1758202917663287863],0.86,-0.081,11.346,,,
[1758202917668509894],0.687,-0.096,11.382,,,
[1758202917673596249],0.8,-0.005,11.439,,,
[1758202917678678749],0.711,-0.002,11.42,,,
[1758202917683824946],0.874,-0.29,11.15,,,
[1758202917688900467],0.613,-0.113,11.408,,,
[1758202917693987915],0.943,-0.043,11.2,,,
[1758202917699064061],0.891,-0.115,11.368,,,
[1758202917704248748],0.668,-0.065,11.334,,,
[1758202917709517290],0.788,0.146,11.392,,,
[1758202917715102603],0.783,-0.079,11.387,,,
[1758202917720284269],0.637,-0.177,11.25,,,
[1758202917725399842],0.62,-0.132,11.222,,,
[1758202917730533644],0.9,-0.115,11.432,,,
[1758202917735618540],0.759,-0.156,11.334,,,
[1758202917740757238],0.864,-0.306,11.463,,,
[1758202917745894009],0.766,-0.026,11.466,,,
[1758202917751097030],0.699,-0.029,11.353,,,
[1758202917756277186],0.903,-0.271,11.406,,,
[1758202917761460988],0.694,-0.163,11.246,,,
[1758202917766557134],1.003,-0.057,11.394,,,
[1758202917772272498],0.862,-0.05,11.36,,,
[1758202917777386196],0.769,-0.187,11.308,,,
[1758202917782492498],1.032,-0.053,11.437,,,
[1758202917787577551],0.809,-0.034,11.444,,,
[1758202917792721821],0.663,-0.16,11.303,,,
[1758202917797945936],0.888,-0.122,11.325,,,
[1758202917803528540],0.819,-0.105,11.31,,,
[1758202917808646144],0.939,-0.177,11.31,,,
[1758202917814704217],0.63,-0.206,11.485,,,
[1758202917820351405],0.62,-0.041,11.36,,,
[1758202917825500936],0.915,0.113,11.404,,,
[1758202917830639946],0.761,-0.103,11.399,,,
[1758202917835722290],0.721,-0.165,11.559,,,
[1758202917840867551],0.711,-0.136,11.413,,,
[1758202917845950155],0.711,-0.156,11.217,,,
[1758202917851074686],0.816,-0.084,11.401,,,
[1758202917856226353],0.814,-0.081,11.43,,,
[1758202917861419946],0.764,0.034,11.246,,,
[1758202917866591821],0.773,-0.12,11.255,,,
[1758202917871742811],0.984,-0.144,11.317,,,
[1758202917879048696],0.776,-0.163,11.339,,,
[1758202917884600780],0.754,-0.026,11.207,,,
[1758202917889709165],0.781,-0.012,11.439,,,
[1758202917894796717],0.704,-0.124,11.229,,,
[1758202917899840936],0.833,-0.208,11.384,,,
[1758202917904934946],0.833,-0.077,11.466,,,
[1758202917910004738],0.862,-0.055,11.255,,,
[1758202917915150415],0.812,-0.057,11.394,,,
[1758202917920364582],0.615,-0.038,11.207,,,
[1758202917925882134],0.814,-0.074,11.1,,,
[1758202917931093019],0.871,-0.012,11.346,,,
[1758202917936167811],0.833,-0.271,11.188,,,
[1758202917941257811],0.649,-0.113,11.27,,,
[1758202917946318644],0.91,-0.01,11.416,,,
[1758202917951398175],0.785,-0.05,11.236,,,
[1758202917956490467],0.682,-0.024,11.25,,,
[1758202917961680988],0.821,-0.084,11.241,,,
[1758202917966775936],0.843,-0.019,11.346,,,
[1758202917972009009],0.802,-0.005,11.226,,,
[1758202917977097394],0.709,-0.124,11.289,,,
[1758202917982204894],0.74,-0.122,11.466,,,
[1758202917987764217],0.958,-0.093,11.238,,,
[1758202917992924634],0.778,0.034,11.454,,,
[1758202917998013644],0.912,-0.081,11.262,,,
[1758202918003181665],0.881,-0.239,11.473,,,
[1758202918008362290],0.68,-0.141,11.279,,,
[1758202918013518071],0.852,0.05,11.42,,,
[1758202918018673696],0.718,-0.113,11.327,,,
[1758202918023805311],0.883,-0.218,11.36,,,
[1758202918028913384],0.84,-0.06,11.277,,,
[1758202918034629686],0.812,-0.055,11.2,,,
[1758202918039736613],0.778,-0.067,11.473,,,
[1758202918047022030],0.769,-0.124,11.435,,,
[1758202918052147342],0.843,-0.043,11.255,,,
[1758202918057273332],0.903,-0.067,11.281,,,
[1758202918062447082],0.694,-0.01,11.289,,,
[1758202918067531821],0.814,-0.086,11.384,,,
[1758202918072666925],0.747,-0.036,11.243,,,
[1758202918077932915],0.747,-0.029,11.384,,,
[1758202918083045050],0.807,-0.23,11.451,,,
[1758202918088134009],0.883,-0.11,11.499,,,
[1758202918093367967],0.792,-0.11,11.346,,,
[1758202918098479061],0.792,-0.089,11.456,,,
[1758202918103619321],0.699,-0.151,11.219,,,
[1758202918108705884],0.716,-0.026,11.2,,,
[1758202918115071144],0.62,-0.002,11.315,,,
[1758202918120422603],0.778,-0.108,11.315,,,
[1758202918125547915],0.785,-0.113,11.305,,,
[1758202918130701561],0.73,-0.067,11.188,,,
[1758202918135818644],0.879,-0.244,11.478,,,
[1758202918141319842],0.759,-0.041,11.32,,,
[1758202918146413488],0.785,-0.017,11.502,,,
[1758202918151534634],0.819,-0.038,11.329,,,
[1758202918156678384],0.874,-0.096,11.258,,,
[1758202918161984269],0.579,-0.065,11.404,,,
[1758202918167070936],0.848,-0.079,11.404,,,
[1758202918172161144],0.769,-0.11,11.27,,,
[1758202918177227238],0.766,-0.285,11.449,,,
[1758202918182339477],0.824,0.134,11.406,,,
[1758202918187473800],0.673,-0.129,11.327,,,
[1758202918192625675],0.895,-0.189,11.334,,,
[1758202918197752290],0.807,-0.139,11.253,,,
[1758202918203350623],0.742,-0.148,11.035,,,
[1758202918208472446],0.62,-0.278,11.351,,,
[1758202918213675780],0.615,-0.069,11.461,,,
[1758202918218790884],0.86,-0.103,11.392,,,
[1758202918223937186],0.833,-0.141,11.183,,,
[1758202918229014530],0.905,-0.081,11.274,,,
[1758202918234100780],0.886,-0.194,11.37,,,
[1758202918239176665],0.855,-0.144,11.375,,,
[1758202918244344634],0.792,-0.227,11.212,,,
[1758202918249925988],0.749,-0.117,11.301,,,
[1758202918255084269],0.749,-0.026,11.327,,,
[1758202918260246821],0.781,-0.151,11.466,,,
[1758202918265408852],0.812,-0.194,11.404,,,
[1758202918270593852],0.91,-0.077,11.226,,,
[1758202918275700936],0.912,-0.002,11.219,,,
[1758202918280873748],0.79,-0.002,11.483,,,
[1758202918285968227],0.86,-0.204,11.109,,,
[1758202918291088332],0.651,-0.098,11.432,,,
[1758202918296261040],0.862,-0.148,11.545,,,
[1758202918301361457],0.879,-0.12,11.31,,,
[1758202918306474582],0.871,-0.113,11.447,,,
[1758202918312053332],0.816,-0.026,11.236,,,
[1758202918317225102],0.91,-0.151,11.2,,,
[1758202918322361665],0.915,-0.06,11.308,,,
[1758202918327454582],0.654,-0.297,11.308,,,
[1758202918332545519],0.666,-0.12,11.317,,,
[1758202918337604582],0.766,-0.153,11.377,,,
[1758202918342686821],0.852,-0.148,11.265,,,
[1758202918347760102],0.713,-0.005,11.325,,,
[1758202918352919582],0.84,-0.163,11.459,,,
[1758202918358584217],0.809,-0.115,11.332,,,
[1758202918363841925],0.86,-0.045,11.344,,,
[1758202918368932602],0.883,-0.146,11.258,,,
[1758202918374033696],0.855,-0.089,11.274,,,
[1758202918379112029],0.855,-0.139,11.279,,,
[1758202918384198123],0.771,-0.05,11.406,,,
[1758202918389304790],0.974,-0.165,11.329,,,
[1758202918394450884],0.804,-0.048,11.186,,,
[1758202918399555884],0.637,-0.17,11.315,,,
[1758202918404781300],0.895,-0.117,11.301,,,
[1758202918409876769],0.804,-0.103,11.289,,,
[1758202918416555363],0.826,-0.014,11.157,,,
[1758202918421782863],0.85,-0.144,11.483,,,
[1758202918426878852],0.464,-0.239,11.43,,,
[1758202918431970675],0.792,-0.05,11.401,,,
[1758202918437094842],0.836,-0.019,11.301,,,
[1758202918442208123],0.867,-0.053,11.317,,,
[1758202918447341040],0.84,-0.055,11.231,,,
[1758202918452468488],0.869,-0.127,11.329,,,
[1758202918457562342],0.781,-0.057,11.36,,,
[1758202918462871040],0.816,-0.22,11.435,,,
[1758202918468405779],0.824,-0.105,11.37,,,
[1758202918473565363],0.795,-0.148,11.375,,,
[1758202918478643592],0.745,-0.065,11.392,,,
[1758202918483751873],0.781,-0.084,11.2,,,
[1758202918488898175],0.867,-0.086,11.404,,,
[1758202918494031300],0.754,0.103,11.291,,,
[1758202918499140415],0.814,-0.278,11.392,,,
[1758202918504258540],0.622,-0.208,11.413,,,
[1758202918509384113],0.828,-0.103,11.377,,,
[1758202918514660571],0.84,-0.06,11.308,,,
[1758202918519754009],1.049,-0.041,11.459,,,
[1758202918526256404],0.814,-0.005,11.298,,,
[1758202918531475363],0.785,-0.187,11.389,,,
[1758202918536551352],0.824,-0.077,11.258,,,
[1758202918541637394],0.68,-0.091,11.262,,,
[1758202918546702915],0.773,-0.084,11.437,,,
[1758202918551773904],0.709,-0.103,11.31,,,
[1758202918556858488],0.723,-0.18,11.368,,,
[1758202918562083019],0.907,-0.122,11.231,,,
[1758202918567214009],0.776,-0.146,11.454,,,
[1758202918572478592],0.74,-0.134,11.234,,,
[1758202918578014634],0.699,-0.168,11.356,,,
[1758202918583129009],0.824,-0.065,11.459,,,
[1758202918588205519],0.673,-0.089,11.406,,,
[1758202918593387394],0.907,-0.11,11.428,,,
[1758202918598470363],0.776,-0.038,11.478,,,
[1758202918603552394],0.776,-0.041,11.459,,,
[1758202918608677290],0.613,-0.139,11.473,,,
[1758202918613867915],0.867,-0.036,11.301,,,
[1758202918618996821],0.867,-0.163,11.325,,,
[1758202918624191456],0.8,-0.146,11.363,,,
[1758202918629281873],0.673,-0.096,11.241,,,
[1758202918634853644],0.797,-0.122,11.341,,,
[1758202918639975988],0.86,-0.115,11.375,,,
[1758202918645080519],0.788,-0.113,11.334,,,
[1758202918650204738],0.697,-0.115,11.284,,,
[1758202918655297446],0.783,-0.299,11.432,,,
[1758202918660485519],0.575,-0.122,11.408,,,
[1758202918666728227],0.74,-0.122,11.19,,,
[1758202918671951092],0.874,-0.129,11.186,,,
[1758202918677072602],0.845,-0.086,11.214,,,
[1758202918682173123],0.874,0.038,11.274,,,
[1758202918687242498],0.907,-0.093,11.473,,,
[1758202918693625206],0.783,-0.172,11.389,,,
[1758202918698827134],0.747,-0.12,11.267,,,
[1758202918703932602],0.819,-0.05,11.25,,,
[1758202918709002238],0.764,-0.139,11.198,,,
[1758202918714156509],0.871,-0.201,11.399,,,
[1758202918719229061],0.843,-0.091,11.298,,,
[1758202918724356509],0.855,-0.036,11.504,,,
[1758202918729447759],0.855,-0.014,11.471,,,
[1758202918734584009],0.73,-0.148,11.38,,,
[1758202918740126248],0.857,-0.124,11.102,,,
[1758202918745289790],0.757,-0.124,11.281,,,
[1758202918750478384],0.709,-0.244,11.27,,,
[1758202918755558436],0.785,-0.17,11.315,,,
[1758202918760745884],0.869,-0.148,11.293,,,
[1758202918765843123],0.79,-0.273,11.411,,,
[1758202918770951613],0.776,-0.136,11.356,,,
[1758202918777913279],0.788,-0.031,11.26,,,
[1758202918783410623],0.838,-0.163,11.246,,,
[1758202918788660154],0.781,-0.005,11.291,,,
[1758202918793800831],0.915,-0.048,11.231,,,
[1758202918799204269],0.85,-0.139,11.435,,,
[1758202918804307186],0.821,-0.065,11.246,,,
[1758202918809389477],0.766,-0.045,11.258,,,
[1758202918814539165],0.816,-0.115,11.188,,,
[1758202918819609581],0.929,-0.017,11.317,,,
[1758202918824841144],0.781,-0.103,11.473,,,
[1758202918830361977],0.936,-0.16,11.301,,,
[1758202918835860988],0.769,-0.103,11.298,,,
[1758202918841046561],0.826,-0.201,11.267,,,
[1758202918847354529],0.783,-0.12,11.404,,,
[1758202918852475363],0.62,-0.041,11.279,,,
[1758202918857580571],0.807,-0.034,11.341,,,
[1758202918862833956],0.836,-0.089,11.31,,,
[1758202918867911925],0.855,-0.117,11.478,,,
[1758202918872999165],0.764,-0.151,11.289,,,
[1758202918878064738],0.821,-0.031,11.205,,,
[1758202918883154894],0.737,-0.091,11.322,,,
[1758202918888227550],0.874,-0.01,11.222,,,
[1758202918893363696],0.898,-0.072,11.487,,,
[1758202918898607758],0.86,-0.254,11.454,,,
[1758202918903813071],0.864,-0.17,11.346,,,
[1758202918910344165],0.84,-0.153,11.241,,,
[1758202918916682394],0.792,-0.089,11.325,,,
[1758202918921925779],0.692,-0.177,11.229,,,
[1758202918927020311],0.699,-0.038,11.418,,,
[1758202918932131248],0.8,-0.11,11.466,,,
[1758202918937207915],0.838,-0.16,11.382,,,
[1758202918942289633],0.867,-0.153,11.231,,,
[1758202918947371144],0.69,-0.285,11.425,,,
[1758202918953579321],0.797,-0.117,11.329,,,
[1758202918960003748],0.754,-0.146,11.404,,,
[1758202918965269269],0.879,-0.093,11.487,,,
[1758202918970401404],0.769,-0.165,11.365,,,
[1758202918975491456],0.831,-0.105,11.401,,,
[1758202918980630258],0.778,-0.108,11.418,,,
[1758202918985706144],0.685,-0.089,11.483,,,
[1758202918990831873],0.852,-0.048,11.428,,,
[1758202918995905102],0.795,-0.139,11.454,,,
[1758202919001030779],0.852,-0.072,11.224,,,
[1758202919006194269],0.845,-0.065,11.507,,,
[1758202919011360102],1.065,-0.096,11.317,,,
[1758202919016836665],0.857,-0.048,11.186,,,
[1758202919021945779],0.862,-0.081,11.186,,,
[1758202919027074321],0.886,-0.117,11.255,,,
[1758202919032188540],0.792,-0.146,11.368,,,
[1758202919037267029],0.845,-0.093,11.451,,,
[1758202919042399425],0.86,-0.065,11.399,,,
[1758202919047469998],0.855,-0.002,11.305,,,
[1758202919052589529],0.754,-0.12,11.411,,,
[1758202919057695206],0.886,-0.069,11.296,,,
[1758202919062974946],0.812,-0.115,11.202,,,
[1758202919068477394],0.828,-0.029,11.337,,,
[1758202919073579529],0.845,-0.153,11.454,,,
[1758202919078652810],0.709,-0.019,11.49,,,
[1758202919083778696],0.737,-0.101,11.346,,,
[1758202919088909165],0.716,-0.151,11.454,,,
[1758202919094012758],0.804,-0.175,11.372,,,
[1758202919099088592],0.828,-0.081,11.411,,,
[1758202919104238279],0.759,-0.105,11.315,,,
[1758202919109373123],0.692,-0.077,11.293,,,
[1758202919114654060],0.881,-0.093,11.394,,,
[1758202919119750467],0.639,-0.034,11.205,,,
[1758202919125351300],0.752,-0.113,11.19,,,
[1758202919131278540],0.85,-0.098,11.219,,,
[1758202919136451040],0.924,-0.16,11.49,,,
[1758202919141567654],0.903,-0.153,11.265,,,
[1758202919146641092],0.706,-0.017,11.377,,,
[1758202919151733540],0.833,-0.069,11.437,,,
[1758202919156821092],0.826,-0.074,11.205,,,
[1758202919162029269],0.658,-0.108,11.248,,,
[1758202919167253383],0.907,-0.108,11.36,,,
[1758202919172507863],0.86,-0.153,11.322,,,
[1758202919177945258],0.788,-0.263,11.188,,,
[1758202919183083435],0.836,0.134,11.212,,,
[1758202919188164894],0.864,-0.014,11.351,,,
[1758202919193279008],0.654,-0.204,11.083,,,
[1758202919198358383],0.79,-0.136,11.428,,,
[1758202919203506144],0.922,-0.077,11.408,,,
[1758202919208714946],0.735,-0.117,11.222,,,
[1758202919214166092],0.85,-0.151,11.226,,,
[1758202919219284894],0.766,-0.196,11.456,,,
[1758202919224440154],0.831,-0.151,11.444,,,
[1758202919229570883],0.644,-0.029,11.334,,,
[1758202919235902290],0.733,-0.134,11.291,,,
[1758202919241132394],0.826,-0.072,11.418,,,
[1758202919246211665],0.757,-0.034,11.313,,,
[1758202919251306144],0.728,-0.254,11.511,,,
[1758202919256387394],0.802,-0.029,11.394,,,
[1758202919261558487],0.757,0.096,11.334,,,
[1758202919266646560],0.85,-0.122,11.303,,,
[1758202919271777967],0.699,-0.211,11.315,,,
[1758202919276879790],0.809,-0.077,11.337,,,
[1758202919282136925],0.735,-0.098,11.241,,,
[1758202919287624894],0.778,-0.136,11.37,,,
[1758202919292759008],0.778,-0.089,11.277,,,
[1758202919297825258],0.591,-0.05,11.334,,,
[1758202919302895102],0.816,-0.06,11.346,,,
[1758202919308010467],0.915,-0.086,11.38,,,
[1758202919314387602],0.766,-0.084,11.449,,,
[1758202919320439946],0.824,-0.105,11.356,,,
[1758202919325611040],0.848,-0.108,11.428,,,
[1758202919330767654],0.63,-0.007,11.425,,,
[1758202919335860571],0.668,-0.072,11.238,,,
[1758202919342476040],0.771,-0.22,11.236,,,
[1758202919347720675],0.812,-0.077,11.325,,,
[1758202919352829008],0.912,-0.141,11.353,,,
[1758202919357912081],0.821,-0.134,11.2,,,
[1758202919363067446],0.795,-0.065,11.157,,,
[1758202919368138748],0.697,-0.022,11.384,,,
[1758202919373211508],0.812,-0.259,11.303,,,
[1758202919378296092],0.855,-0.278,11.48,,,
[1758202919383407237],0.814,-0.096,11.363,,,
[1758202919388489373],0.757,-0.079,11.356,,,
[1758202919394163279],0.826,-0.287,11.435,,,
[1758202919399280519],0.924,-0.127,11.382,,,
[1758202919404370571],0.989,-0.251,11.418,,,
[1758202919409451404],0.903,-0.108,11.25,,,
[1758202919414602862],0.917,-0.01,11.382,,,
[1758202919419678383],1.013,-0.081,11.258,,,
[1758202919424763904],0.69,-0.175,11.193,,,
[1758202919429892237],0.79,-0.199,11.399,,,
[1758202919435043383],0.915,-0.189,11.351,,,
[1758202919440326717],1.044,-0.144,11.399,,,
[1758202919445441248],0.766,-0.113,11.404,,,
[1758202919451005102],0.687,-0.124,11.406,,,
[1758202919456124269],0.797,-0.091,11.277,,,
[1758202919461279842],0.826,-0.275,11.382,,,
[1758202919466413592],0.769,-0.237,11.363,,,
[1758202919471525987],0.929,-0.024,11.444,,,
[1758202919476592914],0.809,-0.074,11.435,,,
[1758202919481727133],1.006,-0.113,11.284,,,
[1758202919486807394],0.867,-0.041,11.238,,,
[1758202919491989373],0.781,-0.124,11.293,,,
[1758202919497225519],0.759,-0.098,11.298,,,
[1758202919502679477],0.907,-0.048,11.301,,,
[1758202919507793539],0.819,-0.098,11.42,,,
[1758202919512975154],0.63,-0.115,11.392,,,
[1758202919518058175],0.843,-0.084,11.327,,,
[1758202919523211092],0.716,-0.153,11.262,,,
[1758202919528340987],0.814,-0.163,11.483,,,
[1758202919533518644],0.831,-0.177,11.337,,,
[1758202919538604998],0.824,-0.048,11.392,,,
[1758202919543779164],0.807,-0.031,11.547,,,
[1758202919548945727],0.766,-0.247,11.243,,,
[1758202919554056717],0.886,0.007,11.428,,,
[1758202919561011977],0.754,-0.11,11.296,,,
[1758202919566233696],0.888,-0.117,11.301,,,
[1758202919571295050],1.07,-0.117,11.317,,,
[1758202919576340987],0.766,-0.079,11.2,,,
[1758202919581452289],0.8,-0.184,11.416,,,
[1758202919586527185],0.74,-0.034,11.32,,,
[1758202919591574685],0.848,-0.144,11.279,,,
[1758202919596615831],0.9,-0.089,11.523,,,
[1758202919601765206],0.759,-0.113,11.396,,,
[1758202919606896769],0.747,-0.158,11.076,,,
[1758202919612722706],0.73,-0.189,11.437,,,
[1758202919618999112],0.804,-0.069,11.334,,,
[1758202919624248800],0.74,-0.05,11.286,,,
[1758202919629346769],0.694,-0.139,11.246,,,
[1758202919634430206],0.819,-0.239,11.332,,,
[1758202919639508123],0.814,-0.105,11.416,,,
[1758202919644587914],0.903,-0.146,11.303,,,
[1758202919649624060],0.867,-0.249,11.413,,,
[1758202919654700987],0.747,-0.144,11.38,,,
[1758202919659824841],0.622,-0.01,11.368,,,
[1758202919665385623],0.761,-0.019,11.265,,,
[1758202919670595466],0.62,-0.139,11.21,,,
[1758202919675657602],0.898,-0.026,11.382,,,
[1758202919680863123],0.666,-0.024,11.375,,,
[1758202919685957914],0.917,-0.136,11.523,,,
[1758202919691042341],0.91,-0.266,11.413,,,
[1758202919696117914],0.649,-0.218,11.353,,,
[1758202919701209789],0.776,-0.136,11.432,,,
[1758202919706278175],0.702,-0.074,11.195,,,
[1758202919711569008],0.886,-0.048,11.241,,,
[1758202919716667966],0.773,-0.048,11.349,,,
[1758202919721844269],0.824,-0.062,11.389,,,
[1758202919727434269],0.649,-0.108,11.147,,,
[1758202919732565414],0.912,-0.254,11.425,,,
[1758202919737674998],0.917,-0.122,11.602,,,
[1758202919742789269],0.893,-0.141,11.205,,,
[1758202919747895206],0.702,-0.012,11.097,,,
[1758202919752959112],0.795,-0.079,11.413,,,
[1758202919758072446],0.785,-0.285,11.298,,,
[1758202919790882185],0.62,-0.156,11.404,,,
[1758202919796085362],0.73,-0.057,11.25,,,
[1758202919801191300],0.845,-0.098,11.286,,,
[1758202919806318435],0.776,-0.038,11.267,,,
[1758202919811538591],0.733,-0.268,11.286,,,
[1758202919816608748],0.766,-0.184,11.31,,,
[1758202919821657081],0.706,-0.294,11.418,,,
[1758202919826778331],0.867,-0.206,11.356,,,
[1758202919832454321],0.874,-0.06,11.327,,,
[1758202919837125623],0.867,-0.148,11.202,,,
[1758202919841633644],0.883,-0.113,11.325,,,
[1758202919846108279],0.728,-0.271,11.258,,,
[1758202919850569946],0.761,-0.084,11.37,,,
[1758202919855019164],0.876,-0.132,11.246,,,
[1758202919859506144],0.666,-0.304,11.449,,,
[1758202919864256612],0.776,-0.211,11.214,,,
[1758202919868772654],0.8,-0.089,11.363,,,
[1758202919873295310],0.838,-0.153,11.207,,,
[1758202919877816664],0.781,-0.081,11.31,,,
[1758202919882316248],0.871,-0.012,11.212,,,
[1758202919886800987],0.879,-0.11,11.272,,,
[1758202919891290362],0.852,-0.184,11.327,,,
[1758202919896960258],0.778,-0.101,11.21,,,
[1758202919901602446],0.697,-0.074,11.394,,,
[1758202919906080571],0.891,-0.12,11.214,,,
[1758202919911623071],0.627,-0.022,11.322,,,
[1758202919916249373],0.721,-0.122,11.339,,,
[1758202919920757446],0.771,-0.23,11.473,,,
[1758202919925227446],0.898,-0.105,11.37,,,
[1758202919930053956],0.871,-0.101,11.231,,,
[1758202919935214685],0.766,-0.158,11.392,,,
[1758202919940744164],0.864,-0.17,11.253,,,
[1758202919945873071],0.833,0.055,11.425,,,
[1758202919950950935],0.804,-0.045,11.32,,,
[1758202919956072081],0.855,-0.196,11.365,,,
[1758202919961312654],0.8,-0.261,11.284,,,
[1758202919966382446],0.814,-0.067,11.377,,,
[1758202919971528852],0.836,-0.103,11.229,,,
[1758202919976619789],0.764,-0.089,11.317,,,
[1758202919981743696],0.876,-0.134,11.535,,,
[1758202919986851248],0.881,-0.148,11.286,,,
[1758202919992007706],0.704,-0.122,11.291,,,
[1758202919998125987],0.831,-0.151,11.483,,,
[1758202920003329477],0.934,-0.034,11.313,,,
[1758202920008438956],0.745,-0.022,11.416,,,
[1758202920013599216],0.745,-0.117,11.459,,,
[1758202920018671091],0.812,-0.134,11.325,,,
[1758202920023753800],0.759,-0.041,11.346,,,
[1758202920028870310],0.986,-0.062,11.463,,,
[1758202920034054893],0.804,-0.086,11.37,,,
[1758202920039191039],0.639,-0.084,11.317,,,
[1758202920044454737],0.73,-0.086,11.317,,,
[1758202920050789060],0.663,-0.132,11.43,,,
[1758202920057047810],0.8,-0.005,11.545,,,
[1758202920062532341],0.723,-0.127,11.217,,,
[1758202920067610935],0.735,-0.168,11.293,,,
[1758202920072688331],0.702,-0.055,11.332,,,
[1758202920077749216],0.781,-0.108,11.566,,,
[1758202920082861091],0.864,-0.139,11.21,,,
[1758202920087922498],0.826,-0.038,11.49,,,
[1758202920093031560],0.764,-0.093,11.267,,,
[1758202920098134789],0.773,-0.048,11.377,,,
[1758202920103945206],0.912,-0.026,11.375,,,
[1758202920109039373],0.627,-0.031,11.19,,,
[1758202920114171768],0.903,-0.055,11.423,,,
[1758202920119241560],0.752,-0.069,11.186,,,
[1758202920124338383],0.809,-0.06,11.344,,,
[1758202920129458018],0.769,-0.069,11.308,,,
[1758202920134565050],0.718,-0.113,11.219,,,
[1758202920139681143],0.857,-0.213,11.344,,,
[1758202920144880258],0.797,-0.101,11.36,,,
[1758202920150017914],0.8,-0.091,11.236,,,
[1758202920155129893],0.666,-0.223,11.332,,,
[1758202920160413227],0.816,-0.103,11.296,,,
[1758202920166778643],0.783,-0.12,11.341,,,
[1758202920171978748],0.831,-0.204,11.363,,,
[1758202920177057914],0.769,-0.079,11.428,,,
[1758202920182173383],0.761,-0.105,11.42,,,
[1758202920187245206],0.73,-0.093,11.258,,,
[1758202920192305258],0.895,-0.026,11.37,,,
[1758202920197370675],0.728,-0.045,11.456,,,
[1758202920202467602],0.84,-0.026,11.305,,,
[1758202920207593539],0.797,-0.086,11.207,,,
[1758202920213242706],0.778,-0.105,11.492,,,
[1758202920218364529],0.792,-0.17,11.298,,,
[1758202920223488018],0.711,-0.098,11.413,,,
[1758202920228591143],0.91,-0.017,11.408,,,
[1758202920233724164],0.824,-0.019,11.274,,,
[1758202920238869685],0.826,-0.041,11.286,,,
[1758202920243975102],0.836,-0.055,11.193,,,
[1758202920249024477],0.912,-0.254,11.485,,,
[1758202920254124841],0.754,0.084,11.392,,,
[1758202920259289945],0.843,-0.026,11.475,,,
[1758202920264457445],0.807,-0.127,11.317,,,
[1758202920269532862],0.989,-0.074,11.286,,,
[1758202920275154581],0.821,-0.036,11.222,,,
[1758202920280341560],1.063,-0.132,11.202,,,
[1758202920285419945],0.73,-0.11,11.53,,,
[1758202920290552341],0.625,-0.168,11.346,,,
[1758202920295653591],0.651,-0.048,11.432,,,
[1758202920300780258],0.718,-0.115,11.222,,,
[1758202920305988435],0.843,-0.048,11.291,,,
[1758202920311178643],0.764,-0.227,11.279,,,
[1758202920316300466],0.9,-0.196,11.246,,,
[1758202920323063122],0.773,-0.17,11.255,,,
[1758202920328343800],0.852,-0.163,11.377,,,
[1758202920333428435],0.718,-0.091,11.356,,,
[1758202920338505414],0.948,-0.117,11.116,,,
[1758202920343612758],0.891,-0.05,11.384,,,
[1758202920348660987],0.881,-0.302,11.483,,,
[1758202920353724581],0.508,-0.077,11.442,,,
[1758202920358804008],0.771,-0.144,11.358,,,
[1758202920364110883],0.682,-0.151,11.186,,,
[1758202920369316247],0.74,-0.022,11.32,,,
[1758202920374394477],0.709,0.002,11.229,,,
[1758202920379541039],0.862,0.11,11.389,,,
[1758202920385165622],0.697,-0.093,11.262,,,
[1758202920390315831],0.802,0.002,11.313,,,
[1758202920395428175],0.871,-0.136,11.296,,,
[1758202920400649060],0.824,-0.117,11.487,,,
[1758202920405745935],0.788,-0.022,11.31,,,
[1758202920410991768],0.895,-0.124,11.483,,,
[1758202920416066872],0.79,-0.062,11.406,,,
[1758202920421186612],0.843,-0.105,11.26,,,
[1758202920427070935],0.785,-0.084,11.351,,,
[1758202920432330779],0.781,-0.122,11.377,,,
[1758202920437468435],0.749,-0.05,11.49,,,
[1758202920442595414],0.773,-0.086,11.217,,,
[1758202920447775883],0.737,-0.117,11.473,,,
[1758202920452880570],0.848,-0.002,11.37,,,
[1758202920457958904],0.883,-0.01,11.277,,,
[1758202920463113591],0.876,-0.072,11.377,,,
[1758202920468207654],0.618,-0.273,11.483,,,
[1758202920473446872],0.833,-0.084,11.519,,,
[1758202920478544685],0.759,-0.074,11.349,,,
[1758202920483671612],0.769,-0.144,11.258,,,
[1758202920488766612],0.84,-0.122,11.36,,,
[1758202920494274997],0.809,-0.026,11.253,,,
[1758202920499431820],0.898,-0.11,11.325,,,
[1758202920504511195],0.62,-0.136,11.286,,,
[1758202920509622185],0.807,-0.069,11.272,,,
[1758202920514821143],0.68,-0.165,11.155,,,
[1758202920519896560],0.876,-0.132,11.224,,,
[1758202920524987654],0.728,-0.105,11.377,,,
[1758202920530199685],0.795,-0.182,11.315,,,
[1758202920535371456],0.943,-0.019,11.193,,,
[1758202920540949477],0.831,-0.079,11.241,,,
[1758202920546073695],0.807,-0.134,11.298,,,
[1758202920551182341],0.845,-0.093,11.425,,,
[1758202920556301299],0.852,-0.098,11.337,,,
[1758202920561492862],0.864,-0.022,11.432,,,
[1758202920566575883],0.924,-0.024,11.277,,,
[1758202920571658643],0.778,-0.146,11.27,,,
[1758202920576791039],0.809,0.06,11.207,,,
[1758202920581934737],0.84,-0.029,11.231,,,
[1758202920587129164],0.582,0.077,11.432,,,
[1758202920592248227],0.754,-0.115,11.396,,,
[1758202920597376977],0.821,-0.141,11.365,,,
[1758202920602884060],0.709,-0.151,11.356,,,
[1758202920607987602],0.757,-0.093,11.248,,,
[1758202920613184529],0.754,-0.072,11.442,,,
[1758202920620713904],0.757,-0.144,11.31,,,
[1758202920626038070],0.91,-0.06,11.332,,,
[1758202920631139893],0.692,-0.18,11.483,,,
[1758202920636243174],0.728,-0.081,11.305,,,
[1758202920641460102],0.742,-0.103,11.401,,,
[1758202920647905362],0.843,-0.108,11.375,,,
[1758202920654276560],0.63,-0.117,11.408,,,
[1758202920659530154],0.833,-0.115,11.14,,,
[1758202920665737549],0.8,-0.098,11.454,,,
[1758202920671031456],0.922,-0.086,11.456,,,
[1758202920676125674],0.888,-0.091,11.459,,,
[1758202920681249633],0.769,-0.01,11.351,,,
[1758202920686326091],0.613,-0.043,11.387,,,
[1758202920691434320],0.836,-0.302,11.25,,,
[1758202920696553487],0.773,-0.239,11.372,,,
[1758202920701661977],0.814,-0.268,11.171,,,
[1758202920706781612],0.977,-0.187,11.365,,,
[1758202920712436560],0.792,-0.067,11.059,,,
[1758202920717544424],0.879,-0.122,11.274,,,
[1758202920722616404],1.061,-0.242,11.468,,,
[1758202920727707706],0.871,0.034,11.234,,,
[1758202920732806456],0.795,-0.153,11.334,,,
[1758202920737894112],0.912,-0.084,11.281,,,
[1758202920742975779],0.802,-0.299,11.372,,,
[1758202920748033487],0.874,0.026,11.384,,,
[1758202920753222029],0.828,-0.05,11.456,,,
[1758202920759822810],0.819,-0.151,11.466,,,
[1758202920767192185],0.795,-0.105,11.447,,,
[1758202920772657966],0.721,-0.031,11.171,,,
[1758202920777773018],0.757,-0.225,11.377,,,
[1758202920782840779],0.773,-0.096,11.411,,,
[1758202920787919164],0.836,-0.01,11.284,,,
[1758202920793031091],0.776,-0.084,11.471,,,
[1758202920798092914],1.065,-0.086,11.217,,,
[1758202920803168383],0.831,0.096,11.248,,,
[1758202920808388799],0.876,-0.081,11.439,,,
[1758202920813613383],0.702,-0.184,11.234,,,
[1758202920820253799],0.814,-0.101,11.495,,,
[1758202920826573539],0.661,-0.091,11.396,,,
[1758202920831818904],0.788,-0.223,11.298,,,
[1758202920836915831],0.795,-0.036,11.468,,,
[1758202920841980883],0.826,0.045,11.358,,,
[1758202920847071612],0.745,-0.074,11.313,,,
[1758202920852188591],0.84,-0.134,11.43,,,
[1758202920857286143],0.749,-0.251,11.19,,,
[1758202920862521976],0.73,-0.11,11.387,,,
[1758202920868812810],0.752,-0.072,11.279,,,
[1758202920875285935],0.797,-0.129,11.246,,,
[1758202920881679685],0.893,-0.134,11.416,,,
[1758202920888089581],0.733,-0.163,11.332,,,
[1758202920893297601],0.733,-0.014,11.193,,,
[1758202920898386247],0.783,-0.005,11.399,,,
[1758202920903465206],0.821,-0.048,11.418,,,
[1758202920908538435],0.886,-0.091,11.08,,,
[1758202920913683487],0.769,-0.108,11.207,,,
[1758202920918776404],0.776,-0.129,11.202,,,
[1758202920925106091],0.807,-0.18,11.456,,,
[1758202920930441664],0.713,-0.196,11.274,,,
[1758202920935561456],0.821,-0.175,11.212,,,
[1758202920940724893],0.692,-0.11,11.461,,,
[1758202920945833226],0.85,-0.06,11.222,,,
[1758202920950904633],0.781,-0.113,11.25,,,
[1758202920955977966],0.754,-0.055,11.229,,,
[1758202920961155101],0.749,-0.093,11.507,,,
[1758202920966269945],0.917,-0.05,11.272,,,
[1758202920971466716],0.816,-0.132,11.21,,,
[1758202920976529633],0.754,-0.151,11.406,,,
[1758202920981638070],0.903,-0.103,11.372,,,
[1758202920986707341],0.785,0.002,11.231,,,
[1758202920992107653],0.627,-0.108,11.286,,,
[1758202920997265935],0.869,-0.163,11.394,,,
[1758202921002366456],0.747,-0.139,11.408,,,
[1758202921007445570],0.893,-0.031,11.337,,,
[1758202921012601976],0.678,-0.165,11.389,,,
[1758202921017666195],0.687,-0.086,11.234,,,
[1758202921022747341],0.637,-0.182,11.229,,,
[1758202921027830883],0.812,-0.213,11.418,,,
[1758202921034106664],0.876,-0.026,11.337,,,
[1758202921040430049],0.788,-0.115,11.229,,,
[1758202921045631560],0.68,-0.014,11.372,,,
[1758202921050779372],0.642,-0.148,11.346,,,
[1758202921055859581],0.867,-0.129,11.32,,,
[1758202921061019424],0.836,-0.122,11.487,,,
[1758202921066102185],0.644,-0.086,11.26,,,
[1758202921071163174],0.716,-0.127,11.473,,,
[1758202921076233591],0.898,-0.091,11.437,,,
[1758202921081363591],0.773,-0.146,11.416,,,
[1758202921086540258],0.895,-0.23,11.473,,,
[1758202921091613695],0.761,-0.022,11.365,,,
[1758202921096681924],0.769,-0.23,11.267,,,
[1758202921101768018],0.843,-0.192,11.258,,,
[1758202921108170935],0.618,-0.093,11.325,,,
[1758202921114534581],0.795,-0.05,11.442,,,
[1758202921121038070],0.737,-0.077,11.404,,,
[1758202921126240466],0.821,-0.156,11.334,,,
[1758202921131337653],0.843,-0.17,11.19,,,
[1758202921136460987],0.766,-0.139,11.289,,,
[1758202921141591768],0.682,-0.072,11.475,,,
[1758202921147118018],0.8,-0.069,11.449,,,
[1758202921152219060],0.632,-0.007,11.36,,,
[1758202921157304737],0.855,-0.077,11.492,,,
[1758202921162533226],0.85,-0.105,11.428,,,
[1758202921167747706],0.752,-0.158,11.293,,,
[1758202921172828591],0.848,-0.089,11.281,,,
[1758202921177901872],0.862,-0.01,11.399,,,
[1758202921183003643],0.759,-0.06,11.437,,,
[1758202921188073903],0.991,-0.278,11.313,,,
[1758202921193147601],0.864,-0.036,11.329,,,
[1758202921198203278],0.828,-0.113,11.49,,,
[1758202921203295414],0.8,-0.148,11.399,,,
[1758202921208413070],0.795,-0.103,11.21,,,
[1758202921213638278],0.615,-0.067,11.353,,,
[1758202921218714164],0.721,-0.069,11.428,,,
[1758202921223815101],0.697,-0.079,11.382,,,
[1758202921228903383],0.795,-0.103,11.454,,,
[1758202921234483955],0.706,-0.086,11.272,,,
[1758202921239637497],0.721,0.06,11.444,,,
[1758202921244747185],0.771,-0.05,11.296,,,
[1758202921249815570],0.67,-0.151,11.406,,,
[1758202921256036143],0.807,-0.172,11.301,,,
[1758202921262558070],0.788,-0.127,11.296,,,
[1758202921267768747],0.836,-0.093,11.466,,,
[1758202921272844008],0.723,-0.005,11.442,,,
[1758202921277921716],0.898,-0.115,11.334,,,
[1758202921283038955],0.962,-0.194,11.497,,,
[1758202921288111039],0.699,-0.057,11.198,,,
[1758202921293182966],0.658,-0.089,11.372,,,
[1758202921298366247],0.757,-0.165,11.332,,,
[1758202921303665310],0.795,-0.002,11.454,,,
[1758202921308988851],0.903,-0.007,11.246,,,
[1758202921314186403],0.704,-0.091,11.284,,,
[1758202921319284789],0.771,-0.134,11.372,,,
[1758202921324388955],0.742,-0.093,11.315,,,
[1758202921329501924],0.838,-0.007,11.305,,,
[1758202921334585153],0.773,-0.134,11.485,,,
[1758202921341270778],0.776,-0.007,11.303,,,
[1758202921346479424],0.795,-0.007,11.53,,,
[1758202921351585935],0.986,-0.055,11.42,,,
[1758202921356660935],0.706,-0.098,11.207,,,
[1758202921361841508],0.646,-0.132,11.478,,,
[1758202921367210310],0.831,0.086,11.265,,,
[1758202921372297028],0.781,-0.101,11.212,,,
[1758202921377368851],0.812,-0.275,11.272,,,
[1758202921382584945],0.481,-0.007,11.365,,,
[1758202921387907237],0.812,-0.132,11.384,,,
[1758202921393018174],0.776,-0.156,11.463,,,
[1758202921398083435],0.776,-0.132,11.286,,,
[1758202921403183018],0.788,0.062,11.339,,,
[1758202921408293747],0.737,-0.038,11.325,,,
[1758202921413424789],0.678,-0.129,11.454,,,
[1758202921418497028],0.864,-0.086,11.296,,,
[1758202921423627132],0.773,-0.038,11.401,,,
[1758202921428785674],0.826,-0.132,11.313,,,
[1758202921433923070],0.697,-0.096,11.454,,,
[1758202921439078435],0.754,-0.084,11.399,,,
[1758202921444229945],0.718,-0.117,11.19,,,
[1758202921449627549],0.816,0.06,11.243,,,
[1758202921454711195],0.613,-0.156,11.404,,,
[1758202921459798487],0.943,-0.005,11.334,,,
[1758202921466064737],0.764,-0.187,11.401,,,
[1758202921471303903],0.86,-0.034,11.315,,,
[1758202921476707653],0.716,-0.05,11.411,,,
[1758202921481814320],0.785,-0.084,11.231,,,
[1758202921486884112],0.8,-0.098,11.198,,,
[1758202921491943018],0.816,-0.06,11.234,,,
[1758202921496996820],0.857,-0.029,11.193,,,
[1758202921502121247],0.792,-0.031,11.473,,,
[1758202921507292549],0.658,-0.098,11.411,,,
[1758202921512673695],0.826,-0.189,11.449,,,
[1758202921517795674],0.824,-0.012,11.382,,,
[1758202921522935310],0.757,-0.074,11.437,,,
[1758202921528050674],0.79,-0.089,11.267,,,
[1758202921533165935],0.788,-0.129,11.219,,,
[1758202921538326403],0.804,-0.124,11.27,,,
[1758202921543440726],0.723,-0.069,11.21,,,
[1758202921548512237],0.881,-0.122,11.442,,,
[1758202921553689007],0.898,-0.136,11.346,,,
[1758202921559207601],0.855,-0.081,11.193,,,
[1758202921564393382],0.845,-0.002,11.214,,,
[1758202921569515310],0.917,-0.086,11.387,,,
[1758202921574713070],0.821,-0.124,11.406,,,
[1758202921579897601],0.802,-0.053,11.272,,,
[1758202921585325518],0.864,-0.062,11.291,,,
[1758202921590475518],0.946,-0.036,11.478,,,
[1758202921595562497],0.862,-0.065,11.387,,,
[1758202921600858330],0.855,-0.074,11.277,,,
[1758202921606008695],0.771,-0.132,11.384,,,
[1758202921611216872],0.821,-0.172,11.193,,,
[1758202921616330310],0.855,-0.103,11.255,,,
[1758202921621438070],0.814,-0.129,11.485,,,
[1758202921626521039],0.685,-0.098,11.155,,,
[1758202921631600987],0.694,-0.089,11.272,,,
[1758202921636670882],0.84,-0.16,11.308,,,
[1758202921641862757],0.869,-0.029,11.392,,,
[1758202921647052237],0.821,-0.302,11.327,,,
[1758202921652128018],0.874,-0.043,11.157,,,
[1758202921657242028],0.792,0.0,11.38,,,
[1758202921662838747],0.807,-0.038,11.19,,,
[1758202921667938695],0.737,-0.23,11.327,,,
[1758202921673039059],0.91,-0.278,11.521,,,
[1758202921678147914],0.694,0.077,11.425,,,
[1758202921683259789],0.819,-0.034,11.349,,,
[1758202921688337445],0.781,-0.065,11.31,,,
[1758202921693444684],0.716,-0.081,11.353,,,
[1758202921698888955],0.867,-0.101,11.234,,,
[1758202921704128382],0.716,-0.01,11.478,,,
[1758202921709261299],1.032,-0.232,11.344,,,
[1758202921714469632],0.895,-0.069,11.478,,,
[1758202921719556976],0.773,-0.158,11.234,,,
[1758202921724673851],0.838,-0.287,11.337,,,
[1758202921729747653],0.864,-0.144,11.238,,,
[1758202921734828174],0.706,-0.117,11.229,,,
[1758202921739965934],0.766,-0.208,11.413,,,
[1758202921745144112],0.675,-0.01,11.396,,,
[1758202921750375466],0.757,-0.01,11.483,,,
[1758202921755443539],0.819,-0.065,11.315,,,
[1758202921760759320],0.678,-0.081,11.425,,,
[1758202921765873122],0.886,-0.065,11.406,,,
[1758202921772382757],0.804,-0.271,11.317,,,
[1758202921777605830],0.962,-0.017,11.384,,,
[1758202921782699632],0.804,-0.089,11.384,,,
[1758202921787801351],0.819,-0.065,11.212,,,
[1758202921792921664],0.831,-0.196,11.281,,,
[1758202921797985205],0.953,-0.124,11.217,,,
[1758202921803051143],0.783,-0.184,11.272,,,
[1758202921808132132],0.737,-0.194,11.43,,,
[1758202921813667549],0.876,-0.259,11.394,,,
[1758202921818925309],0.766,0.048,11.466,,,
[1758202921824049893],0.888,-0.086,11.322,,,
[1758202921829134684],1.025,-0.129,11.399,,,
[1758202921834278955],0.706,-0.148,11.389,,,
[1758202921839368851],0.611,-0.103,11.394,,,
[1758202921844469372],0.757,-0.048,11.387,,,
[1758202921849527028],0.886,-0.117,11.322,,,
[1758202921854770934],0.79,-0.048,11.483,,,
[1758202921859967601],0.84,-0.014,11.337,,,
[1758202921865182549],0.903,-0.136,11.454,,,
[1758202921875286039],0.625,-0.012,11.36,,,
[1758202921880583591],0.91,-0.077,11.202,,,
[1758202921885671924],0.848,-0.129,11.298,,,
[1758202921890805622],0.879,-0.105,11.483,,,
[1758202921895887914],0.915,-0.034,11.428,,,
[1758202921900930882],0.761,-0.235,11.243,,,
[1758202921906055674],0.764,-0.151,11.454,,,
[1758202921911306872],1.058,-0.139,11.234,,,
[1758202921916473695],0.79,-0.156,11.344,,,
[1758202921922051924],0.757,-0.007,11.301,,,
[1758202921927193903],0.809,-0.045,11.274,,,
[1758202921932285986],0.848,-0.275,11.382,,,
[1758202921937399841],0.69,-0.192,11.483,,,
[1758202921942565309],1.001,-0.306,11.389,,,
[1758202921947687966],0.711,-0.175,11.37,,,
[1758202921952773434],0.79,-0.036,11.439,,,
[1758202921957848486],0.821,-0.17,11.293,,,
[1758202921963079424],0.797,-0.086,11.231,,,
[1758202921968378174],0.711,-0.283,11.48,,,
[1758202921973480414],0.833,-0.12,11.238,,,
[1758202921978591507],0.862,-0.06,11.459,,,
[1758202921984040570],0.936,-0.089,11.217,,,
[1758202921989135622],0.694,-0.017,11.37,,,
[1758202921994205153],0.656,-0.192,11.19,,,
[1758202921999303747],0.893,-0.105,11.442,,,
[1758202922004409111],0.888,-0.117,11.401,,,
[1758202922009509320],0.809,-0.007,11.279,,,
[1758202922015889997],0.742,-0.05,11.286,,,
[1758202922021647132],0.73,-0.129,11.27,,,
[1758202922027492393],0.8,-0.117,11.392,,,
[1758202922032688278],0.723,-0.01,11.234,,,
[1758202922037767080],0.764,0.0,11.394,,,
[1758202922042882497],0.826,-0.019,11.363,,,
[1758202922047964789],0.757,-0.101,11.329,,,
[1758202922053043174],0.747,-0.06,11.396,,,
[1758202922058127757],0.766,-0.117,11.339,,,
[1758202922064424736],0.795,-0.16,11.301,,,
[1758202922069639476],0.855,-0.101,11.406,,,
[1758202922074746195],0.848,-0.031,11.42,,,
[1758202922079840882],0.709,-0.12,11.43,,,
[1758202922084947549],0.809,-0.067,11.195,,,
[1758202922091191768],0.778,-0.11,11.394,,,
[1758202922097577288],0.778,-0.024,11.416,,,
[1758202922102811820],0.8,-0.026,11.274,,,
[1758202922107882497],0.8,-0.103,11.258,,,
[1758202922113033174],0.718,-0.124,11.428,,,
[1758202922118100570],0.86,-0.022,11.25,,,
[1758202922123180570],0.769,-0.055,11.317,,,
[1758202922128264893],0.812,-0.026,11.26,,,
[1758202922134719111],0.79,-0.014,11.243,,,
[1758202922139912809],0.74,-0.148,11.253,,,
[1758202922145010674],0.733,-0.053,11.396,,,
[1758202922150114320],0.826,-0.165,11.2,,,
[1758202922155179788],0.972,0.0,11.478,,,
[1758202922160429268],0.876,-0.12,11.267,,,
[1758202922166680830],0.627,-0.017,11.205,,,
[1758202922171913330],0.905,-0.302,11.214,,,
[1758202922176992288],0.804,-0.024,11.478,,,
[1758202922182089684],0.474,-0.093,11.329,,,
[1758202922187180726],0.661,-0.079,11.157,,,
[1758202922192263122],0.809,-0.113,11.301,,,
[1758202922197336247],0.986,-0.103,11.356,,,
[1758202922203679684],0.725,-0.153,11.313,,,
[1758202922210085361],0.656,-0.043,11.308,,,
[1758202922215351455],1.022,-0.105,11.32,,,
[1758202922220489372],0.706,-0.124,11.234,,,
[1758202922225564111],0.836,-0.271,11.305,,,
[1758202922230700726],0.745,-0.177,11.346,,,
[1758202922235818851],0.752,-0.045,11.234,,,
[1758202922241251351],0.795,-0.05,11.289,,,
[1758202922246325830],0.86,-0.287,11.442,,,
[1758202922251447861],0.86,0.117,11.358,,,
[1758202922256661663],0.625,-0.01,11.198,,,
[1758202922261812757],0.79,-0.091,11.305,,,
[1758202922266883122],0.804,-0.079,11.365,,,
[1758202922271985570],0.747,-0.079,11.475,,,
[1758202922277074528],0.888,-0.139,11.193,,,
[1758202922282155778],0.781,-0.038,11.344,,,
[1758202922287222340],0.702,-0.065,11.066,,,
[1758202922292344163],0.742,-0.141,11.241,,,
[1758202922297508955],0.757,-0.115,11.305,,,
[1758202922302583226],0.618,-0.012,11.375,,,
[1758202922307698955],1.051,-0.017,11.401,,,
[1758202922312885101],0.824,-0.189,11.071,,,
[1758202922318307080],0.821,-0.127,11.222,,,
[1758202922323412080],0.86,-0.029,11.303,,,
[1758202922328481455],0.8,-0.024,11.217,,,
[1758202922333572497],0.761,-0.017,11.423,,,
[1758202922338645778],0.871,-0.086,11.38,,,
[1758202922343733799],0.871,-0.089,11.408,,,
[1758202922349891455],0.821,-0.098,11.349,,,
[1758202922356296195],0.737,-0.136,11.2,,,
[1758202922361544736],0.874,0.139,11.246,,,
[1758202922366618330],0.766,-0.108,11.38,,,
[1758202922371676663],0.804,-0.148,11.38,,,
[1758202922376724945],0.749,-0.208,11.339,,,
[1758202922381813226],0.855,-0.117,11.198,,,
[1758202922386878538],0.912,-0.036,11.255,,,
[1758202922391981195],0.838,-0.067,11.365,,,
[1758202922397067340],0.869,-0.189,11.205,,,
[1758202922402267497],0.792,-0.057,11.327,,,
[1758202922407358174],0.864,-0.069,11.351,,,
[1758202922412527653],0.788,-0.151,11.624,,,
[1758202922417607809],0.814,-0.16,11.262,,,
[1758202922422703226],0.879,-0.072,11.265,,,
[1758202922428205778],0.725,-0.069,11.408,,,
[1758202922433309007],0.713,-0.211,11.411,,,
[1758202922438434215],0.771,-0.244,11.454,,,
[1758202922443615413],0.895,-0.079,11.329,,,
[1758202922448724424],0.759,-0.139,11.423,,,
[1758202922453825309],0.809,-0.081,11.463,,,
[1758202922458910049],0.656,-0.024,11.411,,,
[1758202922464418643],0.785,-0.101,11.332,,,
[1758202922469544007],0.831,-0.117,11.384,,,
[1758202922474847757],0.91,-0.182,11.358,,,
[1758202922479921507],0.666,-0.117,11.349,,,
[1758202922485111715],0.644,-0.081,11.202,,,
[1758202922490299007],0.852,-0.01,11.327,,,
[1758202922495412705],0.79,-0.206,11.463,,,
[1758202922500543278],0.855,-0.096,11.303,,,
[1758202922505630309],0.907,-0.129,11.454,,,
[1758202922512302497],0.783,-0.247,11.234,,,
[1758202922517727340],0.797,-0.132,11.344,,,
[1758202922522840101],0.685,-0.069,11.43,,,
[1758202922528029840],0.783,-0.184,11.313,,,
[1758202922533147601],0.821,-0.038,11.313,,,
[1758202922538269059],0.86,-0.105,11.372,,,
[1758202922543383070],0.785,-0.103,11.473,,,
[1758202922548475986],0.903,-0.256,11.334,,,
[1758202922553641038],0.785,-0.29,11.37,,,
[1758202922560691403],0.792,-0.086,11.241,,,
[1758202922567187392],0.804,-0.019,11.241,,,
[1758202922573517757],0.792,-0.105,11.432,,,
[1758202922579864840],0.776,-0.014,11.188,,,
[1758202922585409007],0.771,-0.139,11.416,,,
[1758202922590582861],0.828,-0.045,11.459,,,
[1758202922595682288],0.826,-0.144,11.413,,,
[1758202922600805674],0.718,-0.153,11.222,,,
[1758202922606007184],0.721,-0.072,11.466,,,
[1758202922611175361],0.905,-0.235,11.289,,,
[1758202922616237340],1.041,-0.036,11.212,,,
[1758202922621387392],0.862,-0.098,11.377,,,
[1758202922626596559],0.773,-0.249,11.413,,,
[1758202922631670570],0.752,-0.177,11.212,,,
[1758202922637956976],0.8,-0.184,11.368,,,
[1758202922643227549],0.663,-0.122,11.248,,,
[1758202922648367080],0.781,-0.067,11.238,,,
[1758202922653425205],0.824,-0.077,11.293,,,
[1758202922658497184],1.056,-0.089,11.375,,,
[1758202922663671195],0.998,-0.098,11.279,,,
[1758202922668737288],0.876,-0.124,11.394,,,
[1758202922673802913],0.733,-0.117,11.401,,,
[1758202922678982184],0.704,-0.038,11.195,,,
[1758202922684195726],0.843,-0.177,11.447,,,
[1758202922689279632],0.725,-0.077,11.322,,,
[1758202922694897340],0.812,-0.139,11.394,,,
[1758202922699977288],0.804,-0.026,11.368,,,
[1758202922705034736],0.855,-0.132,11.202,,,
[1758202922710195465],0.86,-0.115,11.48,,,
[1758202922715260986],0.879,-0.086,11.404,,,
[1758202922720419007],0.735,-0.294,11.451,,,
[1758202922726980674],0.91,-0.077,11.411,,,
[1758202922733691090],0.776,-0.12,11.272,,,
[1758202922739207236],0.709,-0.148,11.21,,,
[1758202922744309319],0.792,-0.129,11.111,,,
[1758202922749386351],0.713,-0.108,11.365,,,
[1758202922754499476],0.802,-0.065,11.447,,,
[1758202922759551611],0.749,-0.06,11.401,,,
[1758202922764596767],0.773,-0.05,11.384,,,
[1758202922769679632],0.795,-0.034,11.337,,,
[1758202922775198747],0.819,-0.251,11.344,,,
[1758202922780884736],0.903,-0.01,11.339,,,
[1758202922785954840],0.735,-0.184,11.032,,,
[1758202922791032080],0.792,-0.074,11.588,,,
[1758202922796099528],0.958,0.072,11.463,,,
[1758202922802444632],0.778,-0.199,11.171,,,
[1758202922807675726],0.888,-0.084,11.267,,,
[1758202922812734215],0.848,-0.141,11.416,,,
[1758202922817815361],0.864,-0.012,11.526,,,
[1758202922822970986],0.757,-0.045,11.437,,,
[1758202922828034372],0.666,-0.18,11.265,,,
[1758202922833082288],0.634,-0.132,11.49,,,
[1758202922838186924],0.785,-0.017,11.399,,,
[1758202922843425517],1.068,-0.036,11.234,,,
[1758202922849082965],0.769,-0.151,11.444,,,
[1758202922854164580],0.816,-0.141,11.384,,,
[1758202922859234476],0.85,-0.184,11.341,,,
[1758202922864331715],0.802,-0.113,11.444,,,
[1758202922869398590],0.706,0.069,11.416,,,
[1758202922874502028],0.625,-0.144,11.418,,,
[1758202922879605778],0.613,-0.192,11.298,,,
[1758202922884722809],0.678,-0.053,11.317,,,
[1758202922890022601],0.84,-0.124,11.456,,,
[1758202922895529476],0.807,-0.144,11.193,,,
[1758202922900690465],0.821,-0.12,11.281,,,
[1758202922905754736],0.783,-0.029,11.473,,,
[1758202922911249007],0.785,-0.034,11.38,,,
[1758202922916325361],0.68,-0.127,11.382,,,
[1758202922921443382],0.867,-0.031,11.375,,,
[1758202922926516455],0.96,-0.024,11.382,,,
[1758202922931689944],0.795,-0.139,11.382,,,
[1758202922936864736],0.759,-0.12,11.258,,,
[1758202922942086976],0.788,-0.065,11.382,,,
[1758202922947164840],0.802,-0.144,11.289,,,
[1758202922952280049],0.941,-0.192,11.411,,,
[1758202922959799996],0.812,-0.022,11.353,,,
[1758202922965239892],0.776,-0.139,11.224,,,
[1758202922970416819],0.912,-0.139,11.277,,,
[1758202922975674580],0.785,-0.084,11.461,,,
[1758202922980887184],0.807,-0.12,11.195,,,
[1758202922985931194],0.749,-0.057,11.459,,,
[1758202922991044371],0.807,-0.079,11.265,,,
[1758202922996125465],0.8,-0.089,11.159,,,
[1758202923001174944],0.747,-0.105,11.49,,,
[1758202923006215621],0.915,-0.072,11.375,,,
[1758202923011337132],0.898,-0.235,11.19,,,
[1758202923016730465],0.79,-0.129,11.341,,,
[1758202923023047809],0.728,-0.079,11.358,,,
[1758202923028295778],0.864,-0.113,11.483,,,
[1758202923033366038],0.733,-0.151,11.337,,,
[1758202923038436299],0.718,-0.144,11.444,,,
[1758202923043568382],0.778,-0.034,11.301,,,
[1758202923048635153],0.802,0.093,11.368,,,
[1758202923053678642],0.812,-0.256,11.327,,,
[1758202923058730517],0.615,-0.029,11.485,,,
[1758202923064071559],0.857,-0.086,11.246,,,
[1758202923069237549],0.776,-0.093,11.384,,,
[1758202923074408069],0.802,-0.122,11.475,,,
[1758202923079572444],0.982,-0.144,11.475,,,
[1758202923084796559],0.766,-0.275,11.387,,,
[1758202923089889892],0.797,-0.146,11.363,,,
[1758202923094968330],0.639,-0.002,11.416,,,
[1758202923100047913],0.833,-0.077,11.435,,,
[1758202923105193174],0.812,-0.057,11.389,,,
[1758202923110329371],0.745,-0.177,11.284,,,
[1758202923115388903],0.742,-0.165,11.346,,,
[1758202923120593694],0.836,-0.165,11.53,,,
[1758202923126371819],0.869,-0.101,11.428,,,
[1758202923131461819],0.814,-0.144,11.404,,,
[1758202923136562757],0.838,0.034,11.214,,,
[1758202923141744840],0.845,-0.026,11.351,,,
[1758202923146879215],0.795,-0.002,11.205,,,
[1758202923151930830],0.84,-0.124,11.236,,,
[1758202923156978330],0.812,-0.158,11.356,,,
[1758202923162099892],0.747,-0.201,11.234,,,
[1758202923167196715],0.725,-0.278,11.365,,,
[1758202923172867496],0.915,-0.038,11.231,,,
[1758202923179321194],0.807,-0.113,11.499,,,
[1758202923185568017],0.769,-0.156,11.368,,,
[1758202923190844840],0.783,-0.014,11.25,,,
[1758202923195977184],0.73,-0.187,11.262,,,
[1758202923201121976],0.812,-0.249,11.298,,,
[1758202923206223173],0.927,-0.089,11.102,,,
[1758202923211313173],0.871,-0.022,11.265,,,
[1758202923216390465],0.682,-0.141,11.186,,,
[1758202923222681767],0.749,-0.144,11.32,,,
[1758202923227911298],0.874,-0.141,11.344,,,
[1758202923235212080],0.766,-0.275,11.42,,,
[1758202923240529111],0.812,-0.285,11.416,,,
[1758202923245649840],0.886,-0.141,11.301,,,
[1758202923250781298],0.874,-0.218,11.334,,,
[1758202923255862861],0.776,-0.103,11.49,,,
[1758202923260940569],0.843,-0.069,11.492,,,
[1758202923266020413],0.857,-0.048,11.408,,,
[1758202923271183746],0.814,-0.187,11.454,,,
[1758202923276270101],0.903,-0.148,11.428,,,
[1758202923281714111],0.8,-0.072,11.279,,,
[1758202923286818069],0.917,-0.148,11.202,,,
[1758202923291900778],0.702,-0.103,11.26,,,
[1758202923296972601],0.692,-0.184,11.32,,,
[1758202923302084892],0.773,0.127,11.284,,,
[1758202923307159267],0.776,-0.175,11.186,,,
[1758202923312237809],1.07,0.034,11.425,,,
[1758202923317316090],0.759,-0.101,11.392,,,
[1758202923322588017],0.785,-0.127,11.205,,,
[1758202923327804996],0.694,-0.062,11.042,,,
[1758202923333132392],0.613,-0.014,11.423,,,
[1758202923339557861],0.769,-0.151,11.356,,,
[1758202923344768590],0.867,-0.275,11.399,,,
[1758202923349838851],0.989,-0.124,11.363,,,
[1758202923354944788],0.828,-0.268,11.195,,,
[1758202923359996194],0.862,-0.28,11.217,,,
[1758202923365059267],0.826,-0.084,11.346,,,
[1758202923370194892],0.883,-0.019,11.212,,,
[1758202923375348278],0.848,0.014,11.193,,,
[1758202923380506767],0.852,-0.048,11.351,,,
[1758202923385699423],0.807,-0.081,11.387,,,
[1758202923392149163],0.778,-0.227,11.346,,,
[1758202923397332392],0.618,-0.086,11.186,,,
[1758202923402445413],0.864,-0.086,11.337,,,
[1758202923407525517],0.862,-0.239,11.267,,,
[1758202923412610100],0.9,-0.057,11.236,,,
[1758202923417698173],0.95,-0.134,11.334,,,
[1758202923422845309],0.807,-0.189,11.291,,,
[1758202923427933486],0.766,-0.108,11.281,,,
[1758202923433080882],0.79,-0.045,11.349,,,
[1758202923438261298],0.747,-0.254,11.466,,,
[1758202923443400413],0.759,-0.105,11.296,,,
[1758202923448971559],0.615,-0.144,11.277,,,
[1758202923454093173],0.778,-0.17,11.365,,,
[1758202923459189580],0.769,-0.11,11.231,,,
[1758202923464267600],0.943,-0.134,11.315,,,
[1758202923469349059],0.814,-0.077,11.339,,,
[1758202923475649892],0.721,-0.146,11.425,,,
[1758202923482953017],0.781,-0.139,11.349,,,
[1758202923488491819],0.781,-0.148,11.346,,,
[1758202923493679475],0.757,-0.038,11.483,,,
[1758202923499131871],0.826,-0.077,11.195,,,
[1758202923504254163],0.824,-0.067,11.375,,,
[1758202923509329267],0.862,-0.146,11.425,,,
[1758202923514410986],0.888,-0.067,11.473,,,
[1758202923519499684],0.802,-0.024,11.2,,,
[1758202923524667705],0.862,-0.031,11.238,,,
[1758202923529792705],0.9,-0.127,11.411,,,
[1758202923535024996],0.819,-0.096,11.27,,,
[1758202923540157600],0.757,-0.05,11.217,,,
[1758202923545278955],0.718,-0.026,11.301,,,
[1758202923551669632],0.766,-0.16,11.248,,,
[1758202923557720100],0.874,-0.127,11.212,,,
[1758202923562883434],0.766,-0.074,11.229,,,
[1758202923567971663],0.843,-0.247,11.487,,,
[1758202923573122444],0.917,-0.141,11.212,,,
[1758202923578219319],0.697,-0.227,11.341,,,
[1758202923583298330],0.816,-0.16,11.207,,,
[1758202923588368538],0.821,-0.038,11.353,,,
[1758202923593492652],0.704,-0.067,11.552,,,
[1758202923598726246],0.893,-0.124,11.408,,,
[1758202923603997236],0.871,-0.172,11.255,,,
[1758202923609080048],0.85,-0.105,11.346,,,
[1758202923614163382],0.876,-0.153,11.152,,,
[1758202923619242236],0.781,-0.096,11.214,,,
[1758202923624392132],0.816,-0.199,11.325,,,
[1758202923629511090],0.828,-0.036,11.193,,,
[1758202923634640309],0.824,-0.014,11.439,,,
[1758202923639849632],0.764,-0.055,11.408,,,
[1758202923644958538],0.745,-0.134,11.267,,,
[1758202923650019996],0.759,-0.122,11.461,,,
[1758202923655170257],0.831,-0.084,11.25,,,
[1758202923660758017],0.642,-0.12,11.217,,,
[1758202923665915048],0.783,0.005,11.315,,,
[1758202923671074267],0.809,-0.263,11.32,,,
[1758202923676144632],0.747,-0.057,11.432,,,
[1758202923681236402],0.613,-0.127,11.284,,,
[1758202923686307027],0.962,-0.153,11.473,,,
[1758202923691413590],0.917,-0.079,11.435,,,
[1758202923696541559],0.704,-0.194,11.205,,,
[1758202923701687236],0.883,-0.005,11.411,,,
[1758202923706915413],0.733,-0.074,11.202,,,
[1758202923713357548],0.759,-0.156,11.155,,,
[1758202923718588590],0.673,-0.012,11.439,,,
[1758202923723748434],0.749,-0.232,11.224,,,
[1758202923728810517],0.958,-0.199,11.346,,,
[1758202923733882184],0.905,-0.153,11.04,,,
[1758202923738932444],0.771,-0.127,11.32,,,
[1758202923744040882],0.771,-0.034,11.317,,,
[1758202923749110257],0.728,-0.141,11.322,,,
[1758202923754225309],0.84,-0.235,11.437,,,
[1758202923759369788],0.788,-0.089,11.425,,,
[1758202923764540673],0.804,-0.268,11.483,,,
[1758202923770109788],0.773,-0.11,11.212,,,
[1758202923775323902],0.778,-0.053,11.207,,,
[1758202923780507652],0.702,-0.103,11.562,,,
[1758202923785603330],0.876,0.038,11.339,,,
[1758202923790725621],0.622,-0.101,11.21,,,
[1758202923795819475],0.615,-0.029,11.301,,,
[1758202923800939475],0.8,-0.11,11.478,,,
[1758202923806047288],0.745,-0.084,11.308,,,
[1758202923811203277],0.771,-0.184,11.27,,,
[1758202923822735569],0.62,-0.122,11.564,,,
[1758202923827833225],0.836,-0.192,11.437,,,
[1758202923832917132],0.723,-0.225,11.301,,,
[1758202923837989632],0.867,-0.053,11.375,,,
[1758202923843141611],0.73,-0.091,11.303,,,
[1758202923848269944],0.795,-0.096,11.363,,,
[1758202923853356923],0.711,-0.182,11.32,,,
[1758202923858449371],0.895,-0.057,11.327,,,
[1758202923863648329],0.757,-0.251,11.238,,,
[1758202923868812913],0.783,-0.29,11.325,,,
[1758202923873967965],0.962,-0.093,11.212,,,
[1758202923879423694],0.678,-0.113,11.428,,,
[1758202923884570257],0.821,-0.031,11.205,,,
[1758202923889642809],0.807,-0.139,11.478,,,
[1758202923894747496],0.742,-0.014,11.329,,,
[1758202923899816819],0.795,-0.096,11.234,,,
[1758202923904955257],0.826,-0.043,11.32,,,
[1758202923910027444],0.828,-0.124,11.284,,,
[1758202923915169527],1.015,-0.127,11.363,,,
[1758202923920353850],0.905,-0.038,11.406,,,
[1758202923925594007],0.673,-0.113,11.301,,,
[1758202923931114423],0.8,-0.153,11.241,,,
[1758202923936206142],0.883,-0.065,11.449,,,
[1758202923941300829],0.807,-0.151,11.224,,,
[1758202923946449371],0.857,0.081,11.334,,,
[1758202923951664215],0.867,-0.11,11.298,,,
[1758202923956759736],0.84,-0.134,11.384,,,
[1758202923961823225],0.781,-0.036,11.308,,,
[1758202923966904788],0.692,-0.201,11.188,,,
[1758202923972152236],0.857,-0.038,11.43,,,
[1758202923977323642],0.804,-0.292,11.267,,,
[1758202923982468694],0.852,-0.034,11.401,,,
[1758202923988906402],0.769,-0.175,11.475,,,
[1758202923994146975],0.69,-0.187,11.255,,,
[1758202923999188746],0.843,-0.148,11.401,,,
[1758202924004253694],0.675,-0.122,11.341,,,
[1758202924009318277],0.843,-0.091,11.176,,,
[1758202924014405204],0.895,-0.057,11.305,,,
[1758202924019521194],0.694,-0.005,11.186,,,
[1758202924024687444],0.733,-0.093,11.26,,,
[1758202924029826559],0.874,0.043,11.528,,,
[1758202924035070777],0.843,-0.101,11.301,,,
[1758202924040613746],0.735,-0.144,11.334,,,
[1758202924045745152],0.833,-0.113,11.198,,,
[1758202924050877548],0.687,-0.251,11.308,,,
[1758202924055970881],0.843,-0.254,11.456,,,
[1758202924061084631],0.903,-0.132,11.219,,,
[1758202924066158902],0.898,-0.11,11.514,,,
[1758202924071327340],0.792,-0.146,11.408,,,
[1758202924076408173],0.888,-0.043,11.155,,,
[1758202924081607444],0.749,-0.105,11.277,,,
[1758202924086778902],0.692,-0.002,11.212,,,
[1758202924091897704],0.785,-0.002,11.229,,,
[1758202924098302288],0.922,-0.275,11.523,,,
[1758202924103520673],0.764,-0.113,11.313,,,
[1758202924108584423],0.9,-0.151,11.368,,,
[1758202924113660986],0.675,-0.136,11.289,,,
[1758202924118742913],0.699,-0.098,11.368,,,
[1758202924123911819],0.773,-0.084,11.286,,,
[1758202924128982340],0.809,-0.065,11.351,,,
[1758202924134050048],0.848,0.041,11.308,,,
[1758202924139183746],0.725,-0.036,11.19,,,
[1758202924144370465],0.907,-0.151,11.387,,,
[1758202924150829736],0.785,-0.081,11.375,,,
[1758202924156008486],0.804,-0.12,11.368,,,
[1758202924161089736],0.749,-0.043,11.262,,,
[1758202924166156923],0.79,-0.218,11.406,,,
[1758202924171305517],0.824,-0.187,11.205,,,
[1758202924176374579],0.828,-0.024,11.205,,,
[1758202924181447756],0.819,-0.139,11.442,,,
[1758202924186546402],1.022,-0.127,11.48,,,
[1758202924191655881],0.778,-0.187,11.368,,,
[1758202924196814527],0.802,-0.306,11.329,,,
[1758202924201951246],0.783,-0.029,11.346,,,
[1758202924207368434],0.745,-0.036,11.246,,,
[1758202924212483329],0.807,-0.084,11.253,,,
[1758202924217598798],0.79,-0.074,11.308,,,
[1758202924222786559],0.843,-0.144,11.052,,,
[1758202924227848381],0.941,-0.113,11.305,,,
[1758202924232928069],0.915,-0.254,11.241,,,
[1758202924238050725],0.91,-0.144,11.224,,,
[1758202924243241975],0.735,-0.11,11.277,,,
[1758202924248394996],0.625,-0.074,11.454,,,
[1758202924253608069],0.812,-0.103,11.195,,,
[1758202924259066663],0.759,-0.127,11.353,,,
[1758202924264237183],0.879,-0.026,11.447,,,
[1758202924269322183],0.776,-0.108,11.344,,,
[1758202924274520829],0.752,0.002,11.413,,,
[1758202924279628329],0.766,-0.113,11.351,,,
[1758202924284708902],0.84,-0.165,11.274,,,
[1758202924289834006],0.711,-0.002,11.382,,,
[1758202924294944683],0.737,-0.105,11.243,,,
[1758202924300070048],0.754,-0.043,11.471,,,
[1758202924305301454],0.843,-0.029,11.222,,,
[1758202924310456142],0.807,-0.151,11.439,,,
[1758202924316920829],0.771,-0.084,11.334,,,
[1758202924322173017],0.816,-0.201,11.193,,,
[1758202924327257756],0.797,-0.01,11.255,,,
[1758202924332350204],0.864,-0.057,11.329,,,
[1758202924337427131],0.702,-0.271,11.2,,,
[1758202924342511038],0.819,-0.254,11.258,,,
[1758202924347599215],0.622,-0.208,11.387,,,
[1758202924352706923],0.85,-0.244,11.351,,,
[1758202924357796038],1.07,-0.144,11.317,,,
[1758202924363009527],0.668,-0.105,11.236,,,
[1758202924369461611],0.716,-0.017,11.411,,,
[1758202924374711298],0.728,-0.141,11.43,,,
[1758202924379779006],0.773,-0.077,11.408,,,
[1758202924384861767],0.69,-0.029,11.346,,,
[1758202924389932600],0.824,-0.086,11.37,,,
[1758202924395040100],0.673,-0.034,11.365,,,
[1758202924400136454],0.848,-0.098,11.317,,,
[1758202924405224058],0.912,-0.172,11.327,,,
[1758202924410410204],0.895,0.017,11.418,,,
[1758202924415674006],0.773,-0.024,11.202,,,
[1758202924421260100],0.615,-0.127,11.511,,,
[1758202924426388538],0.792,-0.168,11.231,,,
[1758202924431466246],0.795,-0.17,11.238,,,
[1758202924436535517],0.651,-0.11,11.428,,,
[1758202924441630725],0.814,-0.153,11.337,,,
[1758202924446694996],0.819,-0.105,11.313,,,
[1758202924451839319],0.74,-0.101,11.19,,,
[1758202924456956194],1.039,-0.041,11.444,,,
[1758202924462096923],0.898,-0.151,11.375,,,
[1758202924467272340],0.702,-0.132,11.36,,,
[1758202924472410152],0.675,-0.11,11.286,,,
[1758202924477800725],0.773,-0.103,11.183,,,
[1758202924482950569],0.812,-0.192,11.444,,,
[1758202924488074631],0.646,-0.108,11.368,,,
[1758202924493168798],0.706,-0.002,11.313,,,
[1758202924498276298],0.848,-0.11,11.36,,,
[1758202924503395048],0.836,-0.139,11.337,,,
[1758202924508479371],0.699,-0.192,11.293,,,
[1758202924513580621],0.675,-0.213,11.401,,,
[1758202924518688277],0.874,-0.067,11.284,,,
[1758202924523925673],0.828,-0.067,11.411,,,
[1758202924529409475],0.802,-0.029,11.21,,,
[1758202924534510829],0.692,-0.218,11.437,,,
[1758202924539626663],0.752,-0.132,11.246,,,
[1758202924544720256],0.757,0.141,11.459,,,
[1758202924549844319],1.058,-0.156,11.351,,,
[1758202924556893746],0.764,-0.184,11.291,,,
[1758202924563246506],0.694,-0.144,11.262,,,
[1758202924568457913],0.836,-0.057,11.559,,,
[1758202924573609006],0.804,-0.029,11.265,,,
[1758202924578721819],0.666,-0.182,11.437,,,
[1758202924584212027],0.876,-0.108,11.303,,,
[1758202924589280829],0.852,-0.127,11.428,,,
[1758202924594333329],0.91,-0.196,11.21,,,
[1758202924599396715],0.749,-0.141,11.475,,,
[1758202924604559058],0.807,-0.144,11.42,,,
[1758202924609766819],0.816,-0.184,11.272,,,
[1758202924614874319],0.737,-0.182,11.102,,,
[1758202924619996194],0.924,-0.242,11.035,,,
[1758202924625145256],0.869,0.036,11.413,,,
[1758202924630292444],1.008,-0.098,11.274,,,
[1758202924635738017],0.769,-0.148,11.36,,,
[1758202924640910465],0.867,-0.098,11.205,,,
[1758202924646019527],0.915,-0.225,11.408,,,
[1758202924651194892],0.785,-0.136,11.26,,,
[1758202924656388017],0.692,-0.012,11.186,,,
[1758202924661517965],0.642,-0.211,11.222,,,
[1758202924666646767],0.615,-0.101,11.162,,,
[1758202924671807548],0.893,-0.05,11.447,,,
[1758202924676905204],0.836,-0.117,11.289,,,
[1758202924681998798],0.941,-0.122,11.365,,,
[1758202924687080829],0.836,-0.098,11.26,,,
[1758202924693331298],0.912,-0.148,11.293,,,
[1758202924698899840],0.709,-0.172,11.277,,,
[1758202924704029631],0.826,-0.187,11.188,,,
[1758202924709101350],0.74,-0.235,11.428,,,
[1758202924714192548],0.848,-0.05,11.423,,,
[1758202924719256871],0.79,-0.11,11.478,,,
[1758202924724396715],0.769,-0.074,11.248,,,
[1758202924729522235],0.883,0.086,11.478,,,
[1758202924734639787],0.603,-0.153,11.353,,,
[1758202924739840569],0.824,-0.132,11.451,,,
[1758202924745439319],0.795,-0.244,11.325,,,
[1758202924750585777],0.989,-0.079,11.2,,,
[1758202924755635308],0.627,-0.014,11.195,,,
[1758202924760824840],0.848,0.12,11.322,,,
[1758202924765971037],0.91,-0.268,11.356,,,
[1758202924772218537],0.675,-0.11,11.272,,,
[1758202924777429371],0.946,-0.093,11.444,,,
[1758202924782528173],0.809,0.117,11.423,,,
[1758202924787609371],0.747,-0.141,11.435,,,
[1758202924792685933],0.934,-0.124,11.265,,,
[1758202924797741871],0.845,-0.292,11.236,,,
[1758202924802866142],0.905,-0.007,11.265,,,
[1758202924809079267],0.771,-0.069,11.401,,,
[1758202924814618902],0.785,-0.113,11.207,,,
[1758202924819692027],0.824,-0.127,11.09,,,
[1758202924824838537],0.728,-0.096,11.449,,,
[1758202924829905725],0.792,-0.005,11.43,,,
[1758202924834985569],0.852,-0.141,11.188,,,
[1758202924840021819],0.831,-0.012,11.399,,,
[1758202924845178069],0.723,-0.05,11.353,,,
[1758202924851483381],0.646,-0.026,11.43,,,
[1758202924856716819],0.907,-0.144,11.349,,,
[1758202924861798017],0.797,-0.062,11.375,,,
[1758202924866864944],0.824,-0.124,11.202,,,
[1758202924872029319],0.819,-0.101,11.198,,,
[1758202924877156923],0.807,-0.139,11.085,,,
[1758202924882265204],0.776,-0.11,11.392,,,
[1758202924887406923],0.8,-0.136,11.198,,,
[1758202924892604579],0.848,-0.077,11.456,,,
[1758202924897806871],0.804,-0.177,11.128,,,
[1758202924902900100],0.826,-0.158,11.394,,,
[1758202924907982392],1.001,-0.172,11.317,,,
[1758202924913082756],0.864,-0.122,11.19,,,
[1758202924918232287],0.809,-0.156,11.219,,,
[1758202924924846194],0.8,-0.043,11.14,,,
[1758202924930040517],0.883,-0.086,11.377,,,
[1758202924935138485],0.85,-0.196,11.387,,,
[1758202924940276037],0.95,-0.151,11.26,,,
[1758202924945433537],0.91,-0.129,11.36,,,
[1758202924950598589],0.824,-0.017,11.439,,,
[1758202924956734162],0.843,-0.048,11.289,,,
[1758202924962000048],0.871,0.084,11.356,,,
[1758202924967404214],0.766,-0.22,11.442,,,
[1758202924972588329],0.716,-0.038,11.317,,,
[1758202924977679839],0.728,-0.141,11.468,,,
[1758202924982767964],0.824,-0.117,11.363,,,
[1758202924987850621],0.682,-0.239,11.595,,,
[1758202924992960464],0.666,-0.182,11.451,,,
[1758202924998057652],0.891,-0.247,11.387,,,
[1758202925003277183],0.704,-0.101,11.368,,,
[1758202925008406871],0.649,-0.117,11.267,,,
[1758202925013495881],0.737,-0.113,11.444,,,
[1758202925018591298],0.728,-0.206,11.514,,,
[1758202925023784839],0.797,-0.101,11.36,,,
[1758202925030065412],0.816,-0.096,11.198,,,
[1758202925036371454],0.639,-0.089,11.322,,,
[1758202925042669787],0.824,-0.041,11.217,,,
[1758202925049080673],0.874,-0.136,11.305,,,
[1758202925054287079],0.728,-0.089,11.214,,,
[1758202925059368485],0.862,-0.074,11.471,,,
[1758202925064470048],0.905,-0.055,11.451,,,
[1758202925069556089],0.807,-0.165,11.186,,,
[1758202925075044267],0.769,-0.091,11.296,,,
[1758202925080195673],0.781,-0.141,11.339,,,
[1758202925085286923],0.8,-0.156,11.363,,,
[1758202925091425673],0.733,-0.072,11.344,,,
[1758202925096703381],0.797,-0.11,11.384,,,
[1758202925101786975],0.996,-0.053,11.372,,,
[1758202925106848225],0.769,-0.086,11.365,,,
[1758202925111933850],0.639,-0.091,11.272,,,
[1758202925117003016],0.613,-0.093,11.313,,,
[1758202925122146610],0.62,-0.108,11.516,,,
[1758202925127222079],0.8,-0.187,11.471,,,
[1758202925132338641],0.922,-0.201,11.064,,,
[1758202925137420516],0.694,-0.072,11.202,,,
[1758202925142513381],0.69,-0.024,11.31,,,
[1758202925147585516],0.697,-0.285,11.121,,,
[1758202925152897339],0.73,-0.136,11.38,,,
[1758202925159117808],0.658,-0.098,11.334,,,
[1758202925165453589],0.795,-0.12,11.487,,,
[1758202925171986819],0.79,-0.151,11.428,,,
[1758202925177184579],0.819,-0.074,11.238,,,
[1758202925183424891],0.658,-0.105,11.315,,,
[1758202925189854735],0.828,-0.124,11.267,,,
[1758202925195063589],0.675,-0.146,11.219,,,
[1758202925200210569],0.895,-0.055,11.368,,,
[1758202925205330985],0.709,-0.069,11.346,,,
[1758202925210460569],0.802,-0.285,11.55,,,
[1758202925215546923],0.632,-0.134,11.406,,,
[1758202925220742964],0.639,0.002,11.229,,,
[1758202925225844735],0.86,-0.156,11.387,,,
[1758202925230958694],0.771,-0.057,11.281,,,
[1758202925236104787],0.778,-0.091,11.289,,,
[1758202925241201089],0.869,-0.113,11.36,,,
[1758202925246282964],0.883,-0.11,11.26,,,
[1758202925251410308],0.678,-0.098,11.248,,,
[1758202925256491558],0.898,-0.182,11.238,,,
[1758202925261575048],0.649,-0.136,11.43,,,
[1758202925266659787],0.826,-0.124,11.375,,,
[1758202925271823850],0.84,-0.124,11.315,,,
[1758202925277234058],0.797,-0.136,11.442,,,
[1758202925282381506],0.852,-0.074,11.399,,,
[1758202925287462964],0.962,-0.146,11.461,,,
[1758202925292560256],0.85,-0.031,11.416,,,
[1758202925297629423],0.716,-0.019,11.471,,,
[1758202925303817131],0.627,-0.045,11.073,,,
[1758202925310328954],0.804,-0.139,11.2,,,
[1758202925316630152],0.754,-0.127,11.049,,,
[1758202925321885777],0.778,-0.014,11.36,,,
[1758202925326967287],0.757,-0.038,11.396,,,
[1758202925332074423],0.745,-0.022,11.392,,,
[1758202925337144527],0.869,-0.029,11.301,,,
[1758202925342228485],0.828,-0.101,11.236,,,
[1758202925347306193],0.8,-0.053,11.442,,,
[1758202925352446558],0.79,-0.17,11.281,,,
[1758202925357537808],0.881,-0.124,11.471,,,
[1758202925362721037],0.742,-0.115,11.265,,,
[1758202925367810360],0.895,-0.273,11.404,,,
[1758202925372995412],0.871,-0.065,11.315,,,
[1758202925378077183],0.74,-0.043,11.425,,,
[1758202925384490829],0.809,-0.144,11.492,,,
[1758202925389706037],0.848,-0.096,11.413,,,
[1758202925394814579],0.843,-0.113,11.538,,,
[1758202925399883537],0.764,-0.153,11.437,,,
[1758202925404981610],0.747,-0.081,11.291,,,
[1758202925410058850],0.927,-0.101,11.332,,,
[1758202925416477808],0.62,-0.242,11.459,,,
[1758202925421740516],0.867,-0.089,11.155,,,
[1758202925426817964],0.826,-0.108,11.377,,,
[1758202925431887079],0.778,-0.084,11.365,,,
[1758202925436948381],0.661,-0.086,11.478,,,
[1758202925442045100],0.764,-0.038,11.317,,,
[1758202925447139475],0.788,-0.192,11.629,,,
[1758202925452271871],0.778,-0.132,11.231,,,
[1758202925457371141],0.936,0.065,11.219,,,
[1758202925462552912],0.673,-0.062,11.451,,,
[1758202925467640152],0.769,-0.038,11.289,,,
[1758202925472818121],0.862,-0.108,11.344,,,
[1758202925477913485],0.862,-0.093,11.224,,,
[1758202925482996298],0.646,-0.115,11.145,,,
[1758202925488077808],0.702,-0.139,11.356,,,
[1758202925493728485],0.9,-0.043,11.444,,,
[1758202925498842027],0.781,-0.029,11.317,,,
[1758202925503944996],0.919,-0.285,11.413,,,
[1758202925509016766],0.802,-0.012,11.368,,,
[1758202925514114266],0.905,-0.096,11.456,,,
[1758202925519203902],0.769,-0.067,11.439,,,
[1758202925524668641],0.816,-0.11,11.387,,,
[1758202925529750360],0.745,-0.029,11.346,,,
[1758202925534898693],0.833,-0.103,11.447,,,
[1758202925540175516],0.821,0.132,11.301,,,
[1758202925545289839],0.757,-0.105,11.305,,,
[1758202925550427443],0.797,0.029,11.442,,,
[1758202925555534370],0.893,-0.146,11.281,,,
[1758202925560675152],0.778,-0.105,11.26,,,
[1758202925565753225],0.804,-0.134,11.471,,,
[1758202925570975568],0.845,-0.007,11.224,,,
[1758202925576088016],0.699,-0.022,11.37,,,
[1758202925581270464],0.879,-0.072,11.315,,,
[1758202925586351870],0.704,-0.12,11.186,,,
[1758202925591450777],0.649,-0.065,11.205,,,
[1758202925596584110],0.814,-0.057,11.317,,,
[1758202925602163589],0.79,-0.002,11.396,,,
[1758202925607284318],0.766,-0.048,11.413,,,
[1758202925612419214],0.852,-0.129,11.327,,,
[1758202925617540620],0.807,-0.079,11.145,,,
[1758202925623824475],0.634,-0.043,11.303,,,
[1758202925629058641],0.814,-0.065,11.538,,,
[1758202925634487183],0.883,-0.101,11.219,,,
[1758202925639578954],0.757,-0.124,11.246,,,
[1758202925644686245],0.898,-0.057,11.394,,,
[1758202925649753693],0.797,-0.031,11.258,,,
[1758202925654838381],0.737,-0.132,11.358,,,
[1758202925659923433],0.651,-0.115,11.408,,,
[1758202925665065829],0.709,-0.091,11.308,,,
[1758202925670362391],0.881,-0.091,11.329,,,
[1758202925676807287],0.625,-0.074,11.224,,,
[1758202925682034370],0.745,-0.05,11.253,,,
[1758202925687108850],0.654,-0.244,11.399,,,
[1758202925692209162],0.84,-0.084,11.286,,,
[1758202925697273641],0.912,-0.148,11.253,,,
[1758202925702370933],0.752,-0.105,11.339,,,
[1758202925707453850],0.778,-0.077,11.322,,,
[1758202925712874423],0.788,-0.129,11.466,,,
[1758202925718045725],0.792,-0.096,11.262,,,
[1758202925723362235],0.804,-0.237,11.461,,,
[1758202925728469423],0.541,-0.132,11.284,,,
[1758202925733617443],0.792,-0.036,11.363,,,
[1758202925738742235],0.826,-0.031,11.389,,,
[1758202925744239787],0.893,-0.156,11.401,,,
[1758202925749414631],0.804,-0.294,11.274,,,
[1758202925754565204],1.025,-0.129,11.387,,,
[1758202925759660412],0.795,-0.084,11.286,,,
[1758202925764897495],0.694,-0.168,11.401,,,
[1758202925769982079],0.922,-0.156,11.466,,,
[1758202925775285100],1.02,-0.024,11.423,,,
[1758202925780497600],0.867,-0.11,11.334,,,
[1758202925785658485],0.824,-0.273,11.231,,,
[1758202925790766402],0.706,-0.084,11.341,,,
[1758202925795887027],0.735,-0.165,11.356,,,
[1758202925801037131],0.625,-0.23,11.317,,,
[1758202925806271610],0.692,-0.113,11.399,,,
[1758202925811380985],0.919,-0.113,11.337,,,
[1758202925816528850],0.771,-0.12,11.435,,,
[1758202925822067547],0.749,-0.141,11.36,,,
[1758202925827192600],0.673,-0.18,11.25,,,
[1758202925832298850],0.749,-0.139,11.353,,,
[1758202925837415516],0.919,-0.115,11.468,,,
[1758202925842555100],0.788,-0.192,11.478,,,
[1758202925847764527],0.613,-0.223,11.195,,,
[1758202925853289318],0.742,-0.127,11.262,,,
[1758202925858403381],0.824,-0.158,11.48,,,
[1758202925863538485],0.843,-0.036,11.133,,,
[1758202925868616506],0.814,-0.113,11.293,,,
[1758202925873787652],0.773,-0.043,11.255,,,
[1758202925878918172],0.706,-0.103,11.38,,,
[1758202925884032183],0.797,-0.038,11.258,,,
[1758202925889174162],0.637,-0.079,11.293,,,
[1758202925894404006],0.804,-0.273,11.444,,,
[1758202925899540516],1.022,-0.165,11.262,,,
[1758202925904650516],0.759,-0.134,11.471,,,
[1758202925909732391],0.814,-0.113,11.396,,,
[1758202925914851402],0.852,-0.11,11.471,,,
[1758202925919984735],0.766,-0.144,11.229,,,
[1758202925926375933],0.781,-0.007,11.281,,,
[1758202925932760933],0.62,-0.06,11.258,,,
[1758202925937968433],0.745,-0.103,11.226,,,
[1758202925943055829],0.773,-0.045,11.198,,,
[1758202925948180412],0.934,-0.297,11.509,,,
[1758202925953294787],1.063,0.077,11.473,,,
[1758202925959453068],0.776,-0.036,11.332,,,
[1758202925965882652],0.792,-0.146,11.262,,,
[1758202925971149839],0.702,-0.113,11.016,,,
[1758202925976234683],0.764,-0.089,11.382,,,
[1758202925981330777],0.874,-0.06,11.267,,,
