timestamp,x1,y1,z1,x2,y2,z2
[1758214223181013147],9.251,-4.879,2.136,,,
[1758214223186136689],9.012,-4.539,1.745,,,
[1758214223191290022],9.457,-4.614,2.227,,,
[1758214223196553564],9.062,-4.506,2.236,,,
[1758214223201641428],9.414,-4.652,2.076,,,
[1758214223206754293],9.266,-4.432,2.203,,,
[1758214223211894658],9.773,-4.599,2.176,,,
[1758214223217067262],9.153,-4.331,2.162,,,
[1758214223222297939],9.998,-4.408,2.255,,,
[1758214223227945231],9.258,-4.173,1.97,,,
[1758214223233094137],10.046,-4.405,2.047,,,
[1758214223238193147],9.124,-4.147,2.116,,,
[1758214223243352314],10.341,-4.262,2.167,,,
[1758214223248502158],9.433,-3.958,2.157,,,
[1758214223253689085],10.412,-4.116,2.334,,,
[1758214223258809293],9.38,-3.843,2.488,,,
[1758214223263959814],10.185,-3.953,2.428,,,
[1758214223269263981],9.541,-3.886,2.382,,,
[1758214223274484970],10.187,-3.685,2.521,,,
[1758214223279620074],9.455,-3.905,2.456,,,
[1758214223284766272],10.185,-3.79,2.318,,,
[1758214223292340960],10.326,-4.034,2.342,,,
[1758214223297894293],9.301,-3.689,2.363,,,
[1758214223303077470],10.384,-3.926,2.332,,,
[1758214223308200803],9.371,-3.871,2.181,,,
[1758214223313336428],10.561,-3.984,2.231,,,
[1758214223318435439],9.498,-3.962,2.294,,,
[1758214223323542001],10.367,-4.166,2.188,,,
[1758214223328674345],9.428,-4.029,2.294,,,
[1758214223334125335],10.422,-4.094,2.471,,,
[1758214223339262887],9.498,-3.979,2.306,,,
[1758214223344545908],9.926,-4.044,2.064,,,
[1758214223349650491],9.349,-4.022,2.004,,,
[1758214223354783876],9.965,-3.893,2.215,,,
[1758214223359881949],9.347,-4.168,2.447,,,
[1758214223365002210],9.893,-4.128,2.061,,,
[1758214223370096012],9.151,-4.214,2.277,,,
[1758214223375204345],9.582,-4.231,2.198,,,
[1758214223380392418],9.117,-4.403,2.114,,,
[1758214223385656533],9.335,-4.403,1.738,,,
[1758214223390775960],9.369,-4.537,2.076,,,
[1758214223396377105],9.33,-4.499,1.717,,,
[1758214223401561012],9.462,-4.65,2.097,,,
[1758214223406678460],8.885,-4.614,1.927,,,
[1758214223411763303],9.649,-4.69,1.867,,,
[1758214223416886376],8.643,-4.695,1.956,,,
[1758214223421978876],9.603,-4.841,1.968,,,
[1758214223427129814],8.672,-4.659,1.8,,,
[1758214223432295699],9.479,-4.769,2.126,,,
[1758214223441926793],9.301,-5.011,2.102,,,
[1758214223447164241],8.459,-4.82,1.721,,,
[1758214223452364762],9.064,-4.805,2.021,,,
[1758214223457482991],8.543,-4.999,2.174,,,
[1758214223462634345],9.242,-5.109,2.037,,,
[1758214223467750491],8.578,-5.021,1.733,,,
[1758214223473031376],9.321,-5.179,1.891,,,
[1758214223478792418],8.394,-4.951,1.961,,,
[1758214223485432105],8.815,-4.937,1.846,,,
[1758214223490673355],8.583,-5.155,1.846,,,
[1758214223495884553],8.976,-4.975,1.695,,,
[1758214223502402105],9.246,-5.15,2.054,,,
[1758214223508794762],8.399,-4.932,1.776,,,
[1758214223514042470],9.225,-4.934,1.829,,,
[1758214223519182262],8.42,-4.882,1.76,,,
[1758214223524313772],9.201,-4.812,1.999,,,
[1758214223529428668],8.605,-4.752,1.97,,,
[1758214223534554501],9.402,-4.764,1.932,,,
[1758214223539677158],8.531,-4.681,2.112,,,
[1758214223546197314],8.93,-4.657,2.119,,,
[1758214223551426897],9.673,-4.769,2.179,,,
[1758214223556533512],8.95,-4.554,1.973,,,
[1758214223561643303],9.515,-4.654,2.064,,,
[1758214223566779658],9.105,-4.413,2.373,,,
[1758214223571890543],9.764,-4.736,2.466,,,
[1758214223576973772],9.139,-4.487,2.284,,,
[1758214223582059449],9.543,-4.441,2.456,,,
[1758214223587191533],9.088,-4.25,2.126,,,
[1758214223592414710],9.96,-4.302,2.181,,,
[1758214223597654605],9.309,-4.149,2.255,,,
[1758214223602833199],9.984,-4.343,2.411,,,
[1758214223608342157],9.165,-4.166,2.342,,,
[1758214223613441897],10.247,-4.286,2.227,,,
[1758214223618534814],9.407,-3.926,2.198,,,
[1758214223623668720],10.451,-3.85,2.219,,,
[1758214223628766324],9.27,-3.768,2.296,,,
[1758214223633842418],10.271,-3.922,2.397,,,
[1758214223638947470],9.601,-3.766,2.538,,,
[1758214223644182053],10.434,-3.867,2.205,,,
[1758214223649468512],9.692,-3.903,2.495,,,
[1758214223654984762],10.044,-3.809,2.143,,,
[1758214223660148564],9.582,-3.943,2.32,,,
[1758214223665255647],10.218,-3.627,2.258,,,
[1758214223670370491],9.479,-3.943,2.423,,,
[1758214223675559137],9.938,-3.766,2.363,,,
[1758214223680651689],10.106,-3.967,2.516,,,
[1758214223685771376],9.9,-3.847,2.195,,,
[1758214223690974814],10.195,-4.252,2.433,,,
[1758214223696220126],9.867,-3.958,2.251,,,
[1758214223701385803],9.962,-4.183,2.296,,,
[1758214223706518095],9.764,-3.879,2.107,,,
[1758214223711641585],10.032,-4.125,2.054,,,
[1758214223717127210],9.177,-4.013,1.858,,,
[1758214223722308460],9.711,-4.254,2.368,,,
[1758214223727434762],9.079,-4.183,2.121,,,
[1758214223732604032],9.826,-4.345,2.025,,,
[1758214223737677522],8.935,-4.341,2.042,,,
[1758214223742899866],9.938,-4.523,2.164,,,
[1758214223748017678],8.772,-4.159,1.841,,,
[1758214223753133980],9.814,-4.489,2.052,,,
[1758214223758377157],8.679,-4.532,1.98,,,
[1758214223764933616],9.469,-4.53,1.913,,,
[1758214223770150230],9.036,-4.702,2.088,,,
[1758214223775239293],9.086,-4.884,1.729,,,
[1758214223780362262],8.866,-4.863,1.86,,,
[1758214223785524605],9.064,-4.638,1.784,,,
[1758214223790648824],9.024,-4.872,1.803,,,
[1758214223795863824],9.158,-4.843,1.647,,,
[1758214223800979553],9.036,-4.99,1.736,,,
[1758214223806163095],8.665,-4.772,1.647,,,
[1758214223811402418],9.05,-5.112,1.81,,,
[1758214223816550543],8.461,-4.831,1.992,,,
[1758214223821708668],9.084,-5.069,1.942,,,
[1758214223828332001],8.37,-5.037,1.618,,,
[1758214223833634084],9.424,-5.181,1.741,,,
[1758214223838791428],8.159,-4.98,1.736,,,
[1758214223845602522],8.973,-4.958,1.798,,,
[1758214223850832626],8.626,-5.097,1.908,,,
[1758214223855988512],8.938,-4.975,1.812,,,
[1758214223861089501],8.686,-5.1,2.14,,,
[1758214223866229084],8.389,-4.934,1.946,,,
[1758214223872894293],9.234,-5.186,1.753,,,
[1758214223878139553],8.514,-4.731,1.779,,,
[1758214223883232157],9.299,-4.93,1.539,,,
[1758214223888323459],8.475,-4.951,2.049,,,
[1758214223893540230],9.428,-4.987,1.896,,,
[1758214223898648772],8.509,-4.626,1.927,,,
[1758214223903720439],9.38,-4.891,2.028,,,
[1758214223908801949],8.44,-4.891,1.7,,,
[1758214223913964345],9.761,-4.774,2.069,,,
[1758214223919163824],8.739,-4.611,2.071,,,
[1758214223924284970],9.752,-4.511,2.253,,,
[1758214223929408616],8.94,-4.506,2.433,,,
[1758214223936933407],9.131,-4.389,1.994,,,
[1758214223942445282],9.869,-4.599,2.274,,,
[1758214223947647782],9.002,-4.302,2.373,,,
[1758214223952824814],9.984,-4.496,2.212,,,
[1758214223957952522],8.964,-4.142,2.363,,,
[1758214223963068147],10.18,-4.413,2.251,,,
[1758214223968177209],9.124,-4.221,1.98,,,
[1758214223973308459],10.123,-4.108,2.236,,,
[1758214223979771741],9.471,-4.082,2.617,,,
[1758214223985021584],10.06,-3.943,2.385,,,
[1758214223990152366],9.481,-3.994,2.559,,,
[1758214223995370647],10.144,-3.893,2.265,,,
[1758214224000497366],9.376,-3.977,2.514,,,
[1758214224005622782],9.979,-3.852,2.33,,,
[1758214224010730126],9.943,-3.893,2.507,,,
[1758214224015939137],9.694,-3.541,2.167,,,
[1758214224021059970],10.077,-3.984,2.334,,,
[1758214224026253616],10.113,-3.85,2.289,,,
[1758214224031362678],9.998,-3.998,2.492,,,
[1758214224036498928],9.931,-3.78,2.392,,,
[1758214224041994970],10.302,-3.929,2.461,,,
[1758214224047193928],9.459,-3.73,2.277,,,
[1758214224052365907],10.41,-4.051,2.286,,,
[1758214224057498928],9.448,-3.972,2.354,,,
[1758214224062634032],10.166,-4.302,2.181,,,
[1758214224067729657],9.407,-4.085,2.195,,,
[1758214224072903616],10.106,-4.118,2.291,,,
[1758214224078016116],9.115,-3.912,1.949,,,
[1758214224083165855],10.077,-4.245,2.246,,,
[1758214224088755230],9.021,-4.032,2.308,,,
[1758214224093964501],9.931,-4.099,1.851,,,
[1758214224099109189],9.079,-4.262,2.004,,,
[1758214224104249397],9.653,-4.331,2.054,,,
[1758214224109409918],8.983,-4.207,2.133,,,
[1758214224114513980],9.843,-4.566,2.078,,,
[1758214224119628668],8.787,-4.341,2.148,,,
[1758214224124817105],9.507,-4.523,1.978,,,
[1758214224130044241],9.139,-4.597,2.143,,,
[1758214224135177886],9.261,-4.511,1.7,,,
[1758214224140290282],8.969,-4.899,1.882,,,
[1758214224145582001],9.218,-4.647,1.93,,,
[1758214224151128876],9.213,-4.906,2.018,,,
[1758214224156258355],8.887,-4.712,1.544,,,
[1758214224161366324],9.222,-4.98,2.016,,,
[1758214224166546272],8.593,-4.829,1.877,,,
[1758214224171679241],9.143,-5.028,1.686,,,
[1758214224176760386],8.586,-4.762,1.834,,,
[1758214224181892991],9.163,-4.853,2.234,,,
[1758214224187086741],8.399,-4.913,2.083,,,
[1758214224192410907],9.263,-5.006,1.69,,,
[1758214224198093199],8.401,-4.949,1.942,,,
[1758214224203718303],9.438,-5.205,1.982,,,
[1758214224208923147],8.507,-5.076,1.748,,,
[1758214224214543303],9.148,-5.037,1.693,,,
[1758214224219704241],8.562,-4.913,1.927,,,
[1758214224224785386],9.141,-5.021,1.712,,,
[1758214224229902053],8.552,-4.93,1.815,,,
[1758214224235065699],9.112,-4.999,1.887,,,
[1758214224240329397],8.578,-4.98,2.03,,,
[1758214224245558043],8.993,-4.822,1.978,,,
[1758214224250709449],9.033,-4.973,1.99,,,
[1758214224257123095],8.71,-4.851,1.894,,,
[1758214224263595751],9.582,-4.843,2.04,,,
[1758214224268829293],8.679,-4.796,1.848,,,
[1758214224273983511],9.689,-4.887,2.085,,,
[1758214224279094866],8.88,-4.69,2.265,,,
[1758214224284230699],9.692,-4.712,2.334,,,
[1758214224289396011],8.93,-4.592,2.215,,,
[1758214224294594293],9.483,-4.549,2.191,,,
[1758214224299726376],9.124,-4.482,2.198,,,
[1758214224305203980],9.706,-4.329,2.164,,,
[1758214224310411949],9.297,-4.422,2.365,,,
[1758214224315493772],9.773,-4.372,2.128,,,
[1758214224320593147],9.778,-4.36,2.519,,,
[1758214224325739449],9.708,-4.082,2.337,,,
[1758214224330845959],9.814,-4.278,2.179,,,
[1758214224335990543],9.629,-3.833,2.207,,,
[1758214224341119397],9.862,-4.403,2.322,,,
[1758214224346383355],9.893,-3.946,2.365,,,
[1758214224351622053],10.068,-4.017,2.521,,,
[1758214224356775647],9.318,-3.903,2.078,,,
[1758214224363401845],10.393,-4.111,2.234,,,
[1758214224368640491],9.301,-3.836,2.363,,,
[1758214224373724813],10.527,-3.917,2.586,,,
[1758214224378805751],9.407,-3.773,2.5,,,
[1758214224383940386],10.295,-3.836,2.255,,,
[1758214224389054032],9.45,-3.97,2.205,,,
[1758214224394253355],10.379,-3.926,2.286,,,
[1758214224399371324],9.392,-3.934,2.459,,,
[1758214224404605699],10.302,-3.893,2.559,,,
[1758214224409917470],9.574,-3.936,2.44,,,
[1758214224415453980],9.874,-3.886,2.356,,,
[1758214224420544605],9.68,-3.869,2.219,,,
[1758214224425669345],9.778,-4.101,2.061,,,
[1758214224430754293],9.878,-4.087,2.258,,,
[1758214224435918928],9.529,-3.962,1.925,,,
[1758214224440991949],9.91,-4.252,1.841,,,
[1758214224446128251],9.503,-3.943,2.186,,,
[1758214224451299553],9.725,-4.312,2.365,,,
[1758214224456583199],9.524,-4.027,2.035,,,
[1758214224461711480],9.673,-4.317,2.411,,,
[1758214224466861949],9.096,-4.19,2.071,,,
[1758214224472941897],9.922,-4.424,2.023,,,
[1758214224478074970],8.71,-4.29,2.128,,,
[1758214224483199918],9.687,-4.65,2.018,,,
[1758214224488302626],8.689,-4.35,1.671,,,
[1758214224493452001],9.661,-4.611,1.891,,,
[1758214224498619865],8.722,-4.772,1.903,,,
[1758214224503884345],9.531,-4.867,1.894,,,
[1758214224509016740],8.612,-4.762,1.786,,,
[1758214224514299761],9.196,-4.788,1.99,,,
[1758214224519412886],8.636,-4.831,1.846,,,
[1758214224525861740],8.935,-4.899,1.693,,,
[1758214224531062313],8.82,-4.932,1.8,,,
[1758214224536159345],9.031,-4.831,1.774,,,
[1758214224541267313],9.232,-5.061,1.925,,,
[1758214224546417834],8.679,-4.834,1.611,,,
[1758214224551549449],9.227,-5.095,1.745,,,
[1758214224556728251],8.645,-5.009,1.784,,,
[1758214224561909865],9.392,-5.1,1.784,,,
[1758214224567201480],8.61,-5.013,1.616,,,
[1758214224573358459],9.333,-5.1,1.863,,,
[1758214224578512470],8.248,-5.071,1.776,,,
[1758214224624435126],9.357,-4.803,2.054,,,
[1758214224629596740],8.835,-4.793,1.748,,,
[1758214224635977313],9.029,-4.69,1.966,,,
[1758214224641202990],9.29,-4.633,2.1,,,
[1758214224646320751],8.93,-4.535,2.054,,,
[1758214224651417574],9.376,-4.662,2.191,,,
[1758214224656607730],9.251,-4.439,2.191,,,
[1758214224661699188],9.735,-4.571,2.394,,,
[1758214224666804397],8.911,-4.243,2.248,,,
[1758214224671907938],9.917,-4.322,2.444,,,
[1758214224677076688],9.182,-4.144,2.148,,,
[1758214224682693042],9.9,-4.489,2.033,,,
[1758214224687855647],9.072,-4.207,2.047,,,
[1758214224692777678],10.254,-4.369,2.064,,,
[1758214224697358772],9.155,-4.065,2.145,,,
[1758214224702010386],9.998,-4.123,2.365,,,
[1758214224706580386],9.321,-4.075,2.176,,,
[1758214224711099397],9.843,-4.027,2.591,,,
[1758214224715636845],9.859,-3.752,2.289,,,
[1758214224720182782],9.507,-3.891,2.37,,,
[1758214224724814188],9.816,-3.912,2.188,,,
[1758214224729324084],9.596,-3.874,2.382,,,
[1758214224733837261],10.19,-3.903,2.447,,,
[1758214224738353720],9.51,-3.907,2.392,,,
[1758214224742884709],10.297,-3.982,2.255,,,
[1758214224747406324],9.459,-3.843,2.162,,,
[1758214224752287574],10.144,-4.132,2.239,,,
[1758214224756897626],9.383,-3.804,2.387,,,
[1758214224761407209],10.195,-4.015,2.547,,,
[1758214224765966480],9.905,-4.061,2.286,,,
[1758214224770472105],10.108,-4.053,2.356,,,
[1758214224775018563],9.955,-3.977,2.167,,,
[1758214224779546792],9.941,-4.063,2.313,,,
[1758214224784102782],10.348,-4.113,2.43,,,
[1758214224788610751],9.459,-3.941,2.291,,,
[1758214224793511532],10.19,-4.013,2.155,,,
[1758214224798755282],9.256,-3.864,2.241,,,
[1758214224805311272],9.785,-3.946,1.968,,,
[1758214224810536167],9.541,-4.027,2.356,,,
[1758214224815623095],9.536,-4.18,2.404,,,
[1758214224820719240],9.278,-4.247,1.954,,,
[1758214224825873563],9.524,-4.283,1.966,,,
[1758214224830982105],9.397,-4.489,2.456,,,
[1758214224836090022],9.225,-4.223,1.982,,,
[1758214224841187834],9.608,-4.422,2.004,,,
[1758214224846385438],8.971,-4.374,1.932,,,
[1758214224851574865],9.495,-4.642,1.841,,,
[1758214224856782990],8.835,-4.422,1.937,,,
[1758214224863472990],9.708,-4.863,2.033,,,
[1758214224868705907],8.875,-4.597,1.877,,,
[1758214224873801532],9.594,-4.92,1.76,,,
[1758214224878884917],8.691,-4.621,1.848,,,
[1758214224884001011],9.582,-4.951,1.808,,,
[1758214224889123980],8.686,-4.872,1.891,,,
[1758214224894296428],9.464,-4.855,1.743,,,
[1758214224899423147],8.533,-4.918,1.705,,,
[1758214224904673928],9.163,-4.752,2.021,,,
[1758214224910226532],8.485,-5.035,2.265,,,
[1758214224915341792],9.115,-4.851,1.774,,,
[1758214224920442782],8.95,-4.985,2.061,,,
[1758214224925634240],8.83,-4.863,1.846,,,
[1758214224930836584],9.081,-5.207,2.081,,,
[1758214224936621115],8.428,-4.968,1.939,,,
[1758214224941728772],8.995,-5.145,1.853,,,
[1758214224946874605],8.334,-5.052,1.638,,,
[1758214224952090855],9.103,-5.21,2.267,,,
[1758214224957306167],8.554,-4.875,1.741,,,
[1758214224962503199],9.242,-5.152,1.994,,,
[1758214224968912522],8.519,-4.968,1.841,,,
[1758214224974124553],9.206,-4.774,1.872,,,
[1758214224979211324],8.48,-4.784,1.607,,,
[1758214224984345334],9.493,-5.045,1.757,,,
[1758214224989452730],8.454,-4.87,2.088,,,
[1758214224994590178],9.603,-4.63,2.119,,,
[1758214224999712626],9.076,-4.717,2.344,,,
[1758214225004930126],9.345,-4.7,2.018,,,
[1758214225010108563],9.007,-4.717,1.97,,,
[1758214225015703459],9.349,-4.432,2.037,,,
[1758214225020813772],9.584,-4.547,2.227,,,
[1758214225025897469],9.134,-4.424,2.059,,,
[1758214225030998876],9.534,-4.432,2.289,,,
[1758214225036133928],9.426,-4.357,2.181,,,
[1758214225041272365],9.656,-4.566,2.478,,,
[1758214225046389344],9.313,-4.355,2.27,,,
[1758214225051546897],9.73,-4.417,2.191,,,
[1758214225056833094],9.527,-4.185,2.425,,,
[1758214225062012886],10.19,-4.259,2.5,,,
[1758214225067128407],9.311,-4.008,2.375,,,
[1758214225072311897],10.206,-4.35,2.169,,,
[1758214225078825647],9.373,-4.049,2.375,,,
[1758214225084023824],10.372,-3.919,2.31,,,
[1758214225089146688],9.467,-3.924,2.401,,,
[1758214225094273147],10.113,-3.912,2.212,,,
[1758214225099402626],9.45,-3.867,2.444,,,
[1758214225104556115],10.274,-3.967,2.591,,,
[1758214225109653251],9.517,-3.895,2.342,,,
[1758214225114797678],10.4,-3.847,2.342,,,
[1758214225119979396],9.414,-3.9,2.579,,,
[1758214225125555751],9.864,-3.754,2.464,,,
[1758214225130703303],9.929,-3.836,2.502,,,
[1758214225135815907],9.914,-3.915,2.356,,,
[1758214225140957574],9.799,-4.07,2.344,,,
[1758214225146096636],10.094,-3.903,2.184,,,
[1758214225151200959],10.18,-4.044,2.229,,,
[1758214225156429553],9.445,-3.85,1.925,,,
[1758214225161561532],9.969,-4.065,2.219,,,
[1758214225166703928],9.436,-3.958,1.951,,,
[1758214225171946896],10.07,-4.075,2.124,,,
[1758214225177033459],9.22,-4.085,2.274,,,
[1758214225182187626],9.876,-4.254,2.49,,,
[1758214225187732001],8.744,-4.116,2.234,,,
[1758214225192901011],9.924,-4.365,2.313,,,
[1758214225198011011],8.938,-4.278,2.114,,,
[1758214225203198511],9.828,-4.314,2.095,,,
[1758214225208299657],9.031,-4.262,1.894,,,
[1758214225213432782],9.843,-4.508,2.131,,,
[1758214225218558563],8.873,-4.556,1.903,,,
[1758214225223737417],9.797,-4.647,1.915,,,
[1758214225228916271],8.827,-4.688,1.987,,,
[1758214225234494813],9.452,-4.7,1.559,,,
[1758214225239608824],8.844,-4.659,1.86,,,
[1758214225244687834],9.23,-4.784,1.841,,,
[1758214225249788459],8.851,-4.961,2.112,,,
[1758214225255020959],9.139,-4.776,2.128,,,
[1758214225260170230],8.988,-5.006,1.884,,,
[1758214225265257782],9.27,-4.748,1.879,,,
[1758214225270448615],8.878,-4.978,2.028,,,
[1758214225275651740],8.806,-4.889,1.963,,,
[1758214225280820230],9.019,-5.112,1.839,,,
[1758214225285947678],8.667,-4.784,2.121,,,
[1758214225291093251],8.964,-5.102,2.143,,,
[1758214225297136740],8.363,-4.911,1.827,,,
[1758214225303949865],9.361,-5.011,1.583,,,
[1758214225309910438],8.495,-5.179,1.891,,,
[1758214225315100907],8.969,-4.992,1.987,,,
[1758214225320208303],8.521,-5.066,1.743,,,
[1758214225325364032],9.141,-4.757,1.633,,,
[1758214225330476844],8.669,-5.1,1.973,,,
[1758214225335607886],8.899,-4.729,1.851,,,
[1758214225341828667],9.361,-4.872,2.191,,,
[1758214225347339448],8.586,-4.839,1.695,,,
[1758214225352683876],9.273,-4.884,1.901,,,
[1758214225357866480],8.363,-4.736,2.126,,,
[1758214225362988511],9.591,-4.894,2.26,,,
[1758214225368095334],8.655,-4.587,2.212,,,
[1758214225373236532],9.651,-4.645,2.006,,,
[1758214225378335282],8.875,-4.525,2.021,,,
[1758214225383507417],9.905,-4.602,2.191,,,
[1758214225388735178],8.806,-4.456,2.21,,,
[1758214225393830021],9.869,-4.389,2.239,,,
[1758214225398953355],9.208,-4.341,2.248,,,
[1758214225404464292],9.864,-4.429,2.361,,,
[1758214225409622990],9.194,-4.192,2.354,,,
[1758214225414771063],9.895,-4.085,2.15,,,
[1758214225419881271],9.055,-4.319,2.339,,,
[1758214225425063459],9.828,-4.085,2.176,,,
[1758214225430352209],9.608,-4.231,2.411,,,
[1758214225435507001],9.953,-4.017,2.203,,,
[1758214225443264605],10.24,-4.245,2.035,,,
[1758214225448394969],9.251,-3.871,2.286,,,
[1758214225454722417],10.209,-3.891,2.267,,,
[1758214225460286480],9.857,-4.02,2.567,,,
[1758214225465450230],9.984,-3.979,2.5,,,
[1758214225470555803],9.811,-3.809,2.595,,,
[1758214225475703303],9.919,-3.737,2.219,,,
[1758214225480806480],9.833,-3.96,2.504,,,
[1758214225485931844],9.986,-3.881,2.1,,,
[1758214225491023355],10.099,-4.013,2.162,,,
[1758214225496244813],10.008,-3.871,2.076,,,
[1758214225501501323],10.118,-3.867,2.263,,,
[1758214225506819344],9.517,-3.824,2.382,,,
[1758214225513388251],10.388,-4.101,2.516,,,
[1758214225518619761],9.414,-3.883,2.195,,,
[1758214225523746063],10.3,-4.037,2.308,,,
[1758214225528855855],9.242,-3.922,2.181,,,
[1758214225534032105],10.209,-4.061,2.385,,,
[1758214225539143823],9.323,-3.974,2.291,,,
[1758214225544228042],10.003,-4.228,2.346,,,
[1758214225549339084],9.057,-4.302,2.164,,,
[1758214225554578823],9.878,-4.183,2.03,,,
[1758214225559774761],9.318,-4.365,2.291,,,
[1758214225565440073],9.658,-4.207,1.923,,,
[1758214225570643146],9.747,-4.417,2.121,,,
[1758214225575739240],9.416,-4.326,2.066,,,
[1758214225580874761],9.404,-4.705,2.054,,,
[1758214225586047521],9.122,-4.597,1.985,,,
[1758214225591125803],9.407,-4.724,2.078,,,
[1758214225596204084],9.088,-4.887,1.879,,,
[1758214225601391896],9.488,-4.848,1.999,,,
[1758214225606693980],8.657,-4.506,1.908,,,
[1758214225611898407],9.414,-4.992,1.693,,,
[1758214225617046375],8.521,-4.858,1.978,,,
[1758214225622572573],9.498,-4.966,1.944,,,
[1758214225627717417],8.325,-4.927,1.942,,,
[1758214225632899813],9.237,-5.03,1.927,,,
[1758214225638028719],8.459,-4.86,2.128,,,
[1758214225643161636],9.414,-4.915,2.229,,,
[1758214225648283667],8.322,-4.848,1.913,,,
[1758214225654718563],9.215,-4.944,1.712,,,
[1758214225659982678],8.684,-4.98,1.968,,,
[1758214225667916063],8.327,-4.961,1.956,,,
[1758214225673344292],9.345,-5.083,1.772,,,
[1758214225678504500],8.322,-5.04,1.858,,,
[1758214225683627730],9.311,-5.179,1.765,,,
[1758214225688726636],8.315,-4.975,1.985,,,
[1758214225693828511],9.234,-5.054,1.942,,,
[1758214225698950178],8.464,-4.975,1.978,,,
[1758214225704138250],9.158,-5.03,2.09,,,
[1758214225709247105],8.588,-4.724,1.779,,,
[1758214225714450646],9.488,-4.867,1.52,,,
[1758214225719666115],8.636,-4.93,2.004,,,
[1758214225724821063],9.359,-4.647,2.143,,,
[1758214225732363771],9.644,-4.786,2.44,,,
[1758214225737898094],8.789,-4.58,2.258,,,
[1758214225743031896],9.761,-4.736,1.994,,,
[1758214225748119500],8.873,-4.487,2.047,,,
[1758214225753286167],9.912,-4.482,2.109,,,
[1758214225758374813],9.014,-4.405,2.071,,,
[1758214225763519917],9.838,-4.511,2.296,,,
[1758214225768632261],9.007,-4.415,2.368,,,
[1758214225774072886],9.965,-4.288,2.219,,,
[1758214225779325125],9.378,-4.257,2.449,,,
[1758214225784515855],9.855,-4.31,2.327,,,
[1758214225789620698],9.301,-4.228,2.437,,,
[1758214225794777782],9.984,-4.061,2.272,,,
[1758214225799896896],9.474,-4.02,2.591,,,
[1758214225805088459],10.07,-4.041,2.227,,,
[1758214225810204032],9.376,-4.092,2.442,,,
[1758214225815349396],9.725,-3.881,2.014,,,
[1758214225820558250],9.874,-3.926,2.236,,,
[1758214225825714448],9.924,-3.771,2.265,,,
[1758214225830827157],9.953,-4.008,2.377,,,
[1758214225836284396],9.876,-3.807,2.248,,,
[1758214225841392521],10.317,-3.764,2.31,,,
[1758214225846490855],9.661,-3.754,2.358,,,
[1758214225851688667],10.295,-3.931,2.598,,,
[1758214225856905802],9.61,-3.862,2.437,,,
[1758214225862000698],10.331,-4.128,2.337,,,
[1758214225867130594],9.433,-3.857,2.444,,,
[1758214225872395698],10.372,-4.058,2.313,,,
[1758214225878059240],9.383,-4.013,2.093,,,
[1758214225883516115],10.542,-4.073,2.212,,,
[1758214225888627000],9.469,-3.919,2.428,,,
[1758214225893803927],10.307,-4.092,2.227,,,
[1758214225898943146],9.345,-4.07,2.162,,,
[1758214225904170750],10.156,-3.998,2.274,,,
[1758214225909286896],9.1,-4.029,2.476,,,
[1758214225914435750],10.051,-4.132,2.306,,,
[1758214225919737105],9.402,-4.207,2.258,,,
[1758214225924882834],9.555,-4.228,1.946,,,
[1758214225929989344],9.194,-4.369,2.296,,,
[1758214225935215230],9.524,-4.331,2.078,,,
[1758214225940412730],9.285,-4.556,1.906,,,
[1758214225945914552],9.091,-4.305,1.755,,,
[1758214225951035386],9.433,-4.676,2.071,,,
[1758214225956255802],9.009,-4.53,1.765,,,
[1758214225961432052],9.117,-4.839,2.016,,,
[1758214225966652990],8.746,-4.638,1.908,,,
[1758214225971799032],9.285,-4.815,2.198,,,
[1758214225976933355],8.672,-4.623,1.858,,,
[1758214225982106063],9.483,-4.767,1.903,,,
[1758214225987233355],8.478,-4.879,1.686,,,
[1758214225993652000],9.433,-4.934,1.693,,,
[1758214225998928250],8.468,-4.865,1.856,,,
[1758214226004117938],9.074,-4.92,1.724,,,
[1758214226009214657],8.411,-5.006,1.774,,,
[1758214226014342417],9.194,-4.973,1.956,,,
[1758214226019449604],8.6,-4.812,1.839,,,
[1758214226024611219],9.242,-4.925,1.59,,,
[1758214226031439084],9.12,-5.203,1.925,,,
[1758214226036710907],8.684,-4.927,1.889,,,
[1758214226041799136],9.237,-5.145,1.781,,,
[1758214226046929500],8.727,-5.049,1.717,,,
[1758214226052437365],9.352,-4.925,2.076,,,
[1758214226057636219],8.291,-5.035,1.944,,,
[1758214226062776271],9.589,-5.021,2.076,,,
[1758214226067881636],8.181,-4.676,2.188,,,
[1758214226073042834],9.364,-4.949,1.724,,,
[1758214226078258719],8.499,-4.748,1.791,,,
[1758214226083381375],9.548,-4.997,1.942,,,
[1758214226088520490],8.389,-4.731,1.961,,,
[1758214226093653875],9.874,-4.717,2.064,,,
[1758214226100063719],8.868,-4.82,2.231,,,
[1758214226106435229],8.844,-4.602,1.896,,,
[1758214226111677521],9.534,-4.736,2.164,,,
[1758214226116791011],9.043,-4.405,2.246,,,
[1758214226121882729],9.768,-4.475,2.222,,,
[1758214226127008250],9.105,-4.401,2.258,,,
[1758214226132096844],9.946,-4.475,2.421,,,
[1758214226137221271],9.268,-4.266,2.279,,,
[1758214226142411427],10.089,-4.396,2.315,,,
[1758214226147581063],9.16,-4.283,2.172,,,
[1758214226152886740],9.96,-4.209,2.231,,,
[1758214226158426219],9.213,-4.087,2.042,,,
[1758214226163554657],10.307,-4.013,2.598,,,
[1758214226168670490],9.397,-3.931,2.416,,,
[1758214226173797625],10.259,-4.02,2.521,,,
[1758214226178902573],9.433,-3.979,2.557,,,
[1758214226184050334],10.391,-3.893,2.588,,,
[1758214226189197573],9.467,-3.821,2.629,,,
[1758214226194362625],10.4,-3.754,2.337,,,
[1758214226199744969],9.577,-3.946,2.459,,,
[1758214226205344240],9.972,-3.78,2.219,,,
[1758214226210467052],9.869,-3.843,2.5,,,
[1758214226215593667],9.833,-3.821,2.342,,,
[1758214226220698094],10.02,-3.967,2.289,,,
[1758214226225863511],9.783,-3.984,2.365,,,
[1758214226230958354],10.185,-4.082,2.442,,,
[1758214226236123667],9.764,-3.905,2.071,,,
[1758214226241232209],9.821,-4.07,2.274,,,
[1758214226246443927],9.957,-3.955,2.361,,,
[1758214226251615334],10.199,-4.137,2.406,,,
[1758214226256805386],9.175,-4.013,2.025,,,
[1758214226261952834],10.151,-4.243,2.241,,,
[1758214226267539031],9.285,-3.903,2.057,,,
[1758214226272769448],10.168,-4.281,2.14,,,
[1758214226277937000],8.94,-4.3,2.217,,,
[1758214226283058563],10.029,-4.312,2.069,,,
[1758214226288167469],8.89,-4.175,2.203,,,
[1758214226293276896],9.661,-4.381,2.44,,,
[1758214226298387938],8.624,-4.152,2.114,,,
[1758214226303661688],9.682,-4.745,2.095,,,
[1758214226308937521],8.691,-4.544,2.191,,,
[1758214226315462781],9.38,-4.515,2.205,,,
[1758214226320699188],9.191,-4.724,2.016,,,
[1758214226325812990],9.086,-4.664,1.877,,,
[1758214226330945959],9.019,-4.932,2.073,,,
[1758214226336097261],8.746,-4.647,1.743,,,
[1758214226341198615],9.313,-5.045,1.911,,,
[1758214226346323511],8.892,-4.616,1.695,,,
[1758214226351440646],9.292,-4.956,1.781,,,
[1758214226356691896],8.622,-4.817,1.817,,,
[1758214226361892573],9.055,-5.047,1.963,,,
[1758214226367050438],8.487,-4.843,1.884,,,
[1758214226373718354],9.263,-5.203,1.918,,,
[1758214226380199761],8.875,-5.119,1.853,,,
[1758214226385452886],8.988,-4.911,2.093,,,
[1758214226390610281],8.885,-5.145,2.097,,,
[1758214226397546011],8.265,-5.176,1.887,,,
[1758214226404041688],9.366,-5.095,1.743,,,
[1758214226409281011],8.368,-5.059,1.822,,,
[1758214226414438875],9.055,-4.93,2.064,,,
[1758214226419850646],8.547,-4.963,1.884,,,
[1758214226424994188],9.05,-5.057,1.697,,,
[1758214226430092469],8.468,-5.018,2.054,,,
[1758214226435194396],9.151,-4.767,1.884,,,
[1758214226440346427],8.557,-5.011,2.047,,,
[1758214226445507365],9.043,-4.755,1.702,,,
[1758214226450740646],9.175,-4.958,2.138,,,
[1758214226457159500],8.832,-4.724,2.107,,,
[1758214226462482313],9.735,-4.803,2.428,,,
[1758214226467630229],8.674,-4.738,2.255,,,
[1758214226472836844],9.771,-4.798,1.97,,,
[1758214226478270281],8.837,-4.348,2.143,,,
[1758214226483373458],9.689,-4.506,2.023,,,
[1758214226488509708],8.928,-4.413,2.064,,,
[1758214226493687729],9.957,-4.314,2.148,,,
[1758214226498822573],9.359,-4.209,2.423,,,
[1758214226504112365],10.096,-4.422,2.152,,,
[1758214226509246011],9.203,-4.369,2.483,,,
[1758214226514385490],10.048,-4.298,2.093,,,
[1758214226519513354],9.335,-4.307,2.298,,,
[1758214226524658250],9.797,-4.039,2.425,,,
[1758214226531124083],9.821,-4.204,2.215,,,
[1758214226536347625],9.883,-3.982,2.337,,,
[1758214226541455177],9.85,-4.152,2.428,,,
[1758214226546587365],9.555,-3.864,2.442,,,
[1758214226551705854],10.427,-4.039,2.538,,,
[1758214226556901636],9.574,-3.78,2.172,,,
[1758214226561978458],10.355,-3.965,2.514,,,
[1758214226567098719],9.424,-3.74,2.377,,,
[1758214226572282886],10.274,-4.029,2.49,,,
[1758214226577490386],9.357,-3.855,2.344,,,
[1758214226582639240],10.386,-3.929,2.473,,,
[1758214226589142886],9.668,-3.967,2.344,,,
[1758214226594405333],10.297,-3.862,2.385,,,
[1758214226599525542],9.546,-3.874,2.397,,,
[1758214226604733354],10.276,-3.934,2.33,,,
[1758214226609848094],9.931,-4.001,2.449,,,
[1758214226614977886],9.991,-3.929,2.064,,,
[1758214226620082677],9.809,-4.271,2.303,,,
[1758214226625241167],9.938,-4.106,2.44,,,
[1758214226630417625],9.548,-4.159,2.442,,,
[1758214226635643354],9.682,-4.058,1.784,,,
[1758214226641096167],9.914,-4.257,2.263,,,
[1758214226646242417],9.203,-4.116,1.937,,,
[1758214226651359708],9.749,-4.424,2.131,,,
[1758214226656580333],9.084,-4.159,2.325,,,
[1758214226661685698],9.543,-4.441,2.263,,,
[1758214226666797677],9.256,-4.223,2.083,,,
[1758214226671937990],9.632,-4.731,2.32,,,
[1758214226677105125],8.902,-4.492,2.035,,,
[1758214226682316063],9.668,-4.673,1.887,,,
[1758214226687519396],8.837,-4.523,1.911,,,
[1758214226692682833],9.433,-4.815,2.176,,,
[1758214226699170333],8.672,-4.688,2.052,,,
[1758214226704462885],9.457,-4.671,1.975,,,
[1758214226709573250],8.665,-4.762,1.896,,,
[1758214226714707104],9.084,-4.693,1.865,,,
[1758214226719816740],8.622,-4.664,2.066,,,
[1758214226724926479],9.471,-4.793,1.815,,,
[1758214226730022885],8.645,-5.04,2.057,,,
[1758214226735170021],9.074,-4.834,1.918,,,
[1758214226740307990],8.918,-5.143,2.236,,,
[1758214226745612313],8.945,-5.016,1.901,,,
[1758214226752123563],9.215,-5.085,1.951,,,
[1758214226758809604],8.277,-5.035,1.935,,,
[1758214226764082000],9.476,-4.93,1.676,,,
[1758214226770711323],9.05,-5.14,2.114,,,
[1758214226775960802],8.959,-4.786,1.786,,,
[1758214226781071635],9.081,-4.982,1.717,,,
[1758214226786203979],8.882,-4.86,1.875,,,
[1758214226791317260],8.921,-5.006,1.808,,,
[1758214226796427625],9.036,-4.87,1.575,,,
[1758214226801554500],9.194,-5.1,2.035,,,
[1758214226807088875],8.49,-4.884,1.949,,,
[1758214226812323667],9.4,-4.896,1.954,,,
[1758214226818684917],8.61,-4.86,2.121,,,
[1758214226823938979],9.515,-4.824,2.284,,,
[1758214226829041323],8.715,-4.666,2.191,,,
[1758214226834167677],9.804,-4.539,2.207,,,
[1758214226839277156],8.703,-4.556,2.413,,,
[1758214226844401479],9.785,-4.53,2.018,,,
[1758214226849512625],9.151,-4.494,1.858,,,
[1758214226854717781],9.615,-4.432,2.088,,,
[1758214226861205021],9.665,-4.578,2.354,,,
[1758214226866438094],9.294,-4.29,2.227,,,
[1758214226871582052],9.783,-4.355,2.133,,,
[1758214226876705385],9.562,-4.135,2.107,,,
[1758214226881805646],10.185,-4.3,2.318,,,
[1758214226886949292],9.261,-3.996,2.48,,,
[1758214226892063406],10.297,-4.147,2.428,,,
[1758214226897180854],9.481,-4.12,2.413,,,
[1758214226902462312],10.259,-4.168,2.236,,,
[1758214226908056844],9.278,-3.996,2.203,,,
[1758214226913198875],10.379,-4.092,2.476,,,
[1758214226918313823],9.12,-3.95,2.382,,,
[1758214226923443042],10.405,-3.867,2.373,,,
[1758214226928566896],9.28,-3.869,2.492,,,
[1758214226933689187],10.264,-3.883,2.394,,,
[1758214226938793615],9.294,-3.903,2.401,,,
[1758214226943912677],10.331,-4.041,2.274,,,
[1758214226949030073],9.471,-3.903,2.195,,,
[1758214226954284240],10.218,-3.859,2.303,,,
[1758214226959445437],9.493,-3.967,2.284,,,
[1758214226964603823],10.427,-3.926,2.298,,,
[1758214226971189396],10.185,-4.099,2.315,,,
[1758214226977564135],9.239,-4.089,2.591,,,
[1758214226983955385],10.331,-4.096,2.174,,,
[1758214226989182625],9.55,-4.044,2.428,,,
[1758214226994329187],9.9,-4.219,2.054,,,
[1758214226999447729],9.141,-4.07,2.265,,,
[1758214227004671115],9.843,-4.164,2.184,,,
[1758214227009789917],9.088,-4.286,2.222,,,
[1758214227015221375],9.409,-4.044,1.812,,,
[1758214227020350281],9.529,-4.393,2.339,,,
[1758214227025525958],9.397,-4.348,2.083,,,
[1758214227030753927],9.419,-4.458,2.184,,,
[1758214227035884292],9.445,-4.197,2.002,,,
[1758214227040969604],9.256,-4.659,2.289,,,
[1758214227046073979],9.323,-4.453,1.736,,,
[1758214227051172625],9.471,-4.647,1.944,,,
[1758214227056356219],8.799,-4.58,1.956,,,
[1758214227061463667],9.56,-4.772,2.09,,,
[1758214227066639031],8.78,-4.58,1.769,,,
[1758214227071853094],9.428,-4.834,1.705,,,
[1758214227078368719],8.547,-4.846,1.884,,,
[1758214227083594083],9.565,-4.925,1.767,,,
[1758214227088688562],8.43,-4.647,1.911,,,
[1758214227093817052],9.637,-5.066,1.903,,,
[1758214227098930698],8.475,-4.863,1.741,,,
[1758214227104148719],9.649,-4.99,1.856,,,
[1758214227109269396],8.571,-4.97,2.145,,,
[1758214227114408562],9.364,-4.834,1.664,,,
[1758214227120151635],8.772,-5.102,1.688,,,
[1758214227125432833],8.995,-5.028,1.992,,,
[1758214227130601896],8.988,-5.066,1.975,,,
[1758214227136212885],8.691,-4.86,1.908,,,
[1758214227141333823],8.942,-4.946,1.906,,,
[1758214227146437729],8.744,-4.853,2.095,,,
[1758214227151566167],8.928,-5.016,1.829,,,
[1758214227156757469],8.437,-4.954,1.889,,,
[1758214227161866792],9.278,-4.968,1.925,,,
[1758214227167117989],8.461,-5.057,2.078,,,
[1758214227172474135],9.318,-4.982,1.978,,,
[1758214227177601844],8.631,-4.671,1.92,,,
[1758214227188405385],8.377,-4.654,1.968,,,
[1758214227193561896],9.601,-4.688,2.069,,,
[1758214227198681062],8.475,-4.496,2.145,,,
[1758214227203911687],9.708,-4.621,2.394,,,
[1758214227209119239],9.081,-4.566,2.227,,,
[1758214227214427833],9.534,-4.7,2.322,,,
[1758214227219574031],9.086,-4.549,2.231,,,
[1758214227224733458],10.01,-4.228,2.081,,,
[1758214227230220750],9.371,-4.575,2.234,,,
[1758214227235348719],9.582,-4.341,2.296,,,
[1758214227240472364],9.385,-4.544,2.15,,,
[1758214227245601479],9.718,-4.192,1.961,,,
[1758214227250717989],9.378,-4.219,2.057,,,
[1758214227256045177],9.419,-4.31,2.131,,,
[1758214227261157469],9.926,-4.08,2.315,,,
[1758214227266299031],9.507,-4.005,2.401,,,
[1758214227271434031],9.962,-4.192,2.483,,,
[1758214227276600333],9.354,-3.788,2.277,,,
[1758214227281706427],10.06,-4.025,2.559,,,
[1758214227286814656],9.421,-3.733,2.267,,,
[1758214227291930281],10.139,-4.073,2.382,,,
[1758214227298533719],9.464,-3.699,2.387,,,
[1758214227303824552],10.376,-3.982,2.265,,,
[1758214227308948875],9.4,-3.915,2.514,,,
[1758214227314082729],10.412,-3.941,2.397,,,
[1758214227319195125],9.515,-4.015,2.387,,,
[1758214227324292677],10.092,-3.895,2.318,,,
[1758214227329403614],9.613,-3.879,2.258,,,
[1758214227334573875],10.149,-4.092,2.373,,,
[1758214227340034916],9.354,-4.147,2.284,,,
[1758214227345247364],9.821,-3.972,2.119,,,
[1758214227350401375],10.008,-4.075,2.298,,,
[1758214227355659500],9.943,-4.113,2.14,,,
[1758214227360767312],9.804,-4.274,2.435,,,
[1758214227365890281],9.663,-3.893,1.913,,,
[1758214227370978458],9.759,-4.343,2.184,,,
[1758214227376095802],9.507,-4.063,2.033,,,
[1758214227381205906],9.517,-4.233,2.09,,,
[1758214227386476219],8.897,-4.173,1.894,,,
[1758214227391708250],9.814,-4.523,2.27,,,
[1758214227396972156],9.036,-4.187,1.942,,,
[1758214227402539291],9.661,-4.681,2.028,,,
[1758214227407771323],8.626,-4.69,2.033,,,
[1758214227412989812],9.768,-4.664,2.107,,,
[1758214227418124656],8.444,-4.743,1.985,,,
[1758214227423288719],9.529,-4.664,1.896,,,
[1758214227428374760],8.49,-4.678,1.87,,,
[1758214227433505854],9.505,-4.817,1.81,,,
[1758214227438601635],8.691,-4.743,1.82,,,
[1758214227444015906],9.4,-4.97,1.561,,,
[1758214227449617260],8.581,-4.894,1.875,,,
[1758214227454806687],8.99,-4.848,1.978,,,
[1758214227459933041],8.818,-5.045,1.887,,,
[1758214227465061844],8.89,-4.808,1.958,,,
[1758214227470155541],8.722,-5.069,1.654,,,
[1758214227475276844],8.959,-4.887,1.872,,,
[1758214227480415750],8.657,-5.114,2.102,,,
[1758214227485645646],9.036,-4.891,1.8,,,
[1758214227491357208],8.945,-5.167,1.887,,,
[1758214227496611114],8.655,-5.006,1.863,,,
[1758214227502325489],9.33,-5.181,1.669,,,
[1758214227508585541],8.15,-4.999,2.047,,,
[1758214227515121948],8.871,-4.762,1.7,,,
[1758214227520359969],8.777,-5.164,1.705,,,
[1758214227525480437],9.103,-4.808,1.561,,,
[1758214227530607625],8.835,-5.049,2.023,,,
[1758214227535854708],8.902,-4.815,2.105,,,
[1758214227540955021],9.175,-4.843,1.844,,,
[1758214227546073406],8.825,-4.599,1.8,,,
[1758214227551208875],9.443,-4.776,1.958,,,
[1758214227557876062],8.564,-4.594,2.071,,,
[1758214227563335437],9.512,-4.618,2.002,,,
[1758214227568516427],8.61,-4.63,2.229,,,
[1758214227573638041],9.656,-4.69,2.306,,,
[1758214227578742573],8.813,-4.434,2.31,,,
[1758214227583903093],9.761,-4.496,2.172,,,
[1758214227589017573],8.808,-4.48,2.231,,,
[1758214227594142833],9.886,-4.187,2.15,,,
[1758214227599252052],9.215,-4.432,2.339,,,
[1758214227604477521],9.9,-4.18,2.212,,,
[1758214227609731062],9.091,-4.207,2.382,,,
[1758214227614878875],10.108,-4.108,2.116,,,
[1758214227620436843],9.792,-4.152,2.399,,,
[1758214227625588146],9.799,-4.053,2.425,,,
[1758214227630700125],9.816,-4.252,2.167,,,
[1758214227635833666],9.917,-3.881,2.174,,,
[1758214227640998562],9.914,-4.003,2.31,,,
[1758214227646109812],9.744,-3.807,2.028,,,
[1758214227651250541],10.154,-4.02,2.332,,,
[1758214227656495385],9.471,-3.847,2.193,,,
[1758214227661710593],10.163,-3.855,2.579,,,
[1758214227667327521],9.244,-3.821,2.164,,,
[1758214227672533198],10.333,-4.001,2.519,,,
[1758214227677650125],9.452,-3.682,2.349,,,
[1758214227682852989],10.324,-4.082,2.188,,,
[1758214227688010125],9.297,-3.912,2.425,,,
[1758214227693118875],10.446,-4.015,2.334,,,
[1758214227698233875],9.55,-3.84,2.03,,,
[1758214227703423614],10.336,-4.087,2.203,,,
[1758214227708658250],9.656,-3.857,2.507,,,
[1758214227713865698],10.3,-4.02,2.344,,,
[1758214227719019500],9.594,-4.113,2.093,,,
[1758214227724168718],10.396,-4.044,2.083,,,
[1758214227729783875],9.373,-4.032,2.212,,,
[1758214227734946687],9.938,-4.065,2.224,,,
[1758214227740085333],9.421,-4.252,2.121,,,
[1758214227745230906],9.934,-4.051,1.899,,,
[1758214227750371531],9.493,-4.334,2.195,,,
[1758214227755611270],9.313,-4.243,2.148,,,
[1758214227760747885],9.649,-4.436,2.207,,,
[1758214227765900593],9.297,-4.417,1.884,,,
[1758214227771134395],9.436,-4.69,2.049,,,
[1758214227776688718],8.794,-4.511,2.057,,,
[1758214227781818198],9.665,-4.678,2.217,,,
[1758214227786938979],8.696,-4.451,2.119,,,
[1758214227792054031],9.546,-4.899,2.035,,,
[1758214227797195125],8.701,-4.63,1.839,,,
[1758214227802551948],9.579,-4.865,1.911,,,
[1758214227807915333],8.521,-4.812,1.963,,,
[1758214227813090854],9.278,-4.822,1.76,,,
[1758214227818352729],8.31,-4.997,1.906,,,
[1758214227823465698],9.345,-4.944,1.695,,,
[1758214227828650854],8.365,-4.788,1.961,,,
[1758214227833798198],9.242,-5.011,1.434,,,
[1758214227839256323],8.313,-5.006,1.599,,,
[1758214227844437625],9.069,-5.011,2.203,,,
[1758214227849671323],8.44,-5.155,1.753,,,
[1758214227856293718],8.631,-4.997,1.659,,,
[1758214227861603614],9.175,-4.968,1.935,,,
[1758214227867284708],8.356,-4.951,1.7,,,
[1758214227872508093],9.486,-5.061,1.853,,,
[1758214227877652416],8.253,-4.975,1.556,,,
[1758214227884067989],9.069,-5.009,1.951,,,
[1758214227889286948],8.416,-4.764,1.963,,,
[1758214227894410229],9.299,-4.999,2.009,,,
[1758214227899517781],8.818,-5.04,2.033,,,
[1758214227904786010],9.304,-4.915,1.968,,,
[1758214227909911479],8.55,-4.853,2.088,,,
[1758214227915023979],9.364,-4.621,2.016,,,
[1758214227920131062],9.215,-4.784,2.164,,,
[1758214227925303510],9.141,-4.465,1.975,,,
[1758214227930498041],9.409,-4.712,2.045,,,
[1758214227935617625],9.213,-4.475,2.004,,,
[1758214227940771375],9.239,-4.621,2.512,,,
[1758214227946298250],8.964,-4.369,2.016,,,
[1758214227951422000],9.673,-4.379,2.267,,,
[1758214227956581531],9.055,-4.3,2.145,,,
[1758214227961677833],9.816,-4.417,2.289,,,
[1758214227966868354],9.098,-4.341,2.215,,,
[1758214227971999083],9.893,-4.398,2.26,,,
[1758214227977143458],9.402,-4.183,2.188,,,
[1758214227984831322],9.843,-4.051,2.418,,,
[1758214227990147520],9.424,-4.238,2.485,,,
[1758214227995303718],9.816,-3.991,2.205,,,
[1758214228000471531],9.967,-4.008,2.44,,,
[1758214228005635229],9.718,-4.099,2.025,,,
[1758214228010778302],9.941,-4.209,2.356,,,
[1758214228015968354],9.677,-3.711,2.308,,,
[1758214228021090281],10.032,-4.12,2.519,,,
[1758214228026247364],9.914,-3.757,2.236,,,
[1758214228031448093],10.068,-4.022,2.315,,,
[1758214228036576114],9.397,-3.788,2.155,,,
[1758214228041654916],10.405,-3.948,2.564,,,
[1758214228046845281],9.376,-3.924,2.569,,,
[1758214228052607468],10.384,-3.984,2.406,,,
[1758214228058953197],9.543,-3.965,2.413,,,
[1758214228064196895],10.501,-4.02,2.492,,,
[1758214228069299135],9.361,-3.836,2.473,,,
[1758214228074428302],10.343,-3.967,2.291,,,
[1758214228079540697],9.493,-4.096,2.509,,,
[1758214228084649291],10.12,-4.104,2.162,,,
[1758214228089749083],9.531,-4.044,2.327,,,
[1758214228095195020],9.778,-4.046,2.057,,,
[1758214228100535072],9.266,-4.046,1.903,,,
[1758214228106988302],8.983,-4.197,2.231,,,
[1758214228112292781],9.998,-4.235,2.042,,,
[1758214228117430489],9.038,-4.032,2.136,,,
[1758214228122604187],9.934,-4.439,2.392,,,
[1758214228127735020],8.971,-4.288,1.942,,,
[1758214228132902729],9.79,-4.441,2.011,,,
[1758214228138011947],8.684,-4.578,2.061,,,
[1758214228143143458],9.773,-4.642,1.925,,,
[1758214228148296583],9.005,-4.736,2.124,,,
[1758214228153579395],9.924,-4.599,1.879,,,
[1758214228159128770],8.777,-4.901,1.865,,,
[1758214228164272312],9.376,-4.669,1.867,,,
[1758214228169429239],8.617,-4.769,1.76,,,
[1758214228174607677],9.486,-4.63,1.844,,,
[1758214228179725489],8.633,-5.001,1.867,,,
[1758214228184841635],9.294,-4.915,1.76,,,
[1758214228189998718],8.624,-4.999,2.061,,,
[1758214228195133718],8.935,-4.851,1.927,,,
[1758214228201714968],9.131,-5.21,1.949,,,
[1758214228207236947],8.25,-4.98,2.263,,,
[1758214228212513822],9.268,-5.107,1.753,,,
[1758214228217707104],8.459,-4.956,1.686,,,
[1758214228225576635],8.849,-4.956,1.844,,,
[1758214228230809708],8.82,-4.956,1.884,,,
[1758214228235916739],8.751,-4.939,1.844,,,
[1758214228241014499],8.844,-5.04,1.846,,,
[1758214228246140072],8.763,-4.985,1.765,,,
[1758214228251227052],9.096,-5.078,1.642,,,
[1758214228256414343],8.521,-4.705,1.219,,,
[1758214228261563302],9.203,-5.006,3.587,,,
[1758214228267113458],8.648,-4.796,2.114,,,
[1758214228272279343],9.531,-4.865,2.5,,,
[1758214228277386791],8.437,-4.937,3.292,,,
[1758214228282537729],9.725,-4.784,2.423,,,
[1758214228287643718],8.681,-4.618,2.126,,,
[1758214228292809291],9.594,-4.8,1.135,,,
[1758214228297924083],8.6,-4.642,1.791,,,
[1758214228303193666],9.692,-4.554,1.621,,,
[1758214228308857937],9.16,-4.293,1.499,,,
[1758214228314000697],9.766,-4.52,1.86,,,
[1758214228319135593],9.124,-4.19,1.408,,,
[1758214228324288510],10.151,-4.087,2.344,,,
[1758214228329431218],9.086,-4.456,2.569,,,
[1758214228334531843],9.598,-4.164,2.641,,,
[1758214228339657104],9.371,-4.353,2.682,,,
[1758214228344779499],9.946,-4.08,2.449,,,
[1758214228350035958],9.507,-4.235,2.253,,,
[1758214228355303197],9.874,-3.855,1.879,,,
[1758214228360474447],9.421,-4.314,2.21,,,
[1758214228365622624],9.742,-3.974,2.205,,,
[1758214228370745854],10.032,-4.231,2.507,,,
[1758214228376290645],9.591,-3.843,1.937,,,
[1758214228381467885],9.912,-4.116,2.152,,,
[1758214228386598874],9.668,-3.783,2.526,,,
[1758214228391724864],10.46,-4.025,2.866,,,
[1758214228396892885],9.409,-3.871,2.452,,,
[1758214228402002364],10.204,-3.871,2.476,,,
[1758214228407218979],9.424,-3.941,2.416,,,
[1758214228412463926],10.463,-3.852,2.351,,,
[1758214228418179551],9.632,-3.888,2.677,,,
[1758214228424142104],10.262,-4.104,2.495,,,
[1758214228429300437],9.629,-3.876,2.895,,,
[1758214228434446895],10.343,-4.264,2.315,,,
[1758214228439547051],9.369,-4.152,2.186,,,
[1758214228444637104],10.137,-4.017,2.351,,,
[1758214228449763666],9.21,-4.18,2.411,,,
[1758214228455027312],9.972,-4.063,2.21,,,
[1758214228460334343],9.764,-4.314,1.968,,,
[1758214228465462104],9.56,-4.008,2.112,,,
[1758214228470549187],9.608,-4.436,1.793,,,
[1758214228475690749],9.591,-4.281,1.714,,,
[1758214228482086322],10.003,-4.42,1.966,,,
[1758214228487368145],8.818,-4.223,2.102,,,
[1758214228492545281],9.852,-4.559,1.992,,,
[1758214228497677468],8.827,-4.243,1.946,,,
[1758214228502891687],9.852,-4.542,2.169,,,
[1758214228508022260],8.665,-4.53,2.045,,,
[1758214228513112833],9.697,-4.733,1.901,,,
[1758214228518215593],8.724,-4.614,1.98,,,
[1758214228524701739],9.237,-4.729,1.944,,,
[1758214228529939604],8.775,-4.858,1.877,,,
[1758214228535045489],9.297,-4.781,1.448,,,
[1758214228540153458],9.072,-4.944,1.877,,,
[1758214228545311947],8.894,-4.776,2.037,,,
[1758214228550432781],9.005,-5.203,2.198,,,
[1758214228555619551],8.969,-4.858,1.946,,,
[1758214228560706687],9.17,-5.097,1.889,,,
[1758214228565855645],8.854,-4.76,1.767,,,
[1758214228571096010],8.885,-5.193,1.709,,,
[1758214228576266843],8.468,-5.047,1.741,,,
[1758214228581455437],9.261,-5.207,1.891,,,
[1758214228587001114],8.509,-4.702,1.798,,,
[1758214228592832676],9.448,-5.284,1.975,,,
[1758214228597932729],8.408,-4.834,1.958,,,
[1758214228603117208],9.407,-5.097,1.769,,,
[1758214228608258614],8.344,-4.927,2.035,,,
[1758214228613383145],9.301,-5.08,2.112,,,
[1758214228618515645],8.42,-4.915,1.765,,,
[1758214228623642364],9.397,-4.961,1.87,,,
[1758214228628881218],8.71,-4.853,2.097,,,
[1758214228634067051],9.397,-4.855,2.025,,,
[1758214228639201426],8.633,-4.855,1.954,,,
[1758214228644338406],9.637,-4.774,2.045,,,
[1758214228649470645],8.595,-4.731,2.16,,,
[1758214228654691114],9.287,-4.604,1.961,,,
[1758214228659853406],9.17,-4.834,1.992,,,
[1758214228665038353],9.206,-4.492,2.014,,,
[1758214228670172989],9.076,-4.568,2.145,,,
[1758214228675282103],9.572,-4.408,1.8,,,
[1758214228680381687],9.275,-4.606,2.265,,,
[1758214228685525489],9.584,-4.293,2.184,,,
[1758214228690681999],9.804,-4.345,2.43,,,
[1758214228697257260],8.89,-4.31,2.215,,,
[1758214228702617416],10.051,-4.365,2.365,,,
[1758214228707779656],9.158,-4.243,2.248,,,
[1758214228712974916],10.113,-4.187,2.15,,,
[1758214228718087728],9.172,-4.104,2.27,,,
[1758214228723179968],10.185,-4.147,2.447,,,
[1758214228728276374],9.397,-3.991,2.093,,,
[1758214228733428249],10.645,-4.152,2.215,,,
[1758214228739986010],8.109,-2.643,2.16,,,
[1758214228746452833],10.542,-4.118,2.023,,,
[1758214228752958822],10.458,-4.12,2.136,,,
[1758214228758205385],9.476,-3.9,2.387,,,
[1758214228763322833],10.293,-3.941,2.842,,,
[1758214228768419395],9.773,-3.857,2.799,,,
[1758214228773546843],9.89,-3.831,2.617,,,
[1758214228778633406],9.546,-4.044,2.794,,,
[1758214228783728197],10.305,-3.946,2.698,,,
[1758214228788827676],9.323,-3.888,2.504,,,
[1758214228793975072],9.919,-4.07,2.222,,,
[1758214228799189031],9.744,-3.833,1.853,,,
[1758214228804832937],10.726,-3.869,2.344,,,
[1758214228809988093],9.287,-4.178,2.274,,,
[1758214228815101739],9.689,-3.96,2.179,,,
[1758214228820196114],9.728,-4.221,2.442,,,
[1758214228825328614],9.78,-4.056,2.433,,,
[1758214228830420072],19.613,-4.729,2.952,,,
[1758214228835521166],5.825,-2.983,1.834,,,
[1758214228840604760],8.631,-3.069,3.505,,,
[1758214228846876895],13.477,-5.509,2.241,,,
[1758214228852495280],7.252,-2.856,2.902,,,
[1758214228857679291],11.317,-4.183,1.743,,,
[1758214228862873405],8.351,-4.307,1.877,,,
[1758214228867980280],9.773,-3.625,1.92,,,
[1758214228873070541],11.688,-4.001,2.332,,,
[1758214228878162937],11.569,-4.405,1.58,,,
[1758214228883292676],15.531,-4.64,1.42,,,
[1758214228888395437],14.7,-3.977,0.223,,,
[1758214228893569603],10.424,-4.776,1.923,,,
[1758214228898750697],14.782,-5.454,1.324,,,
[1758214228903964968],10.546,-3.397,1.506,,,
[1758214228909134030],6.651,-3.974,2.734,,,
[1758214228914762208],6.869,-4.271,1.587,,,
[1758214228919888145],12.028,-6.127,0.891,,,
[1758214228925033041],5.622,-4.542,1.75,,,
[1758214228930124395],8.693,-4.403,2.523,,,
[1758214228935303145],7.286,-5.581,1.322,,,
[1758214228940420489],8.131,-5.059,2.655,,,
[1758214228945633405],10.997,-5.171,2.31,,,
[1758214228950804708],7.903,-4.041,1.803,,,
[1758214228957794030],8.437,-7.582,1.034,,,
[1758214228964200333],10.738,-2.677,2.231,,,
[1758214228969453926],13.824,-5.619,1.583,,,
[1758214228974573458],13.36,-2.495,2.899,,,
[1758214228979716478],14.545,-5.097,1.226,,,
[1758214228984852468],8.504,-6.472,13.367,,,
[1758214228989946530],0.733,-7.082,15.682,,,
[1758214228995068822],15.845,-2.358,-9.335,,,
[1758214229000206947],19.613,-0.749,-13.532,,,
[1758214229005493197],13.585,-1.714,0.682,,,
[1758214229010657208],11.389,-3.433,4.956,,,
[1758214229015873562],13.266,-2.478,0.96,,,
[1758214229022488197],13.894,-1.963,-0.4,,,
[1758214229028868822],12.723,-2.787,14.758,,,
[1758214229034129135],11.83,-5.413,19.613,,,
[1758214229039247885],13.513,-5.413,19.149,,,
[1758214229044364968],13.132,-7.357,10.168,,,
[1758214229049475072],11.729,-10.791,5.995,,,
[1758214229054702051],11.918,-13.824,3.144,,,
[1758214229059828926],11.691,-13.997,2.047,,,
[1758214229065249864],11.823,-11.818,2.624,,,
[1758214229070390541],12.443,-8.976,3.938,,,
[1758214229075641114],13.271,-6.412,4.551,,,
[1758214229080764395],13.774,-4.096,3.742,,,
[1758214229085894499],14.475,-3.067,1.887,,,
[1758214229090996270],15.409,-2.263,-0.919,,,
[1758214229096125020],16.278,-1.511,-3.311,,,
[1758214229101241114],16.027,-0.819,-5.119,,,
[1758214229106510593],15.268,-0.594,-5.976,,,
[1758214229111645645],4.266,2.904,4.791,,,
[1758214229116831426],13.379,1.87,2.207,,,
[1758214229121953510],-0.812,2.95,1.492,,,
[1758214229127529343],14.638,3.033,-15.323,,,
[1758214229132720228],15.935,2.859,-19.613,,,
[1758214229137850905],8.226,2.035,-1.14,,,
[1758214229143013926],7.544,0.905,-0.098,,,
[1758214229148141010],13.846,-0.481,0.204,,,
[1758214229153360280],12.201,-1.156,0.424,,,
[1758214229158494916],12.297,-1.444,1.149,,,
[1758214229163655697],12.728,-1.223,2.483,,,
[1758214229168777676],12.663,-0.318,4.044,,,
[1758214229174343510],12.191,0.33,4.752,,,
[1758214229179505228],12.598,0.539,5.25,,,
[1758214229184660801],13.376,0.227,5.667,,,
[1758214229189800020],13.515,-0.587,5.004,,,
[1758214229194936582],13.331,-1.396,4.638,,,
[1758214229200081166],13.408,-2.658,4.056,,,
[1758214229205273874],13.633,-3.63,3.836,,,
[1758214229210431687],12.902,-4.056,3.898,,,
[1758214229219269551],12.263,-4.757,4.137,,,
[1758214229224641530],11.547,-5.045,4.013,,,
[1758214229229815957],11.858,-5.162,3.61,,,
[1758214229235289864],11.969,-5.157,2.634,,,
[1758214229240438093],12.163,-5.076,1.427,,,
[1758214229245560280],12.218,-4.98,0.402,,,
[1758214229250711062],12.831,-4.968,-0.144,,,
[1758214229255952051],13.218,-4.63,-0.903,,,
[1758214229261101218],13.41,-4.329,-1.444,,,
[1758214229266312416],13.668,-3.831,-1.183,,,
[1758214229271651322],13.891,-3.031,-1.274,,,
[1758214229276796478],13.635,-2.526,-1.484,,,
[1758214229282283509],13.362,-1.858,-1.346,,,
[1758214229287434134],13.216,-1.168,-0.924,,,
[1758214229292704499],13.022,-0.917,-0.919,,,
[1758214229297961062],12.716,-0.369,-0.436,,,
[1758214229303200645],12.261,-0.077,-0.06,,,
[1758214229308450437],12.076,0.237,0.491,,,
[1758214229315320124],11.636,0.496,1.269,,,
[1758214229321933822],11.511,0.745,1.686,,,
[1758214229327177520],11.533,0.828,2.061,,,
[1758214229332351843],11.705,0.912,2.301,,,
[1758214229337499187],11.641,0.821,2.43,,,
[1758214229345022259],11.717,0.637,2.358,,,
[1758214229350504082],12.031,0.539,2.545,,,
[1758214229355712520],12.261,0.314,2.667,,,
[1758214229360818457],12.378,0.129,2.492,,,
[1758214229365936634],12.424,-0.072,2.602,,,
[1758214229371036270],12.131,-0.16,2.488,,,
[1758214229376171426],12.198,-0.548,2.413,,,
[1758214229381280384],11.76,-0.721,2.076,,,
[1758214229386430957],11.794,-0.862,2.102,,,
[1758214229392000020],11.533,-1.31,1.827,,,
[1758214229397164603],11.732,-1.41,1.618,,,
[1758214229402350541],11.677,-1.645,1.192,,,
[1758214229407593978],11.229,-1.595,1.008,,,
[1758214229412779864],11.049,-1.733,0.543,,,
[1758214229417890541],10.604,-1.64,0.457,,,
[1758214229423028822],9.977,-1.621,-0.089,,,
[1758214229428137989],9.57,-1.518,-0.548,,,
[1758214229433317624],9.143,-1.595,-0.824,,,
[1758214229438521374],8.423,-1.453,-0.922,,,
[1758214229443688874],8.095,-1.106,-1.025,,,
[1758214229448817155],7.441,-1.053,-1.049,,,
[1758214229455460437],6.876,-0.429,-0.709,,,
[1758214229460716270],6.361,0.139,-0.443,,,
[1758214229465866999],6.215,0.563,-0.359,,,
[1758214229470969603],6.469,0.869,0.029,,,
[1758214229476102468],7.003,0.974,0.376,,,
[1758214229481201843],7.748,1.283,0.704,,,
[1758214229486321114],7.475,1.489,0.8,,,
[1758214229491424551],7.039,1.765,0.967,,,
[1758214229496596999],6.756,1.518,1.185,,,
[1758214229502951582],6.912,0.912,0.86,,,
[1758214229508138926],7.408,0.163,0.656,,,
[1758214229513289395],7.537,-0.567,0.558,,,
[1758214229518382468],7.53,-1.132,0.134,,,
[1758214229523491999],7.578,-1.791,-0.431,,,
[1758214229528634551],7.144,-2.011,-0.79,,,
[1758214229533829551],6.462,-2.622,-1.324,,,
[1758214229538974239],6.268,-2.981,-1.559,,,
[1758214229544230020],6.127,-3.089,-1.599,,,
[1758214229549361895],5.526,-3.237,-1.516,,,
[1758214229554559291],5.365,-3.043,-1.07,,,
[1758214229560052259],5.325,-2.799,-0.268,,,
[1758214229565210176],5.114,-2.337,0.45,,,
[1758214229570361686],4.872,-1.949,1.573,,,
[1758214229575487416],5.306,-1.46,2.437,,,
[1758214229580640228],5.801,-1.132,3.685,,,
[1758214229585957676],5.981,-0.917,4.973,,,
[1758214229591078926],6.886,-0.484,6.081,,,
[1758214229596193874],7.551,-0.376,6.962,,,
[1758214229601349707],8.401,-0.335,7.549,,,
[1758214229606566895],9.105,-0.618,7.839,,,
[1758214229613067416],9.1,-0.922,8.095,,,
[1758214229618304395],9.218,-1.322,7.76,,,
[1758214229623421322],9.318,-2.042,7.348,,,
[1758214229628533041],9.292,-2.504,6.809,,,
[1758214229633687103],8.892,-3.242,6.167,,,
[1758214229638786114],8.255,-3.704,5.859,,,
[1758214229643900124],7.293,-4.027,5.657,,,
[1758214229649018249],7.345,-4.322,5.588,,,
[1758214229655407468],7.221,-4.527,5.509,,,
[1758214229660672832],6.596,-4.616,5.617,,,
[1758214229667239707],7.099,-4.386,6.069,,,
[1758214229673803509],7.479,-3.97,7.496,,,
[1758214229680448874],8.418,-3.467,8.423,,,
[1758214229685714655],8.746,-2.837,9.184,,,
[1758214229692368822],8.964,-2.33,10.075,,,
[1758214229697888614],8.406,-1.884,10.602,,,
[1758214229703119916],9.017,-1.523,11.073,,,
[1758214229708251322],9.244,-1.477,11.593,,,
[1758214229713425905],9.469,-0.977,11.643,,,
[1758214229720798561],9.529,-0.998,11.581,,,
[1758214229726359499],8.806,-0.895,11.332,,,
[1758214229731563093],8.796,-0.733,10.937,,,
[1758214229736712780],8.509,-0.318,10.321,,,
[1758214229741837311],8.598,-0.397,9.838,,,
[1758214229746983301],8.801,-0.474,9.376,,,
[1758214229752101478],8.758,-0.129,9.143,,,
[1758214229757302051],8.574,0.192,8.861,,,
[1758214229763720905],8.315,0.857,8.645,,,
[1758214229770152468],8.483,1.302,8.559,,,
[1758214229775382572],8.854,1.293,8.205,,,
[1758214229780807207],8.705,1.528,8.167,,,
[1758214229785928041],8.545,1.173,7.901,,,
[1758214229791025645],8.844,1.025,7.693,,,
[1758214229796145020],8.729,0.821,7.697,,,
[1758214229801257728],8.327,0.414,7.736,,,
[1758214229806456738],8.313,0.144,7.705,,,
[1758214229811603405],7.961,-0.421,7.42,,,
[1758214229816849030],7.891,-0.649,7.434,,,
[1758214229821923978],7.626,-1.377,7.429,,,
[1758214229827013822],7.154,-1.396,7.061,,,
[1758214229832201374],6.756,-1.925,7.211,,,
[1758214229837670541],6.519,-2.066,6.946,,,
[1758214229842852155],6.491,-2.308,7.185,,,
[1758214229847997103],6.381,-2.593,7.214,,,
[1758214229853252676],6.184,-2.253,7.69,,,
[1758214229858522988],5.715,-2.054,8.076,,,
[1758214229863625749],5.725,-1.537,8.361,,,
[1758214229868699134],5.794,-1.326,8.203,,,
[1758214229873850436],6.179,-1.056,8.399,,,
[1758214229878955853],6.572,-0.474,8.427,,,
[1758214229884082936],2.167,-5.109,16.242,,,
[1758214229889594916],8.215,1.164,7.058,,,
[1758214229896550020],9.567,-10.08,16.695,,,
[1758214229901798145],7.867,1.319,11.586,,,
[1758214229906969499],8.298,1.669,10.101,,,
[1758214229912061843],8.191,1.542,9.804,,,
[1758214229917201738],7.693,1.618,8.495,,,
[1758214229922349291],7.228,1.405,7.336,,,
[1758214229927456582],7.491,0.989,7.072,,,
[1758214229932743145],7.302,0.541,6.203,,,
[1758214229937974134],7.257,-0.17,6.771,,,
[1758214229944514030],6.965,-0.017,6.716,,,
[1758214229949920228],7.262,-0.4,7.084,,,
[1758214229955130801],6.594,0.019,8.25,,,
[1758214229960245905],7.755,-4.724,11.818,,,
[1758214229965392051],5.701,-0.371,15.768,,,
[1758214229970493613],5.088,0.041,13.762,,,
[1758214229975602572],4.367,1.997,9.091,,,
[1758214229980707311],6.211,2.375,6.728,,,
[1758214229985864551],5.701,2.322,7.633,,,
[1758214229991048353],4.992,1.997,10.958,,,
[1758214229996156009],4.982,-1.022,12.208,,,
[1758214230001693978],3.95,-0.476,11.808,,,
[1758214230006900853],4.503,0.68,9.459,,,
[1758214230012004863],6.239,0.338,7.982,,,
[1758214230017152832],5.37,0.323,10.556,,,
[1758214230022332780],4.204,-0.275,11.492,,,
[1758214230027461790],4.403,-0.022,10.714,,,
[1758214230032712676],5.013,-0.184,9.488,,,
[1758214230037933822],5.322,-1.152,10.032,,,
[1758214230043350905],4.578,-0.97,10.305,,,
[1758214230049087363],3.84,-0.227,10.839,,,
[1758214230054766999],4.592,-0.541,10.446,,,
[1758214230059899915],4.738,-0.223,10.281,,,
[1758214230065041999],4.705,-0.716,10.52,,,
[1758214230070144811],4.223,-0.278,10.281,,,
[1758214230075258093],4.575,-0.412,9.618,,,
[1758214230080358509],4.882,-0.563,9.687,,,
[1758214230085500801],4.549,-0.383,9.637,,,
[1758214230090693718],4.209,-0.558,10.439,,,
[1758214230095862051],4.326,-0.764,9.72,,,
[1758214230100992624],4.142,-0.632,9.402,,,
[1758214230106204030],4.987,-1.341,8.193,,,
[1758214230111709707],5.88,-1.496,5.059,,,
[1758214230116856947],1.918,10.455,4.537,,,
[1758214230121952676],7.52,-5.164,-18.783,,,
[1758214230127093665],-19.613,11.04,-5.052,,,
[1758214230132274186],-8.167,3.361,7.439,,,
[1758214230137404290],-0.778,1.446,10.74,,,
[1758214230142676686],-1.099,0.39,14.442,,,
[1758214230147799342],0.146,0.534,8.229,,,
[1758214230153226009],1.377,-0.393,11.078,,,
[1758214230158382467],-0.666,0.412,12.991,,,
[1758214230163914447],0.426,-0.117,10.599,,,
[1758214230169060697],1.027,-0.156,15.098,,,
[1758214230174215072],-0.211,-0.038,9.713,,,
[1758214230179330280],1.164,0.278,13.202,,,
[1758214230184529655],1.013,-0.12,9.093,,,
[1758214230189719082],0.285,0.338,12.541,,,
[1758214230194837884],0.927,-0.098,9.23,,,
[1758214230199981895],0.551,0.587,11.827,,,
[1758214230205328197],0.51,0.002,10.745,,,
[1758214230210471165],0.261,0.658,13.001,,,
[1758214230215629238],0.139,0.019,9.761,,,
[1758214230221243561],-0.065,0.903,11.032,,,
[1758214230226434030],0.151,0.326,12.107,,,
[1758214230231562676],-1.082,0.649,10.654,,,
[1758214230236727884],0.934,0.249,11.413,,,
[1758214230241837155],1.343,-0.326,11.382,,,
[1758214230246954967],1.135,-0.01,10.908,,,
[1758214230252061478],0.393,0.778,11.214,,,
[1758214230257313613],0.383,0.218,12.124,,,
[1758214230262523040],0.278,0.56,10.185,,,
[1758214230267792572],0.457,0.043,11.918,,,
[1758214230273361999],0.306,0.632,11.032,,,
[1758214230278568353],0.534,0.419,12.007,,,
[1758214230283705645],0.196,0.35,10.776,,,
[1758214230288810332],0.105,0.599,12.088,,,
[1758214230293988457],0.175,0.364,10.707,,,
[1758214230299113822],0.491,0.251,12.057,,,
[1758214230304300332],0.788,0.251,10.448,,,
[1758214230309496530],0.383,0.414,11.384,,,
[1758214230314775905],1.018,-0.23,11.437,,,
[1758214230319910124],1.281,0.12,11.121,,,
[1758214230325100592],1.274,0.23,11.042,,,
[1758214230330616217],0.812,0.692,11.119,,,
[1758214230335818197],0.656,0.781,11.669,,,
[1758214230340931009],0.706,0.917,11.157,,,
[1758214230346092363],0.699,0.182,11.691,,,
[1758214230351194759],0.898,0.673,10.896,,,
[1758214230357546478],0.989,0.122,11.416,,,
[1758214230363096686],0.828,0.713,11.238,,,
[1758214230368217155],0.965,0.441,11.286,,,
[1758214230373359759],0.721,0.742,11.246,,,
[1758214230379738613],0.924,0.419,11.466,,,
[1758214230386110436],0.943,0.122,11.2,,,
[1758214230391337207],1.056,0.759,11.49,,,
[1758214230396456894],1.056,-0.074,11.315,,,
[1758214230401588769],0.771,0.697,11.368,,,
[1758214230406795124],0.962,-0.031,11.059,,,
[1758214230411981217],1.015,0.594,11.681,,,
[1758214230419842311],1.211,0.182,11.195,,,
[1758214230425109238],0.996,0.043,11.566,,,
[1758214230430239447],0.95,0.752,11.049,,,
[1758214230435721165],0.797,0.194,11.435,,,
[1758214230440976165],1.003,0.855,11.164,,,
[1758214230446114707],0.9,0.187,11.164,,,
[1758214230451252832],0.895,0.838,11.167,,,
[1758214230456537363],1.02,0.048,11.435,,,
[1758214230461647155],0.745,0.8,11.147,,,
[1758214230466768665],0.903,0.122,11.466,,,
[1758214230471856947],0.73,0.692,11.31,,,
[1758214230477010905],0.922,0.045,11.135,,,
[1758214230482199551],0.704,0.596,11.418,,,
[1758214230487873665],0.986,-0.103,11.255,,,
[1758214230493056738],0.692,0.5,10.853,,,
[1758214230498176738],0.74,-0.132,11.116,,,
[1758214230503372155],0.572,0.335,11.219,,,
[1758214230508483509],0.682,0.201,11.334,,,
[1758214230513583301],0.51,0.369,11.301,,,
[1758214230518691947],0.67,0.232,11.375,,,
[1758214230523826322],0.579,0.503,11.104,,,
[1758214230528938197],0.651,0.163,11.466,,,
[1758214230534136842],0.081,0.318,11.538,,,
[1758214230539257832],0.512,0.445,11.135,,,
[1758214230545893926],0.433,0.067,11.435,,,
[1758214230551146061],0.215,0.898,11.451,,,
[1758214230556343926],0.611,-0.06,11.451,,,
[1758214230561453405],0.23,0.69,11.382,,,
[1758214230566578353],0.527,-0.199,11.159,,,
[1758214230571680853],0.184,0.565,11.202,,,
[1758214230576811738],0.467,-0.192,11.238,,,
[1758214230581921946],0.321,0.716,11.401,,,
[1758214230587077624],0.366,-0.067,11.377,,,
[1758214230592351582],0.299,0.536,11.325,,,
[1758214230600032728],0.268,0.479,11.483,,,
[1758214230605520384],0.409,0.005,11.521,,,
[1758214230610704499],0.347,0.721,11.442,,,
[1758214230615831061],0.498,-0.031,11.593,,,
[1758214230620987155],0.105,0.802,11.454,,,
[1758214230626214082],0.464,0.002,11.449,,,
[1758214230634179134],0.33,0.211,11.303,,,
[1758214230639656582],0.697,0.316,11.243,,,
[1758214230644778509],0.524,0.146,11.119,,,
[1758214230649885071],0.541,0.567,11.109,,,
[1758214230655343509],0.321,0.01,11.205,,,
[1758214230660476999],0.57,1.061,11.152,,,
[1758214230665667884],0.761,0.048,11.442,,,
[1758214230670786165],0.68,0.773,11.205,,,
[1758214230675957728],0.69,0.019,11.351,,,
[1758214230681198717],0.599,0.706,11.226,,,
[1758214230686333665],0.828,-0.105,11.351,,,
[1758214230691441269],0.737,0.9,11.133,,,
[1758214230696572676],0.883,-0.067,11.246,,,
[1758214230701709707],0.692,0.967,11.471,,,
[1758214230707141113],0.467,0.213,11.736,,,
[1758214230712415436],1.168,0.965,11.777,,,
[1758214230718706217],1.262,0.12,11.684,,,
[1758214230723955853],1.211,0.299,12.239,,,
[1758214230729116478],1.049,0.654,10.908,,,
[1758214230734256217],0.965,0.488,11.377,,,
[1758214230739358509],0.962,0.591,11.114,,,
[1758214230744458613],0.939,0.512,11.432,,,
[1758214230749562311],1.049,0.512,11.114,,,
[1758214230754738926],0.804,0.687,11.643,,,
[1758214230759880280],1.056,0.524,11.064,,,
[1758214230765520696],0.931,0.012,11.631,,,
[1758214230770663926],1.01,0.754,11.176,,,
[1758214230775843301],0.974,0.043,11.758,,,
[1758214230781439394],0.929,0.716,11.303,,,
[1758214230786633561],0.764,-0.232,11.095,,,
[1758214230792956894],0.977,0.852,11.873,,,
[1758214230799627363],0.905,0.488,11.442,,,
[1758214230804881321],1.046,0.002,10.939,,,
[1758214230810000905],0.958,0.632,11.384,,,
[1758214230815563040],0.974,0.01,11.564,,,
[1758214230820700748],0.237,1.65,11.339,,,
[1758214230825809915],0.97,0.022,11.557,,,
[1758214230830910436],1.125,0.752,11.14,,,
[1758214230836065436],0.953,-0.081,11.621,,,
[1758214230841189446],0.948,0.752,11.353,,,
[1758214230846409446],-1.53,2.5,11.969,,,
[1758214230851560228],-0.388,0.065,11.327,,,
[1758214230856670540],-0.534,0.572,11.66,,,
[1758214230861791321],0.8,1.068,11.047,,,
[1758214230866984082],1.267,0.057,10.822,,,
[1758214230873488144],0.991,0.946,11.301,,,
[1758214230878722311],0.151,4.927,11.835,,,
[1758214230883847676],1.487,1.046,11.207,,,
[1758214230888952051],0.034,5.993,11.801,,,
[1758214230894106269],-0.041,0.874,11.636,,,
[1758214230899216321],0.694,3.175,11.157,,,
[1758214230904337936],0.998,1.233,11.519,,,
[1758214230909457571],1.417,-0.395,11.092,,,
[1758214230914721894],1.322,-1.942,11.011,,,
[1758214230919921426],1.204,-4.147,10.812,,,
[1758214230925449082],1.209,-3.017,10.829,,,
[1758214230930563613],0.886,1.719,12.016,,,
[1758214230935685696],0.414,0.668,11.715,,,
[1758214230940839863],1.013,-0.062,11.171,,,
[1758214230946004498],1.085,-1.879,11.339,,,
[1758214230951143561],-0.457,0.321,11.337,,,
[1758214230956297884],0.819,0.965,11.224,,,
[1758214230961417103],0.369,0.285,11.485,,,
[1758214230966756426],0.91,-0.663,11.346,,,
[1758214230971943144],0.294,0.491,11.49,,,
[1758214230977098873],1.566,2.557,10.913,,,
[1758214230982886894],0.311,2.212,11.284,,,
[1758214230988033301],1.293,1.628,11.334,,,
[1758214230993144030],1.386,2.334,11.116,,,
[1758214230998242207],1.954,1.274,11.195,,,
[1758214231003403301],1.434,1.939,11.298,,,
[1758214231008512467],1.659,1.535,11.236,,,
[1758214231013704655],0.512,1.796,10.973,,,
[1758214231018896738],-0.869,-0.91,11.478,,,
[1758214231030218040],0.124,-2.234,11.109,,,
[1758214231036541425],1.207,-1.817,11.255,,,
[1758214231041795696],0.278,-0.903,11.497,,,
[1758214231046918196],1.051,-0.431,11.325,,,
[1758214231052025800],0.251,-1.058,11.274,,,
[1758214231057172832],0.096,-2.136,11.303,,,
[1758214231062360175],-0.225,-1.784,11.382,,,
[1758214231067541113],0.792,-1.353,11.202,,,
[1758214231072733405],1.018,0.151,11.624,,,
[1758214231077900280],0.656,-0.182,11.308,,,
[1758214231083039394],1.18,0.678,11.123,,,
[1758214231088625905],1.061,0.383,11.26,,,
[1758214231093804655],1.173,1.326,11.066,,,
[1758214231098942467],1.156,-0.002,11.641,,,
[1758214231104110644],0.503,-0.168,11.265,,,
[1758214231109227780],0.467,-0.852,11.274,,,
[1758214231114462259],0.184,-1.262,11.097,,,
[1758214231119598248],0.694,-0.275,11.226,,,
[1758214231124797363],0.421,-0.728,11.286,,,
[1758214231130044811],1.293,1.358,11.147,,,
[1758214231135513353],1.099,0.467,11.626,,,
[1758214231141275540],0.718,-0.524,11.614,,,
[1758214231146496425],1.391,0.199,11.272,,,
[1758214231151664550],0.646,2.025,11.456,,,
[1758214231157939394],1.707,0.687,11.159,,,
[1758214231163680957],1.202,-0.431,11.277,,,
[1758214231168814915],1.286,-1.403,11.954,,,
[1758214231173950280],1.324,0.663,10.896,,,
[1758214231179130436],1.319,-0.256,11.298,,,
[1758214231184276998],0.903,-1.082,11.519,,,
[1758214231189397311],1.489,0.084,11.19,,,
[1758214231195764030],1.64,0.469,11.55,,,
[1758214231201001842],1.391,0.824,11.018,,,
[1758214231206115071],1.913,0.129,11.396,,,
[1758214231211220644],1.865,1.348,11.107,,,
[1758214231216431425],1.001,-0.678,11.052,,,
[1758214231221564863],0.306,-0.421,11.277,,,
[1758214231226704967],0.029,0.029,11.461,,,
[1758214231231814863],0.383,-1.264,11.341,,,
[1758214231236994238],0.606,-1.894,11.152,,,
[1758214231242250071],0.682,-1.214,11.617,,,
[1758214231247773717],1.475,-1.58,11.377,,,
[1758214231253008405],0.62,-1.29,11.406,,,
[1758214231258133405],1.018,-0.967,11.049,,,
[1758214231263325227],0.548,-0.634,11.447,,,
[1758214231268501009],0.97,-0.615,11.653,,,
[1758214231273625123],0.57,-0.031,11.243,,,
[1758214231278743457],1.041,-0.309,11.583,,,
[1758214231283954602],0.754,-0.381,11.274,,,
[1758214231289234498],0.998,-0.196,11.495,,,
[1758214231294602102],0.886,-0.46,11.202,,,
[1758214231301039655],1.013,-0.079,11.308,,,
[1758214231307135071],1.463,-0.567,11.114,,,
[1758214231313950071],0.654,-0.455,11.224,,,
[1758214231320467259],1.092,-0.048,11.152,,,
[1758214231326855905],1.456,-0.436,11.258,,,
[1758214231332070696],0.797,0.134,11.435,,,
[1758214231337201477],2.456,0.225,11.052,,,
[1758214231342444446],1.245,0.211,11.442,,,
[1758214231347610123],1.125,-0.23,11.157,,,
[1758214231353103561],0.57,-0.421,11.334,,,
[1758214231358230905],1.034,-0.199,11.569,,,
[1758214231363488509],0.962,0.093,11.152,,,
[1758214231368625123],2.626,0.182,11.396,,,
[1758214231373889290],2.638,0.658,11.425,,,
[1758214231379002936],0.886,0.496,11.617,,,
[1758214231384134134],-0.29,-0.381,11.296,,,
[1758214231389245123],2.272,0.225,11.55,,,
[1758214231394366373],2.44,-0.072,11.207,,,
[1758214231399476790],2.236,0.34,11.351,,,
[1758214231404627102],-0.318,-0.563,11.1,,,
[1758214231410069707],-2.26,-1.302,11.155,,,
[1758214231415407207],-0.35,-1.039,11.384,,,
[1758214231420558457],-0.56,-0.546,11.167,,,
[1758214231425698873],-1.53,-2.057,11.487,,,
[1758214231430808352],0.287,-0.503,11.147,,,
[1758214231435979915],1.142,-0.292,11.54,,,
[1758214231441114550],1.183,0.108,11.459,,,
[1758214231446307207],1.302,-0.333,11.423,,,
[1758214231451496738],1.027,0.275,11.308,,,
[1758214231456736790],1.322,-0.189,11.317,,,
[1758214231462314550],0.752,0.362,11.557,,,
[1758214231467537363],1.369,-0.256,11.143,,,
[1758214231472729186],0.84,0.089,11.428,,,
[1758214231477897259],1.307,-0.18,11.248,,,
[1758214231483032675],0.852,0.16,11.612,,,
[1758214231488220904],1.439,-0.184,11.614,,,
[1758214231493374602],0.953,0.024,11.32,,,
[1758214231498492623],1.501,0.022,11.286,,,
[1758214231503687467],0.778,0.098,11.14,,,
[1758214231508952259],1.324,0.086,11.368,,,
[1758214231514965540],1.379,-0.158,11.303,,,
[1758214231520581165],1.109,0.35,11.27,,,
[1758214231525769134],1.381,-0.225,11.6,,,
[1758214231530884811],1.03,0.278,11.222,,,
[1758214231536092311],1.496,-0.419,11.267,,,
[1758214231541203977],0.96,0.187,11.176,,,
[1758214231546333613],1.374,-0.369,11.293,,,
[1758214231551452154],0.958,0.417,11.377,,,
[1758214231556654029],1.652,-0.417,11.248,,,
[1758214231561849186],1.008,0.206,11.102,,,
[1758214231568430644],1.451,-0.271,11.229,,,
[1758214231574813821],0.946,-0.467,11.499,,,
[1758214231580063509],1.286,0.031,11.1,,,
[1758214231585188092],1.302,-0.364,11.617,,,
[1758214231590314759],1.195,-0.01,11.119,,,
[1758214231595471113],1.322,-0.476,11.212,,,
[1758214231600564082],1.221,0.041,11.157,,,
[1758214231605668613],1.197,-0.419,11.612,,,
[1758214231610795800],1.039,0.065,11.363,,,
[1758214231616093509],1.018,-0.551,11.356,,,
[1758214231621639186],0.804,0.072,11.478,,,
[1758214231626751634],1.195,-0.577,11.198,,,
[1758214231631847207],0.86,0.038,11.495,,,
[1758214231636997675],0.946,-0.565,11.133,,,
[1758214231642080696],0.757,-0.014,11.392,,,
[1758214231647196425],1.116,-0.632,11.217,,,
[1758214231652391738],0.532,-0.098,11.609,,,
[1758214231657565800],0.905,-0.656,11.126,,,
[1758214231662855384],0.558,-0.304,11.286,,,
[1758214231668080071],0.927,-0.572,11.435,,,
[1758214231673619238],0.67,-0.405,11.246,,,
[1758214231678751113],1.046,-0.567,11.368,,,
[1758214231683914811],0.663,-0.376,11.186,,,
[1758214231689027988],0.948,-0.469,11.581,,,
[1758214231694180852],0.462,-0.534,11.262,,,
[1758214231699332311],0.927,-0.297,11.727,,,
[1758214231704455436],0.742,-0.579,11.298,,,
[1758214231709624186],0.912,-0.194,11.566,,,
[1758214231714908092],0.675,-0.347,11.31,,,
[1758214231720155279],0.855,-0.017,11.27,,,
[1758214231725302311],0.69,-0.469,11.387,,,
[1758214231732920279],0.484,-0.062,11.418,,,
[1758214231738386529],0.953,-0.263,11.322,,,
[1758214231743510800],0.694,-0.213,11.085,,,
[1758214231748612206],0.939,-0.302,11.499,,,
[1758214231753765384],0.587,-0.122,10.908,,,
[1758214231758883092],0.874,-0.01,11.315,,,
[1758214231764054134],0.646,-0.223,11.2,,,
[1758214231769187988],1.13,-0.172,11.801,,,
[1758214231774387623],0.802,-0.215,11.054,,,
[1758214231779924915],0.994,-0.034,11.468,,,
[1758214231785045540],1.015,-0.373,11.382,,,
[1758214231790140540],1.008,0.132,11.595,,,
[1758214231795301217],1.238,-0.172,11.499,,,
[1758214231800399811],0.934,0.093,11.253,,,
[1758214231805480436],1.166,-0.381,11.363,,,
[1758214231810596581],1.135,0.424,10.956,,,
[1758214231815833509],1.35,-0.316,11.09,,,
[1758214231821002988],0.927,0.184,11.19,,,
[1758214231826241634],1.338,-0.306,11.516,,,
[1758214231831370748],1.159,0.433,11.456,,,
[1758214231837946477],1.312,-0.261,11.444,,,
[1758214231844274134],1.061,0.077,11.305,,,
[1758214231849511113],1.31,-0.081,11.207,,,
[1758214231854604602],1.13,-0.232,11.339,,,
[1758214231859747727],1.396,0.225,11.351,,,
[1758214231864961529],1.355,-0.278,11.569,,,
[1758214231870075019],1.144,0.378,11.77,,,
[1758214231875233665],1.149,-0.287,11.519,,,
[1758214231881029915],0.95,0.192,11.023,,,
[1758214231887410748],1.413,-0.251,10.772,,,
[1758214231893237883],0.967,0.079,11.463,,,
[1758214231898337936],1.336,-0.204,11.459,,,
[1758214231903490383],1.058,0.053,11.363,,,
[1758214231908604290],1.451,-0.172,11.188,,,
[1758214231913806269],0.962,-0.124,11.279,,,
[1758214231918919186],1.525,0.053,11.593,,,
[1758214231924090227],1.104,-0.213,11.238,,,
[1758214231929217102],1.274,-0.005,11.499,,,
[1758214231934434029],1.068,-0.17,11.353,,,
[1758214231939579446],1.077,-0.144,11.648,,,
[1758214231946182050],1.288,-0.462,11.349,,,
[1758214231951431113],0.79,0.103,11.382,,,
[1758214231956579081],1.334,-0.491,11.475,,,
[1758214231961693456],0.91,0.065,11.483,,,
[1758214231966903508],1.073,-0.663,11.344,,,
[1758214231972020175],0.898,-0.098,11.341,,,
[1758214231977150436],1.338,-0.491,11.267,,,
[1758214231982321894],0.783,-0.045,11.636,,,
[1758214231987883196],1.341,-0.5,11.169,,,
[1758214231993108092],0.771,-0.299,11.179,,,
[1758214231998207936],0.943,-0.376,11.301,,,
[1758214232003366529],0.625,-0.256,11.028,,,
[1758214232008539863],0.931,-0.457,11.636,,,
[1758214232013733144],0.658,-0.4,11.286,,,
[1758214232018941165],1.041,-0.35,11.317,,,
[1758214232024102779],0.651,-0.266,11.217,,,
[1758214232029242154],0.783,-0.256,11.499,,,
[1758214232034469238],0.802,-0.587,10.997,,,
[1758214232039619342],0.711,-0.17,11.487,,,
[1758214232044716998],0.845,-0.699,11.392,,,
[1758214232050152831],0.783,-0.28,11.111,,,
[1758214232055313092],0.905,-0.797,11.404,,,
[1758214232060470488],0.615,-0.053,11.128,,,
[1758214232065726321],0.989,-0.661,11.485,,,
[1758214232070845488],0.685,0.053,11.152,,,
[1758214232075932779],0.862,-0.697,11.399,,,
[1758214232081048769],0.694,-0.103,11.052,,,
[1758214232086209394],1.015,-0.558,11.327,,,
[1758214232091352258],0.797,-0.005,11.308,,,
[1758214232097991842],1.003,-0.558,11.037,,,
[1758214232103209654],0.508,-0.122,11.078,,,
[1758214232108312467],1.077,-0.326,11.226,,,
[1758214232113527363],0.812,-0.261,11.461,,,
[1758214232118710644],0.946,-0.204,11.157,,,
[1758214232123828769],0.625,-0.151,10.944,,,
[1758214232128921946],1.08,-0.22,11.586,,,
[1758214232134080331],0.845,-0.223,11.049,,,
[1758214232139276425],1.034,-0.16,11.643,,,
[1758214232144457883],0.898,-0.292,11.392,,,
[1758214232149618925],1.233,0.081,11.444,,,
[1758214232154780019],0.826,-0.283,11.605,,,
[1758214232160322831],1.154,0.055,11.226,,,
[1758214232165528769],1.317,-0.412,11.538,,,
[1758214232170643248],0.96,0.338,11.43,,,
[1758214232175839863],1.111,-0.414,11.593,,,
[1758214232184536217],1.18,-0.115,11.339,,,
[1758214232189768977],1.413,0.311,11.025,,,
[1758214232194924029],1.015,-0.163,11.468,,,
[1758214232200067258],1.087,0.369,11.135,,,
[1758214232205595123],1.08,-0.158,11.061,,,
[1758214232210722154],1.132,0.206,11.416,,,
[1758214232215970696],1.341,-0.283,11.107,,,
[1758214232221065227],0.984,0.266,11.174,,,
[1758214232226193092],1.573,-0.419,11.241,,,
[1758214232231301529],1.216,0.369,11.052,,,
[1758214232236504290],1.48,-0.407,11.38,,,
[1758214232241688092],0.934,0.311,11.315,,,
[1758214232248580852],1.441,-0.302,11.066,,,
[1758214232254922675],1.322,-0.275,11.262,,,
[1758214232260103977],1.504,0.283,11.023,,,
[1758214232265479498],1.492,-0.072,11.413,,,
[1758214232270604029],1.221,0.383,10.862,,,
[1758214232275740696],1.518,-0.263,11.272,,,
[1758214232280851633],1.204,0.299,11.36,,,
[1758214232285939498],1.525,-0.373,11.183,,,
[1758214232291039290],1.346,0.18,11.068,,,
[1758214232296177571],1.329,-0.503,11.322,,,
[1758214232301309446],0.982,0.225,11.447,,,
[1758214232306527519],1.513,-0.606,11.305,,,
[1758214232313234498],1.001,0.041,10.951,,,
[1758214232319602102],1.125,-0.062,11.047,,,
[1758214232325967258],1.08,-0.512,11.222,,,
[1758214232331198092],0.876,0.077,11.411,,,
[1758214232336330227],1.082,-0.642,11.267,,,
[1758214232341436685],0.843,-0.045,11.104,,,
[1758214232346569967],1.245,-0.536,11.279,,,
[1758214232351673873],0.706,0.002,11.466,,,
[1758214232356793404],1.18,-0.591,11.09,,,
[1758214232361904654],0.749,0.031,11.229,,,
[1758214232367147623],0.953,-0.718,11.392,,,
[1758214232372743925],0.532,-0.096,11.399,,,
[1758214232377897883],1.003,-0.472,11.066,,,
[1758214232383043560],0.565,-0.065,11.344,,,
[1758214232388151894],0.95,-0.464,11.681,,,
[1758214232393233352],0.472,-0.127,11.186,,,
[1758214232398322571],0.97,-0.582,11.516,,,
[1758214232403472154],0.543,-0.57,11.059,,,
[1758214232408588925],0.917,-0.362,11.552,,,
[1758214232413768821],0.67,-0.407,11.1,,,
[1758214232419737050],0.809,-0.309,11.42,,,
[1758214232425992883],0.95,-0.735,11.289,,,
[1758214232432511008],0.512,-0.294,11.574,,,
[1758214232438899290],0.927,-0.333,11.499,,,
[1758214232444130748],0.68,-0.405,11.071,,,
[1758214232449241165],1.032,-0.256,11.796,,,
[1758214232454408508],0.642,-0.239,11.25,,,
[1758214232459521998],0.852,-0.306,11.308,,,
[1758214232464707310],0.704,-0.474,11.485,,,
[1758214232469836425],0.814,0.0,11.439,,,
[1758214232475001529],0.967,-0.433,11.073,,,
[1758214232481446998],0.687,0.065,11.279,,,
[1758214232486682310],1.216,-0.359,10.953,,,
[1758214232491774706],0.654,0.136,11.404,,,
[1758214232496877362],0.982,-0.541,11.152,,,
[1758214232501974602],0.836,0.172,11.248,,,
[1758214232507110852],1.168,-0.419,11.234,,,
[1758214232512299654],0.862,-0.012,11.614,,,
[1758214232517553144],1.235,-0.453,11.289,,,
[1758214232522774342],0.838,0.12,11.092,,,
[1758214232527901581],1.518,-0.316,11.358,,,
[1758214232533042883],0.972,0.113,11.193,,,
[1758214232538636008],1.458,-0.153,11.542,,,
[1758214232543783092],0.84,0.117,11.301,,,
[1758214232548897883],1.36,0.153,11.466,,,
[1758214232554027935],0.965,-0.024,11.119,,,
[1758214232559146477],1.369,0.22,11.454,,,
[1758214232564321737],1.075,-0.151,11.265,,,
[1758214232569424185],1.391,0.292,11.411,,,
[1758214232574628092],1.183,-0.124,11.289,,,
[1758214232579874706],1.144,0.189,11.195,,,
[1758214232585027519],1.35,-0.204,11.444,,,
[1758214232590450383],1.216,0.105,11.523,,,
[1758214232595605800],1.523,-0.283,11.32,,,
[1758214232600718508],1.13,0.275,11.315,,,
[1758214232605895435],1.171,-0.302,11.631,,,
[1758214232612526477],1.02,0.237,11.655,,,
[1758214232618305019],1.281,-0.041,11.437,,,
[1758214232623471321],0.972,0.077,11.092,,,
[1758214232628585331],1.403,-0.055,11.557,,,
[1758214232633729289],0.922,-0.045,11.303,,,
[1758214232638870696],1.3,-0.065,11.463,,,
[1758214232644373404],0.927,-0.204,11.351,,,
[1758214232649488352],1.156,0.139,11.401,,,
[1758214232654629602],1.08,-0.311,11.195,,,
[1758214232659842779],1.178,0.16,11.588,,,
[1758214232665047414],1.231,-0.266,11.408,,,
[1758214232670155852],1.243,-0.151,11.107,,,
[1758214232675298925],1.374,-0.493,11.305,,,
[1758214232680395644],1.164,0.048,11.188,,,
[1758214232685542050],1.279,-0.498,11.353,,,
[1758214232690655748],1.018,0.057,11.547,,,
[1758214232696151946],1.312,-0.565,11.286,,,
[1758214232701382050],0.874,0.081,11.38,,,
[1758214232706542467],1.109,-0.62,11.729,,,
[1758214232711654237],0.828,0.026,11.162,,,
[1758214232716894029],1.202,-0.565,11.341,,,
[1758214232722173717],0.632,0.074,11.466,,,
[1758214232727305696],0.924,-0.541,11.181,,,
[1758214232732442519],0.699,-0.165,11.167,,,
[1758214232737554758],0.986,-0.505,11.27,,,
[1758214232742907467],0.496,-0.096,11.284,,,
[1758214232748033039],0.948,-0.591,11.26,,,
[1758214232753575279],0.572,-0.486,11.049,,,
[1758214232758761269],0.917,-0.292,11.609,,,
[1758214232763995019],0.747,-0.603,11.337,,,
[1758214232769141685],0.922,-0.546,11.538,,,
[1758214232774317102],0.646,-0.464,10.944,,,
[1758214232779428925],0.96,-0.335,11.14,,,
[1758214232784558769],0.615,-0.546,11.545,,,
[1758214232789717206],0.852,-0.206,11.301,,,
[1758214232794951998],0.946,-0.654,11.447,,,
[1758214232800137102],0.678,-0.043,11.293,,,
[1758214232805649654],0.991,-0.761,11.475,,,
[1758214232810823144],0.649,-0.115,11.394,,,
[1758214232816015227],1.025,-0.771,11.495,,,
[1758214232821130019],0.596,-0.074,11.293,,,
[1758214232826329706],1.003,-0.68,11.392,,,
[1758214232831438039],0.596,-0.132,11.346,,,
[1758214232836547987],1.207,-0.56,11.588,,,
[1758214232841648091],0.594,0.261,11.516,,,
[1758214232846790852],0.958,-0.508,11.135,,,
[1758214232851920331],0.668,0.048,11.289,,,
[1758214232857069706],0.948,-0.455,11.463,,,
[1758214232863778769],0.692,-0.213,11.131,,,
[1758214232869026581],1.137,-0.101,11.581,,,
[1758214232874128716],0.69,-0.158,11.38,,,
[1758214232879222935],1.238,-0.16,11.677,,,
[1758214232884362831],1.041,-0.206,11.128,,,
[1758214232889471685],0.996,0.304,11.684,,,
[1758214232894555904],1.168,-0.022,11.277,,,
[1758214232899652466],1.192,-0.271,11.353,,,
[1758214232904865487],1.252,-0.314,11.329,,,
[1758214232910079289],1.214,0.283,11.327,,,
[1758214232915680644],1.525,-0.177,11.193,,,
[1758214232920810748],1.118,0.215,11.09,,,
[1758214232925951269],1.362,-0.065,11.27,,,
[1758214232931090748],1.101,0.426,11.399,,,
[1758214232936256425],1.46,-0.273,11.428,,,
[1758214232941377258],1.152,0.268,11.339,,,
[1758214232946495852],1.391,-0.256,11.301,,,
[1758214232951616998],0.915,0.553,11.2,,,
[1758214232956844966],1.561,-0.338,11.246,,,
[1758214232961972519],1.188,0.395,11.483,,,
[1758214232967251737],1.604,-0.165,11.43,,,
[1758214232973233769],0.927,0.297,11.08,,,
[1758214232978447414],1.638,-0.103,11.102,,,
[1758214232983676581],1.223,-0.043,10.925,,,
[1758214232989224550],1.513,0.005,11.164,,,
[1758214232994399706],0.939,-0.208,11.265,,,
[1758214232999499185],1.293,0.314,11.456,,,
[1758214233004625591],1.209,-0.139,11.128,,,
[1758214233009796581],1.185,0.297,11.432,,,
[1758214233015134550],1.279,-0.302,11.135,,,
[1758214233020316373],1.156,0.067,11.382,,,
[1758214233025778456],1.367,-0.45,11.655,,,
[1758214233030930227],0.967,0.409,11.241,,,
[1758214233036156112],1.235,-0.314,11.377,,,
[1758214233041258768],1.295,0.144,11.387,,,
[1758214233046393091],1.264,-0.39,11.43,,,
[1758214233051497831],0.912,-0.067,11.334,,,
[1758214233056765175],1.353,-0.546,11.236,,,
[1758214233061889862],0.905,0.007,11.612,,,
[1758214233067098456],1.348,-0.527,11.365,,,
[1758214233072362571],0.977,0.041,11.315,,,
[1758214233077560852],1.358,-0.603,11.198,,,
[1758214233083092779],0.74,-0.029,11.435,,,
[1758214233088210487],1.223,-0.536,11.437,,,
[1758214233093378091],0.752,-0.022,11.475,,,
[1758214233098645331],0.802,-0.328,11.588,,,
[1758214233103771268],0.515,-0.488,11.265,,,
[1758214233108893404],0.766,-0.323,11.43,,,
[1758214233114165852],0.675,-0.536,11.186,,,
[1758214233119292102],0.96,-0.271,11.341,,,
[1758214233124478300],0.536,-0.45,11.286,,,
[1758214233132780904],0.551,-0.306,11.382,,,
[1758214233137982623],1.006,-0.553,11.454,,,
[1758214233143199341],0.656,-0.385,11.224,,,
[1758214233148330227],0.972,-0.5,11.48,,,
[1758214233153512935],0.464,-0.256,11.15,,,
[1758214233158661321],0.982,-0.311,11.607,,,
[1758214233163899081],0.407,-0.486,11.09,,,
[1758214233169032102],1.058,-0.414,11.382,,,
[1758214233174203768],0.668,-0.527,11.229,,,
[1758214233179332466],0.771,-0.156,11.202,,,
[1758214233184608925],0.721,-0.611,11.363,,,
[1758214233190121685],0.948,0.057,11.401,,,
[1758214233195245331],0.833,-0.558,11.423,,,
[1758214233200408977],0.599,-0.057,11.08,,,
[1758214233205564706],1.056,-0.34,11.394,,,
[1758214233210674445],0.622,0.192,10.944,,,
[1758214233215930904],1.178,-0.429,11.463,,,
[1758214233221081112],0.821,0.194,11.59,,,
[1758214233226247102],0.936,-0.409,11.049,,,
[1758214233231371529],0.903,0.031,10.977,,,
[1758214233236620539],1.137,-0.603,11.231,,,
[1758214233242905018],0.709,0.101,11.107,,,
[1758214233248041164],1.267,-0.402,11.435,,,
[1758214233253178508],0.613,-0.089,11.011,,,
[1758214233258298820],1.183,-0.213,11.523,,,
[1758214233263472414],0.939,0.007,11.238,,,
[1758214233268578508],1.286,-0.129,11.516,,,
[1758214233273728300],0.986,0.067,11.183,,,
[1758214233278827779],1.228,0.148,11.533,,,
[1758214233283988300],1.015,-0.158,11.183,,,
[1758214233289215331],1.456,0.12,11.293,,,
[1758214233294487102],1.097,-0.139,11.205,,,
[1758214233300957935],1.068,0.306,11.183,,,
[1758214233306179445],1.607,-0.256,11.222,,,
[1758214233311291268],1.192,0.438,11.272,,,
[1758214233316490123],1.528,-0.196,11.243,,,
[1758214233321643248],1.14,0.35,11.42,,,
[1758214233326751998],1.508,-0.089,11.143,,,
[1758214233331871841],0.974,0.278,11.298,,,
[1758214233337066893],1.437,-0.263,11.073,,,
[1758214233343873716],1.101,-0.124,11.32,,,
[1758214233349702883],1.18,0.096,11.554,,,
[1758214233354823925],1.384,-0.189,11.423,,,
[1758214233359928873],1.228,0.371,11.449,,,
[1758214233365132675],1.199,-0.192,11.238,,,
[1758214233370237883],1.197,0.268,11.301,,,
[1758214233375334966],1.159,-0.215,11.612,,,
[1758214233380441789],1.199,0.184,11.229,,,
[1758214233385609966],1.29,-0.359,11.128,,,
[1758214233391161060],1.183,0.249,11.054,,,
[1758214233396330591],1.413,-0.34,11.234,,,
[1758214233401447675],1.097,0.036,11.53,,,
[1758214233408826320],1.25,-0.124,11.423,,,
[1758214233414308716],1.02,-0.247,11.131,,,
[1758214233419456425],1.082,-0.225,11.32,,,
[1758214233424571008],0.905,-0.306,11.339,,,
[1758214233429740852],1.118,-0.081,11.147,,,
[1758214233434920279],0.771,-0.536,11.2,,,
[1758214233440028925],0.927,0.089,10.953,,,
[1758214233445152310],1.106,-0.467,11.339,,,
[1758214233450579706],0.783,-0.055,11.456,,,
[1758214233455982414],1.058,-0.678,11.514,,,
[1758214233461178039],0.718,-0.012,11.629,,,
[1758214233466383925],1.094,-0.759,11.554,,,
[1758214233471552570],0.551,0.007,11.092,,,
[1758214233476699289],0.996,-0.517,11.054,,,
[1758214233481811320],0.634,-0.005,11.808,,,
[1758214233486910904],0.95,-0.575,11.061,,,
[1758214233492024914],0.52,-0.11,11.578,,,
[1758214233497243820],1.135,-0.646,11.138,,,
[1758214233502605747],0.577,-0.168,11.43,,,
[1758214233507854393],1.087,-0.747,11.447,,,
[1758214233514315070],0.752,-0.565,11.322,,,
[1758214233519554237],0.814,-0.412,11.574,,,
[1758214233524676581],0.666,-0.33,11.289,,,
[1758214233529773560],0.694,-0.22,11.554,,,
[1758214233534910539],0.759,-0.486,11.542,,,
[1758214233540023872],1.013,-0.311,11.236,,,
[1758214233545127570],0.824,-0.555,11.53,,,
[1758214233550229914],0.781,-0.069,11.097,,,
[1758214233555408352],0.96,-0.697,11.411,,,
[1758214233562007362],0.486,0.129,11.619,,,
[1758214233567296268],0.939,-0.632,11.485,,,
[1758214233573495800],0.711,-0.194,11.076,,,
[1758214233578749133],0.898,-0.251,11.341,,,
[1758214233583942206],0.85,-0.22,11.054,,,
[1758214233589129237],0.991,-0.12,11.198,,,
[1758214233594265539],0.699,-0.524,11.32,,,
[1758214233599368352],1.161,-0.05,11.408,,,
[1758214233604460018],0.905,-0.287,11.202,,,
[1758214233609570800],0.871,-0.065,11.444,,,
[1758214233614831841],1.085,-0.409,11.274,,,
[1758214233620377987],1.037,0.16,11.164,,,
[1758214233625531477],1.051,-0.28,11.653,,,
[1758214233630634914],1.087,0.18,10.927,,,
[1758214233635779445],1.408,-0.402,11.624,,,
[1758214233640985383],1.116,0.4,11.181,,,
[1758214233647453560],1.326,-0.17,11.169,,,
[1758214233653871841],1.003,-0.077,11.468,,,
[1758214233659107779],1.48,0.136,11.43,,,
[1758214233664280591],1.001,0.122,11.293,,,
[1758214233670690331],0.977,0.316,11.459,,,
[1758214233675960122],1.252,-0.254,11.392,,,
[1758214233681062674],0.826,0.438,11.334,,,
[1758214233686155070],1.204,-0.426,11.542,,,
[1758214233691270174],1.061,0.163,11.248,,,
[1758214233696436164],1.379,-0.311,11.047,,,
[1758214233701600070],0.967,0.256,11.703,,,
[1758214233706840904],1.511,-0.29,10.932,,,
[1758214233713790070],1.039,-0.089,11.315,,,
[1758214233719044810],1.456,0.022,11.727,,,
[1758214233724194758],1.18,-0.201,11.159,,,
[1758214233729621529],1.075,0.038,11.032,,,
[1758214233734787414],1.243,-0.184,11.322,,,
[1758214233739900435],1.288,0.239,11.293,,,
[1758214233745010799],1.362,-0.304,11.138,,,
[1758214233750114185],1.216,0.184,11.102,,,
[1758214233755293456],1.408,-0.431,11.404,,,
[1758214233760519393],1.168,0.218,11.416,,,
[1758214233765700487],1.326,-0.359,11.492,,,
[1758214233770820747],1.085,0.139,11.337,,,
[1758214233776256268],1.372,-0.551,11.535,,,
[1758214233781368664],0.845,0.146,11.212,,,
[1758214233786458977],1.314,-0.601,11.451,,,
[1758214233791582883],0.651,0.012,11.607,,,
[1758214233796793820],1.319,-0.587,10.992,,,
[1758214233802042831],0.903,0.029,11.495,,,
[1758214233807173039],1.14,-0.567,11.107,,,
[1758214233812381581],0.555,-0.148,11.406,,,
[1758214233817650227],1.204,-0.603,11.044,,,
[1758214233822897987],0.761,-0.06,11.131,,,
[1758214233828045227],0.974,-0.299,11.21,,,
[1758214233833201997],0.51,-0.129,11.023,,,
[1758214233838649706],0.994,-0.362,11.485,,,
[1758214233843936477],0.539,-0.251,11.243,,,
[1758214233849090956],1.152,-0.335,11.351,,,
[1758214233854373404],0.711,-0.613,11.042,,,
[1758214233859519914],0.828,-0.242,11.528,,,
[1758214233864729185],0.843,-0.747,11.104,,,
[1758214233869837310],0.778,-0.402,11.636,,,
[1758214233874937258],0.692,-0.622,11.471,,,
[1758214233880083664],0.893,-0.335,10.942,,,
[1758214233885764029],1.12,-0.809,11.346,,,
[1758214233890941685],0.644,-0.165,11.032,,,
[1758214233896124341],1.104,-0.668,11.066,,,
[1758214233901236372],0.682,0.01,11.375,,,
[1758214233906370018],1.039,-0.67,11.487,,,
[1758214233911467779],0.666,0.012,11.226,,,
[1758214233916659393],1.006,-0.622,11.308,,,
[1758214233921856372],0.62,0.124,11.346,,,
[1758214233927453143],1.049,-0.46,11.14,,,
[1758214233932693091],0.575,-0.129,11.384,,,
[1758214233937861997],1.02,-0.431,11.032,,,
[1758214233943021216],0.723,-0.014,11.226,,,
[1758214233949484445],0.989,-0.079,11.1,,,
[1758214233954749914],0.977,-0.4,11.126,,,
[1758214233959873456],0.907,-0.117,11.339,,,
[1758214233965073456],1.097,-0.527,11.217,,,
[1758214233970204341],0.96,-0.129,11.473,,,
[1758214233975341789],0.948,-0.443,11.631,,,
[1758214233980462518],1.118,-0.038,11.305,,,
[1758214233985582726],1.001,-0.412,11.629,,,
[1758214233990874549],0.797,0.292,11.478,,,
[1758214233996151320],1.298,-0.455,11.444,,,
[1758214234001342779],0.915,0.311,11.509,,,
[1758214234006434133],1.168,-0.302,11.121,,,
[1758214234011598976],0.666,0.328,11.222,,,
[1758214234016837154],1.437,-0.273,11.32,,,
[1758214234021962674],1.104,0.424,11.53,,,
[1758214234027120747],1.3,-0.208,10.915,,,
[1758214234032330591],1.137,0.278,11.564,,,
[1758214234037489341],1.317,-0.385,11.566,,,
[1758214234042714185],1.104,0.156,11.186,,,
[1758214234047869185],1.36,-0.11,11.159,,,
[1758214234053013560],1.123,0.144,11.301,,,
[1758214234058276424],1.274,-0.057,11.279,,,
[1758214234063515487],1.152,0.278,11.068,,,
[1758214234068709549],1.365,-0.053,11.27,,,
[1758214234073870435],1.199,-0.074,10.958,,,
[1758214234079721476],1.293,0.065,11.301,,,
[1758214234084844341],1.264,-0.311,11.535,,,
[1758214234089982206],1.259,0.244,11.25,,,
[1758214234095169445],1.446,-0.065,11.305,,,
[1758214234100616216],1.12,0.299,11.092,,,
[1758214234105725591],1.451,-0.393,11.339,,,
[1758214234110874914],1.113,0.261,11.298,,,
[1758214234116139810],1.377,-0.383,11.413,,,
[1758214234121322310],0.855,0.256,11.399,,,
[1758214234126586841],1.377,-0.326,11.327,,,
[1758214234131736424],0.948,0.146,11.25,,,
[1758214234136843820],1.429,-0.397,11.37,,,
[1758214234141939081],1.051,0.129,11.526,,,
[1758214234147086476],1.29,-0.431,11.246,,,
[1758214234152261893],0.828,0.01,11.432,,,
[1758214234157370331],1.346,-0.56,11.624,,,
[1758214234162700851],0.979,-0.134,11.444,,,
[1758214234168277831],1.312,-0.302,11.346,,,
[1758214234173452987],0.678,-0.227,11.164,,,
[1758214234178592206],1.156,-0.302,11.353,,,
[1758214234183745278],0.886,-0.455,10.939,,,
[1758214234188849028],0.927,-0.457,11.459,,,
[1758214234193951164],0.704,-0.213,11.487,,,
[1758214234199180591],1.132,-0.189,11.478,,,
[1758214234204384393],0.615,-0.493,11.32,,,
[1758214234213164133],0.5,-0.256,11.21,,,
[1758214234218376789],1.068,-0.373,11.598,,,
[1758214234223528195],0.651,-0.371,11.274,,,
[1758214234228666997],0.989,-0.467,11.42,,,
[1758214234233767206],0.589,-0.352,11.281,,,
[1758214234238883456],0.833,-0.419,11.657,,,
[1758214234243998143],0.395,-0.599,11.056,,,
[1758214234249167883],0.912,-0.175,11.559,,,
[1758214234254417258],0.716,-0.606,11.272,,,
[1758214234259624653],0.814,-0.201,11.768,,,
[1758214234264867101],0.807,-0.675,11.265,,,
[1758214234270050539],0.644,-0.299,11.207,,,
[1758214234276688664],0.905,-0.642,11.054,,,
[1758214234281918247],0.682,0.057,11.363,,,
[1758214234287011893],1.137,-0.476,11.418,,,
[1758214234292176476],0.594,0.01,11.267,,,
[1758214234297341060],1.14,-0.651,11.006,,,
[1758214234302506893],0.833,0.062,11.638,,,
[1758214234307632883],1.034,-0.39,11.399,,,
[1758214234314273820],0.706,-0.165,11.332,,,
[1758214234319528247],0.836,-0.211,11.143,,,
[1758214234324685330],0.723,-0.352,11.143,,,
[1758214234329808455],1.221,-0.034,11.396,,,
[1758214234334953143],1.041,-0.455,11.43,,,
[1758214234340059185],0.903,0.022,11.277,,,
[1758214234345160070],1.209,-0.558,11.205,,,
[1758214234350270435],1.123,0.196,11.202,,,
[1758214234355469289],1.195,-0.457,11.193,,,
[1758214234360688091],1.14,0.134,11.483,,,
[1758214234365882205],1.377,-0.505,11.329,,,
[1758214234371005747],0.927,0.292,11.581,,,
[1758214234376218560],1.211,-0.057,11.289,,,
[1758214234381706476],0.831,0.409,11.576,,,
[1758214234386819028],1.451,-0.273,11.451,,,
[1758214234391972153],0.905,0.486,11.643,,,
[1758214234397110226],1.326,-0.086,11.248,,,
[1758214234402252362],0.826,0.187,11.533,,,
[1758214234407339289],1.341,-0.263,11.171,,,
[1758214234412559966],0.929,0.247,11.672,,,
[1758214234417859080],1.525,-0.237,11.339,,,
[1758214234423965226],1.216,-0.196,10.886,,,
[1758214234429133403],1.154,0.024,11.451,,,
[1758214234434326008],1.343,-0.038,11.078,,,
[1758214234439742570],1.245,0.12,11.274,,,
[1758214234445466997],1.432,-0.35,11.449,,,
[1758214234450604810],1.14,0.206,11.044,,,
[1758214234455802726],1.31,-0.194,11.48,,,
[1758214234460942049],1.199,0.283,11.404,,,
[1758214234466248924],1.523,-0.421,11.083,,,
[1758214234471348508],0.843,0.309,11.202,,,
[1758214234476512726],1.453,-0.163,11.236,,,
[1758214234481674341],1.044,0.156,11.159,,,
[1758214234487190330],1.386,-0.357,10.944,,,
[1758214234492389445],0.974,0.129,11.425,,,
[1758214234497524653],1.384,-0.35,11.339,,,
[1758214234502749497],0.95,0.057,11.451,,,
[1758214234507992101],1.358,-0.321,11.408,,,
[1758214234513254862],0.788,-0.117,11.011,,,
[1758214234518415226],1.389,-0.294,11.667,,,
[1758214234523577935],1.085,-0.086,11.387,,,
[1758214234529116007],0.922,-0.306,11.38,,,
[1758214234534280278],0.986,-0.539,11.068,,,
[1758214234539398195],1.171,-0.045,11.471,,,
[1758214234544588195],0.974,-0.606,11.442,,,
[1758214234549811216],0.965,-0.096,11.463,,,
[1758214234554960070],1.058,-0.393,11.262,,,
[1758214234560112935],0.809,-0.153,11.36,,,
[1758214234565314445],0.848,-0.328,11.566,,,
[1758214234570429237],0.646,0.117,11.147,,,
[1758214234575586789],0.69,-0.464,11.605,,,
[1758214234580771216],0.582,-0.093,11.284,,,
[1758214234585924705],1.188,-0.524,11.949,,,
[1758214234591176112],0.761,-0.134,11.401,,,
[1758214234597787153],1.144,-0.737,11.633,,,
[1758214234604210799],0.728,-0.541,11.487,,,
[1758214234609465695],0.622,-0.46,11.629,,,
[1758214234614667830],0.699,-0.587,11.006,,,
[1758214234619802674],0.704,-0.18,11.384,,,
[1758214234624953091],0.819,-0.546,11.392,,,
[1758214234630086685],0.725,-0.129,11.135,,,
[1758214234635509289],1.07,-0.555,11.437,,,
[1758214234640638091],0.764,-0.034,11.186,,,
[1758214234645815487],0.903,-0.661,11.384,,,
[1758214234651036007],0.699,0.136,11.562,,,
[1758214234656181112],1.152,-0.716,11.387,,,
[1758214234661303612],0.539,0.019,11.116,,,
[1758214234666522830],0.788,-0.713,11.315,,,
[1758214234671632049],0.682,-0.105,11.514,,,
[1758214234676752987],1.08,-0.505,11.162,,,
[1758214234681895018],0.723,0.093,11.459,,,
[1758214234687078351],1.001,-0.441,11.059,,,
[1758214234692345487],0.67,0.254,11.346,,,
[1758214234697512205],1.348,-0.376,11.317,,,
[1758214234703162049],0.704,0.065,11.195,,,
[1758214234708340435],1.006,-0.196,10.944,,,
[1758214234713547570],0.929,-0.144,11.346,,,
[1758214234718664028],1.35,-0.268,11.368,,,
[1758214234723827882],0.883,0.146,11.36,,,
[1758214234729003716],1.238,-0.053,11.487,,,
[1758214234734190382],1.065,-0.151,11.363,,,
[1758214234739376268],1.092,0.024,11.6,,,
[1758214234745124028],1.116,-0.278,10.97,,,
[1758214234751365487],0.941,0.294,11.243,,,
[1758214234756932518],1.532,-0.232,11.317,,,
[1758214234762069549],0.8,0.338,11.607,,,
[1758214234767251528],1.609,-0.287,10.937,,,
[1758214234772430747],1.046,0.153,11.528,,,
[1758214234777572153],1.149,-0.189,11.226,,,
[1758214234782757778],0.821,0.443,11.672,,,
[1758214234787919237],1.496,-0.163,11.499,,,
[1758214234793100226],1.104,0.144,11.135,,,
[1758214234798345591],1.408,-0.024,11.404,,,
[1758214234804618195],1.135,0.297,11.368,,,
[1758214234811183351],1.346,0.077,11.009,,,
[1758214234816530799],1.456,-0.321,11.485,,,
[1758214234822432987],1.049,0.16,11.684,,,
[1758214234827638507],1.513,-0.263,11.159,,,
[1758214234832832205],0.838,0.283,11.475,,,
[1758214234837951684],1.396,-0.306,11.037,,,
[1758214234843074080],0.941,0.283,11.14,,,
[1758214234848197934],1.415,-0.388,11.581,,,
[1758214234853360018],0.955,-0.213,11.231,,,
[1758214234858580434],1.319,-0.122,11.375,,,
[1758214234864156893],0.905,-0.273,11.138,,,
[1758214234869290903],1.293,-0.283,11.389,,,
[1758214234874428716],0.97,-0.445,11.253,,,
[1758214234879536684],1.243,-0.074,11.152,,,
[1758214234884675174],1.276,-0.551,11.281,,,
[1758214234889796737],1.099,-0.148,11.212,,,
[1758214234894975539],0.994,-0.563,11.418,,,
[1758214234900167934],0.972,-0.041,11.36,,,
[1758214234905504966],1.018,-0.611,11.411,,,
[1758214234910651997],0.783,0.153,11.174,,,
[1758214234915853247],1.111,-0.709,11.341,,,
[1758214234922374497],0.637,0.108,11.193,,,
[1758214234928737362],1.132,-0.239,11.21,,,
[1758214234935068507],0.881,-0.479,11.291,,,
[1758214234940340903],0.828,-0.127,11.188,,,
[1758214234945511528],0.953,-0.462,11.528,,,
[1758214234950630226],0.893,-0.022,11.262,,,
[1758214234955762101],0.697,-0.627,11.736,,,
[1758214234960884028],0.517,-0.153,11.119,,,
[1758214234966101424],1.046,-0.706,11.712,,,
[1758214234971543455],0.637,-0.294,11.392,,,
[1758214234976738820],0.989,-0.73,11.15,,,
[1758214234981955539],0.503,-0.199,11.27,,,
[1758214234987102518],1.046,-0.673,11.258,,,
[1758214234992320174],0.649,-0.012,11.626,,,
[1758214234997466320],0.946,-0.735,11.337,,,
[1758214235002639445],0.467,-0.024,11.368,,,
[1758214235007769028],1.02,-0.46,11.358,,,
[1758214235013024966],0.637,-0.153,11.071,,,
[1758214235018164809],1.02,-0.457,11.629,,,
[1758214235023340122],0.62,-0.002,11.155,,,
[1758214235030819497],0.716,0.117,11.392,,,
[1758214235036114601],0.967,-0.577,11.353,,,
[1758214235041246893],0.67,0.204,11.274,,,
[1758214235046342882],1.142,-0.488,11.214,,,
[1758214235051435747],0.45,0.242,11.068,,,
[1758214235056553091],0.953,-0.385,11.147,,,
[1758214235061667518],0.697,0.103,11.344,,,
[1758214235066822622],1.276,-0.601,11.406,,,
[1758214235071947882],0.845,0.204,11.396,,,
[1758214235078579028],1.312,-0.235,11.293,,,
[1758214235083835851],0.917,-0.105,11.416,,,
[1758214235088961789],1.367,-0.101,11.449,,,
[1758214235094110330],1.006,-0.23,11.327,,,
[1758214235099220122],1.338,-0.045,11.602,,,
[1758214235104346268],1.19,-0.16,10.982,,,
[1758214235109461164],1.01,0.18,11.265,,,
[1758214235114678039],1.226,-0.22,11.411,,,
[1758214235119806789],1.173,0.026,11.586,,,
[1758214235125012726],1.319,-0.117,11.425,,,
[1758214235130144757],1.137,0.311,10.932,,,
[1758214235135615434],1.496,-0.373,11.226,,,
[1758214235140745434],1.097,0.4,11.016,,,
[1758214235145873299],1.24,-0.29,11.399,,,
[1758214235150983716],0.919,0.429,11.226,,,
[1758214235156114653],1.393,-0.357,11.164,,,
[1758214235161230382],1.128,0.153,11.399,,,
[1758214235166419236],1.25,-0.194,11.418,,,
[1758214235171586424],1.159,0.326,11.521,,,
[1758214235177452466],1.566,-0.158,11.473,,,
[1758214235185043768],1.305,-0.163,11.38,,,
[1758214235190473872],1.348,0.359,11.133,,,
[1758214235195645486],1.417,-0.251,11.605,,,
[1758214235200756736],0.986,0.175,10.913,,,
[1758214235205896997],1.367,-0.259,11.794,,,
[1758214235211010643],0.953,0.381,11.624,,,
[1758214235216207361],1.305,-0.45,11.365,,,
[1758214235221314132],1.221,0.196,11.59,,,
[1758214235226475903],1.346,-0.436,11.418,,,
[1758214235231648611],0.939,0.115,11.478,,,
[1758214235236753091],1.494,-0.462,11.066,,,
[1758214235242247205],1.07,0.079,11.442,,,
[1758214235247387830],1.516,-0.419,11.284,,,
[1758214235252619913],0.769,-0.113,11.356,,,
[1758214235257755903],1.338,-0.393,11.253,,,
[1758214235263031684],0.883,-0.148,11.193,,,
[1758214235268166736],1.288,-0.33,11.267,,,
[1758214235273401268],0.704,-0.192,11.179,,,
[1758214235278518820],1.142,-0.311,11.502,,,
[1758214235283644393],0.634,-0.342,11.157,,,
[1758214235289231841],0.977,-0.215,11.19,,,
[1758214235294387257],0.642,-0.239,11.258,,,
[1758214235299467361],0.936,-0.22,11.691,,,
[1758214235304570226],0.606,-0.314,11.267,,,
[1758214235309751736],0.814,-0.177,11.119,,,
[1758214235315027413],0.948,-0.522,11.353,,,
[1758214235320126216],0.737,-0.089,11.138,,,
[1758214235325239809],0.962,-0.713,11.552,,,
[1758214235330430695],0.716,-0.115,10.827,,,
[1758214235335608247],0.867,-0.725,11.547,,,
[1758214235340737830],0.634,-0.235,11.617,,,
[1758214235345869132],1.015,-0.675,11.411,,,
[1758214235351166163],0.491,-0.091,11.212,,,
[1758214235357610903],0.95,-0.646,11.15,,,
[1758214235364086163],0.515,-0.553,11.253,,,
[1758214235369339913],0.721,-0.29,11.344,,,
[1758214235374464393],0.632,-0.472,11.253,,,
[1758214235379580330],0.967,-0.306,11.547,,,
[1758214235384714809],0.663,-0.469,11.26,,,
[1758214235389821476],0.862,-0.158,11.179,,,
[1758214235396259028],0.903,-0.608,11.392,,,
[1758214235401498768],0.543,0.124,11.356,,,
[1758214235406644393],1.178,-0.46,11.214,,,
[1758214235411755799],0.491,0.113,11.387,,,
[1758214235416947309],1.195,-0.479,11.406,,,
[1758214235422062934],0.534,0.189,11.092,,,
[1758214235427232518],1.283,-0.488,11.236,,,
[1758214235432451997],0.749,0.026,11.542,,,
[1758214235437607934],1.104,-0.527,11.159,,,
[1758214235442888090],0.781,-0.081,11.344,,,
[1758214235448015382],1.415,-0.407,11.265,,,
[1758214235453148507],0.79,0.134,11.164,,,
[1758214235458281268],1.228,-0.192,11.54,,,
[1758214235463859132],0.97,-0.065,11.088,,,
[1758214235468988195],1.496,0.024,11.643,,,
[1758214235474108299],1.061,0.22,11.363,,,
[1758214235479256580],1.322,0.014,11.672,,,
[1758214235484421528],1.195,-0.196,11.49,,,
[1758214235489532205],1.288,0.249,11.408,,,
[1758214235494668195],1.14,-0.132,11.483,,,
[1758214235499817413],1.228,0.251,11.322,,,
[1758214235505323143],1.307,-0.022,11.576,,,
[1758214235510579132],1.322,0.211,11.265,,,
[1758214235515840903],1.494,-0.196,11.614,,,
[1758214235521007934],0.812,0.364,11.174,,,
[1758214235526211372],1.42,-0.22,11.777,,,
[1758214235531337518],0.934,0.299,11.619,,,
[1758214235542935851],1.118,0.254,11.559,,,
[1758214235548328090],1.468,-0.192,11.047,,,
[1758214235554701736],1.341,-0.175,11.368,,,
[1758214235559952726],1.298,0.271,11.193,,,
[1758214235565163872],1.176,-0.184,11.483,,,
[1758214235571574236],1.039,0.254,11.588,,,
[1758214235576822257],1.314,-0.268,11.219,,,
[1758214235581933507],0.838,0.144,11.466,,,
[1758214235587058455],1.523,-0.378,11.224,,,
[1758214235592252622],0.967,0.28,11.339,,,
[1758214235597418247],1.518,-0.457,11.19,,,
[1758214235602567570],1.025,0.048,11.399,,,
[1758214235607683403],1.413,-0.338,11.43,,,
[1758214235614278351],0.936,-0.457,11.382,,,
[1758214235619769445],1.106,-0.074,11.047,,,
[1758214235624913924],0.936,-0.555,11.272,,,
[1758214235630021632],1.051,0.024,11.238,,,
[1758214235635162153],1.195,-0.407,11.43,,,
[1758214235640315434],0.91,0.069,11.073,,,
[1758214235645504340],1.195,-0.548,11.281,,,
[1758214235650609236],0.898,-0.146,11.083,,,
[1758214235655737153],0.919,-0.67,11.179,,,
[1758214235660840382],0.845,0.041,11.253,,,
[1758214235666063038],1.003,-0.596,11.394,,,
[1758214235671196632],0.608,0.089,11.6,,,
[1758214235676727309],1.305,-0.663,11.365,,,
[1758214235681870226],0.589,0.012,11.281,,,
[1758214235686976632],0.857,-0.737,11.32,,,
[1758214235692075747],0.584,-0.213,11.392,,,
[1758214235697188924],0.974,-0.766,11.061,,,
[1758214235702366267],0.622,-0.184,11.499,,,
[1758214235707474861],0.998,-0.697,11.183,,,
[1758214235712703767],0.508,-0.256,11.751,,,
[1758214235717911059],0.922,-0.615,11.274,,,
[1758214235724547986],0.836,-0.627,11.423,,,
[1758214235729788507],0.759,-0.038,11.401,,,
[1758214235734943142],0.709,-0.508,11.279,,,
[1758214235740049445],0.646,-0.254,11.202,,,
[1758214235745192934],0.781,-0.534,11.578,,,
[1758214235750301111],0.747,0.093,11.133,,,
[1758214235755405278],0.881,-0.57,11.583,,,
[1758214235760514445],0.915,0.05,11.284,,,
[1758214235765739809],1.01,-0.721,11.449,,,
[1758214235770923872],0.721,0.065,11.241,,,
[1758214235776088611],0.848,-0.366,11.471,,,
[1758214235781192205],0.848,0.084,11.435,,,
[1758214235787746111],0.946,-0.338,10.839,,,
[1758214235794170642],1.006,-0.395,11.102,,,
[1758214235799420017],1.188,0.057,11.131,,,
[1758214235804551580],0.989,-0.304,11.377,,,
[1758214235809655851],1.113,0.024,11.322,,,
[1758214235814842309],1.013,-0.46,11.202,,,
[1758214235819938872],0.946,0.266,11.372,,,
[1758214235825076215],1.214,-0.431,11.195,,,
[1758214235831445122],1.051,0.235,11.626,,,
[1758214235836692674],1.504,-0.333,11.131,,,
[1758214235841781892],0.917,0.275,11.238,,,
[1758214235846877674],1.542,-0.302,11.267,,,
[1758214235851967361],0.982,0.283,11.416,,,
[1758214235857089913],1.525,-0.026,11.183,,,
[1758214235862256788],0.977,0.328,11.219,,,
[1758214235867458924],1.53,-0.122,11.327,,,
[1758214235872701007],1.015,0.113,11.497,,,
[1758214235877931684],1.384,-0.036,11.097,,,
[1758214235883053767],1.025,0.22,11.068,,,
[1758214235888166840],1.492,-0.122,11.42,,,
[1758214235894654028],1.144,-0.129,11.621,,,
[1758214235901357622],0.955,0.385,11.246,,,
[1758214235906632674],1.47,-0.383,11.205,,,
[1758214235911805903],1.106,0.194,11.38,,,
[1758214235917479028],1.422,-0.156,11.226,,,
[1758214235922688403],0.783,0.168,11.056,,,
[1758214235927841372],1.434,-0.239,11.265,,,
[1758214235932998038],0.934,0.108,11.384,,,
[1758214235939237153],1.36,0.11,11.224,,,
[1758214235944520590],1.132,-0.113,11.107,,,
[1758214235949622413],1.276,0.108,11.672,,,
[1758214235954711944],1.101,-0.431,11.545,,,
[1758214235959810382],1.01,0.041,11.023,,,
[1758214235965021111],1.077,-0.397,11.411,,,
[1758214235970123351],1.149,0.136,11.04,,,
[1758214235975266892],1.257,-0.414,11.389,,,
[1758214235980436424],1.001,0.134,11.135,,,
[1758214235985668611],1.092,-0.472,11.202,,,
[1758214235990785278],0.998,-0.031,11.42,,,
[1758214235995923715],1.255,-0.721,11.171,,,
[1758214236001378351],0.678,0.026,11.219,,,
[1758214236006515069],1.279,-0.543,11.286,,,
[1758214236011637830],0.694,-0.12,11.353,,,
[1758214236016831372],1.13,-0.488,11.341,,,
[1758214236021908351],0.711,0.144,11.408,,,
[1758214236027036944],1.068,-0.548,11.224,,,
[1758214236032282413],0.441,0.086,11.274,,,
[1758214236037471372],1.068,-0.522,11.284,,,
[1758214236042789340],0.62,-0.18,11.341,,,
[1758214236048371267],1.125,-0.39,11.418,,,
[1758214236053506840],0.735,-0.385,11.219,,,
[1758214236058635903],1.003,-0.503,11.454,,,
[1758214236063909601],0.757,-0.433,11.202,,,
[1758214236069073090],1.03,-0.362,11.638,,,
[1758214236074209601],0.668,-0.39,11.143,,,
[1758214236079317309],1.025,-0.414,11.351,,,
[1758214236084472049],0.819,-0.589,10.944,,,
[1758214236089741580],0.769,-0.201,11.234,,,
[1758214236094916684],0.752,-0.582,11.643,,,
[1758214236100085069],0.814,-0.239,11.193,,,
[1758214236105281736],0.86,-0.658,11.365,,,
[1758214236111791632],0.596,-0.096,11.401,,,
[1758214236117083871],1.149,-0.546,11.301,,,
[1758214236122244601],0.572,-0.048,11.586,,,
[1758214236127345017],1.006,-0.591,11.272,,,
[1758214236132616996],0.721,-0.101,11.483,,,
[1758214236137763142],1.001,-0.314,11.138,,,
[1758214236142932726],0.529,-0.077,11.279,,,
[1758214236148055017],1.094,-0.596,11.095,,,
[1758214236154429965],0.883,-0.23,11.205,,,
[1758214236159638299],1.123,0.048,11.382,,,
[1758214236164832830],1.132,-0.52,11.317,,,
[1758214236169927205],1.053,0.168,11.332,,,
[1758214236175046371],1.037,-0.603,11.37,,,
[1758214236180140382],1.034,0.002,11.14,,,
[1758214236185242257],1.18,-0.22,11.372,,,
[1758214236190357934],1.058,0.206,11.205,,,
[1758214236195561424],1.458,-0.407,11.456,,,
[1758214236200755799],1.128,0.326,11.437,,,
[1758214236205882361],1.264,-0.429,11.43,,,
[1758214236211034184],1.07,0.438,11.416,,,
[1758214236216603767],1.369,-0.431,11.219,,,
[1758214236221740590],1.041,0.438,11.38,,,
[1758214236226868611],1.456,-0.081,11.19,,,
[1758214236231967778],0.833,0.275,11.406,,,
[1758214236237121840],1.554,-0.242,11.04,,,
[1758214236242336267],1.032,0.074,11.406,,,
[1758214236247470017],1.401,-0.23,10.886,,,
[1758214236252726267],1.027,0.16,11.023,,,
[1758214236257893142],1.453,-0.115,11.437,,,
[1758214236263538871],1.113,0.043,11.243,,,
[1758214236268769444],1.288,-0.122,11.526,,,
[1758214236274397934],1.334,-0.211,11.329,,,
[1758214236280871111],1.077,0.165,11.298,,,
[1758214236286114444],1.391,-0.314,11.179,,,
[1758214236291234601],0.91,0.362,11.6,,,
[1758214236296356632],1.551,-0.251,11.025,,,
[1758214236301470590],0.939,0.412,11.044,,,
[1758214236306558663],1.549,-0.158,10.906,,,
[1758214236311720017],1.01,0.266,11.188,,,
[1758214236316965590],1.453,-0.584,10.977,,,
[1758214236322491111],0.931,0.026,11.301,,,
[1758214236327739028],1.381,-0.431,11.377,,,
[1758214236333068403],1.039,0.134,11.15,,,
[1758214236338211632],1.25,-0.168,11.356,,,
[1758214236343344601],0.79,-0.311,11.286,,,
[1758214236348481476],1.252,-0.287,11.193,,,
[1758214236353584288],0.788,-0.263,11.186,,,
[1758214236358699965],1.219,-0.192,11.463,,,
[1758214236363953403],0.778,-0.283,11.248,,,
[1758214236369579236],0.924,-0.084,11.478,,,
[1758214236374753611],0.86,-0.505,11.21,,,
[1758214236379858559],0.857,-0.184,11.353,,,
[1758214236385001944],0.848,-0.488,11.236,,,
[1758214236390147205],1.018,-0.184,11.076,,,
[1758214236395251163],0.948,-0.543,11.648,,,
[1758214236400391371],0.618,0.002,11.212,,,
[1758214236405528507],0.73,-0.591,11.631,,,
[1758214236410716684],0.699,-0.101,11.025,,,
[1758214236416008715],1.03,-0.687,11.504,,,
[1758214236421178298],0.498,-0.23,11.09,,,
[1758214236426332153],0.922,-0.749,11.53,,,
[1758214236431886788],0.634,-0.297,11.325,,,
[1758214236437082934],1.018,-0.668,11.231,,,
[1758214236442242934],0.474,-0.151,11.442,,,
[1758214236447430069],1.269,-0.62,11.066,,,
[1758214236452594809],0.462,-0.261,11.418,,,
[1758214236457711059],1.051,-0.457,11.583,,,
[1758214236463002153],0.606,-0.225,11.068,,,
[1758214236468178090],1.12,-0.505,11.317,,,
[1758214236473320434],0.524,-0.101,11.574,,,
[1758214236479880225],0.699,-0.163,11.262,,,
[1758214236485128090],0.876,-0.596,11.416,,,
[1758214236490243350],1.044,-0.019,11.037,,,
[1758214236495379184],0.86,-0.613,11.463,,,
[1758214236500483507],0.838,-0.141,11.332,,,
[1758214236505591423],1.19,-0.4,11.31,,,
[1758214236510705642],0.8,0.065,11.365,,,
[1758214236515950850],1.046,-0.376,11.305,,,
[1758214236521079705],0.546,0.17,11.179,,,
[1758214236526280330],1.391,-0.596,11.571,,,
[1758214236531427830],0.821,0.278,11.272,,,
[1758214236536691684],1.142,-0.409,11.056,,,
[1758214236541809184],0.709,0.06,11.662,,,
[1758214236546997986],1.401,-0.385,11.219,,,
[1758214236552225121],0.833,0.259,11.442,,,
[1758214236557330069],1.377,-0.206,11.377,,,
[1758214236562553611],1.046,0.285,11.669,,,
[1758214236567732725],1.415,-0.165,11.351,,,
[1758214236572909600],0.903,0.208,11.092,,,
[1758214236578044600],1.525,-0.079,11.2,,,
[1758214236583172986],0.994,0.153,11.179,,,
[1758214236588737465],1.595,-0.06,11.358,,,
[1758214236593875486],0.974,0.237,11.15,,,
[1758214236598966475],1.24,-0.022,11.451,,,
[1758214236604091840],1.041,-0.122,11.207,,,
[1758214236609170486],1.274,0.237,11.418,,,
[1758214236614365746],1.221,-0.172,11.248,,,
[1758214236619491684],1.319,0.029,11.466,,,
[1758214236627974184],1.422,-0.175,11.351,,,
[1758214236634697048],1.223,-0.084,11.234,,,
[1758214236639979809],1.329,0.297,11.325,,,
[1758214236646310173],1.267,-0.326,11.234,,,
[1758214236653101840],0.766,0.23,11.217,,,
[1758214236658339080],1.144,0.012,11.811,,,
[1758214236663529340],1.051,-0.067,10.997,,,
[1758214236668655121],1.329,-0.115,11.614,,,
[1758214236673803611],1.015,0.086,10.973,,,
[1758214236678899496],1.468,0.124,11.485,,,
[1758214236683984653],1.188,0.017,11.313,,,
[1758214236689101215],1.518,-0.069,11.375,,,
[1758214236694591528],1.293,-0.275,11.265,,,
[1758214236699840486],1.195,-0.055,11.253,,,
[1758214236704970746],1.369,-0.572,11.404,,,
[1758214236710089132],1.348,-0.072,11.375,,,
[1758214236715288871],1.077,-0.546,11.581,,,
[1758214236720391632],1.006,0.17,11.265,,,
[1758214236725480486],1.087,-0.512,11.444,,,
[1758214236730627777],0.886,0.067,11.325,,,
[1758214236735828871],1.202,-0.69,11.509,,,
[1758214236741019080],0.594,-0.089,11.248,,,
[1758214236746117882],1.12,-0.575,11.459,,,
[1758214236751205017],0.625,0.053,11.416,,,
[1758214236756760173],1.073,-0.517,11.638,,,
[1758214236761956319],0.503,0.134,11.459,,,
[1758214236767182205],0.979,-0.539,11.073,,,
[1758214236772400642],0.702,-0.067,11.31,,,
[1758214236777573715],1.13,-0.699,11.516,,,
[1758214236782730590],0.575,-0.218,11.32,,,
[1758214236787800902],0.96,-0.476,11.332,,,
[1758214236792995850],0.608,-0.479,11.325,,,
[1758214236798161944],1.003,-0.584,11.205,,,
[1758214236803780642],0.73,-0.618,11.104,,,
[1758214236808923350],1.022,-0.383,11.387,,,
[1758214236814181632],0.716,-0.56,11.258,,,
[1758214236819296996],0.836,-0.237,11.526,,,
[1758214236824426215],0.508,-0.371,11.111,,,
[1758214236829535486],0.821,-0.268,11.174,,,
[1758214236834685069],0.673,-0.601,11.394,,,
[1758214236839858923],1.049,-0.026,11.356,,,
[1758214236845068923],0.843,-0.702,11.447,,,
[1758214236850269340],0.778,-0.199,11.243,,,
[1758214236855475225],1.049,-0.52,11.214,,,
[1758214236860749392],0.682,0.091,11.377,,,
[1758214236866359809],0.989,-0.476,11.526,,,
[1758214236871501371],0.486,0.103,11.32,,,
[1758214236876646059],0.994,-0.567,11.293,,,
[1758214236881803611],0.857,0.266,11.722,,,
[1758214236886950069],1.113,-0.443,11.296,,,
[1758214236892070642],0.857,0.101,11.447,,,
[1758214236897216736],1.211,-0.328,11.284,,,
[1758214236902438194],0.702,0.201,11.044,,,
[1758214236907679757],1.257,-0.412,11.468,,,
[1758214236913367465],0.903,-0.105,11.363,,,
[1758214236918548194],1.097,-0.12,11.384,,,
[1758214236923694965],0.819,-0.115,11.054,,,
[1758214236928792517],1.492,-0.105,11.423,,,
[1758214236933948819],1.065,0.196,11.368,,,
[1758214236939117152],1.403,0.165,11.598,,,
[1758214236944211215],1.159,-0.115,11.432,,,
[1758214236949345538],1.137,0.287,11.327,,,
[1758214236954567725],1.039,-0.251,11.198,,,
[1758214236959791632],1.178,0.086,11.219,,,
[1758214236965032100],1.065,-0.002,11.428,,,
[1758214236970144444],1.231,0.271,11.341,,,
[1758214236976681215],1.415,-0.306,11.341,,,
[1758214236981877465],1.053,0.39,11.037,,,
[1758214236986976944],1.429,-0.373,11.358,,,
[1758214236992098194],1.221,0.412,11.447,,,
[1758214236997285173],1.551,-0.328,11.025,,,
[1758214237003911527],1.109,-0.089,11.1,,,
[1758214237009222152],1.264,0.151,11.435,,,
[1758214237014991788],1.111,-0.275,11.621,,,
[1758214237020128923],1.152,0.01,11.43,,,
[1758214237025274184],1.228,-0.271,11.471,,,
[1758214237030368298],1.355,0.383,11.016,,,
[1758214237035509861],1.252,-0.227,11.384,,,
[1758214237040653298],1.07,0.318,11.329,,,
[1758214237045857934],1.444,-0.182,11.641,,,
[1758214237051098090],1.003,0.022,11.032,,,
[1758214237056244913],1.24,-0.383,11.31,,,
[1758214237061359704],0.788,0.156,11.523,,,
[1758214237066556475],1.441,-0.426,10.906,,,
[1758214237071708350],1.015,0.156,11.243,,,
[1758214237076857569],1.439,-0.5,11.286,,,
[1758214237083394548],0.785,-0.05,11.274,,,
[1758214237088633767],1.29,-0.299,11.394,,,
[1758214237093754704],0.845,-0.29,11.274,,,
[1758214237098875486],1.099,-0.256,11.219,,,
[1758214237104019965],0.869,-0.259,11.19,,,
[1758214237109148402],0.977,-0.235,11.394,,,
[1758214237114373819],0.934,-0.35,11.289,,,
[1758214237119496527],0.936,-0.271,11.238,,,
[1758214237124993715],0.9,-0.606,11.291,,,
[1758214237130275798],0.814,-0.012,11.31,,,
[1758214237135515277],0.886,-0.577,11.356,,,
[1758214237140713559],0.642,-0.108,11.262,,,
[1758214237145937309],1.003,-0.685,11.447,,,
[1758214237151062413],0.594,-0.256,11.205,,,
[1758214237156200017],0.958,-0.685,11.507,,,
[1758214237161326736],0.735,-0.139,11.289,,,
[1758214237166623559],1.144,-0.814,11.377,,,
[1758214237171838871],0.579,-0.215,11.475,,,
[1758214237177000486],0.924,-0.795,11.186,,,
[1758214237182322361],0.654,-0.266,11.466,,,
[1758214237187455798],0.886,-0.907,11.217,,,
[1758214237192679184],0.496,-0.417,11.325,,,
[1758214237197856059],0.986,-0.505,11.327,,,
[1758214237203053611],0.553,-0.201,11.128,,,
[1758214237208254079],0.982,-0.45,11.416,,,
[1758214237213488090],0.675,-0.251,11.308,,,
[1758214237218602673],0.972,-0.156,11.643,,,
[1758214237223732829],0.781,-0.292,11.207,,,
[1758214237228858871],0.984,-0.239,11.598,,,
[1758214237234424236],0.898,-0.362,11.461,,,
[1758214237239595225],0.867,-0.108,11.236,,,
[1758214237244776006],0.941,-0.323,11.202,,,
[1758214237249899027],0.551,-0.062,11.332,,,
[1758214237255075486],0.883,-0.429,11.27,,,
[1758214237260203298],1.027,0.06,11.119,,,
[1758214237266548871],1.252,-0.496,11.262,,,
[1758214237271820017],0.814,0.175,11.516,,,
[1758214237277014756],1.326,-0.33,11.315,,,
[1758214237282175069],0.893,0.06,11.428,,,
[1758214237288643298],1.159,-0.089,11.641,,,
[1758214237293941840],1.087,-0.227,11.202,,,
[1758214237299065225],1.319,0.12,11.559,,,
[1758214237304214913],0.919,0.034,11.238,,,
[1758214237309354027],1.518,0.165,11.32,,,
[1758214237314557413],1.255,-0.184,11.193,,,
[1758214237319712986],1.199,0.302,11.487,,,
[1758214237324889340],1.132,-0.081,11.471,,,
[1758214237330026944],1.211,0.302,11.32,,,
[1758214237335310121],1.298,-0.201,11.449,,,
[1758214237341966579],1.025,0.292,11.449,,,
[1758214237348347673],1.678,-0.204,11.444,,,
[1758214237353616840],1.264,-0.11,10.968,,,
[1758214237358753038],1.456,-0.084,11.77,,,
[1758214237363997881],1.149,0.113,11.131,,,
[1758214237370605069],1.142,0.335,11.222,,,
[1758214237375898038],1.465,-0.364,11.691,,,
[1758214237381563663],0.783,0.381,11.43,,,
[1758214237386714444],1.367,-0.196,11.138,,,
[1758214237391832621],0.867,0.352,11.6,,,
[1758214237398065225],1.451,-0.227,11.085,,,
[1758214237404544913],1.085,-0.019,10.982,,,
[1758214237409826111],1.36,0.192,11.109,,,
[1758214237415038611],1.319,-0.318,11.164,,,
[1758214237420141527],1.3,0.156,11.26,,,
[1758214237425266267],1.243,-0.409,11.473,,,
[1758214237430411475],1.195,0.096,10.97,,,
[1758214237435583871],1.3,-0.534,11.229,,,
[1758214237440712308],0.855,0.127,11.169,,,
[1758214237446215433],1.413,-0.476,11.621,,,
[1758214237451417152],1.142,0.067,11.782,,,
[1758214237456531163],1.075,-0.759,11.222,,,
[1758214237461652465],0.819,0.038,11.236,,,
[1758214237466850225],1.111,-0.508,11.047,,,
[1758214237471915954],0.476,0.108,11.25,,,
[1758214237477024027],1.264,-0.445,11.317,,,
[1758214237482323142],0.644,0.105,11.538,,,
[1758214237488621944],1.147,-0.455,11.284,,,
[1758214237493857204],0.493,-0.52,11.258,,,
[1758214237498949236],0.95,-0.285,11.456,,,
[1758214237504083871],0.611,-0.342,11.456,,,
[1758214237509488663],0.874,-0.285,11.648,,,
[1758214237514681892],0.752,-0.479,11.576,,,
[1758214237519789965],0.824,-0.132,11.224,,,
[1758214237524956527],0.642,-0.776,11.31,,,
[1758214237530137413],0.91,-0.266,11.317,,,
[1758214237535305954],1.094,-0.718,11.492,,,
[1758214237540541111],0.718,-0.254,10.932,,,
[1758214237545672986],1.056,-0.678,11.76,,,
[1758214237550780381],0.912,-0.187,11.181,,,
[1758214237556225017],0.967,-0.637,11.234,,,
[1758214237561353819],0.546,0.06,11.456,,,
[1758214237566544652],0.989,-0.644,11.461,,,
[1758214237571665277],0.527,-0.01,11.26,,,
[1758214237576857048],1.08,-0.67,11.492,,,
[1758214237582067933],0.728,0.048,11.547,,,
[1758214237587199808],1.178,-0.512,11.09,,,
[1758214237592378715],0.572,0.081,11.617,,,
[1758214237597535642],0.977,-0.455,11.214,,,
[1758214237602688767],0.594,0.098,11.351,,,
[1758214237607756631],0.9,-0.373,11.138,,,
[1758214237613027673],0.663,0.124,11.226,,,
[1758214237618559965],1.003,-0.153,11.363,,,
[1758214237624939652],0.814,-0.433,11.167,,,
[1758214237630190433],1.221,-0.122,11.277,,,
[1758214237635352465],1.068,-0.51,11.526,,,
[1758214237640479235],1.197,0.12,11.064,,,
[1758214237645612048],1.36,-0.448,11.605,,,
[1758214237650710121],1.01,0.163,11.274,,,
[1758214237655828142],1.355,-0.395,11.449,,,
[1758214237660959808],0.871,0.328,11.248,,,
[1758214237666479027],1.358,-0.302,11.284,,,
[1758214237671780746],0.965,0.345,11.372,,,
[1758214237676990381],1.506,-0.163,11.308,,,
[1758214237682156840],0.955,0.4,11.442,,,
[1758214237687307100],1.393,-0.091,11.195,,,
[1758214237692485173],1.049,0.206,11.308,,,
[1758214237697612725],1.573,-0.196,11.389,,,
[1758214237705847048],1.422,-0.393,11.873,,,
[1758214237711401735],0.943,0.4,11.293,,,
[1758214237716570538],1.47,-0.297,11.224,,,
[1758214237721725590],1.152,0.354,11.535,,,
[1758214237727265485],1.741,-0.287,11.179,,,
[1758214237732562100],1.19,0.457,11.243,,,
[1758214237739129235],1.209,0.005,11.36,,,
[1758214237744309392],0.972,-0.132,11.059,,,
[1758214237749444235],1.525,0.115,11.19,,,
[1758214237754698767],1.085,-0.271,11.636,,,
[1758214237759827881],1.238,0.208,11.226,,,
[1758214237764941996],1.259,-0.225,11.104,,,
[1758214237770076215],1.051,0.29,10.772,,,
[1758214237777850017],1.458,-0.144,11.413,,,
[1758214237783353767],0.989,-0.012,11.454,,,
[1758214237788506110],1.362,-0.283,11.382,,,
[1758214237793649444],0.991,-0.091,11.404,,,
[1758214237798774756],1.252,-0.213,11.552,,,
[1758214237803913767],1.03,-0.35,11.176,,,
[1758214237809024392],1.264,-0.113,11.339,,,
[1758214237814146319],1.051,-0.342,11.394,,,
[1758214237819301058],1.132,-0.05,11.404,,,
[1758214237824603767],1.058,-0.412,11.296,,,
[1758214237829756735],1.219,-0.242,10.963,,,
[1758214237835239548],1.049,-0.637,11.279,,,
[1758214237840396840],0.802,0.01,11.255,,,
[1758214237845557829],0.924,-0.517,11.236,,,
[1758214237850677204],0.828,0.134,11.135,,,
[1758214237855838715],0.96,-0.52,11.394,,,
[1758214237861059392],0.646,0.05,11.265,,,
[1758214237866277621],1.07,-0.527,10.915,,,
[1758214237871397881],0.517,0.024,11.325,,,
[1758214237876725433],0.941,-0.543,11.195,,,
[1758214237882337517],0.634,-0.096,11.463,,,
[1758214237887529444],1.089,-0.737,11.08,,,
[1758214237892708402],0.517,-0.254,11.483,,,
[1758214237897856006],0.998,-0.642,11.044,,,
[1758214237903022621],0.493,-0.165,10.889,,,
[1758214237908147360],0.958,-0.742,11.408,,,
[1758214237913322881],0.476,-0.369,11.26,,,
[1758214237918436215],1.008,-0.412,11.38,,,
[1758214237923761892],0.567,-0.448,11.236,,,
[1758214237928933246],1.001,-0.378,11.353,,,
[1758214237934064235],0.668,-0.402,11.176,,,
[1758214237939196319],0.824,-0.421,11.466,,,
[1758214237944769340],0.8,-0.378,11.38,,,
[1758214237949934548],0.771,0.034,11.612,,,
[1758214237955059027],0.735,-0.438,11.406,,,
[1758214237960180746],0.895,-0.012,11.473,,,
[1758214237965316058],0.735,-0.345,11.542,,,
[1758214237970428662],0.836,0.213,11.131,,,
[1758214237975699079],0.984,-0.534,11.423,,,
[1758214237980821371],0.639,0.103,11.21,,,
[1758214237986071423],1.156,-0.352,11.485,,,
[1758214237992722829],0.795,-0.026,11.387,,,
[1758214237997953715],1.336,-0.223,11.092,,,
[1758214238003079756],0.63,0.115,11.552,,,
[1758214238008147569],1.326,-0.412,11.439,,,
[1758214238013295069],1.041,-0.12,11.425,,,
[1758214238018395902],1.482,-0.048,11.547,,,
[1758214238023571319],0.742,-0.23,11.078,,,
[1758214238028683402],1.3,-0.089,11.59,,,
[1758214238033847152],1.032,0.089,11.296,,,
[1758214238039129339],1.154,0.06,11.432,,,
[1758214238044254756],0.931,0.06,11.303,,,
[1758214238049345433],1.379,0.084,11.629,,,
[1758214238054887777],1.197,-0.156,11.413,,,
[1758214238060052933],1.144,0.275,11.078,,,
[1758214238065201579],1.293,-0.196,11.416,,,
[1758214238070346319],0.939,0.153,11.329,,,
[1758214238075555277],1.085,-0.378,11.377,,,
[1758214238080648142],1.35,0.311,11.195,,,
[1758214238085735381],1.226,-0.39,11.463,,,
[1758214238090854183],1.281,0.304,11.121,,,
[1758214238096725329],1.468,-0.4,11.49,,,
[1758214238102008819],0.984,0.292,11.483,,,
[1758214238107239548],1.616,-0.177,11.296,,,
[1758214238112891735],1.058,0.115,11.406,,,
[1758214238118022464],1.331,-0.029,11.358,,,
[1758214238123205485],1.03,0.254,11.298,,,
[1758214238128312881],1.365,-0.079,11.334,,,
[1758214238133480850],0.922,0.115,11.018,,,
[1758214238138656735],1.422,-0.01,11.411,,,
[1758214238143904444],0.91,-0.165,11.578,,,
[1758214238149114339],1.257,0.0,11.578,,,
[1758214238154278610],1.166,-0.244,11.349,,,
[1758214238159391527],1.314,0.029,11.382,,,
[1758214238168857621],1.259,-0.268,11.425,,,
[1758214238175374756],1.233,-0.479,11.231,,,
[1758214238180615850],0.958,0.002,11.164,,,
[1758214238185749392],1.302,-0.567,11.329,,,
[1758214238190861371],0.769,0.134,11.265,,,
[1758214238195988194],1.109,-0.567,11.267,,,
[1758214238201104079],0.819,0.086,11.315,,,
[1758214238207585537],1.135,-0.582,11.135,,,
[1758214238214066527],0.9,-0.196,11.162,,,
[1758214238220397621],0.651,0.005,10.882,,,
[1758214238225680902],0.891,-0.56,11.569,,,
[1758214238230792100],0.651,0.077,10.882,,,
[1758214238235918558],1.006,-0.589,11.729,,,
[1758214238241036891],0.848,-0.045,11.53,,,
[1758214238246114756],0.931,-0.654,11.219,,,
[1758214238251218975],0.481,-0.069,11.473,,,
[1758214238256377412],1.147,-0.661,11.171,,,
[1758214238261505069],0.543,-0.077,11.463,,,
[1758214238266740641],1.034,-0.91,11.325,,,
[1758214238273435589],0.608,-0.491,11.214,,,
[1758214238278699756],0.996,-0.488,11.492,,,
[1758214238283865016],0.8,-0.352,11.231,,,
[1758214238288971735],1.068,-0.34,11.499,,,
[1758214238294102204],0.833,-0.419,11.478,,,
[1758214238299222464],0.996,-0.508,11.289,,,
[1758214238304367881],0.57,-0.481,11.006,,,
[1758214238309479808],0.922,-0.134,11.526,,,
[1758214238314954079],0.843,-0.62,11.365,,,
[1758214238320191423],0.697,-0.041,11.428,,,
[1758214238325397412],0.91,-0.441,11.547,,,
[1758214238330512881],0.649,0.069,11.267,,,
[1758214238335641319],0.845,-0.496,11.279,,,
[1758214238340767100],0.685,0.101,11.214,,,
[1758214238345876944],1.025,-0.378,11.226,,,
[1758214238350990641],0.524,-0.043,11.179,,,
[1758214238356163454],1.197,-0.522,11.626,,,
[1758214238361378610],1.03,-0.096,11.241,,,
[1758214238366509548],1.223,-0.543,11.131,,,
[1758214238371629339],0.776,0.108,11.6,,,
[1758214238376839808],1.314,-0.397,11.274,,,
[1758214238383538975],0.795,0.139,11.159,,,
[1758214238388775746],1.3,-0.098,11.571,,,
[1758214238393881579],1.063,-0.081,11.451,,,
[1758214238398970381],1.259,0.048,11.724,,,
[1758214238404122204],1.219,-0.115,11.42,,,
[1758214238409213350],1.252,0.141,11.322,,,
[1758214238414354444],1.037,-0.081,11.439,,,
[1758214238419475954],1.221,0.132,11.416,,,
[1758214238425056527],0.965,-0.316,11.487,,,
[1758214238430338141],1.168,0.299,11.277,,,
[1758214238435453298],1.405,-0.242,11.389,,,
[1758214238440560537],1.113,0.213,11.176,,,
[1758214238445715121],1.274,-0.445,11.205,,,
[1758214238450815329],1.147,0.232,11.171,,,
[1758214238455980850],1.439,-0.338,11.523,,,
[1758214238461122777],1.077,0.383,11.36,,,
[1758214238466754808],1.226,-0.359,10.942,,,
[1758214238472002100],0.934,0.194,11.533,,,
[1758214238477653298],1.508,-0.259,11.329,,,
[1758214238482910485],1.022,0.283,11.128,,,
[1758214238489265902],1.188,0.101,11.301,,,
[1758214238494539912],1.307,-0.108,11.291,,,
[1758214238499667100],1.271,0.211,11.262,,,
[1758214238504825173],1.168,-0.211,11.528,,,
[1758214238509933298],1.07,0.067,11.372,,,
[1758214238515032568],0.982,-0.45,11.519,,,
[1758214238520141318],1.19,0.268,11.195,,,
[1758214238525476579],1.276,-0.438,11.653,,,
[1758214238530984391],1.013,0.146,11.578,,,
[1758214238536249704],1.267,-0.63,11.337,,,
[1758214238541379287],1.001,0.268,11.7,,,
[1758214238546500902],1.195,-0.433,11.202,,,
[1758214238551625016],0.857,0.208,11.487,,,
[1758214238556781423],1.109,-0.546,11.519,,,
[1758214238561890277],0.62,0.057,11.449,,,
[1758214238567018871],1.264,-0.606,10.973,,,
[1758214238572181891],0.764,0.069,11.586,,,
[1758214238577457777],1.185,-0.527,11.265,,,
[1758214238582727725],0.548,-0.208,11.461,,,
[1758214238587894704],0.974,-0.474,11.162,,,
[1758214238593048141],0.558,-0.048,11.387,,,
[1758214238598605850],0.955,-0.314,11.377,,,
[1758214238603750746],0.713,-0.414,11.157,,,
[1758214238608864808],1.022,-0.46,11.392,,,
[1758214238614021891],0.874,-0.373,11.317,,,
[1758214238619143923],1.041,-0.285,11.672,,,
[1758214238624335433],0.713,-0.553,11.109,,,
[1758214238629467881],0.939,-0.18,11.174,,,
[1758214238634661214],0.57,-0.658,11.104,,,
[1758214238641148714],0.682,-0.292,11.193,,,
[1758214238646406266],1.142,-0.639,11.078,,,
[1758214238651534860],0.747,-0.101,11.507,,,
[1758214238656669079],1.037,-0.553,11.133,,,
[1758214238661779079],0.577,-0.084,11.049,,,
[1758214238666915954],1.03,-0.716,11.301,,,
[1758214238672031162],0.733,-0.113,11.186,,,
[1758214238677229027],0.97,-0.721,11.274,,,
[1758214238682455798],0.584,-0.101,11.404,,,
[1758214238687685902],0.972,-0.359,11.353,,,
[1758214238692832100],0.668,0.022,11.116,,,
[1758214238697926370],1.006,-0.376,11.289,,,
[1758214238703086318],0.644,-0.101,11.236,,,
[1758214238708683818],1.041,-0.103,11.277,,,
[1758214238713863975],0.843,-0.285,11.492,,,
[1758214238719003089],1.034,0.0,11.504,,,
[1758214238724187308],0.927,-0.359,11.325,,,
[1758214238729302048],1.104,-0.448,11.641,,,
[1758214238734415381],1.058,-0.287,11.047,,,
[1758214238739501423],1.279,-0.168,11.765,,,
[1758214238744642464],1.032,-0.299,11.485,,,
[1758214238750085798],1.018,0.158,11.186,,,
[1758214238755359027],1.271,-0.402,11.231,,,
[1758214238760475329],1.049,0.371,11.14,,,
[1758214238765665068],1.243,-0.259,11.411,,,
[1758214238770779391],0.931,0.263,11.42,,,
[1758214238775950485],1.341,-0.283,11.202,,,
[1758214238781059964],1.195,0.421,11.313,,,
[1758214238786228350],1.458,-0.16,11.293,,,
[1758214238791372048],1.03,0.299,10.997,,,
[1758214238796585902],1.484,-0.383,11.55,,,
[1758214238801660589],1.003,0.278,11.286,,,
[1758214238806796787],1.484,-0.438,10.901,,,
[1758214238811905745],1.053,0.414,11.581,,,
[1758214238817439548],1.501,-0.362,11.076,,,
[1758214238822757725],0.919,0.235,11.346,,,
[1758214238827948662],1.652,-0.182,11.305,,,
[1758214238834658298],1.279,-0.227,11.171,,,
[1758214238841409183],0.996,0.347,11.073,,,
[1758214238847905798],1.348,-0.189,10.882,,,
[1758214238854395173],1.204,-0.12,11.145,,,
[1758214238859628245],1.109,0.184,11.624,,,
[1758214238864752204],1.199,-0.285,11.234,,,
[1758214238869873975],1.358,0.108,11.258,,,
[1758214238875090485],1.041,-0.218,11.528,,,
[1758214238880212048],1.319,0.069,11.387,,,
[1758214238885343975],1.269,-0.388,11.724,,,
[1758214238890463193],1.034,0.103,11.207,,,
[1758214238895656943],1.437,-0.321,11.461,,,
[1758214238900874027],1.037,0.045,11.236,,,
[1758214238906013350],1.324,-0.455,11.487,,,
[1758214238911119339],0.917,0.28,11.265,,,
[1758214238916258975],1.322,-0.551,11.147,,,
[1758214238921396735],0.8,-0.017,11.475,,,
[1758214238928003818],1.331,-0.601,11.049,,,
[1758214238934440433],0.891,-0.464,11.37,,,
[1758214238939743922],0.886,-0.057,11.19,,,
[1758214238944912412],1.001,-0.493,11.195,,,
[1758214238950032100],0.776,-0.079,11.466,,,
[1758214238955149235],0.819,-0.28,11.353,,,
[1758214238961617412],0.524,0.029,11.459,,,
[1758214238968014027],0.994,-0.476,11.365,,,
[1758214238974414756],0.615,-0.524,11.53,,,
[1758214238979666110],0.929,-0.146,11.186,,,
[1758214238984814600],0.864,-0.678,11.447,,,
[1758214238989940902],0.778,-0.158,11.31,,,
[1758214238995073297],0.9,-0.658,11.425,,,
[1758214239000176370],0.888,-0.129,11.454,,,
[1758214239005297672],0.824,-0.742,11.372,,,
[1758214239010417256],0.79,-0.251,11.238,,,
[1758214239015569547],0.733,-0.886,11.466,,,
[1758214239020765537],0.668,-0.043,11.145,,,
[1758214239025971995],1.02,-0.773,11.691,,,
[1758214239031098193],0.505,-0.041,11.451,,,
[1758214239036584756],0.946,-0.622,11.143,,,
[1758214239041738870],0.666,-0.074,11.411,,,
[1758214239046885172],0.929,-0.697,11.329,,,
[1758214239052004808],0.634,0.062,11.372,,,
[1758214239057123922],1.116,-0.464,11.123,,,
[1758214239062290277],0.627,0.014,11.387,,,
[1758214239067727047],1.173,-0.558,11.461,,,
[1758214239073004964],0.646,-0.084,11.032,,,
[1758214239078289860],1.08,-0.309,11.303,,,
[1758214239083432516],0.625,0.053,11.162,,,
[1758214239088550485],1.077,-0.366,11.241,,,
[1758214239093699339],0.733,-0.014,11.133,,,
[1758214239098808245],1.135,-0.371,11.76,,,
[1758214239103910589],0.883,-0.321,11.205,,,
[1758214239109021683],1.125,0.0,11.588,,,
[1758214239114201266],1.025,-0.306,11.262,,,
[1758214239119441579],1.113,-0.029,11.463,,,
[1758214239124670589],1.216,-0.239,11.485,,,
[1758214239129795433],0.962,0.196,11.188,,,
[1758214239134946058],0.994,-0.055,11.42,,,
[1758214239140056162],1.377,0.299,11.121,,,
[1758214239146547933],1.393,-0.251,11.241,,,
[1758214239151766162],0.996,0.35,11.466,,,
[1758214239156870902],1.427,-0.283,11.346,,,
[1758214239161969547],0.843,0.488,11.382,,,
[1758214239167101631],1.429,-0.256,10.958,,,
[1758214239172289495],1.01,0.311,11.578,,,
[1758214239177755277],1.532,-0.275,11.109,,,
[1758214239182985068],1.003,0.16,11.291,,,
[1758214239188120485],1.597,-0.273,11.174,,,
[1758214239193375589],1.039,0.072,11.313,,,
[1758214239199990224],1.243,0.251,11.253,,,
[1758214239206608818],1.48,-0.326,11.049,,,
[1758214239211833141],1.025,0.345,11.188,,,
[1758214239216971579],1.511,-0.256,11.102,,,
[1758214239222095277],1.087,0.294,11.346,,,
[1758214239227312829],1.513,-0.299,10.867,,,
[1758214239232466318],0.955,0.077,11.59,,,
[1758214239237569287],1.353,-0.409,11.114,,,
[1758214239242804443],0.943,0.278,11.262,,,
[1758214239247964964],1.389,-0.292,11.293,,,
[1758214239254563558],0.986,-0.371,11.238,,,
[1758214239259841422],1.228,0.117,11.372,,,
[1758214239264984860],1.171,-0.369,11.629,,,
[1758214239270109339],1.075,0.136,11.267,,,
[1758214239275305224],1.192,-0.335,11.514,,,
[1758214239280438402],0.919,-0.067,11.325,,,
[1758214239285871735],1.243,-0.522,11.595,,,
[1758214239291000589],0.792,0.093,11.159,,,
[1758214239296170381],1.243,-0.594,11.236,,,
[1758214239301418245],0.718,-0.026,11.265,,,
[1758214239306555224],1.075,-0.551,11.339,,,
[1758214239311673766],0.749,-0.024,11.562,,,
[1758214239316780537],1.106,-0.582,11.179,,,
[1758214239321895016],0.555,-0.098,11.502,,,
[1758214239327093454],1.003,-0.51,11.047,,,
[1758214239332318349],0.515,0.113,11.612,,,
[1758214239337475172],1.164,-0.766,11.202,,,
[1758214239342986162],0.596,-0.194,11.483,,,
[1758214239348148870],0.989,-0.505,11.253,,,
[1758214239353272412],0.615,-0.402,11.418,,,
[1758214239358628922],0.977,-0.496,11.662,,,
[1758214239363781631],0.591,-0.46,11.162,,,
[1758214239368885745],1.18,-0.318,11.521,,,
[1758214239374041006],0.642,-0.572,11.066,,,
[1758214239379234183],0.879,-0.316,11.588,,,
[1758214239384674443],0.668,-0.52,11.396,,,
[1758214239391645068],0.575,-0.306,11.542,,,
[1758214239398225433],1.008,-0.57,11.188,,,
[1758214239403447047],0.687,-0.175,11.435,,,
[1758214239408559287],0.929,-0.424,11.238,,,
[1758214239413692412],0.637,-0.263,11.176,,,
[1758214239418797620],1.219,-0.589,11.351,,,
[1758214239423956787],0.749,-0.328,11.248,,,
[1758214239429052360],1.068,-0.187,11.42,,,
[1758214239434199339],0.826,-0.33,11.449,,,
[1758214239439314704],1.015,-0.127,11.301,,,
[1758214239444533089],0.824,-0.599,11.626,,,
[1758214239449740120],0.862,0.012,11.138,,,
[1758214239454873922],0.915,-0.326,11.439,,,
[1758214239460010016],1.154,0.158,11.114,,,
[1758214239466572829],1.25,-0.424,11.411,,,
[1758214239471795901],0.895,0.024,11.423,,,
[1758214239476992724],1.343,-0.548,11.281,,,
[1758214239482100954],0.917,0.223,11.363,,,
[1758214239487228558],1.336,-0.431,11.329,,,
[1758214239492383037],0.986,0.211,11.471,,,
[1758214239499649912],1.178,0.113,11.301,,,
[1758214239504901214],1.207,-0.045,11.451,,,
[1758214239510015120],1.094,0.048,11.255,,,
[1758214239515166735],1.219,-0.259,11.502,,,
[1758214239520335693],1.264,0.421,11.102,,,
[1758214239525565016],1.214,-0.328,11.272,,,
[1758214239530658870],1.07,0.287,11.044,,,
[1758214239535787568],1.437,-0.232,11.566,,,
[1758214239540983714],1.053,0.357,11.372,,,
[1758214239546196162],1.391,-0.251,11.138,,,
[1758214239551311214],1.197,0.33,11.147,,,
[1758214239556464912],1.35,-0.328,11.571,,,
[1758214239561763714],1.063,0.196,11.255,,,
[1758214239567658349],1.398,-0.117,11.439,,,
[1758214239572984131],1.094,0.204,11.487,,,
[1758214239579662256],1.159,0.271,11.454,,,
[1758214239586059391],1.525,-0.402,11.471,,,
[1758214239591303714],1.154,0.421,11.576,,,
[1758214239596435172],1.501,-0.225,11.241,,,
[1758214239601563818],1.032,0.22,11.224,,,
[1758214239607002881],1.52,-0.314,11.205,,,
[1758214239612151422],1.051,0.206,11.447,,,
[1758214239617292464],1.384,-0.34,11.54,,,
[1758214239622478870],0.807,0.105,11.916,,,
[1758214239627671370],1.401,-0.249,11.119,,,
[1758214239632876162],0.917,-0.079,11.305,,,
[1758214239638123037],1.336,-0.223,11.463,,,
[1758214239643387308],0.838,-0.196,11.621,,,
[1758214239648542881],1.14,-0.395,11.375,,,
[1758214239653694339],0.713,-0.318,11.303,,,
[1758214239658809912],1.24,-0.067,11.621,,,
[1758214239663914287],0.879,-0.567,11.114,,,
[1758214239669021318],1.185,-0.259,11.763,,,
[1758214239674602308],0.852,-0.453,11.495,,,
[1758214239679830849],1.01,-0.172,11.126,,,
[1758214239684954183],0.994,-0.632,11.416,,,
[1758214239690121422],0.69,-0.036,11.121,,,
[1758214239695304287],0.804,-0.599,11.48,,,
[1758214239700422828],0.752,-0.091,11.332,,,
[1758214239705562568],0.95,-0.843,11.593,,,
[1758214239710654547],0.608,-0.062,11.325,,,
[1758214239716169287],0.924,-0.654,11.334,,,
[1758214239721395901],0.51,-0.249,11.413,,,
[1758214239726624183],1.065,-0.62,11.248,,,
[1758214239789459808],0.788,-0.17,11.478,,,
[1758214239795827724],1.039,-0.606,11.387,,,
[1758214239801066943],0.68,0.122,11.423,,,
[1758214239806191474],0.962,-0.622,11.286,,,
[1758214239811289287],0.733,0.108,11.368,,,
[1758214239816445433],1.113,-0.357,11.38,,,
[1758214239821858870],0.747,0.134,11.181,,,
[1758214239827030328],1.317,-0.558,11.346,,,
[1758214239832193193],0.668,0.072,11.344,,,
[1758214239837360276],1.281,-0.407,11.265,,,
[1758214239842695745],0.802,0.0,11.384,,,
[1758214239846401162],1.305,-0.306,11.463,,,
[1758214239850101735],0.96,0.036,10.886,,,
[1758214239853801005],1.094,-0.287,11.48,,,
[1758214239857476578],1.398,-0.017,11.274,,,
[1758214239861216005],1.027,0.328,11.219,,,
[1758214239864993245],1.446,-0.299,11.394,,,
[1758214239868672776],1.082,0.16,11.229,,,
[1758214239872394443],0.946,0.06,11.428,,,
[1758214239876092308],1.516,-0.002,11.083,,,
[1758214239879825485],1.053,0.266,11.054,,,
[1758214239883516630],1.164,-0.074,10.944,,,
[1758214239887171474],1.257,-0.067,11.281,,,
[1758214239890837620],0.96,0.426,11.308,,,
[1758214239894564026],1.401,-0.373,11.231,,,
[1758214239898256787],1.415,0.055,11.552,,,
[1758214239901984703],1.211,0.261,11.418,,,
[1758214239905650172],1.535,-0.266,11.377,,,
[1758214239909334443],1.264,0.266,11.253,,,
[1758214239913024391],1.003,0.048,11.004,,,
[1758214239916686787],1.439,-0.213,11.157,,,
[1758214239920345380],1.209,0.397,10.918,,,
[1758214239924554755],1.362,-0.421,11.246,,,
[1758214239928377360],1.47,0.029,11.344,,,
[1758214239932115328],1.022,0.215,11.327,,,
[1758214239935830901],1.403,-0.326,11.102,,,
[1758214239939490693],1.006,0.244,11.483,,,
[1758214239943190485],0.958,-0.007,10.891,,,
[1758214239946867620],1.439,-0.156,11.155,,,
[1758214239950539287],1.061,0.503,11.145,,,
[1758214239954208922],1.068,-0.263,11.394,,,
[1758214239957896578],1.31,0.062,11.236,,,
[1758214239961604443],1.125,0.405,11.408,,,
[1758214239965282047],1.077,-0.201,11.576,,,
[1758214239969066005],1.044,0.163,10.982,,,
[1758214239972812308],1.231,-0.124,11.076,,,
[1758214239976481526],1.372,-0.376,11.483,,,
[1758214239980175901],1.07,0.182,10.891,,,
[1758214239983872776],1.255,-0.302,11.303,,,
[1758214239987576578],1.358,-0.081,11.334,,,
[1758214239991296214],0.991,0.11,11.327,,,
[1758214239994956839],1.274,-0.577,11.545,,,
[1758214239998619130],1.298,-0.026,11.42,,,
[1758214240002325537],0.871,-0.069,11.095,,,
[1758214240006025120],1.326,-0.496,11.145,,,
[1758214240009691318],0.869,0.091,11.248,,,
[1758214240013364495],0.982,-0.39,11.339,,,
[1758214240017008974],1.156,-0.364,11.217,,,
[1758214240020697203],0.663,0.022,10.891,,,
[1758214240024456422],1.013,-0.385,11.279,,,
[1758214240028698714],1.104,-0.271,11.327,,,
[1758214240032504703],0.876,-0.127,11.145,,,
[1758214240036175537],1.209,-0.541,11.289,,,
[1758214240039824807],0.67,-0.136,11.109,,,
[1758214240043517203],0.816,-0.56,11.08,,,
[1758214240047153297],1.025,-0.424,11.337,,,
[1758214240050817568],0.694,0.0,11.181,,,
[1758214240054549339],0.869,-0.632,11.313,,,
[1758214240058232932],0.962,-0.117,11.274,,,
[1758214240061894964],0.673,-0.103,11.226,,,
[1758214240065534391],1.125,-0.575,11.231,,,
[1758214240069242672],0.816,-0.06,11.31,,,
[1758214240073031630],0.737,-0.625,11.2,,,
[1758214240076767724],0.972,-0.615,10.918,,,
[1758214240080416057],0.611,-0.266,11.399,,,
[1758214240084116787],0.979,-0.74,11.133,,,
[1758214240087758193],1.219,-0.539,11.277,,,
[1758214240091513766],0.57,-0.29,11.461,,,
[1758214240095201214],1.07,-0.606,11.018,,,
[1758214240098901005],0.804,-0.359,11.329,,,
[1758214240102587568],0.575,-0.338,11.145,,,
[1758214240106252099],1.018,-0.795,11.104,,,
[1758214240109918557],0.682,-0.184,11.195,,,
[1758214240113639443],0.639,-0.622,11.107,,,
[1758214240117307880],0.958,-0.572,11.372,,,
[1758214240121011162],0.565,-0.06,11.123,,,
[1758214240124826735],0.785,-0.699,11.521,,,
[1758214240128502932],0.769,-0.223,11.387,,,
[1758214240132203453],0.642,-0.35,11.629,,,
[1758214240136120172],0.958,-0.74,11.408,,,
[1758214240139874860],0.488,-0.034,11.224,,,
[1758214240143579495],0.692,-0.448,11.339,,,
[1758214240147279703],0.905,-0.259,11.195,,,
[1758214240150990641],0.309,0.115,11.451,,,
[1758214240154700641],1.077,-0.558,11.53,,,
[1758214240158356787],0.888,0.031,11.42,,,
[1758214240162046526],0.555,-0.213,11.677,,,
[1758214240165711318],1.085,-0.536,11.212,,,
[1758214240169389287],0.558,-0.007,11.258,,,
[1758214240173180797],1.053,-0.196,11.107,,,
[1758214240176951735],1.197,-0.381,11.21,,,
[1758214240180732307],0.503,0.096,11.449,,,
[1758214240184398193],1.046,-0.433,11.219,,,
[1758214240188053610],0.958,-0.206,11.135,,,
[1758214240192707984],0.895,-0.215,11.159,,,
[1758214240196556995],1.214,-0.328,11.169,,,
[1758214240200214026],0.663,0.235,10.925,,,
[1758214240203861370],0.84,-0.453,11.229,,,
[1758214240207496943],1.29,-0.086,11.032,,,
[1758214240211246214],0.903,0.163,11.195,,,
[1758214240214922932],1.295,-0.297,11.547,,,
[1758214240218603505],1.204,0.163,11.533,,,
[1758214240222343505],1.037,0.211,11.578,,,
[1758214240226011162],1.415,-0.366,10.992,,,
[1758214240229677724],1.018,0.304,11.061,,,
[1758214240233341891],0.79,-0.026,11.152,,,
[1758214240237024078],1.24,-0.18,11.085,,,
[1758214240241049287],0.843,0.373,11.466,,,
[1758214240244850380],1.298,-0.352,11.396,,,
[1758214240248519026],1.199,0.029,11.255,,,
[1758214240252176839],0.948,0.163,11.064,,,
[1758214240255814547],1.52,-0.093,11.016,,,
[1758214240259461318],1.087,0.29,11.277,,,
[1758214240263133401],0.948,-0.132,11.571,,,
[1758214240266816839],1.489,-0.215,11.059,,,
[1758214240270509234],1.073,0.256,11.08,,,
[1758214240275181995],1.334,-0.311,11.301,,,
[1758214240278959964],1.125,0.175,11.274,,,
[1758214240282654234],1.01,-0.11,11.035,,,
[1758214240286317151],1.513,-0.053,11.341,,,
[1758214240290032724],1.116,0.457,10.987,,,
[1758214240293757359],1.353,-0.16,11.056,,,
[1758214240297407255],1.492,-0.01,11.09,,,
[1758214240301157568],1.125,0.304,11.399,,,
[1758214240304860120],1.355,-0.347,11.387,,,
[1758214240308528662],1.53,0.148,11.214,,,
[1758214240312220849],1.053,0.06,11.349,,,
[1758214240315954026],1.554,-0.215,11.214,,,
[1758214240319735589],1.171,0.148,10.999,,,
[1758214240323541422],0.974,-0.172,11.107,,,
[1758214240327210589],1.238,-0.153,11.21,,,
[1758214240330935120],0.907,0.235,11.499,,,
[1758214240334636891],1.326,-0.433,11.289,,,
[1758214240338308193],1.125,0.184,11.435,,,
[1758214240341988505],1.125,0.069,11.519,,,
[1758214240346184026],1.458,-0.182,11.693,,,
[1758214240349978141],1.027,0.302,11.26,,,
[1758214240353696214],1.199,-0.237,11.111,,,
[1758214240357362412],1.319,-0.263,11.2,,,
[1758214240361053245],1.03,0.086,11.507,,,
[1758214240364751318],1.487,-0.448,11.262,,,
[1758214240368465432],1.367,-0.17,11.36,,,
[1758214240372210537],0.802,-0.11,11.195,,,
[1758214240375867672],1.403,-0.417,11.53,,,
[1758214240379583037],0.792,-0.089,11.047,,,
[1758214240383293453],1.053,-0.436,11.258,,,
[1758214240386961943],1.142,-0.373,11.181,,,
[1758214240390728714],0.804,0.127,11.088,,,
[1758214240394498245],1.147,-0.541,11.291,,,
[1758214240398177984],1.015,-0.148,11.504,,,
[1758214240401866266],0.658,-0.01,11.461,,,
[1758214240405562203],1.149,-0.56,11.353,,,
[1758214240409223193],0.84,-0.029,11.207,,,
[1758214240412892672],0.639,-0.254,11.131,,,
[1758214240416580797],1.061,-0.594,11.152,,,
[1758214240420260901],0.642,0.132,11.217,,,
[1758214240424030589],0.91,-0.347,11.068,,,
[1758214240427726214],0.936,-0.196,11.416,,,
[1758214240431487620],0.618,-0.096,11.286,,,
[1758214240435172464],1.046,-0.579,11.274,,,
[1758214240438859286],1.02,-0.366,11.485,,,
[1758214240442530224],0.469,-0.18,11.126,,,
[1758214240446195068],1.082,-0.603,11.061,,,
[1758214240449848089],0.704,-0.086,11.325,,,
[1758214240453767411],0.766,-0.622,11.241,,,
[1758214240457535797],0.972,-0.424,11.447,,,
[1758214240461275693],0.594,-0.093,11.262,,,
[1758214240464994547],0.915,-0.682,11.497,,,
[1758214240468680745],0.809,-0.192,11.303,,,
[1758214240472423453],0.515,-0.328,10.903,,,
[1758214240476091266],0.97,-0.725,11.088,,,
[1758214240479758245],0.594,-0.074,11.109,,,
[1758214240483428505],0.654,-0.637,11.274,,,
[1758214240487086734],1.018,-0.881,11.078,,,
[1758214240490789339],0.508,-0.06,11.382,,,
[1758214240494553661],0.994,-0.694,11.401,,,
[1758214240498329130],0.63,-0.199,11.487,,,
[1758214240502011266],0.534,-0.283,11.425,,,
[1758214240505678505],1.092,-0.522,11.296,,,
[1758214240509374703],0.594,-0.122,11.408,,,
[1758214240513084807],0.711,-0.175,11.054,,,
[1758214240516771839],0.91,-0.491,11.198,,,
[1758214240520472203],0.611,0.165,11.301,,,
[1758214240524279703],1.238,-0.409,11.229,,,
[1758214240527954807],0.977,-0.23,11.487,,,
[1758214240531640380],0.5,-0.022,11.332,,,
[1758214240535346005],1.18,-0.417,11.047,,,
[1758214240539014651],0.637,0.11,11.435,,,
[1758214240542698193],0.694,-0.05,11.128,,,
[1758214240546382828],1.106,-0.469,11.19,,,
[1758214240551157516],0.723,0.026,11.478,,,
[1758214240556333245],1.135,-0.558,11.337,,,
[1758214240561869495],0.869,0.239,11.188,,,
[1758214240567109026],1.195,-0.433,11.179,,,
[1758214240572295276],0.943,0.086,11.442,,,
[1758214240577475797],1.255,-0.385,11.274,,,
[1758214240582620953],0.682,0.081,11.349,,,
[1758214240587735849],1.355,-0.194,11.337,,,
[1758214240592945536],0.898,0.146,11.344,,,
[1758214240598111318],1.269,-0.151,11.08,,,
[1758214240603283609],0.788,0.201,11.365,,,
[1758214240608523818],1.302,-0.012,11.619,,,
[1758214240613639026],0.848,-0.139,11.25,,,
[1758214240618735589],1.377,0.12,11.219,,,
[1758214240625665068],1.19,-0.321,11.286,,,
[1758214240630858766],1.12,0.285,11.38,,,
[1758214240636037463],1.539,-0.254,11.236,,,
[1758214240641177307],0.848,0.292,11.04,,,
[1758214240646413349],1.626,-0.271,11.217,,,
[1758214240651557984],1.197,0.362,11.861,,,
[1758214240656684807],1.551,-0.151,11.131,,,
[1758214240661860380],1.065,0.345,11.406,,,
[1758214240668132984],1.458,-0.165,11.212,,,
[1758214240673408661],0.927,0.067,11.411,,,
[1758214240678535901],1.377,-0.093,11.289,,,
[1758214240683683609],1.053,0.091,10.817,,,
[1758214240688813661],1.228,0.084,11.315,,,
[1758214240693916005],0.998,-0.072,11.088,,,
[1758214240699008713],1.448,0.065,11.753,,,
[1758214240704204182],1.164,-0.299,11.466,,,
[1758214240709331734],1.293,0.038,11.509,,,
[1758214240714512151],1.192,-0.294,11.107,,,
[1758214240719622776],1.281,-0.055,11.566,,,
[1758214240724817828],0.955,-0.261,11.49,,,
[1758214240729909391],1.293,0.101,10.915,,,
[1758214240735135484],1.314,-0.558,11.358,,,
[1758214240740268036],1.178,0.036,11.107,,,
[1758214240745464286],1.41,-0.543,11.473,,,
[1758214240750628401],0.917,0.297,10.977,,,
[1758214240755773349],1.085,-0.627,11.437,,,
[1758214240760911734],1.027,0.074,11.281,,,
[1758214240766045120],0.936,-0.467,11.435,,,
[1758214240771654807],0.654,0.132,11.032,,,
[1758214240776971786],1.099,-0.505,10.968,,,
[1758214240782113870],0.462,-0.048,11.411,,,
[1758214240787278818],1.027,-0.508,11.188,,,
[1758214240792447099],0.563,-0.12,10.925,,,
[1758214240797620172],1.092,-0.512,11.238,,,
[1758214240802796995],0.675,-0.268,11.617,,,
[1758214240807950588],0.965,-0.634,11.384,,,
[1758214240813103141],0.474,-0.201,11.011,,,
[1758214240818286891],1.171,-0.431,11.507,,,
[1758214240823547307],0.745,-0.412,11.088,,,
[1758214240828668088],0.85,-0.366,11.581,,,
[1758214240833802255],0.606,-0.318,11.123,,,
[1758214240838948036],1.037,-0.596,11.487,,,
[1758214240844075120],0.69,-0.395,11.315,,,
[1758214240849218609],1.039,-0.397,11.353,,,
[1758214240854502203],0.464,-0.448,11.078,,,
[1758214240859672307],0.85,-0.194,11.449,,,
[1758214240864881526],0.804,-0.613,11.284,,,
[1758214240870042515],0.771,-0.239,11.171,,,
[1758214240875630172],0.917,-0.699,11.495,,,
[1758214240880856265],0.575,-0.007,11.14,,,
[1758214240886006161],1.051,-0.706,11.456,,,
[1758214240891121630],0.613,0.127,11.27,,,
[1758214240896257359],1.192,-0.5,11.451,,,
[1758214240901369130],0.589,0.069,11.404,,,
[1758214240906548297],1.094,-0.457,10.951,,,
[1758214240911677307],0.613,0.089,11.418,,,
[1758214240916828349],1.243,-0.512,10.939,,,
[1758214240922021213],0.737,0.098,11.439,,,
[1758214240927218036],1.269,-0.551,11.037,,,
[1758214240932392724],0.871,0.012,11.133,,,
[1758214240937561995],1.128,-0.304,11.277,,,
[1758214240942783401],0.948,-0.093,11.281,,,
[1758214240947975484],1.24,-0.311,11.147,,,
[1758214240953127880],1.008,0.101,11.583,,,
[1758214240958208505],1.152,-0.177,11.186,,,
[1758214240963300224],1.013,0.168,11.353,,,
[1758214240968386734],1.168,-0.007,11.088,,,
[1758214240973671526],1.001,-0.043,11.31,,,
[1758214240978810849],1.355,0.213,11.595,,,
[1758214240985384390],1.348,-0.172,11.49,,,
[1758214240990689078],1.041,0.333,11.236,,,
[1758214240995804911],1.211,-0.318,11.339,,,
[1758214241000949390],1.209,0.249,11.509,,,
[1758214241006102203],1.384,-0.242,11.126,,,
[1758214241011193140],0.946,0.285,11.226,,,
[1758214241016279599],1.475,-0.383,11.353,,,
[1758214241021417359],0.972,0.424,11.056,,,
[1758214241026726161],1.504,-0.294,11.214,,,
[1758214241032486526],1.154,0.211,11.794,,,
[1758214241037663453],1.616,-0.077,11.145,,,
[1758214241043362255],0.941,0.022,11.624,,,
[1758214241048518713],1.446,-0.113,11.224,,,
[1758214241053742620],0.96,0.007,11.001,,,
[1758214241058888349],1.288,-0.053,11.26,,,
[1758214241064061370],0.924,-0.232,11.272,,,
[1758214241069235901],1.199,0.0,11.485,,,
[1758214241074519390],1.271,-0.024,11.133,,,
[1758214241079632307],1.137,0.096,11.59,,,
[1758214241084782932],1.041,-0.584,11.645,,,
[1758214241090323297],1.049,0.108,11.226,,,
[1758214241095453974],1.305,-0.5,11.499,,,
[1758214241100533453],1.116,0.005,11.128,,,
[1758214241105650015],1.398,-0.376,11.43,,,
[1758214241110806265],0.986,0.232,11.126,,,
[1758214241116144755],1.324,-0.505,11.36,,,
[1758214241121325484],0.876,0.041,11.193,,,
[1758214241126515745],1.231,-0.651,11.296,,,
[1758214241131652828],0.735,0.029,11.291,,,
[1758214241136791005],1.097,-0.606,11.325,,,
[1758214241141912567],0.493,0.105,11.253,,,
[1758214241147037463],0.967,-0.508,11.258,,,
[1758214241152259338],0.644,-0.084,11.444,,,
[1758214241157468609],1.199,-0.56,11.064,,,
[1758214241162704286],0.419,-0.057,11.428,,,
[1758214241167798609],1.013,-0.462,11.219,,,
[1758214241173070953],0.464,-0.311,11.26,,,
[1758214241178217203],1.006,-0.536,11.396,,,
[1758214241183329703],0.524,-0.429,11.212,,,
[1758214241188486213],0.924,-0.491,11.406,,,
[1758214241194230901],0.649,-0.405,11.408,,,
[1758214241199449182],0.819,-0.187,11.181,,,
[1758214241206147047],1.037,-0.692,11.607,,,
[1758214241211411734],0.682,-0.067,11.315,,,
[1758214241216573036],0.864,-0.771,11.222,,,
[1758214241221666109],0.51,-0.127,11.571,,,
[1758214241226875640],1.199,-0.476,11.473,,,
[1758214241232021265],0.453,0.148,11.375,,,
[1758214241237211474],1.109,-0.479,11.214,,,
[1758214241242461317],0.752,-0.16,11.655,,,
[1758214241247559963],1.03,-0.45,11.212,,,
[1758214241252758713],0.381,-0.031,11.392,,,
[1758214241257925328],0.972,-0.357,11.408,,,
[1758214241263032307],0.579,-0.048,11.286,,,
[1758214241268163817],0.939,-0.441,11.468,,,
[1758214241273440172],0.615,-0.148,11.179,,,
[1758214241278594182],1.049,-0.342,11.705,,,
[1758214241283814859],0.709,-0.146,11.384,,,
[1758214241288940119],1.041,-0.108,11.796,,,
[1758214241294150067],1.068,-0.373,11.03,,,
[1758214241299732099],0.977,-0.134,11.162,,,
[1758214241304968922],1.113,-0.376,11.806,,,
[1758214241310162515],1.207,0.057,11.27,,,
[1758214241315342411],1.274,-0.414,11.25,,,
[1758214241320455328],1.015,0.237,11.473,,,
[1758214241325692463],1.202,-0.244,11.475,,,
[1758214241330819599],1.085,0.431,11.301,,,
[1758214241335968401],1.393,-0.237,11.598,,,
[1758214241341107047],0.9,0.407,11.222,,,
[1758214241346307359],1.164,-0.208,11.222,,,
[1758214241351466942],0.797,0.455,11.047,,,
[1758214241356601057],1.441,-0.239,11.056,,,
[1758214241361762776],0.996,0.309,11.557,,,
[1758214241366932151],1.422,-0.177,11.42,,,
[1758214241372051422],1.02,0.194,11.569,,,
[1758214241377233088],1.379,-0.259,11.159,,,
[1758214241382439807],1.025,0.172,11.502,,,
[1758214241387615328],1.645,-0.072,11.073,,,
[1758214241392878297],0.814,0.299,11.298,,,
[1758214241398601422],1.434,-0.129,11.408,,,
[1758214241405348661],1.094,0.041,11.229,,,
[1758214241410719442],0.943,0.369,11.48,,,
[1758214241415822776],1.59,-0.177,11.43,,,
[1758214241420971213],1.142,0.18,11.246,,,
[1758214241426180015],1.393,-0.304,11.368,,,
[1758214241431290901],1.049,0.266,11.571,,,
[1758214241436370380],1.281,-0.273,11.234,,,
[1758214241441484442],1.03,0.218,11.255,,,
[1758214241446655224],1.501,-0.448,11.36,,,
[1758214241451865744],0.989,0.168,11.284,,,
[1758214241456986734],1.243,-0.4,11.243,,,
[1758214241462091369],0.824,0.158,11.502,,,
[1758214241467329911],1.331,-0.362,11.155,,,
[1758214241472751422],0.907,0.124,11.564,,,
[1758214241477952359],1.487,-0.383,11.298,,,
[1758214241483038869],0.742,0.093,11.076,,,
[1758214241488175224],1.269,-0.4,11.308,,,
[1758214241493319078],0.757,-0.28,11.377,,,
[1758214241498427724],1.171,-0.213,11.356,,,
[1758214241503549494],0.73,-0.354,11.255,,,
[1758214241508694755],1.044,-0.283,11.468,,,
[1758214241514281682],0.716,-0.268,11.389,,,
[1758214241519517984],0.984,-0.081,11.272,,,
[1758214241524677984],0.991,-0.486,11.25,,,
[1758214241529856526],0.795,-0.117,11.076,,,
[1758214241535096421],0.91,-0.62,11.222,,,
[1758214241540234182],0.62,-0.187,11.339,,,
[1758214241545337984],0.776,-0.749,11.633,,,
[1758214241550492932],0.795,-0.038,11.222,,,
[1758214241555711526],1.092,-0.649,11.439,,,
[1758214241560945536],0.682,-0.086,11.267,,,
[1758214241566065015],0.936,-0.62,11.439,,,
[1758214241571204078],0.699,-0.175,11.169,,,
[1758214241576471682],1.065,-0.761,11.155,,,
[1758214241581632463],0.496,-0.204,11.451,,,
[1758214241586736838],0.977,-0.816,11.281,,,
[1758214241591872307],0.613,-0.077,11.574,,,
[1758214241597029599],1.123,-0.668,11.174,,,
[1758214241602179182],0.579,-0.065,11.459,,,
[1758214241607320640],0.946,-0.515,11.21,,,
[1758214241612515536],0.618,0.089,11.389,,,
[1758214241618257671],1.077,-0.429,11.411,,,
[1758214241623553765],0.546,-0.261,11.296,,,
[1758214241628668609],1.116,-0.311,11.511,,,
[1758214241633834026],0.711,-0.388,11.183,,,
[1758214241638988661],1.022,-0.17,11.418,,,
[1758214241644134755],0.962,-0.273,11.25,,,
[1758214241649246838],1.142,-0.034,11.602,,,
[1758214241654421942],1.058,-0.184,11.238,,,
[1758214241659540692],1.03,-0.215,11.53,,,
[1758214241664757151],0.843,-0.256,11.59,,,
[1758214241669900015],1.027,0.139,11.025,,,
[1758214241675200536],1.099,-0.402,11.715,,,
[1758214241680336474],1.02,0.215,11.281,,,
[1758214241685445015],1.324,-0.227,11.32,,,
[1758214241690527255],0.941,0.196,11.423,,,
[1758214241695677724],1.281,-0.335,11.368,,,
[1758214241700762307],1.176,0.321,11.617,,,
[1758214241705914651],1.29,-0.22,11.37,,,
[1758214241710997724],1.161,0.364,11.416,,,
[1758214241716108140],1.439,-0.182,11.413,,,
[1758214241721784338],1.044,0.364,11.064,,,
[1758214241727064651],1.494,-0.206,11.231,,,
[1758214241732241005],0.994,0.251,11.741,,,
[1758214241737390536],1.46,-0.187,11.241,,,
[1758214241742659494],0.977,0.091,11.507,,,
[1758214241747943973],1.528,-0.237,11.15,,,
[1758214241753123453],1.065,0.029,11.48,,,
[1758214241758267880],1.317,-0.055,11.286,,,
[1758214241763461317],1.046,0.053,11.219,,,
[1758214241769422671],1.281,0.057,11.15,,,
[1758214241774633192],1.264,-0.249,11.454,,,
[1758214241779813296],1.207,0.287,11.672,,,
[1758214241786550536],1.326,-0.175,11.157,,,
[1758214241791813661],0.998,0.431,11.243,,,
[1758214241796970744],1.353,-0.235,11.253,,,
[1758214241802166838],1.02,0.218,11.353,,,
[1758214241807324390],1.53,-0.347,11.286,,,
[1758214241812485432],0.781,0.124,11.246,,,
[1758214241817754911],1.319,-0.359,11.21,,,
[1758214241823084390],0.946,0.048,11.581,,,
[1758214241828609598],1.264,-0.316,11.507,,,
[1758214241833857723],0.965,-0.045,11.183,,,
[1758214241838975484],1.164,-0.022,11.461,,,
[1758214241844058557],0.996,-0.168,11.157,,,
[1758214241849224390],0.922,-0.208,11.487,,,
[1758214241854409598],0.934,-0.215,11.27,,,
[1758214241859747828],1.214,-0.022,11.143,,,
[1758214241865187098],1.113,-0.553,11.217,,,
[1758214241870464182],1.01,0.134,11.334,,,
[1758214241876864442],1.183,-0.603,10.968,,,
[1758214241883359859],0.725,-0.098,11.174,,,
[1758214241888613036],0.984,-0.244,11.681,,,
[1758214241893743557],0.74,-0.292,11.423,,,
[1758214241898850953],0.955,-0.275,11.214,,,
[1758214241903990067],0.735,-0.4,10.927,,,
[1758214241909094598],0.996,-0.4,11.509,,,
[1758214241914190067],0.773,-0.541,11.04,,,
[1758214241919302828],0.852,-0.371,11.751,,,
[1758214241924533348],0.752,-0.503,11.638,,,
[1758214241929753244],0.864,-0.18,11.131,,,
[1758214241935431838],0.874,-0.73,11.516,,,
[1758214241940652515],0.725,-0.18,11.368,,,
[1758214241945782150],0.986,-0.685,11.545,,,
[1758214241950926213],0.862,-0.048,11.255,,,
[1758214241956113348],1.022,-0.634,11.404,,,
[1758214241961222255],0.453,-0.091,11.325,,,
[1758214241966380536],0.984,-0.62,11.265,,,
[1758214241971492723],0.543,0.124,11.377,,,
[1758214241976783973],1.216,-0.642,11.152,,,
[1758214241981986265],0.421,-0.017,11.432,,,
[1758214241987108453],1.144,-0.646,11.341,,,
[1758214241992309963],0.651,0.022,11.461,,,
[1758214241997496578],1.015,-0.326,11.346,,,
[1758214242002706630],0.754,-0.151,11.722,,,
[1758214242007860015],1.092,-0.488,11.289,,,
[1758214242013093088],0.661,-0.127,11.114,,,
[1758214242018243713],1.027,-0.294,11.456,,,
[1758214242023451578],0.651,-0.022,11.217,,,
[1758214242028609546],1.374,-0.299,11.198,,,
[1758214242033789703],0.967,-0.024,11.073,,,
[1758214242039539025],1.223,-0.287,11.729,,,
[1758214242044794598],1.238,-0.237,11.253,,,
[1758214242049895119],1.168,0.11,11.097,,,
[1758214242054983557],1.221,-0.057,11.734,,,
[1758214242060105848],1.161,0.036,10.942,,,
[1758214242065301890],1.185,-0.292,11.363,,,
[1758214242070454442],1.058,0.352,10.951,,,
[1758214242075674703],1.35,-0.397,11.214,,,
