timestamp,x1,y1,z1,x2,y2,z2
[1758203261916930064],,,,0.524,5.801,8.21
[1758203261920631783],,,,0.486,5.914,8.258
[1758203261924286679],,,,0.201,5.686,8.167
[1758203261927939700],,,,0.668,5.758,8.356
[1758203261931628241],,,,0.814,5.72,8.126
[1758203261935298658],,,,0.761,5.763,8.25
[1758203261939003345],,,,0.757,5.878,8.279
[1758203261942706627],,,,0.599,5.765,8.066
[1758203261946350429],,,,0.819,5.696,8.078
[1758203261950019908],,,,0.5,5.89,8.009
[1758203261955576314],,,,0.421,5.971,7.949
[1758203261959619543],,,,0.532,5.806,7.836
[1758203261963395429],,,,0.172,5.995,8.162
[1758203261967113502],,,,1.293,5.466,8.056
[1758203261970845585],,,,1.274,5.557,8.052
[1758203261974544804],,,,1.192,5.466,8.073
[1758203261978232460],,,,1.068,5.636,8.171
[1758203261982189335],,,,0.778,5.531,8.329
[1758203261985916835],,,,0.45,5.842,8.332
[1758203261989585637],,,,0.122,6.019,8.135
[1758203261993295377],,,,0.034,6.148,8.08
[1758203261996973866],,,,0.151,6.076,8.207
[1758203262000751262],,,,0.405,5.933,7.779
[1758203262004598658],,,,0.405,6.129,7.666
[1758203262008317668],,,,0.666,5.966,7.786
[1758203262012882512],,,,0.96,5.689,7.626
[1758203262016663137],,,,0.783,6.093,7.728
[1758203262020374908],,,,0.326,6.057,7.736
[1758203262024039856],,,,0.376,6.151,7.793
[1758203262027691054],,,,0.345,5.926,7.942
[1758203262031389595],,,,0.666,5.878,8.018
[1758203262035045637],,,,0.757,5.866,8.083
[1758203262038713554],,,,0.472,5.871,8.09
[1758203262042396991],,,,0.352,5.906,8.011
[1758203262046050377],,,,0.46,5.737,8.116
[1758203262049716991],,,,0.699,5.701,8.303
[1758203262053438762],,,,0.939,5.657,8.092
[1758203262057184752],,,,1.188,5.444,8.155
[1758203262061207773],,,,1.334,5.449,8.38
[1758203262064898450],,,,1.051,5.423,8.317
[1758203262068597147],,,,0.962,5.48,8.466
[1758203262072271679],,,,0.742,5.638,8.396
[1758203262075910585],,,,0.606,5.622,8.339
[1758203262079636627],,,,0.594,5.547,8.495
[1758203262083358085],,,,0.694,5.796,8.341
[1758203262087792095],,,,0.601,5.787,8.32
[1758203262091915377],,,,0.527,5.772,8.174
[1758203262095686418],,,,0.548,5.906,7.882
[1758203262099360012],,,,0.687,5.887,7.937
[1758203262103022460],,,,0.737,5.878,7.784
[1758203262106659647],,,,0.888,5.796,7.877
[1758203262110373710],,,,0.771,5.859,7.712
[1758203262114128085],,,,0.773,5.76,7.563
[1758203262117787200],,,,0.781,5.813,7.721
[1758203262121543866],,,,0.57,5.729,7.688
[1758203262125219491],,,,0.737,5.873,7.915
[1758203262128904283],,,,0.608,5.892,7.872
[1758203262132630116],,,,0.666,5.784,8.265
[1758203262136441939],,,,0.627,5.89,8.203
[1758203262140120377],,,,0.706,5.832,8.164
[1758203262143772095],,,,0.651,5.684,8.305
[1758203262147440950],,,,0.661,5.717,8.078
[1758203262151142929],,,,0.953,5.713,8.231
[1758203262154843241],,,,0.821,5.672,8.334
[1758203262158514543],,,,0.812,5.567,8.301
[1758203262163129179],,,,0.742,5.593,8.219
[1758203262166910950],,,,0.752,5.784,7.968
[1758203262170674752],,,,0.888,5.578,8.25
[1758203262174340897],,,,0.903,5.703,8.229
[1758203262178010272],,,,0.804,5.681,8.327
[1758203262181714647],,,,0.883,5.904,8.114
[1758203262185396679],,,,0.654,5.875,8.147
[1758203262189072460],,,,0.67,5.806,8.21
[1758203262192800220],,,,0.551,5.959,7.92
[1758203262196494700],,,,0.618,5.763,7.944
[1758203262200406106],,,,0.603,5.77,7.951
[1758203262204217668],,,,0.706,5.823,7.908
[1758203262208026835],,,,0.634,5.942,7.879
[1758203262211791991],,,,0.874,5.945,7.903
[1758203262215487929],,,,0.704,5.744,8.023
[1758203262219184439],,,,0.781,5.717,8.028
[1758203262222867877],,,,0.893,5.76,7.994
[1758203262226555950],,,,0.656,5.804,8.15
[1758203262230201522],,,,0.783,5.763,8.068
[1758203262233893450],,,,0.876,5.705,7.98
[1758203262238662043],,,,0.687,5.708,8.061
[1758203262243528814],,,,0.699,5.741,8.164
[1758203262247498137],,,,0.713,5.708,8.116
[1758203262251425429],,,,0.67,5.847,7.977
[1758203262255299856],,,,0.668,5.789,8.021
[1758203262259211002],,,,0.812,5.746,8.124
[1758203262263550897],,,,0.771,5.713,8.061
[1758203262267446158],,,,0.666,5.775,7.944
[1758203262271382720],,,,0.754,5.856,8.045
[1758203262275264595],,,,0.721,5.823,7.934
[1758203262279148397],,,,0.713,5.722,7.985
[1758203262283027877],,,,0.601,5.801,7.97
[1758203262286751679],,,,0.68,5.916,8.042
[1758203262290615168],,,,0.74,5.859,8.009
[1758203262294380220],,,,0.654,5.729,8.068
[1758203262298044283],,,,0.692,5.837,8.066
[1758203262301748189],,,,0.627,5.775,7.999
[1758203262305661731],,,,0.709,5.758,8.09
[1758203262309388554],,,,0.802,5.775,8.14
[1758203262313977877],,,,0.625,5.799,7.982
[1758203262317772877],,,,0.668,5.722,8.1
[1758203262321480220],,,,0.735,5.696,8.001
[1758203262325137252],,,,0.85,5.918,8.243
[1758203262328808085],,,,0.771,5.708,8.073
[1758203262332513189],,,,0.874,5.78,8.174
[1758203262336171731],,,,0.809,5.713,8.152
[1758203262339839439],,,,0.704,5.696,8.138
[1758203262343565220],,,,0.718,5.722,8.04
[1758203262347279804],,,,0.625,5.954,8.234
[1758203262350954074],,,,0.905,5.681,8.114
[1758203262354611366],,,,0.73,5.811,8.095
[1758203262358372772],,,,0.611,5.83,8.133
[1758203262362356887],,,,0.615,5.784,7.975
[1758203262366084491],,,,0.809,5.909,8.011
[1758203262369831991],,,,0.769,5.883,7.925
[1758203262373526939],,,,0.704,5.792,8.054
[1758203262377215637],,,,0.745,5.875,7.977
[1758203262380959387],,,,0.733,5.768,8.047
[1758203262384670793],,,,0.618,5.732,7.91
[1758203262388336158],,,,0.919,5.727,8.248
[1758203262392113710],,,,0.735,5.722,7.951
[1758203262395773814],,,,0.599,5.725,7.997
[1758203262399496939],,,,0.79,5.849,8.088
[1758203262403209804],,,,0.764,5.883,8.246
[1758203262406957564],,,,0.469,5.686,8.238
[1758203262411122356],,,,0.907,5.82,8.023
[1758203262414920012],,,,0.86,5.804,8.164
[1758203262418706210],,,,0.69,5.794,8.262
[1758203262422406627],,,,0.599,5.705,7.977
[1758203262426062304],,,,0.706,5.768,8.006
[1758203262429739752],,,,0.781,5.782,8.231
[1758203262433427772],,,,0.761,5.696,8.198
[1758203262437116314],,,,0.67,5.794,8.14
[1758203262440893710],,,,0.778,5.895,8.078
[1758203262444567824],,,,0.687,5.818,8.066
[1758203262448256627],,,,0.704,5.811,7.963
[1758203262451955377],,,,0.713,5.681,8.025
[1758203262455679491],,,,0.795,5.777,7.922
[1758203262459461106],,,,0.687,5.748,8.097
[1758203262463400897],,,,0.737,5.78,7.839
[1758203262467132356],,,,0.702,5.765,8.066
[1758203262470875012],,,,0.733,5.777,8.088
[1758203262474570481],,,,0.706,5.816,8.035
[1758203262478274595],,,,0.912,5.868,8.138
[1758203262481971106],,,,0.848,5.873,7.997
[1758203262485643345],,,,0.584,5.66,8.229
[1758203262489333606],,,,0.644,5.744,8.102
[1758203262493018502],,,,0.764,5.808,8.279
[1758203262496677929],,,,0.678,5.746,8.243
[1758203262500372824],,,,0.752,5.796,8.174
[1758203262504118554],,,,0.69,5.82,8.217
[1758203262507878137],,,,0.716,5.708,8.078
[1758203262511791522],,,,0.678,5.698,8.064
[1758203262516290064],,,,0.745,5.753,8.191
[1758203262520103710],,,,0.692,5.789,8.011
[1758203262524537304],,,,0.759,5.729,8.059
[1758203262528655116],,,,0.651,5.686,8.229
[1758203262532436522],,,,0.666,5.698,7.944
[1758203262536083033],,,,0.697,5.758,8.195
[1758203262539724908],,,,0.776,5.665,7.994
[1758203262543440064],,,,0.697,5.758,8.186
[1758203262547098554],,,,0.634,5.787,8.085
[1758203262550821783],,,,0.766,5.772,7.958
[1758203262554467147],,,,0.771,5.583,8.035
[1758203262558128085],,,,0.824,5.703,8.018
[1758203262562685689],,,,0.651,5.746,7.925
[1758203262566493710],,,,0.618,5.729,8.133
[1758203262570145637],,,,0.723,5.746,7.98
[1758203262573808449],,,,0.936,5.751,8.265
[1758203262577448658],,,,0.891,5.859,8.092
[1758203262581172616],,,,0.682,5.76,8.162
[1758203262584857564],,,,0.764,5.825,8.013
[1758203262588523970],,,,0.883,5.77,8.045
[1758203262592173866],,,,0.694,5.796,8.04
[1758203262595811835],,,,0.706,5.725,8.159
[1758203262599509439],,,,0.757,5.792,7.815
[1758203262603251574],,,,0.613,5.789,8.234
[1758203262607000220],,,,0.697,5.753,8.09
[1758203262610746991],,,,0.668,5.897,8.018
[1758203262614434543],,,,0.632,5.737,8.052
[1758203262619960741],,,,0.728,5.734,8.042
[1758203262623799908],,,,0.654,5.672,8.023
[1758203262627522981],,,,0.721,5.866,7.992
[1758203262631198762],,,,0.74,5.665,8.047
[1758203262635758033],,,,0.737,5.782,8.054
[1758203262639680897],,,,0.733,5.758,7.985
[1758203262643423606],,,,0.888,5.808,8.092
[1758203262647068658],,,,0.62,5.787,8.04
[1758203262650790845],,,,0.747,5.909,8.013
[1758203262654448814],,,,0.713,5.717,8.059
[1758203262658123814],,,,0.804,5.801,8.131
[1758203262662858345],,,,0.749,5.782,7.982
[1758203262666653658],,,,0.725,5.954,8.004
[1758203262670350481],,,,0.711,5.657,8.193
[1758203262674016314],,,,0.579,5.681,8.162
[1758203262677652147],,,,0.706,5.801,8.035
[1758203262681343866],,,,0.613,5.78,8.078
[1758203262685017199],,,,0.634,5.839,8.112
[1758203262688670533],,,,0.716,5.792,7.97
[1758203262692317251],,,,0.824,5.77,7.994
[1758203262695956106],,,,0.819,5.789,7.956
[1758203262699601210],,,,0.757,5.775,8.128
[1758203262703289022],,,,0.634,5.677,8.085
[1758203262707503918],,,,0.687,5.744,7.956
[1758203262712363918],,,,0.718,5.72,8.03
[1758203262716348970],,,,0.685,5.808,8.131
[1758203262720256418],,,,0.649,5.753,8.138
[1758203262724236053],,,,0.764,5.799,8.083
[1758203262728167251],,,,0.699,5.76,8.112
[1758203262732090949],,,,0.735,5.715,7.841
[1758203262735997251],,,,0.649,5.835,7.982
[1758203262740946887],,,,0.706,5.76,7.815
[1758203262744875897],,,,0.534,5.746,7.944
[1758203262749146053],,,,0.764,5.88,8.066
[1758203262752892147],,,,0.651,5.854,8.119
[1758203262756555012],,,,0.79,5.844,7.944
[1758203262760228241],,,,0.709,5.679,8.052
[1758203262764763658],,,,0.749,5.816,7.961
[1758203262768598501],,,,0.69,5.679,8.042
[1758203262772322147],,,,0.622,5.787,7.949
[1758203262775975168],,,,0.68,5.863,8.193
[1758203262779627512],,,,0.682,5.813,8.056
[1758203262783311106],,,,0.678,5.856,8.181
[1758203262787015116],,,,0.718,5.906,8.203
[1758203262790718658],,,,0.924,5.66,8.14
[1758203262794382616],,,,0.804,5.722,8.25
[1758203262798043501],,,,0.649,5.792,8.068
[1758203262801762981],,,,0.749,5.696,8.083
[1758203262805440064],,,,0.68,5.72,8.011
[1758203262809207147],,,,0.661,5.657,8.217
[1758203262813038814],,,,0.534,5.689,8.107
[1758203262816713658],,,,0.831,5.741,7.97
[1758203262820459856],,,,0.627,5.775,8.121
[1758203262824367720],,,,0.773,5.768,7.942
[1758203262828079178],,,,0.709,5.799,8.116
[1758203262831843970],,,,0.553,5.777,8.282
[1758203262835540897],,,,0.802,5.796,8.112
[1758203262839236314],,,,0.627,5.732,8.042
[1758203262843853189],,,,0.481,5.806,8.013
[1758203262847741470],,,,0.73,5.739,7.999
[1758203262851555168],,,,0.536,5.825,8.188
[1758203262855218553],,,,0.709,5.792,8.243
[1758203262858887095],,,,0.709,5.737,8.066
[1758203262863523137],,,,0.783,5.751,8.045
[1758203262867309595],,,,0.776,5.76,8.272
[1758203262870992251],,,,0.63,5.811,7.977
[1758203262874652356],,,,0.733,5.827,8.095
[1758203262878307876],,,,0.747,5.756,8.171
[1758203262881990585],,,,0.697,5.715,8.176
[1758203262885651678],,,,0.747,5.775,8.126
[1758203262889357043],,,,0.711,5.689,7.848
[1758203262893025220],,,,0.807,5.921,8.042
[1758203262896679387],,,,0.651,5.861,8.023
[1758203262900466678],,,,0.816,5.705,8.147
[1758203262904206366],,,,0.678,5.758,8.2
[1758203262907953762],,,,0.553,5.938,8.15
[1758203262911913241],,,,0.723,5.789,8.054
[1758203262915613033],,,,0.622,5.748,8.1
[1758203262919307512],,,,0.795,5.969,8.076
[1758203262922982720],,,,0.656,5.713,8.121
[1758203262926637460],,,,0.668,5.698,8.188
[1758203262930348085],,,,0.697,5.775,7.882
[1758203262934074856],,,,0.785,5.935,7.975
[1758203262937768814],,,,0.733,5.789,7.944
[1758203262941436835],,,,0.62,5.818,8.143
[1758203262945098918],,,,0.644,5.794,8.088
[1758203262948804335],,,,0.675,5.717,8.179
[1758203262952521053],,,,0.654,5.77,8.191
[1758203262956310220],,,,0.711,5.725,8.262
[1758203262960010116],,,,0.709,5.698,8.102
[1758203262964120116],,,,0.678,5.713,8.116
[1758203262967857668],,,,0.728,5.748,8.162
[1758203262971551001],,,,0.718,5.66,8.135
[1758203262975248085],,,,0.484,5.772,8.176
[1758203262978947564],,,,0.627,5.77,8.171
[1758203262982642460],,,,0.735,5.758,8.009
[1758203262986390064],,,,0.472,5.945,8.109
[1758203262990076991],,,,0.697,5.657,8.097
[1758203262993752668],,,,0.833,5.813,8.095
[1758203262997446835],,,,0.632,5.722,8.181
[1758203263001174230],,,,0.661,5.715,8.188
[1758203263004891366],,,,0.718,5.684,8.135
[1758203263008726991],,,,0.702,5.861,8.102
[1758203263012506053],,,,0.692,5.806,7.985
[1758203263016178033],,,,0.737,5.689,8.08
[1758203263019849960],,,,0.539,5.653,7.891
[1758203263023545845],,,,0.814,5.784,8.102
[1758203263027209803],,,,0.747,5.93,8.045
[1758203263031014491],,,,0.723,5.768,8.088
[1758203263034716053],,,,0.85,5.801,7.903
[1758203263038386053],,,,0.632,5.964,8.183
[1758203263042101314],,,,0.764,5.837,8.054
[1758203263045760949],,,,0.654,5.765,8.107
[1758203263049471470],,,,0.658,5.746,8.016
[1758203263053171522],,,,0.764,5.813,8.188
[1758203263056867303],,,,0.606,5.784,8.076
[1758203263060861053],,,,0.687,5.741,8.109
[1758203263064636262],,,,0.74,5.748,8.219
[1758203263069283918],,,,0.807,5.693,8.135
[1758203263073133033],,,,0.737,5.705,8.112
[1758203263076919126],,,,0.721,5.691,8.064
[1758203263080640533],,,,0.682,5.789,8.023
[1758203263084320480],,,,0.68,5.746,7.942
[1758203263088012251],,,,0.742,5.796,8.097
[1758203263091706626],,,,0.627,5.547,8.181
[1758203263095372303],,,,0.658,5.684,8.056
[1758203263099047408],,,,0.737,5.76,8.095
[1758203263102780949],,,,0.812,5.722,8.203
[1758203263106454230],,,,0.632,5.765,8.033
[1758203263110209283],,,,0.536,5.693,8.045
[1758203263114849855],,,,0.694,5.763,7.951
[1758203263118642824],,,,0.876,5.672,7.853
[1758203263122343033],,,,0.716,5.605,8.143
[1758203263126005428],,,,0.682,5.844,7.989
[1758203263129670428],,,,0.618,5.768,8.145
[1758203263133364543],,,,0.613,5.703,7.875
[1758203263137031210],,,,0.778,5.744,7.966
[1758203263140781366],,,,0.761,5.837,7.987
[1758203263144469022],,,,0.603,5.883,7.956
[1758203263148178970],,,,0.692,5.856,8.135
[1758203263151930793],,,,0.666,5.768,8.241
[1758203263155595168],,,,0.67,5.784,8.033
[1758203263159370689],,,,0.469,5.878,8.095
[1758203263163400480],,,,0.606,5.691,8.073
[1758203263167102876],,,,0.694,5.729,8.102
[1758203263172690064],,,,0.848,5.765,8.004
[1758203263176759543],,,,0.654,5.696,8.174
[1758203263180805585],,,,0.709,5.763,8.193
[1758203263184734178],,,,0.713,5.748,7.966
[1758203263188654960],,,,0.682,5.93,8.21
[1758203263192607720],,,,0.742,5.866,8.085
[1758203263196499022],,,,0.5,5.94,8.054
[1758203263200472512],,,,0.663,5.739,8.004
[1758203263204713345],,,,0.668,5.909,8.061
[1758203263208633501],,,,0.479,5.739,7.992
[1758203263213367616],,,,0.594,5.717,8.04
[1758203263217144855],,,,0.922,5.796,7.999
[1758203263220926574],,,,0.776,5.971,7.985
[1758203263224607303],,,,0.615,5.823,8.059
[1758203263228276522],,,,0.649,5.801,8.049
[1758203263231995116],,,,0.587,5.708,8.047
[1758203263235665220],,,,0.814,5.54,8.078
[1758203263239327668],,,,0.673,5.866,8.138
[1758203263243020949],,,,0.721,5.679,8.085
[1758203263246681366],,,,0.565,5.906,8.128
[1758203263250409855],,,,0.766,5.753,7.982
[1758203263254163189],,,,0.745,5.734,8.073
[1758203263257927199],,,,0.591,5.952,8.033
[1758203263261886835],,,,0.618,5.77,8.061
[1758203263265580845],,,,0.69,5.734,8.061
[1758203263269262303],,,,0.764,5.775,8.138
[1758203263272980168],,,,0.759,5.679,8.128
[1758203263276661574],,,,0.512,5.816,8.107
[1758203263280381001],,,,0.776,5.72,8.092
[1758203263284091210],,,,0.644,5.746,7.846
[1758203263287782095],,,,0.687,5.768,8.155
[1758203263291460793],,,,0.836,5.904,8.131
[1758203263295167095],,,,0.785,5.813,8.205
[1758203263298883085],,,,0.611,5.555,7.891
[1758203263302634907],,,,0.757,5.748,8.03
[1758203263306899855],,,,0.692,5.691,8.076
[1758203263311479335],,,,0.69,5.78,7.994
[1758203263315350220],,,,0.742,5.741,8.004
[1758203263319033710],,,,0.716,5.758,8.155
[1758203263322716574],,,,0.678,5.823,8.04
[1758203263326373085],,,,0.673,5.854,8.104
[1758203263330045585],,,,0.515,5.952,8.001
[1758203263333735376],,,,0.915,5.739,8.042
[1758203263337410168],,,,0.599,5.734,7.989
[1758203263341115376],,,,0.687,5.669,8.15
[1758203263344782616],,,,0.776,5.725,8.15
[1758203263348451210],,,,0.874,5.753,8.085
[1758203263352175741],,,,0.718,5.59,8.124
[1758203263356025168],,,,0.723,5.713,7.97
[1758203263359731418],,,,0.721,5.832,7.997
[1758203263363682980],,,,0.785,5.82,8.092
[1758203263367437043],,,,0.711,5.804,8.138
[1758203263371171210],,,,0.661,5.765,8.064
[1758203263374837407],,,,0.627,5.93,8.145
[1758203263378502459],,,,0.797,5.88,8.037
[1758203263385203970],,,,0.666,5.78,8.088
[1758203263389085897],,,,0.903,5.799,8.045
[1758203263392906522],,,,0.668,5.799,8.064
[1758203263396588293],,,,0.771,5.725,8.056
[1758203263400252980],,,,0.627,5.801,8.272
[1758203263403941678],,,,0.915,5.746,8.102
[1758203263407628762],,,,0.711,5.758,8.08
[1758203263412288084],,,,0.687,5.727,8.001
[1758203263416146991],,,,0.706,5.729,8.25
[1758203263419826053],,,,0.702,5.746,8.095
[1758203263423516678],,,,0.788,5.763,8.016
[1758203263427177459],,,,0.634,5.825,8.27
[1758203263430944595],,,,0.723,5.717,8.147
[1758203263434617616],,,,0.529,5.782,8.162
[1758203263438282928],,,,0.618,5.777,8.2
[1758203263441971053],,,,0.706,5.705,8.056
[1758203263445641366],,,,0.737,5.758,8.078
[1758203263449312251],,,,0.658,5.751,7.98
[1758203263453025272],,,,0.706,5.883,8.107
[1758203263456698866],,,,0.802,5.772,8.042
[1758203263460554022],,,,0.792,5.729,8.155
[1758203263464478762],,,,0.745,5.83,8.102
[1758203263468234074],,,,0.682,5.768,8.102
[1758203263471961730],,,,0.905,5.854,7.98
[1758203263475639491],,,,0.553,5.811,8.028
[1758203263479308918],,,,0.807,5.782,8.138
[1758203263483001991],,,,0.615,5.739,7.973
[1758203263486697459],,,,0.639,5.701,8.097
[1758203263490464751],,,,0.709,5.887,8.231
[1758203263494162616],,,,0.718,5.801,7.97
[1758203263497826574],,,,0.697,5.854,8.274
[1758203263501563189],,,,0.694,5.672,8.078
[1758203263505250793],,,,0.69,5.777,8.238
[1758203263509034126],,,,0.625,5.827,8.102
[1758203263512813241],,,,0.625,5.727,8.097
[1758203263516880584],,,,0.783,5.756,7.982
[1758203263520716314],,,,0.702,5.789,8.085
[1758203263524436053],,,,0.587,5.82,8.033
[1758203263528171939],,,,0.685,5.646,8.052
[1758203263531890220],,,,0.781,5.72,8.016
[1758203263535593709],,,,0.51,5.842,8.085
[1758203263539297928],,,,0.8,5.916,7.963
[1758203263543039282],,,,0.742,5.844,8.119
[1758203263546709334],,,,0.589,5.693,8.078
[1758203263550448345],,,,0.778,5.71,8.001
[1758203263554198345],,,,0.886,5.765,8.1
[1758203263557912876],,,,0.649,5.804,8.078
[1758203263562328449],,,,0.673,5.792,7.946
[1758203263566030637],,,,0.737,5.88,8.121
[1758203263569696522],,,,0.73,5.875,8.033
[1758203263573417043],,,,0.73,5.933,8.088
[1758203263577076262],,,,0.824,5.842,8.167
[1758203263580827668],,,,0.838,5.837,8.114
[1758203263584500428],,,,0.747,5.686,8.26
[1758203263588167355],,,,0.675,5.818,8.198
[1758203263591861262],,,,0.618,5.717,8.169
[1758203263595524386],,,,0.68,5.717,8.253
[1758203263599187355],,,,0.615,5.827,8.157
[1758203263602958449],,,,0.721,5.801,8.104
[1758203263606804334],,,,0.697,5.851,8.03
[1758203263610588189],,,,0.644,5.954,8.15
[1758203263615195480],,,,0.697,5.686,7.951
[1758203263619023241],,,,0.733,5.823,7.875
[1758203263622973136],,,,0.886,5.811,8.023
[1758203263626685116],,,,0.632,5.737,8.229
[1758203263630430897],,,,0.666,5.966,8.14
[1758203263634128032],,,,0.716,5.866,8.133
[1758203263637789178],,,,0.788,5.775,8.217
[1758203263642685949],,,,0.661,5.78,7.846
[1758203263646658657],,,,0.709,5.95,8.107
[1758203263650682564],,,,0.766,5.689,8.097
[1758203263654695428],,,,0.649,5.78,7.872
[1758203263658641261],,,,0.694,5.78,8.061
[1758203263662681991],,,,0.656,5.631,8.056
[1758203263666597980],,,,0.697,5.705,8.116
[1758203263670619959],,,,0.687,5.871,7.987
[1758203263674841626],,,,0.723,5.835,7.853
[1758203263678757511],,,,0.769,5.744,7.977
[1758203263682691886],,,,0.682,5.772,8.203
[1758203263687319751],,,,0.692,5.811,8.03
[1758203263691176105],,,,0.702,5.71,7.999
[1758203263694843501],,,,0.74,5.665,8.016
[1758203263698505064],,,,0.838,5.887,8.083
[1758203263702208345],,,,0.706,5.799,8.056
[1758203263705876209],,,,0.706,5.827,8.162
[1758203263709559543],,,,0.694,5.818,8.073
[1758203263714180793],,,,0.654,5.703,8.04
[1758203263717984126],,,,0.625,5.799,8.088
[1758203263721688032],,,,0.682,5.789,8.011
[1758203263725346261],,,,0.649,5.871,8.03
[1758203263729297459],,,,0.632,5.72,8.071
[1758203263733070532],,,,0.761,5.737,8.006
[1758203263736744282],,,,0.742,5.739,8.226
[1758203263740444595],,,,0.804,5.772,8.215
[1758203263744152407],,,,0.673,5.739,8.013
[1758203263747830116],,,,0.706,5.526,8.006
[1758203263751556522],,,,0.766,5.942,7.918
[1758203263755239699],,,,0.666,5.705,8.195
[1758203263759043709],,,,0.639,5.782,8.045
[1758203263763677772],,,,0.781,5.748,7.951
[1758203263767532772],,,,0.685,5.77,8.217
[1758203263771196834],,,,0.783,5.775,8.14
[1758203263774841834],,,,0.68,5.854,8.047
[1758203263778496209],,,,0.716,5.669,8.009
[1758203263782211782],,,,0.608,5.82,8.097
[1758203263785958553],,,,0.898,5.744,8.109
[1758203263789659751],,,,0.565,5.765,8.15
[1758203263793341574],,,,0.644,5.849,8.195
[1758203263797023605],,,,0.611,5.892,8.102
[1758203263800805480],,,,0.704,5.698,8.193
[1758203263804532876],,,,0.728,5.71,7.999
[1758203263808361470],,,,0.74,5.772,8.056
[1758203263812138084],,,,0.675,5.883,8.265
[1758203263815843241],,,,0.702,5.789,8.157
[1758203263819518501],,,,0.632,5.744,7.858
[1758203263823213501],,,,0.711,5.66,8.164
[1758203263826912668],,,,0.654,5.935,8.162
[1758203263830636470],,,,0.642,5.689,8.088
[1758203263835387095],,,,0.658,5.844,7.932
[1758203263839264751],,,,0.713,5.784,8.064
[1758203263843036938],,,,0.788,5.669,8.092
[1758203263846685168],,,,0.721,5.748,8.164
[1758203263850398084],,,,0.749,5.818,8.1
[1758203263854104751],,,,0.639,5.794,8.152
[1758203263857781991],,,,0.759,5.906,8.133
[1758203263862360116],,,,0.788,5.816,8.14
[1758203263866154386],,,,0.766,5.823,8.152
[1758203263869820845],,,,0.828,5.72,7.951
[1758203263873503241],,,,0.752,5.808,8.107
[1758203263877166574],,,,0.709,5.732,8.054
[1758203263880879334],,,,0.682,5.906,8.071
[1758203263884545845],,,,0.646,5.837,7.896
[1758203263888237824],,,,0.79,5.739,8.1
[1758203263891913918],,,,0.733,5.938,8.164
[1758203263895561001],,,,0.838,5.751,7.961
[1758203263899237616],,,,0.706,5.825,7.896
[1758203263903006209],,,,0.749,5.792,8.25
[1758203263906796678],,,,0.903,5.725,8.128
[1758203263910559595],,,,0.668,5.863,8.234
[1758203263914535688],,,,0.723,5.854,8.042
[1758203263918228084],,,,0.603,5.811,8.1
[1758203263921922303],,,,0.706,5.681,8.21
[1758203263925573709],,,,0.644,5.789,8.174
[1758203263929240428],,,,0.771,5.859,8.09
[1758203263932970636],,,,0.73,5.77,8.222
[1758203263936702147],,,,0.699,5.873,8.006
[1758203263940690428],,,,0.759,5.727,8.042
[1758203263944450480],,,,0.702,5.748,8.107
[1758203263948126678],,,,0.74,5.737,8.217
[1758203263951883449],,,,0.644,5.705,8.066
[1758203263955546730],,,,0.752,5.691,8.104
[1758203263959344959],,,,0.706,5.823,8.262
[1758203263963145949],,,,0.735,5.732,8.03
[1758203263966804386],,,,0.79,5.739,8.188
[1758203263970542668],,,,0.759,5.756,8.006
[1758203263974269491],,,,0.773,5.571,7.882
[1758203263977944022],,,,0.721,5.916,8.171
[1758203263981670793],,,,0.769,5.646,8.107
[1758203263985342772],,,,0.785,5.748,8.112
[1758203263989011938],,,,0.73,5.739,8.128
[1758203263992725741],,,,0.814,5.878,8.145
[1758203263996384543],,,,0.8,5.842,8.26
[1758203264000083918],,,,0.611,5.883,8.025
[1758203264003918188],,,,0.673,5.768,8.037
[1758203264007646678],,,,0.761,5.772,8.037
[1758203264011561105],,,,0.757,5.653,8.128
[1758203264015248241],,,,0.639,5.916,8.078
[1758203264018914803],,,,0.716,5.871,8.236
[1758203264022609647],,,,0.694,5.832,7.987
[1758203264028318605],,,,0.709,5.729,7.896
[1758203264032026261],,,,0.733,5.701,8.282
[1758203264035740480],,,,0.804,5.729,8.143
[1758203264039472199],,,,0.836,5.806,8.267
[1758203264043183918],,,,0.675,5.806,8.226
[1758203264047634855],,,,0.697,5.811,8.052
[1758203264051469178],,,,0.713,5.811,8.109
[1758203264055249803],,,,0.69,5.794,7.977
[1758203264058927772],,,,0.766,5.789,8.15
[1758203264063535949],,,,0.728,5.756,7.918
[1758203264067341418],,,,0.658,5.748,8.078
[1758203264071009230],,,,0.761,5.808,8.045
[1758203264074661313],,,,0.737,5.732,8.078
[1758203264078323345],,,,0.656,5.792,7.86
[1758203264082023501],,,,0.632,5.789,8.226
[1758203264085677355],,,,0.711,5.686,7.942
[1758203264089332251],,,,0.697,5.796,8.253
[1758203264093006834],,,,0.833,5.677,8.169
[1758203264096661522],,,,0.678,5.76,8.14
[1758203264100381157],,,,0.785,5.717,8.109
[1758203264104115688],,,,0.871,5.763,8.174
[1758203264108312095],,,,0.678,5.689,8.1
[1758203264113142615],,,,0.692,5.777,7.848
[1758203264117115793],,,,0.713,5.796,8.073
[1758203264121966990],,,,0.661,5.748,7.944
[1758203264125929022],,,,0.855,5.844,8.138
[1758203264129848657],,,,0.668,5.806,8.112
[1758203264133765324],,,,0.713,5.796,7.992
[1758203264137654490],,,,0.654,5.816,8.047
[1758203264141602876],,,,0.69,5.794,8.016
[1758203264145491730],,,,0.833,5.753,8.021
[1758203264149351157],,,,0.761,5.765,7.982
[1758203264153058449],,,,0.663,5.782,7.951
[1758203264156717615],,,,0.608,5.737,8.112
[1758203264160479647],,,,0.646,5.72,8.236
[1758203264165141418],,,,0.864,5.763,8.056
[1758203264169240376],,,,0.713,5.763,7.884
[1758203264173046886],,,,0.685,5.823,7.963
[1758203264176707303],,,,0.637,5.729,7.817
[1758203264180403865],,,,0.687,5.725,8.04
[1758203264184131261],,,,0.725,5.756,8.131
[1758203264187794334],,,,0.694,5.722,8.14
[1758203264191539438],,,,0.716,5.698,8.224
[1758203264195202720],,,,0.69,5.825,8.03
[1758203264198857876],,,,0.663,5.684,7.817
[1758203264202552407],,,,0.764,5.782,8.076
[1758203264206217459],,,,0.615,5.806,8.107
[1758203264209905168],,,,0.737,5.926,8.064
[1758203264213911730],,,,0.658,5.689,8.143
[1758203264217614282],,,,0.654,5.914,8.097
[1758203264221291053],,,,0.718,5.832,8.198
[1758203264224949751],,,,0.632,5.847,8.131
[1758203264228604543],,,,0.63,5.681,7.973
[1758203264232311782],,,,0.661,5.717,8.102
[1758203264236063553],,,,0.757,5.799,7.954
[1758203264239717511],,,,0.608,5.801,8.088
[1758203264243421313],,,,0.661,5.856,8.042
[1758203264247084334],,,,0.709,5.751,8.119
[1758203264250823292],,,,0.713,5.928,8.155
[1758203264254507407],,,,0.646,5.804,8.033
[1758203264258253970],,,,0.68,5.77,8.049
[1758203264262014959],,,,0.8,5.875,8.217
[1758203264265658188],,,,0.855,5.918,8.08
[1758203264269297355],,,,0.601,5.856,8.147
[1758203264273385532],,,,0.649,5.823,8.006
[1758203264277155063],,,,0.764,5.832,8.08
[1758203264280906522],,,,0.711,5.842,8.174
[1758203264284557147],,,,0.771,5.765,8.064
[1758203264288256574],,,,0.587,5.792,8.109
[1758203264292016834],,,,0.622,5.801,8.167
[1758203264295689803],,,,0.716,5.811,8.14
[1758203264299356053],,,,0.773,5.672,8.097
[1758203264303068553],,,,0.656,5.875,7.987
[1758203264306765428],,,,0.723,5.753,8.145
[1758203264310554542],,,,0.709,5.811,8.112
[1758203264315148136],,,,0.644,5.765,8.078
[1758203264318938761],,,,0.678,5.962,8.159
[1758203264322590480],,,,0.807,5.672,8.035
[1758203264326227928],,,,0.615,5.753,8.011
[1758203264329901574],,,,0.68,5.799,8.03
[1758203264333604438],,,,0.67,5.969,8.159
[1758203264337291626],,,,0.673,5.792,8.112
[1758203264340969334],,,,0.84,5.691,7.934
[1758203264344635115],,,,0.675,5.59,8.128
[1758203264348292147],,,,0.68,5.806,8.035
[1758203264351989178],,,,0.759,5.705,7.982
[1758203264355680272],,,,0.725,5.598,8.107
[1758203264359515272],,,,0.464,5.78,8.042
[1758203264363489647],,,,0.632,5.792,8.016
[1758203264367208136],,,,0.862,5.816,8.1
[1758203264370956678],,,,0.709,5.825,8.152
[1758203264374648813],,,,0.694,5.737,8.1
[1758203264378328917],,,,0.788,5.763,8.15
[1758203264382313605],,,,0.745,5.701,8.095
[1758203264386030845],,,,0.618,5.799,8.183
[1758203264389802667],,,,0.651,5.801,8.013
[1758203264393521678],,,,0.685,5.77,8.121
[1758203264397178136],,,,0.733,5.842,7.973
[1758203264400906990],,,,0.668,5.832,8.234
[1758203264404609959],,,,0.778,5.789,8.195
[1758203264408468084],,,,0.654,5.748,8.083
[1758203264413076938],,,,0.685,5.748,7.846
[1758203264416853397],,,,0.68,5.746,7.92
[1758203264420587095],,,,0.728,5.772,8.188
[1758203264424294334],,,,0.543,5.799,8.217
[1758203264427955115],,,,0.639,5.737,8.152
[1758203264431633188],,,,0.74,5.854,8.061
[1758203264435283657],,,,0.721,5.691,8.217
[1758203264438934386],,,,0.709,5.78,7.973
[1758203264442609178],,,,0.587,5.777,8.332
[1758203264446292667],,,,0.718,5.847,8.1
[1758203264449970011],,,,0.761,5.686,8.08
[1758203264453680897],,,,0.73,5.708,8.114
[1758203264457460897],,,,0.618,5.763,8.169
[1758203264461410949],,,,0.651,5.737,8.004
[1758203264465105376],,,,0.534,5.777,7.973
[1758203264468816990],,,,0.711,5.722,8.171
[1758203264472500376],,,,0.675,5.789,8.167
[1758203264476181522],,,,0.613,5.77,8.128
[1758203264479852199],,,,0.713,5.784,7.954
[1758203264483567251],,,,0.613,5.825,8.222
[1758203264487650272],,,,0.627,5.796,8.1
[1758203264491365792],,,,0.675,5.753,8.267
[1758203264495032251],,,,0.745,5.811,8.047
[1758203264498726678],,,,0.68,5.82,8.023
[1758203264502455584],,,,0.752,5.725,8.2
[1758203264506290324],,,,0.728,5.792,8.25
[1758203264510011574],,,,0.646,5.693,8.095
[1758203264513765272],,,,0.687,5.772,8.018
[1758203264517425532],,,,0.682,5.691,8.035
[1758203264521112407],,,,0.752,5.799,8.171
[1758203264524773449],,,,0.589,5.638,8.056
[1758203264528435063],,,,0.68,5.729,7.975
[1758203264532165897],,,,0.886,5.756,7.882
[1758203264535856469],,,,0.661,5.844,7.918
[1758203264539528344],,,,0.599,5.775,8.092
[1758203264543269803],,,,0.62,5.801,8.258
[1758203264547038761],,,,0.663,5.95,8.092
[1758203264550775949],,,,0.642,5.909,8.064
[1758203264554444230],,,,0.601,5.763,8.078
[1758203264558166417],,,,0.713,5.816,7.879
[1758203264562141522],,,,0.699,5.76,7.896
[1758203264565830792],,,,0.733,5.77,8.164
[1758203264569489594],,,,0.776,5.83,8.413
[1758203264574344907],,,,0.589,5.751,8.164
[1758203264578309490],,,,0.795,5.653,8.535
[1758203264582296782],,,,0.522,5.849,8.365
[1758203264586201626],,,,0.294,5.933,8.724
[1758203264590407980],,,,0.225,5.849,8.485
[1758203264594354542],,,,0.56,5.523,8.48
[1758203264598274594],,,,0.73,5.289,8.55
[1758203264602237355],,,,-0.11,4.678,8.389
[1758203264606169074],,,,-0.347,4.846,8.114
[1758203264610068032],,,,-0.441,4.439,8.016
[1758203264613991730],,,,-0.546,4.487,8.188
[1758203264617756209],,,,0.136,5.409,7.97
[1758203264622343136],,,,0.113,5.966,8.049
[1758203264626162667],,,,0.814,6.462,7.98
[1758203264629830792],,,,0.529,5.437,7.798
[1758203264633500063],,,,0.85,6.105,7.896
[1758203264637148136],,,,1.334,6.299,7.683
[1758203264640862980],,,,1.362,5.653,7.681
[1758203264644528084],,,,1.269,5.578,7.889
[1758203264648266365],,,,1.367,6.428,7.736
[1758203264651964907],,,,1.877,6.826,7.858
[1758203264655621365],,,,1.8,5.806,7.86
[1758203264659267303],,,,2.423,7.393,8.167
[1758203264683146053],,,,0.256,5.162,8.42
[1758203264686862094],,,,-0.014,5.353,8.447
[1758203264690681053],,,,-0.146,5.207,8.531
[1758203264694428553],,,,-0.122,5.198,8.588
[1758203264698426886],,,,-0.053,5.717,8.622
[1758203264702195167],,,,-0.069,4.92,8.576
[1758203264705858136],,,,-0.093,5.126,8.456
[1758203264709544386],,,,-0.211,4.834,8.813
[1758203264713242355],,,,-0.067,4.52,8.305
[1758203264716950532],,,,-0.158,5.763,8.035
[1758203264720785896],,,,-0.019,5.938,8.641
[1758203264724497459],,,,0.05,4.808,8.023
[1758203264728337824],,,,-0.46,5.387,8.854
[1758203264732041886],,,,0.419,4.815,7.769
[1758203264735703917],,,,0.141,5.327,7.657
[1758203264739410376],,,,0.453,6.086,8.72
[1758203264743139386],,,,0.599,5.744,7.973
[1758203264746796365],,,,0.326,5.413,8.346
[1758203264750523032],,,,0.395,5.543,8.301
[1758203264754209855],,,,0.342,5.416,8.65
[1758203264757941678],,,,0.814,6.017,7.64
[1758203264761666313],,,,1.068,6.673,8.54
[1758203264765332928],,,,0.579,5.253,7.954
[1758203264769107146],,,,0.702,5.236,8.303
[1758203264773036001],,,,0.421,6.349,9.471
[1758203264776726521],,,,0.381,4.345,7.178
[1758203264780437719],,,,0.675,5.452,9.369
[1758203264784128292],,,,0.953,5.279,7.626
[1758203264787836469],,,,0.979,4.97,7.858
[1758203264791611157],,,,0.821,5.418,8.976
[1758203264795323709],,,,1.025,5.397,8.48
[1758203264799008761],,,,1.712,6.098,7.743
[1758203264802968292],,,,1.626,5.763,8.411
[1758203264806686626],,,,1.599,5.358,8.279
[1758203264810446365],,,,1.604,5.672,8.207
[1758203264814231053],,,,1.717,5.612,8.095
[1758203264818062251],,,,2.152,5.282,8.222
[1758203264822720115],,,,1.839,5.602,8.471
[1758203264826507876],,,,2.167,5.284,7.994
[1758203264830174230],,,,1.923,6.084,8.203
[1758203264833876105],,,,1.903,5.488,7.848
[1758203264837545844],,,,1.846,5.131,8.195
[1758203264841241209],,,,1.489,4.875,8.42
[1758203264844906365],,,,2.069,5.356,8.827
[1758203264848590167],,,,2.009,5.282,8.466
[1758203264852271261],,,,2.076,5.023,8.392
[1758203264855935324],,,,1.58,5.243,8.679
[1758203264859601834],,,,1.748,4.815,8.526
[1758203264863340584],,,,1.432,4.851,8.452
[1758203264867130115],,,,1.733,5.013,8.533
[1758203264871005063],,,,1.599,4.76,8.521
[1758203264874689490],,,,1.504,5.009,8.614
[1758203264878356782],,,,1.8,5.013,8.468
[1758203264882041834],,,,1.671,5.267,8.507
[1758203264885712251],,,,1.923,4.899,8.504
[1758203264889419646],,,,1.487,4.647,8.598
[1758203264893119074],,,,1.97,5.013,8.349
[1758203264896834699],,,,1.925,4.774,8.152
[1758203264900607251],,,,2.04,4.934,8.487
[1758203264904329803],,,,1.958,5.195,8.382
[1758203264908987980],,,,2.186,5.332,8.578
[1758203264913081365],,,,2.191,4.63,8.203
[1758203264916794230],,,,1.537,4.503,8.693
[1758203264920550792],,,,1.147,4.973,8.468
[1758203264925220063],,,,1.128,4.942,8.815
[1758203264929033240],,,,1.058,4.752,9.014
[1758203264932706261],,,,1.12,4.872,8.892
[1758203264936362251],,,,1.015,4.841,8.985
[1758203264940017094],,,,0.848,5.004,8.971
[1758203264943702303],,,,0.625,5.164,8.775
[1758203264947358657],,,,1.089,4.891,8.775
[1758203264951029230],,,,1.211,4.839,8.859
[1758203264954722563],,,,1.156,4.626,8.758
[1758203264958388605],,,,1.207,4.865,8.432
[1758203264962086834],,,,1.087,4.75,8.349
[1758203264965761209],,,,1.36,4.985,8.365
[1758203264969541209],,,,1.149,4.796,8.432
[1758203264973523501],,,,1.302,4.958,8.375
[1758203264977216313],,,,1.097,4.963,8.521
[1758203264980946782],,,,1.101,5.049,8.444
[1758203264984613553],,,,1.101,4.99,8.495
[1758203264988338084],,,,1.027,4.942,8.662
[1758203264992073448],,,,1.123,5.021,8.665
[1758203264995770532],,,,0.843,4.985,8.679
[1758203264999454438],,,,0.953,4.922,8.679
[1758203265003161938],,,,1.075,5.023,8.617
[1758203265006828396],,,,1.185,4.82,8.55
[1758203265010603501],,,,1.233,4.86,8.581
[1758203265014362042],,,,1.295,4.827,8.583
[1758203265018181053],,,,1.204,4.834,8.574
[1758203265021987563],,,,1.334,5.045,8.835
[1758203265025710376],,,,1.085,4.784,8.614
[1758203265029647094],,,,1.13,4.784,8.657
[1758203265033446365],,,,1.099,4.858,8.715
[1758203265037116001],,,,1.075,4.784,8.818
[1758203265040836313],,,,0.814,4.824,8.736
[1758203265044532407],,,,1.046,4.937,8.775
[1758203265048257719],,,,1.065,4.944,8.698
[1758203265051999646],,,,1.034,4.896,8.583
[1758203265056749907],,,,1.106,4.851,8.478
[1758203265060927511],,,,1.106,4.75,8.504
[1758203265064875323],,,,1.293,4.839,8.452
[1758203265068787511],,,,1.051,4.922,8.49
[1758203265072702928],,,,1.24,4.843,8.535
[1758203265076590792],,,,1.178,4.834,8.466
[1758203265080630376],,,,1.295,4.865,8.49
[1758203265085442198],,,,1.183,4.839,8.406
[1758203265089436886],,,,1.032,4.908,8.552
[1758203265093432823],,,,1.259,4.942,8.485
[1758203265097364542],,,,1.01,4.922,8.669
[1758203265102011990],,,,0.922,4.827,8.672
[1758203265105824751],,,,1.221,4.891,8.416
[1758203265109504751],,,,1.111,4.843,8.545
[1758203265113211521],,,,1.164,4.752,8.875
[1758203265116873084],,,,0.967,4.911,8.54
[1758203265120593344],,,,1.288,4.853,8.528
[1758203265124278136],,,,1.147,4.784,8.787
[1758203265127950636],,,,1.219,4.793,8.54
[1758203265132572303],,,,1.149,4.307,8.717
[1758203265136607563],,,,1.269,5.318,7.796
[1758203265140491313],,,,1.487,4.824,7.846
[1758203265144197355],,,,1.161,4.317,8.624
[1758203265147862980],,,,0.852,5.2,8.636
[1758203265151584125],,,,0.807,4.678,8.581
[1758203265155250896],,,,0.69,5.239,8.871
[1758203265158916105],,,,0.922,4.736,8.792
[1758203265162625844],,,,0.869,4.791,8.59
[1758203265166285115],,,,1.185,4.899,8.507
[1758203265169951365],,,,1.199,5.073,8.653
[1758203265173676573],,,,1.207,4.781,8.622
[1758203265177371834],,,,1.094,4.848,8.574
[1758203265181225167],,,,1.52,4.776,8.832
[1758203265184907042],,,,1.188,4.846,8.712
[1758203265188577407],,,,1.058,4.877,8.274
[1758203265192279178],,,,1.12,4.719,8.844
[1758203265195983813],,,,1.01,4.836,8.837
[1758203265199677407],,,,1.13,4.843,8.667
[1758203265203386209],,,,1.046,5.294,8.796
[1758203265207026730],,,,1.034,4.697,8.629
[1758203265210798761],,,,1.156,4.745,8.253
[1758203265214511730],,,,1.269,4.999,8.873
[1758203265218195792],,,,1.065,5.356,8.622
[1758203265221999594],,,,0.943,4.877,8.375
[1758203265225671365],,,,1.051,4.992,8.698
[1758203265229371469],,,,1.214,4.839,8.456
[1758203265233135375],,,,1.125,4.757,8.569
[1758203265236825896],,,,1.185,4.685,8.492
[1758203265241457771],,,,0.967,4.846,8.459
[1758203265245321261],,,,1.149,4.836,8.633
[1758203265249105115],,,,1.319,4.784,8.538
[1758203265252770428],,,,1.233,4.724,8.487
[1758203265256407875],,,,0.996,4.97,8.849
[1758203265260072771],,,,1.353,4.602,8.622
[1758203265263764178],,,,1.058,4.903,8.672
[1758203265267423761],,,,1.051,4.997,8.629
[1758203265271086521],,,,1.176,4.657,8.636
[1758203265274756938],,,,1.223,4.757,8.43
[1758203265278475480],,,,1.286,4.76,8.679
[1758203265282253553],,,,1.08,4.839,8.487
[1758203265285955063],,,,1.125,4.757,8.557
[1758203265289754907],,,,1.03,4.879,8.564
[1758203265293471834],,,,1.329,4.865,8.708
[1758203265297154386],,,,1.252,4.911,8.696
[1758203265300883136],,,,1.12,4.894,8.564
[1758203265306725167],,,,1.08,4.865,8.42
[1758203265310518448],,,,0.943,5.001,8.65
[1758203265314217771],,,,0.984,5.028,8.677
[1758203265317910167],,,,1.053,4.815,8.538
[1758203265321602250],,,,0.962,4.875,8.583
[1758203265325264803],,,,1.125,4.827,8.54
[1758203265328970688],,,,1.144,4.803,8.674
[1758203265333552303],,,,1.144,4.855,8.456
[1758203265337352563],,,,1.19,4.863,8.475
[1758203265341033084],,,,1.068,4.846,8.65
[1758203265344700167],,,,1.176,5.035,8.741
[1758203265348360219],,,,1.204,4.824,8.672
[1758203265352058448],,,,1.101,4.863,8.665
[1758203265355722823],,,,1.147,4.875,8.526
[1758203265359391000],,,,0.922,4.846,8.689
[1758203265363075063],,,,1.113,4.908,8.705
[1758203265366768865],,,,1.221,5.047,8.823
[1758203265370532459],,,,1.101,5.188,8.454
[1758203265374261834],,,,1.159,4.922,8.571
[1758203265378033084],,,,1.209,4.911,8.662
[1758203265381780792],,,,1.176,4.925,8.631
[1758203265385482250],,,,1.097,4.786,8.748
[1758203265389179907],,,,1.156,4.824,8.607
[1758203265392903292],,,,1.101,4.915,8.669
[1758203265396621417],,,,1.07,4.97,8.507
[1758203265400294750],,,,0.965,4.76,8.447
[1758203265403991052],,,,1.049,4.82,8.466
[1758203265407672146],,,,1.132,4.82,8.715
[1758203265411649698],,,,0.977,4.812,8.633
[1758203265415455740],,,,0.943,4.872,8.607
[1758203265419183917],,,,1.104,4.875,8.492
[1758203265422907511],,,,1.135,4.808,8.65
[1758203265426581365],,,,1.219,4.884,8.76
[1758203265430250688],,,,1.159,4.827,8.744
[1758203265434822146],,,,1.202,4.966,8.566
[1758203265438645740],,,,0.967,4.855,8.667
[1758203265442335896],,,,1.089,4.865,8.487
[1758203265445995584],,,,1.152,4.769,8.696
[1758203265449661052],,,,1.13,4.932,8.557
[1758203265453346625],,,,1.135,4.889,8.614
[1758203265457040688],,,,1.197,4.848,8.495
[1758203265460774230],,,,1.312,5.025,8.653
[1758203265464459855],,,,1.025,4.896,8.65
[1758203265468127771],,,,1.094,4.76,8.638
[1758203265471870063],,,,1.089,5.04,8.48
[1758203265475543917],,,,1.147,4.891,8.633
[1758203265479360584],,,,1.061,4.836,8.586
[1758203265483298552],,,,1.257,4.867,8.526
[1758203265486991677],,,,1.116,4.822,8.454
[1758203265490710948],,,,0.939,5.03,8.667
[1758203265494417146],,,,1.113,4.817,8.598
[1758203265498169386],,,,1.171,4.968,8.835
[1758203265501870896],,,,1.204,4.915,8.593
[1758203265505568396],,,,1.164,4.796,8.66
[1758203265509260688],,,,1.245,4.937,8.509
[1758203265512959698],,,,1.116,4.891,8.466
[1758203265516865688],,,,1.123,4.877,8.873
[1758203265520677667],,,,1.197,4.81,8.638
[1758203265525654646],,,,1.164,4.863,8.61
[1758203265529625375],,,,0.95,4.841,8.444
[1758203265534508761],,,,1.207,4.875,8.543
[1758203265538490948],,,,1.137,4.911,8.509
[1758203265542404594],,,,1.104,4.798,8.614
[1758203265547190688],,,,1.125,4.82,8.569
[1758203265552094542],,,,1.135,4.815,8.545
[1758203265556917146],,,,0.936,4.872,8.562
[1758203265560991990],,,,0.991,4.846,8.545
[1758203265564899698],,,,1.202,4.863,8.667
[1758203265568731417],,,,1.14,4.882,8.554
[1758203265572450375],,,,1.116,4.918,8.645
[1758203265576116782],,,,1.094,4.932,8.645
[1758203265579790792],,,,1.075,4.762,8.543
[1758203265584381938],,,,1.221,4.836,8.717
[1758203265588174802],,,,1.176,4.865,8.595
[1758203265591882042],,,,1.125,4.851,8.61
[1758203265595616677],,,,1.154,4.891,8.758
[1758203265599317250],,,,1.245,4.901,8.595
[1758203265603026417],,,,1.14,5.037,8.729
[1758203265606690479],,,,1.166,4.798,8.636
[1758203265610414646],,,,1.223,4.843,8.566
[1758203265614986000],,,,1.231,4.887,8.569
[1758203265618785740],,,,1.094,4.966,8.571
[1758203265622727459],,,,1.142,4.774,8.55
[1758203265626436625],,,,1.087,4.774,8.65
[1758203265630105688],,,,1.233,4.808,8.691
[1758203265634652094],,,,1.199,4.913,8.674
[1758203265638436990],,,,1.027,4.925,8.497
[1758203265642123813],,,,1.211,5.021,8.729
[1758203265645864959],,,,1.192,4.831,8.622
[1758203265649534438],,,,1.034,4.831,8.629
[1758203265653247979],,,,1.104,4.798,8.607
[1758203265656910532],,,,0.919,4.855,8.701
[1758203265660617250],,,,1.128,4.827,8.593
[1758203265664286365],,,,1.101,4.764,8.602
[1758203265667949386],,,,1.221,4.829,8.554
[1758203265671654177],,,,1.13,4.784,8.576
[1758203265675353136],,,,1.173,4.815,8.495
[1758203265679116313],,,,1.106,4.63,8.507
[1758203265683021157],,,,1.164,5.021,8.571
[1758203265686705219],,,,1.118,4.899,8.497
[1758203265690393761],,,,1.068,4.846,8.636
[1758203265694061886],,,,1.348,5.054,8.495
[1758203265697751157],,,,1.046,4.805,8.705
[1758203265701473344],,,,1.188,4.752,8.724
[1758203265705139073],,,,1.109,4.827,8.588
[1758203265708800427],,,,1.29,4.729,8.717
[1758203265712449125],,,,1.099,4.858,8.657
[1758203265716093761],,,,1.094,4.75,8.665
[1758203265719768604],,,,1.08,4.776,8.633
[1758203265723484750],,,,1.152,4.865,8.435
[1758203265727547146],,,,1.159,4.86,8.492
[1758203265731369282],,,,1.01,4.851,8.452
[1758203265735039750],,,,1.161,4.877,8.586
[1758203265738702823],,,,1.128,4.872,8.59
[1758203265742395219],,,,0.994,4.937,8.684
[1758203265746060896],,,,1.372,5.03,8.547
[1758203265749739282],,,,1.192,4.863,8.557
[1758203265753418032],,,,1.082,4.781,8.672
[1758203265757085532],,,,1.092,4.855,8.571
[1758203265760825063],,,,1.233,4.875,8.684
[1758203265764477407],,,,1.063,4.884,8.559
[1758203265768157823],,,,1.204,5.052,8.516
[1758203265771869646],,,,1.053,4.922,8.545
[1758203265775664282],,,,1.07,4.812,8.602
[1758203265779340844],,,,1.128,4.848,8.461
[1758203265783148552],,,,1.166,4.81,8.76
[1758203265786827198],,,,1.209,4.733,8.519
[1758203265790535636],,,,0.977,5.016,8.662
[1758203265794222354],,,,1.223,4.899,8.581
[1758203265797886313],,,,1.022,4.812,8.787
[1758203265801556886],,,,1.104,4.803,8.521
[1758203265805249698],,,,1.135,4.788,8.693
[1758203265808944490],,,,1.077,4.93,8.775
[1758203265812678709],,,,1.125,4.968,8.724
[1758203265816410479],,,,1.173,4.934,8.732
[1758203265820103292],,,,1.207,4.858,8.758
[1758203265823857511],,,,1.199,4.798,8.722
[1758203265827535011],,,,1.159,5.028,8.562
[1758203265831697927],,,,1.08,4.81,8.516
[1758203265835422979],,,,1.147,4.882,8.77
[1758203265839093604],,,,1.159,4.889,8.741
[1758203265842816834],,,,1.233,4.786,8.626
[1758203265846682198],,,,1.085,4.899,8.509
[1758203265850420063],,,,1.099,4.839,8.614
[1758203265854111365],,,,1.267,4.841,8.569
[1758203265857802094],,,,1.183,4.86,8.521
[1758203265861527771],,,,1.156,4.604,8.581
[1758203265865183344],,,,1.247,4.853,8.772
[1758203265868848552],,,,1.128,4.884,8.679
[1758203265872581625],,,,1.164,5.013,8.602
[1758203265876356156],,,,1.199,4.927,8.574
[1758203265880064854],,,,1.192,4.896,8.617
[1758203265883997875],,,,1.058,4.918,8.533
[1758203265887721365],,,,1.111,4.76,8.519
[1758203265891425375],,,,1.132,5.023,8.727
[1758203265895121365],,,,1.19,4.82,8.578
[1758203265898796209],,,,1.18,4.834,8.602
[1758203265902495323],,,,1.171,4.863,8.626
[1758203265906196417],,,,1.207,4.82,8.475
[1758203265909890427],,,,1.037,4.954,8.633
[1758203265913609959],,,,1.109,4.774,8.681
[1758203265917292198],,,,1.123,4.851,8.667
[1758203265921021417],,,,1.025,4.829,8.516
[1758203265924690948],,,,1.118,4.762,8.782
[1758203265928487146],,,,1.068,4.853,8.554
[1758203265933147198],,,,1.12,4.86,8.473
[1758203265936845167],,,,1.209,4.817,8.54
[1758203265940563604],,,,1.147,4.606,8.619
[1758203265944250636],,,,1.154,4.882,8.485
[1758203265947913604],,,,1.113,4.879,8.483
[1758203265951600271],,,,1.147,5.035,8.677
[1758203265955259490],,,,1.19,4.922,8.665
[1758203265958925531],,,,1.243,4.867,8.825
[1758203265962589334],,,,1.336,4.851,8.61
[1758203265966277198],,,,1.317,4.836,8.789
[1758203265969980375],,,,1.188,4.906,8.703
[1758203265973686990],,,,1.166,5.042,8.703
[1758203265977494906],,,,0.996,4.779,8.538
[1758203265982087875],,,,0.955,4.836,8.557
[1758203265985892094],,,,0.948,4.781,8.464
[1758203265990695792],,,,1.185,4.635,8.504
[1758203265994690427],,,,1.159,4.616,8.727
[1758203265998615375],,,,1.154,4.805,8.626
[1758203266002530844],,,,1.214,4.875,8.583
[1758203266006402354],,,,1.192,4.865,8.562
[1758203266010290323],,,,1.07,4.848,8.619
[1758203266014200011],,,,1.137,4.925,8.492
[1758203266018089594],,,,1.106,4.884,8.483
[1758203266022025011],,,,0.998,4.915,8.44
[1758203266025905375],,,,1.051,4.82,8.547
[1758203266029812615],,,,0.974,4.764,8.442
[1758203266034493917],,,,1.106,4.784,8.543
[1758203266038565948],,,,1.159,4.75,8.669
[1758203266042379281],,,,1.149,4.846,8.566
[1758203266046049386],,,,1.219,4.918,8.667
[1758203266049715167],,,,1.106,4.843,8.622
[1758203266053423083],,,,1.362,4.925,8.636
[1758203266057074542],,,,1.281,4.86,8.732
[1758203266060790583],,,,1.128,5.037,8.681
[1758203266064461417],,,,1.149,4.879,8.566
[1758203266068122146],,,,1.094,4.745,8.54
[1758203266071852250],,,,1.063,4.817,8.581
[1758203266075509177],,,,1.152,4.82,8.636
[1758203266079190011],,,,1.02,4.8,8.507
[1758203266083192823],,,,1.073,4.913,8.521
[1758203266086894542],,,,1.199,4.824,8.464
[1758203266090626000],,,,1.173,4.752,8.507
[1758203266094304958],,,,1.056,4.784,8.497
[1758203266097971521],,,,1.006,4.81,8.617
[1758203266104054177],,,,1.082,4.817,8.454
[1758203266107813761],,,,1.104,4.757,8.672
[1758203266111500219],,,,1.183,4.764,8.61
[1758203266115186313],,,,1.07,4.827,8.667
[1758203266118850375],,,,1.164,4.812,8.772
[1758203266122642354],,,,1.346,4.863,8.511
[1758203266126454594],,,,1.027,4.769,8.689
[1758203266130134490],,,,1.092,4.791,8.629
[1758203266134284906],,,,1.132,4.887,8.437
[1758203266137965531],,,,1.08,4.858,8.626
[1758203266141671729],,,,1.152,4.815,8.693
[1758203266145866938],,,,1.156,4.894,8.65
[1758203266149723344],,,,1.075,4.963,8.626
[1758203266153405844],,,,1.099,4.922,8.705
[1758203266157077771],,,,1.097,4.724,8.689
[1758203266160811208],,,,1.118,4.901,8.765
[1758203266164489333],,,,1.109,4.841,8.6
[1758203266168160636],,,,1.192,4.808,8.691
[1758203266171857406],,,,1.216,4.946,8.452
[1758203266175533188],,,,1.207,4.946,8.588
[1758203266179256104],,,,1.252,4.774,8.803
[1758203266183978656],,,,1.355,4.815,8.461
[1758203266187772302],,,,1.161,4.822,8.44
[1758203266191452927],,,,1.135,4.812,8.674
[1758203266195108136],,,,1.154,4.949,8.729
[1758203266198775323],,,,1.12,4.815,8.763
[1758203266202476156],,,,1.144,4.853,8.538
[1758203266206135844],,,,1.164,4.851,8.595
[1758203266209787719],,,,1.312,4.954,8.629
[1758203266213501729],,,,1.168,4.781,8.504
[1758203266217154438],,,,1.089,4.82,8.624
[1758203266220892719],,,,1.135,4.717,8.65
[1758203266224591000],,,,0.958,4.846,8.677
[1758203266228360688],,,,0.998,4.788,8.483
[1758203266232315219],,,,1.13,4.843,8.294
[1758203266236045271],,,,1.113,4.846,8.724
[1758203266239709854],,,,1.07,4.82,8.569
[1758203266243416990],,,,1.128,4.894,8.447
[1758203266247102771],,,,0.96,4.855,8.729
[1758203266250865896],,,,1.372,4.843,8.677
[1758203266254541000],,,,1.185,4.932,8.617
[1758203266258213135],,,,1.14,4.889,8.689
[1758203266261912406],,,,1.147,4.843,8.514
[1758203266265574646],,,,1.025,4.887,8.581
[1758203266269252719],,,,1.101,4.781,8.626
[1758203266272997823],,,,1.113,4.855,8.708
[1758203266276693240],,,,1.049,4.808,8.622
[1758203266280517927],,,,1.14,4.829,8.65
[1758203266284577979],,,,1.152,4.846,8.571
[1758203266288277094],,,,1.132,4.963,8.71
[1758203266292090375],,,,1.101,5.018,8.564
[1758203266295778135],,,,1.135,4.927,8.59
[1758203266299478396],,,,1.274,4.896,8.588
[1758203266303184021],,,,1.089,4.762,8.77
[1758203266306861260],,,,1.176,4.784,8.696
[1758203266310568240],,,,1.168,4.858,8.6
[1758203266314236781],,,,0.941,4.901,8.531
[1758203266317890375],,,,1.374,4.858,8.571
[1758203266321622406],,,,1.142,4.877,8.66
[1758203266325320323],,,,1.092,4.86,8.722
[1758203266329087823],,,,1.099,5.009,8.495
[1758203266333010063],,,,1.171,4.887,8.475
[1758203266336690531],,,,1.214,4.767,8.729
[1758203266340483292],,,,1.123,4.882,8.792
[1758203266345029594],,,,0.939,4.812,8.681
[1758203266348770583],,,,1.185,4.822,8.748
[1758203266352584698],,,,1.104,4.858,8.643
[1758203266356250635],,,,1.161,4.752,8.669
[1758203266359909333],,,,1.118,4.779,8.547
[1758203266363575479],,,,1.156,4.803,8.722
[1758203266367250531],,,,1.209,4.793,8.715
[1758203266371040115],,,,1.336,4.858,8.598
[1758203266374713917],,,,1.142,4.867,8.619
[1758203266378421000],,,,1.348,4.865,8.657
[1758203266383055427],,,,1.164,4.831,8.516
[1758203266387500844],,,,1.221,4.86,8.705
[1758203266391342667],,,,1.286,4.81,8.535
[1758203266395025583],,,,1.171,4.901,8.614
[1758203266398813656],,,,1.101,4.882,8.691
[1758203266402517042],,,,1.188,4.752,8.633
[1758203266406175167],,,,1.104,4.846,8.576
[1758203266409919594],,,,1.14,4.827,8.641
[1758203266414078865],,,,1.211,4.911,8.511
[1758203266417877354],,,,1.063,4.81,8.586
[1758203266421573448],,,,1.176,5.035,8.88
[1758203266425236990],,,,0.955,5.011,8.657
[1758203266428908760],,,,1.109,4.927,8.633
[1758203266433507823],,,,1.164,4.994,8.502
[1758203266437277562],,,,1.106,4.899,8.626
[1758203266441082250],,,,1.149,4.93,8.633
[1758203266444749385],,,,1.204,4.982,8.638
[1758203266448400896],,,,1.238,4.772,8.59
[1758203266452101885],,,,1.219,4.887,8.727
[1758203266455762823],,,,1.039,4.808,8.562
[1758203266460740844],,,,1.142,4.788,8.543
[1758203266465276260],,,,0.934,4.879,8.504
[1758203266469205219],,,,1.166,4.839,8.607
[1758203266473198917],,,,1.109,4.827,8.717
[1758203266477068760],,,,1.137,4.915,8.535
[1758203266481952927],,,,1.152,4.853,8.531
[1758203266485915635],,,,1.092,4.846,8.691
[1758203266489799958],,,,1.125,4.769,8.712
[1758203266493989646],,,,1.097,4.97,8.672
[1758203266497901260],,,,1.161,4.882,8.432
[1758203266501918604],,,,1.195,4.741,8.624
[1758203266505598396],,,,1.14,5.037,8.662
[1758203266509258917],,,,1.161,4.793,8.607
[1758203266513006573],,,,1.089,4.843,8.667
[1758203266516661208],,,,0.936,4.695,8.863
[1758203266520348135],,,,1.35,4.911,8.631
[1758203266524046312],,,,1.279,4.848,8.571
[1758203266527832875],,,,1.168,4.822,8.648
[1758203266532415427],,,,1.331,4.798,8.619
[1758203266536135219],,,,1.195,4.863,8.504
[1758203266539914021],,,,1.245,4.757,8.519
[1758203266543609490],,,,1.19,4.784,8.792
[1758203266547302510],,,,1.14,4.927,8.653
[1758203266551037302],,,,1.111,4.875,8.636
[1758203266554699646],,,,1.216,4.769,8.674
[1758203266558348500],,,,1.211,4.956,8.758
[1758203266562041208],,,,1.137,4.884,8.504
[1758203266565696104],,,,1.207,5.028,8.562
[1758203266569347458],,,,1.087,4.899,8.672
[1758203266573293552],,,,1.116,4.97,8.557
[1758203266576973240],,,,1.176,4.798,8.641
[1758203266580844698],,,,1.118,4.606,8.71
[1758203266584635583],,,,1.142,4.839,8.569
[1758203266588322198],,,,1.075,4.918,8.607
[1758203266592001469],,,,1.111,4.875,8.717
[1758203266595668969],,,,1.197,4.865,8.447
[1758203266599618292],,,,1.211,4.762,8.523
[1758203266603424906],,,,1.159,4.82,8.65
[1758203266607101208],,,,1.195,4.894,8.478
[1758203266610828760],,,,1.195,4.863,8.562
[1758203266614554750],,,,1.195,4.834,8.677
[1758203266618245687],,,,1.171,4.911,8.708
[1758203266621983812],,,,1.159,4.848,8.617
[1758203266625758656],,,,1.068,4.865,8.559
[1758203266629429281],,,,1.18,4.939,8.839
[1758203266634064490],,,,1.176,4.846,8.526
[1758203266637857510],,,,1.19,4.836,8.641
[1758203266641537875],,,,1.159,4.8,8.554
[1758203266645195062],,,,1.219,4.784,8.626
[1758203266648859437],,,,1.204,4.853,8.799
[1758203266652562979],,,,1.276,4.934,8.456
[1758203266656222614],,,,1.192,4.831,8.483
[1758203266659887302],,,,0.97,4.913,8.684
[1758203266663568396],,,,0.972,4.82,8.662
[1758203266667300167],,,,1.159,4.769,8.712
[1758203266671081781],,,,1.12,4.915,8.665
[1758203266674766937],,,,1.154,4.776,8.715
[1758203266678522458],,,,1.068,4.882,8.588
[1758203266682446417],,,,1.116,4.812,8.622
[1758203266686174073],,,,1.125,4.863,8.495
[1758203266689844489],,,,1.092,4.843,8.729
[1758203266693517458],,,,1.077,4.75,8.693
[1758203266697187042],,,,1.132,4.865,8.681
[1758203266700985271],,,,1.109,4.764,8.614
[1758203266704934906],,,,1.109,4.822,8.792
[1758203266708696156],,,,1.188,4.903,8.691
[1758203266712403552],,,,1.202,4.827,8.667
[1758203266716074594],,,,0.984,5.042,8.873
[1758203266719729906],,,,1.08,4.86,8.471
[1758203266723442979],,,,1.18,4.829,8.665
[1758203266727206417],,,,1.197,4.738,8.586
[1758203266731021885],,,,1.161,4.822,8.753
[1758203266734740531],,,,1.176,4.81,8.689
[1758203266738418708],,,,0.986,4.784,8.6
[1758203266742104489],,,,1.137,4.961,8.588
[1758203266745769646],,,,0.95,4.784,8.502
[1758203266749458031],,,,1.211,4.808,8.437
[1758203266753198500],,,,1.173,4.788,8.576
[1758203266756919906],,,,1.164,5.047,8.595
[1758203266760675375],,,,1.164,4.841,8.655
[1758203266764371677],,,,1.08,4.805,8.715
[1758203266768110635],,,,1.097,4.798,8.6
[1758203266771800167],,,,1.185,4.808,8.574
[1758203266775454229],,,,1.041,4.853,8.617
[1758203266779103083],,,,1.12,4.831,8.65
[1758203266782886521],,,,1.209,4.82,8.684
[1758203266786568552],,,,1.092,4.918,8.602
[1758203266790217979],,,,1.161,4.774,8.617
[1758203266793930167],,,,1.092,4.853,8.559
[1758203266797581469],,,,1.142,4.889,8.681
[1758203266801289177],,,,1.235,4.915,8.729
[1758203266804959802],,,,1.14,4.872,8.662
[1758203266811094073],,,,1.113,4.805,8.454
[1758203266814839489],,,,1.094,4.834,8.736
[1758203266818497562],,,,1.125,4.843,8.681
[1758203266822227927],,,,1.149,5.052,8.71
[1758203266825900323],,,,0.96,5.013,8.705
[1758203266829606677],,,,1.271,4.87,8.59
[1758203266834216885],,,,1.132,4.827,8.566
[1758203266838015375],,,,1.154,4.815,8.595
[1758203266841718448],,,,1.082,4.834,8.629
[1758203266845378969],,,,1.082,4.86,8.72
[1758203266849044750],,,,0.962,4.97,8.59
[1758203266852734906],,,,1.144,4.877,8.787
[1758203266856433969],,,,1.166,4.808,8.758
[1758203266860081885],,,,1.35,4.611,8.511
[1758203266863780792],,,,1.065,4.851,8.626
[1758203266867430219],,,,1.147,4.901,8.588
[1758203266871146052],,,,1.111,4.609,8.633
[1758203266874811677],,,,1.171,4.726,8.624
[1758203266878591729],,,,1.094,4.774,8.588
[1758203266882518812],,,,1.094,4.822,8.715
[1758203266886230271],,,,1.178,4.882,8.487
[1758203266889955114],,,,1.087,4.863,8.612
[1758203266893664541],,,,1.185,4.788,8.629
[1758203266897350427],,,,0.977,4.98,8.873
[1758203266901110010],,,,1.144,5.047,8.59
[1758203266904796000],,,,1.14,4.788,8.751
[1758203266908471260],,,,1.185,4.805,8.598
[1758203266912499021],,,,1.176,4.81,8.667
[1758203266916261156],,,,1.214,5.018,8.54
[1758203266919939646],,,,1.152,4.889,8.595
[1758203266924815739],,,,1.164,4.788,8.566
[1758203266929062458],,,,1.168,4.913,8.459
[1758203266933886052],,,,1.109,4.822,8.619
[1758203266937893916],,,,1.137,4.884,8.562
[1758203266941823396],,,,1.161,4.848,8.562
[1758203266945709541],,,,0.96,4.82,8.519
[1758203266949641000],,,,1.161,4.798,8.662
[1758203266953565062],,,,1.147,4.822,8.65
[1758203266957457094],,,,1.118,4.676,8.466
[1758203266962258291],,,,1.164,4.82,8.576
[1758203266966198969],,,,1.178,4.752,8.578
[1758203266970101156],,,,1.221,4.831,8.612
[1758203266973811416],,,,1.202,4.817,8.672
[1758203266977489125],,,,1.144,4.788,8.885
[1758203266981581156],,,,1.142,4.836,8.435
[1758203266985264073],,,,0.939,4.867,8.497
[1758203266988935635],,,,0.962,4.877,8.614
[1758203266992641416],,,,1.164,4.889,8.686
[1758203266996307979],,,,1.188,4.839,8.689
[1758203267000062198],,,,1.135,4.865,8.715
[1758203267003828969],,,,1.132,4.882,8.394
[1758203267007495948],,,,1.159,5.001,8.622
[1758203267011350323],,,,1.18,4.879,8.552
[1758203267015059489],,,,1.183,4.853,8.416
[1758203267019004385],,,,1.128,4.951,8.698
[1758203267022769385],,,,1.02,4.721,8.535
[1758203267026445010],,,,1.192,4.882,8.619
[1758203267030131416],,,,1.034,4.949,8.641
[1758203267034692146],,,,1.068,5.013,8.571
[1758203267038479489],,,,1.123,4.808,8.48
[1758203267042150948],,,,1.101,4.86,8.727
[1758203267045789333],,,,1.166,4.848,8.669
[1758203267049487094],,,,1.331,4.867,8.78
[1758203267053186312],,,,1.314,4.841,8.48
[1758203267056856521],,,,1.085,4.774,8.657
[1758203267060577406],,,,1.125,4.752,8.564
[1758203267064248396],,,,1.223,4.937,8.736
[1758203267067916208],,,,1.07,4.757,8.454
[1758203267071634489],,,,1.171,4.817,8.645
[1758203267075360271],,,,1.051,4.786,8.552
[1758203267079142406],,,,1.154,4.915,8.571
[1758203267083092354],,,,1.123,4.889,8.672
[1758203267086812458],,,,1.18,4.951,8.882
[1758203267090545791],,,,1.118,4.779,8.667
[1758203267094224541],,,,1.204,4.805,8.631
[1758203267097879177],,,,1.101,4.944,8.792
[1758203267101649958],,,,1.087,4.86,8.657
[1758203267105368187],,,,1.089,4.839,8.535
[1758203267109038552],,,,1.065,4.786,8.464
[1758203267112737250],,,,1.161,4.848,8.691
[1758203267116416208],,,,1.367,4.879,8.66
[1758203267120097406],,,,1.137,4.86,8.554
[1758203267124192093],,,,1.14,4.776,8.483
[1758203267128030323],,,,1.106,4.808,8.511
[1758203267131827823],,,,1.092,4.76,8.763
[1758203267135502093],,,,0.934,4.65,8.528
[1758203267139201052],,,,1.166,4.937,8.622
[1758203267142890010],,,,1.173,4.86,8.645
[1758203267146602510],,,,1.216,4.831,8.502
[1758203267150283448],,,,1.113,4.839,8.648
[1758203267153950791],,,,1.132,4.791,8.643
[1758203267157613135],,,,1.18,4.812,8.712
[1758203267161370323],,,,1.07,4.863,8.61
[1758203267165079854],,,,1.245,4.875,8.602
[1758203267168842302],,,,1.077,4.848,8.631
[1758203267172537979],,,,1.188,4.889,8.564
[1758203267176202875],,,,1.125,4.865,8.665
[1758203267179925687],,,,1.027,4.92,8.657
[1758203267183704437],,,,0.955,4.879,8.526
[1758203267187413083],,,,1.211,4.82,8.691
[1758203267191082771],,,,1.171,4.779,8.677
[1758203267194720427],,,,1.137,4.865,8.614
[1758203267198407562],,,,1.027,4.877,8.708
[1758203267202179073],,,,1.156,4.841,8.569
[1758203267205859281],,,,1.075,4.86,8.605
[1758203267209579333],,,,1.216,4.942,8.607
[1758203267213255843],,,,1.147,4.853,8.487
[1758203267216923968],,,,1.164,4.831,8.595
[1758203267220676364],,,,1.003,5.042,8.662
[1758203267224346573],,,,1.149,4.891,8.665
[1758203267228052406],,,,1.161,5.049,8.665
[1758203267232085062],,,,1.226,4.877,8.564
[1758203267235909646],,,,1.101,4.822,8.554
[1758203267239645062],,,,1.118,4.913,8.686
[1758203267243341885],,,,1.226,4.958,8.672
[1758203267247000635],,,,1.204,4.834,8.456
[1758203267250715114],,,,1.082,4.827,8.657
[1758203267254391052],,,,1.267,4.884,8.504
[1758203267258107250],,,,1.168,4.973,8.844
[1758203267261789073],,,,1.161,4.834,8.526
[1758203267265449021],,,,1.168,4.894,8.686
[1758203267269111573],,,,1.286,4.843,8.554
[1758203267272855479],,,,1.168,4.767,8.452
[1758203267276615479],,,,1.082,4.887,8.559
[1758203267280346312],,,,1.041,4.831,8.705
[1758203267284320062],,,,1.173,4.791,8.557
[1758203267288047093],,,,1.142,4.846,8.662
[1758203267291709125],,,,1.226,4.846,8.629
[1758203267295345062],,,,1.101,4.815,8.574
[1758203267299036364],,,,1.152,4.889,8.502
[1758203267302786885],,,,1.087,5.045,8.473
[1758203267306498864],,,,1.056,4.86,8.569
[1758203267310157927],,,,1.123,4.796,8.6
[1758203267313839698],,,,1.137,4.884,8.727
[1758203267317489437],,,,1.125,4.784,8.681
[1758203267321259020],,,,1.269,4.946,8.662
[1758203267324938343],,,,1.087,4.748,8.471
[1758203267328693656],,,,1.183,4.836,8.693
[1758203267332651677],,,,1.135,4.92,8.614
[1758203267337117406],,,,1.075,4.808,8.528
[1758203267341008864],,,,1.077,4.776,8.552
[1758203267345513135],,,,1.006,4.846,8.55
[1758203267349565166],,,,1.099,4.855,8.645
[1758203267353372718],,,,1.089,4.884,8.677
[1758203267357052875],,,,1.166,4.839,8.873
[1758203267360765114],,,,1.111,4.915,8.674
[1758203267364426208],,,,1.099,4.855,8.564
[1758203267368081677],,,,1.156,4.822,8.801
[1758203267371756729],,,,1.369,4.906,8.624
[1758203267375403708],,,,1.123,4.872,8.854
[1758203267379074698],,,,1.279,4.736,8.564
[1758203267383634645],,,,1.056,4.846,8.677
[1758203267387448395],,,,1.109,4.887,8.677
[1758203267392346833],,,,1.097,4.791,8.447
[1758203267396304802],,,,1.113,5.03,8.578
[1758203267400198708],,,,1.094,4.987,8.473
[1758203267404157406],,,,1.132,4.762,8.569
[1758203267408052823],,,,1.104,4.973,8.679
[1758203267412047354],,,,1.188,4.685,8.693
[1758203267415933500],,,,1.195,4.855,8.547
[1758203267419828500],,,,1.018,4.889,8.576
[1758203267423767354],,,,1.03,4.824,8.669
[1758203267427662093],,,,1.077,4.901,8.519
[1758203267431576833],,,,1.073,4.831,8.566
[1758203267435473864],,,,1.051,4.829,8.432
[1758203267439201781],,,,0.936,4.762,8.617
[1758203267443151364],,,,1.068,4.918,8.681
[1758203267446841520],,,,1.149,4.958,8.607
[1758203267450565114],,,,1.173,4.808,8.677
[1758203267454280739],,,,1.192,4.738,8.686
[1758203267458838656],,,,1.159,4.769,8.624
[1758203267462728395],,,,1.207,4.834,8.578
[1758203267466405479],,,,1.039,4.764,8.514
[1758203267470073760],,,,1.171,4.81,8.562
[1758203267473774750],,,,1.221,4.827,8.583
[1758203267477440427],,,,1.166,4.863,8.72
[1758203267481162198],,,,1.137,4.812,8.751
[1758203267484827198],,,,1.106,4.889,8.581
[1758203267488507718],,,,1.039,4.827,8.724
[1758203267493111885],,,,1.13,4.87,8.55
[1758203267496910843],,,,1.097,4.831,8.566
[1758203267500666885],,,,1.025,4.867,8.71
[1758203267504361833],,,,1.025,4.8,8.641
[1758203267508029437],,,,1.082,4.808,8.574
[1758203267511715635],,,,1.097,4.855,8.605
[1758203267515388968],,,,1.109,4.848,8.789
[1758203267519053135],,,,1.252,4.939,8.801
[1758203267522772823],,,,1.202,4.769,8.617
[1758203267528412354],,,,1.109,4.772,8.495
[1758203267533125739],,,,1.188,4.851,8.413
[1758203267536948656],,,,1.109,4.829,8.624
[1758203267540725427],,,,1.073,4.81,8.559
[1758203267544431625],,,,1.202,4.824,8.662
[1758203267548095270],,,,1.211,4.831,8.602
[1758203267551773656],,,,1.233,4.762,8.559
[1758203267555442614],,,,1.219,4.925,8.612
[1758203267559116937],,,,0.989,4.817,8.753
[1758203267563093708],,,,1.082,4.927,8.478
[1758203267566826729],,,,1.049,4.841,8.576
[1758203267570563083],,,,1.097,4.812,8.514
[1758203267574277562],,,,1.207,4.879,8.511
[1758203267578103135],,,,1.061,4.86,8.595
[1758203267581820114],,,,1.161,4.889,8.557
[1758203267585490739],,,,1.326,4.896,8.645
[1758203267589241208],,,,1.183,4.841,8.571
[1758203267593826364],,,,1.087,4.767,8.49
[1758203267597620843],,,,1.082,4.865,8.717
[1758203267601305427],,,,1.31,4.784,8.559
[1758203267604970427],,,,1.144,4.927,8.595
[1758203267608632093],,,,1.125,4.623,8.605
[1758203267612310583],,,,1.025,4.863,8.645
[1758203267615971208],,,,1.192,4.867,8.507
[1758203267619629072],,,,1.118,4.774,8.669
[1758203267623307927],,,,1.013,4.875,8.772
[1758203267626968760],,,,1.113,4.798,8.806
[1758203267630690427],,,,0.984,4.839,8.617
[1758203267634380062],,,,1.132,4.762,8.712
[1758203267638198187],,,,1.034,4.836,8.691
[1758203267641977666],,,,1.099,4.942,8.705
[1758203267645722041],,,,1.113,4.829,8.724
[1758203267649496156],,,,1.183,4.968,8.643
[1758203267653196625],,,,1.113,4.82,8.645
[1758203267656877614],,,,1.192,4.913,8.715
[1758203267660607510],,,,1.08,4.767,8.502
[1758203267664363083],,,,1.199,4.815,8.59
[1758203267669036416],,,,1.109,4.872,8.516
[1758203267672924802],,,,1.13,4.796,8.346
[1758203267676712562],,,,1.199,4.75,8.59
[1758203267680475947],,,,1.168,4.875,8.724
[1758203267684176833],,,,1.149,4.812,8.485
[1758203267687865687],,,,1.094,4.822,8.674
[1758203267692560687],,,,1.142,4.831,8.521
[1758203267696352406],,,,1.331,4.901,8.701
[1758203267700023031],,,,1.135,4.908,8.48
[1758203267703734072],,,,1.216,4.812,8.674
[1758203267707408604],,,,1.075,4.798,8.511
[1758203267711094125],,,,1.216,4.86,8.722
[1758203267714752822],,,,1.125,4.901,8.61
[1758203267718410739],,,,1.089,4.776,8.765
[1758203267722083239],,,,1.214,4.839,8.593
[1758203267725751520],,,,1.125,4.887,8.468
[1758203267729466572],,,,1.092,4.834,8.734
[1758203267733177250],,,,1.032,4.776,8.638
[1758203267736861677],,,,0.972,4.817,8.662
[1758203267740808864],,,,1.188,4.843,8.648
[1758203267744559958],,,,1.233,4.829,8.677
[1758203267748265062],,,,1.07,4.865,8.655
[1758203267751983552],,,,1.118,4.843,8.691
[1758203267755677093],,,,1.221,4.975,8.727
[1758203267759388656],,,,1.192,4.839,8.624
[1758203267763085479],,,,1.111,4.879,8.495
[1758203267766777874],,,,1.109,4.846,8.715
[1758203267770456052],,,,1.164,4.925,8.617
[1758203267774200322],,,,1.061,4.896,8.6
[1758203267777872562],,,,1.202,4.815,8.593
[1758203267781617406],,,,1.049,4.903,8.674
[1758203267785375895],,,,1.087,4.887,8.564
[1758203267789105999],,,,1.164,4.776,8.495
[1758203267793270947],,,,1.032,4.805,8.653
[1758203267796954229],,,,1.051,4.899,8.588
[1758203267800702927],,,,1.152,5.052,8.614
[1758203267804347718],,,,1.164,4.817,8.672
[1758203267808034958],,,,1.082,4.98,8.715
[1758203267811736468],,,,1.049,4.863,8.777
[1758203267815400427],,,,1.101,4.848,8.614
[1758203267819062406],,,,1.219,4.843,8.734
[1758203267822772979],,,,0.936,4.829,8.715
[1758203267826434749],,,,1.125,4.81,8.729
[1758203267830099072],,,,1.183,4.81,8.665
[1758203267833840895],,,,1.132,4.793,8.617
[1758203267837626833],,,,1.221,4.877,8.586
[1758203267841545010],,,,1.034,4.812,8.569
[1758203267845238916],,,,1.041,4.863,8.454
[1758203267848935635],,,,1.173,5.016,8.815
[1758203267852623395],,,,1.188,4.853,8.641
[1758203267857406156],,,,1.223,4.843,8.59
[1758203267861516781],,,,1.171,4.937,8.617
[1758203267865514020],,,,1.176,4.743,8.574
[1758203267869432406],,,,1.14,4.834,8.511
[1758203267873360322],,,,1.156,4.922,8.758
[1758203267877291729],,,,1.109,4.81,8.823
[1758203267882082354],,,,0.936,4.779,8.466
[1758203267886059489],,,,1.156,4.841,8.629
[1758203267889987249],,,,1.056,4.834,8.461
[1758203267894931520],,,,1.159,4.86,8.66
[1758203267898921416],,,,1.123,4.798,8.571
[1758203267902670270],,,,1.13,4.817,8.583
[1758203267906380479],,,,1.171,4.808,8.684
[1758203267910053499],,,,1.049,4.767,8.641
[1758203267913758499],,,,1.111,4.875,8.751
[1758203267917425062],,,,1.199,4.776,8.641
[1758203267921127197],,,,1.166,4.906,8.873
[1758203267924793343],,,,0.96,5.006,8.629
[1758203267928474281],,,,1.135,4.93,8.617
[1758203267932202718],,,,1.161,4.815,8.478
[1758203267935883083],,,,1.204,4.798,8.557
[1758203267939663447],,,,1.082,4.87,8.643
[1758203267943442927],,,,1.135,4.918,8.679
[1758203267947129124],,,,1.154,4.75,8.607
[1758203267950903968],,,,0.991,4.82,8.557
[1758203267954614229],,,,1.149,4.762,8.519
[1758203267958286052],,,,1.13,4.839,8.655
[1758203267961993291],,,,1.125,4.882,8.514
[1758203267965663551],,,,1.094,4.858,8.583
[1758203267969335479],,,,1.056,4.877,8.839
[1758203267973067197],,,,0.929,5.009,8.533
[1758203267976781312],,,,1.08,4.875,8.78
[1758203267980538343],,,,1.238,4.99,8.531
[1758203267984300166],,,,1.065,4.784,8.432
[1758203267987986468],,,,1.051,4.81,8.59
[1758203267992020270],,,,1.092,4.865,8.593
[1758203267995724437],,,,1.228,4.815,8.562
[1758203267999403968],,,,1.01,4.75,8.801
[1758203268003096624],,,,1.298,4.772,8.645
[1758203268006837718],,,,1.192,4.884,8.543
[1758203268010590426],,,,1.125,4.846,8.521
[1758203268014311156],,,,1.099,5.047,8.689
[1758203268018003499],,,,1.144,4.884,8.631
[1758203268021705114],,,,1.089,4.887,8.708
[1758203268025376104],,,,1.073,4.867,8.732
[1758203268029038343],,,,1.094,4.817,8.59
[1758203268032798708],,,,1.176,4.817,8.665
[1758203268036577510],,,,1.128,4.831,8.461
[1758203268040302562],,,,1.319,5.011,8.653
[1758203268044067770],,,,1.109,4.891,8.686
[1758203268047756676],,,,1.132,4.855,8.741
[1758203268051490479],,,,1.135,4.829,8.554
[1758203268055187354],,,,1.159,4.808,8.586
[1758203268058853395],,,,1.166,4.942,8.689
[1758203268062520999],,,,1.176,4.834,8.674
[1758203268066206624],,,,1.106,4.662,8.631
[1758203268069909072],,,,1.144,4.966,8.545
[1758203268073608031],,,,1.044,4.848,8.636
[1758203268077278864],,,,1.164,4.927,8.655
[1758203268080997979],,,,1.159,4.872,8.607
[1758203268084659906],,,,1.3,4.985,8.851
[1758203268088328812],,,,1.137,4.817,8.717
[1758203268092554541],,,,1.044,4.86,8.487
[1758203268097866520],,,,1.099,4.843,8.516
[1758203268101674645],,,,1.152,4.915,8.59
[1758203268105392979],,,,1.008,4.808,8.564
[1758203268109089697],,,,1.03,4.776,8.808
[1758203268112783499],,,,1.147,4.738,8.619
[1758203268116450739],,,,1.164,4.875,8.851
[1758203268120109124],,,,1.219,4.82,8.66
[1758203268123792926],,,,1.013,4.803,8.677
[1758203268127494437],,,,1.171,4.944,8.689
[1758203268131246572],,,,1.087,4.855,8.653
[1758203268135036156],,,,1.156,4.788,8.454
[1758203268138718135],,,,1.109,4.889,8.708
[1758203268142635583],,,,1.099,5.013,8.478
[1758203268146319489],,,,1.156,4.75,8.691
[1758203268149999854],,,,1.075,4.817,8.629
[1758203268153711104],,,,1.154,4.839,8.739
[1758203268157427406],,,,1.358,4.776,8.729
[1758203268161163499],,,,1.116,4.808,8.531
[1758203268164870114],,,,1.113,4.82,8.528
[1758203268168600270],,,,1.173,4.87,8.674
[1758203268172273395],,,,1.046,4.915,8.667
[1758203268175931208],,,,1.082,4.855,8.669
[1758203268179649124],,,,1.166,4.764,8.605
[1758203268183414749],,,,1.223,4.82,8.574
[1758203268187167145],,,,1.104,4.843,8.629
[1758203268190993968],,,,1.006,4.729,8.499
[1758203268195748812],,,,1.159,4.851,8.691
[1758203268199593916],,,,1.075,4.784,8.468
[1758203268203378499],,,,1.089,4.841,8.77
[1758203268207068864],,,,1.097,4.812,8.729
[1758203268210800218],,,,1.166,4.867,8.595
[1758203268214479489],,,,1.197,4.884,8.768
[1758203268218151103],,,,1.197,4.776,8.653
[1758203268221827770],,,,1.104,4.927,8.566
[1758203268225522562],,,,1.207,5.013,8.686
[1758203268229225218],,,,1.207,4.956,8.696
[1758203268232969489],,,,1.166,4.901,8.497
[1758203268236646260],,,,1.118,5.021,8.77
[1758203268240414228],,,,1.149,4.831,8.65
[1758203268244486885],,,,1.161,5.013,8.533
[1758203268248193708],,,,1.118,4.867,8.54
[1758203268251869489],,,,1.053,4.877,8.44
[1758203268255631156],,,,1.178,4.858,8.581
[1758203268259324541],,,,1.149,4.863,8.662
[1758203268263047458],,,,1.113,4.851,8.495
[1758203268266701416],,,,1.216,4.863,8.61
[1758203268270454853],,,,1.085,4.829,8.667
[1758203268274142301],,,,1.135,4.796,8.629
[1758203268277815635],,,,1.171,4.887,8.593
[1758203268281545583],,,,1.164,4.779,8.679
[1758203268285222145],,,,1.046,4.824,8.626
[1758203268288982770],,,,1.219,4.748,8.435
[1758203268292959228],,,,1.092,4.875,8.696
[1758203268296653239],,,,1.252,4.872,8.607
[1758203268300469228],,,,1.106,4.709,8.566
[1758203268304199645],,,,1.24,4.872,8.569
[1758203268307907718],,,,1.211,4.772,8.598
[1758203268311585270],,,,1.159,4.764,8.509
[1758203268315229176],,,,1.302,4.817,8.569
[1758203268318890583],,,,1.089,4.841,8.442
[1758203268323871728],,,,1.152,4.755,8.54
[1758203268327838812],,,,1.092,4.772,8.6
[1758203268331751156],,,,1.013,4.903,8.636
[1758203268336540374],,,,1.116,4.851,8.569
[1758203268340547041],,,,1.077,4.872,8.523
[1758203268345415687],,,,1.07,4.851,8.55
[1758203268349386416],,,,1.039,4.894,8.703
[1758203268354253395],,,,1.056,4.776,8.492
[1758203268358233603],,,,1.032,4.87,8.631
[1758203268362143760],,,,1.173,4.822,8.444
[1758203268366801156],,,,1.137,4.75,8.562
[1758203268370599906],,,,1.092,4.831,8.638
[1758203268374400322],,,,1.135,4.841,8.739
[1758203268378067770],,,,1.109,4.805,8.59
[1758203268381757978],,,,1.226,5.042,8.566
[1758203268385416781],,,,1.219,4.851,8.736
[1758203268389086676],,,,1.173,4.906,8.636
[1758203268392813083],,,,1.164,4.764,8.653
[1758203268396464228],,,,1.099,4.762,8.581
[1758203268400127874],,,,1.199,4.927,8.6
[1758203268404696103],,,,1.135,4.82,8.533
[1758203268408522249],,,,1.068,4.889,8.574
[1758203268412228343],,,,1.087,4.86,8.562
[1758203268415894228],,,,1.149,4.939,8.667
[1758203268419563499],,,,1.202,4.851,8.631
[1758203268423273447],,,,1.149,4.877,8.516
[1758203268426927822],,,,1.178,4.784,8.696
[1758203268430666520],,,,1.221,4.827,8.516
[1758203268434350270],,,,1.269,4.889,8.595
[1758203268438011624],,,,1.209,4.793,8.605
[1758203268441693395],,,,1.178,4.855,8.691
[1758203268445365114],,,,1.137,4.827,8.562
[1758203268450221312],,,,1.027,4.855,8.82
[1758203268454105687],,,,1.159,4.867,8.478
[1758203268457775687],,,,0.931,4.779,8.492
[1758203268461467770],,,,1.077,4.884,8.538
[1758203268465129593],,,,1.032,4.994,8.665
[1758203268468798187],,,,1.041,4.841,8.657
[1758203268472475478],,,,1.188,4.915,8.607
[1758203268476131312],,,,0.965,4.987,8.643
[1758203268479790999],,,,1.154,4.891,8.703
[1758203268483469541],,,,1.154,4.944,8.437
[1758203268487121155],,,,1.214,4.843,8.636
[1758203268490893030],,,,1.075,4.899,8.641
[1758203268494589853],,,,1.077,4.836,8.626
[1758203268498355791],,,,1.144,4.913,8.677
[1758203268502103083],,,,1.015,4.961,8.708
[1758203268505776833],,,,1.104,4.877,8.693
[1758203268509484958],,,,1.123,4.867,8.717
[1758203268513176989],,,,1.106,4.932,8.83
[1758203268516844958],,,,1.142,4.875,8.614
[1758203268520560687],,,,1.113,4.757,8.545
[1758203268524243499],,,,1.245,4.906,8.452
[1758203268527909801],,,,1.125,4.831,8.667
[1758203268531647301],,,,1.159,4.872,8.533
[1758203268535329176],,,,1.075,4.839,8.598
[1758203268539033499],,,,0.962,4.877,8.66
[1758203268542691937],,,,1.101,4.879,8.708
[1758203268546334437],,,,1.006,4.899,8.598
[1758203268549998135],,,,1.144,4.752,8.665
[1758203268554126312],,,,1.037,4.942,8.559
[1758203268557823239],,,,1.171,4.824,8.669
[1758203268561551416],,,,1.144,4.767,8.552
[1758203268565224645],,,,1.099,4.867,8.449
[1758203268568884853],,,,1.12,4.882,8.617
[1758203268572569020],,,,1.154,4.815,8.655
[1758203268576231728],,,,1.154,4.851,8.495
[1758203268579897822],,,,1.02,4.786,8.557
[1758203268583617353],,,,1.137,4.812,8.492
[1758203268587319020],,,,1.14,4.901,8.504
[1758203268591057249],,,,1.137,4.922,8.519
[1758203268594791468],,,,1.041,4.911,8.76
[1758203268598560687],,,,1.077,4.791,8.648
[1758203268602502353],,,,1.132,4.918,8.617
[1758203268606172458],,,,1.111,4.92,8.689
[1758203268609875114],,,,1.18,4.956,8.672
[1758203268613602978],,,,1.209,4.877,8.552
[1758203268617295635],,,,1.159,4.82,8.653
[1758203268621021416],,,,1.276,4.702,8.648
[1758203268624700010],,,,1.013,4.836,8.667
[1758203268628363499],,,,1.207,4.803,8.464
[1758203268632033187],,,,1.195,4.848,8.703
[1758203268635727822],,,,1.082,4.915,8.622
[1758203268639389385],,,,1.101,4.75,8.461
[1758203268643130426],,,,1.176,4.752,8.614
[1758203268646918499],,,,1.247,4.776,8.732
[1758203268650811155],,,,1.185,4.889,8.485
[1758203268654565947],,,,1.123,4.8,8.578
[1758203268659199020],,,,1.125,4.836,8.562
[1758203268663091364],,,,1.087,4.848,8.547
[1758203268666765791],,,,0.927,4.946,8.636
[1758203268670465166],,,,1.18,4.724,8.59
[1758203268674153499],,,,1.178,4.827,8.684
[1758203268677822197],,,,1.113,4.884,8.672
[1758203268681500582],,,,1.156,4.729,8.677
[1758203268685206989],,,,1.185,4.891,8.6
[1758203268688905374],,,,1.178,4.92,8.655
[1758203268692590947],,,,1.255,4.887,8.799
[1758203268696249957],,,,1.192,4.851,8.643
[1758203268699923864],,,,1.077,4.726,8.528
[1758203268704572614],,,,1.202,4.944,8.459
[1758203268708402457],,,,1.116,5.018,8.724
[1758203268712084385],,,,1.211,4.793,8.684
[1758203268715748082],,,,1.209,4.93,8.83
[1758203268719451051],,,,1.185,4.853,8.763
[1758203268723148239],,,,1.264,4.824,8.672
[1758203268726803135],,,,1.149,4.82,8.665
[1758203268730492614],,,,1.13,4.999,8.468
[1758203268734220999],,,,1.355,4.944,8.655
[1758203268737902093],,,,1.144,4.822,8.631
[1758203268741629437],,,,1.046,4.855,8.59
[1758203268745295010],,,,1.106,4.831,8.566
[1758203268748958760],,,,1.209,4.966,8.59
[1758203268752896572],,,,1.056,4.776,8.593
[1758203268756596416],,,,1.132,4.817,8.605
[1758203268760257145],,,,1.106,4.86,8.578
[1758203268764705426],,,,0.943,4.755,8.538
[1758203268769391103],,,,1.188,4.894,8.732
[1758203268773275114],,,,1.056,4.865,8.552
[1758203268777045895],,,,1.082,4.891,8.545
[1758203268780791780],,,,1.101,4.894,8.492
[1758203268784466520],,,,1.082,4.896,8.48
[1758203268789186207],,,,1.118,4.872,8.715
[1758203268793963603],,,,1.111,4.812,8.653
[1758203268797903968],,,,1.281,4.8,8.662
[1758203268801965478],,,,1.173,4.86,8.485
[1758203268805906780],,,,1.142,4.865,8.602
[1758203268809818760],,,,1.231,5.03,8.521
[1758203268813958499],,,,1.039,4.839,8.674
[1758203268817846780],,,,1.149,4.764,8.552
[1758203268822652301],,,,1.135,4.788,8.447
[1758203268826608447],,,,1.369,4.774,8.696
[1758203268830532457],,,,1.037,4.966,8.442
[1758203268834253968],,,,1.13,4.7,8.691
[1758203268837914645],,,,1.219,4.882,8.552
[1758203268841646832],,,,1.149,4.796,8.636
[1758203268845311364],,,,1.128,4.851,8.679
[1758203268848975322],,,,1.149,4.805,8.557
[1758203268852671676],,,,1.216,4.992,8.871
[1758203268856329853],,,,1.118,4.829,8.605
[1758203268860004645],,,,1.147,4.879,8.562
[1758203268864635009],,,,1.132,4.798,8.504
[1758203268868450166],,,,1.152,4.817,8.535
[1758203268872176312],,,,1.18,4.848,8.502
[1758203268876090739],,,,1.132,4.784,8.48
[1758203268879901520],,,,1.13,4.851,8.576
[1758203268883600530],,,,1.358,4.896,8.552
[1758203268887272978],,,,1.199,4.803,8.669
[1758203268890988395],,,,1.063,4.721,8.588
[1758203268894654280],,,,1.149,4.8,8.564
[1758203268898317041],,,,1.07,4.827,8.571
[1758203268902029801],,,,1.12,4.808,8.641
[1758203268905696312],,,,1.161,4.994,8.569
[1758203268910467666],,,,1.233,4.796,8.459
[1758203268915719280],,,,1.164,5.021,8.562
[1758203268920956364],,,,1.106,4.884,8.569
[1758203268926093707],,,,1.219,4.851,8.449
[1758203268931199176],,,,1.01,4.896,8.607
[1758203268936321312],,,,1.022,4.985,8.521
[1758203268941401207],,,,1.274,4.779,8.492
[1758203268946516155],,,,1.274,4.875,8.42
[1758203268951686103],,,,1.132,4.855,8.294
[1758203268956836676],,,,1.132,4.872,8.454
[1758203268962048551],,,,1.338,4.8,8.456
[1758203268967185947],,,,1.144,4.87,8.325
[1758203268975766259],,,,1.092,4.891,8.425
[1758203268981441780],,,,1.197,4.755,8.44
[1758203268986640218],,,,1.207,4.817,8.576
[1758203268991811155],,,,1.283,4.774,8.564
[1758203268996950270],,,,0.974,4.836,8.483
[1758203269002222405],,,,1.142,4.937,8.71
[1758203269007407041],,,,1.109,4.752,8.633
[1758203269012669489],,,,1.152,4.8,8.464
[1758203269017946676],,,,1.166,4.853,8.586
[1758203269023083187],,,,1.056,4.831,8.624
[1758203269028223343],,,,1.166,4.808,8.464
[1758203269033392041],,,,0.97,4.815,8.394
[1758203269038549020],,,,1.192,4.968,8.528
[1758203269043715739],,,,1.001,4.855,8.602
[1758203269048838499],,,,1.331,4.709,8.432
[1758203269053982093],,,,1.08,4.829,8.471
[1758203269059372457],,,,1.049,4.879,8.473
[1758203269064689801],,,,1.132,5.023,8.432
[1758203269069887509],,,,0.946,5.049,8.552
[1758203269075087041],,,,1.192,4.664,8.413
[1758203269080203082],,,,1.164,4.808,8.492
[1758203269085760114],,,,1.128,4.899,8.554
[1758203269091000791],,,,1.267,4.784,8.528
[1758203269096151624],,,,1.044,4.865,8.557
[1758203269101296572],,,,1.209,4.843,8.566
[1758203269106398291],,,,1.171,4.827,8.432
[1758203269111629853],,,,1.116,4.752,8.454
[1758203269118028707],,,,1.142,4.76,8.509
[1758203269123306676],,,,1.061,4.915,8.406
[1758203269128408030],,,,1.075,4.796,8.538
[1758203269133539228],,,,1.087,4.8,8.595
[1758203269138641311],,,,1.044,4.882,8.636
[1758203269143744957],,,,0.998,4.863,8.471
[1758203269148846832],,,,1.101,4.829,8.466
[1758203269153975739],,,,1.223,4.779,8.507
[1758203269159160999],,,,1.166,4.829,8.629
[1758203269164700478],,,,1.128,4.815,8.54
[1758203269169858239],,,,1.14,4.87,8.693
[1758203269175038447],,,,1.12,4.841,8.497
[1758203269180159801],,,,1.144,4.968,8.459
[1758203269185300999],,,,1.132,4.705,8.55
[1758203269191465374],,,,1.149,4.843,8.459
[1758203269197993707],,,,1.125,5.042,8.349
[1758203269203400791],,,,1.037,4.86,8.617
[1758203269208546884],,,,1.18,4.863,8.509
[1758203269213764280],,,,1.228,4.769,8.317
[1758203269218878186],,,,1.219,4.635,8.499
[1758203269224001572],,,,1.35,4.896,8.363
[1758203269229110739],,,,1.044,4.841,8.724
[1758203269234223030],,,,1.07,4.968,8.703
[1758203269239331155],,,,1.245,4.791,8.6
[1758203269244581155],,,,1.166,4.922,8.557
[1758203269249775374],,,,1.195,4.858,8.698
[1758203269254887197],,,,1.152,4.896,8.516
[1758203269259996989],,,,1.144,4.831,8.495
[1758203269265199072],,,,1.02,4.829,8.356
[1758203269270348811],,,,1.147,4.791,8.406
[1758203269275501624],,,,1.334,4.882,8.617
[1758203269280672249],,,,1.03,4.731,8.442
[1758203269285827874],,,,1.03,4.772,8.619
[1758203269290983916],,,,1.152,5.023,8.473
[1758203269296093238],,,,1.082,4.846,8.514
[1758203269302625270],,,,1.049,4.757,8.624
[1758203269308056363],,,,1.104,4.884,8.466
[1758203269313603291],,,,1.104,4.843,8.435
[1758203269318703238],,,,1.312,4.843,8.399
[1758203269323829801],,,,1.255,4.899,8.638
[1758203269328918499],,,,1.092,4.966,8.724
[1758203269334004072],,,,1.073,4.877,8.464
[1758203269339090166],,,,1.118,4.762,8.533
[1758203269344263030],,,,1.245,4.611,8.454
[1758203269349546780],,,,1.238,4.999,8.523
[1758203269354710166],,,,1.094,4.762,8.495
[1758203269359814697],,,,1.362,4.848,8.507
[1758203269365094645],,,,1.015,4.836,8.452
[1758203269370217718],,,,1.132,4.798,8.466
[1758203269375343759],,,,1.135,4.899,8.547
[1758203269380451259],,,,1.142,4.87,8.557
[1758203269385600738],,,,0.979,4.764,8.648
[1758203269390713759],,,,1.137,4.855,8.643
[1758203269396565113],,,,0.931,4.831,8.665
[1758203269402327718],,,,1.118,4.884,8.449
[1758203269409242822],,,,1.164,4.764,8.624
[1758203269414712718],,,,1.231,4.793,8.531
[1758203269421113447],,,,1.109,4.855,8.483
[1758203269426827301],,,,1.061,4.87,8.571
[1758203269433467353],,,,1.053,4.834,8.464
[1758203269439154280],,,,1.001,4.87,8.554
[1758203269445674228],,,,1.14,4.875,8.437
[1758203269452400738],,,,1.082,4.877,8.454
[1758203269457980947],,,,1.104,4.882,8.473
[1758203269463248968],,,,1.159,4.877,8.815
[1758203269468359280],,,,1.106,4.788,8.49
[1758203269473499905],,,,1.204,4.8,8.468
[1758203269478607561],,,,1.202,4.834,8.442
[1758203269483764124],,,,0.97,4.752,8.72
[1758203269488866468],,,,1.022,4.951,8.624
[1758203269494046728],,,,0.936,4.776,8.523
[1758203269499290061],,,,1.147,4.798,8.504
[1758203269504417613],,,,1.188,4.896,8.332
[1758203269509237822],,,,1.123,5.049,8.296
[1758203269514973395],,,,1.171,4.848,8.456
[1758203269520768395],,,,1.195,4.824,8.557
[1758203269525505218],,,,1.135,4.757,8.562
[1758203269530055947],,,,1.223,4.901,8.669
[1758203269534577770],,,,1.204,4.822,8.684
[1758203269539084020],,,,1.176,4.788,8.617
[1758203269543627145],,,,0.929,4.829,8.657
[1758203269548138551],,,,1.08,4.831,8.43
[1758203269552674645],,,,1.154,4.808,8.566
[1758203269557170061],,,,1.154,4.764,8.478
[1758203269562979384],,,,1.109,4.815,8.65
[1758203269567681051],,,,1.085,4.75,8.578
[1758203269572206936],,,,1.264,4.879,8.523
[1758203269576708395],,,,1.008,4.793,8.507
[1758203269581278030],,,,0.922,4.824,8.564
[1758203269585822926],,,,1.118,4.853,8.543
[1758203269590336624],,,,1.185,4.86,8.49
[1758203269594855113],,,,1.063,4.927,8.598
[1758203269599379072],,,,1.178,4.851,8.43
[1758203269603950374],,,,1.132,4.87,8.495
[1758203269608935165],,,,1.12,4.843,8.636
[1758203269614270009],,,,1.099,4.788,8.435
[1758203269619438915],,,,1.235,4.841,8.332
[1758203269625198811],,,,1.235,4.788,8.519
[1758203269630455895],,,,0.996,4.899,8.48
[1758203269635614488],,,,1.116,4.774,8.712
[1758203269640734645],,,,1.164,4.865,8.554
[1758203269645877301],,,,1.092,4.865,8.473
[1758203269651022457],,,,1.142,4.836,8.444
[1758203269656149228],,,,1.128,4.846,8.48
[1758203269661283290],,,,1.02,4.855,8.578
[1758203269667761936],,,,1.137,4.803,8.509
[1758203269673068863],,,,1.111,4.812,8.61
[1758203269678192145],,,,0.931,4.992,8.571
[1758203269683346676],,,,1.156,4.841,8.495
[1758203269688459176],,,,1.188,4.815,8.574
[1758203269693574488],,,,1.173,4.776,8.662
[1758203269698701572],,,,1.199,4.776,8.435
[1758203269703836988],,,,1.233,4.851,8.523
[1758203269708943759],,,,1.109,4.772,8.509
[1758203269714428603],,,,1.192,4.82,8.437
[1758203269719579801],,,,1.111,4.968,8.511
[1758203269724693967],,,,1.039,4.875,8.483
[1758203269730868915],,,,0.991,4.76,8.361
[1758203269737460738],,,,0.922,4.815,8.495
[1758203269742807040],,,,1.207,4.76,8.643
[1758203269748021259],,,,1.219,4.872,8.461
[1758203269753134645],,,,1.353,4.934,8.543
[1758203269758232092],,,,1.247,4.99,8.44
[1758203269764597665],,,,1.13,4.815,8.523
[1758203269769850582],,,,1.185,4.901,8.617
[1758203269774986311],,,,1.168,4.999,8.643
[1758203269780103030],,,,1.063,4.853,8.641
[1758203269785242353],,,,1.149,4.879,8.432
[1758203269790374280],,,,0.941,4.999,8.655
[1758203269795503863],,,,1.336,4.8,8.54
[1758203269800593186],,,,0.95,4.879,8.423
[1758203269805742978],,,,1.19,4.836,8.471
[1758203269811176884],,,,1.185,4.764,8.492
[1758203269816619280],,,,1.07,4.846,8.452
[1758203269821848915],,,,1.235,4.92,8.428
[1758203269827056415],,,,1.307,4.788,8.535
[1758203269832303134],,,,0.994,4.827,8.571
[1758203269837411884],,,,1.015,4.729,8.619
[1758203269843618290],,,,1.123,4.882,8.674
[1758203269849436207],,,,1.073,4.86,8.571
[1758203269854659957],,,,1.087,4.731,8.461
[1758203269859788395],,,,1.097,4.911,8.564
[1758203269864921832],,,,1.008,4.664,8.413
[1758203269870055322],,,,1.085,4.786,8.655
[1758203269876374228],,,,1.159,4.822,8.444
[1758203269881696520],,,,1.18,4.925,8.466
[1758203269886842405],,,,1.092,4.846,8.442
[1758203269892075738],,,,1.214,4.817,8.684
[1758203269897202092],,,,1.226,5.045,8.717
[1758203269902444592],,,,1.101,4.791,8.485
[1758203269907560634],,,,1.156,4.76,8.571
[1758203269912714749],,,,1.283,4.824,8.645
[1758203269917813082],,,,1.19,4.843,8.574
[1758203269923139645],,,,1.159,4.827,8.521
[1758203269928314749],,,,1.101,4.791,8.492
[1758203269933429228],,,,1.156,4.841,8.485
[1758203269938560009],,,,1.197,4.776,8.655
[1758203269943762561],,,,1.188,4.863,8.574
[1758203269948884384],,,,1.164,4.831,8.507
[1758203269954596363],,,,1.125,4.834,8.471
[1758203269959818499],,,,1.24,4.843,8.509
[1758203269964966572],,,,1.164,4.846,8.574
[1758203269970520686],,,,1.207,4.855,8.499
[1758203269975952144],,,,1.171,4.891,8.286
[1758203269981064749],,,,1.173,4.86,8.732
[1758203269986255842],,,,1.188,4.803,8.701
[1758203269991360269],,,,1.233,5.025,8.473
[1758203269996562040],,,,1.144,4.882,8.538
[1758203270001922197],,,,1.087,4.781,8.557
[1758203270007117040],,,,1.19,4.889,8.562
[1758203270012423863],,,,1.216,4.884,8.554
[1758203270017587457],,,,1.216,4.76,8.82
[1758203270024030478],,,,1.259,4.82,8.698
[1758203270030035947],,,,1.152,4.8,8.478
[1758203270035215269],,,,1.166,4.879,8.614
[1758203270041138394],,,,0.948,4.779,8.655
[1758203270046762457],,,,1.147,4.769,8.562
[1758203270052272769],,,,1.044,4.846,8.464
[1758203270057722978],,,,1.183,4.92,8.499
[1758203270063550478],,,,1.111,4.829,8.538
[1758203270068893342],,,,1.149,4.822,8.629
[1758203270075404228],,,,1.053,4.872,8.473
[1758203270081140113],,,,0.946,4.827,8.586
[1758203270087738290],,,,1.113,4.834,8.564
[1758203270093407509],,,,1.176,4.81,8.456
[1758203270099895426],,,,1.094,4.812,8.622
[1758203270106273082],,,,1.049,4.863,8.389
[1758203270110710217],,,,1.135,4.772,8.526
[1758203270114446988],,,,1.109,4.822,8.648
[1758203270118095009],,,,1.063,4.719,8.487
[1758203270121783655],,,,1.123,4.925,8.617
[1758203270125421103],,,,1.274,4.906,8.614
[1758203270129151051],,,,1.106,4.774,8.691
[1758203270133756259],,,,1.125,4.867,8.578
[1758203270137557822],,,,1.188,4.853,8.602
[1758203270141266519],,,,1.149,4.834,8.703
[1758203270144926780],,,,1.176,4.767,8.624
[1758203270148605061],,,,1.049,4.815,8.631
[1758203270152328811],,,,1.188,4.798,8.526
[1758203270155996884],,,,1.144,4.944,8.703
[1758203270159651363],,,,1.188,4.901,8.753
[1758203270163349853],,,,1.116,4.93,8.6
[1758203270167206780],,,,1.025,4.899,8.6
[1758203270170959071],,,,0.924,4.817,8.559
[1758203270174615426],,,,1.097,4.899,8.593
[1758203270178368342],,,,1.195,4.843,8.6
[1758203270182284905],,,,1.092,4.829,8.499
[1758203270185991936],,,,1.365,4.803,8.691
[1758203270189664228],,,,1.061,4.908,8.732
[1758203270193352978],,,,0.986,4.865,8.703
[1758203270197020061],,,,1.192,4.793,8.655
[1758203270200748811],,,,1.211,4.791,8.696
[1758203270204429019],,,,0.958,4.915,8.708
[1758203270208104957],,,,1.041,4.925,8.595
[1758203270211778342],,,,1.099,4.851,8.667
[1758203270215440217],,,,1.056,4.82,8.554
[1758203270219101624],,,,0.953,4.939,8.511
[1758203270222811988],,,,1.128,4.889,8.653
[1758203270226553707],,,,1.154,4.803,8.605
[1758203270230240686],,,,1.144,4.867,8.71
[1758203270234165999],,,,1.197,4.796,8.471
[1758203270237864749],,,,1.118,4.733,8.554
[1758203270241545113],,,,1.14,4.791,8.566
[1758203270245209228],,,,1.159,4.827,8.583
[1758203270248877301],,,,1.156,4.779,8.614
[1758203270252584644],,,,1.166,4.817,8.509
[1758203270256257249],,,,1.156,4.848,8.552
[1758203270259932821],,,,1.156,4.958,8.521
[1758203270263640478],,,,1.013,4.829,8.645
[1758203270267343863],,,,1.13,4.791,8.71
[1758203270271860894],,,,1.101,4.901,8.641
[1758203270275763134],,,,1.13,4.743,8.528
[1758203270279619176],,,,1.147,4.884,8.569
[1758203270283703603],,,,1.12,4.824,8.499
[1758203270287408394],,,,1.053,4.839,8.653
[1758203270291088186],,,,1.118,4.884,8.622
[1758203270294760269],,,,1.142,4.968,8.554
[1758203270298431311],,,,1.29,4.836,8.667
[1758203270302140634],,,,1.192,4.867,8.509
[1758203270305849749],,,,1.231,4.791,8.636
[1758203270309522301],,,,0.903,4.815,8.753
[1758203270313213863],,,,1.109,4.812,8.499
[1758203270316895165],,,,1.14,4.781,8.672
[1758203270320659853],,,,1.156,4.913,8.631
[1758203270324322301],,,,1.03,4.776,8.662
[1758203270328051676],,,,1.068,4.846,8.619
[1758203270332085530],,,,1.171,4.803,8.464
[1758203270335781571],,,,1.156,4.75,8.633
[1758203270339501415],,,,1.188,4.843,8.583
[1758203270343204853],,,,1.214,4.846,8.77
[1758203270346883030],,,,1.168,4.889,8.617
[1758203270350604957],,,,1.12,4.772,8.533
[1758203270354280217],,,,1.223,4.827,8.686
[1758203270357925946],,,,1.235,4.843,8.698
[1758203270361632769],,,,1.214,4.87,8.511
[1758203270365293342],,,,0.991,4.86,8.655
[1758203270369014957],,,,1.154,4.812,8.631
[1758203270372744228],,,,1.269,4.791,8.576
[1758203270376480582],,,,1.094,4.875,8.49
[1758203270380165373],,,,1.168,4.853,8.753
[1758203270384353759],,,,1.025,4.808,8.689
[1758203270388059592],,,,1.128,4.937,8.545
[1758203270391878342],,,,1.089,4.882,8.593
[1758203270395582978],,,,1.137,4.76,8.674
[1758203270399259957],,,,1.358,4.954,8.669
[1758203270402968498],,,,1.159,4.81,8.562
[1758203270406631884],,,,1.12,4.841,8.473
[1758203270410302144],,,,1.118,4.879,8.595
[1758203270414088759],,,,1.144,4.884,8.487
[1758203270417807144],,,,1.106,4.793,8.531
[1758203270421533498],,,,1.178,5.016,8.648
[1758203270425295373],,,,1.144,4.889,8.581
[1758203270429002613],,,,1.211,4.867,8.564
[1758203270432952509],,,,1.18,4.879,8.487
[1758203270436645582],,,,1.152,4.827,8.679
[1758203270440382353],,,,1.166,4.896,8.662
[1758203270444120269],,,,1.018,4.894,8.578
[1758203270451449488],,,,1.073,4.834,8.48
[1758203270455325582],,,,1.156,4.875,8.564
[1758203270459035269],,,,1.053,4.793,8.566
[1758203270462791259],,,,1.123,4.688,8.629
[1758203270466465426],,,,1.037,5.047,8.605
[1758203270470154905],,,,1.168,4.899,8.516
[1758203270473901155],,,,1.101,4.82,8.617
[1758203270477575478],,,,1.188,4.968,8.732
[1758203270481437353],,,,1.178,4.757,8.636
[1758203270485151103],,,,1.087,4.757,8.557
[1758203270489160634],,,,1.219,4.769,8.571
[1758203270492925373],,,,1.207,4.946,8.77
[1758203270496622405],,,,1.008,4.745,8.65
[1758203270500336259],,,,1.185,4.808,8.674
[1758203270504081207],,,,1.125,4.731,8.509
[1758203270507768186],,,,1.219,4.884,8.478
[1758203270511520634],,,,1.154,4.776,8.533
[1758203270515193238],,,,1.154,4.824,8.614
[1758203270518915946],,,,1.199,4.824,8.665
[1758203270522735269],,,,1.142,4.851,8.66
[1758203270526387092],,,,1.109,4.899,8.863
[1758203270532082665],,,,1.178,4.836,8.55
[1758203270536120426],,,,1.204,4.872,8.487
[1758203270540084905],,,,1.058,4.803,8.758
[1758203270544009801],,,,1.209,4.839,8.729
[1758203270547909019],,,,1.061,4.831,8.636
[1758203270551844957],,,,1.14,4.853,8.562
[1758203270555731780],,,,1.314,4.877,8.487
[1758203270559640998],,,,1.259,4.781,8.689
[1758203270563588811],,,,1.173,4.87,8.653
[1758203270567486103],,,,1.142,4.803,8.669
[1758203270571409280],,,,1.298,4.894,8.473
[1758203270575208707],,,,0.994,4.791,8.677
[1758203270578871519],,,,1.068,4.934,8.717
[1758203270582588186],,,,0.962,4.717,8.545
[1758203270586240113],,,,1.056,4.877,8.708
[1758203270590079384],,,,1.116,4.891,8.669
[1758203270594400165],,,,1.255,4.858,8.521
[1758203270598104800],,,,1.159,4.896,8.485
[1758203270601825321],,,,1.089,4.863,8.519
[1758203270605500686],,,,1.185,4.937,8.523
[1758203270609156936],,,,1.152,4.757,8.748
[1758203270612829748],,,,1.18,4.987,8.43
[1758203270616454800],,,,0.972,4.851,8.648
[1758203270620106050],,,,1.144,4.882,8.665
[1758203270623811832],,,,1.209,4.925,8.873
[1758203270627518759],,,,1.192,4.834,8.662
[1758203270631184748],,,,1.097,4.805,8.497
[1758203270634890217],,,,0.994,4.784,8.665
[1758203270638755738],,,,1.197,5.042,8.61
[1758203270642530686],,,,1.109,4.887,8.751
[1758203270646191780],,,,1.058,4.788,8.593
[1758203270649856259],,,,1.216,4.884,8.72
[1758203270653619853],,,,1.176,4.824,8.722
[1758203270657328863],,,,1.065,4.839,8.686
[1758203270661080478],,,,1.166,4.891,8.856
[1758203270664751884],,,,1.209,4.779,8.564
[1758203270668465165],,,,1.219,4.899,8.543
[1758203270672194905],,,,1.207,4.815,8.622
[1758203270675892353],,,,1.259,4.87,8.703
[1758203270679544436],,,,1.24,4.915,8.612
[1758203270683223134],,,,1.104,4.817,8.66
[1758203270686859071],,,,1.195,4.951,8.763
[1758203270690697561],,,,1.183,4.829,8.648
[1758203270695643290],,,,1.089,4.865,8.569
[1758203270699459800],,,,1.264,4.858,8.586
[1758203270703149644],,,,1.01,4.913,8.492
[1758203270706808655],,,,1.02,4.882,8.59
[1758203270710511415],,,,1.195,4.86,8.71
[1758203270714193759],,,,1.089,4.853,8.437
[1758203270717853759],,,,1.144,4.879,8.691
[1758203270721522717],,,,1.125,4.915,8.681
[1758203270725206623],,,,1.065,4.865,8.727
[1758203270728898863],,,,1.164,4.757,8.787
[1758203270732638967],,,,1.144,4.877,8.705
[1758203270736308342],,,,1.147,4.839,8.732
[1758203270740104748],,,,1.07,4.846,8.495
[1758203270744109071],,,,1.085,4.822,8.495
[1758203270747804175],,,,1.073,4.884,8.55
[1758203270751498394],,,,1.075,4.911,8.569
[1758203270755202405],,,,1.056,4.851,8.655
[1758203270758866207],,,,1.132,4.867,8.71
[1758203270762584436],,,,1.085,4.834,8.456
[1758203270766249853],,,,1.07,4.918,8.746
[1758203270769958082],,,,1.19,4.901,8.681
[1758203270773636519],,,,1.056,4.911,8.741
[1758203270777348394],,,,1.152,4.836,8.49
[1758203270781048759],,,,1.195,4.767,8.854
[1758203270784706519],,,,0.934,4.918,8.447
[1758203270788452978],,,,1.097,4.726,8.571
[1758203270792374853],,,,1.183,4.772,8.696
[1758203270796108498],,,,1.25,4.877,8.66
[1758203270799841103],,,,0.977,4.796,8.72
[1758203270803546363],,,,1.113,4.752,8.624
[1758203270807273707],,,,1.164,4.908,8.672
[1758203270810984800],,,,1.123,4.872,8.622
[1758203270815078082],,,,1.025,4.918,8.643
[1758203270820337561],,,,1.245,4.879,8.466
[1758203270825795894],,,,1.223,4.75,8.672
[1758203270830964227],,,,1.276,4.76,8.485
[1758203270836285373],,,,1.152,4.781,8.538
[1758203270841394905],,,,1.298,4.793,8.499
[1758203270846618134],,,,1.046,4.779,8.428
[1758203270852123498],,,,1.037,5.037,8.485
[1758203270857292873],,,,1.109,4.954,8.497
[1758203270862388342],,,,1.362,4.975,8.471
[1758203270867557613],,,,1.221,4.939,8.526
[1758203270872820582],,,,1.099,4.824,8.442
[1758203270877969123],,,,1.161,5.049,8.48
[1758203270883259696],,,,1.097,4.884,8.552
[1758203270888405998],,,,0.941,4.822,8.526
[1758203270893634123],,,,1.183,4.908,8.499
[1758203270898750946],,,,1.125,4.824,8.468
[1758203270903915321],,,,1.099,4.899,8.59
[1758203270909044071],,,,1.104,4.846,8.514
[1758203270914302352],,,,1.192,5.028,8.444
[1758203270919481675],,,,1.073,4.877,8.418
[1758203270924744175],,,,1.058,4.891,8.406
[1758203270929859071],,,,1.307,4.851,8.464
[1758203270935616832],,,,1.065,4.827,8.535
[1758203270940806259],,,,1.02,4.729,8.464
[1758203270947178498],,,,1.085,4.846,8.624
[1758203270952822457],,,,1.142,4.848,8.44
[1758203270957959957],,,,1.118,4.858,8.543
[1758203270963095738],,,,1.314,4.762,8.523
[1758203270968265321],,,,1.032,4.767,8.502
[1758203270973386623],,,,1.168,4.705,8.535
[1758203270978528811],,,,1.24,4.896,8.595
[1758203270983702352],,,,1.164,4.779,8.452
[1758203270988830165],,,,0.991,4.949,8.519
[1758203270994159905],,,,1.118,5.042,8.471
[1758203270999325738],,,,1.101,4.867,8.607
[1758203271004512665],,,,1.058,4.76,8.559
[1758203271009635790],,,,1.223,4.92,8.571
[1758203271016842248],,,,1.262,4.788,8.514
[1758203271023328394],,,,1.104,4.841,8.552
[1758203271028598082],,,,0.97,4.846,8.389
[1758203271033709175],,,,1.164,4.841,8.389
[1758203271038827352],,,,1.142,4.887,8.717
[1758203271044401571],,,,1.199,4.865,8.657
[1758203271049531988],,,,1.18,4.82,8.602
[1758203271054664279],,,,1.18,4.87,8.681
[1758203271060991207],,,,1.25,4.817,8.449
[1758203271068725634],,,,1.089,4.865,8.48
[1758203271074448811],,,,1.135,4.764,8.286
[1758203271081047144],,,,1.13,4.87,8.545
[1758203271086700582],,,,0.946,4.899,8.66
[1758203271092366884],,,,0.946,4.812,8.667
[1758203271098967769],,,,1.128,4.829,8.478
[1758203271104660582],,,,1.061,4.781,8.444
[1758203271110292196],,,,1.257,4.8,8.514
[1758203271116037977],,,,1.104,4.899,8.562
[1758203271120819904],,,,1.159,4.872,8.44
[1758203271124831832],,,,1.19,4.875,8.66
[1758203271128765165],,,,1.041,4.779,8.66
[1758203271132535061],,,,1.178,4.752,8.679
[1758203271136171571],,,,1.199,4.817,8.588
[1758203271139835582],,,,1.068,4.87,8.574
[1758203271144546050],,,,1.185,4.829,8.497
[1758203271148373446],,,,1.135,4.932,8.413
[1758203271152100269],,,,1.152,4.879,8.475
[1758203271155759175],,,,0.919,4.877,8.598
[1758203271159475113],,,,1.116,4.999,8.578
[1758203271163217248],,,,1.053,4.815,8.626
[1758203271166892040],,,,1.034,4.944,8.581
[1758203271170590842],,,,1.058,4.997,8.66
[1758203271174280477],,,,1.001,4.896,8.554
[1758203271177954696],,,,1.247,4.822,8.444
[1758203271181686102],,,,1.118,4.949,8.461
[1758203271185338342],,,,1.097,4.831,8.679
[1758203271189300946],,,,1.08,4.839,8.667
[1758203271193146623],,,,1.164,4.93,8.516
[1758203271198194071],,,,1.176,4.8,8.471
[1758203271202037196],,,,1.221,4.863,8.614
[1758203271206594488],,,,1.144,4.827,8.478
[1758203271213200946],,,,1.12,4.822,8.543
[1758203271217031936],,,,1.161,4.915,8.607
[1758203271220902092],,,,1.199,4.808,8.456
[1758203271224588290],,,,1.123,4.827,8.667
[1758203271228250894],,,,1.058,4.772,8.626
[1758203271231922769],,,,1.123,4.872,8.679
[1758203271235571884],,,,1.13,4.834,8.633
[1758203271239235477],,,,1.271,4.841,8.566
[1758203271243815425],,,,1.269,4.822,8.571
[1758203271247606415],,,,1.144,4.843,8.571
[1758203271251281050],,,,1.051,4.791,8.578
[1758203271254939800],,,,1.099,4.934,8.459
[1758203271258593446],,,,1.125,4.793,8.65
[1758203271262273238],,,,1.113,4.87,8.612
[1758203271265924488],,,,1.216,4.602,8.593
[1758203271269583863],,,,1.322,4.992,8.71
[1758203271273246988],,,,1.159,4.829,8.44
[1758203271276899331],,,,1.08,4.769,8.581
[1758203271280634436],,,,0.97,4.899,8.54
[1758203271284345165],,,,1.058,4.822,8.626
[1758203271288118498],,,,1.128,4.937,8.497
[1758203271292234279],,,,1.168,4.798,8.571
[1758203271295934436],,,,1.164,4.647,8.475
[1758203271299602300],,,,1.178,4.889,8.614
[1758203271303279748],,,,1.166,4.743,8.631
[1758203271306942717],,,,1.109,4.757,8.569
[1758203271310660425],,,,1.312,4.831,8.583
[1758203271314333863],,,,1.032,4.829,8.566
[1758203271318010009],,,,1.185,4.901,8.684
[1758203271321682404],,,,1.125,4.911,8.55
[1758203271325349123],,,,1.156,4.975,8.662
[1758203271329034019],,,,1.199,4.858,8.724
[1758203271332748602],,,,1.154,4.86,8.65
[1758203271336502717],,,,1.166,4.92,8.586
[1758203271340183550],,,,1.049,4.815,8.674
[1758203271344207665],,,,1.082,4.848,8.514
[1758203271347897352],,,,1.128,4.834,8.569
[1758203271351578654],,,,0.962,4.865,8.669
[1758203271355231831],,,,1.192,4.846,8.724
[1758203271358897613],,,,1.149,4.793,8.55
[1758203271362590790],,,,1.056,4.762,8.605
[1758203271366247144],,,,1.092,4.827,8.466
[1758203271369896415],,,,0.946,4.767,8.607
[1758203271373566936],,,,0.982,4.774,8.693
[1758203271377198811],,,,1.118,4.784,8.657
[1758203271381039123],,,,1.123,4.863,8.772
[1758203271384749904],,,,0.929,4.903,8.653
[1758203271388461675],,,,1.245,4.741,8.885
[1758203271392565529],,,,1.058,4.896,8.42
[1758203271396304279],,,,1.087,4.901,8.617
[1758203271399971311],,,,1.116,4.827,8.686
[1758203271403657248],,,,1.061,4.812,8.562
[1758203271407314019],,,,1.154,4.908,8.578
[1758203271410984956],,,,1.195,4.784,8.562
[1758203271414671936],,,,1.027,4.834,8.499
[1758203271418333290],,,,1.144,4.822,8.775
[1758203271422038446],,,,1.025,4.999,8.624
[1758203271425700217],,,,1.104,4.831,8.782
[1758203271429367196],,,,1.063,4.815,8.636
[1758203271433077561],,,,1.178,5.009,8.717
[1758203271436809175],,,,1.118,4.877,8.655
[1758203271440730529],,,,1.116,4.748,8.629
[1758203271445508706],,,,1.149,4.793,8.564
[1758203271449293915],,,,1.041,4.81,8.607
[1758203271452971675],,,,1.173,4.848,8.602
[1758203271456618863],,,,1.085,4.76,8.516
[1758203271460265217],,,,1.164,4.932,8.705
[1758203271463939748],,,,1.173,4.831,8.657
[1758203271467593915],,,,1.128,4.736,8.741
[1758203271471255373],,,,0.922,4.922,8.722
[1758203271474914331],,,,1.214,4.858,8.643
[1758203271478575008],,,,1.118,4.899,8.811
[1758203271482281727],,,,1.08,4.889,8.72
[1758203271485962717],,,,1.092,4.867,8.468
[1758203271489722561],,,,1.173,4.901,8.559
[1758203271493735113],,,,1.097,4.848,8.507
[1758203271497413290],,,,1.123,4.853,8.701
[1758203271501100269],,,,1.08,4.774,8.492
[1758203271504756519],,,,1.192,4.87,8.629
[1758203271508419227],,,,1.25,4.973,8.617
[1758203271512108238],,,,1.099,4.899,8.645
[1758203271515765738],,,,1.092,4.702,8.533
[1758203271519458081],,,,1.156,4.915,8.516
[1758203271523144644],,,,1.211,4.614,8.756
[1758203271526808081],,,,1.027,4.915,8.464
[1758203271530551623],,,,1.142,4.616,8.519
[1758203271534250217],,,,1.152,4.834,8.509
[1758203271537992665],,,,1.068,4.82,8.708
[1758203271541964019],,,,1.089,4.937,8.61
[1758203271545682613],,,,1.164,4.815,8.538
[1758203271549376988],,,,1.223,4.82,8.638
[1758203271554391571],,,,1.223,4.863,8.526
[1758203271558489175],,,,1.147,4.796,8.633
[1758203271562460529],,,,1.188,5.011,8.665
[1758203271566384488],,,,1.223,4.76,8.571
[1758203271570262821],,,,1.214,4.76,8.698
[1758203271574167769],,,,1.104,4.755,8.679
[1758203271578074019],,,,1.245,4.841,8.571
[1758203271582545113],,,,1.305,4.887,8.49
[1758203271586446883],,,,1.097,4.827,8.667
[1758203271590323967],,,,1.166,4.817,8.437
[1758203271594800894],,,,1.097,4.822,8.447
[1758203271598706050],,,,1.051,4.815,8.717
[1758203271602403029],,,,1.058,4.942,8.619
[1758203271606041936],,,,1.034,4.846,8.818
[1758203271609698133],,,,1.211,4.946,8.636
[1758203271613418498],,,,1.312,4.808,8.617
[1758203271617087248],,,,1.166,4.817,8.686
[1758203271620788967],,,,1.202,4.848,8.684
[1758203271624430529],,,,1.082,5.049,8.662
[1758203271628089592],,,,1.221,4.937,8.629
[1758203271631797561],,,,1.123,4.855,8.593
[1758203271635470217],,,,1.116,4.858,8.789
[1758203271639231988],,,,1.087,4.76,8.586
[1758203271643274904],,,,1.147,4.913,8.581
[1758203271647007508],,,,1.166,4.803,8.485
[1758203271650754540],,,,1.185,4.884,8.459
[1758203271654470373],,,,0.986,4.767,8.662
[1758203271658175686],,,,1.233,4.903,8.605
[1758203271661883863],,,,1.027,4.817,8.645
[1758203271665575373],,,,1.075,4.82,8.645
[1758203271669239800],,,,1.221,4.901,8.612
[1758203271672988706],,,,1.101,4.887,8.554
[1758203271676716935],,,,1.106,4.827,8.576
[1758203271680466779],,,,1.159,4.752,8.521
[1758203271684296831],,,,1.149,4.791,8.602
[1758203271687990894],,,,1.164,4.937,8.519
[1758203271692004331],,,,1.068,4.846,8.653
[1758203271695702092],,,,1.116,5.023,8.885
[1758203271699367040],,,,1.176,4.853,8.499
[1758203271703133967],,,,1.12,4.815,8.535
[1758203271706826831],,,,1.19,4.925,8.65
[1758203271710582977],,,,1.192,4.774,8.638
[1758203271714267248],,,,1.14,4.817,8.708
[1758203271717924383],,,,1.109,4.788,8.717
[1758203271721586310],,,,1.264,5.004,8.586
[1758203271725267300],,,,1.116,4.822,8.523
[1758203271728917665],,,,1.207,4.82,8.507
[1758203271734577613],,,,1.164,4.798,8.543
[1758203271738673602],,,,1.247,4.901,8.526
[1758203271742481154],,,,1.226,4.906,8.42
[1758203271746163863],,,,1.08,4.815,8.71
[1758203271749833133],,,,0.994,4.8,8.677
[1758203271753593758],,,,1.221,5.045,8.669
[1758203271757299331],,,,1.01,4.918,8.595
[1758203271760982613],,,,1.18,4.911,8.502
[1758203271764641988],,,,1.223,4.767,8.672
[1758203271768340217],,,,1.128,4.812,8.698
[1758203271772072508],,,,1.07,4.8,8.657
[1758203271775762560],,,,1.128,4.918,8.516
[1758203271779465738],,,,1.073,4.846,8.595
[1758203271783252248],,,,1.132,4.925,8.655
[1758203271786943185],,,,1.097,4.913,8.6
[1758203271790682665],,,,1.154,4.858,8.681
[1758203271795264852],,,,1.142,4.776,8.538
[1758203271799110060],,,,1.089,4.906,8.447
[1758203271802926623],,,,1.094,4.724,8.712
[1758203271806602665],,,,1.137,4.894,8.748
[1758203271810266050],,,,1.238,4.903,8.588
[1758203271813942404],,,,1.058,4.961,8.66
[1758203271817599540],,,,1.116,4.863,8.662
[1758203271821473394],,,,1.125,4.865,8.578
[1758203271826638133],,,,0.962,4.848,8.519
[1758203271832131779],,,,1.185,4.822,8.633
[1758203271837346050],,,,1.219,4.762,8.519
[1758203271842581206],,,,1.207,4.843,8.44
[1758203271847848706],,,,1.183,4.65,8.425
[1758203271852976102],,,,1.132,4.848,8.562
[1758203271858079748],,,,0.936,4.843,8.545
[1758203271863187144],,,,1.319,4.831,8.564
[1758203271868325581],,,,1.221,4.827,8.569
[1758203271873485321],,,,1.185,4.752,8.487
[1758203271878625321],,,,1.065,4.851,8.54
[1758203271883795321],,,,1.156,4.666,8.569
[1758203271889011363],,,,1.324,4.764,8.528
[1758203271894229227],,,,1.353,4.8,8.485
[1758203271899354331],,,,1.207,4.808,8.437
[1758203271905910373],,,,1.118,4.805,8.638
[1758203271911090373],,,,1.144,4.875,8.519
[1758203271916416883],,,,1.298,4.889,8.578
[1758203271921584331],,,,1.077,4.808,8.487
[1758203271926730633],,,,0.979,4.851,8.487
[1758203271931895373],,,,1.056,5.054,8.363
[1758203271937332717],,,,1.089,4.848,8.602
[1758203271942528029],,,,0.989,4.752,8.382
[1758203271947649748],,,,1.101,4.841,8.701
[1758203271952885321],,,,1.331,4.87,8.509
[1758203271958139435],,,,1.137,4.889,8.583
[1758203271963314592],,,,1.046,4.894,8.478
[1758203271968449904],,,,1.116,4.812,8.614
[1758203271973578915],,,,1.08,4.872,8.689
[1758203271978725060],,,,1.113,4.776,8.66
[1758203271983855998],,,,1.106,4.901,8.564
[1758203271988990529],,,,1.044,5.001,8.461
[1758203271995394227],,,,1.116,4.776,8.509
[1758203272001888446],,,,1.226,4.82,8.44
[1758203272008415425],,,,1.092,4.906,8.497
[1758203272013682665],,,,1.243,4.882,8.552
[1758203272018797352],,,,1.125,4.762,8.464
[1758203272023930998],,,,1.302,4.798,8.672
[1758203272029056987],,,,1.202,4.86,8.413
[1758203272034179592],,,,1.154,4.999,8.545
[1758203272039311571],,,,1.31,5.011,8.523
[1758203272044822560],,,,1.137,4.769,8.557
[1758203272049963185],,,,1.025,4.812,8.569
[1758203272055237092],,,,0.967,4.994,8.581
[1758203272060366362],,,,1.223,4.843,8.681
[1758203272065474852],,,,0.943,4.915,8.578
[1758203272070585633],,,,1.123,4.736,8.535
[1758203272075722873],,,,1.209,4.899,8.447
[1758203272080827508],,,,1.044,4.911,8.629
[1758203272085930321],,,,1.144,4.872,8.677
[1758203272091032300],,,,1.312,4.798,8.576
[1758203272096977040],,,,1.18,4.803,8.507
[1758203272102757717],,,,1.171,4.827,8.478
[1758203272109360790],,,,1.113,4.774,8.598
[1758203272115030321],,,,1.178,4.776,8.535
[1758203272120404175],,,,1.176,4.848,8.617
[1758203272125840737],,,,1.183,4.927,8.586
[1758203272132409435],,,,1.12,4.891,8.538
[1758203272138046154],,,,1.132,4.772,8.531
[1758203272144558862],,,,1.101,4.772,8.566
[1758203272150246362],,,,1.346,4.81,8.315
[1758203272156713289],,,,1.147,4.87,8.543
[1758203272162321831],,,,0.979,4.609,8.559
[1758203272167451310],,,,1.152,4.836,8.626
[1758203272172592092],,,,1.123,4.8,8.71
[1758203272177691623],,,,1.188,4.958,8.583
[1758203272182837508],,,,1.065,4.853,8.464
[1758203272187964279],,,,1.25,4.875,8.717
[1758203272193133342],,,,1.137,4.776,8.502
[1758203272198264175],,,,0.927,5.049,8.547
[1758203272203601467],,,,1.329,4.839,8.418
[1758203272208716831],,,,1.18,4.815,8.578
[1758203272214137717],,,,1.125,4.755,8.576
[1758203272219249227],,,,1.188,4.776,8.454
[1758203272224384696],,,,1.276,4.808,8.535
[1758203272229513914],,,,1.255,5.023,8.48
[1758203272234718654],,,,1.099,4.836,8.519
[1758203272239850581],,,,1.199,4.855,8.531
[1758203272245104227],,,,1.164,4.796,8.533
[1758203272250221779],,,,0.996,4.889,8.466
[1758203272256569279],,,,1.123,4.808,8.447
[1758203272261894800],,,,1.19,4.788,8.48
[1758203272268319383],,,,1.08,4.867,8.478
[1758203272273596206],,,,1.195,4.858,8.504
[1758203272278715737],,,,1.106,4.846,8.662
[1758203272283847196],,,,1.085,4.87,8.557
[1758203272288950842],,,,1.168,6.213,4.652
[1758203272294060842],,,,-5.212,10.039,6.881
[1758203272299196467],,,,-2.49,7.496,5.444
[1758203272304450425],,,,-1.13,9.713,3.534
[1758203272309572560],,,,-1.743,9.297,3.718
[1758203272314795842],,,,0.06,10.338,3.881
[1758203272321268394],,,,2.442,8.904,3.371
[1758203272326537248],,,,2.756,9.031,8.124
[1758203272331713341],,,,3.297,7.855,11.449
[1758203272336840737],,,,4.733,8.466,7.966
[1758203272341995581],,,,3.982,8.112,6.194
[1758203272347096050],,,,4.166,7.831,10.839
[1758203272352348133],,,,5.835,8.789,10.326
[1758203272357475164],,,,4.65,9.469,8.198
[1758203272362670737],,,,5.164,8.396,6.97
[1758203272367918654],,,,5.636,7.592,7.575
[1758203272373409071],,,,5.176,6.668,9.014
[1758203272378590894],,,,7.405,4.757,1.958
[1758203272383713394],,,,6.27,0.867,11.547
[1758203272388808081],,,,5.476,1.302,4.46
[1758203272393986831],,,,6.57,-0.706,12.459
[1758203272399187769],,,,8.507,-5.183,16.491
[1758203272404425633],,,,11.449,-2.48,8.708
[1758203272409555321],,,,5.574,-8.657,17.698
[1758203272414782977],,,,3.582,-8.021,18.677
[1758203272420001571],,,,4.125,-7.57,16.616
[1758203272426496310],,,,2.978,-6.615,16.666
[1758203272432940737],,,,3.01,-4.918,15.567
[1758203272438195633],,,,2.634,-5.753,15.483
[1758203272443285946],,,,2.921,-3.644,14.138
[1758203272448391935],,,,3.859,4.228,7.197
[1758203272453620529],,,,3.124,-5.935,12.831
[1758203272458761519],,,,2.914,-5.547,9.941
[1758203272463845894],,,,2.085,3.388,9.122
[1758203272468932508],,,,3.153,7.25,5.483
[1758203272474115581],,,,3.326,8.921,3.352
[1758203272480675060],,,,2.998,10.245,-0.381
[1758203272485951258],,,,2.14,13.649,7.635
[1758203272491019279],,,,1.516,12.328,6.962
[1758203272496094071],,,,1.664,13.611,4.752
[1758203272501210164],,,,1.738,12.728,6.816
[1758203272506430112],,,,1.863,12.11,3.115
[1758203272511565216],,,,1.302,17.731,1.946
[1758203272516662716],,,,1.671,14.523,2.823
[1758203272521873706],,,,1.307,14.55,2.818
[1758203272527136206],,,,1.25,8.013,5.109
[1758203272532710373],,,,1.396,6.033,5.921
[1758203272537830060],,,,1.269,6.132,7.065
[1758203272542913758],,,,0.383,6.275,8.198
[1758203272548053602],,,,0.433,6.594,8.545
[1758203272553289175],,,,0.223,5.983,9.345
[1758203272558406362],,,,0.421,5.619,8.959
[1758203272563483602],,,,0.436,6.201,8.583
[1758203272568617560],,,,0.134,6.16,7.855
[1758203272573809696],,,,0.582,6.294,7.216
[1758203272579018810],,,,0.802,6.61,6.862
[1758203272584185164],,,,-0.448,6.883,6.402
[1758203272590702925],,,,0.019,6.39,6.424
[1758203272595975425],,,,0.086,7.07,6.958
[1758203272601090685],,,,0.745,6.424,7.391
[1758203272606312508],,,,0.177,6.23,7.578
[1758203272611425373],,,,0.045,6.989,8.016
[1758203272616545789],,,,0.725,6.158,7.843
[1758203272621691675],,,,0.292,6.589,8.341
[1758203272626828498],,,,0.249,5.495,8.236
[1758203272632047664],,,,0.725,5.258,7.293
[1758203272637305893],,,,0.977,5.782,7.815
[1758203272642789487],,,,0.668,4.547,8.564
[1758203272647953029],,,,0.184,4.41,9.895
[1758203272653147456],,,,0.725,2.99,9.912
[1758203272658318237],,,,0.953,3.108,9.158
[1758203272663448185],,,,1.508,3.1,9.392
[1758203272668603341],,,,1.03,3.124,8.892
[1758203272673686831],,,,2.354,2.696,9.471
[1758203272678806466],,,,2.648,2.349,8.94
[1758203272683977248],,,,2.435,3.328,8.392
[1758203272689172248],,,,1.982,3.63,8.724
[1758203272694272873],,,,2.342,3.424,8.466
[1758203272699812612],,,,2.184,4.501,8.363
[1758203272705138810],,,,1.966,4.597,8.282
[1758203272710284748],,,,1.638,5.148,8.349
[1758203272715457716],,,,1.341,4.918,8.703
[1758203272720554018],,,,1.3,4.745,8.873
[1758203272725637248],,,,1.156,4.654,8.77
[1758203272730761310],,,,1.216,4.968,8.803
[1758203272735916154],,,,1.039,4.97,8.617
[1758203272741026571],,,,0.96,4.961,8.454
[1758203272746333341],,,,1.087,4.891,8.389
[1758203272752473393],,,,1.29,4.951,8.384
[1758203272759060893],,,,1.432,4.829,8.253
[1758203272765549852],,,,1.18,4.966,8.485
[1758203272772851050],,,,1.247,4.93,8.464
[1758203272778570841],,,,1.085,5.033,8.566
[1758203272784173966],,,,1.13,4.915,8.473
[1758203272789553445],,,,1.12,5.025,8.442
[1758203272796069435],,,,1.152,5.021,8.181
[1758203272801949175],,,,1.082,5.14,8.009
[1758203272808549591],,,,1.125,5.162,8.116
[1758203272814124800],,,,1.063,5.045,8.188
[1758203272819253029],,,,1.137,5.042,8.516
[1758203272824374018],,,,1.135,4.973,8.538
[1758203272828109695],,,,1.245,4.999,9.115
[1758203272831800529],,,,1.14,4.772,9.06
[1758203272835455060],,,,1.063,4.58,9.352
[1758203272839122612],,,,1.034,4.3,9.297
[1758203272842844383],,,,1.101,4.741,9.44
[1758203272846509018],,,,0.929,5.128,9.354
[1758203272850542091],,,,0.986,5.195,8.995
[1758203272854286987],,,,1.223,5.409,8.756
[1758203272857955633],,,,1.3,5.497,8.411
[1758203272861649227],,,,1.147,5.571,8.234
[1758203272865314175],,,,1.238,5.289,8.229
[1758203272868976154],,,,1.006,4.903,8.083
[1758203272872743133],,,,0.972,5.171,7.898
[1758203272876408445],,,,1.032,5.538,7.788
[1758203272880060268],,,,0.668,5.772,7.966
[1758203272883762612],,,,0.989,5.401,8.068
[1758203272887432195],,,,0.927,5.253,8.222
[1758203272891163289],,,,1.058,5.042,8.368
[1758203272894941466],,,,0.606,4.793,8.794
[1758203272898627716],,,,0.666,4.772,8.808
[1758203272902579695],,,,0.596,4.664,8.976
[1758203272906290164],,,,0.62,4.884,9.345
[1758203272909967612],,,,0.321,4.903,9.11
[1758203272913679175],,,,0.464,4.781,8.873
[1758203272917360216],,,,0.754,4.817,9.086
[1758203272921104070],,,,0.742,4.863,8.866
[1758203272924776362],,,,1.233,4.99,8.282
[1758203272928444695],,,,1.305,5.49,8.329
[1758203272932165112],,,,0.388,5.308,8.047
[1758203272935944487],,,,0.175,5.03,7.748
[1758203272939630060],,,,-0.735,5.179,7.635
[1758203272943296727],,,,-0.299,5.516,7.238
[1758203272946939852],,,,0.532,5.423,7.209
[1758203272950664748],,,,0.685,5.713,7.592
[1758203272954343914],,,,1.618,4.98,6.823
[1758203272958014748],,,,3.139,5.447,7.324
[1758203272961694435],,,,4.302,5.646,7.74
[1758203272965399435],,,,4.286,6.919,7.932
[1758203272969112508],,,,3.191,6.155,8.262
[1758203272973743393],,,,1.168,5.207,8.444
[1758203272977586050],,,,0.883,5.332,8.6
[1758203272981312352],,,,1.231,4.772,9.143
[1758203272984969539],,,,1.439,4.63,9.534
[1758203272988637872],,,,1.377,4.808,9.835
[1758203272992327716],,,,0.915,5.073,9.503
[1758203272996006414],,,,0.828,5.078,9.364
[1758203272999676362],,,,0.757,5.205,9.287
[1758203273003366310],,,,1.178,4.999,8.861
[1758203273007039070],,,,1.231,5.035,8.796
[1758203273011044018],,,,1.437,5.109,8.667
[1758203273014821258],,,,1.109,5.397,8.071
[1758203273018536414],,,,1.022,5.528,7.894
[1758203273023116050],,,,0.936,5.641,7.374
[1758203273026906362],,,,0.929,5.559,7.807
[1758203273030621518],,,,1.094,5.667,7.671
[1758203273034278133],,,,0.991,5.746,7.372
[1758203273037932612],,,,1.027,5.739,7.491
[1758203273041631466],,,,1.015,5.655,7.618
[1758203273045295112],,,,0.936,5.528,7.609
[1758203273049026414],,,,1.053,5.547,7.827
[1758203273052746987],,,,0.826,5.65,8.095
[1758203273056453289],,,,0.79,5.602,8.363
[1758203273060132925],,,,0.886,5.521,8.456
[1758203273063864122],,,,0.685,5.476,8.392
[1758203273067640685],,,,0.91,5.497,8.466
[1758203273071591622],,,,0.661,5.478,8.612
[1758203273075284695],,,,0.706,5.583,8.614
[1758203273078959747],,,,0.63,5.502,8.523
[1758203273082650841],,,,0.883,5.397,8.435
[1758203273086296206],,,,0.912,5.509,8.305
[1758203273089989122],,,,0.864,5.523,8.416
[1758203273093723341],,,,0.843,5.514,8.114
[1758203273097415268],,,,0.879,5.626,8.425
[1758203273101102977],,,,0.867,5.547,8.088
[1758203273104768445],,,,0.771,5.655,8.061
[1758203273108438914],,,,0.776,5.732,7.846
[1758203273112207560],,,,0.702,5.851,7.98
[1758203273116858237],,,,0.757,5.801,8.109
[1758203273120851727],,,,0.637,5.94,7.906
[1758203273124554956],,,,0.615,5.816,7.894
[1758203273128214331],,,,0.589,6.127,7.966
[1758203273131905997],,,,0.625,5.772,8.023
[1758203273135613341],,,,0.716,5.88,7.858
[1758203273139279331],,,,0.754,5.947,7.999
[1758203273142950581],,,,0.869,5.744,8.064
[1758203273146608497],,,,0.821,5.725,8.049
[1758203273150381102],,,,0.883,5.684,8.1
[1758203273157773081],,,,0.792,5.689,8.284
[1758203273161535997],,,,0.848,5.703,8.258
[1758203273165342612],,,,0.759,5.648,8.253
[1758203273169041779],,,,0.833,5.653,8.289
[1758203273172845529],,,,0.845,5.653,8.21
[1758203273176544643],,,,0.692,5.662,8.255
[1758203273180212925],,,,0.651,5.77,8.253
[1758203273183893810],,,,0.848,5.825,8.279
[1758203273187616310],,,,0.778,5.835,8.191
[1758203273191290372],,,,0.713,5.732,8.188
[1758203273194946727],,,,0.831,5.643,8.107
[1758203273198613966],,,,0.725,5.756,8.241
[1758203273202375008],,,,0.694,5.55,7.973
[1758203273206129695],,,,0.874,5.816,7.968
[1758203273209811154],,,,0.649,5.871,7.858
[1758203273213483029],,,,0.91,5.681,8.104
[1758203273217168393],,,,0.658,5.732,7.961
[1758203273221237039],,,,0.855,5.768,7.944
[1758203273224927404],,,,0.802,5.691,8.124
[1758203273228641466],,,,0.9,5.768,8.234
[1758203273232344227],,,,0.745,5.576,8.171
[1758203273236005997],,,,0.651,5.82,8.248
[1758203273240768654],,,,0.694,5.696,8.021
[1758203273244784331],,,,0.73,5.806,8.126
[1758203273248671154],,,,0.802,5.698,8.226
[1758203273252598185],,,,0.792,5.82,8.006
[1758203273256491154],,,,0.783,5.768,8.064
[1758203273261563133],,,,0.769,5.753,8.059
[1758203273265528758],,,,0.632,5.744,7.958
[1758203273269421154],,,,0.728,5.868,7.824
[1758203273273351310],,,,0.62,5.756,7.932
[1758203273277417299],,,,0.843,5.811,8.061
[1758203273281462404],,,,0.656,5.672,7.963
[1758203273285562143],,,,0.733,5.93,8.042
[1758203273289244695],,,,0.706,5.806,8.056
[1758203273292949956],,,,0.804,5.792,8.119
[1758203273296587924],,,,0.802,5.887,8.159
[1758203273300264122],,,,0.697,5.83,8.071
[1758203273304072247],,,,0.646,5.722,8.023
[1758203273307846362],,,,0.745,5.748,7.97
[1758203273311537091],,,,0.62,5.962,8.203
[1758203273315201570],,,,0.828,5.657,8.08
[1758203273318867091],,,,0.785,5.708,8.267
[1758203273324176779],,,,0.788,5.727,8.128
[1758203273327986570],,,,0.697,5.636,8.128
[1758203273331967560],,,,0.73,5.701,7.954
[1758203273335655893],,,,0.881,5.823,8.107
[1758203273339313706],,,,0.634,5.744,8.092
[1758203273343005060],,,,0.685,5.868,8.138
[1758203273346659331],,,,0.666,5.969,8.092
[1758203273350350893],,,,0.769,5.772,7.927
[1758203273354041883],,,,0.725,5.928,8.083
[1758203273357732299],,,,0.737,5.715,7.851
[1758203273361458549],,,,0.694,5.969,7.97
[1758203273365162924],,,,0.869,5.722,8.119
[1758203273368837716],,,,0.752,5.863,8.009
[1758203273372552716],,,,0.804,5.796,7.994
[1758203273376258602],,,,0.843,5.777,8.135
[1758203273380029904],,,,0.821,5.768,8.1
[1758203273384069018],,,,0.855,5.741,8.025
[1758203273387770841],,,,0.824,5.737,8.037
[1758203273391437143],,,,0.735,5.744,8.121
[1758203273395091987],,,,0.752,5.772,8.066
[1758203273398785945],,,,0.769,5.777,8.258
[1758203273402520424],,,,0.694,5.88,8.128
[1758203273406242924],,,,0.792,5.686,8.042
[1758203273409930060],,,,0.713,5.787,8.001
[1758203273413589591],,,,0.73,5.562,7.973
[1758203273417263393],,,,0.737,5.792,8.169
[1758203273421015893],,,,0.848,5.76,8.066
[1758203273424705372],,,,0.922,5.737,8.135
[1758203273428477351],,,,0.704,5.818,8.066
[1758203273432235789],,,,0.766,5.686,8.169
[1758203273435941779],,,,0.74,5.725,8.08
[1758203273439651049],,,,0.618,5.739,8.143
[1758203273443350372],,,,0.792,5.904,8.068
[1758203273447044226],,,,0.771,5.689,8.174
[1758203273450760737],,,,0.917,5.693,8.006
[1758203273454430945],,,,0.797,5.756,8.042
[1758203273458101622],,,,0.721,5.811,8.231
[1758203273461820789],,,,0.67,5.82,8.229
[1758203273465520476],,,,0.627,5.734,8.203
[1758203273469244487],,,,0.84,5.727,8.04
[1758203273472911101],,,,0.754,5.892,8.255
[1758203273476561362],,,,0.723,5.65,8.246
[1758203273480238706],,,,0.752,5.772,7.956
[1758203273484260841],,,,0.757,5.77,8.128
[1758203273487996831],,,,0.85,5.607,8.231
[1758203273491678601],,,,0.721,5.789,7.982
[1758203273495405216],,,,0.74,5.763,7.932
[1758203273499082351],,,,0.742,5.746,7.999
[1758203273502795372],,,,0.704,5.732,7.982
[1758203273506455789],,,,0.747,5.734,8.08
[1758203273510108029],,,,0.788,5.89,7.851
[1758203273513816726],,,,0.862,5.808,7.992
[1758203273517508497],,,,0.86,5.827,8.135
[1758203273521230268],,,,0.579,5.82,8.1
[1758203273524911101],,,,0.603,5.744,8.389
[1758203273528730997],,,,0.74,5.83,8.025
[1758203273533972091],,,,0.792,5.725,7.949
[1758203273539485476],,,,0.752,5.926,8.102
[1758203273544614435],,,,0.749,5.957,8.006
[1758203273549759799],,,,0.539,5.816,8.006
[1758203273554887664],,,,0.754,5.842,7.975
[1758203273560009643],,,,0.697,5.816,8.052
[1758203273565121779],,,,0.804,5.792,7.982
[1758203273570233029],,,,0.737,5.827,8.133
[1758203273575396570],,,,0.766,5.837,7.889
[1758203273580631831],,,,0.742,5.691,8.064
[1758203273585936414],,,,0.898,5.88,7.985
[1758203273592476414],,,,0.673,5.806,7.819
[1758203273597720529],,,,0.781,5.756,7.817
[1758203273602843497],,,,0.694,5.818,8.08
[1758203273607937976],,,,0.879,5.863,8.114
[1758203273613066206],,,,0.79,5.832,7.92
[1758203273618172664],,,,0.472,5.816,7.91
[1758203273623313237],,,,0.802,5.76,7.901
[1758203273628467508],,,,0.745,5.93,8.167
[1758203273633738081],,,,0.807,5.794,7.954
[1758203273638972404],,,,0.524,5.672,8.076
[1758203273644495893],,,,0.702,5.734,7.975
[1758203273649663653],,,,0.773,5.732,7.851
[1758203273654798185],,,,0.814,5.935,7.836
[1758203273660051258],,,,0.625,5.717,7.879
[1758203273665342143],,,,0.816,5.849,7.836
[1758203273670460008],,,,0.553,5.82,7.92
[1758203273675585216],,,,0.534,5.801,8.004
[1758203273680764278],,,,0.608,5.921,8.092
[1758203273686008081],,,,0.654,5.806,7.822
[1758203273691272195],,,,0.687,5.847,8.021
[1758203273696814747],,,,0.812,5.897,8.097
[1758203273702065008],,,,0.706,5.696,7.927
[1758203273707178445],,,,0.874,5.806,7.966
[1758203273712390997],,,,0.764,5.899,8.128
[1758203273717498549],,,,0.615,5.818,8.14
[1758203273722645268],,,,0.781,5.753,8.092
[1758203273727799070],,,,0.721,5.763,7.958
[1758203273733079487],,,,0.627,5.669,8.013
[1758203273738263133],,,,0.622,5.691,7.997
[1758203273743498133],,,,0.912,5.832,7.872
[1758203273748626987],,,,0.742,5.878,8.037
[1758203273755158393],,,,0.869,5.674,7.999
[1758203273760450060],,,,0.742,5.873,7.889
[1758203273765598289],,,,0.718,5.772,7.946
[1758203273770696935],,,,0.661,5.739,7.968
[1758203273777494122],,,,0.86,5.77,7.932
[1758203273783240008],,,,0.864,5.679,7.872
[1758203273789795372],,,,0.718,5.782,7.898
[1758203273796451883],,,,0.824,5.703,8.147
[1758203273802733445],,,,0.716,5.78,7.937
[1758203273809294799],,,,0.917,5.679,7.906
[1758203273815000476],,,,0.706,5.832,7.87
[1758203273821487091],,,,0.682,5.746,7.86
[1758203273827183081],,,,0.673,5.722,7.922
[1758203273832864956],,,,0.69,5.825,8.126
[1758203273836872508],,,,0.591,5.768,8.006
[1758203273840832143],,,,0.723,5.827,8.016
[1758203273844524174],,,,0.678,5.974,7.961
[1758203273848200528],,,,0.9,5.875,7.951
[1758203273851928393],,,,0.745,5.926,7.97
[1758203273855589383],,,,0.702,5.741,8.088
[1758203273859256831],,,,0.694,5.847,8.064
[1758203273862952820],,,,0.807,5.784,7.918
[1758203273866610008],,,,0.606,5.923,8.023
[1758203273870278237],,,,0.871,5.823,8.226
[1758203273874022820],,,,0.788,5.847,7.942
[1758203273877769695],,,,0.845,5.777,8.217
[1758203273881531362],,,,0.692,5.947,8.109
[1758203273885197195],,,,0.663,5.88,8.25
[1758203273888859903],,,,0.953,5.789,7.985
[1758203273892549070],,,,0.912,5.866,8.236
[1758203273896214695],,,,0.733,5.792,8.092
[1758203273899897560],,,,0.706,5.794,7.875
[1758203273904483185],,,,0.711,5.842,8.006
[1758203273908353028],,,,0.615,5.839,8.155
[1758203273912120945],,,,0.74,5.832,8.064
[1758203273915770633],,,,0.668,5.909,8.018
[1758203273919469435],,,,0.778,5.974,8.001
[1758203273923157351],,,,0.778,5.849,8.001
[1758203273926802508],,,,0.704,5.777,7.922
[1758203273930537976],,,,0.654,5.94,8.03
[1758203273935180893],,,,0.699,5.705,7.934
[1758203273938976570],,,,0.534,5.849,8.006
[1758203273942655216],,,,0.757,5.722,7.841
[1758203273946298289],,,,0.512,5.847,8.073
[1758203273949962976],,,,0.924,5.784,8.03
[1758203273953696310],,,,0.699,5.82,8.071
[1758203273957368497],,,,0.742,5.859,8.071
[1758203273961037455],,,,0.869,5.763,8.025
[1758203273964688289],,,,0.694,5.88,7.987
[1758203273968337976],,,,0.661,5.713,7.985
[1758203273972033810],,,,0.699,5.847,8.076
[1758203273975693080],,,,0.627,5.782,8.021
[1758203273979460789],,,,0.745,5.801,7.97
[1758203273983202247],,,,0.845,5.748,8.085
[1758203273986875580],,,,0.821,5.938,7.992
[1758203273990581310],,,,0.749,5.775,8.004
[1758203273994269330],,,,0.742,5.933,8.09
[1758203273997925685],,,,0.68,5.713,7.985
[1758203274001580320],,,,0.728,5.942,8.04
[1758203274005228549],,,,0.855,5.892,8.04
[1758203274008902716],,,,0.725,5.768,8.047
[1758203274012612091],,,,0.644,5.873,8.121
[1758203274016284122],,,,0.718,5.837,7.958
[1758203274019932976],,,,0.565,5.928,8.03
[1758203274023619487],,,,0.879,5.784,8.013
[1758203274027291518],,,,0.785,5.906,8.047
[1758203274031030216],,,,0.778,5.777,7.982
[1758203274034706987],,,,0.831,5.643,8.061
[1758203274038645320],,,,0.728,5.966,7.989
[1758203274042417976],,,,0.776,5.818,7.954
[1758203274046068393],,,,0.785,5.782,7.944
[1758203274049739487],,,,0.752,5.868,8.054
[1758203274055763966],,,,0.876,5.763,7.944
[1758203274059674278],,,,0.783,5.856,8.001
[1758203274063355685],,,,0.843,5.787,8.112
[1758203274066996570],,,,0.68,5.811,8.08
[1758203274070703393],,,,0.704,5.88,8.054
[1758203274074352924],,,,0.783,5.796,8.066
[1758203274078005424],,,,0.733,5.897,8.217
[1758203274081810476],,,,0.663,5.83,7.834
[1758203274085620997],,,,0.615,5.897,7.999
[1758203274089317351],,,,0.663,5.782,8.047
[1758203274092967976],,,,0.615,5.873,8.004
[1758203274096638393],,,,0.711,5.827,8.068
[1758203274100332039],,,,0.809,5.844,8.035
[1758203274104021935],,,,0.634,5.971,8.229
[1758203274107719851],,,,0.615,5.799,7.92
[1758203274111365268],,,,0.613,5.789,8.107
[1758203274115053028],,,,0.804,5.686,7.963
[1758203274118719122],,,,0.661,5.93,7.86
[1758203274122423393],,,,0.804,5.849,8.112
[1758203274126098914],,,,0.63,5.839,7.973
[1758203274129903497],,,,0.678,5.782,7.851
[1758203274133665476],,,,0.754,5.775,8.164
[1758203274137350060],,,,0.615,5.739,8.023
[1758203274141055112],,,,0.721,5.849,8.174
[1758203274145006674],,,,0.721,5.708,7.992
[1758203274148811362],,,,0.524,5.698,7.93
[1758203274152479903],,,,0.749,5.806,8.049
[1758203274156168237],,,,0.79,5.902,8.255
[1758203274159839226],,,,0.709,5.892,7.922
[1758203274163586153],,,,0.836,5.811,7.973
[1758203274167292455],,,,0.673,5.854,8.267
[1758203274170958601],,,,0.673,5.794,8.035
[1758203274174666414],,,,0.615,5.911,8.131
[1758203274178362872],,,,0.563,5.844,8.229
[1758203274182175476],,,,0.771,5.926,8.088
[1758203274185855424],,,,0.639,5.684,8.145
[1758203274189622195],,,,0.654,5.902,8.08
[1758203274193278237],,,,0.678,5.811,8.073
[1758203274196914487],,,,0.769,5.964,8.133
[1758203274200688445],,,,0.673,5.756,8.076
[1758203274204377507],,,,0.646,5.868,8.066
[1758203274208033705],,,,0.622,5.945,8.26
[1758203274211713549],,,,0.642,5.885,8.068
[1758203274215346518],,,,0.721,5.839,7.908
[1758203274219021153],,,,0.754,5.957,7.992
[1758203274222711362],,,,0.601,5.818,8.009
[1758203274226396570],,,,0.831,5.746,8.013
[1758203274230076466],,,,0.915,5.868,8.054
[1758203274233822820],,,,0.675,5.825,8.016
[1758203274237496570],,,,0.733,5.854,8.109
[1758203274241198549],,,,0.802,5.947,8.097
[1758203274244894487],,,,0.745,5.746,8.047
[1758203274249469747],,,,0.771,5.832,7.896
[1758203274253339070],,,,0.694,5.871,7.91
[1758203274258233237],,,,0.802,5.825,8.006
[1758203274262249278],,,,0.649,5.916,7.954
[1758203274266203966],,,,0.661,5.756,7.815
[1758203274270169018],,,,0.742,5.698,7.901
[1758203274274181726],,,,0.694,5.851,7.829
[1758203274278129018],,,,0.685,5.672,8.023
[1758203274282145424],,,,0.745,5.76,7.824
[1758203274286094278],,,,0.826,5.964,7.932
[1758203274290046882],,,,0.737,5.775,8.14
[1758203274294044122],,,,0.675,5.78,7.999
[1758203274297987351],,,,0.749,5.741,8.112
[1758203274302049643],,,,0.625,5.691,7.884
[1758203274305851101],,,,0.745,5.82,7.992
[1758203274309516049],,,,0.596,5.82,7.946
[1758203274313219955],,,,0.682,5.83,7.86
[1758203274316875476],,,,0.52,5.945,7.987
[1758203274320591257],,,,0.716,5.969,8.049
[1758203274324262299],,,,0.759,5.689,8.104
[1758203274327919330],,,,0.584,5.921,8.102
[1758203274331868705],,,,0.747,5.832,8.076
[1758203274335552716],,,,0.56,5.808,7.872
[1758203274339208914],,,,0.79,5.827,7.975
[1758203274342894799],,,,0.663,5.89,8.03
[1758203274346580737],,,,0.761,5.839,8.09
[1758203274350240424],,,,0.682,5.768,8.068
[1758203274353988601],,,,0.651,5.897,7.882
[1758203274357663653],,,,0.769,5.746,8.061
[1758203274361650424],,,,0.718,5.851,8.085
[1758203274365379539],,,,0.639,5.923,8.262
[1758203274369099018],,,,0.687,5.835,8.011
[1758203274373033445],,,,0.903,5.986,7.98
[1758203274376749851],,,,0.661,5.787,7.997
[1758203274380564591],,,,0.725,5.885,7.836
[1758203274385180112],,,,0.881,5.885,8.088
[1758203274388968237],,,,0.754,5.811,8.021
[1758203274392690945],,,,0.764,5.875,8.198
[1758203274396415476],,,,0.728,5.868,8.033
[1758203274400143757],,,,0.831,5.926,8.028
[1758203274403847455],,,,0.776,5.93,8.078
[1758203274407516257],,,,0.752,5.928,8.116
[1758203274411270789],,,,0.838,5.792,7.999
[1758203274414979487],,,,0.792,5.854,7.992
[1758203274418650424],,,,0.757,5.847,8.09
[1758203274422339591],,,,0.759,5.969,8.083
[1758203274426008705],,,,0.735,5.883,8.021
[1758203274429792924],,,,0.702,5.739,8.049
[1758203274433582247],,,,0.711,5.827,7.858
[1758203274437301466],,,,0.764,5.844,8.078
[1758203274441018393],,,,0.716,5.722,8.013
[1758203274444683289],,,,0.694,5.825,7.906
[1758203274448350528],,,,0.529,5.701,8.195
[1758203274452024695],,,,0.737,5.715,8.126
[1758203274455683653],,,,0.855,5.868,8.183
[1758203274459395320],,,,0.692,5.741,7.989
[1758203274463162247],,,,0.687,5.835,7.865
[1758203274467115372],,,,0.725,5.839,8.045
[1758203274470958028],,,,0.723,5.777,7.968
[1758203274474632559],,,,0.709,5.827,8.207
[1758203274478318497],,,,0.709,5.856,8.128
[1758203274482080424],,,,0.728,5.789,8.018
[1758203274485766466],,,,0.649,5.847,7.891
[1758203274489486466],,,,0.735,5.866,7.882
[1758203274493191309],,,,0.668,5.83,8.207
[1758203274496845528],,,,0.826,5.753,7.987
[1758203274500567716],,,,0.812,5.784,7.944
[1758203274504264487],,,,0.663,5.758,8.001
[1758203274507983184],,,,0.852,5.871,8.191
[1758203274511809903],,,,0.603,5.863,8.066
[1758203274515524018],,,,0.606,5.964,8.009
[1758203274519195736],,,,0.764,5.866,8.124
[1758203274522905736],,,,0.692,5.914,8.059
[1758203274567865736],,,,0.718,5.818,7.939
[1758203274573723705],,,,0.752,5.851,7.86
[1758203274578873132],,,,0.852,5.902,7.829
[1758203274584127872],,,,0.697,5.849,7.819
[1758203274589230476],,,,0.788,5.899,7.86
[1758203274594359955],,,,0.857,5.938,8.145
[1758203274599461570],,,,0.582,5.902,8.006
[1758203274604721674],,,,0.646,5.954,8.078
[1758203274609856674],,,,0.484,5.885,8.023
[1758203274615087559],,,,0.687,5.897,7.918
[1758203274620241361],,,,0.749,5.875,7.875
[1758203274625403236],,,,0.816,5.969,7.913
[1758203274630484070],,,,0.845,5.789,7.97
[1758203274635653653],,,,0.903,5.739,7.903
[1758203274640298549],,,,0.759,5.83,7.994
[1758203274644937924],,,,0.702,5.839,7.915
[1758203274649458028],,,,0.792,5.681,8.028
[1758203274654113028],,,,0.761,5.739,7.961
[1758203274658674747],,,,0.73,5.875,8.033
[1758203274663280476],,,,0.613,5.887,7.839
[1758203274667791986],,,,0.673,5.775,7.989
[1758203274672346674],,,,0.62,5.844,7.872
[1758203274678091309],,,,0.687,5.825,7.932
[1758203274682862143],,,,0.747,5.804,7.906
[1758203274687424695],,,,0.792,5.952,7.846
[1758203274691945841],,,,0.663,5.811,7.918
[1758203274696450372],,,,0.704,5.734,7.913
[1758203274700960372],,,,0.615,5.753,8.023
[1758203274705543184],,,,0.682,6.029,7.927
[1758203274710067247],,,,0.702,5.775,7.975
[1758203274714585424],,,,0.625,5.921,7.932
[1758203274719117611],,,,0.694,5.918,7.951
[1758203274723782247],,,,0.783,5.811,7.968
[1758203274728396309],,,,0.627,5.823,8.001
[1758203274733260476],,,,0.764,5.854,7.819
[1758203274737938236],,,,0.807,5.842,8.023
[1758203274743107507],,,,0.656,5.878,8.021
[1758203274748210372],,,,0.857,5.825,8.047
[1758203274753397091],,,,0.776,5.988,7.922
[1758203274758509747],,,,0.776,6.105,7.949
[1758203274763613393],,,,0.548,5.883,7.884
[1758203274768714174],,,,0.735,5.76,7.932
[1758203274773870372],,,,0.697,5.839,7.673
[1758203274779340841],,,,0.668,5.813,8.013
[1758203274784730476],,,,0.725,5.748,7.889
[1758203274790348184],,,,0.764,5.83,8.095
[1758203274795546674],,,,0.702,5.88,7.93
[1758203274800666778],,,,0.804,5.794,7.98
[1758203274805804538],,,,0.644,5.856,7.817
[1758203274810962091],,,,0.783,5.722,7.937
[1758203274816087143],,,,0.634,5.962,7.815
[1758203274821220945],,,,0.761,5.842,7.985
[1758203274828159955],,,,0.642,5.878,8.004
[1758203274833872507],,,,0.706,5.832,7.834
[1758203274839689330],,,,0.795,5.895,8.025
[1758203274845323757],,,,0.464,5.837,7.891
[1758203274850699434],,,,0.692,5.806,7.882
[1758203274856859955],,,,0.749,5.78,8.059
[1758203274862575528],,,,0.802,5.938,7.999
[1758203274869068028],,,,0.673,5.792,7.934
[1758203274874738705],,,,0.618,5.914,7.91
[1758203274880685007],,,,0.632,5.861,7.858
[1758203274887002559],,,,0.639,5.918,7.676
[1758203274893637091],,,,0.699,5.782,7.949
[1758203274898922403],,,,0.685,5.739,7.949
[1758203274904096674],,,,0.666,5.962,7.915
[1758203274909211830],,,,0.56,5.914,7.841
[1758203274914384434],,,,0.637,5.923,7.97
[1758203274919490997],,,,0.711,5.959,8.049
[1758203274924653028],,,,0.682,5.899,8.068
[1758203274929795007],,,,0.713,5.837,8.047
[1758203274936189434],,,,0.788,5.696,8.006
[1758203274941103809],,,,0.804,5.859,8.116
[1758203274945763445],,,,0.807,5.701,7.863
[1758203274950277820],,,,0.733,5.839,8.013
[1758203274954830632],,,,0.759,5.909,8.056
[1758203274959337663],,,,0.704,5.768,7.819
[1758203274963901518],,,,0.498,5.679,7.934
[1758203274968455736],,,,0.79,5.89,8.035
[1758203274973008861],,,,0.795,5.95,8.047
[1758203274977518757],,,,0.788,5.945,7.987
[1758203274982347507],,,,0.716,5.911,8.073
[1758203274986890840],,,,0.735,6.127,7.819
[1758203274991489695],,,,0.69,5.916,7.894
[1758203274996959382],,,,0.915,5.832,7.86
[1758203275002842507],,,,0.69,5.902,8.09
[1758203275007638653],,,,0.675,5.827,8.066
[1758203275012192090],,,,0.747,5.746,8.028
[1758203275016693288],,,,0.838,6.024,8.078
[1758203275021278028],,,,0.749,5.83,7.925
[1758203275025811413],,,,0.711,5.928,7.817
[1758203275030339799],,,,0.596,5.902,7.961
[1758203275034955736],,,,0.713,5.885,7.901
[1758203275039646934],,,,0.747,5.792,7.855
[1758203275044888653],,,,0.721,5.89,7.937
[1758203275050108184],,,,0.802,5.885,7.937
[1758203275055236882],,,,0.611,5.698,7.915
[1758203275060364278],,,,0.74,5.954,7.879
[1758203275065501778],,,,0.658,5.878,7.975
[1758203275070603549],,,,0.745,5.928,7.944
[1758203275075722455],,,,0.895,5.825,7.836
[1758203275080846622],,,,0.697,5.866,7.937
[1758203275086087611],,,,0.721,5.906,7.951
[1758203275091188340],,,,0.563,5.72,7.743
[1758203275096313809],,,,0.51,5.938,7.855
[1758203275101409955],,,,0.747,5.887,7.836
[1758203275107996778],,,,0.637,5.904,7.989
[1758203275113379799],,,,0.733,5.847,7.855
[1758203275118620632],,,,0.713,5.713,7.762
[1758203275123761309],,,,0.682,5.928,8.009
[1758203275128877820],,,,0.594,5.883,7.934
[1758203275135297247],,,,0.613,5.83,7.865
[1758203275140566361],,,,0.639,5.921,8.085
[1758203275145735268],,,,0.642,5.923,7.903
[1758203275150839590],,,,0.797,5.954,8.114
[1758203275155979018],,,,0.637,5.859,7.937
[1758203275161077351],,,,0.735,5.88,7.865
[1758203275166261101],,,,0.622,5.93,7.946
[1758203275171349799],,,,0.874,6.081,7.966
[1758203275176509851],,,,0.692,5.94,8.033
[1758203275181857247],,,,0.496,5.837,7.999
[1758203275187305684],,,,0.644,5.789,7.855
[1758203275192472767],,,,0.84,5.847,7.839
[1758203275197592976],,,,0.646,5.792,7.829
[1758203275202727247],,,,0.912,5.892,7.937
[1758203275207837767],,,,0.666,5.878,8.21
[1758203275213996570],,,,0.74,5.947,7.958
[1758203275220473288],,,,0.706,5.918,7.812
[1758203275225828497],,,,0.699,5.974,7.932
[1758203275231102872],,,,0.67,5.861,7.934
[1758203275236321934],,,,0.675,5.851,7.839
[1758203275241439590],,,,0.611,5.918,7.884
[1758203275246597559],,,,0.364,5.703,7.951
[1758203275251754851],,,,0.747,5.945,7.887
[1758203275256872820],,,,0.797,5.693,7.829
[1758203275262047455],,,,0.723,5.739,7.994
[1758203275267174590],,,,0.706,5.851,7.87
[1758203275272463497],,,,0.625,5.875,7.898
[1758203275277586465],,,,0.785,5.842,7.91
[1758203275282831934],,,,0.642,5.873,7.858
[1758203275287959017],,,,0.515,5.957,7.942
[1758203275293090840],,,,0.728,5.88,7.807
[1758203275298193965],,,,0.637,5.885,7.898
[1758203275303368080],,,,0.871,5.895,7.903
[1758203275308478497],,,,0.668,5.954,8.119
[1758203275313612924],,,,0.682,5.859,7.829
[1758203275318715163],,,,0.699,5.883,7.865
[1758203275323843132],,,,0.661,5.902,7.925
[1758203275329332247],,,,0.661,5.804,7.831
[1758203275334647924],,,,0.639,5.906,7.831
[1758203275339860320],,,,0.9,5.89,7.805
[1758203275345053757],,,,0.891,5.849,7.803
[1758203275350245320],,,,0.79,5.851,7.633
[1758203275355403132],,,,0.713,5.906,7.889
[1758203275360563809],,,,0.582,5.892,7.908
[1758203275365729330],,,,0.56,5.94,7.547
[1758203275370979226],,,,0.522,5.868,7.901
[1758203275376233705],,,,0.74,5.878,7.989
[1758203275381363809],,,,0.472,5.892,7.954
[1758203275386564434],,,,0.749,5.765,7.98
[1758203275391792455],,,,0.594,5.784,8.061
[1758203275396931674],,,,0.668,5.756,8.042
[1758203275402164017],,,,0.632,5.928,8.255
[1758203275407331569],,,,0.804,5.82,8.164
[1758203275412452455],,,,0.845,5.698,8.095
[1758203275417559434],,,,0.73,5.713,8.258
[1758203275422683913],,,,0.757,5.737,8.006
[1758203275427802611],,,,0.666,5.655,7.999
[1758203275433423236],,,,0.704,5.727,7.908
[1758203275438718236],,,,0.642,5.863,7.831
[1758203275443872663],,,,0.577,5.859,7.891
[1758203275448982559],,,,0.742,5.952,7.93
[1758203275454084434],,,,0.67,5.89,7.939
[1758203275459179017],,,,0.613,5.878,8.045
[1758203275465776205],,,,0.656,5.827,7.851
[1758203275471429538],,,,0.663,5.839,7.867
[1758203275477948601],,,,0.673,5.698,7.827
[1758203275483632299],,,,0.658,5.806,8.169
[1758203275490094174],,,,0.625,5.751,8.119
[1758203275496611569],,,,0.503,5.83,8.092
[1758203275502896257],,,,0.611,5.799,7.827
[1758203275509528809],,,,0.754,5.729,8.028
[1758203275516183444],,,,0.685,5.696,7.949
[1758203275522850267],,,,0.63,5.756,7.867
[1758203275528372455],,,,0.596,5.871,7.942
[1758203275533528705],,,,0.792,5.866,7.877
[1758203275540152872],,,,0.721,5.902,7.796
[1758203275544124122],,,,0.694,5.928,7.966
[1758203275547829642],,,,0.565,5.775,7.97
[1758203275551511413],,,,0.637,5.698,8.025
[1758203275555168132],,,,0.713,5.897,8.265
[1758203275558823028],,,,0.663,5.792,8.03
[1758203275562529955],,,,0.611,5.93,8.107
[1758203275566181986],,,,0.608,5.789,7.994
[1758203275569831674],,,,0.673,5.725,8.145
[1758203275573516257],,,,0.68,5.82,8.133
[1758203275577168236],,,,0.472,5.782,8.186
[1758203275580924590],,,,0.735,5.933,8.056
[1758203275584584747],,,,0.656,5.83,7.982
[1758203275588245007],,,,0.737,5.866,7.989
[1758203275591997872],,,,0.649,5.832,8.016
[1758203275595659903],,,,0.63,5.959,8.095
[1758203275599311674],,,,0.546,5.839,7.999
[1758203275603002976],,,,0.599,5.674,8.066
[1758203275606660528],,,,0.591,5.88,7.915
[1758203275610357715],,,,0.682,5.863,7.918
[1758203275614089174],,,,0.637,5.842,8.009
[1758203275617749278],,,,0.532,5.725,8.1
[1758203275621437455],,,,0.632,5.734,8.052
[1758203275625093444],,,,0.69,5.837,8.037
[1758203275628759278],,,,0.565,5.892,8.097
[1758203275632438132],,,,0.532,5.887,7.918
[1758203275636096934],,,,0.666,5.823,8.088
[1758203275639766153],,,,0.577,5.844,8.119
[1758203275643910007],,,,0.62,5.849,7.819
[1758203275647614746],,,,0.752,5.823,8.068
[1758203275651287611],,,,0.46,5.825,8.04
[1758203275654959330],,,,0.74,5.923,8.212
[1758203275658628913],,,,0.749,5.966,8.097
[1758203275662316205],,,,0.79,5.746,7.946
[1758203275665977351],,,,0.575,5.854,8.143
[1758203275669629538],,,,0.711,5.835,8.109
[1758203275673294903],,,,0.575,5.806,8.198
[1758203275676958549],,,,0.606,5.823,8.013
[1758203275680699486],,,,0.498,5.825,8.028
[1758203275684388496],,,,0.728,5.806,8.064
[1758203275688055892],,,,0.608,5.878,8.14
[1758203275692644746],,,,0.702,5.672,7.851
[1758203275696467611],,,,0.555,5.78,7.954
[1758203275700135111],,,,0.548,5.713,8.1
[1758203275703817715],,,,0.546,5.768,8.119
[1758203275707474434],,,,0.697,5.713,8.073
[1758203275711160684],,,,0.706,5.808,8.021
[1758203275714817559],,,,0.558,5.861,8.016
[1758203275718473392],,,,0.692,5.935,8.011
[1758203275722141257],,,,0.68,5.868,7.954
[1758203275725798757],,,,0.567,5.892,8.056
[1758203275729464851],,,,0.613,5.859,8.114
[1758203275733160111],,,,0.644,5.959,8.09
[1758203275736866205],,,,0.735,5.969,8.191
[1758203275740720840],,,,0.512,5.823,8.2
[1758203275744436621],,,,0.651,5.784,8.15
[1758203275748344590],,,,0.555,5.753,8.073
[1758203275752134069],,,,0.69,5.775,8.164
[1758203275755797663],,,,0.759,5.816,7.975
[1758203275759456882],,,,0.654,5.708,8.047
[1758203275763139434],,,,0.69,5.715,8.241
[1758203275766801049],,,,0.706,5.875,8.246
[1758203275770485632],,,,0.481,5.772,8.001
[1758203275774158757],,,,0.651,5.847,8.191
[1758203275777820371],,,,0.644,5.94,8.157
[1758203275781526465],,,,0.699,5.737,8.059
[1758203275785185736],,,,0.759,5.904,8.021
[1758203275788879382],,,,0.627,5.701,8.09
[1758203275792850476],,,,0.692,5.808,7.968
[1758203275796545736],,,,0.651,5.842,7.961
[1758203275800189434],,,,0.769,5.923,8.083
[1758203275803887715],,,,0.716,5.875,7.975
[1758203275807552507],,,,0.702,5.811,8.114
[1758203275811233080],,,,0.611,5.82,8.112
[1758203275814894226],,,,0.543,5.782,8.054
[1758203275818548757],,,,0.692,5.705,7.954
[1758203275822270632],,,,0.618,5.744,7.982
[1758203275825978080],,,,0.462,5.923,8.126
[1758203275829713080],,,,0.632,5.727,8.052
[1758203275834271309],,,,0.754,5.784,7.848
[1758203275838119694],,,,0.685,5.854,7.819
[1758203275842027246],,,,0.503,5.832,8.203
[1758203275845713601],,,,0.57,5.737,8.056
[1758203275849405580],,,,0.639,5.942,8.092
[1758203275853332455],,,,0.675,5.854,7.985
[1758203275857048601],,,,0.757,5.686,8.016
[1758203275860789851],,,,0.761,5.93,7.942
[1758203275864457611],,,,0.637,5.681,8.056
[1758203275868121569],,,,0.632,5.837,8.001
[1758203275871786621],,,,0.804,5.93,8.006
[1758203275875461778],,,,0.721,5.854,7.987
[1758203275879155163],,,,0.697,5.938,8.198
[1758203275882913809],,,,0.74,5.883,8.119
[1758203275886746934],,,,0.728,5.883,8.009
[1758203275890481413],,,,0.613,5.751,7.958
[1758203275894201986],,,,0.661,5.962,8.061
[1758203275897884798],,,,0.651,5.681,8.107
[1758203275901619486],,,,0.733,5.772,8.016
[1758203275905308809],,,,0.63,5.765,8.116
[1758203275908976934],,,,0.524,5.758,8.068
[1758203275912723236],,,,0.469,5.873,7.987
[1758203275916367976],,,,0.716,6.014,8.066
[1758203275920041986],,,,0.73,5.787,7.855
[1758203275923792559],,,,0.479,5.758,8.054
[1758203275927569538],,,,0.716,5.825,8.088
[1758203275934576257],,,,0.627,5.787,8.004
[1758203275938613861],,,,0.599,5.873,8.159
[1758203275942379173],,,,0.773,5.892,8.126
[1758203275946067403],,,,0.503,5.674,8.344
[1758203275949726934],,,,0.68,5.753,7.934
[1758203275953489746],,,,0.615,5.861,7.829
[1758203275958593340],,,,0.675,5.83,7.944
[1758203275962591778],,,,0.656,5.801,8.059
[1758203275966484903],,,,0.639,5.777,8.143
[1758203275970551673],,,,0.634,5.775,8.059
[1758203275974475788],,,,0.627,5.837,8.157
[1758203275978389434],,,,0.745,5.777,7.997
[1758203275983247507],,,,0.599,5.808,7.887
[1758203275987266361],,,,0.68,5.856,8.04
[1758203275991271361],,,,0.761,5.818,8.095
[1758203275995164694],,,,0.682,5.696,7.992
[1758203275999066882],,,,0.479,5.899,8.078
[1758203276002904955],,,,0.905,5.868,7.999
[1758203276006564955],,,,0.603,5.844,8.052
[1758203276010222403],,,,0.577,5.883,7.865
[1758203276013922819],,,,0.728,5.866,7.963
[1758203276017594278],,,,0.563,5.792,7.956
[1758203276021322559],,,,0.656,5.801,8.203
[1758203276024991465],,,,0.603,5.95,8.049
[1758203276028758028],,,,0.632,5.725,8.064
[1758203276032471621],,,,0.668,5.878,8.195
[1758203276036137976],,,,0.678,5.789,7.973
[1758203276039804903],,,,0.587,5.784,7.997
[1758203276043747871],,,,0.608,5.863,8.021
[1758203276047445475],,,,0.658,5.866,8.124
[1758203276051143288],,,,0.594,5.756,8.028
[1758203276054801986],,,,0.709,5.873,8.03
[1758203276058511153],,,,0.723,5.816,8.198
[1758203276063157663],,,,0.651,5.875,8.045
[1758203276067033444],,,,0.871,5.808,8.001
[1758203276071564955],,,,0.666,5.849,8.119
[1758203276075358288],,,,0.596,5.71,8.018
[1758203276079029486],,,,0.63,5.871,8.193
[1758203276082753496],,,,0.675,5.832,7.891
[1758203276086414955],,,,0.508,5.83,8.102
[1758203276090076778],,,,0.642,5.863,7.999
[1758203276093822819],,,,0.687,5.854,8.15
[1758203276097493028],,,,0.663,5.832,7.872
[1758203276101162403],,,,0.668,5.827,8.088
[1758203276104819434],,,,0.721,5.758,8.03
[1758203276108475163],,,,0.838,5.957,8.104
[1758203276112180684],,,,0.565,5.839,8.073
[1758203276115925475],,,,0.718,5.763,7.915
[1758203276119597194],,,,0.673,5.899,8.171
[1758203276123284017],,,,0.68,5.854,8.188
[1758203276126943392],,,,0.553,5.878,8.071
[1758203276130645944],,,,0.639,5.825,7.855
[1758203276134321309],,,,0.69,5.813,8.215
[1758203276137985840],,,,0.606,5.856,7.932
[1758203276141736830],,,,0.769,5.861,8.128
[1758203276145451465],,,,0.637,5.964,7.875
[1758203276149127923],,,,0.699,5.796,7.98
[1758203276152823132],,,,0.591,5.863,7.997
[1758203276156480371],,,,0.551,5.689,8.262
[1758203276160141778],,,,0.615,5.756,8.104
[1758203276163903496],,,,0.615,5.871,8.018
[1758203276168528340],,,,0.675,5.887,8.056
[1758203276172390371],,,,0.587,5.947,8.071
[1758203276176086309],,,,0.591,5.808,8.042
[1758203276179889903],,,,0.702,5.827,8.049
[1758203276183584694],,,,0.747,5.969,7.954
[1758203276187269538],,,,0.654,5.859,8.047
[1758203276191019486],,,,0.725,5.866,8.018
[1758203276194687403],,,,0.697,6.036,7.944
[1758203276198347194],,,,0.783,5.772,7.836
[1758203276202025892],,,,0.737,5.82,7.824
[1758203276205733653],,,,0.728,5.906,7.906
[1758203276209409121],,,,0.637,5.904,7.997
[1758203276213134173],,,,0.529,5.942,7.798
[1758203276216837455],,,,0.536,5.892,7.939
[1758203276220864121],,,,0.584,5.871,7.891
[1758203276224647350],,,,0.613,5.974,8.028
[1758203276228323028],,,,0.697,5.856,7.994
[1758203276232023548],,,,0.632,5.906,7.906
[1758203276235692871],,,,0.709,5.808,7.927
[1758203276239396673],,,,0.625,5.693,7.872
[1758203276243169434],,,,0.912,6.017,8.124
[1758203276248057142],,,,1.176,5.531,8.138
[1758203276253215215],,,,0.733,5.631,8.059
[1758203276258707507],,,,1.006,6.029,7.987
[1758203276263841100],,,,0.989,5.588,8.44
[1758203276268979434],,,,1.302,5.794,8.332
[1758203276274117246],,,,1.532,5.495,8.552
[1758203276279536569],,,,1.544,5.535,8.334
[1758203276284711621],,,,1.269,5.27,8.325
[1758203276289832819],,,,1.02,5.191,8.198
[1758203276295085788],,,,0.637,5.27,8.289
[1758203276300204486],,,,0.469,5.516,8.38
[1758203276305460527],,,,0.35,5.614,8.102
[1758203276310664382],,,,0.134,5.672,8.215
[1758203276315789850],,,,-0.285,5.523,8.222
[1758203276320902767],,,,-0.146,5.837,8.325
[1758203276326093027],,,,-0.108,5.95,8.066
[1758203276331176152],,,,0.132,6.002,7.937
[1758203276336282923],,,,-0.036,6.076,7.439
[1758203276341408132],,,,-0.103,6.179,7.298
[1758203276347650111],,,,-0.153,6.189,7.238
[1758203276352940475],,,,0.51,5.909,7.635
[1758203276358054382],,,,0.587,5.921,7.544
[1758203276363187038],,,,0.627,6.017,7.757
[1758203276368608496],,,,0.378,6.12,7.922
[1758203276373758340],,,,0.646,5.827,8.15
[1758203276378872767],,,,0.757,5.95,8.119
[1758203276384083809],,,,0.67,5.77,8.088
[1758203276391051100],,,,0.673,5.631,8.351
[1758203276397401517],,,,0.721,5.672,8.124
[1758203276402705527],,,,0.67,5.653,8.212
[1758203276407814642],,,,0.709,5.725,8.097
[1758203276412995840],,,,0.591,5.713,8.159
[1758203276418110163],,,,0.558,5.811,7.97
[1758203276423220319],,,,0.591,5.856,7.975
[1758203276428318392],,,,0.627,5.892,7.712
[1758203276433453861],,,,0.63,5.947,7.616
[1758203276438552767],,,,0.563,6.1,7.824
[1758203276443784590],,,,0.532,5.878,7.635
[1758203276448931621],,,,0.572,5.906,7.903
[1758203276454066361],,,,0.591,5.832,7.812
[1758203276459177663],,,,0.733,5.89,7.894
[1758203276464295475],,,,0.709,5.818,7.918
[1758203276469387350],,,,0.673,5.844,7.997
[1758203276474882715],,,,0.687,5.804,7.97
[1758203276480021413],,,,0.625,5.693,8.246
[1758203276485155736],,,,0.632,5.689,8.226
[1758203276491861882],,,,0.615,5.708,8.006
[1758203276497539173],,,,0.663,5.717,8.033
[1758203276504015215],,,,0.56,5.689,7.855
[1758203276510489121],,,,0.632,5.806,8.016
[1758203276516251621],,,,0.572,5.827,7.966
[1758203276521922402],,,,0.663,5.835,7.733
[1758203276528410215],,,,0.749,5.868,7.745
[1758203276534099017],,,,0.508,5.825,7.822
[1758203276540594277],,,,0.603,5.827,7.748
[1758203276547035579],,,,0.579,5.708,7.949
[1758203276551030059],,,,0.543,5.787,8.1
[1758203276554712350],,,,0.534,5.77,8.03
[1758203276558367194],,,,0.658,5.698,8.222
[1758203276562064850],,,,0.649,5.954,8.224
[1758203276565727194],,,,0.517,5.758,8.001
[1758203276569382923],,,,0.651,5.892,8.152
[1758203276573063392],,,,0.587,5.813,8.138
[1758203276576725319],,,,0.73,5.839,7.999
[1758203276580448913],,,,0.749,5.741,8.064
[1758203276584168496],,,,0.697,5.947,8.191
[1758203276587848913],,,,0.711,5.768,7.997
[1758203276592073600],,,,0.654,5.856,7.963
[1758203276595771725],,,,0.553,5.861,8.033
[1758203276599444746],,,,0.57,5.794,7.815
[1758203276603136517],,,,0.668,5.784,7.982
[1758203276606796257],,,,0.565,5.851,7.982
[1758203276610497507],,,,0.587,5.837,8.023
[1758203276614185632],,,,0.524,5.698,7.791
[1758203276617846204],,,,0.582,5.873,8.09
[1758203276621531829],,,,0.644,5.856,7.992
[1758203276625192923],,,,0.587,5.823,8.246
[1758203276628857871],,,,0.591,5.861,7.975
[1758203276632635371],,,,0.685,5.799,7.954
[1758203276636393600],,,,0.587,5.863,7.86
[1758203276640073652],,,,0.62,5.883,8.109
[1758203276643822767],,,,0.668,5.691,7.867
[1758203276647503027],,,,0.69,5.904,8.107
[1758203276651195059],,,,0.678,5.875,8.1
[1758203276654866882],,,,0.611,5.768,8.095
[1758203276658532975],,,,0.795,5.77,7.98
[1758203276662185944],,,,0.481,5.842,8.047
[1758203276665841100],,,,0.642,5.705,8.08
[1758203276669515840],,,,0.474,5.93,7.968
[1758203276673233444],,,,0.618,5.954,8.08
[1758203276676892975],,,,0.558,5.737,8.006
[1758203276680593496],,,,0.718,5.77,7.908
[1758203276684253288],,,,0.632,5.971,8.164
[1758203276687905736],,,,0.601,5.851,8.001
[1758203276691656361],,,,0.759,5.856,8.238
[1758203276695740736],,,,0.606,5.964,8.061
[1758203276699529590],,,,0.699,5.94,8.109
[1758203276703189121],,,,0.551,5.794,8.028
[1758203276706829173],,,,0.625,5.811,8.219
[1758203276710530475],,,,0.697,5.856,8.088
[1758203276714239381],,,,0.563,5.827,7.925
[1758203276717941100],,,,0.455,5.818,8.092
[1758203276721587923],,,,0.622,5.964,8.056
[1758203276725218184],,,,0.62,5.923,8.224
[1758203276728880996],,,,0.575,5.835,7.968
[1758203276732597506],,,,0.634,5.916,8.056
[1758203276736304590],,,,0.697,5.811,8.119
[1758203276740127871],,,,0.563,5.849,8.145
[1758203276743914381],,,,0.508,5.854,8.119
[1758203276747634121],,,,0.543,5.796,8.159
[1758203276751347559],,,,0.632,5.816,8.009
[1758203276755007767],,,,0.673,5.906,7.956
[1758203276758671621],,,,0.74,5.847,8.025
[1758203276762381777],,,,0.757,5.859,7.987
[1758203276766072298],,,,0.649,5.76,8.083
[1758203276769757611],,,,0.639,5.918,8.021
[1758203276773503340],,,,0.63,5.775,7.98
[1758203276777168340],,,,0.606,5.835,8.097
[1758203276780893340],,,,0.512,5.758,8.076
[1758203276784583027],,,,0.752,5.851,8.004
[1758203276788253652],,,,0.656,5.756,8.042
[1758203276792015006],,,,0.639,5.88,7.977
[1758203276795682194],,,,0.697,5.906,8.023
[1758203276799830996],,,,0.493,5.832,7.949
[1758203276803641100],,,,0.567,5.825,7.877
[1758203276807320631],,,,0.587,5.818,7.882
[1758203276811044902],,,,0.57,5.753,8.21
[1758203276814721465],,,,0.493,5.875,8.26
[1758203276818387194],,,,0.496,5.811,7.961
[1758203276822072350],,,,0.668,5.825,7.98
[1758203276825731777],,,,0.532,5.602,8.15
[1758203276831971777],,,,0.584,5.725,7.891
[1758203276835712038],,,,0.725,5.703,7.997
[1758203276839433965],,,,0.488,5.928,8.047
[1758203276844605371],,,,0.587,5.756,7.958
[1758203276848455579],,,,0.706,5.849,7.966
[1758203276852145788],,,,0.625,5.849,7.966
[1758203276855808913],,,,0.589,5.796,7.863
[1758203276859482506],,,,0.57,5.811,7.966
[1758203276863187090],,,,0.51,5.705,8.004
[1758203276866855684],,,,0.5,5.713,8.035
[1758203276870607923],,,,0.74,5.729,8.018
[1758203276874297923],,,,0.529,5.78,8.056
[1758203276877967246],,,,0.618,5.804,8.109
[1758203276881670423],,,,0.63,5.679,8.181
[1758203276885337298],,,,0.735,5.861,7.987
[1758203276889017402],,,,0.627,5.816,8.238
[1758203276892965736],,,,0.613,5.839,7.982
[1758203276896662038],,,,0.493,5.892,8.025
[1758203276900374954],,,,0.464,5.885,7.994
[1758203276904109954],,,,0.761,5.863,8.114
[1758203276908052715],,,,0.529,5.777,7.973
[1758203276911860371],,,,0.613,5.686,8.229
[1758203276915529902],,,,0.594,5.772,8.25
[1758203276919226361],,,,0.649,5.885,8.27
[1758203276922902611],,,,0.596,5.974,8.071
[1758203276926541413],,,,0.551,5.765,8.226
[1758203276930200631],,,,0.694,5.758,8.116
[1758203276933938861],,,,0.603,5.677,8.2
[1758203276937715163],,,,0.735,5.753,8.1
[1758203276941498861],,,,0.517,5.811,8.131
[1758203276945169277],,,,0.721,5.859,8.112
[1758203276948860475],,,,0.493,5.765,8.092
[1758203276952589642],,,,0.644,5.782,8.147
[1758203276956263027],,,,0.505,5.701,8.262
[1758203276959965371],,,,0.486,5.887,7.98
[1758203276963627402],,,,0.536,5.895,8.013
[1758203276967353965],,,,0.639,5.926,8.045
[1758203276971075319],,,,0.575,5.974,8.114
[1758203276976078027],,,,0.479,5.942,8.104
[1758203276980248027],,,,0.601,5.804,8.028
[1758203276985053600],,,,0.474,5.669,7.934
[1758203276989063965],,,,0.587,5.895,8.272
[1758203276993009850],,,,0.589,5.679,8.083
[1758203276996933183],,,,0.512,5.756,8.171
[1758203277001774121],,,,0.761,5.813,7.966
[1758203277005739225],,,,0.63,5.827,8.102
[1758203277009693444],,,,0.615,5.763,8.073
[1758203277013940892],,,,0.733,5.794,7.946
[1758203277017828131],,,,0.486,5.832,8.011
[1758203277021557975],,,,0.543,5.808,8.004
[1758203277025224225],,,,0.472,5.777,7.97
[1758203277028896881],,,,0.524,5.763,8.119
[1758203277032603808],,,,0.637,5.964,8.03
[1758203277036268027],,,,0.62,5.83,8.068
[1758203277039972663],,,,0.694,5.866,8.152
[1758203277043654590],,,,0.639,5.873,8.03
[1758203277047325944],,,,0.56,5.875,8.171
[1758203277051920267],,,,0.74,5.856,7.915
[1758203277055747663],,,,0.637,5.899,8.009
[1758203277059429433],,,,0.668,5.799,8.033
[1758203277063151673],,,,0.565,5.839,8.011
[1758203277066816152],,,,0.646,5.875,8.119
[1758203277070525267],,,,0.637,5.861,7.963
[1758203277074226777],,,,0.56,5.703,7.97
[1758203277077895840],,,,0.625,5.82,8.011
[1758203277081597506],,,,0.637,5.892,8.145
[1758203277085267298],,,,0.56,5.784,8.097
[1758203277088949173],,,,0.658,5.849,8.174
[1758203277092681465],,,,0.56,5.782,7.954
[1758203277096359121],,,,0.697,5.825,7.994
[1758203277100045215],,,,0.728,5.816,8.133
[1758203277103966413],,,,0.517,5.796,8.042
[1758203277107668288],,,,0.608,5.911,8.071
[1758203277111405423],,,,0.591,5.906,8.181
[1758203277115085111],,,,0.654,5.832,8.164
[1758203277118998444],,,,0.599,5.861,7.982
[1758203277122748861],,,,0.565,5.89,8.107
[1758203277126448913],,,,0.563,5.839,7.87
[1758203277130111308],,,,0.637,5.806,8.112
[1758203277133794381],,,,0.668,5.808,7.946
[1758203277137518860],,,,0.594,5.746,7.97
[1758203277141248183],,,,0.563,5.959,8.071
[1758203277145051152],,,,0.546,5.801,7.994
[1758203277148846517],,,,0.673,5.775,7.944
[1758203277153477454],,,,0.555,5.71,7.91
[1758203277157308340],,,,0.57,5.792,8.071
[1758203277161022975],,,,0.536,5.801,8.167
[1758203277164689173],,,,0.622,5.849,7.906
[1758203277168365215],,,,0.491,5.83,8.04
[1758203277172063079],,,,0.503,5.72,7.958
[1758203277175723131],,,,0.491,5.816,8.102
[1758203277179386152],,,,0.706,5.839,7.994
[1758203277183094902],,,,0.675,5.813,7.98
[1758203277186765319],,,,0.536,5.88,7.872
[1758203277190522298],,,,0.637,5.756,8.102
[1758203277194251308],,,,0.491,5.832,8.121
[1758203277198051933],,,,0.584,5.823,8.068
[1758203277202012923],,,,0.74,5.825,8.095
[1758203277205713079],,,,0.637,5.748,8.157
[1758203277209384850],,,,0.646,5.887,8.013
[1758203277213115735],,,,0.594,5.753,8.04
[1758203277216792715],,,,0.599,5.849,7.975
[1758203277221468131],,,,0.539,5.959,7.963
[1758203277225324954],,,,0.481,5.897,7.97
[1758203277229035944],,,,0.596,5.777,8.092
[1758203277232733965],,,,0.57,5.859,8.109
[1758203277236400735],,,,0.761,5.902,8.049
[1758203277240063756],,,,0.615,5.863,8.102
[1758203277243749694],,,,0.675,5.952,8.021
[1758203277247416100],,,,0.682,5.82,8.128
[1758203277252934954],,,,0.563,5.844,7.91
[1758203277258271621],,,,0.63,5.801,8.078
[1758203277263404954],,,,0.522,5.947,8.033
[1758203277268515371],,,,0.618,5.818,8.006
[1758203277273664694],,,,0.601,5.883,7.937
[1758203277278765579],,,,0.682,5.782,7.989
[1758203277283872767],,,,0.622,5.863,8.011
[1758203277288981256],,,,0.599,5.887,7.975
[1758203277294138288],,,,0.678,5.78,7.843
[1758203277299322610],,,,0.814,5.806,8.112
[1758203277304798496],,,,0.682,5.82,7.915
[1758203277309946725],,,,0.51,5.792,7.922
[1758203277315137871],,,,0.694,5.758,7.977
[1758203277320266777],,,,0.864,5.947,8.076
[1758203277325404121],,,,0.73,5.88,8.013
[1758203277330884850],,,,0.582,5.768,8.042
[1758203277336045944],,,,0.649,5.775,7.913
[1758203277341175006],,,,0.723,5.732,8.061
[1758203277346312454],,,,0.584,5.89,8.009
[1758203277351497454],,,,0.563,5.909,7.944
[1758203277358057923],,,,0.584,5.806,7.891
[1758203277364468340],,,,0.572,5.727,7.877
[1758203277369746048],,,,0.34,5.765,8.037
[1758203277374948548],,,,0.69,5.938,7.956
[1758203277380068704],,,,0.333,5.784,7.999
[1758203277385205475],,,,0.527,5.868,7.882
[1758203277390356933],,,,0.615,5.962,7.975
[1758203277395494694],,,,0.637,5.818,7.815
[1758203277400616517],,,,0.352,5.89,8.068
[1758203277405871777],,,,0.567,5.796,7.97
[1758203277411058079],,,,0.5,5.763,8.126
[1758203277416214850],,,,0.579,5.777,7.942
[1758203277421357871],,,,0.596,5.856,8.191
[1758203277426510371],,,,0.565,5.789,7.989
[1758203277431664381],,,,0.673,5.777,7.875
[1758203277437190371],,,,0.326,5.825,8.059
[1758203277442444537],,,,0.572,5.787,7.901
[1758203277447549381],,,,0.599,5.799,7.913
[1758203277452768965],,,,0.508,5.959,7.812
[1758203277457901881],,,,0.749,5.684,8.059
[1758203277463313444],,,,0.718,5.816,7.853
[1758203277468476204],,,,0.615,5.748,7.848
[1758203277473697819],,,,0.546,5.729,7.817
[1758203277478994850],,,,0.692,5.911,8.131
[1758203277484117558],,,,0.666,5.827,8.04
[1758203277489197871],,,,0.606,5.88,7.891
[1758203277494350110],,,,0.639,5.775,7.939
[1758203277499470996],,,,0.484,5.732,7.81
[1758203277504669954],,,,0.575,5.839,8.073
[1758203277509804329],,,,0.608,5.892,7.944
[1758203277516375162],,,,0.757,5.847,8.037
[1758203277523990527],,,,0.596,5.918,7.817
[1758203277530615215],,,,0.577,5.823,8.023
[1758203277536256673],,,,0.551,5.83,8.009
[1758203277543112506],,,,0.565,5.875,7.887
[1758203277548602194],,,,0.682,5.727,8.004
[1758203277555499590],,,,0.584,5.698,7.858
[1758203277560394173],,,,0.594,5.794,8.052
[1758203277565213756],,,,0.67,5.918,8.071
[1758203277570024902],,,,0.838,5.837,8.104
[1758203277574760423],,,,0.474,5.813,8.095
[1758203277579283860],,,,0.737,5.811,8.054
[1758203277583861517],,,,0.599,5.741,7.98
[1758203277588403235],,,,0.599,5.847,7.872
[1758203277592950058],,,,0.357,5.878,7.97
[1758203277597476881],,,,0.63,5.871,7.867
[1758203277602621673],,,,0.644,5.837,7.853
[1758203277607170267],,,,0.62,5.854,8.006
[1758203277611831256],,,,0.749,5.708,7.865
[1758203277616350475],,,,0.749,5.801,7.915
[1758203277620868027],,,,0.613,5.816,8.135
[1758203277625437767],,,,0.524,5.801,7.92
[1758203277629967975],,,,0.551,5.748,8.083
[1758203277634533079],,,,0.613,5.76,8.021
[1758203277639043235],,,,0.69,5.902,7.975
[1758203277643642558],,,,0.488,5.904,8.068
[1758203277648289954],,,,0.69,5.899,8.255
[1758203277653241621],,,,0.646,5.854,7.86
[1758203277658416569],,,,0.541,5.887,7.898
[1758203277664080006],,,,0.553,5.962,8.102
[1758203277669215214],,,,0.601,5.83,8.03
[1758203277674322454],,,,0.649,5.696,7.968
[1758203277679440110],,,,0.543,5.938,7.87
[1758203277684577662],,,,0.747,5.832,8.035
[1758203277689694225],,,,0.685,5.772,7.982
[1758203277694845058],,,,0.603,5.885,8.071
[1758203277699973027],,,,0.594,5.806,8.001
[1758203277707858444],,,,0.735,5.816,8.013
[1758203277713290527],,,,0.747,5.758,8.056
[1758203277718571673],,,,0.589,5.883,7.915
[1758203277723707767],,,,0.546,5.897,7.93
[1758203277728819589],,,,0.606,5.847,7.97
[1758203277733955996],,,,0.601,5.918,7.836
[1758203277739122246],,,,0.752,5.95,7.982
[1758203277744256673],,,,0.534,5.804,7.865
[1758203277749377089],,,,0.668,5.72,7.726
[1758203277754617246],,,,0.656,5.923,8.054
[1758203277759848600],,,,0.709,5.758,7.918
[1758203277764985787],,,,0.611,5.801,8.109
[1758203277770512714],,,,0.625,5.794,7.987
[1758203277775688860],,,,0.737,5.839,8.071
[1758203277780820631],,,,0.546,5.799,8.018
[1758203277785988496],,,,0.529,5.839,8.068
[1758203277791106569],,,,0.579,5.854,7.887
[1758203277796214798],,,,0.508,6.055,7.896
[1758203277801331048],,,,0.656,5.959,8.102
[1758203277806970683],,,,0.678,5.839,7.997
[1758203277812312089],,,,0.639,5.823,7.992
[1758203277817760423],,,,0.539,5.818,7.932
[1758203277822946933],,,,0.493,5.801,7.934
[1758203277828115266],,,,0.555,5.732,7.824
[1758203277833257194],,,,0.675,5.906,7.843
[1758203277838368860],,,,0.678,5.76,7.872
[1758203277843536464],,,,0.551,5.957,7.963
[1758203277848671516],,,,0.69,5.859,7.863
[1758203277855003235],,,,0.603,5.818,8.021
[1758203277860350266],,,,0.553,5.875,7.922
[1758203277865511412],,,,0.582,5.669,8.018
[1758203277870631360],,,,0.591,5.794,7.824
[1758203277878122194],,,,0.572,5.808,7.98
[1758203277883639225],,,,0.649,5.748,7.949
[1758203277888790319],,,,0.62,5.768,7.942
[1758203277893892037],,,,0.35,5.921,7.822
[1758203277899003964],,,,0.62,5.813,7.92
[1758203277904217662],,,,0.498,5.729,7.977
[1758203277909334329],,,,0.668,5.782,7.817
[1758203277914484485],,,,0.491,5.794,7.884
[1758203277919638860],,,,0.618,5.784,7.958
[1758203277925321829],,,,0.594,5.847,8.016
[1758203277930463912],,,,0.8,5.837,7.954
[1758203277935571048],,,,0.625,5.866,7.843
[1758203277940688079],,,,0.582,6.024,8.006
[1758203277945885475],,,,0.8,5.543,8.001
[1758203277951006569],,,,0.532,5.842,8.021
[1758203277956222246],,,,0.536,5.72,8.013
[1758203277961338600],,,,0.486,5.806,7.958
[1758203277966532246],,,,0.658,5.911,7.834
[1758203277971862506],,,,0.589,5.787,7.922
[1758203277977033287],,,,0.673,5.832,7.968
[1758203277983654121],,,,0.687,5.933,7.817
[1758203277988929954],,,,0.649,5.681,7.884
[1758203277994051985],,,,0.697,5.715,7.961
[1758203277999156204],,,,0.508,5.818,8.028
[1758203278004350683],,,,0.579,5.926,8.121
[1758203278009449537],,,,0.632,5.837,7.889
[1758203278014584850],,,,0.5,5.918,8.076
[1758203278019726412],,,,0.579,6.115,8.097
[1758203278024942037],,,,0.551,5.88,7.913
[1758203278030505996],,,,0.608,5.842,7.877
[1758203278035680943],,,,0.634,5.897,7.673
[1758203278040800631],,,,0.656,5.77,7.851
[1758203278045955683],,,,0.644,5.897,8.013
[1758203278051086360],,,,0.496,5.866,7.963
[1758203278056351048],,,,0.589,5.748,8.174
[1758203278061468183],,,,0.469,5.772,8.016
[1758203278066684277],,,,0.687,5.88,7.92
[1758203278071949902],,,,0.565,5.95,7.977
[1758203278077196621],,,,0.687,5.698,8.116
[1758203278082436985],,,,0.73,5.899,7.982
[1758203278087950318],,,,0.469,5.71,8.037
[1758203278093133391],,,,0.441,5.849,8.088
[1758203278098323079],,,,0.596,5.859,8.169
[1758203278103595006],,,,0.639,5.835,8.071
[1758203278108709954],,,,0.675,5.837,7.92
[1758203278113867610],,,,0.584,5.746,7.992
[1758203278118977298],,,,0.536,5.734,7.944
[1758203278124153496],,,,0.577,5.899,7.91
[1758203278129409485],,,,0.697,5.871,7.927
[1758203278134645266],,,,0.622,5.784,7.951
[1758203278144510006],,,,0.587,5.713,7.93
[1758203278149744225],,,,0.661,5.811,7.973
[1758203278155025214],,,,0.613,5.811,8.08
[1758203278160161100],,,,0.606,5.899,8.009
[1758203278166884798],,,,0.529,5.871,7.934
[1758203278172648808],,,,0.536,5.818,7.994
[1758203278179194589],,,,0.543,5.713,8.009
[1758203278184858339],,,,0.709,5.832,8.001
[1758203278190404537],,,,0.704,5.945,7.982
[1758203278196946985],,,,0.603,5.763,7.846
[1758203278203151464],,,,0.527,5.708,7.934
[1758203278209667871],,,,0.565,5.794,7.98
[1758203278215344850],,,,0.541,5.974,7.865
[1758203278221846568],,,,0.73,5.849,8.03
[1758203278227401516],,,,0.63,5.854,8.033
[1758203278232548495],,,,0.606,5.899,7.87
[1758203278237652923],,,,0.694,5.684,7.942
[1758203278242827766],,,,0.852,5.851,7.997
[1758203278247963860],,,,0.706,5.916,8.045
[1758203278253891777],,,,0.534,5.851,7.949
[1758203278257724277],,,,0.579,5.885,8.116
[1758203278261430475],,,,0.553,5.808,7.999
[1758203278265091256],,,,0.618,5.801,8.107
[1758203278268760839],,,,0.666,5.796,8.135
[1758203278272466985],,,,0.682,5.784,7.93
[1758203278276121048],,,,0.587,5.897,8.078
[1758203278279779381],,,,0.67,5.952,7.987
[1758203278283468912],,,,0.575,5.88,8.162
[1758203278287118756],,,,0.666,5.847,8.018
[1758203278291116204],,,,0.718,5.82,8.088
[1758203278294858495],,,,0.639,5.88,8.092
[1758203278298654902],,,,0.515,5.686,8.018
[1758203278302409068],,,,0.467,5.816,7.987
[1758203278306070579],,,,0.687,5.78,7.985
[1758203278309734485],,,,0.51,5.83,8.04
[1758203278313429641],,,,0.639,5.878,7.973
[1758203278317102350],,,,0.618,5.765,8.25
[1758203278320827298],,,,0.503,5.856,8.088
[1758203278324482610],,,,0.496,5.902,7.973
[1758203278328152610],,,,0.467,5.787,7.958
[1758203278331867193],,,,0.733,5.835,7.973
[1758203278335546412],,,,0.551,5.758,8.04
[1758203278339303131],,,,0.634,5.892,8.03
[1758203278342979798],,,,0.565,5.878,8.26
[1758203278346625266],,,,0.752,5.737,7.91
[1758203278350300266],,,,0.412,5.918,7.982
[1758203278354221881],,,,0.656,5.799,8.03
[1758203278357923860],,,,0.491,5.835,7.87
[1758203278361578860],,,,0.716,5.935,8.119
[1758203278365246100],,,,0.627,5.866,7.954
[1758203278368910370],,,,0.673,5.859,8.198
[1758203278372611412],,,,0.496,5.748,7.891
[1758203278376278339],,,,0.694,5.741,8.013
[1758203278379942089],,,,0.51,5.971,8.011
[1758203278383628079],,,,0.539,5.883,8.078
[1758203278387309329],,,,0.642,5.806,7.999
[1758203278391052558],,,,0.548,5.739,8.083
[1758203278394819016],,,,0.637,5.88,8.021
[1758203278398858235],,,,0.745,5.799,8.068
[1758203278402690683],,,,0.541,5.849,8.006
[1758203278406369120],,,,0.558,5.842,8.145
[1758203278410062245],,,,0.613,5.842,8.09
[1758203278413783912],,,,0.558,5.816,8.03
[1758203278417445839],,,,0.606,5.873,7.977
[1758203278421129850],,,,0.491,5.947,8.073
[1758203278424823495],,,,0.752,5.88,8.085
[1758203278428514693],,,,0.661,5.863,7.903
[1758203278432254954],,,,0.658,5.777,8.064
[1758203278435941881],,,,0.646,5.861,8.207
[1758203278439616152],,,,0.591,5.765,8.097
[1758203278443412298],,,,0.515,5.839,8.056
[1758203278447091412],,,,0.656,5.933,8.226
[1758203278451057870],,,,0.74,5.715,7.867
[1758203278454751256],,,,0.634,5.832,7.942
[1758203278458449172],,,,0.498,5.875,7.992
[1758203278462135839],,,,0.56,5.672,8.193
[1758203278465786152],,,,0.673,5.818,7.987
[1758203278469482089],,,,0.632,5.837,7.913
[1758203278473221360],,,,0.584,5.705,7.975
[1758203278476885422],,,,0.687,5.962,8.167
[1758203278480569277],,,,0.529,5.842,8.03
[1758203278484253495],,,,0.575,5.792,7.934
[1758203278487904068],,,,0.529,5.727,8.119
[1758203278491613287],,,,0.582,5.871,7.908
[1758203278495324433],,,,0.599,5.947,7.875
[1758203278499120318],,,,0.5,5.866,8.045
[1758203278503217350],,,,0.522,5.816,8.064
[1758203278506914329],,,,0.529,5.837,8.035
[1758203278510638235],,,,0.632,5.887,8.159
[1758203278514285162],,,,0.611,5.875,8.15
[1758203278517934693],,,,0.702,5.832,8.061
[1758203278521623652],,,,0.637,5.832,7.958
[1758203278525323235],,,,0.582,5.696,8.109
[1758203278529020891],,,,0.615,5.696,8.097
[1758203278532762350],,,,0.543,5.823,8.052
[1758203278536432402],,,,0.721,5.871,8.052
[1758203278540090735],,,,0.759,5.77,8.138
[1758203278543811308],,,,0.615,5.799,7.922
[1758203278547556516],,,,0.534,5.808,7.889
[1758203278551352193],,,,0.63,5.866,8.121
[1758203278555044172],,,,0.472,5.825,7.997
[1758203278558753912],,,,0.622,5.83,7.91
[1758203278562445110],,,,0.599,5.672,7.884
[1758203278566101568],,,,0.618,5.729,8.107
[1758203278569821985],,,,0.457,5.77,8.133
[1758203278573490891],,,,0.785,5.851,8.128
[1758203278577160995],,,,0.472,5.966,7.987
[1758203278580915266],,,,0.529,5.839,8.011
[1758203278584618235],,,,0.613,5.839,8.059
[1758203278588304902],,,,0.74,5.883,8.181
[1758203278591974745],,,,0.529,5.806,8.107
[1758203278595619693],,,,0.572,5.895,8.08
[1758203278599305995],,,,0.484,5.942,8.265
[1758203278603101620],,,,0.577,5.856,8.083
[1758203278607031881],,,,0.553,5.818,8.095
[1758203278610899329],,,,0.649,5.871,8.011
[1758203278614606725],,,,0.613,5.679,7.93
[1758203278618268808],,,,0.697,5.839,8.155
[1758203278622003079],,,,0.505,5.859,7.872
[1758203278625663027],,,,0.68,5.825,8.112
[1758203278629360891],,,,0.654,5.902,8.188
[1758203278633038027],,,,0.512,5.713,8.104
[1758203278636700006],,,,0.622,5.837,8.09
[1758203278640483964],,,,0.62,5.71,8.035
[1758203278644187662],,,,0.654,5.77,8.068
[1758203278649193287],,,,0.599,5.823,7.903
[1758203278654333600],,,,0.606,5.772,8.021
[1758203278658344850],,,,0.716,5.959,8.097
[1758203278663243079],,,,0.74,5.849,8.061
[1758203278667225579],,,,0.517,5.804,8.088
[1758203278671185839],,,,0.685,5.796,7.961
[1758203278675081568],,,,0.62,5.914,7.956
[1758203278679849849],,,,0.529,5.866,7.815
[1758203278683835370],,,,0.642,5.854,8.049
[1758203278687744745],,,,0.551,5.885,7.999
[1758203278691680735],,,,0.606,5.792,7.901
[1758203278696353652],,,,0.462,5.942,8.016
[1758203278700170474],,,,0.603,5.851,7.87
[1758203278704765579],,,,0.634,5.811,7.915
[1758203278708517714],,,,0.548,5.77,8.095
[1758203278712597402],,,,0.699,5.964,7.92
[1758203278716328808],,,,0.532,5.88,8.004
[1758203278720001724],,,,0.709,5.835,7.865
[1758203278723699172],,,,0.711,5.739,8.107
[1758203278727359641],,,,0.575,5.856,8.035
[1758203278731056672],,,,0.575,5.804,8.018
[1758203278734720370],,,,0.558,5.748,8.308
[1758203278738384485],,,,0.474,5.916,8.205
[1758203278742102193],,,,0.529,5.847,8.095
[1758203278745758756],,,,0.591,5.849,7.855
[1758203278749428652],,,,0.565,5.725,8.114
[1758203278754055943],,,,0.646,5.818,7.973
[1758203278757880214],,,,0.579,5.883,7.934
[1758203278761594485],,,,0.761,5.811,8.052
[1758203278765253756],,,,0.682,5.837,8.145
[1758203278768913599],,,,0.658,5.883,8.092
[1758203278772613235],,,,0.675,5.696,7.834
[1758203278776272349],,,,0.512,5.887,8.061
[1758203278779956933],,,,0.649,5.875,8.088
[1758203278783631985],,,,0.524,5.751,8.272
[1758203278787309589],,,,0.62,5.825,7.956
[1758203278791014902],,,,0.532,5.825,7.954
[1758203278794680318],,,,0.761,5.873,8.073
[1758203278798362610],,,,0.536,5.873,8.109
[1758203278802291672],,,,0.651,5.849,7.977
[1758203278805992402],,,,0.577,5.88,7.891
[1758203278809655787],,,,0.675,5.772,8.09
[1758203278813331516],,,,0.503,5.83,8.064
[1758203278817293183],,,,0.668,5.768,8.049
[1758203278821079485],,,,0.675,5.842,8.013
[1758203278824748391],,,,0.508,5.959,8.25
[1758203278828408495],,,,0.663,5.849,7.987
[1758203278832078599],,,,0.601,5.878,7.872
[1758203278835738183],,,,0.491,5.729,8.037
[1758203278839405162],,,,0.615,5.804,8.114
[1758203278843119277],,,,0.613,5.899,8.042
[1758203278846909433],,,,0.486,5.76,8.236
[1758203278851459537],,,,0.615,5.799,7.918
[1758203278855274537],,,,0.651,5.794,7.925
[1758203278858939485],,,,0.558,5.758,8.08
[1758203278862618756],,,,0.615,5.866,8.186
[1758203278866271047],,,,0.637,5.873,7.925
[1758203278869933287],,,,0.639,5.875,8.061
[1758203278873629224],,,,0.522,5.871,8.013
[1758203278877310839],,,,0.589,5.746,7.958
[1758203278880982766],,,,0.591,5.835,8.241
[1758203278884633391],,,,0.752,5.811,8.068
[1758203278888296516],,,,0.584,5.928,8.112
[1758203278892025266],,,,0.601,5.964,8.258
[1758203278895787558],,,,0.646,5.669,8.167
[1758203278899478964],,,,0.625,5.799,8.167
[1758203278903443183],,,,0.646,5.801,8.073
[1758203278907169433],,,,0.555,5.914,7.987
[1758203278910973131],,,,0.563,5.796,8.092
[1758203278914715162],,,,0.735,5.808,7.98
[1758203278918387193],,,,0.584,5.737,8.037
[1758203278922342245],,,,0.462,5.784,7.982
[1758203278926097454],,,,0.539,5.966,8.073
[1758203278929769068],,,,0.668,5.863,8.085
[1758203278933437870],,,,0.551,5.933,8.171
[1758203278937138756],,,,0.522,5.713,8.064
[1758203278940943443],,,,0.584,5.895,7.863
[1758203278944629849],,,,0.622,5.942,7.882
[1758203278948463860],,,,0.5,5.823,8.006
[1758203278952211881],,,,0.512,5.825,7.977
[1758203278955884276],,,,0.613,5.878,7.982
[1758203278960412818],,,,0.493,5.76,8.078
[1758203278965620579],,,,0.783,5.861,8.04
[1758203278970755110],,,,0.639,5.883,8.107
[1758203278975866204],,,,0.551,5.868,7.791
[1758203278980976620],,,,0.472,5.873,8.006
[1758203278986145579],,,,0.682,5.818,8.174
[1758203278991327870],,,,0.503,5.775,7.982
[1758203278996579120],,,,0.579,5.938,7.884
[1758203279001788808],,,,0.543,5.866,7.901
[1758203279007277141],,,,0.546,5.734,8.052
[1758203279012485058],,,,0.496,5.863,8.013
[1758203279017605579],,,,0.661,5.82,7.896
[1758203279022716620],,,,0.687,5.916,7.937
[1758203279028931308],,,,0.644,5.806,8.083
[1758203279035435787],,,,0.5,5.801,7.934
[1758203279040882610],,,,0.546,5.696,8.011
[1758203279047268912],,,,0.464,5.681,7.958
[1758203279053664954],,,,0.666,5.839,8.013
[1758203279058943599],,,,0.474,5.691,7.946
[1758203279064103704],,,,0.716,5.763,8.107
[1758203279069219172],,,,0.493,5.875,8.023
[1758203279074360318],,,,0.536,5.904,7.994
[1758203279079463651],,,,0.522,5.926,7.922
[1758203279084569381],,,,0.646,5.801,8.114
[1758203279089664276],,,,0.639,5.737,8.064
[1758203279094833808],,,,0.555,5.875,8.085
[1758203279100046933],,,,0.656,5.789,8.025
[1758203279105242506],,,,0.728,5.775,7.872
[1758203279110337818],,,,0.522,5.696,8.102
[1758203279115448443],,,,0.637,5.921,7.966
[1758203279120543339],,,,0.527,5.851,7.951
[1758203279125661933],,,,0.551,5.782,7.872
[1758203279130763703],,,,0.596,5.871,7.975
[1758203279135898912],,,,0.625,5.938,8.042
[1758203279142297453],,,,0.493,5.868,7.968
[1758203279147669433],,,,0.572,5.849,8.009
[1758203279152873391],,,,0.553,5.693,7.829
[1758203279157984537],,,,0.656,5.818,7.843
[1758203279163133391],,,,0.589,5.971,7.966
[1758203279168263599],,,,0.541,5.959,7.946
[1758203279173517870],,,,0.637,5.883,7.774
[1758203279178608495],,,,0.572,5.859,7.992
[1758203279183756203],,,,0.409,5.895,8.009
[1758203279189595631],,,,0.649,5.744,7.92
[1758203279195310787],,,,0.718,5.71,7.946
[1758203279200702401],,,,0.745,5.859,7.922
[1758203279207324953],,,,0.608,5.921,8.066
[1758203279214196203],,,,0.558,5.835,7.939
[1758203279220692245],,,,0.587,5.794,7.975
[1758203279226353183],,,,0.692,5.859,7.989
[1758203279232367558],,,,0.567,5.808,7.913
[1758203279238425787],,,,0.591,5.945,7.968
[1758203279245403235],,,,0.745,5.801,8.195
[1758203279250799276],,,,0.675,5.77,7.934
[1758203279257178391],,,,0.584,5.794,7.858
[1758203279262271308],,,,0.654,5.811,8.068
[1758203279266092662],,,,0.553,5.974,7.934
[1758203279269816828],,,,0.395,5.787,8.219
[1758203279273520839],,,,0.606,5.674,8.059
[1758203279277184485],,,,0.625,5.859,8.186
[1758203279280902714],,,,0.512,5.787,7.973
[1758203279284559068],,,,0.515,5.902,8.212
[1758203279288225578],,,,0.711,5.856,8.128
[1758203279291911412],,,,0.536,5.825,7.992
[1758203279295564589],,,,0.474,5.756,7.982
[1758203279299223131],,,,0.68,5.978,7.982
[1758203279302952818],,,,0.57,5.866,7.889
[1758203279306703651],,,,0.649,5.751,7.839
[1758203279310443599],,,,0.491,5.899,8.054
[1758203279314383756],,,,0.536,5.957,8.068
[1758203279318093599],,,,0.484,5.89,8.092
[1758203279321806724],,,,0.577,5.835,8.107
[1758203279325467453],,,,0.649,5.906,8.073
[1758203279329126412],,,,0.606,5.801,8.068
[1758203279332828703],,,,0.577,5.921,8.167
[1758203279336509953],,,,0.723,5.832,8.188
[1758203279340172662],,,,0.596,5.849,8.035
[1758203279343863235],,,,0.546,5.76,8.047
[1758203279347536516],,,,0.555,5.94,8.088
[1758203279351499485],,,,0.69,5.832,7.997
[1758203279355236933],,,,0.63,5.854,8.03
[1758203279359053183],,,,0.615,5.847,8.004
[1758203279363619901],,,,0.747,5.856,7.903
[1758203279367418912],,,,0.788,5.928,7.942
[1758203279371114693],,,,0.51,5.883,8.135
[1758203279374776412],,,,0.553,5.93,8.011
[1758203279378443443],,,,0.601,5.818,7.891
[1758203279382131620],,,,0.579,5.875,8.037
[1758203279385794172],,,,0.663,5.851,7.927
[1758203279389455630],,,,0.589,5.914,8.224
[1758203279393135058],,,,0.572,5.844,7.901
[1758203279396800630],,,,0.747,5.914,7.977
[1758203279400512037],,,,0.757,5.806,8.025
[1758203279404231464],,,,0.469,5.799,8.116
[1758203279407990683],,,,0.611,5.832,8.092
[1758203279411761464],,,,0.46,5.921,8.021
[1758203279415431412],,,,0.656,5.806,7.927
[1758203279419091151],,,,0.577,5.904,8.056
[1758203279422782922],,,,0.685,5.885,7.954
[1758203279426441516],,,,0.572,5.818,8.164
[1758203279430104172],,,,0.745,5.677,7.987
[1758203279433798078],,,,0.735,5.672,8.102
[1758203279437468651],,,,0.682,5.818,7.942
[1758203279441181151],,,,0.627,5.971,7.841
[1758203279444851933],,,,0.622,5.863,8.085
[1758203279448515891],,,,0.594,5.844,8.162
[1758203279452192922],,,,0.591,5.957,8.1
[1758203279455870318],,,,0.733,5.904,8.145
[1758203279460471880],,,,0.67,5.89,7.93
[1758203279464387558],,,,0.548,5.818,7.843
[1758203279468070995],,,,0.587,5.971,8.097
[1758203279471753183],,,,0.565,5.744,8.045
[1758203279475407453],,,,0.644,5.835,8.133
[1758203279479068026],,,,0.608,5.818,7.977
[1758203279482757349],,,,0.491,5.782,7.918
[1758203279486412662],,,,0.639,5.689,7.851
[1758203279490069224],,,,0.517,5.825,7.963
[1758203279493736516],,,,0.728,5.885,7.906
[1758203279497407662],,,,0.553,5.844,7.839
[1758203279501119537],,,,0.654,5.964,8.001
[1758203279504803860],,,,0.357,5.89,8.028
[1758203279508616933],,,,0.551,5.842,7.872
[1758203279512565110],,,,0.508,5.918,7.985
[1758203279516310214],,,,0.723,5.674,7.906
[1758203279520013235],,,,0.467,5.928,8.265
[1758203279523691828],,,,0.611,5.789,8.004
[1758203279527388703],,,,0.527,5.746,8.056
[1758203279531062818],,,,0.651,5.756,8.112
[1758203279534712297],,,,0.5,5.902,8.174
[1758203279538372037],,,,0.706,5.703,8.03
[1758203279542098443],,,,0.759,5.806,8.169
[1758203279545799797],,,,0.62,5.689,7.966
[1758203279549501932],,,,0.558,5.885,7.999
[1758203279553223755],,,,0.673,5.837,7.992
[1758203279557016203],,,,0.596,5.818,8.097
[1758203279560799745],,,,0.572,5.854,8.126
[1758203279564763391],,,,0.685,5.878,7.956
[1758203279568539016],,,,0.702,5.787,8.088
[1758203279572258495],,,,0.567,5.796,8.236
[1758203279575967245],,,,0.464,5.911,8.207
[1758203279579662193],,,,0.591,5.863,7.987
[1758203279583358599],,,,0.522,5.808,8.035
[1758203279587017505],,,,0.577,5.921,8.107
[1758203279590725526],,,,0.622,5.909,7.963
[1758203279594398130],,,,0.642,5.935,8.047
[1758203279598096620],,,,0.503,5.847,7.987
[1758203279601835630],,,,0.584,5.897,7.977
[1758203279605541516],,,,0.546,5.796,7.994
[1758203279609334953],,,,0.582,5.902,8.04
[1758203279613099172],,,,0.522,5.82,8.133
[1758203279616781568],,,,0.685,5.835,8.15
[1758203279620528443],,,,0.654,5.751,8.188
[1758203279624259745],,,,0.484,5.768,7.989
[1758203279627953807],,,,0.678,5.892,8.124
[1758203279631632037],,,,0.745,5.758,8.047
[1758203279635294797],,,,0.658,5.89,8.049
[1758203279638988495],,,,0.625,5.895,8.073
[1758203279642710370],,,,0.596,5.918,8.042
[1758203279646516828],,,,0.441,5.954,8.104
[1758203279653329901],,,,0.575,5.746,8.083
[1758203279657020735],,,,0.644,5.751,8.061
[1758203279660866932],,,,0.687,5.758,8.006
[1758203279665669485],,,,0.532,5.792,7.93
[1758203279669761464],,,,0.565,5.811,8.056
[1758203279673522766],,,,0.608,5.868,8.119
[1758203279678195839],,,,0.67,5.816,7.934
[1758203279683083860],,,,0.685,5.811,8.049
[1758203279687932870],,,,0.611,5.796,8.04
[1758203279692772870],,,,0.682,5.76,7.836
[1758203279696708078],,,,0.625,5.851,7.906
[1758203279700717870],,,,0.577,5.763,8.083
[1758203279705541412],,,,0.634,5.811,7.831
[1758203279710429016],,,,0.725,5.952,7.824
[1758203279715294693],,,,0.694,5.839,7.906
[1758203279719291776],,,,0.742,5.866,7.98
[1758203279723175995],,,,0.579,5.851,8.004
[1758203279726850735],,,,0.63,5.806,8.124
[1758203279730576412],,,,0.462,5.827,7.989
[1758203279734282610],,,,0.613,5.861,8.083
[1758203279737951516],,,,0.666,5.782,8.049
[1758203279741645057],,,,0.618,5.804,8.061
[1758203279745320474],,,,0.52,5.844,8.068
[1758203279748996985],,,,0.816,5.885,8.109
[1758203279752717714],,,,0.548,5.842,8.056
[1758203279756402141],,,,0.553,5.856,8.157
[1758203279760170370],,,,0.618,5.832,8.078
[1758203279764088807],,,,0.632,5.827,7.942
[1758203279767774953],,,,0.601,5.863,8.033
[1758203279771479120],,,,0.754,5.957,8.052
[1758203279775894693],,,,0.666,5.748,8.095
[1758203279779724641],,,,0.627,5.957,8.025
[1758203279784288182],,,,0.543,5.892,8.071
[1758203279788383234],,,,0.62,5.837,7.961
[1758203279792139484],,,,0.663,5.715,8.009
[1758203279795814953],,,,0.656,5.72,7.975
[1758203279799480370],,,,0.637,5.842,8.021
[1758203279803183807],,,,0.563,5.895,7.939
[1758203279806868964],,,,0.565,6.103,8.1
[1758203279810590318],,,,0.555,5.873,7.98
[1758203279814303912],,,,0.606,5.717,7.875
[1758203279817959901],,,,0.654,5.827,8.049
[1758203279821683807],,,,0.603,5.715,8.006
[1758203279825366099],,,,0.644,5.684,8.013
[1758203279829049797],,,,0.582,5.844,7.97
[1758203279832820214],,,,0.579,5.677,8.085
[1758203279836477297],,,,0.639,5.796,8.097
[1758203279840146412],,,,0.443,5.787,7.989
[1758203279843869016],,,,0.615,5.832,8.095
[1758203279847535995],,,,0.663,5.911,8.095
[1758203279851211099],,,,0.603,5.899,8.128
[1758203279854874172],,,,0.541,5.787,8.265
[1758203279858558287],,,,0.548,5.854,8.222
[1758203279862366412],,,,0.625,5.756,8.08
[1758203279866045422],,,,0.74,5.765,7.977
[1758203279869725943],,,,0.599,5.804,7.903
[1758203279873523807],,,,0.565,5.837,8.064
[1758203279877199432],,,,0.656,5.753,8.267
[1758203279880932349],,,,0.632,5.622,8.083
[1758203279884599328],,,,0.505,5.863,8.052
[1758203279888268339],,,,0.685,5.928,8.033
[1758203279891974120],,,,0.512,5.969,8.176
[1758203279895891828],,,,0.414,5.904,8.028
[1758203279899670214],,,,0.57,5.871,7.966
[1758203279903366151],,,,0.658,5.76,8.179
[1758203279907038807],,,,0.577,5.813,7.973
[1758203279911659328],,,,0.627,5.887,7.877
[1758203279915458599],,,,0.532,5.842,7.954
[1758203279919126307],,,,0.74,5.854,8.097
[1758203279922817818],,,,0.505,5.914,8.006
[1758203279926481724],,,,0.625,5.796,8.073
[1758203279930140318],,,,0.639,5.823,8.054
[1758203279933821568],,,,0.828,5.974,8.013
[1758203279937488026],,,,0.634,5.816,8.021
[1758203279941180630],,,,0.599,5.895,8.013
[1758203279944846880],,,,0.622,5.698,8.179
[1758203279948507037],,,,0.572,5.775,8.119
[1758203279952205943],,,,0.711,5.804,8.023
[1758203279955972505],,,,0.709,5.866,8.049
[1758203279959663964],,,,0.711,5.679,7.997
[1758203279963592453],,,,0.572,5.861,8.018
[1758203279968758755],,,,0.563,5.847,8.186
[1758203279973914484],,,,0.692,5.669,7.956
[1758203279979035266],,,,0.491,5.681,7.949
[1758203279984184016],,,,0.735,5.844,7.961
[1758203279989292453],,,,0.709,5.969,7.942
[1758203279994413964],,,,0.675,5.849,7.865
[1758203279999860891],,,,0.622,5.868,8.054
[1758203280005085839],,,,0.721,5.825,7.939
[1758203280010373078],,,,0.5,5.813,8.119
[1758203280015594745],,,,0.517,5.916,7.989
[1758203280020749536],,,,0.709,5.799,8.045
[1758203280025913859],,,,0.699,5.964,7.968
[1758203280031012818],,,,0.52,5.959,8.09
[1758203280036175422],,,,0.584,5.782,7.92
[1758203280041264120],,,,0.646,5.796,7.951
[1758203280046389953],,,,0.725,5.772,8.121
[1758203280051767036],,,,0.704,5.792,7.894
[1758203280056939536],,,,0.654,5.792,7.738
[1758203280062208755],,,,0.464,5.727,8.04
[1758203280067366047],,,,0.678,5.748,8.047
[1758203280072542714],,,,0.69,5.983,8.025
[1758203280077706932],,,,0.601,5.926,8.03
[1758203280082950891],,,,0.601,5.669,7.822
[1758203280088064849],,,,0.702,5.782,7.93
[1758203280093173755],,,,0.553,5.904,7.982
[1758203280098274797],,,,0.654,5.868,7.865
[1758203280103427141],,,,0.644,5.823,7.855
[1758203280108917922],,,,0.816,5.837,8.004
[1758203280114266307],,,,0.632,5.708,7.918
[1758203280119428755],,,,0.508,5.82,7.989
[1758203280124614745],,,,0.733,5.818,7.939
[1758203280129721724],,,,0.613,5.835,8.095
[1758203280134830943],,,,0.666,5.784,8.056
[1758203280139962557],,,,0.654,5.947,8.164
[1758203280145128286],,,,0.718,5.713,7.901
[1758203280150336828],,,,0.694,5.899,7.865
[1758203280155545578],,,,0.536,5.751,7.937
[1758203280160826932],,,,0.848,5.827,7.855
[1758203280166095682],,,,0.476,5.942,8.102
[1758203280171231828],,,,0.594,5.911,7.875
[1758203280176367557],,,,0.699,5.851,7.985
[1758203280181469068],,,,0.493,5.746,7.889
[1758203280186627766],,,,0.673,5.782,8.035
[1758203280191869276],,,,0.625,5.823,8.052
[1758203280197031463],,,,0.728,5.703,7.834
[1758203280202207088],,,,0.69,5.921,7.714
[1758203280207320995],,,,0.63,5.806,7.793
[1758203280212887401],,,,0.663,5.957,8.001
[1758203280219769328],,,,0.745,5.78,7.994
[1758203280225416984],,,,0.536,5.878,7.999
[1758203280231965943],,,,0.618,5.772,7.927
[1758203280237630995],,,,0.675,5.883,7.975
[1758203280244182297],,,,0.63,5.787,8.078
[1758203280249819172],,,,0.608,5.844,7.956
[1758203280256409120],,,,0.579,5.674,7.934
[1758203280263152349],,,,0.615,5.859,7.681
[1758203280268551724],,,,0.757,5.765,7.97
[1758203280273449120],,,,0.764,5.751,8.047
[1758203280277445995],,,,0.704,5.854,8.143
[1758203280281339328],,,,0.754,5.775,7.906
[1758203280285002297],,,,0.548,5.849,8.126
[1758203280288675838],,,,0.735,5.71,8.186
[1758203280292377766],,,,0.354,5.804,7.994
[1758203280296037036],,,,0.563,5.897,7.966
[1758203280299696255],,,,0.601,5.739,7.915
[1758203280303391099],,,,0.654,5.95,8.107
[1758203280307039641],,,,0.625,5.873,8.042
[1758203280311610630],,,,0.522,5.799,7.827
[1758203280315412036],,,,0.625,5.801,7.87
[1758203280319416932],,,,0.484,5.827,8.119
[1758203280323199380],,,,0.493,5.83,7.999
[1758203280326882505],,,,0.625,5.806,7.898
[1758203280330609797],,,,0.642,5.837,8.006
[1758203280334297609],,,,0.627,5.88,8.116
[1758203280337965161],,,,0.582,5.823,8.102
[1758203280341707088],,,,0.522,5.844,8.078
[1758203280345367193],,,,0.625,5.866,7.91
[1758203280349033026],,,,0.517,5.863,8.04
[1758203280352738963],,,,0.747,5.741,7.846
[1758203280356538391],,,,0.73,5.804,7.908
[1758203280360240474],,,,0.706,5.787,7.973
[1758203280363913495],,,,0.591,5.837,8.15
[1758203280367586047],,,,0.567,5.765,8.15
[1758203280372158286],,,,0.594,5.849,7.992
[1758203280375953911],,,,0.634,5.794,8.066
[1758203280379629693],,,,0.622,5.861,8.068
[1758203280383306099],,,,0.575,5.77,8.03
[1758203280386961620],,,,0.654,5.808,8.056
[1758203280390672661],,,,0.565,5.911,8.186
[1758203280394340838],,,,0.541,5.796,8.049
[1758203280397997245],,,,0.728,5.737,8.021
[1758203280401666307],,,,0.575,5.799,8.054
[1758203280405319016],,,,0.668,5.689,8.064
[1758203280408986620],,,,0.606,5.669,8.018
[1758203280412698703],,,,0.711,5.772,8.056
[1758203280416376255],,,,0.706,5.859,8.059
[1758203280420141255],,,,0.551,5.863,8.1
[1758203280424235890],,,,0.747,5.818,7.839
[1758203280427940213],,,,0.613,5.952,7.942
[1758203280431632974],,,,0.702,5.772,8.04
[1758203280435298182],,,,0.63,5.737,8.061
[1758203280438961880],,,,0.5,5.763,8.147
[1758203280442654068],,,,0.57,5.804,8.112
[1758203280446319588],,,,0.505,5.725,8.059
[1758203280449982505],,,,0.747,5.916,7.977
[1758203280453655474],,,,0.644,5.78,8.083
[1758203280457328963],,,,0.749,5.847,7.985
[1758203280461045474],,,,0.567,5.756,8.021
[1758203280464717088],,,,0.673,5.799,8.116
[1758203280468400370],,,,0.711,5.753,7.918
[1758203280472381568],,,,0.694,5.832,8.061
[1758203280476076672],,,,0.555,5.871,8.085
[1758203280479749953],,,,0.678,5.873,8.052
[1758203280483427974],,,,0.577,5.895,8.025
[1758203280487096047],,,,0.675,5.813,8.267
[1758203280490829953],,,,0.646,5.808,8.102
[1758203280494503338],,,,0.529,5.775,7.858
[1758203280498181880],,,,0.699,5.703,8.102
[1758203280501858859],,,,0.543,5.696,8.164
[1758203280505521203],,,,0.493,5.883,8.025
[1758203280509218130],,,,0.522,5.856,7.958
[1758203280513055995],,,,0.757,5.799,8.092
[1758203280516826151],,,,0.51,5.768,8.054
[1758203280520560265],,,,0.577,5.89,7.954
[1758203280524671203],,,,0.685,5.83,7.934
[1758203280528389640],,,,0.508,5.811,8.061
[1758203280532070109],,,,0.761,5.849,8.169
[1758203280535733651],,,,0.613,5.794,8.114
[1758203280539467140],,,,0.634,5.796,8.006
[1758203280543166828],,,,0.67,5.827,8.076
[1758203280546868599],,,,0.706,5.88,8.159
[1758203280550567349],,,,0.606,5.945,8.018
[1758203280557342557],,,,0.584,5.926,7.994
[1758203280561219224],,,,0.723,5.818,7.994
[1758203280564890109],,,,0.661,5.746,7.958
[1758203280568557505],,,,0.579,5.722,8.15
[1758203280573102974],,,,0.666,5.851,7.98
[1758203280576883130],,,,0.467,5.842,7.882
[1758203280580604588],,,,0.587,5.801,8.076
[1758203280584263547],,,,0.515,5.952,8.114
[1758203280587909588],,,,0.725,5.713,8.013
[1758203280591600161],,,,0.658,5.765,8.042
[1758203280595256776],,,,0.584,5.952,8.411
[1758203280598935526],,,,0.675,5.78,8.155
[1758203280602588130],,,,0.697,5.792,8.013
[1758203280606220213],,,,0.587,5.887,8.056
[1758203280609904172],,,,0.651,5.837,8.116
[1758203280613625265],,,,0.658,5.914,7.951
[1758203280617401828],,,,0.618,5.708,8.035
[1758203280621145422],,,,0.764,5.751,8.035
[1758203280624855526],,,,0.754,5.804,8.054
[1758203280628775005],,,,0.68,5.83,8.047
[1758203280632589484],,,,0.558,5.784,8.272
[1758203280636270630],,,,0.611,5.921,8.159
[1758203280639965578],,,,0.529,5.916,8.15
[1758203280643660682],,,,0.522,5.854,7.98
[1758203280647329692],,,,0.651,5.813,8.006
[1758203280650975942],,,,0.469,5.784,7.982
[1758203280654638130],,,,0.644,5.725,8.004
[1758203280658327713],,,,0.476,5.88,7.997
[1758203280662103599],,,,0.747,5.77,8.104
[1758203280665768651],,,,0.551,5.839,8.083
[1758203280669477088],,,,0.644,5.902,7.973
[1758203280674097974],,,,0.73,5.816,7.958
[1758203280677916776],,,,0.524,5.866,8.1
[1758203280681576359],,,,0.644,5.681,7.968
[1758203280685216359],,,,0.63,5.926,7.973
[1758203280688866567],,,,0.608,5.816,7.975
[1758203280692558911],,,,0.606,5.851,8.078
[1758203280696217817],,,,0.673,5.772,8.085
[1758203280700290838],,,,0.651,5.691,8.078
[1758203280704264328],,,,0.582,5.832,7.98
[1758203280708094640],,,,0.618,5.811,7.968
[1758203280711942817],,,,0.56,5.782,8.126
[1758203280715624067],,,,0.611,5.732,7.987
[1758203280719298703],,,,0.57,5.796,8.282
[1758203280723005213],,,,0.515,5.861,7.987
[1758203280726666411],,,,0.682,5.966,8.224
[1758203280730401672],,,,0.625,6.079,8.097
[1758203280735182088],,,,0.761,5.835,8.013
[1758203280738987401],,,,0.711,5.775,8.119
[1758203280742700682],,,,0.467,5.952,8.025
[1758203280746361515],,,,0.627,5.72,8.131
[1758203280750021359],,,,0.582,5.885,7.966
[1758203280753717140],,,,0.625,5.942,8.023
[1758203280757380682],,,,0.577,5.885,7.973
[1758203280761061776],,,,0.675,5.83,8.016
[1758203280764768651],,,,0.517,5.787,7.968
[1758203280768483390],,,,0.314,5.897,8.109
[1758203280772209380],,,,0.582,5.837,7.939
[1758203280775882297],,,,0.673,5.796,7.994
[1758203280779657870],,,,0.474,5.93,7.894
[1758203280783613130],,,,0.594,5.832,7.992
[1758203280787320995],,,,0.464,5.873,8.085
[1758203280791040578],,,,0.67,5.849,8.006
[1758203280794713078],,,,0.608,5.708,8.135
[1758203280798403338],,,,0.467,5.969,7.891
[1758203280802132192],,,,0.634,5.823,8.061
[1758203280805820474],,,,0.618,5.698,8.054
[1758203280809509692],,,,0.56,5.906,8.078
[1758203280813211151],,,,0.522,5.784,7.997
[1758203280816912140],,,,0.599,5.842,8.159
[1758203280820687661],,,,0.555,5.693,8.104
[1758203280824415838],,,,0.661,5.892,8.054
[1758203280828209484],,,,0.529,5.813,8.088
[1758203280832140422],,,,0.634,5.844,8.114
[1758203280835848547],,,,0.563,5.844,7.831
[1758203280839859067],,,,0.69,5.861,8.15
[1758203280843567661],,,,0.553,5.72,8.085
[1758203280847258911],,,,0.591,5.847,8.15
[1758203280850958755],,,,0.601,5.842,8.042
[1758203280854611932],,,,0.5,5.966,7.997
[1758203280858323390],,,,0.694,5.772,8.011
[1758203280862031724],,,,0.613,5.978,7.879
[1758203280865703026],,,,0.721,5.83,8.088
[1758203280869371203],,,,0.505,5.825,7.982
[1758203280873107244],,,,0.572,5.799,8.207
[1758203280876894432],,,,0.515,5.878,8.052
[1758203280880638599],,,,0.668,5.796,8.241
[1758203280885251255],,,,0.553,5.775,8.056
[1758203280889066776],,,,0.543,5.83,8.011
[1758203280892744328],,,,0.579,5.72,8.231
[1758203280896405422],,,,0.606,5.847,8.119
[1758203280900072297],,,,0.594,5.871,7.903
[1758203280903770890],,,,0.462,5.698,8.071
[1758203280907434328],,,,0.599,5.856,8.035
[1758203280911101880],,,,0.582,5.844,8.068
[1758203280914820734],,,,0.692,5.777,8.135
[1758203280918535161],,,,0.503,5.849,8.071
[1758203280922249380],,,,0.663,5.906,7.968
[1758203280925909015],,,,0.63,5.78,8.085
[1758203280929653286],,,,0.687,5.916,8.08
[1758203280933665005],,,,0.673,5.681,8.04
[1758203280937392661],,,,0.742,5.837,8.109
[1758203280941149640],,,,0.587,5.787,8.071
[1758203280945124276],,,,0.67,5.866,7.97
[1758203280948833859],,,,0.658,5.806,7.992
[1758203280952559172],,,,0.618,5.732,8.171
[1758203280956222297],,,,0.675,5.794,8.212
[1758203280959891724],,,,0.474,5.918,8.049
[1758203280963564328],,,,0.553,5.787,8.234
[1758203280967309328],,,,0.642,5.796,8.085
[1758203280971650005],,,,0.599,5.686,8.066
[1758203280976885109],,,,0.51,5.832,7.956
[1758203280983417244],,,,0.582,5.863,7.956
[1758203280988684849],,,,0.673,5.839,7.831
[1758203280993807192],,,,0.354,5.76,7.889
[1758203280998911724],,,,0.541,5.689,8.097
[1758203281004047713],,,,0.706,5.693,7.908
[1758203281009151984],,,,0.62,5.777,8.064
[1758203281014297609],,,,0.505,5.827,8.119
[1758203281019413755],,,,0.654,5.906,7.913
[1758203281024598859],,,,0.637,5.935,8.107
[1758203281029823078],,,,0.658,5.837,7.693
[1758203281035042453],,,,0.656,5.796,7.961
[1758203281040197192],,,,0.74,5.823,7.975
[1758203281045388703],,,,0.646,5.739,7.927
[1758203281050892088],,,,0.642,5.83,7.927
[1758203281056212453],,,,0.644,5.784,8.085
[1758203281061324536],,,,0.536,5.837,8.011
[1758203281066466515],,,,0.539,5.861,7.908
[1758203281071740369],,,,0.584,5.938,7.942
[1758203281076958703],,,,0.524,5.969,7.908
[1758203281082244328],,,,0.479,5.811,8.128
[1758203281087398859],,,,0.565,5.825,8.066
[1758203281092615369],,,,0.575,5.808,8.205
[1758203281097868442],,,,0.692,5.885,7.879
[1758203281103060213],,,,0.582,5.823,8.042
[1758203281108231255],,,,0.718,5.844,7.951
[1758203281113373078],,,,0.713,5.928,7.891
[1758203281118525786],,,,0.658,5.763,7.951
[1758203281125666307],,,,0.618,5.816,7.994
[1758203281130881828],,,,0.661,5.844,7.942
[1758203281136179171],,,,0.579,5.794,7.901
[1758203281141327036],,,,0.781,5.942,8.016
[1758203281146481984],,,,0.594,5.77,7.891
[1758203281151638859],,,,0.577,5.818,7.987
[1758203281157174432],,,,0.761,5.88,7.848
[1758203281162514171],,,,0.761,5.801,7.946
[1758203281167695109],,,,0.618,5.77,8.112
[1758203281172930578],,,,0.508,5.868,8.035
[1758203281178125109],,,,0.658,5.835,7.882
[1758203281183337609],,,,0.587,5.669,7.968
[1758203281188453546],,,,0.476,5.974,7.891
[1758203281193604380],,,,0.682,5.832,7.903
[1758203281198758338],,,,0.553,5.871,8.071
[1758203281203993703],,,,0.575,5.672,7.877
[1758203281209165890],,,,0.69,5.792,8.083
[1758203281214408234],,,,0.5,5.895,8.047
[1758203281219533026],,,,0.541,5.935,7.939
[1758203281224661411],,,,0.476,5.816,7.87
[1758203281229778963],,,,0.661,5.784,7.992
[1758203281235031724],,,,0.565,5.808,8.116
[1758203281240816463],,,,0.57,5.835,7.98
[1758203281246443234],,,,0.649,5.679,8.066
[1758203281251812505],,,,0.9,5.861,7.989
[1758203281258282661],,,,0.484,5.811,7.87
[1758203281263844953],,,,0.618,5.816,7.958
[1758203281268960942],,,,0.575,5.818,7.894
[1758203281274151984],,,,0.673,5.772,8.1
[1758203281279294432],,,,0.599,5.775,8.016
[1758203281285675890],,,,0.474,5.926,7.877
[1758203281292154119],,,,0.711,5.71,8.047
[1758203281298567817],,,,0.594,5.816,8.001
[1758203281303861671],,,,0.532,5.89,7.894
[1758203281308980578],,,,0.656,5.792,8.013
[1758203281314171776],,,,0.639,5.971,8.023
[1758203281319271619],,,,0.622,5.863,7.908
[1758203281324394536],,,,0.591,6.012,8.035
[1758203281329508807],,,,0.548,5.689,7.932
[1758203281334740578],,,,0.788,5.729,7.934
[1758203281339850734],,,,0.646,5.871,8.095
[1758203281345067921],,,,0.505,5.849,8.021
[1758203281350174744],,,,0.577,5.849,8.045
[1758203281355278182],,,,0.704,5.763,8.121
[1758203281360384536],,,,0.658,5.756,7.985
[1758203281366986671],,,,0.476,5.902,7.956
[1758203281372631515],,,,0.56,5.887,7.942
[1758203281377775005],,,,0.567,5.715,7.975
[1758203281383001046],,,,0.34,5.741,7.951
[1758203281388124119],,,,0.529,5.832,8.066
[1758203281393290213],,,,0.563,5.82,7.884
[1758203281398396307],,,,0.577,5.674,8.054
[1758203281403536203],,,,0.742,5.825,7.918
[1758203281408668182],,,,0.522,5.885,7.946
[1758203281413966828],,,,0.735,5.787,7.853
[1758203281419076359],,,,0.493,5.873,7.774
[1758203281424191723],,,,0.74,5.82,7.915
[1758203281429290265],,,,0.541,5.727,8.116
[1758203281434498026],,,,0.555,5.966,7.937
[1758203281439617088],,,,0.716,5.71,7.91
[1758203281444783807],,,,0.632,5.885,7.896
[1758203281449912296],,,,0.718,5.722,8.095
[1758203281455165213],,,,0.663,5.859,8.056
[1758203281460285890],,,,0.627,5.818,8.066
[1758203281465494328],,,,0.553,5.871,7.937
[1758203281470633442],,,,0.599,5.842,7.829
[1758203281476285838],,,,0.565,5.849,8.049
[1758203281481431932],,,,0.563,5.978,8.033
[1758203281486665005],,,,0.596,5.863,7.946
[1758203281491836984],,,,0.52,5.715,7.908
[1758203281496974015],,,,0.613,5.88,7.961
[1758203281502138703],,,,0.723,5.775,7.977
[1758203281507360838],,,,0.464,5.906,7.853
[1758203281512516359],,,,0.517,5.794,7.987
[1758203281517765890],,,,0.582,5.832,7.851
[1758203281522945630],,,,0.608,5.921,7.949
[1758203281528054744],,,,0.675,5.751,8.03
[1758203281533245630],,,,0.431,5.923,7.997
[1758203281538348338],,,,0.73,5.811,8.035
[1758203281543489692],,,,0.591,5.804,7.843
[1758203281548629119],,,,0.704,5.947,7.889
[1758203281553819328],,,,0.757,5.969,7.841
[1758203281558930369],,,,0.608,5.684,7.927
[1758203281564033182],,,,0.582,5.827,7.973
[1758203281569129953],,,,0.529,5.971,8.073
[1758203281574262036],,,,0.745,5.669,7.877
[1758203281579867348],,,,0.474,5.825,7.934
[1758203281585203338],,,,0.634,5.681,7.966
[1758203281590363025],,,,0.498,5.945,8.061
[1758203281595545161],,,,0.438,5.729,8.102
[1758203281600646775],,,,0.508,5.861,7.817
[1758203281605755057],,,,0.67,5.854,7.872
[1758203281610855421],,,,0.555,5.875,7.872
[1758203281616073234],,,,0.467,5.916,7.86
[1758203281621251671],,,,0.661,5.693,7.896
[1758203281626549692],,,,0.551,5.782,7.968
[1758203281631743546],,,,0.589,5.935,7.98
[1758203281637199848],,,,0.46,5.765,8.088
[1758203281642403598],,,,0.603,5.849,7.889
[1758203281647523078],,,,0.757,5.839,7.913
[1758203281652657140],,,,0.618,5.873,8.078
[1758203281657803911],,,,0.584,5.787,8.042
[1758203281662962140],,,,0.666,5.856,8.059
[1758203281668071619],,,,0.572,5.768,7.887
[1758203281673231307],,,,0.488,5.737,7.817
[1758203281678358650],,,,0.584,5.739,8.073
[1758203281684034119],,,,0.591,5.856,7.956
[1758203281689277609],,,,0.594,5.832,7.884
[1758203281694459536],,,,0.563,5.827,7.915
[1758203281699567348],,,,0.651,5.696,8.066
[1758203281704752296],,,,0.551,5.854,7.834
[1758203281709837244],,,,0.682,5.859,8.09
[1758203281714953286],,,,0.51,5.892,7.908
[1758203281720095682],,,,0.591,5.686,7.817
[1758203281725293286],,,,0.668,5.887,7.829
[1758203281730498755],,,,0.46,5.789,7.949
[1758203281735726150],,,,0.491,5.811,8.088
[1758203281740883338],,,,0.438,5.787,7.815
[1758203281746064588],,,,0.62,5.691,7.925
[1758203281751165890],,,,0.56,5.909,7.896
[1758203281756320890],,,,0.836,5.856,7.75
[1758203281761420473],,,,0.606,5.866,7.872
[1758203281766599744],,,,0.572,5.839,8.068
[1758203281771787088],,,,0.548,5.856,7.882
[1758203281776934692],,,,0.651,5.847,7.939
[1758203281782406255],,,,0.357,5.887,7.702
[1758203281788925682],,,,0.587,5.792,7.872
[1758203281794195213],,,,0.484,5.677,7.827
[1758203281799302609],,,,0.711,5.693,7.853
[1758203281804423807],,,,0.373,5.883,7.961
[1758203281809530161],,,,0.467,5.813,7.901
[1758203281814640630],,,,0.675,5.839,7.92
[1758203281819743546],,,,0.687,5.899,7.98
[1758203281824892400],,,,0.697,5.914,8.013
[1758203281830116932],,,,0.682,5.974,7.958
[1758203281835448286],,,,0.618,5.727,8.018
[1758203281840565421],,,,0.898,5.844,8.109
[1758203281845684536],,,,0.541,5.729,8.04
[1758203281850789380],,,,0.644,5.974,8.066
[1758203281855988442],,,,0.694,5.808,7.937
[1758203281861127296],,,,0.735,5.897,8.095
[1758203281866278390],,,,0.474,5.859,7.891
[1758203281871397400],,,,0.673,5.859,7.92
[1758203281876574171],,,,0.62,5.825,7.882
[1758203281882338077],,,,0.68,5.837,7.942
[1758203281889345057],,,,0.601,5.804,7.915
[1758203281894731255],,,,0.548,5.871,7.898
[1758203281899975317],,,,0.546,5.842,7.87
[1758203281905125473],,,,0.524,5.756,7.954
[1758203281910227452],,,,0.651,5.835,8.09
[1758203281915363025],,,,0.591,5.737,8.021
[1758203281920473859],,,,0.455,5.746,8.068
[1758203281925672609],,,,0.747,5.904,7.846
[1758203281930803338],,,,0.543,5.662,7.884
[1758203281936138338],,,,0.838,5.808,7.937
[1758203281941253755],,,,0.532,5.76,7.898
[1758203281946456879],,,,0.577,5.796,7.91
[1758203281951653077],,,,0.639,5.954,7.934
[1758203281959288859],,,,0.575,5.784,7.977
[1758203281964494640],,,,0.539,5.83,7.805
[1758203281969638494],,,,0.666,5.842,7.925
[1758203281974863442],,,,0.622,5.957,7.999
[1758203281980106098],,,,0.69,5.868,8.035
[1758203281985355577],,,,0.472,5.895,7.922
[1758203281990513286],,,,0.687,5.856,7.875
[1758203281996063286],,,,0.69,5.83,8.073
[1758203282001155994],,,,0.702,5.859,7.944
[1758203282006265317],,,,0.637,5.873,7.939
[1758203282011417244],,,,0.634,5.885,7.887
[1758203282016630317],,,,0.646,5.827,7.858
[1758203282021972661],,,,0.625,5.832,7.944
[1758203282027159015],,,,0.472,5.854,7.853
[1758203282032443182],,,,0.393,5.825,7.949
[1758203282037587140],,,,0.57,5.866,7.87
[1758203282042714119],,,,0.742,5.818,7.918
[1758203282047828494],,,,0.57,5.906,7.86
[1758203282053047973],,,,0.527,5.816,7.954
[1758203282058173963],,,,0.704,5.94,8.013
[1758203282063381984],,,,0.551,5.866,7.951
[1758203282068519952],,,,0.508,5.875,8.095
[1758203282073664744],,,,0.618,5.823,8.092
[1758203282078809744],,,,0.567,5.916,7.865
[1758203282084027504],,,,0.745,5.89,7.822
[1758203282089192504],,,,0.532,5.878,7.975
[1758203282094669484],,,,0.527,5.78,7.918
[1758203282100192973],,,,0.56,5.844,8.083
[1758203282105436567],,,,0.737,5.909,7.879
[1758203282110554848],,,,0.553,5.847,7.805
[1758203282115738286],,,,0.63,5.835,8.047
[1758203282120882817],,,,0.711,5.88,7.942
[1758203282126043286],,,,0.608,6.014,7.898
[1758203282131191515],,,,0.606,5.89,8.09
[1758203282136490629],,,,0.582,5.792,8.035
[1758203282141823807],,,,0.632,5.78,8.076
[1758203282146964640],,,,0.754,5.787,7.908
[1758203282152300577],,,,0.46,5.717,8.054
[1758203282157457609],,,,0.745,6.088,8.001
[1758203282162610890],,,,0.697,5.849,7.877
[1758203282167711879],,,,0.704,5.851,7.884
[1758203282172893181],,,,0.601,5.923,8.052
[1758203282178041098],,,,0.577,5.823,7.956
[1758203282183315265],,,,0.63,5.938,7.92
[1758203282188536098],,,,0.697,5.703,7.836
[1758203282193805838],,,,0.493,5.849,8.095
[1758203282198916671],,,,0.577,5.883,8.004
[1758203282205251619],,,,0.615,5.856,7.98
[1758203282211409275],,,,0.675,5.938,7.884
[1758203282216805213],,,,0.464,5.801,7.827
[1758203282223334275],,,,0.754,5.928,8.097
[1758203282229893963],,,,0.704,5.823,7.889
[1758203282235285265],,,,0.745,5.681,7.891
[1758203282240478390],,,,0.57,5.974,7.834
[1758203282245621150],,,,0.515,5.849,7.992
[1758203282250724692],,,,0.543,5.789,7.898
[1758203282255857713],,,,0.63,5.835,7.975
[1758203282260981306],,,,0.522,5.89,7.92
[1758203282266146723],,,,0.613,5.966,8.08
[1758203282271272713],,,,0.611,5.94,7.906
[1758203282276571254],,,,0.63,5.744,8.013
[1758203282281788546],,,,0.728,5.873,7.949
[1758203282287302713],,,,0.536,5.804,7.86
[1758203282292507036],,,,0.553,5.926,7.942
[1758203282297634484],,,,0.357,5.897,7.922
[1758203282302785213],,,,0.567,5.921,7.942
[1758203282307920942],,,,0.596,5.854,7.853
[1758203282313364900],,,,0.632,5.938,7.831
[1758203282318551879],,,,0.697,5.897,8.246
[1758203282326134119],,,,0.536,5.878,7.918
[1758203282331572140],,,,0.737,5.847,8.073
[1758203282338127140],,,,0.46,5.887,7.822
[1758203282343654744],,,,0.486,5.672,8.016
[1758203282348827036],,,,0.46,5.895,7.896
[1758203282353985369],,,,0.366,5.792,7.841
[1758203282359149119],,,,0.517,5.784,7.872
[1758203282364319067],,,,0.637,5.811,7.843
[1758203282369422556],,,,0.627,5.918,7.721
[1758203282374633754],,,,0.579,5.899,7.915
[1758203282379858754],,,,0.651,5.849,8.001
[1758203282385165004],,,,0.539,5.878,8.083
[1758203282390326411],,,,0.699,5.873,7.877
[1758203282396677400],,,,0.761,5.756,8.013
[1758203282402030994],,,,0.658,5.842,7.906
[1758203282407171515],,,,0.733,5.799,8.03
[1758203282412422661],,,,0.503,5.947,7.903
[1758203282417553181],,,,0.685,5.842,7.939
[1758203282423008233],,,,0.611,5.966,8.174
[1758203282428208286],,,,0.515,5.832,8.021
[1758203282433357817],,,,0.517,5.837,7.829
[1758203282439644483],,,,0.666,5.904,7.829
[1758203282445342713],,,,0.594,5.787,8.071
[1758203282450546879],,,,0.704,5.902,7.982
[1758203282455694640],,,,0.472,5.866,7.977
[1758203282460789536],,,,0.757,5.832,8.023
[1758203282465909952],,,,0.735,5.945,7.949
[1758203282471036306],,,,0.532,5.914,7.872
[1758203282476200369],,,,0.613,5.842,7.908
[1758203282481322192],,,,0.546,5.875,7.908
[1758203282486545265],,,,0.546,5.823,7.855
[1758203282491783598],,,,0.486,5.741,7.922
[1758203282496901202],,,,0.704,5.765,7.882
[1758203282502124744],,,,0.577,6.084,8.15
[1758203282507284379],,,,0.534,5.839,7.867
[1758203282512415577],,,,0.599,5.811,7.944
[1758203282517488494],,,,0.694,5.827,8.104
[1758203282522623077],,,,0.661,5.849,7.882
[1758203282527738442],,,,0.508,6.036,7.906
[1758203282533298233],,,,0.644,5.744,7.894
[1758203282540082192],,,,0.759,5.741,7.877
[1758203282545822713],,,,0.62,5.801,8.179
[1758203282551142296],,,,0.46,5.906,8.248
[1758203282556481358],,,,0.498,5.866,8.049
[1758203282561661254],,,,0.615,5.849,8.076
[1758203282566916306],,,,0.527,5.772,7.843
[1758203282572174900],,,,0.587,5.921,8.08
[1758203282577361411],,,,0.654,5.861,7.992
[1758203282582575681],,,,0.637,5.918,7.98
[1758203282587846723],,,,0.541,5.892,7.81
[1758203282593023338],,,,0.532,5.672,7.882
[1758203282598159171],,,,0.56,5.969,7.906
[1758203282603382973],,,,0.603,5.863,8.023
[1758203282608522400],,,,0.472,5.849,7.915
[1758203282613766463],,,,0.637,5.816,7.764
[1758203282618889223],,,,0.603,5.842,7.913
[1758203282624126046],,,,0.761,5.926,7.894
[1758203282629345942],,,,0.611,5.698,7.932
[1758203282634481463],,,,0.345,5.825,7.877
[1758203282639955160],,,,0.594,5.926,7.939
[1758203282645085525],,,,0.464,5.94,8.088
[1758203282651447140],,,,0.596,5.717,7.906
[1758203282657883546],,,,0.565,5.813,7.87
[1758203282664252244],,,,0.472,5.842,7.817
[1758203282669497921],,,,0.611,5.899,8.143
[1758203282674592556],,,,0.661,5.849,7.93
[1758203282679740785],,,,0.512,5.811,8.045
[1758203282684891931],,,,0.567,5.82,8.047
[1758203282689992504],,,,0.536,5.823,7.666
[1758203282695094223],,,,0.713,5.885,8.1
[1758203282700193285],,,,0.34,5.801,7.901
[1758203282705355160],,,,0.575,5.777,7.824
[1758203282710592817],,,,0.663,5.861,7.937
[1758203282715779431],,,,0.546,5.794,8.004
[1758203282720941254],,,,0.606,5.801,8.045
[1758203282726098650],,,,0.697,5.672,7.944
[1758203282731220265],,,,0.611,5.851,8.033
[1758203282736331671],,,,0.555,5.928,7.875
[1758203282741448285],,,,0.654,5.966,7.86
[1758203282747018390],,,,0.663,5.823,7.841
[1758203282752232296],,,,0.656,5.921,7.992
[1758203282757642660],,,,0.611,5.789,7.834
[1758203282762862713],,,,0.527,5.947,8.078
[1758203282768027608],,,,0.527,5.827,8.028
[1758203282773153598],,,,0.546,5.715,7.829
[1758203282778350838],,,,0.67,5.942,7.949
[1758203282783522088],,,,0.721,5.933,8.078
[1758203282788654692],,,,0.553,5.693,7.958
[1758203282793907088],,,,0.711,5.789,7.934
[1758203282799014952],,,,0.73,5.847,7.958
[1758203282804175004],,,,0.539,5.792,8.076
[1758203282809326046],,,,0.596,5.883,8.061
[1758203282814593025],,,,0.52,5.835,7.827
[1758203282819742296],,,,0.642,5.732,7.8
[1758203282824900004],,,,0.536,5.827,8.073
[1758203282830063442],,,,0.723,5.926,7.853
[1758203282835268494],,,,0.524,5.933,7.977
[1758203282840374744],,,,0.706,5.885,7.688
[1758203282845541046],,,,0.347,5.851,7.954
[1758203282850711358],,,,0.682,6.024,8.09
[1758203282857336358],,,,0.529,5.835,7.819
[1758203282862967192],,,,0.625,5.904,7.932
[1758203282868110108],,,,0.651,5.911,7.934
[1758203282873258077],,,,0.594,5.811,8.011
[1758203282878377817],,,,0.599,5.921,8.004
[1758203282883493962],,,,0.599,5.734,7.92
[1758203282888608806],,,,0.527,5.77,7.817
[1758203282893765733],,,,0.491,5.792,7.951
[1758203282898946358],,,,0.596,5.717,8.078
[1758203282904223442],,,,0.484,5.792,7.987
[1758203282909404796],,,,0.654,5.93,8.085
[1758203282914622452],,,,0.567,5.974,7.829
[1758203282919731462],,,,0.587,6.043,8.054
[1758203282924817296],,,,0.74,5.89,8.135
[1758203282929924067],,,,0.402,5.928,7.987
[1758203282935123962],,,,0.69,5.902,7.839
[1758203282940354067],,,,0.723,5.851,8.016
[1758203282945626567],,,,0.536,5.871,8.092
[1758203282950760525],,,,0.745,5.923,7.882
[1758203282955899119],,,,0.611,5.935,8.092
[1758203282961365525],,,,0.627,5.835,8.076
[1758203282966603077],,,,0.613,5.962,7.98
[1758203282972319327],,,,0.563,5.873,8.052
[1758203282977433129],,,,0.532,5.89,8.088
[1758203282982632452],,,,0.457,5.945,8.021
[1758203282987795056],,,,0.634,5.962,7.831
[1758203282992986931],,,,0.723,5.713,7.906
[1758203282998131879],,,,0.754,5.911,7.949
[1758203283003438494],,,,0.666,5.875,8.104
[1758203283008615785],,,,0.654,5.83,7.863
[1758203283013824848],,,,0.658,5.916,8.006
[1758203283018927035],,,,0.431,5.871,8.08
[1758203283024140212],,,,0.555,5.851,7.992
[1758203283029262348],,,,0.74,5.93,7.987
[1758203283034363390],,,,0.479,5.871,8.092
[1758203283039505577],,,,0.601,5.827,7.882
[1758203283044734067],,,,0.625,5.897,8.076
[1758203283049949119],,,,0.678,5.772,7.879
[1758203283058168806],,,,0.567,5.851,7.951
[1758203283063538598],,,,0.685,5.839,7.942
[1758203283069949848],,,,0.565,5.669,7.887
[1758203283075181514],,,,0.68,5.727,7.805
[1758203283081683077],,,,0.555,5.827,8.09
[1758203283088044067],,,,0.601,5.734,7.887
[1758203283094425212],,,,0.613,5.763,7.853
[1758203283099682348],,,,0.668,5.878,7.92
[1758203283104822192],,,,0.63,5.871,7.829
[1758203283109924014],,,,0.579,5.811,7.879
[1758203283115147869],,,,0.543,5.909,7.851
[1758203283120255889],,,,0.517,5.741,7.918
[1758203283125366150],,,,0.517,5.756,8.045
[1758203283130442817],,,,0.539,5.863,7.889
[1758203283135603962],,,,0.572,5.902,7.992
[1758203283140813025],,,,0.634,5.732,8.107
[1758203283146006462],,,,0.747,5.962,7.942
[1758203283151111567],,,,0.687,5.756,7.822
[1758203283156245212],,,,0.558,5.849,7.963
[1758203283161323858],,,,0.508,5.95,8.006
[1758203283166471358],,,,0.553,5.957,7.98
[1758203283171702973],,,,0.438,5.839,7.884
[1758203283177308181],,,,0.733,5.827,7.851
[1758203283182487348],,,,0.46,5.94,7.997
[1758203283189215264],,,,0.764,5.959,8.059
[1758203283194807139],,,,0.496,5.873,7.93
[1758203283200140004],,,,0.369,5.772,7.963
[1758203283205446254],,,,0.589,5.844,8.054
[1758203283210577712],,,,0.699,5.811,7.915
[1758203283215759119],,,,0.673,5.921,8.013
[1758203283220895942],,,,0.436,5.859,7.975
[1758203283227290629],,,,0.718,5.873,8.068
[1758203283233066046],,,,0.644,5.885,7.853
[1758203283238290577],,,,0.737,5.71,7.834
[1758203283243428494],,,,0.611,5.974,8.011
[1758203283248557452],,,,0.56,5.883,7.918
[1758203283253710525],,,,0.52,5.906,7.793
[1758203283258828025],,,,0.658,6.055,8.169
[1758203283264001098],,,,0.627,5.993,8.037
[1758203283269218389],,,,0.589,5.859,7.779
[1758203283275828025],,,,0.742,5.756,7.961
[1758203283281435837],,,,0.503,5.722,7.872
[1758203283286580994],,,,0.634,5.83,7.894
[1758203283291750056],,,,0.675,5.89,7.877
[1758203283297155785],,,,0.565,6.038,7.843
[1758203283302321671],,,,0.761,5.827,8.076
[1758203283307415733],,,,0.541,5.868,7.865
[1758203283312593754],,,,0.512,5.842,8.071
[1758203283317753858],,,,0.62,5.768,7.896
[1758203283323052452],,,,0.536,5.859,8.033
[1758203283328177191],,,,0.584,5.861,8.011
[1758203283333409379],,,,0.697,5.859,8.033
[1758203283338648389],,,,0.627,5.851,7.939
[1758203283343822139],,,,0.517,5.935,7.898
[1758203283348917504],,,,0.551,5.717,8.241
[1758203283354025369],,,,0.486,5.76,8.013
[1758203283359231619],,,,0.68,5.899,7.949
[1758203283364475629],,,,0.757,5.916,8.107
[1758203283369596098],,,,0.577,5.849,7.8
[1758203283374817035],,,,0.46,5.911,8.143
[1758203283379938494],,,,0.737,5.866,8.088
[1758203283385108806],,,,0.632,5.926,7.925
[1758203283390620525],,,,0.5,5.904,7.956
[1758203283395751514],,,,0.503,5.962,7.987
[1758203283401002816],,,,0.52,5.89,7.946
[1758203283406480525],,,,0.644,5.897,7.915
[1758203283411701150],,,,0.515,5.878,7.831
[1758203283416829848],,,,0.515,5.883,7.822
[1758203283422120681],,,,0.634,5.89,7.872
[1758203283427358650],,,,0.56,5.88,7.913
[1758203283432479587],,,,0.634,5.825,7.894
[1758203283437750629],,,,0.62,5.851,8.013
[1758203283444286098],,,,0.563,5.823,7.944
[1758203283449550994],,,,0.567,5.95,7.836
[1758203283454755889],,,,0.704,5.911,7.855
[1758203283459850473],,,,0.541,5.911,8.09
[1758203283465011931],,,,0.713,5.935,7.925
[1758203283470082087],,,,0.467,5.808,8.095
[1758203283475184014],,,,0.587,5.78,8.03
[1758203283480270004],,,,0.615,5.784,7.851
[1758203283485751566],,,,0.522,5.717,8.001
[1758203283491413441],,,,0.476,5.816,8.092
[1758203283496563598],,,,0.673,5.696,7.951
[1758203283501736358],,,,0.587,5.763,7.863
[1758203283506915629],,,,0.546,5.832,8.124
[1758203283512422608],,,,0.496,5.796,7.851
[1758203283517571462],,,,0.711,5.715,8.045
[1758203283522695160],,,,0.46,5.71,7.685
[1758203283527776566],,,,0.886,5.935,8.061
[1758203283533465577],,,,0.587,5.883,7.956
[1758203283538861046],,,,0.637,5.95,7.934
[1758203283544086306],,,,0.575,5.885,7.887
[1758203283549227660],,,,0.579,5.82,7.855
[1758203283554436254],,,,0.527,5.806,7.822
[1758203283559555473],,,,0.548,5.832,8.042
[1758203283564638754],,,,0.752,5.717,7.841
[1758203283569776931],,,,0.601,5.902,8.095
[1758203283575055681],,,,0.453,5.856,7.889
[1758203283580406671],,,,0.481,5.906,8.126
[1758203283585586358],,,,0.917,5.768,7.918
[1758203283590716983],,,,0.766,5.806,7.748
[1758203283598176306],,,,0.553,5.835,7.796
[1758203283603696827],,,,0.56,5.957,7.74
[1758203283608833754],,,,0.587,6.108,7.812
[1758203283613979691],,,,0.522,5.978,7.58
[1758203283619388233],,,,1.286,7.008,6.34
[1758203283624547764],,,,-1.109,4.451,7.786
[1758203283629643702],,,,-0.12,3.675,9.193
[1758203283634752191],,,,3.098,12.383,5.387
[1758203283639863598],,,,1.525,6.419,8.21
[1758203283645233806],,,,-0.85,4.475,7.487
[1758203283650378285],,,,-2.047,5.933,12.0
[1758203283655511566],,,,-0.409,5.655,9.833
[1758203283660615993],,,,1.721,4.831,11.102
[1758203283665750160],,,,-0.63,5.332,10.836
[1758203283670860056],,,,-6.677,7.508,10.525
[1758203283675979848],,,,-1.202,5.078,8.945
[1758203283681120941],,,,1.302,3.938,7.939
[1758203283686311046],,,,2.576,4.571,6.898
[1758203283691610420],,,,3.467,5.028,6.507
[1758203283696826879],,,,3.153,4.676,4.231
[1758203283702482295],,,,0.675,6.491,6.28
[1758203283707697712],,,,0.287,6.124,6.919
[1758203283712878025],,,,0.29,5.859,6.852
[1758203283718008077],,,,-0.613,6.539,8.636
[1758203283723161045],,,,-0.314,6.294,7.887
[1758203283728593337],,,,0.431,5.418,8.576
[1758203283733746306],,,,-0.546,5.703,9.716
[1758203283738927712],,,,-2.859,6.634,10.333
[1758203283745080785],,,,-1.858,5.959,9.72
[1758203283750243493],,,,1.92,4.156,9.934
[1758203283755356254],,,,1.228,5.076,7.384
[1758203283760453233],,,,0.917,5.538,7.106
[1758203283765582608],,,,1.709,4.638,5.674
[1758203283770688233],,,,4.243,5.145,6.993
[1758203283775850577],,,,0.816,5.871,7.12
[1758203283781005629],,,,0.208,6.132,6.527
[1758203283786281254],,,,-1.635,6.709,8.629
[1758203283791714275],,,,2.744,5.571,7.209
[1758203283798112348],,,,-2.105,6.579,8.629
[1758203283803309275],,,,-2.286,6.754,10.374
[1758203283808866670],,,,-1.446,4.882,8.693
[1758203283813969014],,,,1.135,4.717,9.031
[1758203283819066410],,,,1.293,4.8,8.6
[1758203283824214795],,,,1.607,4.875,8.021
[1758203283829336618],,,,1.326,5.14,7.372
[1758203283835564639],,,,1.037,5.406,7.386
[1758203283842581202],,,,0.587,5.368,8.097
[1758203283848054743],,,,0.366,5.559,8.294
[1758203283854630681],,,,-0.141,5.581,8.851
[1758203283862058650],,,,-0.323,5.471,8.665
[1758203283867356358],,,,1.676,4.144,8.902
[1758203283872525212],,,,3.338,3.232,8.669
[1758203283877653493],,,,2.653,3.879,8.66
[1758203283882806566],,,,1.647,4.772,9.452
[1758203283887932295],,,,-0.055,5.555,9.273
[1758203283893110004],,,,0.017,5.437,9.459
[1758203283898217452],,,,-3.395,8.554,7.295
[1758203283903399639],,,,-2.598,5.614,7.089
[1758203283908527660],,,,-0.081,5.636,7.12
[1758203283914189379],,,,0.709,6.268,6.84
[1758203283919366618],,,,0.065,5.772,7.377
[1758203283924525837],,,,0.12,5.629,7.999
[1758203283929646045],,,,0.086,5.476,8.231
[1758203283934803858],,,,0.464,5.811,8.21
[1758203283939930525],,,,-0.215,5.382,9.098
[1758203283946530733],,,,-0.565,4.76,7.87
[1758203283951875993],,,,-0.038,5.332,8.243
[1758203283957021202],,,,0.077,5.552,8.794
[1758203283962342712],,,,0.843,5.866,7.76
[1758203283967462816],,,,-0.12,5.253,7.975
[1758203283972581566],,,,0.23,5.296,8.499
[1758203283977685993],,,,0.294,5.535,7.963
[1758203283982868545],,,,0.053,5.253,7.973
[1758203283988008025],,,,0.043,5.447,8.016
[1758203283993290316],,,,0.165,5.255,8.14
[1758203283998396670],,,,0.453,4.99,8.126
[1758203284003526931],,,,0.187,5.128,8.033
[1758203284008639431],,,,-0.287,5.133,9.079
[1758203284013812972],,,,-0.148,5.14,9.486
[1758203284018939118],,,,-0.122,4.86,9.414
[1758203284024552400],,,,0.036,5.116,8.708
[1758203284029742139],,,,0.124,5.047,8.454
[1758203284034870160],,,,-0.043,5.186,8.279
[1758203284040014379],,,,-0.17,4.985,7.168
[1758203284045253493],,,,0.124,5.318,7.872
[1758203284050401722],,,,0.455,5.562,7.985
[1758203284055845108],,,,0.838,5.375,7.638
[1758203284061048077],,,,0.098,5.442,7.599
[1758203284066312087],,,,-0.012,5.334,8.066
[1758203284071649847],,,,0.01,5.488,8.32
[1758203284076780785],,,,0.136,5.174,8.248
[1758203284082027347],,,,-0.024,5.109,8.487
[1758203284087148597],,,,0.283,5.045,8.832
[1758203284092424222],,,,0.053,4.925,8.938
[1758203284097526097],,,,0.062,5.085,9.026
[1758203284102682295],,,,0.01,4.975,8.918
[1758203284107878910],,,,0.057,4.779,9.244
[1758203284113139639],,,,-0.168,5.073,8.782
[1758203284118276306],,,,-0.862,4.927,8.815
[1758203284123401045],,,,-1.279,4.666,8.452
[1758203284128555264],,,,-0.232,4.767,8.035
[1758203284134220316],,,,0.189,5.234,8.09
[1758203284139345629],,,,-0.069,5.035,7.913
[1758203284144565733],,,,-0.263,5.308,7.774
[1758203284149701306],,,,-0.728,5.057,8.049
[1758203284154951045],,,,0.953,5.983,7.717
[1758203284160081045],,,,-1.293,4.561,8.835
[1758203284165577504],,,,0.445,6.026,9.337
[1758203284170704066],,,,0.694,7.798,9.017
[1758203284175882920],,,,-0.175,5.023,7.64
[1758203284181060837],,,,1.46,4.326,8.317
[1758203284186261306],,,,1.528,4.039,8.519
[1758203284191469327],,,,1.674,5.047,8.231
[1758203284196799014],,,,0.776,5.052,8.325
[1758203284202036827],,,,0.591,5.152,8.298
[1758203284207133285],,,,0.555,4.999,8.923
[1758203284212368962],,,,0.407,5.064,8.648
[1758203284217486879],,,,0.424,5.059,8.801
[1758203284222620837],,,,0.115,5.229,8.31
[1758203284227751306],,,,0.421,5.152,8.164
[1758203284237119795],,,,0.105,5.444,7.712
[1758203284242494222],,,,-0.105,5.569,7.963
[1758203284247602972],,,,-0.081,5.497,8.023
[1758203284252789899],,,,-0.026,5.516,8.27
[1758203284257932087],,,,-0.168,5.222,8.222
[1758203284263031983],,,,0.371,5.231,8.413
[1758203284268177035],,,,0.261,5.121,8.78
[1758203284273711774],,,,0.187,5.104,8.581
[1758203284278896306],,,,0.263,5.14,8.48
[1758203284284139222],,,,-0.182,5.08,8.854
[1758203284289278702],,,,-0.917,4.901,8.811
[1758203284294566410],,,,-0.986,4.24,8.375
[1758203284299734743],,,,1.235,6.618,9.084
[1758203284304867191],,,,1.386,6.907,7.666
[1758203284310015108],,,,-0.352,5.61,8.097
[1758203284315183702],,,,0.242,5.262,7.688
[1758203284320392295],,,,0.311,5.466,7.355
[1758203284325628962],,,,0.383,5.646,7.24
[1758203284330768858],,,,0.232,5.516,7.63
[1758203284335868337],,,,0.091,5.361,7.939
[1758203284341054639],,,,0.237,5.152,8.839
[1758203284346698076],,,,-0.022,5.162,8.945
[1758203284351951097],,,,0.508,5.303,8.815
[1758203284357072451],,,,0.038,5.389,8.655
[1758203284362347191],,,,0.017,5.171,8.765
[1758203284367455264],,,,-0.089,5.088,8.49
[1758203284372585316],,,,-0.141,5.1,8.399
[1758203284377693181],,,,0.156,5.32,8.255
[1758203284383200368],,,,-0.318,5.088,8.291
[1758203284388653024],,,,-0.041,5.14,8.274
[1758203284394199535],,,,0.091,5.16,8.042
[1758203284399361566],,,,0.06,5.131,8.55
[1758203284404552764],,,,0.244,5.286,8.241
[1758203284409655472],,,,0.491,5.2,8.329
[1758203284414770889],,,,0.218,5.021,8.753
[1758203284419881826],,,,-0.287,5.215,8.801
[1758203284425038597],,,,0.199,5.035,8.454
[1758203284430243701],,,,0.084,5.078,8.303
[1758203284437200785],,,,0.438,5.183,8.334
[1758203284442731358],,,,-0.065,5.274,8.432
[1758203284447840681],,,,0.055,5.198,8.176
[1758203284453506306],,,,-0.136,5.071,8.396
[1758203284459735629],,,,-0.204,5.341,8.468
[1758203284466111254],,,,0.089,5.255,8.231
[1758203284471367139],,,,0.062,5.456,8.181
[1758203284476467816],,,,0.278,5.21,8.176
[1758203284481638337],,,,0.103,5.547,7.97
[1758203284486790004],,,,0.192,5.353,8.258
[1758203284493602035],,,,-0.309,5.222,8.368
[1758203284500070108],,,,0.014,5.339,8.38
[1758203284505734535],,,,0.18,5.248,8.466
[1758203284512331045],,,,-0.129,5.303,9.036
[1758203284518755576],,,,0.352,5.325,8.183
[1758203284524044587],,,,0.124,5.595,8.143
[1758203284529161514],,,,0.16,5.521,7.46
[1758203284534309222],,,,0.01,5.358,7.951
[1758203284539428233],,,,0.199,5.114,8.521
[1758203284544634483],,,,0.292,4.891,9.316
[1758203284549752399],,,,0.151,4.853,9.261
[1758203284554941410],,,,0.141,4.915,8.847
[1758203284560063910],,,,-0.405,5.191,8.65
[1758203284566716514],,,,0.007,5.25,8.344
[1758203284572087556],,,,0.093,5.32,8.174
[1758203284577260056],,,,0.134,5.274,7.937
[1758203284582461410],,,,0.002,5.294,8.049
[1758203284587597660],,,,0.012,5.217,8.2
[1758203284594099170],,,,0.122,5.267,8.533
[1758203284599359535],,,,0.06,5.203,8.341
[1758203284604473285],,,,0.268,5.349,8.337
[1758203284609573806],,,,0.124,5.258,8.475
[1758203284614709378],,,,0.024,5.066,8.368
[1758203284619817920],,,,0.259,5.284,8.339
[1758203284624947556],,,,-0.065,5.179,8.267
[1758203284630038441],,,,0.06,5.188,8.205
[1758203284635192139],,,,0.146,5.279,8.126
[1758203284640396306],,,,0.034,5.341,8.231
[1758203284645627035],,,,0.105,5.243,8.387
[1758203284650736253],,,,0.122,5.274,8.174
[1758203284655872139],,,,0.086,5.234,8.279
[1758203284661010212],,,,0.134,5.303,8.301
[1758203284666148493],,,,0.048,5.447,8.384
[1758203284671717660],,,,0.108,5.274,8.384
[1758203284676869795],,,,0.127,5.248,8.332
[1758203284682137712],,,,0.022,5.083,8.55
[1758203284687310993],,,,-0.022,5.279,8.454
[1758203284692538389],,,,0.067,5.394,8.42
[1758203284697679899],,,,-0.055,5.497,8.413
[1758203284703192556],,,,0.117,5.298,8.109
[1758203284708333962],,,,0.038,5.353,8.377
[1758203284713480264],,,,0.189,5.262,8.389
[1758203284718610733],,,,0.16,5.341,8.353
[1758203284723875785],,,,0.156,5.248,8.31
[1758203284728982712],,,,0.17,5.315,8.296
[1758203284734114326],,,,0.297,5.267,8.42
[1758203284739225993],,,,-0.048,5.128,8.583
[1758203284744447503],,,,0.062,5.183,8.739
[1758203284749561878],,,,0.297,5.231,8.272
[1758203284754713701],,,,0.144,5.38,8.238
[1758203284759860576],,,,-0.091,5.298,8.25
[1758203284765100733],,,,0.084,5.456,8.399
[1758203284770211201],,,,0.129,5.219,8.258
[1758203284775321566],,,,0.019,5.452,8.313
[1758203284780409222],,,,0.283,5.334,8.466
[1758203284785940420],,,,-0.081,5.308,8.471
[1758203284791102139],,,,-0.034,5.2,8.464
[1758203284796313649],,,,0.271,5.246,8.526
[1758203284801423753],,,,0.17,5.183,8.375
[1758203284806603545],,,,-0.148,5.416,8.473
[1758203284813147191],,,,0.132,5.339,8.21
[1758203284818401097],,,,0.053,5.282,8.404
[1758203284823710941],,,,0.077,5.315,8.332
[1758203284828982503],,,,0.239,5.222,8.361
[1758203284834135680],,,,0.026,5.341,8.265
[1758203284839296618],,,,0.323,5.133,7.973
[1758203284844523858],,,,0.204,5.476,8.471
[1758203284849653701],,,,-0.278,5.511,8.322
[1758203284854824899],,,,0.249,5.301,8.138
[1758203284860040420],,,,0.115,5.456,8.207
[1758203284865140212],,,,0.261,5.277,7.985
[1758203284870240108],,,,0.251,5.282,8.277
[1758203284875392139],,,,0.062,5.219,8.657
[1758203284880495576],,,,-0.103,5.313,8.662
[1758203284885669222],,,,0.077,5.274,8.435
[1758203284892476774],,,,-0.117,5.289,8.428
[1758203284899018910],,,,-0.022,5.329,8.241
[1758203284904279066],,,,0.053,5.325,8.387
[1758203284909391358],,,,0.103,5.483,8.193
[1758203284914547399],,,,0.117,5.423,8.092
[1758203284919970628],,,,-0.022,5.32,8.157
[1758203284925076618],,,,-0.002,5.478,8.203
[1758203284930182451],,,,-0.043,5.229,8.363
[1758203284935338076],,,,0.081,5.21,8.282
[1758203284940489535],,,,0.144,5.239,8.444
[1758203284945805785],,,,0.204,5.282,8.272
[1758203284950948649],,,,0.163,5.234,8.286
[1758203284956109795],,,,0.194,5.464,8.557
[1758203284961226722],,,,0.024,5.339,8.389
[1758203284966350003],,,,0.266,5.291,8.212
[1758203284971465576],,,,-0.048,5.274,8.406
[1758203284976656722],,,,0.11,5.236,8.38
[1758203284981831826],,,,0.038,5.361,8.119
[1758203284987048128],,,,0.194,5.274,8.023
[1758203284992305472],,,,0.287,5.239,8.205
[1758203284997476930],,,,0.034,5.497,8.215
[1758203285002667920],,,,0.026,5.483,8.061
[1758203285008242816],,,,0.273,5.504,7.98
[1758203285013404535],,,,0.184,5.315,8.337
[1758203285018576097],,,,0.218,5.246,8.459
[1758203285023764066],,,,0.036,5.488,8.418
[1758203285029203545],,,,0.182,5.277,8.344
[1758203285034361514],,,,0.117,5.303,8.358
[1758203285039531045],,,,0.237,5.274,8.325
[1758203285044770941],,,,0.153,5.306,8.272
[1758203285049971253],,,,0.084,5.306,8.224
[1758203285055097607],,,,0.091,5.382,8.38
[1758203285060244847],,,,0.022,5.318,8.289
[1758203285065422503],,,,0.096,5.509,8.248
[1758203285070738805],,,,0.302,5.262,8.176
[1758203285075931357],,,,0.053,5.329,8.277
[1758203285081035316],,,,0.057,5.358,8.363
[1758203285086194951],,,,0.237,5.262,8.171
[1758203285091347920],,,,0.156,5.394,8.277
[1758203285097728857],,,,0.093,5.471,8.238
[1758203285103027451],,,,0.11,5.435,8.167
[1758203285108165837],,,,0.113,5.365,8.095
[1758203285113640264],,,,-0.098,5.631,7.98
[1758203285118777868],,,,0.136,5.643,7.932
[1758203285123907191],,,,0.081,5.059,7.987
[1758203285129033285],,,,0.244,5.638,8.157
[1758203285135434535],,,,0.204,5.21,8.361
[1758203285140718701],,,,0.034,4.961,8.444
[1758203285147515368],,,,0.385,5.066,8.459
[1758203285153145732],,,,0.445,5.097,8.839
[1758203285158448649],,,,0.108,5.15,8.911
[1758203285163744378],,,,-0.132,5.09,8.43
[1758203285168863232],,,,0.11,5.028,8.588
[1758203285174021410],,,,0.268,5.327,8.485
[1758203285179145472],,,,0.129,5.361,8.394
[1758203285184293701],,,,0.022,5.107,8.588
[1758203285189472660],,,,0.182,5.327,8.274
[1758203285194763597],,,,0.012,5.109,8.183
[1758203285200037399],,,,-0.081,5.212,8.224
[1758203285205210785],,,,0.17,5.308,8.392
[1758203285210370472],,,,0.113,5.164,8.284
[1758203285215555941],,,,0.038,5.164,8.301
[1758203285220984014],,,,0.151,5.212,8.361
[1758203285226160837],,,,-0.136,5.325,8.562
[1758203285231288701],,,,0.029,5.191,8.564
[1758203285236578284],,,,0.165,5.215,8.373
[1758203285242267972],,,,0.103,5.112,8.423
[1758203285247486618],,,,0.05,5.205,8.452
[1758203285252627659],,,,-0.074,5.2,8.181
[1758203285257738701],,,,0.062,5.25,8.181
[1758203285262874222],,,,-0.026,5.119,8.243
[1758203285268028389],,,,0.266,5.363,8.238
[1758203285273258180],,,,0.187,5.186,8.26
[1758203285278396774],,,,0.041,5.174,8.437
[1758203285283679066],,,,-0.072,5.119,8.133
[1758203285290176566],,,,0.11,5.064,8.54
[1758203285295709743],,,,0.247,5.047,8.672
[1758203285300858076],,,,-0.05,4.942,8.698
[1758203285305998493],,,,0.139,4.915,8.878
[1758203285311137503],,,,-0.136,4.99,8.911
[1758203285316321670],,,,0.029,4.879,9.021
[1758203285321427659],,,,0.122,4.855,8.751
[1758203285328711514],,,,0.158,4.879,9.024
[1758203285334194587],,,,0.007,4.997,8.55
[1758203285339412712],,,,0.259,5.052,8.341
[1758203285344654274],,,,0.103,5.04,8.329
[1758203285350122607],,,,-0.005,5.023,8.013
[1758203285355272399],,,,0.065,5.001,8.449
[1758203285360380420],,,,0.235,4.961,8.322
[1758203285365509170],,,,0.022,5.08,8.392
[1758203285370632816],,,,0.148,5.102,8.645
[1758203285375853753],,,,0.057,5.116,8.456
[1758203285381103805],,,,0.029,5.016,8.545
[1758203285386253962],,,,0.067,4.994,8.571
[1758203285391386097],,,,0.132,4.922,8.734
[1758203285396593180],,,,0.141,5.013,8.789
[1758203285401764014],,,,0.053,4.999,8.428
[1758203285406897920],,,,0.237,4.951,8.557
[1758203285412106774],,,,0.144,4.975,8.315
[1758203285417286670],,,,-0.192,5.222,8.636
[1758203285422570368],,,,0.606,4.987,8.478
[1758203285427809222],,,,0.101,5.049,8.363
[1758203285435309170],,,,-0.225,5.102,8.432
[1758203285440783128],,,,0.342,4.966,8.313
[1758203285446030107],,,,0.144,5.071,8.449
[1758203285451232399],,,,0.28,5.164,8.42
[1758203285456692451],,,,0.527,5.377,8.432
[1758203285461886722],,,,0.553,5.42,8.535
[1758203285467034951],,,,0.649,4.623,8.832
[1758203285472212034],,,,0.357,4.664,8.803
[1758203285477341201],,,,-0.388,4.63,8.753
[1758203285482648961],,,,-0.189,5.001,8.492
[1758203285487821253],,,,0.06,4.652,8.851
[1758203285493041722],,,,-0.01,4.879,8.643
[1758203285498165941],,,,0.065,5.025,8.605
[1758203285503322607],,,,0.079,4.896,8.49
[1758203285508432972],,,,0.165,5.073,8.528
[1758203285513549847],,,,-0.124,4.645,8.499
[1758203285518649430],,,,0.103,5.181,8.449
[1758203285523855889],,,,-0.026,4.87,8.547
[1758203285529073336],,,,-0.165,4.975,8.523
[1758203285534254899],,,,0.057,4.982,8.545
[1758203285539758232],,,,0.017,4.954,8.478
[1758203285545054795],,,,0.115,4.925,8.684
[1758203285550217711],,,,-0.022,5.092,8.298
[1758203285555398180],,,,0.192,4.99,8.528
[1758203285560587295],,,,0.113,4.927,8.487
[1758203285566013805],,,,-0.005,5.073,8.442
[1758203285571136774],,,,0.187,5.009,8.564
[1758203285576282711],,,,-0.038,5.155,8.337
[1758203285581495316],,,,0.105,5.009,8.531
[1758203285586843857],,,,0.215,5.167,8.686
[1758203285592101305],,,,0.493,5.289,8.564
[1758203285597267034],,,,0.73,5.219,8.346
[1758203285602420836],,,,0.376,4.932,8.528
[1758203285607542607],,,,-0.211,4.606,8.346
[1758203285612677764],,,,-0.436,4.702,8.712
[1758203285621688493],,,,-0.069,4.764,8.727
[1758203285627311618],,,,0.247,5.069,8.554
[1758203285632478389],,,,0.239,4.911,8.703
[1758203285637665316],,,,0.031,4.743,8.303
[1758203285642905524],,,,-0.309,4.633,8.473
[1758203285648320993],,,,0.132,4.985,8.619
[1758203285653504378],,,,0.23,5.049,8.54
[1758203285658671305],,,,0.01,4.915,8.605
[1758203285663855576],,,,0.132,5.037,8.583
[1758203285669121722],,,,0.11,4.997,8.516
[1758203285674545784],,,,0.187,4.82,8.693
[1758203285679674378],,,,0.215,5.045,8.65
[1758203285685003388],,,,0.101,4.903,8.523
[1758203285690152607],,,,0.05,5.042,8.566
[1758203285695414482],,,,0.074,4.944,8.48
[1758203285700613493],,,,0.06,4.946,8.392
[1758203285705784066],,,,0.127,4.997,8.552
[1758203285710893545],,,,0.165,4.958,8.42
[1758203285716029013],,,,0.108,4.951,8.516
[1758203285721197295],,,,0.278,4.772,8.72
[1758203285726535941],,,,0.127,4.899,8.717
[1758203285731734430],,,,0.029,5.066,8.325
[1758203285736864847],,,,0.113,4.973,8.619
[1758203285742127503],,,,0.266,4.793,8.595
[1758203285747317295],,,,0.067,4.937,8.712
[1758203285752480003],,,,0.194,5.112,8.827
[1758203285757915836],,,,0.081,5.037,8.712
[1758203285763179118],,,,-0.134,5.023,8.588
[1758203285768436722],,,,0.261,4.911,8.703
[1758203285773603857],,,,0.062,4.899,8.583
[1758203285778707711],,,,0.17,4.81,8.468
[1758203285784130316],,,,0.012,5.016,8.499
[1758203285789287868],,,,-0.117,4.932,8.667
[1758203285795822086],,,,0.402,4.939,8.645
[1758203285802571878],,,,0.433,4.805,8.394
[1758203285808272555],,,,1.027,5.203,8.253
[1758203285813922086],,,,-0.326,4.932,8.787
[1758203285820390836],,,,-0.247,5.03,8.83
[1758203285826105784],,,,-0.594,4.695,8.624
[1758203285832648649],,,,0.297,4.693,8.437
[1758203285839299586],,,,0.376,4.817,8.657
[1758203285845085472],,,,-0.192,4.774,8.471
[1758203285851655159],,,,0.383,5.08,8.554
[1758203285857218909],,,,0.285,4.968,8.523
[1758203285862496357],,,,0.069,5.013,8.636
[1758203285868845472],,,,0.225,5.023,8.521
[1758203285874159847],,,,0.081,4.671,8.516
[1758203285879294222],,,,0.103,5.047,8.49
[1758203285884568493],,,,0.158,4.946,8.377
[1758203285888762399],,,,-0.043,5.018,8.466
[1758203285892551097],,,,-0.215,5.14,8.66
[1758203285896218440],,,,-0.232,4.791,8.662
[1758203285899895680],,,,0.354,4.899,8.334
[1758203285903639638],,,,0.876,5.054,8.353
[1758203285907314690],,,,0.663,5.057,8.787
[1758203285911068128],,,,0.402,4.913,8.906
[1758203285914843128],,,,-0.113,4.81,8.923
[1758203285918515368],,,,-0.218,4.946,8.815
[1758203285922198701],,,,0.024,4.846,9.103
[1758203285925859222],,,,0.026,4.896,8.844
[1758203285929520576],,,,-0.01,4.798,8.988
[1758203285933200628],,,,-0.271,5.069,8.961
[1758203285936847868],,,,-0.077,5.04,8.559
[1758203285940596930],,,,0.057,5.037,8.487
[1758203285945177763],,,,0.072,4.999,8.411
[1758203285949034951],,,,0.007,5.052,8.289
[1758203285952739274],,,,0.065,5.138,8.181
[1758203285956408232],,,,-0.146,4.913,8.21
[1758203285960075368],,,,-0.024,5.162,8.226
[1758203285963780368],,,,0.034,5.057,8.226
[1758203285967464065],,,,0.383,5.071,8.284
[1758203285971151774],,,,0.445,5.037,8.722
[1758203285974825524],,,,-0.158,5.088,8.823
[1758203285978507295],,,,-0.175,4.913,8.811
[1758203285982224743],,,,0.292,5.025,8.78
[1758203285985912711],,,,0.381,4.987,8.969
[1758203285989697920],,,,-0.014,4.925,8.792
[1758203285994484013],,,,-0.4,5.047,8.65
[1758203285998299274],,,,-0.397,5.021,8.701
[1758203286001981930],,,,0.103,5.059,8.617
[1758203286005638961],,,,0.115,4.934,8.531
[1758203286009305368],,,,0.304,4.834,8.499
[1758203286012997086],,,,0.292,4.975,8.416
[1758203286016676409],,,,0.249,4.987,8.475
[1758203286020391305],,,,-0.098,4.982,8.43
[1758203286024089118],,,,-0.034,4.987,8.497
[1758203286027763805],,,,0.065,4.997,8.444
[1758203286031451409],,,,0.038,4.906,8.772
[1758203286035107607],,,,0.091,5.049,8.765
[1758203286038869222],,,,-0.084,5.078,8.586
[1758203286042799795],,,,0.146,4.978,8.569
[1758203286046503909],,,,-0.108,5.195,8.614
[1758203286050178336],,,,0.002,4.966,8.614
[1758203286053876461],,,,0.16,5.102,8.684
[1758203286057550368],,,,-0.113,4.906,8.519
[1758203286061240576],,,,-0.01,5.085,8.55
[1758203286064905211],,,,0.096,4.906,8.526
[1758203286068603232],,,,0.079,4.932,8.502
[1758203286072311774],,,,-0.01,5.207,8.665
[1758203286075983388],,,,0.038,4.992,8.543
[1758203286079654638],,,,0.091,4.906,8.653
[1758203286083382868],,,,0.072,5.037,8.648
[1758203286087133128],,,,0.113,5.054,8.633
[1758203286090899795],,,,0.053,5.207,8.837
[1758203286094614013],,,,0.172,5.013,8.557
[1758203286098533492],,,,0.151,5.009,8.624
[1758203286102335992],,,,0.079,5.049,8.552
[1758203286106043909],,,,0.002,4.987,8.509
[1758203286109712086],,,,0.103,5.023,8.657
[1758203286113411982],,,,0.098,5.042,8.655
[1758203286117054326],,,,0.079,5.013,8.72
[1758203286120805420],,,,0.192,5.061,8.583
[1758203286124509065],,,,0.117,5.021,8.562
[1758203286128177295],,,,0.136,4.946,8.696
[1758203286131869742],,,,-0.062,5.164,8.686
[1758203286135557867],,,,0.127,4.999,8.531
[1758203286139236565],,,,0.01,5.16,8.442
[1758203286143579170],,,,0.081,5.037,8.569
[1758203286147389795],,,,0.045,4.963,8.586
[1758203286151075680],,,,0.172,5.136,8.619
[1758203286154737138],,,,0.299,4.937,8.765
[1758203286158424847],,,,0.232,5.021,8.593
[1758203286162185472],,,,0.156,5.037,8.361
[1758203286165855159],,,,0.165,5.15,8.88
[1758203286169545680],,,,0.067,5.006,8.643
[1758203286173218545],,,,-0.024,4.887,8.839
[1758203286176858388],,,,0.239,4.985,8.605
[1758203286180591045],,,,0.043,5.033,8.533
[1758203286184298128],,,,-0.045,5.102,8.566
[1758203286188007607],,,,-0.089,4.915,8.715
[1758203286191997972],,,,0.12,5.001,8.523
[1758203286195745732],,,,0.007,5.109,8.44
[1758203286199425680],,,,0.06,5.143,8.557
[1758203286203399222],,,,0.034,5.109,8.432
[1758203286207134430],,,,0.012,5.001,8.698
[1758203286210870732],,,,0.247,5.035,8.554
[1758203286214538024],,,,0.084,5.121,8.564
[1758203286218226617],,,,0.105,5.054,8.598
[1758203286221933805],,,,0.093,4.985,8.693
[1758203286225622138],,,,0.089,5.054,8.617
[1758203286229313284],,,,0.086,4.918,8.473
[1758203286233070159],,,,0.244,4.913,8.83
[1758203286236865680],,,,0.16,4.913,8.605
[1758203286240597190],,,,0.35,4.951,8.545
[1758203286245158284],,,,0.12,4.956,7.819
[1758203286248968492],,,,-0.204,5.277,8.566
[1758203286252656097],,,,-0.306,5.27,8.404
[1758203286256321982],,,,-0.18,5.241,8.921
[1758203286259997242],,,,-0.038,4.92,8.595
[1758203286263710367],,,,0.292,4.774,8.861
[1758203286267380576],,,,0.031,5.212,8.842
[1758203286271057399],,,,-0.062,4.915,8.593
[1758203286274722086],,,,0.215,5.2,8.399
[1758203286278413076],,,,0.055,5.037,8.48
[1758203286282189378],,,,0.057,5.217,8.313
[1758203286285915055],,,,0.038,4.887,8.851
[1758203286290212242],,,,0.124,4.891,8.511
[1758203286295097867],,,,-0.091,4.99,8.662
[1758203286299146149],,,,-0.041,4.934,8.689
[1758203286303101670],,,,0.012,4.879,8.698
[1758203286307009899],,,,0.089,5.183,8.643
[1758203286311296722],,,,0.261,5.04,8.497
[1758203286315242867],,,,0.096,4.934,8.691
[1758203286319131409],,,,0.019,4.815,8.387
[1758203286323098024],,,,0.247,4.803,8.535
[1758203286326991201],,,,0.244,5.095,8.471
[1758203286330976669],,,,0.139,5.078,8.442
[1758203286335591253],,,,0.108,5.057,8.461
[1758203286339406930],,,,0.055,5.028,8.602
[1758203286343178805],,,,0.069,4.762,8.607
[1758203286346841357],,,,0.089,5.04,8.612
[1758203286350572190],,,,0.208,5.085,8.61
[1758203286354282399],,,,0.132,5.042,8.753
[1758203286357951722],,,,0.292,5.011,8.59
[1758203286361665159],,,,-0.002,5.018,8.667
[1758203286365334899],,,,0.115,5.136,8.636
[1758203286369016097],,,,0.007,5.078,8.521
[1758203286372744847],,,,0.141,4.817,8.531
[1758203286376415263],,,,0.259,4.994,8.444
[1758203286380203024],,,,0.105,4.958,8.523
[1758203286383942555],,,,0.105,4.973,8.59
[1758203286387615315],,,,0.034,4.939,8.732
[1758203286391554482],,,,0.165,5.009,8.66
[1758203286395296149],,,,0.12,4.985,8.863
[1758203286398969013],,,,0.036,4.98,8.801
[1758203286402673544],,,,0.098,4.982,8.641
[1758203286406361461],,,,0.048,4.906,8.432
[1758203286410026565],,,,0.139,4.939,8.677
[1758203286413765263],,,,0.098,4.987,8.485
[1758203286418309586],,,,0.067,5.013,8.557
[1758203286422132138],,,,0.019,4.922,8.722
[1758203286425893284],,,,0.124,5.1,8.571
[1758203286429561305],,,,0.115,5.021,8.55
[1758203286433262711],,,,0.117,4.925,8.689
[1758203286436918180],,,,0.113,5.076,8.653
[1758203286441464378],,,,-0.139,4.954,8.502
[1758203286445325419],,,,0.28,4.889,8.638
[1758203286449034430],,,,0.158,4.951,8.729
[1758203286452728544],,,,0.086,4.992,8.662
[1758203286456389899],,,,0.091,4.769,8.672
[1758203286460057555],,,,0.275,5.145,8.701
[1758203286463741878],,,,-0.014,4.913,8.698
[1758203286467409951],,,,0.136,4.906,8.562
[1758203286471083024],,,,0.136,5.114,8.471
[1758203286474755263],,,,-0.019,5.073,8.614
[1758203286478424742],,,,0.115,4.99,8.475
[1758203286482123961],,,,0.098,4.951,8.622
[1758203286485890732],,,,0.146,5.033,8.464
[1758203286489584951],,,,0.079,5.013,8.617
[1758203286493371774],,,,0.062,4.968,8.538
[1758203286533802294],,,,0.072,4.966,8.569
[1758203286537581617],,,,0.101,5.011,8.442
[1758203286542149534],,,,0.144,5.009,8.629
[1758203286545947138],,,,-0.077,4.982,8.456
[1758203286549624326],,,,0.227,5.009,8.547
[1758203286553297503],,,,0.141,4.978,8.6
[1758203286556959169],,,,0.086,4.966,8.444
[1758203286560675940],,,,0.254,5.049,8.708
[1758203286564350836],,,,0.055,4.978,8.581
[1758203286568012138],,,,0.158,5.025,8.636
[1758203286571691617],,,,0.127,4.939,8.545
[1758203286575388909],,,,0.024,5.013,8.71
[1758203286579057451],,,,0.05,5.03,8.543
[1758203286582781305],,,,0.026,4.927,8.701
[1758203286586511409],,,,0.019,4.934,8.478
[1758203286590244742],,,,0.113,5.126,8.586
[1758203286595759169],,,,0.065,4.982,8.588
[1758203286600980107],,,,0.069,5.004,8.394
[1758203286606150211],,,,0.129,5.057,8.478
[1758203286611269326],,,,0.012,4.954,8.566
[1758203286616403232],,,,0.175,5.001,8.717
[1758203286621612451],,,,0.077,4.99,8.516
[1758203286626765367],,,,0.098,5.006,8.499
[1758203286631925315],,,,0.074,5.004,8.468
[1758203286637463857],,,,0.101,5.095,8.461
[1758203286642793909],,,,0.0,4.973,8.523
[1758203286647903909],,,,0.129,4.982,8.478
[1758203286653046149],,,,-0.036,5.004,8.291
[1758203286658206513],,,,0.177,5.006,8.705
[1758203286663458232],,,,0.041,5.049,8.48
[1758203286668593649],,,,0.045,5.037,8.576
[1758203286673740836],,,,0.122,4.863,8.447
[1758203286678846305],,,,-0.019,5.191,8.607
[1758203286684072399],,,,-0.139,5.021,8.43
[1758203286689285003],,,,-0.041,4.956,8.631
[1758203286694559846],,,,0.113,4.913,8.435
[1758203286699730940],,,,-0.043,4.918,8.435
[1758203286704877971],,,,0.002,4.925,8.602
[1758203286709980211],,,,0.141,4.937,8.657
[1758203286715093232],,,,0.124,5.119,8.576
[1758203286720237294],,,,0.225,4.973,8.461
[1758203286725465576],,,,0.136,4.963,8.571
[1758203286730568909],,,,0.067,5.011,8.406
[1758203286735650367],,,,0.086,4.944,8.543
[1758203286740891930],,,,-0.05,4.987,8.396
[1758203286746553128],,,,0.124,5.03,8.449
[1758203286751776148],,,,0.05,4.93,8.502
[1758203286756901305],,,,0.026,4.949,8.602
[1758203286762127138],,,,0.16,5.021,8.605
[1758203286767284169],,,,0.098,4.994,8.516
[1758203286772518388],,,,0.225,4.911,8.528
[1758203286777671773],,,,0.05,4.961,8.65
[1758203286782794273],,,,0.115,5.064,8.516
[1758203286788032711],,,,0.192,4.913,8.607
[1758203286793585055],,,,-0.029,4.903,8.449
[1758203286798747555],,,,0.091,4.925,8.301
[1758203286803907451],,,,0.108,4.918,8.428
[1758203286809031409],,,,-0.141,4.99,8.509
[1758203286814193909],,,,0.108,4.966,8.492
[1758203286819331669],,,,0.041,5.025,8.538
[1758203286824465263],,,,-0.045,4.968,8.464
[1758203286829596357],,,,0.093,4.899,8.322
[1758203286834759586],,,,0.11,5.013,8.566
[1758203286839987346],,,,0.141,5.186,8.322
[1758203286845418128],,,,0.156,4.932,8.377
[1758203286851674951],,,,0.141,5.028,8.413
[1758203286858217867],,,,0.069,4.934,8.353
[1758203286863559898],,,,0.079,4.975,8.519
[1758203286870076409],,,,0.086,5.033,8.435
[1758203286875731096],,,,-0.014,4.966,8.636
[1758203286882221461],,,,0.103,4.992,8.547
[1758203286887862919],,,,0.089,4.927,8.526
[1758203286895431617],,,,0.036,4.987,8.365
[1758203286901158284],,,,0.089,4.915,8.447
[1758203286906816773],,,,0.086,4.908,8.528
[1758203286913399326],,,,-0.079,4.939,8.526
[1758203286920014794],,,,0.065,4.925,8.454
[1758203286925692503],,,,0.156,4.992,8.523
[1758203286932122919],,,,0.113,5.045,8.497
[1758203286937451201],,,,0.05,4.915,8.645
[1758203286942655003],,,,0.108,4.867,8.442
[1758203286947770680],,,,0.148,4.889,8.435
[1758203286952949117],,,,0.103,4.922,8.435
[1758203286958063284],,,,0.144,5.2,8.49
[1758203286964477190],,,,0.089,5.006,8.44
[1758203286969770419],,,,-0.005,4.934,8.617
[1758203286974914586],,,,0.062,4.913,8.521
[1758203286980003440],,,,-0.012,5.045,8.454
[1758203286985111669],,,,0.089,5.042,8.605
[1758203286990213909],,,,0.158,4.922,8.396
[1758203286995455315],,,,0.086,4.956,8.396
[1758203287000573753],,,,0.12,5.04,8.516
[1758203287005737034],,,,0.275,5.088,8.509
[1758203287010954117],,,,0.091,4.992,8.442
[1758203287016135888],,,,0.017,5.191,8.49
[1758203287021249221],,,,0.302,4.908,8.662
[1758203287026424690],,,,0.069,5.006,8.543
[1758203287031555055],,,,0.129,5.03,8.547
[1758203287036655628],,,,0.067,5.061,8.495
[1758203287041979065],,,,0.206,4.946,8.636
[1758203287047457867],,,,0.266,5.037,8.564
[1758203287052604690],,,,0.031,4.831,8.444
[1758203287057706669],,,,0.029,4.937,8.641
[1758203287062837919],,,,0.079,4.958,8.42
[1758203287068997867],,,,-0.012,4.942,8.631
[1758203287075544065],,,,0.036,4.978,8.531
[1758203287080850055],,,,0.002,4.997,8.44
[1758203287085947867],,,,0.091,4.911,8.562
[1758203287091102346],,,,0.091,5.037,8.509
[1758203287096339117],,,,0.007,4.963,8.552
[1758203287101441721],,,,0.014,5.006,8.466
[1758203287106542398],,,,0.055,5.045,8.531
[1758203287111715159],,,,0.038,5.016,8.531
[1758203287116870784],,,,0.23,5.037,8.674
[1758203287122105992],,,,0.105,5.1,8.528
[1758203287127189273],,,,0.024,5.052,8.554
[1758203287132343075],,,,0.014,4.937,8.696
[1758203287137463180],,,,0.026,4.908,8.473
[1758203287142687711],,,,0.065,4.906,8.382
[1758203287147796253],,,,0.031,5.064,8.715
[1758203287152923284],,,,0.014,5.057,8.329
[1758203287158068440],,,,0.105,4.872,8.535
[1758203287163671305],,,,0.041,5.001,8.564
[1758203287170036096],,,,-0.096,4.973,8.495
[1758203287175651044],,,,0.048,4.982,8.523
[1758203287181947398],,,,0.031,4.98,8.485
[1758203287187663648],,,,0.024,5.205,8.428
[1758203287192934846],,,,0.086,5.14,8.44
[1758203287198045627],,,,-0.043,4.944,8.55
[1758203287203209117],,,,0.01,5.078,8.566
[1758203287208330107],,,,-0.034,4.894,8.339
[1758203287213487086],,,,0.158,4.997,8.578
[1758203287218619325],,,,-0.122,5.15,8.499
[1758203287223873492],,,,0.036,4.966,8.485
[1758203287229150002],,,,0.012,4.942,8.559
[1758203287234314794],,,,0.115,4.992,8.48
[1758203287239407034],,,,0.12,4.944,8.638
[1758203287244527607],,,,0.117,5.021,8.574
[1758203287249633909],,,,0.105,4.999,8.492
[1758203287256038544],,,,0.029,5.006,8.636
[1758203287261287502],,,,-0.113,5.021,8.566
[1758203287266448909],,,,0.079,5.037,8.535
[1758203287271619898],,,,0.019,4.752,8.499
[1758203287276772138],,,,0.148,5.169,8.31
[1758203287281945211],,,,0.06,5.016,8.432
[1758203287287097242],,,,-0.151,5.018,8.413
[1758203287292645367],,,,0.024,4.925,8.583
[1758203287297825419],,,,0.048,5.102,8.473
[1758203287303171669],,,,0.081,4.97,8.411
[1758203287308309482],,,,0.108,5.013,8.566
[1758203287313458023],,,,0.168,4.961,8.559
[1758203287318563648],,,,0.041,4.99,8.471
[1758203287323676617],,,,0.168,4.803,8.526
[1758203287328784273],,,,0.101,4.975,8.679
[1758203287333953127],,,,-0.144,4.92,8.339
[1758203287339064221],,,,-0.05,4.92,8.598
[1758203287344194898],,,,0.045,5.157,8.708
[1758203287349408648],,,,0.194,4.975,8.557
[1758203287354623336],,,,0.057,5.047,8.531
[1758203287359748492],,,,0.108,4.911,8.638
[1758203287364899221],,,,0.285,5.004,8.461
[1758203287370009950],,,,0.091,4.93,8.543
[1758203287375145732],,,,0.151,4.944,8.478
[1758203287380258909],,,,0.062,4.911,8.48
[1758203287385413752],,,,0.134,5.066,8.377
[1758203287390501461],,,,0.05,5.018,8.689
[1758203287396825263],,,,0.05,4.922,8.423
[1758203287403570471],,,,0.067,4.934,8.638
[1758203287409961200],,,,-0.041,4.954,8.361
[1758203287416351773],,,,0.254,5.013,8.717
[1758203287421727242],,,,0.053,4.992,8.54
[1758203287426866669],,,,0.012,5.013,8.851
[1758203287432024794],,,,0.086,5.001,8.447
[1758203287437143232],,,,0.213,5.013,8.423
[1758203287442277034],,,,0.127,4.997,8.452
[1758203287447447242],,,,0.019,5.176,8.499
[1758203287452702086],,,,0.074,5.057,8.543
[1758203287460642450],,,,0.062,5.004,8.722
[1758203287466178752],,,,0.069,5.037,8.452
[1758203287471356252],,,,-0.043,4.906,8.574
[1758203287476513492],,,,0.019,5.035,8.485
[1758203287481659898],,,,-0.11,4.927,8.545
[1758203287486771565],,,,0.048,4.958,8.511
[1758203287491936617],,,,0.136,5.052,8.497
[1758203287497079221],,,,0.081,4.961,8.516
[1758203287502911304],,,,0.034,5.004,8.562
[1758203287509919690],,,,0.074,4.925,8.437
[1758203287515321825],,,,0.065,4.925,8.449
[1758203287520452294],,,,0.038,4.99,8.473
[1758203287525609169],,,,0.144,4.958,8.557
[1758203287530700211],,,,0.239,5.09,8.521
[1758203287539952294],,,,0.026,4.946,8.533
[1758203287545416513],,,,-0.093,4.99,8.473
[1758203287550814429],,,,0.0,5.057,8.633
[1758203287557481929],,,,0.034,5.033,8.535
[1758203287564049534],,,,0.06,5.018,8.485
[1758203287569767867],,,,0.194,5.016,8.487
[1758203287575422294],,,,0.16,4.968,8.521
[1758203287581296304],,,,0.06,5.037,8.454
[1758203287587154742],,,,0.072,5.006,8.428
[1758203287593178700],,,,0.141,4.937,8.636
[1758203287597439013],,,,0.007,5.033,8.614
[1758203287602101200],,,,0.136,4.97,8.59
[1758203287605904429],,,,0.146,4.896,8.732
[1758203287609830523],,,,0.156,5.049,8.648
[1758203287613578179],,,,0.022,4.958,8.605
[1758203287617272346],,,,0.031,4.98,8.696
[1758203287621013596],,,,0.019,5.016,8.533
[1758203287624673648],,,,0.208,5.095,8.533
[1758203287628325888],,,,0.141,5.126,8.669
[1758203287632002034],,,,0.081,4.951,8.504
[1758203287635671981],,,,-0.024,5.004,8.444
[1758203287639331252],,,,-0.038,5.064,8.428
[1758203287643026617],,,,0.108,5.025,8.698
[1758203287646776200],,,,0.045,5.169,8.681
[1758203287650677763],,,,0.007,5.021,8.502
[1758203287655234325],,,,0.122,5.013,8.569
[1758203287658958700],,,,0.005,4.997,8.71
[1758203287662775315],,,,0.067,4.994,8.437
[1758203287666440836],,,,0.105,5.066,8.535
[1758203287670102242],,,,0.184,5.078,8.583
[1758203287673779221],,,,0.024,5.186,8.59
[1758203287677443023],,,,0.034,5.004,8.562
[1758203287681146669],,,,0.029,4.946,8.452
[1758203287684812086],,,,-0.072,4.903,8.607
[1758203287688467138],,,,-0.136,4.927,8.638
[1758203287692129481],,,,0.141,5.006,8.626
[1758203287695774429],,,,0.038,4.911,8.619
[1758203287699580523],,,,0.103,5.16,8.645
[1758203287703932346],,,,-0.122,5.006,8.473
[1758203287707650263],,,,0.026,4.927,8.595
[1758203287711332450],,,,0.084,5.095,8.521
[1758203287715891877],,,,0.077,5.097,8.655
[1758203287719724377],,,,0.072,5.188,8.538
[1758203287723550054],,,,0.122,5.042,8.578
[1758203287727282919],,,,-0.014,5.061,8.571
[1758203287730972450],,,,0.175,5.112,8.595
[1758203287734652450],,,,0.132,4.937,8.653
[1758203287738318648],,,,0.096,4.999,8.557
[1758203287742006096],,,,0.024,5.198,8.674
[1758203287745658804],,,,0.026,4.946,8.681
[1758203287749346565],,,,0.153,4.987,8.526
[1758203287753107711],,,,0.089,5.179,8.653
[1758203287756787815],,,,0.096,5.066,8.674
[1758203287760511096],,,,0.101,4.994,8.588
[1758203287764299481],,,,0.079,5.025,8.569
[1758203287767993752],,,,-0.077,5.03,8.564
[1758203287771673231],,,,0.139,4.975,8.679
[1758203287775346669],,,,-0.01,4.961,8.614
[1758203287779034481],,,,0.06,5.037,8.803
[1758203287782739481],,,,0.038,4.97,8.705
[1758203287786409377],,,,0.081,5.061,8.533
[1758203287790078752],,,,0.148,4.999,8.665
[1758203287793739950],,,,0.062,4.937,8.547
[1758203287797460784],,,,0.038,5.107,8.681
[1758203287801258440],,,,0.139,5.013,8.483
[1758203287804942763],,,,0.079,5.143,8.502
[1758203287808628231],,,,0.163,5.045,8.681
[1758203287812314013],,,,0.079,5.047,8.473
[1758203287815984429],,,,0.014,5.083,8.454
[1758203287819661409],,,,0.132,5.033,8.475
[1758203287823605054],,,,0.108,5.045,8.552
[1758203287827404117],,,,0.089,4.982,8.619
[1758203287831094742],,,,0.108,4.937,8.59
[1758203287834761877],,,,0.062,4.978,8.54
[1758203287838426044],,,,0.086,5.037,8.605
[1758203287842104742],,,,0.105,4.954,8.672
[1758203287845756304],,,,0.263,4.887,8.617
[1758203287849429638],,,,0.045,4.939,8.54
[1758203287853998440],,,,0.062,4.934,8.464
[1758203287857785419],,,,0.074,5.028,8.595
[1758203287861484742],,,,0.057,4.946,8.777
[1758203287865145783],,,,0.134,5.013,8.696
[1758203287868816773],,,,0.122,5.057,8.636
[1758203287872526773],,,,0.084,5.035,8.712
[1758203287876189898],,,,0.225,5.179,8.732
[1758203287879857033],,,,0.12,5.018,8.686
[1758203287883553023],,,,0.124,5.037,8.622
[1758203287887224533],,,,0.146,4.942,8.882
[1758203287890972190],,,,0.144,4.97,8.576
[1758203287894618596],,,,0.22,4.911,8.598
[1758203287898344742],,,,0.012,5.025,8.641
[1758203287902160940],,,,0.146,5.179,8.282
[1758203287905836044],,,,-0.057,5.121,8.566
[1758203287909512711],,,,0.057,5.104,8.602
[1758203287913256304],,,,0.086,5.028,8.452
[1758203287916923908],,,,0.0,5.1,8.746
[1758203287920632815],,,,0.065,5.064,8.751
[1758203287924310575],,,,0.074,4.994,8.531
[1758203287928512294],,,,0.113,4.942,8.483
[1758203287932398908],,,,0.12,5.04,8.535
[1758203287936129950],,,,-0.069,4.906,8.612
[1758203287939803544],,,,0.06,5.059,8.519
[1758203287943475679],,,,0.12,5.04,8.535
[1758203287947124013],,,,0.069,5.179,8.521
[1758203287951017502],,,,0.141,5.03,8.629
[1758203287954700367],,,,0.043,4.985,8.588
[1758203287958369169],,,,0.055,4.779,8.753
[1758203287962039638],,,,0.096,4.966,8.631
[1758203287965689794],,,,0.014,5.037,8.416
[1758203287969441721],,,,0.091,5.011,8.65
[1758203287973249690],,,,0.065,5.203,8.528
[1758203287976958440],,,,0.031,4.987,8.624
[1758203287980651565],,,,0.038,5.004,8.679
[1758203287984300888],,,,0.192,5.028,8.708
[1758203287987952763],,,,0.132,4.975,8.586
[1758203287991659794],,,,0.036,4.968,8.665
[1758203287995332450],,,,0.302,5.179,8.823
[1758203287999151044],,,,0.091,4.98,8.588
[1758203288003087242],,,,0.017,5.126,8.566
[1758203288006761825],,,,0.031,5.045,8.574
[1758203288010457919],,,,0.122,5.092,8.684
[1758203288014111773],,,,0.192,5.03,8.686
[1758203288018902138],,,,0.019,5.025,8.607
[1758203288023806513],,,,0.019,5.047,8.564
[1758203288027788804],,,,0.189,5.04,8.428
[1758203288031761200],,,,-0.002,5.025,8.691
[1758203288036698908],,,,0.043,5.1,8.475
[1758203288040770315],,,,0.084,5.004,8.497
[1758203288045551148],,,,0.096,5.152,8.375
[1758203288049524898],,,,0.273,5.119,8.44
[1758203288054333075],,,,0.247,4.903,8.44
[1758203288058323023],,,,0.043,5.066,8.602
[1758203288063039794],,,,0.134,5.045,8.643
[1758203288066854377],,,,-0.014,5.08,8.449
[1758203288071362242],,,,0.048,5.171,8.492
[1758203288075197138],,,,0.048,4.99,8.538
[1758203288078872398],,,,0.189,4.992,8.569
[1758203288082558440],,,,-0.019,5.179,8.423
[1758203288086229690],,,,0.115,4.975,8.545
[1758203288089920783],,,,0.184,4.937,8.495
[1758203288093651356],,,,0.05,5.004,8.499
[1758203288097328492],,,,0.11,4.982,8.521
[1758203288101013075],,,,0.091,5.028,8.509
[1758203288104658388],,,,-0.036,5.152,8.653
[1758203288108349325],,,,0.022,4.925,8.564
[1758203288112971148],,,,0.074,5.006,8.526
[1758203288116776252],,,,0.182,5.092,8.475
[1758203288120502658],,,,0.067,5.061,8.689
[1758203288124197554],,,,0.146,5.025,8.454
[1758203288127872294],,,,0.139,5.148,8.418
[1758203288131571148],,,,0.108,5.198,8.61
[1758203288135246148],,,,0.17,4.982,8.456
[1758203288138934169],,,,0.06,5.009,8.717
[1758203288142891877],,,,-0.151,5.061,8.662
[1758203288146636669],,,,0.072,5.001,8.633
[1758203288150336148],,,,0.043,4.961,8.55
[1758203288154069950],,,,-0.091,5.011,8.478
[1758203288157852815],,,,0.026,5.006,8.696
[1758203288162466096],,,,0.038,4.913,8.452
[1758203288166271721],,,,0.101,5.045,8.519
[1758203288169953908],,,,-0.079,4.985,8.583
[1758203288173642658],,,,0.124,5.009,8.705
[1758203288177320575],,,,0.045,4.985,8.777
[1758203288181026044],,,,0.22,5.006,8.59
[1758203288184694169],,,,0.017,4.975,8.83
[1758203288188373231],,,,0.038,5.083,8.657
[1758203288192064898],,,,-0.034,5.042,8.873
[1758203288195740835],,,,0.065,4.922,8.617
[1758203288199402450],,,,-0.086,5.006,8.952
[1758203288203092346],,,,0.079,4.932,8.83
[1758203288206751929],,,,0.077,4.994,9.062
[1758203288210684065],,,,0.28,4.798,8.969
[1758203288214418075],,,,0.256,4.843,8.655
[1758203288218085210],,,,0.39,4.891,8.277
[1758203288221787190],,,,0.113,5.181,8.928
[1758203288225459169],,,,-0.148,5.095,8.868
[1758203288229136356],,,,-0.532,5.43,8.633
[1758203288232815002],,,,-0.187,5.064,8.511
[1758203288236481356],,,,-0.139,5.303,8.282
[1758203288240159481],,,,0.024,5.332,7.992
[1758203288243880992],,,,0.022,5.449,8.107
[1758203288247830367],,,,0.038,5.454,7.824
[1758203288251626460],,,,-0.022,5.473,7.956
[1758203288255282450],,,,-0.057,5.387,7.915
[1758203288258949013],,,,-0.275,5.298,7.973
[1758203288262980367],,,,-0.232,5.066,8.26
[1758203288266666877],,,,0.045,5.471,8.296
[1758203288270395627],,,,0.122,5.152,8.171
[1758203288274090002],,,,-0.208,5.406,8.277
[1758203288277784585],,,,0.124,5.643,8.794
[1758203288281494377],,,,0.194,5.313,8.437
[1758203288285173752],,,,0.555,5.555,8.294
[1758203288288846721],,,,0.472,5.382,8.49
[1758203288292593387],,,,0.321,5.394,8.715
[1758203288296375106],,,,0.026,5.346,8.624
[1758203288300615262],,,,0.153,5.294,8.442
[1758203288305763856],,,,0.043,5.452,8.274
[1758203288310885887],,,,0.041,5.215,8.258
[1758203288316111408],,,,0.098,5.318,8.183
[1758203288321305679],,,,-0.041,5.291,8.382
[1758203288326442919],,,,0.115,5.239,8.124
[1758203288331597710],,,,0.225,5.279,8.322
[1758203288336866721],,,,0.093,5.411,8.533
[1758203288342161565],,,,0.086,5.2,8.48
[1758203288347342762],,,,0.151,5.401,8.351
[1758203288352840940],,,,0.108,5.267,8.37
[1758203288358102242],,,,0.259,5.231,8.449
[1758203288363328179],,,,0.091,5.2,8.157
[1758203288368445106],,,,0.12,5.353,8.159
[1758203288373630367],,,,0.113,5.298,8.289
[1758203288378786981],,,,0.074,5.248,8.121
[1758203288383923231],,,,0.062,5.279,8.406
[1758203288389069533],,,,-0.012,5.248,8.416
[1758203288401542554],,,,0.072,5.231,8.396
[1758203288406992606],,,,0.148,5.279,8.437
[1758203288412395262],,,,-0.134,5.258,8.566
[1758203288417615315],,,,0.168,5.258,8.42
[1758203288422805523],,,,0.041,5.294,8.171
[1758203288427963960],,,,0.129,5.26,8.396
[1758203288433107606],,,,0.01,5.334,8.461
[1758203288438236252],,,,0.182,5.255,8.365
[1758203288443473908],,,,0.22,5.332,8.279
[1758203288448772710],,,,0.045,5.061,8.145
[1758203288453893023],,,,0.117,5.31,8.155
[1758203288459358179],,,,0.271,5.239,8.176
[1758203288464616512],,,,0.124,5.2,8.464
[1758203288469807606],,,,0.041,5.282,8.399
[1758203288474986981],,,,-0.117,5.107,8.538
[1758203288480111773],,,,0.136,5.346,8.37
[1758203288485420679],,,,0.007,5.318,8.289
[1758203288490602867],,,,0.204,5.255,8.234
[1758203288495760471],,,,0.163,5.382,8.373
[1758203288500850314],,,,0.12,5.289,8.387
[1758203288506035887],,,,-0.014,5.236,8.401
[1758203288511156096],,,,0.017,5.231,8.466
[1758203288516399846],,,,0.067,5.215,8.624
[1758203288521562554],,,,0.079,5.267,8.487
[1758203288526745939],,,,0.057,5.32,8.171
[1758203288532022242],,,,0.031,5.219,8.064
[1758203288537216877],,,,-0.491,4.98,8.377
[1758203288542462189],,,,-0.678,5.162,8.583
[1758203288547582137],,,,-0.215,5.337,8.461
[1758203288552668231],,,,0.572,5.502,8.356
[1758203288557771981],,,,-0.093,5.133,8.566
[1758203288562993804],,,,0.072,5.296,8.138
[1758203288572997919],,,,-0.259,5.191,8.578
[1758203288580133700],,,,-0.148,5.641,8.487
[1758203288586076252],,,,0.271,5.253,8.44
[1758203288591921825],,,,0.014,4.669,8.631
[1758203288597604585],,,,-0.462,5.397,8.317
[1758203288604043179],,,,-0.158,4.908,8.147
[1758203288609685471],,,,0.438,5.341,8.164
[1758203288616228439],,,,0.462,5.291,8.171
[1758203288621940939],,,,0.644,5.186,8.413
[1758203288628507814],,,,-0.038,5.229,8.296
[1758203288634042294],,,,0.335,5.543,7.982
[1758203288639174742],,,,0.34,5.399,8.368
[1758203288644347658],,,,0.409,5.389,8.315
[1758203288649452971],,,,0.579,5.212,8.382
[1758203288654569221],,,,-0.206,5.291,8.322
[1758203288659682502],,,,-0.132,5.215,8.056
[1758203288666049012],,,,-0.115,4.985,8.387
[1758203288672372398],,,,-0.752,5.126,8.722
[1758203288678908439],,,,-1.286,4.772,8.588
[1758203288684244221],,,,-0.886,5.365,8.001
[1758203288689371617],,,,-0.031,4.954,8.423
[1758203288694494585],,,,0.421,5.021,7.834
[1758203288699645679],,,,0.73,5.143,8.224
[1758203288704775887],,,,0.879,5.478,8.08
[1758203288709900523],,,,0.646,5.789,8.021
[1758203288715107606],,,,0.668,5.313,8.207
[1758203288720239064],,,,0.625,5.097,8.528
[1758203288725489741],,,,0.694,5.315,8.849
[1758203288730611616],,,,0.096,5.241,8.715
[1758203288735702919],,,,-0.33,5.181,8.598
[1758203288740811200],,,,0.273,5.054,8.528
[1758203288745963856],,,,0.524,5.303,8.499
[1758203288751089741],,,,0.836,5.521,8.215
[1758203288756200627],,,,-0.05,5.21,8.406
[1758203288761335783],,,,-0.026,5.267,8.329
[1758203288766579221],,,,0.697,5.358,7.989
[1758203288771759377],,,,0.285,5.286,8.018
[1758203288776911721],,,,0.105,5.456,8.121
[1758203288782485939],,,,-0.194,5.217,8.315
[1758203288787764273],,,,0.124,5.157,8.533
[1758203288792890627],,,,0.002,5.167,8.519
[1758203288797977450],,,,0.072,5.282,8.435
[1758203288803144637],,,,0.091,5.234,8.373
[1758203288808271044],,,,0.261,5.294,8.44
[1758203288813448387],,,,0.223,5.272,8.327
[1758203288818553648],,,,0.067,5.131,8.341
[1758203288823732346],,,,-0.093,5.497,8.15
[1758203288828947346],,,,0.067,5.088,7.956
[1758203288834062502],,,,0.239,5.397,8.215
[1758203288839169741],,,,0.055,5.387,8.238
[1758203288844335314],,,,0.062,5.258,8.373
[1758203288849442866],,,,-0.01,5.442,8.131
[1758203288854533648],,,,0.065,5.229,8.416
[1758203288859648179],,,,0.113,5.241,8.418
[1758203288864882710],,,,0.132,5.298,8.657
[1758203288870005991],,,,-0.062,5.277,8.772
[1758203288875152346],,,,-0.297,5.239,8.521
[1758203288880267814],,,,0.213,5.193,8.32
[1758203288885398231],,,,0.213,5.514,7.997
[1758203288890877866],,,,0.081,5.507,7.558
[1758203288896147606],,,,0.084,5.533,7.726
[1758203288901258544],,,,-0.079,5.61,6.993
[1758203288906389325],,,,0.156,5.646,6.977
[1758203288911496564],,,,-0.091,5.152,8.083
[1758203288916748700],,,,-0.002,5.138,8.349
[1758203288921925158],,,,0.266,4.978,9.409
[1758203288927062814],,,,0.055,4.796,9.51
[1758203288932268179],,,,-0.062,4.956,8.997
[1758203288937474481],,,,-0.01,5.033,8.815
[1758203288942594793],,,,0.28,5.104,8.636
[1758203288947685314],,,,-0.242,5.023,8.305
[1758203288952801460],,,,0.086,4.946,8.904
[1758203288958055054],,,,-0.014,5.04,8.526
[1758203288963233023],,,,0.117,5.21,8.169
[1758203288968327398],,,,0.397,5.16,8.294
[1758203288973489116],,,,0.18,5.176,8.246
[1758203288978610418],,,,0.041,5.037,8.849
[1758203288983742033],,,,0.098,4.812,9.029
[1758203288988865158],,,,0.043,4.81,8.99
[1758203288994380366],,,,0.103,5.059,8.602
[1758203288999667137],,,,0.084,5.274,8.198
[1758203289004807033],,,,0.256,5.262,7.786
[1758203289009943023],,,,0.328,5.578,7.204
[1758203289015158283],,,,0.156,5.425,7.149
[1758203289020260210],,,,0.045,5.011,7.537
[1758203289025382241],,,,-0.22,5.006,8.614
[1758203289030502137],,,,-0.038,5.291,8.734
[1758203289035686043],,,,0.524,4.827,7.987
[1758203289040963335],,,,-0.575,5.2,8.842
[1758203289046076981],,,,0.117,4.879,9.562
[1758203289051155731],,,,0.287,4.776,8.945
[1758203289056319481],,,,0.292,4.851,9.206
[1758203289061426200],,,,-0.103,5.025,8.938
[1758203289066602137],,,,0.002,5.057,8.528
[1758203289071786096],,,,0.072,4.939,8.619
[1758203289076990158],,,,0.053,5.047,9.017
[1758203289082211200],,,,-0.05,5.021,9.601
[1758203289087335210],,,,-0.11,4.867,8.337
[1758203289092447450],,,,0.345,5.023,7.705
[1758203289097630731],,,,-0.113,5.394,7.159
[1758203289104332137],,,,0.074,5.413,7.762
[1758203289110769898],,,,0.204,5.27,7.954
[1758203289117196877],,,,0.115,5.148,8.531
[1758203289123653075],,,,-0.034,4.956,9.029
[1758203289130027918],,,,-0.378,4.834,9.34
[1758203289135294898],,,,-0.187,5.052,9.026
[1758203289140413387],,,,0.555,5.167,8.442
[1758203289145552033],,,,-0.081,5.186,8.265
[1758203289150637450],,,,0.132,5.296,8.009
[1758203289155730835],,,,-0.127,5.26,7.925
[1758203289160838960],,,,0.012,5.239,7.92
[1758203289166068335],,,,0.077,5.356,8.1
[1758203289171190054],,,,0.311,5.078,8.286
[1758203289176421512],,,,0.29,4.966,8.657
[1758203289181585679],,,,-0.086,4.939,8.835
[1758203289186714950],,,,0.29,4.899,8.744
[1758203289191875002],,,,-0.043,5.119,8.684
[1758203289197011616],,,,0.168,5.09,8.44
[1758203289202159793],,,,0.388,5.076,7.688
[1758203289207621356],,,,0.445,5.253,7.561
[1758203289212928908],,,,0.347,5.239,7.86
[1758203289218052241],,,,0.096,4.882,8.528
[1758203289224610835],,,,0.273,5.097,8.938
[1758203289230263543],,,,-0.182,4.611,9.299
[1758203289236827606],,,,0.488,4.745,9.048
[1758203289242588595],,,,0.275,4.463,9.541
[1758203289249091929],,,,0.091,4.673,9.273
[1758203289254703023],,,,0.333,4.7,9.316
[1758203289260084273],,,,-0.002,4.793,8.887
[1758203289266669637],,,,-0.089,4.518,8.576
[1758203289273393908],,,,0.026,4.829,8.365
[1758203289280041200],,,,-0.132,4.901,8.392
[1758203289285598700],,,,-0.06,4.784,8.262
[1758203289290724689],,,,-0.041,4.769,8.382
[1758203289295864273],,,,0.036,4.961,8.349
[1758203289301065210],,,,-0.069,4.891,8.612
[1758203289304858752],,,,-0.127,4.606,8.806
[1758203289308597450],,,,-0.026,4.836,8.911
[1758203289313167502],,,,0.069,4.839,8.885
[1758203289317035991],,,,0.139,4.834,8.693
[1758203289320794950],,,,0.443,4.81,8.657
[1758203289324474168],,,,0.306,4.896,8.667
[1758203289328159273],,,,0.39,4.889,8.672
[1758203289331875158],,,,0.259,5.035,8.662
[1758203289335610523],,,,-0.263,4.911,8.844
[1758203289339286668],,,,-0.024,4.788,8.796
[1758203289342985054],,,,0.117,4.815,8.827
[1758203289346641252],,,,0.022,4.884,8.772
[1758203289350346668],,,,0.213,4.762,8.499
[1758203289354066720],,,,0.242,4.702,8.691
[1758203289357781200],,,,0.072,4.776,8.626
[1758203289361824064],,,,0.196,4.882,8.712
[1758203289365494012],,,,0.091,4.788,8.569
[1758203289369156356],,,,-0.144,4.908,8.801
[1758203289372885158],,,,-0.242,5.042,8.823
[1758203289376557189],,,,-0.244,4.891,8.724
[1758203289380223960],,,,0.062,4.946,8.655
[1758203289383937554],,,,0.17,4.963,8.698
[1758203289387599325],,,,0.017,4.877,8.583
[1758203289391289064],,,,0.077,4.961,8.566
[1758203289394964481],,,,-0.122,4.937,8.751
[1758203289398679429],,,,0.177,5.04,8.588
[1758203289402402293],,,,0.086,4.855,8.633
[1758203289406167450],,,,0.16,4.908,8.839
[1758203289409853491],,,,0.122,4.836,8.672
[1758203289413802710],,,,0.141,5.037,8.727
[1758203289417516095],,,,0.014,4.925,8.588
[1758203289421209377],,,,0.141,4.796,8.679
[1758203289424959168],,,,0.072,4.836,8.717
[1758203289428663231],,,,0.306,4.877,8.803
[1758203289432363127],,,,0.199,4.846,8.681
[1758203289436036200],,,,0.323,4.925,8.636
[1758203289439708283],,,,0.383,4.932,8.72
[1758203289443407345],,,,-0.012,4.82,8.413
[1758203289447082762],,,,-0.283,5.09,8.674
[1758203289450898543],,,,0.103,5.033,8.815
[1758203289454586095],,,,0.019,4.796,9.024
[1758203289458372814],,,,-0.031,4.858,8.863
[1758203289463210991],,,,-0.101,4.872,8.825
[1758203289467012397],,,,0.026,4.752,9.134
[1758203289470768439],,,,0.283,4.863,8.897
[1758203289474448752],,,,0.654,4.896,8.674
[1758203289478149012],,,,0.563,4.793,8.684
[1758203289481862918],,,,0.347,4.827,8.538
[1758203289485532918],,,,-0.232,5.09,8.552
[1758203289489204220],,,,-0.249,4.863,8.442
[1758203289492914064],,,,-0.146,5.133,8.588
[1758203289496595575],,,,-0.448,4.963,8.619
[1758203289500270470],,,,-0.433,4.956,8.722
[1758203289503993075],,,,-0.177,4.994,8.547
[1758203289507768804],,,,0.05,5.013,8.459
[1758203289511551877],,,,0.108,4.956,8.258
[1758203289515239741],,,,0.136,4.994,8.538
[1758203289518916668],,,,-0.132,4.932,8.456
[1758203289522617710],,,,-0.01,4.994,8.375
[1758203289526285366],,,,0.096,5.162,8.495
[1758203289529946460],,,,0.105,4.882,8.77
[1758203289533638856],,,,0.081,4.908,8.825
[1758203289537315054],,,,-0.022,4.951,8.708
[1758203289541038543],,,,0.345,4.853,8.923
[1758203289544716304],,,,0.079,4.975,8.669
[1758203289548387397],,,,0.115,4.901,8.727
[1758203289552052814],,,,0.249,4.839,8.619
[1758203289555702918],,,,0.333,4.954,8.784
[1758203289559384168],,,,0.23,5.016,8.61
[1758203289563494637],,,,0.117,4.982,8.614
[1758203289567210314],,,,0.151,4.985,8.487
[1758203289570998752],,,,0.278,5.229,8.329
[1758203289574703127],,,,0.747,5.061,8.466
[1758203289578381564],,,,0.594,5.193,8.241
[1758203289582077814],,,,0.907,4.97,8.454
[1758203289585746252],,,,1.022,5.09,8.602
[1758203289589439377],,,,0.776,5.047,8.835
[1758203289593137241],,,,0.038,4.779,9.017
[1758203289596846095],,,,-0.017,4.875,8.954
[1758203289600556304],,,,-0.306,4.966,8.995
[1758203289604284793],,,,-1.269,4.408,9.139
[1758203289608092345],,,,-0.697,4.927,8.763
[1758203289611832189],,,,-0.067,4.918,8.425
[1758203289615479585],,,,0.156,5.138,8.459
[1758203289619139272],,,,-0.335,4.609,8.823
[1758203289622906252],,,,-0.725,4.944,8.626
[1758203289626585783],,,,-0.065,4.97,8.533
[1758203289630242189],,,,-0.148,4.841,8.655
[1758203289636825106],,,,0.043,4.973,8.526
[1758203289641023699],,,,0.108,4.944,8.559
[1758203289644745210],,,,-0.072,5.033,8.717
[1758203289648463283],,,,0.23,4.887,8.396
[1758203289652180522],,,,0.271,5.004,8.593
[1758203289655870366],,,,0.189,5.021,8.473
[1758203289659560262],,,,-0.055,4.93,8.576
[1758203289664354377],,,,0.148,4.949,8.598
[1758203289668172814],,,,0.043,4.949,8.509
[1758203289671870158],,,,0.024,4.963,8.796
[1758203289675539949],,,,0.177,5.006,8.712
[1758203289679209429],,,,0.223,5.009,8.504
[1758203289682908179],,,,0.084,5.006,8.748
[1758203289686577449],,,,0.089,4.855,8.636
[1758203289690243908],,,,0.014,5.047,8.418
[1758203289693925731],,,,-0.067,5.001,8.602
[1758203289697597502],,,,-0.019,5.076,8.686
[1758203289701372866],,,,0.0,4.961,8.617
[1758203289705048022],,,,0.034,4.98,8.569
[1758203289708806929],,,,0.184,4.939,8.341
[1758203289712591460],,,,-0.005,4.951,8.562
[1758203289716809897],,,,0.148,5.013,8.262
[1758203289720902293],,,,0.12,5.025,8.54
[1758203289724823543],,,,0.168,4.956,8.21
[1758203289728759897],,,,0.172,5.018,8.504
[1758203289732682241],,,,-0.01,4.994,8.734
[1758203289736574324],,,,-0.115,4.757,8.871
[1758203289741030522],,,,0.084,4.899,9.019
[1758203289744936512],,,,0.105,4.865,8.969
[1758203289748856668],,,,-0.026,4.872,8.99
[1758203289752784116],,,,0.153,5.035,9.036
[1758203289756740887],,,,0.002,4.915,8.59
[1758203289760733908],,,,0.113,5.035,8.509
[1758203289764515210],,,,-0.062,4.982,8.523
[1758203289768470366],,,,-0.002,5.085,8.432
[1758203289772242502],,,,0.053,5.03,8.349
[1758203289775922345],,,,-0.019,5.114,8.554
[1758203289779636929],,,,0.086,4.97,8.437
[1758203289783374845],,,,0.213,4.961,8.662
[1758203289787059793],,,,0.105,5.025,8.736
[1758203289790864272],,,,0.141,4.887,8.629
[1758203289794546252],,,,-0.091,4.779,8.768
[1758203289798240991],,,,-0.096,4.762,8.842
[1758203289802069324],,,,0.067,4.951,8.598
[1758203289805745262],,,,0.062,4.951,8.703
[1758203289809429637],,,,0.05,4.843,8.701
[1758203289813497710],,,,0.043,4.915,8.521
[1758203289817187137],,,,-0.034,4.894,8.566
[1758203289821024741],,,,0.045,4.808,8.593
[1758203289824745314],,,,0.148,4.927,8.636
[1758203289828428856],,,,-0.01,4.999,8.703
[1758203289832159637],,,,0.151,4.891,8.593
[1758203289835819585],,,,0.201,5.037,8.452
[1758203289839569793],,,,0.038,5.035,8.61
[1758203289843393699],,,,-0.091,5.054,8.576
[1758203289847085522],,,,0.069,5.083,8.684
[1758203289850861824],,,,0.089,4.776,8.703
[1758203289854544949],,,,0.108,4.92,8.545
[1758203289858246199],,,,0.323,4.901,8.473
[1758203289862848439],,,,0.12,5.049,8.516
[1758203289866628283],,,,-0.11,5.157,8.495
[1758203289870355210],,,,-0.026,5.059,8.425
[1758203289874307710],,,,-0.019,4.999,8.612
[1758203289878046720],,,,-0.034,5.088,8.744
[1758203289881751981],,,,-0.213,5.085,8.789
[1758203289885408231],,,,0.151,4.956,8.648
[1758203289889077345],,,,0.68,4.762,8.543
[1758203289892778074],,,,0.419,5.265,8.219
[1758203289896440158],,,,0.038,5.162,8.353
[1758203289900103595],,,,-0.103,5.25,8.349
[1758203289903840939],,,,-0.4,5.428,8.595
[1758203289907633595],,,,-0.014,5.035,8.514
[1758203289912273804],,,,0.376,4.925,8.483
[1758203289916083126],,,,-0.886,5.231,9.483
[1758203289919765054],,,,-0.304,4.784,9.246
[1758203289923447033],,,,-0.5,5.025,8.772
[1758203289927127189],,,,0.12,4.927,9.0
[1758203289930855835],,,,0.225,4.918,8.638
[1758203289934528856],,,,0.034,4.812,8.78
[1758203289938203074],,,,-0.496,4.86,9.213
[1758203289941917554],,,,-0.826,4.841,8.361
[1758203289945588647],,,,-0.986,5.114,8.107
[1758203289949246460],,,,0.383,5.217,7.865
[1758203289952957033],,,,0.043,5.318,8.107
[1758203289956735731],,,,0.666,5.356,7.901
[1758203289960465783],,,,0.129,5.14,7.666
[1758203289964371356],,,,0.019,4.939,7.903
[1758203289968099741],,,,0.285,5.162,7.678
[1758203289971791616],,,,0.39,5.112,8.112
[1758203289975484845],,,,0.73,5.171,9.175
[1758203289979422710],,,,-0.043,5.442,9.189
[1758203289983176876],,,,0.431,5.112,9.002
[1758203289986844897],,,,0.232,5.071,8.918
[1758203289990552449],,,,0.917,4.999,8.557
[1758203289994236304],,,,0.852,5.045,8.365
[1758203289997949481],,,,0.62,4.903,9.031
[1758203290001637293],,,,0.745,4.841,9.347
[1758203290005353283],,,,0.63,4.831,9.155
[1758203290010660835],,,,0.668,4.786,8.638
[1758203290017072554],,,,0.73,4.683,8.598
[1758203290022626356],,,,0.742,4.767,8.26
[1758203290027765522],,,,0.503,4.951,8.033
[1758203290032910939],,,,-0.086,5.21,8.162
[1758203290038027085],,,,0.077,5.346,8.533
[1758203290043138543],,,,0.278,5.104,8.595
[1758203290048246460],,,,0.491,4.755,8.648
[1758203290053366043],,,,0.646,4.958,8.128
[1758203290058495262],,,,0.797,4.834,8.083
[1758203290064945106],,,,1.039,4.743,8.013
[1758203290070213126],,,,0.709,4.911,8.188
[1758203290075361616],,,,0.407,4.922,8.6
[1758203290080477970],,,,-0.163,5.021,8.849
[1758203290086705053],,,,-0.498,4.985,9.213
[1758203290093269220],,,,-0.33,4.86,9.301
[1758203290098669741],,,,0.342,4.432,9.194
[1758203290103854637],,,,0.177,4.616,9.199
[1758203290109060835],,,,0.347,4.836,8.765
[1758203290114284637],,,,-0.22,5.136,8.626
[1758203290119371616],,,,0.546,4.64,8.203
[1758203290124502970],,,,0.565,5.413,8.205
[1758203290129628074],,,,0.498,5.198,8.037
[1758203290134848335],,,,-0.005,5.057,7.726
[1758203290140019845],,,,-0.318,5.315,7.843
[1758203290145252918],,,,-0.369,5.157,8.181
[1758203290150392553],,,,0.113,4.913,8.44
[1758203290155571668],,,,0.227,4.855,8.492
[1758203290160710053],,,,0.0,4.867,8.753
[1758203290166207606],,,,0.06,4.879,8.799
[1758203290171350887],,,,0.084,4.803,9.021
[1758203290176476095],,,,0.12,4.798,8.966
[1758203290181649168],,,,0.28,4.968,8.823
[1758203290186790731],,,,0.055,4.884,9.141
[1758203290191965731],,,,-0.235,4.946,8.976
[1758203290198194324],,,,-0.251,5.2,8.93
[1758203290204803699],,,,-0.134,5.15,8.382
[1758203290210139012],,,,-0.096,5.313,7.805
[1758203290215461095],,,,0.345,4.944,7.767
[1758203290220587553],,,,0.831,5.107,7.539
[1758203290225729012],,,,0.467,5.234,7.602
[1758203290230843595],,,,0.448,5.191,8.033
[1758203290235978960],,,,0.314,4.865,8.162
[1758203290241094585],,,,0.057,5.069,8.291
[1758203290246226720],,,,-0.11,4.903,9.325
[1758203290252122710],,,,-0.567,4.829,9.704
[1758203290257812814],,,,0.397,4.171,9.799
[1758203290264389845],,,,0.417,4.29,9.203
[1758203290270051147],,,,0.029,4.42,9.234
[1758203290275739272],,,,0.244,4.683,8.887
[1758203290281477918],,,,0.172,4.966,8.404
[1758203290287716772],,,,-0.51,5.001,7.611
[1758203290293335314],,,,-0.697,4.621,7.556
[1758203290298706668],,,,0.108,4.982,7.685
[1758203290304117918],,,,0.139,4.884,8.052
[1758203290309733439],,,,-0.057,4.855,7.91
[1758203290313602189],,,,-0.211,5.219,8.049
[1758203290317287501],,,,-0.943,4.717,9.237
[1758203290321075470],,,,0.948,4.98,8.969
[1758203290324751460],,,,1.3,5.03,8.514
[1758203290328415678],,,,1.551,4.946,8.909
[1758203290332124949],,,,2.437,4.381,8.961
[1758203290335783699],,,,1.875,4.755,8.586
[1758203290339446251],,,,2.667,4.954,9.084
[1758203290343142658],,,,2.004,4.25,9.292
[1758203290346794428],,,,1.894,3.62,9.503
[1758203290350510001],,,,1.317,4.12,9.311
[1758203290354287085],,,,0.589,4.348,9.397
[1758203290357964585],,,,0.225,4.456,9.503
[1758203290361646980],,,,0.388,4.693,8.93
[1758203290365297918],,,,1.008,4.307,8.631
[1758203290368969272],,,,0.558,4.578,8.825
[1758203290373021043],,,,0.622,4.554,8.641
[1758203290376710158],,,,0.316,4.65,8.691
[1758203290380412553],,,,0.136,4.884,8.641
[1758203290384107918],,,,0.223,4.594,8.976
[1758203290387781199],,,,0.194,4.76,8.667
[1758203290391516251],,,,0.443,4.647,8.61
[1758203290395188387],,,,0.488,4.604,8.727
[1758203290398883439],,,,0.316,4.673,8.691
[1758203290402566512],,,,0.342,4.571,8.569
[1758203290406227866],,,,0.455,4.482,8.617
[1758203290409929480],,,,0.553,4.853,8.76
[1758203290413689116],,,,1.109,5.191,8.835
[1758203290417454324],,,,1.087,4.891,8.887
[1758203290421504533],,,,1.132,4.99,8.502
[1758203290425236564],,,,1.566,4.956,8.993
[1758203290428917918],,,,1.559,4.896,8.99
[1758203290432633230],,,,1.226,4.597,8.854
[1758203290436299064],,,,1.001,4.47,8.715
[1758203290440025730],,,,0.673,4.432,8.806
[1758203290443723335],,,,0.587,4.164,9.225
[1758203290447395314],,,,0.275,4.448,8.921
[1758203290451074637],,,,-0.848,4.817,9.057
[1758203290454740887],,,,-1.231,4.628,9.091
[1758203290458414272],,,,-1.018,4.82,9.131
[1758203290462197605],,,,-1.025,4.949,9.167
[1758203290465950418],,,,-1.348,4.482,8.626
[1758203290469642866],,,,-1.101,4.774,9.342
[1758203290474352345],,,,-1.116,5.047,8.502
[1758203290478178178],,,,-0.534,5.437,8.174
[1758203290481886147],,,,-0.536,4.334,8.423
[1758203290485552710],,,,-0.007,5.006,8.238
[1758203290489237085],,,,0.237,4.915,8.021
[1758203290492931043],,,,0.362,4.973,8.21
[1758203290496591303],,,,0.285,5.133,8.607
[1758203290500253439],,,,0.0,5.219,8.756
[1758203290503937241],,,,-0.089,4.867,9.175
[1758203290507615835],,,,-0.089,4.863,8.983
[1758203290511314897],,,,0.045,5.054,9.021
[1758203290515035262],,,,0.079,4.97,9.146
[1758203290518793022],,,,-0.139,4.932,8.717
[1758203290522810991],,,,0.158,5.011,8.679
[1758203290529053595],,,,-0.024,4.956,8.729
[1758203290532803543],,,,0.268,4.911,8.265
[1758203290536477814],,,,0.29,5.133,8.03
[1758203290540143543],,,,-0.105,5.224,7.966
[1758203290543824741],,,,-0.625,5.459,8.456
[1758203290547529012],,,,-0.16,5.023,8.736
[1758203290551203543],,,,0.299,4.829,8.626
[1758203290554862553],,,,0.077,5.016,8.327
[1758203290558573074],,,,0.098,5.054,8.289
[1758203290562336407],,,,0.11,4.956,8.569
[1758203290566126147],,,,-0.302,4.843,8.363
[1758203290569850157],,,,0.366,4.99,8.471
[1758203290574428230],,,,0.51,4.762,8.291
[1758203290578217293],,,,0.318,4.934,8.073
[1758203290581903699],,,,0.405,4.841,8.337
[1758203290585563230],,,,0.4,4.896,8.44
[1758203290589228022],,,,0.359,4.872,8.777
[1758203290592922241],,,,0.297,4.808,8.732
[1758203290596588126],,,,-0.05,5.028,8.605
[1758203290600257449],,,,-0.036,4.956,8.933
[1758203290603936355],,,,0.175,4.987,9.11
[1758203290607612397],,,,0.326,4.82,9.05
[1758203290611288491],,,,0.05,4.985,8.815
[1758203290614936043],,,,0.113,4.973,8.78
[1758203290618664168],,,,0.251,4.875,8.478
[1758203290622884272],,,,0.014,4.896,8.581
[1758203290626595835],,,,0.204,4.726,8.78
[1758203290630349064],,,,-0.237,5.138,8.985
[1758203290634053595],,,,-0.031,4.848,8.712
[1758203290637741095],,,,0.06,4.865,8.753
[1758203290641449532],,,,0.438,4.642,8.882
[1758203290645163074],,,,-1.257,5.322,9.019
[1758203290648940939],,,,-0.69,5.124,9.491
[1758203290652657814],,,,-0.417,4.377,8.653
[1758203290656331824],,,,-0.757,4.173,8.54
[1758203290660004897],,,,0.146,4.149,8.435
[1758203290663812605],,,,0.096,4.729,8.308
[1758203290667612032],,,,0.043,4.571,8.116
[1758203290671399116],,,,0.958,5.049,8.059
[1758203290675102657],,,,2.284,5.255,8.183
[1758203290678767032],,,,2.274,4.621,8.571
[1758203290682490157],,,,1.638,4.539,8.65
[1758203290686155522],,,,0.51,4.743,8.708
[1758203290689820209],,,,0.357,4.63,8.82
[1758203290693516564],,,,0.084,4.791,8.741
[1758203290697181512],,,,0.01,4.738,9.12
[1758203290700950678],,,,0.438,4.427,8.844
[1758203290704628439],,,,0.472,4.602,9.167
[1758203290708291199],,,,0.35,4.472,9.311
[1758203290711996720],,,,0.247,4.618,9.067
[1758203290715687970],,,,0.11,4.724,9.143
[1758203290719378126],,,,0.266,4.678,8.882
[1758203290723130782],,,,0.256,4.427,8.784
[1758203290727057241],,,,0.285,4.757,8.83
[1758203290730948230],,,,0.579,4.98,8.78
[1758203290735898543],,,,0.994,5.191,8.844
[1758203290739921564],,,,0.067,5.143,8.552
[1758203290743867189],,,,0.663,4.829,8.665
[1758203290747789376],,,,0.136,4.671,8.583
[1758203290751713387],,,,-0.429,4.836,8.732
[1758203290755604376],,,,-0.376,5.054,8.722
[1758203290760494428],,,,-0.491,4.654,8.636
[1758203290765319741],,,,-0.405,4.602,8.698
[1758203290769306772],,,,-0.086,4.946,8.593
[1758203290773453022],,,,-0.194,4.839,8.346
[1758203290777364168],,,,-0.603,4.611,8.566
[1758203290782065887],,,,-0.283,4.628,8.873
[1758203290785870209],,,,-0.172,4.836,9.012
[1758203290789555001],,,,-0.134,4.822,8.916
[1758203290793277032],,,,-0.007,4.626,8.969
[1758203290796946147],,,,0.103,4.769,8.351
[1758203290800679272],,,,0.405,4.762,8.689
[1758203290804372814],,,,0.364,5.069,8.334
[1758203290808051564],,,,0.39,4.954,8.411
[1758203290811741407],,,,0.627,5.15,8.358
[1758203290815404012],,,,0.024,5.054,8.353
[1758203290819105834],,,,0.445,5.066,8.648
[1758203290822910834],,,,0.041,4.784,8.808
[1758203290826672501],,,,0.532,5.069,9.002
[1758203290830673595],,,,0.062,4.827,8.93
[1758203290834481095],,,,0.12,4.717,9.086
[1758203290838164793],,,,-0.127,4.681,9.127
[1758203290841874064],,,,-0.414,4.767,9.299
[1758203290845543282],,,,-0.723,4.985,9.007
[1758203290849219532],,,,-0.476,4.901,9.29
[1758203290852920314],,,,-0.385,4.889,9.005
[1758203290856593334],,,,-0.256,4.867,8.578
[1758203290860252084],,,,-0.086,5.054,8.54
[1758203290863927501],,,,0.01,5.176,8.416
[1758203290867618751],,,,0.014,5.148,8.337
[1758203290871373230],,,,0.28,5.052,8.219
[1758203290875060574],,,,0.086,5.203,8.437
[1758203290878868699],,,,0.007,5.14,8.193
[1758203290882617189],,,,0.084,5.191,8.317
[1758203290886345678],,,,0.235,5.04,8.684
[1758203290890053282],,,,-0.077,5.03,8.619
[1758203290893763595],,,,0.074,5.207,8.748
[1758203290897460834],,,,-0.017,5.013,8.511
[1758203290901151251],,,,-0.022,5.114,8.483
[1758203290904810834],,,,0.084,5.037,8.763
[1758203290908524428],,,,0.127,5.152,8.868
[1758203290912243543],,,,-0.077,5.162,9.134
[1758203290915911043],,,,-1.635,4.578,9.378
[1758203290919575522],,,,-1.867,4.745,8.916
[1758203290923223178],,,,-2.579,5.121,8.641
[1758203290926893855],,,,-2.602,4.93,8.689
[1758203290930827241],,,,-2.851,4.927,7.954
[1758203290934635418],,,,-1.41,5.136,7.822
[1758203290938555157],,,,-1.75,4.506,7.302
[1758203290942304532],,,,0.208,6.048,7.01
[1758203290945975678],,,,1.106,5.816,7.068
[1758203290949644220],,,,2.081,6.278,7.254
[1758203290953330001],,,,2.071,5.696,7.259
[1758203290957036616],,,,0.297,5.583,7.724
[1758203290961592293],,,,0.527,5.49,7.851
[1758203290965401564],,,,0.508,5.923,8.368
[1758203290969086511],,,,1.518,6.359,8.191
[1758203290972769011],,,,1.168,5.689,8.401
[1758203290976443126],,,,1.547,5.351,8.796
[1758203290980106928],,,,2.461,4.733,9.0
[1758203290984697553],,,,1.709,4.422,9.105
[1758203290988509324],,,,1.046,4.542,9.488
[1758203290992207709],,,,0.144,4.566,9.747
[1758203290995874532],,,,-0.249,5.157,9.931
[1758203290999543230],,,,-0.328,4.932,9.625
[1758203291003244324],,,,-0.302,4.877,9.586
[1758203291006913855],,,,-0.067,4.891,8.729
[1758203291010638699],,,,0.302,4.614,9.246
[1758203291015295991],,,,0.196,4.824,8.839
[1758203291020492761],,,,0.256,5.004,9.029
[1758203291025672293],,,,-0.069,5.104,8.313
[1758203291030891459],,,,-0.041,5.097,8.274
[1758203291036099949],,,,-0.323,4.999,7.863
[1758203291041217918],,,,-0.536,5.071,7.91
[1758203291046771407],,,,-0.536,4.958,7.36
[1758203291052143230],,,,-0.804,5.095,7.709
[1758203291057326303],,,,1.195,5.241,7.97
[1758203291062512189],,,,1.707,5.253,8.004
[1758203291067662918],,,,2.251,4.537,8.66
[1758203291072821147],,,,1.518,4.154,9.27
[1758203291077939220],,,,0.558,4.377,9.62
[1758203291083158178],,,,0.0,4.702,9.787
[1758203291088426043],,,,0.196,4.654,9.476
[1758203291093611980],,,,0.388,4.511,9.091
[1758203291098721147],,,,0.792,4.561,9.179
[1758203291103892970],,,,0.199,5.772,8.231
[1758203291109022189],,,,0.891,5.765,7.846
[1758203291114156564],,,,0.673,5.26,8.152
[1758203291119310886],,,,1.178,5.092,8.076
[1758203291124491668],,,,0.826,4.829,8.727
[1758203291129652084],,,,0.551,4.846,8.586
[1758203291134909793],,,,-0.381,5.016,9.105
[1758203291140064324],,,,-0.393,4.472,9.038
[1758203291145207188],,,,-1.264,4.379,9.318
[1758203291151642449],,,,-1.743,4.738,7.975
[1758203291157013907],,,,-1.027,5.164,7.688
[1758203291163544428],,,,-0.429,5.145,8.961
[1758203291168810938],,,,-1.039,4.702,9.246
[1758203291173968751],,,,0.127,5.162,9.208
[1758203291179156824],,,,4.975,6.62,9.799
[1758203291184363491],,,,9.337,8.023,9.634
[1758203291189484532],,,,9.608,6.215,9.299
[1758203291194599897],,,,6.589,5.198,11.234
[1758203291199728699],,,,2.641,4.65,11.332
[1758203291204887449],,,,0.019,3.819,11.071
[1758203291210100418],,,,-2.749,4.575,12.069
[1758203291215251511],,,,-1.602,3.433,11.418
[1758203291220403230],,,,-2.816,3.491,11.717
[1758203291225585730],,,,-0.991,2.006,10.35
[1758203291230720730],,,,-3.079,3.656,11.04
[1758203291236126355],,,,-3.582,2.308,9.357
[1758203291244121095],,,,-4.075,3.311,6.378
[1758203291249264688],,,,-2.734,3.045,6.062
[1758203291254413022],,,,-3.021,2.758,6.919
[1758203291260721616],,,,-6.46,6.067,4.922
[1758203291265905470],,,,-10.278,0.711,5.224
[1758203291271438334],,,,-11.928,2.193,3.294
[1758203291277961095],,,,-8.557,7.726,2.332
[1758203291284644949],,,,-4.307,8.696,-0.757
[1758203291291295938],,,,1.025,14.071,-0.421
[1758203291296979480],,,,4.602,15.031,-2.725
[1758203291303566251],,,,5.914,12.625,-2.602
[1758203291310216355],,,,2.787,11.851,-2.887
[1758203291315478543],,,,2.105,12.517,-2.198
[1758203291320284428],,,,2.993,12.455,-0.412
[1758203291325039324],,,,1.422,12.265,0.474
[1758203291329801772],,,,0.33,10.142,1.726
[1758203291334600730],,,,-2.983,8.978,2.574
[1758203291339125782],,,,-4.393,7.743,3.649
[1758203291343673282],,,,-1.877,7.848,4.238
[1758203291348193699],,,,-3.34,7.877,4.82
[1758203291352894428],,,,-3.718,8.423,5.904
[1758203291357472709],,,,-3.175,7.022,5.713
[1758203291362020313],,,,-2.296,5.808,4.944
[1758203291366509480],,,,-2.454,6.618,4.441
[1758203291371106668],,,,-1.767,6.68,5.272
[1758203291375983907],,,,0.754,7.915,4.585
[1758203291380588803],,,,-2.65,-0.539,2.679
[1758203291385212240],,,,2.239,11.911,8.159
[1758203291389732136],,,,1.245,9.821,8.083
[1758203291394335313],,,,0.673,7.547,6.388
[1758203291398978595],,,,0.168,7.554,6.227
[1758203291403557970],,,,0.421,7.374,6.902
[1758203291408069115],,,,0.199,7.863,6.421
[1758203291412700522],,,,0.417,7.542,6.443
[1758203291417822761],,,,0.934,7.798,6.395
[1758203291422983282],,,,0.994,8.382,6.141
[1758203291428091668],,,,1.463,8.265,6.026
[1758203291433317084],,,,1.93,7.4,5.124
[1758203291438455938],,,,2.468,7.848,4.616
[1758203291443680730],,,,2.507,7.585,5.045
[1758203291448790313],,,,3.5,8.277,5.181
[1758203291453917449],,,,3.524,7.8,4.846
[1758203291459026043],,,,4.484,7.47,2.354
[1758203291464210782],,,,4.415,8.392,5.947
[1758203291469324063],,,,4.386,8.145,3.132
[1758203291474486668],,,,3.079,8.554,5.746
[1758203291479997345],,,,3.519,8.521,7.226
[1758203291485351772],,,,3.402,7.003,6.393
[1758203291490478855],,,,4.731,9.354,4.3
[1758203291495612293],,,,4.776,6.768,4.616
[1758203291500723282],,,,4.099,6.919,6.038
[1758203291505881459],,,,2.71,7.061,9.146
[1758203291511038907],,,,3.084,7.204,6.742
[1758203291516186407],,,,4.034,7.374,2.914
[1758203291521353334],,,,4.341,7.405,6.74
[1758203291526602605],,,,4.307,7.348,5.614
[1758203291531945053],,,,2.478,5.634,5.533
[1758203291537375470],,,,3.675,6.443,6.141
[1758203291542537293],,,,3.361,5.588,6.383
[1758203291547729272],,,,3.836,5.476,4.829
[1758203291552877553],,,,4.14,6.649,4.408
[1758203291557986095],,,,1.111,5.782,5.631
[1758203291563107917],,,,2.631,5.353,6.416
[1758203291568304167],,,,2.804,5.322,8.1
[1758203291573466355],,,,4.336,4.705,8.543
[1758203291578686095],,,,6.584,5.138,6.744
[1758203291584361042],,,,6.565,6.115,6.467
[1758203291589551303],,,,8.353,3.883,6.967
[1758203291594698490],,,,8.978,5.227,4.264
[1758203291599851824],,,,8.748,4.465,3.558
[1758203291604988230],,,,10.659,6.44,0.792
[1758203291610132345],,,,9.787,4.846,4.724
[1758203291615266042],,,,9.27,5.145,1.985
[1758203291620420522],,,,8.964,4.803,2.315
[1758203291625717292],,,,7.815,4.549,3.115
[1758203291630860470],,,,6.627,3.96,3.254
[1758203291636283074],,,,5.339,3.563,3.888
[1758203291641436407],,,,4.233,9.014,8.191
[1758203291646562345],,,,6.167,4.688,9.141
[1758203291651768751],,,,4.571,4.283,7.439
[1758203291656946459],,,,5.909,3.828,9.972
[1758203291662136407],,,,7.111,3.158,7.915
[1758203291667349688],,,,7.966,2.801,5.169
[1758203291672541720],,,,8.497,3.115,5.868
[1758203291677766147],,,,6.74,3.373,6.213
[1758203291683255001],,,,6.419,3.725,6.46
[1758203291689514063],,,,5.851,3.021,6.325
[1758203291695926876],,,,6.029,2.591,6.251
[1758203291701295053],,,,6.201,2.473,6.026
[1758203291706450209],,,,6.531,9.146,6.835
[1758203291711602084],,,,7.377,3.069,5.576
[1758203291716758230],,,,8.028,3.168,5.224
[1758203291721940730],,,,8.72,3.417,4.932
[1758203291727061355],,,,9.014,3.737,4.99
[1758203291732396199],,,,9.993,4.08,4.678
[1758203291737542345],,,,10.599,4.247,4.357
[1758203291742657865],,,,10.487,4.235,4.465
[1758203291747760782],,,,10.094,4.18,4.877
[1758203291752874011],,,,9.112,4.032,5.116
[1758203291757981303],,,,8.052,3.95,5.502
[1758203291763095470],,,,7.096,3.591,5.832
[1758203291768257240],,,,5.871,3.488,6.232
[1758203291773435209],,,,4.97,3.302,6.783
[1758203291778615938],,,,0.998,2.89,6.732
[1758203291784145678],,,,-0.421,3.191,6.833
[1758203291789433647],,,,0.323,3.139,6.756
[1758203291794598386],,,,1.061,3.536,6.244
[1758203291800938074],,,,2.648,3.802,5.274
[1758203291807462397],,,,2.677,3.857,3.893
[1758203291812790522],,,,3.199,4.709,3.141
[1758203291817957501],,,,6.622,4.913,19.613
[1758203291823159532],,,,2.969,4.489,-0.433
[1758203291828282605],,,,4.384,4.537,13.764
[1758203291833498751],,,,7.724,5.638,-0.144
[1758203291838645001],,,,9.419,6.134,0.263
[1758203291843810522],,,,10.69,6.481,0.168
[1758203291848948438],,,,11.76,6.249,0.235
[1758203291854161719],,,,11.21,6.088,0.546
[1758203291859253594],,,,9.835,5.567,1.099
[1758203291864425001],,,,8.322,5.27,1.815
[1758203291869543751],,,,6.699,4.76,2.643
[1758203291874697344],,,,5.77,4.65,3.584
[1758203291879833334],,,,3.986,4.13,4.082
[1758203291885300678],,,,3.503,6.472,15.874
[1758203291890452188],,,,3.723,5.765,9.809
[1758203291895576355],,,,8.492,4.59,4.745
[1758203291900686511],,,,6.97,4.092,8.109
[1758203291905847188],,,,5.763,2.775,8.55
[1758203291912090730],,,,7.798,3.033,7.997
[1758203291919327709],,,,6.735,4.156,7.853
[1758203291924805469],,,,5.48,4.3,7.903
[1758203291930176719],,,,4.441,4.305,7.343
[1758203291936731147],,,,6.574,3.742,6.584
[1758203291942974688],,,,2.66,5.229,7.089
[1758203291949531355],,,,10.013,3.259,3.792
[1758203291956153855],,,,8.499,4.628,3.1
[1758203291962844688],,,,7.472,4.36,2.231
[1758203291969457657],,,,8.801,4.642,1.508
[1758203291976087449],,,,9.697,4.673,0.953
[1758203291981695990],,,,10.262,4.846,0.843
[1758203291986885001],,,,10.278,4.889,3.634
[1758203291992124167],,,,9.452,5.128,2.954
[1758203291997310313],,,,9.859,4.48,2.164
[1758203292002460626],,,,9.088,4.563,3.833
[1758203292007563542],,,,7.717,4.786,5.315
[1758203292012708490],,,,6.831,4.367,5.76
[1758203292017373542],,,,6.744,4.276,6.709
[1758203292021217032],,,,5.452,4.381,6.78
[1758203292025139219],,,,5.966,4.733,6.91
[1758203292028866980],,,,5.294,4.223,7.788
[1758203292032583334],,,,4.815,4.195,7.223
[1758203292036246042],,,,6.548,4.693,7.008
[1758203292039914636],,,,6.448,4.724,6.886
[1758203292044409271],,,,6.321,4.767,6.728
[1758203292048221563],,,,6.031,4.903,6.357
[1758203292051901094],,,,6.431,4.815,6.146
[1758203292055567969],,,,6.155,4.525,6.586
[1758203292059238594],,,,5.708,5.16,6.591
[1758203292062935261],,,,6.608,5.054,5.394
[1758203292066594480],,,,6.349,4.966,6.009
[1758203292070261146],,,,7.432,4.741,6.098
[1758203292073961355],,,,7.257,4.515,5.401
[1758203292077623126],,,,6.596,4.254,5.459
[1758203292081317084],,,,7.171,4.492,5.085
[1758203292084990469],,,,6.352,4.75,5.148
[1758203292088758126],,,,6.673,5.392,4.882
[1758203292092529011],,,,6.95,4.69,4.719
[1758203292096201615],,,,5.902,4.482,4.515
[1758203292099913438],,,,6.792,5.219,4.489
[1758203292103612344],,,,8.207,4.731,4.618
[1758203292107288699],,,,7.532,4.879,4.35
[1758203292110953855],,,,8.095,4.628,4.429
[1758203292114607813],,,,7.712,4.745,4.724
[1758203292118275886],,,,5.528,4.676,5.059
[1758203292121988699],,,,5.808,4.769,5.318
[1758203292125668386],,,,6.716,4.911,4.638
[1758203292129358646],,,,7.475,4.999,4.144
[1758203292133302032],,,,7.491,5.382,4.664
[1758203292137083855],,,,7.954,4.982,4.152
[1758203292141665730],,,,7.324,4.846,4.379
[1758203292145448074],,,,8.078,4.8,4.116
[1758203292149111355],,,,7.573,5.03,4.846
[1758203292152767501],,,,7.187,4.652,4.757
[1758203292156411876],,,,7.238,5.145,5.128
[1758203292160074584],,,,7.197,4.518,4.932
[1758203292163767761],,,,6.345,4.913,4.963
[1758203292167434271],,,,7.13,4.779,5.315
[1758203292171117449],,,,7.843,4.29,5.059
[1758203292174764376],,,,7.116,4.58,5.751
[1758203292178427657],,,,6.5,4.97,6.1
[1758203292182122449],,,,6.586,4.875,5.938
[1758203292185781928],,,,6.692,4.841,6.112
[1758203292189473490],,,,6.955,4.566,6.732
[1758203292193300001],,,,6.505,4.949,6.191
[1758203292196975001],,,,6.926,4.741,5.988
[1758203292200695261],,,,7.365,4.389,5.66
[1758203292204374063],,,,6.498,5.016,5.595
[1758203292208044376],,,,6.452,4.59,5.236
[1758203292211715573],,,,7.293,4.463,5.03
[1758203292215373438],,,,7.269,4.602,4.817
[1758203292219037292],,,,6.835,5.234,5.073
[1758203292222753751],,,,6.385,4.796,4.973
[1758203292226420938],,,,6.922,4.927,4.827
[1758203292230083751],,,,6.438,5.459,5.454
[1758203292233762136],,,,6.874,5.009,5.65
[1758203292238345365],,,,6.747,4.8,5.61
[1758203292242241146],,,,6.558,4.542,5.746
[1758203292246025521],,,,6.455,5.131,5.27
[1758203292249680678],,,,6.699,5.195,5.899
[1758203292253354896],,,,6.278,5.143,5.796
[1758203292257000105],,,,5.849,5.186,5.576
[1758203292260714532],,,,5.732,5.246,5.375
[1758203292264386303],,,,6.766,4.949,5.167
[1758203292268056459],,,,6.589,4.762,5.344
[1758203292271724740],,,,6.673,4.683,5.128
[1758203292275378855],,,,6.328,4.673,5.006
[1758203292279055626],,,,6.843,4.769,4.815
[1758203292282777032],,,,6.488,4.978,5.595
[1758203292286460990],,,,7.137,4.475,5.365
[1758203292290234376],,,,7.379,4.563,5.974
[1758203292293996928],,,,6.965,4.611,6.184
[1758203292297679532],,,,6.491,4.549,6.297
[1758203292301376094],,,,6.594,4.575,6.239
[1758203292305099115],,,,6.428,4.693,6.756
[1758203292308810678],,,,6.577,4.52,6.594
[1758203292312518698],,,,6.328,4.827,6.653
[1758203292316192865],,,,5.971,5.116,6.407
[1758203292319901823],,,,5.993,5.049,6.651
[1758203292323616928],,,,5.286,5.31,6.644
[1758203292327351042],,,,5.356,5.344,6.582
[1758203292331065834],,,,4.312,5.471,6.254
[1758203292334739844],,,,4.278,5.023,6.476
[1758203292338450678],,,,5.732,5.528,6.843
[1758203292342595886],,,,4.432,4.8,6.653
[1758203292346276771],,,,6.282,5.215,6.096
[1758203292349981511],,,,6.706,5.861,5.935
[1758203292353715157],,,,5.823,5.222,6.893
[1758203292360218907],,,,6.05,4.922,5.82
[1758203292363903907],,,,7.051,5.272,5.813
[1758203292367630157],,,,6.158,5.2,5.095
[1758203292371357865],,,,7.142,4.743,4.635
[1758203292375062657],,,,7.496,5.54,5.315
[1758203292378741980],,,,6.874,4.922,4.767
[1758203292382495782],,,,6.634,5.313,4.846
[1758203292386323386],,,,7.223,5.131,4.69
[1758203292390014115],,,,7.154,4.776,5.138
[1758203292394585261],,,,6.938,4.8,5.334
[1758203292398408021],,,,7.19,4.97,5.775
[1758203292402090365],,,,6.721,4.717,5.703
[1758203292405752813],,,,6.45,4.755,6.005
[1758203292409458282],,,,6.268,4.992,6.39
[1758203292414261980],,,,6.098,4.815,6.464
[1758203292418257292],,,,6.347,4.863,6.79
[1758203292423070886],,,,5.947,4.841,6.893
[1758203292427063698],,,,5.957,4.803,6.843
[1758203292431053073],,,,5.598,4.855,6.661
[1758203292434967136],,,,5.507,4.879,6.991
[1758203292438893125],,,,5.842,5.148,6.572
[1758203292443914688],,,,5.89,5.358,6.385
[1758203292449453282],,,,7.262,5.092,5.897
[1758203292453511250],,,,5.844,5.069,5.983
[1758203292457465990],,,,5.598,5.023,5.792
[1758203292461321875],,,,5.543,5.148,5.483
[1758203292464989480],,,,5.799,5.435,5.322
[1758203292468656563],,,,7.238,5.14,5.693
[1758203292472362344],,,,6.017,5.138,5.765
[1758203292476024688],,,,5.708,5.595,5.837
[1758203292479693490],,,,5.595,5.373,6.029
[1758203292483397969],,,,6.45,5.567,5.758
[1758203292487060730],,,,6.124,5.334,6.196
[1758203292490864636],,,,5.744,5.16,6.294
[1758203292494573073],,,,6.249,5.586,6.254
[1758203292498246511],,,,5.207,5.171,6.12
[1758203292501962292],,,,5.195,5.121,6.146
[1758203292505625261],,,,5.686,5.361,6.258
[1758203292509284219],,,,6.479,5.274,5.756
[1758203292512977553],,,,6.452,4.978,5.765
[1758203292516640573],,,,6.625,5.136,5.109
[1758203292520333594],,,,6.455,4.997,5.069
[1758203292524024688],,,,7.017,5.2,5.023
[1758203292527725469],,,,6.57,5.042,4.855
[1758203292531417188],,,,7.039,5.306,4.408
[1758203292535078073],,,,7.161,5.035,4.307
[1758203292538767500],,,,6.718,5.03,4.824
[1758203292542704636],,,,6.376,5.243,5.131
[1758203292546396928],,,,6.505,5.274,5.31
[1758203292550078438],,,,6.886,5.337,5.351
[1758203292554006042],,,,7.58,4.915,5.586
[1758203292557754792],,,,6.46,4.808,6.244
[1758203292561455886],,,,6.268,4.843,5.942
[1758203292565124375],,,,6.081,5.253,6.007
[1758203292568797188],,,,5.847,5.464,6.232
[1758203292572474584],,,,5.952,5.025,6.5
[1758203292576142500],,,,6.17,4.982,6.57
[1758203292579848646],,,,5.519,5.363,6.282
[1758203292583619584],,,,5.341,5.368,6.4
[1758203292587405157],,,,5.677,5.09,6.318
[1758203292591149844],,,,5.933,4.913,6.16
[1758203292594818386],,,,6.187,4.815,6.359
[1758203292598519063],,,,6.155,4.748,6.254
[1758203292602200834],,,,6.155,4.858,6.079
[1758203292605903855],,,,6.024,4.743,6.483
[1758203292609562240],,,,6.081,4.645,6.464
[1758203292613235053],,,,6.16,4.597,6.574
[1758203292616870105],,,,6.163,4.669,6.85
[1758203292620599219],,,,6.06,4.678,6.73
[1758203292624343855],,,,5.918,4.705,7.116
[1758203292628159323],,,,6.024,4.678,7.075
[1758203292631861823],,,,5.837,4.839,6.919
[1758203292635564271],,,,5.612,5.085,6.936
[1758203292639239063],,,,5.456,5.2,6.642
[1758203292643168646],,,,5.298,5.454,6.732
[1758203292646890000],,,,5.38,5.432,6.766
[1758203292650623907],,,,4.094,4.836,6.905
[1758203292654358334],,,,4.123,5.344,6.63
[1758203292658305521],,,,3.505,4.542,6.74
[1758203292662062552],,,,3.61,4.712,6.96
[1758203292665730730],,,,3.496,5.203,7.764
[1758203292669398125],,,,3.321,4.769,7.405
[1758203292673074636],,,,4.568,5.976,8.112
[1758203292676765209],,,,3.474,4.942,8.176
[1758203292680526250],,,,2.023,4.324,9.074
[1758203292684406250],,,,4.128,4.918,7.803
[1758203292688095209],,,,4.298,5.442,7.635
[1758203292692668802],,,,2.519,6.665,8.337
[1758203292696465730],,,,4.76,4.781,7.3
[1758203292700137188],,,,4.147,4.396,6.761
[1758203292703813125],,,,7.748,5.698,6.072
[1758203292707490209],,,,6.574,6.852,8.294
[1758203292711177084],,,,3.5,7.645,5.267
[1758203292714841094],,,,6.991,5.725,5.193
[1758203292718506563],,,,7.547,5.313,5.586
[1758203292722646094],,,,7.353,5.811,4.396
[1758203292727823490],,,,6.208,5.057,4.903
[1758203292733032709],,,,7.606,5.437,4.614
[1758203292738280625],,,,8.401,4.918,5.162
[1758203292743538750],,,,7.039,4.647,5.076
[1758203292748700000],,,,6.922,4.058,5.265
[1758203292753842188],,,,7.247,4.503,5.794
[1758203292758968594],,,,7.764,3.701,6.053
[1758203292765379792],,,,8.811,2.38,6.393
[1758203292770726615],,,,7.355,2.011,6.328
[1758203292776002396],,,,7.331,2.868,6.668
[1758203292781129948],,,,6.388,3.354,7.254
[1758203292786269948],,,,5.837,3.905,7.666
[1758203292791400000],,,,5.1,4.319,7.58
[1758203292797782136],,,,5.722,4.003,7.298
[1758203292803071094],,,,5.787,3.986,6.871
[1758203292808193438],,,,6.203,3.57,6.797
[1758203292813336511],,,,6.187,3.63,6.503
[1758203292818450105],,,,6.282,3.852,6.68
[1758203292823635521],,,,6.005,4.345,6.855
[1758203292828762761],,,,6.601,4.834,6.622
[1758203292833925209],,,,7.398,4.963,6.749
[1758203292839086146],,,,6.584,5.004,6.843
[1758203292844397084],,,,6.682,4.968,6.287
[1758203292849589219],,,,5.557,4.743,6.385
[1758203292854735521],,,,4.401,4.154,7.041
[1758203292859821667],,,,4.453,4.032,7.161
[1758203292864900469],,,,4.427,4.152,7.645
[1758203292870446771],,,,4.853,3.924,7.839
[1758203292875736146],,,,4.932,4.111,8.61
[1758203292880957396],,,,4.448,4.015,8.363
[1758203292886147344],,,,4.673,4.101,8.109
[1758203292891298802],,,,4.013,4.19,7.843
[1758203292897663282],,,,4.918,5.025,7.065
[1758203292902935990],,,,4.963,5.054,6.364
[1758203292908057917],,,,5.289,5.179,6.132
[1758203292913249688],,,,5.069,5.171,5.787
[1758203292918366459],,,,5.557,5.167,5.638
[1758203292923541042],,,,5.363,5.207,6.163
[1758203292928679479],,,,5.54,5.116,6.364
[1758203292933832188],,,,5.114,5.248,6.833
[1758203292938992344],,,,4.927,5.085,7.101
[1758203292944918438],,,,5.1,4.882,7.434
[1758203292950554063],,,,5.102,4.808,7.154
[1758203292957129479],,,,5.681,4.369,7.092
[1758203292962842761],,,,6.108,4.396,6.73
[1758203292969303907],,,,5.531,4.662,6.697
[1758203292981354792],,,,5.753,4.583,6.637
[1758203292986903594],,,,5.643,4.803,6.273
[1758203292992622761],,,,5.023,5.277,6.507
[1758203292999087084],,,,5.162,4.954,6.512
[1758203293004644532],,,,5.222,5.013,6.747
[1758203293009762709],,,,5.272,4.805,6.778
[1758203293014910209],,,,5.411,4.64,6.898
[1758203293020002917],,,,5.552,4.537,7.214
[1758203293024392917],,,,5.751,4.247,7.307
[1758203293028092032],,,,5.535,4.14,7.772
[1758203293031798282],,,,5.698,4.204,7.755
[1758203293035459219],,,,5.382,4.36,7.724
[1758203293039129532],,,,4.415,4.254,7.915
[1758203293042945417],,,,4.31,4.211,7.992
[1758203293046615938],,,,3.199,4.336,8.167
[1758203293050294011],,,,4.664,4.401,7.927
[1758203293054860365],,,,2.849,4.374,7.942
[1758203293058652032],,,,4.614,4.405,7.939
[1758203293062498334],,,,4.59,4.697,7.532
[1758203293066294479],,,,6.476,4.97,7.022
[1758203293070062657],,,,4.353,4.211,7.089
[1758203293073754427],,,,4.673,6.196,7.479
[1758203293077414584],,,,3.847,5.193,5.837
[1758203293081081042],,,,3.496,5.643,5.748
[1758203293084749792],,,,4.207,5.76,5.375
[1758203293088810313],,,,2.978,5.523,5.66
[1758203293092576198],,,,3.907,4.903,5.473
[1758203293096288750],,,,4.951,5.179,5.284
[1758203293100094948],,,,7.604,5.72,5.895
[1758203293103851406],,,,7.889,5.186,6.093
[1758203293107525104],,,,7.839,4.642,6.768
[1758203293111193334],,,,8.284,3.493,6.96
[1758203293114837396],,,,8.358,2.976,6.986
[1758203293118493698],,,,7.381,2.837,7.563
[1758203293122200573],,,,6.088,3.306,7.494
[1758203293125870886],,,,6.134,3.309,7.305
[1758203293129542344],,,,6.199,3.208,7.556
[1758203293133247292],,,,6.031,3.421,7.743
[1758203293136939115],,,,6.383,3.189,7.582
[1758203293140844688],,,,6.302,2.653,7.831
[1758203293144557448],,,,5.784,3.357,8.279
[1758203293148235000],,,,5.315,3.759,8.116
[1758203293152313021],,,,4.805,4.417,7.535
[1758203293156013438],,,,4.575,4.666,7.913
[1758203293159721719],,,,4.369,4.489,7.673
[1758203293163438802],,,,4.515,4.532,7.333
[1758203293167139688],,,,4.721,4.295,7.463
[1758203293170887500],,,,4.53,4.549,7.281
[1758203293174550156],,,,4.707,4.645,7.037
[1758203293178213281],,,,5.138,4.13,7.199
[1758203293181888125],,,,5.409,3.718,7.333
[1758203293185550573],,,,5.729,3.479,7.307
[1758203293189256354],,,,5.602,3.735,7.53
[1758203293193028802],,,,5.382,4.001,7.616
[1758203293196795000],,,,5.966,4.274,7.949
[1758203293200566875],,,,5.859,4.175,8.059
[1758203293204593906],,,,5.878,4.317,8.406
[1758203293208285677],,,,6.369,4.664,7.901
[1758203293211965521],,,,5.983,4.733,7.695
[1758203293218109219],,,,4.496,4.264,7.767
[1758203293221829844],,,,4.925,4.468,6.974
[1758203293225549167],,,,4.769,4.187,6.469
[1758203293229237969],,,,5.018,4.597,6.404
[1758203293232913646],,,,4.939,4.673,6.919
[1758203293236610521],,,,4.7,4.863,6.065
[1758203293240294115],,,,5.128,5.073,6.428
[1758203293244049479],,,,5.167,5.301,6.498
[1758203293247840000],,,,4.817,5.377,6.519
[1758203293252466146],,,,4.58,4.877,6.555
[1758203293256268021],,,,4.398,5.25,6.838
[1758203293259948698],,,,3.658,5.253,6.816
[1758203293263628177],,,,4.628,5.521,6.867
[1758203293267300677],,,,4.288,5.224,7.293
[1758203293271007188],,,,3.012,5.289,7.733
[1758203293274675104],,,,3.153,5.279,7.405
[1758203293278325156],,,,3.259,5.569,7.611
[1758203293282027136],,,,3.086,5.641,7.558
[1758203293285679375],,,,3.201,5.464,7.166
[1758203293289371094],,,,4.365,5.61,7.24
[1758203293293136719],,,,4.58,5.25,6.938
[1758203293296929896],,,,5.219,5.021,7.082
[1758203293300700365],,,,4.312,5.373,6.893
[1758203293304409375],,,,4.345,5.052,6.986
[1758203293309207656],,,,4.544,4.877,7.314
[1758203293313093281],,,,4.556,5.258,7.005
[1758203293316766979],,,,4.867,5.033,7.913
[1758203293320455938],,,,4.503,5.227,7.63
[1758203293324112604],,,,4.81,4.942,7.618
[1758203293327778750],,,,4.142,5.322,7.913
[1758203293331476875],,,,4.575,5.092,7.568
[1758203293335177500],,,,4.736,5.119,7.532
[1758203293338845677],,,,4.707,5.085,7.156
[1758203293342515625],,,,4.815,4.76,7.207
[1758203293346157083],,,,4.719,5.023,7.144
[1758203293349865156],,,,4.99,4.918,6.773
[1758203293353708490],,,,4.875,5.148,7.008
[1758203293357471771],,,,4.65,5.227,6.74
[1758203293361167656],,,,4.81,5.241,6.555
[1758203293364834636],,,,4.664,5.306,6.922
[1758203293368524479],,,,4.657,5.25,6.711
[1758203293372260625],,,,4.357,5.624,6.673
[1758203293375927500],,,,4.439,5.607,6.857
[1758203293379596406],,,,4.87,5.538,6.905
[1758203293383261667],,,,4.872,5.222,6.931
[1758203293386940000],,,,4.503,5.543,6.742
[1758203293390681354],,,,4.527,5.435,6.574
[1758203293394389323],,,,5.054,5.16,6.469
[1758203293398060625],,,,4.906,4.697,6.754
[1758203293401805469],,,,5.21,4.8,6.924
[1758203293405481042],,,,5.195,5.16,6.905
[1758203293409154531],,,,4.405,4.532,7.319
[1758203293413160469],,,,4.164,4.544,7.638
[1758203293416970990],,,,5.315,4.281,7.781
[1758203293420746406],,,,5.497,4.015,7.714
[1758203293424459948],,,,5.373,3.931,8.262
[1758203293428114167],,,,5.08,4.171,8.272
[1758203293431817865],,,,5.696,3.764,7.846
[1758203293436537604],,,,5.511,4.039,8.384
[1758203293440621719],,,,4.386,5.411,7.336
[1758203293444593594],,,,4.132,4.954,8.085
[1758203293448511823],,,,4.652,4.87,7.331
[1758203293453328958],,,,4.231,4.544,7.063
[1758203293457311927],,,,3.275,4.992,6.792
[1758203293461392448],,,,2.26,4.58,6.766
[1758203293465294792],,,,2.516,4.987,7.077
[1758203293469195781],,,,3.847,5.109,7.025
[1758203293473100261],,,,3.065,4.597,7.75
[1758203293477803906],,,,4.731,4.822,8.126
[1758203293481622813],,,,4.879,4.583,7.214
[1758203293485298542],,,,5.559,4.99,8.617
[1758203293488961667],,,,6.479,4.164,7.606
[1758203293492659896],,,,6.117,4.159,7.764
[1758203293496320261],,,,5.646,4.113,7.774
[1758203293499994375],,,,5.272,4.669,7.98
[1758203293503751615],,,,5.207,4.331,7.568
[1758203293507415104],,,,4.75,4.726,7.125
[1758203293511124063],,,,4.875,4.659,7.096
[1758203293514801354],,,,4.748,4.757,6.943
[1758203293518776615],,,,5.725,4.956,6.342
[1758203293522619479],,,,5.885,5.274,6.687
[1758203293526302552],,,,5.222,5.258,6.275
[1758203293529975469],,,,5.09,5.318,6.053
[1758203293533686458],,,,5.164,5.069,5.983
[1758203293537365417],,,,4.702,5.188,6.328
[1758203293541093646],,,,4.724,4.884,6.5
[1758203293544800677],,,,4.46,5.011,6.445
[1758203293548476094],,,,4.707,4.685,7.183
[1758203293552255938],,,,4.266,4.949,7.872
[1758203293555936198],,,,4.089,4.836,8.564
[1758203293559655260],,,,3.802,4.973,8.65
[1758203293563393854],,,,3.845,4.82,8.753
[1758203293567146250],,,,4.032,4.408,8.449
[1758203293570922292],,,,4.353,4.001,8.447
[1758203293574625885],,,,5.109,3.768,8.736
[1758203293578303906],,,,4.913,3.982,8.147
[1758203293582046198],,,,4.592,4.216,8.236
[1758203293585755417],,,,4.882,4.149,8.303
[1758203293589452031],,,,5.32,4.8,7.98
[1758203293593140417],,,,5.186,4.987,7.75
[1758203293596832188],,,,5.217,5.061,7.697
[1758203293600579219],,,,5.27,5.255,7.537
[1758203293604360885],,,,4.712,4.982,7.168
[1758203293608029271],,,,4.69,5.035,7.41
[1758203293611683125],,,,4.022,4.647,7.25
[1758203293615324219],,,,4.618,4.659,7.017
[1758203293618986875],,,,4.245,4.726,7.372
[1758203293622729375],,,,4.13,4.688,6.989
[1758203293626659323],,,,4.058,4.978,7.137
[1758203293630503021],,,,4.154,5.181,7.4
[1758203293634203177],,,,4.101,5.308,7.709
[1758203293637902604],,,,4.034,5.272,7.769
[1758203293641624844],,,,3.759,5.155,7.949
[1758203293645282396],,,,3.364,5.365,7.705
[1758203293648953177],,,,2.978,5.406,8.317
[1758203293652729531],,,,2.574,5.064,8.112
[1758203293656442135],,,,2.923,6.249,8.1
[1758203293660113750],,,,3.697,5.796,7.748
[1758203293663820156],,,,3.354,6.062,7.506
[1758203293667527344],,,,3.931,5.648,7.111
[1758203293671299167],,,,3.843,5.626,7.379
[1758203293674973073],,,,4.166,5.497,6.572
[1758203293678675625],,,,3.881,5.605,6.431
[1758203293682396927],,,,4.161,6.201,6.132
[1758203293686066250],,,,3.792,5.986,6.357
[1758203293689763646],,,,3.543,6.61,5.847
[1758203293693450052],,,,3.606,6.22,5.83
[1758203293697133385],,,,3.965,6.258,5.765
[1758203293700998698],,,,3.9,5.978,6.191
[1758203293704687240],,,,4.573,5.519,6.881
[1758203293708381823],,,,4.231,5.353,6.847
[1758203293712064010],,,,4.532,5.523,7.144
[1758203293715726146],,,,3.594,5.954,7.851
[1758203293719384896],,,,3.68,5.701,7.563
[1758203293723073021],,,,3.895,6.194,8.42
[1758203293726832083],,,,3.747,5.593,8.193
[1758203293733355729],,,,3.689,5.428,8.179
[1758203293738780521],,,,3.721,5.164,7.709
[1758203293743941927],,,,4.453,5.203,7.695
[1758203293749067969],,,,4.573,4.894,7.745
[1758203293754277396],,,,4.489,5.09,7.568
[1758203293759393229],,,,4.35,5.389,7.561
[1758203293764485729],,,,4.063,5.521,7.384
[1758203293769606146],,,,3.84,5.818,7.171
[1758203293774801927],,,,3.826,5.83,6.692
[1758203293779981927],,,,4.049,5.918,6.431
[1758203293785263073],,,,4.271,5.933,5.969
[1758203293792728073],,,,4.274,6.067,5.531
[1758203293798217292],,,,4.322,5.95,5.794
[1758203293803449167],,,,4.197,6.196,5.892
[1758203293808626198],,,,4.13,6.096,6.045
[1758203293813779323],,,,3.622,6.297,5.983
[1758203293818903073],,,,1.951,5.37,7.204
[1758203293824209583],,,,1.219,6.024,7.523
[1758203293829388802],,,,1.664,5.806,7.247
[1758203293834767917],,,,1.997,6.328,7.432
[1758203293841077187],,,,4.975,5.413,7.207
[1758203293847658542],,,,4.369,5.289,7.063
[1758203293853031667],,,,5.622,5.049,7.604
[1758203293858154271],,,,6.993,4.298,7.499
[1758203293863292708],,,,6.658,3.802,7.676
[1758203293868400365],,,,7.508,3.831,7.324
[1758203293873563125],,,,6.292,4.142,7.439
[1758203293878716875],,,,5.088,4.384,6.744
[1758203293883834948],,,,3.079,5.466,7.47
[1758203293888966094],,,,6.323,3.926,5.672
[1758203293894198385],,,,3.891,6.093,6.141
[1758203293899326198],,,,2.397,5.167,6.294
[1758203293904541250],,,,3.558,3.141,7.788
[1758203293909664271],,,,5.521,6.97,6.986
[1758203293914856406],,,,7.597,7.683,6.086
[1758203293919983802],,,,7.527,6.625,5.693
[1758203293925112552],,,,7.242,6.457,4.834
[1758203293930230469],,,,5.121,5.638,5.595
[1758203293935407396],,,,3.05,4.975,6.134
[1758203293940523490],,,,2.471,6.29,5.681
[1758203293945739635],,,,1.02,5.772,7.951
[1758203293951344635],,,,0.263,5.069,9.62
[1758203293956694896],,,,-0.055,5.114,10.333
[1758203293961901823],,,,-0.129,5.236,11.533
[1758203293967053281],,,,1.374,5.708,11.538
[1758203293973895781],,,,2.698,4.831,10.159
[1758203293980544739],,,,3.412,5.042,8.42
[1758203293986234792],,,,3.381,4.896,7.147
[1758203293992796354],,,,2.363,4.681,6.472
[1758203293999455885],,,,3.278,4.611,6.821
[1758203294006120000],,,,2.863,4.752,7.585
[1758203294012939479],,,,3.747,5.756,7.812
[1758203294019436771],,,,1.903,5.198,9.263
[1758203294025116667],,,,2.82,6.596,8.691
[1758203294030155989],,,,1.501,4.568,8.145
[1758203294034050781],,,,1.705,5.679,7.75
[1758203294037728542],,,,3.199,5.401,7.341
[1758203294041445052],,,,2.693,6.155,6.364
[1758203294045111823],,,,3.51,6.649,7.135
[1758203294048772812],,,,3.496,5.009,5.626
[1758203294052461406],,,,3.974,6.737,6.424
[1758203294057474479],,,,4.374,5.526,5.485
[1758203294061372864],,,,4.53,6.891,5.593
[1758203294065179427],,,,5.806,6.345,2.777
[1758203294068855781],,,,5.329,8.322,4.721
[1758203294072540417],,,,4.956,8.487,6.431
[1758203294076201510],,,,4.305,5.21,3.847
[1758203294079915521],,,,3.017,6.34,-1.401
[1758203294083639479],,,,7.453,12.558,11.557
[1758203294087309062],,,,4.171,6.038,2.84
[1758203294091001354],,,,2.124,5.696,6.603
[1758203294094665937],,,,3.541,6.663,5.183
[1758203294098328021],,,,1.381,7.997,4.913
[1758203294102045000],,,,1.666,8.112,7.168
[1758203294105713385],,,,2.387,6.129,8.042
[1758203294109372031],,,,2.346,4.688,8.641
[1758203294113350521],,,,3.309,4.961,9.081
[1758203294117037031],,,,2.09,5.799,9.39
[1758203294121603333],,,,1.427,5.116,8.557
[1758203294125407344],,,,1.41,5.377,8.092
[1758203294129084167],,,,1.877,5.392,8.88
[1758203294132762031],,,,1.662,5.624,10.154
[1758203294136435208],,,,2.296,5.248,9.857
[1758203294140095104],,,,2.574,5.468,9.656
[1758203294143790208],,,,1.279,5.49,8.82
[1758203294147445208],,,,0.498,5.15,8.813
[1758203294151117552],,,,1.841,6.716,8.203
[1758203294154780781],,,,1.662,5.535,7.946
[1758203294158467187],,,,1.039,5.507,7.309
[1758203294162243958],,,,1.405,6.129,6.613
[1758203294165991823],,,,1.535,6.172,6.057
[1758203294169665989],,,,1.616,6.122,6.074
[1758203294173356875],,,,2.27,6.823,6.337
[1758203294177029427],,,,2.772,7.178,6.864
[1758203294180751979],,,,2.294,6.088,6.759
[1758203294184428958],,,,2.097,5.796,6.934
[1758203294188099114],,,,2.528,6.503,7.132
[1758203294191773646],,,,2.277,5.978,6.891
[1758203294195437396],,,,2.131,5.935,7.518
[1758203294199094271],,,,2.444,5.662,7.863
[1758203294202792448],,,,2.282,5.392,8.313
[1758203294206463854],,,,2.263,5.116,8.703
[1758203294210138750],,,,2.195,4.92,8.59
[1758203294213914323],,,,2.586,5.787,8.459
[1758203294217833437],,,,2.988,5.387,8.914
[1758203294221624739],,,,2.899,5.334,8.514
[1758203294225301562],,,,2.404,4.913,9.282
[1758203294228967187],,,,2.375,5.133,8.612
[1758203294232654375],,,,2.234,5.751,8.516
[1758203294236318958],,,,2.014,5.423,8.416
[1758203294239988646],,,,1.841,5.341,8.097
[1758203294243662344],,,,1.583,5.59,7.989
[1758203294247342135],,,,2.023,5.835,7.815
[1758203294251053125],,,,2.251,6.069,7.841
[1758203294254716510],,,,1.942,5.416,7.946
[1758203294258396614],,,,2.136,6.053,7.913
[1758203294262214062],,,,1.434,6.038,7.74
[1758203294265890677],,,,1.65,6.316,7.647
[1758203294269571198],,,,1.82,6.311,7.664
[1758203294273262031],,,,1.702,6.196,7.764
[1758203294276934687],,,,1.958,6.031,7.602
[1758203294280664375],,,,1.652,5.837,7.386
[1758203294284343437],,,,1.729,6.124,7.185
[1758203294287999271],,,,1.731,6.005,7.458
[1758203294291702031],,,,1.628,5.993,7.357
[1758203294295367552],,,,1.712,5.954,7.769
[1758203294299077812],,,,1.822,5.892,7.69
[1758203294302785312],,,,1.537,5.969,7.918
[1758203294306449635],,,,1.369,5.808,7.738
[1758203294310123958],,,,1.484,5.569,8.049
[1758203294313891666],,,,1.372,5.715,8.274
[1758203294317591614],,,,1.413,5.739,8.15
[1758203294321557656],,,,1.659,5.516,8.384
[1758203294325399635],,,,1.578,5.461,8.394
[1758203294329089687],,,,1.657,5.557,8.425
[1758203294332784219],,,,2.095,5.373,8.392
[1758203294336447187],,,,1.211,5.94,8.313
[1758203294340161875],,,,1.671,5.593,8.408
[1758203294343862291],,,,1.506,5.392,8.274
[1758203294347556198],,,,1.642,5.492,8.356
[1758203294351259323],,,,1.262,5.516,7.728
[1758203294355015729],,,,1.197,5.734,8.356
[1758203294358715364],,,,1.283,5.634,8.222
[1758203294362489687],,,,1.389,5.681,7.477
[1758203294366155208],,,,0.682,5.547,7.932
[1758203294369851927],,,,0.766,5.911,7.101
[1758203294373629687],,,,0.781,5.437,6.479
[1758203294377399583],,,,1.089,5.08,6.788
[1758203294381062760],,,,1.571,6.053,7.065
[1758203294384753229],,,,2.241,4.961,6.483
[1758203294388438281],,,,1.475,5.229,6.998
[1758203294392135937],,,,1.142,5.677,8.15
[1758203294395795937],,,,2.105,6.96,19.613
[1758203294399458698],,,,-1.64,3.948,12.45
[1758203294403159114],,,,-3.237,4.568,6.788
[1758203294406831198],,,,-2.672,4.472,6.076
[1758203294410613854],,,,-1.755,10.18,7.386
[1758203294414410937],,,,-2.816,7.805,9.002
[1758203294418127708],,,,-1.207,6.144,6.536
[1758203294421851718],,,,1.954,4.192,6.249
[1758203294425523333],,,,1.465,4.673,7.97
[1758203294429499791],,,,2.672,5.289,8.27
[1758203294433291823],,,,3.084,5.557,7.389
[1758203294436998125],,,,1.659,5.375,8.461
[1758203294440714843],,,,0.907,5.614,8.49
[1758203294444387239],,,,0.06,6.048,7.724
[1758203294448052291],,,,-1.322,6.589,9.117
[1758203294452792760],,,,-0.955,6.407,9.278
[1758203294456797343],,,,-0.448,6.218,8.952
[1758203294460913177],,,,-0.85,6.311,9.61
[1758203294464899739],,,,-0.898,6.297,8.911
[1758203294468790208],,,,-0.345,6.292,8.327
[1758203294473626093],,,,-0.326,6.033,7.932
[1758203294477612448],,,,-0.905,5.638,7.08
[1758203294481534583],,,,-1.657,5.981,7.046
[1758203294485446510],,,,-1.211,6.306,6.462
[1758203294489349948],,,,-1.053,6.9,5.892
[1758203294494186979],,,,-0.026,6.11,6.292
[1758203294498013125],,,,0.871,5.835,6.598
[1758203294501717864],,,,0.934,6.065,6.78
[1758203294505390625],,,,2.047,6.768,6.965
[1758203294509073385],,,,1.97,6.653,6.912
[1758203294513695416],,,,2.253,6.986,7.171
[1758203294517499948],,,,2.145,6.364,7.609
[1758203294521214583],,,,1.089,5.887,7.324
[1758203294524881666],,,,0.709,6.021,7.355
[1758203294528560000],,,,0.237,6.136,7.542
[1758203294532283281],,,,0.237,5.997,7.834
[1758203294536841198],,,,0.28,5.873,8.013
[1758203294540755208],,,,0.402,5.672,8.358
[1758203294544444791],,,,0.723,6.428,8.272
[1758203294548113073],,,,1.077,7.784,8.662
[1758203294551836093],,,,2.274,6.831,7.932
[1758203294555499062],,,,2.727,6.907,7.726
[1758203294559181614],,,,3.132,7.223,8.152
[1758203294563789218],,,,3.261,6.97,8.262
[1758203294567607916],,,,3.108,6.646,8.387
[1758203294571316823],,,,2.1,5.332,8.358
[1758203294574986666],,,,0.967,5.48,8.677
[1758203294578683489],,,,0.239,4.901,9.816
[1758203294582454010],,,,-1.085,4.867,9.668
[1758203294586122135],,,,-2.373,4.219,9.426
[1758203294589800104],,,,-2.502,3.776,9.867
[1758203294593501146],,,,-4.094,4.848,9.416
[1758203294597185521],,,,-4.219,4.542,9.428
[1758203294600941927],,,,-4.015,5.023,8.578
[1758203294604621718],,,,-3.081,6.05,7.532
[1758203294608397343],,,,-1.075,6.467,7.678
[1758203294612300104],,,,0.338,5.959,7.69
[1758203294615969635],,,,1.199,5.76,6.914
[1758203294619650781],,,,1.346,5.739,6.474
[1758203294623349323],,,,0.91,6.196,6.56
[1758203294627016302],,,,0.402,6.426,6.905
[1758203294630749635],,,,-0.067,6.74,6.62
[1758203294634424843],,,,-0.148,6.531,7.096
[1758203294638097343],,,,0.16,6.359,7.525
[1758203294642022552],,,,0.249,6.076,7.788
[1758203294645768125],,,,0.156,6.203,7.985
[1758203294649443854],,,,0.163,6.014,7.693
[1758203294653166770],,,,-0.211,6.395,8.097
[1758203294656962656],,,,0.074,6.275,8.399
[1758203294663272656],,,,0.218,5.959,8.272
[1758203294667027291],,,,0.122,6.086,8.368
[1758203294670802864],,,,-0.041,6.017,8.27
[1758203294674483125],,,,-0.034,6.05,8.004
[1758203294678176562],,,,0.184,5.988,7.992
[1758203294681871510],,,,0.134,5.832,7.69
[1758203294685567812],,,,0.002,6.254,7.649
[1758203294689278958],,,,0.062,6.237,7.582
[1758203294693001614],,,,0.146,6.196,7.867
[1758203294696846927],,,,0.16,6.084,7.819
[1758203294700583645],,,,0.103,6.072,7.786
[1758203294704284531],,,,0.065,6.086,7.97
[1758203294707964062],,,,0.026,6.012,7.863
[1758203294712586458],,,,0.124,6.048,7.863
[1758203294716370573],,,,0.194,6.167,7.834
[1758203294720045833],,,,0.053,6.177,7.894
[1758203294723743489],,,,0.115,6.139,7.968
[1758203294727412031],,,,0.029,6.129,7.872
[1758203294731108020],,,,0.17,6.081,7.812
[1758203294735311770],,,,0.048,6.127,7.815
[1758203294740475260],,,,0.182,6.155,7.922
[1758203294745697291],,,,0.215,5.981,7.966
[1758203294751213385],,,,0.199,6.134,7.788
[1758203294756457916],,,,0.084,6.024,7.786
[1758203294761836562],,,,0.151,6.134,7.664
[1758203294768275052],,,,0.129,6.115,7.681
[1758203294773558750],,,,0.117,6.069,7.786
[1758203294778690937],,,,0.093,6.275,7.743
[1758203294783829791],,,,0.213,6.17,7.74
[1758203294788942968],,,,0.302,6.235,7.757
[1758203294794065260],,,,0.002,5.981,7.944
[1758203294799177500],,,,0.196,6.237,7.731
[1758203294804299114],,,,0.192,6.163,7.81
[1758203294809429895],,,,0.022,6.069,7.863
[1758203294814929687],,,,0.141,6.038,7.575
[1758203294820092395],,,,0.287,6.258,7.755
[1758203294825279948],,,,0.096,6.273,7.834
[1758203294830395364],,,,0.12,6.093,7.836
[1758203294835538958],,,,0.108,6.096,7.762
[1758203294840669375],,,,0.196,6.129,7.896
[1758203294845839739],,,,0.146,6.065,7.872
[1758203294850998645],,,,0.053,6.129,7.784
[1758203294856729843],,,,0.072,6.148,7.532
[1758203294862093281],,,,0.065,6.055,7.676
[1758203294867364635],,,,0.215,6.199,7.863
[1758203294872536562],,,,0.189,6.16,7.673
[1758203294878848489],,,,0.105,6.086,7.618
[1758203294884050208],,,,0.091,6.227,7.942
[1758203294889298020],,,,0.421,6.27,7.776
[1758203294894416562],,,,0.029,6.328,7.843
[1758203294899516510],,,,0.065,6.084,7.872
[1758203294904731822],,,,0.103,6.141,7.714
[1758203294909839322],,,,0.089,6.122,7.743
[1758203294915134218],,,,0.103,6.148,7.745
[1758203294920258593],,,,0.053,6.177,7.748
[1758203294925456458],,,,0.132,6.141,7.831
[1758203294930705156],,,,0.148,6.132,7.901
[1758203294935983958],,,,0.18,6.045,7.678
[1758203294941124791],,,,0.115,6.189,7.74
[1758203294946269635],,,,0.117,6.151,7.7
[1758203294951382239],,,,-0.132,6.196,7.824
[1758203294956572552],,,,0.302,6.12,7.786
[1758203294962468541],,,,0.113,6.084,7.812
[1758203294968727291],,,,0.335,6.084,7.748
[1758203294974270677],,,,0.038,6.12,7.681
[1758203294979387708],,,,0.091,6.165,7.805
[1758203294984524739],,,,-0.115,6.254,7.7
[1758203294989624791],,,,-0.012,6.27,7.707
[1758203294994717395],,,,0.213,6.151,7.623
[1758203295003143489],,,,0.127,6.218,7.81
[1758203295008640729],,,,0.129,5.983,7.669
[1758203295014323177],,,,0.16,6.117,7.685
[1758203295020820468],,,,0.237,6.127,7.776
[1758203295027461458],,,,0.069,6.153,7.839
[1758203295033094583],,,,0.132,6.187,7.81
[1758203295039167395],,,,0.261,6.122,7.683
[1758203295044055260],,,,0.029,6.024,7.788
[1758203295048841406],,,,0.168,6.144,7.831
[1758203295053634166],,,,0.091,6.05,7.764
[1758203295059370729],,,,0.256,6.261,7.661
[1758203295064106666],,,,0.127,5.988,7.858
[1758203295069738906],,,,0.144,6.069,7.81
[1758203295074464479],,,,0.029,6.05,7.798
[1758203295080065833],,,,0.105,5.978,7.743
[1758203295084774062],,,,0.113,6.139,7.776
[1758203295089295104],,,,0.0,6.196,7.671
[1758203295093815520],,,,-0.103,6.23,7.853
[1758203295098319531],,,,0.148,6.242,7.74
[1758203295102872135],,,,0.182,6.129,7.752
[1758203295107384583],,,,0.278,6.167,7.671
[1758203295111986510],,,,0.136,6.086,7.719
[1758203295116497656],,,,-0.038,6.065,7.762
[1758203295121071458],,,,0.065,6.012,7.721
[1758203295125730624],,,,0.146,6.203,7.927
[1758203295130246666],,,,0.283,5.993,7.891
[1758203295134768072],,,,0.098,6.124,7.745
[1758203295139777291],,,,0.426,5.993,7.731
[1758203295144938906],,,,0.05,6.151,7.573
[1758203295150045729],,,,0.218,6.098,7.731
[1758203295155150104],,,,0.247,6.038,7.59
[1758203295160248802],,,,0.127,6.144,7.74
[1758203295165470677],,,,0.089,6.184,7.705
[1758203295170604322],,,,0.086,6.057,7.721
[1758203295177166406],,,,0.081,6.122,7.712
[1758203295183809999],,,,0.055,6.048,7.513
[1758203295189061718],,,,0.084,6.237,7.745
[1758203295194193177],,,,0.034,6.246,7.918
[1758203295199290781],,,,0.065,6.184,7.743
[1758203295204410208],,,,0.012,6.16,7.927
[1758203295209498802],,,,0.192,6.074,7.855
[1758203295214663593],,,,0.182,6.424,7.602
[1758203295219777552],,,,0.201,6.246,7.652
[1758203295224950885],,,,0.098,6.05,7.594
[1758203295230175416],,,,0.196,6.244,7.573
[1758203295235313541],,,,0.302,6.266,7.745
[1758203295240455937],,,,0.227,6.201,7.728
[1758203295245591979],,,,0.263,6.134,7.908
[1758203295250700781],,,,0.103,6.146,7.781
[1758203295255797864],,,,0.086,6.017,7.774
[1758203295260964999],,,,0.081,6.132,7.664
[1758203295266193749],,,,-0.084,6.076,7.685
[1758203295271299426],,,,0.024,6.155,7.616
[1758203295276408854],,,,0.036,6.237,7.726
[1758203295281966718],,,,0.093,6.175,7.709
[1758203295287117551],,,,0.065,6.235,7.97
[1758203295293628801],,,,0.065,5.99,8.116
[1758203295298940104],,,,-0.002,6.084,7.815
[1758203295304069218],,,,0.151,5.904,7.738
[1758203295309176197],,,,0.235,6.021,7.547
[1758203295314379843],,,,0.232,6.067,7.647
[1758203295319483333],,,,0.048,6.263,7.688
[1758203295324586979],,,,0.101,6.211,7.666
[1758203295329680051],,,,0.156,6.148,8.1
[1758203295334838437],,,,0.141,6.239,8.04
[1758203295339974114],,,,0.098,6.0,7.839
[1758203295345171979],,,,0.103,6.048,7.776
[1758203295350284739],,,,0.196,6.167,7.602
[1758203295355436562],,,,0.036,6.235,7.415
[1758203295360555208],,,,0.136,6.17,7.865
[1758203295365747760],,,,0.077,6.328,7.685
[1758203295370859062],,,,0.177,6.045,8.179
[1758203295375995260],,,,0.069,6.079,7.951
[1758203295381104895],,,,0.12,6.182,7.908
[1758203295386260468],,,,0.105,6.019,7.705
[1758203295392988437],,,,0.098,5.981,7.518
[1758203295398328801],,,,0.148,6.009,7.697
[1758203295403491926],,,,0.247,6.175,7.851
[1758203295408618541],,,,0.002,6.122,7.994
[1758203295415021666],,,,0.194,6.122,7.939
[1758203295420346718],,,,0.024,5.981,7.822
[1758203295425491822],,,,0.215,6.232,7.91
[1758203295430593124],,,,0.048,6.072,7.657
[1758203295435719322],,,,0.122,6.258,7.372
[1758203295440841406],,,,0.194,6.103,7.673
[1758203295445954947],,,,0.084,6.057,7.74
[1758203295451063697],,,,0.067,6.139,7.882
[1758203295456245312],,,,0.081,6.079,7.92
[1758203295461478229],,,,0.259,6.012,8.056
[1758203295466691979],,,,0.019,6.069,7.812
[1758203295471855416],,,,0.096,6.225,7.451
[1758203295476991458],,,,0.005,6.182,7.544
[1758203295482169322],,,,0.177,6.158,7.717
[1758203295487294062],,,,0.29,6.065,7.786
[1758203295492465572],,,,-0.117,6.191,7.918
[1758203295498099947],,,,0.208,6.1,8.004
[1758203295503260885],,,,0.113,6.033,7.966
[1758203295508383853],,,,0.148,6.007,7.709
[1758203295514724583],,,,0.089,6.079,7.877
[1758203295519899322],,,,0.201,6.153,7.659
[1758203295525129583],,,,0.084,6.258,7.554
[1758203295530249531],,,,0.093,6.165,7.848
[1758203295535403228],,,,0.079,6.024,7.748
[1758203295540498801],,,,0.084,6.074,7.877
[1758203295545604531],,,,0.043,6.093,7.8
[1758203295550713176],,,,0.127,6.105,7.788
[1758203295555894270],,,,0.261,6.098,7.652
[1758203295561053228],,,,0.117,6.16,7.714
[1758203295566343801],,,,0.12,6.17,7.556
[1758203295571572447],,,,0.144,5.995,7.673
[1758203295576707916],,,,0.127,6.127,8.059
[1758203295581897551],,,,0.029,6.215,7.91
[1758203295587061145],,,,0.151,6.033,7.896
[1758203295592239739],,,,0.005,5.983,7.798
[1758203295597346510],,,,0.29,6.076,7.532
[1758203295602974478],,,,0.256,6.16,7.635
[1758203295608226926],,,,0.031,6.182,7.762
[1758203295613482603],,,,-0.012,6.11,7.707
[1758203295618603801],,,,0.084,6.199,7.726
[1758203295623797968],,,,0.182,6.067,7.86
[1758203295628943749],,,,0.029,6.105,7.848
[1758203295634079218],,,,0.136,6.045,7.748
[1758203295640655103],,,,0.081,6.086,7.733
[1758203295646381718],,,,0.093,5.981,7.757
[1758203295653419999],,,,0.06,6.246,7.92
[1758203295659060051],,,,-0.139,6.146,7.896
[1758203295665738853],,,,0.096,6.079,7.791
[1758203295671350885],,,,0.06,6.088,7.535
[1758203295677828124],,,,0.103,6.098,7.697
[1758203295683482812],,,,0.247,6.203,7.805
[1758203295689965833],,,,0.105,6.151,7.728
[1758203295695581666],,,,0.163,6.024,7.8
[1758203295701013333],,,,0.014,6.211,7.942
[1758203295706891405],,,,0.014,6.096,7.934
[1758203295712155833],,,,0.043,6.043,7.87
[1758203295717301718],,,,0.218,6.096,7.748
[1758203295722493124],,,,0.034,6.273,7.618
[1758203295727626510],,,,0.18,6.199,7.676
[1758203295732835312],,,,0.069,6.211,7.523
[1758203295738116353],,,,0.273,6.246,7.896
[1758203295741977343],,,,0.122,6.096,7.855
[1758203295745657916],,,,0.158,6.182,7.942
[1758203295749324478],,,,0.16,6.175,7.968
[1758203295753042551],,,,-0.105,6.27,7.992
[1758203295756705885],,,,0.136,6.053,7.75
[1758203295760422655],,,,0.144,6.189,7.937
[1758203295765038801],,,,0.062,6.062,7.623
[1758203295768833905],,,,0.12,6.177,7.817
[1758203295772522551],,,,0.043,6.108,7.834
[1758203295776184114],,,,0.278,6.309,7.822
[1758203295779833593],,,,0.01,6.223,7.913
[1758203295783517187],,,,0.084,6.177,7.946
[1758203295787175103],,,,0.132,6.0,7.879
[1758203295790897864],,,,0.103,6.139,7.822
[1758203295794573853],,,,0.038,6.033,7.925
[1758203295798243541],,,,0.086,6.278,7.903
[1758203295801952343],,,,0.256,6.17,7.774
[1758203295805632343],,,,0.084,6.148,7.779
[1758203295809393385],,,,0.261,6.17,7.817
[1758203295814302343],,,,0.089,6.163,7.64
[1758203295818111874],,,,0.129,6.105,7.877
[1758203295821800103],,,,0.127,6.218,7.781
[1758203295825459635],,,,0.101,6.16,7.721
[1758203295829126405],,,,0.089,6.235,7.968
[1758203295832809166],,,,0.084,6.096,7.901
[1758203295836464322],,,,0.115,6.06,7.836
[1758203295840119791],,,,0.192,6.096,7.985
[1758203295843801197],,,,0.096,6.206,7.898
[1758203295847465103],,,,0.048,6.139,7.642
[1758203295851150468],,,,0.043,6.203,7.779
[1758203295854800364],,,,0.156,6.065,7.819
[1758203295858552655],,,,0.086,6.175,7.961
[1758203295862479947],,,,0.189,6.211,7.963
[1758203295866153541],,,,0.017,6.1,7.872
[1758203295869801458],,,,0.067,6.165,7.769
[1758203295873507603],,,,0.158,6.065,7.908
[1758203295877171458],,,,0.038,6.249,7.927
[1758203295880915885],,,,0.215,6.17,7.91
[1758203295884584270],,,,0.175,6.194,7.824
[1758203295888244114],,,,-0.012,5.978,7.879
[1758203295891937760],,,,0.158,6.134,7.762
[1758203295895610468],,,,0.237,6.155,7.578
[1758203295899282864],,,,0.086,6.333,7.877
[1758203295903028697],,,,0.105,6.206,7.908
[1758203295906795989],,,,0.165,6.122,7.932
[1758203295910631145],,,,-0.026,6.215,8.107
[1758203295914786093],,,,0.007,6.108,7.853
[1758203295918489791],,,,0.148,6.12,8.004
[1758203295922222291],,,,0.218,6.273,7.937
[1758203295925900103],,,,0.28,6.098,7.851
[1758203295929566770],,,,0.148,6.263,7.671
[1758203295933287864],,,,0.101,6.053,7.829
[1758203295936952030],,,,0.266,6.223,7.7
[1758203295940697603],,,,0.084,6.134,7.681
[1758203295944426770],,,,0.292,6.105,7.669
[1758203295948094166],,,,0.22,6.218,7.831
[1758203295951820676],,,,0.204,6.108,7.937
[1758203295955498905],,,,0.132,6.084,7.728
[1758203295959290416],,,,0.074,6.225,7.922
[1758203295963062135],,,,0.045,6.105,7.846
[1758203295966776978],,,,0.041,6.144,7.752
[1758203295970480103],,,,0.129,6.072,7.86
[1758203295974161510],,,,0.103,6.16,7.865
[1758203295977821562],,,,0.079,6.024,7.798
[1758203295981496614],,,,0.041,6.043,7.939
[1758203295985191093],,,,0.06,6.163,7.848
[1758203295988919062],,,,0.17,6.165,7.831
[1758203295992641822],,,,0.132,6.28,7.788
[1758203295996298905],,,,0.218,6.021,7.834
[1758203295999946614],,,,0.089,6.167,7.913
[1758203296003613020],,,,0.124,6.158,8.013
[1758203296007293541],,,,0.242,6.144,7.824
[1758203296011039687],,,,0.215,6.1,7.714
[1758203296014773385],,,,0.06,6.132,7.841
[1758203296018728749],,,,0.11,6.345,7.891
[1758203296022540416],,,,0.151,6.148,7.851
[1758203296026219687],,,,0.098,6.141,7.848
[1758203296029928957],,,,0.115,6.215,7.702
[1758203296033634635],,,,0.115,6.232,7.872
[1758203296037305520],,,,0.146,6.038,8.011
[1758203296041077343],,,,0.055,6.069,7.977
[1758203296044767968],,,,-0.026,5.825,7.932
[1758203296048465207],,,,0.113,6.172,7.803
[1758203296052176405],,,,0.096,6.206,7.836
[1758203296055812447],,,,0.081,6.153,7.721
[1758203296059511562],,,,-0.096,6.266,7.903
[1758203296066941145],,,,0.127,6.16,7.75
[1758203296070768697],,,,0.089,6.098,7.889
[1758203296074454530],,,,0.11,5.986,7.932
[1758203296078154895],,,,0.077,6.048,7.887
[1758203296081875051],,,,0.043,6.048,7.922
[1758203296085537343],,,,0.005,5.988,7.963
[1758203296089228020],,,,0.127,6.045,7.762
[1758203296092938437],,,,0.292,6.088,7.678
[1758203296096606405],,,,0.134,6.268,7.877
[1758203296100269114],,,,0.029,6.043,7.86
[1758203296103991978],,,,0.105,6.148,7.757
[1758203296107642968],,,,0.122,6.242,8.083
[1758203296111629635],,,,0.055,5.988,7.829
[1758203296115361197],,,,0.122,6.11,8.013
[1758203296119043176],,,,0.036,6.187,7.91
[1758203296123652447],,,,0.213,6.227,7.86
[1758203296127493853],,,,0.103,6.172,7.925
[1758203296131284166],,,,0.158,6.182,7.707
[1758203296134954374],,,,0.105,6.206,7.786
[1758203296139877603],,,,0.261,5.99,7.76
[1758203296143872499],,,,0.024,6.115,7.75
[1758203296147771614],,,,0.151,6.093,7.721
[1758203296151709582],,,,0.172,6.038,7.889
[1758203296155594478],,,,0.175,6.091,7.817
[1758203296159501457],,,,0.065,6.069,7.865
[1758203296164355572],,,,0.144,6.12,7.855
[1758203296168351145],,,,0.093,6.182,7.87
[1758203296172301041],,,,0.072,6.076,7.858
[1758203296176183332],,,,0.086,6.132,7.824
[1758203296180073905],,,,0.153,6.211,7.977
[1758203296183896874],,,,0.024,6.268,7.75
[1758203296187568489],,,,0.014,6.17,7.769
[1758203296191261405],,,,0.012,6.093,7.908
[1758203296194928020],,,,0.026,6.239,7.913
[1758203296198607864],,,,-0.029,6.112,7.839
[1758203296202358280],,,,0.041,6.086,7.922
[1758203296206045520],,,,0.045,6.141,7.877
[1758203296209805103],,,,0.072,6.211,7.977
[1758203296213576041],,,,0.103,6.079,7.836
[1758203296217275155],,,,0.235,6.235,7.683
[1758203296221010884],,,,0.239,6.041,7.681
[1758203296224678332],,,,0.225,6.139,7.894
[1758203296229227707],,,,0.177,6.112,7.786
[1758203296233077968],,,,0.038,6.278,7.597
[1758203296236859947],,,,0.069,6.203,7.937
[1758203296240592968],,,,0.17,6.148,7.951
[1758203296244284530],,,,0.294,6.189,7.896
[1758203296247956978],,,,0.057,6.136,7.875
[1758203296251665207],,,,0.045,6.17,7.819
[1758203296255325624],,,,0.093,6.117,7.822
[1758203296259027551],,,,0.057,6.129,7.939
[1758203296262836874],,,,0.086,6.22,7.733
[1758203296266534009],,,,0.237,6.12,7.76
[1758203296270197812],,,,0.074,6.215,7.903
[1758203296273934999],,,,0.294,6.163,7.937
[1758203296277629426],,,,0.122,6.076,8.001
[1758203296281418957],,,,0.029,6.1,7.738
[1758203296285116822],,,,0.266,6.266,8.097
[1758203296288790468],,,,-0.141,6.203,7.709
[1758203296292480624],,,,0.134,6.235,7.836
[1758203296296166041],,,,0.091,6.132,7.877
[1758203296299831457],,,,0.113,6.155,7.925
[1758203296303542551],,,,0.16,6.172,7.922
[1758203296307271457],,,,0.069,6.103,7.803
[1758203296311363280],,,,0.129,6.062,7.764
[1758203296315064947],,,,0.12,6.251,7.879
[1758203296318731301],,,,0.093,6.021,8.023
[1758203296322399791],,,,-0.014,6.105,7.695
[1758203296326054218],,,,0.091,6.115,7.913
[1758203296329746874],,,,0.153,6.076,7.836
[1758203296333536249],,,,0.11,6.105,7.829
[1758203296337272603],,,,0.254,6.098,7.678
[1758203296340970312],,,,0.01,6.151,7.793
[1758203296344636509],,,,0.165,6.088,7.664
[1758203296348306509],,,,0.187,6.268,7.927
[1758203296352017134],,,,0.117,6.088,7.836
[1758203296355816093],,,,0.081,6.167,7.872
[1758203296359519687],,,,0.01,6.086,7.963
[1758203296363506301],,,,0.163,6.084,7.788
[1758203296367195051],,,,0.22,6.172,7.86
[1758203296370954426],,,,0.259,6.136,7.913
[1758203296374616145],,,,0.117,6.153,7.913
[1758203296378274270],,,,0.093,6.053,7.697
[1758203296381988384],,,,0.036,6.134,7.841
[1758203296385649686],,,,0.026,6.124,7.724
[1758203296389316978],,,,-0.117,5.873,7.86
[1758203296393037343],,,,0.007,6.273,7.949
[1758203296396723280],,,,0.146,6.108,7.966
[1758203296400423072],,,,0.105,6.151,8.006
[1758203296404160051],,,,-0.086,6.084,7.961
[1758203296407921926],,,,0.081,6.148,7.872
[1758203296412685364],,,,0.189,6.036,7.958
[1758203296416481978],,,,0.158,6.244,7.841
[1758203296420155051],,,,0.067,5.986,7.877
[1758203296423831874],,,,0.124,6.038,7.724
[1758203296427502707],,,,0.223,6.158,7.875
[1758203296431227291],,,,0.158,6.208,7.733
[1758203296434891561],,,,-0.034,6.191,7.728
[1758203296438543645],,,,0.007,6.23,7.841
[1758203296442230728],,,,0.204,6.081,7.901
[1758203296446941353],,,,-0.022,6.16,7.764
[1758203296452137603],,,,0.057,6.211,7.922
[1758203296457489530],,,,0.266,6.074,7.688
[1758203296463025051],,,,0.187,6.098,7.774
[1758203296468234009],,,,0.062,6.155,7.712
[1758203296473680624],,,,0.122,6.045,8.04
[1758203296478814009],,,,0.158,6.211,7.894
[1758203296483962291],,,,0.136,6.067,7.803
[1758203296489123801],,,,0.074,6.017,7.784
[1758203296494247968],,,,0.091,6.227,7.91
[1758203296499381666],,,,0.031,6.208,7.937
[1758203296504733489],,,,0.132,6.127,7.709
[1758203296509882082],,,,0.041,6.088,7.731
[1758203296515088749],,,,0.261,6.263,7.776
[1758203296520559114],,,,-0.089,6.072,7.858
[1758203296525744582],,,,0.11,6.124,7.86
[1758203296530839114],,,,0.16,6.182,7.772
[1758203296535971718],,,,0.146,6.196,7.891
[1758203296541144739],,,,0.17,6.117,7.683
[1758203296546388020],,,,0.01,6.187,7.676
[1758203296551717447],,,,-0.136,6.155,7.657
[1758203296556833801],,,,0.096,6.263,7.903
[1758203296562197291],,,,0.192,6.009,7.922
[1758203296567394739],,,,0.134,6.06,7.719
[1758203296572584374],,,,0.113,6.263,7.793
[1758203296577733905],,,,0.038,6.155,7.738
[1758203296583177082],,,,0.103,6.045,7.542
[1758203296588314113],,,,0.022,5.993,7.666
[1758203296593596613],,,,0.057,6.199,7.827
[1758203296598741197],,,,0.134,6.12,7.709
[1758203296603825103],,,,0.086,6.024,7.894
[1758203296608962134],,,,0.194,6.206,7.918
[1758203296614186822],,,,0.218,6.196,7.81
[1758203296619339426],,,,0.148,6.007,7.69
[1758203296624490624],,,,0.113,5.986,7.791
[1758203296629911770],,,,0.086,6.12,7.611
[1758203296635225572],,,,0.124,6.17,7.767
[1758203296640354061],,,,0.268,6.124,7.714
[1758203296645539270],,,,0.103,6.065,7.702
[1758203296650652343],,,,0.184,6.136,7.772
[1758203296655777343],,,,0.113,6.223,7.81
[1758203296662581926],,,,0.06,6.0,7.654
[1758203296669283593],,,,0.086,6.043,7.776
[1758203296675775780],,,,0.086,6.1,7.784
[1758203296682444061],,,,0.079,6.0,7.693
[1758203296689427811],,,,0.108,6.031,7.731
[1758203296695115051],,,,0.144,6.088,7.894
[1758203296701749061],,,,0.057,5.978,7.922
[1758203296707421405],,,,0.086,6.191,7.705
[1758203296713967186],,,,0.23,6.1,7.769
[1758203296721452655],,,,0.053,6.065,7.879
[1758203296727058801],,,,0.103,6.144,7.93
[1758203296732309530],,,,0.201,6.127,7.712
[1758203296738760259],,,,0.091,5.981,7.798
[1758203296744091666],,,,0.124,6.041,7.851
[1758203296747803593],,,,0.204,6.038,7.829
[1758203296751529166],,,,0.067,6.062,7.908
[1758203296755185468],,,,0.177,6.069,7.784
[1758203296758858280],,,,-0.069,6.266,7.872
[1758203296763463176],,,,0.098,6.1,7.887
[1758203296767295311],,,,0.184,6.086,7.865
[1758203296771006249],,,,0.098,6.136,7.937
[1758203296774658228],,,,0.093,6.088,7.872
[1758203296778313645],,,,0.242,6.021,7.841
[1758203296782007499],,,,0.065,6.11,7.74
[1758203296785663749],,,,0.115,6.144,7.977
[1758203296789337134],,,,0.091,6.134,7.769
[1758203296793266249],,,,0.153,6.093,7.87
[1758203296796971822],,,,-0.074,6.112,7.748
[1758203296800701353],,,,0.148,6.029,7.879
[1758203296804389165],,,,0.134,6.062,7.918
[1758203296808166561],,,,0.156,6.05,7.855
[1758203296811908645],,,,0.266,6.199,7.942
[1758203296815598124],,,,0.151,6.086,7.896
[1758203296819269374],,,,0.134,6.246,7.824
[1758203296822956457],,,,0.268,6.22,7.87
[1758203296826614738],,,,0.153,6.096,8.018
[1758203296830268384],,,,0.177,6.17,7.887
[1758203296833942395],,,,0.144,6.141,7.882
[1758203296837621145],,,,0.036,6.189,7.898
[1758203296842218853],,,,0.146,6.079,7.702
[1758203296846036509],,,,0.275,6.146,7.807
[1758203296849795103],,,,0.103,6.093,7.865
[1758203296853472238],,,,0.153,6.036,7.939
[1758203296857129738],,,,0.129,6.007,8.052
[1758203296860918593],,,,0.093,6.076,7.894
[1758203296864579322],,,,0.002,6.191,7.855
[1758203296868230155],,,,0.271,6.072,7.786
[1758203296871923124],,,,0.124,6.11,7.836
[1758203296875585155],,,,-0.024,6.153,7.669
[1758203296879249582],,,,0.117,6.014,7.961
[1758203296882967186],,,,0.072,6.115,7.843
[1758203296886631457],,,,0.048,6.069,7.87
[1758203296890332186],,,,0.091,6.139,7.839
[1758203296894131353],,,,0.034,6.124,7.93
[1758203296898086665],,,,0.091,6.134,7.875
[1758203296901830207],,,,0.136,6.155,7.824
[1758203296905496197],,,,0.074,6.045,7.946
[1758203296909190676],,,,0.158,6.081,7.728
[1758203296913843749],,,,0.06,6.084,7.822
[1758203296917654582],,,,0.069,6.184,7.575
[1758203296921332915],,,,0.065,6.177,7.606
[1758203296924998072],,,,0.311,5.78,8.092
[1758203296928659009],,,,0.215,6.096,8.056
[1758203296932345624],,,,0.098,5.737,7.92
[1758203296936005155],,,,0.129,6.079,7.796
[1758203296939658957],,,,0.139,6.002,7.755
[1758203296943346405],,,,0.144,6.043,7.714
[1758203296947923853],,,,0.187,6.215,8.167
[1758203296951792603],,,,0.038,6.0,7.968
[1758203296955475468],,,,0.065,6.081,7.705
[1758203296959150728],,,,0.093,6.402,7.807
[1758203296962882968],,,,0.148,6.132,7.654
[1758203296966546145],,,,0.041,6.002,7.836
[1758203296970205676],,,,0.201,6.175,7.982
[1758203296973895051],,,,0.124,6.072,8.004
[1758203296977568124],,,,0.055,6.088,8.083
[1758203296981238957],,,,0.127,5.976,7.693
[1758203296984893853],,,,0.103,6.153,7.918
[1758203296988557915],,,,0.163,6.038,7.681
[1758203296992281561],,,,0.055,6.043,7.851
[1758203296996043176],,,,0.172,6.036,7.573
[1758203296999728645],,,,0.153,6.05,7.594
[1758203297003677030],,,,-0.002,6.261,7.592
[1758203297007407447],,,,0.091,6.005,7.688
[1758203297011151822],,,,-0.019,6.17,7.839
[1758203297014825780],,,,0.034,6.146,8.033
[1758203297018491040],,,,0.069,6.16,8.363
[1758203297022189947],,,,0.134,6.024,8.078
[1758203297025875676],,,,0.158,5.957,8.107
[1758203297029537967],,,,0.014,6.05,8.049
[1758203297033221665],,,,0.187,6.127,7.937
[1758203297036877290],,,,0.144,6.033,8.042
[1758203297040588749],,,,0.196,6.069,8.045
[1758203297044289634],,,,0.232,6.129,7.87
[1758203297048053176],,,,0.168,6.072,7.719
[1758203297051985103],,,,0.06,6.098,7.827
[1758203297055709165],,,,0.067,5.988,7.815
[1758203297059376405],,,,0.11,6.072,7.618
[1758203297063122186],,,,0.192,6.1,7.738
[1758203297066790988],,,,-0.053,6.1,7.951
[1758203297070499530],,,,0.189,6.28,7.779
[1758203297074197915],,,,0.103,6.122,7.743
[1758203297077870207],,,,0.091,6.136,7.949
[1758203297081541092],,,,0.165,6.278,7.93
[1758203297085205832],,,,0.242,6.1,7.819
[1758203297088872186],,,,0.184,6.026,7.815
[1758203297092595467],,,,0.278,6.211,7.925
[1758203297096349374],,,,0.024,6.096,8.035
[1758203297102929374],,,,0.124,6.076,7.896
[1758203297106810207],,,,-0.041,6.088,7.736
[1758203297110604999],,,,0.29,6.057,7.884
[1758203297114363697],,,,0.079,6.072,7.788
[1758203297118035676],,,,0.041,6.103,7.752
[1758203297121738645],,,,0.086,5.99,7.724
[1758203297125397499],,,,0.168,6.105,7.908
[1758203297129121197],,,,0.108,6.065,7.848
[1758203297132823801],,,,0.23,6.127,7.958
[1758203297136512551],,,,0.103,5.986,7.898
[1758203297140170415],,,,0.129,6.017,7.944
[1758203297143849426],,,,0.172,6.134,8.085
[1758203297147583072],,,,0.148,6.225,7.803
[1758203297151376926],,,,0.115,6.112,7.913
[1758203297155056874],,,,0.225,6.081,7.949
[1758203297159436457],,,,0.115,6.12,7.805
[1758203297163443488],,,,0.067,6.146,7.848
[1758203297167354790],,,,0.038,6.268,7.86
[1758203297171296770],,,,0.093,6.055,7.817
[1758203297176057811],,,,0.17,6.141,7.75
[1758203297179990936],,,,0.041,6.026,7.92
[1758203297183970884],,,,0.189,6.122,7.877
[1758203297187857863],,,,0.117,6.127,7.764
[1758203297192637655],,,,0.079,6.055,7.831
[1758203297196574947],,,,0.285,6.041,7.894
[1758203297200573801],,,,0.148,6.029,7.872
[1758203297204464530],,,,0.256,6.048,7.913
[1758203297208163645],,,,0.168,6.141,8.085
[1758203297212810467],,,,0.041,6.062,7.7
[1758203297216645311],,,,0.036,6.12,7.92
[1758203297220355207],,,,0.218,6.086,7.985
[1758203297224060884],,,,0.077,6.033,7.726
[1758203297227725467],,,,0.098,6.246,7.784
[1758203297231416665],,,,0.019,6.1,7.994
[1758203297235123228],,,,0.23,6.127,7.91
[1758203297238859894],,,,0.129,5.978,7.75
[1758203297242557707],,,,0.127,6.031,7.834
[1758203297246209530],,,,-0.002,6.112,8.006
[1758203297249891405],,,,0.057,6.124,7.901
[1758203297253596457],,,,0.189,6.076,8.001
[1758203297257347290],,,,0.132,6.134,7.961
[1758203297261103332],,,,0.136,6.065,7.831
[1758203297265037030],,,,0.103,6.05,7.673
[1758203297268770728],,,,0.242,6.055,7.827
[1758203297272476040],,,,0.194,6.132,7.817
[1758203297276171092],,,,0.01,5.895,7.86
[1758203297279844478],,,,0.134,6.021,7.798
[1758203297283601978],,,,0.05,6.093,7.702
[1758203297287301874],,,,0.053,6.165,7.827
[1758203297291006197],,,,0.029,6.031,7.784
[1758203297294665624],,,,0.211,6.115,8.013
[1758203297298363072],,,,0.141,6.014,7.901
[1758203297302098228],,,,0.105,6.06,7.819
[1758203297305826197],,,,0.141,6.096,7.712
[1758203297309601926],,,,0.019,6.151,7.776
[1758203297313627186],,,,0.022,6.134,7.805
[1758203297317337447],,,,0.165,6.201,7.752
[1758203297321032134],,,,0.122,6.098,7.822
[1758203297324746509],,,,0.196,6.012,7.901
[1758203297328410572],,,,0.091,6.167,7.8
[1758203297332099269],,,,0.034,6.062,7.685
[1758203297335910832],,,,0.261,6.153,7.745
[1758203297339614790],,,,0.101,6.014,7.851
[1758203297343299009],,,,0.055,6.021,7.977
[1758203297346990884],,,,0.151,6.086,7.966
[1758203297350704478],,,,0.158,6.057,7.867
[1758203297354383072],,,,-0.036,6.086,7.731
[1758203297358156665],,,,0.091,6.05,8.109
[1758203297361932551],,,,0.069,6.12,7.918
[1758203297365599738],,,,0.122,6.172,7.831
[1758203297369554894],,,,0.199,6.11,7.942
[1758203297373382290],,,,0.108,6.105,7.688
[1758203297377062811],,,,0.18,6.014,8.042
[1758203297380792551],,,,0.132,6.12,7.961
[1758203297384456144],,,,0.022,6.012,8.025
[1758203297388122082],,,,0.072,6.258,7.887
[1758203297391852915],,,,0.067,6.172,7.987
[1758203297395548905],,,,0.05,6.263,7.853
[1758203297399249217],,,,0.134,6.033,7.87
[1758203297402964999],,,,0.0,6.151,7.97
[1758203297406608332],,,,0.153,6.12,7.992
[1758203297410319999],,,,0.034,6.026,7.906
[1758203297414481144],,,,0.031,6.215,7.807
[1758203297418224738],,,,0.002,6.055,7.86
[1758203297421974894],,,,0.297,5.978,7.875
[1758203297425724738],,,,0.127,6.041,7.858
[1758203297429467863],,,,0.034,5.993,7.841
[1758203297433199738],,,,0.036,5.997,7.867
[1758203297436873072],,,,0.065,6.084,7.994
[1758203297440571405],,,,0.036,6.117,7.815
[1758203297444233384],,,,0.268,6.084,7.731
[1758203297447951092],,,,0.084,6.108,8.042
[1758203297452731561],,,,0.144,6.062,7.702
[1758203297458046040],,,,0.239,6.261,7.697
[1758203297463472707],,,,0.012,6.033,7.638
[1758203297468623749],,,,0.077,6.009,7.786
[1758203297473803488],,,,-0.031,6.06,7.685
[1758203297479207551],,,,0.036,6.024,7.731
[1758203297484397394],,,,0.139,6.115,7.786
[1758203297489520936],,,,0.077,5.962,7.767
[1758203297494637342],,,,0.098,6.043,7.8
[1758203297499793592],,,,0.127,6.117,7.827
[1758203297505173384],,,,0.271,6.28,7.719
[1758203297511900051],,,,0.115,6.158,7.606
[1758203297517508644],,,,0.103,6.182,7.75
[1758203297522632967],,,,0.017,6.122,7.659
[1758203297527757030],,,,0.273,6.136,7.779
[1758203297532961717],,,,0.146,6.088,7.839
[1758203297538055936],,,,0.211,6.251,7.688
[1758203297543232030],,,,0.074,6.184,7.807
[1758203297548366665],,,,0.084,6.072,7.884
[1758203297553517655],,,,0.213,5.976,7.717
[1758203297558784946],,,,0.117,6.076,7.776
[1758203297563952915],,,,0.17,6.033,7.786
[1758203297569046926],,,,0.077,6.153,7.86
[1758203297575409478],,,,0.098,6.105,7.738
[1758203297580672551],,,,0.194,6.062,7.815
[1758203297586098540],,,,0.079,6.127,7.851
[1758203297591217759],,,,0.081,6.177,7.767
[1758203297596412238],,,,0.031,6.117,7.863
[1758203297601543176],,,,0.01,6.017,7.937
[1758203297606641874],,,,-0.077,6.098,7.894
[1758203297611817863],,,,0.069,6.026,7.731
[1758203297617003436],,,,0.158,5.988,7.717
[1758203297623911196],,,,0.127,6.1,7.812
[1758203297630663124],,,,0.079,6.112,7.887
[1758203297637440571],,,,0.141,6.048,7.898
[1758203297642848696],,,,0.074,6.041,7.901
[1758203297647971144],,,,0.103,6.088,7.8
[1758203297653122603],,,,0.249,6.1,7.76
[1758203297658241978],,,,0.136,6.167,7.76
[1758203297663322082],,,,0.105,6.048,7.683
[1758203297668420155],,,,0.144,5.983,7.547
[1758203297673662811],,,,0.062,6.06,7.858
[1758203297678856561],,,,0.242,6.079,7.807
[1758203297684094946],,,,0.038,6.191,7.906
[1758203297689204113],,,,-0.01,6.081,7.843
[1758203297695959321],,,,0.127,5.976,7.762
[1758203297702642134],,,,0.141,6.012,7.807
[1758203297709268801],,,,0.074,6.084,7.934
[1758203297715078853],,,,0.256,6.029,7.664
[1758203297721735155],,,,0.113,5.995,7.769
[1758203297727529790],,,,0.045,6.098,7.894
[1758203297733159061],,,,0.06,6.136,7.848
[1758203297739617863],,,,0.113,6.067,7.755
[1758203297746255259],,,,0.263,6.033,7.853
[1758203297751539113],,,,0.055,6.189,7.762
[1758203297755762446],,,,0.287,6.053,7.815
[1758203297759474478],,,,0.141,5.997,7.932
[1758203297763199478],,,,0.065,6.072,7.796
[1758203297766860051],,,,0.045,6.096,7.901
[1758203297771073540],,,,0.105,6.122,7.848
[1758203297775733592],,,,0.141,6.074,7.685
[1758203297779546405],,,,0.146,6.115,7.851
[1758203297784153905],,,,0.014,6.079,7.707
[1758203297787958280],,,,-0.074,6.115,7.954
[1758203297791655467],,,,0.196,6.127,7.75
[1758203297795324426],,,,0.053,6.053,7.815
[1758203297798990311],,,,0.045,6.146,7.906
[1758203297802713540],,,,0.019,6.081,7.769
[1758203297806384061],,,,0.141,6.122,7.958
[1758203297810049061],,,,0.055,6.196,7.846
[1758203297813747967],,,,0.192,6.1,7.925
[1758203297817413853],,,,0.072,5.997,7.896
[1758203297821144686],,,,0.072,6.225,7.958
[1758203297824834426],,,,-0.086,6.055,7.76
[1758203297828801978],,,,0.031,6.057,7.853
[1758203297833456301],,,,0.065,6.048,7.685
[1758203297837289321],,,,0.206,6.11,7.848
[1758203297841017551],,,,0.122,6.048,7.769
[1758203297844691353],,,,0.043,6.057,7.815
[1758203297848364113],,,,0.086,5.995,7.896
[1758203297852064738],,,,-0.024,6.031,7.946
[1758203297855717551],,,,0.084,6.067,7.975
[1758203297859380051],,,,0.144,6.203,7.908
[1758203297863076821],,,,0.141,6.05,7.851
[1758203297866741353],,,,0.139,6.201,8.011
[1758203297870531926],,,,0.002,6.132,7.807
[1758203297875122030],,,,0.091,6.069,7.841
[1758203297878921040],,,,0.206,6.043,7.906
[1758203297883502342],,,,0.211,6.148,7.843
[1758203297887289478],,,,0.215,6.06,7.822
[1758203297890967134],,,,0.158,6.139,7.932
[1758203297894599530],,,,0.189,6.112,7.87
[1758203297898243800],,,,0.017,6.0,7.896
[1758203297901950571],,,,0.192,6.16,7.97
[1758203297905612915],,,,0.067,6.112,7.839
[1758203297909279634],,,,0.297,6.251,7.946
[1758203297912960103],,,,-0.127,6.026,7.982
[1758203297916611978],,,,0.026,6.167,7.903
[1758203297920250259],,,,0.144,6.06,7.898
[1758203297923951873],,,,0.136,6.093,7.721
[1758203297927691040],,,,0.256,6.072,7.839
[1758203297931746925],,,,0.17,6.005,7.645
[1758203297935451196],,,,0.055,6.002,7.932
[1758203297939122290],,,,0.081,6.043,7.851
[1758203297942804634],,,,0.05,6.132,7.985
[1758203297946469530],,,,0.048,6.088,7.879
[1758203297950137290],,,,0.139,6.117,7.745
[1758203297953830363],,,,0.208,6.155,7.875
[1758203297957510207],,,,0.077,6.117,7.922
[1758203297961181300],,,,0.105,6.043,7.87
[1758203297964844061],,,,0.117,6.086,8.016
[1758203297968505519],,,,0.139,6.141,7.989
[1758203297972208384],,,,0.053,6.017,7.958
[1758203297975952759],,,,0.22,6.103,7.731
[1758203297979629686],,,,0.146,6.048,7.877
[1758203297983568853],,,,0.026,6.057,7.721
[1758203297987294530],,,,0.038,6.261,7.836
[1758203297990983436],,,,0.16,6.069,7.745
[1758203297994649009],,,,0.103,6.144,7.843
[1758203297998317446],,,,0.022,6.242,7.925
[1758203298002008175],,,,0.153,6.033,7.966
[1758203298005670207],,,,0.091,6.141,7.942
[1758203298009340675],,,,-0.019,6.182,7.776
[1758203298013005415],,,,0.029,6.115,7.954
[1758203298016657967],,,,0.124,6.009,7.882
[1758203298020349790],,,,0.287,5.99,7.752
[1758203298024083905],,,,0.038,6.105,8.301
[1758203298027829321],,,,0.146,6.065,7.901
[1758203298031773071],,,,0.127,6.021,7.989
[1758203298036336196],,,,0.05,6.151,7.97
[1758203298040240884],,,,0.261,6.268,7.867
[1758203298043984478],,,,0.053,6.074,7.688
[1758203298047647446],,,,0.031,6.038,7.649
[1758203298051337082],,,,0.007,6.177,7.614
[1758203298054998644],,,,0.12,6.134,7.606
[1758203298058653592],,,,0.096,5.835,7.767
[1758203298062322342],,,,0.208,6.088,7.922
[1758203298065983696],,,,0.069,6.146,7.91
[1758203298069648019],,,,0.024,6.254,7.973
[1758203298073349061],,,,0.141,5.978,7.925
[1758203298077006040],,,,0.113,6.108,7.956
[1758203298080773853],,,,0.05,5.856,7.913
[1758203298084539790],,,,0.146,6.041,7.937
[1758203298088210988],,,,0.139,6.151,8.09
[1758203298091879009],,,,0.067,6.12,7.817
[1758203298095548123],,,,0.019,6.084,8.114
[1758203298099225259],,,,0.105,6.093,7.87
[1758203298102951353],,,,0.091,6.043,7.748
[1758203298106612342],,,,0.122,6.28,7.956
[1758203298110269738],,,,0.069,6.038,7.76
[1758203298113947811],,,,0.041,6.088,7.855
[1758203298117603384],,,,0.134,6.11,7.757
[1758203298121307030],,,,0.079,6.201,7.779
[1758203298124995832],,,,0.251,6.088,7.748
[1758203298128667498],,,,0.213,6.1,7.848
[1758203298132417550],,,,0.091,6.177,7.755
[1758203298136090832],,,,0.053,6.105,7.781
[1758203298140685571],,,,-0.007,5.981,7.728
[1758203298144548696],,,,0.271,6.103,7.649
[1758203298148349998],,,,0.017,6.074,7.891
[1758203298152071665],,,,0.072,6.053,7.817
[1758203298155733436],,,,0.091,6.134,7.676
[1758203298159407082],,,,0.084,6.211,7.93
[1758203298163166977],,,,0.057,5.988,7.846
[1758203298166834113],,,,0.048,6.122,7.855
[1758203298170538332],,,,0.11,6.12,7.659
[1758203298174245519],,,,0.177,6.151,7.894
[1758203298177952030],,,,0.165,5.954,7.786
[1758203298183659530],,,,0.077,5.974,8.313
[1758203298187672863],,,,0.34,5.854,7.922
[1758203298191674686],,,,0.273,5.981,7.441
[1758203298195642082],,,,-0.601,6.689,7.412
[1758203298199537863],,,,0.06,6.002,7.503
[1758203298203452655],,,,0.012,6.105,7.863
[1758203298207361977],,,,0.512,5.835,8.255
[1758203298211274582],,,,0.204,6.16,8.004
[1758203298215176040],,,,-0.247,6.335,7.913
[1758203298219068175],,,,-0.182,6.33,8.365
[1758203298222981925],,,,0.275,5.842,7.891
[1758203298227005675],,,,0.014,6.139,7.626
[1758203298230825780],,,,-0.057,6.45,7.257
[1758203298234528540],,,,-0.366,6.56,7.149
[1758203298238197342],,,,-0.05,6.383,6.797
[1758203298241908748],,,,0.5,6.359,6.503
[1758203298245589217],,,,1.197,6.416,6.393
[1758203298249254842],,,,1.377,6.381,7.348
[1758203298252942759],,,,0.826,4.81,8.162
[1758203298256603852],,,,0.685,5.703,7.915
[1758203298260261248],,,,0.146,6.814,8.14
[1758203298263973384],,,,0.261,6.467,8.428
[1758203298267650519],,,,0.678,5.947,8.837
[1758203298271418540],,,,0.953,5.868,8.928
[1758203298275078280],,,,0.249,5.744,9.634
[1758203298278782655],,,,-0.187,5.447,9.335
[1758203298282553332],,,,-0.103,5.715,9.093
[1758203298286510519],,,,-0.733,4.994,9.048
[1758203298293607602],,,,-1.736,5.607,8.272
[1758203298297484894],,,,-0.919,6.057,8.358
[1758203298301197030],,,,-0.326,6.165,8.183
[1758203298304883852],,,,0.148,6.127,7.791
[1758203298308630363],,,,0.098,6.184,7.532
[1758203298312343696],,,,-0.05,6.383,6.809
[1758203298316001196],,,,0.024,6.579,6.84
[1758203298319655675],,,,0.113,6.388,6.577
[1758203298323351873],,,,0.541,6.345,6.63
[1758203298327074061],,,,0.764,6.203,6.694
[1758203298330998696],,,,0.532,6.369,6.891
[1758203298334723800],,,,0.242,6.503,7.211
[1758203298338433592],,,,0.062,6.457,7.532
[1758203298342129529],,,,0.067,6.527,7.705
[1758203298345821977],,,,-0.148,6.189,7.896
[1758203298349512654],,,,-0.172,6.167,8.193
[1758203298353186613],,,,0.101,5.981,8.241
[1758203298356873019],,,,0.077,6.038,8.315
[1758203298360617654],,,,0.271,5.662,8.32
[1758203298364309217],,,,0.326,5.504,8.377
[1758203298368003592],,,,0.546,5.476,8.667
[1758203298371785675],,,,0.479,5.435,8.471
[1758203298375464946],,,,0.678,5.284,8.42
[1758203298379160467],,,,0.857,5.224,8.787
[1758203298383056457],,,,1.109,5.246,8.679
[1758203298386739477],,,,0.96,5.454,8.674
[1758203298390728436],,,,0.666,5.538,8.614
[1758203298394474477],,,,0.723,5.701,8.454
[1758203298398155259],,,,0.469,5.636,8.495
[1758203298401826925],,,,0.797,5.533,8.329
[1758203298405518332],,,,0.97,5.595,8.021
[1758203298409198852],,,,0.934,5.643,8.047
[1758203298412908904],,,,0.807,5.758,7.863
[1758203298416569686],,,,0.934,5.701,7.525
[1758203298420260311],,,,1.075,5.71,7.458
[1758203298423969529],,,,1.003,5.583,7.542
[1758203298427776769],,,,0.816,5.748,7.621
[1758203298432347290],,,,0.761,5.77,7.379
[1758203298436134477],,,,0.809,5.746,7.621
[1758203298439808332],,,,0.855,5.569,7.709
[1758203298443506196],,,,0.718,5.746,7.977
[1758203298447170050],,,,0.824,5.552,8.337
[1758203298450889998],,,,0.917,5.856,8.191
[1758203298454550415],,,,1.063,5.875,8.598
[1758203298459276561],,,,0.991,5.55,8.531
[1758203298464469686],,,,0.613,5.332,8.566
[1758203298469591509],,,,1.037,5.772,9.093
[1758203298474770102],,,,1.523,5.624,9.163
[1758203298479986769],,,,1.006,5.564,9.292
[1758203298485330884],,,,0.871,5.648,8.89
[1758203298490485884],,,,1.034,5.483,9.462
[1758203298496872394],,,,0.505,5.229,8.418
[1758203298502288384],,,,-0.529,4.956,8.839
[1758203298508807029],,,,0.673,5.432,7.681
[1758203298514069061],,,,1.269,4.942,7.975
[1758203298519189738],,,,1.073,5.148,7.355
[1758203298524343800],,,,0.893,5.686,7.453
[1758203298529550311],,,,0.807,5.614,7.072
[1758203298534770571],,,,1.322,6.347,7.207
[1758203298539880363],,,,1.733,6.366,7.283
[1758203298545018019],,,,2.964,7.422,6.79
[1758203298550129269],,,,2.2,5.612,6.926
[1758203298555371977],,,,2.011,5.713,6.778
[1758203298560497446],,,,1.288,6.1,6.931
[1758203298565628071],,,,1.164,5.811,7.544
[1758203298570720363],,,,1.439,5.578,8.095
[1758203298575869009],,,,1.257,5.763,8.337
[1758203298581046665],,,,1.872,5.842,8.497
[1758203298586317811],,,,1.726,5.186,8.782
[1758203298591467029],,,,1.731,5.442,8.997
[1758203298596590467],,,,2.105,5.878,9.086
[1758203298601777498],,,,1.863,5.356,8.99
[1758203298608323488],,,,1.97,4.937,8.691
[1758203298614806196],,,,1.791,5.083,8.66
[1758203298620044321],,,,1.913,4.609,8.284
[1758203298625181769],,,,1.707,5.792,8.279
[1758203298630361561],,,,1.547,5.976,7.915
[1758203298635590623],,,,1.571,5.59,8.102
[1758203298640693800],,,,1.286,5.567,7.829
[1758203298645827134],,,,1.092,5.952,7.616
[1758203298650932238],,,,1.13,5.926,7.202
[1758203298656101509],,,,0.381,5.375,7.159
[1758203298661343800],,,,0.304,5.559,6.79
[1758203298666529061],,,,0.5,5.799,7.295
[1758203298671702602],,,,0.917,5.765,7.669
[1758203298676852759],,,,1.159,6.443,7.623
[1758203298682062863],,,,1.408,6.613,7.903
[1758203298687272811],,,,1.492,6.527,7.379
[1758203298692474581],,,,1.149,5.914,7.274
[1758203298697575779],,,,1.542,5.796,6.881
[1758203298702683175],,,,1.834,4.69,7.499
[1758203298707790675],,,,2.179,4.673,8.162
[1758203298713278540],,,,2.895,4.448,8.976
[1758203298719641561],,,,2.172,4.877,9.972
[1758203298726308279],,,,1.87,4.681,10.321
[1758203298733139477],,,,1.97,4.566,10.396
[1758203298738813071],,,,1.875,4.602,9.634
[1758203298744461092],,,,2.191,4.772,8.995
[1758203298750924165],,,,2.512,4.992,7.975
[1758203298756661977],,,,2.509,5.289,7.252
[1758203298762607863],,,,2.097,5.777,6.574
[1758203298767473800],,,,1.846,5.906,6.318
[1758203298772289217],,,,1.887,6.273,6.11
[1758203298777027967],,,,2.286,6.316,5.854
[1758203298783127290],,,,1.913,5.741,5.978
[1758203298787866613],,,,2.116,5.576,6.194
[1758203298792426717],,,,2.828,5.26,7.029
[1758203298796941144],,,,3.328,5.042,7.539
[1758203298801512967],,,,2.727,4.791,8.55
[1758203298806029738],,,,2.612,4.827,9.06
[1758203298810545050],,,,2.526,4.602,10.063
[1758203298815093175],,,,2.442,4.606,10.015
[1758203298820547498],,,,2.509,4.185,10.506
[1758203298825559790],,,,2.212,4.568,10.259
[1758203298830241040],,,,1.609,4.779,9.682
[1758203298834868175],,,,1.556,5.174,8.739
[1758203298839377029],,,,2.368,4.963,8.346
[1758203298843911717],,,,2.212,4.879,8.159
[1758203298848413592],,,,2.679,5.207,7.547
[1758203298852952029],,,,2.078,5.526,7.592
[1758203298857646613],,,,2.035,5.392,7.427
[1758203298862876925],,,,1.913,5.83,7.479
[1758203298868011040],,,,1.465,6.038,7.408
[1758203298873272029],,,,1.41,5.933,7.214
[1758203298878372446],,,,1.494,5.868,7.049
[1758203298883589113],,,,2.303,5.605,7.008
[1758203298888715675],,,,2.502,5.483,7.132
[1758203298893837394],,,,2.686,5.325,6.929
[1758203298898927863],,,,2.547,5.155,7.824
[1758203298904083696],,,,3.115,4.75,7.781
[1758203298909182342],,,,2.794,5.097,8.854
[1758203298914391352],,,,1.954,5.26,8.78
[1758203298919474477],,,,1.767,5.368,8.815
[1758203298924603852],,,,2.444,4.772,8.892
[1758203298929876248],,,,2.547,5.253,8.818
[1758203298935554842],,,,2.679,5.775,8.033
[1758203298940706508],,,,3.048,5.351,8.375
[1758203298945832394],,,,2.703,5.136,8.066
[1758203298950944894],,,,2.461,4.805,8.045
[1758203298956073904],,,,2.136,4.487,7.93
[1758203298961193279],,,,2.6,4.551,8.507
[1758203298966310206],,,,2.394,4.197,8.485
[1758203298971396300],,,,2.203,4.994,8.653
[1758203298976530936],,,,2.358,5.174,8.681
[1758203298981949998],,,,2.43,5.152,8.641
[1758203298987369998],,,,2.595,4.913,8.226
[1758203298992535883],,,,2.78,4.918,8.401
[1758203298997660206],,,,3.177,4.784,8.085
[1758203299002802967],,,,3.146,5.116,7.894
[1758203299007954269],,,,2.818,5.176,7.621
[1758203299013104217],,,,2.856,5.071,7.757
[1758203299018234269],,,,2.818,5.509,7.525
[1758203299023345050],,,,2.263,5.784,7.379
[1758203299028692394],,,,2.224,5.995,7.582
[1758203299034156977],,,,1.987,5.988,7.525
[1758203299040407967],,,,1.808,6.053,8.55
[1758203299046599425],,,,0.692,6.065,7.307
[1758203299051971508],,,,-0.309,6.737,7.712
[1758203299057110727],,,,0.893,6.682,7.015
[1758203299062317810],,,,1.772,6.414,7.192
[1758203299067433644],,,,2.023,6.27,6.665
[1758203299072519529],,,,2.82,6.584,6.855
[1758203299077603800],,,,3.713,6.328,7.518
[1758203299082820883],,,,3.859,5.801,7.307
[1758203299087930883],,,,3.601,6.27,7.341
[1758203299093054946],,,,3.259,5.382,8.313
[1758203299098293331],,,,2.682,4.956,8.255
[1758203299103426977],,,,2.392,5.523,8.191
[1758203299108540467],,,,1.812,5.459,8.238
[1758203299113749842],,,,1.779,6.263,8.509
[1758203299118880258],,,,1.633,5.42,7.887
[1758203299123980467],,,,1.913,6.009,7.757
[1758203299129077498],,,,1.796,6.038,7.903
[1758203299134333904],,,,2.263,6.194,7.276
[1758203299139589633],,,,2.195,6.163,7.434
[1758203299144741665],,,,2.004,6.139,7.128
[1758203299151119321],,,,1.434,6.285,7.159
[1758203299156448488],,,,1.484,6.922,7.084
[1758203299162513800],,,,1.769,7.209,6.388
[1758203299167686821],,,,1.822,6.61,6.723
[1758203299172786873],,,,2.143,6.764,6.402
[1758203299177866352],,,,2.037,6.804,6.618
[1758203299183142706],,,,1.607,6.407,6.835
[1758203299188274008],,,,1.482,6.756,7.444
[1758203299193419894],,,,1.152,6.656,7.434
[1758203299198565727],,,,0.912,5.873,8.195
[1758203299203871040],,,,0.426,6.361,8.442
[1758203299208984790],,,,0.036,5.88,8.305
[1758203299214089685],,,,0.139,6.0,8.301
[1758203299219219165],,,,0.579,5.849,8.576
[1758203299224424685],,,,0.654,5.392,8.533
[1758203299229532185],,,,1.238,6.093,8.028
[1758203299235926248],,,,1.264,6.254,7.678
[1758203299241154946],,,,-0.065,7.187,8.471
[1758203299246269060],,,,-3.06,5.732,5.71
[1758203299251378852],,,,-0.132,6.108,6.625
[1758203299256534998],,,,0.081,8.614,7.966
[1758203299262077550],,,,0.962,7.451,6.124
[1758203299267862081],,,,2.191,7.977,6.079
[1758203299273059737],,,,2.485,6.555,4.815
[1758203299278179269],,,,2.152,6.79,4.357
[1758203299283463227],,,,2.569,7.022,4.039
[1758203299288611404],,,,2.116,6.711,4.642
[1758203299293770206],,,,2.308,6.943,6.081
[1758203299298924842],,,,1.662,6.95,7.156
[1758203299304042133],,,,1.219,6.879,8.356
[1758203299309149217],,,,0.381,7.178,9.146
[1758203299314334477],,,,0.414,6.819,9.33
[1758203299319489529],,,,0.043,6.63,8.945
[1758203299324735571],,,,0.192,6.457,8.037
[1758203299329948071],,,,0.836,6.938,7.786
[1758203299335233904],,,,1.556,6.95,7.374
[1758203299340358435],,,,2.186,6.512,6.974
[1758203299345460623],,,,2.617,5.42,7.379
[1758203299350559477],,,,2.354,5.873,6.179
[1758203299355726040],,,,1.592,5.952,6.129
[1758203299360912081],,,,0.232,7.204,5.763
[1758203299366909165],,,,0.903,8.459,5.552
[1758203299372758592],,,,1.403,9.618,5.792
[1758203299378130571],,,,2.047,8.507,5.557
[1758203299384667498],,,,1.568,8.811,5.274
[1758203299390290883],,,,1.652,8.238,4.154
[1758203299396984217],,,,1.381,8.459,5.751
[1758203299402958956],,,,1.161,7.412,6.23
[1758203299408671300],,,,0.757,6.967,6.438
[1758203299415175623],,,,0.431,6.148,6.491
[1758203299420799060],,,,0.237,6.345,7.173
[1758203299427345675],,,,-0.326,5.818,10.379
[1758203299432901456],,,,0.093,5.787,10.058
[1758203299438088696],,,,-0.175,5.564,9.285
[1758203299443339842],,,,-0.352,4.815,9.687
[1758203299448487446],,,,-0.273,5.085,9.239
[1758203299453709842],,,,0.278,5.183,9.27
[1758203299458838592],,,,0.747,5.045,9.282
[1758203299462884685],,,,0.654,5.1,9.1
[1758203299466617810],,,,0.994,6.144,8.545
[1758203299470498956],,,,1.022,6.328,8.238
[1758203299474462706],,,,0.601,6.653,8.061
[1758203299478186196],,,,0.601,6.716,7.523
[1758203299481869008],,,,0.409,7.137,7.432
[1758203299485516560],,,,0.345,6.95,6.914
[1758203299489185050],,,,0.453,7.094,6.864
[1758203299493718748],,,,0.019,7.621,6.361
[1758203299497441352],,,,-0.065,7.491,6.273
[1758203299501239737],,,,-0.069,7.891,6.017
[1758203299504907185],,,,0.124,7.851,6.232
[1758203299508583435],,,,0.369,7.573,6.081
[1758203299512274946],,,,0.069,7.678,6.115
[1758203299515940206],,,,0.026,7.853,6.096
[1758203299519626769],,,,-0.172,7.999,5.916
[1758203299523311717],,,,0.134,7.92,6.091
[1758203299526974894],,,,0.158,7.779,5.988
[1758203299530716769],,,,-0.072,7.76,5.368
[1758203299534369633],,,,0.113,6.235,5.784
[1758203299538031456],,,,0.041,6.292,6.136
[1758203299542061039],,,,-0.251,5.811,5.974
[1758203299545765779],,,,0.144,6.007,6.266
[1758203299549450102],,,,0.383,6.388,7.029
[1758203299553139060],,,,1.628,6.843,7.621
[1758203299556804112],,,,1.513,6.354,8.411
[1758203299560515310],,,,1.628,5.811,8.107
[1758203299564209112],,,,1.901,6.725,8.528
[1758203299567908592],,,,2.545,6.285,8.602
[1758203299571600831],,,,2.081,6.045,8.325
[1758203299575305206],,,,1.69,6.096,8.157
[1758203299579269060],,,,3.342,6.096,7.956
[1758203299583004685],,,,2.65,5.423,7.635
[1758203299586700571],,,,2.124,5.813,7.585
[1758203299590639008],,,,2.26,6.069,7.578
[1758203299595284894],,,,2.236,6.302,7.884
[1758203299599085467],,,,2.318,5.641,7.298
[1758203299602774581],,,,1.29,6.16,8.004
[1758203299606437237],,,,2.492,6.752,7.949
[1758203299610105935],,,,2.595,6.232,7.932
[1758203299613785935],,,,2.327,6.144,7.999
[1758203299617467446],,,,1.729,6.486,8.097
[1758203299621167029],,,,1.707,6.663,7.563
[1758203299624837289],,,,1.628,6.67,7.863
[1758203299672236560],,,,2.885,5.99,5.021
[1758203299676918696],,,,3.627,4.863,5.811
[1758203299680747498],,,,3.807,4.999,7.02
[1758203299684657498],,,,3.871,4.887,7.24
[1758203299688374685],,,,3.213,5.03,8.102
[1758203299692137498],,,,2.16,5.131,8.581
[1758203299695802706],,,,1.973,4.233,9.359
[1758203299699467029],,,,0.524,5.569,9.024
[1758203299703144841],,,,4.128,3.292,10.657
[1758203299706822289],,,,3.414,3.603,12.213
[1758203299710540206],,,,1.518,4.662,10.855
[1758203299714274008],,,,1.511,5.21,10.19
[1758203299717969946],,,,0.546,5.401,10.47
[1758203299721810102],,,,1.381,4.882,9.689
[1758203299725509841],,,,2.626,4.353,9.402
[1758203299729191352],,,,2.526,5.308,8.373
[1758203299732907498],,,,3.1,5.964,7.269
[1758203299736546925],,,,3.965,6.191,6.505
[1758203299740221612],,,,4.171,5.969,6.208
[1758203299744851612],,,,4.092,5.183,5.837
[1758203299748651091],,,,4.542,5.581,6.215
[1758203299752330779],,,,3.44,5.442,6.565
[1758203299755995675],,,,2.286,5.945,6.644
[1758203299759663800],,,,2.198,5.526,7.614
[1758203299763345883],,,,0.493,5.399,8.018
[1758203299766998591],,,,0.168,5.327,8.186
[1758203299770713071],,,,0.072,6.105,8.715
[1758203299774434946],,,,-0.599,5.327,9.048
[1758203299778114060],,,,-0.527,5.318,9.335
[1758203299781830102],,,,-0.29,5.198,9.282
[1758203299785515987],,,,0.122,4.879,9.199
[1758203299789688696],,,,1.688,4.882,8.964
[1758203299794298071],,,,-0.385,6.033,7.635
[1758203299798116039],,,,3.1,4.559,7.728
[1758203299801860571],,,,3.065,4.235,9.474
[1758203299805535206],,,,3.833,3.587,8.636
[1758203299809201925],,,,3.428,4.195,8.272
[1758203299812893435],,,,1.199,5.265,8.471
[1758203299816533331],,,,0.991,5.71,8.475
[1758203299820205050],,,,1.329,5.248,8.969
[1758203299823919216],,,,1.611,5.121,9.359
[1758203299827587550],,,,1.451,5.085,8.945
[1758203299831312654],,,,1.271,5.418,8.499
[1758203299835024216],,,,1.13,5.346,8.475
[1758203299838715571],,,,1.499,5.327,8.296
[1758203299842691664],,,,1.985,5.148,8.241
[1758203299846413331],,,,1.475,5.409,7.784
[1758203299850092341],,,,1.7,5.339,7.314
[1758203299853803487],,,,2.105,5.203,7.551
[1758203299857477289],,,,2.253,4.92,7.956
[1758203299861171456],,,,2.389,4.882,7.865
[1758203299864873227],,,,1.923,5.083,7.999
[1758203299868589946],,,,1.451,5.26,8.296
[1758203299872306768],,,,1.295,5.274,8.693
[1758203299875998487],,,,1.02,5.389,8.957
[1758203299879686352],,,,0.668,5.521,8.899
[1758203299883375154],,,,0.838,5.346,8.382
[1758203299887107654],,,,1.14,5.246,8.672
[1758203299891412914],,,,1.559,4.906,8.452
[1758203299895108643],,,,1.856,4.638,8.38
[1758203299898773071],,,,1.75,4.8,8.171
[1758203299903529321],,,,2.253,4.465,8.023
[1758203299907539008],,,,2.365,4.434,8.61
[1758203299911562081],,,,1.978,4.611,8.519
[1758203299915478071],,,,1.331,4.817,8.849
[1758203299919381925],,,,1.592,4.659,9.005
[1758203299923322602],,,,1.611,4.841,8.885
[1758203299927256456],,,,1.856,4.568,9.182
[1758203299931171925],,,,1.81,4.41,8.995
[1758203299935055675],,,,2.136,4.468,8.945
[1758203299938935362],,,,2.263,4.487,8.969
[1758203299943784998],,,,2.155,4.137,9.017
[1758203299947598748],,,,2.054,3.8,8.655
[1758203299952187133],,,,1.887,4.355,8.815
[1758203299955976352],,,,1.994,4.183,9.012
[1758203299959642029],,,,1.923,4.058,9.091
[1758203299963349633],,,,2.107,4.197,9.088
[1758203299967006352],,,,2.263,4.283,9.139
[1758203299970752810],,,,2.33,4.08,9.313
[1758203299974430987],,,,2.272,4.317,8.978
[1758203299978098018],,,,1.982,4.537,8.902
[1758203299981789008],,,,1.669,4.626,8.885
[1758203299985445883],,,,1.709,4.594,8.521
[1758203299989096925],,,,1.662,4.741,8.485
[1758203299992837289],,,,1.753,4.695,8.231
[1758203299996969737],,,,1.858,4.843,8.109
[1758203300000852914],,,,1.889,4.855,8.138
[1758203300004540623],,,,1.856,4.944,7.843
[1758203300008212185],,,,2.045,4.65,7.937
[1758203300011900414],,,,2.1,4.65,8.112
[1758203300015560466],,,,2.126,4.812,8.265
[1758203300019254112],,,,1.889,4.834,8.416
[1758203300022964633],,,,1.559,4.966,8.507
[1758203300026657758],,,,1.642,4.934,8.617
[1758203300030362446],,,,1.362,4.982,8.633
[1758203300034066352],,,,1.475,4.822,8.875
[1758203300037738852],,,,1.595,4.774,8.756
[1758203300041512758],,,,1.595,4.81,8.681
[1758203300045165258],,,,1.666,4.858,8.59
[1758203300048851821],,,,1.779,4.724,8.645
[1758203300052636716],,,,2.025,4.503,8.511
[1758203300056314425],,,,2.116,4.549,8.48
[1758203300060006977],,,,2.236,4.645,8.432
[1758203300063708383],,,,2.164,4.468,8.396
[1758203300067381039],,,,2.274,4.52,8.298
[1758203300071090987],,,,2.595,4.652,8.365
[1758203300074761664],,,,2.959,5.006,8.622
[1758203300078512966],,,,3.97,5.126,8.868
[1758203300082189945],,,,3.376,4.573,8.854
[1758203300085879425],,,,3.093,4.597,8.717
[1758203300089550154],,,,2.662,4.405,8.528
[1758203300093198227],,,,2.538,4.329,8.849
[1758203300096841716],,,,2.31,4.18,8.677
[1758203300100965779],,,,1.946,3.931,8.574
[1758203300104790310],,,,1.683,4.07,8.854
[1758203300108491195],,,,1.379,3.936,8.993
[1758203300112170466],,,,1.573,4.25,8.866
[1758203300115879998],,,,1.724,4.152,8.679
[1758203300119547289],,,,1.618,4.415,8.76
[1758203300123236508],,,,2.011,4.367,8.502
[1758203300126895727],,,,2.16,4.513,8.602
[1758203300130600362],,,,2.179,4.386,8.511
[1758203300134297029],,,,1.887,4.29,8.404
[1758203300137989060],,,,2.191,4.518,8.528
[1758203300141667810],,,,2.212,4.592,8.514
[1758203300145346664],,,,2.282,4.64,8.622
[1758203300149152133],,,,2.152,4.827,8.775
[1758203300152912393],,,,1.963,4.853,8.562
[1758203300156579268],,,,2.061,4.707,8.811
[1758203300160274477],,,,2.011,4.597,8.598
[1758203300164139216],,,,2.04,4.266,8.526
[1758203300169064893],,,,2.447,4.357,8.698
[1758203300174249373],,,,2.471,4.559,8.459
[1758203300179355414],,,,2.368,4.432,8.669
[1758203300184537758],,,,2.337,4.606,8.471
[1758203300189649164],,,,2.282,4.954,8.37
[1758203300194752654],,,,1.937,4.906,7.98
[1758203300199898956],,,,1.937,4.994,7.958
[1758203300205691925],,,,1.997,5.107,7.75
[1758203300210977185],,,,2.251,5.085,7.278
[1758203300216113591],,,,2.729,5.037,7.245
[1758203300221209164],,,,2.643,4.901,7.25
[1758203300226376248],,,,2.914,4.714,7.58
[1758203300233961143],,,,2.612,3.515,8.298
[1758203300239128175],,,,3.105,3.689,9.0
[1758203300244299268],,,,2.933,3.63,9.503
[1758203300249437393],,,,3.572,4.147,11.032
[1758203300254749581],,,,3.05,3.493,10.841
[1758203300259876091],,,,2.399,2.658,9.33
[1758203300265071612],,,,2.598,4.118,8.696
[1758203300270223643],,,,2.854,3.974,8.368
[1758203300275370987],,,,2.794,4.051,7.922
[1758203300280488123],,,,2.737,4.525,7.286
[1758203300285657550],,,,2.622,4.559,7.57
[1758203300290760570],,,,2.828,4.424,7.458
[1758203300295987810],,,,3.007,4.396,7.731
[1758203300301147654],,,,2.861,4.104,7.949
[1758203300306594164],,,,3.077,3.991,8.516
[1758203300312823643],,,,3.012,4.029,8.794
[1758203300319395414],,,,2.801,3.974,9.002
[1758203300324733643],,,,3.215,3.543,9.826
[1758203300329995414],,,,3.189,3.361,9.21
[1758203300335109633],,,,3.165,3.543,8.708
[1758203300340183383],,,,3.474,3.455,8.138
[1758203300345287133],,,,3.926,3.328,7.985
[1758203300350506091],,,,3.699,3.589,8.452
[1758203300355750102],,,,3.062,3.029,7.537
[1758203300360865310],,,,3.491,4.204,9.531
[1758203300366039164],,,,3.488,3.014,8.684
[1758203300371236508],,,,3.931,3.081,9.153
[1758203300376368904],,,,3.371,3.62,8.2
[1758203300381476404],,,,3.349,3.515,8.382
[1758203300386597706],,,,2.837,3.637,8.519
[1758203300391744529],,,,3.175,3.814,8.794
[1758203300396918747],,,,2.921,3.62,9.163
[1758203300402311143],,,,2.701,3.677,8.825
[1758203300407460414],,,,2.543,3.481,8.294
[1758203300412624789],,,,3.27,3.397,8.368
[1758203300417777445],,,,4.465,3.22,8.571
[1758203300424366977],,,,4.575,2.94,8.396
[1758203300429770570],,,,3.97,3.12,8.25
[1758203300435311820],,,,3.855,3.036,8.349
[1758203300440435362],,,,3.694,3.196,8.337
[1758203300445582550],,,,3.62,3.326,8.444
[1758203300453576612],,,,3.048,3.433,8.782
[1758203300459450935],,,,3.249,3.306,9.088
[1758203300465128279],,,,3.488,3.225,8.677
[1758203300470114112],,,,3.352,3.29,8.626
[1758203300474910310],,,,3.587,3.168,8.765
[1758203300479662341],,,,3.467,3.292,8.77
[1758203300484419112],,,,3.098,3.778,8.636
[1758203300489179268],,,,2.6,3.91,8.574
[1758203300494025570],,,,2.868,3.725,8.655
[1758203300498787289],,,,3.316,3.393,8.473
[1758203300504601352],,,,3.218,3.294,8.243
[1758203300509335258],,,,3.089,3.474,8.672
[1758203300513896195],,,,3.522,3.242,8.808
[1758203300518396247],,,,3.632,3.651,9.06
[1758203300522918174],,,,3.5,3.349,9.045
[1758203300527438643],,,,4.041,3.658,9.407
[1758203300532395414],,,,3.541,3.63,9.448
[1758203300536951195],,,,3.005,3.467,9.359
[1758203300542610049],,,,3.1,3.797,8.897
[1758203300547223279],,,,2.761,3.737,8.684
[1758203300552963122],,,,2.387,3.855,8.267
[1758203300557630570],,,,1.93,3.187,7.207
[1758203300562175154],,,,2.037,3.244,7.372
[1758203300566702289],,,,2.174,4.47,7.614
[1758203300571897966],,,,2.195,4.384,8.1
[1758203300577046247],,,,2.028,4.025,10.127
[1758203300582211195],,,,1.585,3.934,10.113
[1758203300587332810],,,,2.002,4.063,9.057
[1758203300592492237],,,,2.32,4.168,8.317
[1758203300597644529],,,,2.31,4.329,8.246
[1758203300603122185],,,,2.193,4.434,8.404
[1758203300608246977],,,,1.647,4.606,8.337
[1758203300613368539],,,,0.682,5.294,8.89
[1758203300618478331],,,,0.041,5.674,8.734
[1758203300623633070],,,,0.117,5.08,8.456
[1758203300628743747],,,,0.864,4.76,8.265
[1758203300633902393],,,,2.727,4.051,9.694
[1758203300639416352],,,,2.31,3.273,9.222
[1758203300644665727],,,,2.155,3.575,8.983
[1758203300650211872],,,,2.203,3.915,9.23
[1758203300656522445],,,,2.715,4.164,8.808
[1758203300661849268],,,,1.817,4.463,8.392
[1758203300667000466],,,,1.583,4.736,7.664
[1758203300672199737],,,,1.563,4.35,7.772
[1758203300677327289],,,,0.84,4.013,7.489
[1758203300682446664],,,,0.678,5.021,8.03
[1758203300687556768],,,,-0.666,4.714,8.842
[1758203300692718279],,,,2.057,4.642,9.175
[1758203300697848852],,,,0.917,4.767,9.479
[1758203300703379424],,,,2.954,4.094,9.268
[1758203300708559529],,,,3.759,3.225,8.966
[1758203300713691404],,,,1.204,4.118,8.593
[1758203300718799216],,,,1.247,3.474,9.673
[1758203300723944789],,,,1.104,3.685,9.153
[1758203300729062602],,,,3.127,2.286,9.51
[1758203300734246351],,,,3.148,2.682,9.759
[1758203300739380726],,,,1.494,3.575,8.813
[1758203300744889737],,,,1.913,3.625,9.005
[1758203300750095518],,,,0.757,3.721,8.813
[1758203300755709320],,,,1.575,3.029,9.33
[1758203300760855258],,,,2.217,3.44,8.966
[1758203300766010258],,,,2.804,3.357,8.88
[1758203300771166195],,,,2.658,3.11,8.669
[1758203300776358122],,,,2.521,2.866,8.885
[1758203300781474841],,,,2.593,3.014,9.036
[1758203300786589789],,,,1.753,3.864,11.315
[1758203300791790310],,,,3.16,2.727,8.961
[1758203300797003643],,,,1.59,3.215,10.039
[1758203300802381195],,,,2.325,2.471,9.038
[1758203300807546351],,,,1.712,3.203,9.44
[1758203300812685779],,,,0.919,3.014,9.285
[1758203300817836351],,,,1.812,2.607,9.474
[1758203300822996976],,,,2.576,2.246,9.232
[1758203300828108226],,,,2.528,2.38,9.582
[1758203300833286924],,,,2.028,2.468,9.524
[1758203300838434008],,,,2.236,2.392,9.732
[1758203300843588695],,,,1.686,2.533,9.84
[1758203300848769945],,,,1.985,2.705,9.797
[1758203300854395101],,,,1.702,2.298,9.56
[1758203300859543435],,,,2.875,1.556,10.305
[1758203300864970518],,,,2.421,2.016,9.505
[1758203300870193226],,,,2.744,2.028,9.766
[1758203300875366299],,,,2.21,2.009,9.859
[1758203300880462393],,,,2.162,2.464,9.761
[1758203300885562133],,,,2.49,2.998,9.979
[1758203300890706976],,,,3.505,3.948,9.78
[1758203300896022029],,,,4.283,4.64,9.732
[1758203300901249164],,,,2.861,4.712,8.985
[1758203300906545049],,,,1.697,4.805,8.243
[1758203300911780258],,,,0.283,3.773,6.524
[1758203300917019216],,,,-0.443,4.264,6.63
[1758203300922202497],,,,-0.922,4.446,6.656
[1758203300927374060],,,,-0.778,4.465,7.056
[1758203300932558174],,,,-0.227,4.616,8.255
[1758203300937778279],,,,0.017,4.494,9.17
[1758203300943069581],,,,-0.354,4.99,9.297
[1758203300948249268],,,,-0.309,4.434,9.986
[1758203300953575935],,,,0.63,3.405,11.981
[1758203300959056143],,,,1.101,3.036,11.229
[1758203300964269633],,,,1.64,3.567,8.82
[1758203300969452028],,,,2.073,3.907,8.516
[1758203300975039424],,,,2.387,3.895,8.756
[1758203300980166716],,,,2.195,3.955,8.669
[1758203300985289216],,,,1.994,4.185,8.748
[1758203300990435778],,,,1.221,4.654,8.973
[1758203300995643956],,,,0.177,5.059,9.084
[1758203301000953747],,,,0.175,5.325,8.792
[1758203301006383539],,,,-0.381,4.226,8.942
[1758203301011631508],,,,-0.043,4.793,8.466
[1758203301016849581],,,,-0.146,5.277,7.76
[1758203301022038487],,,,-1.587,3.819,6.572
[1758203301027166299],,,,-0.335,4.113,6.991
[1758203301032392810],,,,-0.192,4.865,7.676
[1758203301037543539],,,,0.184,4.506,7.659
[1758203301042889841],,,,0.163,5.143,8.856
[1758203301048123799],,,,0.692,6.251,9.814
[1758203301053398070],,,,0.658,5.993,9.632
[1758203301058522653],,,,0.79,6.175,8.195
[1758203301063678331],,,,0.117,5.128,7.08
[1758203301070209268],,,,-0.124,4.283,7.427
[1758203301075485362],,,,0.965,4.403,7.755
[1758203301080942237],,,,1.329,5.385,8.401
[1758203301087489581],,,,2.014,6.39,8.595
[1758203301092968539],,,,2.514,6.558,8.092
[1758203301098344581],,,,3.658,6.728,7.547
[1758203301104936351],,,,2.741,5.677,7.367
[1758203301111417966],,,,2.435,3.953,7.42
[1758203301117157810],,,,1.013,4.927,7.709
[1758203301123809268],,,,0.512,5.262,8.162
[1758203301129446820],,,,0.639,4.781,8.454
[1758203301135987497],,,,1.494,4.35,8.801
[1758203301141689216],,,,1.274,4.551,8.789
[1758203301148104633],,,,1.298,4.405,8.923
[1758203301154516039],,,,1.506,4.223,8.894
[1758203301159782862],,,,1.343,4.238,9.412
[1758203301164999997],,,,1.221,4.302,9.325
[1758203301169770570],,,,0.986,4.195,9.199
[1758203301174428330],,,,0.972,4.173,9.177
[1758203301179080362],,,,1.001,4.401,9.196
[1758203301182903695],,,,1.219,4.29,8.978
[1758203301186570518],,,,1.29,4.343,9.017
[1758203301190239528],,,,1.233,4.561,8.808
[1758203301193937237],,,,1.305,4.389,8.653
[1758203301197595935],,,,1.432,4.164,8.598
[1758203301201277549],,,,1.544,4.271,8.71
[1758203301204944737],,,,1.499,4.245,8.871
[1758203301208623330],,,,1.061,4.539,8.988
[1758203301213360414],,,,0.412,5.001,9.017
[1758203301217157289],,,,-0.436,5.65,8.861
[1758203301220914893],,,,-0.828,5.65,8.801
[1758203301224581299],,,,-0.716,5.418,8.677
[1758203301228247341],,,,-0.342,5.499,8.543
[1758203301231936403],,,,-0.089,5.483,8.25
[1758203301235598330],,,,0.007,5.363,7.858
[1758203301239285101],,,,0.417,5.253,7.652
[1758203301242971768],,,,0.812,5.155,7.599
[1758203301246628955],,,,0.824,4.906,7.535
[1758203301250292497],,,,1.099,4.884,7.776
[1758203301253990153],,,,1.396,4.59,7.975
[1758203301257670258],,,,1.231,4.793,8.169
[1758203301261636299],,,,1.149,4.659,8.569
[1758203301265331508],,,,1.001,4.671,8.878
[1758203301269031768],,,,1.03,4.561,9.093
[1758203301272727966],,,,0.972,4.583,9.124
[1758203301276431143],,,,1.07,4.195,9.301
[1758203301280127028],,,,0.812,4.46,9.369
[1758203301283832185],,,,1.334,4.082,9.649
[1758203301287506560],,,,1.089,4.429,9.56
[1758203301291185726],,,,0.962,4.458,9.493
[1758203301294857914],,,,0.723,4.611,9.452
[1758203301298525935],,,,0.639,4.645,9.357
[1758203301302270883],,,,0.668,4.688,9.002
[1758203301306054216],,,,0.843,4.695,9.019
[1758203301309749685],,,,0.493,4.805,8.784
[1758203301313846403],,,,0.709,5.018,8.708
[1758203301317540205],,,,0.46,5.179,8.712
[1758203301321227653],,,,-0.273,5.495,8.418
[1758203301324899164],,,,-0.371,5.854,8.042
[1758203301328603226],,,,-0.436,5.657,7.934
[1758203301332311247],,,,-0.251,5.638,7.705
[1758203301335981820],,,,0.249,5.605,7.456
[1758203301339652393],,,,0.486,5.485,7.398
[1758203301343330414],,,,0.603,5.586,7.269
[1758203301346994112],,,,0.369,5.66,7.355
[1758203301350734945],,,,0.347,5.023,7.606
[1758203301354430362],,,,0.603,5.622,7.717
[1758203301358186924],,,,0.804,5.071,8.049
[1758203301362089841],,,,0.321,5.26,8.365
[1758203301365765414],,,,0.268,5.08,8.727
[1758203301369489216],,,,0.397,4.968,8.863
[1758203301373192810],,,,0.453,4.985,9.057
[1758203301376867758],,,,0.261,4.899,9.124
[1758203301380581872],,,,0.378,4.767,9.194
[1758203301384279112],,,,0.409,4.843,9.459
[1758203301387946768],,,,0.194,4.882,9.376
[1758203301391633695],,,,0.256,4.896,9.333
[1758203301395305049],,,,0.424,4.855,9.254
[1758203301398975205],,,,0.182,4.879,9.05
[1758203301402713382],,,,0.347,5.033,9.033
[1758203301406487966],,,,0.213,4.958,8.643
[1758203301410185049],,,,0.323,4.97,8.667
[1758203301415082497],,,,0.204,5.145,8.327
[1758203301418892341],,,,0.208,5.329,8.377
[1758203301422588643],,,,0.201,5.229,8.442
[1758203301426256195],,,,0.041,5.265,8.42
[1758203301429927497],,,,0.007,5.533,8.413
[1758203301433627341],,,,-0.263,5.464,8.282
[1758203301437303903],,,,-0.017,5.375,8.001
[1758203301440973018],,,,0.065,5.464,8.308
[1758203301444641039],,,,0.45,5.492,8.071
[1758203301448319945],,,,0.453,5.248,7.968
[1758203301452034424],,,,0.694,5.14,8.023
[1758203301455721768],,,,0.484,5.083,8.26
[1758203301459484112],,,,0.5,5.181,8.071
[1758203301463407497],,,,0.508,5.183,8.09
[1758203301467110257],,,,0.141,5.243,8.332
[1758203301470904893],,,,0.168,5.327,8.545
[1758203301474609112],,,,0.105,5.329,8.578
[1758203301478279997],,,,0.127,5.325,8.641
[1758203301481999424],,,,0.134,5.262,8.519
[1758203301485684216],,,,0.192,5.09,8.698
[1758203301489351716],,,,0.18,5.334,8.598
[1758203301493038070],,,,0.213,5.258,8.375
[1758203301496735830],,,,0.445,5.193,8.578
[1758203301500471820],,,,0.455,5.148,8.485
[1758203301507900257],,,,0.373,5.152,8.332
[1758203301512520726],,,,0.311,5.282,8.466
[1758203301517093591],,,,0.347,5.306,8.392
[1758203301520937705],,,,0.036,5.222,8.37
[1758203301524935570],,,,0.302,5.284,8.444
[1758203301528659007],,,,0.28,5.234,8.507
[1758203301532359164],,,,0.115,5.329,8.473
[1758203301536030310],,,,0.17,5.107,8.234
[1758203301539690570],,,,0.424,5.234,8.442
[1758203301543385830],,,,0.342,5.329,8.507
[1758203301547048330],,,,0.254,5.241,8.327
[1758203301550765257],,,,0.328,5.059,8.483
[1758203301554436560],,,,0.409,5.107,8.404
[1758203301558113695],,,,0.443,5.138,8.399
[1758203301562699372],,,,0.314,5.301,8.052
[1758203301566470935],,,,0.34,5.167,8.155
[1758203301570223487],,,,0.496,5.052,8.145
[1758203301573914424],,,,0.524,5.078,8.133
[1758203301577576195],,,,0.534,5.133,8.145
[1758203301581265987],,,,0.51,5.145,8.112
[1758203301585488382],,,,0.381,5.356,8.162
[1758203301589475362],,,,0.563,5.377,8.449
[1758203301593412757],,,,1.568,6.182,8.586
[1758203301597335414],,,,2.375,6.05,8.684
[1758203301601252966],,,,2.284,6.134,8.679
[1758203301605145726],,,,2.471,5.861,9.0
[1758203301609930778],,,,2.04,5.528,8.382
[1758203301613921768],,,,2.162,5.507,8.909
[1758203301617848330],,,,1.772,5.088,9.029
[1758203301621833070],,,,0.838,4.755,8.909
[1758203301625724112],,,,0.611,4.942,8.327
[1758203301630442028],,,,0.192,4.348,8.928
[1758203301635170049],,,,-0.201,4.199,9.007
[1758203301639050414],,,,-0.158,4.75,9.184
[1758203301642773539],,,,-0.117,5.035,8.724
[1758203301646434059],,,,0.005,5.31,8.813
[1758203301650108278],,,,-0.275,4.812,8.734
[1758203301653819424],,,,-0.421,5.294,7.412
[1758203301657488278],,,,0.227,5.243,7.841
[1758203301661175414],,,,0.247,5.49,7.616
[1758203301664833070],,,,0.658,5.526,8.035
[1758203301668509007],,,,0.857,5.837,8.001
[1758203301673130726],,,,0.881,5.583,7.853
[1758203301676857028],,,,0.637,5.315,7.721
[1758203301680587549],,,,0.113,5.557,7.549
[1758203301684311403],,,,0.481,4.997,7.867
[1758203301688157497],,,,-0.093,5.816,8.296
[1758203301691877289],,,,-0.105,5.679,8.327
[1758203301695542862],,,,-0.472,5.535,8.863
[1758203301699210518],,,,-0.464,5.567,9.151
[1758203301702930830],,,,-1.149,5.409,8.511
[1758203301706601768],,,,-0.757,5.128,8.909
[1758203301710292132],,,,-0.716,4.772,8.626
[1758203301713992705],,,,-1.07,5.727,8.361
[1758203301717675309],,,,-0.855,5.535,8.523
[1758203301721639007],,,,-0.508,5.344,8.332
[1758203301725348122],,,,-0.637,5.171,8.375
[1758203301729038539],,,,-0.783,5.59,8.135
[1758203301732745153],,,,0.041,5.796,7.908
[1758203301736454632],,,,0.124,5.722,8.25
[1758203301740392549],,,,-0.611,5.557,7.733
[1758203301744150101],,,,-0.709,5.562,7.93
[1758203301747888278],,,,-0.565,5.593,8.195
[1758203301751576559],,,,-1.154,5.397,7.824
[1758203301755239997],,,,-0.895,5.705,8.183
[1758203301758908955],,,,-0.378,5.677,8.226
[1758203301762635049],,,,-0.464,5.77,8.188
[1758203301766457132],,,,-0.713,5.715,8.289
[1758203301770175309],,,,-0.943,5.746,8.384
[1758203301774775049],,,,-0.524,5.55,8.466
[1758203301778508278],,,,-0.886,5.392,8.528
[1758203301782291612],,,,-0.888,5.531,8.576
[1758203301785968799],,,,-0.675,5.756,8.411
[1758203301789647028],,,,-0.376,5.71,8.131
[1758203301793348539],,,,-0.098,5.693,8.205
[1758203301797013851],,,,0.211,5.667,8.09
[1758203301801622601],,,,0.235,5.643,7.676
[1758203301805412028],,,,0.187,5.756,7.812
[1758203301809092445],,,,0.273,5.801,7.848
[1758203301812794841],,,,0.622,5.722,8.03
[1758203301816462132],,,,0.376,5.65,7.989
[1758203301820141924],,,,0.017,5.696,8.023
[1758203301824766664],,,,0.057,5.634,8.016
[1758203301828595986],,,,0.297,5.638,8.289
[1758203301832324841],,,,-0.108,5.562,8.308
[1758203301835999320],,,,-0.256,5.523,8.425
[1758203301839672028],,,,-0.213,5.576,8.509
[1758203301843384372],,,,-0.053,5.499,8.186
[1758203301847302809],,,,0.132,5.622,8.265
[1758203301851050726],,,,0.127,5.595,8.246
[1758203301854726611],,,,0.223,5.725,8.329
[1758203301858402445],,,,0.086,5.622,8.241
[1758203301862152549],,,,0.29,5.655,8.066
[1758203301865886768],,,,0.354,5.562,8.145
[1758203301869711351],,,,0.182,5.404,8.282
[1758203301874596664],,,,0.278,5.638,8.212
[1758203301879915986],,,,0.275,5.533,8.284
[1758203301885098226],,,,0.362,5.519,8.188
[1758203301890221195],,,,0.9,5.499,8.569
[1758203301895369059],,,,0.826,5.454,8.48
[1758203301900489424],,,,0.536,5.37,8.447
[1758203301905614789],,,,0.187,5.813,8.329
[1758203301910754216],,,,0.529,5.6,8.444
[1758203301916018122],,,,-0.108,5.545,8.198
[1758203301921269372],,,,0.218,5.552,8.169
[1758203301926766143],,,,-0.613,5.248,8.253
[1758203301932055778],,,,-0.297,5.722,8.107
[1758203301937195153],,,,-0.639,5.765,7.834
[1758203301942388799],,,,-0.496,5.679,7.843
[1758203301947553070],,,,-0.433,5.775,7.774
[1758203301953746247],,,,-0.342,5.787,7.796
[1758203301959602236],,,,0.16,5.667,8.013
[1758203301964916195],,,,0.005,5.646,8.004
[1758203301970092601],,,,0.237,5.593,8.102
[1758203301975419007],,,,0.093,5.808,8.258
[1758203301980612236],,,,0.005,5.502,8.382
[1758203301985789580],,,,0.036,5.82,8.114
[1758203301990927184],,,,0.187,5.588,8.107
[1758203301996077653],,,,0.05,5.72,8.389
[1758203302001197601],,,,0.017,5.619,8.119
[1758203302006429945],,,,0.105,5.576,7.906
[1758203302011795726],,,,0.132,5.588,8.028
[1758203302016987914],,,,0.084,5.648,8.181
[1758203302022319684],,,,0.089,5.59,8.25
[1758203302027519372],,,,0.024,5.703,7.982
[1758203302032650153],,,,0.06,5.624,8.016
[1758203302037809632],,,,0.22,5.768,8.179
[1758203302042974632],,,,0.129,5.571,8.133
[1758203302048097132],,,,0.026,5.547,8.164
[1758203302053351455],,,,0.065,5.679,8.116
[1758203302058462653],,,,0.12,5.578,7.989
[1758203302064862445],,,,0.215,5.789,8.198
[1758203302070569945],,,,0.089,5.555,7.994
[1758203302075882601],,,,0.012,5.631,8.183
[1758203302081049736],,,,0.103,5.631,8.248
[1758203302086189528],,,,0.124,5.653,8.246
[1758203302091300101],,,,0.096,5.578,8.241
[1758203302096432288],,,,0.05,5.665,8.236
[1758203302101595570],,,,0.086,5.698,8.124
[1758203302106808174],,,,0.141,5.77,8.198
[1758203302112073747],,,,0.012,5.602,8.011
[1758203302117400934],,,,0.129,5.698,8.047
[1758203302124090101],,,,0.093,5.574,8.169
[1758203302130738122],,,,0.057,5.806,8.109
[1758203302136412757],,,,0.091,5.674,7.992
[1758203302143006247],,,,0.055,5.61,8.38
[1758203302148654788],,,,0.06,5.624,8.231
[1758203302155161038],,,,0.06,5.634,8.114
[1758203302162801611],,,,0.089,5.617,8.004
[1758203302168482184],,,,0.065,5.581,8.073
[1758203302174166403],,,,-0.129,5.533,7.975
[1758203302178816143],,,,0.069,5.698,8.073
[1758203302183517913],,,,0.096,5.679,8.325
[1758203302187326976],,,,0.108,5.528,8.44
[1758203302191042341],,,,0.093,5.811,8.349
[1758203302194715049],,,,0.177,5.681,8.37
[1758203302198385466],,,,-0.022,5.689,8.135
[1758203302202100101],,,,0.024,5.646,7.977
[1758203302205767966],,,,0.069,5.607,8.08
[1758203302209476143],,,,0.16,5.588,7.968
[1758203302213199059],,,,0.012,5.545,8.262
[1758203302216867028],,,,0.122,5.76,8.097
[1758203302220614580],,,,0.069,5.701,8.052
[1758203302225247393],,,,0.134,5.679,8.059
[1758203302229058695],,,,0.144,5.681,8.131
[1758203302232753018],,,,0.127,5.665,8.305
[1758203302236419528],,,,0.11,5.586,8.358
[1758203302240093330],,,,0.227,5.669,8.449
[1758203302243797236],,,,0.091,5.71,8.392
[1758203302247468695],,,,0.098,5.602,8.37
[1758203302251154684],,,,0.074,5.605,7.98
[1758203302254800934],,,,0.055,5.713,8.159
[1758203302258462288],,,,-0.048,5.765,8.054
[1758203302262186351],,,,0.014,5.693,7.997
[1758203302265869320],,,,0.151,5.717,8.203
[1758203302269540205],,,,-0.022,5.725,8.253
[1758203302273304893],,,,0.077,5.727,8.066
[1758203302276979788],,,,0.12,5.796,8.229
[1758203302281107132],,,,0.041,5.768,8.215
[1758203302284912028],,,,0.029,5.581,8.363
[1758203302288599059],,,,0.156,5.626,8.54
[1758203302292270830],,,,0.096,5.617,8.346
[1758203302295935049],,,,0.026,5.643,8.174
[1758203302299605361],,,,0.11,5.662,8.207
[1758203302303305830],,,,-0.127,5.684,8.028
[1758203302306973486],,,,0.093,5.72,8.016
[1758203302310710726],,,,0.184,5.669,8.167
[1758203302314389632],,,,0.132,5.792,8.114
[1758203302318086559],,,,0.129,5.693,8.279
[1758203302321865934],,,,0.012,5.753,8.179
[1758203302325568070],,,,0.002,5.681,8.313
[1758203302329322913],,,,0.089,5.811,8.373
[1758203302333003799],,,,0.043,5.578,8.267
[1758203302336651820],,,,0.077,5.622,8.217
[1758203302340345257],,,,0.084,5.768,8.174
[1758203302344045257],,,,0.002,5.562,8.296
[1758203302347718538],,,,0.055,5.722,8.049
[1758203302351377028],,,,0.05,5.631,8.155
[1758203302355027965],,,,0.024,5.698,7.997
[1758203302358682445],,,,0.127,5.655,7.956
[1758203302362378382],,,,0.141,5.626,8.001
[1758203302366025205],,,,0.091,5.703,8.313
[1758203302369685101],,,,0.034,5.698,8.097
[1758203302373400726],,,,0.026,5.662,8.315
[1758203302377077705],,,,0.06,5.535,8.135
[1758203302380852080],,,,0.055,5.598,8.193
[1758203302384552236],,,,0.151,5.59,8.279
[1758203302388471820],,,,0.05,5.617,8.37
[1758203302392255934],,,,0.012,5.677,8.226
[1758203302395926351],,,,0.01,5.677,8.195
[1758203302399597705],,,,0.031,5.804,8.071
[1758203302403300986],,,,-0.113,5.646,8.03
[1758203302406998851],,,,-0.045,5.543,8.248
[1758203302410764580],,,,0.069,5.54,8.116
[1758203302414515309],,,,-0.01,5.691,8.174
[1758203302418302601],,,,0.017,5.605,8.21
[1758203302422006247],,,,0.057,5.624,8.059
[1758203302425676715],,,,0.208,5.727,8.035
[1758203302429403799],,,,0.134,5.538,8.164
[1758203302433233851],,,,0.196,5.648,8.162
[1758203302436953747],,,,0.108,5.713,8.112
[1758203302440736768],,,,0.146,5.679,8.396
[1758203302444426299],,,,0.079,5.725,8.282
[1758203302448095153],,,,0.031,5.636,8.26
[1758203302451795830],,,,0.218,5.679,8.047
[1758203302455465882],,,,0.105,5.703,8.27
[1758203302459133903],,,,0.177,5.739,8.234
[1758203302462857080],,,,0.139,5.641,8.128
[1758203302466562393],,,,0.057,5.655,8.011
[1758203302470279945],,,,0.017,5.672,8.217
[1758203302474036768],,,,0.031,5.727,8.152
[1758203302477739528],,,,0.16,5.571,7.968
[1758203302481684684],,,,0.129,5.672,7.889
[1758203302485387705],,,,0.086,5.511,8.191
[1758203302489093434],,,,0.067,5.713,8.195
[1758203302493051195],,,,0.148,5.655,8.327
[1758203302496779267],,,,0.0,5.622,8.217
[1758203302500544945],,,,0.242,5.672,8.131
[1758203302504286351],,,,0.026,5.605,8.27
[1758203302507959736],,,,0.038,5.624,8.27
[1758203302511648538],,,,0.093,5.564,8.114
[1758203302515345674],,,,-0.043,5.701,8.112
[1758203302519029788],,,,0.101,5.583,8.176
[1758203302522769267],,,,0.086,5.574,8.14
[1758203302526587549],,,,0.043,5.739,8.26
[1758203302530268122],,,,0.062,5.734,8.289
[1758203302534064372],,,,0.122,5.78,8.143
[1758203302537791507],,,,0.266,5.622,8.198
[1758203302541470934],,,,0.062,5.717,8.291
[1758203302545139372],,,,0.043,5.648,8.308
[1758203302548798330],,,,0.057,5.698,8.375
[1758203302552529997],,,,0.077,5.531,8.131
[1758203302556203903],,,,0.017,5.734,8.253
[1758203302563095674],,,,0.089,5.631,8.025
[1758203302566812549],,,,0.057,5.653,8.205
[1758203302570564736],,,,0.146,5.631,8.226
[1758203302574378382],,,,0.093,5.739,8.119
[1758203302578057445],,,,0.038,5.641,8.195
[1758203302581803226],,,,-0.031,5.799,8.133
[1758203302585505049],,,,0.0,5.586,8.109
[1758203302589187913],,,,0.077,5.705,8.186
[1758203302592902861],,,,0.113,5.624,8.226
[1758203302596585101],,,,0.105,5.59,8.224
[1758203302600513851],,,,0.096,5.533,8.176
[1758203302604254580],,,,0.077,5.641,8.143
[1758203302609137809],,,,0.124,5.634,7.977
[1758203302613965465],,,,0.117,5.6,8.006
[1758203302618114632],,,,0.093,5.55,8.174
[1758203302622420882],,,,0.072,5.693,8.1
[1758203302626345882],,,,0.172,5.708,8.246
[1758203302630288851],,,,0.043,5.61,8.231
[1758203302635147340],,,,0.127,5.646,8.047
[1758203302639128642],,,,0.081,5.667,8.15
[1758203302643118486],,,,0.072,5.669,7.989
[1758203302647012497],,,,0.194,5.614,7.973
[1758203302651765049],,,,0.089,5.648,8.073
[1758203302655581820],,,,-0.024,5.607,8.231
[1758203302659258017],,,,0.194,5.734,8.222
[1758203302662958122],,,,0.117,5.595,8.425
[1758203302666620778],,,,0.074,5.646,8.176
[1758203302670287861],,,,0.055,5.708,8.363
[1758203302674877497],,,,-0.01,5.648,8.152
[1758203302678684684],,,,0.041,5.655,8.164
[1758203302683329372],,,,-0.034,5.672,8.112
[1758203302687127705],,,,0.0,5.653,8.045
[1758203302690869320],,,,0.041,5.66,8.25
[1758203302694550049],,,,-0.014,5.705,8.109
[1758203302698219840],,,,0.086,5.775,8.212
[1758203302701923069],,,,0.012,5.59,8.159
[1758203302705840049],,,,0.024,5.624,8.246
[1758203302709569840],,,,0.024,5.667,8.135
[1758203302713267132],,,,0.081,5.581,8.238
[1758203302716932601],,,,0.144,5.76,8.389
[1758203302720652861],,,,-0.029,5.698,8.207
[1758203302724340205],,,,0.065,5.619,8.282
[1758203302728038642],,,,0.115,5.631,8.26
[1758203302732732288],,,,0.079,5.667,8.124
[1758203302736557392],,,,0.089,5.626,8.078
[1758203302740245622],,,,0.108,5.626,8.226
[1758203302743955778],,,,-0.096,5.784,8.176
[1758203302747635622],,,,0.139,5.602,8.279
[1758203302751333174],,,,0.053,5.523,8.234
[1758203302755015205],,,,0.045,5.617,8.037
[1758203302758694892],,,,0.182,5.602,8.078
[1758203302762370726],,,,0.201,5.892,8.188
[1758203302766020049],,,,0.055,5.691,8.174
[1758203302769694215],,,,0.096,5.624,8.21
[1758203302773429580],,,,0.081,5.559,8.047
[1758203302777382757],,,,0.067,5.612,8.109
[1758203302782000830],,,,0.108,5.583,8.121
[1758203302785792861],,,,0.081,5.677,8.135
[1758203302789477549],,,,0.127,5.701,8.056
[1758203302793143851],,,,0.019,5.624,8.135
[1758203302796790309],,,,0.081,5.708,8.176
[1758203302800517913],,,,0.105,5.691,8.246
[1758203302804232757],,,,0.005,5.65,8.265
[1758203302807923278],,,,0.069,5.531,8.315
[1758203302811865361],,,,-0.005,5.607,8.138
[1758203302815596507],,,,0.172,5.614,8.255
[1758203302819284424],,,,0.184,5.725,8.332
[1758203302823026351],,,,0.012,5.66,8.155
[1758203302826815465],,,,0.081,5.689,8.351
[1758203302830568434],,,,-0.074,5.653,8.195
[1758203302835179997],,,,0.034,5.545,8.14
[1758203302838970778],,,,0.067,5.605,8.152
[1758203302842656663],,,,0.12,5.641,8.174
[1758203302846322601],,,,0.283,5.732,8.164
[1758203302849993955],,,,0.065,5.777,8.262
[1758203302853694319],,,,0.026,5.612,8.128
[1758203302857364840],,,,0.283,5.818,8.231
[1758203302861022236],,,,0.146,5.693,8.262
[1758203302864669267],,,,0.084,5.732,8.255
[1758203302868330517],,,,0.007,5.617,8.277
[1758203302872043903],,,,0.11,5.657,8.203
[1758203302875719059],,,,0.218,5.622,8.212
[1758203302879503017],,,,0.026,5.643,8.133
[1758203302884473017],,,,0.113,5.696,7.987
[1758203302889641924],,,,0.108,5.583,7.997
[1758203302894807809],,,,0.031,5.713,8.064
[1758203302899938122],,,,0.074,5.555,7.987
[1758203302905114111],,,,0.182,5.748,8.138
[1758203302910239944],,,,0.12,5.665,8.147
[1758203302915825517],,,,-0.278,5.674,8.092
[1758203302921050726],,,,0.026,5.636,8.045
[1758203302926234215],,,,0.06,5.581,8.119
[1758203302931733746],,,,0.098,5.636,8.124
[1758203302937193069],,,,0.163,5.636,8.107
[1758203302942397965],,,,0.232,5.583,8.066
[1758203302947516038],,,,0.223,5.593,8.059
[1758203302952642080],,,,-0.136,5.607,8.013
[1758203302957799059],,,,0.194,5.708,8.183
[1758203302963019215],,,,0.045,5.696,8.124
[1758203302968206351],,,,0.103,5.804,7.855
[1758203302973558590],,,,-0.012,5.741,8.071
[1758203302978705153],,,,0.06,5.655,8.109
[1758203302984016038],,,,0.057,5.61,8.215
[1758203302989163590],,,,0.067,5.586,7.922
[1758203302994312913],,,,0.223,5.713,8.164
[1758203302999459424],,,,0.041,5.634,8.085
[1758203303004577288],,,,0.113,5.794,8.171
[1758203303009770153],,,,0.292,5.763,8.2
[1758203303015062288],,,,0.11,5.607,8.176
[1758203303020197809],,,,0.129,5.674,7.987
[1758203303026867653],,,,0.251,5.638,8.238
[1758203303033456611],,,,0.043,5.734,7.997
[1758203303038732705],,,,0.151,5.669,8.059
[1758203303043871819],,,,0.0,5.6,8.181
[1758203303048980882],,,,-0.129,5.602,8.198
[1758203303054126299],,,,0.091,5.693,8.035
[1758203303059288434],,,,0.146,5.459,7.968
[1758203303064410621],,,,-0.007,5.571,8.071
[1758203303069500257],,,,0.077,5.528,8.097
[1758203303074636038],,,,0.11,5.578,7.968
[1758203303079884267],,,,0.144,5.686,8.116
[1758203303085088017],,,,0.266,5.65,8.018
[1758203303090221299],,,,0.136,5.677,8.056
[1758203303095366871],,,,0.117,5.787,8.011
[1758203303100475778],,,,-0.012,5.593,7.975
[1758203303105586090],,,,0.105,5.703,8.253
[1758203303110690361],,,,0.055,5.665,8.009
[1758203303115863538],,,,0.081,5.713,8.124
[1758203303120960621],,,,0.122,5.638,8.131
[1758203303126070674],,,,0.067,5.612,8.262
[1758203303132870673],,,,0.062,5.66,8.064
[1758203303139245778],,,,0.072,5.641,8.028
[1758203303145657080],,,,0.055,5.595,8.217
[1758203303150959215],,,,0.259,5.638,8.037
[1758203303157532184],,,,0.11,5.612,7.982
[1758203303164196819],,,,0.036,5.631,8.04
[1758203303170851715],,,,0.077,5.612,7.973
[1758203303176495778],,,,0.067,5.65,8.059
[1758203303182143486],,,,0.069,5.739,8.097
[1758203303187772496],,,,0.108,5.588,8.164
[1758203303194215830],,,,0.213,5.696,8.205
[1758203303200712028],,,,0.055,5.619,8.092
[1758203303206415517],,,,0.247,5.607,8.071
[1758203303213041038],,,,0.067,5.571,8.052
[1758203303218578798],,,,0.05,5.811,8.088
[1758203303223737913],,,,0.105,5.581,8.054
[1758203303228850101],,,,0.283,5.722,8.128
[1758203303235347340],,,,0.093,5.624,8.143
[1758203303240609007],,,,0.215,5.578,8.135
[1758203303246065986],,,,0.036,5.796,7.997
[1758203303251207496],,,,0.122,5.71,8.011
[1758203303256373278],,,,0.017,5.602,8.109
[1758203303261469840],,,,0.034,5.672,8.059
[1758203303266596351],,,,0.132,5.605,8.025
[1758203303271756871],,,,0.012,5.547,7.97
[1758203303276898330],,,,0.175,5.569,8.128
[1758203303283332653],,,,0.086,5.698,8.164
[1758203303288604996],,,,0.132,5.626,8.004
[1758203303293766403],,,,0.273,5.586,8.08
[1758203303298889319],,,,-0.01,5.617,8.068
[1758203303304059215],,,,0.077,5.653,8.035
[1758203303309179267],,,,-0.022,5.612,7.992
[1758203303314272965],,,,0.105,5.816,8.255
[1758203303319360934],,,,-0.036,5.665,8.095
[1758203303324504580],,,,-0.041,5.689,8.033
[1758203303329839111],,,,0.06,5.744,8.167
[1758203303335070778],,,,-0.01,5.631,8.124
[1758203303341148538],,,,0.067,5.61,8.047
[1758203303346348121],,,,0.148,5.543,8.097
[1758203303353330413],,,,0.11,5.583,8.301
[1758203303358849944],,,,-0.01,5.581,7.987
[1758203303364000048],,,,0.045,5.626,8.08
[1758203303369130465],,,,0.067,5.646,8.052
[1758203303374243225],,,,0.165,5.605,8.107
[1758203303379347757],,,,0.007,5.59,7.997
[1758203303384552757],,,,0.251,5.564,8.109
[1758203303389685778],,,,0.177,5.684,8.059
[1758203303394862913],,,,0.053,5.799,8.083
[1758203303399994528],,,,0.05,5.72,8.028
[1758203303405232236],,,,0.062,5.54,8.224
[1758203303410360153],,,,0.007,5.662,8.131
[1758203303415552757],,,,0.057,5.641,7.999
[1758203303420635986],,,,0.057,5.598,8.147
[1758203303425729163],,,,0.182,5.665,8.047
[1758203303430859059],,,,0.055,5.619,8.167
[1758203303436097653],,,,0.024,5.71,7.903
[1758203303441227444],,,,0.103,5.586,7.903
[1758203303447847288],,,,0.072,5.684,8.193
[1758203303453107184],,,,0.086,5.574,8.171
[1758203303458540205],,,,0.168,5.696,8.126
[1758203303463680621],,,,0.089,5.602,8.15
[1758203303468780257],,,,0.139,5.746,8.011
[1758203303473872080],,,,0.141,5.612,8.222
[1758203303478977809],,,,0.086,5.612,8.191
[1758203303484250778],,,,0.096,5.655,8.186
[1758203303489413225],,,,0.048,5.646,7.975
[1758203303494679840],,,,0.232,5.638,8.2
[1758203303499798590],,,,0.01,5.684,8.14
[1758203303504926559],,,,0.091,5.6,8.128
[1758203303510036403],,,,0.117,5.662,8.131
[1758203303515156403],,,,0.144,5.631,8.088
[1758203303520261663],,,,0.053,5.612,7.901
[1758203303525404684],,,,0.067,5.626,8.109
[1758203303530571298],,,,-0.144,5.715,8.152
[1758203303535863746],,,,0.0,5.588,8.097
[1758203303540994892],,,,0.072,5.581,8.03
[1758203303546127236],,,,0.158,5.863,7.393
[1758203303551251663],,,,1.863,6.364,7.07
[1758203303556783642],,,,2.234,6.002,7.594
[1758203303561968225],,,,2.696,6.27,7.609
[1758203303567346142],,,,2.145,5.725,8.464
[1758203303572472913],,,,1.772,5.578,8.89
[1758203303577564111],,,,0.036,4.93,9.44
[1758203303582816611],,,,-0.922,4.702,9.701
[1758203303587966559],,,,-1.573,5.088,9.811
[1758203303593129527],,,,-2.274,4.796,9.527
[1758203303599419788],,,,-2.217,5.329,8.983
[1758203303604842288],,,,-1.781,5.976,7.755
[1758203303609958382],,,,-0.196,5.906,7.175
[1758203303615059944],,,,0.335,5.832,7.144
[1758203303620137132],,,,0.625,5.804,6.807
[1758203303625237080],,,,0.247,6.019,6.826
[1758203303630464475],,,,0.156,6.031,7.003
[1758203303635708590],,,,0.141,5.866,7.764
[1758203303640833642],,,,0.311,5.533,8.262
[1758203303646007757],,,,0.405,5.471,8.499
[1758203303651206142],,,,-0.172,5.816,8.523
[1758203303656330830],,,,-0.376,5.602,8.667
[1758203303661885934],,,,0.122,5.411,8.696
[1758203303668502757],,,,0.124,5.552,8.377
[1758203303673799944],,,,-0.053,5.751,8.179
[1758203303678934944],,,,0.038,5.698,7.647
[1758203303684217288],,,,0.062,5.811,7.53
[1758203303689356871],,,,0.067,5.851,7.671
[1758203303694496402],,,,0.254,5.727,7.949
[1758203303699604319],,,,0.0,5.708,8.112
[1758203303704748642],,,,0.06,5.806,8.092
[1758203303709887496],,,,0.012,5.643,8.193
[1758203303715133277],,,,0.263,5.612,8.26
[1758203303720247080],,,,0.072,5.677,8.116
[1758203303725365986],,,,0.0,5.61,8.006
[1758203303730476715],,,,0.022,5.667,8.119
[1758203303735693642],,,,0.122,5.806,8.102
[1758203303740813538],,,,0.065,5.784,7.853
[1758203303745960777],,,,0.275,5.677,7.954
[1758203303751075257],,,,0.294,5.713,7.985
[1758203303756190725],,,,0.074,5.648,8.085
[1758203303761300986],,,,0.045,5.662,8.368
[1758203303766448798],,,,-0.007,5.842,8.143
[1758203303772316975],,,,-0.113,5.657,8.042
[1758203303777757496],,,,-0.019,5.811,8.037
[1758203303783003850],,,,0.237,5.748,8.145
[1758203303788150725],,,,0.01,5.904,7.894
[1758203303793287861],,,,0.089,5.71,8.066
[1758203303798414163],,,,0.239,5.722,7.824
[1758203303803573382],,,,0.077,5.727,7.934
[1758203303808684579],,,,0.024,5.552,7.973
[1758203303815495152],,,,0.113,5.703,8.262
[1758203303822897704],,,,0.084,5.715,8.246
[1758203303828491298],,,,0.108,5.686,8.076
[1758203303834500100],,,,0.201,5.691,8.042
[1758203303840115152],,,,0.136,5.696,7.901
[1758203303845886246],,,,0.141,5.605,8.088
[1758203303851229215],,,,0.113,5.737,8.126
[1758203303856612600],,,,0.124,5.744,7.985
[1758203303862076663],,,,0.091,5.564,8.107
[1758203303867431142],,,,0.218,5.686,8.291
[1758203303874366923],,,,0.048,5.816,7.987
[1758203303879734996],,,,0.034,5.727,8.157
[1758203303885026871],,,,-0.06,5.794,7.973
[1758203303888732965],,,,0.055,5.744,7.985
[1758203303892454111],,,,0.172,5.689,8.056
[1758203303896110361],,,,0.026,5.574,8.116
[1758203303899764788],,,,0.05,5.708,8.011
[1758203303903445361],,,,0.17,5.914,8.286
[1758203303907087652],,,,0.294,5.696,8.128
[1758203303910864840],,,,0.105,5.605,8.107
[1758203303914705413],,,,0.005,5.782,8.013
[1758203303918501507],,,,0.17,5.95,8.104
[1758203303922172965],,,,0.158,5.818,8.21
[1758203303925816559],,,,0.134,5.669,8.212
[1758203303929478486],,,,0.053,5.713,8.277
[1758203303933456298],,,,0.057,5.679,8.238
[1758203303937122236],,,,0.17,5.602,8.308
[1758203303940860829],,,,0.053,5.696,8.234
[1758203303944534267],,,,0.122,5.765,8.195
[1758203303948196819],,,,0.048,5.751,8.042
[1758203303951897913],,,,0.201,5.701,8.047
[1758203303955834840],,,,-0.053,5.598,8.018
[1758203303959667132],,,,0.05,5.674,7.987
[1758203303963381298],,,,0.115,6.1,8.045
[1758203303967049475],,,,0.127,5.823,7.788
[1758203303970772079],,,,0.146,5.756,8.107
[1758203303974450465],,,,0.062,5.696,7.748
[1758203303978161454],,,,0.05,5.729,7.781
[1758203303982153486],,,,0.072,5.753,7.784
[1758203303985911350],,,,0.105,5.641,7.956
[1758203303989597704],,,,0.371,5.681,8.21
[1758203303993343850],,,,0.479,5.765,8.162
[1758203303997011871],,,,0.565,5.612,8.444
[1758203304000918798],,,,0.706,5.638,8.485
[1758203304004708382],,,,0.761,5.516,8.581
[1758203304008376038],,,,0.488,5.655,8.76
[1758203304012067079],,,,0.488,5.425,8.849
[1758203304015746871],,,,0.378,5.365,8.914
[1758203304019411871],,,,-0.017,5.301,8.988
[1758203304023146350],,,,-0.634,5.349,8.617
[1758203304026819371],,,,-0.438,5.71,8.679
[1758203304030543486],,,,-0.558,5.602,8.329
[1758203304035147079],,,,-0.338,5.588,8.15
[1758203304038910777],,,,-0.182,5.679,8.114
[1758203304042686454],,,,0.124,5.966,7.74
[1758203304046326559],,,,0.117,5.739,7.568
[1758203304049983538],,,,0.086,5.76,7.511
[1758203304053661715],,,,0.022,5.686,7.623
[1758203304057326923],,,,0.237,5.78,7.836
[1758203304060985256],,,,0.187,5.806,7.865
[1758203304064630152],,,,0.069,5.677,8.258
[1758203304068316246],,,,0.141,5.681,8.279
[1758203304072025986],,,,0.175,5.564,8.526
[1758203304075688850],,,,0.115,5.648,8.772
[1758203304079354631],,,,0.014,5.576,8.531
[1758203304084051350],,,,0.072,5.605,8.454
[1758203304088183486],,,,0.108,5.514,8.327
[1758203304091959111],,,,0.115,5.679,8.346
[1758203304095595256],,,,0.232,5.801,7.992
[1758203304099252548],,,,0.079,5.835,7.956
[1758203304102949736],,,,0.089,5.804,7.819
[1758203304106606194],,,,0.287,5.729,7.956
[1758203304110246975],,,,0.101,5.796,7.961
[1758203304113944163],,,,0.12,5.765,8.064
[1758203304117625725],,,,0.194,5.713,8.121
[1758203304121337496],,,,0.034,5.593,8.083
[1758203304124996038],,,,0.12,5.626,8.303
[1758203304128711194],,,,0.081,5.574,8.396
[1758203304132722131],,,,0.113,5.578,8.344
[1758203304136439840],,,,0.048,5.643,8.315
[1758203304140135048],,,,0.115,5.571,8.229
[1758203304143857079],,,,0.254,5.748,8.045
[1758203304147547913],,,,0.227,5.751,7.731
[1758203304151246819],,,,0.275,5.765,7.415
[1758203304159059631],,,,1.24,6.017,7.463
[1758203304162831506],,,,1.484,5.868,7.774
[1758203304166495361],,,,1.726,5.801,8.059
[1758203304170158173],,,,2.265,5.839,8.176
[1758203304173925465],,,,1.633,5.452,8.641
[1758203304177741298],,,,0.728,5.138,8.813
[1758203304181491298],,,,0.366,5.085,9.093
[1758203304185191038],,,,0.132,5.284,9.256
[1758203304188861402],,,,0.271,5.449,9.438
[1758203304193377236],,,,-0.414,5.32,9.249
[1758203304197298173],,,,-0.524,5.282,8.894
[1758203304201534111],,,,-0.898,5.308,8.612
[1758203304205309840],,,,-1.051,5.385,8.246
[1758203304208974423],,,,-1.336,5.519,8.25
[1758203304212682131],,,,-1.142,5.782,7.719
[1758203304216397184],,,,-1.022,5.952,7.479
[1758203304220066246],,,,-0.488,5.892,7.305
[1758203304223742340],,,,-0.584,6.177,7.219
[1758203304227456611],,,,-0.127,6.096,7.017
[1758203304232013121],,,,0.0,6.036,7.061
[1758203304235852704],,,,0.218,5.997,7.539
[1758203304239531350],,,,0.11,6.043,7.848
[1758203304243205933],,,,0.024,5.89,8.066
[1758203304246864944],,,,0.05,5.775,8.495
[1758203304250559215],,,,0.539,5.413,8.576
[1758203304254227548],,,,0.218,5.564,8.428
[1758203304257883017],,,,-0.115,5.674,8.392
[1758203304261605361],,,,-0.199,5.705,8.653
[1758203304265273329],,,,0.096,5.667,8.274
[1758203304268938694],,,,0.062,5.751,8.353
[1758203304272683381],,,,0.024,5.71,8.207
[1758203304276493486],,,,0.156,5.696,8.131
[1758203304280190517],,,,0.213,5.873,8.016
[1758203304284470673],,,,0.141,5.763,7.776
[1758203304288173642],,,,0.17,5.909,8.025
[1758203304291852236],,,,-0.144,5.909,7.956
[1758203304295505517],,,,0.034,5.784,7.997
[1758203304299165881],,,,0.146,5.82,7.93
[1758203304303316871],,,,0.045,5.77,8.033
[1758203304308201975],,,,0.244,5.744,8.112
[1758203304313071402],,,,0.055,5.784,8.133
[1758203304317934996],,,,0.117,5.698,8.128
[1758203304321910152],,,,0.237,5.811,8.298
[1758203304325836298],,,,0.048,5.578,8.205
[1758203304329728954],,,,0.294,5.643,8.119
[1758203304333661194],,,,0.141,5.746,7.982
[1758203304337578850],,,,0.043,5.746,7.997
[1758203304341958069],,,,0.057,5.703,7.805
[1758203304345867704],,,,0.06,5.71,7.879
[1758203304349572652],,,,0.117,5.818,8.121
[1758203304353292340],,,,0.144,5.748,7.843
[1758203304356961090],,,,0.017,5.952,8.052
[1758203304360732965],,,,0.057,5.806,8.219
[1758203304364527913],,,,0.192,5.823,8.126
[1758203304368193694],,,,0.017,5.705,8.174
[1758203304371894215],,,,-0.136,5.574,8.358
[1758203304375553798],,,,0.06,5.696,8.308
[1758203304379218694],,,,0.285,5.751,8.229
[1758203304382927965],,,,0.285,5.804,8.167
[1758203304386595881],,,,0.139,5.748,8.219
[1758203304390266767],,,,0.026,5.679,7.977
[1758203304394881506],,,,0.175,5.854,7.975
[1758203304398677340],,,,0.072,5.789,8.052
[1758203304402380933],,,,0.01,5.796,7.97
[1758203304406306819],,,,-0.148,5.804,8.104
[1758203304410040673],,,,0.017,5.796,8.052
[1758203304413758173],,,,0.086,5.863,8.155
[1758203304417419683],,,,0.093,5.667,8.167
[1758203304421154006],,,,-0.113,5.753,8.255
[1758203304424820152],,,,0.108,5.734,8.332
[1758203304428492392],,,,0.053,5.696,8.21
[1758203304432212183],,,,0.278,5.76,8.1
[1758203304435889006],,,,0.115,5.859,8.167
[1758203304439608642],,,,0.098,5.672,8.011
[1758203304444553902],,,,0.122,5.744,7.908
[1758203304448360517],,,,0.151,5.748,8.25
[1758203304452048017],,,,0.029,5.892,8.176
[1758203304455703433],,,,0.187,5.722,8.033
[1758203304459372913],,,,0.024,5.717,8.238
[1758203304463084683],,,,0.093,5.765,8.14
[1758203304466754788],,,,0.014,5.72,7.999
[1758203304470480881],,,,0.165,5.787,8.095
[1758203304474174683],,,,0.115,5.71,8.104
[1758203304477851246],,,,0.158,5.655,8.174
[1758203304481554788],,,,0.105,5.787,8.236
[1758203304485232444],,,,0.074,5.605,8.021
[1758203304489041506],,,,0.122,5.794,8.104
[1758203304492958590],,,,0.084,5.777,8.006
[1758203304496686610],,,,0.211,5.744,8.387
[1758203304500415621],,,,0.271,5.713,8.066
[1758203304504101454],,,,0.026,5.801,8.191
[1758203304507764892],,,,0.093,5.701,8.09
[1758203304512211246],,,,0.294,5.811,8.157
[1758203304516043381],,,,0.069,5.705,8.162
[1758203304520080569],,,,0.127,5.677,8.164
[1758203304523815933],,,,0.019,5.737,8.028
[1758203304527538225],,,,0.139,5.677,8.176
[1758203304531314110],,,,0.0,5.734,8.102
[1758203304534983954],,,,0.156,5.681,8.162
[1758203304538652860],,,,0.05,5.808,8.09
[1758203304543185829],,,,0.292,5.708,7.982
[1758203304546982704],,,,0.127,5.741,8.126
[1758203304550709996],,,,0.144,5.744,8.265
[1758203304554372913],,,,0.115,5.758,7.982
[1758203304558024371],,,,0.024,5.741,8.155
[1758203304561686871],,,,0.105,5.782,8.265
[1758203304565322131],,,,0.096,5.725,8.116
[1758203304568980048],,,,0.12,5.734,8.059
[1758203304572722652],,,,0.077,5.768,8.061
[1758203304576384006],,,,0.007,5.672,8.102
[1758203304580049475],,,,0.115,5.686,8.145
[1758203304583795256],,,,0.153,5.765,8.255
[1758203304587585985],,,,0.101,5.751,8.088
[1758203304591910413],,,,0.077,5.77,8.234
[1758203304597153277],,,,0.127,5.78,7.889
[1758203304602370777],,,,0.237,5.538,7.937
[1758203304607487548],,,,-0.134,5.78,8.009
[1758203304612606767],,,,0.096,5.765,7.872
[1758203304617749631],,,,0.132,5.751,8.109
[1758203304623000204],,,,0.067,5.602,8.052
[1758203304629071038],,,,0.06,5.729,7.889
[1758203304634633433],,,,0.062,5.818,8.126
[1758203304639795517],,,,-0.103,5.727,8.016
[1758203304645035673],,,,0.101,5.775,8.102
[1758203304650201142],,,,0.208,5.72,7.932
[1758203304655355933],,,,0.132,5.72,8.092
[1758203304660488902],,,,0.072,5.804,8.064
[1758203304665785204],,,,0.029,5.698,8.047
[1758203304672339996],,,,0.129,5.669,8.059
[1758203304677606819],,,,0.057,5.725,8.147
[1758203304682798902],,,,0.031,5.854,8.157
[1758203304688431090],,,,0.014,5.799,8.016
[1758203304693672600],,,,0.101,5.765,8.016
[1758203304698831246],,,,0.065,5.713,8.004
[1758203304703959579],,,,0.141,5.701,8.023
[1758203304709155621],,,,0.089,5.669,7.946
[1758203304715501454],,,,0.038,5.756,8.071
[1758203304722119319],,,,0.057,5.744,8.222
[1758203304728571037],,,,0.045,5.765,7.997
[1758203304734398902],,,,0.132,5.691,7.97
[1758203304740659423],,,,0.103,5.787,7.992
[1758203304746258381],,,,0.124,5.799,7.992
[1758203304751391558],,,,0.165,5.684,8.181
[1758203304756584162],,,,-0.043,5.703,7.985
[1758203304761746298],,,,0.084,5.756,7.989
[1758203304766889267],,,,-0.057,5.739,7.97
[1758203304772051194],,,,0.115,5.775,8.042
[1758203304777164840],,,,0.103,5.689,8.08
[1758203304782397079],,,,0.062,5.756,7.956
[1758203304787675412],,,,0.302,5.717,7.98
[1758203304792947860],,,,0.163,5.904,7.973
[1758203304798092912],,,,0.17,5.739,8.08
[1758203304803268277],,,,0.165,5.741,7.982
[1758203304808377860],,,,0.115,5.899,8.025
[1758203304813463381],,,,0.105,5.792,8.246
[1758203304818585621],,,,0.156,5.679,8.128
[1758203304823794423],,,,0.172,5.77,7.872
[1758203304829025465],,,,0.16,5.77,8.095
[1758203304834157183],,,,0.196,5.782,8.052
[1758203304839750048],,,,0.093,5.784,8.073
[1758203304844994110],,,,0.177,5.701,8.1
[1758203304853361402],,,,0.081,5.746,8.14
[1758203304858822548],,,,0.079,5.722,8.344
[1758203304865837965],,,,0.115,5.76,8.047
[1758203304871491194],,,,0.136,5.674,8.04
[1758203304878209996],,,,0.103,5.82,8.195
[1758203304883835152],,,,0.098,5.696,7.887
[1758203304889256923],,,,0.065,5.715,8.092
[1758203304895027548],,,,0.05,5.717,8.08
[1758203304899024267],,,,0.11,5.679,7.956
[1758203304902929631],,,,0.275,5.696,7.954
[1758203304907744631],,,,0.014,5.76,8.073
[1758203304911561454],,,,0.074,5.835,8.104
[1758203304915204996],,,,0.136,5.576,8.191
[1758203304918867131],,,,0.129,5.717,8.176
[1758203304922568589],,,,0.18,5.72,8.09
[1758203304926235256],,,,0.302,5.746,8.167
[1758203304929893485],,,,-0.089,5.705,8.207
[1758203304933586454],,,,0.158,5.751,7.97
[1758203304937225673],,,,0.101,5.672,8.219
[1758203304941087027],,,,0.28,5.703,8.116
[1758203304944760464],,,,0.093,5.717,8.157
[1758203304948594058],,,,0.16,5.887,8.346
[1758203304953392287],,,,0.072,5.751,8.169
[1758203304957985725],,,,0.115,5.789,8.26
[1758203304961819527],,,,0.156,5.729,8.124
[1758203304965475829],,,,0.158,5.77,8.109
[1758203304969128381],,,,0.036,5.808,8.186
[1758203304972816089],,,,0.019,5.72,8.116
[1758203304976454475],,,,0.182,5.646,8.198
[1758203304980096923],,,,0.275,5.76,8.255
[1758203304983786089],,,,0.136,5.725,8.147
[1758203304987449996],,,,0.086,5.739,8.14
[1758203304991587131],,,,0.077,5.844,8.035
[1758203304995422235],,,,0.0,5.964,8.258
[1758203304999095204],,,,0.28,5.696,8.222
[1758203305002808433],,,,0.074,5.768,8.112
[1758203305006450985],,,,0.151,5.763,8.054
[1758203305010124058],,,,0.014,5.784,8.193
[1758203305013823277],,,,0.283,5.61,8.068
[1758203305017497392],,,,0.067,5.741,8.186
[1758203305021162392],,,,0.093,5.756,8.049
[1758203305024820256],,,,0.06,5.672,8.09
[1758203305028485256],,,,0.146,5.792,8.215
[1758203305032213694],,,,0.101,5.703,7.982
[1758203305036023433],,,,0.067,5.839,8.073
[1758203305039796454],,,,-0.036,5.844,8.1
[1758203305043976298],,,,0.113,5.856,8.147
[1758203305047654944],,,,0.098,5.784,8.267
[1758203305051408694],,,,-0.132,5.624,7.848
[1758203305055345881],,,,0.079,5.722,8.145
[1758203305059115152],,,,0.101,5.868,8.145
[1758203305063551402],,,,-0.002,5.808,8.076
[1758203305067649423],,,,0.062,5.748,8.035
[1758203305071693850],,,,0.067,5.727,8.112
[1758203305075407027],,,,0.199,5.669,8.205
[1758203305079101871],,,,0.127,5.842,8.265
[1758203305082841610],,,,0.127,5.799,8.162
[1758203305086549214],,,,0.086,5.715,8.119
[1758203305090230517],,,,0.223,5.789,8.114
[1758203305094835256],,,,0.105,5.727,7.968
[1758203305098663329],,,,0.141,5.787,8.126
[1758203305102325100],,,,0.194,5.732,8.219
[1758203305105961350],,,,0.101,5.82,8.083
[1758203305109616194],,,,0.091,5.705,8.064
[1758203305113305412],,,,0.302,5.77,8.045
[1758203305116964579],,,,0.069,5.844,8.1
[1758203305120662964],,,,-0.074,5.734,8.078
[1758203305124326766],,,,0.084,5.665,8.004
[1758203305127991037],,,,-0.057,5.787,8.107
[1758203305131711714],,,,0.132,5.739,8.241
[1758203305135400100],,,,0.048,5.657,8.116
[1758203305139174787],,,,0.146,5.739,8.085
[1758203305143063694],,,,0.148,5.789,8.056
[1758203305146754110],,,,0.06,5.545,8.25
[1758203305150449944],,,,0.041,5.78,8.083
[1758203305154116089],,,,0.072,5.768,8.15
[1758203305157769475],,,,0.086,5.722,7.999
[1758203305161499944],,,,0.069,5.674,8.135
[1758203305165182339],,,,0.057,5.863,8.274
[1758203305168844944],,,,0.113,5.974,8.155
[1758203305172524944],,,,-0.079,5.71,8.083
[1758203305176428173],,,,0.122,5.868,8.152
[1758203305180158694],,,,0.239,5.796,8.109
[1758203305183879996],,,,0.072,5.72,8.04
[1758203305187599162],,,,0.232,5.746,8.217
[1758203305192368485],,,,0.055,5.763,8.073
[1758203305196078069],,,,0.254,5.832,8.152
[1758203305199883746],,,,0.158,5.746,8.241
[1758203305203587496],,,,0.268,5.777,8.076
[1758203305207276037],,,,0.156,5.784,8.006
[1758203305210988954],,,,0.079,5.813,8.045
[1758203305214659423],,,,0.192,5.571,8.236
[1758203305218325621],,,,0.091,5.784,8.15
[1758203305221997391],,,,0.053,5.801,8.114
[1758203305225645777],,,,0.098,5.765,8.147
[1758203305229363225],,,,0.074,5.756,7.934
[1758203305233086766],,,,0.239,5.804,8.253
[1758203305236752027],,,,0.012,5.801,8.135
[1758203305240478902],,,,0.28,5.753,8.068
[1758203305245293746],,,,0.141,5.722,7.934
[1758203305249139371],,,,-0.034,5.799,8.071
[1758203305252816975],,,,-0.012,5.83,8.045
[1758203305256460100],,,,0.144,5.693,8.183
[1758203305260131819],,,,0.081,5.796,8.016
[1758203305263875412],,,,0.192,5.598,8.27
[1758203305267544579],,,,0.11,5.756,8.076
[1758203305271206766],,,,0.194,5.713,8.121
[1758203305274846246],,,,0.136,5.693,8.234
[1758203305278520881],,,,0.261,5.827,8.181
[1758203305282538069],,,,0.096,5.703,8.092
[1758203305286357287],,,,0.029,5.811,8.267
[1758203305290037131],,,,0.117,5.72,8.356
[1758203305294739423],,,,0.089,5.715,7.992
[1758203305298589162],,,,0.139,5.729,8.092
[1758203305302268798],,,,0.148,5.669,8.083
[1758203305305913537],,,,0.139,5.772,8.234
[1758203305309583016],,,,0.101,5.665,8.037
[1758203305313274162],,,,0.034,5.772,8.109
[1758203305316941662],,,,0.093,5.705,8.243
[1758203305320635568],,,,0.124,5.825,8.195
[1758203305324289058],,,,-0.022,5.83,8.023
[1758203305327983016],,,,0.038,5.818,8.229
[1758203305332917600],,,,0.093,5.806,8.073
[1758203305336941298],,,,0.22,5.906,8.025
[1758203305341926454],,,,0.12,5.768,8.018
[1758203305345955100],,,,0.06,5.641,7.934
[1758203305349951193],,,,0.002,5.686,8.212
[1758203305353883381],,,,0.124,5.696,8.033
[1758203305357776558],,,,0.077,5.804,8.133
[1758203305361717860],,,,0.278,5.804,8.143
[1758203305366034996],,,,0.081,5.725,8.001
[1758203305369935621],,,,0.065,5.753,8.222
[1758203305373797860],,,,0.038,5.744,8.167
[1758203305377454579],,,,0.06,5.684,8.037
[1758203305381204214],,,,0.069,5.696,8.26
[1758203305384895881],,,,-0.086,5.708,8.169
[1758203305389541037],,,,0.048,5.703,8.011
[1758203305394178902],,,,0.084,5.686,7.91
[1758203305398024996],,,,-0.11,5.789,7.999
[1758203305401716246],,,,0.127,5.703,8.013
[1758203305405364631],,,,-0.041,5.77,8.222
[1758203305409065204],,,,0.043,5.727,8.147
[1758203305412799162],,,,0.22,5.789,8.243
[1758203305416511975],,,,0.139,5.636,8.052
[1758203305420164996],,,,0.045,5.792,8.255
[1758203305423857131],,,,0.017,5.775,8.097
[1758203305427513277],,,,0.098,5.794,8.145
[1758203305431228902],,,,0.05,5.715,8.112
[1758203305435082652],,,,-0.117,5.792,8.181
[1758203305438846506],,,,0.23,5.684,8.152
[1758203305442529110],,,,0.105,5.722,8.169
[1758203305446183902],,,,0.081,5.672,8.243
[1758203305449853329],,,,0.012,5.686,8.128
[1758203305453635100],,,,0.084,5.756,8.193
[1758203305457372860],,,,0.086,5.748,8.207
[1758203305461112443],,,,0.168,5.875,7.992
[1758203305464800100],,,,0.012,5.653,8.164
[1758203305468469058],,,,0.18,5.665,7.879
[1758203305472259371],,,,0.213,5.741,8.147
[1758203305475940048],,,,0.304,5.854,8.171
[1758203305479611714],,,,0.057,5.715,8.107
[1758203305483327131],,,,-0.069,5.519,8.059
[1758203305486996141],,,,0.038,5.727,8.021
[1758203305490739943],,,,0.081,5.799,8.191
[1758203305494926141],,,,0.122,5.698,8.037
[1758203305498760308],,,,-0.091,5.748,8.2
[1758203305502551141],,,,0.007,5.792,8.14
[1758203305506236454],,,,0.043,5.653,8.389
[1758203305509965412],,,,0.168,5.734,8.162
[1758203305513716818],,,,0.158,5.691,8.061
[1758203305517385777],,,,0.132,5.763,8.159
[1758203305521061037],,,,0.11,5.83,7.999
[1758203305524737496],,,,0.196,5.804,7.97
[1758203305528416350],,,,0.081,5.756,7.889
[1758203305532175673],,,,0.007,5.794,8.191
[1758203305536179318],,,,0.043,5.753,8.073
[1758203305539985568],,,,0.268,5.725,8.253
[1758203305548049631],,,,0.093,5.708,7.97
[1758203305552616818],,,,0.113,5.72,7.992
[1758203305556464579],,,,0.208,5.808,8.088
[1758203305560160985],,,,0.117,5.873,8.135
[1758203305563835308],,,,0.048,5.701,8.155
[1758203305567489527],,,,0.12,5.722,7.992
[1758203305571185100],,,,0.151,5.674,8.15
[1758203305574844423],,,,0.182,5.861,8.157
[1758203305578505204],,,,0.038,5.885,8.191
[1758203305582172808],,,,-0.144,5.775,8.226
[1758203305585813850],,,,0.168,5.775,8.061
[1758203305589510620],,,,-0.026,5.885,8.262
[1758203305593315985],,,,0.043,5.78,8.011
[1758203305597369527],,,,0.136,5.782,8.095
[1758203305603570360],,,,0.292,5.734,7.992
[1758203305608780985],,,,0.072,5.626,8.124
[1758203305614296975],,,,0.048,5.76,8.183
[1758203305619428693],,,,0.029,5.744,7.937
[1758203305624586037],,,,0.012,5.72,8.116
[1758203305629791245],,,,0.28,5.82,8.09
[1758203305635051870],,,,0.091,5.816,8.195
[1758203305640372079],,,,0.067,5.715,7.98
[1758203305646972808],,,,0.079,5.813,8.078
[1758203305652364787],,,,0.129,5.729,7.985
[1758203305657487235],,,,0.081,5.631,8.219
[1758203305662665048],,,,0.294,5.772,8.092
[1758203305667818745],,,,-0.002,5.727,8.078
[1758203305672922808],,,,0.11,5.78,8.183
[1758203305678012027],,,,0.081,5.964,8.08
[1758203305683182808],,,,0.268,5.715,8.011
[1758203305688681558],,,,0.089,5.674,8.006
[1758203305694268016],,,,-0.01,5.768,7.977
[1758203305699529943],,,,-0.084,5.758,8.033
[1758203305705320100],,,,-0.151,5.693,8.076
[1758203305710503068],,,,0.297,5.823,8.03
[1758203305715680204],,,,0.098,5.729,7.956
[1758203305721132131],,,,0.139,5.729,7.951
[1758203305726284110],,,,0.038,5.701,8.071
[1758203305731584162],,,,0.187,5.787,7.853
[1758203305739059943],,,,0.108,5.686,8.04
[1758203305744612808],,,,0.067,5.748,8.126
[1758203305749809110],,,,0.069,5.739,8.042
[1758203305755013381],,,,0.134,5.737,7.994
[1758203305760131662],,,,0.103,5.813,8.021
[1758203305765297860],,,,0.055,5.746,7.985
[1758203305770485047],,,,-0.029,5.684,7.973
[1758203305776050152],,,,0.141,5.775,8.071
[1758203305781194214],,,,0.079,5.674,8.025
[1758203305786474943],,,,0.079,5.61,8.092
[1758203305791734787],,,,0.304,5.765,7.942
[1758203305796970204],,,,0.041,5.725,8.059
[1758203305802244370],,,,0.144,5.54,7.98
[1758203305807430985],,,,0.031,5.734,7.91
[1758203305812867652],,,,0.11,5.765,8.073
[1758203305817992912],,,,0.227,5.808,8.037
[1758203305823325464],,,,-0.031,5.691,8.059
[1758203305828944266],,,,0.036,5.729,8.073
[1758203305834139839],,,,0.069,5.861,8.037
[1758203305839246870],,,,0.098,5.787,8.104
[1758203305844381297],,,,0.153,5.737,7.975
[1758203305849461037],,,,0.06,5.705,7.882
[1758203305854622235],,,,0.117,5.722,8.102
[1758203305859878433],,,,0.156,5.691,8.064
[1758203305866225100],,,,0.103,5.71,7.93
[1758203305871486245],,,,0.048,5.77,8.049
[1758203305879867287],,,,0.117,5.717,8.112
[1758203305889109475],,,,0.093,5.741,7.898
[1758203305895698120],,,,0.086,5.796,8.119
[1758203305900931714],,,,0.086,5.765,8.176
[1758203305905749214],,,,0.105,5.66,8.049
[1758203305910573745],,,,0.012,5.794,8.08
[1758203305915443902],,,,0.057,5.684,7.853
[1758203305920275881],,,,0.081,5.758,7.985
[1758203305925096454],,,,0.16,5.696,8.025
[1758203305930881714],,,,0.103,5.734,8.073
[1758203305936749318],,,,0.045,5.679,8.037
[1758203305941642027],,,,0.105,5.751,8.009
[1758203305946210829],,,,0.065,5.923,8.001
[1758203305950729006],,,,0.096,5.763,8.171
[1758203305955305204],,,,0.285,5.677,8.191
[1758203305959829422],,,,0.017,5.789,7.994
[1758203305964470412],,,,0.232,5.801,8.073
[1758203305968996402],,,,0.18,5.753,8.078
[1758203305973573641],,,,0.084,5.681,8.198
[1758203305978093693],,,,0.048,5.763,8.001
[1758203305982651037],,,,-0.103,5.605,8.021
[1758203305987157339],,,,0.124,5.789,8.128
[1758203305991764579],,,,0.062,5.799,8.193
[1758203305996278589],,,,0.036,5.672,8.03
[1758203306001253224],,,,0.029,5.837,8.011
[1758203306006426245],,,,0.117,5.844,7.994
[1758203306011605777],,,,0.141,5.665,7.97
[1758203306016834579],,,,0.136,5.813,8.052
[1758203306022009266],,,,-0.069,5.748,8.162
[1758203306027120985],,,,0.287,5.732,7.958
[1758203306032306558],,,,0.194,5.818,8.049
[1758203306037796558],,,,0.213,5.679,7.98
[1758203306043096037],,,,0.141,5.533,7.932
[1758203306048230360],,,,0.045,5.715,7.982
[1758203306053381454],,,,0.057,5.705,8.128
[1758203306058527027],,,,0.208,5.763,7.982
[1758203306063710308],,,,0.227,5.693,8.018
[1758203306068835308],,,,0.041,5.703,8.107
[1758203306074000360],,,,0.079,5.753,8.097
[1758203306079110620],,,,0.108,5.89,7.956
[1758203306084232443],,,,0.06,5.794,7.985
[1758203306089332287],,,,0.122,5.713,8.183
[1758203306094462235],,,,0.249,5.684,8.112
[1758203306099562756],,,,0.141,5.765,8.088
[1758203306104743693],,,,0.05,5.863,8.205
[1758203306109971818],,,,0.072,5.77,8.023
[1758203306115171766],,,,0.007,5.801,8.167
[1758203306120283172],,,,0.227,5.681,7.954
[1758203306125452235],,,,0.029,5.801,8.047
[1758203306130545620],,,,0.151,5.705,8.119
[1758203306135682443],,,,-0.057,5.713,7.987
[1758203306140797495],,,,0.017,5.701,8.068
[1758203306146316402],,,,0.182,5.737,8.068
[1758203306151643693],,,,0.132,5.768,8.054
[1758203306156808172],,,,-0.017,5.713,8.241
[1758203306162107860],,,,0.093,5.775,7.817
[1758203306167390568],,,,0.151,5.784,8.229
[1758203306172497912],,,,0.136,5.756,8.052
[1758203306177622495],,,,0.12,5.71,8.056
[1758203306182796818],,,,0.148,5.693,8.001
[1758203306187922756],,,,0.163,5.751,8.049
[1758203306193135151],,,,0.271,5.698,8.035
[1758203306198275464],,,,0.096,5.677,7.836
[1758203306203444683],,,,0.113,5.758,8.119
[1758203306208652443],,,,0.06,5.751,7.927
[1758203306214129214],,,,0.086,5.804,8.09
[1758203306219255985],,,,0.127,5.744,8.068
[1758203306224375881],,,,0.254,5.717,8.018
[1758203306229485829],,,,0.28,5.547,8.164
[1758203306234649735],,,,0.098,5.811,8.155
[1758203306239815308],,,,-0.12,5.653,8.045
[1758203306244943641],,,,0.029,5.784,8.054
[1758203306251112339],,,,0.199,5.715,8.076
[1758203306256849110],,,,0.268,5.93,8.09
[1758203306262248016],,,,0.034,5.674,8.08
[1758203306267388276],,,,0.055,5.782,7.851
[1758203306272542756],,,,0.093,5.715,7.913
[1758203306277657079],,,,0.17,5.729,8.124
[1758203306282740256],,,,0.263,5.799,7.968
[1758203306287820204],,,,0.117,5.72,8.033
[1758203306292981506],,,,0.038,5.739,8.001
[1758203306298117183],,,,0.081,5.691,8.018
[1758203306303378641],,,,0.184,5.816,7.982
[1758203306308539110],,,,0.067,5.854,7.616
[1758203306313779683],,,,0.101,5.878,7.434
[1758203306318906506],,,,0.196,6.122,7.707
[1758203306324016922],,,,0.694,5.648,7.997
[1758203306329173537],,,,0.982,5.61,8.258
[1758203306334323797],,,,0.73,5.581,8.308
[1758203306339449266],,,,0.56,5.804,8.511
[1758203306344719735],,,,0.218,5.578,8.792
[1758203306349846974],,,,-0.057,5.665,8.598
[1758203306355014526],,,,0.041,5.578,8.66
[1758203306360512287],,,,-0.06,5.409,8.554
[1758203306365830568],,,,-0.041,5.636,8.183
[1758203306371006870],,,,0.065,5.674,7.898
[1758203306376157079],,,,-0.122,5.641,7.865
[1758203306381276193],,,,-0.441,5.971,7.575
[1758203306386491922],,,,-0.472,5.95,7.81
[1758203306391653329],,,,-0.546,6.05,7.53
[1758203306396773120],,,,-0.378,5.954,7.436
[1758203306401963276],,,,0.069,5.76,7.705
[1758203306407127235],,,,0.026,5.77,7.956
[1758203306412521714],,,,0.156,5.619,8.1
[1758203306417780620],,,,0.089,5.617,8.408
[1758203306423027547],,,,-0.024,5.65,8.253
[1758203306428147808],,,,0.012,5.772,8.164
[1758203306433280724],,,,0.053,5.751,8.104
[1758203306438416870],,,,0.093,5.938,8.109
[1758203306443568589],,,,0.002,5.794,7.604
[1758203306448674162],,,,0.067,5.705,7.683
[1758203306453944162],,,,0.014,5.94,8.03
[1758203306459146662],,,,0.041,5.77,8.088
[1758203306464377808],,,,0.053,5.827,8.258
[1758203306469845464],,,,0.117,5.741,8.14
[1758203306475119318],,,,0.211,5.739,8.205
[1758203306480235828],,,,0.136,5.818,8.045
[1758203306485376558],,,,0.122,5.753,8.09
[1758203306490522287],,,,0.079,5.787,8.006
[1758203306495701037],,,,0.062,5.88,8.068
[1758203306500944891],,,,0.249,5.801,7.851
[1758203306506150776],,,,0.105,5.792,7.98
[1758203306511299422],,,,0.096,5.844,8.116
[1758203306517178537],,,,0.01,5.796,8.061
[1758203306522889266],,,,0.05,5.725,8.238
[1758203306529397860],,,,0.225,5.799,7.841
[1758203306535052495],,,,0.103,5.713,7.405
[1758203306541588224],,,,0.864,5.895,7.527
[1758203306547282078],,,,0.924,5.909,7.879
[1758203306552809526],,,,1.164,5.689,8.016
[1758203306558169995],,,,1.726,5.746,8.08
[1758203306564720985],,,,1.379,5.521,7.994
[1758203306571762495],,,,1.31,5.703,8.375
[1758203306577615412],,,,1.324,5.753,8.677
[1758203306583167287],,,,0.934,5.593,8.741
[1758203306588262026],,,,0.618,5.325,8.483
[1758203306593453172],,,,0.577,5.559,8.174
[1758203306598633381],,,,-0.168,5.215,8.119
[1758203306602389943],,,,0.383,5.265,8.27
[1758203306606050464],,,,0.077,5.368,8.224
[1758203306609710464],,,,0.431,5.619,7.973
[1758203306613433953],,,,-0.062,6.223,7.817
[1758203306617103849],,,,0.026,5.626,7.968
[1758203306621851089],,,,-0.283,5.574,7.793
[1758203306625586610],,,,-0.134,5.667,7.908
[1758203306629369266],,,,-0.615,5.382,8.38
[1758203306633084318],,,,-1.322,6.031,8.291
[1758203306636751297],,,,-1.657,5.811,8.15
[1758203306640464735],,,,-1.377,6.086,8.351
[1758203306644189839],,,,-2.124,6.273,8.047
[1758203306647859578],,,,-1.267,5.653,8.162
[1758203306651528120],,,,-1.104,5.662,7.977
[1758203306655170203],,,,-1.142,6.246,8.126
[1758203306658844943],,,,-0.991,6.158,7.721
[1758203306662571037],,,,-0.886,6.318,7.549
[1758203306666253172],,,,-0.62,6.309,7.278
[1758203306669942339],,,,-0.352,6.189,7.29
[1758203306673774058],,,,-0.177,6.256,7.247
[1758203306678408953],,,,-0.091,6.172,7.649
[1758203306682253276],,,,-0.038,5.997,7.724
[1758203306685969370],,,,-0.01,6.072,7.906
[1758203306689733172],,,,0.187,5.914,8.207
[1758203306693412443],,,,0.045,5.842,8.234
[1758203306697086297],,,,0.247,5.76,8.344
[1758203306700822339],,,,-0.055,5.954,8.186
[1758203306704495308],,,,-0.175,5.887,8.126
[1758203306708158068],,,,0.031,5.93,8.181
[1758203306711857026],,,,0.158,5.811,8.145
[1758203306718358016],,,,0.103,5.906,7.968
[1758203306722233797],,,,0.146,5.906,7.841
[1758203306725897703],,,,0.129,5.856,7.733
[1758203306729565516],,,,0.187,5.878,7.836
[1758203306733267599],,,,0.005,5.969,7.834
[1758203306736937912],,,,0.098,5.861,7.877
[1758203306740644110],,,,0.122,5.952,7.898
[1758203306744298016],,,,0.002,5.825,7.932
[1758203306747956818],,,,0.086,5.974,7.997
[1758203306751664110],,,,0.223,5.832,8.219
[1758203306755327755],,,,0.093,5.866,8.157
[1758203306759012339],,,,0.115,5.895,8.2
[1758203306762697495],,,,-0.031,5.854,7.985
[1758203306766361349],,,,0.184,5.94,8.025
[1758203306770024058],,,,0.01,5.93,8.013
[1758203306773770985],,,,0.153,5.827,7.956
[1758203306777436505],,,,0.029,6.069,7.97
[1758203306784408120],,,,0.093,5.911,7.776
[1758203306788234995],,,,0.007,5.94,7.822
[1758203306791934578],,,,-0.012,5.885,8.215
[1758203306795601089],,,,0.096,5.906,7.934
[1758203306799275516],,,,0.153,5.923,8.128
[1758203306803017391],,,,0.103,5.971,8.016
[1758203306806691662],,,,0.122,5.866,7.97
[1758203306810418380],,,,-0.103,5.844,7.961
[1758203306814108537],,,,0.117,5.892,8.135
[1758203306817809058],,,,0.022,5.875,8.076
[1758203306822513120],,,,0.263,5.962,7.966
[1758203306826367808],,,,0.294,5.969,7.867
[1758203306830039422],,,,0.12,5.854,7.891
[1758203306833713016],,,,0.043,5.952,8.073
[1758203306837376505],,,,0.127,5.899,8.037
[1758203306841091037],,,,0.237,5.916,8.097
[1758203306844762599],,,,0.151,6.026,8.028
[1758203306848430412],,,,0.239,5.863,7.944
[1758203306852116974],,,,0.101,5.902,8.033
[1758203306855858641],,,,0.012,5.837,8.226
[1758203306859563485],,,,0.132,5.911,8.092
[1758203306863314995],,,,0.019,5.94,8.215
[1758203306867102391],,,,0.115,5.875,8.056
[1758203306870962130],,,,0.065,5.947,8.1
[1758203306874655412],,,,0.146,6.002,7.884
[1758203306878324318],,,,0.091,5.839,7.939
[1758203306882047182],,,,0.134,5.818,7.839
[1758203306885760047],,,,0.146,5.93,8.191
[1758203306889718172],,,,0.038,5.88,8.047
[1758203306893495568],,,,0.287,5.878,8.08
[1758203306897179057],,,,0.074,5.938,7.863
[1758203306900936870],,,,0.093,6.096,7.994
[1758203306904651662],,,,0.098,5.844,7.894
[1758203306908354162],,,,0.153,5.863,8.023
[1758203306912139578],,,,0.172,5.959,7.949
[1758203306915816089],,,,0.053,5.938,8.071
[1758203306919489110],,,,0.041,5.818,8.114
[1758203306925054110],,,,0.093,5.906,7.822
[1758203306928889318],,,,0.148,6.086,7.994
[1758203306932578068],,,,0.251,5.883,7.91
[1758203306936249891],,,,0.081,5.895,7.903
[1758203306940016870],,,,0.148,5.94,7.951
[1758203306943758016],,,,0.022,5.892,7.894
[1758203306947433745],,,,-0.05,5.981,8.109
[1758203306951118901],,,,0.036,5.871,8.167
[1758203306954777391],,,,0.065,5.856,8.124
[1758203306958438172],,,,0.172,5.89,8.052
[1758203306962192755],,,,0.048,5.871,8.068
[1758203306965889318],,,,0.055,5.926,8.016
[1758203306969566089],,,,0.089,5.93,7.853
[1758203306973323849],,,,-0.012,5.832,8.114
[1758203306976991297],,,,0.079,5.909,8.224
[1758203306980752599],,,,0.002,5.95,8.049
[1758203306984448224],,,,0.151,5.976,8.124
[1758203306988123068],,,,0.038,5.88,8.061
[1758203306993626557],,,,0.232,5.83,8.08
[1758203306997461453],,,,0.101,5.82,7.942
[1758203307002083589],,,,0.124,5.868,7.889
[1758203307005921297],,,,0.129,5.914,7.853
[1758203307009586297],,,,0.225,5.835,8.104
[1758203307014331505],,,,0.05,5.861,7.815
[1758203307019152287],,,,0.065,5.918,7.884
[1758203307024153641],,,,0.077,5.918,7.918
[1758203307028390724],,,,0.007,5.863,7.927
[1758203307033227860],,,,0.194,5.906,7.903
[1758203307037215880],,,,0.237,5.863,8.037
[1758203307041191297],,,,0.139,5.902,7.877
[1758203307045108224],,,,0.098,6.057,7.755
[1758203307049945828],,,,0.072,6.0,7.611
[1758203307053964526],,,,0.115,5.839,7.336
[1758203307057848068],,,,0.778,5.825,7.611
[1758203307062708068],,,,0.62,5.808,7.879
[1758203307066533276],,,,0.843,5.816,8.076
[1758203307070231557],,,,0.553,5.679,8.176
[1758203307074008537],,,,0.685,5.801,8.308
[1758203307077685568],,,,0.821,5.89,8.37
[1758203307081416297],,,,0.85,5.662,8.423
[1758203307085094318],,,,1.051,5.574,8.418
[1758203307088789839],,,,0.575,5.634,8.49
[1758203307092517443],,,,0.323,5.634,8.535
[1758203307096278380],,,,-0.211,5.382,8.394
[1758203307099974734],,,,0.381,5.631,8.444
[1758203307104118276],,,,0.184,5.689,8.121
[1758203307107960412],,,,0.12,6.062,8.181
[1758203307111649787],,,,0.17,5.813,8.052
[1758203307115314943],,,,0.354,5.38,8.006
[1758203307118999266],,,,0.215,6.088,8.157
[1758203307122775099],,,,-0.081,5.794,7.798
[1758203307126447234],,,,0.22,5.619,7.762
[1758203307134453901],,,,0.098,5.93,8.021
[1758203307138260672],,,,-0.093,5.878,7.59
[1758203307141997755],,,,0.072,5.911,7.75
[1758203307145711245],,,,0.079,5.842,7.776
[1758203307149505464],,,,0.505,5.971,8.119
[1758203307153197130],,,,0.263,5.918,8.195
[1758203307156860099],,,,-0.129,5.794,7.949
[1758203307160575568],,,,0.079,6.124,7.846
[1758203307164268537],,,,-0.306,6.22,8.054
[1758203307167954422],,,,-0.168,5.777,8.262
[1758203307171713901],,,,-0.321,5.823,8.317
[1758203307175391141],,,,-0.51,5.519,8.291
[1758203307179069995],,,,-0.484,5.952,8.277
[1758203307182806766],,,,-0.735,5.904,8.305
[1758203307186491870],,,,-0.769,5.971,8.073
[1758203307190189474],,,,-0.812,5.952,8.133
[1758203307193970099],,,,-0.479,6.079,7.992
[1758203307197651818],,,,-0.362,6.146,7.69
[1758203307201325359],,,,-0.11,5.962,7.539
[1758203307205016141],,,,0.029,6.06,7.597
[1758203307208736870],,,,0.206,5.986,7.539
[1758203307212707078],,,,0.113,6.144,7.695
[1758203307216458016],,,,-0.079,6.22,7.537
[1758203307220143328],,,,0.069,5.859,7.714
[1758203307223903432],,,,0.089,5.995,7.846
[1758203307227578641],,,,0.084,5.947,8.272
[1758203307231275620],,,,0.225,5.923,8.052
[1758203307234986609],,,,0.081,6.002,8.253
[1758203307238665620],,,,0.103,5.962,8.222
[1758203307242381974],,,,0.05,5.823,8.195
[1758203307246054839],,,,0.103,5.93,8.049
[1758203307249727755],,,,0.053,5.933,8.006
[1758203307253453224],,,,-0.065,6.103,7.915
[1758203307257304005],,,,0.0,5.887,7.887
[1758203307261030464],,,,0.124,5.962,7.92
[1758203307264698172],,,,0.168,6.045,7.891
[1758203307268402287],,,,0.204,6.005,7.666
[1758203307272189787],,,,0.072,5.993,7.882
[1758203307275874839],,,,0.213,5.911,7.997
[1758203307279564162],,,,0.158,5.849,8.109
[1758203307283272599],,,,0.196,5.928,8.066
[1758203307286963745],,,,-0.089,5.921,7.973
[1758203307290729839],,,,0.062,5.971,8.164
[1758203307294464734],,,,0.115,5.904,8.056
[1758203307298189891],,,,-0.062,6.079,7.97
[1758203307301900828],,,,0.079,5.976,7.985
[1758203307306448797],,,,0.069,6.05,8.037
[1758203307311717130],,,,0.11,6.0,7.891
[1758203307317374266],,,,0.053,6.117,7.891
[1758203307322625151],,,,-0.136,5.902,7.848
[1758203307327751661],,,,0.136,5.923,7.755
[1758203307332947234],,,,0.089,5.942,7.922
[1758203307338118224],,,,0.036,5.902,8.066
[1758203307343255151],,,,0.029,5.962,7.913
[1758203307348364422],,,,0.089,5.902,7.949
[1758203307353533745],,,,0.194,5.83,7.846
[1758203307358656922],,,,0.151,5.935,8.021
[1758203307363881297],,,,0.163,6.038,7.867
[1758203307369001922],,,,0.11,6.014,7.906
[1758203307374340516],,,,0.141,5.916,7.992
[1758203307379482599],,,,0.043,5.868,7.908
[1758203307384604578],,,,0.124,6.06,7.93
[1758203307389739891],,,,0.168,5.909,7.831
[1758203307394928745],,,,0.194,5.906,7.956
[1758203307400043849],,,,0.146,5.988,7.817
[1758203307405262495],,,,0.067,5.725,7.908
[1758203307410424266],,,,0.223,5.835,7.829
[1758203307415678328],,,,-0.036,6.041,7.944
[1758203307422752703],,,,0.057,5.935,7.942
[1758203307428211818],,,,0.029,6.021,7.728
[1758203307433788172],,,,0.055,5.854,7.865
[1758203307438929995],,,,-0.05,5.801,7.901
[1758203307444089839],,,,0.093,6.067,7.889
[1758203307449219682],,,,0.055,5.95,7.733
[1758203307454356453],,,,0.091,5.945,7.879
[1758203307459468953],,,,0.127,5.904,7.894
[1758203307464684370],,,,0.06,5.847,7.834
[1758203307469948901],,,,0.093,5.945,7.772
[1758203307475250568],,,,-0.01,5.974,7.745
[1758203307480421401],,,,0.072,5.839,7.853
[1758203307485623641],,,,0.177,6.103,7.712
[1758203307490733536],,,,0.172,6.074,8.092
[1758203307495932755],,,,0.017,5.945,7.894
[1758203307501048224],,,,0.278,5.923,8.021
[1758203307506288224],,,,0.029,5.89,7.822
[1758203307511581922],,,,0.036,5.916,7.954
[1758203307516874682],,,,0.213,5.875,8.011
[1758203307522152286],,,,0.017,5.933,7.86
[1758203307527322078],,,,0.072,6.062,7.824
[1758203307534249734],,,,0.048,5.962,8.035
[1758203307540068432],,,,0.081,5.983,7.992
[1758203307545700516],,,,0.129,5.962,8.068
[1758203307552195047],,,,0.127,5.952,7.812
[1758203307558696766],,,,0.007,5.863,7.839
[1758203307564425724],,,,0.124,5.964,7.884
[1758203307571060359],,,,0.11,5.83,7.817
[1758203307577714682],,,,0.005,5.935,7.865
[1758203307583346713],,,,0.11,5.945,7.875
[1758203307588617026],,,,0.108,5.854,7.944
[1758203307593789734],,,,0.055,5.902,7.853
[1758203307598905359],,,,0.079,5.916,7.956
[1758203307604037755],,,,0.175,6.122,7.81
[1758203307608114734],,,,0.096,5.823,8.054
[1758203307611835307],,,,0.146,6.06,7.97
[1758203307615527599],,,,0.136,6.072,8.068
[1758203307619327599],,,,0.098,6.043,7.987
[1758203307623977963],,,,0.074,5.921,7.848
[1758203307627793328],,,,0.165,5.947,7.858
[1758203307631521766],,,,0.103,5.895,8.016
[1758203307635185828],,,,0.005,5.856,7.908
[1758203307638853172],,,,0.072,5.847,8.016
[1758203307643407963],,,,0.204,5.94,7.836
[1758203307647270203],,,,0.139,5.902,7.824
[1758203307651108432],,,,0.05,5.945,8.085
[1758203307654786453],,,,0.124,6.005,7.951
[1758203307658460359],,,,0.117,5.954,7.853
[1758203307662161974],,,,0.283,5.847,7.908
[1758203307665823901],,,,0.081,6.065,8.009
[1758203307669501453],,,,0.156,5.938,7.944
[1758203307673246088],,,,0.132,5.916,7.851
[1758203307676921297],,,,0.113,6.0,7.937
[1758203307680675568],,,,0.014,5.883,7.992
[1758203307684362703],,,,0.057,6.108,7.942
[1758203307688037755],,,,0.041,6.05,7.98
[1758203307691726505],,,,0.144,5.883,8.064
[1758203307695475672],,,,0.108,5.94,7.91
[1758203307699159318],,,,0.026,5.935,8.023
[1758203307702851870],,,,0.074,5.942,8.071
[1758203307706518172],,,,0.225,5.974,8.092
[1758203307710190047],,,,0.129,6.127,8.253
[1758203307713893380],,,,0.139,5.933,8.011
[1758203307717562807],,,,0.232,5.825,8.059
[1758203307721315463],,,,0.141,5.868,8.009
[1758203307724983224],,,,0.199,5.978,8.09
[1758203307728662651],,,,0.124,5.899,7.958
[1758203307732373745],,,,-0.074,5.885,8.226
[1758203307736049161],,,,0.005,5.916,7.982
[1758203307739725724],,,,0.017,5.856,8.033
[1758203307743413693],,,,0.17,5.887,7.887
[1758203307747371870],,,,0.199,5.95,8.147
[1758203307751173745],,,,0.045,5.794,7.745
[1758203307754856140],,,,0.156,6.029,7.946
[1758203307758528276],,,,0.055,6.012,8.253
[1758203307762238172],,,,0.218,5.904,8.09
[1758203307765914786],,,,0.294,5.978,7.927
[1758203307769618068],,,,0.168,5.854,8.006
[1758203307774207651],,,,0.302,5.935,7.884
[1758203307777949005],,,,0.177,6.007,8.023
[1758203307781744005],,,,0.096,5.902,8.114
[1758203307785424422],,,,0.093,5.72,7.977
[1758203307789097078],,,,0.055,5.88,7.922
[1758203307792821140],,,,0.034,5.878,7.932
[1758203307796481765],,,,0.084,6.014,8.066
[1758203307800148640],,,,0.124,5.823,8.205
[1758203307803872078],,,,0.043,5.94,7.922
[1758203307807548536],,,,0.012,5.971,8.009
[1758203307811251505],,,,0.055,5.966,7.949
[1758203307814917286],,,,0.093,5.969,7.872
[1758203307821664474],,,,0.077,5.904,7.776
[1758203307825411193],,,,0.034,5.923,7.982
[1758203307829169943],,,,0.057,5.904,8.066
[1758203307832890359],,,,0.029,5.959,8.112
[1758203307836557495],,,,0.283,5.873,8.128
[1758203307840249109],,,,-0.029,6.005,7.992
[1758203307843931140],,,,0.072,5.959,8.037
[1758203307847589838],,,,0.093,5.957,7.975
[1758203307851285255],,,,0.11,5.921,7.937
[1758203307855847911],,,,0.079,6.11,7.898
[1758203307859731765],,,,0.12,5.897,7.997
[1758203307863431088],,,,0.098,5.717,7.963
[1758203307867087963],,,,0.029,5.897,7.946
[1758203307870884265],,,,-0.026,5.911,7.748
[1758203307874580255],,,,0.002,5.938,7.894
[1758203307878246088],,,,0.103,5.938,7.925
[1758203307881921870],,,,0.223,5.796,7.985
[1758203307885590620],,,,0.005,6.043,8.064
[1758203307889260151],,,,0.081,5.904,8.035
[1758203307892968432],,,,0.12,5.875,7.894
[1758203307896687443],,,,0.182,5.859,8.052
[1758203307900470932],,,,0.251,5.827,7.992
[1758203307904205724],,,,0.113,5.983,8.049
[1758203307907922755],,,,0.079,5.856,8.119
[1758203307911699005],,,,-0.022,6.098,7.93
[1758203307915382599],,,,0.127,5.909,7.908
[1758203307919085307],,,,0.132,6.005,7.944
[1758203307922833536],,,,0.182,6.115,8.061
[1758203307926537130],,,,0.048,5.859,8.009
[1758203307930256505],,,,0.237,5.909,7.987
[1758203307933971765],,,,0.103,5.918,8.049
[1758203307937731088],,,,0.036,5.89,7.934
[1758203307941438015],,,,0.096,5.839,7.954
[1758203307945108953],,,,0.168,5.911,8.061
[1758203307948772963],,,,0.122,6.081,8.054
[1758203307952489578],,,,0.122,5.89,8.023
[1758203307956190984],,,,0.129,5.986,8.124
[1758203307960154995],,,,0.136,5.866,8.016
[1758203307963960672],,,,0.072,5.981,7.848
[1758203307967693484],,,,0.057,5.966,8.047
[1758203307971460203],,,,-0.084,5.873,8.078
[1758203307975131036],,,,0.225,5.962,8.03
[1758203307978833849],,,,0.189,5.906,8.124
[1758203307982540880],,,,0.002,5.914,7.982
[1758203307986204786],,,,-0.048,5.897,8.116
[1758203307989909630],,,,0.129,5.887,8.054
[1758203307993681245],,,,0.206,5.866,7.853
[1758203307997368849],,,,0.184,5.962,8.04
[1758203308001104317],,,,0.23,5.971,8.107
[1758203308005368745],,,,0.091,5.93,7.851
[1758203308009233276],,,,0.218,5.995,8.068
[1758203308013153484],,,,-0.024,5.878,7.977
[1758203308017911505],,,,0.124,5.827,7.925
[1758203308022616974],,,,0.062,5.94,7.906
[1758203308026431609],,,,0.146,5.878,7.855
[1758203308030118380],,,,0.172,5.966,7.93
[1758203308033827026],,,,0.124,6.12,8.04
[1758203308037496922],,,,0.275,5.947,7.973
[1758203308041188484],,,,0.175,5.95,7.997
[1758203308044858224],,,,0.06,5.842,7.946
[1758203308048530151],,,,0.302,5.995,8.056
[1758203308052228484],,,,0.024,5.873,7.824
[1758203308055892390],,,,0.124,5.916,7.827
[1758203308059568953],,,,-0.259,5.892,8.011
[1758203308063324005],,,,0.091,5.859,7.937
[1758203308067361192],,,,0.129,5.875,7.982
[1758203308071205932],,,,0.108,5.883,7.963
[1758203308074890203],,,,-0.084,5.952,8.001
[1758203308078586765],,,,0.153,6.005,8.131
[1758203308082298692],,,,0.005,5.918,7.872
[1758203308085971661],,,,0.081,5.945,7.915
[1758203308089644317],,,,0.139,5.986,8.076
[1758203308093400932],,,,0.108,5.899,7.934
[1758203308097079317],,,,0.108,5.923,7.839
[1758203308100895984],,,,0.244,6.096,7.92
[1758203308104579578],,,,0.271,5.983,8.004
[1758203308108248380],,,,0.012,5.995,8.085
[1758203308112003901],,,,-0.093,5.722,7.92
[1758203308115811297],,,,0.031,6.014,8.03
[1758203308119508536],,,,0.022,6.012,7.848
[1758203308124654317],,,,0.055,5.95,7.975
[1758203308128517651],,,,0.163,5.986,7.97
[1758203308132214474],,,,-0.012,5.938,7.865
[1758203308135884786],,,,0.079,5.978,8.147
[1758203308139551140],,,,0.098,6.014,8.011
[1758203308143244370],,,,0.239,5.856,7.937
[1758203308146921505],,,,0.069,5.827,8.076
[1758203308150638692],,,,0.06,6.002,7.961
[1758203308154313276],,,,0.05,5.918,8.004
[1758203308158015672],,,,-0.141,6.096,8.025
[1758203308161717859],,,,0.0,5.902,8.045
[1758203308165446453],,,,0.177,6.002,8.045
[1758203308169253484],,,,0.019,6.12,8.054
[1758203308173249734],,,,0.091,6.069,7.999
[1758203308177011401],,,,0.108,5.854,7.939
[1758203308181617703],,,,0.115,5.94,7.93
[1758203308185415463],,,,0.108,5.839,8.114
[1758203308189078692],,,,0.034,6.048,8.006
[1758203308192754161],,,,-0.096,5.921,7.949
[1758203308196433484],,,,0.096,5.854,8.226
[1758203308200097130],,,,0.175,5.933,7.977
[1758203308203782286],,,,0.01,5.906,8.135
[1758203308207445880],,,,0.141,5.962,8.011
[1758203308211162703],,,,0.05,6.002,8.15
[1758203308214834005],,,,0.098,5.969,7.958
[1758203308218552130],,,,0.072,6.0,8.018
[1758203308223224734],,,,0.117,5.947,7.827
[1758203308227078849],,,,-0.062,5.832,7.879
[1758203308230883328],,,,0.086,6.06,7.944
[1758203308234556036],,,,0.026,5.938,7.8
[1758203308238223380],,,,0.113,5.837,8.203
[1758203308241923536],,,,0.139,5.974,8.033
[1758203308245583849],,,,0.151,5.868,7.977
[1758203308249240307],,,,0.266,5.885,7.851
[1758203308252925203],,,,0.0,5.962,8.006
[1758203308256682547],,,,0.115,6.0,8.052
[1758203308260447286],,,,-0.029,5.935,7.961
[1758203308264163797],,,,0.079,5.938,7.975
[1758203308267888328],,,,0.172,5.904,7.901
[1758203308271646609],,,,0.211,5.933,7.975
[1758203308275361505],,,,0.139,5.77,7.944
[1758203308279487703],,,,0.091,6.072,8.066
[1758203308283323536],,,,-0.141,5.916,8.037
[1758203308287030359],,,,0.062,5.844,7.879
[1758203308290759161],,,,0.055,6.086,8.037
[1758203308294438953],,,,0.077,5.971,7.949
[1758203308298163328],,,,0.057,5.902,8.109
[1758203308301904786],,,,0.196,5.993,7.999
[1758203308305576192],,,,0.251,5.974,7.977
[1758203308309251244],,,,0.271,5.938,8.064
[1758203308313928276],,,,0.201,5.954,7.963
[1758203308319197442],,,,0.086,5.911,7.944
[1758203308325125880],,,,0.237,5.93,7.894
[1758203308330334265],,,,0.146,6.002,7.982
[1758203308335477494],,,,0.026,5.89,7.949
[1758203308340592651],,,,-0.11,5.909,7.944
[1758203308345775776],,,,0.18,5.895,7.946
[1758203308350896036],,,,0.127,6.084,7.827
[1758203308356075151],,,,0.11,5.804,7.817
[1758203308361209265],,,,0.012,5.863,8.056
[1758203308366396557],,,,0.01,6.12,7.954
[1758203308371747182],,,,-0.01,5.914,7.882
[1758203308377208067],,,,0.045,5.827,7.822
[1758203308382443953],,,,0.18,5.902,7.822
[1758203308390064213],,,,0.122,5.945,7.942
[1758203308395448849],,,,0.048,5.926,7.827
[1758203308400694734],,,,0.163,5.871,7.791
[1758203308405836088],,,,0.132,5.918,7.867
[1758203308410976036],,,,-0.005,5.947,7.841
[1758203308416130932],,,,0.189,5.856,7.731
[1758203308421262963],,,,-0.127,5.873,7.92
[1758203308427655567],,,,0.117,5.842,7.989
[1758203308434033119],,,,0.06,5.88,7.846
[1758203308440437078],,,,0.23,5.873,8.016
[1758203308445714994],,,,0.06,5.904,7.887
[1758203308450844578],,,,0.038,5.988,7.872
[1758203308455981244],,,,0.139,6.06,7.992
[1758203308461081192],,,,0.007,5.825,7.858
[1758203308466212234],,,,0.17,5.899,8.112
[1758203308471343640],,,,0.124,5.921,7.781
[1758203308476614317],,,,0.057,6.074,7.891
[1758203308482311817],,,,0.146,5.928,7.748
[1758203308487558328],,,,0.036,6.086,7.963
[1758203308492704109],,,,-0.132,6.112,7.942
[1758203308498170567],,,,0.062,5.95,7.843
[1758203308503367026],,,,0.072,5.825,7.774
[1758203308508513119],,,,0.132,6.053,7.884
[1758203308513659734],,,,0.163,5.897,7.843
[1758203308518803276],,,,0.096,5.952,8.085
[1758203308524041453],,,,0.103,5.899,7.86
[1758203308530790099],,,,0.065,5.926,7.819
[1758203308537384213],,,,0.124,5.827,7.903
[1758203308543987286],,,,0.072,5.952,7.968
[1758203308550388588],,,,0.086,5.885,7.887
[1758203308556100203],,,,0.175,5.916,7.982
[1758203308561287859],,,,0.278,5.83,7.836
[1758203308567684682],,,,0.089,5.926,7.956
[1758203308572998484],,,,0.081,5.88,7.781
[1758203308578125671],,,,0.12,6.067,8.056
[1758203308583283953],,,,0.077,5.911,8.088
[1758203308588408380],,,,-0.012,6.069,7.807
[1758203308593560776],,,,0.041,6.096,7.762
[1758203308598676505],,,,0.165,5.938,7.724
[1758203308604408692],,,,0.06,5.863,8.097
[1758203308609690515],,,,0.28,5.969,7.997
[1758203308614966661],,,,0.084,5.964,8.076
[1758203308620089213],,,,0.108,5.82,7.887
[1758203308626470098],,,,0.031,5.945,7.843
[1758203308631791557],,,,0.077,5.938,7.805
[1758203308636945098],,,,0.034,5.897,7.896
[1758203308642122703],,,,0.129,5.997,7.829
[1758203308647273796],,,,0.091,5.902,7.831
[1758203308652447651],,,,0.175,5.832,7.666
[1758203308658110046],,,,0.225,5.866,7.906
[1758203308664451244],,,,0.029,5.997,7.875
[1758203308669736453],,,,0.122,5.966,7.776
[1758203308676146869],,,,0.096,5.978,7.992
[1758203308681433223],,,,0.091,5.938,7.922
[1758203308686566713],,,,0.079,6.055,7.875
[1758203308691746244],,,,0.127,5.902,7.865
[1758203308696913276],,,,-0.069,5.962,7.975
[1758203308702093432],,,,0.122,5.899,7.908
[1758203308708457026],,,,0.093,5.978,7.961
[1758203308714687026],,,,0.045,5.871,7.954
[1758203308720015307],,,,-0.127,5.983,7.839
[1758203308725221557],,,,0.067,5.868,8.045
[1758203308730339890],,,,0.002,5.962,7.915
[1758203308735485046],,,,0.218,5.947,7.853
[1758203308740586192],,,,0.227,5.71,8.025
[1758203308745714109],,,,0.108,5.957,7.867
[1758203308750835619],,,,0.055,5.926,7.887
[1758203308755998901],,,,0.201,6.081,7.848
[1758203308761211921],,,,0.012,5.993,7.951
[1758203308766343744],,,,-0.072,5.99,7.812
[1758203308771469630],,,,0.105,5.935,8.035
[1758203308776682807],,,,0.005,6.053,7.815
[1758203308781863067],,,,0.139,6.019,7.903
[1758203308786992807],,,,0.163,6.117,7.793
[1758203308792178067],,,,0.201,6.127,7.877
[1758203308797304890],,,,-0.002,5.933,7.92
[1758203308802425671],,,,0.124,5.986,7.879
[1758203308807529421],,,,0.067,5.892,7.927
[1758203308812682703],,,,0.172,5.918,7.942
[1758203308817857338],,,,0.103,5.813,8.107
[1758203308824674161],,,,0.065,5.916,7.669
[1758203308831101869],,,,0.077,5.938,7.927
[1758203308836353119],,,,0.084,5.947,7.863
[1758203308841449161],,,,0.002,5.895,7.918
[1758203308846584317],,,,0.057,5.986,7.733
[1758203308851744369],,,,0.048,6.019,7.841
[1758203308856884734],,,,0.175,5.95,7.896
[1758203308862056140],,,,-0.101,5.957,7.745
[1758203308867157703],,,,0.05,6.06,7.781
[1758203308872467078],,,,-0.113,5.947,7.98
[1758203308877697755],,,,0.237,5.818,7.781
[1758203308882818900],,,,0.129,5.851,8.045
[1758203308887933640],,,,0.084,6.117,8.061
[1758203308893085880],,,,0.041,5.892,7.875
[1758203308898194578],,,,0.168,5.825,7.958
[1758203308903303900],,,,0.038,5.825,7.829
[1758203308908411296],,,,0.177,5.938,8.114
[1758203308913598223],,,,-0.122,6.043,7.796
[1758203308918750255],,,,-0.014,5.902,7.956
[1758203308924326244],,,,0.165,5.909,7.74
[1758203308929605671],,,,0.285,5.883,7.865
[1758203308934761505],,,,-0.141,5.94,8.066
[1758203308939897859],,,,0.043,5.921,7.685
[1758203308945049421],,,,0.0,5.863,7.875
[1758203308950153380],,,,0.129,6.072,7.774
[1758203308955281453],,,,0.077,5.892,8.095
[1758203308960402807],,,,0.127,6.009,7.836
[1758203308965575046],,,,0.093,5.873,8.042
[1758203308970744838],,,,0.022,5.837,7.966
[1758203308976243640],,,,0.024,5.911,7.913
[1758203308981413275],,,,0.134,5.938,7.949
[1758203308986573484],,,,0.043,6.12,7.946
[1758203308991746244],,,,0.005,5.983,7.975
[1758203308996896036],,,,0.263,6.017,7.822
[1758203309002073119],,,,0.101,5.918,7.877
[1758203309007187807],,,,0.062,5.935,7.855
[1758203309012386557],,,,-0.024,6.127,7.76
[1758203309017549838],,,,0.081,5.942,8.047
[1758203309022842755],,,,0.065,5.887,8.088
[1758203309027978432],,,,0.036,5.957,7.896
[1758203309033533796],,,,0.259,5.988,8.066
[1758203309038811973],,,,0.132,5.923,7.918
[1758203309043966192],,,,0.045,5.978,7.891
[1758203309049114838],,,,0.17,5.859,7.822
[1758203309054279734],,,,0.11,6.002,7.841
[1758203309059394109],,,,0.093,5.823,7.681
[1758203309064515775],,,,0.136,5.837,7.417
[1758203309069646713],,,,0.067,5.856,7.223
[1758203309074916661],,,,1.128,6.072,7.664
[1758203309080170307],,,,1.298,5.868,7.887
[1758203309085331244],,,,1.353,6.122,8.045
[1758203309090499525],,,,0.804,6.268,8.059
[1758203309095646452],,,,1.128,5.918,8.188
[1758203309105051348],,,,0.73,5.605,8.425
[1758203309110436661],,,,0.716,5.435,8.315
[1758203309115616817],,,,0.704,5.681,8.545
[1758203309120767650],,,,0.23,5.612,8.317
[1758203309125991140],,,,-0.256,5.861,8.064
[1758203309131172755],,,,-0.512,5.452,7.946
[1758203309137422077],,,,-0.974,5.794,7.898
[1758203309144255723],,,,-0.208,6.091,7.937
[1758203309149652494],,,,-0.29,5.672,7.927
[1758203309154856400],,,,-0.663,6.076,7.513
[1758203309159976192],,,,-0.438,6.036,7.427
[1758203309165129369],,,,-0.642,5.988,7.877
[1758203309170243484],,,,-0.74,5.897,8.095
[1758203309175459630],,,,-0.52,6.007,7.87
[1758203309182300827],,,,-0.496,6.024,7.8
[1758203309187938223],,,,0.072,5.911,7.968
[1758203309194404421],,,,0.132,5.887,7.693
[1758203309199933067],,,,0.084,5.88,7.951
[1758203309205099682],,,,-0.108,5.868,8.092
[1758203309210209734],,,,0.029,5.839,7.98
[1758203309215431505],,,,-0.06,5.849,8.037
[1758203309220568484],,,,0.153,5.957,7.942
[1758203309225798015],,,,0.069,5.957,7.992
[1758203309230950411],,,,0.259,6.093,7.867
[1758203309236163171],,,,0.136,5.947,8.08
[1758203309241416661],,,,-0.017,5.895,7.774
[1758203309246601348],,,,0.065,5.863,8.102
[1758203309252206661],,,,0.108,5.823,7.872
[1758203309257385411],,,,0.247,5.969,8.016
[1758203309262514734],,,,-0.002,5.887,7.932
[1758203309267645046],,,,-0.022,5.866,7.946
[1758203309272881661],,,,0.177,5.842,7.719
[1758203309278026504],,,,0.18,5.964,7.925
[1758203309283279942],,,,0.117,5.93,7.889
[1758203309288560879],,,,0.053,5.851,7.894
[1758203309293706088],,,,0.017,6.088,8.109
[1758203309298816348],,,,0.239,5.878,7.913
[1758203309303975567],,,,0.06,5.899,7.898
[1758203309309147025],,,,0.007,5.784,7.975
[1758203309314353848],,,,0.093,5.849,7.934
[1758203309319500202],,,,0.148,5.962,7.922
[1758203309324745046],,,,0.124,6.112,7.817
[1758203309329948432],,,,0.031,5.837,7.939
[1758203309335076609],,,,0.091,5.89,8.037
[1758203309340187702],,,,0.06,5.856,7.961
[1758203309345332077],,,,0.072,5.674,7.927
[1758203309350489577],,,,0.045,5.801,8.013
[1758203309356867754],,,,0.038,5.837,7.954
[1758203309362305411],,,,0.014,5.952,8.097
[1758203309367736192],,,,0.043,5.892,7.755
[1758203309372965098],,,,0.204,5.827,7.913
[1758203309378101557],,,,0.273,5.818,7.896
[1758203309383207702],,,,0.081,5.892,7.91
[1758203309388312182],,,,0.17,5.892,7.863
[1758203309393480567],,,,0.235,5.82,7.963
[1758203309398608588],,,,-0.002,5.866,7.997
[1758203309404029109],,,,0.026,5.952,7.937
[1758203309409307650],,,,0.266,6.062,7.918
[1758203309414437859],,,,0.218,5.942,7.961
[1758203309419578327],,,,0.283,5.904,7.939
[1758203309424854213],,,,0.091,5.902,7.894
[1758203309430040567],,,,-0.093,5.686,7.915
[1758203309435153640],,,,0.084,6.021,7.855
[1758203309440348327],,,,0.057,5.715,7.954
[1758203309445539057],,,,0.124,5.921,7.839
[1758203309450734838],,,,0.093,5.928,7.728
[1758203309455862754],,,,0.132,5.859,7.963
[1758203309461626244],,,,0.18,5.827,7.896
[1758203309466916140],,,,0.18,5.883,7.891
[1758203309472209629],,,,0.017,5.897,7.882
[1758203309477716088],,,,0.139,5.911,7.865
[1758203309482876817],,,,0.184,5.969,8.104
[1758203309487996765],,,,0.187,5.993,7.815
[1758203309493123796],,,,-0.029,6.012,7.829
[1758203309498226713],,,,0.084,5.899,8.088
[1758203309503490515],,,,0.124,6.055,8.15
[1758203309508767025],,,,0.199,5.878,8.152
[1758203309514000984],,,,0.093,5.811,7.91
[1758203309519188119],,,,0.045,5.873,7.966
[1758203309524432546],,,,0.175,5.851,7.836
[1758203309529550463],,,,-0.024,5.729,7.867
[1758203309534694369],,,,0.124,5.866,7.882
[1758203309539826036],,,,0.201,5.978,7.894
[1758203309545079734],,,,-0.06,5.885,7.666
[1758203309550320306],,,,0.18,5.89,7.97
[1758203309555457338],,,,0.151,5.796,7.98
[1758203309560584213],,,,0.041,5.947,8.04
[1758203309565761192],,,,0.065,5.875,7.903
[1758203309571277181],,,,0.029,5.883,7.918
[1758203309576500098],,,,0.098,5.717,7.86
[1758203309581747494],,,,0.074,5.887,7.788
[1758203309587421400],,,,0.249,5.906,7.958
[1758203309592600359],,,,0.074,5.971,8.006
[1758203309597726400],,,,0.084,5.847,7.985
[1758203309602901140],,,,0.156,5.837,7.949
[1758203309608042338],,,,0.091,5.923,7.894
[1758203309613380411],,,,0.103,5.923,7.903
[1758203309618656244],,,,-0.024,5.966,7.896
[1758203309623890306],,,,-0.012,5.921,7.894
[1758203309629052546],,,,-0.139,5.926,7.697
[1758203309634226140],,,,-0.038,5.942,7.819
[1758203309639333327],,,,0.211,5.504,8.236
[1758203309644457181],,,,0.175,5.768,7.93
[1758203309649608431],,,,0.096,6.014,7.954
[1758203309654859786],,,,-0.148,5.938,8.035
[1758203309660078431],,,,0.086,5.825,8.013
[1758203309665243067],,,,0.127,6.007,7.987
[1758203309670388484],,,,0.256,6.017,7.843
[1758203309675632806],,,,0.065,6.179,8.035
[1758203309681201088],,,,0.072,5.871,7.836
[1758203309686387858],,,,0.266,5.856,7.915
[1758203309691568744],,,,0.007,5.995,7.882
[1758203309697048952],,,,0.163,5.885,7.949
[1758203309702259108],,,,0.156,5.921,7.977
[1758203309707400879],,,,0.158,5.962,7.827
[1758203309712630046],,,,0.127,5.883,7.903
[1758203309717768692],,,,0.007,5.868,7.922
[1758203309723216608],,,,-0.019,5.945,7.752
[1758203309728412963],,,,0.034,5.839,7.906
[1758203309733542598],,,,-0.01,5.832,8.109
[1758203309738676973],,,,0.144,5.895,7.803
[1758203309743871661],,,,0.299,5.914,7.896
[1758203309749037702],,,,0.134,6.057,7.906
[1758203309754204681],,,,0.292,5.897,8.119
[1758203309759330202],,,,0.12,5.995,7.831
[1758203309764587077],,,,0.12,5.926,7.939
[1758203309769791244],,,,0.108,5.947,8.018
[1758203309775000983],,,,0.089,5.859,8.054
[1758203309780144786],,,,0.268,5.95,7.887
[1758203309785354994],,,,0.115,5.976,7.898
[1758203309790969629],,,,0.101,5.938,7.925
[1758203309798384629],,,,0.113,5.854,7.855
[1758203309803570567],,,,0.014,5.933,7.975
[1758203309808686504],,,,0.22,5.875,7.755
[1758203309813872286],,,,0.072,5.94,7.819
[1758203309820500671],,,,0.244,5.899,8.03
[1758203309826160879],,,,0.338,5.837,7.41
[1758203309831498483],,,,0.247,5.99,8.224
[1758203309836788379],,,,0.402,6.0,8.255
[1758203309842033900],,,,-0.101,5.851,8.2
[1758203309847194369],,,,-0.213,5.918,8.258
[1758203309852416192],,,,-0.369,5.899,8.155
[1758203309857555046],,,,-0.043,5.976,7.817
[1758203309862750254],,,,-0.019,5.674,7.827
[1758203309867929004],,,,0.134,5.923,7.791
[1758203309874448171],,,,0.275,5.962,7.69
[1758203309879751556],,,,0.098,5.914,7.671
[1758203309884901452],,,,-0.048,6.024,7.807
[1758203309890023015],,,,0.089,5.83,7.865
[1758203309895188379],,,,0.057,6.112,7.867
[1758203309900720775],,,,0.117,5.938,8.059
[1758203309905878431],,,,0.187,5.875,7.851
[1758203309910994681],,,,0.012,5.959,8.095
[1758203309916189525],,,,0.156,6.033,7.87
[1758203309921479785],,,,0.187,5.926,7.87
[1758203309926708327],,,,0.005,5.962,7.846
[1758203309931913692],,,,0.136,5.988,7.853
[1758203309937073952],,,,0.28,5.832,7.963
[1758203309942336817],,,,0.096,6.072,8.028
[1758203309947467650],,,,0.201,5.892,8.035
[1758203309952626504],,,,0.211,5.827,7.781
[1758203309957799733],,,,0.036,5.89,7.961
[1758203309963084213],,,,0.251,5.945,7.879
[1758203309968257181],,,,0.136,5.957,7.908
[1758203309973486973],,,,0.184,5.859,7.86
[1758203309978670254],,,,-0.062,5.88,7.944
[1758203309983813640],,,,0.036,5.95,7.946
[1758203309988988327],,,,0.077,5.957,7.712
[1758203309994179838],,,,0.283,6.045,7.822
[1758203309999304525],,,,0.136,6.086,7.738
[1758203310005677754],,,,-0.007,5.818,7.889
[1758203310011035931],,,,0.053,5.825,7.949
[1758203310016494317],,,,0.127,5.942,8.085
[1758203310021688119],,,,0.136,5.859,7.925
[1758203310026923015],,,,0.108,5.954,7.944
[1758203310032128379],,,,-0.019,5.952,7.661
[1758203310037293588],,,,0.29,5.868,7.851
[1758203310042488223],,,,-0.091,5.832,7.81
[1758203310047667181],,,,0.232,5.895,7.92
[1758203310052998692],,,,0.194,5.906,7.989
[1758203310058178692],,,,-0.01,6.036,7.901
[1758203310063335827],,,,0.069,5.942,8.045
[1758203310068465879],,,,0.168,5.945,7.891
[1758203310073721869],,,,0.165,5.921,7.831
[1758203310078880827],,,,0.122,5.942,7.954
[1758203310084051921],,,,0.124,5.842,7.891
[1758203310089235046],,,,0.108,6.115,7.86
[1758203310094402233],,,,0.278,6.076,7.846
[1758203310099667754],,,,-0.136,5.847,7.906
[1758203310104806713],,,,0.247,5.847,8.052
[1758203310109924265],,,,0.299,5.969,7.906
[1758203310116473379],,,,0.072,5.964,7.865
[1758203310123145671],,,,0.103,5.904,7.987
[1758203310128420723],,,,0.172,5.847,7.843
[1758203310133556504],,,,0.069,5.866,7.934
[1758203310138693431],,,,0.29,5.95,7.887
[1758203310143842129],,,,0.038,5.904,7.913
[1758203310148960671],,,,0.098,5.916,7.807
[1758203310154083431],,,,0.165,5.904,7.918
[1758203310159214525],,,,0.12,5.95,7.898
[1758203310164400515],,,,0.062,5.878,7.817
[1758203310169627702],,,,0.024,5.911,7.906
[1758203310174845827],,,,0.124,5.945,7.92
[1758203310179980150],,,,0.041,5.82,7.901
[1758203310185164317],,,,-0.055,5.918,7.779
[1758203310190282806],,,,0.045,5.871,8.054
[1758203310195415462],,,,0.182,5.83,7.841
[1758203310200574994],,,,0.115,5.997,7.712
[1758203310205787129],,,,0.129,5.926,7.999
[1758203310210953640],,,,0.084,5.926,7.901
[1758203310216165879],,,,0.007,5.808,8.107
[1758203310221834369],,,,0.316,5.751,8.224
[1758203310227443744],,,,0.271,5.914,8.219
[1758203310232612598],,,,0.129,5.844,7.968
[1758203310237734160],,,,-0.225,5.83,8.217
[1758203310242923275],,,,0.318,5.567,8.404
[1758203310248058483],,,,0.218,5.739,8.37
[1758203310253243275],,,,-0.196,5.95,8.274
[1758203310258407442],,,,0.627,5.835,8.358
[1758203310263574056],,,,0.002,5.859,8.562
[1758203310268846869],,,,-0.632,5.717,8.112
[1758203310274148796],,,,-1.235,5.832,7.807
[1758203310279280150],,,,-0.907,5.598,7.192
[1758203310284470671],,,,0.041,6.555,6.74
[1758203310289579577],,,,1.015,7.491,6.112
[1758203310294699108],,,,1.183,7.116,5.981
[1758203310299826712],,,,1.092,7.252,6.244
[1758203310304979942],,,,0.809,6.946,6.548
[1758203310310257181],,,,0.637,6.79,7.108
[1758203310315487390],,,,0.577,6.524,7.357
[1758203310320680775],,,,0.275,6.311,8.042
[1758203310325959890],,,,0.302,6.333,8.478
[1758203310331669004],,,,-0.036,6.084,8.624
[1758203310336840723],,,,0.153,6.278,9.136
[1758203310342062598],,,,0.127,6.115,9.234
[1758203310347291712],,,,-0.302,6.072,9.036
[1758203310352449473],,,,-0.311,6.036,8.777
[1758203310357637233],,,,-0.761,5.866,8.468
[1758203310362859525],,,,-0.819,6.251,7.951
[1758203310368035983],,,,-0.611,6.567,7.499
[1758203310373398639],,,,-0.405,6.759,6.912
[1758203310378628535],,,,-0.462,6.792,6.208
[1758203310383768014],,,,-0.718,6.977,6.005
[1758203310388888744],,,,-0.615,7.197,5.54
[1758203310394041296],,,,-0.86,7.18,5.243
[1758203310399185671],,,,-0.685,7.609,5.55
[1758203310404376817],,,,-0.165,7.884,5.744
[1758203310409536712],,,,0.199,8.073,6.057
[1758203310414718379],,,,-0.005,7.582,6.428
[1758203310419876452],,,,-0.654,7.075,6.85
[1758203310425186400],,,,-1.144,6.828,7.331
[1758203310430331921],,,,-1.307,6.823,7.657
[1758203310436692494],,,,-1.348,6.656,7.661
[1758203310442118119],,,,-1.176,7.046,7.891
[1758203310448480046],,,,-1.511,6.752,7.549
[1758203310455037233],,,,-1.314,7.022,6.948
[1758203310461893535],,,,-1.36,7.058,6.653
[1758203310467529108],,,,-1.034,7.211,6.304
[1758203310474052389],,,,-1.846,7.314,5.289
[1758203310479604264],,,,-1.259,7.712,5.14
[1758203310484793119],,,,-1.353,7.798,4.583
[1758203310489920723],,,,-1.142,7.958,4.987
[1758203310495106869],,,,-1.657,7.705,4.623
[1758203310500239473],,,,-1.197,8.193,4.867
[1758203310505439108],,,,-1.027,7.843,5.471
[1758203310510573483],,,,-0.455,7.93,5.847
[1758203310515831035],,,,-0.725,7.554,6.354
[1758203310521123796],,,,-0.867,7.23,6.962
[1758203310526387025],,,,-1.176,6.926,7.309
[1758203310531572858],,,,-1.238,6.843,7.798
[1758203310536793119],,,,-1.516,6.539,7.942
[1758203310542344577],,,,-1.161,6.996,8.114
[1758203310547489264],,,,-0.668,7.178,8.2
[1758203310552678327],,,,-0.931,6.97,7.901
[1758203310557832806],,,,-1.173,6.888,7.709
[1758203310563390723],,,,-1.709,6.639,7.108
[1758203310568542441],,,,-2.059,6.725,6.601
[1758203310574838796],,,,-1.633,7.053,6.127
[1758203310580101139],,,,-1.664,7.393,5.976
[1758203310585241035],,,,-1.63,6.996,5.387
[1758203310590354681],,,,-1.554,8.147,5.049
[1758203310595494994],,,,-1.097,7.872,4.985
[1758203310600608952],,,,-0.433,8.674,5.08
[1758203310605746191],,,,-0.153,8.03,5.109
[1758203310610870983],,,,-0.828,8.42,4.709
[1758203310616041712],,,,-1.269,8.44,4.937
[1758203310621317389],,,,-1.07,8.119,5.277
[1758203310626559681],,,,-0.802,7.86,5.648
[1758203310631770619],,,,-1.3,7.798,5.777
[1758203310636932546],,,,-1.788,7.41,6.12
[1758203310642146764],,,,-1.437,7.252,6.278
[1758203310647640723],,,,-0.68,7.585,6.649
[1758203310652856921],,,,-0.342,7.87,7.049
[1758203310658024369],,,,-0.718,7.592,7.159
[1758203310663157389],,,,-1.324,7.307,7.168
[1758203310668373848],,,,-1.372,7.116,7.312
[1758203310674778639],,,,-1.499,7.185,6.84
[1758203310680064369],,,,-0.857,7.602,6.673
[1758203310685220046],,,,-1.037,7.592,6.402
[1758203310690362702],,,,-1.338,7.482,6.053
[1758203310695519577],,,,-1.446,7.626,5.768
[1758203310700634212],,,,-1.678,7.547,5.401
[1758203310705765514],,,,-1.566,7.535,5.327
[1758203310710897077],,,,-1.607,7.74,4.915
[1758203310716090619],,,,-0.943,7.803,5.047
[1758203310721340306],,,,-1.367,7.853,5.203
[1758203310726797650],,,,-1.015,7.93,5.322
[1758203310732026556],,,,-1.075,7.824,5.557
[1758203310737211087],,,,-0.955,7.491,5.557
[1758203310742449316],,,,-0.711,7.396,5.926
[1758203310747588691],,,,-0.201,7.561,6.507
[1758203310754016400],,,,-0.481,7.501,6.632
[1758203310760432650],,,,-0.927,6.943,6.898
[1758203310765724681],,,,-1.142,6.845,7.242
[1758203310770894160],,,,-0.788,6.962,7.451
[1758203310776426139],,,,-0.79,7.046,7.626
[1758203310781607233],,,,-0.759,6.989,7.58
[1758203310786761921],,,,-0.476,7.039,7.566
[1758203310791934993],,,,-0.268,7.01,7.649
[1758203310797064837],,,,-0.548,6.981,7.7
[1758203310802283743],,,,-0.551,6.886,7.623
[1758203310807541452],,,,-0.433,6.84,7.372
[1758203310812682910],,,,-0.302,6.661,7.537
[1758203310817825723],,,,-0.079,7.003,7.42
[1758203310823088639],,,,-0.939,6.938,7.309
[1758203310828221243],,,,-1.662,6.551,7.676
[1758203310833455306],,,,-1.302,6.579,7.233
[1758203310838591973],,,,-1.094,6.835,7.348
[1758203310843761139],,,,-1.104,6.706,7.163
[1758203310848983952],,,,-1.049,6.591,7.022
[1758203310854188275],,,,-0.941,6.773,6.972
[1758203310860712025],,,,-1.092,6.749,6.603
[1758203310865996035],,,,-1.204,6.855,6.543
[1758203310871130618],,,,-1.238,6.855,6.373
[1758203310877470410],,,,-0.986,7.178,6.407
[1758203310883979629],,,,-0.551,7.472,6.199
[1758203310889238587],,,,-0.73,7.274,6.256
[1758203310894367285],,,,-0.63,7.132,6.546
[1758203310899494837],,,,-0.785,6.902,6.74
[1758203310904643535],,,,-0.792,7.13,6.814
[1758203310909758223],,,,-0.96,6.792,7.128
[1758203310914883223],,,,-1.358,6.756,7.357
[1758203310920010618],,,,-1.099,6.881,7.554
[1758203310925284681],,,,-1.02,6.68,7.678
[1758203310930508691],,,,-0.962,6.694,7.547
[1758203310935636191],,,,-0.706,6.833,7.671
[1758203310940754004],,,,-0.989,6.766,7.726
[1758203310945901296],,,,-0.979,6.613,7.427
[1758203310951014212],,,,-1.118,6.46,7.183
[1758203310956137806],,,,-0.931,6.823,7.108
[1758203310961267754],,,,-0.828,6.96,6.826
[1758203310967872858],,,,-0.74,6.924,6.823
[1758203310974297441],,,,-0.769,7.025,6.529
[1758203310979579108],,,,-0.972,7.032,6.613
[1758203310984744889],,,,-1.082,6.941,6.706
[1758203310990149004],,,,-0.8,7.037,6.891
[1758203310995305514],,,,-0.776,6.979,7.032
[1758203311000432754],,,,-1.061,6.826,6.972
[1758203311005556712],,,,-1.377,6.709,7.242
[1758203311010677441],,,,-0.977,6.862,6.924
[1758203311015927493],,,,-0.589,6.766,6.756
[1758203311021193587],,,,-0.314,7.017,7.278
[1758203311026447337],,,,-0.785,7.207,7.116
[1758203311031674420],,,,-0.63,6.649,6.78
[1758203311036853379],,,,-1.039,6.579,7.108
[1758203311042026504],,,,-1.094,7.039,7.307
[1758203311047147962],,,,-1.14,6.759,7.075
[1758203311052355306],,,,-1.015,6.948,7.061
[1758203311057493014],,,,-0.792,6.912,7.089
[1758203311062759525],,,,-0.757,7.07,7.108
[1758203311067927337],,,,-0.711,6.986,7.175
[1758203311073550879],,,,-0.912,6.809,7.173
[1758203311078753483],,,,-1.149,6.907,7.094
[1758203311083899316],,,,-1.113,6.847,6.946
[1758203311089016973],,,,-0.96,6.989,6.594
[1758203311094176868],,,,-0.658,6.955,6.902
[1758203311099665514],,,,-0.649,7.044,6.732
[1758203311106297598],,,,-0.371,6.917,6.675
[1758203311113037650],,,,-0.883,7.053,6.974
[1758203311119587233],,,,-0.68,6.62,7.408
[1758203311125152025],,,,-1.025,6.833,7.456
[1758203311130365618],,,,-0.881,6.879,7.089
[1758203311135553223],,,,-0.656,6.747,7.338
[1758203311140677806],,,,-0.333,6.919,7.343
[1758203311145827233],,,,-0.697,7.132,7.125
[1758203311150966504],,,,-1.077,6.819,7.135
[1758203311156131243],,,,-1.161,6.807,7.168
[1758203311161266920],,,,-1.111,7.005,6.759
[1758203311166497754],,,,-1.276,7.144,6.63
[1758203311171803483],,,,-1.348,6.996,6.574
[1758203311177067858],,,,-0.56,7.173,6.385
[1758203311182697337],,,,-0.376,7.106,6.337
[1758203311187838795],,,,-0.922,7.494,6.369
[1758203311193030931],,,,-1.786,7.264,6.232
[1758203311198163848],,,,-1.475,6.948,6.462
[1758203311203321035],,,,-0.915,7.309,6.472
[1758203311208762650],,,,-0.764,7.075,6.63
[1758203311213908587],,,,-0.809,7.015,6.85
[1758203311219053535],,,,-0.946,7.013,7.18
[1758203311224372702],,,,0.005,7.757,7.068
[1758203311229656139],,,,-0.077,7.769,6.96
[1758203311234813535],,,,-0.905,6.649,6.943
[1758203311239936243],,,,-1.745,6.507,7.453
[1758203311249113222],,,,-0.723,7.07,7.412
[1758203311254596816],,,,-0.316,7.245,7.42
[1758203311259738900],,,,-0.733,6.996,7.192
[1758203311264931920],,,,-1.104,6.788,6.977
[1758203311270235775],,,,-0.958,6.931,6.78
[1758203311275505722],,,,-0.627,7.171,6.589
[1758203311280699472],,,,-0.663,7.233,6.563
[1758203311285861712],,,,-0.924,7.336,6.239
[1758203311291319525],,,,-0.814,7.345,6.306
[1758203311296461504],,,,-1.082,7.166,6.196
[1758203311301693587],,,,-1.18,7.051,6.191
[1758203311306911920],,,,-1.152,7.192,6.172
[1758203311312265670],,,,-0.936,7.137,6.302
[1758203311317774889],,,,-1.161,7.111,6.4
[1758203311323083691],,,,-1.135,7.034,6.33
[1758203311328239837],,,,-0.965,7.037,6.483
[1758203311333376972],,,,-0.692,7.252,6.721
[1758203311338547337],,,,-0.505,7.221,6.886
[1758203311343716868],,,,-0.721,7.161,6.809
[1758203311348897702],,,,-0.855,6.874,7.216
[1758203311354198483],,,,-0.931,6.804,7.061
[1758203311359355827],,,,-0.769,6.926,7.434
[1758203311364487493],,,,-0.622,6.962,7.451
[1758203311369640879],,,,-0.716,6.864,7.46
[1758203311374891764],,,,-0.675,6.838,7.434
[1758203311380011191],,,,-0.548,6.792,7.276
[1758203311385154056],,,,-0.67,6.881,7.338
[1758203311390362129],,,,-0.606,6.996,7.333
[1758203311395650045],,,,-0.666,6.962,7.072
[1758203311401224420],,,,-1.211,6.804,7.025
[1758203311406446139],,,,-0.864,6.974,6.764
[1758203311411634577],,,,-0.694,7.173,7.072
[1758203311416795670],,,,-0.694,7.111,7.003
[1758203311423243639],,,,-0.716,7.058,6.692
[1758203311428752702],,,,-0.666,7.111,6.857
[1758203311433890410],,,,-0.699,7.173,6.742
[1758203311439003379],,,,-0.338,7.132,6.84
[1758203311444147597],,,,-0.376,6.936,7.14
[1758203311449258847],,,,0.053,6.665,7.235
[1758203311454393170],,,,-0.153,6.819,7.228
[1758203311459500045],,,,-0.986,7.556,7.659
[1758203311464695254],,,,-1.46,6.965,7.293
[1758203311470029524],,,,-1.144,6.608,7.049
[1758203311475310827],,,,-0.723,6.656,6.895
[1758203311480481660],,,,-0.512,6.847,6.871
[1758203311485680827],,,,-0.46,7.068,6.84
[1758203311490808274],,,,-0.089,6.998,6.62
[1758203311495949629],,,,0.019,7.12,6.752
[1758203311501068014],,,,-0.749,7.25,6.677
[1758203311506567754],,,,-0.855,7.037,6.888
[1758203311511911504],,,,-0.328,7.065,6.867
[1758203311517118691],,,,-0.649,6.859,7.324
[1758203311522421920],,,,-0.668,6.481,7.321
[1758203311527925410],,,,-1.549,6.689,7.254
[1758203311533075306],,,,-1.484,7.005,7.113
[1758203311538196243],,,,-1.305,7.259,7.142
[1758203311543356504],,,,-0.508,7.075,6.835
[1758203311548481087],,,,-0.395,7.599,6.869
[1758203311553830149],,,,0.026,6.527,6.823
[1758203311558986399],,,,-0.9,6.965,6.895
[1758203311564171920],,,,-1.386,7.494,6.754
[1758203311569301504],,,,-1.176,8.138,6.732
[1758203311574591764],,,,-0.479,7.444,6.493
[1758203311579732285],,,,-0.864,6.529,6.505
[1758203311584930045],,,,-1.003,7.348,6.428
[1758203311590092129],,,,-1.87,7.542,6.179
[1758203311595264264],,,,-1.592,6.51,5.581
[1758203311600494212],,,,-2.392,6.333,5.025
[1758203311605684785],,,,-1.985,5.399,4.899
[1758203311610838431],,,,-1.018,6.232,5.085
[1758203311616504524],,,,0.299,8.176,5.847
[1758203311621769629],,,,2.636,6.752,6.412
[1758203311627050202],,,,2.897,8.375,6.713
[1758203311632256556],,,,1.413,7.59,7.772
[1758203311637679629],,,,0.548,6.558,8.526
[1758203311642815566],,,,-1.664,9.847,8.006
[1758203311647968222],,,,-1.707,6.46,9.862
[1758203311653170254],,,,0.259,5.61,10.089
[1758203311658395931],,,,0.113,5.677,9.67
[1758203311663736191],,,,-0.649,5.404,8.961
[1758203311668883639],,,,-0.467,5.705,8.543
[1758203311674118326],,,,-0.091,6.22,7.728
[1758203311679231243],,,,0.326,6.383,7.147
[1758203311684324837],,,,0.108,6.668,6.773
[1758203311689483379],,,,0.23,6.689,6.335
[1758203311694654160],,,,0.517,7.355,6.194
[1758203311699786347],,,,0.34,6.934,6.203
[1758203311705078587],,,,0.285,6.773,6.419
[1758203311710218431],,,,0.438,6.819,6.759
[1758203311715349576],,,,0.254,6.373,7.362
[1758203311720549212],,,,0.177,6.328,7.736
[1758203311726201087],,,,-0.148,6.409,7.819
[1758203311731340358],,,,0.057,6.275,8.219
[1758203311736479629],,,,0.249,6.163,8.013
[1758203311741701868],,,,0.132,6.072,7.867
[1758203311749713326],,,,-0.261,6.124,7.561
[1758203311755395722],,,,0.362,6.551,7.544
[1758203311760715514],,,,0.026,6.421,7.568
[1758203311766002441],,,,0.371,6.421,7.587
[1758203311771138274],,,,0.11,6.167,7.784
[1758203311776413847],,,,0.151,6.393,7.915
[1758203311781574212],,,,0.134,6.223,7.958
[1758203311786723483],,,,0.057,6.177,7.75
[1758203311791982337],,,,0.077,6.328,7.568
[1758203311797281504],,,,0.129,6.309,7.355
[1758203311802471712],,,,-0.038,6.196,7.472
[1758203311807605149],,,,0.206,6.352,7.501
[1758203311812776191],,,,0.113,6.354,7.592
[1758203311817934629],,,,0.196,6.342,7.616
[1758203311823194733],,,,0.103,6.268,7.752
[1758203311828352285],,,,0.103,6.215,7.748
[1758203311834936764],,,,0.081,6.273,7.681
[1758203311840190097],,,,0.067,6.347,7.618
[1758203311845301087],,,,0.204,6.254,7.717
[1758203311850434056],,,,0.359,6.376,7.408
[1758203311855963014],,,,0.445,6.297,6.912
[1758203311861064733],,,,0.63,6.577,7.23
[1758203311866201816],,,,0.184,6.345,7.604
[1758203311871341451],,,,-0.29,6.098,8.083
[1758203311876594316],,,,-0.271,6.079,8.116
[1758203311881888743],,,,0.144,6.155,7.944
[1758203311887013222],,,,0.108,6.093,8.088
[1758203311892252858],,,,0.031,6.098,7.946
[1758203311897390462],,,,-0.081,6.132,8.006
[1758203311902498014],,,,0.113,6.108,8.064
[1758203311907639576],,,,0.115,6.235,7.865
[1758203311912805097],,,,0.302,6.11,7.87
[1758203311917990097],,,,-0.012,6.155,7.434
[1758203311923432545],,,,-0.019,6.278,7.427
[1758203311928604576],,,,0.201,6.409,7.367
[1758203311933785566],,,,0.414,6.455,7.475
[1758203311939295358],,,,0.23,6.414,7.077
[1758203311944435358],,,,0.074,6.388,7.197
[1758203311949538847],,,,0.192,6.388,7.499
[1758203311954727181],,,,0.086,6.282,7.934
[1758203311959880462],,,,0.093,6.048,8.449
[1758203311965385306],,,,0.529,6.163,8.121
[1758203311973651087],,,,0.005,6.275,7.767
[1758203311980137649],,,,0.141,6.263,7.477
[1758203311985449941],,,,-0.139,6.354,7.494
[1758203311990562128],,,,0.12,6.376,7.355
[1758203311995678639],,,,0.577,6.56,7.355
[1758203312000792493],,,,0.208,6.416,7.211
[1758203312005938535],,,,0.12,6.333,7.362
[1758203312011042181],,,,0.029,6.397,7.484
[1758203312016161399],,,,0.275,6.268,7.867
[1758203312021346295],,,,0.041,6.287,7.834
[1758203312026656295],,,,0.062,6.275,7.762
[1758203312031828483],,,,0.225,6.258,7.714
[1758203312036948795],,,,0.041,6.421,7.635
[1758203312042139681],,,,0.254,6.177,7.448
[1758203312048727910],,,,0.089,6.316,7.36
[1758203312053969420],,,,0.294,6.302,7.424
[1758203312059126556],,,,0.113,6.541,7.599
[1758203312064308222],,,,0.089,6.349,7.599
[1758203312069452181],,,,0.022,6.302,7.822
[1758203312074947233],,,,0.132,6.34,7.896
[1758203312080085149],,,,0.218,6.194,7.86
[1758203312085271816],,,,0.096,6.153,8.588
[1758203312090414576],,,,0.069,5.964,7.973
[1758203312095689264],,,,-0.206,6.258,7.748
[1758203312100871087],,,,-0.201,6.187,7.784
[1758203312106059055],,,,-0.484,6.067,7.468
[1758203312111178483],,,,-0.067,6.543,7.238
[1758203312116344576],,,,0.278,6.644,7.022
[1758203312121472545],,,,0.405,6.606,7.053
[1758203312126729264],,,,0.546,6.79,7.175
[1758203312131942858],,,,0.139,6.476,7.321
[1758203312137204316],,,,-0.091,6.572,7.556
[1758203312142513326],,,,0.297,6.318,7.784
[1758203312147671139],,,,0.172,6.371,7.748
[1758203312154179628],,,,0.079,6.34,7.681
[1758203312159339941],,,,0.108,6.378,7.697
[1758203312164477337],,,,0.294,6.378,7.724
[1758203312169733795],,,,0.187,6.376,7.57
[1758203312174937337],,,,0.163,6.397,7.391
[1758203312180381712],,,,0.151,6.433,7.343
[1758203312185552753],,,,0.093,6.572,7.501
[1758203312190669160],,,,0.134,6.395,7.554
[1758203312195798326],,,,0.022,6.539,7.527
[1758203312200957597],,,,0.065,6.316,7.539
[1758203312206145305],,,,0.036,6.282,7.568
[1758203312211390878],,,,0.041,6.486,7.743
[1758203312216553743],,,,0.29,6.287,7.714
[1758203312221844576],,,,0.132,6.404,7.614
[1758203312228260722],,,,0.038,6.385,7.412
[1758203312233518691],,,,0.103,6.302,7.295
[1758203312238640826],,,,0.029,6.531,7.42
[1758203312243779993],,,,0.223,6.352,7.496
[1758203312248902233],,,,0.227,6.364,7.527
[1758203312254080253],,,,-0.036,6.342,7.616
[1758203312259510097],,,,0.275,6.416,7.604
[1758203312264715514],,,,0.208,6.44,7.496
[1758203312269951295],,,,0.412,6.285,7.63
[1758203312275285930],,,,0.141,6.287,7.518
[1758203312280435878],,,,-0.067,6.299,7.515
[1758203312285896608],,,,0.141,6.419,7.508
[1758203312291024108],,,,0.067,6.416,7.511
[1758203312296144264],,,,0.256,6.373,7.642
[1758203312301297597],,,,0.18,6.304,7.417
[1758203312306517649],,,,0.292,6.364,7.544
[1758203312311786035],,,,0.034,6.378,7.597
[1758203312318223899],,,,0.141,6.337,7.57
[1758203312324636503],,,,0.081,6.407,7.463
[1758203312329903535],,,,0.069,6.385,7.58
[1758203312335044368],,,,0.122,6.428,7.582
[1758203312340174472],,,,0.175,6.469,7.377
[1758203312345389420],,,,0.244,6.507,7.408
[1758203312350506087],,,,0.007,6.287,7.513
[1758203312355650618],,,,0.026,6.285,7.527
[1758203312360773170],,,,0.077,6.347,7.582
[1758203312366240410],,,,0.199,6.369,7.436
[1758203312371504628],,,,0.048,6.51,6.965
[1758203312376736087],,,,-0.148,6.448,7.01
[1758203312381915670],,,,0.16,6.515,7.384
[1758203312387052753],,,,0.285,6.254,7.683
[1758203312393963326],,,,0.373,6.053,7.887
[1758203312399823847],,,,-0.105,6.553,7.719
[1758203312405441035],,,,-0.053,6.148,8.248
[1758203312410709420],,,,0.081,6.041,8.265
[1758203312415866399],,,,0.089,6.048,8.226
[1758203312421065618],,,,0.041,6.141,7.81
[1758203312426369003],,,,0.127,6.041,7.515
[1758203312431551191],,,,0.278,6.337,7.417
[1758203312436701972],,,,-0.01,6.579,7.257
[1758203312441943587],,,,0.0,6.325,7.245
[1758203312447276972],,,,0.115,6.424,7.554
[1758203312452484368],,,,-0.017,6.227,7.506
[1758203312457616920],,,,0.304,6.397,7.836
[1758203312462772337],,,,0.273,6.309,8.145
[1758203312467918951],,,,0.237,6.165,7.721
[1758203312473483222],,,,0.101,6.376,7.695
[1758203312478619420],,,,0.457,6.175,7.599
[1758203312483774680],,,,0.053,6.426,7.592
[1758203312489036555],,,,0.026,6.235,7.587
[1758203312494199368],,,,0.036,6.472,7.463
[1758203312499617180],,,,0.232,6.335,7.752
[1758203312504793535],,,,-0.026,6.17,7.611
[1758203312509894837],,,,0.268,6.163,7.226
[1758203312515059889],,,,0.055,6.172,7.702
[1758203312520196295],,,,0.429,6.337,7.913
[1758203312525569368],,,,0.103,6.172,7.882
[1758203312530976295],,,,0.089,6.261,8.004
[1758203312536194472],,,,0.11,6.227,7.728
[1758203312541304055],,,,0.151,6.223,7.75
[1758203312546472962],,,,0.251,6.287,7.626
[1758203312551732180],,,,0.223,6.206,7.367
[1758203312556903430],,,,0.16,6.163,7.487
[1758203312563373170],,,,0.263,6.22,7.518
[1758203312568675878],,,,0.091,6.261,7.784
[1758203312573924264],,,,0.077,6.246,7.582
[1758203312579367962],,,,0.002,6.211,7.939
[1758203312584559837],,,,0.129,6.258,7.748
[1758203312589743899],,,,0.084,6.254,7.877
[1758203312594924055],,,,0.091,6.23,7.623
[1758203312600074264],,,,0.225,6.196,7.594
[1758203312606616087],,,,0.034,6.172,7.547
[1758203312611946451],,,,-0.16,6.038,7.233
[1758203312617093691],,,,0.034,5.923,7.582
[1758203312622422597],,,,0.218,6.256,7.891
[1758203312627584941],,,,0.012,6.302,7.772
[1758203312632729107],,,,0.17,6.4,7.633
[1758203312637859472],,,,-0.038,6.055,7.661
[1758203312643031816],,,,0.132,6.294,7.793
[1758203312648220722],,,,0.132,6.242,7.654
[1758203312653356555],,,,-0.148,6.165,7.721
[1758203312658549368],,,,0.129,6.151,7.661
[1758203312663751607],,,,0.302,6.16,7.836
[1758203312668891399],,,,0.077,6.258,7.877
[1758203312674145462],,,,0.105,6.242,7.774
[1758203312679381191],,,,0.103,6.407,7.554
[1758203312684518378],,,,0.01,6.328,7.525
[1758203312689680149],,,,0.151,6.235,7.542
[1758203312694875670],,,,0.084,6.311,7.453
[1758203312699996764],,,,0.35,6.359,7.618
[1758203312705135982],,,,0.192,6.433,7.424
[1758203312710253222],,,,0.002,6.302,7.398
[1758203312715808430],,,,0.266,6.268,7.592
[1758203312720982076],,,,0.053,6.287,7.721
[1758203312726249107],,,,0.077,6.256,7.776
[1758203312731577389],,,,-0.081,6.151,7.688
[1758203312736767284],,,,0.055,6.381,7.535
[1758203312741951191],,,,0.105,6.333,7.372
[1758203312747090670],,,,0.199,6.294,7.714
[1758203312752306191],,,,0.117,6.251,7.621
[1758203312757440357],,,,0.117,6.335,7.623
[1758203312762631399],,,,0.146,6.232,7.537
[1758203312767788691],,,,0.35,6.347,7.666
[1758203312773005357],,,,0.163,6.306,7.628
[1758203312778125357],,,,0.192,6.421,7.642
[1758203312783263691],,,,-0.01,6.256,7.52
[1758203312788693430],,,,0.247,6.148,7.707
[1758203312793825826],,,,0.036,6.378,7.614
[1758203312799012076],,,,0.453,6.275,7.537
[1758203312804207909],,,,-0.012,6.302,7.659
[1758203312809368222],,,,0.268,6.381,7.685
[1758203312814483899],,,,0.091,6.144,7.422
[1758203312819619055],,,,0.163,6.294,7.544
[1758203312826067753],,,,0.244,6.314,7.645
[1758203312832537597],,,,0.098,6.345,7.592
[1758203312838053222],,,,-0.129,6.256,7.614
[1758203312843209784],,,,0.117,6.309,7.585
[1758203312848325774],,,,0.132,6.249,7.654
[1758203312853473482],,,,0.06,6.302,7.537
[1758203312858585930],,,,0.077,6.412,7.618
[1758203312863694420],,,,0.065,6.129,7.539
[1758203312868816555],,,,0.117,6.297,7.865
[1758203312874072389],,,,0.103,6.258,7.769
[1758203312879258482],,,,0.122,6.266,7.645
[1758203312884635826],,,,0.177,6.297,7.4
[1758203312889834576],,,,0.057,6.211,7.733
[1758203312896509107],,,,0.096,6.223,7.626
[1758203312901863430],,,,0.18,6.302,7.693
[1758203312907013534],,,,0.055,6.199,7.635
[1758203312912187024],,,,0.139,6.357,7.57
[1758203312917298170],,,,0.115,6.256,7.594
[1758203312922500149],,,,0.177,6.251,7.563
[1758203312927630149],,,,0.005,6.335,7.616
[1758203312932802076],,,,-0.038,6.199,7.659
[1758203312938340149],,,,0.069,6.311,7.357
[1758203312944750982],,,,0.062,6.311,7.561
[1758203312950026711],,,,0.113,6.165,7.525
[1758203312955149993],,,,0.096,6.323,7.544
[1758203312960246503],,,,0.067,6.232,7.592
[1758203312965382076],,,,0.237,6.337,7.683
[1758203312970487076],,,,0.079,6.316,7.537
[1758203312975695305],,,,-0.065,6.294,7.53
[1758203312980830461],,,,0.057,6.278,7.647
[1758203312986228430],,,,0.077,6.258,7.638
[1758203312991815045],,,,0.091,6.333,7.681
[1758203312997026243],,,,0.373,6.292,7.604
[1758203313004480878],,,,0.084,6.294,7.647
[1758203313009777857],,,,0.034,6.261,7.638
[1758203313014905930],,,,-0.115,6.086,7.626
[1758203313020023951],,,,-0.012,6.287,7.585
[1758203313025307961],,,,0.098,6.433,7.69
[1758203313030439732],,,,0.05,6.306,7.666
[1758203313037387336],,,,0.048,6.292,7.547
[1758203313042829680],,,,0.163,6.194,7.621
[1758203313048180982],,,,-0.079,6.146,7.602
[1758203313053529211],,,,0.249,6.299,7.621
[1758203313058647701],,,,0.129,6.278,7.511
[1758203313063793013],,,,0.017,6.335,7.515
[1758203313068899316],,,,0.132,6.385,7.606
[1758203313074156920],,,,0.089,6.239,7.57
[1758203313079439524],,,,-0.144,6.27,7.558
[1758203313085169420],,,,0.18,6.17,7.511
[1758203313090321607],,,,0.117,6.428,7.781
[1758203313095473482],,,,0.096,6.318,7.496
[1758203313100600097],,,,0.084,6.364,7.671
[1758203313105767597],,,,0.041,6.235,7.606
[1758203313111920253],,,,0.01,6.33,7.568
[1758203313117419628],,,,0.089,6.314,7.678
[1758203313122573586],,,,0.299,6.268,7.537
[1758203313127710774],,,,0.259,6.299,7.63
[1758203313133982128],,,,0.189,6.414,7.807
[1758203313139227649],,,,0.175,6.416,7.616
[1758203313144398482],,,,0.053,6.352,7.769
[1758203313149832649],,,,0.115,6.27,7.738
[1758203313154983691],,,,0.055,6.239,7.453
[1758203313160086607],,,,0.268,6.304,7.719
[1758203313165212180],,,,0.077,6.302,7.532
[1758203313170330305],,,,0.043,6.141,7.623
[1758203313175516972],,,,0.211,6.428,7.539
[1758203313180782024],,,,0.285,6.235,7.587
[1758203313186044576],,,,0.151,6.45,7.757
[1758203313191165930],,,,0.187,6.335,7.621
[1758203313196298274],,,,0.005,6.309,7.563
[1758203313201433847],,,,0.0,6.371,7.592
[1758203313206615253],,,,0.235,6.302,7.582
[1758203313267209420],,,,0.089,6.426,7.645
[1758203313272455409],,,,0.124,6.302,7.609
[1758203313277609628],,,,0.043,6.239,7.654
[1758203313282776920],,,,0.077,6.314,7.697
[1758203313287911555],,,,0.105,6.263,7.724
[1758203313293158430],,,,0.182,6.273,7.642
[1758203313298267961],,,,0.072,6.299,7.681
[1758203313303465305],,,,0.062,6.388,7.611
[1758203313308636243],,,,0.201,6.311,7.654
[1758203313313894211],,,,0.091,6.393,7.544
[1758203313319068378],,,,0.208,6.44,7.63
[1758203313324265253],,,,0.194,6.263,7.592
[1758203313328290670],,,,0.199,6.342,7.8
[1758203313332021138],,,,0.292,6.378,7.788
[1758203313335692024],,,,0.101,6.215,7.585
[1758203313339390461],,,,0.144,6.378,7.712
[1758203313343392440],,,,0.096,6.177,7.563
[1758203313347114211],,,,0.113,6.268,7.949
[1758203313350926763],,,,0.012,6.359,7.614
[1758203313354591920],,,,0.014,6.335,7.381
[1758203313358279263],,,,-0.098,6.206,7.173
[1758203313361960513],,,,0.007,6.364,7.211
[1758203313365638170],,,,0.036,6.412,7.386
[1758203313370132076],,,,0.443,6.349,7.489
[1758203313374029628],,,,0.048,6.225,7.728
[1758203313377747024],,,,0.067,6.409,7.903
[1758203313381434680],,,,0.225,6.084,7.98
[1758203313385101972],,,,0.189,5.861,8.128
[1758203313388776659],,,,0.091,6.036,8.315
[1758203313392545409],,,,0.091,6.06,8.38
[1758203313396223586],,,,-0.007,5.99,8.49
[1758203313399911503],,,,0.299,5.892,8.305
[1758203313403631711],,,,0.263,6.122,8.15
[1758203313407359888],,,,0.067,6.043,7.887
[1758203313411096295],,,,0.072,6.158,7.807
[1758203313414822336],,,,-0.041,6.196,7.578
[1758203313418619367],,,,0.024,6.151,7.491
[1758203313422313430],,,,0.012,6.237,7.578
[1758203313426012701],,,,0.12,6.337,7.652
[1758203313429685097],,,,0.168,6.232,7.558
[1758203313433425617],,,,0.12,6.249,7.635
[1758203313437104420],,,,0.182,6.299,7.511
[1758203313441220670],,,,0.268,6.28,7.685
[1758203313444931451],,,,0.134,6.148,7.939
[1758203313448630045],,,,0.139,6.179,7.918
[1758203313452367336],,,,0.079,6.191,7.863
[1758203313456034159],,,,0.069,6.091,8.102
[1758203313459697128],,,,0.129,6.213,8.006
[1758203313463418326],,,,0.05,6.132,7.851
[1758203313467079888],,,,0.261,6.201,7.915
[1758203313470834211],,,,0.0,6.211,7.817
[1758203313474527388],,,,0.199,6.196,7.736
[1758203313478199472],,,,0.113,6.266,7.728
[1758203313482020461],,,,0.271,6.213,7.568
[1758203313485788170],,,,0.254,6.239,7.515
[1758203313489509732],,,,0.113,6.172,7.745
[1758203313493283847],,,,0.153,6.218,7.678
[1758203313496980826],,,,0.129,5.981,7.702
[1758203313500709211],,,,0.12,6.215,7.961
[1758203313504401503],,,,0.055,6.215,7.891
[1758203313508078326],,,,0.151,6.182,8.071
[1758203313511778430],,,,0.17,6.16,7.848
[1758203313515472753],,,,0.141,6.117,7.889
[1758203313519184732],,,,0.041,6.146,7.666
[1758203313522922440],,,,0.175,6.084,7.618
[1758203313526588638],,,,0.242,6.261,7.851
[1758203313530250149],,,,0.081,6.345,7.791
[1758203313533924315],,,,0.065,6.144,7.772
[1758203313537593742],,,,0.115,6.163,7.611
[1758203313541368951],,,,0.201,6.426,7.669
[1758203313546044524],,,,0.069,6.419,7.647
[1758203313549890097],,,,0.017,6.098,7.779
[1758203313553697857],,,,0.091,6.196,7.855
[1758203313557413534],,,,0.153,6.258,7.944
[1758203313561080565],,,,0.285,6.086,7.91
[1758203313564747284],,,,0.124,6.249,7.769
[1758203313568403013],,,,0.249,6.251,7.939
[1758203313572101399],,,,0.024,6.223,7.97
[1758203313575804888],,,,0.038,6.053,7.661
[1758203313579489159],,,,0.146,6.261,7.673
[1758203313583165774],,,,0.002,6.215,7.683
[1758203313586842440],,,,0.127,6.144,7.829
[1758203313590621399],,,,0.148,6.134,7.836
[1758203313594403430],,,,0.132,6.268,7.807
[1758203313598206972],,,,0.175,6.029,7.781
[1758203313601926034],,,,0.213,6.27,7.882
[1758203313605635774],,,,0.108,6.194,7.853
[1758203313609292024],,,,0.184,6.266,7.836
[1758203313613933430],,,,0.06,6.155,7.75
[1758203313617821503],,,,0.057,6.199,7.788
[1758203313622589107],,,,0.168,5.988,7.693
[1758203313626458690],,,,0.012,6.311,7.733
[1758203313630122440],,,,0.105,6.146,7.839
[1758203313633809784],,,,0.069,6.208,7.678
[1758203313637480253],,,,0.129,6.404,7.807
[1758203313642077440],,,,0.038,6.158,7.774
[1758203313645878794],,,,0.11,6.132,7.709
[1758203313649555044],,,,0.038,6.328,7.774
[1758203313653246294],,,,0.081,6.249,7.721
[1758203313656903794],,,,0.194,6.28,7.685
[1758203313660620982],,,,0.098,6.263,7.846
[1758203313664304732],,,,0.139,6.218,7.652
[1758203313667968326],,,,0.424,6.182,7.661
[1758203313671674992],,,,0.857,6.223,7.676
[1758203313675340669],,,,0.699,6.117,7.784
[1758203313679016294],,,,0.946,6.167,7.671
[1758203313682767180],,,,0.792,6.055,7.757
[1758203313686451034],,,,0.905,6.036,8.078
[1758203313690231086],,,,0.244,6.194,7.977
[1758203313695174992],,,,0.079,5.962,8.033
[1758203313698984107],,,,-0.103,6.024,8.203
[1758203313702767701],,,,-0.122,5.916,8.38
[1758203313706432649],,,,0.144,6.081,8.42
[1758203313710105461],,,,0.022,6.139,8.198
[1758203313713839055],,,,0.077,5.988,8.033
[1758203313717503169],,,,0.189,5.916,7.982
[1758203313721179315],,,,0.256,6.091,8.011
[1758203313724850461],,,,0.352,6.096,8.107
[1758203313728524315],,,,0.297,5.995,7.925
[1758203313732245513],,,,-0.069,6.555,7.887
[1758203313735987128],,,,-0.57,6.608,7.822
[1758203313739695513],,,,-0.362,6.546,7.721
[1758203313743868430],,,,-0.685,6.618,7.788
[1758203313747555357],,,,-0.582,6.452,7.731
[1758203313751302076],,,,-0.328,6.285,7.451
[1758203313754985878],,,,-0.251,6.244,7.384
[1758203313758707128],,,,-0.05,6.28,7.434
[1758203313762449576],,,,0.115,6.201,7.3
[1758203313766146972],,,,0.287,6.292,7.168
[1758203313769811503],,,,0.256,6.752,7.214
[1758203313773504992],,,,-0.299,7.108,7.281
[1758203313777203847],,,,-0.189,6.498,6.986
[1758203313780986347],,,,0.16,5.93,6.912
[1758203313784683899],,,,0.338,5.753,7.08
[1758203313788468847],,,,0.816,6.029,7.252
[1758203313792463430],,,,-0.11,6.984,7.482
[1758203313796174940],,,,-0.124,6.732,7.535
[1758203313799897597],,,,-0.771,6.831,7.424
[1758203313803614732],,,,-0.857,6.941,7.616
[1758203313807309576],,,,-1.01,6.337,7.412
[1758203313811040617],,,,-0.601,6.158,7.496
[1758203313817115722],,,,0.132,6.428,7.432
[1758203313820992909],,,,0.362,6.591,7.333
[1758203313824706399],,,,0.455,6.483,7.42
[1758203313828413951],,,,0.122,6.462,7.494
[1758203313832129732],,,,-0.146,6.266,7.233
[1758203313835785982],,,,-0.23,6.282,7.503
[1758203313839478846],,,,-0.529,6.223,7.125
[1758203313843227024],,,,1.053,6.017,8.056
[1758203313847669055],,,,1.12,6.699,8.449
[1758203313851873013],,,,0.158,5.95,8.459
[1758203313855613534],,,,0.11,6.266,8.392
[1758203313859286555],,,,-0.115,6.258,8.552
[1758203313862988586],,,,0.086,6.237,8.27
[1758203313866657961],,,,0.091,6.347,7.872
[1758203313870375982],,,,-0.101,6.323,7.602
[1758203313874090826],,,,-0.067,6.155,7.451
[1758203313877771242],,,,-0.074,6.175,7.518
[1758203313881457961],,,,-0.06,6.474,7.283
[1758203313885162857],,,,0.077,6.448,7.408
[1758203313888840617],,,,0.108,6.692,7.221
[1758203313892971607],,,,0.541,6.725,7.348
[1758203313896728586],,,,0.424,6.603,7.269
[1758203313900513586],,,,0.124,6.536,7.226
[1758203313904275461],,,,0.034,6.44,7.4
[1758203313907964524],,,,0.11,6.419,7.544
[1758203313911659524],,,,0.146,6.381,7.819
[1758203313915335357],,,,0.172,6.292,7.714
[1758203313919020930],,,,0.086,6.541,7.831
[1758203313922744732],,,,0.005,6.428,7.906
[1758203313926450461],,,,0.101,6.419,7.846
[1758203313930157544],,,,0.045,6.369,7.853
[1758203313933897805],,,,0.012,6.282,7.7
[1758203313937674784],,,,0.136,6.23,7.769
[1758203313941641503],,,,0.244,6.491,7.626
[1758203313945338221],,,,0.022,6.27,7.731
[1758203313949019419],,,,0.148,6.438,7.728
[1758203313952756346],,,,0.081,6.464,7.638
[1758203313956461711],,,,0.153,6.414,7.527
[1758203313961033899],,,,0.115,6.586,7.441
[1758203313964942180],,,,0.259,6.495,7.812
[1758203313968652649],,,,0.816,6.637,7.915
[1758203313972348013],,,,0.74,6.74,8.018
[1758203313976026971],,,,0.718,6.515,8.009
[1758203313979713794],,,,-0.218,6.165,8.157
[1758203313983449315],,,,-0.412,5.909,7.867
[1758203313987141242],,,,-0.417,6.103,7.973
[1758203313991893378],,,,-0.28,6.335,7.843
[1758203313995662805],,,,-0.026,6.436,7.927
[1758203313999463534],,,,0.065,6.503,7.793
[1758203314003150617],,,,0.165,6.67,7.803
[1758203314006825774],,,,0.275,6.596,7.7
[1758203314010576346],,,,0.314,6.821,7.369
[1758203314014264524],,,,0.057,6.699,7.563
[1758203314017932284],,,,0.077,6.685,7.235
[1758203314021621242],,,,0.069,6.74,7.238
[1758203314025289784],,,,-0.019,6.63,7.336
[1758203314028971138],,,,-0.223,6.668,7.276
[1758203314033698117],,,,-0.18,6.723,7.185
[1758203314038943534],,,,-0.33,6.718,6.943
[1758203314044551346],,,,-0.634,6.498,6.474
[1758203314049775565],,,,-0.634,6.63,6.622
[1758203314054995878],,,,-0.019,7.015,6.685
[1758203314060131867],,,,-0.146,7.185,6.68
[1758203314065283846],,,,0.328,7.286,6.8
[1758203314070808221],,,,0.28,7.144,7.003
[1758203314075966867],,,,-0.244,6.862,7.099
[1758203314081134263],,,,-0.632,6.292,7.673
[1758203314086440461],,,,-1.223,6.285,7.678
[1758203314093366971],,,,-0.666,6.515,7.558
[1758203314099175148],,,,-0.053,6.747,7.508
[1758203314105681086],,,,0.005,6.919,7.386
[1758203314112310878],,,,-0.182,6.8,7.36
[1758203314118737180],,,,-0.405,6.699,7.219
[1758203314124040982],,,,-0.797,6.689,6.902
[1758203314129194471],,,,-0.453,6.91,6.91
[1758203314134421919],,,,-0.596,6.953,6.85
[1758203314139573690],,,,-0.67,6.713,6.946
[1758203314144828690],,,,-0.792,6.974,6.759
