timestamp,x1,y1,z1,x2,y2,z2
[1758203661760022284],,,,2.155,0.251,9.608
[1758203661763716607],,,,2.037,0.194,9.776
[1758203661767439628],,,,2.248,0.223,9.546
[1758203661771108951],,,,2.136,0.232,9.639
[1758203661775714732],,,,2.069,0.378,9.562
[1758203661779485097],,,,2.286,0.158,9.677
[1758203661783173014],,,,1.954,0.304,9.711
[1758203661786845930],,,,2.073,0.309,9.704
[1758203661790513326],,,,2.004,0.333,9.527
[1758203661794188743],,,,2.073,0.35,9.653
[1758203661798748482],,,,2.126,0.165,9.373
[1758203661802462284],,,,1.887,0.067,9.699
[1758203661806279368],,,,2.057,0.201,9.67
[1758203661809947857],,,,2.121,0.184,9.699
[1758203661813614316],,,,2.073,0.23,9.641
[1758203661817310826],,,,2.011,0.251,9.675
[1758203661822480670],,,,1.956,0.395,9.464
[1758203661826399576],,,,2.09,0.177,9.653
[1758203661830150305],,,,1.992,0.297,9.594
[1758203661833825462],,,,2.143,0.338,9.687
[1758203661837518118],,,,2.157,0.17,9.651
[1758203661841181972],,,,2.143,0.16,9.62
[1758203661844964159],,,,2.109,0.259,9.735
[1758203661848643378],,,,2.093,0.223,9.529
[1758203661852313274],,,,2.143,0.225,9.543
[1758203661856030514],,,,2.119,0.165,9.613
[1758203661859691607],,,,2.066,0.395,9.749
[1758203661863368639],,,,2.155,0.321,9.594
[1758203661867057389],,,,2.116,0.259,9.792
[1758203661870728326],,,,2.102,0.376,9.766
[1758203661874431295],,,,2.088,0.232,9.517
[1758203661878116243],,,,2.138,0.273,9.716
[1758203661881816607],,,,1.937,0.297,9.792
[1758203661885508482],,,,1.992,0.263,9.742
[1758203661889174055],,,,2.131,0.18,9.606
[1758203661892844784],,,,2.119,0.213,9.689
[1758203661896773170],,,,2.112,0.218,9.62
[1758203661900495357],,,,2.054,0.302,9.723
[1758203661904163951],,,,2.15,0.177,9.783
[1758203661907877493],,,,2.059,0.235,9.747
[1758203661911581295],,,,2.136,0.29,9.73
[1758203661915311607],,,,2.054,0.218,9.656
[1758203661918979420],,,,2.011,0.393,9.754
[1758203661922645514],,,,2.037,0.22,9.819
[1758203661926554941],,,,2.064,0.196,9.629
[1758203661930291503],,,,2.081,0.199,9.653
[1758203661934003274],,,,1.851,0.215,9.555
[1758203661937853743],,,,2.16,0.302,9.651
[1758203661942647284],,,,2.066,0.39,9.795
[1758203661952338847],,,,2.047,0.194,9.503
[1758203661957805722],,,,2.071,0.213,9.457
[1758203661962926764],,,,2.15,0.285,9.634
[1758203661968047180],,,,2.212,0.292,9.637
[1758203661973268014],,,,2.241,0.371,9.651
[1758203661978503222],,,,2.181,0.263,9.428
[1758203661983754420],,,,2.193,0.263,9.61
[1758203661988898743],,,,1.968,0.163,9.613
[1758203661994022389],,,,2.241,0.371,9.582
[1758203661999278274],,,,2.138,0.225,9.596
[1758203662004435409],,,,2.102,0.263,9.646
[1758203662009605461],,,,2.131,0.287,9.646
[1758203662014723899],,,,2.114,0.192,9.658
[1758203662019954003],,,,2.286,0.18,9.364
[1758203662025164889],,,,2.09,0.036,9.627
[1758203662030341034],,,,2.023,0.294,9.577
[1758203662035976972],,,,2.112,0.175,9.651
[1758203662041129107],,,,1.865,0.235,9.594
[1758203662046463639],,,,2.078,0.189,9.682
[1758203662051634211],,,,2.078,0.215,9.55
[1758203662056849420],,,,2.083,0.247,9.606
[1758203662062012805],,,,2.021,0.412,9.634
[1758203662067174368],,,,2.059,0.263,9.737
[1758203662072284680],,,,1.999,0.227,9.488
[1758203662077475774],,,,2.04,0.215,9.572
[1758203662082727597],,,,1.982,0.007,9.371
[1758203662087929836],,,,2.128,0.304,9.613
[1758203662093093430],,,,2.164,0.273,9.524
[1758203662098619680],,,,2.057,0.254,9.534
[1758203662103776086],,,,2.241,0.177,9.756
[1758203662108956503],,,,2.109,0.093,9.756
[1758203662114104941],,,,2.193,0.199,9.493
[1758203662119240149],,,,2.188,0.369,9.615
[1758203662124349368],,,,2.021,0.036,9.543
[1758203662129480618],,,,2.205,0.261,9.558
[1758203662134644003],,,,2.114,0.294,9.584
[1758203662140209159],,,,2.081,0.002,9.507
[1758203662145503534],,,,1.891,0.259,9.737
[1758203662150749993],,,,2.128,0.211,9.665
[1758203662155902441],,,,2.169,0.156,9.517
[1758203662161032649],,,,2.277,0.187,9.656
[1758203662166199003],,,,2.054,0.251,9.637
[1758203662172777909],,,,2.1,0.29,9.524
[1758203662179293118],,,,2.064,0.218,9.79
[1758203662185765618],,,,2.09,0.244,9.524
[1758203662191566191],,,,1.899,0.297,9.522
[1758203662197286243],,,,2.061,0.271,9.397
[1758203662203893378],,,,2.088,0.156,9.589
[1758203662209540670],,,,2.071,0.22,9.553
[1758203662214897388],,,,2.023,0.249,9.594
[1758203662221470201],,,,2.073,0.225,9.538
[1758203662227201555],,,,2.136,0.194,9.567
[1758203662233013170],,,,2.138,0.177,9.589
[1758203662238737909],,,,2.014,0.283,9.661
[1758203662244192701],,,,2.131,0.381,9.644
[1758203662249982701],,,,2.035,0.247,9.622
[1758203662254648534],,,,2.018,0.287,9.675
[1758203662259201659],,,,2.018,0.18,9.761
[1758203662263727493],,,,2.121,0.256,9.538
[1758203662268274993],,,,2.222,0.278,9.637
[1758203662272793274],,,,2.234,0.342,9.591
[1758203662277355305],,,,2.2,0.156,9.598
[1758203662281884420],,,,2.198,0.194,9.682
[1758203662286439836],,,,2.006,0.29,9.663
[1758203662290959524],,,,2.09,0.232,9.572
[1758203662295671816],,,,2.138,0.187,9.471
[1758203662300230774],,,,2.284,0.294,9.582
[1758203662304753951],,,,2.095,0.306,9.589
[1758203662309294368],,,,2.021,0.256,9.546
[1758203662313809003],,,,2.037,0.285,9.603
[1758203662318347701],,,,2.028,0.275,9.797
[1758203662322876086],,,,2.081,0.388,9.618
[1758203662327441816],,,,2.009,0.287,9.618
[1758203662331964107],,,,2.116,0.194,9.675
[1758203662336559732],,,,2.071,0.278,9.594
[1758203662341144263],,,,1.865,0.244,9.555
[1758203662346464576],,,,2.131,0.239,9.603
[1758203662351957024],,,,2.207,0.314,9.567
[1758203662357216503],,,,2.002,0.105,9.646
[1758203662362328951],,,,2.145,0.299,9.57
[1758203662367480305],,,,2.052,0.244,9.792
[1758203662372632232],,,,2.095,0.266,9.51
[1758203662377766763],,,,1.963,0.218,9.409
[1758203662382893899],,,,2.121,0.268,9.596
[1758203662388066659],,,,2.102,0.28,9.577
[1758203662393251295],,,,2.033,0.287,9.548
[1758203662398545878],,,,2.037,0.45,9.445
[1758203662403693430],,,,2.085,0.362,9.354
[1758203662408857961],,,,2.014,0.256,9.598
[1758203662413968118],,,,2.093,0.275,9.665
[1758203662419085670],,,,2.219,0.141,9.536
[1758203662424204940],,,,1.997,0.28,9.634
[1758203662429361503],,,,2.112,0.218,9.57
[1758203662434478795],,,,2.066,0.022,9.584
[1758203662439580930],,,,1.963,0.196,9.615
[1758203662444716555],,,,2.054,0.328,9.376
[1758203662449934263],,,,2.322,0.196,9.658
[1758203662455484628],,,,2.088,0.201,9.768
[1758203662460779888],,,,2.049,0.268,9.639
[1758203662465971190],,,,2.119,0.249,9.694
[1758203662471119107],,,,1.944,0.29,9.491
[1758203662476291190],,,,2.114,0.28,9.778
[1758203662481419524],,,,2.025,0.141,9.584
[1758203662486576138],,,,2.064,0.278,9.55
[1758203662491784940],,,,2.081,0.235,9.543
[1758203662497051920],,,,2.188,0.373,9.474
[1758203662502399003],,,,2.054,0.256,9.55
[1758203662507547336],,,,2.057,0.259,9.555
[1758203662512658482],,,,2.133,0.22,9.644
[1758203662517805722],,,,2.006,0.177,9.594
[1758203662522961295],,,,1.956,0.261,9.534
[1758203662528124524],,,,2.409,0.153,9.57
[1758203662533247180],,,,2.042,0.237,9.469
[1758203662538402024],,,,1.844,0.244,9.641
[1758203662543609055],,,,2.188,0.29,9.438
[1758203662549077805],,,,2.088,0.189,9.584
[1758203662554239680],,,,2.011,0.108,9.629
[1758203662560485722],,,,2.234,0.199,9.639
[1758203662567080045],,,,2.081,0.012,9.366
[1758203662572439888],,,,2.284,0.287,9.39
[1758203662577682857],,,,2.174,0.108,9.558
[1758203662582799159],,,,2.138,0.287,9.641
[1758203662587950774],,,,2.081,0.362,9.481
[1758203662593068534],,,,2.186,0.323,9.644
[1758203662598317545],,,,2.037,0.187,9.656
[1758203662603432388],,,,1.877,0.134,9.548
[1758203662608584420],,,,2.124,0.306,9.603
[1758203662613694315],,,,2.145,0.148,9.543
[1758203662618900357],,,,2.133,0.172,9.558
[1758203662624013638],,,,2.136,0.388,9.606
[1758203662629157232],,,,2.186,0.23,9.582
[1758203662634273013],,,,2.282,0.215,9.524
[1758203662639401399],,,,2.133,0.244,9.479
[1758203662644568951],,,,2.061,0.184,9.639
[1758203662650050930],,,,2.095,0.275,9.646
[1758203662655190878],,,,2.186,0.168,9.421
[1758203662660312857],,,,2.095,0.256,9.687
[1758203662665461659],,,,2.081,0.268,9.584
[1758203662670650826],,,,2.081,0.18,9.462
[1758203662677022961],,,,2.131,0.294,9.498
[1758203662682662545],,,,2.03,0.247,9.529
[1758203662687822649],,,,2.21,0.208,9.589
[1758203662692947336],,,,2.112,0.306,9.646
[1758203662698148065],,,,1.987,0.421,9.5
[1758203662703308326],,,,2.069,0.182,9.627
[1758203662708423795],,,,2.09,0.371,9.421
[1758203662713528951],,,,2.152,0.278,9.629
[1758203662718708378],,,,2.033,0.23,9.697
[1758203662724013222],,,,2.157,0.34,9.438
[1758203662729171867],,,,2.164,0.448,9.649
[1758203662734294055],,,,1.968,0.199,9.737
[1758203662739428534],,,,2.119,0.254,9.572
[1758203662744548326],,,,2.236,0.187,9.371
[1758203662750931295],,,,2.258,0.23,9.541
[1758203662756240982],,,,2.011,0.261,9.445
[1758203662761383586],,,,2.164,0.278,9.771
[1758203662766533326],,,,2.277,0.17,9.572
[1758203662771647857],,,,2.162,0.108,9.56
[1758203662776745722],,,,2.263,0.283,9.68
[1758203662781819367],,,,1.966,0.259,9.51
[1758203662788042180],,,,2.212,0.299,9.51
[1758203662794538170],,,,2.133,0.223,9.378
[1758203662799894576],,,,2.246,0.283,9.567
[1758203662805066399],,,,2.03,0.23,9.577
[1758203662810188326],,,,1.997,0.316,9.371
[1758203662817052753],,,,2.052,0.22,9.608
[1758203662822729524],,,,2.064,0.357,9.582
[1758203662828413117],,,,2.093,0.443,9.373
[1758203662834728013],,,,2.049,0.189,9.414
[1758203662840396555],,,,2.14,0.204,9.653
[1758203662846716555],,,,2.09,0.242,9.639
[1758203662851596607],,,,2.279,0.227,9.603
[1758203662856809159],,,,2.037,0.244,9.627
[1758203662861607544],,,,2.145,0.292,9.649
[1758203662866407440],,,,2.066,0.184,9.519
[1758203662871171919],,,,2.052,0.251,9.538
[1758203662875957649],,,,2.04,0.196,9.646
[1758203662880497753],,,,2.085,0.182,9.799
[1758203662885024159],,,,2.21,0.292,9.682
[1758203662889602544],,,,1.997,0.278,9.543
[1758203662894265253],,,,2.052,0.225,9.524
[1758203662899146138],,,,1.99,0.29,9.517
[1758203662903737805],,,,2.054,0.22,9.622
[1758203662908365149],,,,2.251,0.204,9.534
[1758203662912882492],,,,2.03,0.271,9.613
[1758203662917427128],,,,2.277,0.299,9.527
[1758203662921952753],,,,2.076,0.201,9.661
[1758203662926519003],,,,2.037,0.424,9.517
[1758203662931185774],,,,2.078,0.225,9.582
[1758203662935885253],,,,2.121,0.395,9.732
[1758203662940369472],,,,2.155,0.297,9.596
[1758203662945243742],,,,2.274,0.225,9.541
[1758203662950494263],,,,2.016,0.261,9.57
[1758203662955649472],,,,2.047,0.187,9.634
[1758203662962205149],,,,2.088,0.192,9.622
[1758203662967438430],,,,2.002,0.23,9.541
[1758203662972533117],,,,2.095,0.287,9.613
[1758203662977681086],,,,2.133,0.318,9.711
[1758203662982783482],,,,2.059,0.192,9.541
[1758203662987882284],,,,2.105,0.259,9.385
[1758203662992987024],,,,2.114,0.247,9.4
[1758203662998146086],,,,2.037,0.271,9.591
[1758203663003907232],,,,2.181,0.16,9.57
[1758203663009236347],,,,2.018,0.187,9.661
[1758203663014340461],,,,2.002,0.18,9.591
[1758203663019447961],,,,2.006,0.232,9.488
[1758203663024568482],,,,2.167,0.235,9.661
[1758203663029717492],,,,2.006,0.249,9.625
[1758203663034826451],,,,2.119,0.019,9.5
[1758203663039942440],,,,2.107,0.213,9.646
[1758203663045352284],,,,2.083,0.175,9.56
[1758203663050814055],,,,1.985,0.266,9.622
[1758203663056058586],,,,2.033,0.268,9.629
[1758203663061222180],,,,2.116,0.206,9.45
[1758203663066423482],,,,2.016,0.242,9.656
[1758203663071554055],,,,2.09,0.297,9.498
[1758203663076693482],,,,2.097,0.247,9.62
[1758203663081785305],,,,2.167,0.309,9.56
[1758203663086937909],,,,2.227,0.187,9.57
[1758203663092311346],,,,2.09,0.213,9.586
[1758203663097970253],,,,2.121,0.16,9.749
[1758203663103124940],,,,1.951,0.156,9.641
[1758203663109578742],,,,2.064,0.184,9.582
[1758203663114857232],,,,2.15,0.259,9.725
[1758203663119952649],,,,2.148,0.146,9.627
[1758203663125101763],,,,2.234,0.249,9.531
[1758203663130263169],,,,2.09,0.23,9.5
[1758203663135354784],,,,1.956,0.089,9.529
[1758203663140438899],,,,2.033,0.287,9.718
[1758203663145639524],,,,2.052,0.417,9.594
[1758203663150879471],,,,2.176,0.239,9.589
[1758203663156204680],,,,2.078,0.278,9.5
[1758203663161419367],,,,2.143,0.206,9.61
[1758203663166563794],,,,2.061,0.187,9.527
[1758203663171670721],,,,2.009,0.101,9.771
[1758203663176831659],,,,2.119,0.204,9.579
[1758203663182016086],,,,2.136,0.287,9.591
[1758203663187200669],,,,2.047,0.275,9.546
[1758203663192314940],,,,2.26,0.299,9.467
[1758203663197438117],,,,2.27,0.275,9.558
[1758203663202621346],,,,2.045,0.242,9.404
[1758203663207880878],,,,2.064,0.34,9.718
[1758203663213604003],,,,2.057,0.297,9.613
[1758203663218904784],,,,2.212,0.309,9.613
[1758203663224078846],,,,2.145,0.302,9.56
[1758203663233099940],,,,2.076,0.215,9.68
[1758203663238250982],,,,2.085,0.227,9.534
[1758203663243372961],,,,2.037,0.328,9.795
[1758203663248537024],,,,2.078,0.172,9.641
[1758203663253684992],,,,2.148,0.168,9.443
[1758203663259029940],,,,2.217,0.208,9.505
[1758203663264179732],,,,2.004,0.304,9.632
[1758203663269386294],,,,2.119,0.029,9.534
[1758203663274540201],,,,2.052,0.311,9.562
[1758203663279676503],,,,1.961,0.177,9.641
[1758203663284797596],,,,2.116,0.194,9.515
[1758203663290022023],,,,2.169,0.261,9.584
[1758203663295171659],,,,2.172,0.232,9.471
[1758203663300398378],,,,2.114,0.256,9.555
[1758203663305529576],,,,2.246,0.302,9.503
[1758203663310782076],,,,2.025,0.177,9.62
[1758203663316460565],,,,2.045,0.438,9.632
[1758203663321712492],,,,2.064,0.211,9.5
[1758203663326912492],,,,2.095,0.18,9.55
[1758203663332058586],,,,1.999,0.223,9.39
[1758203663337218169],,,,2.1,0.235,9.541
[1758203663342371919],,,,2.061,0.342,9.598
[1758203663347892961],,,,2.009,0.287,9.603
[1758203663355153013],,,,2.052,0.273,9.689
[1758203663360679523],,,,2.088,0.177,9.388
[1758203663365876086],,,,2.045,0.28,9.438
[1758203663371022336],,,,2.081,0.23,9.625
[1758203663376237961],,,,2.286,0.192,9.591
[1758203663381382701],,,,2.054,0.201,9.474
[1758203663386509836],,,,2.066,0.156,9.641
[1758203663391621815],,,,1.975,0.227,9.433
[1758203663396808378],,,,2.097,0.266,9.594
[1758203663402098117],,,,2.049,0.227,9.505
[1758203663407667753],,,,2.095,0.223,9.596
[1758203663412823117],,,,2.057,0.22,9.713
[1758203663417972128],,,,2.059,0.225,9.5
[1758203663424177336],,,,2.069,0.376,9.754
[1758203663430773794],,,,2.107,0.239,9.524
[1758203663436393169],,,,2.136,0.283,9.455
[1758203663441603013],,,,1.987,0.239,9.701
[1758203663446761607],,,,2.121,0.328,9.414
[1758203663451878430],,,,2.081,0.254,9.613
[1758203663458534992],,,,2.061,0.285,9.601
[1758203663465205357],,,,2.128,0.172,9.483
[1758203663470877388],,,,2.184,0.256,9.402
[1758203663477453742],,,,2.066,0.182,9.584
[1758203663484126034],,,,2.045,0.215,9.565
[1758203663489763586],,,,2.229,0.194,9.567
[1758203663496319055],,,,2.04,0.227,9.546
[1758203663502999159],,,,2.09,0.196,9.409
[1758203663508680982],,,,1.889,0.189,9.558
[1758203663515197753],,,,2.073,0.211,9.503
[1758203663520778013],,,,2.114,0.249,9.589
[1758203663525992128],,,,2.018,0.215,9.618
[1758203663531139263],,,,2.289,0.184,9.352
[1758203663537051346],,,,2.088,0.005,9.555
[1758203663542255617],,,,2.066,0.218,9.457
[1758203663546887232],,,,1.97,0.259,9.565
[1758203663550636242],,,,2.157,0.524,9.773
[1758203663554343950],,,,2.042,0.235,9.718
[1758203663558137857],,,,2.095,0.294,9.536
[1758203663561838065],,,,2.152,0.129,9.675
[1758203663566459003],,,,2.047,0.168,9.57
[1758203663570242336],,,,1.999,0.244,9.718
[1758203663573922284],,,,2.066,0.29,9.802
[1758203663577636086],,,,2.205,0.227,9.735
[1758203663581298742],,,,2.093,0.266,9.615
[1758203663585041398],,,,2.258,0.285,9.685
[1758203663588707492],,,,2.179,0.453,9.677
[1758203663592374888],,,,2.037,0.314,9.656
[1758203663596052128],,,,2.121,0.232,9.608
[1758203663599714159],,,,2.045,0.218,9.785
[1758203663603387388],,,,2.107,0.35,9.723
[1758203663607100721],,,,2.085,0.263,9.694
[1758203663610880930],,,,2.04,0.211,9.622
[1758203663614619003],,,,2.133,0.242,9.682
[1758203663618533846],,,,2.116,0.201,9.72
[1758203663622259003],,,,2.035,0.275,9.689
[1758203663625943273],,,,2.085,0.354,9.685
[1758203663629607700],,,,2.069,0.29,9.687
[1758203663633269992],,,,2.095,0.35,9.641
[1758203663636957544],,,,2.078,0.321,9.663
[1758203663640878638],,,,2.028,0.168,9.661
[1758203663644641503],,,,2.097,0.28,9.646
[1758203663648331034],,,,1.958,0.225,9.718
[1758203663652021763],,,,2.083,0.33,9.735
[1758203663655734471],,,,2.009,0.333,9.742
[1758203663659421398],,,,2.248,0.306,9.67
[1758203663663206034],,,,2.023,0.256,9.637
[1758203663667448013],,,,2.064,0.369,9.651
[1758203663671137284],,,,2.069,0.263,9.579
[1758203663674857596],,,,2.045,0.414,9.886
[1758203663678536867],,,,2.09,0.218,9.62
[1758203663682203273],,,,2.057,0.29,9.558
[1758203663685881971],,,,2.095,0.347,9.747
[1758203663689549992],,,,2.116,0.223,9.639
[1758203663693224992],,,,2.002,0.182,9.665
[1758203663696943482],,,,2.052,0.294,9.946
[1758203663700609003],,,,2.241,0.208,9.653
[1758203663704322909],,,,2.131,0.371,9.732
[1758203663708137023],,,,2.035,0.381,9.668
[1758203663711841398],,,,1.994,0.259,9.677
[1758203663715577492],,,,2.061,0.249,9.589
[1758203663719245565],,,,2.186,0.211,9.699
[1758203663722913742],,,,2.143,0.215,9.804
[1758203663726607752],,,,2.102,0.22,9.641
[1758203663730276398],,,,2.09,0.249,9.677
[1758203663733931867],,,,2.282,0.261,9.663
[1758203663737598950],,,,2.059,0.318,9.776
[1758203663741260513],,,,2.045,0.249,9.692
[1758203663745047909],,,,2.061,0.158,9.594
[1758203663749208898],,,,2.124,0.163,9.761
[1758203663752896607],,,,2.097,0.22,9.673
[1758203663756563742],,,,2.042,0.33,9.608
[1758203663760210617],,,,2.1,0.309,9.627
[1758203663763885252],,,,2.021,0.45,9.658
[1758203663768461971],,,,2.102,0.223,9.5
[1758203663772252805],,,,2.054,0.28,9.529
[1758203663775912752],,,,2.124,0.237,9.531
[1758203663779560252],,,,2.119,0.237,9.792
[1758203663783228794],,,,2.03,0.242,9.682
[1758203663786920148],,,,2.028,0.215,9.711
[1758203663790586138],,,,1.987,0.273,9.62
[1758203663794237492],,,,2.172,0.321,9.61
[1758203663797912752],,,,2.009,0.285,9.56
[1758203663801561971],,,,2.136,0.311,9.627
[1758203663805289367],,,,1.999,0.163,9.857
[1758203663808961190],,,,2.236,0.436,9.646
[1758203663812738742],,,,2.102,0.338,9.558
[1758203663816664367],,,,2.109,0.297,9.646
[1758203663820364784],,,,2.145,0.211,9.625
[1758203663824033221],,,,2.095,0.232,9.531
[1758203663827702857],,,,2.107,0.357,9.778
[1758203663831380669],,,,2.191,0.328,9.754
[1758203663835116919],,,,2.009,0.266,9.785
[1758203663838784367],,,,2.071,0.16,9.596
[1758203663842455148],,,,2.023,0.225,9.673
[1758203663846163169],,,,2.028,0.244,9.625
[1758203663849946607],,,,2.066,0.18,9.816
[1758203663853881346],,,,2.069,0.285,9.79
[1758203663857672857],,,,2.021,0.189,9.656
[1758203663861456815],,,,2.136,0.271,9.759
[1758203663865213742],,,,2.148,0.287,9.646
[1758203663868920721],,,,2.014,0.239,9.804
[1758203663872618221],,,,1.942,0.342,9.622
[1758203663876339888],,,,2.14,0.184,9.661
[1758203663880039367],,,,2.14,0.261,9.562
[1758203663883698690],,,,2.191,0.141,9.783
[1758203663887348898],,,,2.047,0.268,9.74
[1758203663890991086],,,,2.083,0.364,9.804
[1758203663894726294],,,,2.176,0.237,9.694
[1758203663898461242],,,,2.095,0.283,9.565
[1758203663902214523],,,,2.126,0.204,9.78
[1758203663905959836],,,,2.04,0.273,9.756
[1758203663909626971],,,,1.968,0.309,9.634
[1758203663913348065],,,,2.105,0.294,9.639
[1758203663917286867],,,,2.212,0.22,9.725
[1758203663920981815],,,,2.011,0.249,9.72
[1758203663924754471],,,,2.112,0.182,9.606
[1758203663928450409],,,,2.097,0.239,9.752
[1758203663932154419],,,,2.049,0.156,9.646
[1758203663935912492],,,,2.071,0.302,9.732
[1758203663939592492],,,,2.181,0.266,9.589
[1758203663943277648],,,,1.994,0.225,9.766
[1758203663947005825],,,,2.045,0.22,9.572
[1758203663951981919],,,,2.109,0.239,9.467
[1758203663956917961],,,,2.205,0.285,9.62
[1758203663960990617],,,,2.126,0.28,9.505
[1758203663965446919],,,,2.083,0.196,9.507
[1758203663969412648],,,,2.124,0.168,9.692
[1758203663973309263],,,,1.999,0.239,9.637
[1758203663977253117],,,,2.286,0.199,9.744
[1758203663981148950],,,,2.251,0.29,9.661
[1758203663985944315],,,,2.114,0.208,9.732
[1758203663990516086],,,,2.073,0.235,9.586
[1758203663994418950],,,,2.243,0.235,9.718
[1758203663998282700],,,,2.064,0.263,9.749
[1758203664001968534],,,,1.93,0.168,9.637
[1758203664005703221],,,,2.105,0.311,9.759
[1758203664009369211],,,,2.121,0.211,9.713
[1758203664013050200],,,,1.982,0.268,9.764
[1758203664017169523],,,,2.037,0.364,9.697
[1758203664020948898],,,,2.052,0.266,9.716
[1758203664025462336],,,,2.157,0.235,9.488
[1758203664029282752],,,,2.155,0.34,9.689
[1758203664032959992],,,,2.116,0.266,9.56
[1758203664036648377],,,,2.028,0.251,9.747
[1758203664040304002],,,,2.021,0.342,9.689
[1758203664043997388],,,,2.073,0.204,9.754
[1758203664047726919],,,,2.205,0.259,9.5
[1758203664051397596],,,,2.054,0.153,9.742
[1758203664055083690],,,,2.09,0.242,9.855
[1758203664058751815],,,,2.083,0.268,9.608
[1758203664062420304],,,,2.219,0.225,9.608
[1758203664067030148],,,,2.037,0.292,9.606
[1758203664070836554],,,,2.071,0.242,9.615
[1758203664074552336],,,,2.265,0.199,9.792
[1758203664078263013],,,,2.069,0.271,9.764
[1758203664081931242],,,,2.155,0.22,9.697
[1758203664085634054],,,,2.078,0.45,9.766
[1758203664089305617],,,,2.126,0.237,9.697
[1758203664092976138],,,,1.944,0.285,9.517
[1758203664096656034],,,,2.143,0.232,9.713
[1758203664100331346],,,,2.085,0.242,9.701
[1758203664104007440],,,,2.03,0.163,9.699
[1758203664107714575],,,,2.145,0.318,9.527
[1758203664111466398],,,,2.071,0.225,9.694
[1758203664115222336],,,,2.193,0.17,9.73
[1758203664118905825],,,,2.112,0.249,9.776
[1758203664122576659],,,,2.073,0.249,9.67
[1758203664126265461],,,,2.186,0.208,9.567
[1758203664129931815],,,,1.949,0.297,9.373
[1758203664133598690],,,,2.1,0.402,9.615
[1758203664137267284],,,,2.116,0.139,9.675
[1758203664140959575],,,,2.172,0.378,9.692
[1758203664144717388],,,,2.152,0.11,9.56
[1758203664148408377],,,,2.009,0.275,9.663
[1758203664152077440],,,,2.131,0.261,9.756
[1758203664155753169],,,,1.858,0.17,9.847
[1758203664159440565],,,,2.131,0.249,9.584
[1758203664163220304],,,,2.09,0.283,9.641
[1758203664166984836],,,,2.033,0.215,9.529
[1758203664170911919],,,,2.018,0.194,9.689
[1758203664174755981],,,,2.064,0.227,9.692
[1758203664178460461],,,,2.071,0.271,9.589
[1758203664184942856],,,,2.057,0.302,9.503
[1758203664188675252],,,,2.274,0.364,9.531
[1758203664192343534],,,,2.033,0.18,9.608
[1758203664196060252],,,,2.071,0.201,9.512
[1758203664199722596],,,,2.037,0.304,9.771
[1758203664203385044],,,,2.004,0.266,9.536
[1758203664207101034],,,,2.2,0.321,9.744
[1758203664210782179],,,,2.107,0.342,9.677
[1758203664214611086],,,,2.083,0.215,9.579
[1758203664219261711],,,,2.069,0.242,9.637
[1758203664223047179],,,,1.937,0.302,9.773
[1758203664226716711],,,,2.265,0.359,9.73
[1758203664230380825],,,,2.107,0.266,9.543
[1758203664234062023],,,,2.246,0.194,9.787
[1758203664237758638],,,,2.188,0.153,9.682
[1758203664241414367],,,,2.021,0.247,9.627
[1758203664245095825],,,,2.069,0.395,9.694
[1758203664248887856],,,,2.002,0.273,9.692
[1758203664253477804],,,,2.037,0.108,9.749
[1758203664258690929],,,,2.085,0.17,9.685
[1758203664263951711],,,,2.037,0.151,9.527
[1758203664269168898],,,,2.193,0.211,9.627
[1758203664275715721],,,,2.128,0.144,9.565
[1758203664281057909],,,,2.09,0.263,9.661
[1758203664286402179],,,,2.035,0.213,9.548
[1758203664291537856],,,,2.174,0.338,9.618
[1758203664296689679],,,,2.049,0.393,9.766
[1758203664301809002],,,,2.126,0.091,9.603
[1758203664306956034],,,,1.99,0.247,9.4
[1758203664312084419],,,,2.069,0.218,9.536
[1758203664317318325],,,,2.042,0.28,9.725
[1758203664322521138],,,,2.286,0.247,9.577
[1758203664327756086],,,,2.155,0.184,9.579
[1758203664332986554],,,,2.27,0.292,9.38
[1758203664338135981],,,,2.095,0.201,9.572
[1758203664343326398],,,,2.002,0.314,9.67
[1758203664348618690],,,,2.126,0.194,9.527
[1758203664353871502],,,,2.073,0.285,9.421
[1758203664359007127],,,,2.215,0.201,9.546
[1758203664364117856],,,,2.028,0.23,9.62
[1758203664369361242],,,,2.119,0.182,9.51
[1758203664374512856],,,,2.014,0.254,9.527
[1758203664379643013],,,,2.097,0.259,9.594
[1758203664386167492],,,,2.004,0.218,9.407
[1758203664391527440],,,,2.006,0.256,9.486
[1758203664396644627],,,,2.112,0.227,9.536
[1758203664401722388],,,,2.066,0.215,9.591
[1758203664406820408],,,,1.958,0.211,9.615
[1758203664411910877],,,,2.124,0.256,9.546
[1758203664417109992],,,,2.291,0.302,9.553
[1758203664422213013],,,,2.037,0.251,9.627
[1758203664427430513],,,,2.114,0.287,9.45
[1758203664432656242],,,,2.272,0.194,9.627
[1758203664437774263],,,,2.1,0.314,9.826
[1758203664442900877],,,,1.86,0.16,9.517
[1758203664448014679],,,,2.248,0.405,9.436
[1758203664453126398],,,,1.985,0.192,9.493
[1758203664458238013],,,,2.121,0.232,9.577
[1758203664463437700],,,,2.04,0.247,9.634
[1758203664468666815],,,,1.887,0.271,9.524
[1758203664473849836],,,,2.172,0.268,9.515
[1758203664479014940],,,,2.095,0.244,9.627
[1758203664484649211],,,,2.133,0.316,9.613
[1758203664491860825],,,,2.09,0.263,9.448
[1758203664497286346],,,,2.085,0.287,9.519
[1758203664502689836],,,,2.025,0.266,9.68
[1758203664509122752],,,,2.136,0.23,9.395
[1758203664514756502],,,,2.057,0.323,9.61
[1758203664520373533],,,,2.076,0.211,9.589
[1758203664525953065],,,,2.174,0.23,9.55
[1758203664531581450],,,,2.263,0.156,9.558
[1758203664537946398],,,,2.057,0.218,9.639
[1758203664543575617],,,,2.15,0.378,9.438
[1758203664549893013],,,,2.109,0.261,9.598
[1758203664554282440],,,,2.025,0.247,9.529
[1758203664558048586],,,,2.119,0.297,9.744
[1758203664561713273],,,,2.03,0.225,9.732
[1758203664565379992],,,,2.267,0.182,9.512
[1758203664569022336],,,,2.109,0.156,9.675
[1758203664572846763],,,,2.064,0.273,9.713
[1758203664576649106],,,,2.1,0.239,9.661
[1758203664580326033],,,,2.078,0.28,9.479
[1758203664583985408],,,,1.913,0.057,9.902
[1758203664587657231],,,,2.095,0.182,9.603
[1758203664591366502],,,,2.133,0.211,9.589
[1758203664595440148],,,,2.066,0.182,9.519
[1758203664600006554],,,,2.136,0.239,9.471
[1758203664603829731],,,,2.04,0.249,9.704
[1758203664607537127],,,,2.14,0.11,9.668
[1758203664611200513],,,,2.241,0.199,9.73
[1758203664614898846],,,,2.009,0.292,9.725
[1758203664618557544],,,,2.081,0.318,9.792
[1758203664622212492],,,,2.035,0.172,9.682
[1758203664625938117],,,,2.27,0.165,9.718
[1758203664629622596],,,,1.994,0.247,9.495
[1758203664633290981],,,,2.109,0.156,9.589
[1758203664636981346],,,,2.059,0.323,9.792
[1758203664640707492],,,,2.274,0.333,9.785
[1758203664644527804],,,,1.994,0.256,9.649
[1758203664648226450],,,,2.045,0.35,9.538
[1758203664651895721],,,,1.999,0.283,9.627
[1758203664655594054],,,,2.028,0.299,9.723
[1758203664659261763],,,,2.105,0.211,9.725
[1758203664662954210],,,,2.136,0.244,9.639
[1758203664666645096],,,,2.042,0.204,9.694
[1758203664670317179],,,,2.085,0.33,9.596
[1758203664674010252],,,,2.014,0.227,9.711
[1758203664677945252],,,,2.069,0.263,9.608
[1758203664681681450],,,,1.911,0.177,9.711
[1758203664685382856],,,,2.16,0.328,9.682
[1758203664689074054],,,,2.023,0.211,9.673
[1758203664692752075],,,,2.109,0.196,9.574
[1758203664696488013],,,,2.1,0.285,9.79
[1758203664700166763],,,,2.093,0.371,9.771
[1758203664704142908],,,,2.095,0.254,9.606
[1758203664707833325],,,,2.057,0.335,9.864
[1758203664711531398],,,,2.1,0.292,9.641
[1758203664715243221],,,,2.243,0.268,9.668
[1758203664718946138],,,,2.078,0.299,9.864
[1758203664722715044],,,,2.172,0.371,9.582
[1758203664726470096],,,,2.078,0.139,9.776
[1758203664730139210],,,,2.018,0.294,9.591
[1758203664733842856],,,,2.057,0.232,9.761
[1758203664737566815],,,,2.143,0.278,9.622
[1758203664741230460],,,,2.083,0.299,9.737
[1758203664745004002],,,,2.052,0.208,9.641
[1758203664748673533],,,,2.066,0.4,9.79
[1758203664752339158],,,,2.047,0.227,9.67
[1758203664756037127],,,,2.054,0.175,9.725
[1758203664759801606],,,,2.047,0.187,9.708
[1758203664763578065],,,,2.121,0.192,9.579
[1758203664767279210],,,,2.071,0.163,9.802
[1758203664770968585],,,,2.128,0.232,9.735
[1758203664774764315],,,,2.09,0.35,9.615
[1758203664778465929],,,,2.181,0.287,9.469
[1758203664782153690],,,,2.14,0.18,9.668
[1758203664785831971],,,,2.1,0.34,9.718
[1758203664789487127],,,,2.124,0.275,9.622
[1758203664793160981],,,,2.018,0.266,9.766
[1758203664796863221],,,,2.186,0.297,9.673
[1758203664800582440],,,,2.131,0.239,9.754
[1758203664804657492],,,,2.155,0.297,9.713
[1758203664808429054],,,,2.083,0.254,9.421
[1758203664812093742],,,,2.064,0.366,9.627
[1758203664815767648],,,,2.167,0.33,9.766
[1758203664819414002],,,,2.136,0.251,9.749
[1758203664823083637],,,,1.997,0.302,9.658
[1758203664826855200],,,,2.097,0.17,9.673
[1758203664830562283],,,,2.203,0.294,9.725
[1758203664834229523],,,,2.052,0.175,9.594
[1758203664837960617],,,,2.176,0.232,9.735
[1758203664841635200],,,,2.131,0.227,9.546
[1758203664845374627],,,,2.071,0.311,9.768
[1758203664849162440],,,,2.011,0.443,9.653
[1758203664852865617],,,,2.152,0.237,9.598
[1758203664856590460],,,,2.191,0.268,9.682
[1758203664860250304],,,,2.059,0.242,9.708
[1758203664863938533],,,,2.054,0.201,9.706
[1758203664867644106],,,,2.081,0.273,9.541
[1758203664871287960],,,,2.186,0.156,9.649
[1758203664875041242],,,,2.124,0.302,9.706
[1758203664878739940],,,,2.052,0.172,9.639
[1758203664882431658],,,,2.284,0.261,9.687
[1758203664887816346],,,,2.126,0.275,9.586
[1758203664891929262],,,,2.107,0.16,9.665
[1758203664895628950],,,,2.1,0.232,9.639
[1758203664899290617],,,,2.124,0.18,9.804
[1758203664902980565],,,,1.999,0.148,9.646
[1758203664906964731],,,,2.167,0.35,9.778
[1758203664910709575],,,,2.045,0.199,9.548
[1758203664914386919],,,,2.037,0.347,9.687
[1758203664918093533],,,,1.946,0.271,9.553
[1758203664921769315],,,,2.174,0.263,9.728
[1758203664925549054],,,,2.121,0.187,9.527
[1758203664929223794],,,,2.081,0.271,9.886
[1758203664932944523],,,,2.021,0.278,9.694
[1758203664936769887],,,,2.198,0.235,9.776
[1758203664940440877],,,,2.265,0.421,9.761
[1758203664944190252],,,,2.112,0.268,9.529
[1758203664947907283],,,,2.042,0.206,9.606
[1758203664951553585],,,,1.889,0.254,9.737
[1758203664955242596],,,,2.128,0.254,9.771
[1758203664958880773],,,,2.318,0.283,9.73
[1758203664962525200],,,,1.839,0.297,9.754
[1758203664966220096],,,,2.109,0.364,9.778
[1758203664971134835],,,,2.102,0.22,9.661
[1758203664975231346],,,,2.066,0.215,9.74
[1758203664979084887],,,,2.04,0.278,9.639
[1758203664982953794],,,,2.207,0.211,9.572
[1758203664987718012],,,,2.057,0.271,9.651
[1758203664991678898],,,,2.1,0.165,9.538
[1758203664995560512],,,,2.138,0.292,9.701
[1758203664999403065],,,,2.116,0.218,9.685
[1758203665004162856],,,,2.162,0.237,9.613
[1758203665008133950],,,,2.176,0.275,9.589
[1758203665012063794],,,,2.102,0.206,9.589
[1758203665016098325],,,,2.131,0.297,9.651
[1758203665019763846],,,,2.181,0.17,9.785
[1758203665023435044],,,,2.006,0.294,9.651
[1758203665027971919],,,,1.975,0.225,9.629
[1758203665031758846],,,,2.054,0.297,9.665
[1758203665035463742],,,,2.064,0.227,9.759
[1758203665039117700],,,,2.04,0.326,9.649
[1758203665042779939],,,,2.119,0.4,9.663
[1758203665046481294],,,,2.119,0.28,9.656
[1758203665050143481],,,,2.093,0.144,9.546
[1758203665053803325],,,,2.138,0.287,9.747
[1758203665057503533],,,,2.023,0.232,9.646
[1758203665061158794],,,,2.133,0.29,9.629
[1758203665064896710],,,,2.095,0.239,9.867
[1758203665068572023],,,,2.114,0.158,9.601
[1758203665072321867],,,,2.2,0.165,9.615
[1758203665076325044],,,,2.157,0.175,9.665
[1758203665080016450],,,,2.009,0.304,9.622
[1758203665083679939],,,,2.212,0.196,9.5
[1758203665087369210],,,,2.014,0.364,9.656
[1758203665091030721],,,,2.059,0.323,9.723
[1758203665094752908],,,,2.15,0.285,9.72
[1758203665098433064],,,,2.054,0.271,9.689
[1758203665102084939],,,,1.99,0.417,9.706
[1758203665105767544],,,,2.014,0.254,9.618
[1758203665109430669],,,,2.066,0.321,9.716
[1758203665113114731],,,,2.121,0.182,9.773
[1758203665116896606],,,,2.025,0.35,9.663
[1758203665120958794],,,,2.116,0.204,9.749
[1758203665124887023],,,,2.009,0.244,9.682
[1758203665128589627],,,,2.035,0.235,9.658
[1758203665132248064],,,,2.071,0.189,9.503
[1758203665135965512],,,,2.212,0.259,9.579
[1758203665139634575],,,,2.085,0.328,9.787
[1758203665143326762],,,,2.138,0.16,9.639
[1758203665147045721],,,,2.09,0.223,9.613
[1758203665150734783],,,,2.2,0.268,9.713
[1758203665154427700],,,,2.066,0.302,9.752
[1758203665158133689],,,,2.047,0.11,9.737
[1758203665161840617],,,,2.023,0.215,9.522
[1758203665165595721],,,,2.186,0.237,9.629
[1758203665169285512],,,,2.021,0.388,9.503
[1758203665172985564],,,,2.088,0.287,9.685
[1758203665176954887],,,,2.016,0.278,9.536
[1758203665180675148],,,,1.982,0.242,9.685
[1758203665184352023],,,,2.057,0.256,9.596
[1758203665188025200],,,,2.04,0.156,9.713
[1758203665191699939],,,,2.052,0.208,9.747
[1758203665195431294],,,,1.973,0.29,9.601
[1758203665199098481],,,,2.109,0.273,9.685
[1758203665202784992],,,,2.114,0.239,9.606
[1758203665206459210],,,,2.207,0.156,9.661
[1758203665210142648],,,,2.018,0.218,9.594
[1758203665213804887],,,,2.279,0.259,9.577
[1758203665217527387],,,,2.078,0.294,9.627
[1758203665221274106],,,,2.128,0.247,9.598
[1758203665226042127],,,,2.088,0.287,9.543
[1758203665229891658],,,,2.061,0.275,9.68
[1758203665233664106],,,,2.102,0.256,9.524
[1758203665237340252],,,,2.081,0.347,9.536
[1758203665240984575],,,,1.846,0.18,9.663
[1758203665244687596],,,,2.054,0.23,9.687
[1758203665248365564],,,,2.215,0.23,9.646
[1758203665252025669],,,,2.054,0.373,9.749
[1758203665255691658],,,,2.085,0.189,9.555
[1758203665260218273],,,,2.033,0.227,9.553
[1758203665265423273],,,,2.035,0.237,9.565
[1758203665270577596],,,,2.03,0.261,9.5
[1758203665275844262],,,,2.083,0.163,9.639
[1758203665281359366],,,,2.042,0.285,9.476
[1758203665286529054],,,,2.131,0.232,9.625
[1758203665291649679],,,,2.2,0.316,9.591
[1758203665296779106],,,,2.2,0.192,9.601
[1758203665301892283],,,,2.066,0.429,9.448
[1758203665307038741],,,,2.083,0.424,9.527
[1758203665312169835],,,,2.054,0.261,9.436
[1758203665317315200],,,,2.274,0.192,9.448
[1758203665322500252],,,,2.064,0.268,9.505
[1758203665328006450],,,,2.116,0.235,9.608
[1758203665334226137],,,,2.105,0.213,9.608
[1758203665340752023],,,,2.061,0.251,9.596
[1758203665346163846],,,,2.061,0.242,9.718
[1758203665351391085],,,,2.119,0.163,9.627
[1758203665356608741],,,,1.858,0.156,9.756
[1758203665361794106],,,,1.98,0.244,9.574
[1758203665366912127],,,,2.145,0.33,9.51
[1758203665372031241],,,,2.085,0.28,9.768
[1758203665377261398],,,,2.033,0.378,9.558
[1758203665382385044],,,,2.174,0.254,9.682
[1758203665387783221],,,,2.162,0.199,9.529
[1758203665392998012],,,,2.188,0.338,9.527
[1758203665398132596],,,,2.198,0.388,9.541
[1758203665403247491],,,,2.162,0.259,9.536
[1758203665408390981],,,,2.26,0.395,9.397
[1758203665413499575],,,,2.164,0.283,9.555
[1758203665418650304],,,,2.037,0.06,9.637
[1758203665423762596],,,,2.066,0.211,9.766
[1758203665429302387],,,,2.093,0.287,9.55
[1758203665434485460],,,,2.037,0.232,9.627
[1758203665439606033],,,,2.131,0.242,9.51
[1758203665445788273],,,,2.193,0.172,9.462
[1758203665452355825],,,,2.097,0.177,9.426
[1758203665457692231],,,,2.112,0.278,9.574
[1758203665462843793],,,,2.246,0.261,9.598
[1758203665467968116],,,,2.119,0.208,9.55
[1758203665473087908],,,,2.004,0.227,9.407
[1758203665478295408],,,,2.004,0.397,9.555
[1758203665483395668],,,,2.097,0.153,9.548
[1758203665488504991],,,,2.1,0.287,9.584
[1758203665493626241],,,,2.04,0.182,9.632
[1758203665498832596],,,,2.04,0.299,9.56
[1758203665504524418],,,,2.114,0.211,9.589
[1758203665510238741],,,,2.021,0.316,9.627
[1758203665516909679],,,,2.071,0.215,9.701
[1758203665522713637],,,,2.1,0.168,9.752
[1758203665530091502],,,,2.061,0.199,9.62
[1758203665536924210],,,,2.047,0.211,9.55
[1758203665543530773],,,,2.073,0.283,9.541
[1758203665550176085],,,,2.073,0.237,9.366
[1758203665557359471],,,,2.2,0.261,9.536
[1758203665561493377],,,,1.956,0.163,9.618
[1758203665565348273],,,,2.037,0.297,9.522
[1758203665569014314],,,,2.136,0.28,9.538
[1758203665572684939],,,,2.215,0.213,9.618
[1758203665576449835],,,,2.047,0.227,9.752
[1758203665580111241],,,,2.145,0.273,9.618
[1758203665583774158],,,,2.145,0.218,9.787
[1758203665587459627],,,,2.128,0.256,9.543
[1758203665591111137],,,,2.057,0.237,9.73
[1758203665594857960],,,,2.042,0.18,9.787
[1758203665598550408],,,,2.109,0.242,9.625
[1758203665602332231],,,,2.152,0.287,9.668
[1758203665606030148],,,,2.124,0.457,9.673
[1758203665609699887],,,,1.999,0.156,9.79
[1758203665613377908],,,,2.078,0.172,9.531
[1758203665617097908],,,,2.054,0.314,9.404
[1758203665620759887],,,,2.014,0.218,9.644
[1758203665624468273],,,,2.076,0.215,9.534
[1758203665629039210],,,,2.03,0.259,9.519
[1758203665632825200],,,,2.078,0.297,9.728
[1758203665636529939],,,,2.155,0.271,9.735
[1758203665640192179],,,,2.066,0.22,9.67
[1758203665643867335],,,,2.179,0.345,9.618
[1758203665647600304],,,,2.09,0.06,9.596
[1758203665651266398],,,,2.042,0.283,9.519
[1758203665654980668],,,,2.114,0.285,9.524
[1758203665658654575],,,,2.15,0.208,9.787
[1758203665662332439],,,,2.04,0.271,9.723
[1758203665666337439],,,,2.064,0.271,9.661
[1758203665670025877],,,,2.191,0.302,9.816
[1758203665673801241],,,,1.891,0.314,9.594
[1758203665677559991],,,,2.064,0.309,9.675
[1758203665681235564],,,,2.037,0.213,9.713
[1758203665684955356],,,,2.069,0.244,9.584
[1758203665688633793],,,,1.987,0.213,9.718
[1758203665692305408],,,,2.004,0.18,9.723
[1758203665695983950],,,,2.011,0.194,9.627
[1758203665699652491],,,,2.124,0.294,9.855
[1758203665703335252],,,,2.095,0.285,9.771
[1758203665707040408],,,,2.294,0.273,9.677
[1758203665710716866],,,,2.121,0.184,9.663
[1758203665714535200],,,,2.128,0.259,9.742
[1758203665718252179],,,,2.054,0.34,9.515
[1758203665721933793],,,,2.195,0.175,9.725
[1758203665725853168],,,,2.198,0.232,9.531
[1758203665729546918],,,,1.994,0.388,9.527
[1758203665733215460],,,,2.296,0.352,9.847
[1758203665736894158],,,,2.131,0.266,9.969
[1758203665740560356],,,,2.133,0.23,9.529
[1758203665744240408],,,,2.16,0.441,9.718
[1758203665747937908],,,,2.093,0.184,9.507
[1758203665751602387],,,,2.083,0.299,9.783
[1758203665755286502],,,,2.289,0.271,9.871
[1758203665758963012],,,,2.081,0.206,9.627
[1758203665762629002],,,,2.124,0.266,9.677
[1758203665766377804],,,,2.081,0.302,9.802
[1758203665770378168],,,,2.09,0.182,9.768
[1758203665774140877],,,,1.994,0.261,9.72
[1758203665778721033],,,,2.116,0.177,9.555
[1758203665782511658],,,,2.004,0.259,9.883
[1758203665786201814],,,,2.011,0.328,9.594
[1758203665789867023],,,,2.095,0.199,9.685
[1758203665793573481],,,,2.088,0.314,9.591
[1758203665797280668],,,,2.188,0.225,9.608
[1758203665800954106],,,,2.054,0.23,9.737
[1758203665804675095],,,,2.042,0.306,9.768
[1758203665808367439],,,,2.085,0.244,9.766
[1758203665812031502],,,,2.172,0.256,9.754
[1758203665815727908],,,,2.105,0.223,9.809
[1758203665819421606],,,,2.294,0.16,9.74
[1758203665823195408],,,,2.073,0.359,9.838
[1758203665826945668],,,,2.203,0.261,9.699
[1758203665830647700],,,,2.018,0.263,9.692
[1758203665834298898],,,,2.282,0.347,9.711
[1758203665837995252],,,,2.083,0.239,9.785
[1758203665841664939],,,,1.992,0.259,9.742
[1758203665845401502],,,,2.296,0.232,9.644
[1758203665849125668],,,,2.028,0.266,9.536
[1758203665852798793],,,,2.164,0.304,9.685
[1758203665856507283],,,,2.006,0.223,9.553
[1758203665860174210],,,,2.102,0.22,9.656
[1758203665863895356],,,,2.081,0.309,9.677
[1758203665867574575],,,,1.961,0.16,9.665
[1758203665871286606],,,,2.107,0.129,9.61
[1758203665875452648],,,,2.028,0.278,9.543
[1758203665879151398],,,,2.076,0.266,9.737
[1758203665882849418],,,,1.992,0.294,9.9
[1758203665886541762],,,,2.035,0.436,9.72
[1758203665890247908],,,,2.181,0.314,9.716
[1758203665896718950],,,,2.064,0.242,9.438
[1758203665900673220],,,,2.057,0.22,9.538
[1758203665904350043],,,,2.16,0.263,9.641
[1758203665908072647],,,,2.042,0.239,9.62
[1758203665911767075],,,,1.961,0.194,9.735
[1758203665915475147],,,,2.095,0.395,9.495
[1758203665919261502],,,,2.071,0.294,9.541
[1758203665922915200],,,,2.054,0.287,9.835
[1758203665926657647],,,,2.042,0.424,9.625
[1758203665930326293],,,,2.042,0.187,9.821
[1758203665934007960],,,,1.997,0.251,9.512
[1758203665937730877],,,,2.136,0.211,9.711
[1758203665941431345],,,,2.255,0.285,9.637
[1758203665945096762],,,,2.097,0.268,9.718
[1758203665948756866],,,,2.04,0.014,9.586
[1758203665952429262],,,,2.16,0.302,9.658
[1758203665956150512],,,,2.064,0.254,9.591
[1758203665959894314],,,,2.014,0.16,9.699
[1758203665963606762],,,,2.145,0.294,9.768
[1758203665967318272],,,,2.076,0.333,9.689
[1758203665970987543],,,,2.131,0.211,9.776
[1758203665974894210],,,,2.035,0.455,9.771
[1758203665979384575],,,,2.105,0.215,9.718
[1758203665984097127],,,,2.059,0.275,9.716
[1758203665987944314],,,,1.932,0.22,9.369
[1758203665992747595],,,,2.085,0.175,9.804
[1758203665996715147],,,,2.143,0.294,9.646
[1758203666000597335],,,,2.14,0.318,9.74
[1758203666005422231],,,,2.083,0.235,9.622
[1758203666009422960],,,,2.088,0.287,9.675
[1758203666013340564],,,,2.253,0.304,9.562
[1758203666017265616],,,,2.14,0.235,9.649
[1758203666021150304],,,,2.136,0.215,9.787
[1758203666025986189],,,,2.081,0.225,9.613
[1758203666029901085],,,,2.011,0.254,9.692
[1758203666033875877],,,,2.16,0.215,9.713
[1758203666037710147],,,,2.095,0.266,9.639
[1758203666041394002],,,,2.133,0.215,9.486
[1758203666045082231],,,,2.088,0.28,9.802
[1758203666048748116],,,,2.023,0.227,9.658
[1758203666052407387],,,,2.016,0.278,9.62
[1758203666056107752],,,,2.234,0.419,9.773
[1758203666059816970],,,,2.126,0.292,9.735
[1758203666063488064],,,,2.131,0.194,9.61
[1758203666067176397],,,,2.054,0.249,9.697
[1758203666070834522],,,,2.023,0.259,9.697
[1758203666074594418],,,,1.994,0.232,9.606
[1758203666078428637],,,,2.03,0.268,9.579
[1758203666082110147],,,,2.231,0.256,9.819
[1758203666085801658],,,,1.887,0.39,9.687
[1758203666089756502],,,,2.102,0.237,9.67
[1758203666093563116],,,,1.918,0.199,9.613
[1758203666097306033],,,,2.133,0.283,9.78
[1758203666100981450],,,,2.126,0.232,9.512
[1758203666104718012],,,,2.037,0.342,9.589
[1758203666108408689],,,,2.148,0.299,9.711
[1758203666112078793],,,,2.028,0.283,9.924
[1758203666115782647],,,,2.018,0.268,9.764
[1758203666119455772],,,,2.085,0.259,9.62
[1758203666123137752],,,,2.081,0.211,9.677
[1758203666126902387],,,,2.277,0.431,9.582
[1758203666130581241],,,,2.035,0.201,9.629
[1758203666134339991],,,,2.109,0.254,9.567
[1758203666138070095],,,,2.009,0.235,9.902
[1758203666141746189],,,,2.236,0.261,9.572
[1758203666145455199],,,,1.937,0.306,9.649
[1758203666149142283],,,,2.109,0.194,9.766
[1758203666152820824],,,,2.09,0.29,9.723
[1758203666156562335],,,,2.057,0.256,9.692
[1758203666160254835],,,,2.236,0.28,9.874
[1758203666163924522],,,,1.879,0.199,9.819
[1758203666167669314],,,,2.205,0.225,9.582
[1758203666171373324],,,,2.195,0.192,9.797
[1758203666175507699],,,,2.076,0.29,9.515
[1758203666179331449],,,,2.105,0.199,9.776
[1758203666183022127],,,,2.054,0.261,9.783
[1758203666186730824],,,,2.114,0.261,9.692
[1758203666190401397],,,,2.097,0.268,9.73
[1758203666194333741],,,,2.116,0.213,9.735
[1758203666198075668],,,,1.877,0.273,9.747
[1758203666201781189],,,,2.081,0.342,9.668
[1758203666205507283],,,,2.049,0.208,9.515
[1758203666209172856],,,,2.14,0.371,9.687
[1758203666212856658],,,,2.033,0.285,9.773
[1758203666216717179],,,,2.057,0.206,9.67
[1758203666220434887],,,,2.037,0.259,9.426
[1758203666224165512],,,,2.025,0.218,9.776
[1758203666228788689],,,,2.095,0.211,9.627
[1758203666232575252],,,,2.066,0.235,9.675
[1758203666236260304],,,,2.172,0.232,9.783
[1758203666239923012],,,,2.21,0.249,9.562
[1758203666243589939],,,,2.093,0.321,9.651
[1758203666247287804],,,,2.061,0.369,9.522
[1758203666250947283],,,,2.078,0.28,9.72
[1758203666254676710],,,,2.131,0.237,9.665
[1758203666258372439],,,,2.215,0.244,9.689
[1758203666262083220],,,,1.896,0.254,9.838
[1758203666266966241],,,,2.011,0.294,9.749
[1758203666272122231],,,,2.093,0.268,9.51
[1758203666277442179],,,,2.1,0.227,9.618
[1758203666282626293],,,,1.865,0.201,9.565
[1758203666287766970],,,,2.095,0.311,9.567
[1758203666292893012],,,,2.109,0.235,9.536
[1758203666298012647],,,,1.961,0.153,9.515
[1758203666303528793],,,,1.963,0.259,9.397
[1758203666308812335],,,,2.109,0.304,9.651
[1758203666313937752],,,,2.107,0.005,9.723
[1758203666319124991],,,,2.045,0.335,9.62
[1758203666324246189],,,,2.231,0.215,9.608
[1758203666329436710],,,,2.061,0.038,9.579
[1758203666334558793],,,,2.085,0.223,9.491
[1758203666339709679],,,,2.112,0.268,9.524
[1758203666344849470],,,,2.093,0.381,9.644
[1758203666350210668],,,,2.006,0.247,9.625
[1758203666355377595],,,,2.03,0.357,9.651
[1758203666360519522],,,,2.112,0.362,9.594
[1758203666365683012],,,,2.081,0.201,9.541
[1758203666370840304],,,,2.073,0.225,9.718
[1758203666376036137],,,,2.107,0.218,9.565
[1758203666381206033],,,,2.045,0.266,9.61
[1758203666386465199],,,,2.054,0.204,9.527
[1758203666391581137],,,,2.004,0.184,9.527
[1758203666396755668],,,,2.066,0.297,9.632
[1758203666401868637],,,,1.891,0.232,9.558
[1758203666407352074],,,,2.152,0.187,9.582
[1758203666412616293],,,,2.088,0.4,9.498
[1758203666417810720],,,,2.15,0.187,9.538
[1758203666422951085],,,,2.131,0.242,9.519
[1758203666428174522],,,,2.112,0.271,9.519
[1758203666433369001],,,,1.97,0.261,9.584
[1758203666438551710],,,,2.081,0.271,9.594
[1758203666443679887],,,,2.042,0.436,9.586
[1758203666448869314],,,,2.109,0.172,9.658
[1758203666454038793],,,,2.279,0.297,9.658
[1758203666459275304],,,,2.006,0.28,9.749
[1758203666464430616],,,,2.081,0.163,9.481
[1758203666469553272],,,,1.997,0.196,9.591
[1758203666474703897],,,,1.963,0.443,9.637
[1758203666479902179],,,,2.174,0.263,9.548
[1758203666485106866],,,,2.296,0.184,9.644
[1758203666490257908],,,,2.052,0.354,9.625
[1758203666495401293],,,,1.973,0.247,9.347
[1758203666500544887],,,,2.152,0.168,9.565
[1758203666505687491],,,,2.081,0.201,9.618
[1758203666512162491],,,,1.913,0.189,9.493
[1758203666517527543],,,,2.023,0.187,9.701
[1758203666523036345],,,,2.066,0.283,9.613
[1758203666529544210],,,,2.105,0.287,9.428
[1758203666536237908],,,,2.243,0.237,9.618
[1758203666541886189],,,,2.095,0.225,9.601
[1758203666548371449],,,,2.083,0.309,9.512
[1758203666554042335],,,,2.002,0.259,9.558
[1758203666560572960],,,,2.064,0.297,9.553
[1758203666566008220],,,,2.088,0.223,9.821
[1758203666570827491],,,,2.081,0.235,9.685
[1758203666576656501],,,,2.061,0.177,9.416
[1758203666581549001],,,,2.004,0.213,9.634
[1758203666586307908],,,,2.121,0.16,9.603
[1758203666590828220],,,,2.114,0.239,9.541
[1758203666595387491],,,,2.09,0.287,9.512
[1758203666599920928],,,,2.138,0.304,9.685
[1758203666604438949],,,,2.246,0.285,9.641
[1758203666608979939],,,,2.121,0.223,9.689
[1758203666613502543],,,,2.14,0.445,9.57
[1758203666618100564],,,,2.078,0.189,9.675
[1758203666622724835],,,,2.258,0.278,9.548
[1758203666627648793],,,,2.128,0.17,9.402
[1758203666632273741],,,,2.152,0.261,9.694
[1758203666636823741],,,,2.093,0.239,9.574
[1758203666641364366],,,,2.03,0.168,9.651
[1758203666645918324],,,,2.121,0.259,9.62
[1758203666650441033],,,,2.133,0.237,9.536
[1758203666654955564],,,,2.169,0.323,9.55
[1758203666659483324],,,,2.052,0.194,9.512
[1758203666664014574],,,,2.002,0.254,9.618
[1758203666669313585],,,,2.009,0.287,9.574
[1758203666674826814],,,,2.124,0.23,9.536
[1758203666680108949],,,,1.913,0.184,9.55
[1758203666685237595],,,,1.946,0.369,9.522
[1758203666690387439],,,,2.248,0.242,9.728
[1758203666695503533],,,,1.911,0.302,9.651
[1758203666700625981],,,,2.023,0.182,9.536
[1758203666705872491],,,,2.112,0.256,9.591
[1758203666711036137],,,,1.951,0.235,9.385
[1758203666716286658],,,,2.286,0.199,9.584
[1758203666721441293],,,,2.155,0.211,9.594
[1758203666726878533],,,,2.128,0.256,9.651
[1758203666733251189],,,,2.006,0.225,9.596
[1758203666738564314],,,,2.126,0.211,9.529
[1758203666743674418],,,,2.109,0.249,9.4
[1758203666748805512],,,,2.162,0.251,9.45
[1758203666753910356],,,,2.078,0.242,9.56
[1758203666759052595],,,,2.258,0.184,9.608
[1758203666764209678],,,,2.037,0.302,9.519
[1758203666769350772],,,,2.1,0.172,9.687
[1758203666774480251],,,,2.1,0.436,9.637
[1758203666779796345],,,,2.253,0.244,9.594
[1758203666784970512],,,,2.112,0.28,9.598
[1758203666790102751],,,,2.217,0.158,9.452
[1758203666795224158],,,,2.107,0.244,9.574
[1758203666803571762],,,,2.033,0.223,9.574
[1758203666808736241],,,,2.124,0.266,9.579
[1758203666813855772],,,,2.184,0.227,9.493
[1758203666818983689],,,,2.093,0.239,9.747
[1758203666824098533],,,,2.16,0.211,9.503
[1758203666829288012],,,,2.03,0.16,9.649
[1758203666834443272],,,,2.054,0.402,9.706
[1758203666840018480],,,,1.968,0.132,9.637
[1758203666845293585],,,,1.954,0.316,9.483
[1758203666850616553],,,,2.03,0.431,9.546
[1758203666855764210],,,,2.107,0.208,9.618
[1758203666860961553],,,,2.102,0.211,9.543
[1758203666866169991],,,,1.894,0.302,9.625
[1758203666871321918],,,,2.181,0.261,9.354
[1758203666876620095],,,,2.097,0.232,9.673
[1758203666881814678],,,,1.935,0.266,9.44
[1758203666886985980],,,,2.057,0.23,9.697
[1758203666892190147],,,,2.057,0.235,9.538
[1758203666897344105],,,,2.241,0.266,9.428
[1758203666902514053],,,,2.018,0.235,9.431
[1758203666907706605],,,,2.133,0.23,9.567
[1758203666912822855],,,,1.942,0.235,9.562
[1758203666918001553],,,,2.03,0.263,9.596
[1758203666923150251],,,,2.042,0.204,9.445
[1758203666928403480],,,,2.069,0.457,9.615
[1758203666933523012],,,,1.848,0.388,9.464
[1758203666938686501],,,,2.131,0.218,9.55
[1758203666944206241],,,,2.023,0.263,9.716
[1758203666949458116],,,,2.128,0.172,9.716
[1758203666954576033],,,,2.145,0.441,9.67
[1758203666959766762],,,,1.918,0.294,9.622
[1758203666964920824],,,,2.083,0.084,9.57
[1758203666970056918],,,,2.121,0.218,9.522
[1758203666975218012],,,,2.073,0.335,9.632
[1758203666980448949],,,,2.143,0.397,9.577
[1758203666985694991],,,,2.09,0.304,9.625
[1758203666990976553],,,,1.997,0.043,9.61
[1758203666996193793],,,,2.207,0.237,9.543
[1758203667001311970],,,,2.205,0.35,9.57
[1758203667006509835],,,,2.296,0.29,9.603
[1758203667011620980],,,,2.15,0.283,9.412
[1758203667016779105],,,,2.054,0.235,9.716
[1758203667021938897],,,,1.954,0.165,9.527
[1758203667027180824],,,,2.207,0.213,9.579
[1758203667032339210],,,,2.021,0.235,9.517
[1758203667037498689],,,,2.116,0.254,9.448
[1758203667042655564],,,,1.887,0.223,9.594
[1758203667049009626],,,,2.076,0.247,9.5
[1758203667054358480],,,,2.1,0.285,9.57
[1758203667059937022],,,,1.994,0.311,9.376
[1758203667065104366],,,,2.107,0.256,9.622
[1758203667070261657],,,,2.124,0.321,9.483
[1758203667075405772],,,,2.246,0.342,9.632
[1758203667080609887],,,,2.1,0.271,9.517
[1758203667085848532],,,,2.286,0.412,9.347
[1758203667091011449],,,,2.09,0.266,9.555
[1758203667096279887],,,,2.1,0.244,9.409
[1758203667101535460],,,,2.152,0.239,9.44
[1758203667106674939],,,,2.128,0.247,9.464
[1758203667111794730],,,,2.105,0.455,9.61
[1758203667116975616],,,,2.251,0.189,9.555
[1758203667122137855],,,,2.002,0.204,9.598
[1758203667127279001],,,,2.16,0.268,9.656
[1758203667132399626],,,,2.128,0.261,9.452
[1758203667137662855],,,,2.078,0.204,9.62
[1758203667142870824],,,,2.136,0.249,9.766
[1758203667147993116],,,,2.057,0.292,9.424
[1758203667153153949],,,,2.035,0.338,9.519
[1758203667158781866],,,,1.966,0.271,9.527
[1758203667163929626],,,,2.069,0.306,9.572
[1758203667170884626],,,,2.076,0.251,9.606
[1758203667176566553],,,,2.081,0.249,9.527
[1758203667183060251],,,,2.088,0.206,9.534
[1758203667189711657],,,,2.052,0.256,9.673
[1758203667195322439],,,,2.035,0.328,9.615
[1758203667201820199],,,,2.035,0.215,9.646
[1758203667207431553],,,,2.04,0.39,9.742
[1758203667212814522],,,,2.004,0.263,9.57
[1758203667219348637],,,,2.057,0.223,9.596
[1758203667226039991],,,,2.061,0.199,9.584
[1758203667231609730],,,,2.1,0.28,9.632
[1758203667236839887],,,,2.172,0.206,9.373
[1758203667241966032],,,,1.92,0.208,9.402
[1758203667247123532],,,,1.944,0.259,9.625
[1758203667252246241],,,,2.04,0.175,9.512
[1758203667257366657],,,,1.966,0.048,9.706
[1758203667262506814],,,,2.081,0.266,9.67
[1758203667267797178],,,,2.145,0.215,9.649
[1758203667271615407],,,,2.107,0.271,9.637
[1758203667275314314],,,,2.267,0.273,9.51
[1758203667278986241],,,,2.184,0.278,9.701
[1758203667282654053],,,,2.184,0.18,9.67
[1758203667286425824],,,,2.002,0.153,9.653
[1758203667290099939],,,,2.167,0.227,9.62
[1758203667293758637],,,,2.105,0.237,9.543
[1758203667297452751],,,,2.047,0.227,9.522
[1758203667301098012],,,,2.064,0.388,9.618
[1758203667304847074],,,,2.049,0.175,9.661
[1758203667308549991],,,,1.937,0.359,9.72
[1758203667312311762],,,,2.114,0.225,9.62
[1758203667315992803],,,,2.073,0.302,9.68
[1758203667319654366],,,,2.006,0.385,9.785
[1758203667323334418],,,,2.014,0.321,9.641
[1758203667327022959],,,,2.124,0.35,9.677
[1758203667330699626],,,,2.284,0.251,9.582
[1758203667334375459],,,,2.057,0.278,9.72
[1758203667338107647],,,,2.128,0.275,9.591
[1758203667341826137],,,,2.073,0.306,9.823
[1758203667345542439],,,,2.124,0.225,9.615
[1758203667349209001],,,,2.179,0.256,9.596
[1758203667352868116],,,,2.102,0.232,9.651
[1758203667356554834],,,,2.004,0.218,9.706
[1758203667360225459],,,,2.052,0.23,9.562
[1758203667363915720],,,,2.193,0.287,9.802
[1758203667367627959],,,,2.286,0.225,9.653
[1758203667371548532],,,,2.093,0.213,9.57
[1758203667375336866],,,,2.078,0.261,9.56
[1758203667379011605],,,,2.133,0.299,9.716
[1758203667382684991],,,,2.014,0.333,9.785
[1758203667386423376],,,,2.078,0.168,9.706
[1758203667390099053],,,,2.133,0.285,9.574
[1758203667393761605],,,,2.143,0.45,9.902
[1758203667397437647],,,,2.071,0.318,9.831
[1758203667401100147],,,,2.049,0.254,9.862
[1758203667404928428],,,,1.911,0.292,9.613
[1758203667408611189],,,,2.028,0.184,9.634
[1758203667412314053],,,,2.023,0.283,9.761
[1758203667416008637],,,,2.133,0.163,9.608
[1758203667419769574],,,,2.021,0.285,9.708
[1758203667423446032],,,,2.042,0.314,9.591
[1758203667427153428],,,,2.076,0.208,9.555
[1758203667430815668],,,,2.045,0.196,9.787
[1758203667434528272],,,,2.198,0.271,9.764
[1758203667438323793],,,,2.162,0.196,9.507
[1758203667441990772],,,,2.184,0.261,9.546
[1758203667445664157],,,,2.227,0.175,9.632
[1758203667449324626],,,,2.057,0.266,9.646
[1758203667453031189],,,,2.037,0.328,9.689
[1758203667456733532],,,,2.227,0.271,9.728
[1758203667460431032],,,,1.98,0.237,9.747
[1758203667464130303],,,,2.162,0.227,9.519
[1758203667467830511],,,,2.205,0.304,9.627
[1758203667471520459],,,,2.047,0.237,9.694
[1758203667476080928],,,,2.073,0.251,9.61
[1758203667479932543],,,,1.887,0.223,9.632
[1758203667483649886],,,,2.045,0.18,9.708
[1758203667487475511],,,,2.162,0.237,9.627
[1758203667491162595],,,,2.126,0.376,9.57
[1758203667494902959],,,,2.282,0.201,9.735
[1758203667498565980],,,,2.15,0.204,9.732
[1758203667502259886],,,,2.121,0.218,9.534
[1758203667505961449],,,,1.994,0.388,9.685
[1758203667509661553],,,,2.061,0.177,9.665
[1758203667513359626],,,,2.105,0.273,9.797
[1758203667517040251],,,,2.16,0.278,9.637
[1758203667520706397],,,,2.231,0.333,9.677
[1758203667524385251],,,,2.052,0.223,9.838
[1758203667528222595],,,,2.112,0.376,9.723
[1758203667531935668],,,,2.143,0.18,9.689
[1758203667535922491],,,,2.148,0.172,9.586
[1758203667539655511],,,,2.124,0.208,9.78
[1758203667543358845],,,,2.114,0.163,9.634
[1758203667547042334],,,,2.023,0.196,9.656
[1758203667550703532],,,,2.148,0.249,9.625
[1758203667554375459],,,,2.014,0.294,9.946
[1758203667560083793],,,,2.078,0.225,9.603
[1758203667563823897],,,,1.915,0.204,9.536
[1758203667567532595],,,,2.085,0.168,9.663
[1758203667571219470],,,,2.04,0.345,9.749
[1758203667574980199],,,,2.059,0.204,9.735
[1758203667578799418],,,,2.018,0.134,9.668
[1758203667582503480],,,,2.179,0.371,9.74
[1758203667586247178],,,,2.083,0.002,9.637
[1758203667589946449],,,,2.002,0.206,9.598
[1758203667593629939],,,,2.064,0.187,9.543
[1758203667597405928],,,,2.073,0.275,9.589
[1758203667601104730],,,,1.994,0.227,9.845
[1758203667604827543],,,,2.097,0.275,9.732
[1758203667608500980],,,,2.09,0.326,9.754
[1758203667612171345],,,,2.021,0.33,9.67
[1758203667615901032],,,,2.179,0.153,9.594
[1758203667619577595],,,,1.98,0.275,9.546
[1758203667623329678],,,,1.994,0.23,9.718
[1758203667627059939],,,,2.119,0.165,9.639
[1758203667630735043],,,,2.033,0.268,9.591
[1758203667634438064],,,,2.045,0.235,9.922
[1758203667639266501],,,,2.042,0.17,9.61
[1758203667643057959],,,,2.107,0.129,9.598
[1758203667646736293],,,,2.184,0.364,9.462
[1758203667650394522],,,,2.102,0.369,9.744
[1758203667654060511],,,,2.1,0.215,9.661
[1758203667657750043],,,,2.097,0.278,9.718
[1758203667662469938],,,,2.081,0.227,9.634
[1758203667666477543],,,,1.994,0.067,9.606
[1758203667670374470],,,,2.148,0.256,9.771
[1758203667674281188],,,,2.279,0.28,9.72
[1758203667678191553],,,,2.054,0.208,9.471
[1758203667682090199],,,,2.037,0.304,9.579
[1758203667686037855],,,,2.116,0.244,9.586
[1758203667689904626],,,,2.081,0.362,9.742
[1758203667694730355],,,,2.021,0.261,9.522
[1758203667698718168],,,,1.987,0.204,9.634
[1758203667702625824],,,,2.128,0.189,9.548
[1758203667706416136],,,,2.253,0.347,9.737
[1758203667710083741],,,,2.105,0.251,9.692
[1758203667713747022],,,,2.114,0.342,9.608
[1758203667717453220],,,,2.093,0.29,9.735
[1758203667721126136],,,,2.088,0.304,9.625
[1758203667724856813],,,,1.98,0.268,9.579
[1758203667728532022],,,,2.097,0.177,9.768
[1758203667732203949],,,,2.124,0.304,9.627
[1758203667735913428],,,,2.105,0.215,9.656
[1758203667739698011],,,,2.009,0.182,9.766
[1758203667744333324],,,,2.236,0.239,9.486
[1758203667748946188],,,,2.162,0.239,9.646
[1758203667752753741],,,,2.045,0.184,9.524
[1758203667756462803],,,,2.09,0.441,9.787
[1758203667760135147],,,,2.021,0.273,9.682
[1758203667763820147],,,,1.987,0.266,9.625
[1758203667767552386],,,,2.045,0.163,9.608
[1758203667771216397],,,,2.179,0.249,9.725
[1758203667774913480],,,,2.1,0.314,9.555
[1758203667778610616],,,,2.231,0.395,9.653
[1758203667782278584],,,,2.296,0.22,9.618
[1758203667786062855],,,,2.131,0.352,9.649
[1758203667789735876],,,,2.116,0.242,9.663
[1758203667793404001],,,,2.229,0.393,9.766
[1758203667797345772],,,,2.128,0.309,9.601
[1758203667801043324],,,,2.045,0.17,9.601
[1758203667804761293],,,,2.076,0.283,9.558
[1758203667808423428],,,,2.15,0.419,9.72
[1758203667812118428],,,,2.04,0.249,9.67
[1758203667815813168],,,,2.205,0.328,9.706
[1758203667819473636],,,,2.085,0.247,9.716
[1758203667823154209],,,,1.963,0.271,9.538
[1758203667826841501],,,,2.016,0.261,9.699
[1758203667830541188],,,,2.291,0.23,9.778
[1758203667834250095],,,,2.083,0.28,9.766
[1758203667838014418],,,,2.16,0.28,9.799
[1758203667841772751],,,,2.126,0.244,9.632
[1758203667845848168],,,,2.107,0.048,9.357
[1758203667849540876],,,,1.999,0.316,9.682
[1758203667853221709],,,,2.057,0.299,9.574
[1758203667856917855],,,,2.143,0.306,9.783
[1758203667860628740],,,,2.174,0.429,9.744
[1758203667864327178],,,,1.978,0.196,9.57
[1758203667868014938],,,,2.155,0.194,9.78
[1758203667871712438],,,,2.119,0.342,9.704
[1758203667875376240],,,,2.121,0.213,9.706
[1758203667879023220],,,,2.112,0.235,9.694
[1758203667882727074],,,,2.131,0.101,9.615
[1758203667886554157],,,,2.064,0.184,9.752
[1758203667890271501],,,,2.033,0.271,9.749
[1758203667893964990],,,,2.023,0.28,9.687
[1758203667897733897],,,,2.037,0.247,9.732
[1758203667901421761],,,,2.037,0.223,9.661
[1758203667905163636],,,,2.073,0.376,9.9
[1758203667908834522],,,,2.119,0.235,9.725
[1758203667912497126],,,,2.016,0.251,9.673
[1758203667916194782],,,,2.061,0.227,9.572
[1758203667919843532],,,,2.047,0.259,9.462
[1758203667923501345],,,,2.109,0.208,9.594
[1758203667927204730],,,,2.004,0.247,9.761
[1758203667930912751],,,,2.145,0.421,9.694
[1758203667934616761],,,,2.152,0.251,9.438
[1758203667938299522],,,,2.16,0.208,9.529
[1758203667941987334],,,,1.958,0.182,9.787
[1758203667945761709],,,,2.1,0.302,9.692
[1758203667949692595],,,,2.191,0.184,9.732
[1758203667953474001],,,,2.102,0.23,9.665
[1758203667957184313],,,,2.066,0.285,9.735
[1758203667960834574],,,,2.023,0.263,9.811
[1758203667964569313],,,,2.119,0.311,9.764
[1758203667968257334],,,,2.212,0.294,9.694
[1758203667971955928],,,,2.004,0.175,9.706
[1758203667977021501],,,,2.1,0.297,9.641
[1758203667982164313],,,,2.025,0.254,9.529
[1758203667987320824],,,,2.028,0.275,9.802
[1758203667992451293],,,,2.1,0.357,9.732
[1758203667997695251],,,,2.174,0.287,9.431
[1758203668002860668],,,,2.136,0.445,9.601
[1758203668008043480],,,,2.284,0.273,9.479
[1758203668013235720],,,,2.121,0.251,9.577
[1758203668018371970],,,,2.061,0.376,9.594
[1758203668023474574],,,,2.066,0.218,9.574
[1758203668028693011],,,,2.107,0.385,9.512
[1758203668033821865],,,,2.145,0.18,9.469
[1758203668039025668],,,,2.186,0.354,9.51
[1758203668044206345],,,,1.879,0.199,9.483
[1758203668049473376],,,,2.071,0.175,9.548
[1758203668055852907],,,,2.114,0.357,9.5
[1758203668061218740],,,,2.205,0.266,9.594
[1758203668066803949],,,,2.073,0.292,9.543
[1758203668071897126],,,,2.179,0.223,9.553
[1758203668077087282],,,,2.071,0.256,9.529
[1758203668082182907],,,,2.121,0.172,9.488
[1758203668087286605],,,,2.109,0.273,9.536
[1758203668092376136],,,,2.088,0.22,9.589
[1758203668097642126],,,,1.982,0.218,9.651
[1758203668102787438],,,,2.114,0.156,9.584
[1758203668108055667],,,,2.095,0.283,9.507
[1758203668113173376],,,,2.018,0.318,9.833
[1758203668118309157],,,,2.114,0.201,9.68
[1758203668123470720],,,,2.078,0.223,9.744
[1758203668128602178],,,,2.148,0.259,9.637
[1758203668133744782],,,,2.136,0.328,9.62
[1758203668138877334],,,,1.879,0.206,9.639
[1758203668143997751],,,,2.126,0.156,9.361
[1758203668149236605],,,,2.085,0.23,9.649
[1758203668154459678],,,,2.114,0.249,9.742
[1758203668159615667],,,,2.107,0.254,9.347
[1758203668165124313],,,,2.136,0.285,9.644
[1758203668170312022],,,,2.097,0.175,9.476
[1758203668175933688],,,,2.066,0.225,9.407
[1758203668183506605],,,,2.052,0.266,9.649
[1758203668190242438],,,,2.081,0.208,9.627
[1758203668197133063],,,,2.069,0.163,9.584
[1758203668203608949],,,,2.09,0.251,9.608
[1758203668209266084],,,,2.282,0.196,9.524
[1758203668215976970],,,,2.121,0.196,9.524
[1758203668223596449],,,,2.071,0.266,9.565
[1758203668229310459],,,,2.274,0.378,9.584
[1758203668235967751],,,,2.093,0.249,9.536
[1758203668241620355],,,,2.009,0.206,9.505
[1758203668248121970],,,,2.114,0.192,9.534
[1758203668253651032],,,,2.097,0.199,9.713
[1758203668258878949],,,,2.136,0.208,9.752
[1758203668264010303],,,,2.081,0.345,9.663
[1758203668269187178],,,,2.131,0.371,9.517
[1758203668275986917],,,,2.073,0.242,9.603
[1758203668279826657],,,,2.14,0.184,9.776
[1758203668283585303],,,,2.114,0.345,9.73
[1758203668287284574],,,,2.1,0.314,9.639
[1758203668290947438],,,,2.006,0.251,9.601
[1758203668294656657],,,,2.124,0.304,9.756
[1758203668298361657],,,,2.09,0.244,9.637
[1758203668302034313],,,,2.023,0.256,9.632
[1758203668305779678],,,,2.231,0.196,9.732
[1758203668309449574],,,,2.263,0.084,9.596
[1758203668313127647],,,,2.09,0.259,9.701
[1758203668316837751],,,,2.162,0.318,9.622
[1758203668320502178],,,,2.253,0.239,9.814
[1758203668324172647],,,,2.054,0.275,9.783
[1758203668327869365],,,,2.025,0.342,9.764
[1758203668331542751],,,,2.069,0.321,9.742
[1758203668335242542],,,,2.042,0.314,9.689
[1758203668338912855],,,,2.198,0.163,9.704
[1758203668342618272],,,,2.071,0.172,9.718
[1758203668346303011],,,,2.069,0.326,9.699
[1758203668349965615],,,,2.045,0.314,9.637
[1758203668353644417],,,,2.097,0.421,9.79
[1758203668357411136],,,,2.274,0.316,9.538
[1758203668361094209],,,,2.109,0.148,9.697
[1758203668364827386],,,,2.066,0.261,9.787
[1758203668368499730],,,,2.124,0.273,9.663
[1758203668372173636],,,,2.16,0.278,9.651
[1758203668375864886],,,,2.047,0.244,9.692
[1758203668379784626],,,,2.088,0.215,9.725
[1758203668383565459],,,,2.018,0.247,9.689
[1758203668387268844],,,,2.025,0.223,9.675
[1758203668390935772],,,,2.205,0.268,9.799
[1758203668394653115],,,,4.051,-1.377,9.792
[1758203668398345147],,,,5.076,-0.656,11.248
[1758203668402024105],,,,5.076,-2.251,9.845
[1758203668406603636],,,,4.465,-1.346,8.806
[1758203668410317542],,,,5.885,-0.826,8.59
[1758203668413985563],,,,0.627,0.819,9.242
[1758203668417659678],,,,-4.001,4.788,9.486
[1758203668421321397],,,,-2.988,2.073,10.496
[1758203668425038584],,,,1.204,0.316,9.538
[1758203668428697751],,,,2.318,0.036,9.56
[1758203668432354522],,,,3.591,-0.302,9.445
[1758203668436040355],,,,2.899,-0.314,9.443
[1758203668439738063],,,,2.78,0.311,9.579
[1758203668443522647],,,,2.138,0.553,9.701
[1758203668447214834],,,,2.672,-0.158,9.292
[1758203668450878844],,,,2.648,0.409,9.728
[1758203668454633532],,,,2.667,0.251,9.378
[1758203668459237490],,,,1.784,0.129,9.278
[1758203668463018167],,,,2.526,0.002,9.895
[1758203668466706553],,,,2.265,0.28,9.445
[1758203668470370355],,,,2.579,-0.029,10.211
[1758203668474063272],,,,2.466,0.163,9.589
[1758203668477753011],,,,2.308,0.599,9.519
[1758203668481425147],,,,2.205,0.764,9.546
[1758203668485337438],,,,2.26,0.376,9.878
[1758203668489067074],,,,2.258,-0.045,9.984
[1758203668492748688],,,,2.447,0.153,9.905
[1758203668496457022],,,,2.303,-0.182,10.314
[1758203668500152282],,,,2.011,-0.4,10.353
[1758203668503955459],,,,1.829,-0.306,10.051
[1758203668507721136],,,,2.423,-0.718,9.893
[1758203668511412334],,,,2.473,-0.156,9.878
[1758203668515110615],,,,2.579,-0.124,10.01
[1758203668518787490],,,,2.998,-0.321,10.077
[1758203668522456136],,,,2.665,-0.431,9.946
[1758203668526133115],,,,3.196,0.129,9.584
[1758203668529803219],,,,2.576,-0.227,9.625
[1758203668533478636],,,,3.12,0.115,9.515
[1758203668537187282],,,,2.911,0.041,9.474
[1758203668540872021],,,,3.002,-0.026,9.364
[1758203668544690407],,,,2.926,0.16,9.536
[1758203668548390980],,,,2.708,0.151,9.479
[1758203668552080615],,,,2.868,-0.031,9.237
[1758203668555849313],,,,2.583,-0.266,9.452
[1758203668559523844],,,,2.495,-0.407,9.62
[1758203668563190928],,,,2.313,-0.172,9.95
[1758203668566866865],,,,2.588,-0.309,9.929
[1758203668570535146],,,,2.44,-0.237,9.821
[1758203668574203844],,,,2.607,-0.165,10.477
[1758203668577948636],,,,2.598,0.034,10.42
[1758203668581646292],,,,2.885,0.045,10.606
[1758203668585349938],,,,2.607,0.175,11.073
[1758203668589962178],,,,2.818,0.395,11.389
[1758203668593830251],,,,2.325,0.153,11.511
[1758203668597673219],,,,2.088,0.129,11.27
[1758203668601398792],,,,2.447,0.232,11.368
[1758203668606056917],,,,2.739,0.22,11.358
[1758203668609845928],,,,2.543,0.302,11.724
[1758203668613518480],,,,2.66,0.512,12.091
[1758203668617202386],,,,2.966,0.172,11.921
[1758203668620862021],,,,2.787,0.249,11.598
[1758203668624561292],,,,2.263,-0.266,11.516
[1758203668628253219],,,,2.495,0.096,10.975
[1758203668631921605],,,,2.509,-0.244,10.942
[1758203668635602021],,,,2.322,-0.053,10.92
[1758203668639272646],,,,2.018,0.795,10.472
[1758203668642938844],,,,1.86,-0.017,10.63
[1758203668646665928],,,,1.848,-0.469,10.07
[1758203668650439574],,,,1.556,-0.378,9.867
[1758203668654116605],,,,1.975,-0.515,9.414
[1758203668657817230],,,,1.731,-0.244,9.831
[1758203668661495094],,,,1.63,-0.369,9.732
[1758203668665286136],,,,1.961,-0.11,9.517
[1758203668668965199],,,,1.463,-0.019,9.392
[1758203668672695042],,,,1.405,-0.189,9.831
[1758203668676418532],,,,1.334,-0.287,9.67
[1758203668680504209],,,,1.298,0.294,9.072
[1758203668684505876],,,,1.341,-0.275,9.503
[1758203668688443324],,,,1.056,-0.453,9.5
[1758203668692364574],,,,1.647,-0.115,8.808
[1758203668696306709],,,,1.322,-0.069,8.698
[1758203668700204521],,,,1.748,0.318,8.408
[1758203668704120771],,,,1.786,0.28,8.325
[1758203668708327386],,,,1.535,0.285,8.533
[1758203668712301292],,,,1.484,0.215,8.633
[1758203668716260094],,,,1.393,0.611,8.341
[1758203668720175771],,,,0.994,0.587,8.212
[1758203668724073376],,,,1.98,2.167,7.561
[1758203668727839001],,,,1.528,0.211,7.779
[1758203668731524469],,,,0.958,-0.939,7.848
[1758203668735249782],,,,0.362,-1.8,7.396
[1758203668738921084],,,,0.127,-0.871,6.254
[1758203668742628011],,,,0.788,-0.297,6.536
[1758203668746423271],,,,0.998,-0.124,6.486
[1758203668750145511],,,,0.905,-0.029,6.266
[1758203668753835615],,,,1.12,-0.144,5.851
[1758203668757604157],,,,1.207,-0.225,6.177
[1758203668761297646],,,,1.056,-0.11,5.933
[1758203668765174053],,,,0.912,-0.184,5.997
[1758203668768862594],,,,0.752,0.065,6.029
[1758203668772555823],,,,1.116,0.211,6.096
[1758203668776273480],,,,0.934,0.151,5.99
[1758203668779942282],,,,1.173,0.022,5.916
[1758203668783648688],,,,0.871,-0.034,5.94
[1758203668789029886],,,,1.578,-0.232,6.086
[1758203668793066501],,,,1.185,-0.045,6.098
[1758203668796843063],,,,1.154,0.072,6.053
[1758203668800542334],,,,1.52,-0.067,6.697
[1758203668804247126],,,,1.362,0.359,7.417
[1758203668807944834],,,,1.434,0.151,7.59
[1758203668811633896],,,,0.809,0.441,8.186
[1758203668815692334],,,,0.781,0.244,8.978
[1758203668819423323],,,,1.109,0.285,9.874
[1758203668823112073],,,,1.032,0.828,12.359
[1758203668826847230],,,,0.919,1.164,14.001
[1758203668830510615],,,,0.17,2.792,14.272
[1758203668834197907],,,,1.508,4.707,10.726
[1758203668838023688],,,,2.033,1.951,14.961
[1758203668841702698],,,,0.335,-0.005,15.814
[1758203668845437438],,,,-0.148,-1.123,19.613
[1758203668849141240],,,,-1.393,-1.793,19.613
[1758203668852818532],,,,-0.113,-1.891,19.613
[1758203668856515563],,,,1.87,1.118,15.438
[1758203668860181188],,,,3.057,0.989,15.807
[1758203668863851501],,,,3.498,1.238,14.076
[1758203668867634782],,,,3.11,0.783,13.946
[1758203668871372646],,,,2.88,0.515,12.742
[1758203668875157490],,,,2.109,-0.036,12.744
[1758203668878906084],,,,2.061,0.249,11.626
[1758203668882582021],,,,1.745,-0.024,11.959
[1758203668886257959],,,,1.865,-0.05,12.392
[1758203668889921396],,,,2.073,0.187,10.918
[1758203668893583167],,,,2.392,1.86,9.598
[1758203668897302803],,,,3.462,1.422,9.527
[1758203668900983219],,,,1.879,-0.383,10.467
[1758203668904734573],,,,1.178,-2.303,11.681
[1758203668908418948],,,,1.365,-0.177,9.084
[1758203668912114730],,,,2.195,0.757,9.67
[1758203668916093740],,,,2.164,0.206,9.306
[1758203668920526292],,,,2.133,0.22,10.204
[1758203668924334990],,,,2.404,-0.668,7.944
[1758203668928845563],,,,2.116,-0.46,8.174
[1758203668932978376],,,,1.815,-0.017,8.363
[1758203668936802646],,,,1.69,-0.036,8.413
[1758203668940489209],,,,1.784,0.273,8.373
[1758203668944157646],,,,1.81,0.175,8.425
[1758203668947841448],,,,1.772,0.034,8.487
[1758203668951508584],,,,1.774,0.23,7.958
[1758203668955190042],,,,1.683,0.455,7.791
[1758203668958850980],,,,1.709,0.026,7.544
[1758203668962526761],,,,1.7,0.146,7.173
[1758203668966307282],,,,1.896,-0.053,6.682
[1758203668969981084],,,,1.549,0.057,6.67
[1758203668973668792],,,,2.066,0.445,6.474
[1758203668977471240],,,,1.839,-0.06,6.486
[1758203668982068375],,,,1.384,-0.139,6.172
[1758203668987246865],,,,1.393,-0.316,6.206
[1758203668992400459],,,,1.867,-0.024,6.594
[1758203668997545875],,,,1.434,-0.091,6.354
[1758203669002690198],,,,0.974,-0.053,6.998
[1758203669007812021],,,,0.946,0.105,7.582
[1758203669012998740],,,,0.943,0.211,8.071
[1758203669018273688],,,,0.654,-0.01,8.514
[1758203669023480250],,,,0.563,0.115,8.854
[1758203669028669990],,,,0.682,0.017,9.457
[1758203669033869625],,,,0.45,-0.017,10.374
[1758203669040391969],,,,0.666,-0.151,11.119
[1758203669045857334],,,,0.718,-0.294,11.562
[1758203669051447855],,,,0.639,-0.057,12.275
[1758203669056612073],,,,0.481,-0.177,12.704
[1758203669061757282],,,,0.876,-0.06,12.795
[1758203669067022230],,,,0.563,-0.108,12.742
[1758203669072142230],,,,0.488,0.077,13.276
[1758203669077272542],,,,0.948,0.077,13.125
[1758203669082387542],,,,0.783,-0.134,12.28
[1758203669087590615],,,,1.161,-0.158,11.684
[1758203669092892646],,,,1.556,0.208,11.444
[1758203669098119834],,,,1.659,-0.146,10.63
[1758203669103321761],,,,2.921,2.885,8.734
[1758203669108555146],,,,3.005,0.271,9.596
[1758203669113743480],,,,1.899,-1.561,10.058
[1758203669118953063],,,,0.924,-2.476,10.245
[1758203669124080250],,,,1.686,-1.645,9.943
[1758203669129464678],,,,2.528,-0.63,8.384
[1758203669134709573],,,,2.251,-1.046,8.128
[1758203669139925875],,,,1.848,-1.508,8.65
[1758203669145063636],,,,2.076,-0.745,6.986
[1758203669151723948],,,,2.059,-0.857,6.732
[1758203669157001136],,,,2.248,-0.646,6.694
[1758203669162137125],,,,2.574,-0.725,6.826
[1758203669167363219],,,,2.739,-0.366,6.381
[1758203669172495302],,,,1.896,-0.776,6.235
[1758203669177629365],,,,2.514,-0.838,6.146
[1758203669182797907],,,,2.181,-0.807,6.376
[1758203669187970302],,,,2.569,-0.668,6.397
[1758203669193127646],,,,2.6,-0.539,6.958
[1758203669198384157],,,,2.169,-0.699,7.649
[1758203669203532750],,,,2.241,-0.871,8.839
[1758203669208657855],,,,2.423,-0.455,8.358
[1758203669214487594],,,,2.073,-0.697,8.674
[1758203669221171344],,,,1.829,-0.632,9.737
[1758203669226992750],,,,2.294,-0.857,10.025
[1758203669233523115],,,,2.602,-0.51,11.138
[1758203669241101240],,,,2.138,-0.534,12.172
[1758203669246881709],,,,1.391,-0.074,12.802
[1758203669253680771],,,,1.891,-0.402,12.455
[1758203669260378532],,,,2.72,1.276,16.422
[1758203669266263948],,,,2.301,-0.218,14.133
[1758203669271922594],,,,2.641,-0.376,11.83
[1758203669278139105],,,,3.828,0.196,11.076
[1758203669282766657],,,,3.694,0.376,10.942
[1758203669286519313],,,,3.505,0.206,10.592
[1758203669290193427],,,,3.112,0.136,10.807
[1758203669293861761],,,,2.768,0.089,10.575
[1758203669297567959],,,,2.375,0.299,10.364
[1758203669301236552],,,,2.421,-0.017,9.89
[1758203669304962386],,,,2.145,-0.314,9.014
[1758203669308623427],,,,1.731,0.771,7.247
[1758203669312297750],,,,-0.249,1.544,4.997
[1758203669316921709],,,,-0.199,1.317,1.233
[1758203669320715875],,,,-0.488,1.317,1.025
[1758203669324394782],,,,-1.132,1.178,0.268
[1758203669328075094],,,,-1.085,0.826,-0.227
[1758203669331729938],,,,-1.283,0.378,-1.046
[1758203669335432438],,,,-0.838,0.608,-1.528
[1758203669339103063],,,,19.613,6.22,19.515
[1758203669342776969],,,,-16.228,0.127,19.613
[1758203669346441761],,,,10.123,-7.477,7.822
[1758203669350104521],,,,3.555,1.839,16.814
[1758203669354032490],,,,9.397,-2.811,11.121
[1758203669357808427],,,,3.97,-1.415,9.005
[1758203669361611657],,,,10.661,-0.594,8.564
[1758203669365348427],,,,4.24,-0.752,8.516
[1758203669368999209],,,,4.362,-1.76,10.654
[1758203669372658375],,,,1.891,-1.144,11.705
[1758203669376362750],,,,2.734,-0.797,9.704
[1758203669380045407],,,,1.657,-1.341,9.416
[1758203669383719730],,,,2.04,0.931,8.629
[1758203669387404886],,,,2.164,1.003,7.647
[1758203669391071396],,,,2.38,1.046,9.117
[1758203669394786344],,,,2.124,0.448,11.289
[1758203669398477907],,,,1.882,0.352,9.744
[1758203669402271552],,,,2.545,0.194,9.282
[1758203669405972750],,,,2.71,0.086,8.78
[1758203669409642125],,,,2.679,0.199,9.641
[1758203669413315094],,,,2.61,0.01,9.524
[1758203669417073271],,,,2.588,0.0,9.883
[1758203669420742073],,,,2.337,0.038,10.118
[1758203669424440615],,,,2.301,0.278,9.902
[1758203669428123219],,,,2.399,0.28,9.45
[1758203669431820302],,,,2.291,0.924,8.717
[1758203669435525927],,,,2.729,0.23,9.665
[1758203669439197854],,,,2.186,0.249,9.706
[1758203669442864469],,,,2.334,0.366,9.606
[1758203669446538011],,,,2.459,0.206,9.507
[1758203669450201188],,,,2.387,0.077,9.505
[1758203669453870667],,,,2.48,0.362,9.483
[1758203669457574938],,,,2.349,0.089,9.517
[1758203669461511917],,,,2.382,0.218,9.776
[1758203669465793792],,,,2.394,0.292,9.512
[1758203669469453115],,,,2.392,0.414,9.33
[1758203669473133740],,,,2.483,0.438,9.404
[1758203669476818479],,,,2.291,0.302,9.754
[1758203669480486136],,,,2.37,0.204,9.685
[1758203669484163323],,,,2.593,0.359,9.596
[1758203669487845979],,,,2.349,0.122,9.644
[1758203669491531448],,,,2.37,0.28,9.529
[1758203669495235823],,,,2.399,0.335,9.522
[1758203669498909886],,,,2.509,0.292,9.718
[1758203669502629104],,,,2.55,0.275,9.663
[1758203669506501240],,,,2.365,0.292,9.395
[1758203669510172386],,,,2.373,0.184,9.383
[1758203669513848479],,,,2.284,0.328,9.524
[1758203669518441761],,,,2.37,0.431,9.38
[1758203669522221188],,,,2.325,0.189,9.531
[1758203669525888427],,,,2.294,0.23,9.613
[1758203669529533219],,,,2.509,0.314,9.799
[1758203669533195354],,,,2.241,0.273,9.574
[1758203669536896188],,,,2.495,0.225,9.464
[1758203669540562438],,,,2.531,0.378,9.55
[1758203669544227542],,,,2.358,0.249,9.464
[1758203669547939834],,,,2.507,0.232,9.512
[1758203669551614365],,,,2.545,0.261,9.51
[1758203669555346813],,,,2.354,0.314,9.622
[1758203669559063271],,,,2.437,0.254,9.55
[1758203669562822854],,,,2.449,0.261,9.699
[1758203669566910250],,,,2.406,0.436,9.584
[1758203669570614990],,,,2.461,0.397,9.409
[1758203669574321396],,,,2.351,0.237,9.601
[1758203669577976448],,,,2.306,0.204,9.486
[1758203669581657177],,,,2.327,0.378,9.687
[1758203669585353115],,,,2.306,0.251,9.352
[1758203669589073427],,,,2.399,0.354,9.505
[1758203669592738375],,,,2.373,0.283,9.51
[1758203669596460094],,,,2.528,0.369,9.584
[1758203669600121761],,,,2.406,0.366,9.565
[1758203669603791084],,,,2.44,0.39,9.512
[1758203669607575979],,,,2.509,0.237,9.445
[1758203669611351604],,,,2.435,0.196,9.618
[1758203669615151292],,,,2.5,0.321,9.584
[1758203669618872177],,,,2.447,0.321,9.586
[1758203669622545771],,,,2.217,0.326,9.618
[1758203669626264469],,,,2.344,0.213,9.601
[1758203669629952854],,,,2.382,0.323,9.625
[1758203669633616604],,,,2.514,0.115,9.534
[1758203669637273531],,,,2.188,0.304,9.483
[1758203669640910927],,,,2.421,0.242,9.665
[1758203669644664521],,,,2.5,0.287,9.728
[1758203669648383167],,,,2.382,0.397,9.634
[1758203669652070094],,,,2.425,0.407,9.531
[1758203669655751292],,,,2.437,0.218,9.9
[1758203669659421709],,,,2.411,0.227,9.627
[1758203669665641031],,,,2.413,0.177,9.464
[1758203669670400719],,,,2.382,0.22,9.546
[1758203669674193636],,,,2.375,0.412,9.524
[1758203669677888792],,,,2.392,0.294,9.416
[1758203669681557125],,,,2.342,0.189,9.708
[1758203669685240823],,,,2.452,0.242,9.579
[1758203669688899156],,,,2.375,0.23,9.527
[1758203669692557959],,,,2.425,0.333,9.694
[1758203669696208792],,,,2.44,0.242,9.716
[1758203669700963011],,,,2.399,0.23,9.495
[1758203669705050250],,,,2.504,0.275,9.419
[1758203669708950302],,,,2.392,0.139,10.001
[1758203669713740511],,,,2.198,0.836,8.519
[1758203669717727021],,,,2.461,0.22,10.214
[1758203669721649521],,,,2.583,-0.079,9.692
[1758203669725659261],,,,2.588,0.096,9.711
[1758203669729542334],,,,2.248,0.201,9.651
[1758203669733440823],,,,2.444,0.306,9.29
[1758203669738243479],,,,2.337,0.362,9.567
[1758203669742166552],,,,2.318,0.211,9.68
[1758203669745903271],,,,2.373,0.237,9.601
[1758203669749576500],,,,2.459,0.342,9.694
[1758203669753250198],,,,2.368,0.302,9.529
[1758203669756966136],,,,2.454,0.278,9.536
[1758203669760628948],,,,2.325,0.256,9.802
[1758203669764305771],,,,2.342,0.273,9.807
[1758203669769604156],,,,2.375,0.187,9.462
[1758203669773710615],,,,2.303,0.16,9.644
[1758203669777523584],,,,2.478,0.232,9.424
[1758203669781201084],,,,2.413,0.251,9.493
[1758203669784942854],,,,2.38,0.184,9.503
[1758203669788611188],,,,2.291,0.417,9.771
[1758203669792280719],,,,2.375,0.213,9.529
[1758203669795988063],,,,2.406,0.297,9.555
[1758203669799650302],,,,2.349,0.4,9.608
[1758203669803312334],,,,2.437,0.251,9.517
[1758203669806992490],,,,2.571,0.268,9.589
[1758203669810653688],,,,2.397,0.261,9.625
[1758203669814340198],,,,2.456,0.251,9.558
[1758203669818324886],,,,2.337,0.354,9.44
[1758203669822018115],,,,2.363,0.153,9.73
[1758203669825711240],,,,2.38,0.445,9.524
[1758203669829379261],,,,2.404,0.402,9.572
[1758203669833052333],,,,2.313,0.242,9.663
[1758203669836754365],,,,2.354,0.175,9.692
[1758203669840422802],,,,2.361,0.285,9.663
[1758203669844101188],,,,2.452,0.23,9.723
[1758203669847783740],,,,2.49,0.201,9.536
[1758203669851457333],,,,2.555,0.256,9.711
[1758203669855165823],,,,2.476,0.338,9.78
[1758203669858894938],,,,2.418,0.261,9.57
[1758203669862650302],,,,2.356,0.304,9.474
[1758203669866604729],,,,2.476,0.259,9.61
[1758203669870297646],,,,2.265,0.304,9.527
[1758203669873992125],,,,2.404,0.175,9.711
[1758203669877912906],,,,2.466,0.263,9.56
[1758203669881623792],,,,2.382,0.17,9.594
[1758203669885370927],,,,2.425,0.285,9.515
[1758203669889037542],,,,2.354,0.237,9.538
[1758203669892722802],,,,2.363,0.227,9.68
[1758203669896411708],,,,2.495,0.292,9.735
[1758203669900068115],,,,2.567,0.196,9.723
[1758203669903743063],,,,2.322,0.275,9.55
[1758203669907512958],,,,2.327,0.256,9.541
[1758203669911375979],,,,2.531,0.29,9.708
[1758203669915974156],,,,2.418,0.278,9.562
[1758203669919743011],,,,2.322,0.256,9.641
[1758203669923418583],,,,2.43,0.23,9.488
[1758203669927107854],,,,2.442,0.251,9.376
[1758203669930773479],,,,2.437,0.215,9.61
[1758203669934499938],,,,2.418,0.196,9.555
[1758203669938200511],,,,2.375,0.213,9.639
[1758203669941874104],,,,2.416,0.266,9.701
[1758203669945535302],,,,2.471,0.275,9.685
[1758203669949191396],,,,2.442,0.225,9.79
[1758203669952891604],,,,2.308,0.153,9.51
[1758203669956637698],,,,2.468,0.306,9.579
[1758203669960414938],,,,2.344,0.218,9.644
[1758203669964084938],,,,2.425,0.314,9.706
[1758203669967847698],,,,2.303,0.268,9.615
[1758203669971517854],,,,2.377,0.201,9.596
[1758203669975224886],,,,2.449,0.227,9.797
[1758203669978895354],,,,2.373,0.244,9.548
[1758203669983449000],,,,2.471,0.34,9.524
[1758203669987924156],,,,2.361,0.364,9.373
[1758203669993205771],,,,2.306,0.244,9.397
[1758203670000597542],,,,2.358,0.268,9.495
[1758203670006098636],,,,2.449,0.287,9.366
[1758203670011248063],,,,2.447,0.23,9.567
[1758203670016518167],,,,2.574,0.259,9.452
[1758203670021656292],,,,2.368,0.381,9.618
[1758203670026760406],,,,2.543,0.29,9.644
[1758203670031853271],,,,2.452,0.388,9.646
[1758203670036994625],,,,2.495,0.34,9.299
[1758203670042101135],,,,2.466,0.304,9.608
[1758203670047327385],,,,2.392,0.249,9.481
[1758203670052451240],,,,2.394,0.347,9.471
[1758203670057627385],,,,2.433,0.285,9.44
[1758203670062747854],,,,2.483,0.28,9.529
[1758203670067959677],,,,2.425,0.17,9.543
[1758203670073070198],,,,2.421,0.268,9.426
[1758203670078207177],,,,2.37,0.397,9.476
[1758203670083325927],,,,2.401,0.294,9.62
[1758203670088483583],,,,2.401,0.338,9.462
[1758203670095069052],,,,2.425,0.196,9.634
[1758203670101615615],,,,2.387,0.254,9.459
[1758203670106876969],,,,2.507,0.364,9.673
[1758203670112036552],,,,2.368,0.251,9.637
[1758203670117186760],,,,2.579,0.364,9.591
[1758203670122309469],,,,2.512,0.175,9.392
[1758203670127528583],,,,2.416,0.287,9.443
[1758203670132706188],,,,2.375,0.321,9.44
[1758203670137836760],,,,2.421,0.333,9.395
[1758203670142946500],,,,2.48,0.261,9.4
[1758203670148153323],,,,2.409,0.273,9.467
[1758203670153256083],,,,2.512,0.297,9.39
[1758203670158401135],,,,2.354,0.259,9.493
[1758203670163535563],,,,2.368,0.347,9.455
[1758203670168661656],,,,2.387,0.213,9.491
[1758203670173790771],,,,2.361,0.223,9.574
[1758203670179072854],,,,2.325,0.285,9.414
[1758203670184200563],,,,2.289,0.239,9.596
[1758203670189383479],,,,2.363,0.204,9.438
[1758203670194533740],,,,2.344,0.172,9.543
[1758203670201111188],,,,2.406,0.175,9.347
[1758203670207478688],,,,2.562,0.189,9.615
[1758203670212974156],,,,2.32,0.285,9.493
[1758203670218113688],,,,2.401,0.354,9.567
[1758203670223259417],,,,2.313,0.254,9.366
[1758203670228458635],,,,2.282,0.304,9.445
[1758203670233565354],,,,2.571,0.235,9.517
[1758203670238682333],,,,2.485,0.275,9.404
[1758203670245388844],,,,2.452,0.266,9.608
[1758203670251038792],,,,2.535,0.189,9.553
[1758203670257593583],,,,2.399,0.163,9.359
[1758203670263275198],,,,2.466,0.189,9.448
[1758203670269183740],,,,2.392,0.261,9.481
[1758203670274567021],,,,2.409,0.271,9.38
[1758203670280709573],,,,2.265,0.227,9.57
[1758203670286492802],,,,2.409,0.223,9.378
[1758203670291395979],,,,2.442,0.196,9.548
[1758203670295348948],,,,2.404,0.316,9.632
[1758203670299485146],,,,2.406,0.254,9.562
[1758203670304325927],,,,2.418,0.232,9.608
[1758203670308158323],,,,2.334,0.261,9.5
[1758203670311864000],,,,2.545,0.29,9.728
[1758203670315560979],,,,2.411,0.261,9.342
[1758203670319229990],,,,2.406,0.311,9.646
[1758203670322898896],,,,2.401,0.338,9.68
[1758203670326592177],,,,2.385,0.259,9.768
[1758203670330253062],,,,2.442,0.158,9.531
[1758203670333914990],,,,2.193,0.28,9.797
[1758203670337611448],,,,2.15,-0.168,9.297
[1758203670341271969],,,,2.325,0.093,9.316
[1758203670346001969],,,,2.069,-0.192,9.395
[1758203670349807281],,,,2.234,0.036,9.735
[1758203670353493844],,,,2.392,0.072,9.9
[1758203670357189677],,,,2.552,0.062,9.713
[1758203670360850250],,,,2.495,0.242,9.524
[1758203670364615719],,,,2.602,0.57,9.783
[1758203670368342906],,,,2.528,0.342,9.572
[1758203670372017646],,,,2.418,0.213,9.706
[1758203670375715927],,,,2.351,0.539,9.5
[1758203670379384677],,,,2.279,0.139,9.491
[1758203670383071031],,,,2.624,0.522,9.448
[1758203670386746552],,,,2.473,0.426,9.795
[1758203670390410771],,,,2.562,0.369,9.601
[1758203670394088219],,,,2.488,0.314,9.646
[1758203670397870719],,,,2.337,0.192,9.172
[1758203670401551969],,,,2.373,0.132,9.838
[1758203670405249156],,,,2.38,0.23,9.833
[1758203670408922177],,,,2.356,0.421,9.716
[1758203670412591396],,,,2.33,0.352,9.407
[1758203670416309260],,,,2.255,0.417,9.476
[1758203670419985250],,,,2.258,0.393,9.862
[1758203670423666760],,,,2.174,0.275,9.924
[1758203670427364833],,,,2.313,0.373,9.596
[1758203670431034156],,,,2.349,0.529,9.558
[1758203670434734417],,,,2.164,0.29,9.56
[1758203670438406812],,,,2.397,0.235,9.732
[1758203670442079000],,,,2.602,0.254,9.436
[1758203670446117906],,,,2.325,0.242,9.735
[1758203670449827333],,,,2.119,0.464,9.316
[1758203670453499156],,,,2.521,0.536,9.627
[1758203670457177333],,,,2.373,0.175,10.096
[1758203670460851865],,,,2.095,0.369,9.981
[1758203670464572958],,,,2.102,0.496,9.876
[1758203670468297125],,,,2.389,0.12,9.301
[1758203670471971187],,,,2.255,1.14,8.638
[1758203670475670927],,,,2.184,0.883,8.815
[1758203670479357437],,,,2.794,1.015,10.81
[1758203670483054729],,,,2.081,-0.342,11.631
[1758203670486765458],,,,3.342,0.23,9.522
[1758203670490542073],,,,3.527,-0.505,11.428
[1758203670494267073],,,,3.328,0.481,8.497
[1758203670498024417],,,,2.717,1.082,7.434
[1758203670501698167],,,,2.169,1.178,7.75
[1758203670505390302],,,,1.209,2.327,9.189
[1758203670509079885],,,,0.675,2.425,10.4
[1758203670512753792],,,,0.275,0.962,13.7
[1758203670516462646],,,,1.214,0.237,13.12
[1758203670520154260],,,,2.421,1.583,7.001
[1758203670523852854],,,,2.38,1.506,9.067
[1758203670527590458],,,,2.588,1.935,10.235
[1758203670531264573],,,,2.593,0.704,10.867
[1758203670534986708],,,,2.701,1.231,9.634
[1758203670538653114],,,,3.012,0.943,9.366
[1758203670542331344],,,,2.267,0.587,9.306
[1758203670546150094],,,,2.545,0.484,9.68
[1758203670550113948],,,,2.205,0.611,10.242
[1758203670553898114],,,,2.169,0.46,10.113
[1758203670557603583],,,,2.279,0.596,10.039
[1758203670561270667],,,,2.27,0.989,8.988
[1758203670565020979],,,,2.444,1.065,9.172
[1758203670568726239],,,,2.308,0.699,9.436
[1758203670572420667],,,,2.727,0.711,9.747
[1758203670576123323],,,,2.315,-0.299,9.912
[1758203670579812594],,,,2.318,0.579,9.627
[1758203670583478583],,,,2.203,0.278,9.661
[1758203670587162177],,,,2.43,0.548,9.567
[1758203670590837021],,,,2.459,0.673,9.874
[1758203670594606239],,,,2.452,0.39,9.811
[1758203670598460823],,,,2.591,1.166,9.378
[1758203670602160198],,,,2.191,0.56,9.256
[1758203670605858114],,,,2.504,0.402,9.522
[1758203670609556292],,,,2.389,-0.002,9.881
[1758203670613220250],,,,2.576,0.486,9.373
[1758203670616934625],,,,2.523,0.045,8.674
[1758203670620624260],,,,2.617,0.321,9.476
[1758203670624288739],,,,2.356,-0.084,10.032
[1758203670627965302],,,,2.806,-0.388,10.472
[1758203670631692177],,,,2.492,-0.031,9.972
[1758203670635399052],,,,2.665,0.218,9.373
[1758203670639162646],,,,2.394,0.378,7.925
[1758203670642877542],,,,2.921,-0.132,9.699
[1758203670646631864],,,,1.982,-0.057,10.405
[1758203670650305146],,,,2.861,-0.354,10.132
[1758203670654367333],,,,2.574,-0.17,9.864
[1758203670658168219],,,,2.337,0.613,8.543
[1758203670661845979],,,,2.186,-0.136,9.534
[1758203670668366396],,,,2.059,0.22,8.971
[1758203670672105614],,,,2.794,-0.39,10.259
[1758203670675810354],,,,2.377,-0.081,10.415
[1758203670679515354],,,,2.6,0.045,8.43
[1758203670683211864],,,,2.294,-0.285,9.768
[1758203670686913948],,,,2.607,-0.51,10.444
[1758203670690599781],,,,2.27,-0.553,10.467
[1758203670694308948],,,,2.842,0.156,8.274
[1758203670698155041],,,,2.83,0.575,9.0
[1758203670701977333],,,,2.84,-0.735,10.621
[1758203670705666031],,,,2.253,-0.52,9.299
[1758203670709326604],,,,2.684,0.103,8.157
[1758203670713024677],,,,3.038,-0.644,10.903
[1758203670716732698],,,,2.207,-0.711,11.356
[1758203670721475406],,,,2.382,0.12,8.246
[1758203670725478114],,,,2.643,-0.572,8.42
[1758203670729384729],,,,2.444,-0.745,10.599
[1758203670733296031],,,,2.109,-1.118,10.441
[1758203670737211656],,,,2.619,-0.11,9.474
[1758203670741121187],,,,2.349,0.321,8.27
[1758203670745976500],,,,2.617,-0.702,10.18
[1758203670749934416],,,,2.263,-0.206,10.228
[1758203670754911083],,,,2.298,0.239,8.44
[1758203670758904729],,,,2.425,0.242,9.237
[1758203670762769000],,,,2.528,-0.294,10.285
[1758203670766490979],,,,2.375,-0.239,9.397
[1758203670770414521],,,,2.614,-0.278,9.069
[1758203670774142646],,,,2.562,-0.678,9.821
[1758203670777841604],,,,2.433,-0.019,10.099
[1758203670781516604],,,,2.602,0.239,9.297
[1758203670785214833],,,,2.55,0.467,9.249
[1758203670788877125],,,,2.516,0.002,9.929
[1758203670792542489],,,,2.279,0.251,9.867
[1758203670796248166],,,,2.466,0.558,9.416
[1758203670800023323],,,,2.368,0.294,9.579
[1758203670803703531],,,,2.286,0.316,9.713
[1758203670807473010],,,,2.38,0.338,9.515
[1758203670811151031],,,,2.428,0.457,9.615
[1758203670814903739],,,,2.409,0.156,9.658
[1758203670818583479],,,,2.195,0.309,9.68
[1758203670822252021],,,,2.447,0.302,9.531
[1758203670825936448],,,,2.397,0.407,9.606
[1758203670829603687],,,,2.423,0.414,9.634
[1758203670833279989],,,,2.267,0.23,9.448
[1758203670837048323],,,,2.459,0.163,9.534
[1758203670840833791],,,,2.435,0.402,9.651
[1758203670844601187],,,,2.313,0.359,9.651
[1758203670848307333],,,,2.473,0.326,9.409
[1758203670851981864],,,,2.325,0.4,9.67
[1758203670855920562],,,,2.356,0.318,9.572
[1758203670859614625],,,,2.37,0.306,9.601
[1758203670863293531],,,,2.351,0.362,9.452
[1758203670867011291],,,,2.282,0.421,9.728
[1758203670870683896],,,,2.413,0.366,9.464
[1758203670874392958],,,,2.397,0.306,9.646
[1758203670878348531],,,,2.399,0.455,9.462
[1758203670882114781],,,,2.409,0.309,9.57
[1758203670885844416],,,,2.404,0.309,9.68
[1758203670889546291],,,,2.437,0.397,9.637
[1758203670893220250],,,,2.444,0.225,9.543
[1758203670896926760],,,,2.418,0.283,9.515
[1758203670900735302],,,,2.411,0.273,9.574
[1758203670904483010],,,,2.416,0.376,9.579
[1758203670908783427],,,,2.373,0.426,9.61
[1758203670912482177],,,,2.389,0.256,9.536
[1758203670916177958],,,,2.377,0.431,9.622
[1758203670919844156],,,,2.322,0.345,9.687
[1758203670923514208],,,,2.459,0.297,9.761
[1758203670927209989],,,,2.365,0.405,9.625
[1758203670930880666],,,,2.421,0.309,9.649
[1758203670934600718],,,,2.389,0.371,9.582
[1758203670938283687],,,,2.334,0.333,9.637
[1758203670941983635],,,,2.488,0.263,9.584
[1758203670945784937],,,,2.444,0.354,9.527
[1758203670949500614],,,,2.33,0.314,9.488
[1758203670953201916],,,,2.459,0.278,9.577
[1758203670957854468],,,,2.466,0.354,9.493
[1758203670961643323],,,,2.411,0.268,9.625
[1758203670965326448],,,,2.339,0.316,9.505
[1758203670969003062],,,,2.449,0.366,9.646
[1758203670972677750],,,,2.337,0.278,9.653
[1758203670976370718],,,,2.377,0.318,9.383
[1758203670980046760],,,,2.444,0.342,9.675
[1758203670985248271],,,,2.296,0.45,9.608
[1758203670989232541],,,,2.425,0.347,9.606
[1758203670993603323],,,,2.315,0.371,9.632
[1758203670998786864],,,,2.404,0.201,9.424
[1758203671003907802],,,,2.586,0.419,9.567
[1758203671009327437],,,,2.152,0.299,9.519
[1758203671014466760],,,,2.215,0.371,9.632
[1758203671019566708],,,,2.356,0.393,9.677
[1758203671024672333],,,,2.428,0.4,9.483
[1758203671029816291],,,,2.413,0.184,9.615
[1758203671034933114],,,,2.32,0.462,9.455
[1758203671040026083],,,,2.363,0.283,9.349
[1758203671045104364],,,,2.399,0.397,9.641
[1758203671050274937],,,,2.286,0.373,9.646
[1758203671055446656],,,,2.394,0.342,9.632
[1758203671060618583],,,,2.387,0.362,9.459
[1758203671065888948],,,,2.464,0.421,9.347
[1758203671071046031],,,,2.387,0.385,9.426
[1758203671076211291],,,,2.401,0.177,9.507
[1758203671081321500],,,,2.471,0.273,9.481
[1758203671086521708],,,,2.428,0.395,9.527
[1758203671092094521],,,,2.318,0.357,9.464
[1758203671097440666],,,,2.416,0.323,9.515
[1758203671102636760],,,,2.452,0.354,9.452
[1758203671107848166],,,,2.315,0.254,9.495
[1758203671112958791],,,,2.543,0.316,9.622
[1758203671118140198],,,,2.488,0.242,9.448
[1758203671123301083],,,,2.382,0.218,9.479
[1758203671128475302],,,,2.387,0.273,9.464
[1758203671133620979],,,,2.595,0.429,9.51
[1758203671138870823],,,,2.413,0.294,9.572
[1758203671144028843],,,,2.413,0.28,9.431
[1758203671149193687],,,,2.377,0.371,9.649
[1758203671154345979],,,,2.488,0.369,9.395
[1758203671159532385],,,,2.38,0.287,9.459
[1758203671164676395],,,,2.399,0.278,9.448
[1758203671169853531],,,,2.387,0.357,9.594
[1758203671174959104],,,,2.55,0.314,9.448
[1758203671180067645],,,,2.569,0.333,9.586
[1758203671185197073],,,,2.246,0.412,9.357
[1758203671190313479],,,,2.454,0.431,9.383
[1758203671196762229],,,,2.354,0.407,9.687
[1758203671202097073],,,,2.303,0.405,9.608
[1758203671208120250],,,,2.342,0.223,9.582
[1758203671213588687],,,,2.349,0.237,9.486
[1758203671218866812],,,,2.37,0.369,9.491
[1758203671223987593],,,,2.27,0.364,9.572
[1758203671229110041],,,,2.416,0.232,9.574
[1758203671234205093],,,,2.471,0.338,9.354
[1758203671239291448],,,,2.526,0.261,9.61
[1758203671244442073],,,,2.351,0.168,9.474
[1758203671249661708],,,,2.298,0.457,9.579
[1758203671254919416],,,,2.397,0.338,9.421
[1758203671260115770],,,,2.579,0.218,9.622
[1758203671267047541],,,,2.72,0.134,9.232
[1758203671273660823],,,,2.543,0.057,9.73
[1758203671279268323],,,,2.514,0.218,9.938
[1758203671284639208],,,,2.09,0.318,10.048
[1758203671290034625],,,,2.205,0.464,9.61
[1758203671296638114],,,,1.997,0.553,9.529
[1758203671302433375],,,,2.284,0.5,9.258
[1758203671308926395],,,,2.322,0.431,9.309
[1758203671314741448],,,,2.44,0.383,9.4
[1758203671321320927],,,,2.519,0.371,9.598
[1758203671326940406],,,,2.167,0.656,9.79
[1758203671332069208],,,,2.313,0.548,9.56
[1758203671337236187],,,,2.16,0.599,9.5
[1758203671342348531],,,,2.291,0.812,9.251
[1758203671347493479],,,,2.296,0.745,9.383
[1758203671352613635],,,,2.444,0.79,9.708
[1758203671357798583],,,,2.126,0.883,9.546
[1758203671362935822],,,,2.176,0.91,10.053
[1758203671369404052],,,,2.389,0.493,10.403
[1758203671374662072],,,,1.982,0.546,9.438
[1758203671379801343],,,,2.452,0.721,9.79
[1758203671384910406],,,,2.373,-0.321,9.364
[1758203671390052593],,,,2.282,-0.661,9.294
[1758203671395215979],,,,2.186,-0.582,9.579
[1758203671400390822],,,,1.97,-1.731,9.931
[1758203671405522229],,,,1.63,-0.826,10.408
[1758203671411029677],,,,3.129,2.413,8.868
[1758203671417629104],,,,4.276,4.281,9.012
[1758203671422890718],,,,3.421,4.056,8.622
[1758203671428053114],,,,2.459,2.018,10.022
[1758203671433178479],,,,1.583,1.585,10.3
[1758203671438344677],,,,0.5,2.5,9.804
[1758203671443505145],,,,1.259,2.988,8.861
[1758203671448638375],,,,1.214,2.796,8.792
[1758203671453749208],,,,1.257,2.614,8.756
[1758203671458932020],,,,1.791,2.54,9.294
[1758203671464141968],,,,1.949,1.999,9.328
[1758203671469581187],,,,2.14,1.915,9.61
[1758203671474729520],,,,2.073,1.982,9.27
[1758203671479852958],,,,1.942,2.186,9.574
[1758203671484955979],,,,2.227,2.157,9.505
[1758203671490084885],,,,2.389,2.021,9.555
[1758203671495195770],,,,2.037,2.588,9.57
[1758203671500340406],,,,1.867,2.155,8.789
[1758203671505455979],,,,2.112,2.193,8.571
[1758203671510685145],,,,2.224,2.119,8.882
[1758203671516322906],,,,2.444,1.956,8.645
[1758203671521523375],,,,2.188,1.604,8.906
[1758203671526935666],,,,1.525,2.009,9.112
[1758203671532061343],,,,1.257,2.646,8.988
[1758203671537219156],,,,1.42,2.761,8.964
[1758203671542331604],,,,2.16,2.09,9.72
[1758203671547454989],,,,2.727,2.351,9.409
[1758203671552565666],,,,2.303,2.466,9.644
[1758203671557710770],,,,1.966,2.933,9.78
[1758203671564567281],,,,1.611,2.717,10.336
[1758203671571047802],,,,1.496,3.266,9.924
[1758203671577444729],,,,2.291,2.567,8.605
[1758203671582702854],,,,1.956,2.222,8.571
[1758203671587844833],,,,2.114,2.205,8.782
[1758203671592994937],,,,1.839,2.308,9.179
[1758203671598184468],,,,1.389,2.464,9.206
[1758203671603284572],,,,2.033,2.686,9.352
[1758203671608393479],,,,2.387,2.804,9.742
[1758203671613503374],,,,2.174,2.859,9.661
[1758203671618742124],,,,2.136,1.884,9.828
[1758203671624306291],,,,1.925,1.568,9.177
[1758203671629464416],,,,1.867,1.599,9.369
[1758203671634889364],,,,2.33,2.121,9.072
[1758203671640025406],,,,2.368,2.274,9.151
[1758203671645127906],,,,2.121,2.279,9.213
[1758203671650233791],,,,2.212,2.849,9.232
[1758203671655345197],,,,2.241,3.148,9.402
[1758203671660472124],,,,1.877,2.828,9.4
[1758203671665647072],,,,1.709,2.919,9.62
[1758203671670936291],,,,1.767,3.414,9.424
[1758203671676135302],,,,1.82,2.952,8.995
[1758203671681265249],,,,1.894,3.472,8.787
[1758203671686444364],,,,1.709,2.77,8.753
[1758203671691544520],,,,1.961,2.401,9.62
[1758203671696700249],,,,1.894,3.227,9.416
[1758203671701839260],,,,1.961,2.03,9.838
[1758203671707076239],,,,1.836,2.186,9.579
[1758203671712279104],,,,1.963,2.571,9.369
[1758203671717469572],,,,2.128,2.516,9.22
[1758203671722624416],,,,2.246,3.062,9.249
[1758203671727839468],,,,1.932,2.401,9.155
[1758203671733359624],,,,1.92,2.631,8.933
[1758203671738522229],,,,2.14,2.265,8.897
[1758203671745890666],,,,1.678,1.963,9.297
[1758203671751402697],,,,2.207,2.308,9.067
[1758203671756562906],,,,2.188,2.634,9.304
[1758203671761668374],,,,2.049,3.158,9.313
[1758203671766863999],,,,2.107,2.576,9.517
[1758203671771972072],,,,1.745,1.834,9.706
[1758203671777090406],,,,2.128,1.535,9.586
[1758203671782192437],,,,2.6,2.152,9.431
[1758203671787344781],,,,2.337,2.018,9.598
[1758203671792487541],,,,1.645,1.128,9.536
[1758203671797713843],,,,2.277,2.09,10.077
[1758203671802836343],,,,2.883,3.273,8.557
[1758203671808003426],,,,2.16,2.614,8.806
[1758203671813151604],,,,2.121,2.72,9.158
[1758203671818589989],,,,1.549,3.031,9.373
[1758203671823733166],,,,1.8,2.782,9.536
[1758203671828869572],,,,1.621,2.461,9.33
[1758203671834015406],,,,2.397,2.679,9.301
[1758203671839477958],,,,2.069,3.725,8.792
[1758203671844598739],,,,2.282,2.854,8.832
[1758203671851776083],,,,1.554,3.493,8.741
[1758203671857267958],,,,1.891,3.215,8.796
[1758203671862390197],,,,1.501,2.88,10.211
[1758203671867571239],,,,1.425,3.33,9.218
[1758203671872672124],,,,1.879,3.357,8.727
[1758203671877816395],,,,1.887,4.429,8.906
[1758203671882917801],,,,2.023,3.278,8.938
[1758203671888028999],,,,1.702,2.677,8.854
[1758203671893142906],,,,1.765,2.571,9.567
[1758203671898398895],,,,2.267,3.294,9.342
[1758203671903508166],,,,2.653,3.417,8.976
[1758203671908625926],,,,1.618,2.772,9.488
[1758203671913727801],,,,1.53,2.526,9.278
[1758203671919492020],,,,1.805,2.634,9.21
[1758203671925176135],,,,1.796,2.622,9.541
[1758203671932649208],,,,2.064,2.351,9.22
[1758203671938420510],,,,2.734,2.787,9.366
[1758203671945052020],,,,2.236,2.744,9.318
[1758203671950854260],,,,1.702,3.108,9.498
[1758203671957551135],,,,1.87,2.794,9.038
[1758203671963294051],,,,1.915,2.468,9.357
[1758203671969755979],,,,2.004,2.461,9.469
[1758203671978016291],,,,2.229,2.89,9.177
[1758203671983644312],,,,1.784,2.658,9.682
[1758203671988840926],,,,2.229,2.255,10.032
[1758203671993962958],,,,1.923,2.459,9.33
[1758203671997809937],,,,1.829,2.77,9.026
[1758203672001482333],,,,2.466,3.098,8.511
[1758203672005173895],,,,2.619,3.433,8.724
[1758203672008836291],,,,2.535,3.654,9.23
[1758203672012501395],,,,1.223,2.765,9.395
[1758203672016201343],,,,1.762,3.871,8.861
[1758203672019868062],,,,2.272,3.191,8.133
[1758203672023593791],,,,1.697,3.39,9.108
[1758203672027382124],,,,1.099,1.829,10.599
[1758203672031046708],,,,1.293,1.353,10.001
[1758203672034934312],,,,1.784,1.688,9.783
[1758203672038670666],,,,1.901,2.097,9.225
[1758203672042325145],,,,2.152,2.382,8.631
[1758203672046020614],,,,2.557,2.622,8.993
[1758203672049697489],,,,2.447,2.325,9.055
[1758203672053361291],,,,2.322,2.246,9.78
[1758203672057058166],,,,1.822,1.884,10.458
[1758203672060726708],,,,1.568,3.01,9.431
[1758203672064671395],,,,2.344,3.12,9.28
[1758203672068424781],,,,2.531,3.093,8.001
[1758203672072097906],,,,2.418,3.086,9.184
[1758203672075815718],,,,1.549,2.291,9.977
[1758203672079596291],,,,1.417,1.961,10.944
[1758203672083270197],,,,1.475,2.406,10.305
[1758203672087863010],,,,2.361,2.351,8.186
[1758203672091648218],,,,2.308,2.167,8.396
[1758203672095355562],,,,2.061,2.047,9.349
[1758203672099019728],,,,1.954,1.887,10.525
[1758203672102688999],,,,1.695,2.444,10.671
[1758203672106382697],,,,2.327,1.604,10.135
[1758203672110052697],,,,2.528,2.028,8.954
[1758203672113716187],,,,2.545,1.786,8.59
[1758203672117409364],,,,2.251,1.717,9.194
[1758203672121069781],,,,2.064,1.372,9.807
[1758203672124820770],,,,1.638,1.456,10.41
[1758203672128554364],,,,2.274,1.779,10.015
[1758203672132297697],,,,2.38,1.654,9.402
[1758203672136227853],,,,2.274,1.772,9.155
[1758203672139917437],,,,2.234,2.112,9.493
[1758203672143589781],,,,2.114,2.138,9.677
[1758203672147278635],,,,2.037,1.923,9.967
[1758203672150941083],,,,2.059,2.078,9.914
[1758203672154646551],,,,1.695,2.102,9.618
[1758203672158329989],,,,1.542,2.1,9.771
[1758203672161994885],,,,2.277,1.946,9.512
[1758203672165685874],,,,2.16,2.162,9.481
[1758203672169620666],,,,2.303,2.136,9.373
[1758203672173355197],,,,2.595,2.042,9.026
[1758203672177109468],,,,2.035,1.286,9.206
[1758203672180893426],,,,2.145,1.238,9.515
[1758203672184611812],,,,1.994,2.2,9.373
[1758203672188303010],,,,2.241,2.109,9.591
[1758203672191975562],,,,2.006,2.126,9.354
[1758203672196096812],,,,2.133,2.078,9.357
[1758203672199781343],,,,2.133,2.025,9.804
[1758203672203452593],,,,2.081,2.152,9.649
[1758203672207130614],,,,2.133,2.332,9.426
[1758203672210795614],,,,1.999,1.99,9.39
[1758203672214481291],,,,2.006,1.827,9.124
[1758203672218182958],,,,2.157,2.15,9.373
[1758203672222034728],,,,2.071,2.279,9.572
[1758203672225755874],,,,2.26,1.765,9.919
[1758203672229453218],,,,2.162,1.386,9.558
[1758203672233122020],,,,2.251,2.004,9.61
[1758203672236821239],,,,2.059,1.987,9.443
[1758203672240513635],,,,2.164,1.894,9.56
[1758203672244181395],,,,2.088,1.76,9.663
[1758203672247942749],,,,2.193,1.848,9.553
[1758203672251716343],,,,2.274,2.009,9.364
[1758203672255459572],,,,2.236,2.021,9.268
[1758203672279247853],,,,2.114,2.047,9.041
[1758203672283884260],,,,1.867,2.272,9.167
[1758203672287654208],,,,1.621,2.37,9.73
[1758203672291426916],,,,1.733,2.516,9.708
[1758203672295984468],,,,1.987,2.488,10.106
[1758203672299778426],,,,2.581,1.437,9.85
[1758203672303443478],,,,2.607,1.154,9.304
[1758203672307121187],,,,2.397,1.195,9.301
[1758203672310772593],,,,2.483,1.08,9.512
[1758203672314469937],,,,2.239,1.918,9.838
[1758203672318154103],,,,2.131,1.731,9.881
[1758203672321814676],,,,2.416,1.901,9.61
[1758203672325510093],,,,2.332,1.875,9.51
[1758203672329187958],,,,1.788,1.776,9.565
[1758203672332910822],,,,1.676,2.263,9.234
[1758203672336623739],,,,1.678,2.243,9.242
[1758203672340372645],,,,2.37,2.119,9.151
[1758203672344073583],,,,2.538,1.604,9.124
[1758203672348034572],,,,2.344,2.332,9.553
[1758203672351788687],,,,2.631,1.192,9.404
[1758203672355542072],,,,2.282,1.209,9.507
[1758203672359218687],,,,2.054,1.903,9.694
[1758203672362883010],,,,2.064,1.602,9.553
[1758203672366568218],,,,2.059,2.296,9.412
[1758203672370221864],,,,1.966,2.602,9.503
[1758203672373940562],,,,2.279,2.301,9.316
[1758203672377627489],,,,2.069,2.224,9.524
[1758203672382103739],,,,1.932,1.475,9.728
[1758203672385975093],,,,2.105,1.614,9.455
[1758203672390475458],,,,2.277,1.238,9.725
[1758203672394545926],,,,2.406,1.626,9.701
[1758203672398374103],,,,2.255,1.867,9.431
[1758203672402051603],,,,2.16,1.805,9.708
[1758203672405727541],,,,2.186,1.999,9.407
[1758203672409383843],,,,2.128,1.832,9.591
[1758203672413044103],,,,2.239,2.066,9.584
[1758203672416738791],,,,2.162,1.832,9.486
[1758203672420394416],,,,2.246,1.834,9.373
[1758203672424091187],,,,2.195,1.8,9.299
[1758203672427844312],,,,2.234,1.879,9.45
[1758203672432720822],,,,2.167,1.856,9.577
[1758203672436703999],,,,2.155,1.851,9.553
[1758203672440571135],,,,2.241,1.796,9.543
[1758203672445432228],,,,2.181,1.856,9.479
[1758203672449341655],,,,2.291,1.956,9.349
[1758203672453280457],,,,2.248,1.832,9.467
[1758203672458104832],,,,2.16,1.872,9.301
[1758203672462074832],,,,2.279,1.882,9.369
[1758203672465997645],,,,2.198,1.863,9.51
[1758203672469867228],,,,2.069,1.927,9.471
[1758203672474645093],,,,2.167,1.882,9.28
[1758203672478472020],,,,2.251,1.987,9.527
[1758203672482144155],,,,2.136,1.798,9.644
[1758203672485827489],,,,2.181,1.788,9.515
[1758203672489489937],,,,2.057,1.978,9.385
[1758203672493157228],,,,2.148,1.903,9.546
[1758203672496888582],,,,2.126,1.97,9.627
[1758203672500816395],,,,2.095,1.827,9.531
[1758203672504580770],,,,2.04,2.069,9.462
[1758203672508274989],,,,2.107,1.729,9.397
[1758203672511957228],,,,2.234,1.915,9.414
[1758203672516566447],,,,2.184,1.832,9.479
[1758203672520374572],,,,2.174,1.769,9.503
[1758203672524055978],,,,2.294,1.824,9.538
[1758203672527738582],,,,2.131,1.781,9.4
[1758203672531405457],,,,2.179,1.851,9.579
[1758203672535104520],,,,2.258,1.844,9.553
[1758203672538781291],,,,2.215,1.86,9.459
[1758203672542444312],,,,2.179,1.875,9.452
[1758203672546161655],,,,2.167,1.944,9.62
[1758203672549814364],,,,2.102,1.884,9.479
[1758203672553475614],,,,2.148,1.75,9.627
[1758203672557188426],,,,2.167,1.956,9.594
[1758203672560845405],,,,2.219,1.877,9.45
[1758203672564563166],,,,2.169,1.932,9.505
[1758203672568483947],,,,2.162,1.911,9.376
[1758203672572179312],,,,2.116,1.918,9.527
[1758203672575879937],,,,2.119,1.903,9.529
[1758203672579551707],,,,2.169,1.944,9.543
[1758203672583210718],,,,2.239,1.896,9.438
[1758203672586918010],,,,2.167,1.872,9.433
[1758203672590585353],,,,2.277,1.939,9.507
[1758203672594245510],,,,2.274,1.867,9.424
[1758203672597935614],,,,2.274,1.875,9.431
[1758203672601596916],,,,2.006,1.714,9.378
[1758203672605549885],,,,2.253,1.932,9.651
[1758203672609313895],,,,2.095,1.822,9.431
[1758203672613184312],,,,2.143,1.856,9.364
[1758203672617750093],,,,2.179,1.973,9.364
[1758203672621457228],,,,2.215,1.709,9.689
[1758203672625232957],,,,2.033,1.894,9.512
[1758203672628871864],,,,2.241,1.896,9.627
[1758203672632512801],,,,2.172,1.935,9.536
[1758203672636172437],,,,2.174,1.853,9.536
[1758203672639810978],,,,2.133,1.858,9.57
[1758203672643447385],,,,2.251,1.923,9.718
[1758203672647169468],,,,2.006,1.858,9.404
[1758203672650905041],,,,2.128,1.856,9.637
[1758203672654635770],,,,2.14,1.853,9.505
[1758203672658307228],,,,2.243,1.796,9.632
[1758203672662006812],,,,2.219,1.863,9.603
[1758203672666645666],,,,2.246,1.887,9.38
[1758203672670439624],,,,2.294,1.982,9.376
[1758203672674107176],,,,2.205,1.918,9.598
[1758203672677779676],,,,2.191,1.729,9.534
[1758203672681447437],,,,2.155,1.93,9.412
[1758203672685128114],,,,2.191,1.884,9.606
[1758203672688792697],,,,2.296,1.939,9.491
[1758203672692451812],,,,1.994,1.796,9.574
[1758203672696126499],,,,2.248,1.923,9.457
[1758203672699850562],,,,2.231,1.827,9.649
[1758203672705120822],,,,2.219,1.954,9.416
[1758203672710279624],,,,2.203,1.966,9.199
[1758203672715942801],,,,2.203,1.935,9.321
[1758203672721134259],,,,2.112,1.925,9.4
[1758203672727536082],,,,2.157,1.951,9.491
[1758203672732791030],,,,2.025,1.973,9.488
[1758203672737960249],,,,2.128,1.757,9.457
[1758203672743067437],,,,2.061,1.901,9.275
[1758203672748188739],,,,2.267,1.973,9.443
[1758203672753287280],,,,2.298,1.887,9.4
[1758203672758410301],,,,2.205,1.889,9.328
[1758203672763514728],,,,2.219,1.937,9.359
[1758203672768659259],,,,2.253,1.956,9.275
[1758203672773782072],,,,2.303,1.815,9.443
[1758203672779057072],,,,2.267,1.894,9.385
[1758203672784211082],,,,2.255,1.918,9.634
[1758203672789349468],,,,2.176,1.863,9.349
[1758203672794500197],,,,2.207,1.887,9.359
[1758203672799674884],,,,2.186,1.942,9.354
[1758203672804802176],,,,2.265,1.851,9.392
[1758203672809936447],,,,2.066,1.748,9.354
[1758203672815059572],,,,2.155,1.856,9.397
[1758203672821602645],,,,2.152,1.92,9.318
[1758203672826938009],,,,2.246,2.126,9.493
[1758203672832080145],,,,2.184,1.87,9.431
[1758203672837219155],,,,2.16,1.815,9.392
[1758203672842322749],,,,2.155,1.92,9.378
[1758203672847453322],,,,2.251,1.923,9.493
[1758203672852616395],,,,2.176,1.944,9.369
[1758203672857773322],,,,2.246,1.884,9.431
[1758203672862928687],,,,1.992,1.906,9.409
[1758203672868113687],,,,1.992,2.057,9.443
[1758203672873365822],,,,2.215,1.848,9.366
[1758203672878550978],,,,2.124,1.896,9.486
[1758203672883682280],,,,2.078,1.906,9.498
[1758203672888872228],,,,2.172,1.882,9.601
[1758203672893968374],,,,2.011,1.908,9.426
[1758203672899050614],,,,2.157,1.757,9.361
[1758203672904230093],,,,2.078,1.882,9.402
[1758203672909397853],,,,2.157,1.865,9.383
[1758203672914504051],,,,2.217,1.994,9.424
[1758203672919621395],,,,2.085,1.887,9.498
[1758203672925149520],,,,2.267,1.935,9.325
[1758203672930464572],,,,2.303,1.894,9.436
[1758203672935590457],,,,2.145,1.865,9.251
[1758203672940769832],,,,2.145,1.975,9.45
[1758203672945981916],,,,2.389,1.99,9.455
[1758203672951120457],,,,2.203,1.944,9.469
[1758203672956292228],,,,2.071,1.848,9.345
[1758203672961439207],,,,2.286,1.899,9.493
[1758203672966589780],,,,2.164,1.808,9.337
[1758203672972355509],,,,2.018,1.918,9.39
[1758203672978006603],,,,3.033,3.043,9.577
[1758203672984469624],,,,1.714,2.105,8.988
[1758203672990149468],,,,2.243,2.756,8.782
[1758203672995469989],,,,2.61,2.263,9.902
[1758203673000831082],,,,2.217,1.173,9.716
[1758203673006331603],,,,1.475,1.36,9.199
[1758203673011693530],,,,2.09,1.8,9.4
[1758203673017077541],,,,2.638,1.551,9.606
[1758203673022445457],,,,2.049,1.805,9.273
[1758203673028282905],,,,2.136,1.781,9.29
[1758203673033649364],,,,2.255,2.083,9.665
[1758203673038874989],,,,2.346,2.219,9.625
[1758203673043993947],,,,2.014,1.286,9.218
[1758203673049138791],,,,1.832,1.482,9.55
[1758203673054252384],,,,2.193,1.568,9.445
[1758203673059417332],,,,1.966,1.846,9.22
[1758203673064576082],,,,2.322,1.822,9.586
[1758203673069765093],,,,2.009,1.872,9.44
[1758203673075080926],,,,2.231,1.695,9.792
[1758203673080217020],,,,2.248,2.097,9.062
[1758203673085400561],,,,2.421,2.105,9.366
[1758203673090662541],,,,2.191,1.786,8.679
[1758203673095847697],,,,2.54,-3.795,6.345
[1758203673101068843],,,,4.518,-8.313,9.007
[1758203673106316082],,,,4.135,-1.935,9.378
[1758203673111516447],,,,3.8,3.742,11.581
[1758203673116771291],,,,-0.294,7.59,11.509
[1758203673121922853],,,,1.8,4.427,10.01
[1758203673127067905],,,,2.895,1.269,10.977
[1758203673132220041],,,,3.61,-1.618,9.172
[1758203673137852593],,,,4.369,-2.928,9.153
[1758203673143035926],,,,2.988,-2.332,9.318
[1758203673148162853],,,,0.967,-0.206,9.613
[1758203673153320249],,,,-0.005,1.314,8.945
[1758203673158528843],,,,0.261,2.99,10.163
[1758203673163643738],,,,-0.101,3.338,8.677
[1758203673168769259],,,,1.513,3.16,9.282
[1758203673176819051],,,,3.891,2.739,10.805
[1758203673182646134],,,,4.736,1.3,10.233
[1758203673187881447],,,,3.771,0.563,9.787
[1758203673193003426],,,,3.812,2.667,10.693
[1758203673198149207],,,,-1.932,9.984,8.983
[1758203673203375041],,,,1.834,-1.075,9.629
[1758203673208559884],,,,3.56,0.292,11.325
[1758203673213684103],,,,3.536,-0.103,8.717
[1758203673218830666],,,,2.538,0.572,9.874
[1758203673224494572],,,,2.375,0.508,9.306
[1758203673229648270],,,,2.15,0.836,9.697
[1758203673234803947],,,,2.351,1.738,9.237
[1758203673241414988],,,,2.437,0.481,9.62
[1758203673247044884],,,,2.191,0.893,9.838
[1758203673252205145],,,,2.298,0.541,10.226
[1758203673257346551],,,,1.762,1.489,9.251
[1758203673262441916],,,,2.368,1.882,9.335
[1758203673267528738],,,,2.813,1.788,9.416
[1758203673272651186],,,,2.476,2.274,9.776
[1758203673277767905],,,,2.715,2.784,10.065
[1758203673282948218],,,,2.557,2.289,10.319
[1758203673288304468],,,,3.342,2.16,10.709
[1758203673293452228],,,,3.352,1.573,10.281
[1758203673298573374],,,,3.089,1.353,9.969
[1758203673303699311],,,,3.093,2.203,9.591
[1758203673308910926],,,,3.515,3.165,9.06
[1758203673314011499],,,,3.472,3.321,9.11
[1758203673319105718],,,,2.655,2.981,8.861
[1758203673324548895],,,,2.492,2.851,8.643
[1758203673330181030],,,,2.025,3.215,8.916
[1758203673335301811],,,,1.978,3.45,8.933
[1758203673340497853],,,,1.52,4.18,9.371
[1758203673345719572],,,,1.786,4.642,9.685
[1758203673351953478],,,,1.956,5.059,10.125
[1758203673358740353],,,,2.114,4.503,10.487
[1758203673364199520],,,,2.169,4.039,10.235
[1758203673369593843],,,,2.77,5.31,9.823
[1758203673374715770],,,,2.49,4.894,9.0
[1758203673379827593],,,,2.497,6.005,8.54
[1758203673384915353],,,,2.368,5.205,7.051
[1758203673390066499],,,,2.485,5.71,6.823
[1758203673395175353],,,,2.99,6.335,6.029
[1758203673400332905],,,,3.053,4.369,3.879
[1758203673405610405],,,,1.451,5.365,5.432
[1758203673412160093],,,,1.956,6.388,4.204
[1758203673417379207],,,,1.726,4.535,4.633
[1758203673422487540],,,,1.255,7.487,6.512
[1758203673427597384],,,,0.802,6.318,3.553
[1758203673432684259],,,,4.81,6.287,14.875
[1758203673437837488],,,,4.714,6.857,3.376
[1758203673442947853],,,,-1.925,10.192,3.132
[1758203673448112332],,,,-1.774,7.659,4.132
[1758203673453383738],,,,0.196,8.083,6.335
[1758203673458932020],,,,2.456,8.212,4.585
[1758203673465082801],,,,1.508,7.891,5.234
[1758203673471634936],,,,2.342,7.851,4.266
[1758203673477032176],,,,1.805,7.946,5.327
[1758203673482240197],,,,1.209,7.891,5.382
[1758203673487452124],,,,0.704,8.363,5.538
[1758203673492561082],,,,0.055,8.361,4.575
[1758203673497689207],,,,0.069,9.098,4.082
[1758203673502785040],,,,0.23,8.569,4.276
[1758203673507900718],,,,0.33,9.278,5.164
[1758203673512985770],,,,0.584,8.612,4.616
[1758203673518194936],,,,0.862,8.897,5.013
[1758203673523406655],,,,1.156,7.894,5.38
[1758203673528501499],,,,1.008,8.756,5.521
[1758203673533599832],,,,1.463,7.702,5.32
[1758203673538781499],,,,1.099,8.66,6.014
[1758203673543883374],,,,1.334,7.896,5.782
[1758203673548970457],,,,1.087,8.317,5.818
[1758203673554074415],,,,0.939,7.867,5.456
[1758203673559241967],,,,0.893,8.147,5.906
[1758203673564355301],,,,1.202,7.992,6.12
[1758203673569504520],,,,1.374,8.08,6.232
[1758203673574957697],,,,1.832,8.028,5.777
[1758203673580222540],,,,2.409,7.879,5.552
[1758203673585399311],,,,2.701,7.058,4.544
[1758203673590615822],,,,0.965,8.655,5.827
[1758203673595794363],,,,2.749,8.274,6.036
[1758203673600933842],,,,1.906,8.521,5.567
[1758203673606057124],,,,3.041,4.216,4.523
[1758203673611180926],,,,0.493,8.835,4.566
[1758203673616369520],,,,2.559,5.729,6.926
[1758203673621576238],,,,1.389,6.972,0.867
[1758203673627439884],,,,1.705,-4.647,2.859
[1758203673633126707],,,,1.753,0.163,6.23
[1758203673639751447],,,,-0.421,-0.527,10.908
[1758203673645432801],,,,-6.44,8.957,2.155
[1758203673651900717],,,,11.375,-12.268,19.613
[1758203673657568061],,,,1.927,13.965,0.989
[1758203673664030040],,,,4.726,12.933,-0.527
[1758203673670699311],,,,1.563,9.323,1.171
[1758203673677437436],,,,3.553,9.823,1.887
[1758203673684522332],,,,0.74,9.72,1.441
[1758203673689884311],,,,1.166,9.764,1.571
[1758203673695043947],,,,1.786,9.546,1.444
[1758203673700204363],,,,1.468,9.548,2.308
[1758203673704754311],,,,0.862,9.421,2.775
[1758203673708487280],,,,-0.041,9.725,2.749
[1758203673712158999],,,,0.814,9.864,3.06
[1758203673715874572],,,,0.613,9.706,3.12
[1758203673719534415],,,,1.307,9.378,2.914
[1758203673723205665],,,,0.541,9.237,3.428
[1758203673727034884],,,,0.213,9.641,2.837
[1758203673730715717],,,,-0.373,9.637,2.94
[1758203673734393113],,,,0.165,9.445,2.423
[1758203673739014415],,,,-0.122,9.668,2.011
[1758203673742804467],,,,-0.417,10.599,2.646
[1758203673746497020],,,,0.769,11.052,2.545
[1758203673750154103],,,,0.62,11.423,2.761
[1758203673753827176],,,,1.025,10.623,1.817
[1758203673757541394],,,,1.044,11.765,2.531
[1758203673761207384],,,,1.92,10.81,1.652
[1758203673764937749],,,,1.714,11.088,1.879
[1758203673768603426],,,,1.848,10.992,2.188
[1758203673772273061],,,,1.642,12.201,2.835
[1758203673776020978],,,,1.714,11.715,2.485
[1758203673779698009],,,,1.8,11.291,2.186
[1758203673783462280],,,,1.647,10.93,2.004
[1758203673787213269],,,,1.69,10.542,1.568
[1758203673791211915],,,,1.477,10.001,1.867
[1758203673795058634],,,,1.003,8.241,2.073
[1758203673798737228],,,,0.781,9.208,1.659
[1758203673802412124],,,,0.718,9.275,1.834
[1758203673806101342],,,,0.532,8.959,1.528
[1758203673809773113],,,,-0.314,8.545,1.676
[1758203673813445353],,,,-0.697,8.325,1.994
[1758203673817149103],,,,-0.802,8.478,2.071
[1758203673820816863],,,,-0.141,9.064,1.81
[1758203673824524988],,,,0.469,9.594,1.702
[1758203673828228842],,,,0.685,10.192,1.12
[1758203673831937853],,,,0.608,10.087,0.824
[1758203673835931655],,,,0.481,10.013,0.692
[1758203673839630822],,,,0.287,9.328,0.826
[1758203673843321759],,,,0.175,9.11,1.149
[1758203673847003790],,,,0.175,8.102,1.228
[1758203673850674624],,,,-0.077,7.204,1.367
[1758203673854347540],,,,-0.457,6.488,1.305
[1758203673858058061],,,,-0.256,5.811,1.003
[1758203673861738686],,,,-0.345,5.492,1.293
[1758203673865430874],,,,-0.194,5.679,1.829
[1758203673869099728],,,,-0.455,5.571,1.879
[1758203673872833322],,,,-0.206,5.387,2.794
[1758203673876820197],,,,-0.46,5.018,2.837
[1758203673880587488],,,,-0.326,4.906,2.385
[1758203673884288217],,,,-0.254,4.712,2.497
[1758203673888883947],,,,0.242,4.666,2.535
[1758203673892722749],,,,0.862,4.92,2.739
[1758203673896687332],,,,0.448,5.78,3.797
[1758203673900410197],,,,1.111,5.018,3.172
[1758203673904089259],,,,-1.595,-19.307,-4.896
[1758203673907793582],,,,6.517,19.613,-0.043
[1758203673911469780],,,,-0.587,10.036,1.654
[1758203673915154936],,,,1.721,9.622,1.458
[1758203673918825301],,,,0.438,10.274,0.802
[1758203673922496394],,,,0.184,8.526,4.731
[1758203673926202019],,,,-1.779,9.756,2.6
[1758203673929918790],,,,0.479,9.158,4.372
[1758203673933787853],,,,-1.561,9.483,2.552
[1758203673938407176],,,,0.668,9.802,0.259
[1758203673942132019],,,,0.543,10.139,-0.979
[1758203673945945926],,,,0.572,10.41,-1.446
[1758203673949621134],,,,0.199,10.226,-0.57
[1758203673953303634],,,,0.002,9.969,-0.86
[1758203673957001394],,,,0.278,10.235,-2.042
[1758203673960684051],,,,0.199,10.654,-2.44
[1758203673964361290],,,,0.038,10.455,-2.464
[1758203673968045874],,,,0.148,10.645,-1.602
[1758203673971722332],,,,0.498,11.308,0.637
[1758203673975431238],,,,0.831,12.943,0.081
[1758203673979103999],,,,0.565,15.732,-1.183
[1758203673982799155],,,,0.874,14.399,-2.33
[1758203673986822332],,,,0.098,15.294,-2.466
[1758203673990556863],,,,0.007,14.729,-2.401
[1758203673994267957],,,,-0.005,14.755,-1.834
[1758203673997973426],,,,0.577,14.583,-0.874
[1758203674001952071],,,,1.238,13.211,-0.831
[1758203674005701186],,,,0.637,13.156,-0.373
[1758203674009385040],,,,-0.168,12.402,-0.524
[1758203674013111238],,,,-0.141,10.704,-1.307
[1758203674016837488],,,,-0.278,10.048,-0.907
[1758203674020484728],,,,0.45,9.074,-0.527
[1758203674024197228],,,,-0.347,8.499,-0.146
[1758203674027953894],,,,-0.591,7.8,0.168
[1758203674031748374],,,,-0.23,6.874,1.322
[1758203674036377228],,,,-0.742,6.122,1.47
[1758203674040158113],,,,-0.642,5.509,1.496
[1758203674043826551],,,,0.057,3.67,1.973
[1758203674047495613],,,,0.611,2.725,2.574
[1758203674051161759],,,,-0.065,3.373,2.974
[1758203674054879988],,,,0.261,1.935,2.54
[1758203674058573009],,,,-0.096,2.428,2.236
[1758203674062289519],,,,0.117,1.676,2.497
[1758203674066034415],,,,-0.692,1.884,3.311
[1758203674069703894],,,,-0.852,2.279,2.425
[1758203674073427488],,,,-0.254,2.406,2.294
[1758203674077149780],,,,-0.239,3.414,2.895
[1758203674080860821],,,,-0.029,4.183,3.491
[1758203674084715665],,,,-0.093,4.02,2.959
[1758203674088648946],,,,0.211,5.104,2.897
[1758203674092385405],,,,0.584,6.031,3.084
[1758203674096101603],,,,1.046,5.837,2.562
[1758203674099809936],,,,1.494,6.718,2.631
[1758203674103479155],,,,1.271,8.191,2.892
[1758203674107944519],,,,0.948,8.124,2.061
[1758203674111784363],,,,6.553,19.506,5.437
[1758203674117365040],,,,-4.233,10.226,-1.099
[1758203674121412957],,,,2.471,9.661,-0.812
[1758203674125354207],,,,0.931,10.197,-1.851
[1758203674129266967],,,,0.936,10.52,-3.074
[1758203674133171446],,,,-1.695,10.75,-2.928
[1758203674137321863],,,,0.515,11.059,-2.942
[1758203674141233269],,,,-0.172,10.965,-1.001
[1758203674145233269],,,,0.546,10.585,-1.159
[1758203674149124884],,,,-0.757,11.768,-0.915
[1758203674153031030],,,,-0.4,11.238,-0.096
[1758203674156970092],,,,0.232,12.591,-3.587
[1758203674160688061],,,,0.795,11.473,-3.127
[1758203674164363217],,,,0.385,11.861,-2.128
[1758203674168060457],,,,-0.366,14.078,-1.257
[1758203674171726811],,,,0.077,13.637,0.113
[1758203674175434832],,,,0.22,13.668,-0.227
[1758203674179194155],,,,0.263,14.245,-0.012
[1758203674182916186],,,,0.412,13.7,-0.124
[1758203674186856186],,,,0.9,11.72,-1.142
[1758203674190557696],,,,1.211,12.701,-0.565
[1758203674194237540],,,,0.634,11.286,-0.781
[1758203674197935457],,,,1.013,11.286,0.661
[1758203674201614467],,,,0.783,11.131,-0.237
[1758203674205338582],,,,0.745,8.93,0.958
[1758203674209006967],,,,0.333,9.05,1.726
[1758203674212687384],,,,0.713,7.752,1.372
[1758203674216404103],,,,0.766,7.178,1.98
[1758203674220389155],,,,0.685,7.099,2.89
[1758203674224132176],,,,0.129,5.495,2.411
[1758203674227867384],,,,0.278,7.111,3.115
[1758203674231730665],,,,-0.589,3.91,3.036
[1758203674236316967],,,,-0.46,2.957,2.854
[1758203674240148217],,,,-0.903,2.674,2.71
[1758203674243831915],,,,-0.453,3.809,4.604
[1758203674247533009],,,,-0.017,0.144,3.381
[1758203674251198269],,,,0.215,0.204,3.421
[1758203674254932019],,,,0.407,-0.383,4.14
[1758203674258612280],,,,0.211,0.182,4.64
[1758203674262292436],,,,0.275,1.006,4.171
[1758203674266007123],,,,0.649,0.048,3.062
[1758203674269678634],,,,0.728,-0.034,2.653
[1758203674273348998],,,,1.13,2.442,3.687
[1758203674277060457],,,,0.893,2.954,3.689
[1758203674280843894],,,,0.984,5.109,3.546
[1758203674284611967],,,,-15.816,19.048,-2.145
[1758203674288568217],,,,-14.849,10.135,-2.447
[1758203674292275821],,,,-2.102,9.282,0.218
[1758203674295957176],,,,0.637,9.728,1.858
[1758203674299646551],,,,0.658,10.839,-0.314
[1758203674303359571],,,,-1.539,9.385,-2.84
[1758203674307054415],,,,5.638,10.903,-3.845
[1758203674310785040],,,,-0.802,9.864,-0.113
[1758203674314510301],,,,-1.707,10.616,-0.711
[1758203674321312019],,,,1.377,9.641,1.082
[1758203674326449623],,,,0.924,9.991,1.259
[1758203674330390353],,,,-1.798,10.092,-0.632
[1758203674334191134],,,,-2.006,10.278,-0.563
[1758203674337973998],,,,-1.211,10.408,-0.781
[1758203674341648738],,,,0.639,10.628,-2.31
[1758203674345344103],,,,0.848,10.712,-2.002
[1758203674349001186],,,,0.493,15.218,0.622
[1758203674352682488],,,,-1.3,17.873,0.579
[1758203674356377019],,,,-0.508,17.693,-2.193
[1758203674360051498],,,,-0.275,16.431,-3.565
[1758203674363723842],,,,0.163,17.243,-2.543
[1758203674367419467],,,,0.565,17.839,-1.48
[1758203674371083009],,,,0.778,16.527,-1.523
[1758203674374815196],,,,1.147,13.592,-1.379
[1758203674378490561],,,,1.073,12.419,-0.177
[1758203674382171446],,,,0.366,10.003,0.608
[1758203674385910717],,,,-0.733,8.871,1.041
[1758203674389606863],,,,-0.041,7.877,1.128
[1758203674393293946],,,,0.069,5.772,1.489
[1758203674396969259],,,,0.041,5.157,2.449
[1758203674400652905],,,,0.524,5.763,2.71
[1758203674404322905],,,,0.881,5.387,2.543
[1758203674407997696],,,,0.359,3.642,2.725
[1758203674412985978],,,,1.525,4.784,3.146
[1758203674418298009],,,,0.833,2.595,2.37
[1758203674423460613],,,,0.745,-0.371,2.667
[1758203674428596186],,,,0.898,-1.439,2.67
[1758203674433720873],,,,0.79,-2.904,2.174
[1758203674439334207],,,,0.524,-0.922,3.084
[1758203674444499155],,,,0.213,1.951,4.231
[1758203674449622071],,,,-0.239,3.232,4.235
[1758203674454782592],,,,-0.287,5.25,4.027
[1758203674459955509],,,,0.809,6.761,3.73
[1758203674465073582],,,,0.594,8.325,2.907
[1758203674470250248],,,,0.766,19.613,-19.613
[1758203674475392175],,,,19.534,19.613,-7.717
[1758203674480567436],,,,-9.986,10.235,1.058
[1758203674485796498],,,,-0.431,9.5,-0.06
[1758203674491024103],,,,2.966,9.328,-1.839
[1758203674496203373],,,,-5.547,10.264,0.215
[1758203674501321082],,,,-0.366,9.476,6.586
[1758203674506535509],,,,-1.889,9.23,4.429
[1758203674511726498],,,,-1.051,10.245,-0.16
[1758203674516913842],,,,-1.161,8.598,3.491
[1758203674522055196],,,,0.283,10.151,1.228
[1758203674527650300],,,,-0.591,9.732,3.074
[1758203674532817280],,,,-2.473,9.835,2.025
[1758203674538018738],,,,-0.967,9.28,2.531
[1758203674543220509],,,,0.608,11.428,0.982
[1758203674548657228],,,,-0.22,8.894,1.032
[1758203674553781967],,,,-1.369,12.902,1.489
[1758203674558981290],,,,-0.467,17.284,5.308
[1758203674564165040],,,,1.791,13.601,5.933
[1758203674569495613],,,,2.301,10.693,5.409
[1758203674574649050],,,,3.845,6.888,4.233
[1758203674579804363],,,,5.004,-2.904,3.579
[1758203674584923269],,,,7.424,-2.801,8.66
[1758203674591323061],,,,3.187,0.56,1.075
[1758203674597799936],,,,-1.827,1.575,-5.574
[1758203674604146967],,,,-4.63,1.377,-5.466
[1758203674609494259],,,,-4.02,1.712,-5.174
[1758203674614652592],,,,-2.267,3.326,-4.439
[1758203674619754728],,,,8.425,4.219,-6.404
[1758203674624861082],,,,19.613,2.873,-8.543
[1758203674629990352],,,,16.843,2.638,-0.614
[1758203674637489311],,,,10.843,-7.257,19.613
[1758203674642943009],,,,3.915,-0.043,12.766
[1758203674648132644],,,,4.082,0.194,14.755
[1758203674654565925],,,,2.887,2.193,9.534
[1758203674662364311],,,,2.095,4.001,6.424
[1758203674668150977],,,,0.433,3.871,4.891
[1758203674673742905],,,,-0.46,4.003,2.71
[1758203674680317644],,,,0.053,-19.613,7.144
[1758203674687158634],,,,0.51,-5.916,14.449
[1758203674694847123],,,,3.931,2.519,8.48
[1758203674700575300],,,,1.437,4.357,10.218
[1758203674706291238],,,,1.602,4.235,11.226
[1758203674712045769],,,,0.431,5.713,9.96
[1758203674716046030],,,,1.583,5.528,8.89
[1758203674719884780],,,,1.53,6.546,9.117
[1758203674723567123],,,,1.257,6.926,8.945
[1758203674727267592],,,,1.75,5.823,8.667
[1758203674730925040],,,,1.618,5.734,9.313
[1758203674734646446],,,,0.857,3.467,9.723
[1758203674740006030],,,,1.147,2.303,9.131
[1758203674743807905],,,,1.575,2.248,9.189
[1758203674747508686],,,,1.47,2.569,9.187
[1758203674751170821],,,,1.465,3.144,9.167
[1758203674754923321],,,,1.776,3.139,8.969
[1758203674758602123],,,,5.921,-3.716,10.8
[1758203674762273894],,,,-2.727,2.385,17.399
[1758203674765990352],,,,-0.247,0.498,15.146
[1758203674769662280],,,,0.611,-0.084,15.639
[1758203674773334415],,,,1.611,0.204,14.49
[1758203674777049519],,,,0.974,0.936,11.504
[1758203674780714623],,,,0.603,2.109,9.778
[1758203674784391759],,,,0.445,4.063,8.042
[1758203674788426811],,,,0.749,4.831,6.596
[1758203674792122644],,,,-1.346,7.918,5.734
[1758203674795816915],,,,-1.219,8.135,4.396
[1758203674799483373],,,,-0.232,4.365,0.338
[1758203674803178530],,,,1.018,3.742,1.714
[1758203674806881394],,,,0.249,5.44,3.589
[1758203674810542227],,,,-0.156,6.685,5.957
[1758203674814212748],,,,-0.086,5.332,7.226
[1758203674817898894],,,,-1.647,10.774,12.586
[1758203674821574571],,,,-0.778,9.577,10.307
[1758203674825281759],,,,2.964,7.973,8.973
[1758203674828949311],,,,4.939,7.111,6.098
[1758203674832626082],,,,6.122,6.943,4.767
[1758203674836436134],,,,7.259,5.356,4.774
[1758203674840118686],,,,10.918,3.508,-0.412
[1758203674843808269],,,,5.064,3.323,5.847
[1758203674847519363],,,,-1.621,3.378,8.543
[1758203674851197540],,,,-2.26,1.092,8.001
[1758203674854932488],,,,-2.617,0.421,8.205
[1758203674858615196],,,,-3.347,-0.737,12.426
[1758203674862312748],,,,-3.543,-1.769,12.51
[1758203674866021082],,,,-1.504,-0.9,16.965
[1758203674869705613],,,,1.099,-10.075,16.989
[1758203674873389519],,,,3.457,-11.688,15.596
[1758203674877075873],,,,6.689,-4.741,11.566
[1758203674880750561],,,,4.98,-1.915,10.661
[1758203674884476290],,,,2.78,-1.487,8.633
[1758203674888621498],,,,1.724,-0.062,9.404
[1758203674892331394],,,,1.645,0.718,9.831
[1758203674896017019],,,,1.86,0.558,9.594
[1758203674899689727],,,,2.641,0.251,8.803
[1758203674903366342],,,,3.103,-0.113,9.335
[1758203674907067175],,,,2.418,0.455,9.515
[1758203674910742852],,,,2.184,-0.486,9.143
[1758203674914461967],,,,1.468,-0.316,9.213
[1758203674918158425],,,,2.169,-0.031,9.342
[1758203674921838790],,,,1.539,-0.579,9.361
[1758203674925553425],,,,2.002,-1.504,9.12
[1758203674929236707],,,,1.731,1.626,9.297
[1758203674933010509],,,,2.308,-0.371,9.392
[1758203674936768321],,,,2.612,-2.138,8.971
[1758203674940443842],,,,2.684,-2.342,10.776
[1758203674944122592],,,,1.772,-2.89,8.394
[1758203674947819311],,,,1.113,-1.511,17.336
[1758203674951486654],,,,0.929,9.859,13.824
[1758203674955163321],,,,2.729,10.228,8.947
[1758203674958827175],,,,2.564,6.268,6.376
[1758203674962495352],,,,0.28,3.826,10.367
[1758203674966206290],,,,-0.972,2.064,11.375
[1758203674969885404],,,,2.239,0.977,9.464
[1758203674973559519],,,,2.286,1.29,9.084
[1758203674977232488],,,,2.851,0.249,9.912
[1758203674980901915],,,,2.679,0.007,10.139
[1758203674984660040],,,,1.913,0.22,9.68
[1758203674988438998],,,,2.076,0.512,9.081
[1758203674992361550],,,,2.677,0.35,8.808
[1758203674996152332],,,,2.083,0.587,9.823
[1758203674999820717],,,,2.373,0.045,9.785
[1758203675003492696],,,,2.33,1.082,10.293
[1758203675007192800],,,,2.691,0.352,8.411
[1758203675010871811],,,,2.832,-0.144,10.439
[1758203675014556811],,,,1.92,0.11,10.233
[1758203675018232696],,,,2.72,0.026,8.734
[1758203675021900300],,,,2.789,0.029,9.589
[1758203675025619675],,,,2.143,-0.108,10.077
[1758203675029296134],,,,2.04,0.06,9.934
[1758203675032969467],,,,3.033,-0.639,8.37
[1758203675038252800],,,,2.528,-0.895,10.005
[1758203675042093217],,,,3.144,-2.148,9.397
[1758203675045835769],,,,3.268,-2.126,9.21
[1758203675049476811],,,,2.535,0.807,9.819
[1758203675053167332],,,,2.456,0.342,9.991
[1758203675056890092],,,,2.813,-0.821,9.673
[1758203675060560561],,,,3.349,-0.646,9.316
[1758203675064213165],,,,2.782,-2.617,9.651
[1758203675067888269],,,,4.132,-4.906,9.196
[1758203675071534988],,,,2.533,0.357,9.57
[1758203675075243790],,,,3.151,-0.965,9.431
[1758203675078914206],,,,3.491,-2.471,8.935
[1758203675082587852],,,,3.675,-3.941,9.462
[1758203675086509415],,,,2.392,1.69,9.266
[1758203675090195873],,,,-0.795,15.737,9.981
[1758203675093887071],,,,2.966,3.227,9.184
[1758203675097858686],,,,3.828,-2.382,10.862
[1758203675101594936],,,,3.759,-0.026,9.843
[1758203675105301029],,,,3.472,1.046,9.033
[1758203675108979727],,,,4.901,-1.386,9.333
[1758203675112643425],,,,3.613,0.448,10.712
[1758203675116324831],,,,1.805,1.166,9.962
[1758203675120021081],,,,3.163,0.069,9.179
[1758203675123711394],,,,2.203,-0.385,8.698
[1758203675127492071],,,,2.928,-0.062,8.969
[1758203675131299050],,,,2.871,0.304,9.127
[1758203675135067748],,,,2.665,0.922,9.888
[1758203675139783321],,,,2.387,1.006,9.491
[1758203675143744623],,,,2.861,0.898,9.661
[1758203675148147696],,,,1.721,0.915,9.538
[1758203675152073738],,,,2.634,0.702,9.457
[1758203675156033998],,,,3.594,0.618,9.728
[1758203675159958894],,,,3.215,-0.002,9.349
[1758203675163871498],,,,3.689,-0.098,9.697
[1758203675168707540],,,,3.577,-0.067,9.354
[1758203675172718477],,,,3.467,0.077,9.625
[1758203675176677904],,,,3.227,-0.034,9.321
[1758203675180538634],,,,3.22,0.438,9.043
[1758203675184240300],,,,3.098,0.79,9.591
[1758203675188858009],,,,2.952,0.115,9.689
[1758203675192654571],,,,1.997,0.177,9.706
[1758203675196375404],,,,2.547,0.184,9.378
[1758203675200056238],,,,3.065,0.498,9.505
[1758203675203979623],,,,2.954,0.529,9.534
[1758203675207738009],,,,2.72,0.594,9.565
[1758203675211408477],,,,3.081,0.419,9.778
[1758203675215093790],,,,3.05,0.22,9.89
[1758203675218738321],,,,2.84,0.342,10.027
[1758203675222414831],,,,2.859,0.354,9.747
[1758203675226128842],,,,2.842,0.012,9.687
[1758203675229821654],,,,2.89,-0.12,9.84
[1758203675233610300],,,,2.622,0.093,9.639
[1758203675237886134],,,,2.904,0.113,9.625
[1758203675241578686],,,,3.014,-0.048,9.814
[1758203675245278425],,,,3.177,0.086,9.737
[1758203675248937696],,,,3.397,0.031,10.195
[1758203675252602436],,,,3.563,0.163,10.266
[1758203675256278321],,,,3.591,0.388,10.032
[1758203675259935977],,,,3.445,0.536,10.108
[1758203675263612592],,,,3.522,0.524,10.307
[1758203675267328113],,,,3.086,0.737,9.785
[1758203675270991134],,,,2.674,0.893,9.833
[1758203675274741186],,,,2.904,0.965,9.618
[1758203675278554363],,,,2.672,0.994,9.917
[1758203675282248165],,,,2.54,0.977,9.797
[1758203675286350873],,,,2.727,0.876,9.831
[1758203675290026967],,,,2.875,1.039,9.852
[1758203675293689206],,,,2.413,1.125,9.493
[1758203675297369883],,,,2.274,1.381,9.512
[1758203675301057123],,,,2.217,1.207,9.268
[1758203675304770196],,,,2.277,0.974,9.414
[1758203675309691706],,,,1.848,0.943,9.177
[1758203675313646758],,,,1.439,1.12,8.6
[1758203675317406394],,,,1.073,0.879,8.531
[1758203675321077436],,,,1.283,0.776,8.282
[1758203675324770769],,,,1.525,0.464,7.817
[1758203675328432123],,,,1.358,0.127,7.829
[1758203675332113165],,,,1.571,0.034,7.836
[1758203675335868113],,,,1.614,-0.443,7.257
[1758203675339553842],,,,1.657,-0.587,7.118
[1758203675343224363],,,,1.664,-0.879,6.879
[1758203675346910613],,,,1.839,-1.336,6.57
[1758203675350576446],,,,1.923,-1.346,6.376
[1758203675354255561],,,,1.935,-1.654,6.438
[1758203675357967956],,,,1.951,-1.908,6.419
[1758203675361676186],,,,2.289,-2.157,6.345
[1758203675365352227],,,,2.38,-2.282,6.167
[1758203675372270352],,,,2.246,-2.363,6.0
[1758203675376057227],,,,2.219,-2.32,6.345
[1758203675379721186],,,,5.059,6.294,14.696
[1758203675383425821],,,,9.488,5.981,15.591
[1758203675387994779],,,,7.922,4.872,19.613
[1758203675391772592],,,,1.729,3.318,7.36
[1758203675395449050],,,,3.393,-0.874,11.439
[1758203675399123894],,,,4.587,-0.661,10.841
[1758203675402795300],,,,5.272,-0.448,10.18
[1758203675406477540],,,,2.521,-0.448,10.022
[1758203675410152956],,,,-0.529,-0.043,9.922
[1758203675413832436],,,,2.097,-0.488,9.56
[1758203675418582331],,,,2.016,-0.182,9.459
[1758203675423777227],,,,1.822,-0.23,9.747
[1758203675429261342],,,,3.326,-0.862,9.378
[1758203675434655092],,,,2.986,-0.424,9.383
[1758203675439890352],,,,2.282,-0.409,9.414
[1758203675445074050],,,,2.227,0.065,9.493
[1758203675450239050],,,,2.279,0.601,9.493
[1758203675455348686],,,,2.693,0.453,9.34
[1758203675460466706],,,,2.784,0.33,9.618
[1758203675465677696],,,,2.94,0.816,9.34
[1758203675470863165],,,,3.673,1.003,9.143
[1758203675476141342],,,,3.584,1.31,9.584
[1758203675482730977],,,,3.493,0.939,11.188
[1758203675488035508],,,,-0.134,2.066,10.307
[1758203675493159258],,,,-0.577,2.818,7.987
[1758203675498289727],,,,-0.848,6.582,5.538
[1758203675503403581],,,,0.86,4.549,15.239
[1758203675508515248],,,,-3.077,2.638,13.834
[1758203675513619258],,,,3.194,0.273,8.964
[1758203675518767123],,,,5.669,-0.012,9.538
[1758203675523930404],,,,6.495,0.716,8.013
[1758203675529210040],,,,7.858,0.204,8.942
[1758203675534734727],,,,5.334,-1.731,9.943
[1758203675539991654],,,,2.734,-1.721,10.75
[1758203675545155248],,,,2.705,0.029,10.171
[1758203675550317956],,,,1.841,0.275,9.687
[1758203675555424102],,,,1.568,-0.156,9.61
[1758203675560536498],,,,1.872,-0.615,9.108
[1758203675565711654],,,,1.899,0.637,8.107
[1758203675570877748],,,,2.634,-19.613,3.136
[1758203675576222696],,,,7.168,-15.416,19.551
[1758203675581435821],,,,11.023,-8.277,10.843
[1758203675587019363],,,,7.688,-5.277,4.779
[1758203675592194623],,,,-7.015,19.613,11.581
[1758203675597336238],,,,-6.766,-3.512,9.486
[1758203675602506446],,,,5.215,0.057,8.875
[1758203675607674258],,,,11.301,-4.547,8.971
[1758203675612835144],,,,1.573,1.563,10.922
[1758203675617962435],,,,-7.453,0.383,9.797
[1758203675623138060],,,,4.362,-2.045,8.691
[1758203675628365821],,,,4.427,-2.054,8.993
[1758203675633586029],,,,2.938,-0.373,9.464
[1758203675638861081],,,,2.66,-0.397,9.799
[1758203675645433946],,,,2.758,0.266,9.625
[1758203675650700456],,,,2.387,-0.168,9.361
[1758203675655955925],,,,2.224,0.685,9.62
[1758203675661105925],,,,2.931,0.871,9.512
[1758203675666285977],,,,2.377,1.583,9.553
[1758203675671400092],,,,1.894,1.372,9.28
[1758203675676530769],,,,3.062,0.795,9.512
[1758203675681659310],,,,3.464,0.498,9.354
[1758203675688667279],,,,3.91,0.742,10.52
[1758203675694351290],,,,4.341,0.843,10.36
[1758203675700994258],,,,3.587,0.836,10.314
[1758203675706708425],,,,4.099,0.5,10.046
[1758203675713268842],,,,3.958,0.117,9.586
[1758203675718924467],,,,3.73,0.074,9.258
[1758203675724309883],,,,3.51,-0.4,9.096
[1758203675730839415],,,,3.618,-0.354,9.182
[1758203675737643633],,,,3.553,-0.103,9.184
[1758203675744275925],,,,2.84,-0.196,8.957
[1758203675750948008],,,,2.61,-0.038,9.096
[1758203675756295092],,,,2.552,0.019,8.94
[1758203675761440769],,,,2.614,0.156,8.818
[1758203675766573685],,,,2.806,-0.002,8.945
[1758203675771690300],,,,2.986,-0.321,8.602
[1758203675776801810],,,,2.631,-0.833,8.337
[1758203675781903008],,,,2.464,-0.821,7.829
[1758203675787123946],,,,2.231,-0.326,7.748
[1758203675792570873],,,,1.834,-0.611,7.336
[1758203675797861967],,,,1.288,-0.632,7.075
[1758203675802989050],,,,0.962,-0.685,6.689
[1758203675808141029],,,,0.924,-1.281,6.17
[1758203675813249883],,,,0.625,-2.138,5.473
[1758203675818380248],,,,0.924,-2.447,5.533
[1758203675823512540],,,,0.733,-2.31,5.456
[1758203675828635560],,,,0.893,-2.298,5.394
[1758203675833806342],,,,1.07,-2.198,19.613
[1758203675839131290],,,,13.228,9.469,14.655
[1758203675844274935],,,,3.982,0.292,10.214
[1758203675849435665],,,,2.734,0.22,10.444
[1758203675854898946],,,,2.126,0.232,10.52
[1758203675860112696],,,,2.591,-0.024,9.938
[1758203675865261498],,,,2.619,-0.002,9.165
[1758203675870413112],,,,3.555,-2.878,8.461
[1758203675875495040],,,,3.206,-2.2,9.038
[1758203675880575456],,,,2.749,-0.345,9.431
[1758203675885904831],,,,2.342,0.022,9.9
[1758203675892317644],,,,2.217,0.227,9.823
[1758203675897570092],,,,2.37,0.014,9.625
[1758203675902996342],,,,2.701,0.208,9.613
[1758203675908128269],,,,3.23,0.953,9.436
[1758203675913240873],,,,2.504,0.723,9.469
[1758203675918318894],,,,2.717,0.843,9.266
[1758203675923438894],,,,3.024,0.965,10.523
[1758203675928576602],,,,4.128,1.683,10.894
[1758203675933716029],,,,3.97,1.437,10.647
[1758203675939029102],,,,4.089,1.03,10.539
[1758203675944157227],,,,3.955,0.613,10.338
[1758203675949305612],,,,3.486,0.481,9.809
[1758203675954407175],,,,2.792,0.682,9.62
[1758203675959515664],,,,2.574,0.407,9.134
[1758203675966947487],,,,1.683,0.266,8.428
[1758203675972416394],,,,1.073,0.081,7.678
[1758203675977544102],,,,1.02,0.06,7.075
[1758203675982789935],,,,1.015,-0.347,6.567
[1758203675988008581],,,,1.022,-1.441,6.093
[1758203675993115977],,,,1.154,-1.999,5.641
[1758203675998200925],,,,0.996,-2.011,5.516
[1758203676003328060],,,,1.374,-2.435,5.373
[1758203676008779779],,,,1.465,-2.444,7.839
[1758203676013923477],,,,7.764,2.444,11.329
[1758203676019156967],,,,6.072,1.535,19.613
[1758203676024256550],,,,1.788,1.331,10.786
[1758203676029393946],,,,3.299,0.575,10.858
[1758203676034588685],,,,2.344,-0.005,10.743
[1758203676039792227],,,,1.338,-0.187,9.663
[1758203676044908164],,,,2.358,-0.68,9.61
[1758203676050074571],,,,3.189,-2.207,9.342
[1758203676055177071],,,,3.711,-2.533,9.11
[1758203676060373946],,,,3.191,-1.437,9.201
[1758203676065501758],,,,2.559,-0.294,9.85
[1758203676070971394],,,,1.805,0.144,9.682
[1758203676076186862],,,,2.078,0.402,9.723
[1758203676081279519],,,,2.351,0.747,9.737
[1758203676086635404],,,,2.732,0.675,9.905
[1758203676091758008],,,,2.926,0.886,9.416
[1758203676096932331],,,,3.129,0.721,9.57
[1758203676102176289],,,,3.141,1.03,10.76
[1758203676107327644],,,,3.553,1.465,11.078
[1758203676112460248],,,,3.764,1.607,10.795
[1758203676118042435],,,,3.524,1.353,10.582
[1758203676123168217],,,,3.553,1.018,10.42
[1758203676128343373],,,,3.27,1.046,10.022
[1758203676133547592],,,,2.744,0.819,9.519
[1758203676138798946],,,,2.399,0.649,8.961
[1758203676143967696],,,,1.815,0.261,8.461
[1758203676149199935],,,,1.707,-0.692,7.609
[1758203676154318737],,,,1.235,-0.802,7.144
[1758203676159537644],,,,0.936,-0.651,6.63
[1758203676164761081],,,,0.984,-1.48,6.431
[1758203676169942123],,,,1.336,-1.913,6.361
[1758203676175090144],,,,0.824,-2.282,6.043
[1758203676181636706],,,,1.053,-2.44,5.988
[1758203676186930977],,,,0.967,-2.002,6.086
[1758203676192042435],,,,1.166,-2.09,6.457
[1758203676197198685],,,,1.085,6.814,19.613
[1758203676202302331],,,,12.725,3.373,11.957
[1758203676207407852],,,,2.995,0.86,10.424
[1758203676212505144],,,,2.717,0.299,10.039
[1758203676217694831],,,,2.502,0.496,10.764
[1758203676222972696],,,,2.169,-0.397,9.768
[1758203676228233269],,,,2.095,-0.156,9.543
[1758203676233387748],,,,2.485,-0.934,9.481
[1758203676238600977],,,,3.479,-2.301,8.645
[1758203676243710769],,,,2.916,-1.223,9.359
[1758203676248813841],,,,2.461,0.034,9.768
[1758203676254005821],,,,2.43,0.663,9.888
[1758203676259193373],,,,2.452,0.577,9.907
[1758203676264303529],,,,2.646,0.409,9.807
[1758203676269413216],,,,3.002,0.23,9.428
[1758203676274492487],,,,3.287,0.905,9.658
[1758203676279581862],,,,3.321,1.214,11.272
[1758203676284734206],,,,3.481,1.791,11.516
[1758203676290304050],,,,3.936,1.566,11.238
[1758203676295485196],,,,3.852,1.463,11.439
[1758203676300613529],,,,4.015,1.386,11.344
[1758203676305862227],,,,3.555,1.276,10.853
[1758203676311033529],,,,2.926,1.166,10.281
[1758203676316204623],,,,2.756,0.639,9.452
[1758203676321399154],,,,2.2,-0.151,8.396
[1758203676326547123],,,,1.295,-0.517,7.63
[1758203676332271498],,,,0.86,-0.807,6.716
[1758203676339976862],,,,0.73,-2.004,5.758
[1758203676345772539],,,,0.728,-2.552,5.219
[1758203676352391498],,,,0.718,-2.83,4.638
[1758203676358063581],,,,0.927,-2.643,4.925
[1758203676364553633],,,,1.35,-2.844,4.925
[1758203676370189987],,,,1.784,-2.88,5.454
[1758203676376810456],,,,1.626,-2.375,6.038
[1758203676382572643],,,,2.105,-2.349,10.242
[1758203676388239206],,,,9.697,11.459,19.613
[1758203676394815352],,,,2.263,0.077,10.853
[1758203676400378373],,,,4.606,-0.498,11.892
[1758203676405504987],,,,6.009,-2.796,9.641
[1758203676410650248],,,,4.482,-1.492,10.575
[1758203676415849623],,,,2.78,-0.692,8.478
[1758203676420551133],,,,0.589,-0.299,9.855
[1758203676424267696],,,,1.98,-0.115,9.148
[1758203676427973425],,,,2.246,-0.448,9.459
[1758203676431637071],,,,2.322,-1.034,10.13
[1758203676435805664],,,,1.776,-0.634,9.694
[1758203676439597956],,,,1.92,0.247,10.001
[1758203676443275821],,,,1.42,0.939,10.094
[1758203676446965091],,,,2.03,1.123,10.216
[1758203676450630664],,,,2.174,0.62,10.274
[1758203676454303164],,,,2.701,0.565,9.941
[1758203676457999466],,,,3.393,0.515,10.159
[1758203676461677383],,,,3.237,1.149,12.263
[1758203676465396289],,,,3.093,2.382,11.969
[1758203676469058008],,,,3.218,2.55,11.993
[1758203676472714883],,,,3.539,1.86,11.523
[1758203676476409310],,,,3.97,1.018,11.181
[1758203676480127331],,,,3.39,0.661,10.697
[1758203676483812591],,,,3.304,0.496,10.745
[1758203676487594883],,,,3.342,0.338,10.388
[1758203676491273893],,,,2.739,0.555,10.173
[1758203676495298946],,,,2.452,0.376,9.572
[1758203676499080143],,,,2.205,0.184,9.124
[1758203676502763893],,,,1.872,0.247,8.772
[1758203676506471862],,,,1.48,-0.022,8.344
[1758203676510150404],,,,1.214,-0.443,7.52
[1758203676513828581],,,,0.991,-0.534,6.984
[1758203676517536446],,,,0.017,-0.85,7.333
[1758203676521214883],,,,-0.266,-1.575,5.655
[1758203676524930196],,,,0.129,-1.652,6.036
[1758203676528584050],,,,-0.338,-1.844,6.06
[1758203676532365248],,,,-0.122,-2.533,5.26
[1758203676536290196],,,,0.093,-2.808,4.975
[1758203676540210768],,,,0.529,-2.737,5.674
[1758203676544030039],,,,-0.01,-2.282,6.223
[1758203676547720560],,,,0.433,-2.27,5.906
[1758203676551442071],,,,0.429,-2.121,5.971
[1758203676555157331],,,,0.879,-2.023,6.232
[1758203676558830300],,,,1.901,14.863,19.491
[1758203676562504258],,,,5.902,-6.163,7.432
[1758203676566180300],,,,3.531,0.177,10.602
[1758203676569878060],,,,4.994,2.078,13.848
[1758203676573621081],,,,9.538,1.046,19.613
[1758203676577397227],,,,-1.556,-0.409,11.823
[1758203676581069623],,,,2.842,0.184,7.484
[1758203676585057904],,,,4.312,-1.334,9.924
[1758203676588816966],,,,2.512,-0.891,11.507
[1758203676592491446],,,,1.025,-0.668,10.666
[1758203676596247643],,,,0.347,-0.503,9.306
[1758203676600365925],,,,3.136,-0.397,9.658
[1758203676604052487],,,,-0.39,-0.843,11.942
[1758203676607729987],,,,-1.516,-0.668,11.205
[1758203676611405977],,,,0.314,-0.778,10.477
[1758203676615142070],,,,0.86,-1.111,10.726
[1758203676618831081],,,,-0.134,-1.063,10.147
[1758203676622548216],,,,1.446,-0.855,9.646
[1758203676626221966],,,,1.329,-0.441,9.74
[1758203676629883529],,,,1.36,-0.165,10.053
[1758203676633590195],,,,1.257,-0.294,9.799
[1758203676638205508],,,,1.513,0.381,9.663
[1758203676641993945],,,,1.52,0.069,9.967
[1758203676645673789],,,,1.731,-0.05,9.972
[1758203676649331966],,,,1.726,-0.012,9.989
[1758203676653010300],,,,1.654,-0.043,9.898
[1758203676656726393],,,,1.997,-0.072,10.312
[1758203676660393268],,,,6.874,0.532,7.149
[1758203676664059518],,,,4.626,-0.204,10.25
[1758203676667771393],,,,5.121,0.589,12.763
[1758203676671441498],,,,4.075,0.266,11.607
[1758203676675156966],,,,0.294,0.002,10.453
[1758203676678827539],,,,-0.632,-0.189,12.129
[1758203676685958581],,,,1.628,0.759,11.377
[1758203676689659414],,,,0.378,1.113,12.907
[1758203676693327331],,,,-0.184,1.707,11.914
[1758203676697038945],,,,0.723,2.028,9.184
[1758203676700758477],,,,1.889,1.676,9.438
[1758203676704748008],,,,0.821,1.101,11.806
[1758203676708502748],,,,0.443,0.95,10.613
[1758203676712218685],,,,-0.141,0.871,9.139
[1758203676715906133],,,,-0.239,0.146,9.407
[1758203676719583945],,,,-0.388,-0.405,8.765
[1758203676723275039],,,,0.309,0.151,7.743
[1758203676727149362],,,,0.11,-0.567,8.602
[1758203676730894310],,,,-0.17,-0.498,7.221
[1758203676734638216],,,,-0.587,-0.706,6.902
[1758203676739248060],,,,-0.101,-1.465,7.853
[1758203676743038893],,,,-0.634,-1.298,6.785
[1758203676746734310],,,,0.263,-1.8,6.354
[1758203676750391914],,,,-0.529,-1.726,6.728
[1758203676754102800],,,,0.069,-2.128,6.093
[1758203676757801914],,,,1.719,-1.223,5.827
[1758203676761472227],,,,2.662,-1.539,5.974
[1758203676765128581],,,,3.338,-1.623,5.995
[1758203676768783008],,,,1.113,-2.272,7.748
[1758203676772441602],,,,1.02,-2.605,7.743
[1758203676776144570],,,,-0.18,-2.72,7.372
[1758203676779872800],,,,-0.256,-1.824,6.697
[1758203676783638164],,,,0.541,-1.247,7.786
[1758203676787571029],,,,1.587,-1.08,7.659
[1758203676791301966],,,,8.902,6.017,19.613
[1758203676795025143],,,,8.523,16.254,13.922
[1758203676798681133],,,,-1.142,0.486,13.781
[1758203676802351341],,,,1.511,0.048,7.956
[1758203676806088789],,,,1.774,0.546,10.654
[1758203676810261237],,,,2.892,2.507,13.405
[1758203676814404779],,,,2.284,-1.154,10.455
[1758203676818241081],,,,3.038,-0.527,10.329
[1758203676822019154],,,,0.615,0.17,10.135
[1758203676825718268],,,,1.559,-1.25,10.245
[1758203676829393425],,,,3.46,-1.132,10.127
[1758203676834121914],,,,1.635,-0.199,10.005
[1758203676838125768],,,,0.285,0.95,9.974
[1758203676843187175],,,,0.534,1.032,10.137
[1758203676847158581],,,,1.063,1.408,10.444
[1758203676851021133],,,,1.128,1.314,10.202
[1758203676855456029],,,,1.168,1.156,10.369
[1758203676859351497],,,,2.677,1.164,10.75
[1758203676863222539],,,,2.569,1.034,10.168
[1758203676867130404],,,,2.476,0.833,11.095
[1758203676870979050],,,,1.793,0.757,10.42
[1758203676875060612],,,,1.733,0.704,10.558
[1758203676878865768],,,,1.729,0.989,10.08
[1758203676882540195],,,,1.446,1.111,10.477
[1758203676887497331],,,,2.014,0.421,9.938
[1758203676891264727],,,,2.181,0.294,9.905
[1758203676895032227],,,,2.037,0.067,9.799
[1758203676898682904],,,,1.707,-0.132,9.692
[1758203676902343425],,,,1.87,-0.187,9.555
[1758203676906067747],,,,1.889,-0.57,8.969
[1758203676909728112],,,,1.379,-0.46,8.983
[1758203676913378529],,,,1.02,-0.601,8.504
[1758203676917068372],,,,0.56,-0.62,8.114
[1758203676920744154],,,,0.438,-0.67,7.702
[1758203676924702800],,,,0.555,-0.931,7.429
[1758203676928515612],,,,0.666,-1.178,7.022
[1758203676932303164],,,,1.214,-1.46,7.247
[1758203676937123320],,,,1.65,-1.484,7.209
[1758203676940920977],,,,1.714,-1.448,7.228
[1758203676944622800],,,,1.518,-1.367,6.95
[1758203676948323477],,,,1.276,-1.769,6.977
[1758203676951988372],,,,1.209,-1.911,6.871
[1758203676955699206],,,,1.676,-2.14,6.977
[1758203676959373737],,,,1.439,-2.083,7.044
[1758203676963037383],,,,1.276,-1.867,7.171
[1758203676966730195],,,,1.542,-1.781,7.386
[1758203676970370404],,,,2.473,-1.935,7.683
[1758203676974039206],,,,2.725,-1.731,8.092
[1758203676977858945],,,,4.278,2.028,16.575
[1758203676981610664],,,,3.649,3.986,10.47
[1758203676985548425],,,,7.259,9.395,10.889
[1758203676989238945],,,,0.661,0.292,11.679
[1758203676992913060],,,,1.645,1.463,9.771
[1758203676996587956],,,,4.513,0.656,11.875
[1758203677000242435],,,,4.314,0.101,10.41
[1758203677003893112],,,,1.63,0.601,10.202
[1758203677007607070],,,,1.056,-0.041,9.946
[1758203677011287539],,,,2.088,-0.383,9.536
[1758203677015020925],,,,2.404,-0.462,9.895
[1758203677018704779],,,,1.891,-0.251,9.467
[1758203677022371133],,,,1.52,0.266,9.541
[1758203677026102695],,,,1.29,0.455,9.562
[1758203677030102643],,,,1.408,0.393,9.773
[1758203677034033060],,,,2.126,0.68,10.135
[1758203677038974727],,,,2.677,1.039,10.264
[1758203677042754518],,,,2.6,1.439,11.643
[1758203677046424362],,,,3.031,2.047,11.949
[1758203677050067227],,,,3.639,2.085,12.086
[1758203677053731706],,,,3.682,1.65,11.811
[1758203677057440820],,,,3.745,1.262,11.243
[1758203677061094935],,,,3.508,0.903,10.728
[1758203677064801602],,,,3.235,0.857,10.534
[1758203677068459049],,,,3.12,0.711,10.271
[1758203677072110039],,,,2.813,0.589,9.843
[1758203677075808320],,,,2.308,0.326,9.565
[1758203677079478060],,,,2.093,0.283,9.136
[1758203677083421810],,,,1.846,-0.019,9.05
[1758203677087222799],,,,1.697,-0.417,8.452
[1758203677090938529],,,,1.353,-0.644,8.425
[1758203677095472383],,,,1.18,-0.982,7.621
[1758203677099332591],,,,0.579,-0.994,7.604
[1758203677102998789],,,,0.551,-1.264,6.931
[1758203677106680820],,,,0.611,-1.683,6.601
[1758203677110334622],,,,0.876,-2.212,6.579
[1758203677114004049],,,,0.989,-2.356,6.543
[1758203677117695924],,,,1.111,-2.344,6.208
[1758203677121403424],,,,1.063,-2.061,6.407
[1758203677125328477],,,,0.769,-1.879,6.524
[1758203677130497747],,,,1.338,-1.927,6.481
[1758203677135667747],,,,1.489,-1.719,6.946
[1758203677141402435],,,,2.047,-1.879,6.78
[1758203677147821393],,,,1.841,-1.288,7.98
[1758203677153073685],,,,2.612,-1.01,16.027
[1758203677158206081],,,,-4.92,-11.66,14.923
[1758203677163333008],,,,3.836,1.504,9.89
[1758203677168488477],,,,4.666,-0.354,11.722
[1758203677173594987],,,,3.505,0.958,10.185
[1758203677178700039],,,,3.065,-0.098,10.092
[1758203677183853060],,,,1.97,-0.704,9.62
[1758203677190299206],,,,2.823,-0.668,9.814
[1758203677195579935],,,,3.632,-0.01,10.238
[1758203677200690977],,,,2.54,-0.089,9.651
[1758203677205860820],,,,2.093,0.184,9.531
[1758203677211003581],,,,3.168,0.089,9.996
[1758203677216156185],,,,3.278,1.358,11.734
[1758203677221258320],,,,2.828,2.899,12.821
[1758203677226446081],,,,4.032,2.32,12.498
[1758203677231644154],,,,4.712,0.907,11.334
[1758203677236909831],,,,4.391,0.369,10.772
[1758203677242595560],,,,3.836,0.517,10.297
[1758203677247867852],,,,3.081,0.433,9.618
[1758203677253008372],,,,2.389,0.338,9.505
[1758203677258179831],,,,1.664,-0.251,8.112
[1758203677263289414],,,,1.211,-0.33,7.101
[1758203677268470091],,,,0.46,-0.642,7.396
[1758203677273606758],,,,0.713,-0.733,7.192
[1758203677278736810],,,,0.754,-1.152,6.483
[1758203677283897435],,,,0.948,-1.609,6.261
[1758203677289201914],,,,1.441,-1.688,6.788
[1758203677294328008],,,,1.324,-1.963,6.124
[1758203677299518945],,,,1.513,-2.088,5.995
[1758203677304631341],,,,1.276,-2.145,5.959
[1758203677309813841],,,,1.595,-2.162,6.129
[1758203677314914466],,,,1.882,-1.951,6.393
[1758203677320056237],,,,1.805,-1.875,6.797
[1758203677325211185],,,,2.222,-1.82,6.785
[1758203677330406758],,,,2.267,-1.539,8.574
[1758203677335570872],,,,3.184,-1.322,7.92
[1758203677340986081],,,,12.146,2.703,19.613
[1758203677346227122],,,,15.766,14.485,5.337
[1758203677352461081],,,,3.407,-0.448,9.742
[1758203677359082591],,,,2.761,0.828,11.188
[1758203677364433529],,,,2.909,-0.086,9.938
[1758203677370965612],,,,1.544,-0.225,10.147
[1758203677376737331],,,,1.638,-0.33,9.893
[1758203677383215247],,,,3.069,-0.939,9.328
[1758203677388872539],,,,2.6,-0.613,10.264
[1758203677394244049],,,,2.315,0.242,9.785
[1758203677400726862],,,,2.421,0.766,10.101
[1758203677406470247],,,,3.141,0.29,9.912
[1758203677412907226],,,,3.733,0.45,11.66
[1758203677418579622],,,,4.283,0.879,11.672
[1758203677425254726],,,,4.444,0.941,11.578
[1758203677429667226],,,,3.27,1.494,10.338
[1758203677434709831],,,,2.739,0.852,9.926
[1758203677439327331],,,,2.579,-0.06,8.557
[1758203677443144310],,,,2.035,-0.287,8.746
[1758203677446850768],,,,1.468,-0.211,8.195
[1758203677450487904],,,,0.953,-0.043,7.726
[1758203677454127956],,,,0.527,-0.172,7.242
[1758203677457807487],,,,0.393,-0.271,7.07
[1758203677461718424],,,,0.28,-0.527,7.01
[1758203677465503529],,,,0.254,-0.905,6.656
[1758203677469155299],,,,0.321,-1.082,6.622
[1758203677472805924],,,,0.457,-1.334,6.572
[1758203677476483008],,,,0.385,-1.324,6.479
[1758203677480133841],,,,0.476,-1.31,6.376
[1758203677483904987],,,,0.572,-1.228,6.141
[1758203677488475924],,,,-1.341,5.88,7.468
[1758203677492272487],,,,1.008,-1.721,8.401
[1758203677495962956],,,,0.661,1.267,8.437
[1758203677499600508],,,,3.476,0.555,10.204
[1758203677503242903],,,,5.717,1.602,19.613
[1758203677506936601],,,,12.72,-3.357,14.832
[1758203677510575456],,,,5.523,3.28,10.968
[1758203677514236289],,,,0.508,-0.405,9.993
[1758203677517925403],,,,3.273,-1.832,10.041
[1758203677521579935],,,,3.615,-1.231,10.104
[1758203677525253164],,,,2.416,-0.105,10.216
[1758203677528904622],,,,1.887,-0.065,9.977
[1758203677532647903],,,,1.887,-0.235,9.811
[1758203677536429778],,,,1.956,-0.151,9.867
[1758203677540142174],,,,2.248,-0.053,9.874
[1758203677543815976],,,,2.303,0.005,9.826
[1758203677547512591],,,,3.342,-0.915,9.728
[1758203677551180560],,,,3.165,-0.393,9.5
[1758203677554919570],,,,2.519,-0.091,9.888
[1758203677558582747],,,,2.179,0.29,10.003
[1758203677562258216],,,,2.835,-0.079,9.555
[1758203677566255247],,,,2.935,-0.211,10.4
[1758203677570031081],,,,4.922,-0.567,9.895
[1758203677573694258],,,,4.168,0.096,11.428
[1758203677577373320],,,,0.848,0.553,9.151
[1758203677581027956],,,,4.422,-0.081,9.955
[1758203677584896237],,,,4.592,-0.278,11.928
[1758203677588600716],,,,3.278,0.692,10.819
[1758203677592264570],,,,3.488,0.254,10.958
[1758203677595930508],,,,3.443,0.405,10.772
[1758203677599586497],,,,3.826,0.251,10.592
[1758203677603255872],,,,3.553,0.16,10.429
[1758203677606961758],,,,2.873,1.173,10.338
[1758203677610728060],,,,2.004,1.003,10.005
[1758203677614491810],,,,1.97,0.795,9.73
[1758203677618173945],,,,1.712,0.608,9.407
[1758203677621837799],,,,1.482,0.072,9.155
[1758203677625518164],,,,1.501,-0.156,8.543
[1758203677629167851],,,,1.343,-0.587,8.394
[1758203677632840456],,,,1.283,-0.395,8.296
[1758203677636755091],,,,1.164,-0.553,7.75
[1758203677640441341],,,,1.18,-0.939,7.341
[1758203677644119987],,,,1.137,-1.192,7.396
[1758203677647799466],,,,0.97,-1.097,7.087
[1758203677651485143],,,,1.089,-1.039,6.919
[1758203677655243320],,,,0.948,-1.104,6.689
[1758203677658909258],,,,1.015,-1.228,6.658
[1758203677662571028],,,,0.917,-1.726,6.316
[1758203677666279101],,,,1.132,-1.678,6.709
[1758203677669958633],,,,1.956,-1.805,6.716
[1758203677674421549],,,,2.334,-1.978,6.91
[1758203677678497799],,,,2.523,-1.726,7.118
[1758203677682229622],,,,2.571,-1.583,7.743
[1758203677685983320],,,,2.954,-1.501,7.614
[1758203677689650924],,,,3.306,-1.664,7.681
[1758203677693321497],,,,3.589,-1.683,7.967
[1758203677697003372],,,,7.096,1.369,19.613
[1758203677700669205],,,,1.788,13.041,7.582
[1758203677704338372],,,,5.279,-1.415,9.38
[1758203677708020560],,,,6.385,0.9,6.967
[1758203677711726705],,,,3.565,1.262,12.184
[1758203677715461133],,,,2.753,0.529,10.551
[1758203677719170403],,,,3.405,0.048,9.993
[1758203677722957383],,,,4.235,-0.807,10.695
[1758203677726629726],,,,2.169,-0.73,9.989
[1758203677730306497],,,,3.211,-0.725,10.161
[1758203677734110455],,,,2.591,-0.254,9.352
[1758203677737904883],,,,1.939,-0.259,9.91
[1758203677741604830],,,,2.54,0.105,9.596
[1758203677745290143],,,,1.247,-0.136,9.977
[1758203677748977435],,,,2.318,0.328,10.072
[1758203677752651497],,,,2.856,0.354,10.142
[1758203677756351237],,,,2.004,0.555,10.113
[1758203677760037122],,,,2.085,0.74,9.728
[1758203677766939674],,,,4.894,0.512,10.451
[1758203677770973164],,,,5.578,0.419,11.621
[1758203677774712955],,,,3.23,0.936,11.147
[1758203677778414987],,,,2.84,1.329,11.586
[1758203677782083268],,,,5.04,0.285,12.186
[1758203677786713372],,,,5.042,1.808,11.832
[1758203677790550143],,,,4.238,2.296,11.566
[1758203677794219258],,,,3.247,1.942,11.253
[1758203677797880299],,,,3.127,1.417,10.906
[1758203677801542487],,,,3.136,0.678,10.008
[1758203677805230143],,,,2.849,0.84,9.78
[1758203677808889258],,,,2.931,0.558,9.737
[1758203677812548060],,,,2.545,0.33,9.127
[1758203677816220455],,,,1.355,0.05,8.238
[1758203677819915039],,,,0.464,-0.247,7.786
[1758203677823587330],,,,0.041,-0.488,6.795
[1758203677827324987],,,,-0.163,-0.972,6.792
[1758203677831009310],,,,-0.781,-1.29,6.038
[1758203677834930612],,,,-0.608,-1.597,5.638
[1758203677838681549],,,,-0.405,-1.729,5.653
[1758203677842387330],,,,-0.455,-2.018,4.978
[1758203677846099778],,,,-0.565,-2.179,5.069
[1758203677849823789],,,,-0.314,-2.43,4.81
[1758203677853495351],,,,-0.05,-2.61,4.841
[1758203677857752122],,,,0.29,-2.653,4.764
[1758203677862630820],,,,0.986,-2.368,5.26
[1758203677866684883],,,,1.468,-2.222,6.11
[1758203677870688789],,,,2.207,-2.229,7.233
[1758203677874705872],,,,3.491,-2.002,8.38
[1758203677878649726],,,,4.69,-2.272,7.365
[1758203677882517747],,,,4.025,-1.923,7.348
[1758203677886410403],,,,2.887,-1.312,19.613
[1758203677891047226],,,,19.613,19.613,10.228
[1758203677895249883],,,,1.288,0.658,11.238
[1758203677899951810],,,,4.367,0.632,8.246
[1758203677904058060],,,,2.703,1.513,12.316
[1758203677907815716],,,,5.308,1.195,14.166
[1758203677911496966],,,,7.025,-0.469,10.441
[1758203677915192955],,,,4.709,-1.513,9.476
[1758203677918854987],,,,0.005,-0.412,10.242
[1758203677922523164],,,,4.183,-1.046,9.555
[1758203677926192799],,,,2.744,2.428,11.317
[1758203677929850507],,,,0.749,1.377,9.893
[1758203677933509257],,,,3.081,0.199,10.566
[1758203677937210299],,,,3.278,0.084,9.938
[1758203677940865039],,,,2.169,0.848,9.716
[1758203677944822174],,,,2.246,0.184,10.448
[1758203677948552799],,,,2.191,1.666,11.138
[1758203677952225612],,,,3.692,0.888,11.76
[1758203677955931497],,,,5.734,0.898,12.577
[1758203677959603789],,,,4.891,2.88,12.574
[1758203677963270247],,,,4.149,2.82,12.012
[1758203677966949830],,,,4.154,2.049,11.521
[1758203677970654153],,,,4.243,1.07,10.635
[1758203677974343060],,,,4.075,0.642,10.046
[1758203677978050403],,,,3.627,0.737,10.077
[1758203677981743216],,,,3.469,0.627,9.481
[1758203677985543112],,,,2.804,0.352,9.196
[1758203677989196549],,,,2.09,0.22,8.966
[1758203677992885091],,,,1.867,0.0,8.322
[1758203677996657851],,,,1.381,-0.469,7.721
[1758203678000353372],,,,0.996,-0.809,7.144
[1758203678004057591],,,,0.426,-0.721,7.092
[1758203678007807174],,,,0.601,-0.814,6.752
[1758203678011750768],,,,0.816,-1.35,6.342
[1758203678015539310],,,,1.058,-1.494,6.239
[1758203678019208737],,,,1.257,-1.583,6.189
[1758203678022913112],,,,1.322,-1.583,6.393
[1758203678026610403],,,,1.118,-1.568,5.947
[1758203678030301393],,,,1.281,-1.674,6.227
[1758203678033985299],,,,1.346,-1.877,6.041
[1758203678037659622],,,,1.539,-1.896,6.038
[1758203678041307903],,,,1.456,-1.879,6.333
[1758203678045241810],,,,1.688,-1.551,6.586
[1758203678048933476],,,,1.911,-1.362,7.274
[1758203678052619101],,,,2.322,-1.506,6.431
[1758203678056456653],,,,2.416,-1.796,6.859
[1758203678060206341],,,,2.483,-1.231,7.609
[1758203678063886549],,,,3.031,-1.226,7.872
[1758203678067613320],,,,3.395,-1.12,9.371
[1758203678071278737],,,,3.565,-0.599,8.382
[1758203678075007903],,,,3.273,-0.596,9.04
[1758203678078720247],,,,13.206,19.613,19.613
[1758203678082390039],,,,16.053,5.866,4.817
[1758203678086155612],,,,4.441,-0.582,10.032
[1758203678089818945],,,,4.695,-1.264,9.522
[1758203678093480507],,,,4.106,0.532,11.626
[1758203678097444518],,,,3.156,0.431,11.126
[1758203678101124935],,,,3.668,-0.606,9.646
[1758203678104893320],,,,3.024,-0.668,10.173
[1758203678108578789],,,,3.306,-0.773,9.254
[1758203678112296497],,,,3.247,-0.555,9.874
[1758203678116427487],,,,1.721,0.292,9.73
[1758203678120179882],,,,2.823,-0.297,10.216
[1758203678123855820],,,,4.693,-0.05,9.56
[1758203678127577122],,,,4.499,0.065,9.658
[1758203678131314518],,,,3.814,0.522,11.478
[1758203678136339049],,,,2.945,0.979,11.291
[1758203678142299153],,,,4.954,2.31,12.356
[1758203678148189257],,,,5.77,1.75,11.411
[1758203678153435820],,,,5.121,0.527,10.563
[1758203678158581237],,,,4.721,0.22,10.034
[1758203678163688059],,,,4.362,0.311,9.292
[1758203678168828945],,,,3.498,0.275,8.586
[1758203678173947591],,,,3.273,-0.158,8.799
[1758203678179070768],,,,2.54,-0.826,7.585
[1758203678184172643],,,,2.128,-0.953,7.515
[1758203678189360195],,,,1.973,-0.702,7.264
[1758203678194609309],,,,1.808,-0.797,6.816
[1758203678200054362],,,,1.262,-1.018,6.625
[1758203678205238580],,,,0.589,-0.867,6.378
[1758203678210424362],,,,0.757,-1.12,5.923
[1758203678215584830],,,,0.687,-1.135,6.086
[1758203678221847903],,,,0.907,-1.216,5.856
[1758203678228347903],,,,0.804,-1.235,5.868
[1758203678233669518],,,,1.049,-1.379,6.225
[1758203678238901184],,,,1.355,-1.434,6.426
[1758203678243995195],,,,1.69,-1.293,6.924
[1758203678249187955],,,,2.595,-0.95,9.28
[1758203678254338268],,,,-2.638,14.593,3.83
[1758203678259476028],,,,19.601,10.257,14.284
[1758203678264581289],,,,8.638,-0.929,10.74
[1758203678269718684],,,,3.033,-1.173,8.413
[1758203678274836653],,,,3.448,-0.024,11.15
[1758203678280106445],,,,3.139,0.065,9.922
[1758203678285242695],,,,2.823,-0.144,9.088
[1758203678290332539],,,,3.084,-0.057,9.273
[1758203678295450299],,,,4.357,-2.188,9.29
[1758203678300662539],,,,4.611,0.12,9.661
[1758203678305846549],,,,4.187,1.879,10.853
[1758203678310986237],,,,4.089,-0.46,10.527
[1758203678316160403],,,,4.518,0.486,11.25
[1758203678321386289],,,,6.141,0.148,11.128
[1758203678326563528],,,,6.618,0.541,11.7
[1758203678331707695],,,,5.291,2.011,11.612
[1758203678338206549],,,,4.575,0.881,10.245
[1758203678343544466],,,,4.413,0.448,9.256
[1758203678349920820],,,,3.232,0.172,9.009
[1758203678355204257],,,,2.986,0.124,8.2
[1758203678360355820],,,,2.095,-0.108,7.92
[1758203678365485039],,,,1.587,-0.34,7.446
[1758203678370635247],,,,0.819,-0.723,6.68
[1758203678375808684],,,,0.168,-0.991,6.199
[1758203678380947330],,,,-0.12,-1.166,5.507
[1758203678386097955],,,,0.306,-1.324,5.428
[1758203678391201809],,,,0.316,-1.575,5.303
[1758203678397075403],,,,0.141,-1.92,4.973
[1758203678403637486],,,,0.824,-2.421,5.329
[1758203678410260872],,,,1.585,-1.966,5.928
[1758203678416991861],,,,2.176,-1.386,7.061
[1758203678423578736],,,,3.345,-1.211,7.896
[1758203678429204361],,,,5.006,18.783,19.613
[1758203678435231497],,,,11.363,13.305,10.455
[1758203678440548684],,,,6.993,-0.168,10.13
[1758203678445568945],,,,4.259,-1.561,9.148
[1758203678451431861],,,,2.751,0.297,9.972
[1758203678456213372],,,,3.314,-0.555,10.195
[1758203678460745872],,,,5.133,-0.955,8.95
[1758203678465298164],,,,3.294,0.836,9.989
[1758203678469845716],,,,4.247,0.23,9.572
[1758203678474357643],,,,4.259,0.055,9.653
[1758203678478909049],,,,5.282,0.522,12.972
[1758203678483412799],,,,4.87,1.839,12.699
[1758203678487955768],,,,5.784,-0.29,12.342
[1758203678492607330],,,,6.445,0.668,12.637
[1758203678497512486],,,,4.968,3.555,13.068
[1758203678502052278],,,,4.879,2.813,12.359
[1758203678506593841],,,,5.042,1.274,11.277
[1758203678511105611],,,,3.972,0.651,9.859
[1758203678515676236],,,,2.758,0.673,8.502
[1758203678520201809],,,,1.099,0.603,8.274
[1758203678524711184],,,,1.508,0.283,8.849
[1758203678529241236],,,,1.489,-0.215,6.246
[1758203678533920768],,,,1.166,-0.56,7.57
[1758203678539122486],,,,1.642,-0.785,6.11
[1758203678544356966],,,,1.173,-1.247,6.23
[1758203678549964361],,,,0.663,-1.415,5.899
[1758203678556476757],,,,1.183,-1.681,6.184
[1758203678561753268],,,,1.458,-1.956,5.397
[1758203678566862538],,,,1.061,-2.052,5.073
[1758203678571953893],,,,1.137,-2.155,5.191
[1758203678577088580],,,,1.168,-2.344,5.241
[1758203678582192278],,,,1.652,-2.334,5.437
[1758203678587306549],,,,1.903,-2.207,5.607
[1758203678592418268],,,,2.097,-1.87,7.022
[1758203678598861028],,,,2.617,-1.587,6.771
[1758203678604109205],,,,3.129,-1.587,7.331
[1758203678609241757],,,,3.357,-1.233,7.951
[1758203678614342903],,,,3.268,-0.972,8.317
[1758203678619490091],,,,3.757,-0.294,9.867
[1758203678624600924],,,,19.0,3.335,19.613
[1758203678629711861],,,,2.667,12.062,9.953
[1758203678634843163],,,,6.986,3.843,10.597
[1758203678639980872],,,,5.358,-3.859,7.887
[1758203678645177486],,,,1.803,1.223,11.638
[1758203678650933841],,,,3.297,-0.124,9.725
[1758203678656199101],,,,3.426,-1.219,9.73
[1758203678661629049],,,,5.028,-0.613,8.933
[1758203678666779622],,,,4.439,-0.46,10.125
[1758203678671895872],,,,3.426,2.025,12.084
[1758203678677003059],,,,4.755,3.261,13.917
[1758203678682108268],,,,5.547,3.658,13.07
[1758203678687231288],,,,5.708,2.564,12.251
[1758203678692458736],,,,3.773,1.911,9.093
[1758203678697728580],,,,0.424,1.585,5.526
[1758203678702867903],,,,-2.184,-0.424,6.026
[1758203678708098059],,,,-3.412,0.86,2.023
[1758203678713210663],,,,-3.804,0.737,0.917
[1758203678718345611],,,,-5.126,3.469,0.474
[1758203678723456028],,,,-2.267,3.33,-0.05
[1758203678728580559],,,,1.978,3.012,-0.321
[1758203678733769726],,,,5.772,-1.307,19.613
[1758203678739010507],,,,-10.659,-3.994,19.613
[1758203678744149570],,,,3.024,-8.413,4.994
[1758203678749357434],,,,19.484,-1.408,0.129
[1758203678754491653],,,,3.855,-0.735,9.488
[1758203678760165247],,,,2.744,-0.256,7.946
[1758203678765319205],,,,1.24,1.092,9.965
[1758203678770745507],,,,0.532,-0.098,8.035
[1758203678775991601],,,,1.707,0.812,8.83
[1758203678781137590],,,,2.057,1.472,9.445
[1758203678786342226],,,,3.57,0.694,9.953
[1758203678791463059],,,,3.543,0.371,9.821
[1758203678796726445],,,,3.651,0.268,10.295
[1758203678802048215],,,,3.412,-0.196,9.723
[1758203678807195090],,,,3.237,0.376,9.392
[1758203678812330768],,,,2.981,0.34,9.041
[1758203678817472643],,,,1.923,-0.692,8.746
[1758203678822627018],,,,2.351,-0.522,9.658
[1758203678827764465],,,,3.742,0.223,9.199
[1758203678832905715],,,,3.594,0.982,8.887
[1758203678838133788],,,,3.472,0.821,8.904
[1758203678843360247],,,,3.247,0.46,9.498
[1758203678848846132],,,,2.823,0.175,9.129
[1758203678854049257],,,,2.612,0.417,9.33
[1758203678862896549],,,,3.108,0.223,9.634
[1758203678868182695],,,,3.28,0.335,9.474
[1758203678873326653],,,,3.438,0.362,9.644
[1758203678878812538],,,,3.021,0.326,9.361
[1758203678883957851],,,,2.966,0.553,9.287
[1758203678889126809],,,,3.144,0.577,9.261
[1758203678894529049],,,,3.041,0.534,9.244
[1758203678899782590],,,,3.16,0.474,9.301
[1758203678904915872],,,,2.873,0.419,9.311
[1758203678910058788],,,,3.031,0.457,9.354
[1758203678915202955],,,,3.055,0.4,9.357
[1758203678920338007],,,,3.323,0.362,9.517
[1758203678925443736],,,,3.314,0.359,9.395
[1758203678930658736],,,,3.311,0.429,9.452
[1758203678936013268],,,,3.117,0.45,9.306
[1758203678941198893],,,,2.904,0.342,9.203
[1758203678946536549],,,,3.036,0.453,9.194
[1758203678951660299],,,,3.005,0.443,9.201
[1758203678956779361],,,,3.067,0.357,9.234
[1758203678961884413],,,,3.072,0.45,9.222
[1758203678967035299],,,,3.194,0.51,9.22
[1758203678974553059],,,,2.959,0.362,9.483
[1758203678979976132],,,,3.067,0.426,9.208
[1758203678986598684],,,,2.962,0.381,9.357
[1758203678992994205],,,,2.854,0.342,9.328
[1758203678998294361],,,,2.887,0.575,9.299
[1758203679003406549],,,,3.045,0.522,9.369
[1758203679008528684],,,,2.816,0.412,9.323
[1758203679013623007],,,,3.136,0.486,9.194
[1758203679018724986],,,,3.024,0.33,9.388
[1758203679023820403],,,,3.019,0.436,9.282
[1758203679028958580],,,,3.081,0.414,9.404
[1758203679034071236],,,,2.799,0.354,9.392
[1758203679039284622],,,,2.966,0.469,9.488
[1758203679045142122],,,,3.014,0.4,9.345
[1758203679050794413],,,,3.012,0.314,9.371
[1758203679056265611],,,,2.856,0.33,9.263
[1758203679062759361],,,,3.089,0.362,9.357
[1758203679069419934],,,,3.041,0.414,9.38
[1758203679075210924],,,,2.935,0.318,9.201
[1758203679081656445],,,,3.036,0.364,9.445
[1758203679087440455],,,,2.947,0.354,9.249
[1758203679093926965],,,,2.911,0.474,9.227
[1758203679099499517],,,,3.05,0.357,9.321
[1758203679104789934],,,,3.043,0.362,9.275
[1758203679110013632],,,,2.966,0.407,9.194
[1758203679115109465],,,,2.909,0.39,9.488
[1758203679120213684],,,,2.801,0.424,9.352
[1758203679125301184],,,,2.617,0.445,9.629
[1758203679130450924],,,,2.962,0.414,9.342
[1758203679135430872],,,,2.916,0.481,9.242
[1758203679139241757],,,,3.17,0.402,9.4
[1758203679142902486],,,,3.115,0.311,9.273
[1758203679146609517],,,,2.947,0.532,9.529
[1758203679150261549],,,,2.988,0.323,9.5
[1758203679153920351],,,,2.981,0.275,9.385
[1758203679157666184],,,,2.856,0.421,9.622
[1758203679161349726],,,,3.057,0.35,9.426
[1758203679165020195],,,,3.026,0.338,9.321
[1758203679168665872],,,,2.89,0.414,9.357
[1758203679172323111],,,,3.026,0.366,9.419
[1758203679176086028],,,,2.916,0.45,9.498
[1758203679180085351],,,,2.95,0.318,9.524
[1758203679183802590],,,,3.031,0.184,9.431
[1758203679187498163],,,,2.931,0.431,9.361
[1758203679191173892],,,,3.045,0.326,9.39
[1758203679194913892],,,,2.957,0.352,9.486
[1758203679198585611],,,,2.82,0.407,9.692
[1758203679202267955],,,,3.005,0.323,9.55
[1758203679206015299],,,,2.962,0.393,9.4
[1758203679209683372],,,,3.053,0.388,9.469
[1758203679213364882],,,,2.914,0.436,9.541
[1758203679217070559],,,,2.976,0.345,9.464
[1758203679220760767],,,,2.844,0.378,9.641
[1758203679224596653],,,,3.05,0.364,9.424
[1758203679228285090],,,,3.005,0.457,9.493
[1758203679231955299],,,,2.923,0.558,9.589
[1758203679235648736],,,,2.851,0.429,9.419
[1758203679239315559],,,,2.727,0.412,9.505
[1758203679242976705],,,,2.957,0.309,9.392
[1758203679246645767],,,,2.95,0.412,9.455
[1758203679250308944],,,,3.007,0.345,9.519
[1758203679253989049],,,,2.969,0.385,9.462
[1758203679257762174],,,,3.024,0.5,9.4
[1758203679261451184],,,,2.947,0.455,9.51
[1758203679265130507],,,,3.074,0.409,9.366
[1758203679268802955],,,,2.945,0.333,9.436
[1758203679272458944],,,,2.978,0.366,9.546
[1758203679276120299],,,,2.935,0.436,9.641
[1758203679279825351],,,,2.969,0.352,9.424
[1758203679283809361],,,,3.007,0.304,9.373
[1758203679287632174],,,,2.988,0.397,9.392
[1758203679291383163],,,,2.911,0.275,9.486
[1758203679295063684],,,,2.895,0.364,9.359
[1758203679298723424],,,,2.935,0.239,9.452
[1758203679302391340],,,,2.921,0.314,9.369
[1758203679306183840],,,,2.851,0.393,9.354
[1758203679309850351],,,,2.899,0.407,9.481
[1758203679313549517],,,,3.105,0.393,9.426
[1758203679317209830],,,,2.945,0.369,9.519
[1758203679320903632],,,,2.88,0.373,9.591
[1758203679324644257],,,,3.05,0.311,9.481
[1758203679328436028],,,,2.976,0.441,9.424
[1758203679332122226],,,,2.964,0.45,9.333
[1758203679335817122],,,,3.045,0.314,9.34
[1758203679339477903],,,,2.995,0.397,9.414
[1758203679343134726],,,,3.002,0.381,9.469
[1758203679346895507],,,,2.828,0.599,9.462
[1758203679350579361],,,,3.014,0.354,9.404
[1758203679354253580],,,,2.938,0.419,9.591
[1758203679358251497],,,,2.883,0.33,9.337
[1758203679361981080],,,,2.837,0.225,9.445
[1758203679365662434],,,,2.926,0.34,9.553
[1758203679369318632],,,,3.01,0.326,9.625
[1758203679372981080],,,,2.883,0.443,9.536
[1758203679376713372],,,,2.871,0.414,9.493
[1758203679380378684],,,,2.816,0.409,9.369
[1758203679384081184],,,,3.053,0.338,9.455
[1758203679388024413],,,,3.213,0.306,9.488
[1758203679391746392],,,,2.875,0.453,9.493
[1758203679395454049],,,,2.952,0.227,9.33
[1758203679399154413],,,,2.983,0.436,9.646
[1758203679402957590],,,,2.962,0.369,9.481
[1758203679407581861],,,,2.976,0.302,9.445
[1758203679411397330],,,,3.002,0.378,9.376
[1758203679415066705],,,,2.883,0.321,9.491
[1758203679418710715],,,,2.794,0.35,9.376
[1758203679422370299],,,,2.849,0.4,9.347
[1758203679426074257],,,,2.782,0.457,9.373
[1758203679429780663],,,,2.82,0.385,9.567
[1758203679433449726],,,,3.026,0.335,9.495
[1758203679437137799],,,,2.935,0.45,9.553
[1758203679440780299],,,,2.885,0.443,9.364
[1758203679444555767],,,,2.935,0.474,9.385
[1758203679448304569],,,,2.995,0.402,9.369
[1758203679452107017],,,,2.947,0.402,9.426
[1758203679456029101],,,,2.928,0.335,9.364
[1758203679459717382],,,,2.988,0.462,9.457
[1758203679463432851],,,,3.002,0.417,9.481
[1758203679467098267],,,,2.964,0.388,9.565
[1758203679470737382],,,,2.954,0.335,9.548
[1758203679474466496],,,,2.813,0.469,9.392
[1758203679478185976],,,,2.772,0.318,9.448
[1758203679481862955],,,,2.95,0.321,9.517
[1758203679485557017],,,,3.045,0.522,9.649
[1758203679489292955],,,,2.978,0.424,9.471
[1758203679492980611],,,,2.861,0.364,9.522
[1758203679497011549],,,,2.835,0.385,9.464
[1758203679500823163],,,,2.931,0.328,9.414
[1758203679504585246],,,,3.036,0.235,9.555
[1758203679509159569],,,,2.962,0.362,9.416
[1758203679512869674],,,,2.988,0.338,9.428
[1758203679516633736],,,,2.978,0.419,9.493
[1758203679520280976],,,,2.835,0.577,9.558
[1758203679523929621],,,,2.957,0.443,9.385
[1758203679527602746],,,,3.014,0.381,9.416
[1758203679532346809],,,,3.041,0.402,9.409
[1758203679537100924],,,,2.875,0.347,9.426
[1758203679541015090],,,,2.911,0.302,9.404
[1758203679545143528],,,,2.89,0.347,9.366
[1758203679549092226],,,,2.844,0.383,9.436
[1758203679553009465],,,,2.935,0.481,9.299
[1758203679556959778],,,,2.871,0.357,9.347
[1758203679560833267],,,,2.971,0.359,9.361
[1758203679564806965],,,,3.01,0.359,9.455
[1758203679568712486],,,,2.94,0.357,9.385
[1758203679572774621],,,,3.048,0.395,9.39
[1758203679576509726],,,,2.801,0.182,9.323
[1758203679580178371],,,,2.954,0.424,9.548
[1758203679583850455],,,,2.854,0.345,9.512
[1758203679587545611],,,,3.053,0.335,9.426
[1758203679591209621],,,,2.799,0.345,9.658
[1758203679594929101],,,,2.995,0.491,9.524
[1758203679598628684],,,,2.95,0.285,9.665
[1758203679602554778],,,,2.904,0.326,9.512
[1758203679606355559],,,,2.993,0.457,9.503
[1758203679610031601],,,,2.866,0.244,9.522
[1758203679613749361],,,,2.933,0.469,9.644
[1758203679617566861],,,,2.792,0.414,9.431
[1758203679621239778],,,,2.844,0.486,9.598
[1758203679627063163],,,,2.89,0.292,9.486
[1758203679630811913],,,,2.88,0.259,9.313
[1758203679634549101],,,,3.007,0.393,9.483
[1758203679638276705],,,,3.036,0.362,9.613
[1758203679641980976],,,,2.887,0.342,9.491
[1758203679645732434],,,,3.019,0.376,9.493
[1758203679649430038],,,,2.859,0.383,9.431
[1758203679653181132],,,,2.866,0.285,9.354
[1758203679657066705],,,,2.914,0.433,9.433
[1758203679660753580],,,,2.978,0.397,9.51
[1758203679664467278],,,,2.782,0.366,9.488
[1758203679668156236],,,,2.928,0.33,9.404
[1758203679671845351],,,,2.909,0.429,9.424
[1758203679675546028],,,,2.971,0.498,9.438
[1758203679679246392],,,,2.945,0.362,9.373
[1758203679682902330],,,,2.986,0.28,9.448
[1758203679686554621],,,,3.017,0.17,9.572
[1758203679690194361],,,,2.919,0.369,9.512
[1758203679693869465],,,,2.916,0.532,9.378
[1758203679697698840],,,,3.06,0.572,9.246
[1758203679701413944],,,,2.976,0.476,9.388
[1758203679705604621],,,,2.928,0.347,9.443
[1758203679709301236],,,,2.935,0.441,9.345
[1758203679712975507],,,,2.926,0.172,9.421
[1758203679716659934],,,,2.95,0.321,9.572
[1758203679720328423],,,,2.954,0.445,9.529
[1758203679724003736],,,,3.017,0.493,9.651
[1758203679727750403],,,,2.765,0.421,9.436
[1758203679731453163],,,,2.914,0.397,9.436
[1758203679735137330],,,,2.866,0.417,9.644
[1758203679738835923],,,,2.768,0.342,9.481
[1758203679742512121],,,,2.931,0.227,9.562
[1758203679746225246],,,,2.863,0.283,9.524
[1758203679749996444],,,,2.957,0.369,9.488
[1758203679753732226],,,,2.928,0.419,9.397
[1758203679757655142],,,,2.926,0.338,9.359
[1758203679761397382],,,,2.866,0.369,9.395
[1758203679765105194],,,,2.99,0.441,9.464
[1758203679768773371],,,,2.947,0.342,9.579
[1758203679772468007],,,,2.89,0.309,9.428
[1758203679776190090],,,,2.942,0.347,9.433
[1758203679779854413],,,,2.887,0.479,9.493
[1758203679783550351],,,,2.899,0.333,9.392
[1758203679787236028],,,,2.921,0.354,9.38
[1758203679790902121],,,,2.818,0.393,9.445
[1758203679794657746],,,,2.935,0.352,9.369
[1758203679798397486],,,,2.978,0.362,9.378
[1758203679802114153],,,,2.871,0.563,9.618
[1758203679806317538],,,,3.005,0.371,9.474
[1758203679810015455],,,,2.816,0.218,9.376
[1758203679813738371],,,,2.78,0.311,9.608
[1758203679817404673],,,,2.964,0.373,9.309
[1758203679821046965],,,,2.808,0.409,9.613
[1758203679824851236],,,,2.998,0.184,9.603
[1758203679828543996],,,,2.844,0.357,9.5
[1758203679832214465],,,,2.854,0.409,9.419
[1758203679835881809],,,,2.775,0.405,9.333
[1758203679839623892],,,,2.993,0.436,9.517
[1758203679844492486],,,,2.823,0.302,9.39
[1758203679849887746],,,,2.789,0.321,9.431
[1758203679855036496],,,,2.638,0.342,9.333
[1758203679860237590],,,,2.825,0.39,9.309
[1758203679865400767],,,,2.907,0.376,9.268
[1758203679870570611],,,,2.844,0.354,9.438
[1758203679875785038],,,,2.873,0.383,9.342
[1758203679880947486],,,,2.919,0.347,9.34
[1758203679886171340],,,,2.792,0.362,9.359
[1758203679891301913],,,,2.78,0.345,9.273
[1758203679896467903],,,,2.844,0.484,9.251
[1758203679901561600],,,,2.952,0.419,9.203
[1758203679906802017],,,,2.923,0.397,9.608
[1758203679912460350],,,,2.77,0.378,9.313
[1758203679917720507],,,,3.067,0.443,9.426
[1758203679924000611],,,,2.875,0.345,9.479
[1758203679929533371],,,,2.856,0.311,9.364
[1758203679934650038],,,,2.784,0.318,9.436
[1758203679939790142],,,,2.866,0.584,9.29
[1758203679944915559],,,,2.885,0.412,9.249
[1758203679950071236],,,,2.749,0.431,9.222
[1758203679955196965],,,,2.866,0.385,9.567
[1758203679960455350],,,,2.974,0.397,9.335
[1758203679965636444],,,,2.907,0.417,9.385
[1758203679970893371],,,,2.94,0.309,9.373
[1758203679976115819],,,,2.83,0.208,9.318
[1758203679981228996],,,,2.775,0.39,9.397
[1758203679986394673],,,,2.954,0.335,9.419
[1758203679991499882],,,,2.765,0.328,9.421
[1758203679996676444],,,,2.871,0.314,9.261
[1758203680001837746],,,,2.856,0.493,9.493
[1758203680008303840],,,,2.682,0.352,9.266
[1758203680013611132],,,,3.124,0.417,9.352
[1758203680019181184],,,,2.82,0.371,9.266
[1758203680024307955],,,,3.172,0.263,9.366
[1758203680029442955],,,,2.818,0.362,9.433
[1758203680034842069],,,,2.727,0.369,9.29
[1758203680039979100],,,,2.952,0.431,9.438
[1758203680045096705],,,,2.844,0.388,9.309
[1758203680050213684],,,,2.835,0.364,9.385
[1758203680055339205],,,,3.196,0.378,9.254
[1758203680062292590],,,,3.062,0.335,9.438
[1758203680067955090],,,,3.053,0.352,9.414
[1758203680073754986],,,,2.931,0.366,9.402
[1758203680079402173],,,,2.835,0.318,9.23
[1758203680085270975],,,,2.813,0.362,9.335
[1758203680091431861],,,,2.851,0.402,9.292
[1758203680098104882],,,,2.907,0.412,9.428
[1758203680103868580],,,,2.856,0.371,9.347
[1758203680109612746],,,,2.892,0.35,9.34
[1758203680114988111],,,,2.83,0.419,9.323
[1758203680120802694],,,,2.887,0.338,9.436
[1758203680126083111],,,,2.816,0.311,9.469
[1758203680131228684],,,,2.916,0.455,9.416
[1758203680136432017],,,,2.847,0.419,9.371
[1758203680141851184],,,,2.978,0.251,9.428
[1758203680145604100],,,,2.871,0.407,9.352
[1758203680149284100],,,,3.045,0.433,9.282
[1758203680152951080],,,,2.808,0.417,9.452
[1758203680156646965],,,,2.808,0.417,9.426
[1758203680160310350],,,,2.847,0.409,9.515
[1758203680163989413],,,,2.899,0.362,9.507
[1758203680168014048],,,,3.036,0.433,9.45
[1758203680171700507],,,,2.634,0.464,9.196
[1758203680175398423],,,,2.83,0.409,9.309
[1758203680179090715],,,,2.962,0.481,9.431
[1758203680182877330],,,,3.045,0.323,9.55
[1758203680186570090],,,,3.057,0.445,9.591
[1758203680190229309],,,,2.78,0.479,9.431
[1758203680193897642],,,,2.952,0.397,9.148
[1758203680197612642],,,,2.794,0.56,9.397
[1758203680201277746],,,,2.871,0.393,9.55
[1758203680204987382],,,,2.931,0.443,9.708
[1758203680208650194],,,,2.851,0.278,9.5
[1758203680212322798],,,,2.744,0.402,9.352
[1758203680216961705],,,,2.732,0.187,9.273
[1758203680220762746],,,,2.849,0.4,9.345
[1758203680224470402],,,,2.863,0.393,9.524
[1758203680228158736],,,,2.976,0.29,9.369
[1758203680231838527],,,,3.215,0.211,9.589
[1758203680235530142],,,,3.335,0.551,9.603
[1758203680239196392],,,,2.981,0.419,9.483
[1758203680243130455],,,,2.88,0.469,9.498
[1758203680246910038],,,,2.816,0.362,9.469
[1758203680250592486],,,,2.861,0.275,9.503
[1758203680254265507],,,,2.916,0.364,9.754
[1758203680257986809],,,,2.873,0.311,9.378
[1758203680261851809],,,,3.033,0.431,9.51
[1758203680266462902],,,,2.828,0.417,9.325
[1758203680270235819],,,,2.895,0.33,9.268
[1758203680273904986],,,,2.784,0.201,9.419
[1758203680277593059],,,,2.911,0.294,9.452
[1758203680281262902],,,,2.806,0.35,9.479
[1758203680284989257],,,,2.828,0.357,9.452
[1758203680288657069],,,,2.849,0.338,9.495
[1758203680292324048],,,,2.825,0.354,9.457
[1758203680295996444],,,,2.784,0.357,9.579
[1758203680299659882],,,,2.914,0.409,9.464
[1758203680303359569],,,,2.787,0.232,9.538
[1758203680307123059],,,,2.976,0.347,9.603
[1758203680310872069],,,,2.969,0.436,9.34
[1758203680314686288],,,,2.811,0.254,9.292
[1758203680318624725],,,,2.945,0.474,9.577
[1758203680322315194],,,,2.964,0.429,9.361
[1758203680325993267],,,,2.926,0.417,9.412
[1758203680329664257],,,,3.194,0.462,9.562
[1758203680335348319],,,,2.995,0.395,9.213
[1758203680339096965],,,,3.012,0.426,9.62
[1758203680342813996],,,,2.904,0.273,9.62
[1758203680346578996],,,,2.88,0.383,9.424
[1758203680351059934],,,,2.854,0.311,9.464
[1758203680354964309],,,,2.777,0.359,9.33
[1758203680358670507],,,,2.871,0.472,9.594
[1758203680362350559],,,,2.938,0.378,9.333
[1758203680366101184],,,,2.859,0.421,9.467
[1758203680369775038],,,,2.844,0.357,9.476
[1758203680373439048],,,,2.871,0.366,9.256
[1758203680377113007],,,,2.789,0.56,9.409
[1758203680380782902],,,,2.966,0.481,9.371
[1758203680384486809],,,,2.866,0.371,9.629
[1758203680388209882],,,,2.904,0.342,9.505
[1758203680391909934],,,,3.021,0.39,9.383
[1758203680395740559],,,,2.804,0.362,9.589
[1758203680399461496],,,,2.981,0.34,9.5
[1758203680403131548],,,,2.765,0.338,9.555
[1758203680406834152],,,,2.995,0.373,9.601
[1758203680410514725],,,,2.911,0.433,9.282
[1758203680414196809],,,,2.787,0.352,9.421
[1758203680418011340],,,,2.914,0.469,9.493
[1758203680421710454],,,,2.866,0.311,9.383
[1758203680425398475],,,,2.861,0.378,9.285
[1758203680429172434],,,,2.931,0.359,9.558
[1758203680432852538],,,,2.99,0.309,9.397
[1758203680436556132],,,,2.907,0.362,9.582
[1758203680440236861],,,,3.045,0.479,9.565
[1758203680443943267],,,,2.959,0.362,9.438
[1758203680447663059],,,,2.885,0.417,9.488
[1758203680451389829],,,,2.974,0.381,9.606
[1758203680455379152],,,,2.856,0.385,9.61
[1758203680459160559],,,,2.761,0.306,9.567
[1758203680462875038],,,,2.981,0.385,9.512
[1758203680466958475],,,,2.895,0.316,9.469
[1758203680470676392],,,,2.921,0.388,9.445
[1758203680474346288],,,,2.935,0.359,9.625
[1758203680478070246],,,,2.964,0.39,9.471
[1758203680481741496],,,,2.964,0.283,9.572
[1758203680485451288],,,,2.808,0.362,9.538
[1758203680489102798],,,,2.842,0.414,9.474
[1758203680492768840],,,,2.945,0.333,9.266
[1758203680496509517],,,,2.708,0.196,9.558
[1758203680500327798],,,,2.978,0.35,9.474
[1758203680504043632],,,,2.887,0.34,9.242
[1758203680507702642],,,,2.813,0.426,9.531
[1758203680511406079],,,,2.811,0.385,9.493
[1758203680516082902],,,,2.756,0.402,9.452
[1758203680519876652],,,,2.818,0.393,9.428
[1758203680523544569],,,,2.897,0.364,9.596
[1758203680527198215],,,,2.789,0.35,9.345
[1758203680530846861],,,,2.847,0.381,9.55
[1758203680534553111],,,,3.045,0.34,9.424
[1758203680538249725],,,,3.026,0.417,9.464
[1758203680541940246],,,,2.892,0.318,9.531
[1758203680545606340],,,,2.811,0.405,9.629
[1758203680550344777],,,,2.899,0.39,9.402
[1758203680554330506],,,,2.801,0.292,9.402
[1758203680558927017],,,,2.995,0.347,9.421
[1758203680562851027],,,,2.844,0.335,9.507
[1758203680566804152],,,,2.765,0.381,9.388
[1758203680570694361],,,,2.756,0.393,9.498
[1758203680574643267],,,,2.844,0.357,9.428
[1758203680578568684],,,,2.866,0.218,9.558
[1758203680582498006],,,,2.658,0.517,9.352
[1758203680586427121],,,,3.0,0.318,9.261
[1758203680590769986],,,,2.804,0.534,9.321
[1758203680594613006],,,,2.854,0.393,9.651
[1758203680598314777],,,,2.82,0.364,9.385
[1758203680601985715],,,,2.813,0.309,9.39
[1758203680605687486],,,,2.772,0.385,9.61
[1758203680609365402],,,,2.825,0.376,9.476
[1758203680613050090],,,,2.885,0.429,9.522
[1758203680617660715],,,,2.775,0.412,9.349
[1758203680621448527],,,,2.825,0.385,9.438
[1758203680625129204],,,,2.899,0.285,9.524
[1758203680628794569],,,,2.895,0.323,9.424
[1758203680632468006],,,,2.95,0.364,9.287
[1758203680636172746],,,,2.861,0.357,9.459
[1758203680639843892],,,,2.789,0.39,9.594
[1758203680643511131],,,,2.921,0.35,9.33
[1758203680647212642],,,,2.89,0.347,9.44
[1758203680650860663],,,,2.854,0.206,9.383
[1758203680654600090],,,,2.816,0.34,9.546
[1758203680658300559],,,,2.974,0.397,9.572
[1758203680663096392],,,,2.775,0.385,9.479
[1758203680667088267],,,,2.761,0.342,9.481
[1758203680670771392],,,,2.89,0.318,9.45
[1758203680674529569],,,,2.928,0.448,9.416
[1758203680678226131],,,,2.904,0.373,9.448
[1758203680681897277],,,,2.926,0.373,9.357
[1758203680685590298],,,,3.033,0.429,9.512
[1758203680689252486],,,,2.84,0.345,9.361
[1758203680692928736],,,,2.859,0.385,9.457
[1758203680696609829],,,,2.772,0.223,9.397
[1758203680700261809],,,,2.988,0.369,9.448
[1758203680703926392],,,,2.674,0.39,9.412
[1758203680707635506],,,,2.897,0.318,9.426
[1758203680711407017],,,,2.854,0.385,9.39
[1758203680715205090],,,,2.868,0.405,9.378
[1758203680718906027],,,,2.787,0.393,9.4
[1758203680722607381],,,,2.938,0.39,9.577
[1758203680726295402],,,,2.895,0.407,9.531
[1758203680729955715],,,,2.866,0.378,9.531
[1758203680733614309],,,,2.89,0.453,9.462
[1758203680737294621],,,,2.935,0.333,9.44
[1758203680740989881],,,,2.763,0.33,9.426
[1758203680744752486],,,,3.041,0.311,9.433
[1758203680748435038],,,,2.842,0.299,9.534
[1758203680752103371],,,,2.758,0.539,9.505
[1758203680755776704],,,,2.775,0.366,9.474
[1758203680759431548],,,,2.899,0.381,9.412
[1758203680763137590],,,,2.787,0.426,9.507
[1758203680767389361],,,,2.844,0.39,9.318
[1758203680771114986],,,,2.938,0.412,9.438
[1758203680774870506],,,,2.866,0.369,9.474
[1758203680778548163],,,,2.88,0.433,9.424
[1758203680782213944],,,,2.883,0.199,9.457
[1758203680785903319],,,,3.057,0.498,9.615
[1758203680789567017],,,,2.89,0.395,9.627
[1758203680793265663],,,,2.895,0.414,9.347
[1758203680796992017],,,,2.758,0.388,9.603
[1758203680800701340],,,,2.986,0.421,9.464
[1758203680804412381],,,,2.957,0.426,9.414
[1758203680808169152],,,,2.806,0.433,9.39
[1758203680811932225],,,,2.782,0.441,9.424
[1758203680815914569],,,,2.957,0.414,9.424
[1758203680819608736],,,,2.899,0.354,9.534
[1758203680823303683],,,,2.866,0.405,9.687
[1758203680826987902],,,,2.907,0.448,9.407
[1758203680830680194],,,,2.892,0.46,9.467
[1758203680834352017],,,,2.89,0.369,9.469
[1758203680838071704],,,,2.842,0.321,9.56
[1758203680841773840],,,,2.758,0.237,9.567
[1758203680845447746],,,,2.866,0.393,9.565
[1758203680850013371],,,,2.866,0.354,9.438
[1758203680855168683],,,,2.976,0.345,9.397
[1758203680860437173],,,,2.808,0.328,9.321
[1758203680865573840],,,,2.739,0.395,9.242
[1758203680871307486],,,,2.897,0.34,9.467
[1758203680876617538],,,,2.775,0.385,9.349
[1758203680881766079],,,,2.761,0.436,9.488
[1758203680886890975],,,,3.01,0.455,9.436
[1758203680892019673],,,,2.849,0.412,9.256
[1758203680897154204],,,,2.82,0.359,9.426
[1758203680902283371],,,,3.031,0.536,9.395
[1758203680907458579],,,,3.021,0.33,9.371
[1758203680915103423],,,,2.844,0.457,9.378
[1758203680920588371],,,,2.921,0.378,9.428
[1758203680925818579],,,,2.765,0.33,9.44
[1758203680931003840],,,,2.871,0.407,9.414
[1758203680936221340],,,,2.828,0.412,9.376
[1758203680941396548],,,,3.048,0.39,9.268
[1758203680946643215],,,,2.765,0.445,9.464
[1758203680951777173],,,,2.796,0.393,9.414
[1758203680956913527],,,,2.753,0.462,9.333
[1758203680962205558],,,,2.89,0.316,9.203
[1758203680967445090],,,,2.715,0.376,9.352
[1758203680972639465],,,,2.854,0.467,9.369
[1758203680978583371],,,,2.825,0.378,9.325
[1758203680983835819],,,,2.823,0.383,9.498
[1758203680988969465],,,,2.823,0.184,9.337
[1758203680994088683],,,,2.942,0.311,9.273
[1758203680999266965],,,,2.648,0.369,9.313
[1758203681004566704],,,,2.885,0.457,9.431
[1758203681009701913],,,,2.832,0.493,9.548
[1758203681014825923],,,,2.887,0.342,9.313
[1758203681020042642],,,,2.895,0.306,9.354
[1758203681025155142],,,,2.753,0.359,9.491
[1758203681030323527],,,,2.866,0.601,9.495
[1758203681035490246],,,,2.885,0.378,9.357
[1758203681040654152],,,,2.971,0.321,9.467
[1758203681045902538],,,,2.875,0.453,9.225
[1758203681051123683],,,,2.878,0.388,9.469
[1758203681056322590],,,,2.811,0.436,9.244
[1758203681061447017],,,,2.902,0.388,9.383
[1758203681066695506],,,,2.703,0.35,9.285
[1758203681071819413],,,,2.84,0.381,9.364
[1758203681076945819],,,,2.789,0.333,9.316
[1758203681083048735],,,,2.825,0.302,9.261
[1758203681088708006],,,,2.65,0.395,9.524
[1758203681095227642],,,,2.844,0.453,9.347
[1758203681100883215],,,,2.859,0.362,9.486
[1758203681106598371],,,,2.82,0.393,9.404
[1758203681111981808],,,,2.842,0.335,9.467
[1758203681118560923],,,,2.861,0.378,9.459
[1758203681125249413],,,,2.875,0.314,9.536
[1758203681131915246],,,,2.801,0.366,9.385
[1758203681138500975],,,,2.799,0.407,9.395
[1758203681144091444],,,,2.828,0.419,9.414
[1758203681149075506],,,,2.801,0.383,9.459
[1758203681152782329],,,,2.964,0.316,9.486
[1758203681156470767],,,,2.974,0.354,9.56
[1758203681160120715],,,,2.871,0.357,9.366
[1758203681163780454],,,,2.897,0.601,9.644
[1758203681167498527],,,,3.045,0.417,9.668
[1758203681171163579],,,,2.808,0.424,9.436
[1758203681175747069],,,,3.031,0.395,9.357
[1758203681179514204],,,,2.861,0.448,9.486
[1758203681183523110],,,,2.866,0.433,9.538
[1758203681187271287],,,,2.82,0.417,9.615
[1758203681190941965],,,,3.033,0.414,9.361
[1758203681194662017],,,,2.974,0.362,9.297
[1758203681198350090],,,,2.823,0.208,9.481
[1758203681202013058],,,,2.818,0.28,9.438
[1758203681205683006],,,,2.976,0.436,9.529
[1758203681209349100],,,,2.816,0.247,9.476
[1758203681213014256],,,,2.82,0.376,9.481
[1758203681216729621],,,,2.873,0.484,9.603
[1758203681220396912],,,,2.708,0.256,9.622
[1758203681224115819],,,,2.885,0.333,9.515
[1758203681228812381],,,,3.007,0.306,9.416
[1758203681232601652],,,,2.82,0.426,9.39
[1758203681236282746],,,,2.727,0.232,9.227
[1758203681239940871],,,,2.842,0.589,9.385
[1758203681243605558],,,,2.849,0.369,9.584
[1758203681247316912],,,,2.825,0.338,9.598
[1758203681250983423],,,,2.816,0.417,9.407
[1758203681254681600],,,,2.945,0.175,9.584
[1758203681258341652],,,,2.72,0.407,9.383
[1758203681261997329],,,,2.859,0.433,9.615
[1758203681265700975],,,,2.84,0.35,9.407
[1758203681269367329],,,,2.794,0.287,9.333
[1758203681273047798],,,,2.622,0.464,9.519
[1758203681277001912],,,,2.907,0.383,9.459
[1758203681280696131],,,,2.804,0.397,9.471
[1758203681284350610],,,,2.753,0.445,9.632
[1758203681288039256],,,,2.789,0.385,9.491
[1758203681291984881],,,,2.763,0.589,9.577
[1758203681295683371],,,,2.792,0.402,9.392
[1758203681299348527],,,,2.782,0.366,9.483
[1758203681303002590],,,,2.887,0.168,9.242
[1758203681306659152],,,,2.842,0.436,9.517
[1758203681310305871],,,,2.933,0.503,9.491
[1758203681314013423],,,,2.971,0.417,9.531
[1758203681317753371],,,,2.837,0.486,9.481
[1758203681321528371],,,,2.818,0.419,9.457
[1758203681326126444],,,,2.885,0.445,9.366
[1758203681329902902],,,,2.892,0.421,9.653
[1758203681333574100],,,,2.94,0.393,9.294
[1758203681337219517],,,,2.818,0.479,9.292
[1758203681340870194],,,,2.878,0.488,9.452
[1758203681344571392],,,,2.753,0.421,9.515
[1758203681348296704],,,,2.847,0.412,9.603
[1758203681351961079],,,,2.895,0.352,9.354
[1758203681355640350],,,,2.818,0.35,9.45
[1758203681359290662],,,,2.787,0.429,9.57
[1758203681363013996],,,,2.744,0.424,9.61
[1758203681366728475],,,,2.926,0.338,9.486
[1758203681370515923],,,,2.806,0.39,9.376
[1758203681374201652],,,,2.729,0.433,9.503
[1758203681377971444],,,,2.854,0.357,9.615
[1758203681381639465],,,,2.782,0.285,9.61
[1758203681385331079],,,,2.777,0.366,9.589
[1758203681388997069],,,,2.787,0.426,9.615
[1758203681392786496],,,,2.851,0.294,9.388
[1758203681396741183],,,,2.88,0.395,9.45
[1758203681400524100],,,,2.851,0.397,9.378
[1758203681404221079],,,,2.713,0.362,9.627
[1758203681407904517],,,,2.89,0.357,9.378
[1758203681411557277],,,,2.823,0.354,9.436
[1758203681415256079],,,,2.823,0.539,9.404
[1758203681418917433],,,,2.911,0.438,9.598
[1758203681422582173],,,,2.863,0.354,9.495
[1758203681426348527],,,,3.005,0.153,9.515
[1758203681430014256],,,,2.844,0.402,9.553
[1758203681433696339],,,,2.854,0.309,9.364
[1758203681437405506],,,,2.777,0.371,9.613
[1758203681441105819],,,,2.873,0.34,9.488
[1758203681445109204],,,,2.787,0.419,9.316
[1758203681448809204],,,,2.811,0.448,9.567
[1758203681452509673],,,,2.892,0.486,9.646
[1758203681456198371],,,,2.758,0.175,9.407
[1758203681459832485],,,,2.823,0.474,9.503
[1758203681463523735],,,,2.854,0.429,9.349
[1758203681467274204],,,,2.828,0.421,9.481
[1758203681470949360],,,,2.945,0.409,9.426
[1758203681474699933],,,,2.782,0.474,9.598
[1758203681479260871],,,,2.813,0.378,9.321
[1758203681482980714],,,,2.919,0.378,9.517
[1758203681486763475],,,,2.926,0.409,9.481
[1758203681490408162],,,,2.777,0.259,9.471
[1758203681494073579],,,,2.866,0.309,9.467
[1758203681497775871],,,,2.849,0.271,9.649
[1758203681501683892],,,,2.78,0.35,9.615
[1758203681505413267],,,,3.014,0.436,9.4
[1758203681509088162],,,,2.775,0.407,9.486
[1758203681512795558],,,,2.825,0.266,9.591
[1758203681516503006],,,,2.761,0.354,9.517
[1758203681520190298],,,,2.883,0.515,9.313
[1758203681523876339],,,,2.727,0.438,9.481
[1758203681528487902],,,,2.653,0.441,9.208
[1758203681532286652],,,,2.83,0.438,9.321
[1758203681535978996],,,,2.823,0.414,9.627
[1758203681539643839],,,,2.851,0.393,9.431
[1758203681543309933],,,,2.849,0.469,9.529
[1758203681547002069],,,,2.758,0.443,9.469
[1758203681550663006],,,,2.732,0.359,9.385
[1758203681554376652],,,,2.775,0.33,9.601
[1758203681558064985],,,,2.878,0.405,9.407
[1758203681561733423],,,,2.875,0.357,9.498
[1758203681565844777],,,,2.777,0.378,9.404
[1758203681570679256],,,,2.806,0.421,9.445
[1758203681574823110],,,,2.842,0.369,9.479
[1758203681579649308],,,,2.619,0.362,9.328
[1758203681583612798],,,,2.799,0.5,9.371
[1758203681587534360],,,,2.899,0.45,9.55
[1758203681591432173],,,,2.804,0.414,9.56
[1758203681595367589],,,,2.705,0.395,9.462
[1758203681600161131],,,,2.756,0.373,9.459
[1758203681604892589],,,,2.892,0.373,9.301
[1758203681608966860],,,,2.784,0.424,9.361
[1758203681612695402],,,,2.775,0.395,9.527
[1758203681616383735],,,,2.907,0.4,9.627
[1758203681620027902],,,,2.904,0.294,9.483
[1758203681623693371],,,,2.871,0.462,9.61
[1758203681628241860],,,,2.78,0.424,9.512
[1758203681632034308],,,,2.806,0.419,9.349
[1758203681635738787],,,,2.878,0.405,9.443
[1758203681639398787],,,,2.78,0.417,9.519
[1758203681643053735],,,,2.727,0.46,9.4
[1758203681646735766],,,,2.89,0.397,9.651
[1758203681650409464],,,,2.911,0.472,9.756
[1758203681654152433],,,,2.914,0.373,9.596
[1758203681657860819],,,,2.796,0.414,9.464
[1758203681661521860],,,,2.614,0.311,9.433
[1758203681665232746],,,,2.674,0.314,9.515
[1758203681668907381],,,,2.895,0.335,9.613
[1758203681672653006],,,,2.868,0.211,9.469
[1758203681676349881],,,,2.761,0.366,9.503
[1758203681680013319],,,,2.909,0.46,9.577
[1758203681683685037],,,,2.892,0.35,9.474
[1758203681687597016],,,,2.674,0.362,9.462
[1758203681691297173],,,,2.863,0.393,9.586
[1758203681695052485],,,,2.878,0.445,9.574
[1758203681698724933],,,,2.744,0.577,9.685
[1758203681702400610],,,,2.883,0.441,9.517
[1758203681706093162],,,,2.887,0.424,9.582
[1758203681709770402],,,,2.825,0.357,9.416
[1758203681713697225],,,,2.775,0.481,9.565
[1758203681717423735],,,,2.782,0.426,9.522
[1758203681721089464],,,,2.887,0.378,9.493
[1758203681724859412],,,,2.844,0.39,9.452
[1758203681728595819],,,,2.682,0.419,9.402
[1758203681732415089],,,,2.851,0.393,9.395
[1758203681736985923],,,,2.873,0.376,9.282
[1758203681740758683],,,,2.871,0.371,9.546
[1758203681744451444],,,,2.796,0.34,9.345
[1758203681748110194],,,,2.868,0.412,9.62
[1758203681751766600],,,,2.871,0.575,9.491
[1758203681755457069],,,,2.799,0.479,9.392
[1758203681759130766],,,,2.926,0.316,9.594
[1758203681762781548],,,,2.626,0.316,9.397
[1758203681766460766],,,,2.861,0.306,9.428
[1758203681770138839],,,,2.907,0.532,9.505
[1758203681773811652],,,,2.705,0.225,9.531
[1758203681777566391],,,,3.007,0.29,9.479
[1758203681781319048],,,,2.813,0.383,9.436
[1758203681785133475],,,,2.899,0.333,9.462
[1758203681788812798],,,,2.993,0.46,9.438
[1758203681792511183],,,,2.784,0.335,9.534
[1758203681796202589],,,,2.72,0.409,9.522
[1758203681799942433],,,,2.705,0.309,9.493
[1758203681803615246],,,,2.897,0.479,9.448
[1758203681807271600],,,,2.868,0.345,9.656
[1758203681810914516],,,,2.799,0.393,9.448
[1758203681814628058],,,,2.851,0.481,9.39
[1758203681819238266],,,,2.851,0.469,9.378
[1758203681823101131],,,,2.986,0.567,9.419
[1758203681826900871],,,,2.825,0.464,9.527
[1758203681830578110],,,,2.902,0.33,9.61
[1758203681834250766],,,,2.689,0.46,9.383
[1758203681837988579],,,,2.784,0.18,9.517
[1758203681841658943],,,,2.88,0.328,9.512
[1758203681845355037],,,,2.837,0.577,9.538
[1758203681849079464],,,,2.749,0.445,9.373
[1758203681852803996],,,,2.863,0.498,9.507
[1758203681857934308],,,,2.794,0.417,9.364
[1758203681863391443],,,,2.744,0.412,9.459
[1758203681869814360],,,,2.737,0.362,9.45
[1758203681875073162],,,,2.825,0.426,9.371
[1758203681880178996],,,,2.83,0.433,9.481
[1758203681885299881],,,,2.909,0.4,9.33
[1758203681890529464],,,,2.605,0.383,9.371
[1758203681895687173],,,,2.88,0.543,9.488
[1758203681900796964],,,,2.753,0.345,9.448
[1758203681906021756],,,,2.94,0.611,9.469
[1758203681911189152],,,,2.847,0.338,9.546
[1758203681916461183],,,,2.765,0.381,9.397
[1758203681921589100],,,,2.758,0.292,9.438
[1758203681930713162],,,,2.82,0.352,9.436
[1758203681938118943],,,,2.765,0.419,9.321
[1758203681943407850],,,,2.646,0.395,9.383
[1758203681948536496],,,,2.82,0.347,9.364
[1758203681953687329],,,,2.947,0.362,9.421
[1758203681958838787],,,,2.94,0.462,9.313
[1758203681963948735],,,,2.799,0.441,9.359
[1758203681970481912],,,,2.808,0.383,9.383
[1758203681975856964],,,,2.717,0.397,9.486
[1758203681980999881],,,,2.911,0.436,9.268
[1758203681986200766],,,,2.811,0.488,9.412
[1758203681991374568],,,,2.887,0.182,9.297
[1758203681996504516],,,,2.875,0.388,9.39
[1758203682001630246],,,,2.808,0.35,9.503
[1758203682006778735],,,,2.708,0.378,9.239
[1758203682011919464],,,,2.832,0.345,9.218
[1758203682017135246],,,,2.861,0.436,9.246
[1758203682022287329],,,,2.768,0.433,9.462
[1758203682027452016],,,,2.84,0.338,9.361
[1758203682032571287],,,,2.806,0.4,9.404
[1758203682038129516],,,,2.902,0.311,9.45
[1758203682043273527],,,,2.691,0.429,9.227
[1758203682048384360],,,,2.892,0.366,9.38
[1758203682053496860],,,,2.875,0.467,9.416
[1758203682058746495],,,,2.945,0.347,9.38
[1758203682063870193],,,,2.784,0.323,9.328
[1758203682069071964],,,,2.77,0.39,9.294
[1758203682074530714],,,,2.88,0.503,9.215
[1758203682079830923],,,,2.84,0.376,9.414
[1758203682085005245],,,,2.897,0.453,9.323
[1758203682090242954],,,,2.737,0.503,9.385
[1758203682095402589],,,,2.907,0.436,9.232
[1758203682100585818],,,,2.825,0.338,9.495
[1758203682105747329],,,,2.763,0.412,9.457
[1758203682112671756],,,,2.772,0.421,9.376
[1758203682118299829],,,,2.871,0.433,9.371
[1758203682123662433],,,,2.854,0.436,9.507
[1758203682130180818],,,,2.825,0.335,9.474
[1758203682135871808],,,,2.787,0.388,9.493
[1758203682141627641],,,,3.033,0.448,9.421
[1758203682148143943],,,,2.808,0.438,9.371
[1758203682154583006],,,,2.804,0.35,9.29
[1758203682160040245],,,,2.883,0.306,9.428
[1758203682164813266],,,,2.782,0.359,9.507
[1758203682169545193],,,,2.851,0.388,9.601
[1758203682174175923],,,,2.851,0.373,9.486
[1758203682178749204],,,,2.82,0.347,9.426
[1758203682183267225],,,,2.674,0.4,9.467
[1758203682187829100],,,,2.794,0.388,9.299
[1758203682192349308],,,,2.77,0.323,9.457
[1758203682197946235],,,,2.787,0.378,9.409
[1758203682202598527],,,,2.808,0.395,9.376
[1758203682207168110],,,,2.928,0.493,9.364
[1758203682211692277],,,,2.777,0.29,9.486
[1758203682216242902],,,,2.928,0.33,9.38
[1758203682220755975],,,,2.849,0.412,9.474
[1758203682225315558],,,,2.863,0.33,9.445
[1758203682229873891],,,,2.971,0.316,9.371
[1758203682234398370],,,,2.804,0.385,9.254
[1758203682238945870],,,,2.684,0.39,9.438
[1758203682243556964],,,,2.832,0.263,9.388
[1758203682248168162],,,,2.849,0.462,9.503
[1758203682252693891],,,,2.866,0.311,9.44
[1758203682257704464],,,,2.78,0.453,9.486
[1758203682262839881],,,,2.77,0.551,9.227
[1758203682268373162],,,,2.749,0.438,9.479
[1758203682273538787],,,,2.78,0.429,9.321
[1758203682278694933],,,,2.871,0.402,9.471
[1758203682284095245],,,,2.904,0.397,9.404
[1758203682289249620],,,,2.825,0.469,9.34
[1758203682294379047],,,,2.768,0.443,9.483
[1758203682299605193],,,,2.904,0.45,9.266
[1758203682304725402],,,,2.895,0.45,9.649
[1758203682309956027],,,,2.909,0.438,9.333
[1758203682315151704],,,,2.923,0.419,9.414
[1758203682320265818],,,,2.875,0.419,9.469
[1758203682325368995],,,,2.863,0.385,9.455
[1758203682330516808],,,,2.842,0.467,9.419
[1758203682335661547],,,,2.897,0.347,9.261
[1758203682340767797],,,,2.806,0.527,9.347
[1758203682345971391],,,,2.935,0.342,9.208
[1758203682351245610],,,,2.804,0.314,9.316
[1758203682356516652],,,,2.705,0.326,9.369
[1758203682361660297],,,,2.799,0.534,9.452
[1758203682366854204],,,,2.758,0.534,9.479
[1758203682372011704],,,,2.737,0.328,9.292
[1758203682378579985],,,,2.801,0.357,9.618
[1758203682383821808],,,,2.952,0.385,9.359
[1758203682390191079],,,,2.808,0.381,9.352
[1758203682396698735],,,,2.811,0.33,9.431
[1758203682401955402],,,,2.775,0.397,9.4
[1758203682407088787],,,,2.847,0.292,9.328
[1758203682412195350],,,,2.895,0.424,9.352
[1758203682417310037],,,,2.753,0.464,9.402
[1758203682422416443],,,,2.868,0.563,9.486
[1758203682427539933],,,,2.823,0.294,9.38
[1758203682432657537],,,,2.871,0.491,9.598
[1758203682437813891],,,,2.844,0.39,9.457
[1758203682443019777],,,,2.816,0.431,9.27
[1758203682448221287],,,,2.804,0.405,9.222
[1758203682453334412],,,,2.751,0.424,9.402
[1758203682458487797],,,,2.837,0.395,9.371
[1758203682463603006],,,,2.789,0.405,9.503
[1758203682468717850],,,,2.842,0.417,9.321
[1758203682473833527],,,,2.84,0.445,9.45
[1758203682478982745],,,,2.72,0.441,9.431
[1758203682484467433],,,,2.751,0.402,9.376
[1758203682489616235],,,,2.828,0.522,9.474
[1758203682496079256],,,,2.811,0.347,9.44
[1758203682502468839],,,,2.966,0.436,9.354
[1758203682507735870],,,,2.619,0.357,9.503
[1758203682512847902],,,,2.682,0.397,9.615
[1758203682517975610],,,,2.885,0.457,9.311
[1758203682523074672],,,,2.787,0.371,9.443
[1758203682528193579],,,,2.701,0.395,9.301
[1758203682533302797],,,,2.859,0.335,9.452
[1758203682538446599],,,,2.813,0.364,9.266
[1758203682543571704],,,,2.816,0.366,9.491
[1758203682548846808],,,,2.83,0.338,9.443
[1758203682553963474],,,,2.727,0.393,9.603
[1758203682559105089],,,,2.866,0.424,9.34
[1758203682564212902],,,,2.902,0.376,9.369
[1758203682569360662],,,,2.837,0.373,9.388
[1758203682574482641],,,,2.811,0.429,9.445
[1758203682579598839],,,,2.885,0.412,9.527
[1758203682584713579],,,,2.851,0.453,9.412
[1758203682590221547],,,,2.861,0.366,9.483
[1758203682595382329],,,,2.818,0.333,9.294
[1758203682600929047],,,,3.002,0.376,9.285
[1758203682606187797],,,,2.911,0.424,9.357
[1758203682611406131],,,,2.854,0.153,9.208
[1758203682616585922],,,,2.902,0.57,9.287
[1758203682621706443],,,,2.765,0.395,9.433
[1758203682626852589],,,,2.636,0.385,9.586
[1758203682632043214],,,,3.05,0.292,9.51
[1758203682637357485],,,,2.892,0.433,9.424
[1758203682642527433],,,,2.947,0.453,9.194
[1758203682647717172],,,,2.856,0.347,9.424
[1758203682652871704],,,,2.679,0.534,9.452
[1758203682658127849],,,,2.875,0.328,9.424
[1758203682663277954],,,,2.813,0.409,9.467
[1758203682668422172],,,,2.959,0.436,9.486
[1758203682673589777],,,,2.72,0.395,9.232
[1758203682678887016],,,,2.859,0.414,9.495
[1758203682684009881],,,,2.761,0.388,9.4
[1758203682689169620],,,,2.763,0.357,9.488
[1758203682694296339],,,,2.871,0.45,9.431
[1758203682699934204],,,,2.832,0.311,9.38
[1758203682705109933],,,,2.873,0.405,9.455
[1758203682711446860],,,,2.851,0.39,9.349
[1758203682716964985],,,,2.887,0.395,9.431
[1758203682722076651],,,,2.825,0.395,9.299
[1758203682727206756],,,,2.88,0.287,9.428
[1758203682732309360],,,,2.868,0.4,9.529
[1758203682737411651],,,,2.914,0.409,9.388
[1758203682742526391],,,,2.758,0.419,9.38
[1758203682749101026],,,,2.799,0.429,9.383
[1758203682755928214],,,,2.808,0.429,9.299
[1758203682762587797],,,,2.818,0.421,9.471
[1758203682769254308],,,,2.804,0.376,9.44
[1758203682776539308],,,,2.794,0.311,9.388
[1758203682782447901],,,,3.007,0.326,9.414
[1758203682788146183],,,,3.017,0.373,9.388
[1758203682793815714],,,,2.818,0.366,9.263
[1758203682800485037],,,,2.818,0.414,9.517
[1758203682806666026],,,,2.89,0.364,9.359
[1758203682811916704],,,,2.739,0.546,9.258
[1758203682817067693],,,,2.859,0.57,9.491
[1758203682823894464],,,,2.835,0.457,9.249
[1758203682829428266],,,,2.746,0.373,9.464
[1758203682834574516],,,,2.945,0.462,9.414
[1758203682839714151],,,,2.799,0.321,9.438
[1758203682844833839],,,,2.765,0.376,9.282
[1758203682850066704],,,,2.871,0.553,9.424
[1758203682855271131],,,,2.782,0.409,9.222
[1758203682859969776],,,,2.813,0.306,9.232
[1758203682864523735],,,,2.816,0.309,9.421
[1758203682869117797],,,,2.844,0.376,9.469
[1758203682873717797],,,,2.873,0.333,9.38
[1758203682878275401],,,,2.813,0.412,9.488
[1758203682882787224],,,,2.933,0.378,9.44
[1758203682887302329],,,,2.794,0.273,9.34
[1758203682891793579],,,,2.799,0.347,9.347
[1758203682896381860],,,,2.825,0.481,9.38
[1758203682900873058],,,,2.734,0.354,9.201
[1758203682905810401],,,,3.012,0.342,9.318
[1758203682910432276],,,,2.871,0.352,9.369
[1758203682914959516],,,,2.895,0.417,9.388
[1758203682919513526],,,,2.828,0.402,9.404
[1758203682924072485],,,,2.82,0.577,9.38
[1758203682928622172],,,,2.83,0.383,9.397
[1758203682933138578],,,,2.969,0.318,9.438
[1758203682937676703],,,,2.772,0.424,9.244
[1758203682942213683],,,,2.856,0.335,9.385
[1758203682946865141],,,,2.899,0.33,9.493
[1758203682951486651],,,,2.787,0.369,9.462
[1758203682956099568],,,,2.902,0.414,9.483
[1758203682961138110],,,,2.851,0.541,9.457
[1758203682966755193],,,,2.612,0.323,9.404
[1758203682971920766],,,,2.914,0.373,9.589
[1758203682977056964],,,,2.787,0.496,9.644
[1758203682982171339],,,,2.816,0.388,9.462
[1758203682987312172],,,,2.849,0.419,9.414
[1758203682992426756],,,,2.77,0.39,9.426
[1758203682997644464],,,,2.863,0.484,9.287
[1758203683002770453],,,,2.765,0.472,9.357
[1758203683008069099],,,,2.715,0.323,9.445
[1758203683013642797],,,,2.835,0.558,9.481
[1758203683018809672],,,,2.789,0.417,9.421
[1758203683023934776],,,,2.854,0.397,9.543
[1758203683029071078],,,,2.983,0.426,9.388
[1758203683034186860],,,,2.921,0.395,9.409
[1758203683039307120],,,,2.928,0.34,9.481
[1758203683044433214],,,,2.892,0.433,9.45
[1758203683049667433],,,,2.768,0.318,9.38
[1758203683054808214],,,,2.765,0.409,9.354
[1758203683060058370],,,,2.753,0.407,9.378
[1758203683065194828],,,,2.914,0.424,9.397
[1758203683070325245],,,,2.873,0.448,9.531
[1758203683075938058],,,,2.806,0.34,9.359
[1758203683081095922],,,,2.947,0.431,9.208
[1758203683086279620],,,,2.878,0.397,9.388
[1758203683091404151],,,,2.957,0.369,9.256
[1758203683096624828],,,,2.823,0.455,9.479
[1758203683101803266],,,,2.902,0.357,9.503
[1758203683106958006],,,,2.892,0.397,9.457
[1758203683112112016],,,,2.875,0.577,9.361
[1758203683117370922],,,,2.892,0.462,9.462
[1758203683124008474],,,,2.796,0.445,9.309
[1758203683129278787],,,,2.761,0.4,9.208
[1758203683134456756],,,,2.804,0.359,9.383
[1758203683139615245],,,,2.95,0.455,9.62
[1758203683144729360],,,,2.849,0.397,9.194
[1758203683149944724],,,,2.842,0.488,9.428
[1758203683155063214],,,,2.78,0.39,9.443
[1758203683160192693],,,,2.796,0.421,9.359
[1758203683165405037],,,,2.844,0.371,9.457
[1758203683170648526],,,,2.775,0.441,9.237
[1758203683175856964],,,,2.804,0.467,9.366
[1758203683181403214],,,,2.794,0.45,9.404
[1758203683186557849],,,,2.804,0.409,9.222
[1758203683191752276],,,,2.614,0.369,9.618
[1758203683197005662],,,,2.849,0.445,9.486
[1758203683202108266],,,,2.878,0.433,9.371
[1758203683207292953],,,,2.636,0.273,9.455
[1758203683212421755],,,,2.705,0.345,9.347
[1758203683217584203],,,,2.902,0.393,9.622
[1758203683222751183],,,,2.835,0.4,9.459
[1758203683228408891],,,,2.89,0.402,9.369
[1758203683233528995],,,,2.768,0.314,9.507
[1758203683238662276],,,,3.005,0.316,9.479
[1758203683243834047],,,,2.796,0.393,9.452
[1758203683249147641],,,,2.933,0.448,9.493
[1758203683254279776],,,,2.954,0.479,9.39
[1758203683259453578],,,,3.048,0.285,9.445
[1758203683264593630],,,,2.868,0.34,9.383
[1758203683269769724],,,,2.751,0.366,9.354
[1758203683274968578],,,,3.062,0.314,9.244
[1758203683280132693],,,,2.787,0.342,9.352
[1758203683285316964],,,,2.787,0.381,9.414
[1758203683291923735],,,,2.842,0.421,9.376
[1758203683297203630],,,,2.849,0.371,9.364
[1758203683302308370],,,,2.813,0.56,9.237
[1758203683307444255],,,,2.696,0.297,9.419
[1758203683312557068],,,,2.849,0.455,9.311
[1758203683317646495],,,,3.0,0.352,9.644
[1758203683322745141],,,,2.923,0.414,9.366
[1758203683327949724],,,,2.878,0.438,9.201
[1758203683334372276],,,,2.804,0.373,9.414
[1758203683339864412],,,,2.94,0.393,9.256
[1758203683345036703],,,,2.725,0.453,9.582
[1758203683350211651],,,,2.677,0.599,9.203
[1758203683355322380],,,,2.792,0.33,9.333
[1758203683360514985],,,,2.849,0.479,9.357
[1758203683365672172],,,,2.907,0.441,9.376
[1758203683370774880],,,,2.782,0.34,9.333
[1758203683375956026],,,,2.873,0.388,9.388
[1758203683381142432],,,,2.799,0.359,9.266
[1758203683386397849],,,,2.784,0.28,9.404
[1758203683392131912],,,,2.84,0.421,9.443
[1758203683398068422],,,,2.741,0.405,9.606
[1758203683404654985],,,,2.82,0.376,9.299
[1758203683410323787],,,,2.794,0.395,9.337
[1758203683415764412],,,,2.787,0.376,9.397
[1758203683421402641],,,,2.825,0.369,9.459
[1758203683427862224],,,,2.851,0.347,9.589
[1758203683435590245],,,,2.849,0.448,9.313
[1758203683441273943],,,,2.763,0.395,9.464
[1758203683447895870],,,,3.031,0.412,9.548
[1758203683453440557],,,,2.739,0.395,9.445
[1758203683458737589],,,,2.868,0.263,9.61
[1758203683462572224],,,,2.717,0.359,9.524
[1758203683466298110],,,,2.82,0.369,9.483
[1758203683469963318],,,,2.847,0.309,9.527
[1758203683473619307],,,,2.902,0.199,9.395
[1758203683477306130],,,,2.761,0.373,9.414
[1758203683480961495],,,,2.804,0.417,9.419
[1758203683484690401],,,,2.88,0.373,9.515
[1758203683488381078],,,,2.801,0.362,9.656
[1758203683492050193],,,,2.861,0.431,9.45
[1758203683495844464],,,,2.89,0.342,9.555
[1758203683500404568],,,,2.828,0.354,9.335
[1758203683504237224],,,,2.832,0.393,9.462
[1758203683507994620],,,,2.713,0.381,9.438
[1758203683511659932],,,,2.823,0.158,9.608
[1758203683515360193],,,,2.828,0.381,9.546
[1758203683519020557],,,,2.851,0.46,9.505
[1758203683522675766],,,,2.816,0.438,9.38
[1758203683526364932],,,,2.895,0.433,9.517
[1758203683530025297],,,,2.847,0.397,9.483
[1758203683533690245],,,,2.818,0.309,9.558
[1758203683537408630],,,,2.722,0.338,9.438
[1758203683541076339],,,,2.885,0.323,9.443
[1758203683544906912],,,,2.828,0.436,9.488
[1758203683548583370],,,,2.89,0.251,9.543
[1758203683552263630],,,,2.907,0.493,9.56
[1758203683556037120],,,,2.744,0.393,9.369
[1758203683559708318],,,,2.782,0.517,9.62
[1758203683563380714],,,,2.787,0.481,9.493
[1758203683567056339],,,,2.887,0.445,9.342
[1758203683570715974],,,,2.674,0.338,9.39
[1758203683574401026],,,,2.737,0.436,9.512
[1758203683578117537],,,,2.823,0.33,9.316
[1758203683581825349],,,,2.808,0.376,9.481
[1758203683585511287],,,,2.919,0.424,9.457
[1758203683589172276],,,,2.919,0.534,9.421
[1758203683592836912],,,,2.83,0.421,9.471
[1758203683596517901],,,,2.861,0.397,9.5
[1758203683600187484],,,,3.036,0.469,9.553
[1758203683604316026],,,,2.83,0.441,9.433
[1758203683608153162],,,,2.83,0.287,9.306
[1758203683611830505],,,,2.777,0.34,9.297
[1758203683615492641],,,,2.84,0.333,9.594
[1758203683619133787],,,,2.873,0.431,9.606
[1758203683622788630],,,,2.804,0.323,9.352
[1758203683626486755],,,,2.89,0.424,9.491
[1758203683630186234],,,,2.916,0.271,9.51
[1758203683633901599],,,,2.82,0.318,9.579
[1758203683637606912],,,,2.794,0.345,9.594
[1758203683645552901],,,,2.801,0.378,9.512
[1758203683649377120],,,,2.878,0.369,9.531
[1758203683653069151],,,,2.72,0.45,9.649
[1758203683656864568],,,,2.71,0.345,9.416
[1758203683660570089],,,,2.796,0.388,9.538
[1758203683664235089],,,,2.729,0.488,9.459
[1758203683667952693],,,,2.873,0.364,9.586
[1758203683671622484],,,,2.701,0.431,9.565
[1758203683675341495],,,,2.897,0.206,9.357
[1758203683679019464],,,,3.012,0.448,9.618
[1758203683682719724],,,,3.036,0.402,9.546
[1758203683686419099],,,,2.921,0.366,9.632
[1758203683690137849],,,,2.95,0.596,9.519
[1758203683693839776],,,,2.792,0.357,9.467
[1758203683697562745],,,,2.885,0.407,9.414
[1758203683701257641],,,,2.77,0.347,9.529
[1758203683705106859],,,,2.811,0.405,9.38
[1758203683709778422],,,,2.808,0.412,9.385
[1758203683713634932],,,,2.734,0.333,9.421
[1758203683717414412],,,,2.804,0.393,9.644
[1758203683721071599],,,,2.792,0.385,9.201
[1758203683724777380],,,,2.856,0.357,9.471
[1758203683728446339],,,,2.658,0.429,9.357
[1758203683732103318],,,,2.679,0.223,9.613
[1758203683735759099],,,,2.861,0.4,9.503
[1758203683739393995],,,,2.875,0.364,9.579
[1758203683743063578],,,,2.859,0.366,9.436
[1758203683746772328],,,,2.808,0.431,9.515
[1758203683750483266],,,,2.847,0.369,9.529
[1758203683754164932],,,,2.859,0.481,9.395
[1758203683757962328],,,,2.631,0.362,9.495
[1758203683761693630],,,,2.868,0.311,9.522
[1758203683765371859],,,,2.801,0.39,9.546
[1758203683769017432],,,,2.878,0.407,9.51
[1758203683772707849],,,,2.756,0.28,9.407
[1758203683776437953],,,,2.775,0.421,9.373
[1758203683780129516],,,,2.919,0.431,9.316
[1758203683783825089],,,,2.962,0.453,9.553
[1758203683787476964],,,,2.842,0.45,9.5
[1758203683791119932],,,,2.907,0.457,9.328
[1758203683794893266],,,,2.974,0.383,9.493
[1758203683798599776],,,,2.784,0.328,9.414
[1758203683802272641],,,,2.823,0.35,9.548
[1758203683806045557],,,,2.935,0.486,9.476
[1758203683809716234],,,,2.739,0.429,9.55
[1758203683813650870],,,,2.828,0.383,9.383
[1758203683817451078],,,,2.907,0.443,9.28
[1758203683821129047],,,,2.665,0.34,9.577
[1758203683824819880],,,,2.775,0.347,9.56
[1758203683828486286],,,,2.909,0.328,9.553
[1758203683832164828],,,,2.907,0.462,9.728
[1758203683835908995],,,,2.95,0.326,9.62
[1758203683839582380],,,,2.708,0.362,9.373
[1758203683843247745],,,,2.89,0.397,9.574
[1758203683846981130],,,,2.832,0.352,9.44
[1758203683850675245],,,,2.816,0.369,9.498
[1758203683854383734],,,,2.993,0.453,9.412
[1758203683858208370],,,,2.849,0.381,9.606
[1758203683861985922],,,,2.796,0.412,9.476
[1758203683865653005],,,,2.871,0.441,9.385
[1758203683869287693],,,,2.765,0.407,9.416
[1758203683872939776],,,,2.751,0.33,9.414
[1758203683877039255],,,,2.832,0.419,9.486
[1758203683881014516],,,,2.825,0.309,9.618
[1758203683885028734],,,,2.883,0.445,9.498
[1758203683888946495],,,,2.78,0.393,9.462
[1758203683892835714],,,,2.866,0.292,9.395
[1758203683897672172],,,,2.732,0.417,9.378
[1758203683902495974],,,,2.818,0.333,9.383
[1758203683907361495],,,,2.811,0.172,9.433
[1758203683911375036],,,,2.84,0.362,9.352
[1758203683915309828],,,,2.878,0.39,9.438
[1758203683919426807],,,,3.041,0.338,9.55
[1758203683923176964],,,,2.828,0.333,9.388
[1758203683926898630],,,,2.986,0.359,9.371
[1758203683930575609],,,,2.868,0.347,9.613
[1758203683934242849],,,,2.818,0.431,9.512
[1758203683937942016],,,,3.045,0.421,9.57
[1758203683941630089],,,,2.816,0.366,9.536
[1758203683945343526],,,,2.859,0.362,9.455
[1758203683949013109],,,,2.89,0.453,9.416
[1758203683952792328],,,,2.796,0.362,9.481
[1758203683956540661],,,,2.813,0.462,9.536
[1758203683960207016],,,,2.88,0.417,9.51
[1758203683963875505],,,,2.784,0.381,9.574
[1758203683967571495],,,,2.935,0.409,9.402
[1758203683971226547],,,,2.796,0.388,9.483
[1758203683974960036],,,,2.832,0.328,9.5
[1758203683978626859],,,,2.818,0.436,9.555
[1758203683982307589],,,,2.763,0.34,9.517
[1758203683986022901],,,,2.856,0.402,9.45
[1758203683989736078],,,,2.88,0.409,9.469
[1758203683993537016],,,,2.868,0.306,9.505
[1758203683997248266],,,,2.77,0.419,9.428
[1758203684000949359],,,,2.907,0.395,9.459
[1758203684004713995],,,,2.851,0.455,9.62
[1758203684008643682],,,,2.622,0.419,9.278
[1758203684012340870],,,,2.873,0.369,9.541
[1758203684016060870],,,,2.777,0.373,9.345
[1758203684019765297],,,,2.868,0.357,9.527
[1758203684023473578],,,,2.89,0.347,9.594
[1758203684027409463],,,,2.837,0.359,9.589
[1758203684031125661],,,,2.923,0.39,9.457
[1758203684034820349],,,,2.861,0.455,9.352
[1758203684038512068],,,,2.899,0.34,9.354
[1758203684042211547],,,,2.818,0.345,9.625
[1758203684045959047],,,,2.89,0.338,9.625
[1758203684049701130],,,,2.607,0.354,9.649
[1758203684053490245],,,,2.902,0.225,9.309
[1758203684057226286],,,,2.897,0.33,9.5
[1758203684060867380],,,,2.772,0.412,9.601
[1758203684064566182],,,,2.88,0.419,9.625
[1758203684068287172],,,,2.923,0.376,9.462
[1758203684071987172],,,,2.842,0.376,9.603
[1758203684075644620],,,,2.818,0.383,9.474
[1758203684079333109],,,,2.878,0.362,9.579
[1758203684082995401],,,,2.808,0.271,9.649
[1758203684086699411],,,,2.782,0.376,9.685
[1758203684090380818],,,,2.796,0.388,9.507
[1758203684094129307],,,,3.053,0.373,9.371
[1758203684097850088],,,,2.804,0.591,9.421
[1758203684101524255],,,,2.902,0.357,9.462
[1758203684105276599],,,,2.954,0.421,9.455
[1758203684108968057],,,,2.847,0.575,9.364
[1758203684112687224],,,,3.005,0.385,9.464
[1758203684116384620],,,,2.863,0.395,9.589
[1758203684120024463],,,,3.002,0.385,9.543
[1758203684123709463],,,,2.77,0.405,9.443
[1758203684127472276],,,,2.875,0.431,9.431
[1758203684131560088],,,,2.849,0.359,9.531
[1758203684135378422],,,,2.854,0.323,9.5
[1758203684139059516],,,,2.696,0.395,9.594
[1758203684142853786],,,,2.772,0.407,9.395
[1758203684188706859],,,,2.792,0.323,9.44
[1758203684195070349],,,,2.808,0.448,9.306
[1758203684200347120],,,,2.784,0.409,9.421
[1758203684205472120],,,,2.919,0.199,9.385
[1758203684210659307],,,,2.816,0.438,9.414
[1758203684215809047],,,,2.828,0.292,9.641
[1758203684220949307],,,,2.883,0.407,9.493
[1758203684226085088],,,,2.871,0.397,9.254
[1758203684231210713],,,,2.756,0.333,9.515
[1758203684236446234],,,,2.696,0.302,9.278
[1758203684242113734],,,,2.861,0.402,9.34
[1758203684247306911],,,,2.784,0.436,9.395
[1758203684252428890],,,,2.981,0.402,9.328
[1758203684257651651],,,,2.916,0.359,9.424
[1758203684262811026],,,,2.626,0.611,9.321
[1758203684267575557],,,,2.818,0.4,9.476
[1758203684272166130],,,,2.89,0.409,9.402
[1758203684276734463],,,,2.799,0.553,9.44
[1758203684281298630],,,,2.703,0.431,9.553
[1758203684285969672],,,,2.84,0.448,9.409
[1758203684290500505],,,,2.837,0.385,9.471
[1758203684295020557],,,,2.974,0.455,9.455
[1758203684299571338],,,,2.887,0.345,9.402
[1758203684304099568],,,,2.966,0.4,9.459
[1758203684308728005],,,,2.837,0.359,9.414
[1758203684313273682],,,,2.816,0.294,9.457
[1758203684317870713],,,,2.847,0.496,9.419
[1758203684322396703],,,,2.851,0.33,9.39
[1758203684326924359],,,,2.847,0.373,9.443
[1758203684331443682],,,,2.847,0.448,9.354
[1758203684335962849],,,,2.895,0.405,9.498
[1758203684340518474],,,,2.859,0.433,9.309
[1758203684345408682],,,,2.799,0.414,9.402
[1758203684350113213],,,,2.897,0.338,9.527
[1758203684354714620],,,,2.878,0.433,9.364
[1758203684359322068],,,,2.634,0.371,9.416
[1758203684363917536],,,,2.926,0.362,9.62
[1758203684369026807],,,,2.808,0.373,9.462
[1758203684374290609],,,,2.866,0.326,9.364
[1758203684379385922],,,,2.954,0.218,9.491
[1758203684384560661],,,,3.043,0.342,9.352
[1758203684389903526],,,,2.796,0.395,9.201
[1758203684395128890],,,,2.899,0.199,9.196
[1758203684400271130],,,,2.792,0.347,9.349
[1758203684405391963],,,,2.871,0.393,9.433
[1758203684410608838],,,,2.993,0.397,9.38
[1758203684415893890],,,,2.717,0.56,9.194
[1758203684421048995],,,,2.844,0.462,9.455
[1758203684426299984],,,,2.717,0.455,9.364
[1758203684431497172],,,,2.753,0.419,9.498
[1758203684436741599],,,,2.892,0.371,9.459
[1758203684441858057],,,,2.725,0.417,9.601
[1758203684447713890],,,,2.856,0.383,9.33
[1758203684453640505],,,,2.964,0.385,9.349
[1758203684460285505],,,,2.813,0.414,9.421
[1758203684466064515],,,,2.761,0.311,9.395
[1758203684472566338],,,,2.878,0.182,9.378
[1758203684478362797],,,,2.854,0.333,9.409
[1758203684484833161],,,,3.057,0.335,9.467
[1758203684490484255],,,,2.988,0.385,9.242
[1758203684498316286],,,,2.83,0.33,9.426
[1758203684505943526],,,,2.763,0.338,9.416
[1758203684511702276],,,,2.751,0.453,9.345
[1758203684517211234],,,,2.727,0.529,9.443
[1758203684522333213],,,,2.698,0.364,9.409
[1758203684527471963],,,,2.863,0.472,9.455
[1758203684532636963],,,,2.974,0.326,9.407
[1758203684537781442],,,,2.768,0.338,9.237
[1758203684542890974],,,,2.945,0.347,9.388
[1758203684548045297],,,,2.899,0.302,9.438
[1758203684553180974],,,,2.739,0.33,9.378
[1758203684558752484],,,,3.053,0.204,9.373
[1758203684563895661],,,,2.828,0.407,9.373
[1758203684568792692],,,,2.902,0.273,9.392
[1758203684573351807],,,,2.763,0.4,9.416
[1758203684577915870],,,,2.813,0.326,9.369
[1758203684582432432],,,,2.863,0.362,9.378
[1758203684586974776],,,,2.847,0.429,9.294
[1758203684591499567],,,,2.878,0.347,9.483
[1758203684596083890],,,,2.928,0.548,9.364
[1758203684600698370],,,,2.768,0.409,9.445
[1758203684605256807],,,,2.777,0.321,9.301
[1758203684609815557],,,,2.84,0.388,9.34
[1758203684614342953],,,,2.871,0.608,9.479
[1758203684618968057],,,,2.794,0.35,9.376
[1758203684623485713],,,,3.045,0.421,9.268
[1758203684628034255],,,,2.739,0.388,9.433
[1758203684632559620],,,,3.007,0.402,9.481
[1758203684637136963],,,,2.83,0.33,9.225
[1758203684641761963],,,,2.801,0.385,9.479
[1758203684646307901],,,,2.957,0.352,9.27
[1758203684650827172],,,,2.978,0.424,9.299
[1758203684655395713],,,,2.794,0.524,9.445
[1758203684661009151],,,,2.816,0.431,9.428
[1758203684667663317],,,,2.643,0.407,9.39
[1758203684672971599],,,,2.617,0.407,9.438
[1758203684678103630],,,,2.662,0.445,9.285
[1758203684683220140],,,,2.895,0.354,9.469
[1758203684688363526],,,,2.816,0.436,9.5
[1758203684693467224],,,,2.825,0.414,9.196
[1758203684698582536],,,,2.761,0.4,9.39
[1758203684703692901],,,,2.887,0.402,9.357
[1758203684708881390],,,,2.634,0.316,9.21
[1758203684714116182],,,,2.792,0.479,9.541
[1758203684719321026],,,,2.873,0.345,9.479
[1758203684724421442],,,,2.94,0.335,9.474
[1758203684729556599],,,,2.734,0.397,9.431
[1758203684734637797],,,,2.978,0.431,9.359
[1758203684739758057],,,,2.816,0.378,9.448
[1758203684744862015],,,,2.825,0.373,9.347
[1758203684750038422],,,,2.806,0.417,9.275
[1758203684755132119],,,,2.794,0.603,9.366
[1758203684760243422],,,,2.629,0.378,9.364
[1758203684765353109],,,,2.641,0.369,9.158
[1758203684771155244],,,,2.837,0.306,9.471
[1758203684778623578],,,,2.801,0.338,9.414
[1758203684784106442],,,,2.722,0.364,9.297
[1758203684789251599],,,,2.842,0.436,9.541
[1758203684794348838],,,,2.964,0.421,9.409
[1758203684799501078],,,,2.837,0.359,9.491
[1758203684804582744],,,,2.921,0.46,9.251
[1758203684809690505],,,,2.919,0.34,9.254
[1758203684814806494],,,,2.856,0.326,9.38
[1758203684820040765],,,,2.605,0.318,9.498
[1758203684825252484],,,,2.847,0.445,9.373
[1758203684830376651],,,,2.883,0.381,9.443
[1758203684835473838],,,,2.842,0.397,9.263
[1758203684840621442],,,,2.777,0.306,9.452
[1758203684845763265],,,,2.643,0.366,9.424
[1758203684850958682],,,,2.976,0.378,9.388
[1758203684856162588],,,,2.808,0.35,9.285
[1758203684861297536],,,,2.823,0.503,9.476
[1758203684866527588],,,,2.871,0.426,9.306
[1758203684871672484],,,,2.801,0.493,9.407
[1758203684877454411],,,,2.787,0.306,9.493
[1758203684882641182],,,,3.041,0.407,9.349
[1758203684887748786],,,,2.782,0.354,9.455
[1758203684892858005],,,,2.756,0.285,9.474
[1758203684898013890],,,,2.988,0.402,9.383
[1758203684903131026],,,,2.832,0.376,9.503
[1758203684908273526],,,,2.856,0.302,9.479
[1758203684913403213],,,,2.808,0.381,9.483
[1758203684918630713],,,,2.792,0.359,9.414
[1758203684923873265],,,,2.82,0.285,9.301
[1758203684929001442],,,,2.828,0.345,9.428
[1758203684934103369],,,,2.744,0.421,9.641
[1758203684939246859],,,,2.782,0.503,9.378
[1758203684944423109],,,,2.744,0.429,9.306
[1758203684949617119],,,,2.758,0.414,9.459
[1758203684954741859],,,,2.71,0.417,9.438
[1758203684959899099],,,,2.847,0.412,9.45
[1758203684965022380],,,,2.842,0.417,9.459
[1758203684970193474],,,,2.828,0.491,9.242
[1758203684975384671],,,,2.818,0.429,9.29
[1758203684981019984],,,,2.859,0.153,9.201
[1758203684986335140],,,,2.909,0.335,9.407
[1758203684991463942],,,,2.739,0.371,9.404
[1758203684996613057],,,,2.866,0.249,9.476
[1758203685001725869],,,,2.914,0.218,9.419
[1758203685006842796],,,,2.804,0.309,9.469
[1758203685011961963],,,,2.823,0.488,9.392
[1758203685017250140],,,,2.794,0.177,9.275
[1758203685022438682],,,,2.83,0.318,9.34
[1758203685027667692],,,,2.851,0.405,9.433
[1758203685032812067],,,,2.883,0.414,9.378
[1758203685037946755],,,,2.926,0.321,9.371
[1758203685043066026],,,,2.777,0.397,9.491
[1758203685048155817],,,,2.914,0.493,9.383
[1758203685053326182],,,,2.859,0.347,9.39
[1758203685058497744],,,,2.907,0.354,9.22
[1758203685063629671],,,,3.031,0.441,9.208
[1758203685068878630],,,,2.789,0.338,9.503
[1758203685074002588],,,,2.784,0.426,9.313
[1758203685079164307],,,,2.828,0.462,9.424
[1758203685086127588],,,,2.631,0.429,9.443
[1758203685092773369],,,,2.835,0.34,9.433
[1758203685098359619],,,,2.873,0.402,9.471
[1758203685103617119],,,,2.823,0.395,9.306
[1758203685108778474],,,,2.763,0.603,9.325
[1758203685113934515],,,,2.926,0.393,9.349
[1758203685119140505],,,,2.842,0.359,9.483
[1758203685124265348],,,,2.842,0.369,9.203
[1758203685129432171],,,,2.931,0.326,9.072
[1758203685134603265],,,,2.909,0.328,9.493
[1758203685139883473],,,,2.856,0.318,9.455
[1758203685145038161],,,,2.83,0.383,9.462
[1758203685150198734],,,,2.902,0.397,9.388
[1758203685155314098],,,,2.725,0.29,9.44
[1758203685160452901],,,,2.761,0.429,9.45
[1758203685165589932],,,,2.818,0.352,9.333
[1758203685171145296],,,,2.811,0.376,9.361
[1758203685176430140],,,,2.887,0.443,9.471
[1758203685181687223],,,,2.631,0.323,9.459
[1758203685187173421],,,,2.734,0.4,9.215
[1758203685192352484],,,,2.804,0.335,9.493
[1758203685197497901],,,,2.84,0.479,9.4
[1758203685202640192],,,,2.792,0.342,9.201
[1758203685207762901],,,,2.787,0.215,9.371
[1758203685212893942],,,,2.741,0.335,9.251
[1758203685218191390],,,,3.012,0.45,9.582
[1758203685223437223],,,,2.885,0.464,9.438
[1758203685228632171],,,,2.818,0.409,9.354
[1758203685233740921],,,,2.758,0.414,9.294
[1758203685238868942],,,,2.904,0.433,9.34
[1758203685244036703],,,,2.811,0.455,9.28
[1758203685249234255],,,,2.796,0.419,9.328
[1758203685254391911],,,,2.804,0.39,9.342
[1758203685259582953],,,,2.789,0.227,9.419
[1758203685264857744],,,,2.871,0.388,9.28
[1758203685270061130],,,,2.899,0.371,9.44
[1758203685275192276],,,,2.67,0.328,9.299
[1758203685283441859],,,,2.866,0.419,9.373
[1758203685289050505],,,,2.832,0.364,9.45
[1758203685295328317],,,,2.804,0.388,9.287
[1758203685301840557],,,,2.763,0.345,9.34
[1758203685307167744],,,,2.708,0.433,9.541
[1758203685312285453],,,,2.641,0.457,9.474
[1758203685317493734],,,,2.823,0.335,9.385
[1758203685322612328],,,,2.794,0.45,9.536
[1758203685327726963],,,,2.761,0.33,9.404
[1758203685332842380],,,,2.928,0.359,9.364
[1758203685337996130],,,,2.722,0.395,9.395
[1758203685343135244],,,,3.007,0.402,9.256
[1758203685348393942],,,,2.799,0.409,9.337
[1758203685353511494],,,,2.761,0.299,9.287
[1758203685358640348],,,,2.825,0.441,9.299
[1758203685363759775],,,,2.796,0.314,9.34
[1758203685368965713],,,,2.933,0.314,9.464
[1758203685374100869],,,,2.835,0.383,9.213
[1758203685379229723],,,,2.861,0.402,9.227
[1758203685384338994],,,,2.993,0.527,9.445
[1758203685389541078],,,,2.772,0.34,9.479
[1758203685394723473],,,,2.832,0.371,9.409
[1758203685399874671],,,,2.837,0.433,9.232
[1758203685405456807],,,,2.83,0.424,9.481
[1758203685410718369],,,,2.871,0.342,9.438
[1758203685415905765],,,,2.808,0.412,9.448
[1758203685421084255],,,,2.725,0.364,9.261
[1758203685426266234],,,,2.77,0.328,9.452
[1758203685431418734],,,,2.861,0.417,9.424
[1758203685436594984],,,,2.868,0.393,9.316
[1758203685441730140],,,,2.897,0.345,9.349
[1758203685446890348],,,,2.825,0.333,9.495
[1758203685452102067],,,,2.851,0.345,9.553
[1758203685457226598],,,,2.837,0.393,9.225
[1758203685462381859],,,,2.796,0.441,9.464
[1758203685467673525],,,,2.818,0.292,9.594
[1758203685472812953],,,,2.904,0.464,9.479
[1758203685477984307],,,,2.923,0.321,9.349
[1758203685483094880],,,,2.756,0.388,9.416
[1758203685488233994],,,,2.863,0.467,9.493
[1758203685493344098],,,,2.772,0.373,9.333
[1758203685498559411],,,,2.679,0.433,9.452
[1758203685503682484],,,,2.847,0.429,9.491
[1758203685509351025],,,,2.88,0.385,9.519
[1758203685514598525],,,,2.926,0.543,9.448
[1758203685519795348],,,,3.021,0.4,9.414
[1758203685524961025],,,,2.897,0.254,9.342
[1758203685530115557],,,,2.895,0.357,9.27
[1758203685535244255],,,,2.84,0.309,9.409
[1758203685540334150],,,,3.158,0.445,9.385
[1758203685545446598],,,,2.878,0.572,9.239
[1758203685550709984],,,,2.847,0.457,9.438
[1758203685555981130],,,,2.895,0.292,9.357
[1758203685561110765],,,,2.916,0.395,9.404
[1758203685566459150],,,,2.844,0.311,9.486
[1758203685571605661],,,,2.739,0.393,9.254
[1758203685576759202],,,,2.725,0.306,9.421
[1758203685581870713],,,,2.866,0.184,9.373
[1758203685587056702],,,,2.703,0.302,9.574
[1758203685592213838],,,,2.787,0.359,9.416
[1758203685597317067],,,,2.672,0.414,9.486
[1758203685602487432],,,,2.866,0.35,9.27
[1758203685607676442],,,,2.974,0.474,9.397
[1758203685612830348],,,,2.813,0.453,9.436
[1758203685618473890],,,,2.65,0.287,9.637
[1758203685623751546],,,,2.78,0.34,9.464
[1758203685628885661],,,,2.761,0.376,9.445
[1758203685634001077],,,,2.887,0.383,9.28
[1758203685639190557],,,,2.768,0.395,9.522
[1758203685644296286],,,,2.806,0.457,9.352
[1758203685649402952],,,,2.749,0.493,9.234
[1758203685654587900],,,,2.878,0.426,9.39
[1758203685659842327],,,,2.813,0.225,9.196
[1758203685665109046],,,,2.78,0.433,9.349
[1758203685670374567],,,,2.689,0.407,9.641
[1758203685675545713],,,,2.873,0.453,9.409
[1758203685680684880],,,,2.816,0.438,9.651
[1758203685685857692],,,,2.823,0.175,9.282
[1758203685690981442],,,,2.607,0.342,9.34
[1758203685696236963],,,,3.005,0.4,9.486
[1758203685701409515],,,,2.835,0.23,9.507
[1758203685706573838],,,,2.859,0.56,9.412
[1758203685711691598],,,,2.866,0.453,9.246
[1758203685716881546],,,,2.868,0.443,9.347
[1758203685722378161],,,,2.823,0.371,9.433
[1758203685727624046],,,,2.753,0.448,9.646
[1758203685734475765],,,,2.758,0.352,9.445
[1758203685740053630],,,,2.962,0.424,9.45
[1758203685745387067],,,,2.861,0.352,9.369
[1758203685750712848],,,,2.808,0.383,9.445
[1758203685755900921],,,,2.856,0.596,9.373
[1758203685761047327],,,,2.761,0.223,9.486
[1758203685766315036],,,,2.761,0.34,9.428
[1758203685771502796],,,,2.784,0.311,9.39
[1758203685776730765],,,,2.787,0.421,9.392
[1758203685782023890],,,,2.873,0.378,9.388
[1758203685787212588],,,,2.88,0.373,9.433
[1758203685792335348],,,,2.959,0.565,9.445
[1758203685797501754],,,,2.772,0.441,9.606
[1758203685802664463],,,,2.863,0.378,9.251
[1758203685807822119],,,,2.758,0.424,9.426
[1758203685812984567],,,,2.818,0.508,9.467
[1758203685818323317],,,,2.796,0.335,9.407
[1758203685823542171],,,,2.847,0.395,9.333
[1758203685829125557],,,,2.792,0.371,9.443
[1758203685834369879],,,,2.868,0.189,9.51
[1758203685840724202],,,,2.82,0.292,9.44
[1758203685846029046],,,,2.756,0.414,9.574
[1758203685851158942],,,,2.871,0.285,9.239
[1758203685856335869],,,,2.646,0.168,9.395
[1758203685861452015],,,,2.763,0.29,9.383
[1758203685866662848],,,,2.82,0.314,9.471
[1758203685871783213],,,,2.835,0.46,9.476
[1758203685877001859],,,,2.847,0.347,9.397
[1758203685882154515],,,,2.954,0.34,9.57
[1758203685887463838],,,,2.895,0.529,9.471
[1758203685892642119],,,,2.626,0.421,9.416
[1758203685897782327],,,,2.813,0.381,9.287
[1758203685902896911],,,,2.816,0.292,9.438
[1758203685908048734],,,,2.808,0.558,9.287
[1758203685913244202],,,,2.818,0.362,9.476
[1758203685918488317],,,,2.835,0.362,9.383
[1758203685923632900],,,,2.983,0.381,9.337
[1758203685930819307],,,,2.837,0.417,9.301
[1758203685936058994],,,,2.844,0.213,9.649
[1758203685941568942],,,,2.847,0.421,9.39
[1758203685946709046],,,,2.847,0.215,9.39
[1758203685951807952],,,,3.127,0.488,9.452
[1758203685956962744],,,,3.172,0.338,9.579
[1758203685962121650],,,,3.021,0.053,8.715
[1758203685967427588],,,,4.278,-0.278,8.459
[1758203685972743734],,,,3.591,-0.261,9.675
[1758203685977913786],,,,3.524,-0.259,9.524
[1758203685983063525],,,,3.347,0.524,9.596
[1758203685988199619],,,,2.875,1.171,9.838
[1758203685993337275],,,,1.793,1.192,9.471
[1758203685998530192],,,,2.2,1.18,9.091
[1758203686003623577],,,,2.167,0.905,9.428
[1758203686008815556],,,,2.497,0.551,9.704
[1758203686013923317],,,,2.138,0.163,10.185
[1758203686019197431],,,,2.356,-0.261,9.582
[1758203686024305869],,,,2.071,0.395,9.261
[1758203686029500296],,,,2.708,0.388,9.433
[1758203686034628161],,,,2.746,0.314,9.45
[1758203686039759306],,,,2.715,0.309,9.246
[1758203686045293525],,,,2.682,0.268,9.677
[1758203686050551650],,,,2.806,0.357,9.45
[1758203686055790140],,,,2.655,0.436,9.579
[1758203686060975973],,,,2.744,0.539,9.663
[1758203686066260348],,,,2.519,0.615,9.574
[1758203686071413734],,,,2.413,0.532,9.325
[1758203686076597327],,,,2.851,0.33,9.112
[1758203686081708525],,,,2.976,0.223,9.316
[1758203686086898525],,,,2.885,0.352,9.893
[1758203686092103994],,,,2.083,0.184,9.773
[1758203686097284827],,,,2.401,0.601,9.131
[1758203686102382327],,,,2.737,0.845,9.103
[1758203686107535192],,,,2.739,0.615,9.117
[1758203686112725869],,,,3.074,0.196,9.529
[1758203686117920609],,,,2.928,0.371,9.685
[1758203686123019306],,,,2.567,0.421,9.256
[1758203686128230400],,,,2.859,0.39,9.385
[1758203686133343786],,,,2.708,0.548,9.433
[1758203686138498838],,,,2.775,0.5,9.321
[1758203686143614567],,,,3.496,0.18,9.203
[1758203686150164463],,,,3.4,0.218,9.359
[1758203686155431806],,,,2.746,0.304,9.529
[1758203686160574515],,,,2.523,0.338,9.45
[1758203686165856598],,,,2.418,0.333,9.019
[1758203686171066129],,,,3.517,-0.105,9.361
[1758203686176313942],,,,3.072,0.378,9.641
[1758203686181442431],,,,2.337,0.247,9.076
[1758203686186512640],,,,3.136,0.783,9.222
[1758203686191606963],,,,2.198,0.318,9.392
[1758203686196780140],,,,2.916,0.436,9.692
[1758203686201892275],,,,2.787,0.306,9.481
[1758203686207102119],,,,2.626,0.589,9.136
[1758203686212311129],,,,2.768,0.177,9.232
[1758203686217466754],,,,3.124,0.35,9.622
[1758203686222624411],,,,3.012,0.551,9.517
[1758203686227793421],,,,2.926,0.402,9.337
[1758203686232956233],,,,2.959,0.35,9.249
[1758203686238089306],,,,2.933,0.345,9.527
[1758203686243272952],,,,2.962,0.381,9.366
[1758203686248432640],,,,2.804,0.4,9.392
[1758203686254001077],,,,2.708,0.51,9.414
[1758203686259254723],,,,2.825,0.347,9.486
[1758203686264431181],,,,2.672,0.378,9.428
[1758203686269685504],,,,2.737,0.441,9.321
[1758203686274850504],,,,2.789,0.357,9.424
[1758203686280020713],,,,3.05,0.543,9.376
[1758203686285104463],,,,2.885,0.45,9.258
[1758203686290191754],,,,2.974,0.421,9.282
[1758203686295502275],,,,2.823,0.455,9.366
[1758203686301053786],,,,2.799,0.45,9.424
[1758203686306260088],,,,2.806,0.553,9.27
[1758203686311433786],,,,2.859,0.362,9.574
[1758203686316604358],,,,2.832,0.378,9.306
[1758203686321753838],,,,2.844,0.405,9.376
[1758203686326920244],,,,2.614,0.369,9.476
[1758203686332046286],,,,2.971,0.369,9.225
[1758203686337196702],,,,2.828,0.599,9.56
[1758203686342422015],,,,2.859,0.438,9.428
[1758203686347628838],,,,2.926,0.168,9.531
[1758203686352767848],,,,2.816,0.503,9.311
[1758203686357934879],,,,2.883,0.426,9.309
[1758203686363473369],,,,2.902,0.397,9.572
[1758203686368696963],,,,2.789,0.354,9.433
[1758203686375403942],,,,2.784,0.541,9.182
[1758203686381191025],,,,2.749,0.601,9.349
[1758203686386759254],,,,2.82,0.419,9.608
[1758203686392048369],,,,2.883,0.373,9.409
[1758203686397216806],,,,2.84,0.565,9.227
[1758203686402315817],,,,2.722,0.56,9.562
[1758203686407413525],,,,2.727,0.546,9.366
[1758203686412518890],,,,2.856,0.591,9.438
[1758203686417713004],,,,2.856,0.436,9.337
[1758203686423518890],,,,2.799,0.323,9.395
[1758203686428783317],,,,2.607,0.318,9.598
[1758203686433929202],,,,2.885,0.4,9.29
[1758203686439084410],,,,2.976,0.35,9.469
[1758203686444169619],,,,2.828,0.426,9.201
[1758203686449259827],,,,2.907,0.443,9.409
[1758203686454365244],,,,3.033,0.441,9.495
[1758203686459576285],,,,2.871,0.35,9.464
[1758203686466833942],,,,2.756,0.414,9.481
[1758203686472166390],,,,2.751,0.393,9.222
[1758203686477370765],,,,2.842,0.414,9.45
[1758203686482482327],,,,2.899,0.57,9.376
[1758203686487628838],,,,2.868,0.455,9.467
[1758203686492729254],,,,2.816,0.362,9.282
[1758203686497826754],,,,2.902,0.479,9.414
[1758203686502927171],,,,2.873,0.405,9.483
[1758203686508090556],,,,2.926,0.352,9.414
[1758203686513337379],,,,2.784,0.431,9.531
[1758203686518525244],,,,2.772,0.45,9.409
[1758203686523650556],,,,2.954,0.409,9.383
[1758203686528874827],,,,2.629,0.577,9.392
[1758203686534043838],,,,2.842,0.412,9.313
[1758203686539193629],,,,2.792,0.376,9.4
[1758203686544367692],,,,2.689,0.338,9.39
[1758203686549535973],,,,2.737,0.405,9.445
[1758203686554649046],,,,2.629,0.441,9.366
[1758203686559765504],,,,2.818,0.376,9.505
[1758203686564912796],,,,2.634,0.366,9.428
[1758203686570050296],,,,2.847,0.5,9.428
[1758203686575603160],,,,2.942,0.326,9.433
[1758203686580909150],,,,2.763,0.464,9.589
[1758203686586116650],,,,2.828,0.366,9.5
[1758203686591239879],,,,3.012,0.433,9.488
[1758203686598363525],,,,2.816,0.409,9.452
[1758203686603547848],,,,2.823,0.546,9.275
[1758203686608682692],,,,2.868,0.342,9.388
[1758203686613848733],,,,2.806,0.333,9.354
[1758203686620274931],,,,2.672,0.366,9.282
[1758203686625531910],,,,2.825,0.589,9.227
[1758203686630715244],,,,2.878,0.46,9.615
[1758203686635878317],,,,2.844,0.488,9.369
[1758203686641020504],,,,2.626,0.426,9.361
[1758203686646189619],,,,2.823,0.407,9.361
[1758203686651300192],,,,2.636,0.302,9.531
[1758203686656471494],,,,2.804,0.34,9.562
[1758203686661619515],,,,2.945,0.402,9.208
[1758203686666881181],,,,2.851,0.302,9.493
[1758203686672017015],,,,2.729,0.587,9.438
[1758203686677326494],,,,2.832,0.397,9.483
[1758203686684157796],,,,2.931,0.35,9.455
[1758203686689417119],,,,2.789,0.376,9.428
[1758203686694527692],,,,2.777,0.417,9.299
[1758203686699680660],,,,2.751,0.429,9.249
[1758203686704881962],,,,2.792,0.395,9.483
[1758203686710030348],,,,2.775,0.364,9.201
[1758203686715109671],,,,2.923,0.577,9.29
[1758203686720212535],,,,2.693,0.57,9.632
[1758203686725390140],,,,2.624,0.381,9.56
[1758203686730917119],,,,2.765,0.335,9.249
[1758203686736095140],,,,2.737,0.457,9.452
[1758203686741200348],,,,2.777,0.438,9.366
[1758203699778455916],,,,2.614,0.651,9.488
[1758203699785652791],,,,2.576,0.685,9.498
[1758203699792420864],,,,2.772,0.62,9.455
[1758203699799184926],,,,2.55,0.687,9.4
[1758203699805923468],,,,2.567,0.704,9.349
[1758203699812901228],,,,2.744,0.644,9.333
[1758203699819573832],,,,2.593,0.699,9.416
[1758203699826288728],,,,2.614,0.644,9.342
[1758203699833066176],,,,2.66,0.69,9.38
[1758203699839687687],,,,2.602,0.733,9.306
[1758203699845756124],,,,2.488,0.668,9.275
[1758203699852269874],,,,2.638,0.69,9.249
[1758203699857585343],,,,2.619,0.69,9.39
[1758203699862726124],,,,2.708,0.881,9.416
[1758203699868112062],,,,2.662,0.639,9.436
[1758203699873249249],,,,2.816,0.656,9.572
[1758203699878421020],,,,2.612,0.704,9.448
[1758203699883662478],,,,2.715,0.697,9.567
[1758203699889985707],,,,2.727,0.699,9.208
[1758203699895150135],,,,2.612,0.627,9.448
[1758203699900276385],,,,2.545,0.622,9.495
[1758203699905387114],,,,2.648,0.685,9.62
[1758203699910502426],,,,2.588,0.706,9.328
[1758203699915681645],,,,2.459,0.723,9.486
[1758203699920917270],,,,2.67,0.618,9.225
[1758203699926223676],,,,2.55,0.488,9.656
[1758203699931401645],,,,2.552,0.721,9.392
[1758203699936555603],,,,2.602,0.699,9.491
[1758203699941684249],,,,2.66,0.74,9.471
[1758203699946818832],,,,2.559,0.754,9.222
[1758203699951945343],,,,2.856,0.752,9.414
[1758203699957117843],,,,2.523,0.62,9.462
[1758203699962260655],,,,2.626,0.702,9.364
[1758203699967536593],,,,2.55,0.752,9.431
[1758203699972678572],,,,2.71,0.668,9.414
[1758203699978120968],,,,2.653,0.699,9.347
[1758203699983259145],,,,2.684,0.646,9.385
[1758203699988386541],,,,2.483,0.725,9.459
[1758203699993517374],,,,2.725,0.658,9.364
[1758203700000065864],,,,2.638,0.67,9.4
[1758203700005283051],,,,2.66,0.718,9.414
[1758203700010385030],,,,2.751,0.522,9.503
[1758203700015475707],,,,2.653,0.735,9.294
[1758203700020635551],,,,2.844,0.725,9.448
[1758203700025783572],,,,2.653,0.611,9.361
[1758203700030955603],,,,2.523,0.74,9.467
[1758203700036143884],,,,2.488,0.845,9.242
[1758203700041297582],,,,2.507,0.534,9.242
[1758203700046537270],,,,2.701,0.713,9.378
[1758203700052369093],,,,2.662,0.493,9.273
[1758203700058104874],,,,2.557,0.673,9.426
[1758203700064615187],,,,2.638,0.73,9.395
[1758203700070284509],,,,2.646,0.757,9.378
[1758203700076993520],,,,2.624,0.699,9.455
[1758203700082762895],,,,2.71,0.63,9.392
[1758203700089267218],,,,2.595,0.761,9.426
[1758203700095912947],,,,2.617,0.611,9.558
[1758203700101880395],,,,2.866,0.675,9.436
[1758203700107983780],,,,2.727,0.666,9.349
[1758203700113315655],,,,2.521,0.697,9.457
[1758203700118500864],,,,2.65,0.754,9.488
[1758203700123605447],,,,2.624,0.656,9.424
[1758203700128743572],,,,2.689,0.68,9.44
[1758203700133882634],,,,2.667,0.747,9.419
[1758203700139051176],,,,2.739,0.773,9.416
[1758203700144173520],,,,2.72,0.716,9.232
[1758203700149394666],,,,2.504,0.622,9.388
[1758203700154170499],,,,2.521,0.637,9.699
[1758203700157915187],,,,2.674,0.661,9.524
[1758203700161593520],,,,2.459,0.654,9.661
[1758203700165304926],,,,2.543,0.611,9.474
[1758203700168975030],,,,2.588,0.687,9.536
[1758203700172655603],,,,2.624,0.634,9.606
[1758203700176374353],,,,2.574,0.771,9.613
[1758203700180044770],,,,2.648,0.646,9.723
[1758203700183718416],,,,2.667,0.692,9.752
[1758203700187428989],,,,2.674,0.656,9.653
[1758203700191181905],,,,2.732,0.663,9.486
[1758203700195026489],,,,2.696,0.766,9.649
[1758203700198714145],,,,2.765,0.737,9.505
[1758203700202609822],,,,2.624,0.759,9.656
[1758203700206422686],,,,2.598,0.778,9.625
[1758203700210101176],,,,2.686,0.651,9.565
[1758203700213783832],,,,2.899,0.761,9.555
[1758203700217482114],,,,2.54,0.687,9.448
[1758203700221147686],,,,2.727,0.721,9.428
[1758203700224891541],,,,2.72,0.757,9.634
[1758203700228572478],,,,2.658,0.776,9.548
[1758203700232253311],,,,2.648,0.761,9.469
[1758203700235931593],,,,2.602,0.668,9.455
[1758203700239602999],,,,2.682,0.692,9.565
[1758203700243271905],,,,2.612,0.711,9.44
[1758203700246954197],,,,2.602,0.632,9.608
[1758203700250616541],,,,2.667,0.539,9.474
[1758203700254293051],,,,2.636,0.596,9.448
[1758203700258162582],,,,2.624,0.735,9.409
[1758203700261861853],,,,2.662,0.675,9.392
[1758203700265527791],,,,2.648,0.723,9.529
[1758203700269170968],,,,2.605,0.613,9.416
[1758203700272846593],,,,2.559,0.711,9.414
[1758203700276545916],,,,2.569,0.678,9.627
[1758203700280217791],,,,2.758,0.668,9.486
[1758203700283896384],,,,2.708,0.754,9.596
[1758203700287573780],,,,2.569,0.759,9.529
[1758203700291241645],,,,2.591,0.697,9.639
[1758203700294988207],,,,2.725,0.654,9.455
[1758203700298678624],,,,2.646,0.723,9.594
[1758203700302453468],,,,2.765,0.749,9.474
[1758203700307301332],,,,2.6,0.646,9.369
[1758203700311088259],,,,2.591,0.697,9.448
[1758203700314811749],,,,2.631,0.673,9.572
[1758203700318482218],,,,2.686,0.706,9.582
[1758203700322149978],,,,2.65,0.754,9.634
[1758203700325834614],,,,2.461,0.649,9.594
[1758203700329497270],,,,2.684,0.639,9.618
[1758203700333168520],,,,2.634,0.874,9.416
[1758203700336881228],,,,2.607,0.713,9.486
[1758203700340550395],,,,2.67,0.776,9.462
[1758203700344212634],,,,2.555,0.704,9.443
[1758203700347949145],,,,2.674,0.678,9.529
[1758203700351676697],,,,2.502,0.709,9.491
[1758203700355428051],,,,2.559,0.644,9.586
[1758203700359105864],,,,2.634,0.745,9.627
[1758203700362778624],,,,2.725,0.706,9.469
[1758203700366476228],,,,2.689,0.663,9.431
[1758203700370143676],,,,2.734,0.905,9.732
[1758203700373816436],,,,2.686,0.656,9.541
[1758203700377496853],,,,2.591,0.558,9.459
[1758203700381168416],,,,2.749,0.704,9.352
[1758203700384898936],,,,2.614,0.725,9.455
[1758203700388583676],,,,2.684,0.668,9.481
[1758203700392252530],,,,2.547,0.721,9.5
[1758203700395938936],,,,2.72,0.644,9.491
[1758203700399613520],,,,2.579,0.678,9.483
[1758203700403297322],,,,2.555,0.68,9.524
[1758203700407044718],,,,2.626,0.907,9.673
[1758203700410977426],,,,2.588,0.718,9.459
[1758203700414831176],,,,2.614,0.661,9.558
[1758203700418514926],,,,2.665,0.709,9.538
[1758203700422195291],,,,2.452,0.673,9.62
[1758203700425897113],,,,2.758,0.721,9.711
[1758203700429572166],,,,2.662,0.694,9.436
[1758203700433250343],,,,2.612,0.795,9.388
[1758203700436926332],,,,2.66,0.74,9.629
[1758203700440591384],,,,2.737,0.723,9.505
[1758203700444259718],,,,2.674,0.723,9.601
[1758203700447950343],,,,2.689,0.622,9.555
[1758203700451650655],,,,2.677,0.699,9.527
[1758203700455471124],,,,2.701,0.713,9.354
[1758203700459154145],,,,2.729,0.883,9.543
[1758203700462832634],,,,2.54,0.783,9.582
[1758203700466529509],,,,2.574,0.682,9.392
[1758203700470198884],,,,2.655,0.886,9.531
[1758203700473852270],,,,2.622,0.704,9.567
[1758203700477504353],,,,2.612,0.745,9.354
[1758203700481150499],,,,2.612,0.637,9.749
[1758203700484890863],,,,2.643,0.694,9.546
[1758203700488570811],,,,2.65,0.742,9.747
[1758203700492255082],,,,2.739,0.649,9.663
[1758203700495936749],,,,2.629,0.675,9.562
[1758203700499601593],,,,2.66,0.706,9.424
[1758203700503276645],,,,2.631,0.627,9.361
[1758203700507018207],,,,2.61,0.654,9.572
[1758203700510697947],,,,2.777,0.687,9.661
[1758203700515245863],,,,2.691,0.639,9.527
[1758203700519104718],,,,2.82,0.651,9.349
[1758203700522879561],,,,2.626,0.666,9.488
[1758203700526565291],,,,2.619,0.759,9.646
[1758203700530226020],,,,2.655,0.627,9.606
[1758203700533896488],,,,2.66,0.608,9.646
[1758203700537584145],,,,2.799,0.644,9.412
[1758203700542359301],,,,2.574,0.699,9.488
[1758203700546387634],,,,2.717,0.723,9.412
[1758203700550343103],,,,2.593,0.481,9.577
[1758203700554252426],,,,2.466,0.687,9.644
[1758203700558203572],,,,2.847,0.601,9.428
[1758203700562100968],,,,2.509,0.637,9.56
[1758203700566012322],,,,2.684,0.773,9.574
[1758203700569878624],,,,2.509,0.711,9.419
[1758203700573785707],,,,2.705,0.694,9.641
[1758203700577713780],,,,2.598,0.632,9.754
[1758203700581609874],,,,2.6,0.651,9.273
[1758203700585465811],,,,2.677,0.685,9.565
[1758203700589206957],,,,2.538,0.673,9.443
[1758203700594090082],,,,2.638,0.668,9.498
[1758203700598066436],,,,2.586,0.737,9.407
[1758203700601754770],,,,2.686,0.649,9.79
[1758203700605532374],,,,2.535,0.725,9.637
[1758203700609203884],,,,2.332,0.675,9.428
[1758203700612879770],,,,2.672,0.795,9.553
[1758203700616594718],,,,2.655,0.702,9.596
[1758203700620269457],,,,2.502,0.747,9.409
[1758203700623940811],,,,2.653,0.711,9.531
[1758203700627646176],,,,2.612,0.642,9.522
[1758203700631313936],,,,2.574,0.804,9.565
[1758203700635063520],,,,2.677,0.668,9.572
[1758203700638748988],,,,2.725,0.627,9.601
[1758203700642505030],,,,2.531,0.74,9.493
[1758203700646473676],,,,2.643,0.69,9.529
[1758203700650256593],,,,2.595,0.704,9.495
[1758203700653943624],,,,2.452,0.642,9.388
[1758203700657711905],,,,2.641,0.673,9.639
[1758203700661407634],,,,2.655,0.704,9.397
[1758203700665106801],,,,2.634,0.733,9.462
[1758203700668772947],,,,2.562,0.642,9.438
[1758203700672438676],,,,2.559,0.51,9.625
[1758203700676111593],,,,2.523,0.632,9.519
[1758203700679776020],,,,2.672,0.682,9.371
[1758203700683457322],,,,2.598,0.63,9.577
[1758203700687160863],,,,2.643,0.733,9.56
[1758203700690855238],,,,2.61,0.673,9.409
[1758203700694659613],,,,2.665,0.742,9.493
[1758203700698352582],,,,2.751,0.795,9.476
[1758203700702042843],,,,2.677,0.764,9.589
[1758203700705814718],,,,2.708,0.68,9.345
[1758203700709493624],,,,2.626,0.62,9.558
[1758203700713168103],,,,2.698,0.666,9.488
[1758203700716850030],,,,2.545,0.682,9.407
[1758203700720521540],,,,2.682,0.725,9.663
[1758203700724189457],,,,2.629,0.646,9.586
[1758203700727884353],,,,2.574,0.716,9.594
[1758203700731564093],,,,2.576,0.551,9.51
[1758203700735244509],,,,2.667,0.702,9.471
[1758203700738915603],,,,2.698,0.704,9.618
[1758203700742584613],,,,2.576,0.682,9.565
[1758203700746266072],,,,2.689,0.757,9.536
[1758203700750810915],,,,2.619,0.883,9.519
[1758203700754738520],,,,2.634,0.622,9.414
[1758203700758564718],,,,2.476,0.735,9.498
[1758203700762276228],,,,2.66,0.69,9.474
[1758203700765967322],,,,2.689,0.711,9.718
[1758203700769637790],,,,2.682,0.654,9.73
[1758203700773296540],,,,2.72,0.606,9.383
[1758203700776966801],,,,2.772,0.651,9.436
[1758203700780615082],,,,2.629,0.651,9.682
[1758203700784293103],,,,2.547,0.608,9.541
[1758203700787998936],,,,2.622,0.654,9.366
[1758203700791672218],,,,2.631,0.529,9.615
[1758203700795380030],,,,2.634,0.771,9.558
[1758203700799136540],,,,2.579,0.654,9.428
[1758203700802857843],,,,2.696,0.661,9.627
[1758203700806592686],,,,2.696,0.769,9.558
[1758203700810267270],,,,2.648,0.757,9.548
[1758203700813939613],,,,2.65,0.62,9.606
[1758203700817647634],,,,2.631,0.678,9.555
[1758203700821320134],,,,2.71,0.749,9.577
[1758203700825044405],,,,2.686,0.773,9.608
[1758203700828715759],,,,2.602,0.646,9.443
[1758203700832399978],,,,2.612,0.699,9.548
[1758203700836118311],,,,2.626,0.79,9.598
[1758203700839791436],,,,2.667,0.699,9.479
[1758203700843460342],,,,2.586,0.615,9.546
[1758203700847159770],,,,2.526,0.651,9.641
[1758203700850811176],,,,2.658,0.764,9.529
[1758203700854536228],,,,2.689,0.661,9.421
[1758203700859006332],,,,2.72,0.73,9.404
[1758203700864286905],,,,2.567,0.704,9.627
[1758203700869420655],,,,2.624,0.718,9.412
[1758203700874540863],,,,2.725,0.747,9.203
[1758203700879699457],,,,2.861,0.505,9.613
[1758203700884820238],,,,2.907,0.646,9.373
[1758203700889919717],,,,2.746,0.642,9.337
[1758203700895073988],,,,2.569,0.522,9.431
[1758203700900259926],,,,2.722,0.62,9.529
[1758203700905449926],,,,2.574,0.625,9.349
[1758203700910631072],,,,2.686,0.486,9.39
[1758203700915806957],,,,2.552,0.498,9.443
[1758203700920946228],,,,2.713,0.699,9.615
[1758203700926102374],,,,2.547,0.675,9.392
[1758203700931193728],,,,2.794,0.687,9.342
[1758203700936394561],,,,2.614,0.551,9.419
[1758203700941513884],,,,2.602,0.675,9.383
[1758203700946644353],,,,2.6,0.718,9.471
[1758203700951775759],,,,2.744,0.702,9.448
[1758203700956986853],,,,2.619,0.713,9.39
[1758203700962527634],,,,2.715,0.735,9.426
[1758203700967783415],,,,2.705,0.654,9.577
[1758203700972915967],,,,2.468,0.742,9.278
[1758203700978017999],,,,2.61,0.587,9.359
[1758203700983114770],,,,2.535,0.481,9.457
[1758203700988281228],,,,2.67,0.864,9.424
[1758203700993402322],,,,2.715,0.682,9.596
[1758203700998527686],,,,2.658,0.785,9.503
[1758203701003653936],,,,2.715,0.728,9.407
[1758203701008906020],,,,2.631,0.761,9.323
[1758203701014112790],,,,2.653,0.675,9.469
[1758203701019213051],,,,2.581,0.615,9.459
[1758203701024321488],,,,2.586,0.642,9.359
[1758203701029480030],,,,2.662,0.62,9.436
[1758203701034581801],,,,2.744,0.649,9.268
[1758203701039687374],,,,2.725,0.642,9.369
[1758203701044803207],,,,2.579,0.625,9.515
[1758203701049973155],,,,2.533,0.721,9.23
[1758203701055101384],,,,2.468,0.68,9.402
[1758203701060959665],,,,2.617,0.678,9.481
[1758203701069358103],,,,2.614,0.754,9.455
[1758203701074911697],,,,2.607,0.67,9.29
[1758203701081531488],,,,2.612,0.723,9.44
[1758203701087176644],,,,2.686,0.742,9.579
[1758203701093609301],,,,2.612,0.706,9.357
[1758203701100037009],,,,2.605,0.74,9.45
[1758203701105465603],,,,2.473,0.63,9.275
[1758203701112335394],,,,2.466,0.615,9.404
[1758203701119035238],,,,2.617,0.618,9.371
[1758203701124608832],,,,2.48,0.622,9.507
[1758203701129786228],,,,2.643,0.637,9.476
[1758203701134917894],,,,2.698,0.687,9.304
[1758203701140087426],,,,2.504,0.721,9.258
[1758203701145203988],,,,2.67,0.634,9.51
[1758203701150324509],,,,2.564,0.666,9.388
[1758203701155445603],,,,2.607,0.759,9.347
[1758203701160249249],,,,2.674,0.543,9.412
[1758203701164076280],,,,2.667,0.699,9.409
[1758203701168667061],,,,2.576,0.656,9.342
[1758203701172396176],,,,2.693,0.692,9.534
[1758203701176872061],,,,2.557,0.651,9.4
[1758203701180716228],,,,2.586,0.632,9.519
[1758203701184582738],,,,2.583,0.792,9.582
[1758203701188315030],,,,2.612,0.754,9.354
[1758203701191987947],,,,2.617,0.781,9.527
[1758203701195671697],,,,2.619,0.591,9.519
[1758203701199338415],,,,2.586,0.812,9.697
[1758203701203012790],,,,2.619,0.728,9.598
[1758203701206714926],,,,2.557,0.596,9.608
[1758203701210377269],,,,2.717,0.656,9.553
[1758203701214054040],,,,2.811,0.749,9.582
[1758203701218109353],,,,2.643,0.752,9.495
[1758203701221848051],,,,2.612,0.718,9.424
[1758203701225544405],,,,2.725,0.709,9.462
[1758203701229206228],,,,2.686,0.709,9.51
[1758203701232876801],,,,2.619,0.718,9.354
[1758203701236574144],,,,2.665,0.706,9.649
[1758203701240244769],,,,2.634,0.668,9.397
[1758203701243905915],,,,2.624,0.757,9.641
[1758203701247576644],,,,2.629,0.716,9.498
[1758203701251223519],,,,2.593,0.651,9.601
[1758203701254969040],,,,2.677,0.747,9.38
[1758203701258664874],,,,2.648,0.522,9.603
[1758203701262423624],,,,2.617,0.721,9.38
[1758203701266330863],,,,2.78,0.661,9.488
[1758203701270034561],,,,2.768,0.675,9.534
[1758203701273700707],,,,2.698,0.687,9.639
[1758203701277393467],,,,2.514,0.697,9.61
[1758203701281075186],,,,2.698,0.761,9.445
[1758203701284804509],,,,2.65,0.747,9.459
[1758203701288469040],,,,2.471,0.716,9.663
[1758203701292131801],,,,2.636,0.692,9.512
[1758203701295826436],,,,2.653,0.773,9.503
[1758203701299506696],,,,2.859,0.699,9.51
[1758203701303183676],,,,2.531,0.603,9.426
[1758203701306918311],,,,2.519,0.663,9.799
[1758203701310678624],,,,2.682,0.713,9.668
[1758203701314376801],,,,2.732,0.644,9.402
[1758203701318513155],,,,2.6,0.68,9.376
[1758203701322211905],,,,2.579,0.718,9.426
[1758203701325902946],,,,2.619,0.596,9.5
[1758203701329577061],,,,2.631,0.761,9.45
[1758203701333253207],,,,2.564,0.642,9.505
[1758203701336949405],,,,2.662,0.737,9.555
[1758203701340626019],,,,2.83,0.622,9.723
[1758203701344283780],,,,2.667,0.63,9.424
[1758203701348001749],,,,2.715,0.678,9.515
[1758203701351660342],,,,2.473,0.694,9.459
[1758203701355376592],,,,2.569,0.761,9.548
[1758203701359071696],,,,2.543,0.888,9.543
[1758203701362827009],,,,2.66,0.721,9.44
[1758203701366745134],,,,2.705,0.481,9.476
[1758203701370448363],,,,2.466,0.737,9.512
[1758203701374112894],,,,2.734,0.74,9.56
[1758203701377802582],,,,2.717,0.718,9.426
[1758203701381460030],,,,2.614,0.646,9.56
[1758203701385176592],,,,2.643,0.63,9.639
[1758203701388853155],,,,2.641,0.725,9.732
[1758203701392528519],,,,2.583,0.742,9.543
[1758203701396191280],,,,2.629,0.524,9.438
[1758203701399844561],,,,2.67,0.644,9.45
[1758203701403509196],,,,2.595,0.74,9.507
[1758203701407231749],,,,2.612,0.785,9.467
[1758203701410972582],,,,2.562,0.565,9.416
[1758203701414703311],,,,2.696,0.668,9.354
[1758203701418725290],,,,2.49,0.749,9.524
[1758203701422416384],,,,2.682,0.735,9.357
[1758203701426112061],,,,2.648,0.517,9.629
[1758203701429783051],,,,2.576,0.687,9.567
[1758203701433460290],,,,2.67,0.668,9.479
[1758203701437152426],,,,2.617,0.67,9.582
[1758203701440824821],,,,2.665,0.615,9.594
[1758203701444515707],,,,2.739,0.73,9.455
[1758203701448200915],,,,2.559,0.742,9.527
[1758203701451872634],,,,2.672,0.754,9.464
[1758203701455588103],,,,2.619,0.639,9.594
[1758203701459275655],,,,2.614,0.752,9.495
[1758203701463045238],,,,2.562,0.634,9.378
[1758203701467084092],,,,2.737,0.539,9.373
[1758203701470794405],,,,2.696,0.692,9.584
[1758203701474500759],,,,2.717,0.788,9.562
[1758203701478176696],,,,2.476,0.613,9.503
[1758203701481839353],,,,2.614,0.563,9.572
[1758203701485533207],,,,2.562,0.611,9.433
[1758203701489194821],,,,2.667,0.668,9.481
[1758203701492855863],,,,2.708,0.675,9.577
[1758203701496507686],,,,2.622,0.522,9.649
[1758203701500142478],,,,2.581,0.862,9.541
[1758203701503804248],,,,2.665,0.649,9.673
[1758203701508363832],,,,2.674,0.685,9.354
[1758203701512280030],,,,2.653,0.706,9.629
[1758203701516096332],,,,2.739,0.833,9.56
[1758203701519781801],,,,2.468,0.663,9.443
[1758203701523457113],,,,2.581,0.687,9.658
[1758203701527151384],,,,2.571,0.759,9.577
[1758203701530822790],,,,2.648,0.67,9.632
[1758203701534521123],,,,2.653,0.575,9.594
[1758203701538206384],,,,2.739,0.685,9.519
[1758203701541885551],,,,2.595,0.615,9.629
[1758203701545587321],,,,2.617,0.766,9.376
[1758203701549252582],,,,2.691,0.785,9.541
[1758203701554155498],,,,2.622,0.63,9.469
[1758203701559012946],,,,2.67,0.656,9.5
[1758203701563902842],,,,2.569,0.625,9.505
[1758203701568822842],,,,2.593,0.663,9.38
[1758203701572790551],,,,2.682,0.692,9.61
[1758203701577605811],,,,2.614,0.73,9.22
[1758203701581571748],,,,2.67,0.584,9.433
[1758203701585491019],,,,2.636,0.678,9.51
[1758203701589357113],,,,2.514,0.675,9.462
[1758203701593236071],,,,2.581,0.728,9.51
[1758203701597912321],,,,2.631,0.73,9.476
[1758203701601684613],,,,2.595,0.563,9.443
[1758203701605401019],,,,2.622,0.646,9.548
[1758203701609070863],,,,2.696,0.783,9.5
[1758203701612746957],,,,2.6,0.737,9.471
[1758203701616551071],,,,2.775,0.661,9.632
[1758203701620227269],,,,2.682,0.725,9.565
[1758203701623896592],,,,2.638,0.637,9.481
[1758203701627580446],,,,2.734,0.718,9.577
[1758203701631243519],,,,2.67,0.73,9.543
[1758203701634954717],,,,2.583,0.654,9.538
[1758203701638631957],,,,2.559,0.733,9.431
[1758203701642375186],,,,2.655,0.69,9.57
[1758203701646072113],,,,2.6,0.663,9.491
[1758203701649736436],,,,2.705,0.745,9.572
[1758203701653412009],,,,2.624,0.907,9.4
[1758203701657122998],,,,2.746,0.584,9.594
[1758203701660787738],,,,2.624,0.649,9.601
[1758203701664508311],,,,2.705,0.778,9.632
[1758203701668532686],,,,2.655,0.888,9.603
[1758203701672260915],,,,2.646,0.622,9.412
[1758203701675942113],,,,2.667,0.769,9.426
[1758203701679626488],,,,2.612,0.654,9.646
[1758203701683295186],,,,2.662,0.852,9.471
[1758203701686983571],,,,2.595,0.773,9.464
[1758203701690660134],,,,2.658,0.642,9.795
[1758203701694331071],,,,2.619,0.862,9.541
[1758203701698010082],,,,2.624,0.675,9.596
[1758203701701682165],,,,2.488,0.797,9.627
[1758203701705389873],,,,2.624,0.658,9.697
[1758203701709071696],,,,2.583,0.582,9.479
[1758203701712833467],,,,2.504,0.771,9.512
[1758203701716816853],,,,2.598,0.828,9.646
[1758203701720519196],,,,2.646,0.764,9.476
[1758203701724190655],,,,2.574,0.721,9.582
[1758203701727858103],,,,2.682,0.658,9.503
[1758203701731522946],,,,2.562,0.539,9.515
[1758203701735222321],,,,2.634,0.723,9.51
[1758203701738889873],,,,2.646,0.678,9.61
[1758203701742558884],,,,2.691,0.697,9.579
[1758203701746248623],,,,2.641,0.67,9.445
[1758203701749915707],,,,2.667,0.735,9.371
[1758203701753583936],,,,2.655,0.721,9.5
[1758203701757288155],,,,2.641,0.725,9.44
[1758203701760956280],,,,2.619,0.812,9.582
[1758203701764708155],,,,2.468,0.68,9.519
[1758203701768762998],,,,2.512,0.69,9.412
[1758203701772460759],,,,2.502,0.682,9.579
[1758203701776140863],,,,2.667,0.711,9.452
[1758203701779799613],,,,2.629,0.836,9.409
[1758203701783468207],,,,2.617,0.591,9.68
[1758203701789395550],,,,2.622,0.711,9.39
[1758203701793110915],,,,2.689,0.702,9.436
[1758203701796770186],,,,2.682,0.725,9.503
[1758203701800414196],,,,2.674,0.611,9.534
[1758203701804068675],,,,2.583,0.716,9.613
[1758203701807796540],,,,2.751,0.857,9.79
[1758203701811575498],,,,2.535,0.687,9.651
[1758203701815316748],,,,2.629,0.656,9.603
[1758203701818990707],,,,2.696,0.668,9.503
[1758203701822684925],,,,2.634,0.725,9.582
[1758203701826382061],,,,2.667,0.694,9.579
[1758203701830048936],,,,2.713,0.666,9.61
[1758203701833715707],,,,2.758,0.613,9.675
[1758203701837387321],,,,2.523,0.656,9.67
[1758203701841051957],,,,2.598,0.644,9.567
[1758203701844758780],,,,2.756,0.702,9.388
[1758203701848482009],,,,2.629,0.625,9.471
[1758203701852281175],,,,2.71,0.615,9.507
[1758203701856011019],,,,2.638,0.737,9.433
[1758203701859690186],,,,2.461,0.622,9.309
[1758203701863375446],,,,2.655,0.663,9.519
[1758203701868583103],,,,2.646,0.804,9.251
[1758203701874214300],,,,2.684,0.673,9.586
[1758203701879337790],,,,2.512,0.651,9.304
[1758203701884464769],,,,2.521,0.704,9.436
[1758203701889615967],,,,2.691,0.673,9.349
[1758203701894744769],,,,2.583,0.558,9.304
[1758203701899851592],,,,2.459,0.663,9.531
[1758203701904965186],,,,2.478,0.879,9.582
[1758203701910129873],,,,2.519,0.656,9.309
[1758203701915316384],,,,2.583,0.692,9.452
[1758203701920485186],,,,2.478,0.68,9.392
[1758203701925656592],,,,2.595,0.682,9.369
[1758203701930810134],,,,2.701,0.735,9.218
[1758203701935953988],,,,2.559,0.536,9.486
[1758203701941047009],,,,2.526,0.687,9.402
[1758203701946242269],,,,2.873,0.699,9.407
[1758203701951410811],,,,2.61,0.675,9.613
[1758203701956559196],,,,2.691,0.589,9.481
[1758203701961678467],,,,2.464,0.675,9.347
[1758203701966877425],,,,2.691,0.697,9.457
[1758203701972030342],,,,2.739,0.613,9.57
[1758203701977516592],,,,2.617,0.666,9.392
[1758203701982750238],,,,2.636,0.651,9.383
[1758203701987862113],,,,2.693,0.783,9.493
[1758203701992976227],,,,2.753,0.658,9.639
[1758203701998137061],,,,2.564,0.699,9.531
[1758203702003262061],,,,2.521,0.704,9.517
[1758203702008380030],,,,2.725,0.646,9.378
[1758203702013560655],,,,2.624,0.68,9.431
[1758203702020010498],,,,2.737,0.742,9.412
[1758203702025523363],,,,2.631,0.685,9.565
[1758203702030684144],,,,2.634,0.658,9.28
[1758203702035858259],,,,2.555,0.8,9.258
[1758203702041006436],,,,2.89,0.601,9.273
[1758203702046170446],,,,2.655,0.699,9.529
[1758203702051274821],,,,2.464,0.517,9.424
[1758203702056482894],,,,2.708,0.644,9.431
[1758203702061661905],,,,2.794,0.812,9.601
[1758203702066960811],,,,2.483,0.678,9.39
[1758203702072165811],,,,2.591,0.73,9.577
[1758203702077292582],,,,2.729,0.646,9.354
[1758203702083311436],,,,2.641,0.735,9.385
[1758203702088978050],,,,2.693,0.735,9.5
[1758203702095430238],,,,2.734,0.721,9.524
[1758203702101039717],,,,2.749,0.685,9.577
[1758203702107009613],,,,2.571,0.764,9.474
[1758203702113489248],,,,2.725,0.62,9.44
[1758203702119135550],,,,2.473,0.632,9.4
[1758203702124497998],,,,2.732,0.699,9.531
[1758203702130989665],,,,2.521,0.673,9.407
[1758203702136716540],,,,2.629,0.575,9.464
[1758203702143173519],,,,2.65,0.692,9.354
[1758203702149544613],,,,2.61,0.644,9.428
[1758203702154787061],,,,2.71,0.67,9.57
[1758203702159939300],,,,2.701,0.622,9.488
[1758203702165067009],,,,2.55,0.668,9.409
[1758203702169071123],,,,2.684,0.67,9.476
[1758203702172760654],,,,2.674,0.613,9.438
[1758203702176445290],,,,2.495,0.62,9.634
[1758203702180110863],,,,2.471,0.725,9.591
[1758203702184060446],,,,2.547,0.685,9.661
[1758203702187841332],,,,2.662,0.606,9.574
[1758203702191628779],,,,2.595,0.673,9.512
[1758203702195364561],,,,2.456,0.857,9.462
[1758203702199021540],,,,2.607,0.599,9.56
[1758203702202685550],,,,2.634,0.682,9.304
[1758203702206365863],,,,2.732,0.721,9.646
[1758203702210019248],,,,2.614,0.613,9.395
[1758203702213679977],,,,2.545,0.737,9.424
[1758203702217423467],,,,2.698,0.716,9.622
[1758203702221081696],,,,2.641,0.742,9.567
[1758203702224834613],,,,2.576,0.663,9.5
[1758203702228520654],,,,2.641,0.62,9.562
[1758203702232217061],,,,2.749,0.687,9.57
[1758203702235977686],,,,2.588,0.678,9.495
[1758203702239645550],,,,2.66,0.687,9.531
[1758203702243317894],,,,2.682,0.74,9.622
[1758203702247011123],,,,2.562,0.67,9.546
[1758203702250692582],,,,2.674,0.783,9.649
[1758203702254358050],,,,2.468,0.67,9.56
[1758203702258028415],,,,2.686,0.73,9.538
[1758203702261710238],,,,2.591,0.496,9.589
[1758203702265482738],,,,2.658,0.62,9.517
[1758203702269153207],,,,2.605,0.642,9.531
[1758203702272829509],,,,2.653,0.68,9.443
[1758203702276510082],,,,2.696,0.613,9.512
[1758203702280176748],,,,2.571,0.709,9.555
[1758203702283841592],,,,2.667,0.673,9.486
[1758203702287522425],,,,2.49,0.713,9.689
[1758203702291450446],,,,2.433,0.649,9.538
[1758203702295237321],,,,2.602,0.742,9.436
[1758203702298918936],,,,2.662,0.622,9.452
[1758203702302584300],,,,2.528,0.709,9.74
[1758203702306253415],,,,2.643,0.611,9.493
[1758203702309895863],,,,2.564,0.68,9.637
[1758203702313587425],,,,2.693,0.733,9.591
[1758203702317351332],,,,2.65,0.543,9.515
[1758203702321011488],,,,2.65,0.745,9.584
[1758203702324744196],,,,2.533,0.673,9.586
[1758203702328449300],,,,2.66,0.694,9.543
[1758203702332147373],,,,2.641,0.745,9.531
[1758203702335917477],,,,2.801,0.634,9.603
[1758203702339588363],,,,2.646,0.917,9.531
[1758203702343257477],,,,2.65,0.611,9.45
[1758203702346974665],,,,2.655,0.668,9.354
[1758203702350628832],,,,2.607,0.74,9.584
[1758203702354283363],,,,2.624,0.675,9.538
[1758203702357968727],,,,2.698,0.611,9.586
[1758203702361651384],,,,2.488,0.749,9.567
[1758203702365428519],,,,2.658,0.761,9.515
[1758203702369122269],,,,2.605,0.802,9.479
[1758203702372819196],,,,2.535,0.682,9.764
[1758203702376536279],,,,2.634,0.759,9.656
[1758203702380203779],,,,2.772,0.666,9.412
[1758203702383861852],,,,2.473,0.515,9.675
[1758203702387521852],,,,2.72,0.857,9.55
[1758203702391229456],,,,2.708,0.694,9.397
[1758203702396091175],,,,2.753,0.907,9.538
[1758203702399962842],,,,2.67,0.718,9.388
[1758203702403748363],,,,2.564,0.697,9.543
[1758203702407437634],,,,2.658,0.668,9.534
[1758203702411099977],,,,2.564,0.668,9.646
[1758203702414899769],,,,2.753,0.876,9.632
[1758203702418605446],,,,2.464,0.692,9.572
[1758203702422279144],,,,2.552,0.745,9.572
[1758203702425957529],,,,2.682,0.759,9.627
[1758203702429632477],,,,2.713,0.632,9.613
[1758203702433306956],,,,2.562,0.783,9.436
[1758203702437051644],,,,2.646,0.816,9.503
[1758203702440744248],,,,2.727,0.687,9.527
[1758203702444548727],,,,2.71,0.675,9.404
[1758203702448289456],,,,2.626,0.62,9.385
[1758203702451972321],,,,2.488,0.709,9.436
[1758203702455667477],,,,2.734,0.654,9.345
[1758203702459334144],,,,2.519,0.651,9.538
[1758203702463005081],,,,2.607,0.692,9.421
[1758203702467041644],,,,2.646,0.488,9.306
[1758203702472339925],,,,2.638,0.182,8.921
[1758203702476371384],,,,2.557,0.879,9.929
[1758203702480093623],,,,2.504,0.603,9.115
[1758203702483796540],,,,2.514,0.797,9.476
[1758203702487522634],,,,2.746,0.759,9.531
[1758203702491216696],,,,2.533,0.484,9.395
[1758203702494954977],,,,2.65,0.881,9.483
[1758203702498629665],,,,2.485,0.611,9.543
[1758203702502351071],,,,2.689,0.661,9.759
[1758203702506097894],,,,2.485,0.915,9.558
[1758203702509922321],,,,2.828,0.646,9.455
[1758203702513608363],,,,2.631,0.8,9.546
[1758203702517328884],,,,2.638,0.543,9.538
[1758203702520978102],,,,2.732,0.651,9.483
[1758203702524744925],,,,2.519,0.709,9.445
[1758203702528442217],,,,2.665,0.685,9.431
[1758203702532118206],,,,2.71,0.745,9.459
[1758203702535852634],,,,2.533,0.833,9.335
[1758203702539541696],,,,2.713,0.555,9.507
[1758203702543218988],,,,2.67,0.632,9.613
[1758203702546983884],,,,2.691,0.678,9.658
[1758203702550801800],,,,2.602,0.594,9.538
[1758203702554538988],,,,2.629,0.711,9.538
[1758203702558239248],,,,2.583,0.654,9.651
[1758203702561943415],,,,2.562,0.658,9.467
[1758203702565715654],,,,2.701,0.699,9.383
[1758203702569937529],,,,2.552,0.733,9.536
[1758203702573933675],,,,2.581,0.699,9.488
[1758203702577957894],,,,2.749,0.694,9.534
[1758203702581896384],,,,2.564,0.697,9.428
[1758203702586646436],,,,2.622,0.675,9.574
[1758203702590556696],,,,2.727,0.828,9.68
[1758203702595284561],,,,2.646,0.898,9.361
[1758203702599180863],,,,2.492,0.536,9.558
[1758203702603222217],,,,2.54,0.69,9.498
[1758203702607221279],,,,2.739,0.654,9.627
[1758203702611122633],,,,2.552,0.639,9.519
[1758203702614980342],,,,2.737,0.723,9.567
[1758203702618675915],,,,2.61,0.67,9.443
[1758203702622341383],,,,2.559,0.694,9.491
[1758203702626028519],,,,2.502,0.678,9.649
[1758203702629683206],,,,2.552,0.618,9.531
[1758203702633342373],,,,2.476,0.881,9.555
[1758203702637043831],,,,2.725,0.709,9.677
[1758203702640704456],,,,2.636,0.699,9.39
[1758203702644371956],,,,2.471,0.668,9.512
[1758203702648102686],,,,2.665,0.694,9.546
[1758203702651769769],,,,2.629,0.728,9.577
[1758203702655522894],,,,2.559,0.649,9.426
[1758203702659202529],,,,2.5,0.611,9.629
[1758203702662879821],,,,2.792,0.639,9.622
[1758203702666636436],,,,2.703,0.737,9.586
[1758203702670314300],,,,2.703,0.611,9.582
[1758203702674968831],,,,2.636,0.725,9.493
[1758203702678855290],,,,2.617,0.656,9.55
[1758203702682532425],,,,2.72,0.642,9.5
[1758203702686202946],,,,2.614,0.666,9.419
[1758203702689858102],,,,2.684,0.725,9.498
[1758203702693565602],,,,2.602,0.766,9.584
[1758203702697263154],,,,2.689,0.675,9.505
[1758203702700929196],,,,2.65,0.718,9.658
[1758203702704643675],,,,2.67,0.778,9.455
[1758203702708361904],,,,2.612,0.694,9.55
[1758203702712066019],,,,2.545,0.649,9.438
[1758203702715868206],,,,2.61,0.663,9.357
[1758203702719554717],,,,2.569,0.675,9.261
[1758203702723305238],,,,2.646,1.003,10.005
[1758203702726987425],,,,2.488,0.52,9.56
[1758203702730647946],,,,2.602,0.539,9.246
[1758203702734362842],,,,2.868,0.807,9.522
[1758203702738087946],,,,2.547,0.539,9.792
[1758203702741758519],,,,2.691,0.56,9.639
[1758203702745435498],,,,2.751,0.694,9.22
[1758203702749135081],,,,2.638,0.517,9.603
[1758203702752796436],,,,2.641,0.706,9.725
[1758203702756492529],,,,2.749,0.704,9.27
[1758203702760164769],,,,2.703,0.737,9.486
[1758203702763844248],,,,2.574,0.553,9.603
[1758203702767582686],,,,2.806,0.735,9.625
[1758203702771251956],,,,2.567,0.814,9.325
[1758203702774992113],,,,2.67,0.723,9.469
[1758203702779100446],,,,2.591,0.673,9.505
[1758203702782879196],,,,2.526,0.725,9.433
[1758203702786574717],,,,2.653,0.735,9.414
[1758203702790244977],,,,2.729,0.697,9.584
[1758203702793913154],,,,2.717,0.536,9.625
[1758203702797599821],,,,2.756,0.599,9.4
[1758203702801264508],,,,2.464,0.625,9.615
[1758203702804976331],,,,2.67,0.627,9.517
[1758203702808638727],,,,2.49,0.723,9.629
[1758203702812307738],,,,2.739,0.757,9.728
[1758203702816062738],,,,2.581,0.742,9.615
[1758203702819723831],,,,2.619,0.879,9.656
[1758203702823471175],,,,2.641,0.615,9.459
[1758203702827172894],,,,2.591,0.721,9.538
[1758203702830841904],,,,2.626,0.824,9.584
[1758203702834540446],,,,2.679,0.723,9.675
[1758203702838224717],,,,2.682,0.776,9.529
[1758203702841887633],,,,2.72,0.728,9.361
[1758203702845559040],,,,2.71,0.637,9.558
[1758203702849248206],,,,2.61,0.699,9.524
[1758203702852911488],,,,2.636,0.706,9.4
[1758203702856614456],,,,2.737,0.745,9.632
[1758203702860280238],,,,2.761,0.639,9.663
[1758203702863945238],,,,2.739,0.675,9.491
[1758203702867674248],,,,2.653,0.529,9.639
[1758203702871408727],,,,2.655,0.716,9.56
[1758203702876618415],,,,2.617,0.728,9.534
[1758203702881743102],,,,2.693,0.68,9.402
[1758203702887409300],,,,2.737,0.505,9.206
[1758203702892650290],,,,2.693,0.833,9.56
[1758203702897813831],,,,2.598,0.852,9.608
[1758203702902931696],,,,2.519,0.749,9.522
[1758203702908059300],,,,2.521,0.69,9.639
[1758203702913181331],,,,2.521,0.771,9.543
[1758203702918372738],,,,2.579,0.757,9.649
[1758203702923488154],,,,2.579,0.467,9.495
[1758203702928703831],,,,2.691,0.565,9.649
[1758203702933919925],,,,2.521,0.675,9.436
[1758203702939037425],,,,2.547,0.785,9.361
[1758203702944143675],,,,2.892,0.639,9.598
[1758203702949295342],,,,2.507,0.773,9.361
[1758203702954423519],,,,2.629,0.764,9.469
[1758203702959541071],,,,2.435,0.733,9.414
[1758203702964659873],,,,2.691,0.728,9.261
[1758203702971852269],,,,2.598,0.764,9.448
[1758203702977047738],,,,2.521,0.642,9.414
[1758203702982157060],,,,2.756,0.68,9.311
[1758203702987285238],,,,2.705,0.646,9.424
[1758203702993450758],,,,2.727,0.622,9.467
[1758203702999956071],,,,2.349,0.69,9.383
[1758203703005280915],,,,2.902,0.704,9.512
[1758203703010411696],,,,2.61,0.735,9.431
[1758203703015523102],,,,2.648,0.627,9.402
[1758203703020715810],,,,2.727,0.697,9.629
[1758203703025881019],,,,2.801,0.484,9.347
[1758203703030992269],,,,2.768,0.637,9.44
[1758203703036170550],,,,2.662,0.563,9.522
[1758203703041304665],,,,2.693,0.627,9.452
[1758203703046569144],,,,2.567,0.711,9.438
[1758203703051707685],,,,2.579,0.742,9.354
[1758203703056832477],,,,2.488,0.723,9.584
[1758203703061948102],,,,2.66,0.843,9.369
[1758203703067119508],,,,2.557,0.596,9.38
[1758203703072243727],,,,2.705,0.836,9.529
[1758203703077409456],,,,2.492,0.699,9.421
[1758203703082518675],,,,2.624,0.862,9.512
[1758203703087644300],,,,2.727,0.68,9.407
[1758203703092744717],,,,2.782,0.548,9.553
[1758203703098532790],,,,2.67,0.663,9.359
[1758203703104392633],,,,2.693,0.658,9.572
[1758203703110980758],,,,2.504,0.694,9.378
[1758203703116841956],,,,2.643,0.651,9.407
[1758203703123357217],,,,2.461,0.63,9.414
[1758203703129007217],,,,2.725,0.757,9.445
[1758203703134404717],,,,2.65,0.725,9.376
[1758203703140076331],,,,2.476,0.735,9.383
[1758203703146003675],,,,2.643,0.704,9.337
[1758203703152254040],,,,2.626,0.663,9.562
[1758203703157903362],,,,2.567,0.534,9.38
[1758203703163105446],,,,2.607,0.479,9.354
[1758203703168363831],,,,2.569,0.867,9.409
[1758203703173239040],,,,2.746,0.773,9.38
[1758203703176986852],,,,2.509,0.694,9.651
[1758203703180658779],,,,2.665,0.752,9.606
[1758203703184325810],,,,2.734,0.634,9.378
[1758203703188025446],,,,2.751,0.67,9.536
[1758203703191707790],,,,2.722,0.668,9.649
[1758203703195486748],,,,2.701,0.879,9.424
[1758203703199148831],,,,2.907,0.754,9.436
[1758203703202819300],,,,2.638,0.757,9.687
[1758203703207427165],,,,2.579,0.749,9.352
[1758203703211278050],,,,2.564,0.833,9.419
[1758203703215147529],,,,2.48,0.661,9.591
[1758203703218849612],,,,2.701,0.711,9.433
[1758203703222528258],,,,2.595,0.709,9.752
[1758203703226254040],,,,2.638,0.625,9.45
[1758203703229921383],,,,2.5,0.627,9.424
[1758203703233598050],,,,2.626,0.666,9.323
[1758203703237284665],,,,2.708,0.745,9.689
[1758203703240958675],,,,2.591,0.627,9.591
[1758203703245507581],,,,2.617,0.675,9.491
[1758203703249348310],,,,2.722,0.723,9.5
[1758203703253028310],,,,2.689,0.608,9.582
[1758203703256701435],,,,2.605,0.716,9.646
[1758203703260363154],,,,2.634,0.723,9.728
[1758203703264062842],,,,2.624,0.673,9.543
[1758203703267805498],,,,2.598,0.692,9.634
[1758203703271486956],,,,2.646,0.871,9.39
[1758203703275175394],,,,2.571,0.728,9.469
[1758203703278843102],,,,2.636,0.646,9.4
[1758203703282519092],,,,2.471,0.716,9.529
[1758203703286255185],,,,2.595,0.778,9.505
[1758203703290002998],,,,2.739,0.658,9.57
[1758203703293685498],,,,2.617,0.656,9.529
[1758203703297365706],,,,2.555,0.759,9.51
[1758203703301026852],,,,2.579,0.721,9.579
[1758203703304745498],,,,2.65,0.651,9.649
[1758203703308435758],,,,2.586,0.881,9.618
[1758203703313268987],,,,2.698,0.687,9.641
[1758203703317146331],,,,2.672,0.725,9.421
[1758203703320913258],,,,2.622,0.706,9.503
[1758203703324618206],,,,2.648,0.62,9.632
[1758203703328273362],,,,2.636,0.699,9.491
[1758203703331924300],,,,2.6,0.661,9.541
[1758203703335616227],,,,2.689,0.649,9.644
[1758203703339285394],,,,2.727,0.62,9.515
[1758203703342962789],,,,2.705,0.781,9.366
[1758203703346641956],,,,2.717,0.618,9.558
[1758203703350289925],,,,2.751,0.69,9.491
[1758203703354002425],,,,2.725,0.673,9.55
[1758203703357714404],,,,2.732,0.711,9.639
[1758203703361472894],,,,2.512,0.888,9.62
[1758203703365230967],,,,2.693,0.697,9.548
[1758203703368900550],,,,2.591,0.663,9.589
[1758203703372579404],,,,2.708,0.86,9.627
[1758203703376276904],,,,2.564,0.579,9.555
[1758203703379937685],,,,2.543,0.62,9.503
[1758203703383601644],,,,2.535,0.541,9.505
[1758203703387285342],,,,2.622,0.654,9.577
[1758203703390960550],,,,2.732,0.673,9.79
[1758203703394677217],,,,2.612,0.658,9.632
[1758203703398369821],,,,2.579,0.781,9.732
[1758203703402038206],,,,2.732,0.757,9.512
[1758203703405715029],,,,2.741,0.68,9.483
[1758203703409386800],,,,2.492,0.713,9.438
[1758203703413072737],,,,2.71,0.704,9.424
[1758203703417229612],,,,2.523,0.721,9.548
[1758203703421015185],,,,2.602,0.678,9.22
[1758203703424760654],,,,2.528,0.867,9.349
[1758203703428447373],,,,2.753,0.613,9.776
[1758203703432116592],,,,2.555,0.757,9.426
[1758203703435806383],,,,2.67,0.73,9.45
[1758203703439473154],,,,2.648,0.67,9.436
[1758203703443151331],,,,2.571,0.634,9.512
[1758203703446837842],,,,2.691,0.656,9.634
[1758203703450509873],,,,2.816,0.654,9.505
[1758203703454180237],,,,2.595,0.682,9.548
[1758203703457907581],,,,2.734,0.816,9.618
[1758203703461592789],,,,2.674,0.733,9.606
[1758203703465405185],,,,2.502,0.702,9.457
[1758203703469085654],,,,2.72,0.67,9.646
[1758203703472755081],,,,2.552,0.725,9.469
[1758203703476439352],,,,2.641,0.709,9.448
[1758203703480111175],,,,2.605,0.661,9.567
[1758203703483784769],,,,2.483,0.685,9.603
[1758203703487464873],,,,2.631,0.745,9.534
[1758203703491127269],,,,2.571,0.651,9.515
[1758203703495046904],,,,2.576,0.747,9.51
[1758203703498761956],,,,2.641,0.654,9.692
[1758203703502443258],,,,2.571,0.718,9.558
[1758203703506120966],,,,2.677,0.608,9.392
[1758203703509785758],,,,2.677,0.706,9.608
[1758203703513452841],,,,2.583,0.572,9.452
[1758203703517199821],,,,2.693,0.67,9.567
[1758203703520887841],,,,2.468,0.855,9.606
[1758203703524832164],,,,2.61,0.757,9.483
[1758203703528562737],,,,2.705,0.687,9.594
[1758203703532260966],,,,2.658,0.678,9.505
[1758203703535979769],,,,2.571,0.68,9.536
[1758203703539738831],,,,2.67,0.723,9.321
[1758203703543407373],,,,2.626,0.752,9.517
[1758203703547110550],,,,2.768,0.601,9.613
[1758203703550789196],,,,2.452,0.675,9.474
[1758203703554471696],,,,2.547,0.721,9.627
[1758203703558159456],,,,2.705,0.651,9.622
[1758203703561839352],,,,2.617,0.737,9.618
[1758203703565580237],,,,2.66,0.68,9.553
[1758203703569249352],,,,2.588,0.637,9.701
[1758203703572920341],,,,2.689,0.742,9.653
[1758203703576651435],,,,2.612,0.673,9.476
[1758203703580796227],,,,2.626,0.575,9.471
[1758203703584838154],,,,2.713,0.618,9.431
[1758203703588777008],,,,2.605,0.651,9.522
[1758203703592692373],,,,2.588,0.783,9.412
[1758203703596597321],,,,2.67,0.658,9.618
[1758203703600475081],,,,2.636,0.733,9.421
[1758203703604426644],,,,2.526,0.639,9.39
[1758203703608375341],,,,2.67,0.63,9.615
[1758203703612313154],,,,2.607,0.646,9.402
[1758203703616287164],,,,2.634,0.678,9.584
[1758203703622100810],,,,2.629,0.678,9.39
[1758203703625937269],,,,2.617,0.596,9.534
[1758203703629858779],,,,2.643,0.69,9.646
[1758203703633592529],,,,2.65,0.783,9.419
[1758203703637309769],,,,2.655,0.668,9.776
[1758203703640983987],,,,2.653,0.678,9.594
[1758203703644717008],,,,2.729,0.692,9.606
[1758203703648414873],,,,2.614,0.881,9.646
[1758203703652087060],,,,2.452,0.63,9.598
[1758203703655797112],,,,2.746,0.615,9.51
[1758203703659461175],,,,2.535,0.778,9.661
[1758203703663200446],,,,2.741,0.752,9.507
[1758203703667057946],,,,2.715,0.716,9.467
[1758203703670742789],,,,2.672,0.606,9.586
[1758203703674459091],,,,2.626,0.711,9.574
[1758203703678197581],,,,2.612,0.654,9.61
[1758203703681884091],,,,2.569,0.666,9.67
[1758203703685605706],,,,2.612,0.666,9.601
[1758203703689276435],,,,2.624,0.725,9.601
[1758203703692958987],,,,2.569,0.606,9.464
[1758203703696700341],,,,2.722,0.718,9.608
[1758203703700371331],,,,2.598,0.721,9.531
[1758203703704054560],,,,2.612,0.711,9.524
[1758203703707863987],,,,2.588,0.63,9.44
[1758203703711569508],,,,2.614,0.807,9.752
[1758203703715322841],,,,2.636,0.745,9.515
[1758203703718993675],,,,2.528,0.591,9.495
[1758203703722701071],,,,2.504,0.644,9.347
[1758203703726403623],,,,2.574,0.704,9.266
[1758203703730071071],,,,2.662,0.615,9.646
[1758203703734722998],,,,2.523,0.733,9.56
[1758203703738597893],,,,2.646,0.634,9.395
[1758203703742375498],,,,2.667,0.67,9.565
[1758203703746080029],,,,2.662,0.771,9.527
[1758203703749751227],,,,2.653,0.663,9.598
[1758203703753424404],,,,2.509,0.622,9.44
[1758203703757127112],,,,2.701,0.8,9.701
[1758203703760807529],,,,2.547,0.713,9.347
[1758203703764533727],,,,2.598,0.646,9.567
[1758203703769191800],,,,2.574,0.752,9.44
[1758203703772991956],,,,2.729,0.706,9.613
[1758203703776683362],,,,2.729,0.718,9.529
[1758203703780347581],,,,2.512,0.642,9.658
[1758203703784014143],,,,2.682,0.642,9.45
[1758203703787709352],,,,2.691,0.723,9.486
[1758203703791385289],,,,2.629,0.603,9.469
[1758203703795064300],,,,2.693,0.783,9.534
[1758203703798740081],,,,2.638,0.709,9.677
[1758203703802429925],,,,2.658,0.742,9.627
[1758203703806159456],,,,2.478,0.685,9.541
[1758203703809842112],,,,2.662,0.783,9.483
[1758203703813603258],,,,2.488,0.723,9.55
[1758203703817357425],,,,2.454,0.711,9.632
[1758203703821025602],,,,2.67,0.725,9.641
[1758203703824762216],,,,2.631,0.656,9.409
[1758203703828448154],,,,2.571,0.749,9.459
[1758203703832112633],,,,2.547,0.702,9.584
[1758203703835784716],,,,2.591,0.809,9.668
[1758203703839438987],,,,2.483,0.5,9.476
[1758203703843126279],,,,2.626,0.651,9.476
[1758203703846880133],,,,2.614,0.776,9.558
[1758203703850533623],,,,2.658,0.637,9.524
[1758203703854185133],,,,2.729,0.618,9.428
[1758203703857877425],,,,2.705,0.721,9.606
[1758203703861553831],,,,2.626,0.656,9.541
[1758203703865291748],,,,2.461,0.603,9.507
[1758203703868970550],,,,2.703,0.73,9.426
[1758203703872912164],,,,2.562,0.687,9.515
[1758203703876709248],,,,2.392,0.761,9.577
[1758203703881471800],,,,2.844,0.687,9.67
[1758203703886637789],,,,2.667,0.704,9.385
[1758203703891749039],,,,2.643,0.685,9.414
[1758203703896872477],,,,2.643,0.627,9.424
[1758203703902029716],,,,2.605,0.718,9.464
[1758203703907209091],,,,2.686,0.627,9.385
[1758203703912329300],,,,2.54,0.649,9.424
[1758203703917596435],,,,2.624,0.644,9.39
[1758203703922814039],,,,2.696,0.68,9.495
[1758203703927967477],,,,2.744,0.62,9.385
[1758203703933088883],,,,2.667,0.733,9.352
[1758203703938240550],,,,2.825,0.742,9.486
[1758203703943344977],,,,2.705,0.761,9.199
[1758203703948462841],,,,2.741,0.754,9.392
[1758203703953569091],,,,2.749,0.622,9.369
[1758203703958710758],,,,2.583,0.608,9.503
[1758203703963823518],,,,2.722,0.843,9.517
[1758203703969022893],,,,2.653,0.618,9.467
[1758203703974136175],,,,2.686,0.725,9.357
[1758203703979879352],,,,2.737,0.675,9.402
[1758203703985149873],,,,2.732,0.625,9.448
[1758203703990294456],,,,2.614,0.582,9.299
[1758203703995405445],,,,2.579,0.687,9.409
[1758203704000553206],,,,2.602,0.615,9.51
[1758203704005774404],,,,2.646,0.62,9.369
[1758203704010934612],,,,2.672,0.728,9.388
[1758203704016198935],,,,2.48,0.675,9.505
[1758203704021434456],,,,2.662,0.8,9.603
[1758203704026673987],,,,2.622,0.639,9.424
[1758203704031796956],,,,2.717,0.673,9.294
[1758203704036941383],,,,2.66,0.776,9.469
[1758203704042083258],,,,2.5,0.733,9.309
[1758203704047218779],,,,2.677,0.687,9.4
[1758203704052338675],,,,2.598,0.702,9.649
[1758203704057498727],,,,2.571,0.673,9.254
[1758203704062630185],,,,2.801,0.747,9.57
[1758203704067844716],,,,2.54,0.728,9.357
[1758203704072961956],,,,2.66,0.553,9.467
[1758203704078091591],,,,2.552,0.761,9.529
[1758203704083804039],,,,2.753,0.642,9.419
[1758203704089061070],,,,2.555,0.702,9.627
[1758203704094177581],,,,2.727,0.663,9.481
[1758203704099268779],,,,2.545,0.702,9.594
[1758203704104367893],,,,2.686,0.792,9.4
[1758203704111167320],,,,2.617,0.733,9.404
[1758203704118780341],,,,2.614,0.68,9.613
[1758203704125361435],,,,2.751,0.642,9.421
[1758203704131032164],,,,2.547,0.668,9.407
[1758203704137614977],,,,2.653,0.694,9.352
[1758203704143279404],,,,2.516,0.673,9.486
[1758203704149731487],,,,2.622,0.745,9.445
[1758203704156337789],,,,2.612,0.783,9.354
[1758203704162078102],,,,2.626,0.752,9.464
[1758203704168757477],,,,2.607,0.716,9.201
[1758203704174280862],,,,2.483,0.687,9.464
[1758203704179409352],,,,2.543,0.716,9.491
[1758203704183144300],,,,2.464,0.682,9.383
[1758203704186887320],,,,2.655,0.687,9.548
[1758203704191368570],,,,2.602,0.627,9.773
[1758203704195244872],,,,2.648,0.654,9.414
[1758203704198943050],,,,2.559,0.713,9.682
[1758203704202611018],,,,2.569,0.663,9.515
[1758203704206299612],,,,2.485,0.673,9.697
[1758203704209970550],,,,2.456,0.721,9.651
[1758203704213653466],,,,2.579,0.646,9.529
[1758203704218964247],,,,2.602,0.658,9.471
[1758203704222799091],,,,2.528,0.759,9.495
[1758203704226519195],,,,2.763,0.682,9.529
[1758203704230183154],,,,2.543,0.702,9.409
[1758203704233845758],,,,2.72,0.749,9.699
[1758203704237532789],,,,2.674,0.864,9.534
[1758203704241194247],,,,2.591,0.69,9.594
[1758203704244935497],,,,2.629,0.658,9.481
[1758203704248603518],,,,2.579,0.68,9.586
[1758203704252267320],,,,2.646,0.639,9.649
[1758203704255964612],,,,2.775,0.673,9.704
[1758203704259677060],,,,2.631,0.704,9.397
[1758203704263349404],,,,2.665,0.543,9.629
[1758203704267088622],,,,2.65,0.63,9.55
[1758203704270751122],,,,2.703,0.692,9.651
[1758203704274448779],,,,2.751,0.603,9.457
[1758203704278136695],,,,2.622,0.721,9.457
[1758203704281828466],,,,2.607,0.706,9.555
[1758203704285540966],,,,2.715,0.807,9.591
[1758203704289214091],,,,2.626,0.718,9.414
[1758203704292884039],,,,2.65,0.67,9.534
[1758203704296572320],,,,2.591,0.575,9.383
[1758203704300262008],,,,2.713,0.663,9.61
[1758203704303941070],,,,2.717,0.903,9.38
[1758203704307625289],,,,2.583,0.625,9.515
[1758203704311298935],,,,2.689,0.848,9.558
[1758203704315090654],,,,2.648,0.773,9.455
[1758203704318784508],,,,2.559,0.702,9.613
[1758203704322754560],,,,2.593,0.649,9.354
[1758203704326563518],,,,2.502,0.589,9.641
[1758203704330253050],,,,2.634,0.67,9.555
[1758203704333929143],,,,2.756,0.728,9.479
[1758203704337627008],,,,2.602,0.666,9.481
[1758203704341299664],,,,2.729,0.702,9.538
[1758203704345000810],,,,2.638,0.721,9.558
[1758203704348641383],,,,2.595,0.733,9.505
[1758203704352299820],,,,2.629,0.759,9.527
[1758203704356010706],,,,2.665,0.716,9.517
[1758203704359682268],,,,2.703,0.654,9.629
[1758203704363358466],,,,2.686,0.663,9.548
[1758203704367140810],,,,2.703,0.699,9.606
[1758203704370811852],,,,2.531,0.63,9.459
[1758203704374560966],,,,2.523,0.639,9.634
[1758203704378248362],,,,2.746,0.697,9.663
[1758203704381924560],,,,2.658,0.723,9.467
[1758203704385602164],,,,2.638,0.73,9.448
[1758203704389282945],,,,2.667,0.613,9.503
[1758203704392944612],,,,2.61,0.697,9.436
[1758203704396613622],,,,2.677,0.678,9.78
[1758203704400283779],,,,2.643,0.745,9.505
[1758203704403949299],,,,2.646,0.565,9.641
[1758203704407641799],,,,2.643,0.711,9.725
[1758203704411306122],,,,2.674,0.579,9.416
[1758203704415089716],,,,2.509,0.713,9.474
[1758203704418787060],,,,2.646,0.742,9.534
[1758203704422543258],,,,2.629,0.675,9.483
[1758203704426603466],,,,2.653,0.575,9.527
[1758203704430389820],,,,2.713,0.723,9.562
[1758203704434063362],,,,2.682,0.682,9.62
[1758203704437726747],,,,2.655,0.804,9.515
[1758203704441411018],,,,2.533,0.682,9.4
[1758203704445114768],,,,2.674,0.63,9.373
[1758203704448792841],,,,2.674,0.737,9.591
[1758203704452462685],,,,2.732,0.656,9.431
[1758203704456142372],,,,2.66,0.646,9.4
[1758203704459810758],,,,2.626,0.704,9.522
[1758203704465989091],,,,2.61,0.654,9.402
[1758203704469731695],,,,2.523,0.622,9.56
[1758203704473509039],,,,2.722,0.713,9.598
[1758203704477199508],,,,2.54,0.692,9.476
[1758203704480870966],,,,2.543,0.694,9.38
[1758203704484566435],,,,2.586,0.711,9.503
[1758203704488255966],,,,2.607,0.709,9.395
[1758203704491919456],,,,2.71,0.735,9.433
[1758203704495647685],,,,2.641,0.661,9.577
[1758203704499324768],,,,2.564,0.725,9.45
[1758203704503004404],,,,2.612,0.663,9.383
[1758203704507589091],,,,2.722,0.709,9.311
[1758203704511385289],,,,2.602,0.699,9.565
[1758203704515146799],,,,2.667,0.69,9.395
[1758203704518827841],,,,2.622,0.666,9.529
[1758203704522504768],,,,2.569,0.606,9.5
[1758203704526201487],,,,2.705,0.697,9.601
[1758203704529875602],,,,2.734,0.737,9.548
[1758203704533794820],,,,2.557,0.651,9.663
[1758203704537522372],,,,2.619,0.603,9.57
[1758203704541203779],,,,2.646,0.742,9.493
[1758203704544959768],,,,2.569,0.685,9.589
[1758203704548655393],,,,2.559,0.749,9.73
[1758203704552444924],,,,2.761,0.706,9.57
[1758203704556117372],,,,2.653,0.754,9.553
[1758203704559752737],,,,2.468,0.785,9.594
[1758203704563425497],,,,2.586,0.646,9.498
[1758203704568039091],,,,2.705,0.668,9.321
[1758203704571751799],,,,2.641,0.692,9.591
[1758203704575469299],,,,2.528,0.551,9.61
[1758203704579241487],,,,2.519,0.804,9.503
[1758203704582917060],,,,2.581,0.766,9.618
[1758203704586599404],,,,2.631,0.591,9.402
[1758203704590262789],,,,2.71,0.651,9.371
[1758203704593920133],,,,2.679,0.723,9.376
[1758203704598085393],,,,2.691,0.867,9.459
[1758203704602018831],,,,2.619,0.694,9.596
[1758203704606423101],,,,2.631,0.644,9.486
[1758203704610330706],,,,2.626,0.654,9.457
[1758203704614218258],,,,2.734,0.644,9.452
[1758203704618561851],,,,2.545,0.649,9.419
[1758203704622585966],,,,2.523,0.754,9.421
[1758203704626535706],,,,2.574,0.654,9.594
[1758203704630437945],,,,2.459,0.697,9.694
[1758203704634335810],,,,2.617,0.56,9.39
[1758203704638699924],,,,2.538,0.668,9.555
[1758203704642451747],,,,2.612,0.728,9.584
[1758203704646169351],,,,2.701,0.785,9.493
[1758203704649839872],,,,2.744,0.615,9.677
[1758203704653518310],,,,2.684,0.752,9.531
[1758203704657234299],,,,2.703,0.706,9.481
[1758203704660903570],,,,2.734,0.706,9.625
[1758203704664631643],,,,2.564,0.646,9.455
[1758203704669216435],,,,2.454,0.548,9.459
[1758203704673005081],,,,2.579,0.742,9.649
[1758203704676687112],,,,2.722,0.718,9.527
[1758203704680352841],,,,2.535,0.728,9.603
[1758203704684027372],,,,2.538,0.697,9.515
[1758203704687725445],,,,2.67,0.649,9.51
[1758203704691401018],,,,2.739,0.639,9.471
[1758203704695140549],,,,2.686,0.649,9.632
[1758203704698818466],,,,2.581,0.656,9.462
[1758203704702490237],,,,2.519,0.702,9.445
[1758203704706181799],,,,2.619,0.749,9.594
[1758203704709869195],,,,2.6,0.68,9.625
[1758203704713631070],,,,2.55,0.752,9.426
[1758203704717572008],,,,2.734,0.702,9.601
[1758203704721276070],,,,2.674,0.467,9.527
[1758203704725020081],,,,2.682,0.737,9.567
[1758203704728674456],,,,2.562,0.745,9.5
[1758203704732337581],,,,2.658,0.62,9.586
[1758203704736042008],,,,2.655,0.766,9.392
[1758203704739726956],,,,2.734,0.599,9.5
[1758203704744276487],,,,2.727,0.546,9.495
[1758203704748109872],,,,2.516,0.682,9.503
[1758203704751766226],,,,2.713,0.742,9.416
[1758203704755452997],,,,2.665,0.637,9.538
[1758203704759116643],,,,2.65,0.749,9.555
[1758203704762803466],,,,2.579,0.663,9.407
[1758203704767400445],,,,2.636,0.678,9.448
[1758203704771170862],,,,2.547,0.627,9.488
[1758203704774878518],,,,2.703,0.737,9.407
[1758203704778522476],,,,2.682,0.673,9.452
[1758203704782172112],,,,2.71,0.491,9.503
[1758203704785866487],,,,2.516,0.63,9.541
[1758203704789549560],,,,2.6,0.67,9.524
[1758203704793220601],,,,2.626,0.709,9.488
[1758203704796900028],,,,2.643,0.682,9.512
[1758203704800559768],,,,2.622,0.678,9.349
[1758203704804239456],,,,2.703,0.675,9.38
[1758203704807961278],,,,2.729,0.781,9.519
[1758203704811717528],,,,2.77,0.742,9.347
[1758203704815644299],,,,2.576,0.527,9.567
[1758203704819353049],,,,2.598,0.831,9.658
[1758203704823028883],,,,2.641,0.773,9.677
[1758203704826694664],,,,2.54,0.706,9.543
[1758203704830337320],,,,2.466,0.666,9.591
[1758203704834018674],,,,2.722,0.687,9.359
[1758203704837717581],,,,2.605,0.622,9.567
[1758203704841387268],,,,2.617,0.73,9.541
[1758203704845048258],,,,2.65,0.757,9.498
[1758203704848933518],,,,2.66,0.644,9.347
[1758203704852687112],,,,2.674,0.548,9.538
[1758203704856412372],,,,2.756,0.613,9.598
[1758203704860163935],,,,2.562,0.613,9.498
[1758203704863842997],,,,2.713,0.694,9.476
[1758203704867586487],,,,2.667,0.67,9.61
[1758203704871239716],,,,2.698,0.625,9.476
[1758203704874981331],,,,2.593,0.673,9.625
[1758203704878661487],,,,2.591,0.479,9.45
[1758203704882333935],,,,2.598,0.725,9.424
[1758203704886806799],,,,2.538,0.725,9.426
[1758203704891977685],,,,2.679,0.572,9.383
[1758203704897171435],,,,2.571,0.682,9.443
[1758203704902368310],,,,2.658,0.634,9.467
[1758203704907502789],,,,2.739,0.74,9.459
[1758203704912622581],,,,2.727,0.673,9.491
[1758203704917826278],,,,2.674,0.73,9.345
[1758203704922933206],,,,2.598,0.675,9.268
[1758203704928042320],,,,2.662,0.709,9.263
[1758203704933147737],,,,2.756,0.69,9.591
[1758203704938318310],,,,2.626,0.702,9.376
[1758203704943427893],,,,2.715,0.73,9.436
[1758203704948551487],,,,2.641,0.819,9.596
[1758203704954102112],,,,2.516,0.668,9.45
[1758203704959352581],,,,2.667,0.704,9.419
[1758203704964506903],,,,2.641,0.687,9.376
[1758203704969732737],,,,2.722,0.536,9.445
[1758203704974856278],,,,2.751,0.644,9.431
[1758203704980007060],,,,2.571,0.771,9.479
[1758203704985172008],,,,2.737,0.622,9.45
[1758203704990295497],,,,2.574,0.634,9.431
[1758203704995404508],,,,2.339,0.883,10.487
[1758203705000596903],,,,2.751,0.73,9.366
[1758203705005852945],,,,2.514,0.563,9.005
[1758203705011011643],,,,3.309,-0.225,9.222
[1758203705016245497],,,,2.849,0.409,9.804
[1758203705021406695],,,,2.885,0.448,8.772
[1758203705026500133],,,,2.89,1.037,10.001
[1758203705031586903],,,,2.885,0.692,9.179
[1758203705036739508],,,,2.641,0.599,9.304
[1758203705041844039],,,,2.562,0.63,9.579
[1758203705046982997],,,,2.495,0.752,9.491
[1758203705052095549],,,,2.648,0.852,9.704
[1758203705057221851],,,,2.605,0.651,9.323
[1758203705062714612],,,,2.528,0.711,9.457
[1758203705067983778],,,,2.974,0.654,9.34
[1758203705073085237],,,,2.708,0.644,9.452
[1758203705080424091],,,,2.693,0.539,9.402
[1758203705085851591],,,,2.658,0.63,9.328
[1758203705090992789],,,,2.478,0.752,9.457
[1758203705096163622],,,,2.693,0.572,9.328
[1758203705101376018],,,,2.502,0.666,9.459
[1758203705106647997],,,,2.454,0.654,9.354
[1758203705111780914],,,,2.607,0.757,9.34
[1758203705116947060],,,,2.624,0.883,9.488
[1758203705122072737],,,,2.471,0.771,9.337
[1758203705127242112],,,,2.643,0.673,9.412
[1758203705133996851],,,,2.626,0.728,9.522
[1758203705140532476],,,,2.588,0.639,9.795
[1758203705147036487],,,,2.722,0.709,9.361
[1758203705153655289],,,,2.631,0.654,9.426
[1758203705159330601],,,,2.682,0.752,9.464
[1758203705166070133],,,,2.612,0.699,9.476
[1758203705171614872],,,,2.655,0.63,9.51
[1758203705177287424],,,,2.739,0.73,9.388
[1758203705183754247],,,,2.576,0.735,9.323
[1758203705189017633],,,,2.636,0.618,9.44
[1758203705192925393],,,,2.732,0.615,9.459
[1758203705196634299],,,,2.662,0.757,9.464
[1758203705200306330],,,,2.626,0.63,9.615
[1758203705204026747],,,,2.715,0.721,9.749
[1758203705207766330],,,,2.732,0.654,9.531
[1758203705211435862],,,,2.722,0.816,9.515
[1758203705215124768],,,,2.674,-0.043,9.278
[1758203705218791278],,,,3.007,0.838,9.993
[1758203705222464716],,,,2.492,0.702,9.89
[1758203705226255653],,,,2.907,0.472,9.39
[1758203705229946382],,,,2.679,0.972,9.601
[1758203705233703101],,,,2.31,1.027,9.694
[1758203705237409455],,,,2.526,0.357,9.572
[1758203705241070549],,,,2.667,0.733,9.28
[1758203705244806539],,,,2.749,0.807,9.629
[1758203705248485445],,,,2.717,0.486,9.759
[1758203705252150445],,,,2.899,0.886,9.328
[1758203705255832112],,,,2.382,0.871,9.507
[1758203705259507216],,,,2.421,0.716,9.503
[1758203705263185757],,,,2.454,0.666,9.641
[1758203705266896487],,,,2.519,0.622,9.416
[1758203705271399143],,,,2.564,0.68,9.67
[1758203705275290757],,,,2.732,0.694,9.316
[1758203705279323310],,,,2.648,0.857,9.237
[1758203705283183101],,,,2.636,0.9,9.534
[1758203705286850445],,,,2.67,0.826,9.67
[1758203705290509872],,,,2.598,0.84,9.397
[1758203705294193726],,,,2.614,0.687,9.653
[1758203705297902476],,,,2.677,0.74,9.752
[1758203705301580132],,,,2.447,0.601,9.471
[1758203705305246695],,,,2.698,0.644,9.335
[1758203705308915393],,,,2.691,0.663,9.512
[1758203705312580185],,,,2.732,0.486,9.725
[1758203705316321070],,,,2.99,0.587,9.538
[1758203705320004976],,,,2.703,0.654,9.565
[1758203705323766435],,,,2.617,0.725,9.586
[1758203705327691643],,,,2.672,0.625,9.548
[1758203705331393101],,,,2.543,0.634,9.553
[1758203705335051643],,,,2.602,0.804,9.491
[1758203705338709924],,,,2.71,0.769,9.505
[1758203705342377060],,,,2.684,0.615,9.536
[1758203705346060601],,,,2.581,0.745,9.378
[1758203705349711330],,,,2.579,0.699,9.433
[1758203705353375185],,,,2.715,0.831,9.56
[1758203705357055810],,,,2.677,0.69,9.565
[1758203705360707945],,,,2.607,0.781,9.553
[1758203705364361799],,,,2.725,0.529,9.555
[1758203705368054299],,,,2.648,0.692,9.515
[1758203705371836070],,,,2.617,0.69,9.462
[1758203705375542841],,,,2.559,0.682,9.438
[1758203705379217476],,,,2.739,0.618,9.493
[1758203705383266174],,,,2.765,0.694,9.455
[1758203705387093726],,,,2.591,0.613,9.503
[1758203705390771226],,,,2.55,0.666,9.536
[1758203705394575966],,,,2.456,0.821,9.622
[1758203705398257945],,,,2.547,0.692,9.469
[1758203705401916018],,,,2.562,0.591,9.704
[1758203705405678153],,,,2.629,0.706,9.469
[1758203705409352372],,,,2.677,0.752,9.515
[1758203705413022737],,,,2.612,0.747,9.673
[1758203705416731382],,,,2.691,0.9,9.347
[1758203705420427945],,,,2.559,0.893,9.488
[1758203705424109560],,,,2.653,0.656,9.584
[1758203705427856435],,,,2.602,0.627,9.622
[1758203705431610862],,,,2.595,0.666,9.541
[1758203705435389143],,,,2.583,0.699,9.596
[1758203705439063778],,,,2.705,0.706,9.596
[1758203705442774612],,,,2.586,0.778,9.618
[1758203705446466539],,,,2.483,0.625,9.515
[1758203705450162372],,,,2.581,0.687,9.522
[1758203705453844768],,,,2.552,0.759,9.742
[1758203705457547007],,,,2.71,0.658,9.555
[1758203705461244455],,,,2.653,0.603,9.469
[1758203705465037268],,,,2.717,-0.259,9.067
[1758203705468707893],,,,3.378,0.919,9.251
[1758203705472369507],,,,2.847,0.227,9.716
[1758203705476039612],,,,2.658,0.527,9.459
[1758203705479701018],,,,2.028,1.245,9.445
[1758203705483412372],,,,2.064,0.496,9.819
[1758203705487610080],,,,2.67,0.529,9.586
[1758203705491390653],,,,2.389,0.802,9.256
[1758203705495094716],,,,2.739,0.848,9.658
[1758203705498768726],,,,2.691,0.608,9.692
[1758203705502440966],,,,2.914,0.618,9.483
[1758203705506134612],,,,2.579,0.864,9.361
[1758203705509830080],,,,2.61,0.342,9.354
[1758203705513568466],,,,2.655,0.819,9.5
[1758203705517288309],,,,2.452,0.646,9.4
[1758203705520960653],,,,2.662,0.596,9.783
[1758203705524704716],,,,2.466,0.663,9.632
[1758203705528422007],,,,2.545,0.661,9.428
[1758203705532232059],,,,2.713,0.673,9.426
[1758203705536183414],,,,2.619,0.599,9.61
[1758203705539909403],,,,2.605,0.601,9.57
[1758203705543589612],,,,2.658,0.625,9.431
[1758203705547313570],,,,2.655,0.651,9.498
[1758203705550993362],,,,2.579,0.481,9.407
[1758203705554711174],,,,2.459,0.876,9.404
[1758203705558394351],,,,2.655,0.692,9.546
[1758203705562090653],,,,2.665,0.644,9.591
[1758203705565799455],,,,2.682,0.802,9.618
[1758203705569468934],,,,2.595,0.675,9.562
[1758203705573160705],,,,2.574,0.733,9.5
[1758203705576907372],,,,2.519,0.778,9.491
[1758203705580642112],,,,2.634,0.797,9.572
[1758203705584319820],,,,2.602,0.706,9.4
[1758203705588525966],,,,2.686,0.646,9.45
[1758203705592260028],,,,2.684,0.666,9.62
[1758203705595943257],,,,2.583,0.567,9.438
[1758203705599628414],,,,2.722,0.611,9.55
[1758203705603336174],,,,2.569,0.668,9.536
[1758203705607041591],,,,2.593,0.869,9.629
[1758203705611856122],,,,2.468,0.723,9.471
[1758203705615862424],,,,2.471,0.759,9.486
[1758203705619749507],,,,2.679,0.603,9.402
[1758203705623683882],,,,2.662,0.67,9.603
[1758203705628485237],,,,2.775,0.737,9.481
[1758203705632464143],,,,2.708,0.68,9.412
[1758203705636468934],,,,2.682,0.745,9.436
[1758203705640355601],,,,2.586,0.642,9.586
[1758203705644260809],,,,2.617,0.742,9.558
[1758203705648166851],,,,2.672,0.838,9.469
[1758203705652086070],,,,2.734,0.838,9.582
[1758203705655838101],,,,2.638,0.666,9.519
[1758203705659513153],,,,2.648,0.725,9.512
[1758203705663191539],,,,2.665,0.692,9.505
[1758203705666890132],,,,2.693,0.68,9.546
[1758203705670564039],,,,2.564,0.742,9.443
[1758203705686576278],,,,2.588,0.697,9.4
[1758203705691108934],,,,2.595,0.79,9.586
[1758203705695036122],,,,2.655,0.713,9.448
[1758203705699581955],,,,2.727,0.702,9.436
[1758203705703664716],,,,2.919,-0.383,7.053
[1758203705707414507],,,,2.545,1.125,9.919
[1758203705711092007],,,,2.571,0.067,10.46
[1758203705714827320],,,,2.43,0.824,9.354
[1758203705718508778],,,,3.244,1.293,8.849
[1758203705722170653],,,,2.09,0.919,9.749
[1758203705725865653],,,,2.562,0.948,9.491
[1758203705729531382],,,,2.895,0.376,8.926
[1758203705733208101],,,,2.744,0.881,9.5
[1758203705737344351],,,,2.806,0.397,9.522
[1758203705741034143],,,,3.23,0.462,9.436
[1758203705744777528],,,,2.43,0.874,9.486
[1758203705748575705],,,,2.521,0.68,9.278
[1758203705752247476],,,,2.897,0.802,9.55
[1758203705755907789],,,,2.655,0.685,9.534
[1758203705759558882],,,,2.421,0.615,9.62
[1758203705763234039],,,,2.875,0.891,9.694
[1758203705766956695],,,,2.612,0.819,9.244
[1758203705770631382],,,,2.552,0.649,9.615
[1758203705774307997],,,,2.727,0.658,9.45
[1758203705778010705],,,,2.543,0.577,9.682
[1758203705781718309],,,,2.655,0.699,9.438
[1758203705785527632],,,,2.72,0.618,9.682
[1758203705789295393],,,,2.478,0.733,9.448
[1758203705792978049],,,,2.784,0.639,9.546
[1758203705796661330],,,,2.653,0.742,9.495
[1758203705800329611],,,,2.48,0.654,9.749
[1758203705804055861],,,,2.456,0.766,9.725
[1758203705807777164],,,,2.636,0.656,9.512
[1758203705811718361],,,,2.739,0.886,9.57
[1758203705815504143],,,,2.624,0.654,9.799
[1758203705819230653],,,,2.655,0.632,9.424
[1758203705822915861],,,,2.638,0.826,9.641
[1758203705826609559],,,,2.758,0.754,9.474
[1758203705830309351],,,,2.71,0.876,9.4
[1758203705834007268],,,,2.598,0.709,9.735
[1758203705837751643],,,,2.734,0.68,9.404
[1758203705841408153],,,,2.61,0.716,9.735
[1758203705845096643],,,,2.634,0.687,9.536
[1758203705848773518],,,,2.564,0.642,9.625
[1758203705852474872],,,,2.739,0.697,9.596
[1758203705856291122],,,,2.741,0.462,9.548
[1758203705860006122],,,,2.547,0.577,9.505
[1758203705863696591],,,,2.555,0.603,9.388
[1758203705867390497],,,,2.717,0.795,9.553
[1758203705871058830],,,,2.653,0.699,9.62
[1758203705874777216],,,,2.717,0.649,9.78
[1758203705878448622],,,,2.459,0.728,9.675
[1758203705882138257],,,,2.729,0.74,9.601
[1758203705885882528],,,,2.622,0.752,9.555
[1758203705889578361],,,,2.643,0.685,9.464
[1758203705894302163],,,,2.729,0.781,9.615
[1758203705899478257],,,,2.471,0.668,9.373
[1758203705904625861],,,,2.715,0.709,9.397
[1758203705909740288],,,,2.614,0.594,9.491
[1758203705914897580],,,,2.638,0.819,9.543
[1758203705920567997],,,,2.646,0.685,9.421
[1758203705925779716],,,,2.753,0.742,9.5
[1758203705930956486],,,,2.466,0.821,9.364
[1758203705936183205],,,,2.653,0.651,9.462
[1758203705941408986],,,,2.624,0.733,9.498
[1758203705946534351],,,,2.614,0.0,9.227
[1758203705951642163],,,,3.069,0.417,9.876
[1758203705956784924],,,,2.966,0.804,9.275
[1758203705962059038],,,,2.969,0.692,9.21
[1758203705967301643],,,,2.346,0.742,9.644
[1758203705972499820],,,,2.672,0.685,9.139
[1758203705977642111],,,,2.828,0.771,9.895
[1758203705982772059],,,,2.705,0.721,9.29
[1758203705987971226],,,,2.794,0.634,9.373
[1758203705993091486],,,,2.607,0.747,9.462
[1758203705998281382],,,,2.588,0.893,9.294
[1758203706003436747],,,,2.385,0.785,9.548
[1758203706008598466],,,,2.717,0.812,9.242
[1758203706013722320],,,,2.722,0.891,9.416
[1758203706018914924],,,,2.84,0.575,9.534
[1758203706024562424],,,,2.701,0.725,9.527
[1758203706029842372],,,,2.653,0.496,9.419
[1758203706034977163],,,,2.504,0.728,9.333
[1758203706040224820],,,,2.794,0.63,9.359
[1758203706045424351],,,,2.555,0.639,9.476
[1758203706050589924],,,,2.327,0.74,9.462
[1758203706055801747],,,,2.559,0.721,9.558
[1758203706060983830],,,,2.679,0.831,9.455
[1758203706066154611],,,,2.643,0.682,9.361
[1758203706071410184],,,,2.648,0.534,9.383
[1758203706076533153],,,,2.598,0.651,9.352
[1758203706081619768],,,,2.749,0.678,9.385
[1758203706086816955],,,,2.696,0.615,9.632
[1758203706091921382],,,,2.717,0.62,9.438
[1758203706097174299],,,,2.586,0.615,9.55
[1758203706102338830],,,,2.576,0.476,9.392
[1758203706107565757],,,,2.686,0.716,9.27
[1758203706112693726],,,,2.624,0.673,9.39
[1758203706117841382],,,,2.72,0.828,9.483
[1758203706122983049],,,,2.497,0.721,9.335
[1758203706129400393],,,,2.598,0.718,9.424
[1758203706134746643],,,,2.54,0.615,9.448
[1758203706140281486],,,,2.593,0.654,9.481
[1758203706145411174],,,,2.543,0.675,9.493
[1758203706150624143],,,,2.66,0.663,9.409
[1758203706155798570],,,,2.634,0.745,9.404
[1758203706160932788],,,,2.727,0.548,9.306
[1758203706167700393],,,,2.583,0.613,9.376
[1758203706175120601],,,,2.607,0.673,9.424
[1758203706182523934],,,,2.617,0.673,9.639
[1758203706189148570],,,,2.638,0.723,9.385
[1758203706195329872],,,,2.559,0.603,9.359
[1758203706200969038],,,,2.737,0.692,9.397
[1758203706206594299],,,,2.67,0.675,9.438
[1758203706212261695],,,,2.662,0.627,9.452
[1758203706218673674],,,,2.598,0.601,9.495
[1758203706224292736],,,,2.6,0.783,8.679
[1758203706230830965],,,,2.514,0.335,9.917
[1758203706236547893],,,,2.057,0.934,9.462
[1758203706241672788],,,,1.956,1.075,9.644
[1758203706247518049],,,,2.421,0.84,9.641
[1758203706252664715],,,,2.653,0.843,9.349
[1758203706258510445],,,,2.531,0.534,9.445
[1758203706263750236],,,,2.476,0.649,9.285
[1758203706268923726],,,,2.756,0.455,9.426
[1758203706274056330],,,,2.593,0.694,9.347
[1758203706279259195],,,,2.65,0.589,9.673
[1758203706284372632],,,,2.626,0.579,9.436
[1758203706289496330],,,,2.679,0.833,9.637
[1758203706294662476],,,,2.559,0.764,9.519
[1758203706299868830],,,,2.48,0.84,9.436
[1758203706305087163],,,,2.682,0.757,9.483
[1758203706310306486],,,,2.78,0.685,9.404
[1758203706315439924],,,,2.631,0.656,9.522
[1758203706320580132],,,,2.691,0.656,9.38
[1758203706325749611],,,,2.82,0.685,9.38
[1758203706330880080],,,,2.638,0.587,9.57
[1758203706336079924],,,,2.461,0.529,9.316
[1758203706341316174],,,,2.739,0.702,9.474
[1758203706346519767],,,,2.67,0.637,9.416
[1758203706351607736],,,,2.588,0.745,9.517
[1758203706358209351],,,,2.643,0.639,9.57
[1758203706363469767],,,,2.54,0.723,9.371
[1758203706368671382],,,,2.61,0.725,9.352
[1758203706373849663],,,,2.689,0.496,9.431
[1758203706379008622],,,,2.521,0.687,9.323
[1758203706384104559],,,,2.761,0.62,9.464
[1758203706389210028],,,,2.624,0.685,9.419
[1758203706394330549],,,,2.727,0.601,9.414
[1758203706399597997],,,,2.682,0.649,9.682
[1758203706404849715],,,,2.667,0.658,9.476
[1758203706409976695],,,,2.67,0.654,9.428
[1758203706415144455],,,,2.559,0.704,9.462
[1758203706420364455],,,,2.555,0.749,9.462
[1758203706425453778],,,,2.605,0.678,9.495
[1758203706430557163],,,,2.758,0.687,9.404
[1758203706435754872],,,,2.658,0.678,9.366
[1758203706440940965],,,,2.571,0.637,9.395
[1758203706446127424],,,,2.629,0.668,9.388
[1758203706451695236],,,,2.713,0.702,9.321
[1758203706456870757],,,,2.67,0.575,9.464
[1758203706462279351],,,,2.698,0.759,9.373
[1758203706467511174],,,,2.761,0.223,9.56
[1758203706472642476],,,,2.847,0.053,9.967
[1758203706477777945],,,,2.71,0.85,9.064
[1758203706482930028],,,,2.471,0.484,9.357
[1758203706488093101],,,,2.409,0.627,9.347
[1758203706493291538],,,,2.523,0.804,9.103
[1758203706498547424],,,,2.492,0.718,9.649
[1758203706503676903],,,,2.969,0.644,9.395
[1758203706508827684],,,,2.722,0.472,9.323
[1758203706513951903],,,,2.574,0.546,9.491
[1758203706519150445],,,,2.658,0.761,9.491
[1758203706524291122],,,,2.468,0.788,9.649
[1758203706529462007],,,,2.67,0.876,9.294
[1758203706534615444],,,,2.318,0.86,9.507
[1758203706539845705],,,,2.682,0.706,9.404
[1758203706544973778],,,,2.674,0.625,9.591
[1758203706550112892],,,,2.729,0.455,9.345
[1758203706555241590],,,,2.739,0.565,9.448
[1758203706562914872],,,,2.717,0.589,9.448
[1758203706569441642],,,,2.612,0.74,9.476
[1758203706574699611],,,,2.679,0.541,9.579
[1758203706579859403],,,,2.648,0.687,9.45
[1758203706584991538],,,,2.531,0.864,9.541
[1758203706590141382],,,,2.691,0.766,9.426
[1758203706595231538],,,,2.725,0.69,9.383
[1758203706600402111],,,,2.823,0.642,9.325
[1758203706605503309],,,,2.612,0.488,9.357
[1758203706610699767],,,,2.619,0.484,9.627
[1758203706615978153],,,,2.655,0.62,9.498
[1758203706621160601],,,,2.612,0.625,9.445
[1758203706626351694],,,,2.641,0.611,9.366
[1758203706631474299],,,,2.622,0.668,9.328
[1758203706636552424],,,,2.653,0.699,9.385
[1758203706641645184],,,,2.895,0.871,9.452
[1758203706646801122],,,,2.646,0.697,9.483
[1758203706651916278],,,,2.713,0.666,9.436
[1758203706657042372],,,,2.468,0.788,9.495
[1758203706662186330],,,,2.67,0.663,9.285
[1758203706667865809],,,,2.722,0.86,9.359
[1758203706672991747],,,,2.547,0.706,9.33
[1758203706678109038],,,,2.588,0.699,9.555
[1758203706683305549],,,,2.583,0.615,9.431
[1758203706688532944],,,,2.595,0.656,9.347
[1758203706693670601],,,,2.629,0.73,9.39
[1758203706698807319],,,,2.732,0.654,9.606
[1758203706703942163],,,,2.672,0.804,9.488
[1758203706709160236],,,,2.799,0.591,9.471
[1758203706714386174],,,,2.598,0.749,9.452
[1758203706719582944],,,,2.801,0.682,9.395
[1758203706724705809],,,,2.653,0.766,9.342
[1758203706729895549],,,,2.471,0.73,9.419
[1758203706735029142],,,,2.5,0.46,9.27
[1758203706740121955],,,,2.729,0.603,9.579
[1758203706745225236],,,,3.033,0.819,8.756
[1758203706750384507],,,,2.818,0.06,9.984
[1758203706755538934],,,,2.715,0.972,9.031
[1758203706760644871],,,,2.205,0.699,9.392
[1758203706765856590],,,,2.377,0.845,9.524
[1758203706771651486],,,,2.526,0.558,9.072
[1758203706780285601],,,,2.466,0.591,9.294
[1758203706785438049],,,,2.732,0.713,9.369
[1758203706790670028],,,,2.665,0.553,9.634
[1758203706795862007],,,,2.55,0.745,9.151
[1758203706801037788],,,,2.734,0.685,9.694
[1758203706806258361],,,,2.622,0.74,9.373
[1758203706811430236],,,,2.653,0.871,9.491
[1758203706816728517],,,,2.737,0.754,9.333
[1758203706823336382],,,,2.665,0.733,9.529
[1758203706831179299],,,,2.478,0.749,9.373
[1758203706837195392],,,,2.607,0.67,9.483
[1758203706843993361],,,,2.753,0.644,9.371
[1758203706849597163],,,,2.737,0.646,9.486
[1758203706854963517],,,,2.655,0.613,9.44
[1758203706860335965],,,,2.641,0.699,9.493
[1758203706865759976],,,,2.691,0.646,9.304
[1758203706872871799],,,,2.655,0.615,9.443
[1758203706878578361],,,,2.775,0.675,9.1
[1758203706883914663],,,,2.703,0.622,9.582
[1758203706889067319],,,,2.629,0.663,9.618
[1758203706894255132],,,,2.636,0.654,9.361
[1758203706898100549],,,,2.591,0.718,9.471
[1758203706901775028],,,,2.521,0.706,9.522
[1758203706905487059],,,,2.682,0.596,9.515
[1758203706909147996],,,,2.717,0.666,9.373
[1758203706912877371],,,,2.758,0.582,9.459
[1758203706917714507],,,,2.662,0.594,9.469
[1758203706921519924],,,,2.602,0.745,9.548
[1758203706925190705],,,,2.727,0.687,9.4
[1758203706928843101],,,,2.677,0.632,9.424
[1758203706932491174],,,,2.653,0.725,9.572
[1758203706936278101],,,,2.638,0.888,9.436
[1758203706939991434],,,,2.648,0.85,9.598
[1758203706943656278],,,,2.713,0.682,9.402
[1758203706947322892],,,,2.677,0.642,9.476
[1758203706950963153],,,,2.674,0.67,9.385
[1758203706954677528],,,,2.693,0.596,9.383
[1758203706958382424],,,,2.55,0.757,9.615
[1758203706962099455],,,,2.612,0.67,9.582
[1758203706965759871],,,,2.538,0.709,9.503
[1758203706969412580],,,,2.593,0.508,9.548
[1758203706973462788],,,,2.691,0.702,9.639
[1758203706977284715],,,,2.631,0.697,9.522
[1758203706980934090],,,,2.741,0.73,9.392
[1758203706984636538],,,,2.715,0.656,9.625
[1758203706988321173],,,,2.61,0.651,9.572
[1758203706991975288],,,,2.619,0.692,9.562
[1758203706995652996],,,,2.655,0.73,9.62
[1758203706999294455],,,,2.744,0.654,9.51
[1758203707002940392],,,,2.72,0.699,9.639
[1758203707006600392],,,,2.691,0.515,9.512
[1758203707010254194],,,,2.828,0.704,9.457
[1758203707013909767],,,,2.605,0.685,9.589
[1758203707017611798],,,,2.732,0.852,9.515
[1758203707021370861],,,,2.466,0.474,9.687
[1758203707025049767],,,,2.689,0.661,9.665
[1758203707028694611],,,,2.638,0.63,9.572
[1758203707032383569],,,,2.792,0.622,9.395
[1758203707036342111],,,,2.679,0.761,9.517
[1758203707040075601],,,,2.665,0.742,9.452
[1758203707043741642],,,,2.6,0.642,9.548
[1758203707047406798],,,,2.626,0.713,9.491
[1758203707051045705],,,,2.6,0.541,9.467
[1758203707054773726],,,,2.703,0.773,9.515
[1758203707058509819],,,,2.72,0.309,9.606
[1758203707062190236],,,,2.602,0.728,9.687
[1758203707065899298],,,,2.291,0.675,10.372
[1758203707069555028],,,,2.808,0.637,9.74
[1758203707073210028],,,,2.435,1.59,9.407
[1758203707076949455],,,,2.279,0.919,9.507
[1758203707081117632],,,,2.646,0.864,9.656
[1758203707084992580],,,,2.583,0.862,9.373
[1758203707088664038],,,,3.038,0.903,9.373
[1758203707092359298],,,,2.717,0.505,9.749
[1758203707096081278],,,,2.725,0.613,9.251
[1758203707099803517],,,,2.691,0.886,9.555
[1758203707103461278],,,,2.844,0.589,9.438
[1758203707107149871],,,,2.849,0.634,9.416
[1758203707110790913],,,,2.504,0.666,9.455
[1758203707114508621],,,,2.614,0.69,9.773
[1758203707118222215],,,,2.607,0.778,9.744
[1758203707121974819],,,,2.562,0.73,9.646
[1758203707125734298],,,,2.641,0.658,9.512
[1758203707129379871],,,,2.602,0.845,9.663
[1758203707133070028],,,,2.636,0.783,9.354
[1758203707136779246],,,,2.54,0.773,9.517
[1758203707140496121],,,,2.717,0.687,9.694
[1758203707144163934],,,,2.543,0.493,9.505
[1758203707147921069],,,,2.784,0.632,9.541
[1758203707151611955],,,,2.725,0.632,9.483
[1758203707155362267],,,,2.837,0.582,9.479
[1758203707159024923],,,,2.768,0.637,9.464
[1758203707162692267],,,,2.638,0.553,9.536
[1758203707166374715],,,,2.634,0.716,9.498
[1758203707170034715],,,,2.569,0.625,9.421
[1758203707173694819],,,,2.713,0.764,9.546
[1758203707177414871],,,,2.638,0.699,9.436
[1758203707181111278],,,,2.717,0.764,9.584
[1758203707186030184],,,,2.65,0.778,9.474
[1758203707189748413],,,,2.885,0.91,9.582
[1758203707193434975],,,,2.71,0.807,9.5
[1758203707197278882],,,,2.607,0.725,9.483
[1758203707200959819],,,,2.655,0.675,9.462
[1758203707204709559],,,,2.569,0.716,9.574
[1758203707208390080],,,,2.562,0.666,9.591
[1758203707212055757],,,,2.591,0.682,9.658
[1758203707215748778],,,,2.691,0.67,9.402
[1758203707219454767],,,,2.818,0.618,9.445
[1758203707223159871],,,,2.667,0.778,9.503
[1758203707226844871],,,,2.83,0.558,9.627
[1758203707230533882],,,,2.722,0.551,9.395
[1758203707234261278],,,,2.626,0.769,9.704
[1758203707238041225],,,,2.672,0.634,9.404
[1758203707241720184],,,,2.648,0.711,9.74
[1758203707245511225],,,,2.619,0.656,9.503
[1758203707249171017],,,,2.607,0.737,9.4
[1758203707252841069],,,,2.619,0.721,9.424
[1758203707256580913],,,,2.612,0.776,9.431
[1758203707260281069],,,,2.65,0.685,9.419
[1758203707263953205],,,,2.756,0.888,9.404
[1758203707267663413],,,,2.48,0.747,9.594
[1758203707271362059],,,,2.559,0.644,9.476
[1758203707275147580],,,,2.653,0.582,9.428
[1758203707278842475],,,,2.473,0.699,9.618
[1758203707282513517],,,,2.741,0.718,9.476
[1758203707286186590],,,,2.67,0.838,9.471
[1758203707290173517],,,,2.564,0.678,9.622
[1758203707294005392],,,,2.67,0.74,9.574
[1758203707297764298],,,,2.689,0.697,9.641
[1758203707301435965],,,,2.732,0.723,9.62
[1758203707305158778],,,,2.622,0.63,9.615
[1758203707310140705],,,,2.653,0.704,9.397
[1758203707314178830],,,,2.624,0.718,9.359
[1758203707318112580],,,,2.684,0.752,9.383
[1758203707322877840],,,,2.631,0.721,9.498
[1758203707326822475],,,,2.567,0.646,9.486
[1758203707330699455],,,,2.595,0.539,9.56
[1758203707334640236],,,,2.729,0.584,9.505
[1758203707338546434],,,,2.725,0.594,9.483
[1758203707343348048],,,,2.631,0.697,9.467
[1758203707347354819],,,,2.591,0.63,9.433
[1758203707351223048],,,,2.476,0.745,9.431
[1758203707355012528],,,,2.454,0.764,9.462
[1758203707358706746],,,,2.591,0.752,9.67
[1758203707362377111],,,,2.531,0.68,9.486
[1758203707366093309],,,,2.461,0.63,9.357
[1758203707369758882],,,,2.547,0.618,9.596
[1758203707373432319],,,,2.746,0.706,9.589
[1758203707377106017],,,,2.588,0.699,9.795
[1758203707380771850],,,,2.674,0.644,9.5
[1758203707384664350],,,,2.684,0.543,9.464
[1758203707388470496],,,,2.672,0.656,9.639
[1758203707392174663],,,,2.813,0.613,9.4
[1758203707396274246],,,,2.708,0.644,9.469
[1758203707399976850],,,,2.679,0.622,9.699
[1758203707403649923],,,,2.622,0.702,9.467
[1758203707407361694],,,,2.741,0.637,9.632
[1758203707411028882],,,,2.567,0.831,9.598
[1758203707414771850],,,,2.478,0.69,9.416
[1758203707418473152],,,,2.583,0.625,9.641
[1758203707424506902],,,,2.593,0.634,9.459
[1758203707428244350],,,,2.48,0.649,9.572
[1758203707431916955],,,,2.607,0.649,9.591
[1758203707435661850],,,,2.794,0.716,9.412
[1758203707439455757],,,,2.641,0.579,9.752
[1758203707443145184],,,,2.67,0.644,9.548
[1758203707447740132],,,,2.629,0.651,9.464
[1758203707451535080],,,,2.737,0.668,9.586
[1758203707455242632],,,,2.648,0.596,9.421
[1758203707458908257],,,,2.696,0.591,9.579
[1758203707462579350],,,,2.6,0.752,9.584
[1758203707466263100],,,,2.622,0.661,9.433
[1758203707469928569],,,,2.586,0.795,9.455
[1758203707473607788],,,,2.722,0.8,9.388
[1758203707477334611],,,,2.454,0.807,9.512
[1758203707481011486],,,,2.698,0.795,9.582
[1758203707484751902],,,,2.428,0.687,9.507
[1758203707488440548],,,,2.634,0.661,9.524
[1758203707492154402],,,,2.744,0.622,9.708
[1758203707496160809],,,,2.907,0.62,9.44
[1758203707500780027],,,,2.636,0.694,9.469
[1758203707504704819],,,,2.586,0.706,9.471
[1758203707508400444],,,,2.564,0.737,9.476
[1758203707512072684],,,,2.614,0.618,9.5
[1758203707515765965],,,,2.622,0.704,9.44
[1758203707519440132],,,,2.751,0.713,9.538
[1758203707523131225],,,,2.588,0.658,9.503
[1758203707526829194],,,,2.617,0.584,9.524
[1758203707530501121],,,,2.521,0.687,9.615
[1758203707534188361],,,,2.677,0.687,9.481
[1758203707537889402],,,,2.624,0.673,9.44
[1758203707541605444],,,,2.641,0.713,9.498
[1758203707545623465],,,,2.6,0.618,9.414
[1758203707549347059],,,,2.691,0.622,9.603
[1758203707553066434],,,,2.713,0.613,9.606
[1758203707556753569],,,,2.665,0.658,9.349
[1758203707560417371],,,,2.579,0.702,9.735
[1758203707564085705],,,,2.674,0.709,9.553
[1758203707567782632],,,,2.626,0.721,9.543
[1758203707571561173],,,,2.471,0.646,9.627
[1758203707575250705],,,,2.586,0.594,9.603
[1758203707578954142],,,,2.54,0.651,9.347
[1758203707582657059],,,,2.624,0.508,9.57
[1758203707586369767],,,,2.538,0.651,9.639
[1758203707590033934],,,,2.729,0.702,9.591
[1758203707593751850],,,,2.61,0.694,9.62
[1758203707597709819],,,,2.617,0.654,9.373
[1758203707602225444],,,,2.466,0.915,9.62
[1758203707607782319],,,,2.595,0.675,9.433
[1758203707613947996],,,,2.626,0.658,9.428
[1758203707619223829],,,,2.847,0.632,9.407
[1758203707624485236],,,,2.689,0.668,9.438
[1758203707629678413],,,,2.648,0.63,9.421
[1758203707634837215],,,,2.765,0.764,9.594
[1758203707639988361],,,,2.734,0.572,9.373
[1758203707645121902],,,,2.528,0.792,9.618
[1758203707651500079],,,,2.483,0.637,9.436
[1758203707656816017],,,,2.859,0.709,9.261
[1758203707662010340],,,,2.758,0.675,9.565
[1758203707667169142],,,,2.516,0.855,9.452
[1758203707672295236],,,,2.476,0.656,9.352
[1758203707677435600],,,,2.672,0.678,9.33
[1758203707682548204],,,,2.653,0.639,9.459
[1758203707687684142],,,,2.686,0.713,9.33
[1758203707692838621],,,,2.646,0.63,9.445
[1758203707698200809],,,,2.705,0.668,9.275
[1758203707703413621],,,,2.703,0.781,9.378
[1758203707708606173],,,,2.523,0.699,9.445
[1758203707713725444],,,,2.598,0.682,9.397
[1758203707720254819],,,,2.631,0.74,9.44
[1758203707725567267],,,,2.655,0.733,9.208
[1758203707730805132],,,,2.713,0.692,9.445
[1758203707736030600],,,,2.782,0.79,9.44
[1758203707741151954],,,,2.631,0.706,9.591
[1758203707746424559],,,,2.631,0.68,9.385
[1758203707751551798],,,,2.591,0.728,9.495
[1758203707756682475],,,,2.478,0.716,9.558
[1758203707761807579],,,,2.617,0.627,9.541
[1758203707767001902],,,,2.557,0.68,9.498
[1758203707772253257],,,,2.588,0.539,9.421
[1758203707777398257],,,,2.54,0.769,9.419
[1758203707782564767],,,,2.332,0.716,9.342
[1758203707787711173],,,,2.629,0.694,9.436
[1758203707792832996],,,,2.713,0.821,9.555
[1758203707798051069],,,,2.313,0.654,9.522
[1758203707803251225],,,,2.629,0.725,9.512
[1758203707808423465],,,,2.617,0.596,9.419
[1758203707813566902],,,,2.674,0.704,9.22
[1758203707818781486],,,,2.545,0.658,9.421
[1758203707824376746],,,,2.78,0.685,9.567
[1758203707829637475],,,,2.581,0.658,9.412
[1758203707836151173],,,,2.682,0.697,9.244
[1758203707841441642],,,,2.638,0.613,9.538
[1758203707847991173],,,,2.619,0.735,9.431
[1758203707853647840],,,,2.693,0.711,9.471
[1758203707860193465],,,,2.65,0.599,9.498
[1758203707865922267],,,,2.598,0.737,9.51
[1758203707871847892],,,,2.622,0.728,9.376
[1758203707878042840],,,,2.631,0.637,9.479
[1758203707884683152],,,,2.725,0.702,9.459
[1758203707891410444],,,,2.557,0.67,9.222
[1758203707898108309],,,,2.626,0.742,9.369
[1758203707903680652],,,,2.605,0.663,9.522
[1758203707907605288],,,,2.591,0.716,9.325
[1758203707911283309],,,,2.655,0.802,9.641
[1758203707915000652],,,,2.691,0.658,9.371
[1758203707918665548],,,,2.775,0.74,9.56
[1758203707922342631],,,,2.54,0.673,9.637
[1758203707926086642],,,,2.54,0.761,9.546
[1758203707929756486],,,,2.509,0.608,9.582
[1758203707933427840],,,,2.686,0.608,9.505
[1758203707937142267],,,,2.65,0.802,9.785
[1758203707940883361],,,,2.466,0.673,9.634
[1758203707945572788],,,,2.703,0.682,9.345
[1758203707949450340],,,,2.696,0.812,9.462
[1758203707953132423],,,,2.509,0.668,9.574
[1758203707956836590],,,,2.617,0.682,9.603
[1758203707960499923],,,,2.495,0.702,9.637
[1758203707964158204],,,,2.751,0.757,9.562
[1758203707967842944],,,,2.591,0.728,9.637
[1758203707971511173],,,,2.729,0.687,9.522
[1758203707975212892],,,,2.576,0.658,9.57
[1758203707978879715],,,,2.727,0.735,9.357
[1758203707982551590],,,,2.729,0.692,9.481
[1758203707986263934],,,,2.605,0.639,9.51
[1758203707989990236],,,,2.631,0.656,9.615
[1758203707993735704],,,,2.67,0.692,9.397
[1758203707997682371],,,,2.583,0.713,9.44
[1758203708001388465],,,,2.83,0.594,9.495
[1758203708005079402],,,,2.722,0.646,9.519
[1758203708008757788],,,,2.634,0.8,9.44
[1758203708012433361],,,,2.648,0.618,9.565
[1758203708016124871],,,,2.471,0.486,9.598
[1758203708019795236],,,,2.684,0.68,9.452
[1758203708023465704],,,,2.564,0.769,9.641
[1758203708027138465],,,,2.751,0.615,9.553
[1758203708030803881],,,,2.696,0.716,9.412
[1758203708034577840],,,,2.66,0.69,9.579
[1758203708038308361],,,,2.713,0.627,9.546
[1758203708042062527],,,,2.512,0.694,9.45
[1758203708045808256],,,,2.667,0.63,9.455
[1758203708050450444],,,,2.665,0.591,9.517
[1758203708054297319],,,,2.569,0.618,9.594
[1758203708058099663],,,,2.516,0.69,9.457
[1758203708061780704],,,,2.576,0.678,9.536
[1758203708065463204],,,,2.741,0.704,9.388
[1758203708069137840],,,,2.471,0.627,9.421
[1758203708072804715],,,,2.65,0.709,9.632
[1758203708076493777],,,,2.672,0.891,9.615
[1758203708080167319],,,,2.658,0.622,9.548
[1758203708083844402],,,,2.581,0.692,9.618
[1758203708087546329],,,,2.667,0.709,9.637
[1758203708091217944],,,,2.667,0.697,9.716
[1758203708096000027],,,,2.682,0.589,9.495
[1758203708099833933],,,,2.595,0.67,9.361
[1758203708103510288],,,,2.547,0.682,9.462
[1758203708107199715],,,,2.641,0.735,9.558
[1758203708110864454],,,,2.732,0.668,9.57
[1758203708114566902],,,,2.535,0.723,9.369
[1758203708118257996],,,,2.691,0.618,9.562
[1758203708121941954],,,,2.67,0.654,9.436
[1758203708125628204],,,,2.6,0.687,9.515
[1758203708129294506],,,,2.765,0.718,9.538
[1758203708132977111],,,,2.638,0.697,9.462
[1758203708136697111],,,,2.703,0.783,9.752
[1758203708140442163],,,,2.689,0.694,9.625
[1758203708144139350],,,,2.715,0.752,9.565
[1758203708148091069],,,,2.581,0.74,9.495
[1758203708151829090],,,,2.705,0.687,9.486
[1758203708155547267],,,,2.727,0.658,9.594
[1758203708159227475],,,,2.624,0.675,9.491
[1758203708162913308],,,,2.646,0.649,9.476
[1758203708166613933],,,,2.607,0.678,9.34
[1758203708170292892],,,,2.471,0.649,9.634
[1758203708174005756],,,,2.626,0.543,9.309
[1758203708177703569],,,,2.646,0.625,9.529
[1758203708181377527],,,,2.607,0.69,9.57
[1758203708185091850],,,,2.636,0.67,9.483
[1758203708188784558],,,,2.579,0.73,9.795
[1758203708192558152],,,,2.902,0.634,9.488
[1758203708196342006],,,,2.468,0.702,9.601
[1758203708200284350],,,,2.634,0.79,9.392
[1758203708204081850],,,,2.567,0.682,9.493
[1758203708207807319],,,,2.662,0.757,9.527
[1758203708211488361],,,,2.66,0.769,9.967
[1758203708215220131],,,,2.315,0.553,8.988
[1758203708218930861],,,,3.041,0.601,9.194
[1758203708222606902],,,,2.452,0.869,9.697
[1758203708226320131],,,,2.696,0.558,9.567
[1758203708230029194],,,,2.84,0.68,9.553
[1758203708233706746],,,,2.71,0.96,9.608
[1758203708237420704],,,,2.741,1.056,9.304
[1758203708241147527],,,,2.646,0.271,9.756
[1758203708245061225],,,,2.533,0.472,9.811
[1758203708248759194],,,,2.84,0.551,9.936
[1758203708252471329],,,,2.883,0.814,9.661
[1758203708256162840],,,,2.701,0.986,9.713
[1758203708259856433],,,,2.643,1.056,9.273
[1758203708263554350],,,,2.61,0.95,9.462
[1758203708267262371],,,,2.605,0.663,9.498
[1758203708270972892],,,,2.646,0.812,9.632
[1758203708274713725],,,,2.835,0.788,9.646
[1758203708278415548],,,,2.703,0.826,9.488
[1758203708282082892],,,,2.713,0.939,9.359
[1758203708285767788],,,,2.389,0.663,9.639
[1758203708289468308],,,,2.478,0.773,9.318
[1758203708293181694],,,,2.593,0.917,9.524
[1758203708297120808],,,,2.593,0.809,9.649
[1758203708300860913],,,,2.598,0.826,9.627
[1758203708304830079],,,,2.495,0.685,9.574
[1758203708308567319],,,,2.732,0.491,9.287
[1758203708312258360],,,,2.662,0.737,9.603
[1758203708315996954],,,,2.746,0.175,9.622
[1758203708319675340],,,,2.684,0.297,9.692
[1758203708323350027],,,,2.693,0.857,9.637
[1758203708327087840],,,,2.818,0.864,9.242
[1758203708332006069],,,,2.684,0.797,9.44
[1758203708336734298],,,,2.722,0.177,9.467
[1758203708340631746],,,,2.562,0.493,9.706
[1758203708345520860],,,,2.564,0.706,9.51
[1758203708349483204],,,,2.605,0.055,9.352
[1758203708353378413],,,,2.715,0.443,9.653
[1758203708357291538],,,,2.425,0.153,9.419
[1758203708361172996],,,,2.713,0.668,9.728
[1758203708365996173],,,,2.768,0.816,9.048
[1758203708369989246],,,,2.71,0.893,9.359
[1758203708374744819],,,,2.483,0.558,9.622
[1758203708378596433],,,,2.531,0.211,9.646
[1758203708382284350],,,,2.749,0.383,9.536
[1758203708385979038],,,,2.66,0.603,9.601
[1758203708389641850],,,,2.602,0.625,9.457
[1758203708393315183],,,,2.842,0.575,9.369
[1758203708397073413],,,,2.602,0.819,9.431
[1758203708400734142],,,,2.698,0.625,9.524
[1758203708404397058],,,,2.737,0.661,9.493
[1758203708408111850],,,,2.763,0.704,9.522
[1758203708412040027],,,,2.634,0.285,9.337
[1758203708415802527],,,,2.567,0.862,9.457
[1758203708419545183],,,,2.622,0.441,9.859
[1758203708423310392],,,,2.722,0.335,10.199
[1758203708427039923],,,,2.655,0.213,9.998
[1758203708430700288],,,,2.861,0.527,9.699
[1758203708434366121],,,,2.464,0.591,9.448
[1758203708438074819],,,,2.569,0.721,9.476
[1758203708441754871],,,,2.243,0.211,9.165
[1758203708446353985],,,,2.286,-0.098,9.127
[1758203708450146538],,,,2.696,-0.532,9.081
[1758203708453822788],,,,2.729,-0.105,9.127
[1758203708457532110],,,,2.708,0.06,9.23
[1758203708461202683],,,,2.88,0.591,9.347
[1758203708464943048],,,,2.895,0.941,9.527
[1758203708468614558],,,,2.914,0.773,9.481
[1758203708472290548],,,,2.617,0.845,9.874
[1758203708475980808],,,,2.698,1.216,9.883
[1758203708479650913],,,,2.523,0.115,9.534
[1758203708483321069],,,,2.82,0.567,9.845
[1758203708487034767],,,,2.361,0.498,9.385
[1758203708490791954],,,,2.495,1.106,8.602
[1758203708494512683],,,,2.911,7.563,8.363
[1758203708498287423],,,,2.598,4.626,9.816
[1758203708501956746],,,,2.552,0.606,11.526
[1758203708505647527],,,,2.385,1.709,10.726
[1758203708509313985],,,,2.662,0.843,10.274
[1758203708513005027],,,,2.456,-0.378,9.177
[1758203708517687058],,,,2.253,0.338,9.737
[1758203708521591954],,,,2.468,0.761,9.464
[1758203708525381121],,,,2.394,0.534,9.565
[1758203708529044142],,,,2.595,0.716,9.878
[1758203708532707267],,,,2.626,0.579,9.649
[1758203708536403933],,,,2.564,0.512,9.998
[1758203708540071537],,,,2.775,0.582,9.79
[1758203708543757215],,,,2.725,0.539,9.641
[1758203708547515340],,,,2.746,0.56,9.768
[1758203708551189246],,,,2.904,0.575,9.424
[1758203708555035756],,,,2.646,0.558,9.594
[1758203708558725183],,,,2.665,0.249,9.325
[1758203708566070600],,,,2.765,0.354,9.258
[1758203708569764194],,,,2.933,0.553,9.345
[1758203708573432527],,,,3.179,0.235,9.352
[1758203708577157787],,,,3.05,0.395,9.323
[1758203708580831590],,,,3.005,0.654,9.653
[1758203708584583360],,,,2.909,1.147,9.562
[1758203708588326485],,,,2.813,1.199,9.737
[1758203708592059610],,,,2.595,1.264,10.005
[1758203708595837006],,,,2.337,1.18,9.474
[1758203708599555600],,,,2.454,0.9,9.905
[1758203708603224871],,,,2.801,0.962,10.257
[1758203708607613517],,,,2.952,0.843,10.183
[1758203708612834767],,,,2.885,0.871,9.625
[1758203708618027840],,,,2.689,1.044,9.847
[1758203708623626225],,,,2.279,1.528,10.108
[1758203708628884871],,,,2.325,1.978,9.972
[1758203708634023412],,,,2.638,2.057,10.364
[1758203708639149662],,,,2.983,2.538,10.757
[1758203708644264871],,,,3.17,2.48,10.934
[1758203708649488881],,,,3.34,2.191,10.558
[1758203708654616642],,,,2.94,2.313,10.676
[1758203708659765808],,,,2.521,2.562,10.812
[1758203708664941173],,,,2.65,2.602,10.872
[1758203708670185808],,,,2.459,2.411,10.726
[1758203708675335548],,,,2.782,2.109,10.637
[1758203708680461225],,,,3.055,1.987,10.168
[1758203708685596537],,,,3.026,1.745,10.233
[1758203708690786537],,,,3.144,1.432,9.938
[1758203708696050392],,,,3.282,1.085,9.613
[1758203708701509610],,,,3.201,1.089,9.529
[1758203708706657162],,,,3.074,1.219,9.404
[1758203708711785444],,,,2.172,1.492,9.565
[1758203708716971433],,,,1.69,1.401,9.117
[1758203708722143621],,,,1.633,1.008,8.662
[1758203708727599402],,,,1.832,0.745,8.432
[1758203708732816954],,,,1.681,0.79,8.643
[1758203708737987319],,,,1.63,1.008,8.444
[1758203708743275235],,,,1.944,0.795,8.712
[1758203708748544923],,,,1.935,1.032,8.564
[1758203708753702214],,,,2.14,1.219,8.576
[1758203708758853517],,,,1.918,1.211,8.454
[1758203708764066017],,,,1.82,0.84,8.21
[1758203708769200444],,,,1.681,1.123,8.109
[1758203708774280600],,,,1.695,0.934,7.975
[1758203708779412527],,,,1.784,0.634,8.064
[1758203708784561485],,,,2.009,0.476,7.786
[1758203708789821589],,,,1.985,0.309,7.611
[1758203708794900652],,,,1.891,0.201,7.415
[1758203708800067006],,,,1.99,0.055,7.266
[1758203708805144506],,,,2.071,0.077,7.412
[1758203708810308725],,,,1.997,0.12,7.269
[1758203708815427892],,,,2.126,0.318,7.209
[1758203708820620548],,,,1.695,0.57,6.998
[1758203708825836017],,,,1.47,0.941,6.699
[1758203708831015496],,,,1.063,1.113,6.914
[1758203708836557423],,,,1.03,0.795,6.771
[1758203708841850131],,,,0.941,0.874,6.804
