timestamp,x1,y1,z1,x2,y2,z2
[1758212275572762046],0.831,-0.134,11.394,,,
[1758212275579419598],0.845,0.089,11.183,,,
[1758212275585914077],0.79,-0.122,11.337,,,
[1758212275592356265],0.79,0.022,11.037,,,
[1758212275598742827],0.833,-0.057,11.329,,,
[1758212275605486577],0.855,-0.074,11.26,,,
[1758212275611954234],0.86,-0.077,11.219,,,
[1758212275618440119],0.824,0.115,11.286,,,
[1758212275624945379],0.79,-0.057,11.298,,,
[1758212275631390952],0.821,-0.01,11.255,,,
[1758212275637777411],0.792,-0.057,11.413,,,
[1758212275643792932],0.886,0.089,11.26,,,
[1758212275649571161],0.826,0.146,11.284,,,
[1758212275655270484],0.852,0.045,11.212,,,
[1758212275661089754],0.809,-0.057,11.169,,,
[1758212275666877671],0.807,-0.115,11.32,,,
[1758212275672642307],0.838,0.029,11.1,,,
[1758212275678433244],0.776,0.0,11.289,,,
[1758212275684073869],0.9,-0.129,11.313,,,
[1758212275689885796],0.836,0.151,11.207,,,
[1758212275696198088],0.644,0.019,11.291,,,
[1758212275702027671],0.816,0.067,11.277,,,
[1758212275707851161],0.85,-0.115,11.27,,,
[1758212275713494129],0.855,-0.014,11.243,,,
[1758212275719269442],1.056,-0.005,11.25,,,
[1758212275724924546],0.776,-0.002,11.289,,,
[1758212275730812463],0.747,0.022,11.217,,,
[1758212275736466161],0.773,-0.034,11.222,,,
[1758212275742599546],0.828,0.019,11.226,,,
[1758212275749152046],0.864,-0.01,11.258,,,
[1758212275755667879],0.821,0.108,11.186,,,
[1758212275762191838],0.833,-0.01,11.38,,,
[1758212275768664286],0.781,-0.017,11.238,,,
[1758212275775213556],0.86,-0.026,11.413,,,
[1758212275781771994],0.845,-0.077,11.392,,,
[1758212275788290744],0.874,-0.038,11.404,,,
[1758212275794685327],0.824,0.117,11.217,,,
[1758212275801566109],0.802,0.029,11.272,,,
[1758212275807879963],0.821,0.029,11.444,,,
[1758212275814406004],0.824,0.007,11.265,,,
[1758212275820948504],0.675,0.12,11.298,,,
[1758212275827283296],0.845,0.007,11.131,,,
[1758212275834263869],0.773,-0.041,11.229,,,
[1758212275840945536],0.807,-0.11,11.243,,,
[1758212275847425067],0.85,-0.014,11.337,,,
[1758212275853890431],0.8,-0.153,11.272,,,
[1758212275860361525],0.845,-0.048,11.325,,,
[1758212275866828244],0.857,0.01,11.212,,,
[1758212275873247515],0.824,-0.002,11.281,,,
[1758212275880023556],0.764,0.012,11.095,,,
[1758212275886649806],0.687,0.0,11.404,,,
[1758212275893119338],0.776,-0.129,11.248,,,
[1758212275899583452],0.824,-0.007,11.308,,,
[1758212275906122046],0.814,0.148,11.27,,,
[1758212275912584546],0.848,0.108,11.27,,,
[1758212275919053973],0.821,-0.074,11.322,,,
[1758212275925515275],0.814,-0.065,11.408,,,
[1758212275931979442],0.888,0.057,11.274,,,
[1758212275938410640],0.843,-0.022,11.344,,,
[1758212275944509494],0.836,-0.002,11.399,,,
[1758212275950314181],0.86,0.148,11.217,,,
[1758212275956043348],0.879,0.017,11.315,,,
[1758212275961910119],0.769,-0.007,11.068,,,
[1758212275967652254],0.771,-0.069,11.281,,,
[1758212275973399702],0.79,0.019,11.14,,,
[1758212275979258713],0.843,0.043,11.286,,,
[1758212275985039598],0.678,-0.014,11.188,,,
[1758212275990852567],0.867,0.024,11.334,,,
[1758212275996589025],0.881,0.089,11.265,,,
[1758212276002385327],0.802,-0.05,11.267,,,
[1758212276008062046],0.867,-0.031,11.202,,,
[1758212276013805848],0.807,-0.084,11.305,,,
[1758212276019521421],0.812,-0.093,11.25,,,
[1758212276025252775],0.814,-0.005,11.25,,,
[1758212276031081786],0.871,-0.017,11.097,,,
[1758212276036796473],0.814,-0.065,11.15,,,
[1758212276042541942],0.857,0.136,11.272,,,
[1758212276048575692],0.852,-0.024,11.102,,,
[1758212276055383348],0.836,0.012,11.186,,,
[1758212276062063765],0.996,-0.048,11.255,,,
[1758212276068529338],0.833,-0.002,11.298,,,
[1758212276074964858],0.812,-0.074,11.483,,,
[1758212276081513921],0.998,-0.041,11.193,,,
[1758212276087944442],0.883,-0.101,11.188,,,
[1758212276094407411],0.819,-0.067,11.37,,,
[1758212276100909546],0.8,-0.012,11.305,,,
[1758212276107365848],0.833,0.134,11.066,,,
[1758212276113933504],0.828,-0.022,11.085,,,
[1758212276120421161],0.804,-0.017,11.487,,,
[1758212276126888400],0.989,-0.029,11.138,,,
[1758212276133359911],0.725,-0.034,11.325,,,
[1758212276139798348],0.984,-0.019,11.31,,,
[1758212276146221108],0.881,0.019,11.368,,,
[1758212276152684546],0.67,0.053,11.265,,,
[1758212276159142463],0.86,0.062,11.291,,,
[1758212276165563036],0.694,0.048,11.303,,,
[1758212276172087775],0.84,0.026,11.071,,,
[1758212276178528921],0.84,0.057,11.308,,,
[1758212276185108296],0.812,-0.019,11.298,,,
[1758212276191463452],0.769,-0.12,11.198,,,
[1758212276198031733],0.824,-0.062,11.27,,,
[1758212276204346577],0.855,-0.043,11.351,,,
[1758212276210959546],0.795,-0.132,11.078,,,
[1758212276217410119],0.819,-0.031,11.416,,,
[1758212276224166317],0.867,-0.005,11.212,,,
[1758212276230653921],0.886,-0.122,11.207,,,
[1758212276237093973],0.838,0.012,11.296,,,
[1758212276243525848],0.874,-0.017,11.329,,,
[1758212276250084129],0.828,0.026,11.25,,,
[1758212276256591785],0.826,0.034,11.432,,,
[1758212276263022306],0.795,0.139,11.313,,,
[1758212276269703608],0.824,0.0,11.198,,,
[1758212276276144650],0.824,-0.132,11.279,,,
[1758212276282641681],0.831,-0.017,11.195,,,
[1758212276289106473],0.816,-0.048,11.193,,,
[1758212276295665171],0.824,0.012,11.159,,,
[1758212276302128921],0.838,0.129,11.356,,,
[1758212276308639077],1.02,-0.026,11.428,,,
[1758212276315154077],0.814,0.057,11.471,,,
[1758212276321615952],0.85,0.024,11.186,,,
[1758212276328569025],0.637,-0.038,11.31,,,
[1758212276335104442],0.893,-0.057,11.339,,,
[1758212276341722775],0.802,-0.06,11.404,,,
[1758212276348342150],0.783,-0.053,11.241,,,
[1758212276355062827],0.843,-0.081,11.181,,,
[1758212276361747619],0.824,-0.041,11.346,,,
[1758212276368049181],0.84,0.005,11.327,,,
[1758212276374651681],0.828,0.055,11.325,,,
[1758212276381398244],0.824,-0.024,11.286,,,
[1758212276387971421],0.821,-0.017,11.272,,,
[1758212276394689858],0.824,0.096,11.04,,,
[1758212276401243035],0.852,0.017,11.255,,,
[1758212276407547827],0.819,-0.077,11.107,,,
[1758212276414180952],0.816,0.043,11.291,,,
[1758212276420600431],0.761,0.077,11.14,,,
[1758212276427239181],0.656,-0.041,11.265,,,
[1758212276433912827],0.826,-0.014,11.059,,,
[1758212276440439650],0.998,-0.024,11.193,,,
[1758212276446827567],0.838,0.038,11.396,,,
[1758212276453534025],0.831,-0.045,11.107,,,
[1758212276460022879],0.797,-0.067,11.188,,,
[1758212276466464077],0.852,0.034,11.293,,,
[1758212276472917879],0.86,-0.074,11.279,,,
[1758212276479361317],0.984,0.141,11.068,,,
[1758212276485814806],0.886,0.031,11.035,,,
[1758212276492258035],0.831,-0.153,11.298,,,
[1758212276498653608],0.814,0.014,11.399,,,
[1758212276505149442],0.84,0.007,11.267,,,
[1758212276511650431],0.792,-0.127,11.128,,,
[1758212276518159702],0.8,0.062,11.48,,,
[1758212276524696942],0.802,0.005,11.183,,,
[1758212276531486265],0.84,-0.017,11.116,,,
[1758212276537832462],0.661,0.017,11.372,,,
[1758212276543829702],0.781,0.151,11.272,,,
[1758212276550266317],0.831,-0.148,11.298,,,
[1758212276556677619],0.836,0.055,11.289,,,
[1758212276563514598],0.862,-0.079,11.258,,,
[1758212276570042983],0.843,-0.017,11.298,,,
[1758212276576551265],0.86,-0.024,11.329,,,
[1758212276582999702],0.994,0.084,11.272,,,
[1758212276589545744],0.797,-0.146,11.186,,,
[1758212276596010483],0.622,0.067,11.351,,,
[1758212276602483921],0.814,-0.017,11.435,,,
[1758212276608886785],0.812,0.129,11.329,,,
[1758212276615352723],0.848,0.069,11.236,,,
[1758212276622169962],0.8,-0.005,11.337,,,
[1758212276628613817],0.833,-0.055,11.104,,,
[1758212276635177254],0.637,0.017,11.305,,,
[1758212276641606681],0.807,0.014,11.399,,,
[1758212276648029442],0.816,0.093,11.308,,,
[1758212276654834598],0.838,-0.124,11.195,,,
[1758212276661359702],0.814,-0.019,11.308,,,
[1758212276667783504],0.869,0.043,11.418,,,
[1758212276674269858],0.965,0.038,11.2,,,
[1758212276680821473],0.809,0.002,11.26,,,
[1758212276687287619],0.797,-0.115,11.377,,,
[1758212276693841473],0.857,0.019,11.389,,,
[1758212276700106369],0.821,-0.093,11.346,,,
[1758212276707059702],0.804,0.007,11.308,,,
[1758212276713558556],0.826,-0.12,11.444,,,
[1758212276720101785],0.826,-0.053,11.193,,,
[1758212276726946889],0.826,-0.005,11.281,,,
[1758212276733533400],1.003,-0.002,11.289,,,
[1758212276740201160],0.797,-0.062,11.27,,,
[1758212276746218504],0.86,0.141,11.205,,,
[1758212276751972879],0.857,-0.024,11.334,,,
[1758212276757739754],0.804,0.024,11.212,,,
[1758212276763380587],0.9,0.065,11.322,,,
[1758212276769158973],0.86,-0.101,11.222,,,
[1758212276774869650],0.86,-0.024,11.236,,,
[1758212276780378556],0.804,0.007,11.236,,,
[1758212276786114129],0.876,-0.014,11.078,,,
[1758212276791809181],0.812,0.014,11.281,,,
[1758212276797490483],0.824,-0.014,11.329,,,
[1758212276803169910],0.828,0.041,11.234,,,
[1758212276808928139],0.862,0.089,11.212,,,
[1758212276814594806],0.845,0.036,11.119,,,
[1758212276820148817],0.766,-0.005,11.301,,,
[1758212276825865535],0.86,0.129,11.231,,,
[1758212276831528660],0.85,0.077,11.289,,,
[1758212276837206264],0.819,0.034,11.193,,,
[1758212276842757150],0.503,-0.101,11.248,,,
[1758212276849064077],0.821,0.148,11.332,,,
[1758212276855708816],0.802,-0.093,11.406,,,
[1758212276862208191],0.824,-0.096,11.313,,,
[1758212276868645223],0.845,0.043,11.198,,,
[1758212276875085639],0.876,-0.12,11.267,,,
[1758212276881614962],0.809,0.0,11.332,,,
[1758212276888032254],0.845,-0.014,11.234,,,
[1758212276894482150],0.836,-0.024,11.186,,,
[1758212276900993816],0.831,-0.045,11.384,,,
[1758212276907448244],0.886,-0.022,11.186,,,
[1758212276913910691],0.879,0.022,11.432,,,
[1758212276920409441],0.85,0.048,11.274,,,
[1758212276926891108],0.838,-0.022,11.186,,,
[1758212276933390431],0.84,-0.038,11.174,,,
[1758212276939826264],0.663,0.043,11.162,,,
[1758212276946091994],0.836,-0.026,11.317,,,
[1758212276951868035],0.833,0.045,11.238,,,
[1758212276957594285],0.905,0.005,11.202,,,
[1758212276963358556],0.821,-0.053,11.303,,,
[1758212276969068764],0.929,-0.146,11.377,,,
[1758212276974777202],0.764,-0.007,11.226,,,
[1758212276980528139],0.831,0.141,11.214,,,
[1758212276986257827],0.819,-0.041,11.214,,,
[1758212276991981264],0.855,-0.031,11.157,,,
[1758212276997733035],0.804,-0.148,11.114,,,
[1758212277003379650],0.84,0.117,11.234,,,
[1758212277009123139],0.809,-0.017,11.169,,,
[1758212277014969233],0.86,-0.038,11.176,,,
[1758212277020802046],0.747,0.029,11.229,,,
[1758212277026460275],0.824,0.014,11.107,,,
[1758212277032182514],0.752,-0.081,11.27,,,
[1758212277037858869],0.769,-0.002,11.27,,,
[1758212277043508452],0.828,-0.151,11.317,,,
[1758212277050236681],0.809,0.129,11.605,,,
[1758212277057001941],0.824,0.091,11.293,,,
[1758212277063471577],0.836,0.012,11.253,,,
[1758212277069902514],0.804,-0.081,11.078,,,
[1758212277076365379],0.836,-0.132,11.344,,,
[1758212277082841525],0.802,-0.024,11.2,,,
[1758212277089291056],0.977,-0.01,11.248,,,
[1758212277095813139],0.998,0.002,11.325,,,
[1758212277101704181],0.785,0.01,11.284,,,
[1758212277108464754],0.812,0.065,11.27,,,
[1758212277115055587],0.852,-0.084,11.265,,,
[1758212277121590796],0.646,0.122,11.334,,,
[1758212277127890014],0.838,0.017,11.186,,,
[1758212277134619025],0.807,-0.146,11.413,,,
[1758212277141005691],0.761,-0.055,11.2,,,
[1758212277147041160],0.773,0.096,11.073,,,
[1758212277152764077],0.912,-0.041,11.279,,,
[1758212277158447358],0.816,0.0,11.222,,,
[1758212277164117514],0.826,-0.105,11.255,,,
[1758212277169831264],0.804,0.022,11.222,,,
[1758212277175521212],0.814,-0.048,11.262,,,
[1758212277181244077],0.661,-0.062,11.238,,,
[1758212277186898973],0.905,-0.007,11.188,,,
[1758212277192560327],0.821,0.026,11.262,,,
[1758212277198094806],0.84,0.043,11.229,,,
[1758212277203828764],0.785,0.053,11.272,,,
[1758212277209605171],0.673,-0.06,11.193,,,
[1758212277215406941],0.816,-0.136,11.073,,,
[1758212277220996993],0.781,0.026,11.231,,,
[1758212277226695848],0.666,0.012,11.186,,,
[1758212277232324337],0.769,0.05,11.308,,,
[1758212277237968764],0.862,-0.014,11.253,,,
[1758212277243682671],0.812,0.079,11.119,,,
[1758212277250133921],0.984,-0.093,11.202,,,
[1758212277256655691],0.812,-0.038,11.21,,,
[1758212277263197827],0.836,0.036,11.396,,,
[1758212277269814962],0.864,-0.048,11.171,,,
[1758212277276359962],0.828,0.026,11.471,,,
[1758212277282909910],0.852,0.029,11.313,,,
[1758212277289462983],0.802,0.002,11.234,,,
[1758212277295927358],0.764,0.022,11.308,,,
[1758212277302418556],0.809,-0.069,11.229,,,
[1758212277308887150],0.812,-0.048,11.111,,,
[1758212277315328608],0.833,-0.029,11.195,,,
[1758212277321887150],1.001,0.01,11.229,,,
[1758212277328372827],0.838,-0.012,11.044,,,
[1758212277334857879],0.836,0.062,11.234,,,
[1758212277341410014],0.792,0.041,11.262,,,
[1758212277347565848],0.836,0.002,11.341,,,
[1758212277353368400],0.838,-0.132,11.231,,,
[1758212277359167983],0.814,0.014,11.298,,,
[1758212277364920743],0.773,-0.026,11.169,,,
[1758212277370748816],0.903,-0.007,11.26,,,
[1758212277376508243],0.819,0.146,11.188,,,
[1758212277382159337],0.761,-0.072,11.241,,,
[1758212277387688191],1.037,-0.043,11.279,,,
[1758212277393328504],0.831,-0.053,11.267,,,
[1758212277399097827],0.912,-0.01,11.207,,,
[1758212277404807670],1.018,-0.019,11.186,,,
[1758212277410450379],1.032,-0.026,11.229,,,
[1758212277416106837],0.754,0.01,11.214,,,
[1758212277421913400],0.783,0.019,11.155,,,
[1758212277427572410],0.821,0.096,11.243,,,
[1758212277433283764],0.819,-0.022,11.337,,,
[1758212277438956368],0.642,0.007,11.116,,,
[1758212277444008868],0.919,-0.038,11.111,,,
[1758212277450437618],0.807,0.06,11.305,,,
[1758212277456979129],0.879,-0.146,11.032,,,
[1758212277463641108],0.826,-0.036,11.258,,,
[1758212277470407775],0.833,-0.136,11.337,,,
[1758212277476970848],0.836,-0.113,11.255,,,
[1758212277483323920],0.864,0.034,11.27,,,
[1758212277489666316],0.838,-0.067,11.356,,,
[1758212277496498139],0.881,-0.098,11.186,,,
[1758212277503035639],0.898,0.017,11.231,,,
[1758212277509534702],0.816,-0.024,11.006,,,
[1758212277516026160],0.845,-0.01,11.205,,,
[1758212277522515639],0.797,0.127,11.387,,,
[1758212277528787827],1.008,0.127,11.143,,,
[1758212277535294389],0.826,-0.089,11.138,,,
[1758212277541989337],0.85,0.041,11.384,,,
[1758212277548174129],0.778,0.151,11.116,,,
[1758212277553937827],0.852,0.031,11.238,,,
[1758212277559838712],0.855,-0.007,11.262,,,
[1758212277565678868],0.67,-0.034,11.123,,,
[1758212277571322775],0.828,0.093,11.08,,,
[1758212277577075587],0.797,0.026,11.162,,,
[1758212277583014233],0.771,-0.045,11.231,,,
[1758212277588705379],0.632,-0.113,11.207,,,
[1758212277594383712],0.807,0.019,11.047,,,
[1758212277600252618],0.795,0.01,11.291,,,
[1758212277605882931],0.91,0.034,11.322,,,
[1758212277611593660],0.862,0.105,11.219,,,
[1758212277617365118],0.783,-0.026,11.126,,,
[1758212277623111264],0.874,-0.029,11.028,,,
[1758212277628809181],1.056,-0.053,11.123,,,
[1758212277634323972],0.764,-0.022,11.152,,,
[1758212277640021837],0.831,0.01,11.26,,,
[1758212277645504962],0.773,0.134,11.277,,,
[1758212277651972983],0.802,-0.113,11.425,,,
[1758212277658553920],0.821,-0.029,11.14,,,
[1758212277664986993],0.879,0.139,11.358,,,
[1758212277671541472],0.685,0.012,11.308,,,
[1758212277678304493],0.802,-0.148,11.164,,,
[1758212277684760170],0.809,-0.072,11.212,,,
[1758212277691313868],0.816,0.017,11.193,,,
[1758212277697759754],0.838,0.022,11.31,,,
[1758212277704213920],0.862,-0.041,11.195,,,
[1758212277710570014],0.843,-0.084,11.255,,,
[1758212277717297618],0.86,0.062,11.097,,,
[1758212277723874181],0.84,-0.069,11.19,,,
[1758212277730629233],0.783,0.113,11.308,,,
[1758212277737126264],0.807,-0.019,11.341,,,
[1758212277743613972],0.804,0.062,11.267,,,
[1758212277750132774],1.02,0.036,11.281,,,
[1758212277756567097],0.814,0.065,11.248,,,
[1758212277763066056],0.828,0.012,11.303,,,
[1758212277769515899],0.824,-0.081,11.451,,,
[1758212277776113347],0.867,0.005,11.25,,,
[1758212277782560743],0.831,0.134,11.31,,,
[1758212277788980952],0.819,0.086,11.128,,,
[1758212277795442774],0.831,-0.079,11.226,,,
[1758212277802022618],0.845,-0.074,11.329,,,
[1758212277808502774],0.848,0.055,11.25,,,
[1758212277814959389],0.848,0.115,11.21,,,
[1758212277821299285],0.807,0.136,11.277,,,
[1758212277827746212],0.831,-0.012,11.047,,,
[1758212277834295483],0.673,-0.129,11.286,,,
[1758212277840674129],0.874,0.048,11.121,,,
[1758212277847237149],0.809,-0.026,11.231,,,
[1758212277853995014],0.79,-0.144,11.27,,,
[1758212277860506681],0.792,0.019,11.238,,,
[1758212277866990795],0.824,-0.005,11.356,,,
[1758212277873471941],0.871,-0.115,11.408,,,
[1758212277880096889],0.821,0.045,11.454,,,
[1758212277886562097],0.651,0.148,11.234,,,
[1758212277893157931],0.86,-0.091,11.255,,,
[1758212277899611056],0.845,-0.065,11.308,,,
[1758212277906126368],0.819,-0.055,11.313,,,
[1758212277912596316],0.778,0.141,11.332,,,
[1758212277919032202],0.821,0.043,11.207,,,
[1758212277925422306],0.977,0.017,11.317,,,
[1758212277932035691],0.807,-0.048,11.229,,,
[1758212277938499441],0.903,0.122,11.401,,,
[1758212277944941004],0.843,0.0,11.224,,,
[1758212277951485274],0.871,-0.108,11.327,,,
[1758212277957933764],0.836,-0.022,11.329,,,
[1758212277964336368],0.845,-0.024,11.42,,,
[1758212277970811785],0.848,0.086,11.463,,,
[1758212277977231785],0.857,-0.022,11.296,,,
[1758212277984097722],0.809,-0.122,11.344,,,
[1758212277990608243],0.929,-0.002,11.305,,,
[1758212277997057722],0.634,-0.041,11.274,,,
[1758212278003510899],0.864,-0.002,11.37,,,
[1758212278010006108],0.819,0.117,11.277,,,
[1758212278016430274],0.812,-0.043,11.25,,,
[1758212278022902201],0.807,-0.122,11.073,,,
[1758212278029327670],1.001,-0.122,11.219,,,
[1758212278035785066],0.8,0.067,11.224,,,
[1758212278042238920],0.965,-0.153,11.475,,,
[1758212278048672201],0.824,-0.019,11.179,,,
[1758212278055158035],0.855,0.132,11.241,,,
[1758212278061672774],0.85,0.069,11.088,,,
[1758212278068159233],0.833,-0.002,11.169,,,
[1758212278074587618],0.816,-0.005,11.353,,,
[1758212278080925066],0.848,0.05,11.219,,,
[1758212278087357358],0.836,0.002,11.267,,,
[1758212278094132879],0.831,-0.01,11.243,,,
[1758212278100608556],0.833,0.031,11.193,,,
[1758212278107052774],0.843,-0.007,11.19,,,
[1758212278113507566],0.816,0.146,11.27,,,
[1758212278119967670],0.862,0.014,11.222,,,
[1758212278126430691],0.816,0.096,11.447,,,
[1758212278132897097],0.831,0.144,11.167,,,
[1758212278139361368],0.833,-0.022,11.332,,,
[1758212278145860951],0.663,0.0,11.248,,,
[1758212278152317879],0.85,0.045,11.219,,,
[1758212278158758816],0.812,0.065,11.068,,,
[1758212278165196264],0.831,0.005,11.2,,,
[1758212278171717201],0.804,0.005,11.246,,,
[1758212278178154806],0.814,-0.048,11.224,,,
[1758212278184612097],0.86,0.12,11.31,,,
[1758212278190978087],0.828,0.024,11.224,,,
[1758212278197582878],0.821,0.012,11.279,,,
[1758212278204181472],0.986,-0.141,11.231,,,
[1758212278210797410],0.86,0.084,11.212,,,
[1758212278217069181],0.802,0.122,11.27,,,
[1758212278223632826],0.836,0.081,11.38,,,
[1758212278230463035],0.802,-0.005,11.358,,,
[1758212278236957878],0.826,-0.002,11.317,,,
[1758212278243508712],0.843,0.005,11.27,,,
[1758212278249704493],0.86,-0.117,11.296,,,
[1758212278255402514],0.797,-0.012,11.356,,,
[1758212278261090014],0.781,0.141,11.066,,,
[1758212278266657878],0.879,-0.045,11.176,,,
[1758212278272366212],0.821,0.0,11.243,,,
[1758212278278026524],0.831,0.029,11.277,,,
[1758212278283739181],0.864,-0.005,11.179,,,
[1758212278289443191],0.687,-0.012,11.315,,,
[1758212278295262618],0.826,-0.101,11.214,,,
[1758212278300374337],0.848,-0.01,11.274,,,
[1758212278306149441],0.984,0.113,11.317,,,
[1758212278311864701],0.792,-0.019,11.19,,,
[1758212278317382618],0.869,0.117,11.26,,,
[1758212278322901056],0.893,-0.038,11.27,,,
[1758212278328595170],0.912,0.024,11.334,,,
[1758212278334285326],0.807,0.007,11.09,,,
[1758212278340058295],0.871,0.031,11.143,,,
[1758212278345613503],0.79,0.031,11.313,,,
[1758212278351862826],0.855,0.06,11.32,,,
[1758212278358581733],0.809,0.12,11.229,,,
[1758212278365216628],0.838,-0.01,11.155,,,
[1758212278371893347],0.848,-0.045,11.339,,,
[1758212278378385118],0.852,-0.002,11.332,,,
[1758212278384904649],0.85,0.007,11.214,,,
[1758212278391340639],0.682,-0.086,11.346,,,
[1758212278397986420],0.68,0.055,11.317,,,
[1758212278404785066],0.84,-0.024,11.226,,,
[1758212278411302305],0.821,0.053,11.317,,,
[1758212278417821160],0.807,0.101,11.236,,,
[1758212278424287618],0.814,0.124,11.404,,,
[1758212278430845535],0.838,-0.036,11.332,,,
[1758212278437319545],0.812,0.017,11.248,,,
[1758212278443790222],0.843,-0.062,11.375,,,
[1758212278449748347],0.84,-0.026,11.234,,,
[1758212278455536264],0.804,-0.069,11.217,,,
[1758212278461316108],0.819,-0.041,11.272,,,
[1758212278466989962],0.809,-0.081,11.315,,,
[1758212278472690274],0.785,-0.043,11.205,,,
[1758212278478359233],0.864,-0.029,11.365,,,
[1758212278484045691],0.816,0.105,11.322,,,
[1758212278489660951],0.836,-0.026,11.241,,,
[1758212278495394597],0.639,0.012,11.205,,,
[1758212278501517045],0.881,0.012,11.272,,,
[1758212278507282358],0.824,0.113,11.281,,,
[1758212278512950222],0.85,-0.01,11.248,,,
[1758212278518538503],0.867,0.048,11.226,,,
[1758212278524086680],0.766,-0.048,11.279,,,
[1758212278529891108],0.864,0.012,11.234,,,
[1758212278535609910],1.034,-0.053,11.31,,,
[1758212278541283503],0.831,0.036,11.241,,,
[1758212278546978451],0.833,-0.012,11.123,,,
[1758212278553350170],0.831,0.002,11.293,,,
[1758212278560032201],0.831,-0.038,11.334,,,
[1758212278566485691],0.814,-0.036,11.389,,,
[1758212278572948660],0.836,0.124,11.377,,,
[1758212278579407410],0.838,0.0,11.234,,,
[1758212278585875587],0.855,0.151,11.291,,,
[1758212278592344545],0.845,0.012,11.296,,,
[1758212278598777826],0.824,-0.141,11.31,,,
[1758212278605296889],0.802,-0.017,11.32,,,
[1758212278611863035],0.836,-0.115,11.301,,,
[1758212278618319962],0.821,-0.05,11.303,,,
[1758212278624769024],0.845,0.002,11.236,,,
[1758212278631254285],0.8,-0.086,11.337,,,
[1758212278637684285],0.85,-0.069,11.25,,,
[1758212278644132826],0.862,-0.036,11.341,,,
[1758212278650630899],0.809,0.014,11.246,,,
[1758212278657139493],0.814,-0.017,11.38,,,
[1758212278663576628],0.649,0.069,11.238,,,
[1758212278670113139],0.814,-0.034,11.226,,,
[1758212278676573243],0.838,-0.048,11.327,,,
[1758212278683032514],0.828,-0.077,11.174,,,
[1758212278689469024],0.699,0.014,11.214,,,
[1758212278695923607],0.855,0.022,11.358,,,
[1758212278702398920],0.876,-0.113,11.32,,,
[1758212278708957305],0.84,-0.031,11.437,,,
[1758212278715383607],0.924,-0.012,11.186,,,
[1758212278721918087],0.812,0.086,11.179,,,
[1758212278728356680],0.838,0.012,11.188,,,
[1758212278734842514],0.852,-0.132,11.48,,,
[1758212278741201472],1.03,0.019,11.145,,,
[1758212278747532149],0.766,0.117,11.214,,,
[1758212278754013503],0.816,0.053,11.32,,,
[1758212278760715118],0.838,0.0,11.382,,,
[1758212278767170691],0.809,-0.007,11.059,,,
[1758212278773795535],0.819,-0.141,11.277,,,
[1758212278780156889],0.699,-0.127,11.15,,,
[1758212278786995066],0.85,-0.038,11.255,,,
[1758212278793464180],0.84,0.002,11.219,,,
[1758212278800093347],0.613,0.093,11.207,,,
[1758212278806570535],0.821,0.017,11.26,,,
[1758212278813123712],0.833,-0.093,11.392,,,
[1758212278819555534],0.869,0.012,11.212,,,
[1758212278825991159],0.788,-0.024,11.186,,,
[1758212278831927149],0.735,-0.007,11.164,,,
[1758212278838445743],0.972,0.055,11.279,,,
[1758212278844927097],0.907,0.024,11.265,,,
[1758212278851263920],0.86,0.084,11.277,,,
[1758212278858031159],0.814,-0.045,11.231,,,
[1758212278864534337],1.006,0.05,11.298,,,
[1758212278871118191],0.876,0.0,11.262,,,
[1758212278877560222],0.809,0.019,11.174,,,
[1758212278884007201],0.826,0.0,11.083,,,
[1758212278890466316],0.821,-0.146,11.121,,,
[1758212278896911472],0.989,0.012,11.207,,,
[1758212278903375430],0.781,0.093,11.226,,,
[1758212278909800951],0.848,0.129,11.344,,,
[1758212278916391628],0.84,0.077,11.483,,,
[1758212278922847149],1.015,0.067,11.344,,,
[1758212278929300014],0.876,-0.045,11.377,,,
[1758212278935767149],0.864,0.074,11.329,,,
[1758212278942243191],1.018,-0.048,11.349,,,
[1758212278948798087],0.814,-0.132,11.289,,,
[1758212278955268034],0.79,-0.005,11.246,,,
[1758212278961781055],0.776,0.144,11.097,,,
[1758212278968327670],0.831,-0.002,11.241,,,
[1758212278974811316],0.769,0.005,11.305,,,
[1758212278981347774],0.843,-0.041,11.523,,,
[1758212278987809337],0.862,-0.141,11.48,,,
[1758212278994255170],0.785,-0.031,11.2,,,
[1758212279001047514],0.824,-0.113,11.222,,,
[1758212279007529805],0.797,0.084,11.253,,,
[1758212279013973712],0.953,-0.113,11.217,,,
[1758212279020537722],0.848,-0.057,11.202,,,
[1758212279027016993],0.9,-0.017,11.272,,,
[1758212279033425743],0.862,-0.053,11.401,,,
[1758212279039815639],0.807,0.072,11.195,,,
[1758212279046290639],0.826,0.038,11.55,,,
[1758212279052347149],0.788,-0.019,11.313,,,
[1758212279058069180],0.857,0.117,11.327,,,
[1758212279063847878],0.771,-0.036,11.301,,,
[1758212279069544336],0.831,0.022,11.241,,,
[1758212279075180847],0.804,-0.11,11.186,,,
[1758212279080968243],0.804,-0.012,11.217,,,
[1758212279086734753],0.85,-0.053,11.329,,,
[1758212279092398347],0.797,-0.026,11.253,,,
[1758212279098125534],0.996,-0.132,11.372,,,
[1758212279103795534],0.848,-0.007,11.27,,,
[1758212279109650482],0.831,-0.012,11.298,,,
[1758212279115281836],0.816,-0.103,11.267,,,
[1758212279121013347],0.764,0.048,11.258,,,
[1758212279126739909],0.807,-0.057,11.174,,,
[1758212279132429180],0.867,-0.12,11.116,,,
[1758212279138099753],0.97,-0.022,11.231,,,
[1758212279143939441],0.855,0.026,11.21,,,
[1758212279149692514],0.86,0.019,11.272,,,
[1758212279156076576],0.824,0.134,11.519,,,
[1758212279162231836],0.836,0.062,11.349,,,
[1758212279168905378],0.792,-0.057,11.243,,,
[1758212279175471264],0.845,-0.141,11.202,,,
[1758212279182165170],0.994,-0.034,11.214,,,
[1758212279188659180],0.814,-0.091,11.291,,,
[1758212279195111889],0.807,-0.01,11.432,,,
[1758212279201495430],0.824,0.0,11.408,,,
[1758212279208061941],0.917,0.146,11.212,,,
[1758212279214729597],0.814,0.074,11.073,,,
[1758212279221341941],0.749,0.069,11.281,,,
[1758212279227995639],0.807,-0.043,11.188,,,
[1758212279234659857],0.778,0.002,11.499,,,
[1758212279241158555],0.773,0.06,11.322,,,
[1758212279247594753],0.819,0.151,11.202,,,
[1758212279253878399],0.828,0.074,11.217,,,
[1758212279259626159],0.888,-0.055,11.375,,,
[1758212279265349857],0.893,-0.077,11.246,,,
[1758212279271135847],0.785,0.148,11.332,,,
[1758212279276970899],0.804,0.067,11.102,,,
[1758212279282712982],0.881,-0.022,11.219,,,
[1758212279288318034],0.836,0.105,11.229,,,
[1758212279294094076],0.819,0.132,11.337,,,
[1758212279299759597],0.807,-0.019,11.226,,,
[1758212279305528659],0.864,0.007,11.236,,,
[1758212279311222878],0.812,0.055,11.341,,,
[1758212279316987670],0.91,-0.084,11.296,,,
[1758212279322609128],1.039,0.005,11.231,,,
[1758212279328462826],0.675,0.084,11.224,,,
[1758212279334141576],0.8,0.002,11.394,,,
[1758212279339705638],0.848,-0.148,11.126,,,
[1758212279345528711],0.836,-0.038,11.325,,,
[1758212279351334024],0.788,0.024,11.31,,,
[1758212279357740534],0.883,-0.05,11.32,,,
[1758212279364270430],0.843,-0.014,11.389,,,
[1758212279370809597],0.814,0.026,11.298,,,
[1758212279377685378],0.804,-0.014,11.286,,,
[1758212279384064180],0.864,0.043,11.21,,,
[1758212279390635118],0.84,-0.017,11.243,,,
[1758212279397114336],0.809,0.129,11.205,,,
[1758212279403824857],0.85,0.014,11.052,,,
[1758212279410326159],0.855,-0.022,11.289,,,
[1758212279417174753],0.864,-0.005,11.21,,,
[1758212279423684284],0.816,-0.019,11.131,,,
[1758212279430178295],0.797,0.115,11.107,,,
[1758212279436773034],0.831,0.089,11.31,,,
[1758212279443102878],0.836,0.0,11.2,,,
[1758212279449656263],0.773,0.115,11.246,,,
[1758212279456508295],0.8,0.151,11.236,,,
[1758212279462996159],0.845,0.002,11.255,,,
[1758212279469761784],0.781,0.029,11.296,,,
[1758212279475872618],0.836,0.024,11.119,,,
[1758212279482781159],0.8,-0.105,11.281,,,
[1758212279489362982],0.819,-0.005,11.293,,,
[1758212279495884388],0.895,-0.038,11.236,,,
[1758212279502503138],0.778,0.108,11.186,,,
[1758212279508967826],0.85,-0.012,11.21,,,
[1758212279515447826],0.826,-0.074,11.286,,,
[1758212279522119440],0.812,-0.055,11.279,,,
[1758212279528723503],0.807,-0.139,11.255,,,
[1758212279535532878],0.831,-0.019,11.303,,,
[1758212279542348503],0.816,-0.05,11.224,,,
[1758212279548886368],0.63,-0.034,11.253,,,
[1758212279554881211],0.792,-0.067,11.248,,,
[1758212279560879753],0.819,-0.074,11.21,,,
[1758212279566637305],0.769,-0.098,11.31,,,
[1758212279572375586],0.819,-0.045,11.238,,,
[1758212279578139597],0.814,-0.041,11.217,,,
[1758212279583922305],0.783,0.077,11.068,,,
[1758212279589718451],0.785,0.007,11.078,,,
[1758212279595487618],0.776,-0.029,11.296,,,
[1758212279601163347],1.039,0.043,11.308,,,
[1758212279606960847],0.986,0.134,11.36,,,
[1758212279612781993],0.824,-0.134,11.092,,,
[1758212279618636211],0.831,-0.084,11.193,,,
[1758212279624451368],0.843,-0.031,11.315,,,
[1758212279630318138],0.886,0.002,11.205,,,
[1758212279636235326],0.876,0.132,11.365,,,
[1758212279641882409],0.871,-0.017,11.068,,,
[1758212279647597409],0.812,0.053,11.238,,,
[1758212279653278451],0.874,0.072,11.214,,,
[1758212279659046003],0.903,0.12,11.267,,,
[1758212279664699805],0.857,0.026,11.179,,,
[1758212279670273711],0.893,-0.019,11.284,,,
[1758212279675834440],0.814,0.012,11.126,,,
[1758212279681555430],0.943,0.053,11.121,,,
[1758212279687347201],1.039,0.045,10.98,,,
[1758212279693003451],0.994,0.0,11.111,,,
[1758212279698672982],0.857,0.017,11.157,,,
[1758212279704337878],0.986,-0.022,11.236,,,
[1758212279710086472],0.886,0.007,11.274,,,
[1758212279715769180],0.852,-0.002,11.344,,,
[1758212279721022461],0.831,0.005,11.274,,,
[1758212279726599284],0.742,0.026,11.32,,,
[1758212279732266628],0.891,-0.077,11.236,,,
[1758212279738011940],0.785,-0.022,11.346,,,
[1758212279743502097],0.783,-0.002,11.487,,,
[1758212279749170482],0.826,-0.029,11.305,,,
[1758212279755353815],0.797,-0.057,11.274,,,
[1758212279762121628],0.79,-0.115,11.205,,,
[1758212279768218607],0.852,-0.117,11.349,,,
[1758212279774942513],0.876,-0.081,11.26,,,
[1758212279781532774],0.831,-0.019,11.325,,,
[1758212279787961888],0.97,-0.113,11.054,,,
[1758212279794474805],0.855,-0.01,11.226,,,
[1758212279801023867],0.886,0.065,11.332,,,
[1758212279807554805],0.948,-0.022,11.377,,,
[1758212279814221784],0.927,0.022,11.19,,,
[1758212279820708503],0.9,-0.007,11.21,,,
[1758212279827517722],1.027,0.127,11.413,,,
[1758212279833960951],0.883,0.093,11.471,,,
[1758212279840571940],0.804,0.055,11.291,,,
[1758212279847079597],0.828,0.0,11.399,,,
[1758212279853260013],0.824,0.074,11.408,,,
[1758212279859033659],0.826,0.074,11.198,,,
[1758212279864659857],0.907,0.01,11.298,,,
[1758212279870575534],0.879,0.005,11.382,,,
[1758212279876250742],0.769,-0.103,11.119,,,
[1758212279881920534],1.001,-0.053,11.222,,,
[1758212279887829024],0.958,0.062,11.236,,,
[1758212279893472045],1.068,0.019,11.301,,,
[1758212279899267409],0.953,0.024,11.212,,,
[1758212279904905951],0.845,0.062,11.289,,,
[1758212279910736628],0.912,0.022,11.224,,,
[1758212279916425638],0.876,0.062,11.183,,,
[1758212279922059649],0.874,0.093,11.198,,,
[1758212279927832774],0.831,0.06,11.344,,,
[1758212279933501367],0.668,0.055,11.205,,,
[1758212279939523347],0.807,0.06,11.353,,,
[1758212279944813763],0.795,-0.148,11.195,,,
[1758212279950733034],0.824,0.12,11.303,,,
[1758212279957192722],0.797,-0.153,11.341,,,
[1758212279963774597],0.79,-0.057,11.296,,,
[1758212279970237201],0.816,-0.053,11.286,,,
[1758212279976803347],0.804,0.026,11.164,,,
[1758212279983686055],0.613,-0.108,11.303,,,
[1758212279990333451],0.838,-0.093,11.217,,,
[1758212279996827513],0.771,-0.017,11.301,,,
[1758212280003326367],0.761,0.103,11.36,,,
[1758212280009606940],0.735,0.002,11.143,,,
[1758212280016111315],0.735,0.151,11.375,,,
[1758212280022449024],0.73,0.067,11.222,,,
[1758212280029071055],0.742,-0.01,11.26,,,
[1758212280035644440],0.879,0.036,11.344,,,
[1758212280042311419],0.702,-0.06,11.246,,,
[1758212280048654649],0.888,0.144,11.356,,,
[1758212280055014492],0.709,0.089,11.25,,,
[1758212280060839388],0.737,0.031,11.325,,,
[1758212280066637253],0.788,0.022,11.207,,,
[1758212280072626211],0.699,0.017,11.241,,,
[1758212280078396003],0.74,0.115,11.135,,,
[1758212280084151211],0.869,0.122,11.037,,,
[1758212280089836524],0.711,0.072,11.085,,,
[1758212280095616211],0.821,0.002,11.138,,,
[1758212280101388451],0.917,0.091,11.143,,,
[1758212280107407409],0.699,0.23,10.843,,,
[1758212280113268242],0.692,0.541,10.848,,,
[1758212280118984440],0.532,1.269,10.132,,,
[1758212280124631107],0.589,1.437,10.003,,,
[1758212280130446211],0.63,1.341,10.369,,,
[1758212280136122305],0.68,0.881,10.391,,,
[1758212280141926732],0.766,0.74,10.415,,,
[1758212280147689649],0.812,0.634,10.573,,,
[1758212280153456940],0.879,0.541,10.582,,,
[1758212280159976680],0.979,-0.01,10.293,,,
[1758212280166589024],1.149,-0.79,10.245,,,
[1758212280173050117],1.156,-0.912,10.204,,,
[1758212280179496680],1.19,-0.809,10.218,,,
[1758212280185905846],1.223,-0.687,10.803,,,
[1758212280192388086],1.317,-0.658,11.047,,,
[1758212280198829649],1.434,-0.79,10.934,,,
[1758212280205378451],1.35,-0.517,11.193,,,
[1758212280211899076],1.391,-0.625,11.188,,,
[1758212280218205534],1.255,-0.589,11.313,,,
[1758212280224920274],1.298,-0.491,11.442,,,
[1758212280231452669],1.073,-0.517,11.468,,,
[1758212280237917982],1.36,-0.438,11.444,,,
[1758212280244502669],1.14,-0.407,11.305,,,
[1758212280251100430],1.07,-0.352,11.559,,,
[1758212280257501888],0.991,-0.376,11.605,,,
[1758212280263979440],1.049,-0.33,11.425,,,
[1758212280270462201],0.857,-0.345,11.633,,,
[1758212280276937149],0.757,-0.23,11.413,,,
[1758212280283419076],0.685,-0.237,11.349,,,
[1758212280289907878],0.599,-0.208,11.533,,,
[1758212280296421003],0.541,-0.038,11.43,,,
[1758212280302861888],0.469,-0.108,11.42,,,
[1758212280309329961],0.395,0.077,11.219,,,
[1758212280315785846],0.441,0.081,11.301,,,
[1758212280322272617],0.22,0.132,11.341,,,
[1758212280328719544],0.244,0.275,11.207,,,
[1758212280335181992],0.273,0.376,11.202,,,
[1758212280341693398],0.103,0.388,11.243,,,
[1758212280348239336],0.299,0.383,11.339,,,
[1758212280354702305],0.204,0.579,11.339,,,
[1758212280361236315],0.163,0.484,11.574,,,
[1758212280367710065],0.165,0.536,11.384,,,
[1758212280374198190],0.019,0.498,11.389,,,
[1758212280380759492],0.194,0.649,11.375,,,
[1758212280387392357],0.271,0.733,11.504,,,
[1758212280393844128],0.271,0.579,11.411,,,
[1758212280400464857],0.359,0.527,11.428,,,
[1758212280406934284],0.371,0.543,11.516,,,
[1758212280413490273],0.517,0.395,11.396,,,
[1758212280420001107],0.57,0.457,11.317,,,
[1758212280426476471],0.812,0.431,11.437,,,
[1758212280433087826],0.795,0.342,11.346,,,
[1758212280439542721],0.828,0.177,11.272,,,
[1758212280446046367],0.974,0.192,11.188,,,
[1758212280452442201],1.106,0.019,11.236,,,
[1758212280459076107],1.211,0.093,11.188,,,
[1758212280465409805],1.257,0.062,11.133,,,
[1758212280472254440],1.413,0.038,11.202,,,
[1758212280478721628],1.41,-0.072,11.368,,,
[1758212280485115951],1.52,-0.043,11.495,,,
[1758212280491785951],1.508,-0.091,11.571,,,
[1758212280498218607],1.437,-0.002,11.492,,,
[1758212280504905430],1.501,-0.007,11.562,,,
[1758212280511592930],1.561,-0.043,11.516,,,
[1758212280518018190],1.437,-0.062,11.459,,,
[1758212280524740065],1.451,-0.089,11.478,,,
[1758212280531107409],1.288,-0.065,11.581,,,
[1758212280537405742],1.171,-0.086,11.394,,,
[1758212280544165742],1.197,-0.093,11.557,,,
[1758212280550666471],0.895,-0.019,11.519,,,
[1758212280556968659],0.62,-0.146,11.281,,,
[1758212280562729857],0.759,0.022,11.449,,,
[1758212280568395065],0.508,0.136,11.406,,,
[1758212280574077513],0.577,0.024,11.478,,,
[1758212280579946211],0.4,0.141,11.471,,,
[1758212280585855273],0.33,0.084,11.444,,,
[1758212280591679023],0.211,0.05,11.449,,,
[1758212280597456159],0.089,0.124,11.322,,,
[1758212280603210898],0.072,0.108,11.612,,,
[1758212280608901628],0.074,0.036,11.447,,,
[1758212280614677461],-0.002,0.041,11.643,,,
[1758212280620405482],0.06,0.16,11.581,,,
[1758212280626047096],0.01,0.098,11.475,,,
[1758212280632256940],-0.093,0.144,11.49,,,
[1758212280637910586],-0.108,0.156,11.636,,,
[1758212280643644336],0.101,0.201,11.37,,,
[1758212280649376732],0.299,0.249,11.396,,,
[1758212280655035065],0.227,0.079,11.401,,,
[1758212280661593659],0.433,0.113,11.49,,,
[1758212280667986523],0.335,0.122,11.32,,,
[1758212280674513919],0.22,0.0,11.155,,,
[1758212280680886732],0.373,0.089,11.466,,,
[1758212280687433919],0.445,0.115,11.473,,,
[1758212280694041055],0.527,0.053,11.435,,,
[1758212280700378503],0.658,0.101,11.372,,,
[1758212280707182357],0.675,0.124,11.516,,,
[1758212280713623294],0.721,0.139,11.461,,,
[1758212280720133815],0.661,0.206,11.351,,,
[1758212280726574075],0.91,0.256,11.36,,,
[1758212280733036784],0.95,0.18,11.54,,,
[1758212280739482409],0.996,0.204,11.538,,,
[1758212280745964232],1.12,0.294,11.36,,,
[1758212280752425898],1.171,0.242,11.284,,,
[1758212280758397773],1.178,0.199,11.193,,,
[1758212280764458450],1.185,0.249,11.37,,,
[1758212280770253450],1.293,0.177,11.253,,,
[1758212280775947982],1.255,0.278,11.308,,,
[1758212280781686784],1.338,0.089,11.337,,,
[1758212280787426888],1.252,0.199,11.226,,,
[1758212280793159700],1.204,0.194,11.413,,,
[1758212280798914961],1.219,0.16,11.277,,,
[1758212280804651836],1.185,0.11,11.243,,,
[1758212280810423555],1.247,0.196,11.449,,,
[1758212280816116575],1.216,0.302,11.406,,,
[1758212280821994492],1.118,0.168,11.305,,,
[1758212280827749909],1.097,0.204,11.325,,,
[1758212280833522148],1.08,0.254,11.286,,,
[1758212280839227877],1.207,0.273,11.277,,,
[1758212280844929232],0.972,0.192,11.27,,,
[1758212280850748607],0.958,0.287,11.332,,,
[1758212280856622617],0.96,0.22,11.349,,,
[1758212280863076055],0.871,0.342,11.334,,,
[1758212280869582357],1.013,0.354,11.485,,,
[1758212280876086211],0.888,0.318,11.456,,,
[1758212280882482461],0.807,0.433,11.25,,,
[1758212280889214284],0.788,0.273,11.255,,,
[1758212280895695013],0.869,0.184,11.212,,,
[1758212280902187617],0.843,0.251,11.322,,,
[1758212280908639648],0.654,0.273,11.284,,,
[1758212280914937409],0.713,0.177,11.329,,,
[1758212280921520586],0.685,0.141,11.293,,,
[1758212280928128502],0.658,0.117,11.38,,,
[1758212280934878450],0.663,0.134,11.241,,,
[1758212280941396940],0.474,0.163,11.296,,,
[1758212280947839857],0.663,0.22,11.229,,,
[1758212280954296315],0.673,0.156,11.36,,,
[1758212280960809492],0.721,0.297,11.317,,,
[1758212280967266784],0.709,0.402,11.226,,,
[1758212280973837877],0.692,0.299,11.181,,,
[1758212280980333138],0.704,0.273,11.236,,,
[1758212280986804805],0.728,0.117,11.179,,,
[1758212280993258659],0.757,0.091,11.293,,,
[1758212280999710325],0.845,0.108,11.396,,,
[1758212281006134857],0.836,0.156,11.375,,,
[1758212281012589179],1.056,0.196,11.279,,,
[1758212281019048919],0.927,0.23,11.202,,,
[1758212281025530482],0.974,0.254,11.475,,,
[1758212281032055377],0.984,0.175,11.284,,,
[1758212281038483450],0.953,0.292,11.313,,,
[1758212281044922565],0.776,0.254,11.128,,,
[1758212281051450377],0.869,0.278,11.329,,,
[1758212281057608607],0.883,0.182,11.229,,,
[1758212281063379284],0.905,0.215,11.2,,,
[1758212281069134596],0.862,0.28,11.054,,,
[1758212281074963190],1.02,0.213,11.384,,,
[1758212281080628607],0.965,0.273,11.394,,,
[1758212281086301211],0.939,0.304,11.337,,,
[1758212281091948450],0.869,0.168,11.358,,,
[1758212281097705690],1.044,0.242,11.226,,,
[1758212281103658294],0.855,0.266,11.258,,,
[1758212281109390429],0.721,0.122,11.303,,,
[1758212281115040013],0.907,0.113,11.164,,,
[1758212281120857357],0.864,0.134,11.143,,,
[1758212281126563138],0.824,0.146,11.286,,,
[1758212281132274961],0.824,0.18,11.31,,,
[1758212281138012929],0.824,0.227,11.315,,,
[1758212281143670690],0.644,0.302,11.305,,,
[1758212281149656523],0.814,0.239,11.128,,,
[1758212281155535690],0.836,0.22,11.26,,,
[1758212281162202513],0.773,0.163,11.327,,,
[1758212281168733190],0.816,0.199,11.468,,,
[1758212281175369284],0.828,0.199,11.255,,,
[1758212281181896159],0.927,0.172,11.291,,,
[1758212281188328294],1.027,0.259,11.444,,,
[1758212281194776471],0.941,0.213,11.49,,,
[1758212281201102044],0.862,0.168,11.147,,,
[1758212281207388659],0.936,0.168,11.394,,,
[1758212281214124648],0.953,0.194,11.047,,,
[1758212281220605273],0.955,0.187,11.255,,,
[1758212281227055586],0.888,0.199,11.334,,,
[1758212281233621367],1.034,0.287,11.291,,,
[1758212281240120690],0.86,0.153,11.368,,,
[1758212281246594231],0.812,0.249,11.291,,,
[1758212281253088294],0.84,0.101,11.461,,,
[1758212281259388502],0.828,0.304,11.255,,,
[1758212281266064284],0.778,0.105,11.392,,,
[1758212281272511836],0.848,0.048,11.425,,,
[1758212281278921836],0.91,0.182,11.399,,,
[1758212281285270013],0.769,0.196,11.246,,,
[1758212281291885638],0.728,0.204,11.214,,,
[1758212281298614648],0.656,0.163,11.274,,,
[1758212281305166002],0.824,0.177,11.296,,,
[1758212281311730481],0.742,0.175,11.212,,,
[1758212281317591367],0.754,0.172,11.392,,,
[1758212281323251940],0.766,0.259,11.322,,,
[1758212281329634909],0.781,0.079,11.248,,,
[1758212281336403606],0.903,0.113,11.219,,,
[1758212281342936575],0.699,0.148,11.2,,,
[1758212281349357981],0.903,0.17,11.248,,,
[1758212281356000742],0.73,0.184,11.31,,,
[1758212281362808034],0.709,0.235,11.49,,,
[1758212281369391367],0.658,0.199,11.459,,,
[1758212281375936523],0.658,0.239,11.377,,,
[1758212281381844544],0.721,0.103,11.332,,,
[1758212281388532409],0.903,0.247,11.317,,,
[1758212281394896992],0.702,0.213,11.279,,,
[1758212281401707721],0.747,0.184,11.27,,,
[1758212281408496054],0.69,0.211,11.286,,,
[1758212281415094075],0.675,0.304,11.365,,,
[1758212281421593190],0.673,0.201,11.248,,,
[1758212281428026627],0.63,0.17,11.066,,,
[1758212281434506575],0.582,0.06,11.198,,,
[1758212281441128658],0.632,0.141,11.205,,,
[1758212281447611419],0.752,0.127,11.198,,,
[1758212281453987356],0.488,0.208,11.229,,,
[1758212281460777929],0.627,0.299,11.31,,,
[1758212281466649856],0.673,0.12,11.143,,,
[1758212281473416419],0.704,0.254,11.226,,,
[1758212281479818867],0.869,0.204,11.339,,,
[1758212281486421575],0.781,0.196,11.198,,,
[1758212281493033398],0.826,0.184,11.26,,,
[1758212281499487981],0.946,0.187,11.205,,,
[1758212281506312513],0.936,0.163,11.179,,,
[1758212281512755013],0.852,0.285,11.42,,,
[1758212281519282513],0.996,0.196,11.439,,,
[1758212281525758919],1.008,0.144,11.241,,,
[1758212281532178711],0.998,0.211,11.238,,,
[1758212281538587981],0.953,0.105,11.258,,,
[1758212281545156992],1.032,0.038,11.301,,,
[1758212281551654231],0.917,0.201,11.413,,,
[1758212281558127669],0.85,0.206,11.169,,,
[1758212281564589700],0.876,0.213,11.157,,,
[1758212281571174596],0.814,0.184,11.19,,,
[1758212281577524336],0.836,0.261,11.255,,,
[1758212281584115169],0.833,0.201,11.483,,,
[1758212281590826627],0.843,0.254,11.246,,,
[1758212281597336002],0.862,0.223,11.43,,,
[1758212281603903815],0.845,0.223,11.133,,,
[1758212281610621419],1.058,0.11,11.296,,,
[1758212281617044283],0.869,0.184,11.224,,,
[1758212281623489283],0.855,0.038,11.009,,,
[1758212281629898711],0.876,0.081,11.337,,,
[1758212281636351731],0.828,0.29,11.248,,,
[1758212281642794231],0.802,0.077,11.274,,,
[1758212281649160586],0.802,0.261,11.21,,,
[1758212281655749283],0.903,0.158,11.423,,,
[1758212281662065533],0.697,0.172,11.382,,,
[1758212281668826158],0.725,0.22,11.327,,,
[1758212281675307200],0.682,0.232,11.188,,,
[1758212281681886158],0.625,0.232,11.305,,,
[1758212281688387044],0.613,0.268,11.248,,,
[1758212281695025273],0.761,0.165,11.349,,,
[1758212281701601054],0.589,0.18,11.183,,,
[1758212281708147356],0.56,0.103,11.325,,,
[1758212281714665221],0.472,0.208,11.241,,,
[1758212281721069283],0.484,0.278,11.19,,,
[1758212281727381106],0.524,0.184,11.325,,,
[1758212281734281367],0.493,0.16,11.102,,,
[1758212281740766575],0.589,0.067,11.243,,,
[1758212281747217148],0.642,0.194,11.337,,,
[1758212281753716731],0.718,0.213,11.281,,,
[1758212281759772200],0.687,0.01,11.248,,,
[1758212281765564648],0.795,0.172,11.095,,,
[1758212281771342981],0.783,0.057,11.279,,,
[1758212281777290481],0.781,0.165,11.176,,,
[1758212281783035794],0.836,0.22,11.147,,,
[1758212281788772460],0.824,0.225,11.337,,,
[1758212281794018242],0.852,0.299,11.26,,,
[1758212281799806419],0.879,0.014,11.226,,,
[1758212281805510013],0.936,0.227,11.396,,,
[1758212281811261679],1.022,0.251,11.224,,,
[1758212281816838606],1.018,0.271,11.188,,,
[1758212281822582565],1.125,0.278,11.36,,,
[1758212281828286419],1.037,0.294,11.475,,,
[1758212281833956367],0.982,0.235,11.315,,,
[1758212281839686315],0.979,0.278,11.327,,,
[1758212281845379127],1.013,0.218,11.1,,,
[1758212281851138085],0.984,0.244,11.076,,,
[1758212281856976888],0.855,0.156,11.301,,,
[1758212281863458815],0.977,0.172,11.04,,,
[1758212281869984804],1.008,0.299,11.274,,,
[1758212281876786054],0.845,0.294,11.152,,,
[1758212281883264023],0.848,0.163,11.2,,,
[1758212281889763502],0.781,0.294,11.32,,,
[1758212281896324283],0.788,0.146,11.102,,,
[1758212281902840325],0.778,0.072,11.337,,,
[1758212281909324231],0.615,0.113,11.217,,,
[1758212281915849387],0.675,0.302,11.26,,,
[1758212281922287721],0.618,0.182,11.267,,,
[1758212281928768554],0.74,0.225,11.186,,,
[1758212281935214752],0.73,0.225,11.353,,,
[1758212281941770846],0.711,0.259,11.274,,,
[1758212281948268971],0.661,0.201,11.241,,,
[1758212281954765169],0.709,0.297,11.451,,,
[1758212281960759023],0.668,0.297,11.224,,,
[1758212281966411835],0.706,0.192,11.198,,,
[1758212281972118606],0.86,0.148,11.413,,,
[1758212281977894283],0.654,0.139,11.315,,,
[1758212281983529648],0.632,0.117,11.174,,,
[1758212281989330117],0.682,0.16,11.186,,,
[1758212281995311731],0.67,0.139,11.27,,,
[1758212282001036679],0.646,0.168,11.262,,,
[1758212282006680117],0.723,0.151,11.248,,,
[1758212282012415169],0.747,0.232,11.327,,,
[1758212282018075325],0.709,0.239,11.181,,,
[1758212282023629283],0.721,0.211,11.198,,,
[1758212282029372044],0.697,0.232,11.255,,,
[1758212282035054283],0.74,0.249,11.27,,,
[1758212282040790742],0.699,0.215,11.349,,,
[1758212282046445533],0.881,0.17,11.238,,,
[1758212282052145950],0.883,0.251,11.291,,,
[1758212282058002096],0.718,0.17,11.219,,,
[1758212282064545065],0.661,0.268,11.363,,,
[1758212282071344804],0.682,0.23,11.236,,,
[1758212282077678971],0.73,0.201,11.258,,,
[1758212282084243919],0.824,0.244,11.198,,,
[1758212282090820846],0.862,0.251,11.447,,,
[1758212282097734908],0.757,0.225,11.272,,,
[1758212282104296523],0.814,0.256,11.389,,,
[1758212282111123710],0.836,0.072,11.315,,,
[1758212282117081731],0.836,0.029,11.289,,,
[1758212282123669804],0.874,0.172,11.277,,,
[1758212282130221835],1.046,0.194,11.289,,,
[1758212282136935742],0.848,0.227,11.188,,,
[1758212282143503658],1.032,0.199,11.358,,,
[1758212282150105273],1.041,0.156,11.368,,,
[1758212282156605325],1.032,0.213,11.356,,,
[1758212282163299856],1.049,0.18,11.38,,,
[1758212282169769804],0.788,0.184,11.186,,,
[1758212282176062252],0.862,0.28,11.212,,,
[1758212282182686002],0.864,0.256,11.267,,,
[1758212282189276419],0.812,0.261,11.219,,,
[1758212282195796054],0.816,0.261,11.167,,,
[1758212282202464752],0.826,0.29,11.229,,,
[1758212282208936835],0.879,0.182,11.451,,,
[1758212282215438242],1.049,0.247,11.121,,,
[1758212282222008398],0.852,0.17,11.279,,,
[1758212282228447460],1.223,0.211,11.222,,,
[1758212282234944596],1.156,0.151,11.475,,,
[1758212282241540325],1.305,0.182,11.413,,,
[1758212282248000637],1.31,0.223,11.444,,,
[1758212282254496939],1.362,0.292,11.382,,,
[1758212282260688710],1.374,0.168,11.502,,,
[1758212282266495481],1.41,0.287,11.461,,,
[1758212282272269544],1.427,0.35,11.363,,,
[1758212282278011523],1.513,0.321,11.305,,,
[1758212282283754492],1.621,0.421,11.219,,,
[1758212282289693814],1.389,0.285,11.317,,,
[1758212282295482200],1.341,0.285,11.19,,,
[1758212282301374231],1.298,0.218,11.301,,,
[1758212282307147408],1.171,0.096,11.224,,,
[1758212282312919752],0.984,0.127,11.107,,,
[1758212282318710950],0.939,0.074,11.035,,,
[1758212282324498710],0.721,0.113,11.272,,,
[1758212282330364231],0.711,0.062,11.143,,,
[1758212282336119960],0.484,0.043,11.059,,,
[1758212282341905429],0.28,0.014,11.121,,,
[1758212282347662408],0.268,0.151,11.047,,,
[1758212282353424596],-0.034,0.01,11.133,,,
[1758212282359213502],-0.041,0.136,11.08,,,
[1758212282365780221],-0.33,0.194,11.068,,,
[1758212282372371627],-0.496,0.251,11.236,,,
[1758212282378678137],-0.757,0.141,11.159,,,
[1758212282385255325],-0.721,0.057,11.169,,,
[1758212282391818085],-0.766,0.034,11.375,,,
[1758212282398580012],-0.68,0.002,11.123,,,
[1758212282405152408],-0.936,-0.022,10.884,,,
[1758212282411732044],-1.039,-0.093,11.27,,,
[1758212282418238814],-0.958,-0.057,11.236,,,
[1758212282425055377],-0.874,-0.041,11.2,,,
[1758212282431671210],-0.769,-0.148,11.281,,,
[1758212282438167096],-0.639,-0.184,11.322,,,
[1758212282444636575],-0.496,-0.146,11.155,,,
[1758212282451162304],-0.354,-0.101,11.274,,,
[1758212282457773346],-0.062,-0.005,11.183,,,
[1758212282464268502],0.034,0.103,11.411,,,
[1758212282470734283],0.12,0.091,11.126,,,
[1758212282477228398],0.445,0.275,11.09,,,
[1758212282483695221],0.431,0.239,11.102,,,
[1758212282490175481],0.69,0.306,11.372,,,
[1758212282496699387],1.027,0.388,11.207,,,
[1758212282503169127],1.338,0.369,11.375,,,
[1758212282509671679],1.561,0.323,11.212,,,
[1758212282516156419],1.827,0.385,11.389,,,
[1758212282522613502],2.035,0.247,11.48,,,
[1758212282529080429],2.148,0.232,11.478,,,
[1758212282535562981],2.418,0.184,11.442,,,
[1758212282542093450],2.574,0.271,11.37,,,
[1758212282548518606],2.67,0.266,11.37,,,
[1758212282554988918],2.761,0.254,11.461,,,
[1758212282561344908],2.801,0.402,11.437,,,
[1758212282567107668],2.887,0.414,11.449,,,
[1758212282572864596],2.662,0.318,11.478,,,
[1758212282578712252],2.607,0.424,11.392,,,
[1758212282584509908],2.476,0.376,11.279,,,
[1758212282590313762],2.428,0.338,11.243,,,
[1758212282596096262],2.203,0.172,11.301,,,
[1758212282601901627],1.923,0.22,11.291,,,
[1758212282607655377],1.733,0.22,11.26,,,
[1758212282613455012],1.41,0.124,11.171,,,
[1758212282619336783],1.173,0.012,11.224,,,
[1758212282625315116],0.974,0.297,11.193,,,
[1758212282631293606],0.613,0.096,11.315,,,
[1758212282637117564],0.754,0.283,11.188,,,
[1758212282642906575],0.474,0.127,11.238,,,
[1758212282648729231],0.261,0.144,11.258,,,
[1758212282654514335],0.163,0.108,11.104,,,
[1758212282660247460],0.117,0.06,11.128,,,
[1758212282666564908],-0.077,0.086,11.243,,,
[1758212282672942564],-0.101,0.113,11.226,,,
[1758212282679469075],-0.309,0.069,11.246,,,
[1758212282686039023],-0.34,0.105,11.092,,,
[1758212282692513189],-0.359,-0.005,11.437,,,
[1758212282699083762],-0.373,0.024,11.238,,,
[1758212282705611314],-0.302,0.043,11.31,,,
[1758212282712127252],-0.292,-0.019,11.176,,,
[1758212282718745533],-0.273,0.067,11.25,,,
[1758212282725329491],-0.187,-0.002,11.219,,,
[1758212282732160116],-0.096,0.048,11.353,,,
[1758212282738590846],0.053,0.045,11.37,,,
[1758212282745050116],0.0,0.077,11.155,,,
[1758212282751595898],0.275,0.139,11.334,,,
[1758212282758037773],0.4,0.007,11.329,,,
[1758212282764505012],0.321,0.177,11.327,,,
[1758212282771033970],0.546,0.225,11.392,,,
[1758212282777518970],0.651,0.105,11.19,,,
[1758212282784066939],0.682,0.014,11.337,,,
[1758212282790710273],0.733,0.141,11.286,,,
[1758212282797125637],0.867,0.084,11.337,,,
[1758212282803631575],0.84,0.113,11.272,,,
[1758212282810142148],0.867,0.242,11.238,,,
[1758212282816903918],0.881,0.211,11.37,,,
[1758212282823371679],0.871,0.261,11.193,,,
[1758212282829848033],0.965,0.287,11.277,,,
[1758212282836368293],1.027,0.273,11.274,,,
[1758212282843169752],0.974,0.213,11.248,,,
[1758212282849596366],0.97,0.259,11.334,,,
[1758212282856129387],1.015,0.208,11.286,,,
[1758212282862385429],0.953,0.067,11.279,,,
[1758212282868154179],0.962,0.091,11.109,,,
[1758212282874091366],1.046,0.122,11.224,,,
[1758212282880037252],0.888,0.105,11.265,,,
[1758212282885861679],0.898,0.16,11.217,,,
[1758212282891659387],0.907,0.302,11.195,,,
[1758212282897439752],1.027,0.043,11.205,,,
[1758212282903194179],0.785,0.148,11.243,,,
[1758212282908984023],0.802,0.206,11.147,,,
[1758212282914745116],0.792,0.18,11.255,,,
[1758212282920568189],0.773,0.177,11.241,,,
[1758212282926634283],0.795,0.163,11.279,,,
[1758212282932394179],0.893,0.151,11.248,,,
[1758212282938125898],0.783,0.105,11.217,,,
[1758212282943878241],0.883,0.091,11.044,,,
[1758212282949690845],0.86,0.144,11.179,,,
[1758212282955439231],0.874,0.101,11.19,,,
[1758212282961582720],0.879,0.136,11.322,,,
[1758212282968062460],0.919,0.036,11.301,,,
[1758212282974581418],0.862,0.201,11.339,,,
[1758212282981063606],0.907,0.268,11.243,,,
[1758212282987929700],0.864,0.139,11.313,,,
[1758212282994506002],0.632,0.196,11.049,,,
[1758212283001116679],0.788,0.199,11.231,,,
[1758212283007583606],0.814,0.263,11.322,,,
[1758212283014089700],0.812,0.065,11.2,,,
[1758212283020586158],0.773,0.141,11.334,,,
[1758212283027052772],0.795,0.151,11.487,,,
[1758212283033660637],0.62,0.077,11.274,,,
[1758212283040242616],0.74,0.201,11.253,,,
[1758212283047412877],0.723,0.22,11.305,,,
[1758212283053765116],0.706,0.17,11.193,,,
[1758212283060429127],0.675,0.194,11.435,,,
[1758212283067140429],0.651,0.132,11.255,,,
[1758212283073295272],0.713,0.175,11.394,,,
[1758212283080160325],0.646,0.189,11.435,,,
[1758212283087093606],0.634,0.074,11.277,,,
[1758212283093771783],0.62,0.134,11.226,,,
[1758212283100327877],0.582,0.153,11.162,,,
[1758212283106893866],0.606,0.211,11.325,,,
[1758212283113612356],0.589,0.16,11.463,,,
[1758212283120315220],0.558,0.105,11.258,,,
[1758212283125957616],0.546,0.124,11.301,,,
[1758212283132671158],0.52,0.122,11.102,,,
[1758212283139267147],0.678,0.105,11.37,,,
[1758212283145716939],0.522,0.141,11.243,,,
[1758212283152183814],0.51,0.038,11.229,,,
[1758212283158719439],0.56,0.11,11.313,,,
[1758212283164789804],0.735,0.024,11.265,,,
[1758212283170478866],0.656,0.084,11.298,,,
[1758212283176209231],0.596,0.007,11.121,,,
[1758212283182002408],0.634,0.132,11.195,,,
[1758212283187738033],0.62,0.156,11.222,,,
[1758212283193519647],0.637,0.213,11.315,,,
[1758212283199255845],0.893,0.187,11.334,,,
[1758212283204873554],0.594,0.189,11.32,,,
[1758212283210865012],0.783,0.196,11.315,,,
[1758212283216686210],0.673,0.124,11.147,,,
[1758212283222623970],0.728,0.168,11.193,,,
[1758212283228304387],0.74,0.285,11.138,,,
[1758212283234111470],0.723,0.038,11.296,,,
[1758212283240078554],0.797,0.304,11.248,,,
[1758212283245846314],0.821,0.146,11.317,,,
[1758212283251610168],0.977,0.139,11.258,,,
[1758212283257313449],0.994,0.055,11.284,,,
[1758212283263079595],0.895,0.208,11.317,,,
[1758212283268775533],0.848,0.199,11.277,,,
[1758212283274439647],0.929,0.211,11.286,,,
[1758212283280286679],0.893,0.146,11.066,,,
[1758212283285905064],1.13,0.18,11.265,,,
[1758212283291782616],0.929,0.11,11.133,,,
[1758212283297464074],0.97,0.22,11.219,,,
[1758212283303234335],0.972,0.163,11.236,,,
[1758212283308954752],1.058,0.069,11.157,,,
[1758212283314572929],1.058,0.273,11.068,,,
[1758212283320413710],0.924,0.251,11.404,,,
[1758212283326001106],0.907,0.029,11.15,,,
[1758212283331523449],0.857,0.223,11.289,,,
[1758212283337183293],0.776,0.158,11.277,,,
[1758212283342937043],0.62,0.292,11.272,,,
[1758212283348578397],0.69,0.132,11.253,,,
[1758212283354228658],0.883,0.175,11.272,,,
[1758212283359955429],0.62,0.084,11.315,,,
[1758212283366110377],0.673,0.0,11.255,,,
[1758212283372484804],0.893,0.096,11.413,,,
[1758212283378940116],0.742,0.163,11.286,,,
[1758212283385678762],0.654,0.204,11.293,,,
[1758212283392316366],0.692,0.192,11.327,,,
[1758212283398786158],0.661,0.187,11.298,,,
[1758212283405295429],0.601,0.247,11.327,,,
[1758212283411862772],0.608,0.156,11.21,,,
[1758212283418329439],0.68,0.014,11.219,,,
[1758212283424986626],0.618,0.089,11.444,,,
[1758212283431558345],0.74,0.146,11.238,,,
[1758212283438043762],0.589,0.103,11.21,,,
[1758212283444672095],0.558,0.122,11.315,,,
[1758212283451007824],0.565,0.184,11.255,,,
[1758212283457307668],0.658,0.084,11.303,,,
[1758212283464083918],0.57,0.096,11.317,,,
[1758212283470454387],0.558,0.084,11.068,,,
[1758212283477120897],0.663,0.026,11.334,,,
[1758212283483581158],0.627,0.12,11.241,,,
[1758212283490085481],0.584,0.089,11.15,,,
[1758212283496626366],0.611,0.045,11.272,,,
[1758212283503099699],0.634,0.019,11.212,,,
[1758212283509610637],0.678,0.141,11.286,,,
[1758212283516092043],0.668,0.11,11.286,,,
[1758212283522582460],0.874,0.11,11.329,,,
[1758212283529035949],0.881,0.098,11.435,,,
[1758212283535512564],0.661,0.158,11.37,,,
[1758212283541964491],0.883,0.086,11.21,,,
[1758212283548743866],0.764,0.177,11.193,,,
[1758212283555226366],0.809,0.273,11.116,,,
[1758212283561790220],0.649,0.196,11.217,,,
[1758212283568244387],0.819,0.153,11.363,,,
[1758212283574689439],0.843,0.158,11.37,,,
[1758212283581048137],0.862,0.029,11.305,,,
[1758212283587365897],1.006,0.218,11.298,,,
[1758212283593930116],0.879,0.194,11.365,,,
[1758212283600482772],0.773,0.215,11.351,,,
[1758212283607252304],0.939,0.194,11.401,,,
[1758212283613694179],1.027,0.242,11.25,,,
[1758212283620155689],0.998,0.132,11.207,,,
[1758212283626635949],0.912,0.081,11.212,,,
[1758212283633062616],0.874,0.156,11.334,,,
[1758212283639184960],0.795,0.115,11.056,,,
[1758212283645855324],0.994,0.211,11.313,,,
[1758212283652288606],0.761,0.124,11.454,,,
[1758212283658805012],0.79,0.215,11.471,,,
[1758212283665171522],0.828,0.215,11.274,,,
[1758212283671083970],0.73,0.244,11.289,,,
[1758212283676850585],0.912,0.218,11.231,,,
[1758212283682644543],0.792,0.192,11.207,,,
[1758212283688405168],0.781,0.208,11.246,,,
[1758212283694188033],0.745,0.17,11.274,,,
[1758212283700086001],0.721,0.117,11.277,,,
[1758212283705730637],0.883,0.086,11.198,,,
[1758212283711481262],0.713,0.089,11.116,,,
[1758212283717130481],0.668,0.172,11.222,,,
[1758212283722978033],0.678,0.184,11.193,,,
[1758212283728684074],0.651,0.273,11.214,,,
[1758212283734315428],0.711,0.089,11.181,,,
[1758212283739923970],0.591,0.024,11.284,,,
[1758212283745757095],0.632,0.043,11.298,,,
[1758212283751459126],0.608,0.132,11.284,,,
[1758212283757155324],0.524,0.074,11.186,,,
[1758212283762833137],0.539,0.134,11.236,,,
[1758212283769226314],0.572,0.199,11.313,,,
[1758212283775892928],0.553,0.124,11.468,,,
[1758212283782406366],0.577,0.194,11.291,,,
[1758212283788870220],0.704,0.199,11.246,,,
[1758212283795355533],0.57,0.086,11.111,,,
[1758212283801908137],0.543,0.098,11.339,,,
[1758212283808410949],0.541,0.012,11.325,,,
[1758212283814928085],0.532,0.182,11.495,,,
[1758212283821478449],0.529,0.005,11.243,,,
[1758212283827950741],0.587,0.136,11.372,,,
[1758212283834439074],0.56,0.263,11.255,,,
[1758212283840862720],0.464,0.117,11.31,,,
[1758212283847720324],0.484,0.139,11.456,,,
[1758212283854096001],0.34,0.12,11.238,,,
[1758212283860771835],0.541,0.074,11.056,,,
[1758212283866954335],0.565,0.182,11.286,,,
[1758212283872738085],0.524,0.194,11.183,,,
[1758212283878486001],0.577,0.163,11.171,,,
[1758212283884289595],0.658,0.29,11.327,,,
[1758212283890080480],0.658,0.148,11.255,,,
[1758212283895842720],0.781,0.172,11.315,,,
[1758212283901647043],0.828,0.215,11.243,,,
[1758212283907602616],1.039,0.201,11.389,,,
[1758212283913257095],0.936,0.146,11.267,,,
[1758212283918993241],0.991,0.12,11.315,,,
[1758212283924723033],1.199,0.23,11.25,,,
[1758212283930502303],1.188,0.141,11.291,,,
[1758212283936429335],1.12,0.177,11.317,,,
[1758212283942071001],1.164,0.069,11.241,,,
[1758212283948172928],1.35,0.168,11.358,,,
[1758212283953942251],1.367,0.28,11.27,,,
[1758212283959705585],1.235,0.28,11.303,,,
[1758212283965774439],1.283,0.237,11.186,,,
[1758212283972275741],1.176,0.189,11.286,,,
[1758212283978783605],1.329,0.364,11.542,,,
[1758212283985230480],1.219,0.201,11.435,,,
[1758212283991748866],1.137,0.187,11.202,,,
[1758212283998211887],1.051,0.259,11.258,,,
[1758212284004712303],1.001,0.122,11.322,,,
[1758212284011203293],0.996,0.002,11.262,,,
[1758212284017623397],0.874,0.045,11.267,,,
[1758212284024105897],0.821,0.18,11.394,,,
[1758212284030601366],0.905,0.302,11.439,,,
[1758212284037057876],0.879,0.151,11.399,,,
[1758212284043523137],0.725,0.242,11.214,,,
[1758212284050129126],0.637,0.187,11.241,,,
[1758212284056598293],0.599,0.165,11.08,,,
[1758212284063069335],0.704,0.17,11.143,,,
[1758212284069622720],0.503,0.055,11.109,,,
[1758212284076125949],0.539,0.086,11.214,,,
[1758212284082585220],0.5,0.048,11.238,,,
[1758212284089033032],0.587,0.007,11.313,,,
[1758212284095349647],0.615,0.096,11.212,,,
[1758212284101933449],0.663,0.0,11.451,,,
[1758212284108722616],0.661,0.079,11.286,,,
[1758212284115192512],0.654,0.115,11.444,,,
[1758212284121752407],0.651,0.057,11.32,,,
[1758212284128156418],0.613,0.103,11.404,,,
[1758212284134899282],0.587,0.182,11.123,,,
[1758212284141446730],0.713,0.014,11.368,,,
[1758212284147945949],0.51,0.036,11.461,,,
[1758212284154525376],0.577,0.168,11.408,,,
[1758212284160921730],0.632,0.172,11.456,,,
[1758212284166903501],0.627,0.302,11.193,,,
[1758212284172645741],0.68,0.12,11.186,,,
[1758212284178399230],0.702,0.127,11.277,,,
[1758212284184031210],0.888,0.002,11.193,,,
[1758212284189947824],0.713,0.117,11.308,,,
[1758212284195705897],0.742,0.024,11.104,,,
[1758212284201470116],0.792,0.093,11.155,,,
[1758212284207303553],0.895,0.139,11.27,,,
[1758212284212997876],0.713,0.136,11.281,,,
[1758212284218531522],0.673,0.093,11.229,,,
[1758212284224250064],0.682,0.232,11.238,,,
[1758212284230114907],0.704,0.218,11.152,,,
[1758212284235819022],0.582,0.146,11.372,,,
[1758212284241446626],0.68,0.053,11.155,,,
[1758212284247156678],0.721,0.036,11.085,,,
[1758212284252874803],0.637,0.129,11.262,,,
[1758212284258450376],0.721,0.019,11.265,,,
[1758212284264290220],0.776,0.091,11.198,,,
[1758212284270761678],0.694,0.16,11.305,,,
[1758212284277254439],0.718,0.139,11.291,,,
[1758212284283676366],0.709,0.136,11.368,,,
[1758212284290132876],0.685,0.105,11.322,,,
[1758212284296578189],0.68,0.165,11.394,,,
[1758212284303228397],0.821,0.036,11.351,,,
[1758212284309649178],0.814,0.077,11.234,,,
[1758212284316512824],0.776,0.254,11.317,,,
[1758212284323197199],0.821,0.249,11.341,,,
[1758212284329801418],0.855,0.172,11.19,,,
[1758212284335441939],0.883,0.124,11.262,,,
[1758212284342044959],0.857,0.108,11.222,,,
[1758212284348359334],0.843,0.029,11.193,,,
[1758212284354885428],0.8,0.129,11.401,,,
[1758212284361336262],0.788,0.038,11.423,,,
[1758212284368326157],0.776,0.206,11.303,,,
[1758212284374951522],0.781,0.168,11.473,,,
[1758212284381575324],0.742,0.263,11.449,,,
[1758212284388048657],0.781,0.101,11.32,,,
[1758212284394549439],0.773,0.007,11.389,,,
[1758212284400931887],0.776,0.175,11.411,,,
[1758212284407419959],0.833,0.089,11.406,,,
[1758212284414223709],0.694,0.17,11.133,,,
[1758212284420698814],0.838,0.266,11.171,,,
[1758212284427170012],0.709,0.163,11.2,,,
[1758212284433640897],0.673,0.0,11.265,,,
[1758212284440178709],0.666,0.156,11.107,,,
[1758212284446658293],0.656,0.204,11.298,,,
[1758212284453169491],0.644,0.189,11.181,,,
[1758212284459625949],0.625,0.259,11.356,,,
[1758212284466141782],0.728,0.235,11.528,,,
[1758212284472564751],0.735,0.096,11.451,,,
[1758212284479345584],0.618,0.136,11.25,,,
[1758212284485850689],0.742,0.139,11.059,,,
[1758212284492339334],0.658,0.05,11.243,,,
[1758212284498764074],0.804,0.072,11.246,,,
[1758212284505212824],0.764,0.124,11.272,,,
[1758212284511720689],0.745,0.151,11.202,,,
[1758212284518276626],0.62,0.093,11.214,,,
[1758212284524757459],0.737,0.23,11.346,,,
[1758212284531174126],0.874,0.215,11.202,,,
[1758212284537776626],0.704,0.244,11.394,,,
[1758212284544239178],0.874,0.28,11.416,,,
[1758212284550725480],0.871,0.223,11.31,,,
[1758212284557165480],0.666,0.201,11.243,,,
[1758212284563642720],0.718,0.103,11.377,,,
[1758212284570196782],0.723,0.11,11.267,,,
[1758212284576716626],0.706,0.057,11.313,,,
[1758212284583256782],0.728,0.127,11.327,,,
[1758212284589701782],0.666,0.127,11.404,,,
[1758212284596195220],0.673,0.029,11.284,,,
[1758212284602685636],0.649,0.065,11.392,,,
[1758212284609190011],0.63,0.146,11.296,,,
[1758212284615696886],0.606,0.249,11.38,,,
[1758212284622223084],0.608,0.23,11.116,,,
[1758212284628800845],0.608,0.22,11.243,,,
[1758212284635143709],0.819,0.182,11.322,,,
[1758212284641984595],0.462,0.065,11.329,,,
[1758212284648466418],0.522,0.084,11.102,,,
[1758212284654990532],0.601,0.084,11.296,,,
[1758212284661545636],0.611,0.129,11.334,,,
[1758212284667831314],0.543,0.024,11.238,,,
[1758212284673699491],0.656,0.232,11.356,,,
[1758212284679503397],0.52,0.029,11.284,,,
[1758212284685256834],0.56,0.17,11.27,,,
[1758212284691101470],0.603,0.086,11.25,,,
[1758212284696848553],0.546,0.026,11.281,,,
[1758212284702652303],0.725,0.093,11.301,,,
[1758212284708395897],0.67,0.113,11.267,,,
[1758212284714140688],0.658,0.146,11.301,,,
[1758212284719916991],0.608,0.201,11.241,,,
[1758212284725744022],0.824,0.163,11.32,,,
[1758212284731381053],0.702,0.211,11.358,,,
[1758212284737077563],0.807,0.215,11.274,,,
[1758212284743070324],0.709,0.187,11.241,,,
[1758212284748739230],0.728,0.182,11.236,,,
[1758212284754384803],0.766,0.101,11.368,,,
[1758212284760276366],0.819,0.127,11.246,,,
[1758212284766067720],0.783,0.002,11.313,,,
[1758212284772436991],0.845,0.206,11.119,,,
[1758212284779175845],0.816,0.148,11.301,,,
[1758212284785721782],0.848,0.206,11.301,,,
[1758212284792232928],0.831,0.299,11.485,,,
[1758212284798664022],0.836,0.273,11.274,,,
[1758212284805130428],0.843,0.192,11.344,,,
[1758212284811536678],0.778,0.287,11.389,,,
[1758212284818149699],0.759,0.168,11.284,,,
[1758212284824490845],0.752,0.175,11.334,,,
[1758212284831209178],0.68,0.208,11.303,,,
[1758212284837968241],0.62,0.192,11.305,,,
[1758212284844510793],0.654,0.117,11.159,,,
[1758212284851076678],0.575,0.208,11.25,,,
[1758212284857600949],0.642,0.026,11.255,,,
[1758212284864132251],0.594,0.002,11.365,,,
[1758212284870725793],0.584,0.261,11.274,,,
[1758212284877108241],0.611,0.115,11.329,,,
[1758212284883682355],0.634,0.151,11.226,,,
[1758212284890199178],0.764,0.101,11.284,,,
[1758212284896792616],0.62,0.215,11.296,,,
[1758212284903434438],0.759,0.108,11.356,,,
[1758212284910173293],0.68,0.012,11.147,,,
[1758212284916748241],0.639,0.175,11.186,,,
[1758212284923225116],0.464,0.115,11.248,,,
[1758212284929665845],0.634,0.187,11.19,,,
[1758212284936088918],0.529,0.117,11.317,,,
[1758212284942819855],0.611,0.091,11.195,,,
[1758212284949338345],0.654,0.062,11.078,,,
[1758212284955817772],0.625,0.091,11.167,,,
[1758212284962304699],0.579,0.029,11.047,,,
[1758212284968796365],0.563,0.057,11.131,,,
[1758212284974439595],0.725,0.002,11.032,,,
[1758212284981747199],0.493,0.089,11.224,,,
[1758212284988495063],0.608,0.081,11.052,,,
[1758212284995397147],0.457,0.014,11.19,,,
[1758212285002293918],0.436,0.055,11.145,,,
[1758212285009088084],0.395,0.189,11.157,,,
[1758212285015926313],0.35,0.163,11.083,,,
[1758212285022684126],0.316,0.28,11.021,,,
[1758212285029243084],0.261,0.426,10.843,,,
[1758212285035841001],0.17,0.766,10.013,,,
[1758212285042222824],0.079,1.092,9.56,,,
[1758212285048903345],0.086,0.512,9.512,,,
[1758212285055392043],0.223,0.321,9.538,,,
[1758212285061823970],0.28,0.263,9.668,,,
[1758212285068309543],0.381,0.35,10.142,,,
[1758212285074178397],0.496,0.292,10.376,,,
[1758212285079900480],0.601,0.35,10.697,,,
[1758212285085668032],0.747,0.208,10.874,,,
[1758212285091219074],0.802,0.297,11.198,,,
[1758212285096893136],0.86,0.316,11.202,,,
[1758212285102599907],0.883,0.445,11.509,,,
[1758212285108292199],1.271,0.347,11.981,,,
[1758212285113950949],1.288,0.263,12.21,,,
[1758212285119641574],1.621,0.026,12.491,,,
[1758212285125165532],1.686,0.117,12.936,,,
[1758212285130759022],1.69,0.079,13.3,,,
[1758212285135754438],1.903,0.218,13.211,,,
[1758212285141638865],1.956,0.124,13.376,,,
[1758212285147313345],2.078,0.117,13.649,,,
[1758212285152977824],2.138,0.002,13.491,,,
[1758212285158627511],2.164,-0.091,13.34,,,
[1758212285164320636],2.002,-0.036,13.324,,,
[1758212285170269282],2.085,0.002,12.986,,,
[1758212285176712980],1.92,0.436,13.115,,,
[1758212285183192355],2.023,0.713,13.786,,,
[1758212285189828970],2.035,0.51,14.583,,,
[1758212285196307563],2.093,0.496,15.203,,,
[1758212285202759074],2.042,0.417,15.517,,,
[1758212285209192615],2.15,0.211,15.768,,,
[1758212285215692407],2.035,0.11,15.577,,,
[1758212285222167615],1.961,-0.12,15.337,,,
[1758212285228608240],1.884,-0.364,15.301,,,
[1758212285235071574],1.705,-0.484,14.562,,,
[1758212285241635688],1.417,-0.63,14.171,,,
[1758212285248165792],1.358,-0.871,13.484,,,
[1758212285254635584],0.96,-1.171,13.111,,,
[1758212285260987876],0.68,-1.523,12.237,,,
[1758212285267524178],0.472,-1.573,11.224,,,
[1758212285274180480],0.022,-1.836,10.712,,,
[1758212285280646834],-0.23,-1.513,10.204,,,
[1758212285287166574],-0.395,-1.463,9.661,,,
[1758212285293655897],-0.819,-1.092,9.445,,,
[1758212285300181417],-0.876,-1.161,8.756,,,
[1758212285306691417],-1.099,-0.752,8.576,,,
[1758212285313161209],-1.525,-0.524,8.899,,,
[1758212285319606938],-0.986,-0.268,7.688,,,
[1758212285326076470],-1.247,-0.256,7.956,,,
[1758212285332558761],-1.231,-0.163,7.128,,,
[1758212285339039907],-1.319,-0.043,7.058,,,
[1758212285345455220],-1.147,0.251,7.391,,,
[1758212285352378657],-1.106,0.304,7.353,,,
[1758212285358793345],-0.979,0.491,7.932,,,
[1758212285365204386],-0.828,0.637,7.894,,,
[1758212285371727094],-0.725,0.8,8.215,,,
[1758212285378326261],-0.512,1.044,8.756,,,
[1758212285385016417],-0.287,1.142,9.06,,,
[1758212285391858813],-0.017,1.176,9.677,,,
[1758212285398313084],0.204,1.267,10.281,,,
[1758212285404774126],0.599,1.104,10.719,,,
[1758212285411153032],0.905,0.974,11.394,,,
[1758212285417452563],1.307,0.654,11.528,,,
[1758212285424238032],1.329,0.611,12.246,,,
[1758212285430810219],1.7,0.496,11.914,,,
[1758212285436701886],1.803,0.512,11.732,,,
[1758212285443245272],1.803,0.637,11.849,,,
[1758212285449749594],1.927,0.771,11.449,,,
[1758212285456211782],1.899,1.01,11.317,,,
[1758212285462956782],1.901,1.101,11.315,,,
[1758212285469120897],2.033,1.08,11.32,,,
[1758212285474902251],1.925,1.166,11.241,,,
[1758212285480531574],1.913,1.03,11.078,,,
[1758212285486223865],1.949,1.032,11.408,,,
[1758212285491955740],1.906,1.056,11.401,,,
[1758212285497728501],1.611,1.003,11.365,,,
[1758212285503379542],1.827,0.103,11.952,,,
[1758212285509115740],1.954,-0.792,11.815,,,
[1758212285514876053],2.006,-1.911,11.293,,,
[1758212285520662876],2.377,-2.547,10.518,,,
[1758212285526352147],2.48,-1.963,10.678,,,
[1758212285531996313],2.423,-1.365,11.542,,,
[1758212285537783865],2.081,-0.807,11.423,,,
[1758212285543447876],1.944,-0.134,11.653,,,
[1758212285549245480],1.63,0.146,11.703,,,
[1758212285555184855],1.262,0.527,11.068,,,
[1758212285560864022],1.374,0.318,10.918,,,
[1758212285565947719],1.271,0.29,11.384,,,
[1758212285572556886],1.298,-0.103,11.169,,,
[1758212285579101001],1.176,-0.038,11.389,,,
[1758212285585829699],0.939,0.148,11.447,,,
[1758212285592493657],0.804,0.534,11.473,,,
[1758212285598961521],0.67,0.417,11.09,,,
[1758212285604812824],0.728,0.278,11.346,,,
[1758212285611142824],0.536,-0.038,11.061,,,
[1758212285617839699],0.527,-0.048,11.277,,,
[1758212285624277042],0.39,0.029,11.351,,,
[1758212285631010063],0.455,0.244,11.236,,,
[1758212285637670584],0.239,0.342,11.337,,,
[1758212285644157824],0.086,0.268,11.023,,,
[1758212285650654334],0.144,0.218,11.085,,,
[1758212285657211574],0.081,-0.057,11.358,,,
[1758212285663689907],0.124,-0.079,11.016,,,
[1758212285669720949],0.034,-0.069,10.889,,,
[1758212285675486730],0.091,0.199,11.152,,,
[1758212285681264855],0.019,0.144,11.229,,,
[1758212285686988553],-0.005,0.077,11.231,,,
[1758212285692732303],0.127,0.098,11.119,,,
[1758212285698444230],0.038,-0.177,11.246,,,
[1758212285704293553],0.175,-0.306,11.195,,,
[1758212285710031157],0.237,-0.278,10.922,,,
[1758212285715794751],0.405,-0.266,11.066,,,
[1758212285721534230],0.278,-0.11,11.356,,,
[1758212285727303605],0.335,-0.091,11.236,,,
[1758212285733054959],0.357,-0.113,11.456,,,
[1758212285738785324],0.515,-0.17,11.392,,,
[1758212285744545896],0.603,-0.409,11.308,,,
[1758212285750309386],0.745,-0.328,11.341,,,
[1758212285756085063],0.685,-0.256,11.128,,,
[1758212285761379646],0.622,-0.153,11.167,,,
[1758212285767255896],0.778,-0.122,11.303,,,
[1758212285773786521],0.833,-0.081,11.255,,,
[1758212285780371365],0.893,-0.096,11.37,,,
[1758212285786994021],1.041,-0.192,11.305,,,
[1758212285793793396],1.104,-0.007,11.198,,,
[1758212285800279907],1.161,0.048,11.526,,,
[1758212285807086938],1.346,0.16,11.236,,,
[1758212285813741626],1.097,0.096,11.274,,,
[1758212285820225011],1.29,0.144,11.317,,,
[1758212285826665584],1.276,0.141,11.351,,,
[1758212285833058032],1.389,-0.005,11.401,,,
[1758212285839589126],1.413,0.124,11.059,,,
[1758212285846212459],1.384,0.096,11.495,,,
[1758212285852663917],1.343,0.043,11.358,,,
[1758212285859455948],1.341,0.041,11.358,,,
[1758212285865988136],1.415,-0.036,11.463,,,
[1758212285872474126],1.437,-0.148,11.25,,,
[1758212285878896990],1.324,-0.005,11.325,,,
[1758212285885389230],1.298,0.055,11.447,,,
[1758212285891984178],1.298,0.024,11.382,,,
[1758212285898511678],1.36,0.036,11.186,,,
[1758212285905034126],1.168,-0.024,11.207,,,
[1758212285911600480],1.149,-0.055,11.088,,,
[1758212285918124542],1.037,-0.105,11.234,,,
[1758212285924590480],0.972,0.096,11.382,,,
[1758212285930938657],0.979,0.115,11.353,,,
[1758212285937290376],0.907,0.151,11.236,,,
[1758212285944065376],0.855,-0.105,11.277,,,
[1758212285950558240],0.895,-0.105,11.301,,,
[1758212285957035115],0.692,-0.007,11.08,,,
[1758212285963423344],0.658,0.045,11.325,,,
[1758212285969946053],0.599,0.019,11.322,,,
[1758212285975760063],0.5,0.0,11.346,,,
[1758212285981402094],0.735,-0.043,11.26,,,
[1758212285987149334],0.369,-0.029,11.138,,,
[1758212285992783292],0.51,-0.12,11.152,,,
[1758212285998745376],0.316,-0.06,11.281,,,
[1758212286004403657],0.481,-0.029,11.095,,,
[1758212286010226626],0.424,-0.007,11.035,,,
[1758212286015960740],0.426,-0.072,11.337,,,
[1758212286021610375],0.529,0.148,11.123,,,
[1758212286027367042],0.321,-0.096,11.183,,,
[1758212286033101417],0.493,-0.105,11.291,,,
[1758212286038708032],0.34,-0.086,11.305,,,
[1758212286044510740],0.503,-0.153,11.315,,,
[1758212286050283969],0.436,0.01,11.313,,,
[1758212286056024230],0.474,-0.034,11.272,,,
[1758212286061798813],0.737,-0.086,11.26,,,
[1758212286067602667],0.622,-0.124,11.059,,,
[1758212286074010896],0.601,-0.06,11.121,,,
[1758212286080782250],0.702,-0.01,11.293,,,
[1758212286087313500],0.697,0.069,11.238,,,
[1758212286093694698],0.773,-0.019,11.277,,,
[1758212286100326365],0.812,0.029,11.155,,,
[1758212286106738657],0.843,0.031,11.363,,,
[1758212286113412615],1.034,0.115,11.449,,,
[1758212286119856730],0.888,0.0,11.384,,,
[1758212286126339750],0.943,0.115,11.27,,,
[1758212286132812198],0.977,0.031,11.236,,,
[1758212286139265896],0.962,0.005,11.511,,,
[1758212286145805271],1.015,0.091,11.451,,,
[1758212286152273865],1.034,0.093,11.428,,,
[1758212286158765323],1.046,0.057,11.43,,,
[1758212286165253657],1.077,0.139,11.078,,,
[1758212286171454959],1.087,0.017,11.375,,,
[1758212286177203240],1.053,0.029,11.253,,,
[1758212286183028605],1.085,0.048,11.131,,,
[1758212286188796990],1.097,0.065,11.25,,,
[1758212286194463292],1.099,0.093,11.19,,,
[1758212286200507615],1.032,-0.124,11.284,,,
[1758212286206270375],1.173,0.065,11.26,,,
[1758212286212027667],1.03,-0.043,11.459,,,
[1758212286217634021],1.044,-0.124,11.214,,,
[1758212286223409907],0.95,0.091,11.459,,,
[1758212286228926417],0.905,0.026,11.265,,,
[1758212286234708657],0.769,-0.084,11.231,,,
[1758212286240427407],0.955,-0.096,11.26,,,
[1758212286246095480],0.915,-0.127,11.207,,,
[1758212286251776730],0.977,-0.096,11.296,,,
[1758212286257420844],0.749,0.034,11.281,,,
[1758212286263101730],0.795,0.017,11.31,,,
[1758212286268231573],0.862,0.022,11.236,,,
[1758212286274888865],0.8,-0.074,11.258,,,
[1758212286281341261],0.807,-0.113,11.37,,,
[1758212286287917459],0.833,-0.151,11.258,,,
[1758212286294344646],0.883,-0.026,11.171,,,
[1758212286300942667],0.776,-0.148,11.291,,,
[1758212286307426573],0.737,0.017,11.293,,,
[1758212286313916625],0.721,-0.048,11.463,,,
[1758212286320406313],0.73,-0.113,11.396,,,
[1758212286326852355],0.697,-0.002,11.279,,,
[1758212286333365948],0.725,-0.084,11.389,,,
[1758212286339788605],0.737,0.045,11.248,,,
[1758212286346300948],0.709,-0.01,11.116,,,
[1758212286352818448],0.867,0.036,11.293,,,
[1758212286359250167],0.819,-0.055,11.164,,,
[1758212286365758865],0.754,-0.069,11.186,,,
[1758212286371915271],0.771,0.034,11.164,,,
[1758212286377601105],0.761,0.048,11.353,,,
[1758212286383373761],0.84,-0.072,11.171,,,
[1758212286389070115],0.869,0.038,11.09,,,
[1758212286394768136],0.895,0.017,11.358,,,
[1758212286400628344],0.673,0.074,11.258,,,
[1758212286406328188],0.819,0.089,11.205,,,
[1758212286411987719],0.905,0.005,11.258,,,
[1758212286417733605],0.85,-0.153,11.255,,,
[1758212286423374594],0.848,0.103,11.286,,,
[1758212286429156417],0.883,-0.036,11.279,,,
[1758212286434907615],1.07,-0.026,11.181,,,
[1758212286440618657],0.881,-0.153,11.293,,,
[1758212286446346677],0.888,0.124,11.36,,,
[1758212286451963292],0.769,0.036,11.334,,,
[1758212286457729282],1.065,-0.141,11.305,,,
[1758212286463470532],1.001,-0.002,11.231,,,
[1758212286469249177],0.95,0.012,11.241,,,
[1758212286475758396],0.924,0.127,11.231,,,
[1758212286482511521],0.905,-0.012,11.384,,,
[1758212286488802719],0.891,0.017,11.119,,,
[1758212286495493188],1.02,0.0,11.258,,,
[1758212286502092719],0.869,-0.031,11.447,,,
[1758212286508535792],1.006,0.077,11.325,,,
[1758212286515011313],0.864,-0.101,11.25,,,
[1758212286521340271],0.812,-0.084,11.076,,,
[1758212286527988084],0.759,0.041,11.19,,,
[1758212286534453240],0.895,-0.031,11.248,,,
[1758212286540975479],0.699,-0.026,11.198,,,
[1758212286547419959],0.702,-0.105,11.236,,,
[1758212286553880167],0.67,-0.01,11.526,,,
[1758212286560359229],0.776,-0.144,11.092,,,
[1758212286566926573],0.618,-0.024,11.293,,,
[1758212286573030115],0.699,0.007,11.329,,,
[1758212286578787875],0.651,0.036,11.193,,,
[1758212286584652875],0.663,-0.005,11.298,,,
[1758212286590369594],0.668,-0.036,11.162,,,
[1758212286596020532],0.646,-0.026,11.068,,,
[1758212286601828136],0.735,-0.12,11.212,,,
[1758212286607597927],0.891,-0.062,11.226,,,
[1758212286613373865],0.615,-0.108,11.066,,,
[1758212286619108552],0.903,-0.148,11.291,,,
[1758212286624758917],0.917,-0.034,11.281,,,
[1758212286630581729],1.01,-0.041,11.322,,,
[1758212286636290219],0.967,-0.034,11.451,,,
[1758212286641925479],0.874,0.062,11.301,,,
[1758212286647862719],0.922,0.014,11.291,,,
[1758212286653627198],0.816,0.048,11.171,,,
[1758212286659379698],0.903,0.156,11.234,,,
[1758212286665062094],0.922,0.105,11.325,,,
[1758212286671250271],0.974,0.086,11.279,,,
[1758212286676931417],1.197,0.026,11.265,,,
[1758212286683552094],1.025,0.06,11.231,,,
[1758212286690430792],1.065,-0.136,11.284,,,
[1758212286696933969],1.001,0.136,11.301,,,
[1758212286703542667],0.943,-0.062,11.291,,,
[1758212286710057771],1.013,-0.034,11.143,,,
[1758212286716546573],1.07,-0.057,11.226,,,
[1758212286723014646],0.91,0.105,11.262,,,
[1758212286729441417],1.001,-0.134,11.195,,,
[1758212286735849334],1.001,0.074,11.176,,,
[1758212286742392511],0.776,-0.079,11.334,,,
[1758212286748710896],0.804,0.084,11.128,,,
[1758212286755219854],0.814,0.055,11.27,,,
[1758212286761710948],0.821,0.05,11.267,,,
[1758212286768254490],0.907,-0.105,11.246,,,
[1758212286774790740],0.862,0.146,11.449,,,
[1758212286781233969],0.91,-0.029,11.224,,,
[1758212286787775063],0.931,0.026,11.344,,,
[1758212286794338344],0.905,0.146,11.219,,,
[1758212286800931781],0.781,0.084,11.377,,,
[1758212286807563448],0.924,0.091,11.317,,,
[1758212286814050896],0.771,0.019,11.109,,,
[1758212286820690063],0.833,-0.096,11.068,,,
[1758212286827439906],0.888,-0.055,11.315,,,
[1758212286833909750],0.85,-0.086,11.226,,,
[1758212286840460323],0.838,-0.072,11.36,,,
[1758212286846909386],0.795,-0.074,11.107,,,
[1758212286853344802],0.675,-0.132,11.466,,,
[1758212286859703240],0.85,-0.057,11.202,,,
[1758212286866240011],0.831,-0.055,11.334,,,
[1758212286872382667],0.783,0.005,11.325,,,
[1758212286878103552],0.821,0.06,11.109,,,
[1758212286883877406],0.634,0.105,11.159,,,
[1758212286889547615],0.725,0.089,11.109,,,
[1758212286895468500],0.709,0.103,11.248,,,
[1758212286901254021],0.783,0.055,11.157,,,
[1758212286907172927],0.622,0.072,11.183,,,
[1758212286912823188],0.773,0.053,11.195,,,
[1758212286918548240],0.852,0.038,11.284,,,
[1758212286924289698],0.833,0.029,11.224,,,
[1758212286930121729],0.831,-0.062,11.286,,,
[1758212286935835479],0.816,-0.086,11.171,,,
[1758212286941625375],0.833,-0.079,11.365,,,
[1758212286946870844],0.895,-0.031,11.325,,,
[1758212286952365323],0.883,0.117,11.159,,,
[1758212286958127927],0.867,0.105,11.083,,,
[1758212286963193708],0.658,0.108,11.059,,,
[1758212286968914698],0.895,0.165,11.064,,,
[1758212286975151886],0.8,0.158,11.095,,,
[1758212286981614958],0.783,0.194,10.997,,,
[1758212286988211000],0.79,0.311,10.769,,,
[1758212286994515115],0.776,0.417,10.944,,,
[1758212287001283656],0.764,0.397,10.803,,,
[1758212287007942458],0.788,0.227,10.8,,,
[1758212287014571990],0.769,0.256,10.779,,,
[1758212287020930115],1.001,0.096,10.942,,,
[1758212287027250583],1.061,0.026,10.896,,,
[1758212287034011208],0.965,-0.139,10.963,,,
[1758212287040497615],1.034,-0.026,11.119,,,
[1758212287046952563],1.041,-0.124,11.04,,,
[1758212287053415427],1.082,-0.184,11.303,,,
[1758212287059853240],1.178,-0.12,11.279,,,
[1758212287066339698],1.159,-0.055,11.404,,,
[1758212287072605531],1.202,-0.026,11.483,,,
[1758212287078277615],1.192,-0.048,11.519,,,
[1758212287084028083],1.367,-0.053,11.353,,,
[1758212287089796781],1.324,-0.06,11.408,,,
[1758212287095635011],1.144,-0.141,11.471,,,
[1758212287101697302],1.13,-0.05,11.315,,,
[1758212287107494281],1.161,-0.06,11.394,,,
[1758212287113289594],1.142,-0.024,11.382,,,
[1758212287119060167],1.018,-0.11,11.473,,,
[1758212287124711260],0.931,-0.007,11.423,,,
[1758212287130646469],0.893,-0.045,11.346,,,
[1758212287136383604],0.948,-0.108,11.265,,,
[1758212287142153292],0.85,0.117,11.296,,,
[1758212287147884594],0.915,-0.11,11.056,,,
[1758212287153626573],0.761,-0.041,11.143,,,
[1758212287159332354],0.917,-0.038,11.224,,,
[1758212287165077458],0.723,0.053,10.894,,,
[1758212287170923865],0.74,-0.019,11.023,,,
[1758212287177332927],0.737,0.007,11.042,,,
[1758212287183744958],0.73,0.022,10.992,,,
[1758212287190161260],0.682,0.129,10.925,,,
[1758212287196888083],0.721,0.113,11.104,,,
[1758212287203415688],0.699,0.041,11.147,,,
[1758212287209863865],0.632,0.204,11.03,,,
[1758212287216357302],0.644,0.172,10.965,,,
[1758212287222826885],0.74,0.148,10.908,,,
[1758212287229287302],0.589,0.134,10.702,,,
[1758212287235763865],0.733,0.215,10.762,,,
[1758212287242238448],0.725,0.146,10.523,,,
[1758212287248712198],0.476,0.074,10.561,,,
[1758212287255197198],0.318,0.007,10.42,,,
[1758212287261745323],0.529,0.057,10.216,,,
[1758212287268208813],0.512,0.273,10.302,,,
[1758212287274406000],0.577,0.148,10.324,,,
[1758212287280270427],0.725,0.244,9.972,,,
[1758212287286017354],0.651,0.273,10.269,,,
[1758212287291786781],0.73,0.077,10.003,,,
[1758212287297671052],0.781,0.151,10.132,,,
[1758212287303553344],0.855,0.072,10.489,,,
[1758212287309340427],0.855,0.129,10.455,,,
[1758212287315072771],0.824,0.232,10.441,,,
[1758212287320797927],0.996,0.215,10.573,,,
[1758212287326667094],0.809,0.232,10.819,,,
[1758212287332478396],0.819,0.211,10.973,,,
[1758212287338310167],0.895,0.424,11.028,,,
[1758212287344039490],0.718,0.369,11.138,,,
[1758212287349841677],0.697,0.429,11.226,,,
[1758212287355637823],0.577,0.529,11.406,,,
[1758212287361377875],0.462,0.536,11.533,,,
[1758212287367202510],0.508,0.575,11.511,,,
[1758212287373168969],0.508,0.702,11.794,,,
[1758212287379647719],0.57,0.5,11.914,,,
[1758212287386027823],0.534,0.572,12.012,,,
[1758212287392734385],0.56,0.548,12.158,,,
[1758212287399260271],0.587,0.539,11.988,,,
[1758212287405816104],0.668,0.539,11.993,,,
[1758212287412258812],0.883,0.29,11.99,,,
[1758212287418759542],0.747,0.421,12.242,,,
[1758212287425262354],0.644,0.158,12.107,,,
[1758212287431847354],0.582,0.132,11.854,,,
[1758212287438279385],0.725,0.007,12.076,,,
[1758212287444766104],0.563,-0.089,12.072,,,
[1758212287451284125],0.759,0.022,12.163,,,
[1758212287457788344],0.637,0.069,12.129,,,
[1758212287464420167],0.572,-0.089,12.151,,,
[1758212287471032094],0.582,-0.151,12.103,,,
[1758212287477519958],0.484,-0.192,12.335,,,
[1758212287484088500],0.697,-0.453,12.143,,,
[1758212287490643865],0.613,-0.271,12.084,,,
[1758212287497166625],0.527,-0.249,11.832,,,
[1758212287503669906],0.589,-0.259,12.002,,,
[1758212287510295531],0.306,-0.443,11.705,,,
[1758212287516796260],0.302,-0.352,11.806,,,
[1758212287523283135],0.448,-0.414,11.691,,,
[1758212287529607250],0.275,-0.383,11.933,,,
[1758212287536230062],0.28,-0.271,11.662,,,
[1758212287542716000],0.225,-0.254,11.526,,,
[1758212287549359385],0.177,-0.239,11.475,,,
[1758212287556030844],0.237,-0.144,11.554,,,
[1758212287562549646],0.244,-0.105,11.399,,,
[1758212287569235792],0.306,-0.148,11.392,,,
[1758212287575462510],0.381,0.113,11.411,,,
[1758212287581345427],0.409,0.194,11.48,,,
[1758212287587093292],0.467,0.22,11.346,,,
[1758212287592903187],0.591,0.321,11.193,,,
[1758212287598638239],0.572,0.292,11.219,,,
[1758212287604460739],0.632,0.311,11.277,,,
[1758212287610210687],0.651,0.388,11.186,,,
[1758212287615997614],0.742,0.309,11.291,,,
[1758212287621741156],0.826,0.306,11.258,,,
[1758212287627515531],1.053,0.22,11.25,,,
[1758212287633239958],0.984,0.273,11.346,,,
[1758212287638967406],0.903,0.218,11.339,,,
[1758212287644633031],1.018,0.158,11.293,,,
[1758212287650676208],1.07,0.163,11.404,,,
[1758212287656508969],0.934,0.256,11.224,,,
[1758212287662272667],1.128,0.204,11.291,,,
[1758212287667999542],1.104,0.215,11.286,,,
[1758212287673873917],1.319,0.244,11.317,,,
[1758212287680512562],0.986,0.182,11.267,,,
[1758212287686942771],1.164,0.163,11.463,,,
[1758212287693402562],0.919,0.163,11.377,,,
[1758212287699859646],1.12,0.196,11.483,,,
[1758212287706328708],1.041,0.153,11.138,,,
[1758212287712928083],0.934,0.189,11.289,,,
[1758212287719373031],1.03,0.208,11.145,,,
[1758212287725845427],0.864,0.146,11.303,,,
[1758212287732268917],0.785,0.062,11.202,,,
[1758212287738727354],0.783,0.074,11.475,,,
[1758212287745130948],0.694,0.242,11.301,,,
[1758212287751149073],0.685,0.141,11.296,,,
[1758212287757922510],0.649,0.014,11.377,,,
[1758212287764440948],0.587,0.014,11.428,,,
[1758212287771070583],0.613,0.146,11.473,,,
[1758212287776982771],0.548,0.079,11.284,,,
[1758212287783042406],0.443,0.045,11.111,,,
[1758212287788695427],0.45,-0.01,11.107,,,
[1758212287794764489],0.393,-0.007,11.224,,,
[1758212287800501781],0.381,0.079,11.214,,,
[1758212287806273500],0.35,0.122,11.097,,,
[1758212287812107823],0.314,0.117,11.19,,,
[1758212287817932250],0.373,0.113,11.152,,,
[1758212287822966364],0.496,0.129,11.071,,,
[1758212287828955791],0.469,0.17,11.291,,,
[1758212287834680583],0.333,0.187,11.272,,,
[1758212287840525739],0.517,0.045,11.056,,,
[1758212287846402250],0.718,0.005,11.246,,,
[1758212287852289437],0.639,0.146,11.332,,,
[1758212287858250323],0.658,0.06,11.205,,,
[1758212287864168552],0.622,0.144,11.085,,,
[1758212287869896573],0.699,0.105,11.243,,,
[1758212287875418708],0.656,0.124,11.258,,,
[1758212287881724281],0.814,0.153,11.356,,,
[1758212287888747146],0.766,0.194,11.456,,,
[1758212287895513552],0.804,0.225,11.298,,,
[1758212287902316677],0.618,0.302,11.322,,,
[1758212287909097979],0.711,0.153,11.284,,,
[1758212287914859125],0.795,0.22,11.224,,,
[1758212287921544125],0.778,0.23,11.341,,,
[1758212287928133708],0.747,0.024,11.325,,,
[1758212287934934541],0.737,0.158,11.205,,,
[1758212287941522510],0.867,0.101,11.399,,,
[1758212287947976573],0.69,0.093,11.461,,,
[1758212287954399698],0.694,0.108,11.248,,,
[1758212287960756833],0.709,0.115,11.277,,,
[1758212287967180375],0.709,0.11,11.392,,,
[1758212287973860219],0.661,0.122,11.363,,,
[1758212287980595687],0.625,0.124,11.305,,,
[1758212287987043187],0.464,0.18,11.38,,,
[1758212287993525739],0.567,0.213,11.313,,,
[1758212288000037406],0.572,0.204,11.231,,,
[1758212288006504489],0.474,0.273,11.246,,,
[1758212288012969229],0.735,0.153,11.198,,,
[1758212288019560843],0.608,0.237,11.325,,,
[1758212288026030166],0.596,0.01,11.38,,,
[1758212288032494698],0.615,0.055,11.308,,,
[1758212288038863396],0.764,0.101,11.267,,,
[1758212288045156989],0.634,0.098,11.253,,,
[1758212288051960218],0.651,0.105,11.339,,,
[1758212288058450843],0.697,0.124,11.27,,,
[1758212288064930948],0.821,0.299,11.243,,,
[1758212288071501208],0.728,0.17,11.296,,,
[1758212288077599750],0.792,0.124,11.471,,,
[1758212288083414802],0.781,0.136,11.174,,,
[1758212288089154021],0.699,0.139,11.27,,,
[1758212288094963343],0.864,0.014,11.327,,,
[1758212288100710479],0.74,0.113,11.277,,,
[1758212288106360635],0.678,0.163,11.258,,,
[1758212288112136000],0.675,0.275,11.243,,,
[1758212288117827354],0.704,0.11,11.327,,,
[1758212288123472354],0.699,0.117,11.229,,,
[1758212288129208916],0.646,0.297,11.243,,,
[1758212288134911260],0.694,0.0,11.238,,,
[1758212288139948291],0.67,0.053,11.308,,,
[1758212288145927041],0.687,0.144,11.176,,,
[1758212288151669385],0.678,0.132,11.229,,,
[1758212288157441208],0.46,0.151,11.217,,,
[1758212288163185531],0.472,0.036,11.284,,,
[1758212288168939177],0.685,0.117,11.152,,,
[1758212288174989802],0.704,0.084,11.274,,,
[1758212288181333916],0.579,0.124,11.214,,,
[1758212288187651000],0.543,0.067,11.234,,,
[1758212288194191937],0.484,0.153,11.2,,,
[1758212288200888187],0.515,0.12,11.291,,,
[1758212288207369073],0.496,0.029,11.234,,,
[1758212288213832406],0.472,0.089,11.351,,,
[1758212288220317510],0.491,0.12,11.49,,,
[1758212288226928031],0.464,0.074,11.298,,,
[1758212288233388291],0.462,0.072,11.349,,,
[1758212288239684073],0.467,0.014,11.32,,,
[1758212288246310739],0.345,0.079,11.334,,,
[1758212288252767927],0.433,0.041,11.064,,,
[1758212288259098968],0.472,0.12,11.133,,,
[1758212288265852458],0.467,0.122,11.135,,,
[1758212288272316156],0.508,0.089,11.164,,,
[1758212288278793343],0.608,0.036,11.195,,,
[1758212288285250323],0.764,0.108,11.26,,,
[1758212288291779385],0.649,0.096,11.262,,,
[1758212288298223135],0.699,0.053,11.375,,,
[1758212288304489489],0.895,0.16,11.248,,,
[1758212288311073708],0.646,0.007,11.097,,,
[1758212288317529854],0.706,0.072,11.377,,,
[1758212288324164698],0.783,0.077,11.092,,,
[1758212288330885270],0.704,0.237,11.487,,,
[1758212288337342614],0.697,0.105,11.207,,,
[1758212288343817354],0.742,0.117,11.195,,,
[1758212288350362823],0.764,0.086,11.188,,,
[1758212288356830218],0.745,0.153,11.38,,,
[1758212288363308968],0.778,0.113,11.396,,,
[1758212288369620843],0.912,0.048,11.284,,,
[1758212288376101052],0.788,0.062,11.109,,,
[1758212288382564125],0.718,0.067,11.293,,,
[1758212288388881677],0.733,0.129,11.222,,,
[1758212288395705739],0.661,0.026,11.277,,,
[1758212288402173968],0.881,0.187,11.42,,,
[1758212288408453864],0.742,0.158,11.212,,,
[1758212288414878395],0.713,0.278,11.406,,,
[1758212288421348343],0.709,0.072,11.114,,,
[1758212288428107666],0.704,0.105,11.27,,,
[1758212288434503812],0.697,0.057,11.123,,,
[1758212288441132510],0.694,0.038,11.439,,,
[1758212288447545375],0.733,0.067,11.217,,,
[1758212288454324645],0.654,0.06,11.253,,,
[1758212288460784072],0.68,0.139,11.234,,,
[1758212288467218916],0.613,0.045,11.32,,,
[1758212288473683552],0.663,0.113,11.325,,,
[1758212288479719072],0.618,0.101,11.231,,,
[1758212288485477041],0.611,0.093,11.325,,,
[1758212288491298291],0.651,0.098,11.337,,,
[1758212288497081572],0.63,0.127,11.21,,,
[1758212288502734750],0.567,0.048,11.262,,,
[1758212288508409541],0.536,0.117,11.21,,,
[1758212288514128968],0.587,0.146,11.265,,,
[1758212288519824593],0.57,0.062,11.42,,,
[1758212288525355062],0.512,0.105,11.308,,,
[1758212288531116364],0.52,0.117,11.076,,,
[1758212288536594125],0.555,0.093,11.224,,,
[1758212288542268604],0.575,0.141,11.291,,,
[1758212288547917302],0.577,0.086,11.243,,,
[1758212288553426364],0.433,0.12,11.272,,,
[1758212288559098343],0.575,0.062,11.205,,,
[1758212288564621572],0.745,0.172,11.253,,,
[1758212288570147041],0.663,0.105,11.265,,,
[1758212288575951260],0.718,0.134,11.236,,,
[1758212288582400114],0.651,0.136,11.222,,,
[1758212288589031677],0.766,0.103,11.365,,,
[1758212288595421520],0.632,0.053,11.229,,,
[1758212288602190479],0.606,0.132,11.219,,,
[1758212288608589281],0.627,0.069,11.315,,,
[1758212288615129593],0.539,0.18,11.442,,,
[1758212288621651937],0.678,0.113,11.056,,,
[1758212288628386833],0.69,0.117,11.205,,,
[1758212288634888604],0.709,0.098,11.325,,,
[1758212288641347666],0.711,0.146,11.198,,,
[1758212288647684124],0.759,0.211,11.076,,,
[1758212288654354749],0.716,0.168,11.212,,,
[1758212288660722979],0.742,0.069,11.392,,,
[1758212288667518656],0.706,0.062,11.255,,,
[1758212288674019229],0.73,0.089,11.08,,,
[1758212288680138083],0.711,0.084,11.401,,,
[1758212288685948343],0.91,0.103,11.217,,,
[1758212288691733760],0.752,0.242,11.258,,,
[1758212288697505687],0.785,0.187,11.219,,,
[1758212288703179385],0.697,0.192,11.25,,,
[1758212288708945583],0.802,0.005,11.2,,,
[1758212288714584072],0.895,0.151,11.145,,,
[1758212288720512770],0.757,0.136,11.253,,,
[1758212288726269645],0.807,0.074,11.169,,,
[1758212288732030166],0.769,0.034,11.27,,,
[1758212288737813812],0.728,0.103,11.279,,,
[1758212288743808968],0.761,0.048,11.296,,,
[1758212288749536885],0.713,0.11,11.341,,,
[1758212288755477458],0.675,0.041,11.236,,,
[1758212288761176624],0.649,0.225,11.303,,,
[1758212288767099333],0.486,0.182,11.32,,,
[1758212288772885427],0.644,0.134,11.313,,,
[1758212288779066677],0.575,0.074,11.265,,,
[1758212288785027302],0.584,0.017,11.186,,,
[1758212288791501989],0.563,0.065,11.066,,,
[1758212288798292874],0.548,0.031,11.2,,,
[1758212288804791677],0.517,0.115,11.27,,,
[1758212288811161364],0.527,0.031,11.317,,,
[1758212288817651156],0.373,0.022,11.26,,,
[1758212288824266677],0.682,0.158,11.207,,,
[1758212288830870531],0.522,0.144,11.248,,,
[1758212288837714072],0.532,0.034,11.291,,,
[1758212288844318656],0.548,0.079,11.332,,,
[1758212288850818552],0.627,0.115,11.277,,,
[1758212288857261364],0.579,0.132,11.365,,,
[1758212288863703604],0.534,0.153,11.325,,,
[1758212288870250531],0.749,0.127,11.279,,,
[1758212288876683864],0.634,0.122,11.195,,,
[1758212288883156885],0.658,0.139,11.255,,,
[1758212288889600999],0.639,0.036,11.315,,,
[1758212288896032458],0.577,0.148,11.126,,,
[1758212288902495531],0.646,0.105,11.305,,,
[1758212288908947718],0.737,0.299,11.396,,,
[1758212288915423864],0.69,0.103,11.32,,,
[1758212288921931208],0.725,0.141,11.21,,,
[1758212288928362822],0.795,0.081,11.226,,,
[1758212288934809072],0.73,0.117,11.25,,,
[1758212288941152510],0.809,0.057,11.303,,,
[1758212288947639124],0.769,0.093,11.27,,,
[1758212288954251572],0.757,0.086,11.43,,,
[1758212288960944541],0.721,0.055,11.425,,,
[1758212288967376833],0.728,0.031,11.394,,,
[1758212288973747718],0.702,0.002,11.349,,,
[1758212288980247718],0.749,0.172,11.313,,,
[1758212288986707718],0.713,0.062,11.322,,,
[1758212288993104385],0.709,0.129,11.444,,,
[1758212288999718656],0.733,0.12,11.332,,,
[1758212289006146833],0.903,0.081,11.147,,,
[1758212289012642145],0.644,0.105,11.207,,,
[1758212289019082822],0.74,0.024,11.38,,,
[1758212289025529749],0.654,0.048,11.281,,,
[1758212289032028031],0.702,0.014,11.274,,,
[1758212289038467510],0.685,0.16,11.413,,,
[1758212289044893395],0.687,0.01,11.389,,,
[1758212289051344333],0.678,0.127,11.37,,,
[1758212289058015479],0.663,0.129,11.293,,,
[1758212289064339020],0.709,0.12,11.365,,,
[1758212289070810947],0.747,0.007,11.258,,,
[1758212289077617301],0.646,0.0,11.236,,,
[1758212289084059385],0.685,0.136,11.255,,,
[1758212289090977562],0.656,0.117,11.293,,,
[1758212289097308968],0.737,0.141,11.289,,,
[1758212289104064958],0.539,0.077,11.236,,,
[1758212289110569853],0.383,0.079,11.293,,,
[1758212289117028083],0.57,0.072,11.193,,,
[1758212289123487614],0.326,0.062,11.25,,,
[1758212289130072770],0.491,0.034,11.226,,,
[1758212289136523083],0.591,0.01,11.334,,,
[1758212289142992874],0.453,0.055,11.193,,,
[1758212289149417666],0.371,0.034,11.202,,,
[1758212289155907926],0.5,0.041,11.229,,,
[1758212289162483603],0.515,0.081,11.114,,,
[1758212289169177614],0.541,0.041,11.413,,,
[1758212289175655010],0.713,0.072,11.26,,,
[1758212289181834906],0.577,0.053,11.291,,,
[1758212289187487458],0.639,0.146,11.207,,,
[1758212289193247041],0.599,0.062,11.337,,,
[1758212289198942406],0.63,0.115,11.188,,,
[1758212289204611728],0.658,0.129,11.226,,,
[1758212289210472093],0.694,0.151,11.301,,,
[1758212289216229333],0.721,0.089,11.315,,,
[1758212289221871885],0.627,0.093,11.246,,,
[1758212289227729749],0.773,0.002,11.267,,,
[1758212289233482926],0.745,0.019,11.394,,,
[1758212289239213864],0.769,0.084,11.305,,,
[1758212289244956520],0.9,0.034,11.351,,,
[1758212289250762874],0.745,0.11,11.291,,,
[1758212289256582926],0.903,0.096,11.291,,,
[1758212289262335895],0.687,0.151,11.171,,,
[1758212289268170374],0.754,0.134,11.162,,,
[1758212289273969697],0.754,0.031,11.186,,,
[1758212289279088551],0.816,0.132,11.305,,,
[1758212289285731676],0.718,0.134,11.473,,,
[1758212289292434593],0.752,0.124,11.394,,,
[1758212289298980739],0.713,0.014,11.26,,,
[1758212289305324853],0.754,0.012,11.277,,,
[1758212289312102093],0.742,0.115,11.473,,,
[1758212289318512562],0.903,0.11,11.267,,,
[1758212289324939072],0.752,0.029,11.186,,,
[1758212289331265583],0.694,0.038,11.195,,,
[1758212289337614385],0.692,0.01,11.243,,,
[1758212289344240322],0.687,0.134,11.272,,,
[1758212289350788499],0.627,0.079,11.248,,,
[1758212289357422562],0.685,0.01,11.265,,,
[1758212289364004437],0.67,0.168,11.248,,,
[1758212289370840999],0.754,0.134,11.356,,,
[1758212289377331260],0.63,0.136,11.231,,,
[1758212289383865010],0.666,0.041,11.315,,,
[1758212289390592770],0.673,0.014,11.317,,,
[1758212289397057353],0.479,0.029,11.313,,,
[1758212289403540478],0.618,0.065,11.169,,,
[1758212289410071260],0.634,0.022,11.226,,,
[1758212289416572458],0.615,0.081,11.217,,,
[1758212289423052353],0.601,0.019,11.174,,,
[1758212289429451468],0.541,0.113,11.485,,,
[1758212289435943291],0.587,0.12,11.143,,,
[1758212289442425166],0.606,-0.019,11.363,,,
[1758212289448804958],0.637,0.055,11.289,,,
[1758212289455136364],0.565,0.053,11.463,,,
[1758212289462072510],0.587,0.045,11.313,,,
[1758212289468738603],0.57,0.115,11.334,,,
[1758212289475305791],0.73,0.024,11.301,,,
[1758212289481616103],0.615,0.012,11.32,,,
[1758212289487509958],0.67,0.093,11.301,,,
[1758212289493308395],0.682,0.148,11.212,,,
[1758212289498921155],0.663,0.129,11.186,,,
[1758212289504801833],0.666,0.065,11.078,,,
[1758212289510765687],0.649,0.129,11.27,,,
[1758212289516532666],0.608,0.184,11.128,,,
[1758212289522284489],0.642,0.089,11.296,,,
[1758212289528091780],0.845,0.148,11.243,,,
[1758212289533892978],0.632,0.029,11.332,,,
[1758212289539669228],0.699,0.144,11.217,,,
[1758212289545439853],0.903,0.129,11.272,,,
[1758212289551229645],0.69,0.062,11.26,,,
[1758212289556908030],0.778,0.031,11.339,,,
[1758212289562546676],0.848,0.031,11.179,,,
[1758212289568269957],0.752,0.144,11.104,,,
[1758212289573778916],0.625,0.122,11.368,,,
[1758212289579635062],0.685,0.002,11.277,,,
[1758212289586077041],0.675,0.079,11.236,,,
[1758212289592731989],0.675,0.115,11.286,,,
[1758212289599155010],0.84,0.129,11.174,,,
[1758212289605669697],0.685,0.019,11.308,,,
[1758212289612128603],0.637,0.117,11.346,,,
[1758212289618552614],0.591,-0.012,11.31,,,
[1758212289625013916],0.608,0.062,11.284,,,
[1758212289631479437],0.625,0.129,11.126,,,
[1758212289637970635],0.733,0.146,11.262,,,
[1758212289644434280],0.472,0.124,11.219,,,
[1758212289651005010],0.488,0.074,11.109,,,
[1758212289657433030],0.627,0.079,11.286,,,
[1758212289663818707],0.606,0.089,11.236,,,
[1758212289670260374],0.668,0.11,11.255,,,
[1758212289677015374],0.57,0.122,11.202,,,
[1758212289683460114],0.646,0.067,11.21,,,
[1758212289689893603],0.649,0.134,11.428,,,
[1758212289696384593],0.467,0.055,11.42,,,
[1758212289702825062],0.596,0.077,11.485,,,
[1758212289709340426],0.563,0.005,11.329,,,
[1758212289715788812],0.393,0.093,11.315,,,
[1758212289722230218],0.584,0.072,11.42,,,
[1758212289728676520],0.498,0.062,11.471,,,
[1758212289735164905],0.713,0.079,11.255,,,
[1758212289741688291],0.618,0.043,11.267,,,
[1758212289748151624],0.634,0.141,11.241,,,
[1758212289754579697],0.467,0.034,11.195,,,
[1758212289760917405],0.417,0.108,11.174,,,
[1758212289767516728],0.63,0.029,11.267,,,
[1758212289773975270],0.634,0.103,11.337,,,
[1758212289780458343],0.584,0.081,11.444,,,
[1758212289787161676],0.611,0.098,11.243,,,
[1758212289793600739],0.596,0.139,11.186,,,
[1758212289800068812],0.675,0.086,11.353,,,
[1758212289806513187],0.687,0.086,11.2,,,
[1758212289812995374],0.752,0.067,11.377,,,
[1758212289819506312],0.713,0.144,11.214,,,
[1758212289825950426],0.836,0.146,11.217,,,
[1758212289832437926],0.864,0.067,11.2,,,
[1758212289838902562],0.697,0.067,11.43,,,
[1758212289845358239],0.687,0.096,11.392,,,
[1758212289851900374],0.625,0.129,11.236,,,
[1758212289858333551],0.678,0.124,11.293,,,
[1758212289864788603],0.745,0.129,11.325,,,
[1758212289871387509],0.627,0.093,11.258,,,
[1758212289877817145],0.706,0.113,11.31,,,
[1758212289883723447],0.637,0.007,11.274,,,
[1758212289889526312],0.754,0.103,11.265,,,
[1758212289895189124],0.493,0.103,11.305,,,
[1758212289900997822],0.625,0.254,11.334,,,
[1758212289906769437],0.661,0.053,11.298,,,
[1758212289912432614],0.678,0.136,11.291,,,
[1758212289918172614],0.56,0.105,11.068,,,
[1758212289923880687],0.567,0.074,11.159,,,
[1758212289929720166],0.52,0.012,11.327,,,
[1758212289935344072],0.553,0.065,11.128,,,
[1758212289941167197],0.529,0.124,11.293,,,
[1758212289946930166],0.637,0.041,11.181,,,
[1758212289952684749],0.627,0.074,11.164,,,
[1758212289958375530],0.486,0.11,11.066,,,
[1758212289963984853],0.603,0.072,11.198,,,
[1758212289969594280],0.567,0.086,11.2,,,
[1758212289974831624],0.615,0.124,11.179,,,
[1758212289980688811],0.601,0.036,11.281,,,
[1758212289986633082],0.611,0.144,11.317,,,
[1758212289993242353],0.69,0.139,11.272,,,
[1758212290000053499],0.618,0.175,11.449,,,
[1758212290006531468],0.718,0.029,11.36,,,
[1758212290013009176],0.663,0.048,11.351,,,
[1758212290019443239],0.661,0.144,11.188,,,
[1758212290025851624],0.651,0.124,11.267,,,
[1758212290032563134],0.709,0.158,11.411,,,
[1758212290039013134],0.69,0.081,11.25,,,
[1758212290045461520],0.709,0.113,11.365,,,
[1758212290052037249],0.8,0.12,11.231,,,
[1758212290058506155],0.658,0.086,11.188,,,
[1758212290065033239],0.812,0.043,11.171,,,
[1758212290071538551],0.649,0.151,11.147,,,
[1758212290078147561],0.503,0.144,11.258,,,
[1758212290084313343],0.673,0.136,11.246,,,
[1758212290090155322],0.764,0.069,11.253,,,
[1758212290095934541],0.527,0.101,11.195,,,
[1758212290101704228],0.702,0.12,11.19,,,
[1758212290107555322],0.67,0.029,11.219,,,
[1758212290113368707],0.709,0.122,11.224,,,
[1758212290119004541],0.654,0.117,11.265,,,
[1758212290124961832],0.639,0.022,11.248,,,
[1758212290130614384],0.678,0.124,11.346,,,
[1758212290136332509],0.615,0.158,11.258,,,
[1758212290142068968],0.67,0.134,11.169,,,
[1758212290147828864],0.699,0.129,11.396,,,
[1758212290153479593],0.658,0.081,11.272,,,
[1758212290159196311],0.67,0.01,11.253,,,
[1758212290165158186],0.639,0.124,11.329,,,
[1758212290171042353],0.63,0.05,11.044,,,
[1758212290177028134],0.68,0.113,11.265,,,
[1758212290183079905],0.654,0.045,11.183,,,
[1758212290188755426],0.515,0.01,11.179,,,
[1758212290195287197],0.668,0.074,11.428,,,
[1758212290201528082],0.603,0.012,11.31,,,
[1758212290207983707],0.654,0.043,11.162,,,
[1758212290214556572],0.678,0.005,11.246,,,
[1758212290221097509],0.469,0.105,11.337,,,
[1758212290227644853],0.555,0.002,11.337,,,
[1758212290234230061],0.752,0.072,11.229,,,
[1758212290240582666],0.62,0.144,11.281,,,
[1758212290246778863],0.651,0.101,11.032,,,
[1758212290253563603],0.555,0.053,11.205,,,
[1758212290260247405],0.563,0.053,11.219,,,
[1758212290266723447],0.606,0.108,11.322,,,
[1758212290273206416],0.567,0.017,11.19,,,
[1758212290279750478],0.622,0.134,11.466,,,
[1758212290286221155],0.472,0.026,11.428,,,
[1758212290292645426],0.651,0.127,11.368,,,
[1758212290299172613],0.682,0.067,11.396,,,
[1758212290305776520],0.67,0.156,11.279,,,
[1758212290312079905],0.651,0.11,11.327,,,
[1758212290318823499],0.682,0.16,11.176,,,
[1758212290325294541],0.687,0.151,11.303,,,
[1758212290331848603],0.661,0.158,11.471,,,
[1758212290338323238],0.639,0.077,11.167,,,
[1758212290344802978],0.692,0.081,11.356,,,
[1758212290351328447],0.613,0.014,11.229,,,
[1758212290357751624],0.62,0.077,11.377,,,
[1758212290364216311],0.62,0.062,11.404,,,
[1758212290370702509],0.749,0.017,11.277,,,
[1758212290377134124],0.584,0.199,11.27,,,
[1758212290383718916],0.73,0.139,11.31,,,
[1758212290390461832],0.553,0.053,11.432,,,
[1758212290396940634],0.572,0.096,11.267,,,
[1758212290403447405],0.548,0.134,11.202,,,
[1758212290409860947],0.56,0.151,11.255,,,
[1758212290416336311],0.512,0.036,11.478,,,
[1758212290422811103],0.558,0.113,11.289,,,
[1758212290429270218],0.654,0.151,11.25,,,
[1758212290435719749],0.541,0.117,11.334,,,
[1758212290442189593],0.718,0.127,11.258,,,
[1758212290448783447],0.555,0.038,11.406,,,
[1758212290455326155],0.591,0.163,11.435,,,
[1758212290461758968],0.658,0.177,11.48,,,
[1758212290468333395],0.661,0.151,11.483,,,
[1758212290475107665],0.862,0.242,11.636,,,
[1758212290481540999],0.728,0.206,11.727,,,
[1758212290487655634],0.809,0.208,11.502,,,
[1758212290493368134],0.891,0.199,11.65,,,
[1758212290499130843],0.79,0.249,11.576,,,
[1758212290504815113],1.053,0.412,11.705,,,
[1758212290510464853],0.989,0.362,11.624,,,
[1758212290516155582],0.965,0.512,11.593,,,
[1758212290521205843],0.658,0.323,11.65,,,
[1758212290526982405],0.974,0.515,11.964,,,
[1758212290532695165],1.037,0.766,12.799,,,
[1758212290538362353],1.137,0.077,14.236,,,
[1758212290544065530],1.302,-0.352,14.581,,,
[1758212290549697457],1.3,-0.17,14.925,,,
[1758212290555459957],1.386,-0.158,14.844,,,
[1758212290561404072],1.267,-0.002,14.923,,,
[1758212290567162301],1.264,-0.405,14.736,,,
[1758212290572915165],1.089,-0.481,14.353,,,
[1758212290578668238],1.101,-0.685,14.26,,,
[1758212290584449540],0.773,-0.838,14.023,,,
[1758212290590339905],0.819,-1.03,13.355,,,
[1758212290596110895],0.67,-1.154,13.285,,,
[1758212290601859488],0.589,-1.137,13.032,,,
[1758212290607608707],0.546,-1.369,12.622,,,
[1758212290613392457],0.445,-1.475,12.22,,,
[1758212290619130947],0.108,-1.379,11.677,,,
[1758212290624909853],0.089,-1.391,11.396,,,
[1758212290630756624],-0.055,-1.314,10.652,,,
[1758212290636571415],-0.16,-1.113,10.769,,,
[1758212290642381103],-0.326,-0.991,10.008,,,
[1758212290648144176],-0.591,-0.91,9.855,,,
[1758212290654030322],-0.464,-0.809,9.426,,,
[1758212290659915686],-0.563,-0.52,8.72,,,
[1758212290665807509],-0.697,-0.414,8.882,,,
[1758212290670825270],-0.62,-0.271,8.444,,,
[1758212290676216259],-0.512,0.005,8.396,,,
[1758212290681866415],-0.546,0.12,8.135,,,
[1758212290688607092],-0.603,0.385,8.138,,,
[1758212290695215009],-0.417,0.548,7.992,,,
[1758212290701801728],-0.393,0.79,8.135,,,
[1758212290708404436],-0.263,0.785,8.198,,,
[1758212290714870217],-0.259,0.998,8.401,,,
[1758212290721349592],-0.12,1.135,8.523,,,
[1758212290727811363],0.019,1.195,8.969,,,
[1758212290734146832],0.223,1.35,9.448,,,
[1758212290740773342],0.184,1.346,9.675,,,
[1758212290747098811],0.594,1.264,10.139,,,
[1758212290753863707],0.855,1.393,10.587,,,
[1758212290760365790],1.094,1.286,11.152,,,
[1758212290766694853],1.283,1.12,11.363,,,
[1758212290773435061],1.547,0.8,11.581,,,
[1758212290779987978],1.7,0.412,11.569,,,
[1758212290786057509],1.925,0.199,11.76,,,
[1758212290791876884],2.071,-0.019,11.729,,,
[1758212290797613342],2.289,-0.208,11.686,,,
[1758212290803435009],2.296,-0.46,11.605,,,
[1758212290809376884],2.306,-0.414,11.368,,,
[1758212290815060322],2.37,-0.419,11.317,,,
[1758212290820888551],2.337,-0.266,11.313,,,
[1758212290826544176],2.354,-0.275,11.217,,,
[1758212290832279228],2.397,0.036,11.42,,,
[1758212290838010217],2.301,0.148,11.471,,,
[1758212290843574749],2.318,0.287,11.32,,,
[1758212290849198655],2.322,0.184,11.248,,,
[1758212290854751780],2.291,0.251,11.48,,,
[1758212290860513186],2.181,0.06,11.514,,,
[1758212290866030947],2.014,0.06,11.471,,,
[1758212290871765686],2.004,0.122,11.451,,,
[1758212290877440217],2.021,-0.036,11.351,,,
[1758212290883230061],1.86,-0.086,11.279,,,
[1758212290889672197],1.724,-0.077,11.133,,,
[1758212290896583967],1.561,-0.067,11.337,,,
[1758212290903175686],1.377,-0.11,11.19,,,
[1758212290909593655],1.456,-0.098,11.19,,,
[1758212290915683082],1.166,0.01,11.076,,,
[1758212290922398342],0.989,0.108,11.246,,,
[1758212290928747665],0.836,0.12,11.274,,,
[1758212290935359697],0.728,0.117,11.186,,,
[1758212290941843342],0.603,0.086,11.313,,,
[1758212290948268082],0.508,0.002,11.329,,,
[1758212290954754644],0.364,0.074,11.344,,,
[1758212290961098342],0.306,0.077,11.32,,,
[1758212290967517457],0.287,0.026,11.147,,,
[1758212290974228499],0.098,0.072,11.049,,,
[1758212290980888915],0.11,0.029,11.14,,,
[1758212290986970686],-0.029,0.069,11.155,,,
[1758212290992688603],-0.129,0.024,11.198,,,
[1758212290998388186],-0.165,-0.146,10.906,,,
[1758212291004290478],-0.184,0.148,11.08,,,
[1758212291010004540],-0.187,0.012,11.131,,,
[1758212291015828759],-0.201,-0.01,11.217,,,
[1758212291021525634],-0.189,-0.029,11.169,,,
[1758212291027085947],-0.18,0.017,11.14,,,
[1758212291032786728],-0.302,0.024,11.157,,,
[1758212291038480113],-0.103,-0.022,11.121,,,
[1758212291044174280],-0.122,-0.098,11.023,,,
[1758212291050055790],0.041,-0.048,11.155,,,
[1758212291055728915],0.098,-0.115,11.183,,,
[1758212291061480894],0.053,-0.115,11.164,,,
[1758212291067144540],0.148,-0.12,11.255,,,
[1758212291072417978],0.35,-0.024,11.217,,,
[1758212291078221103],0.28,-0.06,11.116,,,
[1758212291083922405],0.429,-0.117,11.246,,,
[1758212291090499071],0.464,-0.089,11.303,,,
[1758212291097127821],0.599,-0.148,11.236,,,
[1758212291103963655],0.692,-0.12,11.439,,,
[1758212291110609436],0.627,-0.048,11.53,,,
[1758212291117088551],0.819,-0.024,11.349,,,
[1758212291123635582],1.061,-0.029,11.255,,,
[1758212291130172561],1.12,-0.136,11.439,,,
[1758212291136670790],1.092,0.024,11.349,,,
[1758212291143214749],1.207,-0.101,11.313,,,
[1758212291149696936],1.274,0.01,11.372,,,
[1758212291156309749],1.283,0.122,11.566,,,
[1758212291162953551],1.259,0.158,11.236,,,
[1758212291169425894],1.427,0.072,11.205,,,
[1758212291175925999],1.427,-0.002,11.387,,,
[1758212291182422353],1.468,0.098,11.246,,,
[1758212291188901051],1.482,0.093,11.301,,,
[1758212291195413499],1.563,0.045,11.375,,,
[1758212291201948759],1.48,0.014,11.344,,,
[1758212291208417092],1.405,0.108,11.377,,,
[1758212291214986155],1.446,0.11,11.289,,,
[1758212291221236780],1.415,0.031,11.382,,,
[1758212291227613551],1.427,0.132,11.471,,,
[1758212291234361936],1.369,0.026,11.212,,,
[1758212291240958707],1.298,0.072,11.387,,,
[1758212291247450113],1.204,0.139,11.339,,,
[1758212291253945738],1.149,0.139,11.246,,,
[1758212291260670999],1.106,0.029,11.21,,,
[1758212291267089332],1.209,0.036,11.411,,,
[1758212291273832926],0.946,0.079,11.19,,,
[1758212291280512457],1.053,0.012,11.198,,,
[1758212291287067821],0.828,0.031,11.303,,,
[1758212291293548655],0.615,0.036,11.238,,,
[1758212291300108030],0.864,0.026,11.286,,,
[1758212291306589801],0.716,-0.026,11.382,,,
[1758212291313024748],0.733,-0.041,11.104,,,
[1758212291319545530],0.745,-0.029,11.234,,,
[1758212291325900165],0.625,0.053,11.284,,,
[1758212291332201415],0.546,-0.057,11.226,,,
[1758212291338811051],0.464,0.038,11.234,,,
[1758212291345135061],0.57,-0.041,11.305,,,
[1758212291351936519],0.438,-0.041,11.238,,,
[1758212291358402248],0.424,-0.057,11.27,,,
[1758212291364932509],0.441,-0.026,11.174,,,
[1758212291371460946],0.594,-0.069,11.32,,,
[1758212291377911415],0.603,-0.048,11.123,,,
[1758212291384399123],0.498,-0.06,11.195,,,
[1758212291390916936],0.503,-0.014,11.198,,,
[1758212291397384592],0.543,-0.101,11.2,,,
[1758212291403843551],0.522,-0.002,11.466,,,
[1758212291410342301],0.534,0.041,11.281,,,
[1758212291416805269],0.587,0.067,11.128,,,
[1758212291423343446],0.618,0.057,11.214,,,
[1758212291429824644],0.656,0.11,11.322,,,
[1758212291436292040],0.709,0.043,11.329,,,
[1758212291442751155],0.761,0.146,11.205,,,
[1758212291449192769],0.776,0.098,11.442,,,
[1758212291455696467],0.867,0.057,11.456,,,
[1758212291462158290],0.843,0.129,11.308,,,
[1758212291468615113],0.912,0.077,11.281,,,
[1758212291475073551],0.773,0.05,11.2,,,
[1758212291481556675],0.79,0.01,11.463,,,
[1758212291488161675],0.965,0.002,11.286,,,
[1758212291494624748],0.996,-0.002,11.542,,,
[1758212291501124384],0.977,0.06,11.432,,,
[1758212291507561675],0.989,0.048,11.305,,,
[1758212291514023550],0.965,0.113,11.459,,,
[1758212291520506311],0.986,0.0,11.31,,,
[1758212291526838342],1.018,0.074,11.377,,,
[1758212291533457144],0.972,0.067,11.337,,,
[1758212291540156884],0.982,0.038,11.186,,,
[1758212291546968967],0.958,-0.091,11.032,,,
[1758212291553443811],0.979,0.093,11.14,,,
[1758212291559996884],0.986,0.012,11.054,,,
[1758212291566460009],1.07,0.113,11.284,,,
[1758212291572938446],0.874,-0.043,11.37,,,
[1758212291579405425],0.86,-0.022,11.303,,,
[1758212291585940373],0.936,0.007,11.332,,,
[1758212291592404436],0.905,0.122,11.246,,,
[1758212291598904592],0.852,-0.007,11.334,,,
[1758212291605389644],0.804,-0.048,11.329,,,
[1758212291611924280],0.754,-0.019,11.296,,,
[1758212291618422717],0.778,0.031,11.248,,,
[1758212291624911623],0.651,-0.113,11.382,,,
[1758212291631394853],0.792,0.0,11.212,,,
[1758212291638051988],0.785,-0.048,11.231,,,
[1758212291644702092],0.766,-0.019,11.308,,,
[1758212291651135686],0.749,0.024,11.238,,,
[1758212291657520165],0.745,-0.038,11.231,,,
[1758212291664121571],0.771,0.129,11.083,,,
[1758212291670502978],0.905,0.01,11.044,,,
[1758212291677069019],0.237,-0.558,10.848,,,
[1758212291683424071],0.991,0.091,11.08,,,
[1758212291690165582],0.826,0.084,11.145,,,
[1758212291696680478],0.821,0.034,11.241,,,
[1758212291703158342],0.632,-0.146,11.547,,,
[1758212291709899540],0.867,-0.129,11.341,,,
[1758212291716339227],0.874,0.079,11.217,,,
[1758212291722795373],0.898,-0.034,11.076,,,
[1758212291729218030],0.974,0.146,11.234,,,
[1758212291735773759],0.781,0.074,11.2,,,
[1758212291742293030],0.84,0.041,11.253,,,
[1758212291748737352],0.888,0.055,11.339,,,
[1758212291755186571],0.953,0.124,11.253,,,
[1758212291761679905],0.773,0.077,11.432,,,
[1758212291768141259],0.953,0.01,11.238,,,
[1758212291774614071],0.91,0.036,11.418,,,
[1758212291780904280],1.049,0.12,11.332,,,
[1758212291787166675],0.596,0.146,11.478,,,
[1758212291792848290],0.761,0.002,11.164,,,
[1758212291798588186],0.752,-0.012,11.164,,,
[1758212291804270790],0.984,0.05,11.392,,,
[1758212291810038342],0.855,0.024,11.317,,,
[1758212291815754592],0.857,0.014,11.195,,,
[1758212291821534175],0.862,0.139,11.293,,,
[1758212291827316988],0.819,-0.005,11.349,,,
[1758212291833094905],0.797,0.031,11.222,,,
[1758212291838912196],1.049,-0.029,11.308,,,
[1758212291844825373],0.864,0.043,11.351,,,
[1758212291850578342],0.809,0.084,11.174,,,
[1758212291856232196],0.867,0.01,11.222,,,
[1758212291861954592],0.773,-0.031,11.236,,,
[1758212291867726259],0.778,0.065,11.27,,,
[1758212291873705946],0.723,0.055,11.284,,,
[1758212291879481780],0.764,-0.026,11.205,,,
[1758212291885288238],0.802,-0.007,11.212,,,
[1758212291891671363],0.783,0.077,11.171,,,
[1758212291898063602],0.685,0.086,11.236,,,
[1758212291904644019],0.702,-0.026,11.207,,,
[1758212291911015321],0.68,-0.069,11.291,,,
[1758212291917836884],0.687,-0.026,11.238,,,
[1758212291924260894],0.888,-0.05,11.186,,,
[1758212291930726779],0.68,-0.007,11.284,,,
[1758212291937190529],0.745,-0.132,11.408,,,
[1758212291943687873],0.702,-0.036,11.475,,,
[1758212291950222561],0.754,-0.136,11.224,,,
[1758212291956678967],0.895,-0.055,11.313,,,
[1758212291963143602],0.694,0.115,11.123,,,
[1758212291969594019],0.781,-0.151,11.346,,,
[1758212291976044592],0.749,0.05,11.365,,,
[1758212291982486207],0.797,0.103,11.21,,,
[1758212291988917769],0.812,0.017,11.471,,,
[1758212291995357040],0.867,-0.091,11.262,,,
[1758212292001887977],0.86,0.034,11.329,,,
[1758212292008318811],0.907,0.053,11.466,,,
[1758212292014776207],0.85,0.074,11.126,,,
[1758212292021121884],1.049,0.026,11.353,,,
[1758212292027452352],0.941,-0.022,11.167,,,
[1758212292034189592],0.946,0.048,11.365,,,
[1758212292040870946],0.934,-0.079,11.205,,,
[1758212292047202769],0.95,0.077,11.195,,,
[1758212292054006207],0.934,0.043,11.145,,,
[1758212292060505477],0.895,0.043,11.418,,,
[1758212292066954279],0.948,0.05,11.219,,,
[1758212292073435113],0.941,0.065,11.346,,,
[1758212292079884384],1.018,0.072,11.32,,,
[1758212292086285529],1.101,0.101,11.164,,,
[1758212292092890894],0.994,0.029,11.078,,,
[1758212292099415946],0.922,0.129,11.277,,,
[1758212292105906363],0.867,0.026,11.473,,,
[1758212292112370998],0.91,0.098,11.272,,,
[1758212292118811467],0.962,-0.069,11.48,,,
[1758212292125264852],1.07,0.139,11.241,,,
[1758212292131774592],1.034,0.0,11.281,,,
[1758212292138236675],0.979,0.127,11.468,,,
[1758212292144690529],0.809,0.031,11.308,,,
[1758212292151106415],0.79,0.048,11.337,,,
[1758212292157859331],0.792,0.029,11.308,,,
[1758212292164316936],0.737,0.081,11.456,,,
[1758212292170821519],0.819,0.017,11.205,,,
[1758212292177319956],0.747,0.124,11.258,,,
[1758212292183801154],0.558,0.017,11.346,,,
[1758212292190233863],0.814,-0.014,11.286,,,
[1758212292196694071],0.91,-0.017,11.195,,,
[1758212292203154019],0.759,-0.036,11.296,,,
[1758212292209631779],0.874,-0.012,11.224,,,
[1758212292215527040],0.673,0.022,11.389,,,
[1758212292222230998],0.716,-0.01,11.471,,,
[1758212292228833342],0.73,-0.136,11.428,,,
[1758212292235157300],0.898,-0.002,11.432,,,
[1758212292241625373],0.651,-0.136,11.214,,,
[1758212292248380790],0.848,-0.019,11.126,,,
[1758212292254865842],0.742,-0.007,11.066,,,
[1758212292261754175],0.745,-0.146,11.322,,,
[1758212292268185165],0.788,-0.124,11.179,,,
[1758212292274651988],0.702,-0.012,11.26,,,
[1758212292280913446],0.912,-0.108,11.31,,,
[1758212292287308498],0.79,-0.043,11.152,,,
[1758212292293821154],0.807,0.024,11.167,,,
[1758212292300176936],0.809,-0.086,11.289,,,
[1758212292306899331],0.797,-0.084,11.248,,,
[1758212292313382509],0.833,0.11,11.272,,,
[1758212292319811259],0.838,0.007,11.246,,,
[1758212292326321675],0.826,-0.017,11.236,,,
[1758212292332764956],0.891,0.014,11.102,,,
[1758212292339101519],0.936,0.108,11.337,,,
[1758212292345810998],0.891,0.057,11.19,,,
[1758212292352259175],0.91,0.036,11.248,,,
[1758212292358561883],1.032,0.06,11.418,,,
[1758212292365331623],0.86,0.024,11.291,,,
[1758212292371851623],0.883,-0.007,11.277,,,
[1758212292378304071],0.955,0.031,11.193,,,
[1758212292384768863],0.855,0.005,11.281,,,
[1758212292391123238],0.852,0.007,11.337,,,
[1758212292397410790],0.9,0.074,11.253,,,
[1758212292403920998],1.053,0.014,11.241,,,
[1758212292410323550],0.929,0.007,11.195,,,
[1758212292417036727],0.996,0.007,11.262,,,
[1758212292423479488],0.888,0.057,11.281,,,
[1758212292429992196],0.867,0.06,11.358,,,
[1758212292436461675],0.821,-0.062,11.2,,,
[1758212292442915529],0.855,0.069,11.286,,,
[1758212292449375113],0.883,-0.017,11.298,,,
[1758212292455893550],1.006,0.014,11.19,,,
[1758212292462529436],0.857,0.034,11.337,,,
[1758212292468975790],0.843,-0.017,11.454,,,
[1758212292475662717],0.802,0.038,11.322,,,
[1758212292482124019],0.836,0.053,11.341,,,
[1758212292488750633],0.821,0.007,11.186,,,
[1758212292495225790],0.912,-0.036,11.205,,,
[1758212292501767352],0.809,-0.062,11.284,,,
[1758212292508259383],0.816,-0.077,11.377,,,
[1758212292514850946],0.788,-0.026,11.437,,,
[1758212292521224800],0.788,-0.014,11.363,,,
[1758212292527925633],0.807,0.048,11.365,,,
[1758212292534411519],0.8,0.086,11.047,,,
[1758212292540908706],0.809,-0.026,11.346,,,
[1758212292547376623],0.788,-0.141,11.25,,,
[1758212292553840269],0.797,-0.007,11.238,,,
[1758212292560186050],0.766,-0.079,11.262,,,
[1758212292566971675],0.845,-0.005,11.461,,,
[1758212292573437196],0.836,0.017,11.406,,,
[1758212292579891519],0.804,0.01,11.286,,,
[1758212292586387248],0.781,-0.098,11.253,,,
[1758212292592857196],0.833,0.038,11.083,,,
[1758212292599354071],0.816,-0.053,11.236,,,
[1758212292605834227],0.941,0.06,11.313,,,
[1758212292612298706],0.797,0.01,11.301,,,
[1758212292618752092],0.821,0.096,11.554,,,
[1758212292625192040],0.838,0.036,11.327,,,
[1758212292631676935],0.781,-0.055,11.253,,,
[1758212292638407508],0.783,-0.045,11.334,,,
[1758212292644896154],0.634,-0.014,11.222,,,
[1758212292651455373],0.836,-0.012,11.286,,,
[1758212292657906258],0.776,-0.074,11.104,,,
[1758212292664194696],0.654,0.029,11.2,,,
[1758212292670958758],0.804,0.069,11.317,,,
[1758212292677582456],0.795,0.012,11.188,,,
[1758212292684335946],0.814,-0.045,11.226,,,
[1758212292690847248],0.826,-0.113,11.193,,,
[1758212292697319696],0.771,0.132,11.31,,,
[1758212292703791623],0.797,0.031,11.248,,,
[1758212292710290060],0.812,0.014,11.174,,,
[1758212292716683706],0.862,0.043,11.222,,,
[1758212292723201050],0.821,-0.048,11.2,,,
[1758212292729802508],0.855,0.014,11.236,,,
[1758212292736341623],0.824,-0.038,11.447,,,
[1758212292742849904],0.824,0.026,11.076,,,
[1758212292749144904],0.852,0.06,11.078,,,
[1758212292755812404],0.855,-0.026,11.447,,,
[1758212292762287560],0.807,0.062,11.468,,,
[1758212292768768758],0.862,-0.034,11.315,,,
[1758212292775325008],0.79,-0.148,11.459,,,
[1758212292781910738],0.874,0.036,11.25,,,
[1758212292787995894],0.84,-0.024,11.236,,,
[1758212292793714904],0.833,-0.024,11.19,,,
[1758212292799480269],0.864,0.136,11.157,,,
[1758212292805455373],1.025,0.041,11.198,,,
[1758212292811189696],0.857,0.077,11.193,,,
[1758212292816841675],0.802,-0.012,11.183,,,
[1758212292822620685],0.84,0.034,11.327,,,
[1758212292828418602],0.867,0.151,11.291,,,
[1758212292834130217],0.838,0.038,11.248,,,
[1758212292839887248],0.833,-0.045,11.262,,,
[1758212292845657873],0.644,0.024,11.21,,,
[1758212292851295998],0.924,0.01,11.322,,,
[1758212292857045425],0.757,0.007,11.222,,,
[1758212292862688967],0.828,-0.117,11.238,,,
[1758212292868439435],0.848,-0.134,11.19,,,
[1758212292874163862],0.922,0.022,11.317,,,
[1758212292879984175],0.804,0.0,11.121,,,
[1758212292885857560],0.816,0.129,11.198,,,
[1758212292892267977],1.032,-0.139,11.262,,,
[1758212292898999227],0.831,0.101,11.25,,,
[1758212292905477040],0.836,0.019,11.32,,,
[1758212292912002404],0.852,0.0,11.325,,,
[1758212292918428810],0.836,0.139,11.416,,,
[1758212292924831467],0.781,-0.043,11.214,,,
[1758212292931436883],0.63,0.086,11.241,,,
[1758212292937881050],0.814,0.024,11.253,,,
[1758212292944293237],0.785,0.031,11.049,,,
[1758212292950761519],0.816,-0.024,11.128,,,
[1758212292957188446],0.819,0.067,11.404,,,
[1758212292963666675],0.9,-0.031,11.296,,,
[1758212292970250321],0.737,-0.026,11.238,,,
[1758212292976802925],0.809,-0.007,11.258,,,
[1758212292983243602],0.886,0.022,11.303,,,
[1758212292989405581],0.946,0.06,11.327,,,
[1758212292995382873],0.622,0.127,11.205,,,
[1758212293001269487],0.622,0.079,11.121,,,
[1758212293006903394],0.804,0.01,11.322,,,
[1758212293012627717],0.888,0.014,11.231,,,
[1758212293018309227],0.766,0.124,11.212,,,
[1758212293023959852],0.824,-0.048,11.341,,,
[1758212293029770477],0.764,0.065,11.219,,,
[1758212293035475842],0.807,-0.045,11.205,,,
[1758212293041168081],0.838,-0.038,11.042,,,
[1758212293046913185],0.761,0.0,11.27,,,
[1758212293052636571],0.622,0.034,11.293,,,
[1758212293058356414],0.757,0.089,11.248,,,
[1758212293064009748],0.84,0.062,11.205,,,
[1758212293069816258],0.831,0.146,11.071,,,
[1758212293075435581],0.824,0.05,11.241,,,
[1758212293081212039],0.769,-0.055,11.327,,,
[1758212293087221310],0.807,0.036,11.15,,,
[1758212293093691675],0.833,-0.065,11.202,,,
[1758212293100485112],0.812,0.038,11.226,,,
[1758212293106964696],0.946,0.089,11.447,,,
[1758212293113408081],0.996,0.081,11.265,,,
[1758212293119817092],0.9,0.072,11.303,,,
[1758212293126307560],0.843,0.139,11.411,,,
[1758212293132732821],0.85,0.0,11.478,,,
[1758212293139218446],0.903,-0.084,11.291,,,
[1758212293145699956],0.85,0.002,11.279,,,
[1758212293152132352],0.836,-0.122,11.246,,,
[1758212293158575529],0.838,0.146,11.188,,,
[1758212293165046362],0.852,-0.002,11.267,,,
[1758212293170993706],0.907,-0.007,11.181,,,
[1758212293177677977],0.824,-0.017,11.236,,,
[1758212293184316675],0.876,-0.024,11.205,,,
[1758212293190593498],1.003,-0.034,11.119,,,
[1758212293196380321],1.065,0.01,11.193,,,
[1758212293202133967],0.838,0.017,11.217,,,
[1758212293207956883],0.886,-0.024,11.305,,,
[1758212293213622769],0.874,-0.012,11.284,,,
[1758212293219483081],0.84,0.091,11.236,,,
[1758212293225142404],0.79,0.072,11.315,,,
[1758212293230230060],0.883,0.081,11.32,,,
[1758212293236042039],0.797,0.002,11.281,,,
[1758212293241888394],0.797,-0.01,11.19,,,
[1758212293247562664],0.8,-0.141,11.255,,,
[1758212293253332248],0.881,-0.144,11.301,,,
[1758212293259051050],0.781,0.01,11.064,,,
[1758212293264748081],0.838,0.024,11.322,,,
[1758212293270517821],0.67,0.036,11.301,,,
[1758212293276347560],0.795,0.005,11.289,,,
[1758212293282013758],0.752,0.026,11.205,,,
[1758212293287607612],0.862,0.124,11.15,,,
[1758212293294187300],0.821,-0.048,11.25,,,
[1758212293300772300],0.84,0.105,11.229,,,
[1758212293307242508],0.804,-0.005,11.277,,,
[1758212293313809383],0.795,0.036,11.463,,,
[1758212293320242300],0.797,0.0,11.32,,,
[1758212293326959800],0.812,0.019,11.27,,,
[1758212293333414383],0.807,-0.11,11.25,,,
[1758212293339847456],0.828,-0.012,11.279,,,
[1758212293346318029],0.807,0.01,11.186,,,
[1758212293352804227],0.816,-0.026,11.272,,,
[1758212293359250894],0.795,0.007,11.25,,,
[1758212293365741831],0.826,0.029,11.281,,,
[1758212293372255112],0.826,0.079,11.293,,,
[1758212293378676310],0.792,-0.129,11.219,,,
[1758212293385178966],0.833,0.043,11.413,,,
[1758212293391735060],0.848,0.022,11.267,,,
[1758212293398019904],0.871,0.108,11.365,,,
[1758212293404708185],0.785,0.002,11.186,,,
[1758212293411269123],0.824,0.06,11.423,,,
[1758212293417734748],0.838,-0.053,11.229,,,
[1758212293424340841],0.826,0.005,11.25,,,
[1758212293431033394],0.816,0.005,11.305,,,
[1758212293437345737],0.843,0.012,11.478,,,
[1758212293444096102],0.812,-0.038,11.272,,,
[1758212293450629696],0.845,-0.132,11.365,,,
[1758212293457092768],0.8,0.065,11.128,,,
[1758212293463600268],0.766,0.024,11.155,,,
[1758212293470209696],0.666,-0.045,11.265,,,
[1758212293476695008],0.855,0.129,11.09,,,
[1758212293483170477],0.8,0.048,11.159,,,
[1758212293489399018],0.871,0.026,11.188,,,
[1758212293495178654],0.771,0.019,11.214,,,
[1758212293501024748],0.836,0.005,11.281,,,
[1758212293506809591],0.828,0.045,11.272,,,
[1758212293512580998],0.917,0.06,11.291,,,
[1758212293518314175],0.862,0.012,11.27,,,
[1758212293524084018],1.039,0.036,11.214,,,
[1758212293529851154],0.821,0.115,11.253,,,
[1758212293535664331],0.797,-0.014,11.248,,,
[1758212293541411310],0.915,-0.06,11.15,,,
[1758212293547132612],0.807,0.041,11.298,,,
[1758212293552867248],0.821,0.014,11.303,,,
[1758212293558627248],0.814,-0.024,11.205,,,
[1758212293564395268],0.939,0.074,11.267,,,
[1758212293570202716],0.84,0.05,11.308,,,
[1758212293575956623],0.804,0.148,11.19,,,
[1758212293581750529],0.826,0.014,11.272,,,
[1758212293587547248],0.802,0.124,11.26,,,
[1758212293594390841],0.888,-0.115,11.289,,,
[1758212293601029071],0.86,-0.038,11.451,,,
[1758212293607635008],0.826,-0.084,11.389,,,
[1758212293614130529],0.833,0.034,11.349,,,
[1758212293620090789],0.833,-0.002,11.241,,,
[1758212293626918914],0.816,0.115,11.241,,,
[1758212293633403550],0.828,0.012,11.198,,,
[1758212293640082664],0.807,0.084,11.387,,,
[1758212293646568966],0.797,-0.136,11.317,,,
[1758212293653021623],0.824,-0.024,11.277,,,
[1758212293659417560],0.785,0.022,11.387,,,
[1758212293665880737],0.843,0.031,11.193,,,
[1758212293672329748],0.826,0.038,11.26,,,
[1758212293678822091],0.833,-0.029,11.36,,,
[1758212293685371206],0.962,-0.041,11.21,,,
[1758212293691436050],0.826,0.007,11.308,,,
[1758212293697198393],0.778,0.01,11.267,,,
[1758212293702986570],0.819,0.031,11.305,,,
[1758212293708574748],0.912,0.093,11.325,,,
[1758212293714364123],0.804,0.06,11.258,,,
[1758212293720255945],0.812,0.053,11.291,,,
[1758212293725989435],0.809,-0.036,11.123,,,
[1758212293731717508],0.783,-0.141,11.188,,,
[1758212293737434852],0.838,0.026,11.183,,,
[1758212293743177508],0.788,-0.134,11.272,,,
[1758212293748921310],0.804,-0.129,11.255,,,
[1758212293754673550],0.931,0.026,11.325,,,
[1758212293760290581],0.821,0.091,11.243,,,
[1758212293765831935],0.773,-0.019,11.267,,,
[1758212293771510060],0.814,0.043,11.241,,,
[1758212293776981987],0.792,0.136,11.2,,,
[1758212293782690164],0.845,0.026,11.202,,,
[1758212293788538029],0.84,0.055,11.214,,,
[1758212293794952664],0.821,-0.036,11.305,,,
[1758212293801351675],0.764,-0.151,11.459,,,
[1758212293807242248],0.828,0.019,11.183,,,
[1758212293813987925],0.852,-0.127,11.31,,,
[1758212293820577248],0.824,-0.01,11.413,,,
[1758212293827235998],0.972,0.06,11.231,,,
[1758212293833776987],0.826,0.122,11.27,,,
[1758212293840295998],0.802,0.014,11.341,,,
[1758212293846938654],0.862,0.148,11.198,,,
[1758212293853433445],0.85,0.036,11.059,,,
[1758212293859860477],0.843,0.122,11.253,,,
[1758212293866359800],0.845,-0.012,11.195,,,
[1758212293872856623],0.783,-0.074,11.21,,,
[1758212293879357664],0.848,-0.041,11.219,,,
[1758212293885835633],0.919,0.122,11.205,,,
[1758212293892320216],1.013,-0.005,11.353,,,
[1758212293898819904],0.838,0.055,11.226,,,
[1758212293905285216],1.015,-0.05,11.226,,,
[1758212293911833966],0.855,0.031,11.157,,,
[1758212293918322977],0.821,-0.024,11.296,,,
[1758212293924803341],0.807,0.005,11.262,,,
[1758212293931175268],0.845,-0.031,11.246,,,
[1758212293937505997],1.018,0.014,11.229,,,
[1758212293944090529],0.838,0.134,11.444,,,
[1758212293950858029],0.85,-0.01,11.389,,,
[1758212293957300008],0.836,0.139,11.164,,,
[1758212293963720737],0.843,0.062,11.128,,,
[1758212293970166310],0.831,0.026,11.198,,,
[1758212293976962768],0.795,-0.012,11.171,,,
[1758212293983433445],0.802,0.057,11.162,,,
[1758212293990033445],0.809,0.005,11.274,,,
[1758212293996374852],0.788,-0.057,11.202,,,
[1758212294002911622],0.797,0.098,11.238,,,
[1758212294009379852],0.802,0.081,11.274,,,
[1758212294015982508],0.814,0.117,11.217,,,
[1758212294022814227],0.831,0.096,11.392,,,
[1758212294029432508],0.814,-0.019,11.372,,,
[1758212294035786883],0.771,-0.067,11.21,,,
[1758212294042402195],0.8,0.077,11.274,,,
[1758212294049203654],0.654,0.026,11.179,,,
[1758212294055735112],0.795,-0.089,11.315,,,
[1758212294062346883],0.622,0.057,11.176,,,
[1758212294068764487],0.792,-0.002,11.126,,,
[1758212294075295633],0.807,-0.017,11.401,,,
[1758212294081830008],0.752,0.077,11.188,,,
[1758212294088335841],0.812,0.141,11.212,,,
[1758212294094838185],0.804,-0.081,11.198,,,
[1758212294101267508],0.826,-0.124,11.212,,,
[1758212294107747091],0.816,-0.014,11.296,,,
[1758212294114383914],0.809,0.122,11.281,,,
[1758212294121071987],0.831,-0.129,11.19,,,
[1758212294127643185],0.795,0.022,11.236,,,
[1758212294134402612],0.833,0.127,11.463,,,
[1758212294140912299],0.771,-0.043,11.425,,,
[1758212294147424799],0.804,0.053,11.198,,,
[1758212294153947508],0.807,-0.012,11.222,,,
[1758212294160665789],0.826,0.01,11.32,,,
[1758212294167069747],0.809,-0.026,11.286,,,
[1758212294173772299],0.814,-0.045,11.212,,,
[1758212294180492456],0.855,-0.144,11.25,,,
[1758212294186988445],0.804,0.01,11.272,,,
[1758212294193035945],0.881,0.014,11.413,,,
[1758212294198411414],0.687,0.084,11.267,,,
[1758212294204400789],0.658,-0.048,11.267,,,
[1758212294209942143],0.831,0.019,11.296,,,
[1758212294215665737],1.051,0.005,11.231,,,
[1758212294221455997],0.785,0.057,11.231,,,
[1758212294227290320],0.826,0.103,11.214,,,
[1758212294232975320],0.795,-0.038,11.186,,,
[1758212294238912247],0.903,-0.01,11.246,,,
[1758212294244614643],0.816,0.11,11.207,,,
[1758212294250419174],0.821,-0.079,11.253,,,
[1758212294256130164],0.919,-0.057,11.234,,,
[1758212294261842456],0.857,0.132,11.202,,,
[1758212294267507247],0.833,0.031,11.265,,,
[1758212294273191154],0.816,0.024,11.088,,,
[1758212294278320320],0.912,0.01,11.255,,,
[1758212294283919122],0.831,0.081,11.229,,,
[1758212294289784591],0.661,0.024,11.234,,,
[1758212294296280893],0.843,0.072,11.32,,,
[1758212294302649122],0.62,0.029,11.229,,,
[1758212294309220685],0.804,-0.103,11.26,,,
[1758212294315532977],0.85,0.134,11.286,,,
[1758212294322186206],0.795,0.002,11.248,,,
[1758212294328767976],0.831,0.012,11.25,,,
[1758212294335385060],0.673,-0.034,11.198,,,
[1758212294341925945],0.85,0.019,11.334,,,
[1758212294348516935],0.843,-0.014,11.296,,,
[1758212294354942872],0.838,0.05,11.416,,,
[1758212294361450789],0.654,0.012,11.064,,,
[1758212294367385997],0.804,0.108,11.305,,,
[1758212294374064539],0.797,-0.055,11.425,,,
[1758212294380835268],0.831,0.084,11.279,,,
[1758212294387314383],0.826,0.069,11.437,,,
[1758212294393794487],0.804,0.002,11.262,,,
[1758212294400217195],0.804,-0.002,11.389,,,
[1758212294406786726],0.843,0.084,11.305,,,
[1758212294413124435],0.977,0.0,11.195,,,
[1758212294419814383],0.826,0.022,11.428,,,
[1758212294426347872],0.807,0.005,11.255,,,
[1758212294432849904],0.79,-0.022,11.286,,,
[1758212294439355529],0.836,-0.005,11.214,,,
[1758212294445828654],0.824,-0.043,11.241,,,
[1758212294452218081],0.857,-0.01,11.365,,,
[1758212294458894956],0.795,0.144,11.241,,,
[1758212294465383914],0.685,0.036,11.442,,,
[1758212294471898289],0.864,0.144,11.229,,,
[1758212294478353133],0.838,-0.024,11.131,,,
[1758212294484810112],0.824,0.091,11.26,,,
[1758212294490900164],0.826,0.029,11.329,,,
[1758212294496700164],0.764,-0.031,11.372,,,
[1758212294502341883],0.79,0.0,11.236,,,
[1758212294508063497],0.821,0.014,11.298,,,
[1758212294513710008],0.757,0.019,11.291,,,
[1758212294519505216],0.773,-0.065,11.176,,,
[1758212294525402560],0.828,0.022,11.31,,,
[1758212294531219122],0.828,-0.134,11.289,,,
[1758212294537142508],0.67,0.115,11.27,,,
[1758212294542954799],0.783,0.036,11.147,,,
[1758212294548689539],0.807,-0.029,11.26,,,
[1758212294554395372],0.809,0.041,11.169,,,
[1758212294560106258],0.848,-0.148,11.25,,,
[1758212294565903914],0.838,0.0,11.32,,,
[1758212294571557403],1.046,-0.036,11.226,,,
[1758212294577191101],0.826,0.151,11.195,,,
[1758212294583289695],0.855,0.002,11.114,,,
[1758212294589170164],0.699,-0.074,11.305,,,
[1758212294595660685],0.807,0.12,11.305,,,
[1758212294602393133],0.814,0.007,11.418,,,
[1758212294608847403],0.828,0.086,11.281,,,
[1758212294615302299],0.809,-0.017,11.418,,,
[1758212294621911935],0.845,0.132,11.289,,,
[1758212294628517820],0.838,-0.036,11.485,,,
[1758212294635242716],0.824,-0.017,11.293,,,
[1758212294641678028],0.8,-0.153,11.444,,,
[1758212294648429383],0.857,0.014,11.349,,,
[1758212294654940841],0.962,0.091,11.202,,,
[1758212294662274591],0.836,0.098,11.413,,,
[1758212294669694226],0.792,-0.053,11.305,,,
[1758212294676204799],0.639,0.077,11.155,,,
[1758212294682940581],0.828,0.034,11.202,,,
[1758212294689421414],0.838,0.065,11.279,,,
[1758212294694508914],0.831,-0.026,11.167,,,
[1758212294700319435],0.814,0.007,11.286,,,
[1758212294706228445],0.824,0.002,11.305,,,
[1758212294711919383],0.831,-0.096,11.317,,,
[1758212294717645268],0.713,-0.022,11.272,,,
[1758212294723439435],0.879,0.022,11.267,,,
[1758212294729178862],0.948,0.089,11.04,,,
[1758212294734964226],0.824,-0.122,11.119,,,
[1758212294740674331],0.795,-0.041,11.2,,,
[1758212294746170268],0.802,-0.144,11.289,,,
[1758212294751928914],0.737,-0.053,11.25,,,
[1758212294757594903],0.888,-0.01,11.238,,,
[1758212294763299851],0.826,0.124,11.334,,,
[1758212294769302716],0.788,-0.101,11.234,,,
[1758212294775058601],0.898,0.002,11.451,,,
[1758212294780888862],0.795,-0.022,11.243,,,
[1758212294786581518],0.903,0.134,11.143,,,
[1758212294792368497],0.816,0.045,11.317,,,
[1758212294798202664],0.814,0.05,11.322,,,
[1758212294803931570],0.831,0.036,11.095,,,
[1758212294809701362],0.833,0.022,11.303,,,
[1758212294815490216],0.8,-0.048,11.226,,,
[1758212294821365060],0.831,-0.05,11.157,,,
[1758212294827110424],0.769,0.041,11.2,,,
[1758212294832938028],0.795,0.017,11.164,,,
[1758212294838678810],0.85,0.05,11.21,,,
[1758212294844449955],0.773,0.0,11.301,,,
[1758212294850244903],0.792,0.005,11.169,,,
[1758212294855963393],0.819,0.11,11.305,,,
[1758212294861740268],0.678,0.129,11.246,,,
[1758212294867478289],0.812,0.002,11.332,,,
[1758212294873219070],0.812,-0.081,11.258,,,
[1758212294878973080],0.838,0.105,11.265,,,
[1758212294884635685],0.903,-0.045,11.329,,,
[1758212294890649643],0.804,0.007,11.313,,,
[1758212294896988028],0.816,-0.139,11.303,,,
[1758212294903808914],0.828,-0.055,11.107,,,
[1758212294910314435],0.79,0.079,11.243,,,
[1758212294916892560],0.838,-0.065,11.219,,,
[1758212294923429851],0.8,-0.127,11.277,,,
[1758212294929875528],0.802,0.012,11.279,,,
[1758212294936375424],0.795,0.065,11.231,,,
[1758212294942844435],0.692,-0.005,11.325,,,
[1758212294949362351],0.747,0.022,11.301,,,
[1758212294955836518],1.003,0.117,11.392,,,
[1758212294962424383],0.795,0.019,11.243,,,
[1758212294968897039],0.802,0.108,11.511,,,
[1758212294975337716],0.838,-0.06,11.236,,,
[1758212294981865997],0.816,0.01,11.207,,,
[1758212294988308914],0.821,0.041,11.274,,,
[1758212294994255685],0.795,-0.074,11.432,,,
[1758212294999926622],0.85,-0.034,11.14,,,
[1758212295005645737],0.788,0.098,11.27,,,
[1758212295011327560],0.812,-0.124,11.267,,,
[1758212295016996414],0.9,-0.05,11.284,,,
[1758212295022673393],0.819,0.0,11.162,,,
[1758212295028372976],0.869,0.069,11.322,,,
[1758212295034103132],0.864,0.043,11.217,,,
[1758212295039323810],0.907,0.019,11.243,,,
[1758212295044948497],0.888,0.084,11.363,,,
[1758212295051169695],0.826,-0.019,11.272,,,
[1758212295056909174],0.843,0.007,11.076,,,
[1758212295062680737],0.843,0.127,11.248,,,
[1758212295068486622],0.867,-0.043,11.291,,,
[1758212295073738341],0.843,-0.129,11.202,,,
[1758212295079601362],0.812,-0.002,11.384,,,
[1758212295085295580],0.903,0.024,11.253,,,
[1758212295091084226],0.917,-0.153,11.253,,,
[1758212295097511935],0.795,0.148,11.382,,,
[1758212295103723289],0.845,-0.06,11.303,,,
[1758212295110535997],0.821,0.148,11.277,,,
[1758212295116986101],0.814,0.0,11.198,,,
[1758212295123445320],0.809,0.101,11.214,,,
[1758212295129757872],0.816,0.084,11.301,,,
[1758212295135895528],0.996,0.019,11.406,,,
[1758212295142746518],0.812,-0.065,11.272,,,
[1758212295149394122],0.792,-0.034,11.317,,,
[1758212295155873601],0.998,-0.012,11.229,,,
[1758212295162319539],0.778,0.129,11.327,,,
[1758212295168762820],0.852,0.002,11.303,,,
[1758212295175188028],0.848,0.105,11.078,,,
[1758212295181815841],0.812,0.117,11.248,,,
[1758212295188140164],0.857,0.031,11.236,,,
[1758212295194317716],0.802,-0.139,11.059,,,
[1758212295199997716],0.912,0.041,11.26,,,
[1758212295205737924],0.781,0.014,11.258,,,
[1758212295211355841],0.845,0.11,11.262,,,
[1758212295216926049],0.862,0.084,11.26,,,
[1758212295222190528],0.747,0.014,11.246,,,
[1758212295227760059],0.826,0.136,11.222,,,
[1758212295233412143],0.898,0.089,11.246,,,
[1758212295239077716],0.769,-0.079,11.217,,,
[1758212295244819643],0.833,0.062,11.076,,,
[1758212295250568705],0.821,-0.108,11.19,,,
[1758212295256347403],0.843,0.031,11.305,,,
[1758212295261874018],0.783,0.103,11.296,,,
[1758212295267377299],0.876,-0.005,11.284,,,
[1758212295272815737],0.754,-0.036,11.281,,,
[1758212295278380893],0.905,0.038,11.284,,,
[1758212295284046778],0.845,0.007,11.222,,,
[1758212295289752403],0.912,0.062,11.198,,,
[1758212295296022351],0.895,0.065,11.198,,,
[1758212295302670424],0.836,0.0,11.389,,,
[1758212295309136934],0.84,-0.022,11.195,,,
[1758212295315690320],0.821,0.144,11.272,,,
[1758212295322337039],0.766,-0.041,11.241,,,
[1758212295328774799],0.857,0.036,11.425,,,
[1758212295335230372],0.919,0.038,11.255,,,
[1758212295341751778],0.79,0.081,11.272,,,
[1758212295348235841],0.812,0.06,11.088,,,
[1758212295354668757],0.814,0.041,11.212,,,
[1758212295361094591],0.824,0.0,11.128,,,
[1758212295367788705],0.673,0.0,11.38,,,
[1758212295374239487],0.819,-0.026,11.315,,,
[1758212295380785684],0.812,0.093,11.248,,,
[1758212295387205059],0.826,0.05,11.36,,,
[1758212295393678289],0.819,0.0,11.332,,,
[1758212295400234747],0.831,0.022,11.317,,,
[1758212295406709330],0.785,-0.062,11.255,,,
[1758212295413156518],0.836,-0.117,11.461,,,
[1758212295419629070],0.85,-0.005,11.349,,,
[1758212295425933028],0.797,0.141,11.456,,,
[1758212295432482768],0.776,-0.022,11.31,,,
[1758212295438812195],0.845,0.148,11.26,,,
[1758212295445632716],0.824,0.062,11.212,,,
[1758212295452124851],1.032,-0.057,11.38,,,
[1758212295458566257],0.833,0.067,11.451,,,
[1758212295465086882],0.845,-0.084,11.229,,,
[1758212295471509486],0.821,0.041,11.428,,,
[1758212295478009174],0.888,0.05,11.147,,,
[1758212295484473236],0.819,0.117,11.339,,,
[1758212295491059122],0.85,-0.031,11.267,,,
[1758212295497455893],0.634,0.115,11.272,,,
[1758212295504249382],0.816,-0.134,11.258,,,
[1758212295510801518],0.821,-0.065,11.083,,,
[1758212295517293861],0.809,-0.141,11.317,,,
[1758212295523798861],0.812,-0.024,11.226,,,
[1758212295530283289],0.771,-0.144,11.078,,,
[1758212295536745632],0.804,-0.045,11.32,,,
[1758212295543191309],0.797,-0.026,11.248,,,
[1758212295549629330],0.795,0.124,11.224,,,
[1758212295556115059],0.812,0.048,11.325,,,
[1758212295562569851],0.821,0.019,11.238,,,
[1758212295568921049],1.008,-0.002,11.341,,,
[1758212295575614955],0.795,0.122,11.255,,,
[1758212295582118861],0.776,0.06,11.281,,,
[1758212295588508080],0.883,0.146,11.222,,,
[1758212295595001570],0.838,0.031,11.327,,,
[1758212295600339018],0.848,-0.029,11.217,,,
[1758212295605950111],0.816,-0.017,11.224,,,
[1758212295611617924],0.869,-0.091,11.305,,,
[1758212295617293861],0.747,0.05,11.303,,,
[1758212295622993966],0.807,0.043,11.315,,,
[1758212295628687247],0.802,-0.113,11.193,,,
[1758212295634367768],0.888,-0.034,11.083,,,
[1758212295640099486],0.781,-0.026,11.327,,,
[1758212295645826466],1.02,0.0,11.047,,,
[1758212295651544278],0.816,0.005,11.408,,,
[1758212295657320216],0.824,0.06,11.246,,,
[1758212295663026726],0.864,-0.153,11.193,,,
[1758212295668759174],0.991,0.036,11.253,,,
[1758212295674495997],0.84,0.031,11.188,,,
[1758212295680234382],0.776,0.055,11.2,,,
[1758212295685963288],0.673,0.144,11.193,,,
[1758212295691720216],0.816,0.151,11.332,,,
[1758212295698201674],0.836,0.005,11.392,,,
[1758212295704872507],0.812,0.014,11.186,,,
[1758212295711274434],0.821,0.081,11.396,,,
[1758212295718018445],0.826,0.057,11.31,,,
[1758212295724494799],0.848,0.026,11.286,,,
[1758212295730785736],0.857,0.077,11.234,,,
[1758212295737231205],0.85,0.103,11.066,,,
[1758212295743839278],0.79,0.151,11.279,,,
[1758212295750354330],0.828,0.043,11.298,,,
[1758212295756731153],0.819,0.132,11.375,,,
[1758212295763630111],0.821,0.034,11.315,,,
[1758212295770003341],0.826,0.029,11.372,,,
[1758212295776704382],0.809,-0.148,11.21,,,
[1758212295783319486],0.819,0.057,11.193,,,
[1758212295789787559],0.819,0.048,11.234,,,
[1758212295796295580],0.656,-0.057,11.2,,,
[1758212295802760111],0.867,0.113,11.258,,,
[1758212295809203341],0.833,-0.036,11.212,,,
[1758212295815719070],0.797,-0.029,11.325,,,
[1758212295822187716],0.692,0.053,11.305,,,
[1758212295828646049],0.855,-0.05,11.317,,,
[1758212295835091101],0.682,-0.134,11.32,,,
[1758212295841646622],0.874,-0.019,11.236,,,
[1758212295848108861],0.836,0.124,11.394,,,
[1758212295854581101],0.826,0.012,11.308,,,
[1758212295861164018],0.843,0.11,11.36,,,
[1758212295867678861],0.833,0.01,11.281,,,
[1758212295874186726],0.783,0.024,11.073,,,
[1758212295880691257],0.857,0.007,11.401,,,
[1758212295887142559],0.725,0.146,11.116,,,
[1758212295893650788],0.814,0.005,11.384,,,
[1758212295900195320],0.781,0.081,11.332,,,
[1758212295906706465],0.824,-0.019,11.404,,,
[1758212295913229122],0.819,0.067,11.157,,,
[1758212295919669330],0.814,0.012,11.372,,,
[1758212295926159486],0.792,-0.007,11.392,,,
[1758212295932644538],0.802,0.065,11.368,,,
[1758212295939141986],0.848,-0.017,11.229,,,
[1758212295945773549],0.812,-0.081,11.346,,,
[1758212295952236778],0.819,-0.067,11.461,,,
[1758212295958706674],0.828,0.12,11.337,,,
[1758212295965146830],0.831,0.086,11.21,,,
[1758212295971801674],0.843,0.144,11.423,,,
[1758212295978352403],0.836,0.01,11.267,,,
[1758212295984867663],0.785,-0.036,11.313,,,
[1758212295991289695],0.833,-0.005,11.231,,,
[1758212295997939695],0.855,0.062,11.301,,,
[1758212296004413080],0.809,0.081,11.277,,,
[1758212296010966101],0.778,0.017,11.485,,,
[1758212296017387403],0.831,-0.022,11.289,,,
[1758212296023899851],0.962,0.124,11.198,,,
[1758212296030435528],0.869,-0.01,11.334,,,
[1758212296036974747],0.809,-0.026,11.344,,,
[1758212296043480788],0.962,0.067,11.277,,,
[1758212296050000840],0.785,0.014,11.401,,,
[1758212296056473913],0.869,0.05,11.159,,,
[1758212296062938809],0.922,0.105,11.466,,,
[1758212296069419799],0.795,-0.129,11.27,,,
[1758212296076008601],0.86,-0.11,11.301,,,
[1758212296082533549],0.843,0.036,11.234,,,
[1758212296089022559],0.891,-0.038,10.908,,,
[1758212296095369851],0.778,0.129,11.267,,,
[1758212296101283288],0.845,-0.146,11.255,,,
[1758212296107054226],0.843,0.105,11.289,,,
[1758212296112888705],0.785,-0.002,11.202,,,
[1758212296118667820],0.826,-0.036,11.133,,,
[1758212296124424330],1.022,0.019,11.327,,,
[1758212296130223184],0.816,-0.053,11.277,,,
[1758212296136001570],0.8,-0.098,11.116,,,
[1758212296141761622],0.852,-0.031,11.27,,,
[1758212296147570788],0.807,0.0,11.332,,,
[1758212296153357299],0.838,-0.089,11.327,,,
[1758212296159072507],0.91,-0.136,11.332,,,
[1758212296164774486],0.804,0.043,11.329,,,
[1758212296170411361],0.833,0.12,11.255,,,
[1758212296176315684],0.843,0.062,11.38,,,
[1758212296182100476],0.802,0.022,11.243,,,
[1758212296187810736],0.934,0.036,11.284,,,
[1758212296193591778],0.824,-0.134,11.286,,,
[1758212296200126257],0.831,0.019,11.303,,,
[1758212296206584851],0.874,0.036,11.303,,,
[1758212296213031101],0.809,0.022,11.226,,,
[1758212296219463028],0.84,0.026,11.423,,,
[1758212296225937247],0.795,-0.153,11.389,,,
[1758212296232415997],0.845,0.01,11.301,,,
[1758212296238968913],0.824,-0.034,11.222,,,
[1758212296245478288],0.809,0.01,11.329,,,
[1758212296251955892],0.747,0.019,11.478,,,
[1758212296258251257],0.85,0.069,11.425,,,
[1758212296264660267],0.79,0.055,11.337,,,
[1758212296271170632],0.807,0.005,11.128,,,
[1758212296277593288],0.85,-0.036,11.277,,,
[1758212296284180580],0.845,0.034,11.337,,,
[1758212296290620840],0.826,0.084,11.217,,,
[1758212296296807715],0.922,0.024,11.25,,,
[1758212296302561361],0.74,0.041,11.133,,,
[1758212296308420788],1.046,0.002,11.325,,,
[1758212296314089590],0.819,0.065,11.301,,,
[1758212296319826413],0.807,-0.01,11.329,,,
[1758212296325536622],0.85,0.031,11.313,,,
[1758212296331252976],0.795,0.081,11.296,,,
[1758212296336993028],0.855,-0.012,11.334,,,
[1758212296342640528],0.773,-0.005,11.279,,,
[1758212296348382924],0.814,0.146,11.262,,,
[1758212296354033861],0.857,0.041,11.123,,,
[1758212296359832663],0.706,0.002,11.31,,,
[1758212296365533653],0.826,0.151,11.21,,,
[1758212296371243184],0.867,0.113,11.068,,,
[1758212296377142819],0.836,0.0,11.334,,,
[1758212296383076153],0.814,0.055,11.25,,,
[1758212296388844434],0.814,-0.065,11.313,,,
[1758212296394681465],0.838,-0.144,11.229,,,
[1758212296401044747],0.646,-0.065,11.396,,,
