timestamp,x1,y1,z1,x2,y2,z2
[1758212842713790497],9.364,-4.647,0.488,,,
[1758212842718907580],10.623,-4.65,-0.218,,,
[1758212842724082736],8.607,-4.231,-0.158,,,
[1758212842729487424],9.601,-4.391,-0.316,,,
[1758212842734620497],8.1,-3.73,-0.668,,,
[1758212842739751643],8.768,-3.642,-0.048,,,
[1758212842744925445],7.281,-3.505,0.335,,,
[1758212842750065236],7.966,-3.421,1.015,,,
[1758212842755345497],6.457,-3.043,1.889,,,
[1758212842760457372],7.717,-2.978,1.69,,,
[1758212842765584038],6.29,-3.112,2.55,,,
[1758212842770684611],7.506,-3.206,2.83,,,
[1758212842775763257],6.553,-3.359,3.196,,,
[1758212842780868934],8.346,-3.637,3.218,,,
[1758212842786023986],8.08,-4.223,3.615,,,
[1758212842791144611],8.837,-4.168,3.8,,,
[1758212842796366122],8.662,-4.508,4.257,,,
[1758212842803010236],8.983,-4.41,4.532,,,
[1758212842808283465],10.127,-4.858,4.678,,,
[1758212842813374455],9.431,-4.863,4.336,,,
[1758212842818506226],11.009,-5.363,4.666,,,
[1758212842823655705],10.297,-5.315,3.792,,,
[1758212842828778465],12.098,-5.792,3.144,,,
[1758212842833939143],10.573,-5.571,2.875,,,
[1758212842839404038],12.265,-5.909,2.121,,,
[1758212842844580913],11.281,-5.693,1.46,,,
[1758212842849828153],12.495,-5.873,1.865,,,
[1758212842855008674],10.86,-5.464,1.08,,,
[1758212842860116799],11.76,-5.133,0.141,,,
[1758212842865247684],10.132,-4.942,0.359,,,
[1758212842870354299],10.546,-4.475,0.634,,,
[1758212842875465445],9.505,-4.353,-0.218,,,
[1758212842880581122],10.048,-4.355,-0.354,,,
[1758212842885757215],8.66,-4.204,0.144,,,
[1758212842890966590],9.335,-3.776,-0.014,,,
[1758212842896108986],7.685,-3.766,0.11,,,
[1758212842901250445],8.272,-3.481,0.014,,,
[1758212842906480028],7.434,-3.421,0.874,,,
[1758212842913907736],6.342,-3.141,1.604,,,
[1758212842919193986],7.767,-3.206,1.765,,,
[1758212842924331955],6.007,-3.079,2.358,,,
[1758212842929437163],7.642,-3.096,2.854,,,
[1758212842934566747],6.673,-3.29,2.911,,,
[1758212842939728413],8.693,-4.104,3.16,,,
[1758212842945367007],7.901,-4.31,3.419,,,
[1758212842950531590],9.222,-4.386,4.164,,,
[1758212842955740393],8.763,-4.571,4.683,,,
[1758212842960874924],9.969,-4.317,4.463,,,
[1758212842966021278],8.911,-4.65,4.628,,,
[1758212842971144559],10.76,-5.03,4.341,,,
[1758212842976261382],10.357,-5.38,4.556,,,
[1758212842981395288],11.284,-5.308,3.701,,,
[1758212842986572267],11.303,-5.777,2.981,,,
[1758212842991787163],11.36,-5.547,2.531,,,
[1758212842996984924],11.851,-5.729,2.602,,,
[1758212843002192684],11.858,-5.578,1.753,,,
[1758212843007411434],11.751,-5.978,1.554,,,
[1758212843012653153],10.783,-5.432,0.807,,,
[1758212843018146278],11.602,-5.332,1.348,,,
[1758212843023615861],9.627,-4.733,0.986,,,
[1758212843029940132],10.453,-4.685,0.007,,,
[1758212843036267163],9.342,-4.468,-0.469,,,
[1758212843041573517],9.359,-3.912,-0.486,,,
[1758212843046761278],8.775,-3.847,-0.223,,,
[1758212843052244090],8.1,-3.63,-0.649,,,
[1758212843057447945],7.8,-3.536,-0.117,,,
[1758212843062634038],7.075,-3.057,0.974,,,
[1758212843067738361],7.743,-3.364,1.664,,,
[1758212843072917372],6.438,-3.05,1.731,,,
[1758212843078094559],7.482,-3.326,2.191,,,
[1758212843083325549],6.311,-3.158,2.655,,,
[1758212843088430757],7.635,-3.268,2.82,,,
[1758212843093551486],6.663,-3.922,3.223,,,
[1758212843098674090],8.669,-4.386,3.859,,,
[1758212843103854351],7.994,-4.089,3.675,,,
[1758212843108966955],9.594,-4.492,4.271,,,
[1758212843114146799],8.679,-4.599,4.551,,,
[1758212843119341382],10.06,-4.894,4.432,,,
[1758212843124628309],9.129,-4.815,4.204,,,
[1758212843130136799],11.241,-5.246,4.015,,,
[1758212843135390705],9.876,-5.267,3.986,,,
[1758212843140507372],11.674,-5.507,3.012,,,
[1758212843145639351],10.965,-5.93,2.715,,,
[1758212843150760288],12.507,-5.938,2.337,,,
[1758212843156025809],11.533,-5.677,2.545,,,
[1758212843162346955],11.581,-5.535,1.748,,,
[1758212843168790497],11.835,-5.588,0.998,,,
[1758212843174040809],10.384,-4.978,0.639,,,
[1758212843179180549],11.121,-5.016,0.532,,,
[1758212843184331382],9.064,-4.446,0.199,,,
[1758212843189438465],10.116,-4.475,0.067,,,
[1758212843194588049],8.521,-4.283,-0.172,,,
[1758212843199750497],9.708,-4.14,-0.572,,,
[1758212843204951955],7.927,-3.84,-0.017,,,
[1758212843210088205],8.497,-3.606,-0.038,,,
[1758212843215297163],7.331,-3.443,0.517,,,
[1758212843220406069],8.143,-3.115,1.257,,,
[1758212843225549351],6.699,-3.129,1.583,,,
[1758212843230688465],7.582,-3.172,2.37,,,
[1758212843236280236],6.625,-3.191,2.682,,,
[1758212843241412059],7.096,-2.974,2.897,,,
[1758212843246546330],6.797,-3.512,3.213,,,
[1758212843251705757],7.961,-3.764,2.794,,,
[1758212843256922476],8.143,-4.314,3.201,,,
[1758212843262038465],8.926,-4.147,3.093,,,
[1758212843267131382],9.383,-4.633,4.353,,,
[1758212843272304507],9.012,-4.477,4.298,,,
[1758212843278351590],10.209,-4.901,4.513,,,
[1758212843283478622],9.359,-4.779,4.286,,,
[1758212843288594663],11.277,-5.291,4.317,,,
[1758212843293770705],10.034,-5.361,3.938,,,
[1758212843298919924],11.655,-5.748,3.089,,,
[1758212843304205080],10.891,-5.76,2.55,,,
[1758212843309337007],12.644,-5.832,2.081,,,
[1758212843314522580],11.073,-5.794,2.243,,,
[1758212843319636955],12.512,-6.014,1.697,,,
[1758212843324887528],10.819,-5.418,1.24,,,
[1758212843330084663],11.653,-5.183,1.013,,,
[1758212843335249767],9.562,-4.803,0.788,,,
[1758212843340407892],10.336,-4.381,0.472,,,
[1758212843345864767],9.313,-4.271,-0.156,,,
[1758212843350993569],9.996,-4.372,-0.196,,,
[1758212843356204767],8.428,-4.144,-0.251,,,
[1758212843361354090],8.526,-3.795,-0.225,,,
[1758212843366540080],7.884,-3.833,0.093,,,
[1758212843371770080],8.112,-3.364,0.113,,,
[1758212843376866851],7.448,-3.359,1.355,,,
[1758212843382015184],7.278,-2.928,1.592,,,
[1758212843387506122],7.362,-3.211,1.867,,,
[1758212843392702424],6.57,-3.0,2.186,,,
[1758212843397891122],7.307,-3.108,2.749,,,
[1758212843403122371],6.744,-3.304,3.079,,,
[1758212843408374403],7.946,-4.12,3.57,,,
[1758212843413585965],7.812,-4.132,3.567,,,
[1758212843418698361],9.682,-4.592,4.061,,,
[1758212843423870757],8.181,-4.745,4.434,,,
[1758212843428977944],9.531,-4.712,4.614,,,
[1758212843434105444],9.115,-4.566,4.422,,,
[1758212843439247736],10.774,-5.179,4.616,,,
[1758212843444412007],9.756,-5.104,3.783,,,
[1758212843449609819],11.444,-5.552,3.742,,,
[1758212843455209871],10.463,-5.667,3.596,,,
[1758212843460388257],12.316,-5.732,2.933,,,
[1758212843465561121],11.32,-5.82,2.375,,,
[1758212843470705288],12.048,-5.827,1.539,,,
[1758212843475900236],11.315,-5.816,1.259,,,
[1758212843481014351],12.289,-5.425,1.192,,,
[1758212843486131330],10.748,-5.119,0.625,,,
[1758212843491251017],10.637,-5.04,0.438,,,
[1758212843496889819],10.008,-4.654,0.156,,,
[1758212843502081017],9.967,-4.348,-0.165,,,
[1758212843507318726],9.467,-4.343,0.086,,,
[1758212843512572371],8.863,-4.017,-0.297,,,
[1758212843517709819],9.096,-3.941,-0.426,,,
[1758212843522882371],7.626,-3.594,-0.156,,,
[1758212843527995913],8.267,-3.452,0.575,,,
[1758212843533157476],6.766,-3.067,0.543,,,
[1758212843538389246],7.307,-3.393,1.638,,,
[1758212843543560236],6.495,-2.88,1.796,,,
[1758212843548687840],7.42,-3.201,2.382,,,
[1758212843553901069],6.146,-3.302,2.837,,,
[1758212843563889663],7.12,-3.972,3.074,,,
[1758212843569150757],9.237,-4.271,3.642,,,
[1758212843574272528],8.016,-4.085,3.809,,,
[1758212843579373413],9.68,-4.729,4.161,,,
[1758212843584500705],8.547,-4.733,4.336,,,
[1758212843589601694],10.149,-4.707,4.135,,,
[1758212843594769299],9.208,-4.891,4.183,,,
[1758212843599905184],11.186,-5.399,4.041,,,
[1758212843605460184],10.111,-5.418,3.768,,,
[1758212843610700288],11.811,-5.516,2.873,,,
[1758212843615882007],11.303,-5.851,3.012,,,
[1758212843621033986],11.957,-5.873,2.698,,,
[1758212843626205757],11.583,-5.954,2.243,,,
[1758212843631360913],12.107,-5.753,1.468,,,
[1758212843636513621],11.262,-5.495,1.214,,,
[1758212843641615809],11.339,-5.191,0.522,,,
[1758212843646765705],10.372,-5.004,0.637,,,
[1758212843651995132],9.558,-4.31,-0.002,,,
[1758212843657242580],10.23,-4.465,0.285,,,
[1758212843662424455],9.61,-4.022,-0.235,,,
[1758212843667905757],8.897,-4.14,-0.117,,,
[1758212843673126278],8.107,-3.694,-0.601,,,
[1758212843678252215],8.729,-3.728,0.194,,,
[1758212843683381642],7.393,-3.184,0.029,,,
[1758212843688483778],8.219,-3.481,0.924,,,
[1758212843693624559],6.589,-3.148,1.791,,,
[1758212843698784923],7.683,-3.012,1.686,,,
[1758212843704003153],6.335,-3.021,2.389,,,
[1758212843709165236],7.532,-3.553,2.832,,,
[1758212843715719194],6.361,-3.304,3.491,,,
[1758212843720964819],8.722,-3.826,3.476,,,
[1758212843726075653],7.875,-4.286,3.661,,,
[1758212843731175028],8.95,-4.257,3.931,,,
[1758212843736300913],8.729,-4.666,4.195,,,
[1758212843741403257],9.522,-4.623,4.424,,,
[1758212843746509194],9.56,-4.863,4.822,,,
[1758212843751635861],10.132,-4.992,4.424,,,
[1758212843756993673],9.984,-5.409,4.465,,,
[1758212843762307528],10.803,-5.191,3.637,,,
[1758212843767461486],11.519,-5.66,2.964,,,
[1758212843772730444],11.451,-5.425,2.722,,,
[1758212843778226746],12.198,-6.014,2.205,,,
[1758212843783353101],11.365,-5.708,1.451,,,
[1758212843788436694],12.651,-5.947,1.76,,,
[1758212843793607215],10.879,-5.404,1.226,,,
[1758212843798787632],11.787,-5.337,1.372,,,
[1758212843804027267],9.823,-4.736,0.745,,,
[1758212843809176590],10.611,-4.671,0.299,,,
[1758212843814489038],9.005,-4.281,-0.156,,,
[1758212843819895601],9.905,-4.293,-0.11,,,
[1758212843825084559],8.159,-3.886,-0.199,,,
[1758212843830234194],9.471,-3.716,-0.582,,,
[1758212843835426226],7.731,-3.735,-0.136,,,
[1758212843840551798],8.238,-3.637,0.508,,,
[1758212843845693309],6.934,-3.215,0.955,,,
[1758212843850846434],7.781,-3.029,1.532,,,
[1758212843856075132],6.622,-3.084,2.116,,,
[1758212843861244819],7.264,-3.065,2.332,,,
[1758212843866476017],6.716,-3.318,2.811,,,
[1758212843871616225],7.549,-3.232,3.148,,,
[1758212843876823257],7.695,-3.922,3.443,,,
[1758212843881944194],8.301,-4.14,3.548,,,
[1758212843887167059],8.499,-4.398,3.9,,,
[1758212843892368413],8.938,-4.393,4.113,,,
[1758212843897515496],9.756,-4.673,4.671,,,
[1758212843902771486],9.251,-4.492,4.039,,,
[1758212843907939090],10.147,-5.001,4.125,,,
[1758212843913085132],10.08,-5.057,4.207,,,
[1758212843918195965],11.332,-5.229,3.886,,,
[1758212843923775757],10.64,-5.212,2.787,,,
[1758212843928980288],12.325,-5.976,2.775,,,
[1758212843934184507],11.042,-5.672,1.879,,,
[1758212843939332580],12.804,-5.928,1.599,,,
[1758212843944487632],11.337,-5.895,0.893,,,
[1758212843949636330],12.378,-5.72,1.02,,,
[1758212843954832996],10.386,-5.09,0.881,,,
[1758212843959949455],10.985,-4.887,0.508,,,
[1758212843965155392],9.419,-4.46,0.096,,,
[1758212843970387475],10.537,-4.554,0.146,,,
[1758212843975500809],8.633,-4.281,0.453,,,
[1758212843980658309],9.584,-4.125,-0.254,,,
[1758212843985842163],8.313,-3.893,-0.546,,,
[1758212843990988361],8.607,-3.637,0.062,,,
[1758212843996649975],7.092,-3.582,0.512,,,
[1758212844001815288],7.489,-3.215,1.113,,,
[1758212844007029975],7.13,-3.17,1.583,,,
[1758212844012221642],7.058,-2.768,1.987,,,
[1758212844017363830],6.711,-3.247,2.816,,,
[1758212844022496173],6.625,-3.232,2.346,,,
[1758212844027626382],7.266,-3.591,3.045,,,
[1758212844033962580],7.163,-3.915,3.302,,,
[1758212844040389038],9.131,-4.329,3.919,,,
[1758212844045583934],8.377,-4.307,4.671,,,
[1758212844050696850],9.778,-4.432,4.513,,,
[1758212844055903621],9.072,-4.733,4.231,,,
[1758212844060983152],10.161,-4.846,4.614,,,
[1758212844066064663],9.766,-5.028,4.973,,,
[1758212844071156277],10.874,-5.049,4.436,,,
[1758212844076313882],10.57,-5.37,3.393,,,
[1758212844081444819],11.729,-5.533,3.16,,,
[1758212844086647371],10.989,-5.672,2.952,,,
[1758212844091763517],12.409,-5.576,1.913,,,
[1758212844096870184],11.746,-5.945,1.906,,,
[1758212844102424559],11.674,-5.535,1.484,,,
[1758212844107613830],11.387,-5.55,1.015,,,
[1758212844112805340],11.159,-4.877,0.457,,,
[1758212844117965600],10.714,-4.791,0.488,,,
[1758212844123079507],9.354,-4.401,-0.096,,,
[1758212844128175288],10.008,-4.408,0.151,,,
[1758212844133320288],8.823,-4.104,-0.737,,,
[1758212844138460080],9.503,-4.142,-0.299,,,
[1758212844143744871],7.992,-3.704,-0.218,,,
[1758212844150299298],8.38,-3.587,0.378,,,
[1758212844155788569],6.814,-2.95,0.907,,,
[1758212844160923413],8.033,-3.242,1.705,,,
[1758212844166061590],6.642,-3.086,1.748,,,
[1758212844171174455],7.039,-2.914,1.927,,,
[1758212844176256694],6.395,-3.242,2.732,,,
[1758212844181348882],7.341,-3.187,2.459,,,
[1758212844186493934],7.061,-3.646,3.306,,,
[1758212844191670965],8.217,-4.087,3.46,,,
[1758212844196956277],8.176,-4.41,4.046,,,
[1758212844202106017],8.942,-4.288,4.31,,,
[1758212844208461538],9.685,-4.561,4.626,,,
[1758212844213725236],8.988,-4.63,4.535,,,
[1758212844218844559],10.228,-5.133,4.815,,,
[1758212844223990548],9.732,-5.16,4.312,,,
[1758212844229112892],11.274,-5.31,4.094,,,
[1758212844234234038],10.434,-5.54,3.388,,,
[1758212844239337892],11.923,-5.971,2.978,,,
[1758212844244464559],10.803,-5.71,2.672,,,
[1758212844249584298],12.517,-5.722,2.255,,,
[1758212844255264923],11.15,-5.77,1.542,,,
[1758212844260405288],12.254,-5.794,1.446,,,
[1758212844265557944],10.75,-5.308,0.953,,,
[1758212844270706434],11.586,-5.102,1.018,,,
[1758212844275890704],9.598,-4.554,0.673,,,
[1758212844281004090],10.324,-4.736,-0.237,,,
[1758212844286148829],9.072,-4.506,-0.127,,,
[1758212844291271850],9.965,-3.943,0.072,,,
[1758212844296499507],8.545,-4.096,-0.268,,,
[1758212844301658204],8.497,-3.733,-0.165,,,
[1758212844309992059],8.346,-3.785,0.136,,,
[1758212844315360496],6.749,-3.172,1.099,,,
[1758212844320544819],7.76,-3.213,1.657,,,
[1758212844325642892],6.237,-3.213,1.7,,,
[1758212844330729559],7.724,-3.072,2.071,,,
[1758212844335859871],6.45,-3.129,3.005,,,
[1758212844340969298],8.073,-3.318,2.842,,,
[1758212844346075861],7.123,-3.867,3.199,,,
[1758212844351235809],8.988,-4.175,3.8,,,
[1758212844356524246],8.748,-4.389,4.135,,,
[1758212844363222892],8.842,-4.317,4.468,,,
[1758212844368512059],9.682,-4.688,4.803,,,
[1758212844373616069],9.05,-4.688,4.46,,,
[1758212844378703100],10.8,-5.148,5.037,,,
[1758212844383848777],9.965,-5.011,3.962,,,
[1758212844388949507],11.444,-5.329,3.694,,,
[1758212844394045913],10.463,-5.523,3.27,,,
[1758212844399158100],12.208,-5.883,2.65,,,
[1758212844404446954],11.016,-5.629,2.054,,,
[1758212844409668257],12.457,-5.954,1.925,,,
[1758212844414817632],11.028,-5.535,1.616,,,
[1758212844420341746],12.378,-5.605,1.178,,,
[1758212844425488100],10.448,-4.961,0.886,,,
[1758212844430600548],10.731,-4.638,0.369,,,
[1758212844435779663],9.234,-4.506,0.261,,,
[1758212844440936329],10.171,-4.525,0.199,,,
[1758212844446042996],8.813,-4.221,-0.077,,,
[1758212844451187475],9.768,-4.073,-0.079,,,
[1758212844456456225],7.807,-4.015,0.005,,,
[1758212844461607996],8.815,-3.395,0.268,,,
[1758212844467146486],7.721,-3.618,0.407,,,
[1758212844472397788],7.592,-3.239,1.106,,,
[1758212844477530809],6.926,-3.273,1.884,,,
[1758212844483790079],6.124,-3.036,2.43,,,
[1758212844489028465],7.391,-3.084,2.868,,,
[1758212844494149715],6.278,-3.191,2.741,,,
[1758212844499266017],8.224,-3.536,3.263,,,
[1758212844504490340],7.108,-3.871,3.239,,,
[1758212844509586694],9.354,-4.515,3.251,,,
[1758212844514702788],8.203,-4.322,4.015,,,
[1758212844519812006],9.55,-4.587,4.113,,,
[1758212844524993829],8.854,-4.638,4.319,,,
[1758212844530581329],10.441,-5.104,4.338,,,
[1758212844535824871],9.878,-4.875,4.322,,,
[1758212844540962006],11.147,-5.188,4.276,,,
[1758212844546095131],10.551,-5.37,3.905,,,
[1758212844551200027],11.858,-5.655,3.254,,,
[1758212844556419871],11.143,-5.789,2.703,,,
[1758212844561539454],12.186,-5.76,1.961,,,
[1758212844566711590],11.346,-5.923,1.978,,,
[1758212844573641642],11.863,-5.497,0.965,,,
[1758212844578974298],11.964,-5.483,1.211,,,
[1758212844584229194],9.797,-4.779,1.221,,,
[1758212844589351277],10.767,-4.8,0.766,,,
[1758212844594492996],9.237,-4.413,0.036,,,
[1758212844599610496],10.489,-4.606,0.225,,,
[1758212844604817684],8.303,-4.032,-0.101,,,
[1758212844609942267],9.371,-3.984,-0.603,,,
[1758212844615099090],7.547,-3.649,-0.244,,,
[1758212844620231225],8.631,-3.373,0.218,,,
[1758212844625447944],7.015,-3.191,0.687,,,
[1758212844630576590],7.731,-3.28,1.832,,,
[1758212844637079611],6.512,-3.05,1.762,,,
[1758212844642389819],7.154,-2.816,1.894,,,
[1758212844647519819],6.91,-3.232,2.95,,,
[1758212844652723673],7.094,-3.201,3.031,,,
[1758212844657876329],7.446,-4.003,3.515,,,
[1758212844662972944],8.411,-4.077,3.349,,,
[1758212844668059454],8.765,-4.48,4.01,,,
[1758212844673241694],8.384,-4.216,3.965,,,
[1758212844678432944],9.507,-4.963,4.654,,,
[1758212844683974923],8.928,-4.65,4.633,,,
[1758212844689154819],10.293,-4.954,4.741,,,
[1758212844694327475],9.876,-5.004,4.396,,,
[1758212844699479975],11.308,-5.382,4.396,,,
[1758212844704719350],10.506,-5.54,3.187,,,
[1758212844709835131],12.361,-6.093,2.792,,,
[1758212844714959402],10.779,-5.696,2.399,,,
[1758212844720102683],12.282,-5.725,1.812,,,
[1758212844725395131],11.279,-5.713,1.779,,,
[1758212844730579298],12.354,-5.535,1.319,,,
[1758212844735711850],10.47,-5.186,0.927,,,
[1758212844741114819],11.202,-4.808,0.443,,,
[1758212844746300600],9.158,-4.63,0.814,,,
[1758212844751414090],10.436,-4.379,0.419,,,
[1758212844756674402],9.194,-4.355,-0.144,,,
[1758212844761794454],9.328,-4.113,-0.285,,,
[1758212844766917475],8.535,-4.154,-0.215,,,
[1758212844772181642],8.701,-3.349,-0.029,,,
[1758212844777365756],7.843,-3.534,0.211,,,
[1758212844782603308],7.448,-3.436,0.883,,,
[1758212844787858725],7.314,-3.474,1.915,,,
[1758212844793371590],6.874,-2.988,1.621,,,
[1758212844798538100],7.331,-3.299,2.648,,,
[1758212844803746590],6.127,-3.165,2.662,,,
[1758212844808892058],7.664,-3.608,3.211,,,
[1758212844814091121],7.032,-3.436,3.294,,,
[1758212844819201277],8.921,-4.405,3.484,,,
[1758212844824315027],8.037,-4.422,3.905,,,
[1758212844829458413],9.459,-4.556,4.252,,,
[1758212844834685288],8.602,-4.688,4.063,,,
[1758212844839871850],10.202,-5.006,4.192,,,
[1758212844845014715],9.187,-4.664,4.743,,,
[1758212844851508621],11.109,-5.088,4.257,,,
[1758212844857867683],11.068,-5.418,3.917,,,
[1758212844863268465],11.085,-5.341,2.813,,,
[1758212844868392163],11.775,-5.954,2.926,,,
[1758212844873568986],11.231,-5.665,2.289,,,
[1758212844878682215],12.524,-5.899,1.774,,,
[1758212844883818725],11.143,-5.61,1.094,,,
[1758212844888922788],12.036,-5.528,1.049,,,
[1758212844894064454],10.295,-5.061,0.505,,,
[1758212844899490079],11.164,-4.836,0.678,,,
[1758212844904757319],9.017,-4.448,0.438,,,
[1758212844909985079],10.448,-4.606,-0.136,,,
[1758212844915126329],8.442,-4.302,-0.096,,,
[1758212844920250027],9.486,-4.183,-0.524,,,
[1758212844925412111],8.226,-3.809,0.002,,,
[1758212844930572840],8.878,-3.56,0.23,,,
[1758212844935744715],7.065,-3.323,0.208,,,
[1758212844940849350],8.207,-3.472,1.101,,,
[1758212844946084090],6.613,-3.27,2.1,,,
[1758212844951311121],7.772,-2.983,2.054,,,
[1758212844956903152],6.531,-3.381,2.473,,,
[1758212844962022840],7.005,-3.105,3.177,,,
[1758212844967118673],7.082,-3.421,3.496,,,
[1758212844972369871],7.985,-3.737,3.462,,,
[1758212844977520131],8.265,-4.281,4.003,,,
[1758212844982733100],8.772,-4.226,3.797,,,
[1758212844987844610],9.603,-4.796,4.247,,,
[1758212844992971590],9.081,-4.52,3.891,,,
[1758212844998137110],9.701,-4.815,4.372,,,
[1758212845003411538],9.582,-4.918,4.106,,,
[1758212845009219975],11.31,-5.444,4.185,,,
[1758212845014352735],10.118,-5.303,3.529,,,
[1758212845019493256],11.885,-5.78,3.352,,,
[1758212845024770652],10.795,-5.713,2.866,,,
[1758212845029897423],12.517,-5.813,2.066,,,
[1758212845035063517],10.965,-5.703,1.647,,,
[1758212845040220704],12.546,-5.947,1.094,,,
[1758212845045372267],10.774,-5.483,0.721,,,
[1758212845050548204],11.856,-5.126,0.318,,,
[1758212845055913413],9.687,-4.738,0.196,,,
[1758212845061083360],10.472,-4.7,0.168,,,
[1758212845066569402],9.33,-4.35,-0.153,,,
[1758212845071710496],9.701,-4.18,-0.474,,,
[1758212845076882163],8.631,-4.123,-0.177,,,
[1758212845082027267],9.177,-3.563,-0.065,,,
[1758212845087183725],7.882,-3.833,0.165,,,
[1758212845092422475],7.836,-3.239,0.292,,,
[1758212845097680860],7.321,-3.371,1.396,,,
[1758212845102976277],7.084,-2.947,1.341,,,
[1758212845108137683],7.113,-3.115,2.081,,,
[1758212845113265288],6.397,-2.935,2.413,,,
[1758212845118728829],7.274,-3.081,2.744,,,
[1758212845123846954],6.771,-3.237,3.108,,,
[1758212845132447735],8.363,-3.998,3.254,,,
[1758212845138830444],9.055,-4.338,3.924,,,
[1758212845144036798],8.705,-4.405,4.326,,,
[1758212845149146590],9.874,-4.664,4.681,,,
[1758212845154350287],8.935,-4.618,4.561,,,
[1758212845159474037],10.707,-5.207,4.693,,,
[1758212845164557631],9.907,-5.064,4.602,,,
[1758212845169666381],11.514,-5.555,3.917,,,
[1758212845174975600],10.187,-5.588,3.136,,,
[1758212845180115235],12.074,-5.923,2.696,,,
[1758212845185323777],11.114,-5.772,2.567,,,
[1758212845190457423],12.572,-5.887,1.755,,,
[1758212845195643829],11.21,-5.741,1.757,,,
[1758212845200896850],12.22,-5.614,1.341,,,
[1758212845206187215],10.427,-5.102,1.271,,,
[1758212845211320235],10.949,-4.7,1.123,,,
[1758212845216493985],9.371,-4.741,1.025,,,
[1758212845221644454],10.065,-4.386,0.144,,,
[1758212845227274037],8.655,-4.525,-0.204,,,
[1758212845232891225],9.117,-3.876,-0.362,,,
[1758212845238056277],8.545,-4.049,-0.46,,,
[1758212845243194767],8.011,-3.656,-0.338,,,
[1758212845248348152],7.728,-3.527,0.728,,,
[1758212845253573048],6.838,-3.026,1.135,,,
[1758212845258693621],7.472,-3.211,1.451,,,
[1758212845263874610],6.381,-3.029,1.949,,,
[1758212845269139142],7.106,-3.311,3.098,,,
[1758212845274347058],6.314,-2.935,2.5,,,
[1758212845279453985],7.927,-3.503,2.301,,,
[1758212845284916225],7.209,-3.934,3.002,,,
[1758212845290029142],9.134,-4.391,4.12,,,
[1758212845295236954],8.107,-4.233,3.704,,,
[1758212845301685912],9.333,-4.587,4.183,,,
[1758212845307171069],9.146,-4.642,4.135,,,
[1758212845312375704],9.902,-4.772,4.187,,,
[1758212845317503829],9.826,-5.322,4.154,,,
[1758212845322687267],10.57,-5.052,3.924,,,
[1758212845327846329],11.044,-5.392,3.773,,,
[1758212845333397267],11.26,-5.617,2.71,,,
[1758212845338598621],11.768,-5.892,2.708,,,
[1758212845343771329],11.195,-5.605,2.049,,,
[1758212845349034298],12.361,-5.923,1.867,,,
[1758212845354280340],11.116,-5.598,1.635,,,
[1758212845359437110],11.983,-5.298,1.106,,,
[1758212845364578569],10.297,-4.958,0.85,,,
[1758212845369827527],10.848,-4.829,0.342,,,
[1758212845375040027],9.002,-4.35,0.115,,,
[1758212845380176017],10.386,-4.499,-0.417,,,
[1758212845385359194],8.55,-4.3,-0.261,,,
[1758212845390809142],9.357,-3.934,-0.12,,,
[1758212845396059871],7.767,-3.577,-0.062,,,
[1758212845401232058],8.442,-3.656,0.072,,,
[1758212845406507527],7.29,-3.144,1.331,,,
[1758212845411631589],7.925,-3.151,1.607,,,
[1758212845416792787],6.577,-3.227,1.305,,,
[1758212845421922944],6.965,-2.914,2.217,,,
[1758212845427072058],6.677,-3.352,3.177,,,
[1758212845432288360],7.348,-3.081,2.782,,,
[1758212845437508517],7.173,-3.618,3.055,,,
[1758212845443280392],7.666,-3.862,3.474,,,
[1758212845448518725],8.739,-4.336,3.721,,,
[1758212845454851642],8.358,-4.262,4.293,,,
[1758212845460077631],9.826,-4.836,4.334,,,
[1758212845465237631],8.71,-4.872,4.475,,,
[1758212845470356381],10.719,-5.006,4.484,,,
[1758212845475500496],9.51,-5.001,4.415,,,
[1758212845480613517],11.353,-5.349,4.073,,,
[1758212845485740964],10.41,-5.531,3.816,,,
[1758212845490856746],12.22,-5.576,2.701,,,
[1758212845496346121],11.068,-5.782,2.069,,,
[1758212845501689662],12.28,-5.693,2.306,,,
[1758212845506950808],11.143,-5.818,1.721,,,
[1758212845512092423],11.789,-5.49,1.041,,,
[1758212845517266642],11.222,-5.478,1.259,,,
[1758212845522431589],10.867,-4.65,0.931,,,
[1758212845527585860],9.84,-4.705,0.493,,,
[1758212845532865860],9.938,-4.475,-0.163,,,
[1758212845538017006],9.613,-4.549,-0.024,,,
[1758212845543244767],8.768,-4.056,-0.223,,,
[1758212845548839506],9.158,-4.046,-0.172,,,
[1758212845554109350],7.817,-3.651,-0.048,,,
[1758212845559257214],8.741,-3.467,0.314,,,
[1758212845564415444],6.797,-3.11,0.814,,,
[1758212845569637579],7.702,-3.34,1.688,,,
[1758212845574766746],6.393,-2.988,1.506,,,
[1758212845579896173],7.657,-3.16,2.212,,,
[1758212845585089089],5.981,-2.978,2.588,,,
[1758212845590230183],7.848,-3.543,3.089,,,
[1758212845595440756],6.876,-3.57,3.081,,,
[1758212845600575339],8.993,-4.245,3.117,,,
[1758212845606110600],7.963,-4.398,4.061,,,
[1758212845611279506],9.438,-4.374,4.14,,,
[1758212845616394298],8.614,-4.439,4.937,,,
[1758212845621566589],10.094,-4.669,4.846,,,
[1758212845626778569],9.708,-4.829,4.822,,,
[1758212845631918673],10.951,-5.128,3.903,,,
[1758212845637161641],10.345,-5.318,4.305,,,
[1758212845642332266],10.879,-5.526,3.153,,,
[1758212845647469402],11.526,-5.928,3.045,,,
[1758212845652753829],11.94,-5.44,2.437,,,
[1758212845658241537],11.918,-5.861,1.774,,,
[1758212845663349558],11.27,-5.748,1.269,,,
[1758212845668448881],12.244,-5.885,1.539,,,
[1758212845673656016],11.126,-5.076,0.656,,,
[1758212845678887266],10.92,-5.083,0.62,,,
[1758212845683990339],9.4,-4.499,0.247,,,
[1758212845689142891],10.379,-4.7,0.146,,,
[1758212845694327683],9.299,-4.199,0.235,,,
[1758212845699444454],9.448,-4.298,-0.074,,,
[1758212845704707371],7.985,-4.123,-0.139,,,
[1758212845709857423],9.108,-3.852,0.316,,,
[1758212845715439766],7.341,-3.385,0.036,,,
[1758212845720804819],8.305,-3.457,0.915,,,
[1758212845725946798],6.278,-3.352,1.592,,,
[1758212845731082787],7.757,-3.062,1.776,,,
[1758212845736239506],6.424,-2.684,2.169,,,
[1758212845741354558],7.501,-3.266,3.014,,,
[1758212845746435079],6.199,-3.534,3.053,,,
[1758212845751585079],8.009,-3.481,3.481,,,
[1758212845756836537],7.786,-4.128,3.527,,,
[1758212845762161954],9.067,-4.41,3.97,,,
[1758212845767713360],8.928,-4.475,4.393,,,
[1758212845772920860],9.019,-4.348,4.42,,,
[1758212845778039350],9.819,-5.013,4.621,,,
[1758212845783190183],10.036,-4.769,3.972,,,
[1758212845788345287],10.546,-5.464,4.403,,,
[1758212845795465183],9.819,-5.399,3.333,,,
[1758212845800661277],12.0,-5.555,2.844,,,
[1758212845805927318],10.851,-5.605,2.607,,,
[1758212845811218933],12.237,-5.88,2.466,,,
[1758212845816364766],11.162,-5.519,2.107,,,
[1758212845821824975],12.05,-5.655,1.585,,,
[1758212845826990131],10.882,-5.346,1.453,,,
[1758212845832176641],11.341,-4.999,0.869,,,
[1758212845837323985],9.907,-4.767,0.737,,,
[1758212845842503933],10.173,-4.441,0.227,,,
[1758212845847724610],9.718,-4.611,-0.22,,,
[1758212845853070808],8.973,-4.034,-0.278,,,
[1758212845858261173],8.983,-4.252,-0.311,,,
[1758212845863409975],8.638,-3.819,-0.352,,,
[1758212845868561954],8.382,-3.938,0.101,,,
[1758212845873990600],7.314,-3.242,0.194,,,
[1758212845879197527],7.918,-3.51,1.563,,,
[1758212845884382058],6.574,-3.029,1.578,,,
[1758212845889516277],7.424,-3.333,2.061,,,
[1758212845894767058],6.385,-3.105,2.521,,,
[1758212845899949246],7.384,-3.481,3.127,,,
[1758212845905258985],6.529,-3.369,3.203,,,
[1758212845910405496],8.777,-4.058,3.354,,,
[1758212845915539506],7.75,-4.135,3.737,,,
[1758212845920670027],9.273,-4.353,3.869,,,
[1758212845925798360],8.195,-4.468,4.164,,,
[1758212845932217527],9.524,-4.58,4.678,,,
[1758212845938567579],10.127,-4.958,4.482,,,
[1758212845943813985],10.262,-5.004,4.128,,,
[1758212845948933881],10.836,-5.519,4.123,,,
[1758212845954111068],10.513,-5.315,3.608,,,
[1758212845959207162],12.057,-5.684,2.871,,,
[1758212845964342110],10.918,-5.72,2.332,,,
[1758212845969463308],12.368,-5.978,2.418,,,
[1758212845974638516],11.478,-5.748,1.604,,,
[1758212845980075391],12.483,-5.669,1.051,,,
[1758212845985328933],10.501,-5.162,0.493,,,
[1758212845990452683],11.392,-5.315,0.704,,,
[1758212845995600027],9.342,-4.69,0.476,,,
[1758212846000711068],10.635,-4.733,0.062,,,
[1758212846005955496],9.021,-4.446,-0.33,,,
[1758212846011090027],9.73,-4.362,0.05,,,
[1758212846016253933],8.2,-3.8,-0.175,,,
[1758212846021446277],9.199,-3.864,-0.424,,,
[1758212846026719402],7.475,-3.527,-0.117,,,
[1758212846031885443],8.164,-3.443,0.673,,,
[1758212846038349610],7.611,-3.431,1.867,,,
[1758212846043570600],6.788,-2.818,1.468,,,
[1758212846048675704],7.075,-3.201,1.889,,,
[1758212846053846902],6.364,-3.139,2.763,,,
[1758212846058949402],7.216,-3.263,2.763,,,
[1758212846064093152],7.257,-3.539,3.215,,,
[1758212846069209610],8.291,-4.171,3.812,,,
[1758212846074367475],7.865,-4.116,3.807,,,
[1758212846079476589],9.598,-4.664,4.302,,,
[1758212846084572735],8.499,-4.365,4.166,,,
[1758212846090019089],10.257,-4.752,4.348,,,
[1758212846095236329],9.191,-4.824,4.207,,,
[1758212846100377475],10.903,-5.164,4.286,,,
[1758212846105596485],10.132,-5.344,3.79,,,
[1758212846110761537],11.827,-5.476,3.575,,,
[1758212846115884141],10.561,-5.758,2.476,,,
[1758212846121019818],11.971,-5.883,2.368,,,
[1758212846126206589],10.927,-5.701,2.076,,,
[1758212846131412787],12.718,-5.701,1.358,,,
[1758212846136594714],11.013,-5.715,1.228,,,
[1758212846141742943],11.562,-5.425,1.111,,,
[1758212846149107423],10.965,-4.913,0.79,,,
[1758212846154574454],9.167,-4.532,0.522,,,
[1758212846159737579],10.623,-4.58,0.338,,,
[1758212846164850704],8.578,-4.204,-0.211,,,
[1758212846169968256],9.639,-4.276,-0.402,,,
[1758212846175102891],8.042,-3.733,-0.01,,,
[1758212846180209923],8.849,-3.551,-0.134,,,
[1758212846185332266],7.02,-3.567,0.323,,,
[1758212846190475287],8.191,-3.364,1.161,,,
[1758212846196009193],6.563,-3.129,1.614,,,
[1758212846201243412],7.446,-3.144,1.913,,,
[1758212846206486433],5.93,-3.242,2.164,,,
[1758212846211624402],7.403,-3.127,3.024,,,
[1758212846216770600],6.795,-3.249,3.369,,,
[1758212846221885495],8.14,-3.783,3.34,,,
[1758212846227010704],7.75,-4.173,3.596,,,
[1758212846232236850],9.182,-4.353,3.627,,,
[1758212846237471798],8.449,-4.434,4.238,,,
[1758212846243000756],9.167,-4.341,4.254,,,
[1758212846248156329],9.354,-4.99,5.025,,,
[1758212846253634662],10.108,-4.731,4.408,,,
[1758212846258765391],10.906,-5.303,4.389,,,
[1758212846263931433],10.448,-5.282,3.745,,,
[1758212846269040652],11.722,-5.823,3.196,,,
[1758212846274154766],11.021,-5.562,1.999,,,
[1758212846279302839],12.251,-5.772,2.258,,,
[1758212846284552527],11.425,-5.693,1.999,,,
[1758212846289832631],12.385,-5.892,1.434,,,
[1758212846294979454],10.953,-5.466,0.891,,,
[1758212846300106641],11.93,-5.291,1.015,,,
[1758212846306649350],9.517,-4.697,0.871,,,
[1758212846312906016],9.843,-4.436,0.589,,,
[1758212846318039610],9.522,-4.544,0.158,,,
[1758212846323140652],9.103,-3.888,-0.237,,,
[1758212846328222266],9.151,-4.108,-0.4,,,
[1758212846333368256],8.442,-3.57,-0.565,,,
[1758212846338527735],8.035,-3.725,-0.117,,,
[1758212846343705808],7.752,-3.328,0.333,,,
[1758212846348852422],7.647,-3.338,1.494,,,
[1758212846354144402],6.488,-3.024,1.776,,,
[1758212846361373777],7.482,-3.17,2.073,,,
[1758212846366863256],6.244,-3.247,2.995,,,
[1758212846372012006],7.582,-3.187,2.828,,,
[1758212846377146016],7.307,-3.651,3.462,,,
[1758212846382297995],8.408,-4.07,3.397,,,
[1758212846387440079],8.356,-4.305,3.898,,,
[1758212846392607266],9.16,-4.417,3.876,,,
[1758212846397709818],8.847,-4.542,4.099,,,
[1758212846403026225],9.618,-4.547,3.967,,,
[1758212846408292995],10.082,-5.083,4.784,,,
[1758212846413800704],10.254,-5.049,3.974,,,
[1758212846418916016],10.807,-5.341,4.329,,,
[1758212846424036120],10.999,-5.394,3.567,,,
[1758212846429159089],11.842,-5.868,3.4,,,
[1758212846434290600],11.176,-5.531,2.265,,,
[1758212846439400756],12.467,-6.074,2.181,,,
[1758212846444513985],11.219,-5.751,1.257,,,
[1758212846449664818],12.38,-5.746,1.477,,,
[1758212846454959766],10.774,-5.255,0.515,,,
[1758212846460227631],11.497,-5.071,0.745,,,
[1758212846465740860],9.321,-4.523,0.215,,,
[1758212846470931954],10.424,-4.578,-0.565,,,
[1758212846476120860],8.708,-4.377,-0.314,,,
[1758212846481250756],9.847,-3.984,-0.026,,,
[1758212846486410964],8.164,-3.814,-0.34,,,
[1758212846491592162],8.815,-3.979,-0.187,,,
[1758212846496764297],7.329,-3.747,0.168,,,
[1758212846501929193],8.38,-3.364,0.836,,,
[1758212846507285079],6.802,-3.328,1.645,,,
[1758212846512588933],7.197,-3.048,1.542,,,
[1758212846517742683],6.764,-3.165,2.212,,,
[1758212846524264714],6.759,-3.089,2.617,,,
[1758212846529502214],7.721,-3.517,3.596,,,
[1758212846534624245],7.032,-3.63,3.613,,,
[1758212846539730235],9.06,-4.235,3.962,,,
[1758212846544857631],8.135,-4.195,3.8,,,
[1758212846549965391],9.5,-4.348,4.556,,,
[1758212846555146537],8.44,-4.575,4.341,,,
[1758212846560259818],10.223,-5.001,4.19,,,
[1758212846565453516],9.201,-4.884,3.967,,,
[1758212846570975912],11.231,-5.313,3.515,,,
[1758212846576196797],10.017,-5.227,3.74,,,
[1758212846581334089],11.696,-5.59,3.048,,,
[1758212846586497839],11.03,-5.746,2.528,,,
[1758212846591600652],12.189,-5.792,2.552,,,
[1758212846596708412],11.253,-5.811,2.248,,,
[1758212846601834245],12.273,-5.964,1.841,,,
[1758212846607061693],11.152,-5.387,1.245,,,
[1758212846612282787],11.88,-4.97,0.86,,,
[1758212846617792579],10.238,-5.011,0.924,,,
[1758212846623050391],10.01,-4.42,-0.06,,,
[1758212846629510027],10.228,-4.618,-0.199,,,
[1758212846635855912],8.55,-4.171,-0.256,,,
[1758212846641091433],9.637,-4.262,-0.18,,,
[1758212846646212006],7.702,-3.766,0.022,,,
[1758212846651329558],8.696,-3.797,0.117,,,
[1758212846656550495],6.773,-3.261,0.661,,,
[1758212846661657891],7.791,-3.232,1.269,,,
[1758212846666746068],6.419,-3.297,1.958,,,
[1758212846671854245],7.369,-3.084,1.731,,,
[1758212846677368204],6.455,-3.304,2.868,,,
[1758212846682628724],6.91,-3.141,2.837,,,
[1758212846687707006],7.056,-3.704,3.409,,,
[1758212846692868412],8.128,-3.943,3.484,,,
[1758212846697990079],8.641,-4.391,3.529,,,
[1758212846703175235],8.892,-3.998,3.752,,,
[1758212846708262526],9.007,-4.448,4.355,,,
[1758212846713437266],9.474,-4.609,4.398,,,
[1758212846718564818],9.558,-4.858,4.307,,,
[1758212846723780183],10.046,-4.855,4.034,,,
[1758212846728902995],10.944,-5.49,4.413,,,
[1758212846734078568],10.429,-5.076,3.622,,,
[1758212846739577162],11.825,-5.641,3.199,,,
[1758212846744717110],11.42,-5.629,2.346,,,
[1758212846749875391],12.431,-6.055,2.265,,,
[1758212846755127318],11.246,-5.717,1.731,,,
[1758212846760269922],12.548,-5.825,1.815,,,
[1758212846765402474],10.736,-5.272,0.783,,,
[1758212846770548047],11.633,-5.349,0.52,,,
[1758212846775705651],9.598,-4.587,0.737,,,
[1758212846780936641],10.458,-4.441,0.326,,,
[1758212846786521537],9.175,-4.377,0.192,,,
[1758212846791692995],9.874,-4.053,-0.189,,,
[1758212846796835443],8.045,-4.183,-0.156,,,
[1758212846801971276],8.954,-3.828,-0.175,,,
[1758212846807250443],7.585,-3.658,0.031,,,
[1758212846812439974],7.863,-3.282,-0.275,,,
[1758212846817572058],6.996,-3.318,1.441,,,
[1758212846822765964],7.652,-2.942,1.417,,,
[1758212846830656329],7.788,-3.074,1.539,,,
[1758212846837260026],6.443,-3.33,2.658,,,
[1758212846842575964],7.362,-3.294,3.395,,,
[1758212846848911433],8.021,-4.113,4.001,,,
[1758212846854192735],8.092,-4.063,3.757,,,
[1758212846859310079],9.361,-4.518,4.027,,,
[1758212846864443985],8.353,-4.429,4.073,,,
[1758212846869547995],9.895,-4.662,4.405,,,
[1758212846874653464],9.23,-4.815,4.587,,,
[1758212846879773256],10.764,-4.939,4.312,,,
[1758212846884901693],9.914,-5.21,4.563,,,
[1758212846890009245],11.301,-5.622,4.13,,,
[1758212846896551068],10.783,-5.42,2.835,,,
[1758212846901788047],12.148,-5.95,3.048,,,
[1758212846906973203],11.126,-5.849,2.365,,,
[1758212846912091224],12.263,-5.787,1.741,,,
[1758212846917246068],11.485,-5.808,1.477,,,
[1758212846922427839],11.609,-5.363,1.314,,,
[1758212846927550183],10.489,-5.188,1.089,,,
[1758212846932781172],10.393,-4.535,0.721,,,
[1758212846937934922],9.723,-4.662,0.237,,,
[1758212846943133776],10.139,-4.144,-0.39,,,
[1758212846948265235],9.055,-4.377,-0.275,,,
[1758212846953831745],8.748,-4.087,-0.141,,,
[1758212846958969089],8.799,-4.041,-0.371,,,
[1758212846964162474],7.922,-3.462,-0.644,,,
[1758212846969275547],7.788,-3.615,0.409,,,
[1758212846974406589],6.821,-3.12,0.903,,,
[1758212846979506849],7.76,-3.127,1.827,,,
[1758212846984603203],6.464,-3.175,2.241,,,
[1758212846989701693],7.41,-3.34,2.907,,,
[1758212846995040443],6.139,-3.292,2.887,,,
[1758212847000523985],8.191,-3.668,3.443,,,
[1758212847005845235],7.506,-3.864,3.457,,,
[1758212847010993464],9.146,-4.439,4.147,,,
[1758212847016107214],7.817,-4.262,3.996,,,
[1758212847021186901],9.957,-4.604,3.891,,,
[1758212847026299974],8.717,-4.527,4.48,,,
[1758212847031437787],10.094,-4.676,4.458,,,
[1758212847036592162],9.675,-5.073,4.556,,,
[1758212847041709506],11.097,-5.32,4.568,,,
[1758212847046968985],10.345,-5.38,3.742,,,
[1758212847052108464],12.021,-5.555,3.333,,,
[1758212847057315964],11.009,-5.873,2.873,,,
[1758212847063954141],11.626,-5.729,2.028,,,
[1758212847069184401],12.306,-5.962,2.179,,,
[1758212847074321224],11.509,-5.569,1.496,,,
[1758212847079430391],11.688,-5.315,1.204,,,
[1758212847084579766],10.283,-4.884,0.711,,,
[1758212847089727214],10.666,-4.903,0.891,,,
[1758212847094845495],9.309,-4.472,-0.283,,,
[1758212847099960078],10.556,-4.544,-0.345,,,
[1758212847105232370],8.48,-4.286,0.034,,,
[1758212847110831120],9.553,-4.02,-0.393,,,
[1758212847115993360],7.956,-3.723,-0.225,,,
[1758212847121111328],8.44,-3.704,-0.002,,,
[1758212847126252891],6.84,-3.318,0.903,,,
[1758212847131351641],7.86,-3.414,1.681,,,
[1758212847136446485],6.208,-3.084,1.63,,,
[1758212847141598151],7.549,-2.976,2.31,,,
[1758212847146747422],6.309,-3.194,2.61,,,
[1758212847151880964],7.436,-3.268,2.916,,,
[1758212847157170235],6.91,-3.4,2.792,,,
[1758212847162335964],8.61,-4.156,3.294,,,
[1758212847167434714],8.124,-4.092,4.135,,,
[1758212847173061380],8.756,-4.142,4.044,,,
[1758212847178249089],9.325,-4.65,4.247,,,
[1758212847183383933],9.459,-4.583,4.061,,,
[1758212847188545495],9.574,-4.863,4.441,,,
[1758212847193662995],10.357,-5.157,4.034,,,
[1758212847198803568],11.032,-5.471,4.022,,,
[1758212847203999193],10.503,-5.2,3.251,,,
[1758212847209109089],11.791,-5.775,3.019,,,
[1758212847214344245],11.102,-5.873,2.315,,,
[1758212847220875183],12.634,-5.808,1.607,,,
[1758212847226091745],11.219,-5.748,1.556,,,
[1758212847231211016],12.239,-5.964,1.29,,,
[1758212847236365808],10.441,-5.284,0.95,,,
[1758212847241453360],11.363,-4.992,0.45,,,
[1758212847246553724],9.28,-4.484,0.488,,,
[1758212847251674141],10.422,-4.812,0.35,,,
[1758212847256904037],8.703,-4.345,0.443,,,
[1758212847262069037],9.598,-4.209,-0.268,,,
[1758212847267289193],8.399,-3.915,-0.204,,,
[1758212847272494505],8.734,-3.697,-0.239,,,
[1758212847277622005],7.221,-3.498,0.158,,,
[1758212847283031120],7.472,-3.254,0.512,,,
[1758212847288238672],7.262,-3.235,1.595,,,
[1758212847293374870],7.096,-2.919,1.676,,,
[1758212847298508776],6.888,-3.266,2.243,,,
[1758212847303743985],6.766,-3.007,2.598,,,
[1758212847308947891],7.099,-3.419,3.376,,,
[1758212847314122162],7.017,-3.646,2.928,,,
[1758212847319254401],8.763,-4.561,3.515,,,
[1758212847324374610],8.131,-4.101,3.512,,,
[1758212847330862735],9.618,-4.542,4.559,,,
[1758212847336107214],8.475,-4.508,4.741,,,
[1758212847341209089],10.094,-4.652,4.017,,,
[1758212847346325391],9.076,-4.961,4.278,,,
[1758212847351437057],11.234,-5.236,3.929,,,
[1758212847356605547],10.274,-5.353,4.046,,,
[1758212847361695599],11.789,-5.495,3.455,,,
[1758212847366803099],10.702,-5.488,3.189,,,
[1758212847371966641],12.28,-5.959,2.787,,,
[1758212847377211797],11.542,-5.703,2.203,,,
[1758212847382398516],12.22,-5.703,1.559,,,
[1758212847387536276],11.284,-5.768,1.013,,,
[1758212847393097266],11.533,-5.14,0.45,,,
[1758212847398298828],10.946,-5.013,0.697,,,
[1758212847403516849],9.943,-4.573,-0.007,,,
[1758212847408644818],9.936,-4.518,-0.115,,,
[1758212847413807005],9.467,-4.24,-0.172,,,
[1758212847418909662],9.318,-4.422,-0.072,,,
[1758212847424051537],8.873,-3.783,-0.891,,,
[1758212847429182370],8.241,-3.934,-0.093,,,
[1758212847434408464],7.156,-3.488,-0.139,,,
[1758212847440010860],8.212,-3.472,0.582,,,
[1758212847445182474],6.876,-3.084,1.367,,,
[1758212847450291537],7.321,-3.275,2.136,,,
[1758212847455535912],5.861,-2.986,2.195,,,
[1758212847460680703],7.654,-3.23,2.507,,,
[1758212847465799297],6.333,-3.144,2.928,,,
[1758212847470941745],8.305,-3.984,2.801,,,
[1758212847476159662],7.393,-4.152,3.508,,,
[1758212847481378516],9.242,-4.175,3.728,,,
[1758212847486504818],8.499,-4.257,3.735,,,
[1758212847491605964],9.768,-4.669,4.058,,,
[1758212847496794037],8.681,-4.518,4.31,,,
[1758212847503340495],10.214,-4.764,4.611,,,
[1758212847508635443],10.786,-5.085,4.496,,,
[1758212847513766641],10.568,-5.248,3.297,,,
[1758212847518853047],11.317,-5.523,2.904,,,
[1758212847524007214],11.066,-5.626,2.832,,,
[1758212847529126432],11.902,-5.964,2.33,,,
[1758212847534229141],11.768,-5.397,1.638,,,
[1758212847539334766],11.803,-6.139,1.939,,,
[1758212847544519401],11.37,-5.511,1.551,,,
[1758212847551178672],12.067,-5.464,0.654,,,
[1758212847557570651],9.622,-4.879,0.785,,,
[1758212847563890547],9.629,-4.46,-0.022,,,
[1758212847569135182],9.859,-4.413,0.014,,,
[1758212847574243047],9.005,-4.07,-0.23,,,
[1758212847579347526],9.012,-4.159,0.084,,,
[1758212847584500339],7.975,-3.764,-0.278,,,
[1758212847589625912],8.248,-3.718,0.148,,,
[1758212847594793255],7.113,-3.17,0.187,,,
[1758212847599985807],8.021,-3.304,1.645,,,
[1758212847605239974],6.419,-3.175,1.611,,,
[1758212847610822057],7.403,-3.165,2.258,,,
[1758212847615997578],6.103,-3.139,2.828,,,
[1758212847621116068],7.494,-3.405,2.978,,,
[1758212847626259505],6.479,-3.486,2.981,,,
[1758212847631370287],8.995,-4.166,3.543,,,
[1758212847636500391],7.664,-4.027,3.723,,,
[1758212847641605339],9.524,-4.312,3.912,,,
[1758212847646749662],8.418,-4.436,4.271,,,
[1758212847651912266],9.984,-4.669,4.527,,,
[1758212847657572578],9.33,-4.623,4.099,,,
[1758212847662820026],10.908,-5.219,3.893,,,
[1758212847667948984],10.348,-5.344,4.24,,,
[1758212847673081849],10.891,-5.069,3.788,,,
[1758212847678238776],11.222,-5.725,3.165,,,
[1758212847683382422],11.806,-5.732,2.749,,,
[1758212847688547057],11.499,-5.945,2.282,,,
[1758212847693772005],11.717,-5.701,1.532,,,
[1758212847699027370],11.997,-5.739,1.508,,,
[1758212847704238672],11.169,-5.289,0.594,,,
[1758212847709372266],11.255,-5.203,0.735,,,
[1758212847714561224],9.713,-4.537,0.725,,,
[1758212847753959141],7.578,-3.115,0.718,,,
[1758212847760406484],7.606,-3.333,1.863,,,
[1758212847765666797],6.187,-2.847,1.999,,,
[1758212847770782943],7.558,-3.117,2.799,,,
[1758212847775928620],5.993,-3.223,3.012,,,
[1758212847781019453],7.887,-3.752,3.041,,,
[1758212847786127370],7.089,-4.015,3.338,,,
[1758212847791230234],9.404,-4.357,3.57,,,
[1758212847796362682],8.131,-4.192,4.025,,,
[1758212847801494766],9.694,-4.635,4.204,,,
[1758212847806766901],8.562,-4.477,4.403,,,
[1758212847811441693],10.417,-4.839,4.393,,,
[1758212847815989714],9.325,-4.982,4.283,,,
[1758212847820505651],11.159,-5.322,4.645,,,
[1758212847825042682],9.826,-5.313,4.125,,,
[1758212847829591120],11.468,-5.593,3.881,,,
[1758212847834130443],10.937,-5.729,2.5,,,
[1758212847838645078],11.784,-5.878,2.579,,,
[1758212847843235391],11.784,-5.756,1.999,,,
[1758212847847886276],11.787,-5.938,1.808,,,
[1758212847852489922],12.182,-5.703,1.494,,,
[1758212847857014818],11.19,-5.382,1.049,,,
[1758212847861932891],11.873,-5.294,0.804,,,
[1758212847866593307],9.85,-4.858,0.433,,,
[1758212847871125703],10.64,-4.664,-0.113,,,
[1758212847875680964],9.275,-4.439,-0.048,,,
[1758212847880192214],10.374,-4.525,0.098,,,
[1758212847884761380],8.873,-4.156,-0.658,,,
[1758212847889282943],9.187,-4.173,0.036,,,
[1758212847893853776],8.454,-3.852,-0.328,,,
[1758212847898426849],8.157,-3.852,-0.232,,,
[1758212847903083620],7.968,-3.45,0.321,,,
[1758212847907790234],7.106,-3.476,0.742,,,
[1758212847913001953],7.791,-3.22,1.65,,,
[1758212847918140234],6.481,-3.045,1.76,,,
[1758212847923273047],7.23,-3.01,2.14,,,
[1758212847928452266],6.33,-3.227,2.476,,,
[1758212847933659818],6.709,-3.153,2.32,,,
[1758212847938810182],7.309,-3.601,3.261,,,
[1758212847943956432],7.975,-3.833,3.021,,,
[1758212847949101016],8.43,-4.523,3.747,,,
[1758212847954295703],8.624,-4.19,3.962,,,
[1758212847959438464],9.261,-4.707,4.274,,,
[1758212847964558828],8.832,-4.695,4.379,,,
[1758212847970079974],10.432,-4.939,4.865,,,
[1758212847975357057],9.773,-4.934,4.501,,,
[1758212847980477526],11.073,-5.382,3.84,,,
[1758212847985607891],10.384,-5.334,3.179,,,
[1758212847990713984],12.012,-5.763,2.971,,,
[1758212847995865286],10.872,-5.684,2.861,,,
[1758212848001156328],12.376,-5.871,2.32,,,
[1758212848006663880],11.303,-5.552,1.803,,,
[1758212848011877057],12.649,-5.76,1.192,,,
[1758212848017163620],10.669,-5.215,1.24,,,
[1758212848022371380],11.454,-5.03,0.342,,,
[1758212848027489141],9.445,-4.678,0.74,,,
[1758212848032833359],10.238,-4.403,-0.022,,,
[1758212848037968672],9.352,-4.475,-0.441,,,
[1758212848043096120],9.304,-4.264,-0.23,,,
[1758212848048223255],8.294,-4.147,-0.395,,,
[1758212848053490026],8.665,-3.634,-0.022,,,
[1758212848058726797],7.75,-3.622,0.204,,,
[1758212848063877838],7.362,-3.239,0.759,,,
[1758212848068993724],7.408,-3.515,1.408,,,
[1758212848074578151],6.651,-3.146,1.587,,,
[1758212848079812370],7.724,-3.235,2.272,,,
[1758212848084938463],6.144,-3.014,2.219,,,
[1758212848090077318],7.626,-3.256,3.024,,,
[1758212848095222630],6.888,-3.512,3.223,,,
[1758212848100377995],8.65,-3.907,3.852,,,
[1758212848105622057],7.855,-3.986,3.414,,,
[1758212848110739713],9.194,-4.578,4.286,,,
[1758212848115907370],8.401,-4.515,4.29,,,
[1758212848121075026],10.446,-4.834,4.741,,,
[1758212848126178620],9.045,-4.903,4.195,,,
[1758212848131335234],10.98,-5.502,4.108,,,
[1758212848136519505],9.807,-5.341,3.922,,,
[1758212848141641536],11.868,-5.547,3.596,,,
[1758212848146793776],10.556,-5.564,2.895,,,
[1758212848151921693],11.847,-6.045,2.492,,,
[1758212848157141484],11.231,-5.839,2.418,,,
[1758212848162376172],12.479,-5.763,2.071,,,
[1758212848167522995],11.298,-5.598,1.341,,,
[1758212848172966745],12.052,-5.327,0.874,,,
[1758212848179204557],10.649,-5.14,0.68,,,
[1758212848185729557],9.706,-4.69,0.505,,,
[1758212848191066224],10.625,-4.623,-0.292,,,
[1758212848196324766],8.574,-4.398,-0.388,,,
[1758212848201429818],9.706,-4.197,-0.668,,,
[1758212848206606797],8.049,-3.807,-0.441,,,
[1758212848211732005],8.981,-3.974,-0.005,,,
[1758212848216906120],6.845,-3.342,0.589,,,
[1758212848222023568],7.997,-3.211,0.893,,,
[1758212848227169036],6.689,-3.122,1.444,,,
[1758212848232368880],7.52,-2.923,2.1,,,
[1758212848237593724],6.393,-2.88,2.507,,,
[1758212848242734713],7.479,-2.914,2.672,,,
[1758212848247856849],6.45,-3.371,3.333,,,
[1758212848253053307],8.14,-3.721,3.534,,,
[1758212848258176068],7.891,-4.362,3.39,,,
[1758212848263288880],8.657,-4.022,3.304,,,
[1758212848268382265],9.026,-4.484,3.859,,,
[1758212848273580651],9.622,-4.527,4.254,,,
[1758212848278740234],9.369,-4.863,4.767,,,
[1758212848283915182],9.948,-4.65,3.941,,,
[1758212848289034713],10.247,-5.358,4.231,,,
[1758212848295539765],10.264,-5.2,4.053,,,
[1758212848300879140],11.902,-5.602,3.297,,,
[1758212848307543463],10.953,-5.792,2.433,,,
[1758212848313958463],11.921,-5.387,1.99,,,
[1758212848319209140],11.88,-6.086,1.851,,,
[1758212848324345182],11.815,-5.643,0.85,,,
[1758212848329461484],11.679,-5.492,1.183,,,
[1758212848334614505],10.412,-4.891,0.503,,,
[1758212848339739245],10.558,-4.642,0.065,,,
[1758212848344877995],9.452,-4.566,-0.026,,,
[1758212848349997786],9.814,-4.477,0.297,,,
[1758212848355228307],8.705,-4.219,-0.539,,,
[1758212848360446068],9.476,-4.221,-0.089,,,
[1758212848365574713],7.772,-3.654,0.235,,,
[1758212848370683776],8.538,-3.785,0.148,,,
[1758212848375815286],6.881,-3.407,0.323,,,
[1758212848380925859],8.188,-3.627,1.441,,,
[1758212848386048411],6.505,-3.012,1.657,,,
[1758212848391147786],7.664,-3.151,1.925,,,
[1758212848396292734],5.839,-3.17,2.468,,,
[1758212848401383047],7.76,-3.34,2.641,,,
[1758212848406584453],6.977,-3.211,3.148,,,
[1758212848412424870],8.772,-4.13,3.407,,,
[1758212848417900755],8.102,-4.3,3.977,,,
[1758212848423064505],9.055,-4.211,4.413,,,
[1758212848428195599],8.897,-4.496,4.695,,,
[1758212848433278567],9.867,-4.669,4.029,,,
[1758212848438415442],9.196,-4.937,4.597,,,
[1758212848443632786],10.511,-4.901,4.401,,,
[1758212848448758567],10.946,-5.308,4.288,,,
[1758212848453970807],10.776,-5.31,3.089,,,
[1758212848459221067],11.394,-5.775,2.672,,,
[1758212848464377995],11.473,-5.519,2.38,,,
[1758212848469521067],11.772,-5.873,2.444,,,
[1758212848474665130],11.791,-5.593,1.688,,,
[1758212848479771328],12.287,-5.89,1.377,,,
[1758212848484921536],10.772,-5.195,1.01,,,
[1758212848492004505],11.349,-4.831,0.634,,,
[1758212848497586797],9.301,-4.685,0.589,,,
[1758212848502940495],10.053,-4.444,0.105,,,
[1758212848508157213],9.076,-4.578,-0.192,,,
[1758212848513335234],9.589,-4.087,-0.065,,,
[1758212848519833880],8.756,-4.094,-0.117,,,
[1758212848525095599],7.412,-3.417,-0.613,,,
[1758212848530217630],8.31,-3.63,0.359,,,
[1758212848535351484],7.025,-3.156,0.481,,,
[1758212848540472109],7.865,-3.323,1.642,,,
[1758212848545587474],6.4,-2.928,1.963,,,
[1758212848550710547],7.221,-3.249,2.636,,,
[1758212848555944401],6.268,-3.072,2.622,,,
[1758212848561089765],8.253,-3.543,3.122,,,
[1758212848566351015],6.974,-3.716,3.218,,,
[1758212848571532890],8.868,-4.424,3.603,,,
[1758212848576739974],7.934,-4.223,4.135,,,
[1758212848581862786],9.586,-4.415,4.475,,,
[1758212848586989557],8.411,-4.568,4.654,,,
[1758212848592102838],10.142,-4.867,4.669,,,
[1758212848597253672],9.572,-4.831,4.496,,,
[1758212848602494713],11.152,-5.164,4.12,,,
[1758212848607687265],10.216,-5.191,4.068,,,
[1758212848612950026],11.772,-5.516,2.593,,,
[1758212848618124088],11.25,-5.839,2.186,,,
[1758212848623657786],12.103,-5.588,2.571,,,
[1758212848628896536],11.602,-5.964,1.954,,,
[1758212848634068307],11.825,-5.643,1.111,,,
[1758212848639213203],12.031,-5.679,1.207,,,
[1758212848644371692],11.004,-4.934,1.128,,,
[1758212848649527734],10.736,-5.03,0.814,,,
[1758212848654786172],9.828,-4.594,-0.105,,,
[1758212848659962890],10.149,-4.597,0.041,,,
[1758212848665152213],9.048,-4.25,-0.139,,,
[1758212848670369349],9.68,-4.401,-0.062,,,
[1758212848675507942],8.042,-3.711,-0.33,,,
[1758212848680672942],8.643,-3.79,-0.445,,,
[1758212848685819192],7.219,-3.421,0.472,,,
[1758212848690942734],8.382,-3.407,1.381,,,
[1758212848696096432],6.495,-3.079,1.027,,,
[1758212848701228463],7.405,-3.203,1.556,,,
[1758212848706425599],5.993,-2.899,2.521,,,
[1758212848711649401],7.41,-3.405,2.868,,,
[1758212848716840494],6.433,-2.83,3.108,,,
[1758212848721970494],8.207,-3.924,4.051,,,
[1758212848728694817],7.369,-4.185,3.428,,,
[1758212848734025755],8.997,-4.128,3.546,,,
[1758212848739144297],8.729,-4.712,4.448,,,
[1758212848744257890],9.337,-4.391,3.97,,,
[1758212848749366328],9.412,-4.889,4.652,,,
[1758212848754572994],10.046,-4.867,4.508,,,
[1758212848759742057],11.001,-5.509,3.85,,,
[1758212848764877057],10.508,-5.08,3.464,,,
[1758212848769987578],11.495,-5.782,2.851,,,
[1758212848775186797],11.303,-5.643,2.571,,,
[1758212848780351224],11.978,-5.808,2.229,,,
[1758212848785546172],11.258,-5.655,1.607,,,
[1758212848790671380],12.402,-5.938,1.877,,,
[1758212848795793567],10.906,-5.404,1.298,,,
[1758212848800945390],11.926,-5.265,1.058,,,
[1758212848806153776],10.056,-4.776,0.67,,,
[1758212848811329869],10.46,-4.784,0.304,,,
[1758212848816527890],9.275,-4.484,-0.177,,,
[1758212848821694557],10.005,-4.374,-0.438,,,
[1758212848826846380],8.171,-3.907,-0.709,,,
[1758212848832936276],9.22,-3.864,-0.912,,,
[1758212848838205130],7.582,-3.61,0.536,,,
[1758212848843349244],8.42,-3.22,0.208,,,
[1758212848848528567],7.075,-3.469,1.094,,,
[1758212848853791797],7.02,-3.191,1.516,,,
[1758212848858921797],6.905,-3.05,2.102,,,
[1758212848864054974],7.01,-2.772,2.71,,,
[1758212848869206015],6.675,-3.196,3.328,,,
[1758212848874366849],7.101,-3.369,3.165,,,
[1758212848879504765],7.75,-4.01,3.788,,,
[1758212848884787213],8.128,-3.946,3.735,,,
[1758212848890025911],9.268,-4.515,4.458,,,
[1758212848895176380],8.619,-4.537,4.135,,,
[1758212848900335390],9.668,-4.659,4.748,,,
[1758212848906664453],9.038,-4.853,4.223,,,
[1758212848911942109],10.882,-5.157,4.439,,,
[1758212848917117161],9.869,-5.188,4.022,,,
[1758212848922359661],11.538,-5.397,3.721,,,
[1758212848927517838],10.882,-5.593,3.165,,,
[1758212848932703359],12.258,-5.634,2.413,,,
[1758212848938959921],11.21,-5.813,1.865,,,
[1758212848944268828],11.933,-5.569,1.745,,,
[1758212848950559088],12.134,-5.734,1.42,,,
[1758212848956154296],10.446,-5.195,0.989,,,
[1758212848961259192],11.49,-5.047,0.831,,,
[1758212848966370286],9.33,-4.494,0.694,,,
[1758212848971469713],10.405,-4.659,0.184,,,
[1758212848976634296],8.851,-4.379,-0.223,,,
[1758212848981729713],9.618,-4.233,-0.797,,,
[1758212848986851171],8.056,-3.809,-0.713,,,
[1758212848991965026],9.017,-3.881,-0.292,,,
[1758212848997205911],7.367,-3.39,0.151,,,
[1758212849002399817],8.396,-3.27,0.639,,,
[1758212849007573619],6.548,-3.232,1.786,,,
[1758212849012773411],7.53,-3.007,1.745,,,
[1758212849017927578],6.292,-2.957,2.473,,,
[1758212849023114661],7.228,-3.179,2.885,,,
[1758212849028235078],6.713,-3.29,3.007,,,
[1758212849033392005],8.001,-3.515,2.988,,,
[1758212849038505390],7.951,-4.173,3.44,,,
[1758212849043662838],8.777,-4.269,3.567,,,
[1758212849049158567],8.985,-4.508,4.463,,,
[1758212849054448046],8.997,-4.372,4.353,,,
[1758212849059577057],9.594,-4.793,4.314,,,
[1758212849065055494],9.629,-4.757,4.585,,,
[1758212849070159453],10.774,-5.349,4.578,,,
[1758212849075272526],9.991,-5.222,3.56,,,
[1758212849080439974],11.495,-5.365,3.136,,,
[1758212849085743723],10.8,-5.581,2.825,,,
[1758212849090976171],12.275,-5.993,2.512,,,
[1758212849096284817],10.855,-5.588,2.277,,,
[1758212849101439609],12.483,-6.055,1.932,,,
[1758212849106776901],10.997,-5.806,1.061,,,
[1758212849111881744],11.815,-5.452,0.871,,,
[1758212849117017942],10.017,-4.721,0.534,,,
[1758212849122261432],10.657,-4.604,0.283,,,
[1758212849127413932],9.483,-4.551,0.041,,,
[1758212849132637942],10.247,-4.444,-0.038,,,
[1758212849137915338],8.42,-4.099,-0.457,,,
[1758212849143101119],9.428,-3.977,-0.366,,,
[1758212849148262578],7.961,-3.816,0.347,,,
[1758212849153503828],8.124,-3.349,0.271,,,
[1758212849160079921],7.767,-3.536,1.439,,,
[1758212849165346171],6.644,-3.098,1.456,,,
[1758212849171621119],7.669,-3.184,2.557,,,
[1758212849177975130],6.079,-3.136,2.713,,,
[1758212849184467526],6.639,-3.215,2.911,,,
[1758212849189704453],7.81,-3.757,3.129,,,
[1758212849194795755],7.942,-3.943,3.024,,,
[1758212849199900130],8.847,-4.374,4.085,,,
[1758212849205092630],8.588,-3.998,3.979,,,
[1758212849210185651],9.567,-4.614,4.573,,,
[1758212849215305755],9.4,-4.678,4.535,,,
[1758212849220424817],10.489,-5.15,4.688,,,
[1758212849225622630],9.634,-5.052,4.463,,,
[1758212849230806015],11.365,-5.418,4.003,,,
[1758212849235941171],10.647,-5.248,3.247,,,
[1758212849241064713],12.024,-5.861,3.328,,,
[1758212849246227890],10.731,-5.962,2.361,,,
[1758212849251360911],12.282,-5.899,1.817,,,
[1758212849256582265],10.968,-5.725,1.504,,,
[1758212849261717994],12.474,-5.784,1.166,,,
[1758212849267376171],10.539,-5.399,1.238,,,
[1758212849272652682],11.076,-5.028,0.524,,,
[1758212849277799036],9.634,-4.8,0.383,,,
[1758212849282994296],10.453,-4.515,0.431,,,
[1758212849289449088],9.206,-4.614,-0.067,,,
[1758212849295798098],8.241,-4.125,-0.23,,,
[1758212849301047057],9.196,-3.891,-0.249,,,
[1758212849306263723],7.527,-3.558,0.266,,,
[1758212849311454609],8.418,-3.515,0.261,,,
[1758212849316623932],6.814,-3.268,0.62,,,
[1758212849321742838],7.951,-3.16,1.032,,,
[1758212849326859765],6.256,-2.916,1.844,,,
[1758212849331979036],7.724,-3.29,2.643,,,
[1758212849337157525],5.935,-3.069,3.273,,,
[1758212849342423567],7.743,-3.373,3.127,,,
[1758212849347571171],6.922,-3.881,3.826,,,
[1758212849352808307],8.768,-4.027,3.807,,,
[1758212849357961223],8.124,-4.049,3.843,,,
[1758212849363093046],9.366,-4.456,3.718,,,
[1758212849368227109],8.887,-4.745,4.365,,,
[1758212849373812942],9.486,-4.551,3.874,,,
[1758212849378968359],9.996,-4.911,4.228,,,
[1758212849384094713],10.405,-5.028,3.97,,,
[1758212849389225963],10.997,-5.454,4.183,,,
[1758212849394379296],11.468,-5.286,2.282,,,
[1758212849399831328],11.779,-6.048,2.325,,,
[1758212849405046588],11.372,-5.713,2.025,,,
[1758212849410175234],12.304,-5.792,1.951,,,
[1758212849415368567],11.425,-5.564,1.346,,,
[1758212849420631171],11.971,-5.653,1.01,,,
[1758212849425751119],10.862,-5.133,0.773,,,
[1758212849430875234],11.162,-4.793,1.338,,,
[1758212849436024973],9.292,-4.367,0.678,,,
[1758212849441106640],10.501,-4.673,0.302,,,
[1758212849446201900],8.552,-4.365,-0.136,,,
[1758212849451312369],9.5,-4.008,-0.192,,,
[1758212849456548203],7.97,-3.836,-0.256,,,
[1758212849461772005],9.069,-3.764,0.017,,,
[1758212849469892005],7.597,-3.46,0.472,,,
[1758212849475053255],6.938,-3.17,1.183,,,
[1758212849480478098],7.424,-3.45,1.942,,,
[1758212849485617578],6.328,-2.866,2.045,,,
[1758212849490728828],7.226,-3.191,2.756,,,
[1758212849495840755],6.541,-3.172,3.081,,,
[1758212849501085703],8.174,-3.749,3.812,,,
[1758212849507627473],7.429,-4.085,3.649,,,
[1758212849514124244],8.715,-4.087,3.28,,,
[1758212849519373202],9.263,-4.879,3.996,,,
[1758212849524514400],9.325,-4.312,4.01,,,
[1758212849529632421],9.433,-4.922,4.827,,,
[1758212849534790286],9.742,-4.688,4.252,,,
[1758212849539889400],10.721,-5.329,4.642,,,
[1758212849545010025],10.874,-5.169,3.852,,,
[1758212849550143307],11.557,-5.66,3.304,,,
[1758212849555416692],10.831,-5.55,2.37,,,
[1758212849560630546],12.143,-5.863,2.195,,,
[1758212849565862213],11.435,-5.519,2.054,,,
[1758212849571033932],12.215,-5.808,1.712,,,
[1758212849576187525],10.822,-5.497,1.384,,,
[1758212849581343463],11.961,-5.339,1.329,,,
[1758212849586836640],9.716,-4.697,0.457,,,
[1758212849592000650],10.836,-4.724,0.127,,,
[1758212849597171380],8.988,-4.386,0.543,,,
[1758212849602391744],9.898,-4.281,-0.223,,,
[1758212849607617005],8.586,-4.147,-0.486,,,
[1758212849613276380],8.878,-3.663,0.211,,,
[1758212849618418567],7.633,-3.651,0.072,,,
[1758212849623589348],8.009,-3.426,0.146,,,
[1758212849628883827],7.094,-3.28,1.231,,,
[1758212849634036223],7.666,-3.014,1.444,,,
[1758212849639203984],6.67,-3.17,2.112,,,
[1758212849644345807],6.735,-2.998,2.342,,,
[1758212849649488463],7.314,-3.376,2.998,,,
[1758212849654693150],7.199,-3.079,2.971,,,
[1758212849659845182],7.841,-3.788,3.285,,,
[1758212849665063567],7.987,-3.931,3.383,,,
[1758212849670274817],9.026,-4.439,4.01,,,
[1758212849675428775],8.49,-4.302,4.049,,,
[1758212849680592734],9.68,-4.602,4.702,,,
[1758212849685748098],8.844,-4.465,4.48,,,
[1758212849690869505],10.3,-5.004,4.492,,,
[1758212849696419921],9.929,-5.097,4.379,,,
[1758212849701575286],11.562,-5.655,3.701,,,
[1758212849706815234],10.171,-5.38,3.136,,,
[1758212849711946640],12.254,-5.849,2.708,,,
[1758212849717173150],11.198,-5.756,2.126,,,
[1758212849722792109],12.304,-6.084,1.781,,,
[1758212849727983880],11.428,-5.705,1.465,,,
[1758212849733205077],12.117,-5.543,0.833,,,
[1758212849738444869],10.597,-5.148,0.881,,,
[1758212849743640129],10.465,-4.626,0.713,,,
[1758212849748791223],9.692,-4.599,0.172,,,
[1758212849754092734],10.005,-4.343,-0.05,,,
[1758212849759213359],9.347,-4.566,-0.354,,,
[1758212849764346692],9.242,-4.07,-0.508,,,
[1758212849769469400],8.392,-4.073,-0.172,,,
[1758212849774684088],7.831,-3.519,-0.194,,,
[1758212849779897786],7.906,-3.613,0.359,,,
[1758212849785086275],7.207,-3.17,0.685,,,
[1758212849790233567],7.23,-3.242,1.822,,,
[1758212849795370702],6.721,-3.089,1.863,,,
[1758212849800474192],7.161,-3.098,2.284,,,
[1758212849806109140],6.225,-3.026,2.31,,,
[1758212849811259140],8.083,-3.634,3.184,,,
[1758212849816400754],6.797,-4.135,3.541,,,
[1758212849821667161],8.806,-4.271,3.112,,,
[1758212849826855442],8.006,-4.216,3.8,,,
[1758212849832424504],9.74,-4.659,4.662,,,
[1758212849837565338],8.195,-4.482,5.112,,,
[1758212849842825598],10.262,-4.808,4.594,,,
[1758212849848031119],9.847,-5.157,4.736,,,
[1758212849853303046],10.736,-5.344,4.257,,,
[1758212849858522265],10.417,-5.286,3.735,,,
[1758212849863702265],11.763,-5.43,2.895,,,
[1758212849868834817],11.588,-6.086,2.655,,,
[1758212849873969921],11.969,-5.631,2.401,,,
[1758212849879128567],11.88,-5.725,1.949,,,
[1758212849884354504],11.818,-5.698,1.252,,,
[1758212849889625807],11.672,-5.796,1.109,,,
[1758212849894850702],10.874,-5.14,0.709,,,
[1758212849899975546],10.673,-4.879,1.008,,,
[1758212849905497994],9.258,-4.513,0.022,,,
[1758212849911928984],10.357,-4.393,-0.615,,,
[1758212849917507317],8.452,-4.192,-0.122,,,
[1758212849922742421],9.491,-3.953,-0.505,,,
[1758212849927965442],7.788,-3.814,-0.63,,,
[1758212849933138359],8.545,-3.584,0.091,,,
[1758212849939297369],7.451,-3.445,0.567,,,
[1758212849946561640],6.409,-2.974,1.489,,,
[1758212849952358984],7.59,-3.285,1.702,,,
[1758212849957541848],6.132,-3.122,2.751,,,
[1758212849962702629],7.542,-3.275,2.691,,,
[1758212849967796848],6.345,-3.496,3.156,,,
[1758212849972976744],8.428,-3.948,3.333,,,
[1758212849978111223],8.095,-4.247,3.879,,,
[1758212849983271744],9.187,-4.247,4.125,,,
[1758212849988408671],8.547,-4.465,4.14,,,
[1758212849993628046],9.74,-4.506,4.525,,,
[1758212849998755390],8.952,-4.652,4.69,,,
[1758212850003929504],10.341,-4.877,4.094,,,
[1758212850009026744],10.096,-5.418,4.259,,,
[1758212850014247004],10.752,-5.021,3.713,,,
[1758212850019394088],11.219,-5.777,3.438,,,
[1758212850024999817],11.526,-5.526,2.361,,,
[1758212850030144869],11.665,-5.866,2.308,,,
[1758212850035257577],11.214,-5.799,1.405,,,
[1758212850040375338],12.412,-5.839,1.614,,,
[1758212850045510390],11.126,-5.442,1.07,,,
[1758212850050621484],11.693,-5.231,0.771,,,
[1758212850055834348],10.07,-4.755,0.285,,,
[1758212850062295077],10.42,-4.59,0.457,,,
[1758212850068855806],9.321,-4.518,0.096,,,
[1758212850074112734],9.388,-3.991,-0.57,,,
[1758212850079227786],8.222,-4.01,-0.323,,,
[1758212850084387109],8.519,-3.716,-0.069,,,
[1758212850089507317],8.272,-3.601,0.443,,,
[1758212850094635494],7.633,-3.215,0.639,,,
[1758212850099759609],7.19,-3.496,1.142,,,
[1758212850105004973],6.917,-3.012,1.561,,,
[1758212850110135702],6.895,-3.182,2.04,,,
[1758212850115345077],6.364,-2.878,2.32,,,
[1758212850120476848],7.271,-3.464,2.557,,,
[1758212850125628150],6.924,-3.452,2.988,,,
[1758212850131158567],8.645,-4.089,3.539,,,
[1758212850136281015],8.133,-4.168,3.785,,,
[1758212850141392525],9.395,-4.604,4.602,,,
[1758212850146529140],8.25,-4.417,4.345,,,
[1758212850151677213],10.135,-4.657,4.199,,,
[1758212850156870650],8.961,-4.82,4.077,,,
[1758212850162008306],11.004,-5.152,4.027,,,
[1758212850167175442],9.72,-5.16,3.644,,,
[1758212850173051848],11.495,-5.389,3.646,,,
[1758212850179350702],10.999,-5.835,3.079,,,
[1758212850184562161],11.576,-5.545,2.325,,,
[1758212850189714765],12.021,-5.875,1.946,,,
[1758212850194850286],11.961,-5.547,1.144,,,
[1758212850199949661],12.036,-5.696,1.192,,,
[1758212850205104817],11.281,-5.243,0.599,,,
[1758212850210220025],10.925,-5.21,0.484,,,
[1758212850215381796],9.826,-4.482,0.079,,,
[1758212850220517525],10.094,-4.52,0.17,,,
[1758212850225694244],9.172,-4.401,0.036,,,
[1758212850230845181],9.582,-4.398,0.103,,,
[1758212850236372473],8.128,-3.879,0.101,,,
[1758212850241588775],9.27,-3.879,0.548,,,
[1758212850246733619],7.25,-3.472,0.395,,,
[1758212850251855129],8.207,-3.577,0.769,,,
[1758212850257073723],6.522,-3.124,0.881,,,
[1758212850262231483],7.614,-3.168,1.978,,,
[1758212850267377577],6.043,-3.036,2.234,,,
[1758212850272618254],7.642,-3.103,2.397,,,
[1758212850277920233],6.316,-3.254,3.036,,,
[1758212850283094869],8.193,-3.474,3.469,,,
[1758212850289753931],8.047,-4.295,3.709,,,
[1758212850296047733],7.958,-4.367,4.104,,,
[1758212850301268983],9.776,-4.463,4.166,,,
[1758212850306436744],8.885,-4.424,5.188,,,
[1758212850311550181],10.408,-4.724,4.594,,,
[1758212850316731848],9.404,-5.028,3.876,,,
[1758212850321832108],11.193,-5.521,4.384,,,
[1758212850326949556],10.094,-5.344,3.776,,,
[1758212850332078150],12.002,-5.504,3.299,,,
[1758212850337265442],10.728,-5.806,2.816,,,
[1758212850342933671],12.402,-5.863,2.021,,,
[1758212850348074348],11.341,-5.634,1.86,,,
[1758212850353262525],12.546,-5.88,1.271,,,
[1758212850358376223],10.786,-5.516,0.946,,,
[1758212850363490338],11.818,-5.313,0.67,,,
[1758212850368595650],9.867,-4.712,1.056,,,
[1758212850373743775],10.659,-4.436,0.072,,,
[1758212850378860233],9.498,-4.673,-0.091,,,
[1758212850384072890],9.392,-3.994,0.199,,,
[1758212850389249765],8.792,-4.125,-0.22,,,
[1758212850396623463],7.889,-3.692,-0.091,,,
[1758212850401890390],8.432,-3.807,-0.194,,,
[1758212850407070442],6.721,-3.194,0.637,,,
[1758212850412254817],8.15,-3.074,1.235,,,
[1758212850417447369],6.297,-3.074,1.097,,,
[1758212850422593983],7.602,-3.127,2.014,,,
[1758212850427678150],5.885,-3.187,2.722,,,
[1758212850432863931],7.487,-3.316,2.715,,,
[1758212850438022213],7.084,-3.591,3.632,,,
[1758212850443237473],8.648,-4.075,3.654,,,
[1758212850449744608],8.334,-4.551,3.843,,,
[1758212850455125702],8.777,-4.238,4.003,,,
[1758212850460339504],9.512,-4.743,4.408,,,
[1758212850465461171],9.292,-4.386,3.95,,,
[1758212850470540181],10.149,-5.344,4.326,,,
[1758212850475641952],9.811,-4.999,4.147,,,
[1758212850480732213],11.016,-5.425,4.269,,,
[1758212850485871015],10.795,-5.385,3.694,,,
[1758212850490988358],11.667,-5.859,3.378,,,
[1758212850496188671],10.791,-5.832,2.83,,,
[1758212850503686431],12.321,-5.806,1.42,,,
[1758212850508926119],11.145,-5.825,1.633,,,
[1758212850514108410],11.961,-5.325,0.725,,,
[1758212850519236796],10.999,-5.346,0.534,,,
[1758212850524414400],10.609,-4.628,0.488,,,
[1758212850529545963],9.957,-4.633,0.541,,,
[1758212850534646275],10.013,-4.336,-0.249,,,
[1758212850539766431],9.273,-4.537,0.077,,,
[1758212850544934504],9.172,-3.704,-0.615,,,
[1758212850550040390],8.799,-4.123,-0.304,,,
[1758212850555577004],7.719,-3.433,0.062,,,
[1758212850560713202],8.04,-3.606,0.007,,,
[1758212850565891692],7.183,-3.251,0.905,,,
[1758212850571002942],7.918,-3.338,1.69,,,
[1758212850576144296],6.706,-2.816,1.554,,,
[1758212850581228306],7.345,-3.211,2.555,,,
[1758212850586308150],6.129,-3.127,2.756,,,
[1758212850591415129],8.088,-3.4,3.1,,,
[1758212850596664452],6.981,-3.555,3.397,,,
[1758212850601898827],8.964,-4.262,3.757,,,
[1758212850608531379],8.365,-4.233,4.065,,,
[1758212850614882525],9.249,-4.362,4.077,,,
[1758212850620121379],9.603,-4.776,4.966,,,
[1758212850625215077],9.555,-4.542,4.403,,,
[1758212850630353306],10.101,-5.243,4.511,,,
[1758212850635510962],10.405,-4.999,3.864,,,
[1758212850640603671],11.289,-5.662,3.809,,,
[1758212850645687160],10.616,-5.459,3.005,,,
[1758212850650793619],11.952,-5.705,2.557,,,
[1758212850655983098],11.329,-5.696,1.844,,,
[1758212850661545077],12.543,-5.813,2.009,,,
[1758212850666739452],11.231,-5.878,1.614,,,
[1758212850671863879],12.16,-5.732,0.838,,,
[1758212850677008879],10.503,-5.109,0.785,,,
[1758212850682160233],11.19,-4.87,0.45,,,
[1758212850687246119],9.268,-4.745,0.048,,,
[1758212850692440702],10.537,-4.465,-0.448,,,
[1758212850697637004],8.564,-4.106,-0.402,,,
[1758212850702851796],9.598,-4.12,-0.402,,,
[1758212850708045233],7.815,-3.912,-0.278,,,
[1758212850713732837],8.363,-3.634,-0.06,,,
[1758212850722418202],8.169,-3.182,1.08,,,
[1758212850727951640],6.615,-3.041,1.489,,,
[1758212850733123410],7.566,-3.108,1.499,,,
[1758212850738235442],6.081,-2.935,2.686,,,
[1758212850743332369],7.652,-3.347,2.416,,,
[1758212850748500650],6.555,-3.29,2.945,,,
[1758212850753712056],7.903,-3.752,3.491,,,
[1758212850758964035],8.109,-4.195,3.783,,,
[1758212850764210129],8.969,-4.24,3.912,,,
[1758212850770462942],9.292,-4.676,4.863,,,
[1758212850776794087],8.729,-4.827,4.396,,,
[1758212850783334035],10.546,-4.973,4.231,,,
[1758212850788565702],9.74,-5.076,4.408,,,
[1758212850793701900],11.6,-5.267,4.039,,,
[1758212850798822942],10.309,-5.626,3.797,,,
[1758212850803961015],11.566,-5.59,3.151,,,
[1758212850809116379],11.274,-5.89,2.954,,,
[1758212850814299504],12.067,-5.691,1.7,,,
[1758212850819765129],11.406,-5.971,1.48,,,
[1758212850824971796],11.681,-5.646,1.109,,,
[1758212850830203514],11.504,-5.368,0.541,,,
[1758212850835339764],10.803,-4.767,0.266,,,
[1758212850840457733],10.147,-4.851,0.405,,,
[1758212850845587837],9.627,-4.324,-0.634,,,
[1758212850850702108],9.845,-4.501,0.081,,,
[1758212850855829817],9.222,-4.087,0.048,,,
[1758212850860980389],9.285,-4.022,-0.065,,,
[1758212850866242421],7.633,-3.486,-0.012,,,
[1758212850871448619],8.6,-3.67,0.055,,,
[1758212850876577160],7.058,-3.345,0.773,,,
[1758212850881699504],7.891,-3.28,1.767,,,
[1758212850887136275],5.993,-3.043,1.7,,,
[1758212850892392837],7.496,-3.12,2.255,,,
[1758212850897540494],6.062,-3.199,2.854,,,
[1758212850902730389],7.762,-3.366,3.122,,,
[1758212850907887056],6.706,-3.656,3.381,,,
[1758212850913117525],8.72,-4.269,3.5,,,
[1758212850918232525],8.212,-4.164,3.903,,,
[1758212850923431535],9.606,-4.379,4.13,,,
[1758212850929875494],9.012,-4.772,4.104,,,
[1758212850935105702],9.524,-4.707,4.156,,,
[1758212850940361275],10.264,-4.942,4.377,,,
[1758212850945489973],10.376,-4.982,3.982,,,
[1758212850950595754],10.896,-5.236,4.247,,,
[1758212850955708462],10.774,-5.248,2.933,,,
[1758212850960824244],11.516,-5.832,2.693,,,
[1758212850966026639],11.624,-5.758,1.987,,,
[1758212850971144139],12.081,-5.89,2.401,,,
[1758212850976295858],10.994,-5.657,1.693,,,
[1758212850981430494],12.534,-5.713,1.609,,,
[1758212850986518671],10.625,-5.095,1.037,,,
[1758212850991627473],11.317,-5.162,0.867,,,
[1758212850997202785],9.227,-4.573,0.259,,,
[1758212851002418098],10.604,-4.606,-0.168,,,
[1758212851007612837],8.792,-4.329,-0.019,,,
[1758212851012875702],9.792,-4.578,-0.532,,,
[1758212851018071796],7.843,-4.089,-0.666,,,
[1758212851023322525],8.921,-3.797,-0.048,,,
[1758212851028444139],7.429,-3.378,0.453,,,
[1758212851033598254],8.018,-3.328,0.991,,,
[1758212851039499244],6.859,-3.364,1.551,,,
[1758212851044660962],7.082,-2.787,1.63,,,
[1758212851049796066],6.656,-3.201,2.574,,,
[1758212851055010494],6.97,-3.189,2.926,,,
[1758212851060172837],6.752,-3.462,3.472,,,
[1758212851065380546],7.705,-3.632,3.338,,,
[1758212851070508046],8.665,-4.331,3.426,,,
[1758212851075644764],8.464,-4.257,3.553,,,
[1758212851080838358],9.23,-4.626,4.594,,,
[1758212851086047941],8.923,-4.384,3.977,,,
[1758212851091159921],10.068,-4.609,4.741,,,
[1758212851096367212],9.706,-4.906,4.424,,,
[1758212851101575129],11.133,-5.26,4.606,,,
[1758212851107897994],9.85,-5.303,3.388,,,
[1758212851113452577],11.942,-5.547,2.765,,,
[1758212851118583931],10.999,-5.705,3.01,,,
[1758212851123731275],12.146,-5.713,2.571,,,
[1758212851128850754],11.277,-5.605,2.377,,,
[1758212851133973254],12.124,-5.667,1.753,,,
[1758212851139093723],11.107,-5.598,1.372,,,
[1758212851145354660],11.48,-5.078,0.266,,,
[1758212851151796171],10.776,-4.978,0.383,,,
[1758212851157018566],9.321,-4.482,-0.065,,,
[1758212851162203462],10.436,-4.573,-0.644,,,
[1758212851167411691],8.691,-4.175,-0.558,,,
[1758212851172615129],9.206,-4.106,-0.673,,,
[1758212851177748202],7.671,-3.773,-0.591,,,
[1758212851182923202],8.547,-3.596,-0.077,,,
[1758212851188043931],6.819,-3.333,0.728,,,
[1758212851193217837],7.968,-3.297,1.413,,,
[1758212851198428410],6.187,-3.067,1.669,,,
[1758212851203519087],7.693,-2.976,1.853,,,
[1758212851208623671],6.254,-3.273,2.705,,,
[1758212851213825598],7.386,-3.215,2.772,,,
[1758212851220301066],7.398,-3.539,3.488,,,
[1758212851225559921],8.341,-4.12,3.321,,,
[1758212851230676327],8.823,-4.453,4.063,,,
[1758212851235811379],8.389,-4.216,4.104,,,
[1758212851240929139],9.529,-4.741,4.547,,,
[1758212851246062160],8.897,-4.578,3.749,,,
[1758212851251152004],10.515,-4.939,4.441,,,
[1758212851257371587],9.629,-5.097,4.085,,,
[1758212851263890389],11.121,-5.236,3.816,,,
[1758212851270378671],11.569,-5.552,2.861,,,
[1758212851275632629],11.365,-5.535,2.476,,,
[1758212851280759348],11.734,-5.811,2.435,,,
[1758212851285901691],11.231,-5.578,1.434,,,
[1758212851291006431],12.459,-5.842,1.618,,,
[1758212851296126431],10.925,-5.227,1.183,,,
[1758212851301216483],11.413,-5.224,0.594,,,
[1758212851306356796],9.62,-4.733,0.555,,,
[1758212851311480181],10.53,-4.927,0.527,,,
[1758212851316731327],9.268,-4.597,-0.148,,,
[1758212851321872473],9.809,-4.401,-0.072,,,
[1758212851328392629],8.176,-4.075,-0.553,,,
[1758212851333665389],9.313,-3.903,-0.139,,,
[1758212851338781587],7.494,-3.591,0.043,,,
[1758212851343907160],8.262,-3.187,0.558,,,
[1758212851349022160],6.661,-3.215,1.415,,,
[1758212851354135598],7.3,-3.026,1.86,,,
[1758212851359241952],6.414,-3.06,2.351,,,
[1758212851364445858],7.089,-3.144,2.284,,,
[1758212851369588879],6.462,-2.935,2.777,,,
[1758212851374812525],7.654,-3.199,2.952,,,
[1758212851381253358],8.799,-4.202,3.946,,,
[1758212851386542421],8.045,-4.149,3.771,,,
[1758212851391656431],9.251,-4.448,4.384,,,
[1758212851396787629],8.449,-4.295,4.199,,,
[1758212851401899452],9.986,-4.793,4.295,,,
[1758212851407028410],9.218,-4.781,4.403,,,
[1758212851412186483],10.793,-5.203,4.551,,,
[1758212851417373566],9.938,-5.241,4.221,,,
[1758212851422581223],11.756,-5.533,3.546,,,
[1758212851427798983],10.523,-5.413,3.036,,,
[1758212851434499660],11.681,-5.741,2.638,,,
[1758212851439774764],11.497,-5.945,2.054,,,
[1758212851444946223],12.141,-5.562,1.41,,,
[1758212851450062473],11.609,-5.813,1.626,,,
[1758212851455175025],11.435,-5.16,1.113,,,
[1758212851460284452],10.549,-5.004,0.742,,,
[1758212851465513931],9.859,-4.527,0.28,,,
[1758212851470624035],10.269,-4.633,0.024,,,
[1758212851475805962],9.352,-4.147,-0.393,,,
[1758212851481025598],9.388,-4.314,-0.251,,,
[1758212851486562316],8.056,-3.974,-0.589,,,
[1758212851491678514],8.942,-3.97,0.115,,,
[1758212851496776014],7.434,-3.294,0.036,,,
[1758212851501888254],8.147,-3.285,0.464,,,
[1758212851507035441],6.539,-3.215,1.575,,,
[1758212851512306795],7.482,-3.194,1.896,,,
[1758212851517508983],5.986,-2.931,2.351,,,
[1758212851522744868],7.175,-3.089,2.782,,,
[1758212851527948098],6.29,-3.436,3.017,,,
[1758212851533206535],8.38,-3.689,3.247,,,
[1758212851538714504],7.793,-4.032,3.405,,,
[1758212851543861795],8.969,-4.422,4.037,,,
[1758212851548964920],8.475,-4.429,3.998,,,
[1758212851554097733],9.941,-4.499,4.705,,,
[1758212851559238306],9.108,-4.513,4.827,,,
[1758212851564488358],10.386,-4.922,4.334,,,
[1758212851569829191],10.259,-5.272,4.499,,,
[1758212851576179504],10.501,-5.157,3.989,,,
[1758212851581431118],11.461,-5.825,3.462,,,
[1758212851586589660],10.681,-5.66,3.084,,,
[1758212851592011639],12.416,-5.873,2.452,,,
[1758212851597170598],11.21,-5.646,1.654,,,
[1758212851602328150],12.333,-5.689,1.595,,,
[1758212851607452264],10.939,-5.464,1.025,,,
[1758212851612733931],11.779,-5.375,0.599,,,
[1758212851617964816],9.754,-4.736,0.551,,,
[1758212851623247056],10.764,-4.65,0.014,,,
[1758212851628410598],9.148,-4.446,-0.271,,,
[1758212851633579191],10.123,-4.413,0.072,,,
[1758212851638735598],8.629,-4.199,-0.275,,,
[1758212851644162733],9.139,-3.874,-0.366,,,
[1758212851649291379],7.532,-3.551,-0.146,,,
[1758212851654441327],8.145,-3.455,0.18,,,
[1758212851659614504],7.072,-3.419,0.895,,,
[1758212851664886066],7.276,-3.091,1.489,,,
[1758212851670020754],7.02,-2.978,1.738,,,
[1758212851675211379],6.788,-3.211,2.579,,,
[1758212851680326170],6.711,-3.33,3.055,,,
[1758212851685435441],7.326,-3.091,2.875,,,
[1758212851690542629],7.772,-3.929,3.78,,,
[1758212851695723462],8.334,-4.032,3.651,,,
[1758212851701212264],9.029,-4.532,3.871,,,
[1758212851706478410],8.475,-4.245,4.788,,,
[1758212851711602316],9.548,-4.755,5.186,,,
[1758212851716822004],9.036,-4.75,4.82,,,
[1758212851721948306],10.781,-5.176,5.069,,,
[1758212851727097785],9.845,-4.93,4.063,,,
[1758212851732261014],11.765,-5.521,3.85,,,
[1758212851737410493],10.355,-5.464,3.247,,,
[1758212851742657577],11.964,-5.717,2.466,,,
[1758212851747889243],11.102,-5.667,2.152,,,
[1758212851753445233],12.665,-5.902,2.047,,,
[1758212851758586795],11.016,-5.823,1.468,,,
[1758212851763815962],12.349,-5.552,0.711,,,
[1758212851768947681],10.669,-5.2,0.764,,,
[1758212851774089608],10.807,-4.594,1.238,,,
[1758212851779251066],9.373,-4.511,0.74,,,
[1758212851784404087],10.034,-4.673,-0.081,,,
[1758212851789523410],8.775,-4.403,0.311,,,
[1758212851794737420],9.438,-4.137,-0.022,,,
[1758212851799959504],8.274,-4.116,0.069,,,
[1758212851805085702],8.413,-3.646,0.029,,,
[1758212851810538827],7.755,-3.546,0.86,,,
[1758212851815820493],7.654,-3.036,0.867,,,
[1758212851820963931],7.479,-3.251,1.949,,,
[1758212851826099139],6.685,-2.909,1.674,,,
[1758212851834679087],7.197,-3.036,2.655,,,
[1758212851839913879],6.718,-3.153,2.871,,,
[1758212851845070493],7.788,-3.608,3.062,,,
[1758212851850183775],7.408,-4.092,3.551,,,
[1758212851855372785],8.61,-3.855,3.306,,,
[1758212851860813722],9.155,-4.551,4.254,,,
[1758212851866025754],9.127,-4.439,4.08,,,
[1758212851871179139],9.613,-4.726,4.58,,,
[1758212851876342264],9.404,-4.853,4.372,,,
[1758212851881619347],11.068,-5.315,4.884,,,
[1758212851886780806],10.175,-5.361,3.919,,,
[1758212851891990181],11.641,-5.602,3.62,,,
[1758212851897138306],10.786,-5.698,2.971,,,
[1758212851902308983],12.237,-5.945,2.495,,,
[1758212851907510181],10.812,-5.715,2.131,,,
[1758212851912749452],12.522,-5.83,1.475,,,
[1758212851918990389],11.183,-5.6,1.384,,,
[1758212851925444556],11.107,-4.982,0.575,,,
[1758212851930686431],10.458,-4.784,0.62,,,
[1758212851935835181],9.701,-4.597,-0.053,,,
[1758212851940968254],9.922,-4.503,0.113,,,
[1758212851946117889],9.278,-4.094,-0.132,,,
[1758212851951217733],9.196,-4.18,0.012,,,
[1758212851956305754],8.509,-3.79,-0.089,,,
[1758212851961443566],8.286,-3.78,-0.124,,,
[1758212851967027837],7.271,-3.421,-0.385,,,
[1758212851972391379],8.193,-3.359,1.279,,,
[1758212851977539712],6.354,-3.117,1.59,,,
[1758212851983833983],7.393,-3.172,2.045,,,
[1758212851989131483],6.527,-2.978,2.332,,,
[1758212851994281431],7.714,-3.127,3.019,,,
[1758212851999397472],6.297,-3.749,3.103,,,
[1758212852004503358],8.25,-3.931,2.957,,,
[1758212852009601274],8.408,-4.197,3.223,,,
[1758212852014795754],9.019,-4.017,3.847,,,
[1758212852019964139],8.914,-4.688,4.144,,,
[1758212852025180649],9.388,-4.58,4.003,,,
[1758212852030794816],10.144,-4.812,4.401,,,
[1758212852035961222],10.412,-4.623,4.235,,,
[1758212852041140545],10.982,-5.399,4.312,,,
[1758212852046287837],10.681,-5.277,3.603,,,
[1758212852051393410],11.641,-5.808,3.299,,,
[1758212852056499347],11.459,-5.727,2.624,,,
[1758212852061629035],12.076,-5.897,2.538,,,
[1758212852066898202],11.047,-5.562,1.451,,,
[1758212852072787004],12.452,-5.686,1.03,,,
[1758212852077928983],10.63,-5.267,0.994,,,
[1758212852083089920],11.439,-4.997,0.826,,,
[1758212852088182941],9.213,-4.745,0.012,,,
[1758212852093328202],10.647,-4.7,0.019,,,
[1758212852098435285],8.969,-4.381,0.017,,,
[1758212852103582368],10.096,-4.068,-0.172,,,
[1758212852108703983],8.162,-4.003,-0.338,,,
[1758212852114312264],8.945,-3.965,-0.318,,,
[1758212852119558254],7.585,-3.582,0.053,,,
[1758212852124707264],8.442,-3.309,0.711,,,
[1758212852129829608],6.946,-3.426,1.774,,,
[1758212852134990077],7.159,-2.916,1.714,,,
[1758212852141443306],7.242,-3.163,2.054,,,
[1758212852146682837],6.505,-2.892,2.514,,,
[1758212852151802420],7.626,-3.421,2.892,,,
[1758212852156919972],6.807,-3.598,2.945,,,
[1758212852162036170],8.973,-4.12,3.431,,,
[1758212852167239556],7.93,-4.149,3.57,,,
[1758212852172411847],9.603,-4.46,4.116,,,
[1758212852177877108],8.392,-4.494,4.283,,,
[1758212852183079295],10.178,-4.671,4.001,,,
[1758212852188303618],9.184,-4.693,4.393,,,
[1758212852193561899],11.152,-5.119,3.929,,,
[1758212852198694972],9.72,-5.157,3.591,,,
[1758212852203824295],11.475,-5.557,2.957,,,
[1758212852208951326],10.664,-5.612,3.074,,,
[1758212852214153201],12.198,-5.725,2.571,,,
[1758212852219269399],11.303,-5.923,2.047,,,
[1758212852224524399],12.335,-5.756,1.437,,,
[1758212852229750545],11.461,-5.727,1.69,,,
[1758212852234906483],11.82,-5.061,0.967,,,
[1758212852240048097],10.135,-5.083,0.34,,,
[1758212852245187264],9.943,-4.477,0.259,,,
[1758212852250734139],9.943,-4.705,0.081,,,
[1758212852255881587],9.675,-4.003,-0.953,,,
[1758212852261039295],9.12,-4.36,-0.527,,,
[1758212852266237629],8.392,-3.836,-0.848,,,
[1758212852271348149],8.933,-3.941,-0.237,,,
[1758212852276498358],7.477,-3.395,-0.28,,,
[1758212852281649868],8.076,-3.687,1.049,,,
[1758212852287123462],6.874,-3.268,1.025,,,
[1758212852292471743],7.807,-3.34,1.978,,,
[1758212852298742993],6.349,-3.05,1.937,,,
[1758212852303991587],7.618,-3.27,2.856,,,
[1758212852309145701],6.412,-3.182,3.012,,,
[1758212852314341847],8.059,-3.596,3.16,,,
[1758212852319507420],7.937,-3.998,3.239,,,
[1758212852324647889],8.923,-4.226,3.85,,,
[1758212852329777524],8.147,-4.587,4.568,,,
[1758212852334926379],9.558,-4.585,4.152,,,
[1758212852340031587],8.976,-4.532,4.829,,,
[1758212852345189347],10.13,-4.764,4.362,,,
[1758212852350436587],10.434,-5.291,4.393,,,
[1758212852355923306],10.566,-5.306,3.713,,,
[1758212852361099035],11.404,-5.598,3.247,,,
[1758212852366314556],11.377,-5.758,2.564,,,
[1758212852371445285],12.127,-6.072,2.38,,,
[1758212852376578826],11.337,-5.784,1.834,,,
[1758212852381718201],12.342,-5.966,1.731,,,
[1758212852386945181],11.253,-5.605,1.221,,,
[1758212852392091743],11.801,-5.389,1.475,,,
[1758212852397294139],10.228,-4.8,1.087,,,
[1758212852402587576],10.781,-4.769,0.862,,,
[1758212852407717785],9.297,-4.369,0.093,,,
[1758212852412940233],10.285,-4.489,-0.402,,,
[1758212852418054556],8.15,-4.029,-0.338,,,
[1758212852423261847],9.577,-4.049,-0.632,,,
[1758212852428429972],7.432,-3.589,-0.134,,,
[1758212852433633410],8.365,-3.479,0.294,,,
[1758212852438753410],6.548,-3.354,0.553,,,
[1758212852443874139],7.793,-3.103,1.817,,,
[1758212852448972264],6.34,-3.038,1.733,,,
[1758212852454054191],7.657,-3.026,2.002,,,
[1758212852459149660],6.28,-3.203,2.689,,,
[1758212852464738618],7.271,-3.34,2.818,,,
[1758212852469939035],7.369,-3.56,3.244,,,
[1758212852475062003],8.732,-3.776,3.577,,,
[1758212852480166378],8.183,-4.171,3.522,,,
[1758212852485292941],8.964,-4.207,4.24,,,
[1758212852490409660],8.856,-4.779,4.796,,,
[1758212852495840597],9.383,-4.52,3.869,,,
[1758212852500955753],10.089,-5.207,4.544,,,
[1758212852506310233],9.96,-5.145,4.235,,,
[1758212852511478201],10.989,-5.377,4.149,,,
[1758212852516680285],10.606,-5.406,3.065,,,
[1758212852521837160],11.921,-6.036,2.32,,,
[1758212852527001014],10.834,-5.895,2.253,,,
[1758212852532164660],12.548,-5.962,2.397,,,
[1758212852537332524],11.224,-5.667,1.434,,,
[1758212852542521535],12.4,-5.89,1.437,,,
[1758212852547652941],10.628,-5.133,0.68,,,
[1758212852552879139],11.471,-4.882,0.91,,,
[1758212852558130806],9.426,-4.492,0.342,,,
[1758212852563331170],10.724,-4.621,-0.5,,,
[1758212852568503774],8.796,-4.254,-0.529,,,
[1758212852575229295],9.266,-4.08,-0.103,,,
[1758212852581256587],9.0,-4.123,-0.098,,,
[1758212852586468618],7.915,-3.749,0.144,,,
[1758212852591617576],7.884,-3.766,0.718,,,
[1758212852596766847],7.135,-3.266,1.075,,,
[1758212852603519503],8.076,-3.077,1.611,,,
[1758212852608959243],6.177,-3.108,2.195,,,
[1758212852614169191],7.245,-3.081,2.528,,,
[1758212852619291639],6.536,-3.129,3.019,,,
[1758212852624431430],8.107,-3.498,3.381,,,
[1758212852629553305],7.341,-3.697,3.541,,,
[1758212852634660180],8.923,-4.511,3.575,,,
[1758212852639797472],8.052,-4.209,4.106,,,
[1758212852644952733],9.515,-4.434,4.235,,,
[1758212852650069347],9.443,-4.781,4.326,,,
[1758212852655268097],9.603,-4.671,4.851,,,
[1758212852660393201],9.938,-5.119,4.8,,,
[1758212852665587733],10.769,-5.186,4.312,,,
[1758212852670704764],10.616,-5.325,3.56,,,
[1758212852675819087],11.15,-5.495,2.986,,,
[1758212852681045597],11.416,-5.875,2.638,,,
[1758212852686174764],11.643,-5.567,2.04,,,
[1758212852691274243],12.285,-5.923,1.729,,,
[1758212852698746795],10.932,-5.531,1.434,,,
[1758212852704422837],11.598,-5.344,0.644,,,
[1758212852709577160],10.319,-4.81,0.862,,,
[1758212852714829451],10.676,-4.551,0.304,,,
[1758212852719962368],9.012,-4.482,-0.086,,,
[1758212852725124503],9.862,-4.264,-0.46,,,
[1758212852730276847],9.017,-4.355,0.002,,,
[1758212852735411795],9.014,-3.534,-0.055,,,
[1758212852740528149],8.169,-3.709,-0.012,,,
[1758212852745740076],7.934,-3.634,0.199,,,
[1758212852750944243],7.384,-3.51,1.171,,,
[1758212852756103826],7.561,-3.103,1.508,,,
[1758212852761248983],7.199,-3.156,1.982,,,
[1758212852766478149],6.364,-3.1,1.973,,,
[1758212852771595285],7.405,-3.117,2.334,,,
[1758212852776706326],6.584,-3.146,2.696,,,
[1758212852781818722],7.898,-3.773,3.232,,,
[1758212852787362472],7.649,-4.07,3.297,,,
[1758212852792617889],9.328,-4.175,3.663,,,
[1758212852797761743],8.341,-4.199,4.085,,,
[1758212852802959972],9.902,-4.573,4.82,,,
[1758212852808117055],8.715,-4.463,4.377,,,
[1758212852813647264],10.374,-5.092,4.417,,,
[1758212852818811795],9.704,-5.102,4.618,,,
[1758212852824047732],11.643,-5.313,3.986,,,
[1758212852829287680],10.396,-5.586,3.565,,,
[1758212852834494503],11.751,-5.708,3.179,,,
[1758212852839618410],11.317,-5.942,2.583,,,
[1758212852844767680],12.292,-5.746,1.583,,,
[1758212852849898930],11.54,-5.727,1.302,,,
[1758212852855044660],12.024,-5.804,1.611,,,
[1758212852860194660],10.839,-5.191,0.845,,,
[1758212852865495545],11.001,-4.671,0.333,,,
[1758212852870709712],10.039,-4.793,0.742,,,
[1758212852875872576],9.821,-4.436,0.218,,,
[1758212852880983514],9.685,-4.453,0.115,,,
[1758212852886126639],9.21,-4.094,-0.235,,,
[1758212852891235285],8.973,-4.027,-0.366,,,
[1758212852896706170],7.693,-3.764,-0.359,,,
[1758212852901889347],8.351,-3.543,0.156,,,
[1758212852907034555],7.187,-3.11,0.682,,,
[1758212852912207316],7.752,-3.519,1.559,,,
[1758212852917437368],6.354,-3.005,1.741,,,
[1758212852924891587],7.132,-2.969,2.447,,,
[1758212852930361847],6.625,-3.316,3.117,,,
[1758212852935515441],7.465,-3.261,2.974,,,
[1758212852940625441],7.14,-4.132,3.141,,,
[1758212852945767316],8.509,-4.159,3.649,,,
[1758212852950853045],8.995,-4.185,4.175,,,
[1758212852955943982],8.957,-4.046,3.991,,,
[1758212852961054451],9.467,-4.865,4.513,,,
[1758212852966248930],9.361,-4.556,4.276,,,
[1758212852971471639],10.137,-5.203,4.451,,,
[1758212852976623670],10.542,-5.04,3.852,,,
[1758212852981731222],10.999,-5.636,3.747,,,
[1758212852986877993],10.733,-5.497,3.206,,,
[1758212852991999243],12.177,-5.878,3.189,,,
[1758212852997120441],11.341,-5.722,2.152,,,
[1758212853002678253],12.285,-6.033,2.188,,,
[1758212853007868618],11.303,-5.883,1.808,,,
[1758212853013074034],12.148,-5.586,1.343,,,
[1758212853018247055],10.386,-4.846,0.534,,,
[1758212853023484659],11.265,-5.1,0.517,,,
[1758212853028643253],8.904,-4.451,0.081,,,
[1758212853036009607],9.486,-4.3,-0.251,,,
[1758212853041285128],9.409,-4.18,-0.12,,,
[1758212853046444607],8.689,-3.967,-0.656,,,
[1758212853051541222],8.452,-4.099,-0.115,,,
[1758212853056689764],7.946,-3.292,-0.148,,,
[1758212853061815441],7.831,-3.587,0.86,,,
[1758212853067007628],6.709,-3.16,1.279,,,
[1758212853072175597],7.52,-3.108,1.733,,,
[1758212853077337784],6.261,-2.962,1.927,,,
[1758212853082527107],7.578,-3.275,2.567,,,
[1758212853087647472],6.632,-3.031,2.895,,,
[1758212853092817003],7.865,-3.529,2.868,,,
[1758212853097942680],7.494,-3.984,3.203,,,
[1758212853103076170],9.199,-4.348,3.378,,,
[1758212853109549920],8.475,-4.233,3.723,,,
[1758212853114826534],9.914,-4.714,4.278,,,
[1758212853119937889],8.827,-4.726,4.317,,,
[1758212853125081639],10.295,-4.609,4.18,,,
[1758212853130211691],10.235,-5.174,4.209,,,
[1758212853135364659],10.592,-5.112,4.221,,,
[1758212853140949607],10.721,-5.598,3.266,,,
[1758212853146112472],11.451,-5.385,2.636,,,
[1758212853151216639],11.995,-5.918,2.356,,,
[1758212853156401014],11.447,-5.622,1.532,,,
[1758212853161568670],12.05,-6.096,1.714,,,
[1758212853166787784],11.511,-5.466,1.226,,,
[1758212853171921222],11.715,-5.485,1.003,,,
[1758212853177110232],10.551,-4.891,0.642,,,
[1758212853182414399],10.566,-4.798,0.994,,,
[1758212853188891170],8.978,-4.417,0.086,,,
[1758212853195113618],10.187,-4.037,0.316,,,
[1758212853200337993],8.519,-4.096,-0.527,,,
[1758212853205471430],8.717,-3.697,-0.457,,,
[1758212853210595180],7.764,-3.759,0.443,,,
[1758212853216162941],7.757,-3.201,0.326,,,
[1758212853221287628],7.365,-3.496,1.094,,,
[1758212853226528305],6.682,-3.218,1.633,,,
[1758212853231660441],7.178,-3.17,2.128,,,
[1758212853236789972],6.393,-2.954,1.944,,,
[1758212853241889451],7.101,-3.211,2.758,,,
[1758212853249018722],6.732,-3.637,2.959,,,
[1758212853254301847],8.598,-4.118,3.697,,,
[1758212853259403826],7.951,-4.367,4.305,,,
[1758212853264530336],9.421,-4.334,4.35,,,
[1758212853269644816],8.614,-4.506,4.015,,,
[1758212853274822836],9.708,-4.362,4.329,,,
[1758212853279931274],9.1,-4.681,4.547,,,
[1758212853285067784],10.592,-5.037,3.838,,,
[1758212853290170753],9.96,-5.16,3.8,,,
[1758212853295282889],11.188,-5.222,3.285,,,
[1758212853300418826],10.865,-5.741,3.476,,,
[1758212853305559711],11.794,-5.602,3.017,,,
[1758212853310645857],11.753,-5.792,2.559,,,
[1758212853315871014],12.002,-5.727,1.793,,,
[1758212853321038461],11.605,-5.895,1.676,,,
[1758212853326279555],11.547,-5.284,0.958,,,
[1758212853331410389],11.025,-5.248,0.836,,,
[1758212853336529764],10.336,-4.492,0.584,,,
[1758212853341654711],10.264,-4.729,0.438,,,
[1758212853346848201],9.239,-4.29,-0.587,,,
[1758212853351959139],9.687,-4.554,-0.208,,,
[1758212853358628097],7.98,-4.032,-0.144,,,
[1758212853364961691],8.894,-3.845,-0.448,,,
[1758212853370214139],7.585,-3.407,0.093,,,
[1758212853375397159],8.016,-3.522,0.656,,,
[1758212853380513722],6.864,-3.285,1.415,,,
[1758212853385650441],7.264,-2.919,1.815,,,
[1758212853390740336],6.972,-3.148,2.588,,,
[1758212853395842941],6.766,-2.866,2.526,,,
[1758212853400970336],6.859,-3.373,3.031,,,
[1758212853406162836],7.705,-3.558,3.096,,,
[1758212853411356534],8.566,-4.075,3.723,,,
[1758212853416476639],8.669,-4.111,3.701,,,
[1758212853421718461],8.748,-4.791,3.742,,,
[1758212853426962159],8.792,-4.616,4.592,,,
[1758212853432090857],9.787,-4.731,4.951,,,
[1758212853437234868],9.402,-4.685,3.869,,,
[1758212853442555232],10.841,-5.15,4.559,,,
[1758212853447707576],10.23,-5.04,4.116,,,
[1758212853452910857],11.902,-5.59,3.493,,,
[1758212853458013045],10.865,-5.708,2.303,,,
[1758212853463513982],12.313,-6.108,2.097,,,
[1758212853468669086],11.162,-5.77,1.642,,,
[1758212853473939816],12.5,-6.031,1.319,,,
[1758212853479089503],11.281,-5.583,1.513,,,
[1758212853484239138],12.012,-5.349,0.845,,,
[1758212853489351795],9.991,-4.915,0.577,,,
[1758212853494471274],10.441,-4.671,0.575,,,
[1758212853499589555],9.335,-4.391,0.321,,,
[1758212853504889191],10.362,-4.252,-0.345,,,
[1758212853510067576],8.519,-4.192,-0.28,,,
[1758212853515209138],9.146,-3.692,-0.596,,,
[1758212853520336951],7.91,-3.606,0.29,,,
[1758212853525567576],8.035,-3.39,0.007,,,
[1758212853532044503],7.922,-3.412,1.475,,,
[1758212853537274816],6.625,-3.069,1.494,,,
[1758212853542562263],7.47,-2.993,1.853,,,
[1758212853547704972],6.345,-3.201,2.763,,,
[1758212853552878461],7.422,-3.397,3.163,,,
[1758212853557976534],6.328,-3.282,2.665,,,
[1758212853563506638],8.71,-3.776,3.412,,,
[1758212853569606482],7.685,-4.341,3.867,,,
[1758212853575980076],9.153,-4.197,3.989,,,
[1758212853581224295],9.335,-4.585,4.254,,,
[1758212853586343670],9.328,-4.578,4.142,,,
[1758212853591447941],9.9,-4.911,4.889,,,
[1758212853596580961],9.867,-4.922,4.556,,,
[1758212853601680024],10.716,-5.497,4.317,,,
[1758212853606788461],10.992,-5.253,3.816,,,
[1758212853611889138],11.633,-5.667,3.297,,,
[1758212853617055597],11.188,-5.768,2.203,,,
[1758212853622318461],12.21,-5.844,2.239,,,
[1758212853627512732],11.31,-5.523,1.674,,,
[1758212853632715336],12.27,-6.0,1.798,,,
[1758212853639185180],10.695,-5.277,0.943,,,
[1758212853644417941],11.449,-5.037,0.658,,,
[1758212853649532211],9.493,-4.594,0.405,,,
[1758212853654663045],10.683,-4.513,0.017,,,
[1758212853659767263],9.17,-4.434,0.115,,,
[1758212853664875909],9.694,-4.19,0.249,,,
[1758212853669989763],8.435,-3.874,0.031,,,
[1758212853675773565],8.648,-3.438,-0.012,,,
[1758212853680921847],7.523,-3.644,0.603,,,
[1758212853686040180],7.891,-3.259,0.788,,,
[1758212853691159920],6.926,-3.349,1.621,,,
[1758212853696334034],7.436,-2.885,1.453,,,
[1758212853701428618],7.025,-3.16,2.081,,,
[1758212853706589190],6.639,-3.189,2.593,,,
[1758212853711709086],7.329,-3.378,3.062,,,
[1758212853717203618],7.245,-3.534,3.323,,,
[1758212853722434607],8.873,-4.257,3.946,,,
[1758212853727686534],7.989,-4.405,3.955,,,
[1758212853732882003],9.538,-4.602,4.18,,,
[1758212853738028045],8.72,-4.391,4.274,,,
[1758212853745228982],10.106,-4.764,4.772,,,
[1758212853750865961],9.697,-5.035,4.743,,,
[1758212853756029190],10.436,-4.822,4.436,,,
[1758212853761128826],10.606,-5.363,4.07,,,
[1758212853766250805],11.078,-5.248,3.278,,,
[1758212853771364555],11.03,-5.837,2.895,,,
[1758212853776529711],11.748,-5.461,1.923,,,
[1758212853783147888],12.661,-5.849,2.251,,,
[1758212853788405493],11.315,-5.657,1.664,,,
[1758212853793528774],12.342,-5.598,0.766,,,
[1758212853798634295],10.348,-5.107,0.704,,,
[1758212853803757159],11.097,-4.82,0.563,,,
[1758212853808860128],9.357,-4.494,-0.283,,,
[1758212853813979399],10.546,-4.745,-0.081,,,
[1758212853819108253],8.535,-4.264,0.249,,,
[1758212853824349295],9.785,-4.286,-0.134,,,
[1758212853829591638],7.922,-3.814,-0.081,,,
[1758212853834736013],8.636,-3.689,0.108,,,
[1758212853839844711],7.365,-3.531,0.39,,,
[1758212853844977003],7.992,-3.326,1.195,,,
[1758212853850077732],6.577,-2.993,1.736,,,
[1758212853855179659],7.532,-2.921,2.011,,,
[1758212853861654607],6.735,-3.213,2.349,,,
[1758212853866944763],6.675,-2.966,2.306,,,
[1758212853872049555],7.898,-3.426,3.522,,,
[1758212853877217055],7.276,-3.613,3.338,,,
[1758212853882389659],8.789,-4.415,3.814,,,
[1758212853887522472],8.298,-4.123,4.42,,,
[1758212853894133305],9.84,-4.626,4.132,,,
[1758212853899365753],8.813,-4.712,4.314,,,
[1758212853904462420],10.309,-5.009,4.456,,,
[1758212853909574190],9.555,-4.652,4.7,,,
[1758212853914721170],11.219,-5.217,4.511,,,
[1758212853919830180],10.211,-5.375,3.694,,,
[1758212853924995961],11.672,-5.677,3.182,,,
[1758212853930129190],11.179,-5.969,2.648,,,
[1758212853935353045],12.316,-5.708,1.805,,,
[1758212853940563409],11.277,-5.763,1.185,,,
[1758212853945691065],12.299,-5.65,0.764,,,
[1758212853950791795],11.073,-5.507,1.362,,,
[1758212853955928201],10.903,-4.889,0.754,,,
[1758212853961090180],10.489,-5.009,0.642,,,
[1758212853966590545],10.125,-4.535,-0.16,,,
[1758212853971758045],9.888,-4.487,-0.005,,,
[1758212853976981117],8.906,-4.14,-0.227,,,
[1758212853982222003],9.222,-4.128,-0.46,,,
[1758212853987383461],7.877,-3.697,-0.57,,,
[1758212853992561065],8.27,-3.802,0.383,,,
[1758212853997731013],7.108,-3.366,0.364,,,
[1758212854003240128],8.004,-3.486,1.525,,,
[1758212854008516899],6.16,-3.036,1.638,,,
[1758212854013727992],7.379,-3.172,1.844,,,
[1758212854018864451],5.897,-3.081,2.459,,,
[1758212854024067263],7.647,-3.333,2.787,,,
[1758212854029230545],6.855,-3.51,3.366,,,
[1758212854034359347],8.653,-4.022,3.615,,,
[1758212854039494659],7.745,-4.027,3.749,,,
[1758212854049439867],8.504,-4.542,4.12,,,
[1758212854056033826],9.651,-4.501,4.628,,,
[1758212854061288305],9.974,-4.98,4.561,,,
[1758212854066434972],10.513,-4.815,3.994,,,
[1758212854072759920],11.121,-5.37,4.415,,,
[1758212854079079242],10.721,-5.662,2.938,,,
[1758212854084623565],12.141,-5.964,2.461,,,
[1758212854089738409],11.044,-5.65,2.277,,,
[1758212854094874763],12.68,-5.794,1.951,,,
[1758212854099994867],11.425,-5.792,1.539,,,
[1758212854105131742],11.997,-5.246,1.25,,,
[1758212854111338305],11.092,-5.274,1.176,,,
[1758212854117912524],9.546,-4.503,0.534,,,
[1758212854124234919],10.597,-4.482,-0.026,,,
[1758212854129515128],8.978,-4.228,-0.424,,,
[1758212854134656117],9.917,-4.144,-0.187,,,
[1758212854139776013],8.011,-3.709,-0.208,,,
[1758212854144923357],8.866,-3.737,0.01,,,
[1758212854150027576],7.252,-3.484,0.587,,,
[1758212854155131378],8.31,-3.531,0.931,,,
[1758212854160224086],6.649,-3.134,1.372,,,
[1758212854165348982],7.573,-2.94,1.614,,,
[1758212854170536482],6.232,-3.129,2.102,,,
[1758212854175738982],7.108,-3.134,2.37,,,
[1758212854180851013],6.778,-3.223,3.096,,,
[1758212854186001169],7.362,-3.498,3.237,,,
[1758212854192446951],8.384,-4.283,3.886,,,
[1758212854198783982],8.045,-4.197,3.855,,,
[1758212854204008722],9.663,-4.781,4.118,,,
[1758212854209115284],8.662,-4.709,4.841,,,
[1758212854214223461],10.501,-4.628,4.499,,,
[1758212854219328253],9.222,-4.961,4.338,,,
[1758212854224794919],11.181,-5.26,4.056,,,
[1758212854229916274],10.173,-5.092,3.639,,,
[1758212854235087940],11.66,-5.622,3.151,,,
[1758212854240229972],11.085,-5.519,2.799,,,
[1758212854245472315],12.364,-5.672,2.385,,,
[1758212854250586326],11.303,-5.906,2.059,,,
[1758212854255708044],12.112,-5.794,1.614,,,
[1758212854260801326],11.437,-5.701,1.343,,,
[1758212854265906013],11.413,-4.997,0.919,,,
[1758212854271044034],10.242,-4.858,0.407,,,
[1758212854276281013],10.065,-4.539,-0.141,,,
[1758212854281409972],9.651,-4.729,-0.127,,,
[1758212854286627003],9.697,-4.19,-0.175,,,
[1758212854291747680],9.208,-4.094,-0.472,,,
[1758212854299116586],7.575,-3.752,-0.412,,,
[1758212854304548722],8.653,-3.582,0.263,,,
[1758212854309749503],6.845,-3.311,0.56,,,
[1758212854314890805],7.884,-3.237,1.307,,,
[1758212854319993149],6.414,-3.184,1.537,,,
[1758212854325201326],7.501,-3.203,1.985,,,
[1758212854330671638],6.419,-3.187,2.691,,,
[1758212854335811482],7.207,-3.041,2.813,,,
[1758212854340960128],7.108,-3.486,3.208,,,
[1758212854346108982],8.341,-3.713,3.251,,,
[1758212854351213201],8.648,-4.36,3.972,,,
[1758212854356303774],8.815,-4.262,3.716,,,
[1758212854361412576],8.617,-4.539,4.18,,,
[1758212854366560596],9.096,-4.515,4.523,,,
[1758212854371690492],9.531,-4.98,4.769,,,
[1758212854376969555],9.953,-4.81,4.271,,,
[1758212854382096638],10.731,-5.578,4.245,,,
[1758212854387247784],10.74,-5.499,3.682,,,
[1758212854392401899],11.775,-5.976,3.658,,,
[1758212854397516117],11.097,-5.365,2.342,,,
[1758212854404170857],12.395,-5.895,1.908,,,
[1758212854409418357],11.114,-5.804,1.317,,,
[1758212854414555024],12.802,-5.71,1.559,,,
[1758212854419674399],10.671,-5.174,1.161,,,
[1758212854424878149],11.511,-4.939,0.077,,,
[1758212854430001794],9.634,-4.482,0.735,,,
[1758212854435138305],10.338,-4.616,0.532,,,
[1758212854440569763],9.084,-4.659,0.445,,,
[1758212854445773044],9.871,-4.228,-0.587,,,
[1758212854450991534],8.459,-4.123,-0.239,,,
[1758212854456340076],8.521,-3.742,-0.074,,,
[1758212854461672836],7.944,-3.546,0.455,,,
[1758212854466826013],7.638,-3.242,0.517,,,
[1758212854471925440],7.207,-3.359,1.391,,,
[1758212854477112680],6.742,-2.899,1.482,,,
[1758212854482343305],7.319,-3.318,2.119,,,
[1758212854487504346],6.146,-3.213,2.512,,,
[1758212854492796638],7.345,-3.227,3.062,,,
[1758212854497921274],6.946,-3.263,3.045,,,
[1758212854503044242],8.487,-4.207,3.895,,,
[1758212854510239346],8.253,-4.278,4.219,,,
[1758212854515539503],9.294,-4.281,3.941,,,
[1758212854520658669],8.851,-4.554,4.192,,,
[1758212854525858669],10.025,-4.602,4.116,,,
[1758212854531018409],9.555,-5.04,3.924,,,
[1758212854536164190],10.724,-5.071,4.029,,,
[1758212854541283721],10.827,-5.54,3.919,,,
[1758212854548741013],10.721,-5.547,2.911,,,
[1758212854554186273],12.079,-5.825,2.701,,,
[1758212854559325284],11.032,-5.674,2.437,,,
[1758212854564471065],12.656,-5.837,1.899,,,
[1758212854569600857],11.32,-5.808,1.125,,,
[1758212854574829086],12.172,-5.701,0.579,,,
[1758212854579953565],9.936,-4.913,0.852,,,
[1758212854585087471],10.606,-4.695,0.622,,,
[1758212854590227107],9.27,-4.573,0.227,,,
[1758212854595390492],10.422,-4.286,-0.124,,,
[1758212854600588148],8.516,-4.171,-0.223,,,
[1758212854605718773],9.352,-4.061,-0.345,,,
[1758212854610841951],8.133,-4.027,-0.108,,,
[1758212854618312263],7.235,-3.505,0.599,,,
[1758212854624765180],8.107,-3.46,0.62,,,
[1758212854630006794],6.469,-3.191,1.609,,,
[1758212854635152055],7.709,-3.168,1.812,,,
[1758212854640247836],6.167,-3.153,2.397,,,
[1758212854645370961],7.202,-2.957,3.017,,,
[1758212854650475180],6.323,-3.323,3.093,,,
[1758212854656506378],8.167,-3.838,3.503,,,
[1758212854661699711],8.684,-4.345,3.989,,,
[1758212854666867680],8.495,-3.996,3.546,,,
[1758212854672108565],9.333,-4.867,4.022,,,
[1758212854677322992],9.21,-4.355,4.451,,,
[1758212854682514346],9.663,-4.855,4.621,,,
[1758212854687653930],9.538,-4.98,4.187,,,
[1758212854692828513],11.049,-5.215,4.551,,,
[1758212854697976534],10.29,-5.227,4.355,,,
[1758212854703093721],11.722,-5.622,3.244,,,
[1758212854708204607],10.582,-5.648,2.195,,,
[1758212854713431326],12.028,-6.029,2.715,,,
[1758212854718574919],11.121,-5.578,2.057,,,
[1758212854724125284],12.495,-5.746,1.367,,,
[1758212854729249034],10.676,-5.638,0.843,,,
[1758212854734396638],11.655,-5.337,0.35,,,
[1758212854739531898],9.946,-4.743,0.46,,,
[1758212854744671846],10.953,-4.614,0.395,,,
[1758212854749789346],9.285,-4.472,0.275,,,
[1758212854754932888],10.058,-4.355,0.057,,,
[1758212854760067628],8.54,-4.099,-0.005,,,
[1758212854765652992],9.407,-3.723,-0.024,,,
[1758212854770849867],7.676,-3.821,0.168,,,
[1758212854776047003],7.707,-3.479,0.46,,,
[1758212854781175440],7.072,-3.366,1.355,,,
[1758212854786318878],7.453,-3.096,1.762,,,
[1758212854791436065],6.697,-3.124,1.992,,,
[1758212854796557575],6.931,-2.993,2.014,,,
[1758212854801683878],6.541,-3.474,2.555,,,
[1758212854806915805],7.053,-3.433,2.569,,,
[1758212854812037471],8.023,-3.759,3.452,,,
[1758212854817162471],8.179,-4.073,3.357,,,
[1758212854822354867],8.835,-4.417,3.96,,,
[1758212854827544763],8.672,-4.195,4.18,,,
[1758212854833127471],9.926,-4.841,4.855,,,
[1758212854838283825],8.823,-4.7,4.645,,,
[1758212854843406430],10.604,-5.112,4.808,,,
[1758212854848581169],10.147,-5.078,4.226,,,
[1758212854853739242],11.583,-5.274,3.376,,,
[1758212854858891117],10.271,-5.543,3.036,,,
[1758212854864035857],12.014,-6.041,2.957,,,
[1758212854869168930],10.942,-5.746,2.354,,,
[1758212854877080700],12.529,-5.559,1.757,,,
[1758212854882512732],11.892,-5.959,1.587,,,
[1758212854888776742],10.714,-5.286,0.45,,,
[1758212854894010805],11.399,-4.872,0.56,,,
[1758212854899142367],9.299,-4.664,0.113,,,
[1758212854904296586],10.57,-4.606,-0.431,,,
[1758212854909409086],8.691,-4.422,-0.146,,,
[1758212854914520805],9.811,-4.286,-0.168,,,
[1758212854919648096],8.104,-3.924,-0.496,,,
[1758212854924863148],8.775,-4.022,0.192,,,
[1758212854930001482],7.053,-3.596,0.421,,,
[1758212854935220596],8.2,-3.407,0.948,,,
[1758212854941679763],7.154,-3.338,1.544,,,
[1758212854946897159],6.965,-2.919,1.633,,,
[1758212854951976378],6.563,-3.093,2.48,,,
[1758212854957064607],6.946,-3.012,2.847,,,
[1758212854962231273],7.408,-3.402,3.57,,,
[1758212854967358253],7.269,-3.661,3.371,,,
[1758212854972602107],8.724,-4.353,3.388,,,
[1758212854977755961],8.339,-4.116,3.505,,,
[1758212854982955544],9.419,-4.427,4.017,,,
[1758212854988586482],8.696,-4.503,4.216,,,
[1758212854993743200],10.108,-4.757,4.673,,,
[1758212854998852627],9.335,-5.167,4.537,,,
[1758212855003985492],11.217,-5.274,3.982,,,
[1758212855009098148],10.113,-5.133,3.905,,,
[1758212855014211898],11.758,-5.612,3.326,,,
[1758212855019331065],10.63,-5.669,3.043,,,
[1758212855024589763],12.361,-5.947,2.138,,,
[1758212855029750180],11.133,-5.581,1.743,,,
[1758212855034989242],12.385,-5.842,1.765,,,
[1758212855040139086],10.884,-5.775,1.472,,,
[1758212855045345544],12.057,-5.229,0.752,,,
[1758212855051824867],10.525,-4.867,0.658,,,
[1758212855057056430],9.981,-4.58,-0.165,,,
[1758212855062227055],9.871,-4.465,-0.148,,,
[1758212855067333617],9.426,-4.154,-0.352,,,
[1758212855072530544],9.459,-4.235,-0.223,,,
[1758212855077667263],7.98,-3.773,-0.694,,,
[1758212855082892888],8.301,-3.843,-0.098,,,
[1758212855088013565],7.405,-3.318,0.151,,,
[1758212855093176482],7.942,-3.345,1.003,,,
[1758212855098757367],6.292,-3.108,1.597,,,
[1758212855103909555],7.693,-3.227,2.212,,,
[1758212855109021377],6.06,-2.983,2.514,,,
[1758212855114152836],7.762,-3.338,2.385,,,
[1758212855119312575],6.211,-3.251,2.782,,,
[1758212855124454659],8.492,-4.027,3.201,,,
[1758212855129598565],7.451,-3.871,3.694,,,
[1758212855134878721],9.376,-4.199,4.283,,,
[1758212855140102732],8.461,-4.583,4.415,,,
[1758212855145327627],9.826,-4.681,4.884,,,
[1758212855150453252],8.77,-4.664,4.922,,,
[1758212855155986950],10.518,-5.023,4.001,,,
[1758212855161198252],10.362,-5.363,3.941,,,
[1758212855166359346],10.898,-5.327,3.335,,,
[1758212855171460232],10.781,-5.792,2.849,,,
[1758212855176597055],11.686,-5.648,2.322,,,
[1758212855181715284],11.226,-5.945,2.523,,,
[1758212855186900961],11.789,-5.648,2.006,,,
[1758212855192053305],11.77,-5.93,1.635,,,
[1758212855197339242],11.49,-5.329,0.682,,,
[1758212855202592940],11.327,-5.298,1.192,,,
[1758212855208103617],9.615,-4.611,0.484,,,
[1758212855213276742],10.546,-4.602,0.153,,,
[1758212855218393721],9.232,-4.221,-0.314,,,
[1758212855223574502],9.914,-4.314,-0.019,,,
[1758212855228692211],8.504,-4.037,-0.52,,,
[1758212855233846742],9.172,-4.077,0.019,,,
[1758212855238946690],7.173,-3.563,0.053,,,
[1758212855244105648],8.801,-3.563,0.764,,,
[1758212855249362940],6.74,-3.299,1.03,,,
[1758212855254602002],7.963,-3.417,1.279,,,
[1758212855259758565],6.024,-2.916,1.824,,,
[1758212855265354607],7.649,-3.12,2.749,,,
[1758212855270476429],6.148,-3.11,2.885,,,
[1758212855275590596],7.726,-3.488,3.273,,,
[1758212855280735440],7.077,-3.699,3.61,,,
[1758212855285928252],9.069,-4.233,3.646,,,
[1758212855291072002],8.44,-4.489,3.9,,,
[1758212855296221950],9.282,-4.594,4.029,,,
[1758212855301367419],8.744,-4.685,4.207,,,
[1758212855306538982],9.699,-4.527,4.405,,,
[1758212855311836690],9.656,-4.851,4.089,,,
[1758212855317288877],10.221,-4.911,3.697,,,
[1758212855323436898],11.406,-5.399,3.464,,,
[1758212855328735857],10.795,-5.483,3.323,,,
[1758212855333963773],12.16,-5.947,2.763,,,
[1758212855339128044],11.073,-5.796,1.793,,,
[1758212855344277627],12.455,-6.029,1.891,,,
[1758212855349385752],11.116,-5.653,1.65,,,
[1758212855354497159],12.141,-5.466,1.02,,,
[1758212855359609867],10.173,-5.138,0.625,,,
[1758212855364825023],11.018,-4.831,0.809,,,
[1758212855372378461],10.116,-4.82,0.108,,,
[1758212855377889138],9.397,-4.223,0.239,,,
[1758212855383109190],9.294,-4.259,-0.038,,,
[1758212855388229398],7.987,-3.9,-0.541,,,
[1758212855393363044],9.017,-3.955,-0.165,,,
[1758212855398479190],7.436,-3.436,0.122,,,
[1758212855403595284],8.088,-3.417,0.658,,,
[1758212855408705492],6.649,-3.244,1.434,,,
[1758212855413875544],7.611,-3.091,1.717,,,
[1758212855419122888],6.431,-3.002,2.301,,,
[1758212855424654606],7.585,-3.493,2.715,,,
[1758212855429789086],6.278,-3.266,2.907,,,
[1758212855434972054],8.131,-3.831,3.488,,,
[1758212855440106377],7.47,-4.008,4.118,,,
[1758212855445246221],9.419,-4.185,4.518,,,
[1758212855450348148],8.042,-4.336,4.317,,,
[1758212855455472471],9.625,-4.559,4.135,,,
[1758212855460574919],9.064,-4.726,3.917,,,
[1758212855465779815],10.649,-4.92,4.566,,,
[1758212855471000492],9.948,-4.836,4.187,,,
[1758212855477578461],10.4,-5.282,3.673,,,
[1758212855482962627],11.732,-5.787,2.595,,,
[1758212855488113304],11.389,-5.423,3.031,,,
[1758212855493272367],12.225,-5.835,1.992,,,
[1758212855498403825],11.205,-5.768,1.279,,,
[1758212855503547419],12.615,-5.801,1.621,,,
[1758212855508672106],10.836,-5.375,1.281,,,
[1758212855513829502],11.629,-5.49,1.662,,,
[1758212855518957054],9.699,-4.776,1.355,,,
[1758212855524174554],10.477,-4.681,0.567,,,
[1758212855529664190],9.148,-4.503,0.022,,,
[1758212855534992211],10.283,-4.458,-0.215,,,
[1758212855540140596],8.145,-4.199,0.065,,,
[1758212855545282523],9.318,-3.922,0.235,,,
[1758212855550392836],7.487,-3.61,0.321,,,
[1758212855555543356],8.516,-3.378,0.077,,,
[1758212855560682211],6.773,-3.148,0.965,,,
[1758212855565923409],7.693,-3.132,1.42,,,
[1758212855576116742],7.422,-3.098,2.662,,,
[1758212855582473304],6.891,-3.369,2.696,,,
[1758212855588080752],6.807,-3.4,2.617,,,
[1758212855593259398],8.461,-3.991,3.704,,,
[1758212855598372575],8.061,-3.898,3.594,,,
[1758212855603510336],9.084,-4.587,4.171,,,
[1758212855608627106],8.454,-4.468,4.515,,,
[1758212855613752679],10.063,-4.609,5.033,,,
[1758212855618893617],9.124,-4.664,4.748,,,
[1758212855624062992],10.841,-5.155,4.544,,,
[1758212855629303252],9.749,-5.217,4.25,,,
[1758212855634508929],11.602,-5.545,3.452,,,
[1758212855641079138],11.056,-5.727,2.938,,,
[1758212855646317836],11.858,-5.974,2.624,,,
[1758212855651440700],11.425,-5.854,2.088,,,
[1758212855656576221],12.397,-5.835,1.654,,,
[1758212855661687367],11.466,-5.804,1.487,,,
[1758212855666800127],12.019,-5.255,0.606,,,
[1758212855671901742],10.951,-5.255,0.86,,,
[1758212855677037315],10.283,-4.503,0.39,,,
[1758212855682319919],9.941,-4.518,0.089,,,
[1758212855687867731],9.737,-4.326,-0.512,,,
[1758212855693464711],9.639,-4.305,-0.599,,,
[1758212855698615648],8.363,-3.931,-0.524,,,
[1758212855703776013],9.009,-3.994,-0.208,,,
[1758212855708876533],7.436,-3.596,0.074,,,
[1758212855714035179],8.413,-3.56,0.316,,,
[1758212855719139815],6.653,-3.165,1.101,,,
[1758212855724389086],7.961,-3.242,1.841,,,
[1758212855729618304],6.29,-2.887,2.078,,,
[1758212855736116846],7.044,-3.208,2.471,,,
[1758212855742600804],7.29,-3.414,3.191,,,
[1758212855747869606],7.609,-3.764,3.436,,,
[1758212855752991377],8.416,-4.3,4.049,,,
[1758212855758110075],8.009,-4.073,3.749,,,
[1758212855763238565],9.548,-4.453,3.91,,,
[1758212855768336586],8.849,-4.547,4.044,,,
[1758212855773454450],10.135,-4.867,4.729,,,
[1758212855778579815],9.278,-4.932,4.791,,,
[1758212855783845231],10.767,-5.236,4.085,,,
[1758212855789068773],10.123,-5.265,4.334,,,
[1758212855794233200],11.758,-5.555,3.687,,,
[1758212855799795596],10.506,-5.641,2.504,,,
[1758212855804947367],12.189,-5.875,2.354,,,
[1758212855810054190],11.313,-5.739,1.997,,,
[1758212855815190856],12.622,-5.813,1.451,,,
[1758212855820320856],11.018,-5.559,1.154,,,
[1758212855825480700],11.902,-5.15,0.532,,,
[1758212855830583981],10.008,-4.736,0.527,,,
[1758212855835906429],10.738,-4.492,0.034,,,
[1758212855841142940],9.459,-4.583,0.055,,,
[1758212855846292523],9.361,-4.123,0.132,,,
[1758212855851838304],8.871,-4.214,-0.668,,,
[1758212855856994033],9.143,-3.864,-0.491,,,
[1758212855862232106],7.846,-3.716,0.196,,,
[1758212855867413148],7.499,-3.297,-0.199,,,
[1758212855872609242],7.779,-3.618,0.97,,,
[1758212855877714398],7.08,-3.117,1.954,,,
[1758212855883005388],7.403,-3.096,1.932,,,
[1758212855888202835],6.613,-3.081,2.231,,,
[1758212855893466898],7.561,-3.405,3.211,,,
[1758212855898576481],6.653,-3.249,3.364,,,
[1758212855903747106],8.339,-3.807,3.594,,,
[1758212855909326377],7.46,-4.149,3.934,,,
[1758212855914471846],9.311,-4.52,3.982,,,
[1758212855919594606],8.241,-4.324,3.852,,,
[1758212855924739085],9.96,-4.602,4.408,,,
[1758212855929882419],8.701,-4.635,4.379,,,
[1758212855935084190],10.597,-5.064,4.262,,,
[1758212855940242419],9.507,-5.035,3.994,,,
[1758212855945397158],11.588,-5.303,3.598,,,
[1758212855950604658],10.726,-5.42,3.668,,,
[1758212855955833825],12.062,-5.775,2.837,,,
[1758212855961417315],11.085,-5.921,2.124,,,
[1758212855966569554],12.198,-5.703,1.587,,,
[1758212855971651013],11.6,-5.952,1.585,,,
[1758212855976810544],11.636,-5.392,1.223,,,
[1758212855981929658],10.977,-5.088,0.939,,,
[1758212855987117315],10.709,-4.662,0.939,,,
[1758212855992340127],9.752,-4.484,0.132,,,
[1758212855997536742],9.862,-4.458,-0.646,,,
[1758212856002749242],9.651,-4.561,-0.366,,,
[1758212856008003773],8.705,-4.07,-0.754,,,
[1758212856013153669],9.055,-4.111,-0.35,,,
[1758212856018601481],7.86,-3.771,-0.479,,,
[1758212856023767835],8.437,-3.706,0.347,,,
[1758212856028926794],6.735,-3.124,0.931,,,
[1758212856034135544],7.858,-3.141,1.48,,,
[1758212856039330023],6.311,-2.84,1.987,,,
[1758212856044491325],7.369,-3.17,2.397,,,
[1758212856049590856],6.239,-3.036,2.696,,,
[1758212856054716794],7.903,-3.474,3.043,,,
[1758212856059823929],7.013,-3.84,3.417,,,
[1758212856065057835],8.969,-4.31,3.828,,,
[1758212856070617002],8.073,-4.173,3.867,,,
[1758212856075806325],9.61,-4.518,4.178,,,
[1758212856080945283],8.88,-4.633,4.688,,,
[1758212856086165127],9.936,-4.791,4.992,,,
[1758212856091268252],9.347,-4.8,4.554,,,
[1758212856096391065],11.03,-5.186,4.408,,,
[1758212856101503252],10.156,-5.303,4.02,,,
[1758212856106662262],11.368,-5.282,3.218,,,
[1758212856111838773],10.989,-5.878,3.048,,,
[1758212856117065648],11.82,-5.662,2.179,,,
[1758212856122336012],11.772,-5.827,1.896,,,
[1758212856127879658],12.086,-5.72,1.166,,,
[1758212856133131273],11.997,-5.789,1.604,,,
[1758212856138251012],10.817,-5.018,0.903,,,
[1758212856143413460],11.018,-5.14,0.555,,,
[1758212856148578825],9.637,-4.556,-0.031,,,
[1758212856153741950],9.993,-4.628,-0.034,,,
[1758212856158859919],9.033,-4.307,-0.026,,,
[1758212856164014867],9.764,-4.207,-0.405,,,
[1758212856169243669],7.939,-3.972,-0.165,,,
[1758212856174420648],8.796,-3.96,0.457,,,
[1758212856179974971],7.199,-3.275,0.359,,,
[1758212856185209346],8.219,-3.598,0.965,,,
[1758212856190345544],6.402,-3.203,1.489,,,
[1758212856195474294],7.611,-3.151,1.915,,,
[1758212856200553981],6.041,-3.098,2.727,,,
[1758212856205645127],7.764,-3.428,2.734,,,
[1758212856210743408],6.639,-3.086,2.916,,,
[1758212856215970127],8.238,-3.893,3.663,,,
[1758212856221218200],7.839,-4.154,3.596,,,
[1758212856226428512],9.342,-4.204,3.754,,,
[1758212856231608929],8.495,-4.381,4.597,,,
[1758212856237224398],9.218,-4.384,4.214,,,
[1758212856242421169],9.663,-4.875,4.456,,,
[1758212856247533721],10.089,-4.824,4.326,,,
[1758212856253795596],11.028,-5.215,4.374,,,
[1758212856259014242],10.393,-5.337,3.601,,,
[1758212856264160960],11.554,-5.748,3.596,,,
[1758212856269268669],10.829,-5.801,3.129,,,
[1758212856274406690],12.541,-5.796,2.564,,,
[1758212856279589398],11.03,-5.792,1.575,,,
[1758212856285331533],12.385,-5.804,1.396,,,
[1758212856290541950],10.977,-5.341,0.699,,,
[1758212856295742106],11.624,-5.102,-0.034,,,
[1758212856301051012],9.773,-4.614,0.711,,,
[1758212856308398356],9.519,-4.518,-0.582,,,
[1758212856313573981],10.305,-4.7,0.297,,,
[1758212856318731221],8.6,-3.998,0.029,,,
[1758212856323891169],9.495,-3.97,-0.505,,,
[1758212856329060596],7.604,-3.922,0.223,,,
[1758212856334341377],8.724,-3.637,0.781,,,
[1758212856339628304],6.783,-3.27,0.788,,,
[1758212856345105544],7.805,-3.4,1.276,,,
[1758212856350223564],6.278,-3.033,1.633,,,
[1758212856355352314],7.927,-3.072,2.152,,,
[1758212856360511325],6.187,-3.218,2.543,,,
[1758212856365633669],7.817,-3.237,2.792,,,
[1758212856370768981],6.936,-3.773,3.285,,,
[1758212856375963200],8.902,-4.281,3.44,,,
[1758212856381103200],8.159,-4.118,4.056,,,
[1758212856387648877],8.734,-4.372,4.068,,,
[1758212856394115492],9.546,-4.858,4.59,,,
[1758212856399362106],9.12,-4.745,4.448,,,
[1758212856404509867],10.446,-5.102,4.367,,,
[1758212856409642419],9.634,-5.052,4.051,,,
[1758212856414771325],11.624,-5.428,3.955,,,
[1758212856419882835],10.41,-5.435,3.16,,,
[1758212856424992262],12.328,-5.792,2.818,,,
[1758212856430109710],10.925,-5.557,2.557,,,
[1758212856435343148],12.558,-6.117,1.765,,,
[1758212856440544658],10.728,-5.784,2.04,,,
[1758212856445686637],12.392,-5.55,1.221,,,
[1758212856452210335],10.783,-5.301,0.608,,,
[1758212856458448148],9.831,-4.53,0.34,,,
[1758212856463703617],10.642,-4.602,0.067,,,
[1758212856468820752],9.361,-4.336,0.057,,,
[1758212856473953148],9.72,-4.429,0.017,,,
[1758212856479109085],8.107,-4.113,-0.287,,,
[1758212856484304502],9.031,-3.931,0.067,,,
[1758212856489434919],7.638,-3.642,0.338,,,
[1758212856494957314],8.387,-3.596,0.67,,,
[1758212856500122210],6.464,-3.235,1.425,,,
[1758212856505342002],7.561,-3.179,1.865,,,
[1758212856510460804],5.978,-2.801,2.045,,,
[1758212856515600335],7.645,-3.218,2.708,,,
[1758212856520702419],6.136,-3.273,3.208,,,
[1758212856525810752],7.882,-3.579,3.378,,,
[1758212856530937627],7.446,-3.773,3.455,,,
[1758212856536173773],9.213,-4.422,3.168,,,
[1758212856541311898],8.296,-4.302,3.718,,,
[1758212856546530023],9.553,-4.707,4.338,,,
[1758212856551646741],8.966,-4.645,4.18,,,
[1758212856559146012],9.27,-4.803,4.683,,,
[1758212856564589658],10.901,-5.174,3.625,,,
[1758212856569805387],9.984,-5.43,3.948,,,
[1758212856574954398],11.926,-5.686,3.967,,,
[1758212856580083044],10.712,-5.65,2.488,,,
[1758212856585273929],12.273,-6.031,2.126,,,
[1758212856590375387],10.74,-5.842,2.289,,,
[1758212856595516377],12.711,-5.746,1.566,,,
[1758212856603002106],11.243,-5.614,1.051,,,
[1758212856608521325],10.671,-4.956,0.069,,,
[1758212856613672783],10.673,-4.863,0.395,,,
[1758212856618777731],9.718,-4.527,0.22,,,
[1758212856623923148],10.245,-4.451,-0.124,,,
[1758212856629040856],8.428,-4.262,-0.539,,,
[1758212856634215283],9.452,-4.259,-0.06,,,
[1758212856639328096],7.949,-3.682,0.086,,,
[1758212856644507731],8.756,-3.589,0.414,,,
[1758212856649654033],6.96,-3.361,0.512,,,
[1758212856654838564],7.889,-3.407,1.463,,,
[1758212856659946794],6.656,-3.069,1.355,,,
[1758212856665573304],7.604,-3.136,1.875,,,
[1758212856670714814],6.072,-2.94,2.708,,,
[1758212856675828356],7.616,-3.505,2.696,,,
[1758212856680954346],6.531,-3.527,3.364,,,
[1758212856686173408],8.59,-3.776,3.646,,,
[1758212856691272887],8.203,-4.288,3.543,,,
[1758212856696364346],9.17,-4.058,3.668,,,
[1758212856701442887],8.464,-4.563,4.226,,,
[1758212856706588096],9.84,-4.652,4.587,,,
[1758212856712283356],9.776,-4.772,4.489,,,
[1758212856717424814],10.029,-5.052,4.147,,,
[1758212856722620700],10.537,-5.485,4.18,,,
[1758212856727789502],10.982,-5.303,3.543,,,
[1758212856733098668],11.049,-5.813,2.792,,,
[1758212856738233252],11.399,-5.672,2.207,,,
[1758212856743391846],12.107,-5.928,1.992,,,
[1758212856748543721],11.449,-5.59,1.532,,,
[1758212856753784085],12.392,-5.818,1.731,,,
[1758212856758889346],10.939,-5.32,1.161,,,
[1758212856764024971],11.231,-5.241,1.106,,,
[1758212856769174450],9.922,-4.561,0.563,,,
[1758212856774644762],10.645,-4.623,0.35,,,
[1758212856779813304],8.94,-4.403,-0.204,,,
[1758212856785025127],9.981,-4.3,-1.058,,,
[1758212856790138460],8.396,-4.19,-0.39,,,
[1758212856795413043],9.038,-3.651,-0.045,,,
[1758212856800662887],7.257,-3.627,-0.153,,,
[1758212856805809710],8.215,-3.591,0.45,,,
[1758212856810961585],6.598,-3.349,1.231,,,
[1758212856816138252],7.908,-3.144,1.654,,,
[1758212856821627523],6.546,-3.084,2.021,,,
[1758212856826793668],7.221,-3.117,2.698,,,
[1758212856831910700],6.357,-3.306,2.974,,,
[1758212856837216325],7.719,-3.321,3.299,,,
[1758212856842538043],8.408,-4.257,3.589,,,
[1758212856847679189],8.602,-4.173,3.692,,,
[1758212856852980752],8.914,-4.331,4.235,,,
[1758212856858093877],9.045,-4.295,4.348,,,
[1758212856863215439],9.476,-4.755,5.037,,,
[1758212856868373512],9.615,-4.829,4.068,,,
[1758212856873556585],10.599,-5.114,4.238,,,
[1758212856878733721],10.104,-4.92,3.737,,,
[1758212856884358721],11.566,-5.511,3.747,,,
[1758212856889540491],10.503,-5.655,2.938,,,
[1758212856894693252],12.208,-5.78,2.612,,,
[1758212856899795700],11.088,-5.782,2.421,,,
[1758212856904967158],12.605,-5.945,2.066,,,
[1758212856910113252],10.932,-5.567,1.319,,,
[1758212856915256741],12.23,-6.021,1.065,,,
[1758212856920377783],10.089,-5.066,0.611,,,
[1758212856925563668],11.332,-4.724,0.517,,,
[1758212856931214241],9.261,-4.496,0.421,,,
[1758212856936420179],10.338,-4.578,-0.232,,,
[1758212856941631429],8.662,-4.41,-0.163,,,
[1758212856946795543],9.151,-3.874,-0.599,,,
[1758212856951894293],8.107,-3.898,0.141,,,
[1758212856957044085],8.298,-3.579,-0.069,,,
[1758212856962280491],7.321,-3.431,0.486,,,
[1758212856967474866],7.661,-3.34,1.381,,,
[1758212856972798512],7.377,-3.259,1.63,,,
[1758212856977926585],6.845,-2.978,1.867,,,
[1758212856983115387],6.934,-3.213,2.787,,,
[1758212856988239085],6.658,-2.993,2.593,,,
[1758212856993702523],7.74,-3.61,3.273,,,
[1758212856998827158],7.448,-3.891,3.479,,,
[1758212857003988929],9.103,-4.417,3.874,,,
[1758212857009129345],8.083,-4.202,3.881,,,
[1758212857014294710],10.048,-4.654,4.537,,,
[1758212857019394658],8.808,-4.511,4.628,,,
[1758212857024486898],10.048,-5.042,4.302,,,
[1758212857029608408],9.512,-5.128,4.348,,,
[1758212857034858512],11.262,-5.385,4.085,,,
[1758212857040488981],10.02,-5.332,3.306,,,
[1758212857045703825],12.0,-5.827,2.454,,,
[1758212857050862523],10.592,-5.796,2.957,,,
[1758212857056021533],12.61,-5.804,1.908,,,
[1758212857061278512],11.514,-5.672,1.841,,,
[1758212857066494710],12.158,-5.782,1.477,,,
[1758212857071615179],10.903,-5.435,1.458,,,
[1758212857076793929],11.756,-4.841,0.931,,,
[1758212857081992106],9.972,-4.812,0.529,,,
[1758212857087204345],10.063,-4.714,0.275,,,
[1758212857092469658],9.357,-4.401,-0.062,,,
[1758212857097623616],9.462,-4.025,-0.572,,,
[1758212857103207262],9.091,-4.144,-0.529,,,
[1758212857108358148],8.119,-3.512,-0.218,,,
[1758212857113540491],8.215,-3.814,0.371,,,
[1758212857118659814],7.635,-3.275,0.761,,,
[1758212857123801689],7.678,-3.115,1.379,,,
[1758212857128912106],6.924,-3.031,1.482,,,
[1758212857134142470],7.386,-3.122,2.274,,,
[1758212857139316116],6.302,-2.993,2.698,,,
[1758212857144517002],7.685,-3.299,3.007,,,
[1758212857150156064],6.73,-3.378,2.605,,,
[1758212857155301377],8.806,-4.271,3.582,,,
[1758212857160405543],7.752,-4.348,3.819,,,
[1758212857167899397],9.175,-4.152,3.934,,,
[1758212857173392627],9.656,-4.774,4.226,,,
[1758212857178565543],9.29,-4.748,3.955,,,
[1758212857183783460],10.144,-4.968,4.726,,,
[1758212857189017939],10.364,-5.092,3.922,,,
[1758212857194295908],11.528,-5.382,3.539,,,
[1758212857199420022],10.396,-5.624,3.005,,,
[1758212857204543095],12.277,-5.674,2.816,,,
[1758212857210389293],11.073,-5.744,2.33,,,
[1758212857216215804],12.45,-5.832,1.654,,,
[1758212857221456793],11.317,-5.945,1.434,,,
[1758212857226616950],12.026,-5.365,1.264,,,
[1758212857231750960],10.513,-4.918,1.125,,,
[1758212857236945647],10.958,-4.688,0.575,,,
[1758212857242071429],9.538,-4.69,0.639,,,
[1758212857247218616],10.226,-4.197,-0.053,,,
[1758212857252416897],9.378,-4.254,-0.251,,,
[1758212857258038981],9.304,-4.073,-0.5,,,
[1758212857264388200],8.928,-4.089,0.093,,,
[1758212857269601272],7.367,-3.531,-0.45,,,
[1758212857274716897],8.442,-3.448,0.553,,,
[1758212857279809345],6.814,-2.995,1.173,,,
[1758212857284992314],7.606,-3.247,1.528,,,
[1758212857290102939],6.203,-3.06,1.618,,,
[1758212857295251689],7.518,-3.275,2.454,,,
[1758212857300371429],6.323,-3.029,3.287,,,
[1758212857305538668],7.896,-3.768,3.108,,,
[1758212857310783616],7.247,-3.836,3.16,,,
[1758212857316014137],9.268,-4.417,3.527,,,
[1758212857322627627],8.978,-4.741,4.144,,,
[1758212857327886689],9.115,-4.575,4.7,,,
[1758212857333099762],9.488,-4.808,4.48,,,
[1758212857338211012],9.941,-4.647,4.243,,,
[1758212857343384866],10.537,-5.052,4.262,,,
[1758212857348525179],10.652,-5.128,3.941,,,
[1758212857353681168],11.157,-5.476,3.608,,,
[1758212857358815127],10.846,-5.466,2.65,,,
[1758212857364412366],12.129,-5.847,2.622,,,
[1758212857369664293],10.989,-5.54,1.827,,,
[1758212857374854762],12.5,-5.873,1.887,,,
[1758212857380029554],11.016,-5.693,1.089,,,
[1758212857385262054],12.249,-5.423,0.321,,,
[1758212857390376533],10.221,-5.025,0.294,,,
[1758212857395507783],10.953,-4.748,0.172,,,
[1758212857400681116],8.911,-4.549,-0.156,,,
[1758212857405879137],10.276,-4.554,-0.129,,,
[1758212857411138616],8.593,-3.998,-0.443,,,
[1758212857416325127],9.45,-4.001,-0.469,,,
[1758212857421473199],7.585,-3.582,0.158,,,
[1758212857427020908],8.389,-3.438,0.053,,,
[1758212857432233199],7.147,-3.5,0.838,,,
[1758212857437448147],7.575,-3.086,1.379,,,
[1758212857442803147],6.414,-3.124,2.021,,,
[1758212857447963043],6.883,-2.878,1.848,,,
[1758212857453072002],6.998,-3.17,2.301,,,
[1758212857458189137],7.005,-3.203,2.813,,,
[1758212857463337731],7.36,-3.948,3.508,,,
[1758212857468496741],7.913,-3.821,3.469,,,
[1758212857474085283],9.206,-4.293,4.025,,,
[1758212857479272835],8.49,-4.156,4.185,,,
[1758212857484498616],9.546,-4.635,4.362,,,
[1758212857489647002],8.966,-4.453,4.602,,,
[1758212857494819293],10.345,-5.124,4.566,,,
[1758212857499970335],9.687,-4.994,4.288,,,
[1758212857505105595],11.214,-5.411,4.362,,,
[1758212857510216533],10.393,-5.547,3.093,,,
[1758212857515496168],12.119,-5.95,3.06,,,
[1758212857520664502],10.865,-5.478,2.133,,,
[1758212857525785960],12.323,-5.854,1.7,,,
[1758212857530935908],11.14,-5.787,1.544,,,
[1758212857537628147],12.028,-5.646,0.666,,,
[1758212857543221272],11.43,-5.394,1.061,,,
[1758212857548373981],10.465,-4.812,0.618,,,
[1758212857553512574],10.056,-4.499,0.249,,,
[1758212857558638772],9.665,-4.331,-0.249,,,
[1758212857563768877],9.649,-4.621,0.395,,,
[1758212857568888929],8.82,-3.903,-0.618,,,
[1758212857574036012],9.031,-4.077,-0.869,,,
[1758212857579676845],7.556,-3.634,0.381,,,
[1758212857586123304],8.638,-3.455,0.747,,,
[1758212857591335960],6.843,-3.242,1.64,,,
[1758212857596445074],7.712,-2.962,1.568,,,
[1758212857601555179],6.335,-2.907,1.844,,,
[1758212857606694033],7.477,-2.942,1.894,,,
[1758212857611800595],6.237,-3.266,2.782,,,
[1758212857616902679],7.661,-3.472,3.168,,,
[1758212857622069397],6.953,-3.986,3.601,,,
[1758212857627247731],8.681,-4.096,3.644,,,
[1758212857632456793],8.454,-4.506,3.867,,,
[1758212857637639397],8.961,-4.326,4.266,,,
[1758212857644236637],9.73,-4.851,4.719,,,
[1758212857650566064],9.139,-4.788,4.219,,,
[1758212857655809710],11.068,-5.349,4.726,,,
[1758212857660920387],9.732,-5.334,3.857,,,
[1758212857666063981],11.504,-5.473,3.417,,,
[1758212857671164293],10.673,-5.571,2.983,,,
[1758212857676287418],12.141,-5.811,2.224,,,
[1758212857681411376],11.229,-5.93,2.002,,,
[1758212857686940126],12.514,-5.863,1.731,,,
[1758212857692084970],11.281,-5.574,1.446,,,
[1758212857697330543],11.837,-5.272,0.649,,,
[1758212857702526845],10.544,-4.987,0.785,,,
[1758212857707627470],10.094,-4.729,0.833,,,
[1758212857712803408],9.371,-4.611,0.314,,,
[1758212857717917522],9.814,-4.147,-0.455,,,
[1758212857723066429],8.988,-4.355,0.314,,,
[1758212857728193929],8.753,-3.938,-0.563,,,
[1758212857733425491],8.303,-3.898,-0.445,,,
[1758212857738627783],7.673,-3.57,-0.122,,,
[1758212857743825179],7.894,-3.369,0.481,,,
[1758212857749453512],6.998,-3.172,1.027,,,
[1758212857754583668],7.602,-3.366,1.851,,,
[1758212857759721012],6.285,-2.761,2.416,,,
[1758212857764856116],7.551,-3.069,2.61,,,
[1758212857769953095],6.175,-3.208,2.629,,,
[1758212857775096793],8.121,-3.826,3.838,,,
[1758212857780200387],7.642,-4.094,4.025,,,
[1758212857785425856],9.469,-4.207,3.103,,,
[1758212857790784918],8.03,-4.319,3.417,,,
[1758212857797307731],9.704,-4.494,4.772,,,
[1758212857803817470],10.18,-5.083,4.475,,,
[1758212857809042679],9.886,-5.047,4.247,,,
[1758212857814174241],10.779,-5.255,4.326,,,
[1758212857819284553],10.52,-5.104,3.575,,,
[1758212857824419710],11.7,-5.708,3.572,,,
[1758212857829526741],11.032,-5.801,3.218,,,
[1758212857834700126],12.373,-5.725,2.43,,,
[1758212857839817678],11.092,-5.655,1.595,,,
[1758212857844978876],12.735,-5.851,1.748,,,
[1758212857850199033],10.963,-5.409,1.216,,,
[1758212857856678356],11.538,-5.145,1.207,,,
[1758212857861907106],9.692,-4.616,0.639,,,
[1758212857867024970],10.4,-4.456,0.084,,,
[1758212857872200751],9.318,-4.413,-0.417,,,
[1758212857877345178],10.111,-4.276,-0.204,,,
[1758212857882613460],8.423,-4.235,-0.35,,,
[1758212857887769033],9.258,-3.603,-0.412,,,
[1758212857892987939],8.083,-3.737,-0.041,,,
[1758212857898119293],7.705,-3.282,0.412,,,
[1758212857903336845],7.29,-3.508,1.281,,,
[1758212857908922210],6.73,-2.94,1.398,,,
[1758212857914074501],7.561,-3.124,2.234,,,
[1758212857919184553],6.287,-3.026,2.416,,,
[1758212857924323251],7.049,-3.275,2.622,,,
[1758212857929435178],6.953,-3.306,2.741,,,
[1758212857934629866],8.018,-4.096,3.847,,,
[1758212857939783564],7.922,-4.152,3.567,,,
[1758212857944924970],9.072,-4.503,3.79,,,
[1758212857950129293],8.226,-4.384,4.389,,,
[1758212857955454866],10.041,-4.808,4.64,,,
[1758212857960579606],9.009,-4.752,4.192,,,
[1758212857965726428],10.532,-5.116,4.326,,,
[1758212857970866272],9.629,-5.097,4.427,,,
[1758212857976001845],11.609,-5.617,4.087,,,
[1758212857981126689],10.525,-5.468,3.053,,,
[1758212857986382470],12.184,-5.875,2.375,,,
[1758212857991552366],11.258,-5.825,2.358,,,
[1758212857996740022],12.605,-5.842,2.248,,,
[1758212858001865178],11.327,-5.71,1.384,,,
[1758212858006987939],12.409,-5.533,0.666,,,
[1758212858012092158],10.683,-5.219,1.279,,,
[1758212858017604814],10.63,-4.678,0.646,,,
[1758212858022822887],9.445,-4.563,0.0,,,
[1758212858027976376],10.18,-4.357,-0.814,,,
[1758212858033192053],9.311,-4.324,-0.397,,,
[1758212858038345543],8.787,-3.764,-0.536,,,
[1758212858043537939],8.734,-4.041,-0.263,,,
[1758212858048685803],7.963,-3.644,0.127,,,
[1758212858053842835],7.872,-3.522,0.347,,,
[1758212858059014345],7.398,-3.199,0.948,,,
[1758212858064598460],7.697,-3.268,1.669,,,
[1758212858069769970],6.488,-2.899,1.652,,,
[1758212858074928251],7.317,-3.347,2.459,,,
[1758212858080037939],6.199,-3.093,2.612,,,
[1758212858085293772],7.98,-3.634,3.163,,,
[1758212858090432001],6.984,-3.761,3.215,,,
[1758212858095569189],9.167,-4.429,3.438,,,
[1758212858100672626],8.047,-4.372,4.123,,,
[1758212858105885178],9.704,-4.63,4.135,,,
[1758212858111095439],8.519,-4.446,4.233,,,
[1758212858116217522],10.12,-4.772,4.647,,,
[1758212858125458720],11.111,-5.31,4.144,,,
[1758212858130699241],10.297,-5.308,4.106,,,
[1758212858135916012],11.899,-5.734,3.807,,,
[1758212858141031168],10.463,-5.569,2.571,,,
[1758212858146223199],12.163,-5.813,2.54,,,
[1758212858151343928],11.138,-5.646,2.116,,,
[1758212858156441949],12.292,-5.811,1.726,,,
[1758212858161558876],10.961,-5.555,1.448,,,
[1758212858166727522],11.897,-5.363,0.682,,,
[1758212858172374814],9.981,-4.889,0.907,,,
[1758212858177525491],10.307,-4.386,0.074,,,
[1758212858182798512],9.517,-4.527,0.335,,,
[1758212858187983564],9.615,-4.187,0.103,,,
[1758212858193134345],8.638,-4.065,-0.656,,,
[1758212858198243928],9.141,-3.754,-0.713,,,
[1758212858203361168],7.922,-3.855,0.278,,,
[1758212858208437366],8.03,-3.28,0.115,,,
[1758212858213552574],7.977,-3.515,1.013,,,
[1758212858218691168],7.156,-3.098,1.228,,,
[1758212858223962158],7.214,-3.17,1.824,,,
[1758212858229518303],6.464,-2.931,2.334,,,
[1758212858234780126],7.511,-3.318,2.725,,,
[1758212858239889970],6.61,-3.445,2.758,,,
[1758212858245061012],8.298,-3.979,3.278,,,
[1758212858250182939],7.635,-3.891,3.575,,,
[1758212858255294085],9.115,-4.266,3.826,,,
[1758212858260435178],8.277,-4.484,3.986,,,
[1758212858265573668],9.845,-4.662,4.226,,,
[1758212858270783043],8.595,-4.453,4.511,,,
[1758212858277152105],10.527,-5.133,4.19,,,
[1758212858282992470],9.981,-5.126,4.125,,,
[1758212858288212314],10.898,-5.066,3.34,,,
[1758212858293313407],10.999,-5.744,3.014,,,
[1758212858298396585],11.739,-5.679,2.72,,,
[1758212858303511897],11.636,-5.77,2.188,,,
[1758212858308622887],11.823,-5.825,1.925,,,
[1758212858313860074],12.064,-5.969,1.697,,,
[1758212858318993512],11.119,-5.401,0.795,,,
[1758212858324253668],11.408,-5.349,0.68,,,
[1758212858329370491],10.056,-4.539,0.254,,,
[1758212858335705543],10.496,-4.662,0.043,,,
[1758212858342309762],9.155,-4.413,0.012,,,
[1758212858348682991],9.428,-4.266,-0.95,,,
[1758212858353954032],9.026,-4.077,-0.529,,,
[1758212858359102678],7.64,-3.634,-0.596,,,
[1758212858364316168],8.404,-3.694,0.017,,,
[1758212858369424970],7.235,-3.191,0.778,,,
[1758212858374556480],7.539,-3.261,1.915,,,
[1758212858379674449],6.893,-2.787,2.03,,,
[1758212858384878876],7.075,-3.297,2.756,,,
[1758212858390375022],6.203,-2.95,2.33,,,
[1758212858395625178],7.74,-3.299,3.393,,,
[1758212858400729449],6.725,-3.644,3.321,,,
[1758212858405847730],8.878,-4.357,3.388,,,
[1758212858410940230],8.04,-4.252,3.314,,,
[1758212858416067835],9.608,-4.515,3.706,,,
[1758212858421174449],8.42,-4.408,4.324,,,
[1758212858426310439],9.934,-4.796,4.401,,,
[1758212858431455960],8.89,-4.647,4.405,,,
[1758212858436725074],10.867,-4.911,4.413,,,
[1758212858441852314],9.747,-5.255,3.723,,,
[1758212858447343147],11.399,-5.471,3.419,,,
[1758212858452700543],11.088,-5.703,3.33,,,
[1758212858457920282],11.832,-5.705,2.073,,,
[1758212858463046324],11.25,-5.945,2.188,,,
[1758212858468145282],11.827,-5.794,1.36,,,
[1758212858473269657],11.794,-5.71,1.417,,,
[1758212858478412678],11.394,-5.049,0.943,,,
[1758212858483643407],10.582,-4.908,0.754,,,
[1758212858488793772],10.312,-4.518,0.16,,,
[1758212858494018095],10.092,-4.544,-0.239,,,
[1758212858500555178],8.792,-4.331,-0.096,,,
[1758212858505785751],9.881,-4.372,-0.611,,,
[1758212858510879553],8.054,-3.694,-0.663,,,
[1758212858516015647],8.964,-3.922,-0.17,,,
[1758212858521100699],7.309,-3.431,0.189,,,
[1758212858526231845],8.203,-3.407,0.953,,,
[1758212858531327418],6.51,-3.069,1.346,,,
[1758212858536507626],7.676,-3.175,1.283,,,
[1758212858541655074],6.361,-2.909,2.128,,,
[1758212858546828407],7.903,-3.067,2.526,,,
[1758212858551958251],6.323,-3.139,2.804,,,
[1758212858557643251],7.887,-3.57,3.457,,,
[1758212858562940595],7.829,-4.037,3.496,,,
[1758212858568084709],8.911,-4.209,3.546,,,
[1758212858573227939],8.576,-4.563,4.381,,,
[1758212858578351116],9.309,-4.326,4.549,,,
[1758212858583553095],9.759,-4.805,4.846,,,
[1758212858588706272],10.029,-4.657,4.111,,,
[1758212858593923095],10.29,-5.301,4.089,,,
[1758212858599227209],10.534,-5.262,3.541,,,
[1758212858605702053],11.914,-5.703,3.395,,,
[1758212858612001012],11.061,-5.569,2.624,,,
[1758212858617218772],12.445,-5.827,2.14,,,
[1758212858622406376],11.315,-5.839,1.975,,,
[1758212858627544814],12.163,-5.686,1.571,,,
[1758212858632832574],11.337,-5.308,1.24,,,
[1758212858637981741],11.157,-5.083,0.69,,,
[1758212858643134449],9.955,-4.764,0.448,,,
[1758212858648262678],10.151,-4.575,-0.136,,,
[1758212858653467834],9.474,-4.575,-0.342,,,
[1758212858658686116],9.27,-4.082,-0.421,,,
[1758212858664249345],9.177,-4.377,-0.362,,,
[1758212858669381428],8.303,-3.594,-0.627,,,
[1758212858674527887],8.203,-3.716,0.074,,,
[1758212858679657782],7.125,-3.292,0.323,,,
[1758212858684903616],7.958,-3.481,1.671,,,
[1758212858690016689],6.51,-2.897,1.597,,,
[1758212858695165386],7.434,-3.213,1.877,,,
[1758212858700266064],6.292,-2.964,2.801,,,
[1758212858705575907],7.24,-3.457,3.043,,,
[1758212858712092730],6.622,-3.603,3.163,,,
[1758212858718424866],8.375,-4.082,3.577,,,
[1758212858723694761],8.899,-4.484,3.845,,,
[1758212858728827418],8.559,-4.353,4.13,,,
[1758212858734057470],9.373,-4.602,4.647,,,
[1758212858739171272],9.38,-4.439,4.171,,,
[1758212858744281636],10.008,-5.023,4.733,,,
[1758212858749443720],10.259,-5.203,4.183,,,
[1758212858754624032],11.001,-5.437,3.948,,,
[1758212858759779345],10.523,-5.26,3.17,,,
[1758212858765009241],12.163,-5.674,2.691,,,
[1758212858770562730],10.951,-5.854,2.279,,,
[1758212858775734553],12.33,-5.916,2.119,,,
[1758212858780856480],11.164,-5.799,1.822,,,
[1758212858786057001],12.213,-5.871,1.587,,,
[1758212858791182209],10.41,-5.341,0.721,,,
[1758212858796359293],11.286,-4.918,0.685,,,
[1758212858801472001],9.333,-4.506,0.601,,,
[1758212858806604761],10.58,-4.573,0.175,,,
[1758212858811822366],8.995,-4.288,-0.084,,,
[1758212858817447991],9.467,-4.013,-0.158,,,
[1758212858822688199],8.308,-3.845,-0.256,,,
[1758212858827882157],9.005,-3.644,0.29,,,
[1758212858833106480],7.733,-3.546,0.141,,,
[1758212858838254397],7.69,-3.316,0.56,,,
[1758212858843386636],7.163,-3.141,1.772,,,
[1758212858848547522],7.317,-2.921,1.616,,,
[1758212858853717157],6.606,-3.045,2.332,,,
[1758212858858995178],6.527,-2.916,2.923,,,
[1758212858864143616],7.439,-3.373,3.139,,,
[1758212858869254657],7.281,-3.326,2.729,,,
[1758212858874389814],8.464,-4.209,3.163,,,
[1758212858879921116],8.286,-4.132,3.44,,,
[1758212858885125595],9.596,-4.566,4.116,,,
[1758212858890240491],8.827,-4.714,4.235,,,
[1758212858895426636],10.551,-4.963,4.81,,,
[1758212858900587366],9.141,-4.86,4.559,,,
[1758212858905752886],11.1,-5.322,4.226,,,
[1758212858910874501],10.041,-5.298,4.266,,,
[1758212858916070751],11.495,-5.641,3.646,,,
[1758212858921264605],10.714,-5.519,2.504,,,
[1758212858926901480],12.222,-5.804,2.705,,,
[1758212858932060334],11.061,-5.813,2.097,,,
[1758212858937228616],12.558,-5.748,1.343,,,
[1758212858942406480],11.238,-5.559,1.144,,,
[1758212858947575022],11.677,-5.327,0.809,,,
[1758212858952786636],10.238,-4.774,0.864,,,
[1758212858957924293],10.523,-4.683,0.515,,,
[1758212858963147991],9.366,-4.561,-0.014,,,
[1758212858968380595],9.632,-4.144,-0.311,,,
[1758212858973520595],8.918,-4.403,-0.077,,,
[1758212858978628355],8.973,-3.802,-0.225,,,
[1758212858983875230],8.416,-3.747,-0.371,,,
[1758212858989537313],7.336,-3.56,0.043,,,
[1758212858994823303],7.537,-3.405,1.089,,,
[1758212858999998980],7.022,-3.191,1.429,,,
[1758212859005157886],7.69,-3.278,1.822,,,
[1758212859010308043],6.158,-3.045,2.485,,,
[1758212859015426220],7.575,-3.443,2.768,,,
[1758212859020530959],6.227,-3.17,2.978,,,
[1758212859025676428],8.162,-3.68,2.99,,,
[1758212859030794293],7.499,-4.259,3.239,,,
[1758212859038826949],8.586,-4.108,3.498,,,
[1758212859044375386],9.45,-4.604,4.046,,,
[1758212859049595386],8.942,-4.477,4.14,,,
[1758212859054748147],10.075,-5.057,4.494,,,
[1758212859059863720],9.56,-4.882,4.743,,,
[1758212859065019345],10.953,-5.291,4.128,,,
[1758212859070137938],10.307,-5.267,3.974,,,
[1758212859075396636],11.538,-5.801,3.302,,,
[1758212859080658095],10.728,-5.83,2.696,,,
[1758212859085907730],12.512,-5.875,2.143,,,
[1758212859091094241],11.325,-5.684,1.626,,,
[1758212859096636793],12.323,-5.93,1.346,,,
[1758212859101763251],10.719,-5.428,0.539,,,
[1758212859106878043],11.619,-5.126,0.388,,,
[1758212859112055751],9.732,-4.594,0.663,,,
[1758212859117244397],10.59,-4.559,-0.244,,,
[1758212859122554709],9.208,-4.611,0.022,,,
[1758212859127710282],9.596,-4.147,-0.122,,,
[1758212859133002157],8.564,-3.996,-0.012,,,
[1758212859138137105],8.904,-3.809,0.172,,,
[1758212859143582313],7.925,-3.831,0.584,,,
[1758212859148763824],7.412,-3.237,0.51,,,
[1758212859153946793],7.274,-3.354,1.413,,,
[1758212859159114970],7.173,-2.804,1.307,,,
[1758212859164329449],6.958,-3.215,1.951,,,
[1758212859169650074],6.213,-3.115,2.234,,,
[1758212859174776480],7.59,-3.215,2.909,,,
[1758212859179955074],6.869,-3.524,2.952,,,
[1758212859185162834],8.523,-4.231,3.448,,,
[1758212859190264501],8.061,-4.051,3.881,,,
[1758212859195404709],9.194,-4.408,3.979,,,
[1758212859200529813],8.689,-4.597,4.161,,,
[1758212859207061949],10.02,-4.659,4.152,,,
[1758212859212359188],8.961,-4.741,4.604,,,
[1758212859217479084],10.862,-5.145,4.231,,,
[1758212859222675386],10.288,-5.255,4.259,,,
[1758212859227797678],11.243,-5.425,3.184,,,
[1758212859233015855],11.016,-5.741,2.801,,,
[1758212859238135022],11.88,-5.784,2.519,,,
[1758212859243289084],11.77,-5.789,2.14,,,
[1758212859249785907],11.827,-5.725,1.235,,,
[1758212859256140490],12.292,-5.715,1.116,,,
[1758212859261360126],10.597,-5.215,0.912,,,
[1758212859266471688],11.179,-4.939,0.5,,,
[1758212859271575438],9.115,-4.75,0.182,,,
[1758212859276714501],10.372,-4.451,-0.017,,,
[1758212859281809865],8.578,-4.264,-0.014,,,
[1758212859288145490],9.313,-3.903,-0.043,,,
[1758212859293384865],7.982,-3.934,0.292,,,
[1758212859298527053],8.224,-3.773,0.208,,,
[1758212859303691636],7.415,-3.409,0.692,,,
[1758212859308820126],7.879,-3.06,1.24,,,
[1758212859314283615],7.343,-3.524,1.781,,,
[1758212859319396897],6.888,-2.787,1.623,,,
[1758212859324532522],7.053,-3.268,2.866,,,
[1758212859329637418],6.721,-3.153,2.433,,,
[1758212859334891376],7.659,-3.479,2.629,,,
[1758212859339997365],7.111,-3.728,3.165,,,
[1758212859345130230],8.957,-4.283,3.929,,,
[1758212859350351792],8.174,-4.283,3.953,,,
[1758212859355833355],9.711,-4.647,4.429,,,
[1758212859360955855],8.559,-4.594,4.463,,,
[1758212859366086167],10.214,-5.104,4.314,,,
[1758212859371194865],9.548,-4.956,4.096,,,
[1758212859376492938],11.389,-5.207,3.663,,,
[1758212859381615074],10.039,-5.361,3.68,,,
[1758212859387927782],11.803,-5.612,3.251,,,
[1758212859393165542],11.274,-5.863,2.77,,,
[1758212859398280803],12.103,-5.648,2.195,,,
[1758212859403420855],11.545,-5.612,1.757,,,
[1758212859408539449],11.684,-5.739,1.152,,,
[1758212859413637157],11.279,-5.751,1.192,,,
[1758212859418759501],11.447,-4.906,0.725,,,
[1758212859424290386],10.561,-4.748,0.548,,,
[1758212859429470699],9.555,-4.458,-0.366,,,
[1758212859434744449],9.974,-4.647,-0.055,,,
[1758212859439905855],9.103,-4.053,-0.407,,,
[1758212859445070334],9.091,-4.164,-0.491,,,
[1758212859450235126],7.786,-3.831,-0.28,,,
[1758212859455363303],8.576,-3.689,0.153,,,
[1758212859460494084],7.08,-3.096,0.218,,,
[1758212859466072990],8.138,-3.493,1.307,,,
[1758212859471214813],6.309,-3.129,2.081,,,
[1758212859476485959],7.496,-3.17,2.14,,,
[1758212859481627574],6.141,-3.005,1.786,,,
[1758212859486870438],7.638,-3.476,3.112,,,
[1758212859492003199],6.665,-3.373,3.694,,,
[1758212859497141740],8.471,-3.819,3.517,,,
[1758212859502357001],8.112,-4.147,3.553,,,
[1758212859507471011],9.486,-4.413,3.864,,,
[1758212859512682782],8.782,-4.738,4.58,,,
[1758212859517951324],9.708,-4.523,4.283,,,
[1758212859523093251],9.11,-4.853,4.508,,,
[1758212859528271845],10.738,-4.721,4.341,,,
[1758212859533914449],10.558,-5.327,4.312,,,
[1758212859539071167],10.812,-5.095,3.445,,,
[1758212859544234761],11.088,-5.739,3.218,,,
[1758212859549358303],11.339,-5.578,2.43,,,
[1758212859554557313],12.249,-5.942,1.726,,,
[1758212859559736063],11.401,-5.954,1.405,,,
[1758212859564907574],12.153,-5.906,1.776,,,
[1758212859570088928],10.953,-5.667,1.125,,,
[1758212859575727834],11.76,-5.26,0.895,,,
[1758212859580856897],9.385,-4.544,0.486,,,
[1758212859586042105],10.364,-4.831,-0.067,,,
[1758212859591204709],9.072,-4.314,-0.172,,,
[1758212859596422001],10.032,-4.283,-0.383,,,
[1758212859601550074],8.14,-3.931,-0.342,,,
[1758212859606703303],9.148,-3.979,-0.275,,,
[1758212859611842157],7.307,-3.419,0.031,,,
[1758212859617406844],8.535,-3.27,0.433,,,
[1758212859622676219],6.958,-3.393,1.671,,,
[1758212859627849084],7.525,-3.139,1.76,,,
[1758212859633112730],6.357,-3.134,2.413,,,
[1758212859639400907],6.907,-3.014,2.332,,,
[1758212859644692626],7.357,-3.359,2.823,,,
[1758212859649812261],7.017,-3.68,2.986,,,
[1758212859654928876],8.856,-4.147,3.697,,,
[1758212859660020803],8.253,-4.087,3.682,,,
[1758212859665144084],9.27,-4.48,4.106,,,
[1758212859670233407],8.59,-4.573,4.187,,,
[1758212859675484553],9.941,-4.798,5.092,,,
[1758212859680619240],9.005,-4.779,4.494,,,
[1758212859685901584],11.114,-5.27,4.283,,,
[1758212859691015386],10.051,-5.344,4.175,,,
[1758212859696207261],11.586,-5.466,4.063,,,
[1758212859701312469],10.776,-5.466,2.792,,,
[1758212859706424397],12.285,-5.679,2.303,,,
[1758212859711620490],11.056,-5.957,1.666,,,
[1758212859716814865],12.388,-5.842,1.595,,,
[1758212859721940490],11.126,-5.677,1.123,,,
[1758212859727085438],12.237,-5.497,0.802,,,
[1758212859732344865],10.192,-5.061,0.876,,,
[1758212859737795074],10.934,-4.587,0.417,,,
[1758212859743036740],9.419,-4.688,-0.026,,,
[1758212859748798199],10.228,-4.123,-0.249,,,
[1758212859753966740],9.108,-4.233,-0.139,,,
[1758212859759096115],8.612,-3.771,-0.711,,,
[1758212859764227157],8.6,-3.685,0.098,,,
[1758212859769366897],8.037,-3.328,0.134,,,
[1758212859774517574],7.525,-3.651,0.807,,,
[1758212859779756376],7.242,-3.266,1.453,,,
[1758212859785330959],7.594,-3.074,1.75,,,
[1758212859790504136],6.476,-2.964,1.784,,,
[1758212859795650126],7.491,-3.129,2.71,,,
[1758212859800799188],6.551,-3.361,2.784,,,
[1758212859805921688],7.831,-3.891,3.033,,,
[1758212859811031324],7.575,-4.073,3.129,,,
[1758212859816225699],9.424,-4.417,3.45,,,
[1758212859821337886],8.2,-4.413,3.728,,,
[1758212859826599136],9.675,-4.647,4.288,,,
[1758212859831740699],8.44,-4.748,4.499,,,
[1758212859836929344],10.424,-4.87,4.499,,,
[1758212859886078563],11.66,-5.392,0.898,,,
[1758212859892633667],9.742,-4.688,0.314,,,
[1758212859897902990],10.503,-4.647,0.124,,,
[1758212859903341063],9.582,-4.547,-0.113,,,
[1758212859908502157],9.419,-4.128,0.113,,,
[1758212859913668199],8.456,-4.137,-0.309,,,
[1758212859918777886],8.961,-3.915,-0.453,,,
[1758212859923890542],7.812,-3.867,0.453,,,
[1758212859929009188],7.755,-3.237,0.393,,,
[1758212859934259501],7.171,-3.443,0.943,,,
[1758212859939478615],6.809,-3.069,1.468,,,
[1758212859944577001],7.228,-3.352,2.097,,,
[1758212859949599865],6.44,-3.055,2.037,,,
[1758212859954170230],6.852,-3.431,2.966,,,
[1758212859958671584],7.185,-3.144,2.775,,,
[1758212859963209813],7.772,-3.79,3.098,,,
[1758212859967753459],8.756,-4.281,3.44,,,
[1758212859972381896],7.977,-4.334,3.828,,,
[1758212859977023511],9.615,-4.276,4.065,,,
[1758212859981563667],8.38,-4.307,4.511,,,
[1758212859986373511],10.065,-4.7,4.48,,,
[1758212859990900126],9.141,-4.805,4.365,,,
[1758212859995453407],10.688,-5.207,4.525,,,
[1758212860000029813],9.596,-5.013,3.97,,,
[1758212860005428667],10.944,-5.351,4.07,,,
[1758212860010547626],10.594,-5.368,3.254,,,
[1758212860015209761],12.06,-5.902,2.614,,,
[1758212860019803563],11.088,-5.653,2.557,,,
[1758212860024316792],11.978,-5.904,2.339,,,
[1758212860028826688],12.076,-5.578,1.42,,,
[1758212860033413615],11.966,-5.758,1.671,,,
[1758212860037945855],12.007,-5.306,1.037,,,
[1758212860042467365],10.707,-4.934,0.886,,,
[1758212860046967261],11.078,-4.834,0.536,,,
[1758212860051834240],9.313,-4.475,0.117,,,
[1758212860057096219],10.819,-4.855,-0.268,,,
[1758212860062444084],8.693,-4.398,-0.194,,,
[1758212860067654240],9.445,-4.159,-0.215,,,
[1758212860072854136],8.193,-3.843,-0.397,,,
[1758212860078017834],8.657,-3.675,-0.153,,,
[1758212860083238303],7.223,-3.584,0.067,,,
[1758212860088358615],7.858,-3.237,0.953,,,
[1758212860093543146],6.701,-3.393,1.554,,,
[1758212860098686323],7.125,-2.933,1.539,,,
[1758212860103848042],6.792,-3.136,2.15,,,
[1758212860108955438],6.749,-2.897,2.399,,,
[1758212860114089969],7.039,-3.508,3.112,,,
[1758212860119780178],7.539,-3.587,3.302,,,
[1758212860125039709],8.674,-4.314,3.232,,,
[1758212860130188198],8.14,-4.166,3.349,,,
[1758212860135454032],9.206,-4.568,4.415,,,
[1758212860140582573],8.99,-4.532,4.269,,,
[1758212860145674501],9.823,-4.863,4.547,,,
[1758212860150830073],9.194,-4.918,4.171,,,
[1758212860155997313],11.193,-5.332,5.021,,,
[1758212860161158198],10.063,-5.198,4.116,,,
[1758212860166441167],11.768,-5.464,2.914,,,
[1758212860171590594],10.52,-5.768,2.99,,,
[1758212860176797001],12.402,-5.804,2.181,,,
[1758212860181926740],11.231,-5.538,1.547,,,
[1758212860187132938],12.591,-5.947,1.463,,,
[1758212860192363094],10.779,-5.655,1.168,,,
[1758212860197555021],11.947,-5.329,1.015,,,
[1758212860202746896],9.989,-4.884,0.685,,,
[1758212860207873563],10.906,-4.594,0.034,,,
[1758212860213097573],9.436,-4.592,0.093,,,
[1758212860218216480],9.819,-4.149,0.304,,,
[1758212860223917573],8.859,-3.998,-0.376,,,
[1758212860229164969],8.727,-3.711,-0.424,,,
[1758212860234418407],8.215,-3.735,0.393,,,
[1758212860239544396],7.894,-3.244,0.493,,,
[1758212860244695594],7.558,-3.306,0.946,,,
[1758212860249822105],7.384,-3.014,1.264,,,
[1758212860254974240],7.178,-3.409,2.014,,,
[1758212860260110438],6.019,-3.024,2.236,,,
[1758212860265286011],7.386,-3.266,2.897,,,
[1758212860270507261],6.591,-3.311,2.708,,,
[1758212860275652105],8.243,-3.917,3.187,,,
[1758212860280765230],7.618,-3.9,3.718,,,
[1758212860285960125],9.268,-4.47,3.73,,,
[1758212860291081896],8.571,-4.369,4.092,,,
[1758212860296189553],9.986,-4.666,4.829,,,
[1758212860301360646],8.645,-4.726,4.958,,,
[1758212860306547730],10.343,-5.104,4.379,,,
[1758212860311742782],9.629,-5.047,4.408,,,
[1758212860317006792],11.387,-5.274,4.046,,,
[1758212860322183146],10.209,-5.454,3.383,,,
[1758212860327853823],12.098,-5.679,2.823,,,
[1758212860333180230],11.442,-6.041,2.488,,,
[1758212860338336271],12.16,-5.696,1.889,,,
[1758212860343527053],11.547,-5.974,2.105,,,
[1758212860348655334],11.803,-5.61,1.556,,,
[1758212860353801948],10.827,-5.279,0.809,,,
[1758212860358954657],10.927,-4.889,0.397,,,
[1758212860364189865],9.697,-4.602,0.503,,,
[1758212860369357000],9.483,-4.295,-0.575,,,
[1758212860374623615],9.584,-4.489,-0.606,,,
[1758212860379756167],9.153,-4.252,-0.907,,,
[1758212860384959813],9.014,-4.01,-0.4,,,
[1758212860390145855],8.088,-3.752,-0.168,,,
[1758212860395289500],8.116,-3.879,0.031,,,
[1758212860400434813],7.032,-3.294,0.702,,,
[1758212860405591271],7.791,-3.184,1.317,,,
[1758212860410737365],6.517,-2.825,1.635,,,
[1758212860415910021],7.286,-3.139,2.176,,,
[1758212860421027573],6.278,-3.352,2.82,,,
[1758212860426132521],8.052,-3.393,3.168,,,
[1758212860431281219],6.747,-3.685,3.306,,,
[1758212860438061636],8.619,-4.14,3.577,,,
[1758212860443368198],8.009,-4.369,3.615,,,
[1758212860448510490],9.282,-4.424,4.027,,,
[1758212860453665542],8.861,-4.803,4.839,,,
[1758212860458786115],9.778,-4.63,4.767,,,
[1758212860463898667],9.878,-4.817,4.444,,,
[1758212860468991115],10.724,-4.992,4.049,,,
[1758212860474169136],10.518,-5.492,4.245,,,
[1758212860479307417],11.193,-5.332,3.151,,,
[1758212860484526480],10.992,-5.866,2.229,,,
[1758212860489790750],11.53,-5.428,2.016,,,
[1758212860494924448],12.076,-5.732,2.272,,,
[1758212860503145490],11.176,-5.523,1.683,,,
[1758212860509496063],11.574,-5.138,0.472,,,
[1758212860514750282],10.884,-5.164,0.833,,,
[1758212860519878667],9.641,-4.669,0.168,,,
[1758212860525021480],10.156,-4.654,-0.182,,,
[1758212860530140021],9.388,-4.338,-0.611,,,
[1758212860535347990],9.373,-4.506,-0.239,,,
[1758212860541539761],8.564,-3.809,-0.431,,,
[1758212860547897417],8.751,-3.879,0.16,,,
[1758212860553218302],7.228,-3.28,0.342,,,
[1758212860558361948],7.908,-3.168,1.434,,,
[1758212860563484969],6.393,-3.182,1.865,,,
[1758212860568594032],7.274,-2.938,1.824,,,
[1758212860573705386],6.371,-3.218,2.294,,,
[1758212860578817573],7.13,-3.033,2.945,,,
[1758212860584034448],7.087,-3.651,3.151,,,
[1758212860589212157],7.87,-3.658,3.129,,,
[1758212860594450959],8.416,-4.209,3.809,,,
[1758212860599556792],8.722,-4.051,3.876,,,
[1758212860604674761],8.978,-4.594,4.518,,,
[1758212860609784448],9.249,-4.475,4.096,,,
[1758212860614910282],9.878,-4.757,4.568,,,
[1758212860620018771],9.728,-4.748,4.147,,,
[1758212860625150855],11.016,-5.227,4.539,,,
[1758212860630265073],10.235,-5.183,3.608,,,
[1758212860635484344],11.389,-5.533,3.007,,,
[1758212860640681792],11.2,-5.636,3.0,,,
[1758212860645797261],12.151,-5.844,2.964,,,
[1758212860650970021],11.174,-5.672,1.741,,,
[1758212860656679552],12.713,-5.93,1.252,,,
[1758212860661919761],10.985,-5.607,1.065,,,
[1758212860667075021],11.753,-5.502,0.986,,,
[1758212860672330802],9.744,-4.875,0.534,,,
[1758212860677484292],10.618,-4.901,-0.259,,,
[1758212860682768615],9.131,-4.422,-0.007,,,
[1758212860688002625],10.127,-4.207,-0.189,,,
[1758212860693252625],8.574,-4.063,-0.414,,,
[1758212860698448094],9.141,-4.001,-0.426,,,
[1758212860703663563],7.831,-3.596,0.33,,,
[1758212860708822834],8.226,-3.381,0.393,,,
[1758212860713988563],7.005,-3.309,1.257,,,
[1758212860719127625],7.187,-2.959,1.29,,,
[1758212860724223511],6.883,-3.263,1.561,,,
[1758212860729364344],7.118,-2.777,2.229,,,
[1758212860734571584],6.802,-3.074,2.981,,,
[1758212860739724448],6.943,-3.029,2.665,,,
[1758212860744845802],7.458,-3.768,3.713,,,
[1758212860749936584],8.284,-4.104,3.572,,,
[1758212860755094292],8.667,-4.53,4.037,,,
[1758212860760910542],8.198,-4.199,4.192,,,
[1758212860766174032],9.701,-4.932,4.511,,,
[1758212860771293198],9.103,-4.64,4.547,,,
[1758212860776399344],10.688,-5.207,4.566,,,
[1758212860781575907],9.938,-5.121,4.099,,,
[1758212860786775229],11.253,-5.492,3.833,,,
[1758212860791907834],10.295,-5.368,3.036,,,
[1758212860797084865],12.172,-5.842,2.562,,,
[1758212860802559344],10.858,-5.782,2.184,,,
[1758212860808221948],12.285,-5.811,1.609,,,
[1758212860813347209],11.703,-5.581,1.08,,,
[1758212860818444084],11.93,-5.547,1.607,,,
[1758212860823566532],10.63,-5.31,1.188,,,
[1758212860828676584],10.858,-4.8,0.493,,,
[1758212860833851636],9.546,-4.513,0.721,,,
[1758212860838983198],10.032,-4.384,-0.192,,,
[1758212860844167209],9.146,-4.391,0.036,,,
[1758212860849314500],9.256,-4.068,-0.259,,,
[1758212860854566636],8.741,-3.859,-0.024,,,
[1758212860859759500],8.164,-3.414,-0.077,,,
[1758212860865475854],8.001,-3.824,0.589,,,
[1758212860870699240],6.79,-3.024,0.505,,,
[1758212860875815542],7.697,-3.103,1.398,,,
[1758212860881053511],6.335,-2.969,2.047,,,
[1758212860886247677],7.23,-3.084,2.473,,,
[1758212860891369813],6.084,-3.084,2.875,,,
[1758212860896488771],7.784,-3.481,2.978,,,
[1758212860901723771],6.965,-3.876,3.405,,,
[1758212860906912313],9.167,-4.276,4.379,,,
[1758212860912078875],7.846,-4.001,3.821,,,
[1758212860917264188],9.51,-4.573,4.401,,,
[1758212860923694552],9.163,-4.616,4.697,,,
[1758212860930082469],9.658,-4.863,3.656,,,
[1758212860935325750],10.42,-5.375,4.396,,,
[1758212860940422417],10.42,-5.131,4.015,,,
[1758212860945556479],11.183,-5.483,3.261,,,
[1758212860950667938],10.901,-5.677,2.835,,,
[1758212860955802209],12.112,-5.851,2.942,,,
[1758212860960964552],10.989,-5.552,2.363,,,
[1758212860966122625],12.325,-5.748,1.954,,,
[1758212860971785125],11.054,-5.636,1.384,,,
[1758212860977015959],11.993,-5.397,1.063,,,
[1758212860982201167],9.953,-5.011,0.582,,,
[1758212860987407990],10.937,-4.53,0.749,,,
[1758212860992602104],9.299,-4.436,0.101,,,
[1758212860997729656],10.645,-4.405,-0.177,,,
[1758212861002896167],8.712,-4.259,0.014,,,
[1758212861008002938],9.471,-3.9,-0.352,,,
[1758212861013274813],8.207,-3.826,-0.302,,,
[1758212861018526323],8.442,-3.577,0.283,,,
[1758212861023659240],7.14,-3.383,0.792,,,
[1758212861028770334],7.942,-3.172,1.463,,,
[1758212861033972417],6.744,-3.081,1.779,,,
[1758212861039135125],7.118,-2.935,2.184,,,
[1758212861044280698],6.589,-3.268,3.045,,,
[1758212861049384188],6.984,-2.952,2.531,,,
[1758212861054571219],7.125,-3.491,3.412,,,
[1758212861059736323],8.219,-3.938,3.515,,,
[1758212861064865177],8.215,-4.377,3.809,,,
[1758212861069961948],8.229,-4.199,4.152,,,
[1758212861075069188],9.347,-4.664,4.647,,,
[1758212861081738875],8.844,-4.503,4.669,,,
[1758212861087027573],10.274,-5.023,4.503,,,
[1758212861092178823],9.469,-5.073,3.821,,,
[1758212861097298250],11.248,-5.31,3.814,,,
[1758212861102984604],10.276,-5.54,3.254,,,
[1758212861108147208],11.794,-5.737,2.746,,,
[1758212861113260386],10.97,-5.674,2.471,,,
[1758212861118348511],12.395,-5.935,2.447,,,
[1758212861123505906],11.633,-5.665,1.942,,,
[1758212861128714917],11.964,-5.643,1.635,,,
[1758212861133880073],10.63,-5.449,1.446,,,
[1758212861138973511],11.416,-4.7,0.539,,,
[1758212861144118146],10.065,-4.53,0.548,,,
[1758212861149267052],10.127,-4.369,-0.546,,,
[1758212861154442886],9.653,-4.58,-0.759,,,
[1758212861159598198],9.275,-4.209,-0.168,,,
[1758212861164768250],8.868,-3.948,-0.515,,,
[1758212861170035594],8.629,-3.706,-0.575,,,
[1758212861175213146],8.181,-3.704,0.551,,,
[1758212861180358979],7.439,-3.287,0.326,,,
[1758212861186022261],7.949,-3.338,1.863,,,
[1758212861191140021],6.658,-2.883,2.157,,,
[1758212861196254656],7.513,-3.086,2.586,,,
[1758212861201348094],6.091,-3.093,2.593,,,
[1758212861206553458],7.515,-3.235,3.05,,,
[1758212861211637677],6.61,-3.452,3.086,,,
[1758212861216786375],8.612,-4.089,3.531,,,
[1758212861221879761],7.726,-4.056,3.498,,,
[1758212861227059656],9.321,-4.422,3.826,,,
[1758212861234402573],8.971,-4.805,4.626,,,
[1758212861239749917],9.479,-4.484,4.446,,,
[1758212861244893042],9.843,-5.049,4.429,,,
[1758212861249992417],10.532,-4.934,4.391,,,
[1758212861255248198],10.975,-5.447,3.9,,,
[1758212861260390333],10.697,-5.401,2.698,,,
[1758212861265483875],11.76,-5.928,2.538,,,
[1758212861270583458],11.198,-5.657,1.951,,,
[1758212861275814344],12.313,-5.859,1.99,,,
[1758212861281016688],11.432,-5.739,1.197,,,
[1758212861286728979],11.894,-5.737,1.544,,,
[1758212861291992156],10.422,-5.205,0.28,,,
[1758212861297137886],11.521,-5.126,0.476,,,
[1758212861302372521],9.467,-4.434,0.536,,,
[1758212861307533615],10.309,-4.609,0.096,,,
[1758212861312764448],8.612,-4.314,-0.218,,,
[1758212861317893875],9.692,-4.262,-0.644,,,
[1758212861323020802],8.092,-3.78,-0.649,,,
[1758212861328121427],8.904,-3.531,0.148,,,
[1758212861333432365],6.941,-3.572,0.285,,,
[1758212861338598146],7.896,-3.122,0.512,,,
[1758212861343771115],6.936,-3.144,1.346,,,
[1758212861348883979],7.3,-3.029,1.592,,,
[1758212861354035021],6.27,-3.357,2.567,,,
[1758212861359201479],7.247,-3.191,2.744,,,
[1758212861364341948],6.835,-3.074,2.816,,,
[1758212861369477469],7.784,-3.692,2.825,,,
[1758212861374628875],8.528,-4.365,3.345,,,
[1758212861379824917],8.495,-4.02,3.551,,,
[1758212861385058927],9.129,-4.396,3.783,,,
[1758212861390173354],9.155,-4.3,4.14,,,
[1758212861395865125],9.309,-4.937,5.152,,,
[1758212861401111271],9.383,-4.731,4.334,,,
[1758212861406252781],11.078,-5.231,4.125,,,
[1758212861411371844],10.142,-5.303,4.226,,,
[1758212861416548563],11.77,-5.59,3.704,,,
[1758212861421719500],10.783,-5.722,2.863,,,
[1758212861426842990],12.452,-5.935,2.272,,,
[1758212861432002417],10.927,-5.564,1.712,,,
[1758212861437252573],12.553,-5.947,1.812,,,
[1758212861442540646],11.009,-5.435,1.116,,,
[1758212861447723094],12.23,-5.116,0.792,,,
[1758212861452937000],10.005,-4.618,0.567,,,
[1758212861458106844],10.455,-4.618,-0.108,,,
[1758212861463252000],8.892,-4.494,-0.268,,,
[1758212861468380490],10.218,-4.487,0.127,,,
[1758212861473553667],8.533,-3.924,-0.101,,,
[1758212861478696323],9.467,-3.699,-0.532,,,
[1758212861483909917],7.831,-3.859,0.443,,,
[1758212861489021479],7.963,-3.428,0.175,,,
[1758212861494167781],7.336,-3.405,0.654,,,
[1758212861500735906],7.568,-3.306,1.47,,,
[1758212861506127990],7.403,-3.304,2.059,,,
[1758212861511266896],6.258,-2.969,2.607,,,
[1758212861516382938],7.573,-3.311,2.619,,,
[1758212861521466792],6.577,-3.316,3.285,,,
[1758212861526564604],8.339,-3.893,3.785,,,
[1758212861531659552],7.757,-4.005,3.998,,,
[1758212861536836062],9.632,-4.568,4.195,,,
[1758212861541957573],8.461,-4.494,3.701,,,
[1758212861547383146],10.106,-4.638,4.211,,,
[1758212861552999604],8.71,-4.671,4.769,,,
[1758212861558187469],10.645,-4.884,3.972,,,
[1758212861563338146],10.175,-5.112,3.986,,,
[1758212861568493719],11.243,-5.234,4.207,,,
[1758212861573629969],10.578,-5.447,3.237,,,
[1758212861578761687],12.198,-5.708,3.115,,,
[1758212861583922990],11.339,-5.705,2.212,,,
[1758212861589056635],12.543,-5.696,1.554,,,
[1758212861594249396],11.507,-6.019,1.623,,,
[1758212861599478667],11.82,-5.25,1.039,,,
[1758212861604976844],11.126,-5.361,0.883,,,
[1758212861610217729],9.96,-4.721,0.306,,,
[1758212861615356740],10.221,-4.985,0.0,,,
[1758212861620450646],9.428,-4.159,-0.034,,,
[1758212861625647937],9.55,-4.305,-0.184,,,
[1758212861630745021],8.981,-4.199,-0.974,,,
[1758212861635925594],8.89,-4.271,0.357,,,
[1758212861641038458],7.788,-3.479,-0.036,,,
[1758212861646238719],8.564,-3.615,0.189,,,
[1758212861651424396],6.871,-3.225,1.111,,,
[1758212861656602781],7.891,-3.302,1.793,,,
[1758212861661735594],6.304,-3.203,1.551,,,
[1758212861666886062],7.709,-3.172,2.533,,,
[1758212861671986687],6.146,-3.007,2.842,,,
[1758212861677088719],7.865,-3.452,2.928,,,
[1758212861682305021],6.773,-3.625,3.16,,,
[1758212861687580854],8.983,-4.278,3.242,,,
[1758212861692806427],8.193,-4.216,4.231,,,
[1758212861697951375],9.641,-4.53,4.113,,,
[1758212861703089812],8.384,-4.547,4.46,,,
[1758212861708199187],9.989,-4.585,4.827,,,
[1758212861713909865],9.052,-4.882,4.755,,,
[1758212861719154760],11.083,-5.181,4.116,,,
[1758212861724323771],10.125,-5.428,4.132,,,
[1758212861729584448],11.341,-5.461,3.287,,,
[1758212861734850021],11.624,-6.088,2.885,,,
[1758212861739993406],11.758,-5.571,2.404,,,
[1758212861745111687],11.674,-5.849,1.829,,,
[1758212861750217156],11.801,-5.442,1.195,,,
[1758212861755429031],11.609,-5.605,1.425,,,
[1758212861760670073],10.783,-5.054,0.543,,,
[1758212861765788875],10.894,-4.963,0.194,,,
[1758212861770956114],9.608,-4.489,0.285,,,
[1758212861776139708],10.175,-4.681,-0.139,,,
[1758212861781250281],9.196,-4.317,-0.534,,,
[1758212861786425229],9.364,-4.432,0.002,,,
[1758212861791614292],7.92,-3.967,0.146,,,
[1758212861796775281],8.961,-3.749,0.127,,,
[1758212861801881427],7.108,-3.584,0.194,,,
[1758212861808641948],8.021,-3.369,1.566,,,
[1758212861814018979],6.476,-3.12,1.456,,,
[1758212861820404812],7.491,-2.938,1.844,,,
[1758212861825716219],7.286,-3.146,2.715,,,
[1758212861832329552],6.304,-3.292,3.481,,,
[1758212861838650229],8.224,-3.967,3.045,,,
[1758212861844142937],8.023,-4.302,3.467,,,
[1758212861849322364],9.124,-4.152,3.436,,,
[1758212861854416323],8.569,-4.202,4.281,,,
[1758212861859522729],9.38,-4.594,4.513,,,
[1758212861864704552],9.206,-4.875,4.745,,,
[1758212861869824708],9.969,-4.748,4.511,,,
[1758212861874959656],10.592,-5.253,4.362,,,
[1758212861880098354],10.623,-5.061,3.579,,,
[1758212861885423823],11.253,-5.538,3.294,,,
[1758212861890581427],11.509,-5.468,2.265,,,
[1758212861895705385],11.839,-5.878,2.128,,,
[1758212861900806583],11.059,-5.854,1.765,,,
[1758212861905945646],12.486,-6.005,1.86,,,
[1758212861911063198],11.214,-5.258,1.219,,,
[1758212861916197156],11.54,-5.428,1.319,,,
[1758212861921289917],9.902,-4.609,0.18,,,
[1758212861926429239],10.455,-4.669,0.761,,,
[1758212861931967781],9.079,-4.257,-0.328,,,
[1758212861937762989],10.118,-4.374,-0.005,,,
[1758212861942992833],8.152,-3.977,-0.433,,,
[1758212861948128875],9.352,-4.073,-0.769,,,
[1758212861953279292],7.649,-3.73,-0.057,,,
[1758212861958512312],8.49,-3.618,0.407,,,
[1758212861963707729],7.022,-3.512,0.591,,,
[1758212861968817364],7.891,-3.168,1.784,,,
[1758212861973958666],6.479,-3.007,2.021,,,
[1758212861979226114],7.278,-3.062,2.361,,,
[1758212861984443094],6.455,-3.282,2.732,,,
[1758212861989583666],7.319,-3.153,2.911,,,
[1758212861994737260],7.228,-3.548,3.431,,,
[1758212861999863927],8.633,-3.874,3.323,,,
[1758212862004958146],8.339,-4.468,4.144,,,
[1758212862010059031],8.708,-4.324,3.931,,,
[1758212862015246114],9.397,-4.69,4.48,,,
[1758212862020430594],9.5,-4.611,4.207,,,
[1758212862025573771],10.171,-5.114,4.709,,,
[1758212862030692677],10.02,-4.942,3.991,,,
[1758212862035908614],10.824,-5.535,4.14,,,
[1758212862041634396],10.549,-5.416,3.608,,,
[1758212862046823094],11.87,-5.799,2.923,,,
[1758212862051944083],10.896,-5.847,2.643,,,
[1758212862057183823],12.498,-6.029,1.987,,,
[1758212862062373250],11.126,-5.854,1.64,,,
[1758212862067510594],12.44,-5.703,1.334,,,
[1758212862072722677],10.712,-5.1,0.781,,,
[1758212862077890177],11.633,-4.944,0.108,,,
[1758212862083221271],9.4,-4.542,-0.005,,,
[1758212862088390594],10.621,-4.611,-0.077,,,
[1758212862093527625],8.887,-4.389,-0.055,,,
[1758212862098644448],9.498,-4.003,-0.16,,,
[1758212862103846427],8.198,-3.967,-0.089,,,
[1758212862108976062],9.134,-3.886,0.385,,,
[1758212862114092416],7.465,-3.33,0.283,,,
[1758212862119218771],8.054,-3.302,0.163,,,
[1758212862124415073],6.888,-3.299,1.425,,,
[1758212862129576844],7.166,-2.986,1.829,,,
[1758212862134782573],6.826,-2.94,2.598,,,
[1758212862139921739],6.929,-3.108,2.267,,,
[1758212862145603771],6.713,-3.565,3.043,,,
[1758212862150822052],7.4,-3.548,3.182,,,
[1758212862155913666],8.657,-3.845,3.395,,,
[1758212862161099135],8.564,-4.094,3.464,,,
[1758212862166248250],9.091,-4.539,4.245,,,
[1758212862171335594],8.856,-4.559,4.379,,,
[1758212862176452885],10.266,-4.82,5.049,,,
[1758212862181690958],9.215,-4.755,4.614,,,
[1758212862187190802],10.98,-5.066,4.484,,,
[1758212862192811271],10.015,-5.212,3.953,,,
[1758212862197981323],11.813,-5.531,3.266,,,
[1758212862203130802],10.585,-5.559,3.134,,,
[1758212862208235489],12.237,-5.827,2.289,,,
[1758212862213339135],11.109,-5.796,1.796,,,
[1758212862218443927],12.562,-5.878,1.463,,,
[1758212862223630437],11.26,-5.533,1.681,,,
[1758212862228777989],11.6,-5.09,0.922,,,
[1758212862234693041],10.218,-4.915,0.867,,,
[1758212862239867833],10.151,-4.415,0.443,,,
[1758212862245010385],9.732,-4.585,-0.299,,,
[1758212862250571635],9.505,-4.281,0.041,,,
[1758212862255785437],9.297,-4.144,-0.089,,,
[1758212862260902781],8.502,-3.783,-0.551,,,
[1758212862266048354],8.882,-3.84,0.158,,,
[1758212862271190750],7.415,-3.333,0.311,,,
[1758212862276693562],7.74,-3.338,1.087,,,
[1758212862283470698],6.402,-3.115,1.946,,,
[1758212862290215281],6.91,-2.82,1.705,,,
[1758212862295599760],6.704,-3.328,2.449,,,
[1758212862300723198],6.622,-3.079,2.895,,,
[1758212862305879656],7.937,-3.74,3.405,,,
[1758212862310965593],7.767,-3.941,3.476,,,
[1758212862316060541],8.787,-4.578,4.07,,,
[1758212862321154291],8.499,-4.341,4.377,,,
[1758212862326305437],9.357,-4.566,4.594,,,
[1758212862331702000],8.926,-4.59,4.087,,,
[1758212862338406062],10.544,-5.162,4.654,,,
[1758212862343788198],10.063,-5.064,4.35,,,
[1758212862348905073],11.463,-5.083,4.137,,,
[1758212862355406739],10.767,-5.662,3.737,,,
[1758212862361162312],11.116,-5.753,2.428,,,
[1758212862366320802],12.251,-5.849,2.598,,,
[1758212862371442156],11.406,-5.648,1.853,,,
[1758212862376584968],12.392,-5.89,1.982,,,
[1758212862381680958],10.848,-5.485,0.996,,,
[1758212862386850958],11.873,-5.274,0.893,,,
[1758212862391977989],9.776,-4.683,0.536,,,
[1758212862397179239],10.611,-4.597,0.357,,,
[1758212862402476166],9.139,-4.573,-0.474,,,
[1758212862407598093],10.063,-4.489,-0.654,,,
[1758212862412839812],8.133,-3.929,-0.352,,,
[1758212862417970437],9.297,-3.888,0.239,,,
[1758212862423052260],7.348,-3.67,0.493,,,
[1758212862428145698],8.219,-3.409,0.441,,,
[1758212862433363354],6.644,-3.235,0.931,,,
[1758212862438499656],7.951,-3.261,1.379,,,
[1758212862443747468],6.27,-3.081,2.186,,,
[1758212862448927677],7.484,-3.091,2.648,,,
[1758212862454045489],6.467,-3.184,2.837,,,
[1758212862459324604],7.745,-3.163,2.832,,,
[1758212862464973198],7.398,-4.168,3.649,,,
[1758212862470173770],8.399,-4.065,3.618,,,
[1758212862475316895],8.777,-4.338,3.946,,,
[1758212862480428041],8.954,-4.159,3.857,,,
[1758212862486683927],9.704,-4.808,4.626,,,
[1758212862491918770],9.105,-4.805,4.465,,,
[1758212862497069083],10.942,-5.227,4.499,,,
[1758212862502300593],9.907,-5.107,4.049,,,
[1758212862507449291],11.775,-5.456,3.974,,,
[1758212862512589552],10.338,-5.375,3.1,,,
[1758212862517672208],12.34,-5.938,2.49,,,
[1758212862522850489],11.155,-5.76,2.207,,,
[1758212862527939500],12.167,-5.77,1.602,,,
[1758212862533223093],11.205,-5.729,1.645,,,
[1758212862538449708],12.131,-5.665,1.202,,,
[1758212862543633458],10.283,-5.054,0.833,,,
[1758212862548736843],11.047,-4.817,0.467,,,
[1758212862553909083],9.227,-4.312,0.5,,,
[1758212862559044864],10.281,-4.223,-0.196,,,
[1758212862564205854],8.882,-4.36,-0.002,,,
[1758212862569838198],9.4,-4.161,-0.505,,,
[1758212862575065489],8.056,-3.847,0.175,,,
[1758212862580183666],8.128,-3.51,-0.077,,,
[1758212862585417468],7.87,-3.677,0.915,,,
[1758212862590528302],7.331,-3.146,1.274,,,
[1758212862595632833],7.195,-3.306,1.451,,,
[1758212862603353562],6.167,-2.995,2.076,,,
[1758212862608549864],7.58,-3.148,2.148,,,
[1758212862615403458],7.592,-3.527,3.244,,,
[1758212862620625437],7.484,-3.642,3.242,,,
[1758212862625733458],8.614,-4.293,3.354,,,
[1758212862630855697],8.717,-4.147,3.608,,,
[1758212862636096583],9.16,-4.602,4.295,,,
[1758212862641206427],9.345,-4.468,4.243,,,
[1758212862646334239],9.747,-4.997,4.642,,,
[1758212862651449187],9.392,-4.865,4.532,,,
[1758212862656640958],10.997,-5.308,4.561,,,
[1758212862661857989],10.089,-5.124,3.428,,,
[1758212862667008041],11.564,-5.416,3.654,,,
[1758212862672711270],10.762,-5.555,2.703,,,
[1758212862677981166],12.514,-5.708,1.966,,,
[1758212862683228354],11.123,-5.971,2.066,,,
[1758212862688346687],12.56,-5.715,1.053,,,
[1758212862693521531],11.159,-5.432,0.797,,,
[1758212862698631739],11.954,-5.167,1.164,,,
[1758212862703755697],9.962,-4.829,0.558,,,
[1758212862708864604],10.664,-4.477,0.438,,,
[1758212862714099760],9.333,-4.717,0.184,,,
[1758212862719358354],9.838,-4.058,-0.084,,,
[1758212862724512520],8.574,-4.061,-0.285,,,
[1758212862729626687],8.614,-3.747,-0.419,,,
[1758212862734863770],7.798,-3.701,-0.211,,,
[1758212862739981531],8.028,-3.493,0.091,,,
[1758212862745118666],7.216,-3.443,1.223,,,
[1758212862750345229],7.427,-3.084,1.279,,,
[1758212862755508041],6.603,-3.256,1.946,,,
[1758212862760615697],6.989,-3.036,2.452,,,
[1758212862765817364],7.108,-3.184,2.77,,,
[1758212862770935645],6.732,-3.201,3.043,,,
[1758212862776060541],7.678,-3.95,3.263,,,
[1758212862781645854],7.91,-4.01,3.661,,,
[1758212862786959916],9.412,-4.36,4.367,,,
[1758212862792202989],8.425,-4.243,4.204,,,
[1758212862797389604],10.089,-4.863,4.001,,,
[1758212862802586687],9.182,-4.769,4.611,,,
[1758212862807753979],10.654,-5.001,4.688,,,
[1758212862812923354],9.72,-5.1,4.171,,,
[1758212862818067937],11.449,-5.404,4.221,,,
[1758212862823275802],10.317,-5.574,3.663,,,
[1758212862828537208],12.127,-5.741,3.12,,,
[1758212862833760645],10.953,-5.83,2.531,,,
[1758212862838872312],12.409,-5.911,1.623,,,
[1758212862844018562],11.279,-5.71,1.525,,,
[1758212862849170333],12.175,-5.545,1.006,,,
[1758212862854291218],10.824,-5.27,0.86,,,
[1758212862859403249],11.19,-4.956,0.886,,,
[1758212862864590229],9.697,-4.69,0.917,,,
[1758212862869746739],10.369,-4.231,0.055,,,
[1758212862874844812],9.206,-4.532,0.098,,,
[1758212862879983458],9.21,-3.958,-0.012,,,
[1758212862885655697],8.636,-3.78,-0.072,,,
[1758212862890815124],8.341,-3.498,0.057,,,
[1758212862895943770],7.745,-3.443,0.52,,,
[1758212862901053354],7.106,-3.134,0.589,,,
[1758212862906278927],7.491,-3.366,1.403,,,
[1758212862911448718],6.642,-2.969,1.8,,,
[1758212862916583874],7.209,-3.206,2.224,,,
[1758212862921674239],6.302,-3.0,2.351,,,
[1758212862926854708],7.24,-3.512,3.16,,,
[1758212862932061479],6.891,-3.598,3.079,,,
[1758212862937240906],9.261,-4.403,3.443,,,
[1758212862942418354],8.126,-4.039,3.63,,,
[1758212862947600020],9.512,-4.733,4.281,,,
[1758212862952807520],8.444,-4.484,4.034,,,
[1758212862957940645],10.204,-4.879,4.027,,,
[1758212862963103458],9.069,-4.927,4.554,,,
[1758212862968204708],11.004,-5.325,4.365,,,
[1758212862973342312],9.91,-5.2,3.998,,,
[1758212862978514499],11.875,-5.669,3.666,,,
[1758212862983761843],10.731,-5.655,3.074,,,
[1758212862990437364],12.555,-5.715,2.148,,,
[1758212862995775229],11.83,-5.88,1.506,,,
[1758212863000942989],11.887,-5.389,1.468,,,
[1758212863006088822],11.921,-5.684,1.365,,,
[1758212863011196114],11.241,-5.104,0.797,,,
[1758212863016326583],10.793,-4.949,0.436,,,
[1758212863021429083],9.412,-4.499,0.091,,,
[1758212863026598302],10.515,-4.626,0.302,,,
[1758212863031766010],9.127,-4.274,-0.613,,,
[1758212863037083614],9.45,-4.401,-0.007,,,
[1758212863042326114],8.006,-3.881,0.101,,,
[1758212863047459812],9.12,-3.689,0.467,,,
[1758212863052657937],6.891,-3.34,0.007,,,
[1758212863057794135],8.135,-3.376,0.548,,,
[1758212863063010333],6.318,-3.199,1.954,,,
[1758212863068126531],7.671,-2.909,1.331,,,
[1758212863073275072],6.048,-3.182,1.968,,,
[1758212863078416739],7.446,-3.39,2.708,,,
[1758212863083610854],6.333,-3.421,2.981,,,
[1758212863088766426],8.267,-3.615,3.524,,,
[1758212863095277260],7.949,-3.912,3.639,,,
[1758212863100673041],8.65,-4.156,3.62,,,
[1758212863105822156],9.239,-4.556,4.029,,,
[1758212863110925176],9.488,-4.556,4.243,,,
[1758212863116048979],9.893,-4.93,4.642,,,
[1758212863121151218],9.704,-4.839,4.312,,,
[1758212863126271062],10.436,-5.332,4.444,,,
[1758212863131385801],10.683,-5.167,3.855,,,
[1758212863136621999],11.636,-5.622,2.981,,,
[1758212863141881166],10.714,-5.59,2.234,,,
[1758212863147028926],12.227,-5.94,2.231,,,
[1758212863152190176],11.334,-5.787,1.748,,,
[1758212863157330489],12.596,-5.737,1.228,,,
[1758212863162587051],10.949,-5.425,0.781,,,
[1758212863167735176],11.949,-5.394,0.994,,,
[1758212863172903822],9.859,-4.846,0.792,,,
[1758212863178042520],10.865,-4.614,0.68,,,
[1758212863183233249],8.938,-4.587,0.117,,,
[1758212863188333718],10.257,-4.542,0.019,,,
[1758212863193497520],8.04,-4.087,-0.148,,,
[1758212863199205437],9.407,-3.826,-0.555,,,
[1758212863204502624],7.525,-3.682,0.345,,,
[1758212863209658458],8.006,-3.546,0.204,,,
[1758212863214808562],7.187,-3.39,0.781,,,
[1758212863219945801],7.391,-3.146,1.494,,,
[1758212863226689291],7.235,-3.218,2.241,,,
[1758212863232226583],6.414,-3.129,2.181,,,
[1758212863237440072],7.381,-3.153,3.117,,,
[1758212863242642468],6.644,-3.56,2.998,,,
[1758212863248052208],8.734,-4.013,3.505,,,
[1758212863253302364],7.87,-4.13,3.79,,,
[1758212863258445593],9.438,-4.743,4.281,,,
[1758212863263638979],8.459,-4.463,4.444,,,
[1758212863268783041],10.163,-4.673,4.324,,,
[1758212863273899551],9.165,-4.812,4.334,,,
[1758212863279012208],10.963,-5.325,3.958,,,
[1758212863284227937],9.912,-5.126,4.561,,,
[1758212863289354916],11.363,-5.296,4.108,,,
[1758212863294549760],10.865,-5.468,3.244,,,
[1758212863299764291],12.031,-5.765,2.919,,,
[1758212863305455072],11.557,-5.729,2.009,,,
[1758212863310698197],12.191,-5.66,1.42,,,
[1758212863315824864],11.66,-5.792,1.444,,,
[1758212863320968718],10.803,-5.413,1.065,,,
[1758212863326122676],11.092,-5.272,0.632,,,
[1758212863331239812],9.986,-4.702,0.005,,,
[1758212863336446739],10.271,-4.82,-0.182,,,
[1758212863341602781],9.486,-4.183,-0.038,,,
[1758212863346835020],9.646,-4.353,-0.362,,,
[1758212863352028353],8.325,-3.859,-0.769,,,
[1758212863357172676],9.21,-3.9,0.273,,,
[1758212863362326218],7.269,-3.634,0.141,,,
[1758212863367485228],8.14,-3.575,0.797,,,
[1758212863372755020],6.876,-3.096,1.561,,,
[1758212863378038718],7.683,-3.168,1.762,,,
[1758212863383296843],6.134,-3.065,2.14,,,
[1758212863388440124],7.484,-3.342,2.397,,,
[1758212863393610906],6.163,-3.065,2.61,,,
[1758212863398753458],7.954,-3.527,3.055,,,
[1758212863403922468],7.333,-4.02,3.225,,,
[1758212863409040072],9.234,-4.226,3.725,,,
[1758212863414746114],8.425,-4.331,4.029,,,
[1758212863419981583],9.711,-4.353,4.252,,,
[1758212863425159083],9.108,-4.839,4.618,,,
[1758212863430285124],9.893,-4.64,4.254,,,
[1758212863435556843],10.07,-5.346,4.238,,,
[1758212863440683041],10.69,-4.951,4.403,,,
[1758212863445782833],10.855,-5.358,3.311,,,
[1758212863450989135],11.463,-5.459,2.823,,,
[1758212863456209135],11.43,-5.911,3.055,,,
[1758212863461436687],11.265,-5.624,2.088,,,
[1758212863466599708],12.361,-6.029,2.057,,,
[1758212863471722416],11.36,-5.78,1.03,,,
[1758212863476925749],11.734,-5.737,1.176,,,
[1758212863482054031],10.609,-4.911,0.8,,,
[1758212863487235228],10.642,-4.872,0.752,,,
[1758212863492426791],9.361,-4.489,-0.292,,,
[1758212863497679968],10.546,-4.489,-0.34,,,
[1758212863502896635],8.514,-4.398,-0.146,,,
[1758212863508045020],9.754,-4.343,-0.68,,,
[1758212863513162833],7.966,-3.658,-0.455,,,
[1758212863518883718],8.48,-3.864,-0.457,,,
[1758212863524133978],7.029,-3.452,0.771,,,
[1758212863529298405],8.191,-3.134,1.528,,,
[1758212863534559135],6.472,-3.084,1.592,,,
[1758212863539752416],7.154,-3.179,2.198,,,
[1758212863544881947],6.393,-3.278,2.545,,,
[1758212863550005072],7.427,-3.055,2.969,,,
[1758212863555194655],6.797,-3.342,3.124,,,
[1758212863560398718],8.38,-4.049,3.452,,,
[1758212863565735645],8.442,-4.357,3.845,,,
[1758212863570970697],8.926,-3.838,3.546,,,
[1758212863576111114],9.309,-4.738,4.76,,,
[1758212863581300228],9.359,-4.432,4.551,,,
[1758212863586551791],10.333,-4.954,4.389,,,
[1758212863591670385],10.077,-4.997,4.132,,,
[1758212863596810697],11.123,-5.401,3.998,,,
[1758212863602000541],10.391,-5.265,3.371,,,
[1758212863607182676],11.595,-5.528,3.529,,,
[1758212863612373041],10.743,-5.605,2.579,,,
[1758212863617550853],12.242,-5.849,2.037,,,
[1758212863624288301],11.121,-5.617,1.702,,,
[1758212863629635749],12.148,-5.617,1.664,,,
[1758212863635195228],10.846,-5.334,1.377,,,
[1758212863640333926],11.253,-4.853,0.594,,,
[1758212863645481426],9.864,-4.827,0.385,,,
[1758212863650605333],10.259,-4.384,0.0,,,
[1758212863655717416],9.704,-4.525,-0.072,,,
[1758212863660843301],9.349,-4.101,-0.819,,,
[1758212863666023926],8.844,-4.168,-0.101,,,
[1758212863671269551],8.267,-3.608,0.024,,,
[1758212863676466374],7.932,-3.747,0.158,,,
[1758212863681632937],7.551,-3.203,0.788,,,
[1758212863686857885],7.791,-3.311,1.834,,,
[1758212863691954343],6.342,-2.928,1.808,,,
[1758212863697100801],7.247,-3.316,2.212,,,
[1758212863702341687],6.282,-3.048,2.21,,,
[1758212863707527260],7.638,-3.505,3.062,,,
[1758212863712866895],6.706,-3.701,3.23,,,
[1758212863718010541],8.837,-4.254,3.227,,,
[1758212863723145124],7.74,-4.276,3.62,,,
[1758212863728239655],9.51,-4.489,3.737,,,
[1758212863733840593],8.411,-4.436,4.59,,,
[1758212863739004030],10.07,-4.858,4.369,,,
[1758212863744532676],9.167,-4.793,4.733,,,
[1758212863749727832],11.068,-5.15,4.233,,,
[1758212863754916166],10.063,-5.361,3.745,,,
[1758212863760063978],11.135,-5.626,2.952,,,
[1758212863765184343],11.157,-5.677,2.954,,,
[1758212863770422989],11.981,-5.71,2.404,,,
[1758212863775723145],11.418,-5.741,1.923,,,
[1758212863780873041],11.89,-5.492,2.083,,,
[1758212863786137364],11.892,-5.816,1.161,,,
[1758212863791265541],11.265,-5.174,0.601,,,
[1758212863796420020],10.886,-5.073,1.03,,,
[1758212863801551478],9.881,-4.709,0.218,,,
[1758212863806690020],10.235,-4.724,-0.024,,,
[1758212863813678718],8.751,-4.381,-0.134,,,
[1758212863818905489],9.869,-3.972,-0.328,,,
[1758212863824217832],7.884,-3.855,-0.39,,,
[1758212863829358249],8.871,-3.577,-0.247,,,
[1758212863834615749],7.796,-3.491,0.017,,,
[1758212863841148562],7.618,-3.108,0.939,,,
[1758212863847444760],7.578,-3.314,1.733,,,
[1758212863854021530],6.218,-3.021,2.382,,,
[1758212863859251270],7.499,-2.94,2.444,,,
[1758212863864416687],6.335,-3.361,3.06,,,
[1758212863869532416],7.951,-3.706,3.567,,,
[1758212863874631843],7.558,-3.905,3.728,,,
[1758212863879756895],9.27,-4.166,3.591,,,
[1758212863884960332],8.444,-4.245,4.271,,,
[1758212863890157207],9.534,-4.52,4.19,,,
[1758212863895367832],9.316,-4.858,4.293,,,
[1758212863900552051],10.13,-4.889,4.18,,,
[1758212863905689968],10.147,-5.059,4.317,,,
[1758212863910798874],10.762,-5.2,4.415,,,
[1758212863915958457],10.745,-5.485,3.524,,,
[1758212863921078614],11.222,-5.471,3.134,,,
[1758212863926229968],11.466,-5.863,2.823,,,
[1758212863931357051],11.456,-5.701,1.793,,,
[1758212863936572728],12.055,-5.966,1.781,,,
[1758212863941690853],11.569,-5.444,0.888,,,
[1758212863947442155],12.067,-5.471,1.044,,,
[1758212863952671999],9.969,-4.858,0.577,,,
[1758212863958131634],10.594,-4.721,0.273,,,
[1758212863963313770],9.141,-4.345,-0.316,,,
[1758212863968449603],10.269,-4.451,-0.632,,,
[1758212863973601322],8.231,-4.087,-0.263,,,
[1758212863978786374],9.256,-4.07,-0.656,,,
[1758212863984009551],7.788,-3.814,-0.184,,,
[1758212863989344812],8.78,-3.517,0.498,,,
[1758212863994489395],7.099,-3.184,0.309,,,
[1758212863999642155],7.767,-3.311,1.444,,,
[1758212864004779187],6.488,-3.199,1.829,,,
[1758212864009913197],7.757,-2.966,2.425,,,
[1758212864015055384],6.282,-3.033,2.974,,,
[1758212864020171270],7.302,-3.203,2.861,,,
[1758212864025316426],6.84,-3.795,2.887,,,
[1758212864030463353],8.624,-4.003,3.139,,,
[1758212864035681374],8.686,-4.278,3.926,,,
[1758212864040893822],8.959,-4.18,3.962,,,
[1758212864046108197],9.038,-4.987,4.223,,,
[1758212864051239082],9.261,-4.542,3.622,,,
[1758212864056864187],10.551,-4.939,3.845,,,
[1758212864062033874],10.056,-4.997,3.879,,,
[1758212864067623978],11.018,-5.492,3.881,,,
[1758212864072853197],10.518,-5.217,3.151,,,
[1758212864078041218],12.292,-5.768,2.689,,,
[1758212864083292416],10.74,-5.77,2.423,,,
[1758212864088416634],12.119,-5.681,2.286,,,
[1758212864093679082],11.27,-5.674,1.578,,,
[1758212864098947989],12.397,-5.452,1.508,,,
[1758212864104099551],10.544,-5.104,0.809,,,
[1758212864109256895],11.207,-5.116,0.132,,,
[1758212864114449759],9.213,-4.515,0.747,,,
[1758212864119571374],10.786,-4.384,0.213,,,
[1758212864124678614],8.928,-4.367,0.093,,,
[1758212864129931426],9.476,-4.135,-0.45,,,
[1758212864135214291],8.337,-4.065,-0.019,,,
[1758212864140379082],8.863,-3.874,0.215,,,
[1758212864145620124],7.566,-3.627,0.678,,,
[1758212864150768301],8.061,-3.172,1.025,,,
[1758212864155909499],7.125,-3.299,1.63,,,
[1758212864161040905],6.864,-2.904,1.956,,,
[1758212864167655489],7.235,-3.232,2.605,,,
[1758212864174021166],6.1,-3.237,2.72,,,
[1758212864179545280],7.817,-3.591,3.062,,,
[1758212864184753561],7.219,-3.986,3.33,,,
[1758212864189870228],9.131,-4.135,3.256,,,
[1758212864195013718],8.229,-4.475,4.393,,,
[1758212864200116374],9.237,-4.415,4.597,,,
[1758212864205235645],8.926,-4.616,4.879,,,
[1758212864210349186],10.075,-4.695,4.817,,,
[1758212864215562989],9.637,-4.968,4.417,,,
[1758212864220823926],10.602,-5.078,4.187,,,
[1758212864225934499],10.527,-5.406,3.826,,,
[1758212864231091999],11.401,-5.368,2.66,,,
[1758212864236317572],11.751,-5.959,2.401,,,
[1758212864241462520],11.729,-5.684,2.274,,,
[1758212864246612311],11.916,-6.014,2.011,,,
[1758212864251740072],11.732,-5.65,0.907,,,
[1758212864256929864],11.784,-5.689,1.41,,,
[1758212864262338718],10.453,-5.2,1.053,,,
[1758212864267730749],10.968,-5.054,0.431,,,
[1758212864273290957],9.105,-4.408,0.108,,,
[1758212864278406999],10.506,-4.693,0.098,,,
[1758212864283634186],8.351,-4.355,0.151,,,
[1758212864289968405],9.527,-4.08,-0.709,,,
[1758212864295233614],8.236,-3.79,0.129,,,
[1758212864300364395],8.365,-3.5,0.17,,,
[1758212864305487051],7.168,-3.613,0.333,,,
[1758212864310619082],7.47,-3.266,1.633,,,
[1758212864315882572],6.823,-3.069,1.97,,,
[1758212864320992051],7.319,-2.801,1.614,,,
[1758212864326154968],6.302,-3.136,2.746,,,
[1758212864331319499],6.804,-3.007,3.007,,,
[1758212864336634343],7.609,-3.467,3.34,,,
[1758212864341759916],7.539,-3.716,3.141,,,
[1758212864346984499],8.581,-4.436,4.13,,,
[1758212864352100280],8.449,-4.096,3.946,,,
[1758212864357280072],9.402,-4.46,4.417,,,
[1758212864362494499],9.021,-4.695,3.8,,,
[1758212864367717676],10.23,-5.047,4.401,,,
[1758212864372940124],9.433,-4.951,3.84,,,
[1758212864379351218],11.495,-5.315,3.864,,,
[1758212864385741009],10.934,-5.459,3.646,,,
[1758212864391008822],11.401,-5.643,2.801,,,
[1758212864396479030],12.055,-5.921,2.241,,,
[1758212864401608666],11.667,-5.406,1.681,,,
[1758212864406758197],12.218,-5.873,1.681,,,
[1758212864411875228],11.416,-5.377,1.195,,,
[1758212864416987051],11.384,-5.471,0.706,,,
[1758212864422082311],10.513,-4.822,0.625,,,
[1758212864427260957],10.487,-4.803,0.46,,,
[1758212864432689082],9.388,-4.436,0.026,,,
[1758212864437869238],10.185,-4.573,0.503,,,
[1758212864443013666],8.509,-4.197,-0.057,,,
[1758212864448132363],9.476,-3.864,-0.271,,,
[1758212864453261374],7.774,-3.62,0.474,,,
[1758212864458375124],8.732,-3.716,0.45,,,
[1758212864463568874],7.044,-3.184,0.666,,,
[1758212864468736218],8.119,-3.354,1.31,,,
[1758212864473868301],6.39,-3.146,1.609,,,
[1758212864479061843],7.705,-3.055,2.231,,,
[1758212864484665697],6.258,-3.079,2.351,,,
[1758212864489857676],7.7,-3.383,3.038,,,
[1758212864494985697],7.041,-3.819,3.79,,,
[1758212864500109030],8.863,-3.994,3.716,,,
[1758212864505551270],7.903,-4.336,3.802,,,
[1758212864510669447],9.177,-4.415,4.18,,,
[1758212864515819030],9.136,-4.638,4.836,,,
[1758212864520995228],9.644,-4.341,4.29,,,
[1758212864526305384],9.787,-4.867,4.578,,,
[1758212864531472572],10.523,-5.121,4.568,,,
[1758212864536715072],10.625,-5.394,4.156,,,
[1758212864541849811],10.769,-5.121,3.227,,,
[1758212864547013301],11.48,-5.942,2.677,,,
[1758212864552226738],11.392,-5.746,2.083,,,
[1758212864557388197],12.316,-5.957,2.049,,,
[1758212864562687988],11.435,-5.746,1.535,,,
[1758212864567894186],12.328,-5.698,1.731,,,
[1758212864573130124],10.661,-5.1,1.135,,,
[1758212864578284082],11.332,-5.171,1.305,,,
[1758212864583486218],9.452,-4.506,0.242,,,
[1758212864588606061],10.436,-4.633,0.249,,,
[1758212864595320176],8.724,-4.341,-0.12,,,
[1758212864601633561],9.096,-3.883,-0.663,,,
[1758212864606912363],9.043,-4.041,-0.249,,,
[1758212864612387780],7.626,-3.725,-0.022,,,
[1758212864617500957],8.114,-3.582,0.622,,,
[1758212864622664343],7.025,-3.287,0.967,,,
[1758212864627743457],7.487,-3.335,1.609,,,
[1758212864633053040],6.323,-3.019,2.057,,,
[1758212864638158145],7.408,-3.268,3.048,,,
[1758212864643340697],6.206,-3.16,3.026,,,
[1758212864648568561],8.109,-3.412,3.397,,,
[1758212864653661165],7.14,-3.826,3.151,,,
[1758212864658761165],9.182,-4.463,3.539,,,
[1758212864663928926],8.135,-4.171,3.886,,,
[1758212864669105020],9.886,-4.614,4.171,,,
[1758212864674201530],8.792,-4.573,4.357,,,
[1758212864679310593],10.257,-4.784,4.568,,,
[1758212864684553405],9.294,-4.973,4.48,,,
[1758212864692464030],10.13,-4.958,4.111,,,
[1758212864698901686],11.645,-5.71,3.357,,,
[1758212864704169811],10.786,-5.605,2.397,,,
[1758212864709295749],12.246,-5.971,2.095,,,
[1758212864714447415],11.296,-5.756,2.172,,,
[1758212864719888301],12.646,-5.622,1.657,,,
[1758212864724998249],10.946,-5.495,0.891,,,
[1758212864730115332],11.947,-5.315,0.881,,,
[1758212864735333509],10.154,-4.875,0.828,,,
[1758212864740493301],10.415,-4.614,0.534,,,
[1758212864745749395],9.122,-4.568,-0.283,,,
[1758212864750877728],9.811,-4.405,-0.397,,,
[1758212864756099603],8.942,-4.286,-0.108,,,
[1758212864761259915],8.619,-3.694,-0.347,,,
[1758212864766484447],8.119,-3.972,-0.201,,,
[1758212864771611270],7.76,-3.519,0.299,,,
[1758212864776774343],7.587,-3.61,0.946,,,
[1758212864781933145],7.64,-3.012,1.226,,,
[1758212864787238926],6.938,-3.314,1.836,,,
[1758212864792438874],6.261,-2.971,2.131,,,
[1758212864797605957],7.566,-3.27,2.682,,,
[1758212864802810280],6.479,-3.227,2.933,,,
[1758212864808349395],8.198,-3.929,3.551,,,
[1758212864813531217],7.379,-4.073,3.778,,,
[1758212864818655801],9.519,-4.355,3.677,,,
[1758212864823848197],8.021,-4.35,3.929,,,
[1758212864829278301],9.938,-4.609,3.855,,,
[1758212864834530801],8.76,-4.63,4.041,,,
[1758212864839735488],10.556,-4.961,4.283,,,
[1758212864844941790],10.046,-5.104,4.216,,,
[1758212864850197780],11.265,-5.207,3.972,,,
[1758212864855342676],10.295,-5.653,3.405,,,
[1758212864860489551],11.854,-5.753,2.983,,,
[1758212864865680645],11.425,-5.866,2.672,,,
[1758212864870819759],12.175,-5.698,1.772,,,
[1758212864875918353],11.708,-5.705,1.621,,,
[1758212864881159603],11.65,-5.782,1.085,,,
[1758212864886412363],11.023,-5.406,0.965,,,
[1758212864891605124],10.355,-4.616,0.113,,,
[1758212864896831426],10.233,-4.846,0.424,,,
[1758212864901968665],9.543,-4.353,-0.271,,,
[1758212864907151895],9.73,-4.513,-0.227,,,
[1758212864912461270],9.191,-4.001,-0.675,,,
[1758212864918055749],9.167,-3.998,-0.508,,,
[1758212864923248613],7.764,-3.658,0.249,,,
[1758212864928394082],8.507,-3.527,0.634,,,
[1758212864934719395],6.864,-3.285,1.326,,,
[1758212864942043717],6.663,-2.976,1.614,,,
[1758212864947328874],7.147,-3.282,2.181,,,
[1758212864952512780],6.816,-2.942,2.191,,,
[1758212864957635280],7.23,-3.359,2.478,,,
[1758212864962859082],6.752,-3.649,2.986,,,
[1758212864967991113],8.614,-4.331,3.924,,,
[1758212864973077988],8.159,-4.247,3.795,,,
[1758212864978170332],9.323,-4.324,4.312,,,
[1758212864983376270],8.334,-4.317,4.295,,,
[1758212864988493613],9.979,-4.899,4.82,,,
[1758212864993597936],9.117,-4.611,4.161,,,
[1758212864998705020],10.86,-5.104,4.068,,,
[1758212865003838457],9.907,-5.485,4.063,,,
[1758212865008939395],11.684,-5.679,3.792,,,
[1758212865014051947],10.537,-5.456,2.682,,,
[1758212865019163249],12.354,-5.976,2.576,,,
[1758212865024643249],11.061,-5.873,2.164,,,
[1758212865029870019],12.646,-5.938,1.836,,,
[1758212865035106322],11.236,-5.782,1.539,,,
[1758212865040239447],12.091,-5.38,0.95,,,
[1758212865045752780],10.12,-5.171,0.821,,,
[1758212865050944759],10.111,-4.561,0.74,,,
[1758212865056119238],9.589,-4.628,0.12,,,
[1758212865061236374],9.867,-4.231,-0.251,,,
[1758212865066443978],9.072,-4.305,0.115,,,
[1758212865071637676],9.108,-3.776,-0.781,,,
[1758212865076948197],8.645,-3.955,-0.043,,,
[1758212865082061686],7.661,-3.445,0.237,,,
[1758212865087258561],8.037,-3.302,0.86,,,
[1758212865092437415],7.027,-3.247,0.749,,,
[1758212865097568040],7.506,-3.285,1.961,,,
[1758212865102748717],6.596,-2.83,2.052,,,
[1758212865107898926],7.242,-3.235,2.737,,,
[1758212865113096999],6.278,-3.182,2.868,,,
[1758212865118382519],7.908,-3.548,3.287,,,
[1758212865123552259],7.269,-4.065,3.649,,,
[1758212865128725332],9.242,-4.379,3.646,,,
[1758212865134361269],7.994,-4.439,3.938,,,
[1758212865139503405],9.905,-4.678,4.015,,,
[1758212865144650592],8.861,-4.47,4.331,,,
[1758212865149762728],10.362,-4.81,4.331,,,
[1758212865156262832],10.453,-5.329,3.924,,,
[1758212865161563665],10.728,-4.911,3.955,,,
[1758212865166762363],10.977,-5.437,3.218,,,
[1758212865171900801],11.384,-5.373,2.327,,,
[1758212865177042467],11.576,-5.816,2.634,,,
[1758212865182180644],11.176,-5.619,1.805,,,
[1758212865187379707],12.313,-6.258,1.875,,,
[1758212865192608092],11.31,-5.557,0.996,,,
[1758212865197847415],11.665,-5.543,1.13,,,
[1758212865203072572],10.484,-4.98,0.761,,,
[1758212865208177780],10.309,-4.769,0.713,,,
[1758212865213318978],9.208,-4.436,0.0,,,
[1758212865218489290],10.467,-4.221,-0.007,,,
[1758212865223648405],8.231,-4.228,-0.663,,,
[1758212865228791165],9.546,-4.152,-0.39,,,
[1758212865234042467],7.824,-3.577,0.074,,,
[1758212865239571374],8.483,-3.606,-0.227,,,
[1758212865244784967],6.979,-3.44,0.668,,,
[1758212865249939707],8.033,-3.45,1.314,,,
[1758212865255139082],6.364,-3.05,1.798,,,
[1758212865261471582],7.056,-2.921,2.052,,,
[1758212865267761582],7.23,-3.397,2.636,,,
[1758212865274196946],6.711,-3.527,3.371,,,
[1758212865279429446],8.904,-3.934,3.474,,,
[1758212865284632832],7.817,-4.029,3.421,,,
[1758212865289748405],9.416,-4.322,3.888,,,
[1758212865294888561],8.531,-4.494,4.166,,,
[1758212865299986113],9.962,-4.731,4.357,,,
[1758212865305086269],8.794,-4.614,4.46,,,
[1758212865310201217],10.695,-5.186,4.247,,,
[1758212865315371217],9.747,-5.155,4.386,,,
[1758212865320570801],11.1,-5.229,3.905,,,
[1758212865325704342],10.922,-5.657,3.184,,,
[1758212865330825592],11.906,-5.691,2.49,,,
[1758212865336044811],11.162,-5.945,2.444,,,
[1758212865341150644],12.385,-5.914,2.059,,,
[1758212865346624238],11.875,-6.014,1.559,,,
[1758212865351751530],11.542,-5.437,0.668,,,
[1758212865356869759],11.375,-5.339,0.694,,,
[1758212865361986165],10.467,-4.731,0.764,,,
[1758212865367473613],10.017,-4.606,0.527,,,
[1758212865372744238],9.27,-4.429,-0.587,,,
[1758212865377896790],9.816,-4.302,0.077,,,
[1758212865383138249],8.495,-3.847,-0.716,,,
[1758212865388388509],9.215,-4.089,-0.081,,,
[1758212865393526269],7.855,-3.541,0.338,,,
[1758212865398686426],8.373,-3.587,0.634,,,
[1758212865403844290],6.723,-3.247,1.171,,,
[1758212865408982311],7.87,-3.239,1.611,,,
[1758212865414117676],6.163,-3.043,1.939,,,
[1758212865419229446],7.53,-3.338,2.6,,,
[1758212865424351582],6.306,-3.17,2.856,,,
[1758212865429579446],7.939,-3.448,2.849,,,
[1758212865434812936],7.269,-3.768,3.074,,,
[1758212865440055384],9.098,-4.154,3.371,,,
[1758212865445228301],8.169,-4.482,3.783,,,
[1758212865450370644],9.505,-4.477,4.056,,,
[1758212865456044915],8.942,-4.717,4.293,,,
[1758212865461213144],9.934,-4.788,4.633,,,
[1758212865466361998],9.732,-4.956,4.614,,,
[1758212865471484446],10.728,-5.023,3.864,,,
[1758212865476977676],11.265,-5.519,3.922,,,
[1758212865482244342],10.98,-5.411,3.263,,,
[1758212865487475748],11.552,-6.0,2.897,,,
[1758212865492698144],11.593,-5.653,1.741,,,
[1758212865497984915],12.467,-5.914,1.927,,,
[1758212865503142988],11.368,-5.715,1.29,,,
[1758212865508275019],12.129,-5.521,1.034,,,
[1758212865513415748],10.432,-5.045,0.649,,,
[1758212865518558405],11.167,-5.028,0.685,,,
[1758212865526160228],9.476,-4.647,-0.034,,,
[1758212865531308248],9.512,-4.362,-0.072,,,
[1758212865536548769],8.595,-4.266,-0.29,,,
[1758212865541804498],9.067,-3.737,-0.46,,,
[1758212865546960071],8.109,-3.876,0.12,,,
[1758212865552112363],7.46,-3.33,0.053,,,
[1758212865557287311],7.8,-3.644,0.515,,,
[1758212865562894446],7.192,-2.945,1.36,,,
[1758212865568065436],7.515,-3.11,1.729,,,
[1758212865573206998],6.088,-3.072,1.853,,,
[1758212865578369915],7.393,-3.266,2.722,,,
[1758212865584092467],6.28,-3.194,2.84,,,
[1758212865589217415],8.452,-3.843,2.933,,,
[1758212865594397884],7.518,-4.207,3.642,,,
[1758212865599499394],9.115,-4.441,3.757,,,
[1758212865604674498],7.908,-4.278,4.197,,,
[1758212865609849811],9.936,-4.673,4.353,,,
[1758212865615046269],8.701,-4.681,4.86,,,
[1758212865620177207],10.19,-4.879,4.35,,,
[1758212865625454915],10.099,-5.143,4.178,,,
[1758212865630588248],11.435,-5.294,3.982,,,
[1758212865635813248],10.563,-5.418,3.16,,,
[1758212865640996269],11.899,-5.576,2.794,,,
[1758212865646147155],10.913,-5.933,2.234,,,
[1758212865651312832],11.87,-5.502,2.131,,,
[1758212865656480540],11.535,-5.835,1.788,,,
[1758212865661656686],11.808,-5.612,1.338,,,
[1758212865666918144],11.212,-5.397,0.663,,,
[1758212865672482103],10.324,-4.757,0.431,,,
[1758212865677628873],10.338,-4.934,0.802,,,
[1758212865682869551],9.481,-4.448,-0.443,,,
[1758212865688037884],9.943,-4.551,-0.294,,,
[1758212865693500644],8.478,-4.18,0.036,,,
[1758212865698653144],9.455,-4.142,0.402,,,
[1758212865703782311],7.489,-3.67,-0.05,,,
[1758212865708872832],8.691,-3.493,0.232,,,
[1758212865714084707],6.96,-3.395,1.135,,,
[1758212865719322103],8.191,-3.282,1.255,,,
[1758212865724463509],6.278,-3.124,1.228,,,
[1758212865729647884],7.377,-3.522,2.169,,,
[1758212865734860592],6.23,-3.191,2.258,,,
[1758212865740002519],7.951,-3.299,2.919,,,
[1758212865745116321],7.005,-3.443,3.44,,,
[1758212865750246113],8.839,-4.369,3.395,,,
[1758212865755427363],7.767,-4.348,3.91,,,
[1758212865760638092],9.479,-4.187,4.453,,,
[1758212865765761373],8.65,-4.48,4.537,,,
[1758212865770940957],9.663,-4.638,4.604,,,
[1758212865776098873],9.29,-4.757,4.662,,,
[1758212865781650123],10.393,-4.954,4.415,,,
[1758212865786929238],10.685,-5.363,4.171,,,
[1758212865792041998],10.997,-5.073,3.218,,,
[1758212865797226894],11.248,-5.54,2.729,,,
[1758212865802745384],11.387,-5.528,2.138,,,
[1758212865807891790],12.373,-5.887,2.035,,,
[1758212865813089394],11.353,-5.684,1.259,,,
[1758212865818256582],12.215,-5.751,1.252,,,
[1758212865823455071],11.044,-5.157,0.833,,,
[1758212865828708717],11.372,-5.03,0.864,,,
[1758212865833973092],9.45,-4.743,0.194,,,
[1758212865839097467],10.628,-4.901,0.211,,,
[1758212865844256009],8.916,-4.154,-0.424,,,
[1758212865849411321],9.833,-4.166,-0.577,,,
[1758212865854542259],8.406,-3.903,-0.441,,,
[1758212865859666842],8.813,-3.967,-0.218,,,
[1758212865864880748],7.341,-3.445,0.199,,,
[1758212865870110071],8.131,-3.455,1.049,,,
[1758212865875286113],6.361,-3.163,1.492,,,
[1758212865880407311],7.551,-3.213,1.839,,,
[1758212865885623925],6.175,-3.007,2.655,,,
[1758212865891393769],7.084,-2.983,2.579,,,
[1758212865896523873],6.668,-3.354,3.129,,,
[1758212865901666998],7.853,-3.632,3.256,,,
[1758212865906860957],8.157,-4.24,3.601,,,
[1758212865912433613],8.595,-4.14,3.792,,,
[1758212865917581686],9.021,-4.573,4.47,,,
[1758212865922813248],8.533,-4.453,4.513,,,
[1758212865927971686],9.845,-4.867,5.128,,,
[1758212865933388717],9.297,-4.604,4.475,,,
[1758212865938611477],10.898,-5.361,4.798,,,
[1758212865943725436],10.242,-5.121,4.005,,,
[1758212865948807311],11.291,-5.581,3.409,,,
[1758212865953936582],10.822,-5.746,2.476,,,
[1758212865959044602],12.72,-6.053,2.162,,,
[1758212865964228561],11.09,-5.679,2.258,,,
[1758212865969440332],12.519,-6.12,2.126,,,
[1758212865974713405],10.949,-5.519,1.006,,,
[1758212865979902884],12.179,-5.27,0.742,,,
[1758212865985129290],10.053,-4.791,0.862,,,
[1758212865990248144],10.7,-4.635,0.371,,,
[1758212865995382259],9.299,-4.539,-0.129,,,
[1758212866000911738],10.405,-4.312,0.433,,,
[1758212866006100696],8.739,-4.171,0.12,,,
[1758212866011245384],8.916,-3.804,-0.141,,,
[1758212866016399967],7.594,-3.749,-0.103,,,
[1758212866021809030],8.131,-3.287,0.172,,,
[1758212866026927623],6.934,-3.563,1.077,,,
[1758212866032036582],7.075,-2.914,1.185,,,
[1758212866037255905],7.01,-2.928,1.712,,,
[1758212866043454342],6.132,-3.019,2.277,,,
[1758212866048752050],7.453,-2.938,3.112,,,
[1758212866053881477],6.601,-3.44,3.316,,,
[1758212866058986582],7.843,-3.907,3.405,,,
[1758212866064120488],7.815,-4.132,3.486,,,
[1758212866069225175],9.541,-4.484,4.195,,,
[1758212866074367780],8.186,-4.396,4.245,,,
[1758212866079484446],9.946,-4.69,4.887,,,
[1758212866084687155],8.669,-4.549,4.645,,,
[1758212866089843873],10.783,-4.937,4.688,,,
[1758212866095004446],9.641,-5.064,4.357,,,
[1758212866100111425],11.188,-5.339,3.335,,,
[1758212866105258925],10.53,-5.406,2.626,,,
[1758212866110826477],12.234,-5.835,2.89,,,
[1758212866117703196],11.899,-5.899,2.796,,,
[1758212866122936634],11.569,-5.66,1.908,,,
[1758212866129232988],12.483,-5.76,1.207,,,
[1758212866134504602],10.704,-5.234,1.336,,,
[1758212866139611582],11.533,-5.078,1.338,,,
[1758212866144744759],9.263,-4.767,0.615,,,
[1758212866149853613],10.434,-4.606,-0.014,,,
[1758212866154956894],9.026,-4.322,0.141,,,
[1758212866160061529],10.254,-4.24,-0.213,,,
[1758212866165224394],8.207,-3.915,-0.539,,,
[1758212866170399342],9.112,-3.888,-0.407,,,
[1758212866175680436],7.599,-3.589,0.364,,,
[1758212866180824394],8.545,-3.12,0.57,,,
[1758212866186077363],6.74,-3.235,1.039,,,
[1758212866191188404],7.788,-3.134,1.525,,,
[1758212866196320123],6.404,-3.038,2.449,,,
[1758212866201437519],6.958,-2.938,2.495,,,
[1758212866206585644],6.668,-3.151,3.007,,,
[1758212866211693196],7.329,-3.675,2.907,,,
[1758212866217313144],7.726,-3.984,3.508,,,
[1758212866222558352],8.492,-3.926,3.484,,,
[1758212866227665957],9.064,-4.583,3.869,,,
[1758212866232911634],8.763,-4.592,4.082,,,
[1758212866239181634],10.331,-4.611,4.135,,,
[1758212866245068196],9.163,-5.006,4.18,,,
[1758212866250960123],10.8,-5.133,4.221,,,
[1758212866256192832],9.962,-5.325,3.998,,,
[1758212866261290957],11.748,-5.394,3.361,,,
[1758212866266411009],10.901,-5.799,3.208,,,
[1758212866271577415],11.679,-5.614,2.746,,,
[1758212866276744759],11.576,-5.727,2.732,,,
[1758212866281848040],11.952,-5.643,1.836,,,
[1758212866287028509],11.526,-5.567,1.032,,,
[1758212866292184134],11.356,-5.061,0.824,,,
[1758212866297350488],10.673,-4.867,0.409,,,
[1758212866302547050],10.082,-4.408,-0.256,,,
[1758212866307746477],10.398,-4.693,0.127,,,
[1758212866312925644],9.503,-4.243,-0.239,,,
[1758212866318048404],9.12,-4.326,-0.227,,,
[1758212866323617050],8.411,-3.922,-0.342,,,
[1758212866328830488],9.0,-3.924,0.611,,,
[1758212866334027207],7.264,-3.292,0.354,,,
[1758212866339124863],7.994,-3.51,0.764,,,
[1758212866344284394],6.68,-3.1,1.618,,,
[1758212866349390175],7.638,-3.237,2.016,,,
[1758212866354513561],6.737,-2.861,2.274,,,
[1758212866360807779],7.321,-3.17,3.026,,,
[1758212866367227727],7.07,-3.503,3.282,,,
[1758212866372555696],7.86,-3.728,3.005,,,
[1758212866377703509],8.361,-4.393,3.871,,,
[1758212866382947571],8.162,-4.211,4.037,,,
[1758212866388066373],9.471,-4.659,4.571,,,
[1758212866393166113],8.878,-4.326,4.209,,,
[1758212866398259706],10.087,-5.016,4.31,,,
[1758212866403410540],9.543,-4.702,4.456,,,
[1758212866408551998],10.834,-5.492,4.683,,,
[1758212866413747050],10.415,-5.128,4.017,,,
[1758212866418854394],11.937,-5.701,3.606,,,
[1758212866423997831],10.611,-5.669,3.079,,,
[1758212866429561061],12.39,-5.859,2.365,,,
[1758212866434759290],11.298,-5.71,1.908,,,
[1758212866439871529],12.644,-5.861,1.269,,,
[1758212866445066581],10.896,-5.507,0.776,,,
[1758212866450200644],11.806,-5.212,0.591,,,
[1758212866455314186],9.807,-4.731,0.881,,,
[1758212866460457415],10.673,-4.721,0.52,,,
[1758212866465632831],9.1,-4.362,0.151,,,
[1758212866470756738],10.144,-4.202,-0.148,,,
[1758212866476430800],8.308,-4.348,0.108,,,
[1758212866481567467],9.311,-3.962,0.069,,,
[1758212866486745227],7.894,-3.555,0.522,,,
[1758212866491847050],8.059,-3.29,0.443,,,
[1758212866497070956],7.35,-3.383,1.336,,,
[1758212866502241529],7.168,-2.88,1.575,,,
[1758212866507416790],6.91,-3.177,1.932,,,
[1758212866512736946],6.867,-3.007,2.114,,,
[1758212866517957623],6.771,-3.261,3.036,,,
[1758212866523193352],6.73,-3.206,2.966,,,
[1758212866528369498],8.164,-3.843,3.4,,,
[1758212866533489134],7.812,-4.065,3.115,,,
[1758212866540226529],9.299,-4.515,3.903,,,
[1758212866545516269],8.633,-4.379,4.465,,,
[1758212866550632831],10.238,-4.867,4.575,,,
[1758212866555772988],9.134,-4.98,4.652,,,
[1758212866560889446],10.681,-5.112,4.556,,,
[1758212866566033040],9.732,-5.277,4.398,,,
[1758212866571207102],11.454,-5.31,3.871,,,
[1758212866576389654],10.836,-5.586,2.923,,,
[1758212866582995696],11.358,-5.717,2.081,,,
[1758212866588221425],11.808,-5.863,2.116,,,
[1758212866593408613],11.459,-5.705,1.3,,,
[1758212866598516998],12.306,-5.878,1.604,,,
[1758212866603664081],10.846,-5.375,0.941,,,
[1758212866608784967],11.296,-5.102,0.965,,,
[1758212866613885071],9.519,-4.496,0.479,,,
[1758212866618989602],10.544,-4.803,0.108,,,
[1758212866624163925],9.21,-4.29,-0.062,,,
[1758212866629333456],9.776,-4.345,-0.038,,,
[1758212866634435279],8.061,-3.874,-0.405,,,
[1758212866639565123],9.258,-4.032,0.043,,,
[1758212866645153925],7.372,-3.462,0.168,,,
[1758212866650428769],8.571,-3.354,0.309,,,
[1758212866655581008],6.845,-3.481,0.984,,,
[1758212866660712415],7.977,-3.146,1.796,,,
[1758212866665877883],6.354,-2.978,2.107,,,
[1758212866671039446],7.573,-3.189,2.394,,,
[1758212866676157988],6.426,-3.089,2.844,,,
[1758212866681238561],8.006,-3.491,3.244,,,
[1758212866686475071],7.693,-3.953,3.828,,,
[1758212866692044602],8.626,-4.161,3.687,,,
[1758212866697271686],8.507,-4.511,4.554,,,
[1758212866702439863],9.424,-4.345,4.238,,,
[1758212866707560279],9.668,-4.762,4.52,,,
[1758212866712740696],9.538,-4.889,4.027,,,
[1758212866717891165],10.283,-5.363,4.24,,,
[1758212866723053196],10.487,-4.927,4.269,,,
[1758212866728267988],11.159,-5.353,3.467,,,
[1758212866733478092],10.8,-5.483,2.758,,,
[1758212866738742206],11.897,-5.887,2.818,,,
[1758212866743954446],11.066,-5.619,1.927,,,
[1758212866749125488],12.359,-5.878,2.119,,,
[1758212866754727311],10.664,-5.598,1.504,,,
[1758212866759891529],12.141,-5.38,0.962,,,
[1758212866765061946],10.032,-4.757,0.567,,,
[1758212866770218977],11.111,-4.764,0.455,,,
[1758212866775409915],9.093,-4.69,0.146,,,
[1758212866780553977],10.408,-4.35,0.11,,,
[1758212866785673769],8.633,-4.185,-0.211,,,
[1758212866790787050],9.577,-4.092,-0.381,,,
[1758212866795993456],8.03,-3.752,-0.565,,,
[1758212866802395800],8.052,-3.455,0.371,,,
[1758212866807914967],7.8,-3.481,1.274,,,
[1758212866814231998],6.455,-3.103,1.647,,,
[1758212866819464185],7.606,-3.213,1.951,,,
[1758212866824565435],6.134,-3.148,2.38,,,
[1758212866829648717],7.379,-3.467,2.433,,,
[1758212866834765175],6.51,-3.361,3.165,,,
[1758212866839853977],8.44,-3.991,3.211,,,
[1758212866845017779],7.362,-4.029,3.491,,,
[1758212866850131321],9.222,-4.391,3.893,,,
[1758212866855310488],8.265,-4.398,4.171,,,
[1758212866861927363],9.424,-4.48,4.137,,,
[1758212866867181738],9.064,-4.93,4.745,,,
[1758212866872392935],10.233,-4.769,4.219,,,
[1758212866877532727],10.508,-5.198,4.161,,,
[1758212866883898456],10.463,-5.456,3.658,,,
[1758212866889306269],11.712,-5.923,3.342,,,
[1758212866894691738],10.942,-5.751,2.413,,,
[1758212866899873300],12.301,-5.974,2.38,,,
[1758212866904991581],11.116,-5.799,1.688,,,
[1758212866912373925],11.559,-5.368,0.824,,,
[1758212866918001685],11.586,-5.511,0.536,,,
[1758212866923165488],10.355,-4.82,1.003,,,
[1758212866928239238],10.355,-4.76,0.73,,,
[1758212866933340227],9.44,-4.477,-0.737,,,
[1758212866938426008],10.092,-4.669,0.134,,,
[1758212866943594602],8.734,-3.876,-0.215,,,
[1758212866948679446],9.275,-3.965,-0.314,,,
[1758212866953815696],7.717,-3.771,-0.067,,,
[1758212866959452154],8.729,-3.606,0.285,,,
[1758212866964639654],7.108,-3.299,0.654,,,
[1758212866971248613],7.638,-3.163,1.48,,,
[1758212866976525279],6.182,-3.019,1.968,,,
[1758212866981621477],7.281,-3.065,2.284,,,
[1758212866986715696],6.498,-3.12,2.653,,,
[1758212866991838352],7.396,-3.151,2.813,,,
[1758212866997029133],6.946,-4.053,3.472,,,
[1758212867002167519],8.392,-3.996,3.773,,,
[1758212867007259081],8.643,-4.386,4.503,,,
[1758212867012469654],8.957,-4.094,4.207,,,
[1758212867019071633],9.577,-4.848,4.58,,,
[1758212867024287571],8.729,-4.796,4.209,,,
[1758212867029372102],11.214,-5.332,4.475,,,
[1758212867034476060],10.125,-5.176,4.247,,,
[1758212867039576529],11.425,-5.509,4.039,,,
[1758212867044763665],10.331,-5.571,3.12,,,
[1758212867049864967],12.239,-5.827,2.629,,,
[1758212867055012623],11.028,-5.681,2.387,,,
[1758212867060150904],12.457,-5.799,1.836,,,
[1758212867065355800],11.174,-5.808,1.475,,,
[1758212867070517415],12.342,-5.368,0.651,,,
[1758212867077211217],10.81,-5.071,1.051,,,
[1758212867083566060],9.474,-4.515,-0.055,,,
[1758212867089250748],10.001,-4.705,0.086,,,
[1758212867094427935],8.72,-4.348,-0.022,,,
[1758212867099523821],9.84,-4.226,0.261,,,
[1758212867104661165],8.018,-4.068,-0.101,,,
[1758212867109779706],8.99,-3.766,0.218,,,
[1758212867114885592],7.341,-3.632,0.362,,,
[1758212867120006998],8.569,-3.433,0.857,,,
[1758212867126288717],6.443,-3.132,1.535,,,
[1758212867132636633],6.895,-2.986,1.539,,,
[1758212867138937623],7.451,-3.225,2.195,,,
[1758212867145315540],6.28,-3.309,3.002,,,
[1758212867151798144],7.602,-3.452,3.112,,,
[1758212867157047362],8.116,-4.101,3.63,,,
[1758212867162217415],9.112,-4.14,3.9,,,
[1758212867167333144],8.473,-4.52,4.532,,,
[1758212867172535800],9.337,-4.417,4.065,,,
[1758212867177703925],9.493,-4.877,4.13,,,
[1758212867183164550],10.058,-4.851,4.128,,,
[1758212867188263977],10.611,-5.248,4.396,,,
[1758212867193498248],10.482,-5.222,3.383,,,
[1758212867198729237],11.674,-5.837,3.333,,,
[1758212867203861529],11.15,-5.531,2.808,,,
[1758212867208977102],12.371,-5.71,2.962,,,
[1758212867214119133],10.927,-5.643,1.937,,,
[1758212867219232362],12.562,-6.017,2.071,,,
[1758212867224346269],11.037,-5.538,1.482,,,
[1758212867229463560],11.679,-5.394,1.192,,,
[1758212867234604029],10.396,-4.951,0.819,,,
[1758212867239863039],10.704,-4.894,0.905,,,
[1758212867245095748],8.978,-4.298,-0.34,,,
[1758212867250218508],10.484,-4.386,-0.218,,,
[1758212867255373300],8.624,-4.381,-0.187,,,
[1758212867261779185],8.897,-3.773,-0.421,,,
[1758212867266997623],7.944,-3.713,0.05,,,
[1758212867272069914],8.186,-3.405,0.52,,,
[1758212867277215279],7.07,-3.33,0.905,,,
[1758212867282345644],7.271,-3.361,1.549,,,
[1758212867287453977],6.835,-3.227,2.152,,,
[1758212867293183612],6.682,-2.761,2.337,,,
[1758212867298349289],7.173,-3.294,2.619,,,
[1758212867303465227],6.838,-3.148,2.634,,,
[1758212867308570800],7.738,-3.941,3.321,,,
[1758212867313700331],8.305,-4.068,3.508,,,
[1758212867318801998],8.856,-4.262,3.84,,,
[1758212867323916373],8.382,-4.41,4.223,,,
[1758212867329020175],9.723,-4.597,4.772,,,
[1758212867334156425],8.839,-4.518,5.121,,,
[1758212867339328977],10.496,-5.155,4.748,,,
[1758212867344528873],9.766,-5.136,4.283,,,
[1758212867349638144],11.131,-5.377,4.13,,,
[1758212867354768873],10.472,-5.449,3.321,,,
[1758212867359879289],12.337,-5.835,2.749,,,
[1758212867365017154],10.678,-5.82,2.224,,,
[1758212867372909550],11.806,-5.686,1.408,,,
[1758212867378394446],12.206,-6.043,1.439,,,
[1758212867383523560],11.439,-5.176,0.797,,,
[1758212867388662831],11.32,-5.224,1.087,,,
[1758212867393850435],10.099,-4.724,0.56,,,
[1758212867399295592],10.628,-4.683,0.563,,,
[1758212867404436685],9.242,-4.31,0.048,,,
[1758212867409551842],10.101,-4.451,-0.144,,,
[1758212867414694081],8.2,-4.005,-0.357,,,
[1758212867419914081],9.304,-3.912,-0.206,,,
[1758212867425126373],7.568,-3.742,0.093,,,
[1758212867430230071],8.308,-3.654,0.443,,,
[1758212867435352831],6.457,-3.431,1.3,,,
[1758212867440473873],7.767,-3.266,1.549,,,
[1758212867445678144],6.261,-3.055,1.776,,,
[1758212867450777206],7.578,-3.144,2.456,,,
[1758212867455915904],6.093,-3.05,2.828,,,
[1758212867461035435],7.719,-3.357,3.105,,,
[1758212867466249498],7.257,-3.78,3.443,,,
[1758212867471377362],8.859,-4.053,3.512,,,
[1758212867477924394],8.44,-4.374,4.132,,,
[1758212867483155696],9.146,-4.434,4.317,,,
[1758212867488254289],9.687,-4.75,4.446,,,
[1758212867493441581],9.306,-4.666,4.199,,,
[1758212867498544602],10.47,-5.246,4.539,,,
[1758212867503682675],9.934,-4.932,4.092,,,
[1758212867509922258],11.502,-5.66,3.515,,,
[1758212867516403977],10.973,-5.763,3.179,,,
[1758212867521621060],12.048,-5.942,2.456,,,
[1758212867526752831],11.346,-5.837,1.923,,,
[1758212867531846269],12.524,-5.861,1.623,,,
[1758212867536941477],11.214,-5.681,1.396,,,
[1758212867542045227],11.842,-5.274,0.864,,,
[1758212867547235383],10.367,-4.997,0.955,,,
[1758212867552411112],9.996,-4.499,0.302,,,
[1758212867557556477],10.025,-4.707,0.328,,,
[1758212867562815071],9.857,-4.336,-0.218,,,
[1758212867567938977],8.918,-4.144,-0.098,,,
[1758212867573091373],8.954,-3.728,-0.69,,,
[1758212867578222623],8.672,-3.821,0.019,,,
[1758212867583684185],7.302,-3.247,-0.091,,,
[1758212867588796373],7.975,-3.464,0.702,,,
[1758212867593977883],7.082,-3.201,1.664,,,
[1758212867599099133],7.511,-3.297,1.812,,,
[1758212867604229341],6.752,-2.844,2.155,,,
[1758212867609323716],7.166,-3.364,2.875,,,
[1758212867614460644],6.251,-3.22,2.847,,,
[1758212867619589498],8.428,-3.725,3.721,,,
[1758212867625100852],7.41,-3.735,3.567,,,
[1758212867630233821],9.143,-4.276,3.603,,,
[1758212867635336321],8.009,-4.3,4.247,,,
[1758212867640471685],9.9,-4.48,4.231,,,
[1758212867645673873],8.751,-4.642,4.154,,,
[1758212867650767935],10.36,-4.942,4.549,,,
[1758212867655883300],9.601,-5.143,4.81,,,
[1758212867661003716],11.296,-5.313,4.525,,,
[1758212867666184550],10.57,-5.095,3.146,,,
[1758212867671329029],12.203,-5.614,3.108,,,
[1758212867676471164],10.781,-5.995,3.091,,,
[1758212867681590018],12.483,-5.547,2.131,,,
[1758212867686721425],11.569,-5.734,1.714,,,
[1758212867692392675],12.165,-5.725,0.996,,,
[1758212867698777050],11.586,-5.37,0.907,,,
[1758212867704010279],10.13,-4.81,0.512,,,
[1758212867709132987],10.276,-4.843,0.522,,,
[1758212867714290018],9.486,-4.322,-0.014,,,
[1758212867719416425],10.142,-4.489,-0.177,,,
[1758212867724564237],8.557,-4.128,-0.098,,,
[1758212867729726060],9.349,-4.032,-0.101,,,
[1758212867735142935],7.666,-3.771,-0.211,,,
[1758212867740293300],8.679,-3.929,0.419,,,
[1758212867745638456],6.642,-3.247,0.62,,,
[1758212867750771946],8.037,-3.28,1.377,,,
[1758212867755907102],6.541,-3.086,1.626,,,
[1758212867761053664],7.58,-3.019,2.035,,,
[1758212867766208508],6.158,-3.1,2.483,,,
[1758212867771313456],7.669,-3.326,2.698,,,
[1758212867776492831],6.845,-3.486,3.165,,,
[1758212867781634914],8.882,-4.231,3.373,,,
[1758212867786820748],7.901,-4.343,3.898,,,
[1758212867791907310],9.072,-4.271,4.231,,,
[1758212867797459289],9.05,-4.609,4.453,,,
[1758212867802764029],9.833,-4.571,4.298,,,
[1758212867807899498],9.498,-5.085,4.781,,,
[1758212867813079081],9.972,-4.975,4.183,,,
[1758212867818242414],11.044,-5.468,4.197,,,
[1758212867828284393],11.519,-5.693,2.622,,,
[1758212867833737310],11.583,-5.804,2.375,,,
[1758212867838988039],12.239,-5.839,2.009,,,
[1758212867845501373],10.901,-5.947,1.532,,,
[1758212867850722571],12.385,-5.974,1.034,,,
[1758212867855860800],10.465,-5.289,0.824,,,
[1758212867860978925],11.638,-4.738,0.51,,,
[1758212867866112675],9.507,-4.642,0.304,,,
[1758212867871204237],10.573,-4.496,-0.582,,,
[1758212867876423977],9.029,-4.35,0.105,,,
[1758212867881557883],9.852,-4.034,-0.101,,,
[1758212867886798716],8.056,-3.742,-0.263,,,
[1758212867892072935],8.813,-3.639,-0.292,,,
[1758212867897306425],7.566,-3.577,0.077,,,
[1758212867903861373],7.264,-3.326,1.135,,,
[1758212867910344602],7.946,-3.275,1.595,,,
[1758212867916705383],6.292,-3.067,2.284,,,
[1758212867921931425],7.369,-3.302,2.555,,,
[1758212867927037935],6.364,-3.189,2.638,,,
[1758212867932185695],8.04,-3.436,2.863,,,
[1758212867937295904],7.614,-4.044,3.67,,,
[1758212867942609029],8.753,-4.125,3.929,,,
[1758212867949045383],9.261,-4.451,4.092,,,
[1758212867954326841],8.559,-4.384,4.073,,,
[1758212867959452570],10.116,-4.81,4.724,,,
[1758212867964593039],9.299,-4.602,4.76,,,
[1758212867969701998],11.1,-5.128,4.784,,,
[1758212867974843039],10.058,-5.104,3.68,,,
[1758212867979966216],11.696,-5.602,3.443,,,
[1758212867985086945],10.671,-5.567,2.981,,,
[1758212867990215018],12.376,-5.868,2.48,,,
[1758212867995488091],11.174,-5.787,2.002,,,
[1758212868000607258],12.459,-6.067,1.547,,,
[1758212868005750487],10.884,-5.713,1.223,,,
[1758212868011226477],11.959,-5.195,0.953,,,
[1758212868016386320],10.001,-4.867,0.819,,,
[1758212868021545279],10.463,-4.726,0.472,,,
[1758212868026694550],9.318,-4.662,0.287,,,
[1758212868031774550],10.077,-4.305,-0.153,,,
[1758212868036864445],8.94,-4.154,-0.187,,,
[1758212868041982831],9.503,-4.089,-0.759,,,
[1758212868047223716],7.906,-3.864,0.206,,,
[1758212868052988873],7.956,-3.254,0.096,,,
[1758212868058278039],7.458,-3.426,1.192,,,
[1758212868063411112],7.427,-3.134,1.106,,,
[1758212868068535591],6.756,-3.144,1.705,,,
[1758212868073718352],6.539,-2.94,1.834,,,
[1758212868078863091],7.293,-3.294,2.337,,,
[1758212868083956633],6.807,-3.273,2.753,,,
[1758212868089314237],7.867,-3.692,3.486,,,
[1758212868094659237],7.499,-3.943,3.419,,,
[1758212868099869341],9.337,-4.472,3.754,,,
[1758212868104993508],8.368,-4.338,4.125,,,
[1758212868110132518],9.795,-4.638,4.499,,,
[1758212868115321841],8.598,-4.427,4.673,,,
[1758212868120820800],10.74,-5.1,4.831,,,
[1758212868126004966],9.689,-5.021,4.25,,,
[1758212868131114133],11.258,-5.334,3.658,,,
[1758212868136235956],10.096,-5.389,3.304,,,
[1758212868141332258],12.093,-5.871,3.017,,,
[1758212868146495539],10.827,-5.708,2.555,,,
[1758212868151650643],12.519,-5.878,2.109,,,
[1758212868156858560],11.353,-5.887,1.879,,,
[1758212868162167831],12.057,-5.787,1.271,,,
[1758212868167765904],11.114,-5.368,1.08,,,
[1758212868173024914],10.625,-4.875,0.656,,,
[1758212868178184550],9.85,-4.803,0.543,,,
[1758212868183302779],10.247,-4.329,0.101,,,
[1758212868188428195],9.725,-4.367,-0.005,,,
[1758212868193647518],9.151,-4.034,-0.285,,,
[1758212868198770227],8.724,-3.881,-0.261,,,
[1758212868203933456],7.925,-3.697,-0.699,,,
[1758212868209185539],8.44,-3.74,0.247,,,
[1758212868214412622],7.336,-3.259,0.728,,,
[1758212868219515383],7.673,-3.304,1.391,,,
[1758212868224656060],6.455,-3.168,1.978,,,
[1758212868230264914],7.748,-3.168,2.322,,,
[1758212868235410956],6.242,-2.983,2.361,,,
[1758212868240496685],7.702,-3.627,2.885,,,
[1758212868245661112],6.694,-3.543,3.345,,,
[1758212868250803091],8.861,-4.288,3.182,,,
[1758212868255993508],7.992,-4.195,3.539,,,
[1758212868261131320],9.553,-4.59,3.716,,,
[1758212868266298820],8.507,-4.393,4.135,,,
[1758212868271466268],10.223,-4.669,3.888,,,
[1758212868277354289],9.572,-5.095,4.635,,,
[1758212868282580904],10.594,-5.083,4.681,,,
[1758212868287712622],10.132,-5.27,4.353,,,
[1758212868292958560],11.37,-5.191,3.639,,,
[1758212868298115643],11.542,-5.804,2.916,,,
[1758212868303286841],11.602,-5.488,2.2,,,
[1758212868308405799],11.851,-6.12,2.401,,,
[1758212868313579914],11.825,-5.567,1.688,,,
[1758212868318885904],11.988,-5.789,1.621,,,
[1758212868324006893],11.36,-5.267,0.898,,,
[1758212868329144497],11.011,-5.183,0.939,,,
[1758212868334447154],9.38,-4.573,0.426,,,
[1758212868339921893],10.266,-4.626,0.113,,,
[1758212868345135852],8.942,-4.329,0.124,,,
[1758212868350326789],9.685,-4.168,-0.22,,,
[1758212868355486372],7.934,-3.754,-0.239,,,
[1758212868360664393],8.935,-4.046,-0.019,,,
[1758212868365930122],7.108,-3.438,-0.01,,,
[1758212868371091320],8.365,-3.476,0.39,,,
[1758212868376311581],6.428,-3.244,1.745,,,
[1758212868381439914],7.647,-3.187,1.832,,,
[1758212868387894237],6.541,-3.199,2.361,,,
[1758212868393193768],7.096,-3.182,2.693,,,
[1758212868398323456],6.541,-3.613,3.242,,,
[1758212868403467987],7.769,-3.51,3.184,,,
[1758212868408585956],8.782,-4.197,2.931,,,
[1758212868413707414],8.6,-4.245,3.804,,,
[1758212868418825695],8.911,-4.709,4.357,,,
[1758212868423979758],9.031,-4.331,4.357,,,
[1758212868429149133],9.931,-4.891,4.968,,,
[1758212868434377206],9.857,-4.721,4.69,,,
[1758212868439534029],10.798,-5.255,4.7,,,
[1758212868445083664],10.013,-5.186,4.226,,,
[1758212868450244445],11.82,-5.653,3.177,,,
[1758212868455422049],10.798,-5.65,2.727,,,
[1758212868460544654],12.402,-5.928,2.2,,,
[1758212868465695695],10.951,-5.574,1.724,,,
[1758212868470810018],12.56,-5.906,1.894,,,
[1758212868475990227],11.162,-5.634,1.408,,,
[1758212868481120591],12.06,-5.648,1.128,,,
[1758212868486286372],9.792,-4.779,1.068,,,
[1758212868491540174],10.664,-4.568,0.491,,,
[1758212868497140435],9.376,-4.377,0.275,,,
[1758212868502412518],10.096,-4.252,-0.165,,,
[1758212868507584914],8.729,-4.166,-0.263,,,
[1758212868512820956],8.935,-3.742,-0.261,,,
[1758212868517978195],8.107,-3.735,0.093,,,
[1758212868523119601],8.092,-3.46,0.287,,,
[1758212868528232154],7.271,-3.558,1.037,,,
[1758212868533436372],7.216,-3.021,1.252,,,
[1758212868538675435],7.226,-3.191,1.846,,,
[1758212868546077518],5.887,-2.99,2.265,,,
[1758212868552587779],7.628,-3.17,3.278,,,
[1758212868559144601],8.052,-3.776,3.488,,,
[1758212868564388143],8.061,-3.97,3.531,,,
[1758212868569500643],9.005,-4.326,3.812,,,
[1758212868574645956],8.554,-4.365,4.417,,,
[1758212868579807466],9.828,-4.597,5.028,,,
[1758212868584952206],9.019,-4.786,4.487,,,
[1758212868590068143],10.463,-5.162,4.647,,,
[1758212868595297101],9.57,-4.99,4.137,,,
[1758212868600430956],11.372,-5.234,3.84,,,
[1758212868606057362],10.537,-5.423,2.931,,,
[1758212868611205487],12.088,-5.964,2.897,,,
[1758212868616356633],10.783,-5.696,2.485,,,
[1758212868621458143],12.347,-6.002,1.98,,,
[1758212868626593716],11.066,-5.734,1.551,,,
[1758212868631711685],12.474,-5.703,1.214,,,
[1758212868636846529],10.783,-5.418,1.113,,,
[1758212868641995591],11.119,-4.846,0.455,,,
[1758212868647327466],9.622,-4.681,0.632,,,
[1758212868652580018],10.343,-4.52,-0.407,,,
[1758212868657746529],8.916,-4.484,-0.11,,,
[1758212868663312154],9.215,-4.108,-0.232,,,
[1758212868668515851],8.748,-3.845,-0.139,,,
[1758212868673650018],8.384,-3.603,-0.065,,,
[1758212868678816112],7.592,-3.587,0.254,,,
[1758212868683977101],7.046,-2.928,0.86,,,
[1758212868689113299],7.695,-3.486,1.666,,,
[1758212868695385018],6.225,-2.942,1.834,,,
[1758212868700615018],7.582,-3.359,2.471,,,
[1758212868705756112],6.105,-3.163,2.713,,,
[1758212868711279706],8.028,-3.263,2.84,,,
[1758212868716452154],7.053,-3.699,3.316,,,
[1758212868721574862],9.124,-4.403,3.349,,,
[1758212868726681581],8.04,-4.348,4.044,,,
[1758212868731796789],9.505,-4.518,4.207,,,
[1758212868737065383],8.724,-4.638,4.326,,,
[1758212868742495591],10.104,-4.705,4.875,,,
[1758212868747926528],9.493,-5.057,4.575,,,
[1758212868753088872],10.795,-5.042,3.859,,,
[1758212868758206372],10.965,-5.466,4.357,,,
[1758212868763343091],11.272,-5.315,3.242,,,
[1758212868768913560],11.43,-5.926,2.466,,,
[1758212868774122935],11.619,-5.748,2.251,,,
[1758212868779355331],12.385,-5.832,1.923,,,
[1758212868784671685],11.454,-5.526,0.965,,,
[1758212868789815018],11.942,-5.543,1.221,,,
[1758212868795064341],10.585,-5.088,1.025,,,
[1758212868800169862],11.059,-4.877,0.709,,,
[1758212868805302049],9.29,-4.63,0.39,,,
[1758212868810454185],10.575,-4.583,0.0,,,
[1758212868815620591],8.746,-4.389,-0.184,,,
[1758212868821232049],9.778,-4.235,-0.445,,,
[1758212868827288091],8.267,-3.615,-0.034,,,
[1758212868832535383],8.092,-3.531,-0.299,,,
[1758212868837635278],7.178,-3.457,0.429,,,
[1758212868843337831],7.508,-3.069,1.25,,,
[1758212868848566476],7.209,-3.28,1.992,,,
[1758212868853709914],6.737,-3.065,1.899,,,
[1758212868858842883],6.9,-3.361,2.825,,,
[1758212868864025487],7.192,-2.851,2.861,,,
[1758212868869184341],7.494,-3.67,3.091,,,
[1758212868874703872],7.468,-4.101,3.069,,,
[1758212868879838039],9.136,-4.578,4.233,,,
[1758212868884989653],8.308,-3.986,3.819,,,
[1758212868890170799],9.67,-4.48,4.283,,,
[1758212868895384081],8.957,-4.805,4.659,,,
[1758212868900491841],10.056,-4.93,4.458,,,
[1758212868905661060],9.438,-4.887,4.154,,,
[1758212868910780695],11.308,-5.27,4.288,,,
[1758212868915996008],10.005,-5.198,3.759,,,
[1758212868921241893],11.82,-5.756,2.856,,,
[1758212868926806789],10.862,-5.808,2.315,,,
[1758212868931941737],12.495,-5.856,2.116,,,
[1758212868937086216],11.416,-5.792,1.518,,,
[1758212868942249393],12.524,-6.036,1.592,,,
[1758212868947512883],10.745,-5.624,1.398,,,
[1758212868952730122],11.243,-5.131,0.788,,,
[1758212868957930383],10.048,-4.793,0.486,,,
[1758212868963114445],10.027,-4.451,-0.026,,,
[1758212868968316633],9.337,-4.422,-0.453,,,
[1758212868973465955],9.5,-4.003,-0.792,,,
[1758212868978612362],9.153,-4.154,-0.338,,,
[1758212868984247987],8.253,-3.699,-0.673,,,
[1758212868989451633],8.08,-3.687,-0.347,,,
[1758212868995807518],6.756,-3.256,0.565,,,
[1758212869001048403],8.2,-3.381,1.01,,,
[1758212869006175174],6.196,-3.218,1.551,,,
[1758212869011282570],7.415,-3.108,1.798,,,
[1758212869016440070],5.89,-3.141,2.682,,,
[1758212869021541216],7.712,-3.141,2.883,,,
[1758212869026649810],6.567,-3.455,3.481,,,
[1758212869032712830],8.636,-4.02,3.342,,,
[1758212869037963351],8.499,-4.537,3.967,,,
[1758212869043240695],9.294,-4.175,4.377,,,
[1758212869048343560],8.902,-4.707,4.563,,,
[1758212869053469653],9.369,-4.551,4.118,,,
[1758212869058578351],9.278,-5.171,4.848,,,
[1758212869063689393],10.709,-4.887,4.472,,,
[1758212869068852466],10.879,-5.332,3.711,,,
[1758212869074007778],10.546,-5.308,3.175,,,
[1758212869079190122],11.612,-5.854,2.787,,,
[1758212869084421320],11.507,-5.54,2.334,,,
[1758212869089987883],12.529,-5.897,2.04,,,
[1758212869095238820],11.104,-5.672,1.551,,,
[1758212869100366476],12.347,-5.701,1.377,,,
[1758212869105509810],10.774,-5.248,0.436,,,
[1758212869110664549],11.602,-5.025,0.711,,,
[1758212869115796424],9.553,-4.453,0.445,,,
[1758212869120949341],10.566,-4.616,0.273,,,
[1758212869126140955],8.787,-4.183,-0.297,,,
[1758212869131385122],9.967,-4.413,-0.687,,,
[1758212869136582310],7.843,-3.929,0.057,,,
[1758212869142066216],8.844,-3.919,0.079,,,
[1758212869148346789],7.587,-3.383,0.338,,,
[1758212869153597205],7.805,-3.158,0.788,,,
[1758212869158706112],6.924,-3.359,1.755,,,
[1758212869163809549],7.034,-2.863,1.82,,,
[1758212869168899862],6.711,-3.127,2.224,,,
[1758212869174024653],6.697,-2.911,2.583,,,
[1758212869179145539],7.532,-3.249,3.163,,,
[1758212869184313143],7.269,-3.646,2.942,,,
[1758212869189431320],8.389,-4.168,3.63,,,
[1758212869196139393],8.076,-4.211,3.941,,,
[1758212869201357257],9.653,-4.527,4.049,,,
[1758212869206462414],8.665,-4.511,4.056,,,
[1758212869211609393],9.967,-4.961,4.463,,,
[1758212869216761997],9.527,-4.793,4.638,,,
[1758212869221868351],11.042,-5.176,4.451,,,
[1758212869227004653],9.948,-5.179,3.797,,,
[1758212869232158612],11.722,-5.521,2.919,,,
[1758212869237339185],10.992,-5.794,3.041,,,
[1758212869242653299],12.122,-5.72,2.301,,,
[1758212869248211268],11.624,-5.89,2.136,,,
[1758212869253394914],11.861,-5.737,1.743,,,
[1758212869258512882],11.432,-5.576,1.544,,,
[1758212869263652362],11.308,-5.174,1.221,,,
[1758212869268770226],10.427,-4.841,0.718,,,
[1758212869273926789],9.828,-4.501,0.213,,,
[1758212869279030122],9.864,-4.745,0.045,,,
[1758212869284236216],9.847,-4.175,-0.402,,,
[1758212869289459289],9.342,-4.161,-0.529,,,
[1758212869294753039],8.313,-3.941,-0.97,,,
[1758212869300213664],8.823,-3.836,0.266,,,
[1758212869305414810],7.01,-3.134,0.354,,,
[1758212869310565226],8.272,-3.46,1.037,,,
[1758212869315710382],6.486,-3.323,1.592,,,
[1758212869320827101],7.556,-3.132,1.853,,,
[1758212869325933091],6.031,-2.919,2.593,,,
[1758212869331103664],7.499,-3.632,2.756,,,
[1758212869368759393],9.596,-5.045,4.475,,,
[1758212869373959341],10.355,-4.724,4.396,,,
[1758212869379122414],10.42,-5.277,4.178,,,
[1758212869383784914],10.714,-5.006,3.718,,,
[1758212869388343872],11.303,-5.523,3.165,,,
[1758212869393060226],11.487,-5.411,2.571,,,
[1758212869397577726],11.114,-5.942,2.614,,,
[1758212869402231893],12.067,-5.646,1.796,,,
[1758212869407941164],11.456,-5.861,1.453,,,
[1758212869412638559],12.23,-5.717,1.774,,,
[1758212869417145851],10.944,-5.315,1.269,,,
[1758212869421696007],11.775,-5.329,0.5,,,
[1758212869426231789],9.464,-4.544,0.857,,,
[1758212869430746997],10.285,-4.614,-0.06,,,
[1758212869435269705],9.256,-4.413,-0.467,,,
[1758212869439796216],10.324,-4.592,0.163,,,
[1758212869444625018],8.468,-4.226,-0.678,,,
[1758212869449183559],8.995,-4.092,-0.62,,,
[1758212869453718455],8.349,-3.598,0.017,,,
[1758212869458223455],8.04,-3.666,0.546,,,
[1758212869462772882],8.119,-3.122,0.393,,,
[1758212869467293612],7.046,-3.235,1.341,,,
[1758212869471910174],7.666,-3.254,1.353,,,
[1758212869476455018],6.285,-2.964,1.482,,,
[1758212869481423820],7.681,-3.199,1.92,,,
[1758212869486635487],6.4,-3.237,2.746,,,
[1758212869492265591],7.776,-3.405,2.854,,,
[1758212869497493559],7.003,-3.881,3.596,,,
[1758212869502657882],8.973,-4.113,3.721,,,
[1758212869509070955],8.811,-4.48,3.888,,,
[1758212869514368612],8.624,-4.379,3.862,,,
[1758212869519484184],9.357,-4.875,4.547,,,
[1758212869524620278],9.538,-4.535,4.571,,,
[1758212869529723768],10.259,-5.116,4.48,,,
[1758212869534821164],9.728,-5.198,3.977,,,
[1758212869539931789],11.27,-5.72,4.233,,,
[1758212869545153976],10.647,-5.437,3.479,,,
[1758212869550336841],12.251,-5.701,3.089,,,
[1758212869555561164],11.159,-5.787,2.66,,,
[1758212869560759289],12.325,-5.942,1.949,,,
[1758212869565945539],11.097,-5.72,1.683,,,
[1758212869571126268],12.333,-5.672,1.322,,,
[1758212869576291424],10.381,-5.215,0.625,,,
[1758212869581397362],11.262,-5.128,0.634,,,
[1758212869586565955],9.045,-4.743,0.065,,,
[1758212869591681684],10.628,-4.65,-0.156,,,
[1758212869596890382],8.631,-4.386,-0.294,,,
[1758212869602453716],9.483,-4.214,-0.397,,,
[1758212869607617101],8.174,-3.797,-0.225,,,
[1758212869612874497],9.158,-3.584,0.285,,,
[1758212869618375174],7.453,-3.519,0.67,,,
[1758212869623543768],7.618,-3.136,0.838,,,
[1758212869628647518],6.867,-3.1,1.879,,,
[1758212869633821059],7.475,-2.842,1.767,,,
[1758212869638934914],6.675,-3.12,2.291,,,
[1758212869644256893],6.498,-3.007,2.382,,,
[1758212869649480486],7.355,-3.632,3.002,,,
[1758212869654619132],7.623,-3.546,3.589,,,
[1758212869659731997],8.619,-4.154,3.938,,,
[1758212869664859341],8.71,-4.226,3.582,,,
[1758212869669993976],9.263,-4.606,4.293,,,
[1758212869675104497],8.765,-4.429,4.049,,,
[1758212869680237466],10.262,-4.851,4.451,,,
[1758212869685469341],9.299,-4.915,4.161,,,
[1758212869690669497],10.755,-5.442,4.745,,,
[1758212869695874289],9.936,-5.088,3.78,,,
[1758212869700994445],11.863,-5.794,3.165,,,
[1758212869706127622],10.657,-5.646,2.842,,,
[1758212869711698924],12.246,-6.105,2.234,,,
[1758212869716926684],11.147,-5.643,2.09,,,
[1758212869722067570],12.567,-5.777,1.654,,,
[1758212869727615747],11.303,-5.65,1.415,,,
[1758212869732797153],11.77,-5.255,0.788,,,
[1758212869737925330],10.027,-4.707,1.018,,,
[1758212869743198403],10.534,-4.357,0.292,,,
[1758212869748324393],9.546,-4.597,0.048,,,
[1758212869753651320],9.486,-4.278,0.244,,,
[1758212869758825799],8.753,-4.034,-0.419,,,
[1758212869763914549],8.993,-3.828,-0.637,,,
[1758212869769012257],8.272,-3.965,0.395,,,
[1758212869774198195],8.078,-3.175,-0.151,,,
[1758212869779312778],7.477,-3.541,0.603,,,
[1758212869784567986],6.946,-3.34,1.317,,,
[1758212869789758872],7.444,-3.194,1.87,,,
[1758212869795106216],6.637,-2.823,2.318,,,
[1758212869800329132],7.173,-3.256,2.684,,,
[1758212869805447830],6.644,-3.311,2.634,,,
[1758212869810553611],8.519,-3.915,3.632,,,
[1758212869815717309],7.633,-3.886,3.496,,,
[1758212869822223299],9.222,-4.489,3.768,,,
[1758212869828579914],9.12,-4.683,4.037,,,
[1758212869834133403],9.639,-4.676,4.211,,,
[1758212869839277830],9.61,-5.102,4.429,,,
[1758212869845550122],9.567,-5.15,4.281,,,
[1758212869850767257],11.562,-5.394,4.41,,,
[1758212869855867309],10.467,-5.272,3.4,,,
[1758212869860981268],11.847,-5.918,3.364,,,
[1758212869866142153],10.817,-5.617,2.442,,,
[1758212869871263351],12.414,-5.914,2.057,,,
[1758212869876400018],11.157,-5.722,1.736,,,
[1758212869881525174],12.368,-5.698,1.013,,,
[1758212869886721528],10.453,-5.217,0.989,,,
[1758212869891961216],11.38,-4.803,0.577,,,
[1758212869897405070],9.383,-4.642,0.493,,,
[1758212869902621320],10.3,-4.518,-0.139,,,
[1758212869907750538],9.031,-4.264,0.141,,,
[1758212869913000955],9.574,-4.31,-0.151,,,
[1758212869918118195],8.576,-3.857,-0.558,,,
[1758212869923274601],9.057,-3.855,0.268,,,
[1758212869928681476],7.906,-3.642,0.721,,,
[1758212869933836111],7.525,-3.122,0.915,,,
[1758212869940172413],7.796,-3.335,1.563,,,
[1758212869945641893],6.505,-3.017,1.559,,,
[1758212869950770382],7.47,-3.213,2.883,,,
[1758212869955894601],5.981,-3.012,2.804,,,
[1758212869961032570],7.977,-3.51,2.902,,,
[1758212869966186216],6.917,-3.654,3.136,,,
[1758212869971279705],8.978,-4.408,3.879,,,
[1758212869976407934],7.934,-4.025,3.972,,,
[1758212869981600747],9.397,-4.307,4.027,,,
[1758212869986798768],8.531,-4.477,4.391,,,
[1758212869992018820],9.981,-4.729,4.195,,,
[1758212869997220955],9.079,-4.767,4.42,,,
[1758212870002432622],11.023,-5.334,4.348,,,
[1758212870007570955],10.19,-5.325,3.464,,,
[1758212870012785070],11.55,-5.452,3.529,,,
[1758212870017899184],10.781,-5.887,3.385,,,
[1758212870023029705],12.218,-5.648,2.952,,,
[1758212870028116736],11.289,-5.787,2.385,,,
[1758212870033303038],12.048,-5.974,1.815,,,
[1758212870039908038],11.76,-5.677,1.08,,,
[1758212870047713924],10.312,-5.092,0.366,,,
[1758212870053906580],10.475,-4.666,0.105,,,
[1758212870059593403],9.874,-4.726,0.069,,,
[1758212870064780695],9.522,-4.338,-0.649,,,
[1758212870069918611],9.354,-4.47,-0.184,,,
[1758212870075088455],8.188,-3.905,-0.263,,,
[1758212870080210955],8.806,-3.785,-0.199,,,
[1758212870085361372],7.47,-3.529,-0.204,,,
[1758212870090541111],8.157,-3.405,1.051,,,
[1758212870095803820],6.84,-3.153,1.235,,,
[1758212870101079601],7.422,-3.261,1.836,,,
[1758212870106248247],5.928,-3.05,2.349,,,
[1758212870111355538],7.578,-3.103,2.758,,,
[1758212870116508195],6.129,-3.151,2.648,,,
[1758212870121624705],8.042,-3.926,3.151,,,
[1758212870126802518],7.144,-3.847,3.857,,,
[1758212870131893976],9.275,-4.252,3.421,,,
[1758212870137046840],8.083,-4.324,4.046,,,
[1758212870142235174],9.948,-4.492,3.857,,,
[1758212870149008768],9.093,-4.889,4.317,,,
[1758212870155328507],9.618,-4.927,4.59,,,
[1758212870160575174],11.198,-5.492,4.436,,,
[1758212870165720799],10.331,-5.356,3.261,,,
[1758212870170833768],11.847,-5.765,3.656,,,
[1758212870175973247],10.788,-5.705,2.804,,,
[1758212870181059393],12.409,-5.847,2.109,,,
[1758212870186156059],11.332,-5.739,1.7,,,
[1758212870191255955],12.428,-5.986,1.144,,,
[1758212870196525538],10.891,-5.629,1.176,,,
[1758212870201692726],11.976,-5.552,1.276,,,
[1758212870206819080],9.84,-4.973,0.996,,,
[1758212870211925174],10.647,-4.863,-0.017,,,
[1758212870217070174],8.873,-4.496,-0.101,,,
[1758212870222227205],10.238,-4.365,-0.036,,,
[1758212870227381320],8.569,-4.065,-0.259,,,
[1758212870232575070],9.033,-3.852,-0.821,,,
[1758212870237713507],7.784,-3.785,0.139,,,
[1758212870242944340],8.677,-3.474,0.347,,,
[1758212870248480538],7.104,-3.335,0.69,,,
[1758212870253737622],7.343,-3.144,1.516,,,
[1758212870258856632],6.924,-3.093,1.978,,,
[1758212870263969965],7.14,-3.029,1.954,,,
[1758212870269115538],6.598,-3.024,2.646,,,
[1758212870274290695],7.307,-3.33,2.935,,,
[1758212870279404601],7.238,-4.058,3.503,,,
[1758212870284640226],7.925,-3.984,3.357,,,
[1758212870289799392],9.184,-4.405,3.972,,,
[1758212870295079965],8.598,-4.417,4.092,,,
[1758212870300326476],9.481,-4.666,4.436,,,
[1758212870305461892],9.328,-4.664,4.314,,,
[1758212870310601424],10.786,-5.215,4.831,,,
[1758212870315812257],9.809,-5.203,4.254,,,
[1758212870320908455],11.21,-5.37,3.986,,,
[1758212870326019913],10.434,-5.26,3.165,,,
[1758212870331121320],12.016,-5.717,2.54,,,
[1758212870339328299],11.581,-5.746,2.164,,,
[1758212870345760955],11.119,-5.657,1.642,,,
[1758212870351022986],12.33,-5.698,1.472,,,
[1758212870357557465],10.669,-5.121,1.269,,,
[1758212870362920434],10.891,-4.824,0.927,,,
[1758212870368037361],9.227,-4.602,0.565,,,
[1758212870373183976],10.532,-4.587,0.077,,,
[1758212870378299497],8.921,-4.372,-0.065,,,
[1758212870383474601],9.517,-4.12,-0.261,,,
[1758212870388629757],8.26,-4.01,0.081,,,
[1758212870393886840],8.373,-3.524,-0.373,,,
[1758212870399025538],7.894,-3.737,0.249,,,
[1758212870404221111],7.697,-3.294,0.702,,,
[1758212870409342830],6.905,-3.242,1.398,,,
[1758212870414456892],7.118,-2.873,1.468,,,
[1758212870419568351],6.661,-3.278,2.107,,,
[1758212870424709445],6.759,-2.907,2.643,,,
[1758212870429818299],7.403,-3.503,3.057,,,
[1758212870434974913],7.156,-3.417,2.734,,,
[1758212870440144445],8.559,-4.254,3.352,,,
[1758212870445390486],8.423,-3.994,3.646,,,
[1758212870450553247],9.428,-4.621,4.319,,,
[1758212870455732413],8.732,-4.544,4.199,,,
[1758212870461312517],10.276,-4.872,4.836,,,
[1758212870466585434],9.263,-4.865,4.118,,,
[1758212870471760122],11.023,-5.229,4.307,,,
[1758212870476942361],9.823,-5.176,3.606,,,
[1758212870482087309],11.818,-5.638,3.496,,,
[1758212870487260278],10.738,-5.739,2.907,,,
[1758212870492469392],12.151,-5.887,2.286,,,
[1758212870498816007],11.451,-6.069,1.693,,,
[1758212870505280122],11.416,-5.72,1.156,,,
[1758212870510543194],11.942,-5.607,1.204,,,
[1758212870515706736],10.621,-5.203,1.046,,,
[1758212870520833872],10.635,-4.946,1.063,,,
[1758212870525975330],9.17,-4.345,-0.093,,,
[1758212870531096736],10.582,-4.606,0.093,,,
[1758212870536212934],8.765,-4.336,0.117,,,
[1758212870541337830],9.615,-4.164,0.065,,,
[1758212870546777257],8.056,-3.728,-0.69,,,
[1758212870551925434],9.301,-3.709,0.041,,,
[1758212870557056997],7.015,-3.33,0.907,,,
[1758212870562244705],8.404,-3.352,0.95,,,
[1758212870567771267],6.591,-3.232,1.633,,,
[1758212870574046267],7.712,-2.94,2.155,,,
[1758212870579439757],6.95,-3.098,3.002,,,
[1758212870584655799],6.754,-3.031,2.916,,,
[1758212870589795174],7.049,-3.792,3.287,,,
[1758212870595262049],7.468,-3.857,3.321,,,
[1758212870600397569],8.995,-4.326,4.243,,,
[1758212870605532882],8.042,-4.245,4.147,,,
[1758212870610652934],9.637,-4.549,4.341,,,
[1758212870615832101],9.021,-4.594,4.748,,,
[1758212870621097622],10.271,-5.049,4.614,,,
[1758212870626306528],9.529,-4.908,4.056,,,
[1758212870631454340],11.107,-5.48,4.044,,,
[1758212870636603090],10.554,-5.265,3.95,,,
[1758212870641751372],12.165,-5.741,3.321,,,
[1758212870648127205],10.92,-5.914,2.569,,,
[1758212870654515903],11.779,-5.619,1.887,,,
[1758212870660049392],12.148,-5.878,1.748,,,
[1758212870665251267],11.789,-5.48,0.919,,,
[1758212870670377569],11.562,-5.418,1.113,,,
[1758212870675520174],10.029,-4.621,0.318,,,
[1758212870682823403],10.563,-4.659,-0.019,,,
[1758212870688211267],9.268,-4.422,-0.314,,,
[1758212870693426840],9.589,-4.171,-0.196,,,
[1758212870698550955],8.313,-4.288,-0.302,,,
[1758212870703681580],8.954,-3.67,-0.213,,,
[1758212870708789809],7.913,-3.713,0.273,,,
[1758212870713928299],7.922,-3.51,0.366,,,
[1758212870719056528],6.931,-3.431,1.207,,,
[1758212870724198038],7.515,-2.959,1.614,,,
[1758212870729302101],6.876,-3.175,1.812,,,
[1758212870734410278],6.907,-2.954,2.083,,,
[1758212870739507569],7.003,-3.551,3.117,,,
[1758212870744919809],7.235,-3.318,3.349,,,
[1758212870750048611],8.076,-3.79,3.474,,,
[1758212870755184184],8.253,-3.962,3.359,,,
[1758212870760324392],8.772,-4.626,4.252,,,
[1758212870765453246],8.803,-4.14,4.3,,,
[1758212870770538611],10.022,-4.609,4.345,,,
[1758212870775653507],8.961,-4.616,4.401,,,
[1758212870780760121],10.487,-5.1,4.731,,,
[1758212870786306684],9.96,-5.054,4.123,,,
[1758212870791583246],11.681,-5.523,3.567,,,
[1758212870796790538],10.582,-5.66,2.806,,,
[1758212870801906319],12.098,-6.206,2.926,,,
[1758212870807058507],11.006,-5.804,2.152,,,
[1758212870812227049],12.835,-5.897,1.578,,,
[1758212870817419444],11.2,-5.789,1.518,,,
[1758212870822660642],11.949,-5.6,0.852,,,
[1758212870827903819],10.376,-5.066,0.713,,,
[1758212870833134653],10.91,-4.736,0.479,,,
[1758212870838285955],9.632,-4.597,0.321,,,
[1758212870843484340],10.305,-4.322,0.053,,,
[1758212870848589653],8.825,-4.472,0.017,,,
[1758212870853744965],9.105,-4.07,0.302,,,
[1758212870858852986],8.523,-3.991,0.105,,,
[1758212870863997361],8.243,-3.426,-0.426,,,
[1758212870869169080],7.535,-3.622,0.302,,,
[1758212870874266736],7.614,-3.338,0.929,,,
[1758212870879389028],7.08,-3.256,1.334,,,
[1758212870884604913],7.29,-2.916,1.463,,,
[1758212870890208038],7.005,-3.235,2.749,,,
[1758212870895493976],6.448,-3.105,2.54,,,
[1758212870900690851],7.518,-3.486,3.285,,,
[1758212870905830069],7.13,-3.826,3.596,,,
[1758212870910949340],9.045,-4.341,3.836,,,
[1758212870916179809],8.157,-4.381,3.864,,,
[1758212870921319705],9.51,-4.549,3.931,,,
[1758212870926447778],8.753,-4.523,4.611,,,
[1758212870931582934],10.245,-4.901,4.228,,,
[1758212870936844548],9.273,-4.93,4.118,,,
[1758212870941963559],11.198,-5.181,4.07,,,
[1758212870947162465],9.998,-5.071,4.192,,,
[1758212870952364705],11.741,-5.701,3.613,,,
[1758212870957548611],10.357,-5.624,2.885,,,
[1758212870962730694],12.136,-5.871,2.334,,,
[1758212870967872205],11.229,-5.811,2.028,,,
[1758212870973021423],12.51,-5.808,1.942,,,
[1758212870978124236],10.994,-5.6,1.437,,,
[1758212870983284809],11.605,-5.207,0.479,,,
[1758212870988420694],10.154,-4.834,0.211,,,
[1758212870993688559],10.807,-4.563,0.247,,,
[1758212870999329080],9.412,-4.525,0.136,,,
[1758212871004608246],9.292,-4.178,-0.328,,,
[1758212871009736423],8.942,-4.159,-0.326,,,
[1758212871014875121],9.048,-3.632,-0.381,,,
[1758212871020054601],7.973,-3.967,0.326,,,
[1758212871025186632],7.353,-3.385,0.247,,,
[1758212871030347673],8.188,-3.417,0.943,,,
[1758212871035546892],7.037,-3.108,1.188,,,
[1758212871040681944],7.468,-3.043,1.896,,,
[1758212871045974809],6.285,-3.189,2.538,,,
[1758212871051090538],7.336,-3.318,2.897,,,
[1758212871056249757],6.455,-3.077,3.287,,,
[1758212871061334705],8.238,-3.934,3.761,,,
[1758212871066439236],7.508,-4.104,3.577,,,
[1758212871071549184],9.17,-4.353,3.893,,,
[1758212871076730642],8.279,-4.185,3.728,,,
[1758212871081835746],9.965,-4.606,4.415,,,
[1758212871087003767],8.442,-4.458,4.417,,,
[1758212871092240069],10.295,-4.908,4.085,,,
[1758212871097498403],9.867,-5.2,3.996,,,
[1758212871103877621],11.487,-5.286,3.85,,,
[1758212871109265330],10.585,-5.753,3.326,,,
[1758212871114954601],11.463,-5.744,2.342,,,
[1758212871120079653],11.928,-5.935,2.27,,,
[1758212871125197413],12.158,-5.605,1.844,,,
[1758212871130306996],11.892,-6.088,1.48,,,
[1758212871135426163],11.059,-5.497,0.622,,,
[1758212871140542309],11.538,-5.318,0.8,,,
[1758212871145729600],10.206,-4.7,0.026,,,
[1758212871150863455],10.329,-4.719,0.503,,,
[1758212871156156267],9.263,-4.29,-0.634,,,
[1758212871161344496],9.962,-4.458,-0.247,,,
[1758212871166483819],8.358,-4.149,-0.316,,,
[1758212871171647569],9.519,-3.871,0.194,,,
[1758212871176829132],7.393,-3.802,-0.002,,,
[1758212871181950903],8.428,-3.598,0.33,,,
[1758212871187127569],6.642,-3.112,1.058,,,
[1758212871192464809],7.685,-3.251,1.7,,,
[1758212871197932517],6.184,-2.962,1.611,,,
[1758212871203060173],7.482,-3.124,2.217,,,
[1758212871208180017],6.357,-3.091,2.569,,,
[1758212871213642621],7.59,-3.285,2.935,,,
[1758212871218766267],7.312,-3.857,3.323,,,
[1758212871226679548],7.827,-4.307,3.847,,,
[1758212871231837569],9.278,-4.276,4.389,,,
[1758212871237062569],8.267,-4.537,3.984,,,
[1758212871242459653],9.965,-4.767,4.652,,,
[1758212871248722100],9.45,-4.887,4.611,,,
[1758212871253971111],10.853,-5.188,4.626,,,
[1758212871259117465],10.539,-5.239,4.302,,,
[1758212871264271684],11.04,-5.301,3.065,,,
[1758212871269370903],10.903,-5.808,2.904,,,
[1758212871274492153],12.033,-5.691,2.579,,,
[1758212871279581007],11.624,-6.053,2.073,,,
[1758212871284701111],11.789,-5.478,1.75,,,
[1758212871289870746],11.906,-5.88,1.312,,,
[1758212871295157309],11.265,-5.076,0.431,,,
[1758212871300323038],11.061,-5.09,1.348,,,
[1758212871305462309],9.79,-4.568,0.577,,,
[1758212871310614600],9.934,-4.496,0.029,,,
[1758212871315767048],8.988,-4.389,0.089,,,
[1758212871322414548],9.718,-4.341,-0.194,,,
[1758212871328898507],8.174,-3.926,0.129,,,
[1758212871334157517],8.382,-3.57,0.304,,,
[1758212871339286840],7.544,-3.428,0.46,,,
[1758212871344518038],7.846,-3.067,1.037,,,
[1758212871349636007],6.881,-3.292,1.915,,,
[1758212871354751788],7.116,-3.002,1.726,,,
[1758212871359853559],6.582,-3.259,2.198,,,
[1758212871364998819],7.025,-3.074,2.361,,,
[1758212871370119236],7.41,-3.531,3.031,,,
[1758212871375322621],7.465,-3.79,3.194,,,
[1758212871380416007],8.813,-4.302,3.596,,,
[1758212871385530121],8.442,-4.087,3.797,,,
[1758212871390631580],9.409,-4.393,4.111,,,
[1758212871395855850],9.055,-4.616,4.228,,,
[1758212871400986267],10.23,-4.824,4.997,,,
[1758212871406138923],9.634,-4.894,4.697,,,
[1758212871411240590],11.27,-5.116,4.717,,,
[1758212871416355850],10.032,-5.373,3.847,,,
[1758212871421563923],11.705,-5.748,3.357,,,
[1758212871427148038],10.702,-5.638,2.808,,,
[1758212871432354652],12.263,-6.074,2.203,,,
[1758212871437892309],10.805,-5.677,2.186,,,
[1758212871443161944],12.352,-5.895,1.274,,,
[1758212871448287725],11.27,-5.306,0.867,,,
[1758212871453397777],11.655,-5.246,0.385,,,
[1758212871458539236],10.056,-4.757,0.702,,,
[1758212871463734080],10.42,-4.628,0.041,,,
[1758212871469012309],9.184,-4.64,-0.414,,,
[1758212871474184184],9.637,-4.391,0.081,,,
[1758212871479298767],8.739,-4.178,-0.213,,,
[1758212871484516007],8.736,-3.565,-0.034,,,
[1758212871489730642],8.068,-3.79,-0.022,,,
[1758212871494982309],8.114,-3.201,-0.098,,,
[1758212871500106527],7.276,-3.462,1.113,,,
[1758212871505266267],6.658,-3.062,1.477,,,
[1758212871510417465],7.257,-3.074,1.391,,,
[1758212871515625642],6.859,-2.966,2.176,,,
[1758212871520769548],7.479,-3.335,2.998,,,
[1758212871525972413],6.596,-3.124,2.78,,,
[1758212871531099496],8.016,-4.18,3.438,,,
[1758212871536601580],7.724,-4.068,3.706,,,
[1758212871541738767],9.433,-4.42,3.706,,,
[1758212871547221319],8.384,-4.475,3.778,,,
[1758212871552389705],9.701,-4.7,4.369,,,
[1758212871557503194],8.811,-4.475,4.235,,,
[1758212871562681996],10.803,-5.258,4.041,,,
[1758212871567881892],9.776,-4.985,4.599,,,
[1758212871573110538],11.19,-5.423,3.96,,,
[1758212871578386840],10.836,-5.59,3.565,,,
[1758212871583521319],11.878,-5.708,2.828,,,
[1758212871588647465],10.985,-5.94,2.291,,,
[1758212871593869913],12.194,-5.689,1.812,,,
[1758212871599032986],11.207,-5.969,1.906,,,
[1758212871604193975],12.282,-5.55,1.171,,,
[1758212871609304027],10.879,-5.416,1.068,,,
[1758212871614491892],10.515,-4.743,0.5,,,
[1758212871619711579],9.859,-4.709,0.517,,,
[1758212871624929132],10.092,-4.319,-0.314,,,
[1758212871630084392],9.783,-4.482,-0.182,,,
[1758212871635242257],9.069,-3.974,-0.745,,,
[1758212871640498350],8.715,-4.053,-0.694,,,
[1758212871647098507],7.511,-3.771,0.055,,,
[1758212871653623454],8.231,-3.321,0.218,,,
[1758212871658872361],6.902,-3.263,0.977,,,
[1758212871663983038],7.271,-2.981,1.664,,,
[1758212871669128246],6.57,-2.804,2.272,,,
[1758212871674283038],7.163,-3.144,2.976,,,
[1758212871679385173],6.359,-3.215,3.062,,,
[1758212871684493298],7.506,-3.426,2.931,,,
[1758212871689606371],7.369,-4.087,3.61,,,
[1758212871694838819],8.464,-4.171,3.304,,,
[1758212871700018819],9.017,-4.305,3.22,,,
[1758212871705124444],9.189,-4.31,3.752,,,
[1758212871710225434],9.594,-4.532,4.745,,,
[1758212871715387413],9.749,-4.69,4.731,,,
[1758212871720482986],10.388,-5.102,4.386,,,
[1758212871725601007],10.537,-4.987,3.723,,,
[1758212871730711684],11.439,-5.641,3.836,,,
[1758212871735860277],10.939,-5.619,2.986,,,
[1758212871741034027],12.143,-5.933,2.933,,,
[1758212871746288767],11.164,-5.66,1.877,,,
[1758212871751796163],12.78,-6.045,1.901,,,
[1758212871756951267],11.159,-5.883,1.494,,,
[1758212871762477413],12.215,-5.751,1.252,,,
[1758212871767631267],10.331,-5.162,0.67,,,
[1758212871772822100],10.97,-4.743,0.0,,,
[1758212871777948663],9.349,-4.453,-0.072,,,
[1758212871783141944],10.597,-4.319,-0.192,,,
[1758212871788354288],8.715,-4.154,0.096,,,
[1758212871793887725],9.091,-3.867,-0.599,,,
[1758212871799056215],8.351,-3.737,-0.237,,,
[1758212871804220694],8.339,-3.553,0.407,,,
[1758212871809336475],7.192,-3.227,0.584,,,
[1758212871814469079],7.626,-2.947,1.154,,,
[1758212871819596736],6.589,-3.194,2.157,,,
[1758212871824699392],7.257,-2.921,1.812,,,
[1758212871829809809],6.448,-3.151,2.32,,,
[1758212871835021319],6.783,-2.957,2.49,,,
[1758212871840246736],7.494,-3.493,3.041,,,
[1758212871845477986],7.966,-3.752,3.658,,,
[1758212871850730902],8.744,-4.59,3.857,,,
[1758212871855977569],8.504,-4.262,3.95,,,
[1758212871861409236],9.634,-4.549,4.827,,,
[1758212871866540486],9.012,-4.357,4.575,,,
[1758212871873851736],10.195,-4.822,4.48,,,
[1758212871879140746],9.905,-5.267,4.381,,,
[1758212871884274496],10.997,-5.205,4.005,,,
[1758212871889382725],10.8,-5.648,3.558,,,
[1758212871894564340],11.626,-5.545,2.974,,,
[1758212871899657881],11.48,-5.835,2.466,,,
[1758212871904800694],11.94,-5.61,1.889,,,
[1758212871909952465],11.533,-5.863,1.566,,,
[1758212871915254027],11.54,-5.476,1.144,,,
[1758212871920423454],11.439,-5.526,1.118,,,
[1758212871925548194],10.611,-4.767,0.608,,,
[1758212871930652465],10.444,-4.812,0.625,,,
[1758212871935797777],9.716,-4.353,-0.096,,,
[1758212871940975277],9.831,-4.436,0.11,,,
[1758212871946259861],8.452,-4.08,-0.22,,,
[1758212871951408194],9.445,-4.034,-0.196,,,
[1758212871956605590],7.834,-3.764,-0.105,,,
[1758212871961737725],8.504,-3.654,0.57,,,
[1758212871967285173],6.819,-3.328,0.306,,,
[1758212871972513819],7.937,-3.381,1.453,,,
[1758212871977963663],6.402,-3.201,1.563,,,
[1758212871983133298],7.549,-3.208,2.274,,,
[1758212871988253246],5.801,-3.151,2.358,,,
[1758212871993464756],7.633,-3.373,2.682,,,
[1758212871998640538],6.898,-3.57,3.024,,,
[1758212872003862465],8.715,-4.089,3.567,,,
[1758212872009112048],7.973,-4.31,3.838,,,
[1758212872014243402],9.45,-4.168,3.836,,,
[1758212872019349861],8.59,-4.573,4.264,,,
[1758212872024490746],9.4,-4.489,4.314,,,
[1758212872029660069],9.376,-5.148,5.064,,,
[1758212872037167100],9.766,-4.997,4.274,,,
[1758212872042406058],11.387,-5.44,3.955,,,
[1758212872048750433],10.515,-5.389,3.256,,,
[1758212872054001579],11.969,-5.82,2.82,,,
[1758212872059144600],11.193,-5.693,2.514,,,
[1758212872064376111],12.33,-5.476,1.762,,,
[1758212872069513871],11.667,-5.95,1.638,,,
[1758212872075037048],11.538,-5.375,0.881,,,
[1758212872080181058],11.092,-5.246,0.424,,,
[1758212872086533246],9.627,-4.585,0.867,,,
[1758212872091776371],10.568,-4.834,0.402,,,
[1758212872096983558],8.792,-4.345,0.01,,,
[1758212872102101736],9.912,-4.35,0.263,,,
[1758212872107273038],8.332,-3.931,-0.385,,,
[1758212872112443819],9.316,-3.845,-0.117,,,
[1758212872117576215],7.001,-3.517,0.244,,,
[1758212872122791111],8.353,-3.397,0.517,,,
[1758212872127967881],6.874,-3.256,1.164,,,
[1758212872133170954],7.949,-3.16,1.736,,,
[1758212872138283715],6.328,-3.026,2.229,,,
[1758212872143516215],7.379,-3.081,2.789,,,
[1758212872148626527],6.179,-3.206,2.952,,,
[1758212872153753402],8.028,-3.33,3.122,,,
[1758212872158891579],7.197,-3.905,3.462,,,
[1758212872164041527],8.921,-4.331,3.136,,,
[1758212872169204496],8.322,-4.314,3.977,,,
[1758212872174351631],9.376,-4.477,3.922,,,
[1758212872179545746],8.811,-4.752,3.938,,,
[1758212872185084913],9.596,-4.896,4.037,,,
[1758212872190258975],10.216,-5.258,4.618,,,
[1758212872195825329],10.427,-4.985,2.959,,,
[1758212872200952048],11.554,-5.818,3.34,,,
[1758212872206084392],10.621,-5.626,3.115,,,
[1758212872211206371],11.89,-5.693,2.964,,,
[1758212872216409808],11.358,-5.533,2.128,,,
[1758212872221535017],12.4,-6.06,2.169,,,
[1758212872226834704],10.977,-5.77,1.736,,,
[1758212872231993871],12.21,-5.617,1.137,,,
[1758212872237141475],10.326,-5.195,0.869,,,
[1758212872242371631],11.107,-4.968,0.716,,,
[1758212872247613610],9.292,-4.53,0.002,,,
[1758212872252806527],10.609,-4.451,-0.445,,,
[1758212872257984235],8.691,-4.283,-0.381,,,
[1758212872263140485],9.653,-3.991,-0.342,,,
[1758212872268271735],7.906,-3.754,-0.093,,,
[1758212872273484600],8.631,-3.589,0.28,,,
[1758212872278632673],7.171,-3.096,0.505,,,
[1758212872283805954],7.982,-3.11,0.802,,,
[1758212872288943819],6.553,-3.156,1.738,,,
[1758212872294583350],7.171,-2.952,1.98,,,
[1758212872299728975],6.572,-2.981,2.624,,,
[1758212872305997621],6.857,-3.127,2.485,,,
[1758212872312442933],8.265,-3.855,3.112,,,
[1758212872318709340],7.561,-4.108,3.642,,,
[1758212872323943506],9.258,-4.214,4.013,,,
[1758212872329040225],8.77,-4.398,4.152,,,
[1758212872334188142],9.653,-4.609,4.532,,,
[1758212872339293819],8.928,-4.762,4.92,,,
[1758212872344508819],10.214,-4.882,4.319,,,
[1758212872349629340],9.962,-5.181,4.326,,,
[1758212872354767413],11.179,-5.073,3.797,,,
[1758212872359921267],10.695,-5.629,3.51,,,
[1758212872365153298],11.528,-5.578,2.696,,,
[1758212872370281423],11.844,-5.945,2.784,,,
[1758212872375435173],11.526,-5.61,1.872,,,
[1758212872380532152],12.134,-6.141,1.092,,,
[1758212872385659496],11.54,-5.401,0.836,,,
[1758212872390775590],11.423,-5.341,1.386,,,
[1758212872396018558],10.64,-4.784,0.364,,,
[1758212872401515590],10.602,-4.808,0.464,,,
[1758212872406627621],9.294,-4.302,0.213,,,
[1758212872411738663],10.056,-4.451,0.318,,,
[1758212872417219392],8.581,-4.281,-0.409,,,
[1758212872422460121],9.51,-4.085,-0.129,,,
[1758212872427583090],7.403,-3.615,0.302,,,
[1758212872432795850],8.521,-3.757,0.208,,,
[1758212872437957985],6.953,-3.326,1.228,,,
[1758212872443268819],7.848,-3.122,1.602,,,
[1758212872448389340],6.242,-2.907,1.82,,,
[1758212872453535642],7.353,-3.163,2.061,,,
[1758212872458662412],6.498,-3.211,2.365,,,
[1758212872463812621],7.685,-3.306,2.775,,,
[1758212872468946579],6.625,-3.433,2.813,,,
[1758212872474064027],8.746,-3.95,3.146,,,
[1758212872479192673],8.272,-4.492,4.037,,,
[1758212872484378871],9.558,-4.221,4.175,,,
[1758212872489593610],9.06,-4.46,4.233,,,
[1758212872494796527],9.541,-4.721,4.453,,,
[1758212872499950121],9.668,-5.042,4.396,,,
[1758212872505111319],10.654,-4.944,4.286,,,
[1758212872510634860],10.872,-5.217,3.989,,,
[1758212872515786840],10.671,-5.318,3.5,,,
[1758212872520946475],11.748,-5.878,3.184,,,
[1758212872526393037],11.229,-5.643,2.447,,,
[1758212872531519965],12.342,-6.026,2.286,,,
[1758212872536643298],11.267,-5.531,1.982,,,
[1758212872541763871],12.222,-5.77,1.528,,,
[1758212872546985954],10.803,-5.078,0.962,,,
[1758212872552295850],11.471,-5.104,0.67,,,
[1758212872557467465],9.438,-4.405,0.177,,,
[1758212872562693871],10.654,-4.702,-0.017,,,
[1758212872567902100],8.844,-4.381,-0.204,,,
[1758212872573122412],10.089,-4.314,-0.431,,,
[1758212872578265277],8.047,-3.926,-0.196,,,
[1758212872583425694],9.038,-3.759,0.206,,,
[1758212872588553767],7.341,-3.565,0.251,,,
[1758212872593832152],8.298,-3.311,0.761,,,
[1758212872599097881],6.792,-3.208,1.559,,,
[1758212872604312308],7.623,-2.983,1.616,,,
[1758212872609430590],6.546,-3.134,1.925,,,
[1758212872614577725],7.573,-2.919,2.406,,,
[1758212872620058194],6.926,-3.323,3.141,,,
[1758212872625210069],7.587,-3.268,2.907,,,
[1758212872630321006],8.009,-4.288,3.474,,,
[1758212872635742881],8.351,-4.116,3.541,,,
[1758212872640963246],8.95,-4.46,4.269,,,
[1758212872646281579],8.882,-4.53,4.032,,,
[1758212872651409183],9.838,-4.884,4.511,,,
[1758212872656562048],9.608,-4.738,4.422,,,
[1758212872661708923],10.683,-5.227,4.683,,,
[1758212872666955850],10.01,-5.248,3.936,,,
[1758212872672059392],11.698,-5.55,3.457,,,
[1758212872677227256],10.671,-5.459,2.835,,,
[1758212872682440694],12.141,-5.839,2.322,,,
[1758212872687609496],11.243,-5.684,2.023,,,
[1758212872693162777],12.416,-5.856,1.29,,,
[1758212872698319444],11.162,-5.768,1.281,,,
[1758212872703516371],11.832,-5.42,1.305,,,
[1758212872708747985],10.19,-4.911,0.57,,,
[1758212872713935225],10.463,-4.424,0.23,,,
[1758212872719057673],9.515,-4.48,0.048,,,
[1758212872724242204],10.185,-4.41,0.098,,,
[1758212872729697464],8.43,-4.087,-0.098,,,
[1758212872734820277],9.301,-3.886,-0.16,,,
[1758212872739972308],8.231,-3.998,0.201,,,
[1758212872746489600],7.468,-3.352,-0.124,,,
[1758212872751943142],7.733,-3.452,1.14,,,
[1758212872757102881],6.282,-2.962,1.439,,,
[1758212872762279079],7.717,-3.17,1.867,,,
[1758212872767427777],6.084,-3.115,2.406,,,
[1758212872772596267],7.566,-3.457,2.65,,,
[1758212872777719964],6.404,-3.146,3.069,,,
[1758212872782875642],8.246,-3.879,3.156,,,
[1758212872788036839],7.87,-4.113,3.436,,,
[1758212872795208350],8.746,-4.187,3.479,,,
[1758212872800747360],9.043,-4.604,4.381,,,
[1758212872805964079],9.383,-4.525,4.324,,,
[1758212872811110694],10.381,-4.903,4.659,,,
[1758212872816245017],9.613,-4.911,4.159,,,
[1758212872821354964],10.927,-5.356,4.436,,,
[1758212872826545173],10.374,-5.124,3.761,,,
[1758212872831655173],11.818,-5.748,2.684,,,
[1758212872838147100],10.745,-5.643,2.303,,,
[1758212872843443819],12.467,-5.559,1.714,,,
[1758212872848578454],11.31,-5.705,1.551,,,
[1758212872854042985],12.577,-5.631,1.583,,,
[1758212872859179964],10.992,-5.442,1.525,,,
[1758212872864303350],11.246,-5.047,0.62,,,
[1758212872869410902],9.682,-4.503,0.17,,,
[1758212872874561735],10.104,-4.345,0.256,,,
[1758212872879735173],9.333,-4.578,0.074,,,
[1758212872884982673],9.459,-4.197,-0.778,,,
[1758212872890206214],8.313,-4.254,-0.299,,,
[1758212872895457985],8.636,-3.692,-0.405,,,
[1758212872900627569],7.975,-3.955,0.534,,,
[1758212872905774600],7.453,-3.11,0.445,,,
[1758212872910875746],7.362,-3.402,1.463,,,
[1758212872916025433],7.041,-3.218,1.781,,,
[1758212872921131579],6.984,-3.127,1.856,,,
[1758212872926367569],6.141,-2.904,2.057,,,
[1758212872931531996],7.247,-3.486,2.847,,,
[1758212872936689444],6.891,-3.431,2.986,,,
[1758212872941819808],8.715,-4.02,3.622,,,
[1758212872947455954],7.889,-4.168,3.431,,,
[1758212872952657204],9.304,-4.678,3.905,,,
[1758212872957919860],8.183,-4.571,4.439,,,
[1758212872963375277],10.288,-4.769,4.18,,,
[1758212872968503923],8.942,-4.884,4.41,,,
[1758212872974048923],10.851,-5.203,4.137,,,
[1758212872980431058],10.302,-5.382,4.36,,,
[1758212872986701631],10.64,-5.514,3.373,,,
[1758212872991951214],11.818,-5.804,3.007,,,
[1758212872997146527],11.001,-5.629,2.174,,,
[1758212873002364756],12.536,-5.899,2.131,,,
[1758212873007524131],10.982,-5.734,1.779,,,
[1758212873013802308],11.93,-5.476,1.245,,,
[1758212873019039600],10.317,-4.97,1.188,,,
[1758212873024211996],11.15,-4.738,0.575,,,
[1758212873029401839],9.469,-4.525,0.441,,,
[1758212873034520433],10.491,-4.391,0.043,,,
[1758212873039629548],9.148,-4.322,0.129,,,
[1758212873044861058],9.313,-4.001,-0.184,,,
[1758212873049985589],8.581,-3.967,-0.283,,,
[1758212873055516006],8.286,-3.505,0.002,,,
[1758212873060750381],7.843,-3.68,0.328,,,
[1758212873065896319],7.262,-3.182,1.207,,,
[1758212873071342569],7.374,-3.371,1.82,,,
[1758212873076565537],6.814,-2.942,2.093,,,
[1758212873081652152],7.535,-3.285,2.368,,,
[1758212873086771891],6.412,-3.232,2.416,,,
[1758212873091890277],7.858,-3.587,3.132,,,
[1758212873097101579],7.185,-3.601,3.268,,,
[1758212873102347933],9.179,-4.305,3.33,,,
[1758212873107605589],8.056,-4.216,4.144,,,
[1758212873112791683],9.591,-4.492,4.568,,,
[1758212873117944235],8.566,-4.709,4.556,,,
[1758212873123158454],10.08,-4.755,4.506,,,
[1758212873128319704],9.134,-4.796,3.869,,,
[1758212873133425537],11.435,-5.363,4.178,,,
[1758212873138680485],10.223,-5.363,3.582,,,
[1758212873145375641],11.305,-5.586,3.326,,,
[1758212873150834600],11.894,-5.897,3.302,,,
[1758212873156006943],11.463,-5.686,2.255,,,
[1758212873161451423],12.076,-6.175,2.004,,,
[1758212873166599183],11.38,-5.751,1.506,,,
[1758212873171704756],11.552,-5.406,1.508,,,
[1758212873178022725],10.367,-5.004,1.204,,,
[1758212873183468923],10.989,-4.841,0.716,,,
[1758212873188617464],9.036,-4.31,-0.093,,,
[1758212873193820485],10.127,-4.549,0.158,,,
[1758212873198958193],8.705,-4.001,0.168,,,
[1758212873204060693],9.407,-3.838,-0.642,,,
[1758212873209263975],7.851,-3.922,-0.311,,,
[1758212873214412829],8.351,-3.529,0.194,,,
[1758212873219807568],7.075,-3.223,0.517,,,
[1758212873225355589],7.506,-3.158,1.14,,,
[1758212873230501943],6.742,-3.172,1.697,,,
[1758212873235680225],6.912,-2.88,1.956,,,
[1758212873240819756],6.737,-3.249,2.746,,,
[1758212873245990850],7.025,-3.033,2.863,,,
[1758212873251122360],7.937,-3.869,3.33,,,
[1758212873256257985],7.626,-3.692,3.579,,,
[1758212873261369496],8.99,-4.357,3.524,,,
[1758212873267241371],8.095,-4.348,4.154,,,
[1758212873273767516],10.029,-4.676,4.307,,,
[1758212873278993089],8.942,-4.762,4.666,,,
[1758212873284133037],10.467,-5.066,4.07,,,
[1758212873291882881],10.757,-5.171,4.111,,,
[1758212873297320954],10.283,-5.358,3.553,,,
[1758212873302632777],12.067,-5.679,3.27,,,
[1758212873307771527],10.714,-5.83,2.483,,,
[1758212873312990641],12.517,-5.801,2.15,,,
[1758212873318104912],11.32,-5.684,1.688,,,
[1758212873323190850],12.297,-5.892,1.535,,,
[1758212873328274443],10.752,-5.432,0.615,,,
[1758212873333429443],11.729,-5.128,0.335,,,
[1758212873338636943],9.716,-4.891,0.9,,,
[1758212873343824964],10.455,-4.477,0.292,,,
[1758212873348933975],8.938,-4.329,0.218,,,
[1758212873354139339],10.072,-4.257,0.019,,,
[1758212873359259235],8.514,-3.85,-0.443,,,
[1758212873364368193],8.842,-3.79,-0.338,,,
[1758212873369490329],7.597,-3.812,0.227,,,
[1758212873376741839],7.106,-3.28,0.915,,,
[1758212873383559235],8.073,-3.194,1.125,,,
[1758212873389891318],6.299,-3.12,1.853,,,
[1758212873395106110],7.221,-2.923,2.373,,,
[1758212873400249443],6.551,-3.156,2.945,,,
[1758212873405816995],7.003,-3.314,2.725,,,
[1758212873410938037],7.841,-4.092,3.328,,,
[1758212873416016162],8.286,-4.005,3.606,,,
[1758212873421127100],9.172,-4.233,4.307,,,
[1758212873426275381],8.978,-4.391,3.982,,,
[1758212873431399391],9.668,-4.798,4.954,,,
[1758212873436638610],9.069,-4.662,4.635,,,
[1758212873441739443],10.707,-5.258,4.441,,,
[1758212873446855745],10.106,-4.966,3.977,,,
[1758212873451966943],11.478,-5.595,3.606,,,
[1758212873457157152],10.848,-5.634,3.306,,,
[1758212873462294495],12.122,-5.784,2.933,,,
[1758212873467431943],11.159,-5.789,2.404,,,
[1758212873472621475],12.625,-5.981,1.999,,,
[1758212873477767412],10.898,-5.796,1.932,,,
[1758212873483403037],12.143,-5.44,1.032,,,
[1758212873488526318],10.348,-5.03,0.984,,,
[1758212873493646683],11.27,-4.733,0.608,,,
[1758212873498782100],9.139,-4.549,0.29,,,
[1758212873503990120],10.381,-4.583,0.28,,,
[1758212873509147777],8.756,-4.336,0.29,,,
[1758212873514582881],9.5,-3.996,-0.383,,,
[1758212873519755120],8.325,-4.053,0.129,,,
[1758212873525016266],8.363,-3.668,0.278,,,
[1758212873530217048],7.58,-3.587,0.141,,,
[1758212873535366683],7.908,-3.091,1.171,,,
[1758212873540498350],6.79,-3.098,1.839,,,
[1758212873545624183],7.116,-2.909,1.439,,,
[1758212873550754443],6.74,-3.232,2.26,,,
[1758212873555941943],6.773,-3.05,2.641,,,
[1758212873561067672],7.23,-3.448,3.508,,,
[1758212873566266475],7.161,-3.661,3.27,,,
[1758212873571441579],8.734,-4.094,3.553,,,
[1758212873576579704],8.614,-4.231,3.869,,,
[1758212873581723037],9.143,-4.527,4.508,,,
[1758212873586876110],8.677,-4.58,4.199,,,
[1758212873592481475],10.027,-4.98,4.46,,,
[1758212873597666318],9.242,-4.705,4.494,,,
[1758212873602962985],11.143,-5.356,4.398,,,
[1758212873608111943],9.79,-5.456,4.041,,,
[1758212873613218141],11.746,-5.777,3.28,,,
[1758212873618384183],10.7,-5.748,2.562,,,
[1758212873623860589],12.151,-5.748,2.382,,,
[1758212873629040693],11.152,-5.868,1.8,,,
[1758212873634327829],12.376,-5.782,1.164,,,
[1758212873639486995],11.15,-5.562,1.415,,,
[1758212873644606006],11.7,-5.306,0.984,,,
[1758212873649762829],9.874,-4.518,0.577,,,
[1758212873655055485],9.874,-4.47,-0.093,,,
[1758212873660183297],9.862,-4.743,0.091,,,
[1758212873665299443],9.562,-4.106,-0.034,,,
[1758212873670451839],8.976,-4.192,-0.709,,,
[1758212873675650225],8.801,-3.869,-0.484,,,
[1758212873680842256],8.171,-3.962,0.326,,,
[1758212873685983922],8.176,-3.299,0.072,,,
[1758212873691108297],7.968,-3.503,0.917,,,
[1758212873696294391],6.833,-3.261,1.487,,,
[1758212873701894912],7.434,-3.115,1.906,,,
[1758212873707104131],6.653,-2.94,2.413,,,
[1758212873712295433],7.633,-3.256,2.705,,,
[1758212873717481631],6.354,-3.484,2.971,,,
[1758212873722680537],8.128,-3.893,3.694,,,
[1758212873727795850],7.611,-3.711,3.261,,,
[1758212873733311579],9.369,-4.468,3.713,,,
[1758212873738528766],8.045,-4.274,3.924,,,
[1758212873743802256],9.876,-4.662,4.408,,,
[1758212873748982412],8.748,-4.681,4.211,,,
[1758212873754168037],10.609,-4.994,4.262,,,
[1758212873759314495],10.017,-5.248,4.415,,,
[1758212873764491006],11.04,-5.334,3.78,,,
[1758212873769619704],10.683,-5.586,3.27,,,
[1758212873774741006],12.06,-5.643,2.832,,,
[1758212873779888089],11.332,-5.966,2.389,,,
[1758212873785103870],12.21,-5.72,1.961,,,
[1758212873790339391],11.334,-5.875,1.621,,,
[1758212873795523714],11.949,-5.363,0.97,,,
[1758212873800691839],11.332,-5.284,1.331,,,
[1758212873805935433],10.597,-4.606,0.52,,,
[1758212873811555954],10.317,-4.623,0.227,,,
[1758212873816749287],9.409,-4.508,-0.369,,,
[1758212873821882204],9.819,-4.295,-0.237,,,
[1758212873829823610],8.303,-4.132,-0.206,,,
[1758212873835432620],8.995,-3.627,-0.086,,,
[1758212873840573141],7.946,-3.397,0.309,,,
[1758212873845699547],7.757,-3.117,0.498,,,
[1758212873850863297],7.197,-3.457,1.35,,,
[1758212873857381266],6.438,-2.966,1.906,,,
[1758212873863876891],7.717,-3.352,2.339,,,
[1758212873870148037],6.507,-3.237,2.851,,,
[1758212873876674808],7.068,-3.663,3.608,,,
[1758212873881914235],8.6,-4.068,3.941,,,
[1758212873887034391],7.98,-4.017,3.491,,,
[1758212873892165745],9.258,-4.664,3.874,,,
[1758212873897286995],8.452,-4.477,4.63,,,
[1758212873902472360],9.821,-4.736,4.523,,,
[1758212873907621995],9.337,-4.741,4.013,,,
[1758212873912832047],10.951,-5.327,4.554,,,
[1758212873919333714],9.979,-5.188,4.056,,,
[1758212873924585902],11.672,-5.476,3.498,,,
[1758212873929706527],10.968,-5.76,2.928,,,
[1758212873934890016],11.904,-5.784,2.935,,,
[1758212873940006735],11.439,-5.883,2.109,,,
[1758212873945450016],11.976,-5.543,1.87,,,
[1758212873950571474],11.195,-5.748,1.47,,,
[1758212873955789131],11.155,-5.112,0.57,,,
[1758212873960974079],10.841,-4.82,0.857,,,
[1758212873966218662],9.833,-4.547,0.45,,,
[1758212873971321995],10.077,-4.748,0.139,,,
[1758212873976456527],9.565,-4.156,-0.424,,,
[1758212873981623193],9.275,-4.238,0.146,,,
[1758212873986757516],8.799,-3.91,-0.577,,,
[1758212873991837516],9.1,-3.871,0.151,,,
[1758212873996956318],7.331,-3.479,0.0,,,
[1758212874002089026],8.107,-3.572,0.718,,,
[1758212874007345745],6.598,-3.144,1.437,,,
[1758212874012552099],7.616,-3.27,1.539,,,
[1758212874017666943],6.381,-3.084,1.901,,,
[1758212874022898401],7.228,-3.299,2.863,,,
[1758212874028517516],6.12,-3.352,2.952,,,
[1758212874033695641],8.42,-3.797,3.22,,,
[1758212874038804860],7.343,-3.979,3.725,,,
[1758212874043945693],9.084,-4.307,3.644,,,
[1758212874049108870],8.411,-4.341,3.797,,,
[1758212874054609860],9.708,-4.499,4.544,,,
[1758212874059748922],8.945,-4.456,4.508,,,
[1758212874065009287],10.388,-4.803,4.223,,,
[1758212874070251266],9.967,-5.191,4.592,,,
[1758212874075517985],10.673,-4.932,4.187,,,
[1758212874080640016],10.733,-5.224,3.757,,,
[1758212874085775745],11.492,-5.564,2.77,,,
[1758212874090880068],11.238,-5.902,2.476,,,
[1758212874096021995],12.076,-5.732,1.793,,,
[1758212874101179235],12.309,-5.942,1.973,,,
[1758212874106487256],11.593,-5.641,1.109,,,
[1758212874111625537],11.557,-5.655,1.089,,,
[1758212874116850745],10.587,-4.932,0.675,,,
[1758212874121968245],10.661,-4.906,0.438,,,
[1758212874127088193],9.558,-4.386,0.108,,,
[1758212874132308922],10.278,-4.46,0.043,,,
[1758212874137915485],8.452,-4.243,-0.206,,,
[1758212874143077360],9.553,-4.073,-0.232,,,
[1758212874148260485],7.647,-3.718,-0.019,,,
[1758212874153487724],8.566,-3.68,-0.084,,,
[1758212874158618818],6.788,-3.45,0.464,,,
[1758212874164089912],8.128,-3.089,1.032,,,
[1758212874169220329],6.347,-3.29,1.607,,,
[1758212874174428297],7.614,-3.029,2.052,,,
[1758212874179621058],6.263,-3.354,2.732,,,
[1758212874184876839],7.468,-3.431,3.055,,,
[1758212874190014964],7.032,-3.486,3.208,,,
[1758212874195153297],8.44,-3.974,3.625,,,
[1758212874200338245],7.863,-4.293,3.682,,,
[1758212874205578089],8.914,-4.192,4.029,,,
[1758212874210699495],9.05,-4.554,4.752,,,
[1758212874215862308],9.404,-4.353,4.652,,,
[1758212874220992308],9.464,-4.764,4.381,,,
[1758212874226250120],10.25,-4.915,4.29,,,
[1758212874231371266],10.357,-5.282,4.266,,,
[1758212874236596422],10.582,-5.136,3.254,,,
[1758212874241757360],11.76,-5.543,2.974,,,
[1758212874248270276],10.982,-5.772,2.33,,,
[1758212874254614026],12.414,-5.813,2.018,,,
[1758212874259876578],11.487,-5.839,1.726,,,
[1758212874265036943],12.036,-5.669,1.48,,,
[1758212874270452099],10.721,-5.385,1.207,,,
[1758212874275612828],10.53,-4.764,0.733,,,
[1758212874280717464],10.087,-4.614,0.371,,,
[1758212874285837256],9.934,-4.345,0.007,,,
[1758212874290936370],9.388,-4.458,0.096,,,
[1758212874296095381],9.129,-4.065,-0.606,,,
[1758212874301387203],8.756,-4.075,-0.381,,,
[1758212874306614651],7.616,-3.773,-0.232,,,
[1758212874311736578],7.973,-3.531,0.414,,,
[1758212874316863453],7.099,-3.316,0.503,,,
[1758212874321979860],7.676,-3.333,1.415,,,
[1758212874327097828],6.68,-2.926,1.741,,,
[1758212874332266526],7.341,-3.117,2.626,,,
[1758212874337446631],6.299,-3.029,2.531,,,
[1758212874342967203],8.028,-3.436,3.428,,,
[1758212874348149391],6.96,-3.553,3.103,,,
[1758212874354499235],8.744,-4.434,3.859,,,
[1758212874360964651],8.94,-4.415,3.845,,,
[1758212874366200901],9.112,-4.408,3.749,,,
[1758212874371317881],9.175,-4.76,4.609,,,
[1758212874376741683],9.474,-4.688,4.283,,,
[1758212874381828922],10.602,-5.205,4.262,,,
[1758212874386943610],10.003,-5.167,3.584,,,
[1758212874392017203],11.356,-5.593,3.898,,,
[1758212874397144391],10.554,-5.488,3.129,,,
[1758212874402391474],11.715,-5.725,2.804,,,
[1758212874408748089],11.143,-5.691,1.556,,,
[1758212874414018714],12.543,-6.057,1.551,,,
[1758212874419143401],11.049,-5.727,1.317,,,
[1758212874424267464],12.21,-5.665,1.346,,,
[1758212874429371058],10.302,-5.037,0.785,,,
[1758212874434491214],10.779,-4.683,0.453,,,
[1758212874439621630],9.251,-4.156,0.486,,,
[1758212874444776162],10.319,-4.47,-0.079,,,
[1758212874449932620],8.82,-4.173,-0.026,,,
[1758212874455266943],9.301,-3.907,-0.309,,,
[1758212874460422099],8.155,-3.962,-0.261,,,
[1758212874465934703],8.164,-3.309,-0.4,,,
[1758212874471113141],7.817,-3.572,0.51,,,
[1758212874476258245],7.436,-3.132,1.35,,,
[1758212874481426891],7.128,-3.184,1.647,,,
[1758212874486894599],6.704,-3.132,1.867,,,
[1758212874492050433],7.42,-3.251,2.732,,,
[1758212874497218141],6.661,-3.031,2.579,,,
[1758212874502538401],8.068,-3.608,3.488,,,
[1758212874507905641],7.283,-3.998,3.5,,,
[1758212874513108766],9.39,-4.264,3.713,,,
[1758212874518259339],8.08,-4.209,4.223,,,
[1758212874523398453],9.914,-4.654,4.494,,,
[1758212874528551683],8.38,-4.721,4.451,,,
[1758212874533712724],10.283,-5.035,4.432,,,
[1758212874538832516],9.476,-4.963,4.142,,,
[1758212874543973974],11.26,-5.253,3.955,,,
[1758212874549244912],10.333,-5.42,3.51,,,
[1758212874554514755],11.789,-5.725,3.038,,,
[1758212874559720797],10.92,-5.559,2.564,,,
[1758212874564857568],12.177,-5.923,2.162,,,
[1758212874569976422],11.145,-5.765,2.14,,,
[1758212874575444860],11.87,-5.763,1.607,,,
[1758212874580631630],11.243,-5.38,1.199,,,
[1758212874585780433],11.052,-5.028,0.63,,,
[1758212874590940901],9.981,-4.925,0.862,,,
[1758212874596502985],9.371,-4.571,0.567,,,
[1758212874601686005],9.85,-4.539,0.146,,,
[1758212874606888401],9.06,-4.08,-0.402,,,
[1758212874612022672],9.048,-4.24,-0.069,,,
[1758212874617313714],8.382,-3.663,-0.034,,,
[1758212874622605953],8.574,-3.677,-0.235,,,
[1758212874627768974],7.096,-3.484,0.256,,,
[1758212874632977308],8.2,-3.393,1.166,,,
[1758212874638105901],6.606,-3.136,1.81,,,
[1758212874643260380],7.626,-3.244,2.181,,,
[1758212874648375901],6.189,-3.139,2.626,,,
[1758212874653638245],7.848,-3.46,2.986,,,
[1758212874658844182],6.57,-3.369,2.897,,,
[1758212874663974078],8.478,-3.926,3.144,,,
[1758212874669152568],7.688,-4.257,3.682,,,
[1758212874674351214],9.4,-4.3,3.9,,,
[1758212874682213245],9.345,-4.645,4.482,,,
[1758212874688514599],8.741,-4.626,4.695,,,
[1758212874693793610],10.681,-4.906,4.52,,,
[1758212874698988766],9.555,-5.092,4.405,,,
[1758212874704522932],11.375,-5.31,3.874,,,
[1758212874709640589],10.853,-5.538,3.517,,,
[1758212874714777568],12.093,-5.705,2.88,,,
[1758212874719895485],11.298,-5.557,2.212,,,
[1758212874725053662],12.526,-5.895,2.064,,,
[1758212874730226474],11.121,-5.713,1.535,,,
[1758212874735474964],12.206,-5.511,0.749,,,
[1758212874740637880],11.293,-5.306,0.97,,,
[1758212874745750589],10.676,-4.762,0.666,,,
[1758212874750847932],9.649,-4.508,0.532,,,
[1758212874756097828],9.941,-4.429,-0.244,,,
[1758212874761238297],9.632,-4.441,-0.134,,,
[1758212874766442724],9.108,-3.9,-0.548,,,
[1758212874771561578],8.358,-4.068,-0.673,,,
[1758212874776820485],7.853,-3.673,-0.352,,,
[1758212874781930380],8.332,-3.752,0.314,,,
[1758212874787208974],7.061,-3.266,0.879,,,
[1758212874792340953],7.547,-3.433,1.863,,,
[1758212874797495224],6.445,-2.89,1.863,,,
[1758212874802743766],7.458,-3.254,2.375,,,
[1758212874807929078],6.311,-3.086,2.607,,,
[1758212874813510641],7.518,-3.462,3.029,,,
[1758212874818646422],6.823,-3.627,3.184,,,
[1758212874823762307],8.928,-4.238,3.081,,,
[1758212874828864495],8.035,-4.199,3.543,,,
[1758212874834075693],9.615,-4.492,3.912,,,
[1758212874839181318],8.583,-4.331,4.128,,,
[1758212874844341474],10.281,-4.839,4.422,,,
[1758212874849467672],9.33,-5.049,4.365,,,
[1758212874854709443],10.872,-4.968,4.271,,,
[1758212874859925068],10.18,-5.183,3.967,,,
[1758212874865084755],11.416,-5.614,3.352,,,
[1758212874870200068],11.042,-5.703,3.359,,,
[1758212874875363662],12.084,-5.782,2.583,,,
[1758212874880470120],11.363,-5.842,1.542,,,
[1758212874885612672],12.534,-5.725,1.647,,,
[1758212874890767412],11.217,-5.811,1.049,,,
[1758212874897236891],10.566,-5.107,1.013,,,
[1758212874902564130],11.071,-5.023,0.397,,,
[1758212874907772307],9.371,-4.482,0.766,,,
[1758212874913068401],10.448,-4.65,-0.259,,,
[1758212874918198401],8.849,-4.29,-0.266,,,
[1758212874923317047],9.445,-4.037,-0.204,,,
[1758212874928437516],7.839,-3.84,-0.326,,,
[1758212874933581266],9.072,-3.797,0.108,,,
[1758212874938740328],7.005,-3.44,0.438,,,
[1758212874943833766],8.121,-3.426,0.86,,,
[1758212874948931995],6.577,-3.079,1.099,,,
[1758212874954174287],7.755,-3.01,1.856,,,
[1758212874959291370],6.316,-2.952,2.274,,,
[1758212874964440172],7.664,-3.227,2.753,,,
[1758212874969633818],6.246,-3.371,2.804,,,
[1758212874974801578],8.329,-3.809,2.818,,,
[1758212874979925849],7.819,-4.271,3.718,,,
[1758212874985054651],9.273,-4.298,3.773,,,
[1758212874990197464],8.121,-4.417,4.384,,,
[1758212874995309078],9.292,-4.532,4.741,,,
[1758212875000586005],9.199,-4.781,4.657,,,
[1758212875006186734],9.977,-4.748,4.13,,,
[1758212875011324912],10.386,-5.284,3.845,,,
[1758212875016493557],10.669,-5.1,3.859,,,
[1758212875023946370],12.005,-5.777,2.971,,,
[1758212875029442151],10.932,-5.677,2.559,,,
[1758212875034588505],12.265,-5.686,1.913,,,
[1758212875039723297],11.26,-5.435,1.736,,,
[1758212875044851474],12.323,-5.784,1.618,,,
[1758212875049951787],11.147,-5.49,1.645,,,
[1758212875056209964],11.171,-4.961,0.429,,,
[1758212875061434599],10.288,-4.824,0.752,,,
[1758212875066563818],9.742,-4.566,0.555,,,
[1758212875071679234],9.816,-4.664,0.115,,,
[1758212875076895172],8.803,-4.226,-0.261,,,
[1758212875082012047],9.096,-4.008,0.012,,,
[1758212875087139807],8.514,-3.627,-0.273,,,
[1758212875092314651],8.188,-3.642,0.292,,,
[1758212875097454443],7.487,-3.426,0.141,,,
[1758212875102848193],8.071,-3.472,1.101,,,
[1758212875108023661],6.503,-3.048,1.733,,,
[1758212875113636839],7.602,-3.191,1.927,,,
[1758212875118775901],6.179,-3.122,2.179,,,
[1758212875123887672],7.805,-3.393,3.184,,,
[1758212875130021891],7.034,-3.472,3.402,,,
[1758212875136505068],8.464,-4.075,3.285,,,
[1758212875141737984],8.885,-4.515,3.524,,,
[1758212875146867099],8.734,-4.324,4.233,,,
[1758212875151973974],9.682,-4.769,4.566,,,
[1758212875157156161],9.428,-4.592,4.039,,,
[1758212875162410224],9.948,-5.013,4.843,,,
[1758212875167549651],10.065,-4.985,4.209,,,
[1758212875172748401],11.265,-5.399,4.441,,,
[1758212875177916943],10.118,-5.444,3.244,,,
[1758212875183140797],12.024,-5.957,2.842,,,
[1758212875188259547],10.851,-5.974,2.207,,,
[1758212875193398505],12.526,-5.717,1.81,,,
[1758212875198503036],11.586,-5.641,1.662,,,
[1758212875203713245],12.443,-5.885,1.338,,,
[1758212875208839286],10.465,-5.327,0.953,,,
[1758212875213994182],11.545,-5.071,0.606,,,
[1758212875221381370],9.704,-4.693,-0.072,,,
[1758212875226898349],9.459,-4.401,-0.041,,,
[1758212875232057880],9.776,-4.573,0.101,,,
[1758212875237188974],8.557,-3.867,-0.848,,,
[1758212875242692984],8.933,-3.958,-0.239,,,
[1758212875247871786],7.463,-3.826,0.235,,,
[1758212875253048922],8.205,-3.78,0.515,,,
[1758212875258142880],7.02,-3.163,0.986,,,
[1758212875263304703],8.076,-3.474,1.396,,,
[1758212875268546318],6.172,-2.806,1.599,,,
[1758212875273664026],7.362,-3.302,2.397,,,
[1758212875278761578],6.155,-3.199,3.122,,,
[1758212875283889182],7.863,-3.235,3.041,,,
[1758212875288996370],6.965,-3.67,3.105,,,
[1758212875294127359],8.94,-4.168,3.5,,,
[1758212875299296995],7.846,-4.24,3.622,,,
[1758212875304563245],9.627,-4.566,4.269,,,
[1758212875309773818],8.624,-4.642,4.401,,,
[1758212875314932151],9.969,-4.741,4.585,,,
[1758212875320074703],9.486,-4.906,4.702,,,
[1758212875326532359],10.839,-5.018,4.24,,,
[1758212875331749495],10.839,-5.488,4.247,,,
[1758212875336882463],11.229,-5.353,3.084,,,
[1758212875341988609],11.507,-5.942,3.16,,,
[1758212875347131838],11.435,-5.677,2.138,,,
[1758212875352873141],12.345,-5.88,2.454,,,
[1758212875358027724],11.504,-5.856,1.231,,,
[1758212875363158974],12.213,-5.646,0.821,,,
[1758212875368285745],10.415,-5.126,0.917,,,
[1758212875373417516],11.241,-4.944,0.893,,,
[1758212875378535172],9.191,-4.424,0.345,,,
[1758212875383737463],10.523,-4.681,-0.596,,,
[1758212875388860068],8.686,-4.52,-0.244,,,
[1758212875394060120],9.943,-4.096,-0.237,,,
[1758212875399323974],7.803,-3.759,-0.23,,,
[1758212875404528505],8.701,-3.919,0.163,,,
[1758212875409709130],6.998,-3.261,0.668,,,
[1758212875414857307],7.863,-3.359,1.264,,,
[1758212875419963349],6.479,-3.352,1.896,,,
[1758212875425069234],7.626,-2.887,1.8,,,
[1758212875430230797],5.933,-3.055,2.655,,,
[1758212875436974859],6.998,-3.132,2.624,,,
[1758212875443385588],8.159,-3.606,3.189,,,
[1758212875448643193],7.434,-4.041,2.895,,,
[1758212875453855016],9.366,-4.334,3.539,,,
[1758212875459269130],8.064,-4.348,4.046,,,
[1758212875464425588],9.874,-4.599,4.046,,,
[1758212875469529807],8.727,-4.733,4.515,,,
[1758212875474651786],10.209,-4.899,4.317,,,
[1758212875479778505],9.67,-4.968,4.278,,,
[1758212875485656630],10.901,-5.243,4.355,,,
[1758212875490832203],10.266,-5.411,3.378,,,
[1758212875495963870],11.696,-5.595,2.923,,,
[1758212875501132672],11.382,-5.789,2.729,,,
[1758212875506349911],12.218,-5.662,1.927,,,
[1758212875511458141],11.966,-5.947,1.729,,,
[1758212875516574286],11.818,-5.476,1.501,,,
[1758212875521688193],11.413,-5.404,1.288,,,
[1758212875526866370],10.807,-4.767,0.632,,,
[1758212875532099495],10.29,-4.894,0.97,,,
[1758212875537243401],9.5,-4.35,0.33,,,
[1758212875542724755],10.259,-4.551,0.283,,,
[1758212875547888193],8.777,-4.41,-0.51,,,
[1758212875553094234],9.199,-4.259,0.254,,,
[1758212875558225745],7.834,-3.78,-0.055,,,
[1758212875563377359],8.638,-3.915,0.084,,,
[1758212875570979182],7.254,-3.254,0.869,,,
[1758212875577408140],6.938,-2.892,1.765,,,
[1758212875582708140],7.415,-3.0,1.932,,,
[1758212875587864286],6.081,-3.175,1.724,,,
[1758212875593007255],7.515,-3.256,2.705,,,
[1758212875598124651],6.457,-3.354,3.452,,,
[1758212875603367359],8.344,-3.826,3.249,,,
[1758212875608503193],7.712,-4.178,3.302,,,
[1758212875613658609],9.359,-4.503,3.941,,,
[1758212875618758401],8.112,-4.365,4.154,,,
[1758212875623884911],9.991,-4.729,4.128,,,
[1758212875629011682],8.645,-4.843,4.051,,,
[1758212875634100380],10.726,-5.097,4.228,,,
[1758212875639232255],9.728,-4.956,4.422,,,
[1758212875644417151],11.25,-5.368,3.869,,,
[1758212875650001265],10.616,-5.519,2.926,,,
[1758212875655223453],12.096,-5.964,2.871,,,
[1758212875660348818],11.14,-5.617,2.344,,,
[1758212875665483349],12.105,-5.746,1.726,,,
[1758212875670598297],11.334,-5.866,1.769,,,
[1758212875678864755],10.664,-5.243,1.176,,,
[1758212875685181422],11.303,-5.021,0.728,,,
[1758212875690443818],9.242,-4.662,0.831,,,
[1758212875695569547],10.551,-4.578,-0.211,,,
[1758212875700756578],9.084,-4.489,0.012,,,
[1758212875705996318],9.337,-4.02,-0.077,,,
[1758212875711130380],8.528,-3.871,-0.065,,,
[1758212875716272828],8.533,-3.529,-0.026,,,
[1758212875721392515],7.848,-3.587,0.321,,,
[1758212875726552255],7.743,-3.359,0.852,,,
[1758212875731749443],6.998,-3.352,1.686,,,
[1758212875736867567],7.013,-2.926,1.618,,,
[1758212875741979651],7.264,-3.215,2.313,,,
[1758212875747105432],6.625,-3.069,2.231,,,
[1758212875752271682],7.319,-3.512,2.763,,,
[1758212875758824182],7.07,-3.828,3.34,,,
[1758212875764040484],8.964,-4.147,3.515,,,
[1758212875769181995],7.891,-4.195,3.407,,,
[1758212875774319859],9.615,-4.549,4.245,,,
[1758212875779419026],8.401,-4.35,4.041,,,
[1758212875786750901],9.797,-4.592,4.805,,,
[1758212875791986213],10.096,-5.222,4.319,,,
[1758212875797091942],10.156,-5.145,3.792,,,
[1758212875802293401],11.284,-5.595,3.737,,,
[1758212875807536786],11.052,-5.485,3.036,,,
[1758212875812720745],11.825,-5.957,2.761,,,
[1758212875817859130],11.253,-5.669,2.579,,,
[1758212875823045432],12.342,-5.959,1.961,,,
[1758212875828170328],11.291,-5.619,1.319,,,
[1758212875833260067],12.392,-5.626,1.293,,,
[1758212875838341786],10.448,-5.167,0.615,,,
[1758212875843454807],11.102,-5.1,0.881,,,
[1758212875848549442],9.196,-4.544,0.613,,,
[1758212875853727411],10.441,-4.556,-0.019,,,
[1758212875858844651],8.861,-4.52,-0.172,,,
[1758212875865302359],9.28,-4.013,-0.541,,,
[1758212875870548297],8.131,-3.953,-0.151,,,
[1758212875875647620],8.59,-3.649,0.134,,,
[1758212875880748245],7.283,-3.486,0.393,,,
[1758212875885885172],7.91,-3.29,1.456,,,
[1758212875892105432],6.9,-3.273,1.662,,,
[1758212875898522307],6.206,-2.911,1.908,,,
[1758212875903845797],7.693,-3.316,2.863,,,
[1758212875908989859],6.254,-2.945,3.012,,,
[1758212875914121890],7.891,-3.646,3.249,,,
[1758212875919223140],7.108,-4.02,3.807,,,
[1758212875924301890],9.457,-4.271,3.587,,,
[1758212875929396317],8.193,-4.283,3.814,,,
[1758212875934555953],9.723,-4.523,3.898,,,
[1758212875939738817],8.724,-4.664,4.429,,,
[1758212875944956370],10.317,-4.784,4.539,,,
[1758212875950077255],9.515,-5.028,4.341,,,
[1758212875955260849],11.38,-5.239,4.254,,,
[1758212875960369286],9.989,-5.437,3.711,,,
[1758212875965501213],11.837,-5.413,3.065,,,
[1758212875971994599],11.619,-5.892,2.727,,,
[1758212875977256369],11.509,-5.61,2.105,,,
[1758212875982434390],11.966,-5.899,1.791,,,
[1758212875987553192],11.152,-5.65,0.879,,,
[1758212875992716786],11.688,-5.401,0.85,,,
[1758212875997874338],10.161,-4.808,0.335,,,
[1758212876004251994],10.637,-4.604,0.373,,,
[1758212876009796630],8.945,-4.52,-0.038,,,
[1758212876014927463],10.329,-4.549,-0.474,,,
[1758212876020037776],8.143,-4.135,-0.417,,,
[1758212876025247411],9.17,-4.037,-0.646,,,
[1758212876030457411],7.717,-3.831,-0.026,,,
[1758212876035606005],8.133,-3.407,0.139,,,
[1758212876040711682],7.027,-3.402,0.876,,,
[1758212876045844859],7.503,-3.199,1.434,,,
[1758212876051039963],6.586,-3.247,2.133,,,
[1758212876056269963],7.298,-2.775,2.148,,,
[1758212876061391317],6.553,-3.074,3.122,,,
[1758212876066521474],7.168,-3.184,2.82,,,
[1758212876071645380],7.137,-3.895,3.203,,,
[1758212876078094182],7.726,-3.965,3.642,,,
[1758212876083343349],9.345,-4.343,3.871,,,
[1758212876088447203],8.43,-4.31,4.635,,,
[1758212876093574338],9.802,-4.736,4.405,,,
[1758212876098680797],9.076,-4.764,4.456,,,
[1758212876103861786],10.654,-5.109,4.164,,,
[1758212876108993609],9.531,-5.145,4.223,,,
[1758212876114166578],11.552,-5.468,4.089,,,
[1758212876121441369],11.023,-5.775,3.127,,,
[1758212876127059338],11.365,-5.657,2.291,,,
[1758212876132214338],11.914,-5.981,2.085,,,
[1758212876137316057],11.765,-5.54,1.58,,,
[1758212876142512567],11.691,-5.794,1.695,,,
[1758212876147651526],11.222,-5.425,1.08,,,
[1758212876152893817],11.667,-5.258,0.929,,,
[1758212876158026422],9.826,-4.585,0.529,,,
[1758212876163190849],10.427,-4.752,0.56,,,
[1758212876168391213],9.242,-4.336,0.041,,,
[1758212876173579130],10.058,-4.36,0.136,,,
[1758212876178713453],8.389,-4.025,-0.328,,,
[1758212876185279234],9.275,-3.891,-0.582,,,
[1758212876190529703],7.362,-3.543,0.285,,,
[1758212876195649338],8.14,-3.45,0.457,,,
[1758212876200763453],6.637,-3.235,1.621,,,
[1758212876206009859],7.59,-3.055,1.494,,,
[1758212876211144703],6.914,-3.005,1.76,,,
[1758212876216269494],6.986,-3.036,2.325,,,
[1758212876221375484],6.474,-3.179,2.923,,,
[1758212876226513401],7.525,-3.436,3.321,,,
[1758212876232757776],8.528,-4.094,3.531,,,
[1758212876238192255],8.32,-4.223,3.812,,,
[1758212876243336838],9.507,-4.341,4.247,,,
[1758212876248443453],8.423,-4.511,4.017,,,
[1758212876253643505],10.013,-4.755,4.444,,,
[1758212876258761890],8.887,-4.662,4.468,,,
[1758212876263898192],10.427,-5.219,4.662,,,
[1758212876269020432],9.895,-5.15,4.424,,,
[1758212876274155901],11.679,-5.607,3.709,,,
[1758212876279247046],10.336,-5.449,2.844,,,
[1758212876284384651],12.196,-5.995,2.193,,,
[1758212876289850796],10.958,-5.935,2.289,,,
[1758212876294999963],12.634,-5.777,1.583,,,
[1758212876300117046],10.994,-5.727,1.386,,,
[1758212876305323974],11.937,-5.363,1.159,,,
[1758212876310467619],10.333,-5.049,1.025,,,
[1758212876315603765],10.748,-4.707,0.187,,,
[1758212876320722307],9.44,-4.554,-0.17,,,
[1758212876325890067],10.367,-4.626,0.113,,,
[1758212876331013453],8.701,-4.384,-0.113,,,
[1758212876336219130],9.438,-3.974,-0.596,,,
[1758212876341339338],8.614,-4.025,-0.467,,,
[1758212876346876265],8.162,-3.448,-0.151,,,
[1758212876352025588],7.532,-3.452,0.589,,,
[1758212876357221317],7.803,-3.038,1.264,,,
[1758212876362382307],7.477,-3.141,1.647,,,
[1758212876367541786],6.555,-3.206,1.765,,,
[1758212876372761786],6.993,-3.256,2.495,,,
[1758212876377895640],6.534,-3.189,2.423,,,
[1758212876383041838],7.59,-3.589,3.539,,,
[1758212876388183973],7.36,-3.785,3.517,,,
[1758212876393424703],9.064,-4.511,3.759,,,
[1758212876399924911],8.054,-4.379,3.824,,,
[1758212876405215432],9.845,-4.472,4.35,,,
[1758212876410447828],8.988,-4.64,4.602,,,
[1758212876415563036],10.293,-4.776,4.585,,,
[1758212876420685588],9.713,-5.195,4.223,,,
[1758212876425813140],11.226,-5.126,4.147,,,
[1758212876430918869],10.671,-5.344,3.575,,,
[1758212876436021421],11.71,-5.612,2.95,,,
[1758212876441121682],11.111,-5.801,2.545,,,
[1758212876446269078],12.301,-5.667,1.786,,,
[1758212876451440901],11.198,-5.926,1.927,,,
[1758212876457086473],11.89,-5.76,1.106,,,
[1758212876462340640],11.473,-5.492,0.848,,,
[1758212876467479598],11.03,-4.875,0.67,,,
[1758212876472683244],10.7,-4.951,0.646,,,
[1758212876477839598],9.419,-4.492,-0.113,,,
[1758212876482966942],10.029,-4.587,-0.254,,,
[1758212876488082776],8.978,-4.053,-0.879,,,
[1758212876493305536],9.385,-4.329,-0.038,,,
[1758212876498639963],8.373,-3.666,-0.287,,,
[1758212876504537203],8.586,-3.737,-0.213,,,
[1758212876509711473],6.857,-3.28,0.314,,,
[1758212876514809807],8.15,-3.345,1.233,,,
[1758212876519901786],6.184,-3.127,1.166,,,
[1758212876525102307],7.554,-3.132,1.994,,,
[1758212876535985744],7.357,-3.184,3.057,,,
[1758212876542289703],7.616,-3.766,2.875,,,
[1758212876547526942],8.147,-3.91,3.172,,,
[1758212876552744078],8.483,-4.211,3.637,,,
[1758212876557881734],8.406,-4.274,3.958,,,
[1758212876563386213],9.536,-4.963,4.616,,,
[1758212876568583817],8.928,-4.788,4.42,,,
[1758212876573749703],10.127,-5.176,4.827,,,
[1758212876578860380],9.596,-5.009,4.468,,,
[1758212876584053088],11.497,-5.387,4.118,,,
[1758212876589318140],10.321,-5.394,3.45,,,
[1758212876594497098],12.081,-5.76,2.502,,,
[1758212876599618869],11.145,-5.746,2.799,,,
[1758212876604886005],12.639,-5.863,2.246,,,
[1758212876610330015],10.965,-5.578,1.748,,,
[1758212876615511682],12.179,-5.665,1.247,,,
[1758212876620628244],10.563,-5.15,1.109,,,
[1758212876625840744],11.468,-4.721,0.661,,,
[1758212876630975536],9.625,-4.831,0.34,,,
[1758212876636200692],10.077,-4.298,0.16,,,
[1758212876641339963],9.206,-4.329,0.486,,,
[1758212876646471057],9.579,-3.836,-0.091,,,
[1758212876651581682],8.351,-4.077,0.242,,,
[1758212876656791421],8.732,-3.541,0.196,,,
[1758212876661927723],7.475,-3.615,0.618,,,
[1758212876667100848],7.659,-3.251,0.814,,,
[1758212876672587307],7.616,-3.378,1.307,,,
[1758212876677854755],6.972,-2.947,1.635,,,
[1758212876682976265],7.089,-3.273,2.179,,,
[1758212876688094182],6.337,-2.933,2.32,,,
[1758212876693273348],7.468,-3.668,2.837,,,
[1758212876698388713],6.843,-3.551,2.919,,,
[1758212876703649025],8.598,-4.073,3.634,,,
[1758212876708799546],8.013,-4.149,3.45,,,
[1758212876713998505],9.467,-4.609,4.013,,,
[1758212876720455796],8.645,-4.673,4.345,,,
[1758212876725685953],9.864,-4.731,4.506,,,
[1758212876730803817],9.268,-4.784,4.405,,,
[1758212876735893609],10.958,-5.265,4.46,,,
[1758212876741038869],10.123,-5.262,4.211,,,
[1758212876746202255],11.31,-5.547,3.304,,,
[1758212876751305484],11.102,-5.775,2.739,,,
[1758212876756478140],11.89,-5.799,2.866,,,
[1758212876761655223],11.291,-5.789,2.025,,,
[1758212876766948036],11.801,-5.772,1.69,,,
[1758212876772046473],11.437,-5.737,1.571,,,
[1758212876777149025],11.712,-4.98,0.814,,,
[1758212876782687515],10.973,-5.001,0.855,,,
[1758212876789019807],9.347,-4.496,0.208,,,
[1758212876794214650],10.41,-4.506,-0.211,,,
[1758212876799321994],8.71,-4.338,-0.326,,,
[1758212876804547671],9.677,-4.415,-0.34,,,
[1758212876809729650],7.793,-3.982,-0.208,,,
[1758212876814845223],9.009,-3.795,0.132,,,
[1758212876819949963],6.991,-3.654,0.567,,,
[1758212876825445171],8.341,-3.294,0.776,,,
[1758212876830588765],6.63,-3.436,1.24,,,
[1758212876835810432],7.398,-3.179,1.544,,,
[1758212876840978088],6.294,-3.093,2.392,,,
[1758212876846166838],7.748,-3.124,2.816,,,
[1758212876851287723],6.414,-3.225,2.863,,,
[1758212876856516786],7.752,-3.579,2.875,,,
[1758212876861669182],8.219,-4.046,3.776,,,
[1758212876866825588],8.698,-4.118,4.039,,,
[1758212876871980067],8.43,-4.594,4.317,,,
[1758212876877201161],9.048,-4.53,4.511,,,
[1758212876882380744],9.457,-4.726,4.863,,,
[1758212876887522671],9.874,-4.829,4.166,,,
[1758212876893122880],10.91,-5.16,4.755,,,
[1758212876898348348],10.58,-5.219,4.226,,,
[1758212876903621890],11.722,-5.674,3.079,,,
[1758212876908794911],10.884,-5.689,2.507,,,
[1758212876913956525],12.333,-6.036,2.49,,,
[1758212876919101369],11.09,-5.77,2.049,,,
[1758212876924275432],12.337,-5.693,1.231,,,
[1758212876929399755],11.047,-5.569,1.046,,,
[1758212876936066265],11.672,-5.119,0.579,,,
[1758212876942617463],10.326,-4.867,0.781,,,
[1758212876947895692],9.414,-4.391,0.218,,,
[1758212876953114338],10.072,-4.659,-0.041,,,
[1758212876958238348],9.009,-4.281,-0.666,,,
[1758212876963390536],9.184,-4.322,-0.244,,,
[1758212876968522411],8.191,-3.809,-0.204,,,
[1758212876973645588],8.365,-3.677,-0.062,,,
[1758212876978771890],6.91,-3.251,0.541,,,
[1758212876984289182],8.157,-3.381,1.494,,,
[1758212876989495536],6.507,-2.971,1.652,,,
[1758212876994623765],7.755,-3.163,2.097,,,
[1758212877000768921],6.167,-3.263,2.715,,,
[1758212877006418817],7.623,-3.151,2.255,,,
[1758212877011585067],6.759,-3.436,2.78,,,
[1758212877016711265],8.509,-4.147,3.026,,,
[1758212877021818192],8.145,-4.384,3.862,,,
[1758212877026957359],8.624,-4.104,3.917,,,
[1758212877032060640],9.052,-4.738,4.31,,,
[1758212877037168452],9.527,-4.64,4.465,,,
[1758212877042365119],9.534,-4.958,4.63,,,
[1758212877048744598],9.838,-5.193,4.393,,,
[1758212877054058192],11.55,-5.528,4.429,,,
[1758212877059189286],10.171,-5.222,3.618,,,
[1758212877064336629],12.086,-5.65,3.079,,,
[1758212877069434598],10.786,-5.737,2.495,,,
[1758212877074533557],12.541,-6.108,1.906,,,
[1758212877079639390],11.435,-5.856,1.659,,,
[1758212877084804598],12.591,-5.727,1.032,,,
[1758212877089921004],10.482,-5.329,0.814,,,
[1758212877095135432],11.485,-4.98,0.227,,,
[1758212877100257046],9.486,-4.578,0.467,,,
[1758212877105495900],10.544,-4.465,0.072,,,
[1758212877110672515],9.062,-4.41,-0.01,,,
[1758212877116152984],9.51,-4.18,0.026,,,
[1758212877121266473],8.277,-3.847,-0.359,,,
[1758212877126401473],9.055,-3.699,-0.558,,,
[1758212877131569911],7.513,-3.584,0.206,,,
[1758212877136717359],8.092,-3.33,0.328,,,
[1758212877141825171],6.881,-3.067,1.358,,,
[1758212877146967046],7.333,-3.043,1.587,,,
[1758212877152194182],7.19,-3.072,2.119,,,
[1758212877157741629],6.63,-3.304,2.253,,,
[1758212877163059077],6.914,-3.493,2.844,,,
[1758212877168252723],6.732,-3.407,2.775,,,
[1758212877173400275],8.693,-4.144,3.488,,,
[1758212877178555484],7.999,-4.228,3.476,,,
[1758212877183651838],9.237,-4.58,3.864,,,
[1758212877188785744],8.475,-4.3,4.228,,,
[1758212877193949442],10.142,-4.863,4.645,,,
[1758212877199118192],9.345,-4.808,4.772,,,
[1758212877204451109],10.834,-5.274,4.597,,,
[1758212877209646890],9.802,-5.176,3.984,,,
[1758212877214805015],11.621,-5.401,3.522,,,
[1758212877219912932],10.628,-5.373,2.938,,,
[1758212877227446213],11.502,-5.543,2.181,,,
[1758212877232980327],11.916,-6.076,2.231,,,
[1758212877238130484],12.096,-5.626,1.52,,,
[1758212877243216994],11.976,-5.739,1.669,,,
[1758212877248321734],11.078,-5.14,0.943,,,
[1758212877253540848],11.394,-4.925,0.953,,,
[1758212877258678452],9.687,-4.64,0.129,,,
[1758212877264101838],10.451,-4.458,0.01,,,
[1758212877269231525],8.99,-4.278,-0.323,,,
[1758212877274471629],9.608,-4.484,-0.263,,,
[1758212877279719963],8.124,-3.96,-0.208,,,
[1758212877284842775],8.964,-3.938,0.223,,,
[1758212877289946421],6.955,-3.56,0.182,,,
[1758212877295051473],8.186,-3.548,0.821,,,
[1758212877300157671],6.615,-3.227,2.097,,,
[1758212877305352463],7.958,-3.151,1.846,,,
[1758212877310499650],6.191,-2.998,2.207,,,
[1758212877315700484],7.46,-3.388,2.634,,,
[1758212877320954390],6.395,-3.168,2.658,,,
[1758212877326117202],8.152,-3.603,2.978,,,
[1758212877331628296],8.107,-4.24,3.184,,,
[1758212877336772098],8.595,-3.843,3.936,,,
[1758212877341874911],8.684,-4.398,4.264,,,
[1758212877347006109],9.455,-4.288,4.178,,,
[1758212877352202984],9.222,-4.798,4.633,,,
[1758212877357391161],9.85,-4.748,4.226,,,
[1758212877362597827],9.926,-5.277,4.108,,,
[1758212877367761681],10.582,-5.157,3.323,,,
[1758212877373255119],11.365,-5.607,3.316,,,
[1758212877378448609],11.023,-5.502,2.739,,,
[1758212877383715171],12.321,-5.981,2.705,,,
[1758212877388829806],11.334,-5.701,1.903,,,
[1758212877393994702],12.677,-5.899,2.373,,,
[1758212877399144754],11.286,-5.677,1.599,,,
[1758212877404364234],11.993,-5.492,0.869,,,
[1758212877409487359],10.259,-4.999,0.879,,,
[1758212877414650379],10.702,-4.741,0.742,,,
[1758212877422106265],9.517,-4.628,-0.172,,,
[1758212877427642723],9.594,-4.219,-0.287,,,
[1758212877432894598],9.242,-4.216,-0.678,,,
[1758212877440257463],7.822,-3.757,-0.026,,,
[1758212877445756004],8.449,-3.639,-0.002,,,
[1758212877450970015],7.173,-3.448,0.625,,,
[1758212877456191161],7.853,-3.371,1.262,,,
[1758212877461307723],6.448,-2.988,1.542,,,
[1758212877466459754],7.458,-2.804,2.167,,,
[1758212877471564702],6.136,-3.328,3.017,,,
[1758212877476695692],7.681,-3.024,3.05,,,
[1758212877481942098],7.369,-3.618,3.206,,,
[1758212877487090692],8.392,-3.936,2.947,,,
[1758212877492307358],8.528,-4.463,3.725,,,
[1758212877497392879],8.746,-4.178,4.111,,,
[1758212877502782619],9.179,-4.611,3.749,,,
[1758212877508043348],9.076,-4.702,3.84,,,
[1758212877513189338],10.084,-5.042,4.544,,,
[1758212877518349650],9.869,-4.788,4.017,,,
[1758212877523500379],10.992,-5.344,4.168,,,
[1758212877528628192],10.391,-5.243,3.658,,,
[1758212877533786056],11.574,-5.698,3.385,,,
[1758212877538945275],11.143,-5.65,2.607,,,
[1758212877544394442],12.613,-5.904,2.064,,,
[1758212877549652306],11.076,-5.818,1.915,,,
[1758212877554878400],12.467,-5.83,1.243,,,
[1758212877560018400],10.752,-5.284,0.85,,,
[1758212877565172879],11.648,-5.047,0.448,,,
[1758212877570342723],9.639,-4.681,0.249,,,
[1758212877575434129],10.357,-4.508,0.089,,,
[1758212877580547671],8.942,-4.228,-0.254,,,
[1758212877585738400],10.077,-4.413,0.132,,,
[1758212877593099911],8.739,-4.099,-0.4,,,
[1758212877598317671],7.841,-3.527,-0.247,,,
[1758212877603481421],8.238,-3.649,0.014,,,
[1758212877608655171],7.307,-3.191,0.706,,,
[1758212877613895431],7.736,-3.452,1.642,,,
[1758212877619020275],6.551,-3.132,1.369,,,
[1758212877624108869],7.271,-3.201,2.564,,,
[1758212877629199546],6.378,-3.225,2.806,,,
[1758212877634361108],7.91,-3.318,3.012,,,
[1758212877639559598],6.821,-3.642,2.959,,,
[1758212877644665171],8.825,-4.204,3.244,,,
[1758212877650108661],7.951,-4.25,3.302,,,
[1758212877655339598],9.483,-4.458,3.764,,,
[1758212877660451213],8.526,-4.475,4.243,,,
[1758212877665604911],10.029,-4.863,4.408,,,
[1758212877670744442],9.175,-4.712,4.389,,,
[1758212877675839754],11.104,-5.294,4.48,,,
[1758212877681003348],9.984,-5.327,4.156,,,
[1758212877686162567],11.554,-5.382,3.45,,,
[1758212877691276629],10.597,-5.672,2.974,,,
[1758212877696929963],11.916,-5.739,2.504,,,
[1758212877702093192],11.372,-5.681,2.076,,,
[1758212877707331369],11.894,-5.624,1.516,,,
[1758212877712559494],11.796,-5.856,1.274,,,
[1758212877717753608],11.308,-5.088,0.651,,,
[1758212877722935952],10.949,-5.191,0.86,,,
[1758212877728044390],9.979,-4.585,0.273,,,
[1758212877733231056],9.833,-4.767,-0.261,,,
[1758212877738364233],9.708,-4.345,-0.184,,,
[1758212877743570431],9.867,-4.14,0.187,,,
[1758212877748704858],8.279,-3.96,-0.685,,,
[1758212877753932098],8.837,-4.123,-0.275,,,
[1758212877759520275],7.195,-3.388,0.362,,,
[1758212877764706890],8.377,-3.529,1.188,,,
[1758212877769868765],6.383,-3.366,1.226,,,
[1758212877775015848],7.736,-3.11,1.504,,,
[1758212877780119546],6.084,-2.902,2.083,,,
[1758212877785238192],7.647,-3.304,2.502,,,
[1758212877790346317],6.246,-2.938,2.739,,,
[1758212877795519285],8.183,-3.742,3.168,,,
[1758212877800791994],7.649,-3.857,3.409,,,
[1758212877806404442],9.227,-4.271,3.965,,,
[1758212877811568452],8.562,-4.554,4.247,,,
[1758212877816688035],9.402,-4.405,4.503,,,
[1758212877821830431],8.842,-4.757,4.695,,,
[1758212877826996890],9.929,-4.685,4.42,,,
[1758212877832072410],10.13,-4.958,4.396,,,
[1758212877837203244],10.783,-4.98,4.511,,,
[1758212877842422879],10.544,-5.461,3.541,,,
[1758212877847586994],11.38,-5.456,2.772,,,
[1758212877852901994],11.813,-5.875,2.895,,,
[1758212877858103296],11.66,-5.526,2.076,,,
[1758212877863239494],12.002,-6.026,2.291,,,
[1758212877868805431],11.188,-5.605,1.511,,,
[1758212877873996577],12.172,-5.629,0.996,,,
[1758212877879140796],10.501,-5.011,0.666,,,
[1758212877884327723],10.877,-4.875,0.627,,,
[1758212877889447775],9.141,-4.59,-0.079,,,
[1758212877894556577],10.379,-4.544,-0.718,,,
[1758212877899725223],8.775,-4.231,-0.448,,,
[1758212877905008192],9.524,-4.101,-0.429,,,
[1758212877910215744],7.652,-3.785,-0.124,,,
[1758212877915803660],8.571,-3.603,0.057,,,
[1758212877920995692],7.247,-3.354,0.484,,,
[1758212877926115327],8.035,-3.512,1.398,,,
[1758212877931259181],6.495,-3.108,1.887,,,
[1758212877936412462],7.441,-3.05,2.095,,,
[1758212877941557306],6.373,-3.16,2.871,,,
[1758212877946690692],7.484,-3.292,2.895,,,
[1758212877951783556],6.788,-3.589,3.27,,,
[1758212877956982879],8.037,-4.01,3.069,,,
[1758212877962310275],8.48,-4.396,2.938,,,
[1758212877967446525],8.926,-4.3,3.974,,,
[1758212877972622827],8.914,-4.293,4.331,,,
[1758212877978242775],9.088,-4.499,4.262,,,
[1758212877983396160],10.233,-5.047,4.183,,,
[1758212877988539494],10.101,-4.772,4.056,,,
[1758212877993662098],10.685,-5.301,4.484,,,
[1758212877998754598],10.312,-5.186,3.845,,,
[1758212878003975067],11.703,-5.792,3.299,,,
[1758212878009134181],10.839,-5.665,2.847,,,
[1758212878014325327],12.402,-6.079,2.392,,,
[1758212878019493504],11.104,-5.871,1.544,,,
[1758212878025142150],12.584,-5.784,1.729,,,
[1758212878030336733],10.807,-5.382,1.358,,,
[1758212878035501421],11.487,-5.27,0.723,,,
[1758212878040608035],9.347,-4.731,0.417,,,
[1758212878045762098],10.511,-4.642,0.421,,,
[1758212878050871004],8.938,-4.293,-0.101,,,
[1758212878056050535],9.871,-4.336,-0.091,,,
[1758212878061169337],8.052,-3.982,-0.275,,,
[1758212878066372567],9.05,-3.847,-0.055,,,
[1758212878073358608],8.241,-3.584,0.235,,,
[1758212878078818192],7.092,-3.156,0.256,,,
[1758212878084385275],7.865,-3.359,1.923,,,
[1758212878089546890],6.316,-2.768,1.736,,,
[1758212878094679598],7.796,-3.141,2.509,,,
[1758212878099795483],6.242,-3.213,2.49,,,
[1758212878105028973],7.958,-3.503,2.792,,,
[1758212878110150327],6.737,-3.601,3.002,,,
[1758212878115290015],8.923,-4.264,3.342,,,
[1758212878120407515],8.169,-4.257,3.596,,,
[1758212878125628035],9.584,-4.441,4.108,,,
[1758212878131082775],8.38,-4.539,4.635,,,
[1758212878136328452],9.965,-4.659,4.563,,,
[1758212878141434389],9.471,-4.887,4.719,,,
[1758212878146543556],10.745,-4.901,4.372,,,
[1758212878151766577],10.221,-5.255,3.845,,,
[1758212878158108556],11.155,-5.464,3.359,,,
[1758212878163356160],11.583,-5.868,2.851,,,
[1758212878168452358],11.59,-5.636,2.052,,,
[1758212878173592827],12.103,-5.899,2.332,,,
[1758212878178707202],11.226,-5.653,1.674,,,
[1758212878183830692],12.1,-5.672,1.425,,,
[1758212878188966317],10.748,-5.164,0.994,,,
[1758212878194537879],11.255,-5.021,0.855,,,
[1758212878199739494],9.136,-4.484,0.443,,,
[1758212878205057983],10.721,-4.812,0.373,,,
[1758212878210231994],8.739,-4.384,-0.378,,,
[1758212878215407358],9.682,-4.322,-0.699,,,
[1758212878220559494],8.023,-3.936,-0.12,,,
[1758212878225692150],9.002,-3.677,0.371,,,
[1758212878230816942],7.084,-3.472,0.388,,,
[1758212878236457410],8.387,-3.321,0.424,,,
[1758212878241667306],6.63,-3.024,1.81,,,
[1758212878246924650],7.23,-2.832,1.824,,,
[1758212878252083764],6.349,-3.163,2.054,,,
[1758212878257278035],7.161,-3.122,2.514,,,
[1758212878262498244],6.646,-3.359,2.945,,,
[1758212878267661785],7.877,-3.548,2.495,,,
[1758212878272811577],8.576,-4.413,3.1,,,
[1758212878277903973],8.571,-4.271,3.677,,,
[1758212878283038712],9.143,-4.518,4.319,,,
[1758212878288180119],9.328,-4.331,4.357,,,
[1758212878293407306],9.675,-4.683,4.664,,,
[1758212878298557150],9.754,-4.671,4.3,,,
[1758212878304172306],10.939,-5.277,4.966,,,
[1758212878309348296],9.833,-5.176,3.73,,,
[1758212878314481317],11.782,-5.43,3.778,,,
[1758212878319595067],10.635,-5.49,2.717,,,
[1758212878324814077],12.009,-5.909,2.318,,,
[1758212878329917827],10.963,-5.734,2.023,,,
[1758212878335097046],12.531,-5.897,1.674,,,
[1758212878340201889],10.788,-5.547,1.427,,,
[1758212878345850327],11.7,-5.432,0.871,,,
[1758212878351027775],10.242,-4.891,0.673,,,
[1758212878356240327],10.795,-4.499,0.263,,,
[1758212878361321629],9.366,-4.578,0.227,,,
[1758212878366422514],10.281,-4.489,-0.373,,,
[1758212878371603087],8.337,-4.345,-0.096,,,
[1758212878376788504],9.301,-3.859,-0.175,,,
[1758212878381905744],7.987,-3.852,-0.23,,,
[1758212878387135744],8.028,-3.539,0.208,,,
[1758212878392417879],7.321,-3.452,0.675,,,
[1758212878397564181],7.549,-3.153,1.302,,,
[1758212878402827254],6.773,-3.067,1.776,,,
[1758212878407970275],7.015,-2.988,1.913,,,
[1758212878413566629],7.154,-3.067,2.081,,,
[1758212878418696264],6.62,-3.057,2.892,,,
[1758212878423803087],7.738,-3.783,3.388,,,
[1758212878428894077],7.688,-4.075,3.349,,,
[1758212878434008348],8.916,-4.41,3.922,,,
[1758212878439157514],8.133,-4.42,4.027,,,
[1758212878444261160],9.795,-4.659,4.156,,,
[1758212878449404389],9.043,-4.654,4.374,,,
[1758212878456041681],10.403,-5.054,4.216,,,
[1758212878461574546],9.819,-5.26,4.353,,,
[1758212878466751941],11.339,-5.229,4.025,,,
[1758212878471862723],10.848,-5.351,3.045,,,
[1758212878477005327],11.686,-5.511,2.358,,,
[1758212878482092098],11.059,-5.887,2.444,,,
[1758212878487238660],12.313,-5.617,1.384,,,
[1758212878492498296],11.825,-5.708,1.98,,,
[1758212878497676473],11.856,-5.562,1.448,,,
[1758212878503017671],11.248,-5.425,0.876,,,
[1758212878508145223],10.985,-4.681,0.189,,,
[1758212878513351473],10.412,-4.815,0.326,,,
[1758212878518973296],9.601,-4.592,0.043,,,
[1758212878524126160],9.766,-4.334,0.244,,,
[1758212878529271629],8.842,-4.142,-0.045,,,
[1758212878534444129],9.512,-4.058,-0.129,,,
[1758212878539559650],7.683,-3.74,-0.302,,,
[1758212878544680327],8.507,-3.673,0.189,,,
[1758212878549843764],6.845,-3.515,0.529,,,
[1758212878555213504],7.829,-3.115,1.252,,,
[1758212878560447514],6.16,-2.959,1.824,,,
[1758212878565580014],7.456,-3.177,2.485,,,
[1758212878570748660],6.069,-3.127,2.744,,,
[1758212878575957566],7.712,-3.479,2.962,,,
[1758212878581121004],6.955,-3.675,3.505,,,
[1758212878586246056],8.823,-4.228,3.804,,,
[1758212878591365587],8.102,-4.317,3.929,,,
[1758212878596503712],9.383,-4.427,4.13,,,
[1758212878601658452],8.938,-4.58,4.377,,,
[1758212878606856108],9.845,-4.729,4.424,,,
[1758212878611990952],9.342,-5.018,4.767,,,
[1758212878617182671],10.585,-4.994,4.286,,,
[1758212878622369337],10.144,-5.377,4.398,,,
[1758212878628047202],11.176,-5.315,3.519,,,
[1758212878633221629],11.337,-5.715,2.945,,,
[1758212878638311316],11.492,-5.638,2.346,,,
[1758212878643465327],12.081,-5.892,2.002,,,
[1758212878648641993],12.05,-5.708,1.444,,,
[1758212878653885431],12.146,-5.923,1.516,,,
[1758212878659034233],10.688,-5.203,0.785,,,
[1758212878664564806],11.078,-4.98,0.704,,,
[1758212878669730014],9.282,-4.594,0.67,,,
[1758212878674942202],10.508,-4.599,0.601,,,
[1758212878680053243],8.681,-4.386,0.093,,,
[1758212878685235483],9.809,-4.424,-0.115,,,
[1758212878690375275],7.987,-3.84,-0.084,,,
[1758212878695528712],9.129,-3.859,0.127,,,
[1758212878700656473],7.336,-3.323,0.244,,,
[1758212878707649077],8.071,-3.338,1.149,,,
[1758212878713195118],7.393,-3.134,1.448,,,
[1758212878718406733],6.651,-2.998,1.982,,,
[1758212878723571681],7.005,-3.266,2.251,,,
[1758212878728708243],6.929,-3.0,2.653,,,
[1758212878734112931],7.76,-3.232,3.352,,,
[1758212878739269598],7.104,-3.802,3.519,,,
[1758212878744363764],8.801,-4.535,3.977,,,
[1758212878749461473],8.341,-4.02,3.984,,,
[1758212878754839702],9.369,-4.808,4.456,,,
[1758212878759962306],8.459,-4.671,4.362,,,
[1758212878765106056],10.285,-4.899,4.254,,,
[1758212878771607410],9.538,-4.958,4.453,,,
[1758212878776868139],11.214,-5.047,4.345,,,
[1758212878781966889],9.989,-5.368,4.128,,,
[1758212878787073139],11.358,-5.476,3.168,,,
[1758212878792221368],11.365,-5.808,2.643,,,
[1758212878797325743],12.007,-5.528,2.397,,,
[1758212878802505691],11.502,-5.713,2.037,,,
[1758212878807672566],11.909,-5.622,1.281,,,
[1758212878812929077],11.229,-5.684,1.085,,,
[1758212878818231681],10.994,-5.049,0.752,,,
[1758212878823363868],10.697,-4.858,0.615,,,
[1758212878828503973],9.682,-4.609,0.196,,,
[1758212878833660014],10.01,-4.609,-0.079,,,
[1758212878839174806],8.868,-4.293,-0.235,,,
[1758212878844374962],9.574,-4.202,-0.029,,,
[1758212878849489389],7.961,-3.903,-0.309,,,
[1758212878854695587],8.801,-3.713,0.098,,,
[1758212878859834129],7.135,-3.304,0.536,,,
[1758212878864987202],8.265,-3.328,1.116,,,
[1758212878870081056],6.642,-3.263,1.281,,,
[1758212878875230848],7.508,-3.275,1.968,,,
[1758212878881373400],6.302,-3.05,2.169,,,
[1758212878887646785],7.197,-3.349,3.16,,,
[1758212878894086577],7.824,-3.888,3.45,,,
[1758212878900421264],7.59,-3.991,3.45,,,
[1758212878906915483],9.254,-4.444,3.898,,,
[1758212878912224754],8.296,-4.614,4.685,,,
[1758212878917371420],9.448,-4.499,4.499,,,
[1758212878922535952],9.428,-5.04,4.764,,,
[1758212878927658295],10.197,-4.676,4.096,,,
[1758212878932806316],10.472,-5.485,4.329,,,
[1758212878937940223],10.843,-5.195,3.687,,,
[1758212878943078608],10.755,-5.631,2.703,,,
[1758212878949526368],11.061,-5.634,2.703,,,
[1758212878954824754],12.352,-5.787,2.169,,,
[1758212878959939337],11.088,-5.71,1.319,,,
[1758212878965064233],12.414,-6.06,1.173,,,
[1758212878970160275],10.764,-5.495,0.943,,,
[1758212878975273400],11.791,-5.27,0.589,,,
[1758212878980362306],9.831,-4.839,0.397,,,
[1758212878985500848],10.534,-4.858,0.383,,,
[1758212878990596525],8.942,-4.381,-0.283,,,
[1758212878995686160],10.199,-4.295,-0.333,,,
[1758212879000786056],8.294,-4.096,-0.527,,,
[1758212879005955118],9.136,-4.111,-0.196,,,
[1758212879011117983],7.415,-3.555,0.445,,,
[1758212879017606889],7.791,-3.177,0.536,,,
[1758212879022858556],7.247,-3.22,1.008,,,
[1758212879028053139],7.005,-2.957,1.302,,,
[1758212879033180535],6.634,-3.136,2.205,,,
[1758212879038279337],6.831,-2.837,2.322,,,
[1758212879043378295],6.879,-3.112,2.653,,,
[1758212879049719337],6.563,-3.484,2.974,,,
[1758212879055036212],8.78,-4.135,3.632,,,
[1758212879060141472],7.829,-4.108,3.768,,,
[1758212879065258295],9.558,-4.381,3.893,,,
[1758212879070369493],8.418,-4.58,4.075,,,
[1758212879075589597],10.101,-4.851,4.348,,,
[1758212879080692618],9.16,-4.86,4.741,,,
[1758212879085810952],11.016,-5.03,4.429,,,
[1758212879090962150],9.926,-5.291,4.07,,,
[1758212879096192358],11.602,-5.578,3.634,,,
[1758212879101305587],10.602,-5.411,2.655,,,
[1758212879106484650],12.261,-5.717,2.538,,,
[1758212879111635327],11.013,-5.851,2.112,,,
[1758212879116798660],12.031,-5.751,1.621,,,
[1758212879123355952],11.672,-5.83,0.934,,,
[1758212879129679129],10.846,-5.21,1.154,,,
[1758212879134927045],11.487,-5.092,0.625,,,
[1758212879140031629],9.266,-4.597,0.697,,,
[1758212879145148972],10.613,-4.662,0.345,,,
[1758212879150249077],8.887,-4.199,0.259,,,
[1758212879155771212],9.787,-4.142,-0.575,,,
[1758212879160955379],7.956,-3.96,-0.316,,,
[1758212879166114441],9.081,-3.706,0.091,,,
[1758212879171228295],7.118,-3.46,0.409,,,
[1758212879176468712],8.181,-3.484,0.362,,,
[1758212879181633660],6.737,-3.299,1.262,,,
[1758212879186737775],7.717,-3.151,1.846,,,
[1758212879191822827],6.574,-3.0,2.444,,,
[1758212879196910900],7.702,-3.014,2.772,,,
[1758212879201990587],6.242,-3.311,3.223,,,
[1758212879207172306],7.549,-3.596,3.488,,,
[1758212879212431004],7.803,-3.895,3.972,,,
[1758212879217655691],8.964,-4.032,3.859,,,
[1758212879222913400],8.248,-4.47,4.24,,,
[1758212879229363764],8.681,-4.59,4.331,,,
[1758212879234605535],10.106,-5.035,4.635,,,
[1758212879239716108],9.244,-5.052,4.475,,,
[1758212879244817983],10.86,-5.21,4.695,,,
[1758212879249900066],10.07,-5.262,3.998,,,
[1758212879255056681],11.779,-5.768,3.141,,,
[1758212879260182202],10.714,-5.65,2.703,,,
[1758212879265713035],12.273,-5.796,2.739,,,
[1758212879270868191],10.925,-5.619,1.774,,,
[1758212879276101524],12.673,-5.906,1.808,,,
[1758212879281215170],11.042,-5.552,1.425,,,
[1758212879286333608],11.837,-5.315,0.852,,,
[1758212879291408972],10.321,-4.8,0.754,,,
[1758212879296506889],10.688,-4.542,0.318,,,
[1758212879301604649],9.347,-4.537,0.22,,,
[1758212879306780691],10.448,-4.41,-0.29,,,
[1758212879311953556],8.394,-4.159,0.077,,,
[1758212879317172774],9.325,-3.845,-0.194,,,
[1758212879322379493],8.337,-3.84,0.0,,,
[1758212879327580587],8.092,-3.534,0.433,,,
[1758212879332776524],7.393,-3.314,0.45,,,
[1758212879338248972],7.587,-3.297,1.518,,,
[1758212879343400222],7.389,-3.196,1.92,,,
[1758212879348543035],6.711,-2.885,1.482,,,
[1758212879353748295],7.151,-3.34,2.363,,,
[1758212879358946524],6.503,-3.156,2.94,,,
[1758212879364117931],7.609,-3.646,3.438,,,
[1758212879369262931],8.061,-4.058,3.282,,,
[1758212879375589181],9.414,-4.508,3.802,,,
[1758212879382080847],8.248,-4.427,4.537,,,
[1758212879387330274],10.017,-4.492,4.41,,,
[1758212879392494858],9.261,-4.733,4.444,,,
[1758212879397609493],10.154,-4.741,4.235,,,
[1758212879403983243],10.803,-5.363,4.494,,,
[1758212879409244858],10.542,-5.176,3.536,,,
[1758212879414366577],11.504,-5.734,3.371,,,
[1758212879419505274],11.198,-5.717,2.567,,,
[1758212879424634389],12.34,-5.844,2.253,,,
[1758212879429740691],11.368,-5.622,1.638,,,
[1758212879434857045],12.684,-5.842,1.958,,,
[1758212879439956368],10.815,-5.497,1.223,,,
[1758212879445393608],11.571,-5.229,0.627,,,
[1758212879450613764],9.893,-4.748,0.235,,,
[1758212879455828347],10.657,-4.635,0.421,,,
[1758212879460948087],9.055,-4.31,-0.113,,,
[1758212879466077514],10.166,-4.357,-0.414,,,
[1758212879471164597],8.004,-4.29,-0.397,,,
[1758212879476267931],9.22,-4.08,-0.103,,,
[1758212879481371681],7.558,-3.776,0.043,,,
[1758212879486537149],8.313,-3.539,0.419,,,
[1758212879494225483],7.875,-3.484,1.135,,,
[1758212879499477410],6.766,-3.021,1.717,,,
[1758212879504660066],7.202,-3.127,2.006,,,
[1758212879509774441],6.002,-2.957,2.65,,,
[1758212879514955847],7.652,-3.29,3.033,,,
[1758212879520089545],6.658,-3.328,3.091,,,
[1758212879525200743],8.641,-3.989,3.548,,,
[1758212879530313295],7.927,-4.07,3.891,,,
[1758212879535461524],9.562,-4.307,4.113,,,
[1758212879540548608],8.346,-4.432,4.386,,,
[1758212879545632983],10.106,-4.803,4.324,,,
[1758212879552447618],9.127,-5.004,4.7,,,
[1758212879559178347],10.072,-4.987,3.855,,,
[1758212879564586420],11.255,-5.511,3.898,,,
[1758212879569758920],10.63,-5.48,3.505,,,
[1758212879574876889],12.16,-5.904,3.251,,,
[1758212879579959129],10.92,-5.681,2.459,,,
[1758212879585039024],12.459,-5.794,2.066,,,
[1758212879590117670],10.997,-5.734,1.563,,,
[1758212879595244754],12.34,-5.763,1.465,,,
[1758212879602448504],10.609,-5.145,0.867,,,
[1758212879607982410],10.448,-4.623,0.723,,,
[1758212879613116993],10.003,-4.604,0.103,,,
[1758212879618217514],9.764,-4.336,-0.402,,,
[1758212879623362254],9.426,-4.575,0.244,,,
[1758212879628511733],9.019,-3.955,-0.192,,,
[1758212879633603399],8.435,-3.838,-0.316,,,
[1758212879638687045],7.906,-3.4,-0.168,,,
[1758212879643804806],7.719,-3.567,0.546,,,
[1758212879648978816],7.432,-3.112,1.003,,,
[1758212879654185431],7.654,-3.376,1.547,,,
[1758212879660592514],6.194,-2.914,2.03,,,
[1758212879665802358],7.764,-3.223,2.497,,,
[1758212879670945378],6.266,-2.957,2.959,,,
[1758212879676063920],8.037,-3.666,3.165,,,
[1758212879681157045],7.262,-4.001,3.431,,,
[1758212879686283347],9.026,-4.398,3.654,,,
[1758212879691363816],8.107,-4.278,3.689,,,
[1758212879696433295],9.833,-4.451,4.254,,,
[1758212879701682774],8.672,-4.673,4.539,,,
[1758212879707260951],9.785,-4.724,4.707,,,
[1758212879712478243],9.771,-5.272,4.69,,,
[1758212879717619389],10.688,-5.363,4.477,,,
[1758212879722814076],10.46,-5.655,3.936,,,
[1758212879727933087],11.372,-5.25,2.899,,,
[1758212879733055378],11.262,-6.007,2.586,,,
[1758212879738170431],12.117,-5.653,1.681,,,
[1758212879743289858],11.973,-5.844,1.966,,,
[1758212879748503868],11.576,-5.617,1.621,,,
[1758212879753781420],11.588,-5.44,1.403,,,
[1758212879758948035],11.09,-4.82,0.69,,,
[1758212879764123243],10.432,-4.922,1.094,,,
[1758212879770678243],9.017,-4.496,0.239,,,
[1758212879775944181],10.309,-4.585,-0.5,,,
[1758212879781038191],8.396,-4.221,-0.565,,,
[1758212879786174024],9.74,-4.135,-0.723,,,
[1758212879791271681],7.762,-3.634,0.0,,,
[1758212879796374910],8.578,-3.689,0.141,,,
[1758212879801461003],7.219,-3.366,0.429,,,
[1758212879807866316],7.767,-3.208,1.599,,,
[1758212879814189545],7.132,-3.323,1.822,,,
[1758212879819431524],6.203,-3.031,2.181,,,
[1758212879824564493],7.563,-3.309,2.473,,,
[1758212879829709181],6.527,-2.976,2.816,,,
[1758212879834848556],7.906,-3.749,3.431,,,
[1758212879839950170],7.309,-3.986,3.089,,,
[1758212879845082618],9.06,-4.254,3.802,,,
[1758212879850201472],8.468,-4.405,4.219,,,
[1758212879855439597],9.785,-4.705,4.207,,,
[1758212879860634701],8.662,-4.745,4.733,,,
[1758212879865758972],10.458,-4.939,4.503,,,
[1758212879870881628],9.601,-5.021,4.422,,,
[1758212879877332045],11.186,-5.334,3.979,,,
[1758212879882621212],10.836,-5.497,3.407,,,
[1758212879887752618],11.507,-5.614,2.928,,,
[1758212879892899597],11.226,-5.677,2.519,,,
[1758212879897984441],12.088,-5.602,2.124,,,
[1758212879903379024],11.535,-5.839,1.815,,,
[1758212879908550847],11.808,-5.495,1.283,,,
[1758212879914047097],11.566,-5.65,1.065,,,
[1758212879919206055],10.532,-4.717,0.443,,,
[1758212879924369753],10.393,-4.604,0.215,,,
[1758212879929491733],9.591,-4.559,-0.304,,,
[1758212879934673035],9.986,-4.559,-0.139,,,
[1758212879939786108],8.363,-3.943,-0.194,,,
[1758212879945021941],9.448,-4.02,-0.46,,,
[1758212879950259389],7.942,-3.711,-0.11,,,
[1758212879955479389],8.516,-3.785,0.608,,,
[1758212879960595743],7.084,-3.256,0.68,,,
[1758212879965738608],8.049,-3.424,1.329,,,
[1758212879970886524],6.172,-3.105,1.681,,,
[1758212879976028712],7.599,-3.165,1.894,,,
[1758212879981151264],6.098,-3.139,2.545,,,
[1758212879988852983],6.788,-3.388,2.612,,,
[1758212879994902826],8.61,-4.101,3.467,,,
[1758212880000069493],7.944,-3.879,3.74,,,
[1758212880005252462],9.45,-4.549,3.836,,,
[1758212880010395118],8.365,-4.475,4.173,,,
[1758212880015790483],9.821,-4.733,4.156,,,
[1758212880021833503],9.103,-4.867,4.475,,,
[1758212880027084910],10.982,-5.037,4.262,,,
[1758212880032292774],10.262,-5.09,4.305,,,
[1758212880037568816],11.478,-5.581,3.469,,,
[1758212880042774233],10.985,-5.765,3.029,,,
[1758212880047916264],12.189,-5.562,2.727,,,
[1758212880053137045],11.789,-5.868,2.744,,,
[1758212880058270691],11.861,-5.768,1.951,,,
[1758212880063429493],11.588,-5.969,1.384,,,
[1758212880068547566],11.509,-5.332,1.008,,,
[1758212880073724597],10.891,-4.999,0.725,,,
[1758212880078981837],10.254,-4.532,0.417,,,
[1758212880084137045],10.183,-4.733,0.134,,,
[1758212880089258451],9.342,-4.731,-0.294,,,
[1758212880094799389],9.541,-4.413,0.309,,,
[1758212880099959597],8.322,-4.108,-0.309,,,
[1758212880105186993],9.227,-4.106,-0.189,,,
[1758212880110335118],7.185,-3.464,0.287,,,
[1758212880115476993],8.396,-3.378,0.407,,,
[1758212880120622722],6.483,-3.148,1.099,,,
[1758212880125837149],7.695,-3.144,1.812,,,
[1758212880131258712],6.127,-3.124,2.042,,,
[1758212880136471524],7.887,-2.962,2.662,,,
[1758212880141778191],6.139,-3.127,2.835,,,
[1758212880146933712],8.092,-3.771,3.081,,,
[1758212880152065639],7.403,-4.128,3.936,,,
[1758212880157257410],8.964,-3.931,3.859,,,
[1758212880162454701],8.368,-4.465,3.888,,,
[1758212880167624389],9.347,-4.604,4.539,,,
[1758212880172862618],8.734,-4.664,4.197,,,
[1758212880178061576],10.036,-4.578,4.295,,,
[1758212880183343035],10.424,-5.231,4.417,,,
[1758212880188487253],10.776,-5.236,4.178,,,
[1758212880193657878],10.915,-5.476,4.063,,,
[1758212880198788503],11.147,-5.476,2.557,,,
[1758212880204359389],12.055,-6.038,2.77,,,
[1758212880209559128],11.202,-5.727,1.994,,,
[1758212880214705066],12.383,-5.873,1.599,,,
[1758212880219824493],11.21,-5.622,1.12,,,
[1758212880225001055],11.811,-5.569,1.24,,,
[1758212880230130170],10.47,-4.922,0.642,,,
[1758212880235366160],10.645,-4.808,1.202,,,
[1758212880240863555],9.05,-4.432,0.304,,,
[1758212880246093191],10.654,-4.487,-0.462,,,
[1758212880251390899],8.349,-4.25,-0.057,,,
[1758212880257713087],8.935,-3.757,-0.215,,,
[1758212880263627878],8.48,-3.893,0.108,,,
[1758212880268765274],7.898,-3.285,0.34,,,
[1758212880273894962],7.805,-3.522,0.63,,,
[1758212880279016368],7.14,-2.969,1.199,,,
[1758212880284154545],7.195,-3.328,2.318,,,
[1758212880289262982],6.752,-2.78,2.131,,,
[1758212880294413451],6.934,-3.397,2.875,,,
[1758212880299597253],6.426,-3.247,2.696,,,
[1758212880304902253],7.997,-3.539,3.077,,,
[1758212880310345951],7.556,-4.068,3.804,,,
[1758212880315496785],9.275,-4.391,3.898,,,
[1758212880320622045],8.114,-4.372,3.845,,,
[1758212880325773607],9.759,-4.731,4.286,,,
[1758212880330961837],8.873,-4.626,4.575,,,
[1758212880336126316],10.602,-5.097,4.626,,,
[1758212880341308503],9.505,-4.963,4.233,,,
[1758212880348917930],10.59,-5.246,3.926,,,
[1758212880354365066],11.262,-5.72,3.33,,,
[1758212880359504180],11.214,-5.698,2.792,,,
[1758212880364645587],11.923,-5.899,2.358,,,
[1758212880369766055],11.435,-5.689,1.384,,,
[1758212880374914962],12.546,-5.904,1.659,,,
[1758212880380031576],11.248,-5.401,1.24,,,
[1758212880385158503],11.712,-5.456,1.207,,,
[1758212880390284649],10.048,-4.683,0.182,,,
[1758212880395513972],10.403,-4.721,0.074,,,
[1758212880400708764],9.201,-4.547,0.28,,,
[1758212880405923607],10.075,-4.391,0.148,,,
[1758212880411070482],7.898,-3.859,-0.606,,,
[1758212880416636784],9.479,-4.027,-0.369,,,
[1758212880421778087],7.635,-3.5,0.227,,,
[1758212880426910170],8.236,-3.462,0.323,,,
[1758212880432058034],6.764,-3.462,0.852,,,
[1758212880437216732],7.681,-3.172,1.815,,,
[1758212880442386524],6.409,-2.969,2.267,,,
[1758212880447511680],7.752,-3.184,2.313,,,
[1758212880454017826],7.207,-3.572,3.012,,,
[1758212880459270795],7.185,-3.256,3.27,,,
[1758212880464405534],8.272,-3.934,3.519,,,
[1758212880469503659],8.423,-4.183,3.874,,,
[1758212880474637618],9.017,-4.417,3.915,,,
[1758212880479732878],8.66,-4.408,3.716,,,
[1758212880484839753],9.622,-4.748,4.456,,,
[1758212880489955534],8.985,-4.626,4.503,,,
[1758212880495182462],10.592,-5.171,4.501,,,
[1758212880500357253],9.615,-5.073,4.041,,,
[1758212880505620639],11.461,-5.286,3.752,,,
[1758212880510788087],10.714,-5.504,2.954,,,
[1758212880515924180],11.993,-6.019,2.318,,,
[1758212880521059962],10.803,-5.823,2.421,,,
[1758212880532814180],11.131,-5.689,1.47,,,
[1758212880538098034],11.463,-5.392,0.85,,,
[1758212880543267149],10.716,-5.186,0.445,,,
[1758212880548514076],10.551,-4.566,0.601,,,
[1758212880553721211],9.862,-4.3,0.108,,,
[1758212880560076680],9.301,-4.331,-0.084,,,
[1758212880566449909],9.517,-4.413,0.012,,,
[1758212880571683243],8.028,-3.946,-0.409,,,
[1758212880576839597],9.294,-3.725,0.117,,,
[1758212880581954180],7.199,-3.56,0.522,,,
[1758212880587089545],8.212,-3.292,0.833,,,
[1758212880592271993],6.965,-3.28,1.836,,,
[1758212880597406107],7.444,-2.921,2.002,,,
[1758212880603673868],6.802,-3.115,2.332,,,
[1758212880608953920],7.034,-3.141,2.464,,,
[1758212880614085586],7.151,-3.424,2.935,,,
[1758212880619254701],7.769,-3.67,3.026,,,
[1758212880624417514],8.899,-4.35,3.613,,,
[1758212880629526472],8.207,-4.42,2.95,,,
[1758212880634647045],9.495,-4.697,4.168,,,
[1758212880639777618],8.854,-4.324,4.642,,,
[1758212880646356472],10.111,-4.978,4.573,,,
[1758212880652827201],9.426,-4.954,4.707,,,
[1758212880659201889],10.874,-5.092,3.51,,,
[1758212880664479701],11.447,-5.49,3.505,,,
[1758212880669908764],10.791,-5.545,2.787,,,
[1758212880675059701],12.103,-6.117,2.356,,,
[1758212880680162253],11.36,-5.669,1.702,,,
[1758212880685279753],12.507,-5.966,2.231,,,
[1758212880690393347],11.21,-5.674,1.259,,,
[1758212880695532201],12.091,-5.696,1.149,,,
[1758212880700680014],10.441,-5.042,0.769,,,
[1758212880705995274],11.066,-4.633,0.464,,,
[1758212880711123816],9.134,-4.336,0.144,,,
[1758212880716281941],10.499,-4.511,-0.283,,,
[1758212880721413711],8.38,-4.046,-0.342,,,
[1758212880726575691],9.491,-4.101,-0.563,,,
[1758212880731693659],7.733,-3.649,-0.086,,,
[1758212880736842357],8.6,-3.402,0.256,,,
[1758212880741972878],6.977,-3.227,0.436,,,
[1758212880747188243],8.042,-3.395,1.312,,,
[1758212880752805378],6.78,-3.026,1.451,,,
[1758212880757982149],7.214,-3.148,2.116,,,
[1758212880763121420],6.16,-3.249,2.978,,,
[1758212880768235274],7.422,-3.196,2.672,,,
[1758212880773366732],6.96,-3.651,3.156,,,
[1758212880778787878],8.104,-3.955,3.342,,,
[1758212880783946055],8.523,-4.436,4.096,,,
[1758212880789049753],8.712,-4.235,3.733,,,
[1758212880794168816],9.306,-4.647,4.503,,,
[1758212880799386732],9.208,-4.645,4.645,,,
[1758212880804584753],9.773,-4.939,4.527,,,
[1758212880809707253],9.867,-4.925,4.178,,,
[1758212880814883816],11.143,-5.478,4.42,,,
[1758212880820007774],10.345,-5.215,3.701,,,
[1758212880825208607],11.772,-5.748,2.923,,,
[1758212880830341472],11.011,-5.598,2.593,,,
[1758212880835527149],12.172,-5.887,2.282,,,
[1758212880840738972],10.977,-5.732,1.59,,,
[1758212880845896211],12.486,-5.952,1.693,,,
[1758212880851027149],10.688,-5.497,1.161,,,
[1758212880856224388],11.868,-5.219,1.238,,,
[1758212880861773868],9.618,-4.741,0.615,,,
[1758212880866917826],10.455,-4.638,0.342,,,
[1758212880872067930],9.105,-4.266,-0.165,,,
[1758212880877261211],9.962,-4.211,-0.419,,,
[1758212880883569805],8.665,-4.286,0.002,,,
[1758212880888862878],8.131,-3.505,0.01,,,
[1758212880893992253],8.116,-3.819,0.105,,,
[1758212880899113555],7.542,-3.505,0.429,,,
[1758212880904302982],7.796,-3.232,1.791,,,
[1758212880909412878],7.032,-2.787,1.319,,,
[1758212880914530118],6.965,-3.208,2.236,,,
[1758212880919646524],6.831,-3.182,2.66,,,
[1758212880924838086],7.396,-3.314,3.158,,,
[1758212880930036784],6.9,-3.371,3.074,,,
[1758212880935159232],8.605,-4.159,3.256,,,
[1758212880940264388],7.834,-4.156,3.625,,,
[1758212880945371993],9.582,-4.367,4.42,,,
[1758212880950586888],8.492,-4.259,4.099,,,
[1758212880955829753],9.881,-4.798,4.616,,,
[1758212880960967513],8.667,-4.681,4.271,,,
[1758212880966145534],10.877,-5.152,4.195,,,
[1758212880971713868],9.661,-4.827,3.938,,,
[1758212880976861107],11.475,-5.356,3.488,,,
[1758212880981977670],10.341,-5.531,3.254,,,
[1758212880987163868],12.04,-5.715,2.461,,,
[1758212880992647513],11.071,-5.758,2.377,,,
[1758212880997850430],12.529,-5.954,2.023,,,
[1758212881003085378],11.138,-5.722,1.942,,,
[1758212881008242618],11.432,-5.346,1.156,,,
[1758212881013537461],10.803,-5.138,0.819,,,
[1758212881018673347],10.376,-4.628,0.532,,,
[1758212881023874180],9.668,-4.683,0.493,,,
[1758212881029009649],9.89,-4.154,-0.299,,,
[1758212881034211680],9.682,-4.324,0.089,,,
[1758212881039328815],8.662,-3.742,-0.644,,,
[1758212881044503972],8.801,-4.094,0.05,,,
[1758212881049630378],7.415,-3.493,-0.211,,,
[1758212881054917565],8.243,-3.819,0.464,,,
[1758212881060145274],7.348,-3.146,1.238,,,
[1758212881065278555],7.779,-3.218,1.877,,,
[1758212881070396784],6.112,-3.031,2.021,,,
[1758212881075637826],7.381,-3.189,2.581,,,
[1758212881082113868],6.177,-3.194,2.741,,,
[1758212881087391524],7.817,-3.668,3.472,,,
[1758212881092584024],7.779,-4.202,3.934,,,
[1758212881099026420],8.863,-4.02,3.371,,,
[1758212881104320013],9.297,-4.669,3.881,,,
[1758212881109430795],8.681,-4.302,4.25,,,
[1758212881114554284],9.673,-4.879,4.506,,,
[1758212881119661472],9.412,-4.899,4.422,,,
[1758212881124821940],10.812,-5.337,4.554,,,
[1758212881129938190],10.36,-4.934,3.994,,,
[1758212881135082878],11.418,-5.423,3.536,,,
[1758212881140210222],11.104,-5.775,3.247,,,
[1758212881145412513],12.299,-5.842,2.851,,,
[1758212881150524493],10.987,-5.478,1.834,,,
[1758212881155713295],12.725,-5.971,2.093,,,
[1758212881160827774],11.061,-5.555,1.413,,,
[1758212881166017513],12.153,-5.567,0.493,,,
[1758212881171169180],10.137,-4.906,0.733,,,
[1758212881176303555],10.803,-4.729,0.199,,,
[1758212881181454909],9.057,-4.424,0.136,,,
[1758212881187154805],10.441,-4.429,-0.065,,,
[1758212881192372461],8.681,-4.199,-0.098,,,
[1758212881197500222],9.448,-3.733,-0.014,,,
[1758212881203811367],8.308,-3.979,0.062,,,
[1758212881211108086],6.91,-3.091,0.527,,,
[1758212881217498190],7.956,-3.053,1.425,,,
[1758212881223852565],6.907,-3.299,1.93,,,
[1758212881229118659],6.881,-2.919,2.294,,,
[1758212881234252253],7.001,-3.112,2.583,,,
[1758212881239359232],7.104,-3.153,2.629,,,
[1758212881244495951],7.312,-3.802,3.294,,,
[1758212881249608555],8.143,-4.005,3.773,,,
[1758212881254787878],9.304,-4.326,3.747,,,
[1758212881259903867],8.279,-4.35,3.922,,,
[1758212881265129753],9.661,-4.621,4.547,,,
[1758212881270346680],8.935,-4.673,4.858,,,
[1758212881275471055],10.156,-5.157,4.413,,,
[1758212881280577513],9.797,-5.092,3.934,,,
[1758212881285707513],10.932,-5.416,3.785,,,
[1758212881290831524],10.044,-5.612,3.323,,,
[1758212881297370378],12.304,-5.844,2.828,,,
[1758212881302728867],11.068,-5.935,2.296,,,
[1758212881307879440],12.069,-5.851,1.839,,,
[1758212881313021784],11.645,-5.911,1.939,,,
[1758212881319594284],11.365,-5.485,1.152,,,
[1758212881324931784],11.425,-5.488,1.07,,,
[1758212881330062617],9.799,-4.829,0.833,,,
[1758212881335200951],10.324,-4.657,0.443,,,
[1758212881340326315],9.325,-4.513,-0.539,,,
[1758212881345463347],9.986,-4.702,-0.108,,,
[1758212881350566576],8.667,-3.986,-0.256,,,
[1758212881355705899],9.323,-4.101,-0.266,,,
[1758212881360828347],7.671,-3.677,0.017,,,
[1758212881366095899],8.528,-3.675,0.491,,,
[1758212881371205742],6.658,-3.091,0.587,,,
[1758212881376334805],7.664,-3.366,1.504,,,
[1758212881381432722],6.297,-3.278,1.92,,,
[1758212881386558659],7.762,-3.098,1.994,,,
[1758212881391666732],6.151,-3.031,2.691,,,
[1758212881396820274],7.362,-3.397,2.725,,,
[1758212881402370586],7.151,-3.598,3.191,,,
[1758212881407509649],9.067,-4.029,3.675,,,
[1758212881412726211],8.243,-4.247,3.972,,,
[1758212881417888867],9.414,-4.336,4.446,,,
[1758212881423041263],8.981,-4.767,4.865,,,
[1758212881429420534],9.606,-4.642,4.424,,,
[1758212881434674805],10.321,-4.968,4.302,,,
[1758212881439817617],10.247,-4.966,4.12,,,
[1758212881444958867],10.977,-5.504,4.152,,,
[1758212881450066367],10.764,-5.329,3.175,,,
[1758212881455174857],12.005,-5.856,3.038,,,
[1758212881460341888],11.028,-5.648,2.009,,,
[1758212881465565065],12.495,-5.969,1.774,,,
[1758212881470694180],11.198,-5.576,1.607,,,
[1758212881475910951],12.419,-5.555,1.049,,,
[1758212881481034492],10.58,-5.162,0.546,,,
[1758212881486153294],11.447,-4.975,0.275,,,
[1758212881491255951],9.304,-4.52,0.192,,,
[1758212881496384805],10.53,-4.645,-0.352,,,
[1758212881501546732],8.756,-4.353,-0.036,,,
[1758212881506676472],9.352,-4.417,0.129,,,
[1758212881511943138],7.956,-3.871,-0.347,,,
[1758212881517189857],8.892,-3.658,0.11,,,
[1758212881522456367],7.331,-3.414,0.551,,,
[1758212881527756003],8.171,-3.306,0.694,,,
[1758212881533581107],7.034,-3.22,1.808,,,
[1758212881539183555],7.353,-2.851,1.477,,,
[1758212881544326472],7.192,-3.218,2.301,,,
[1758212881549458503],6.515,-3.158,2.581,,,
[1758212881554638503],7.427,-3.242,3.244,,,
[1758212881559763034],7.377,-3.725,3.22,,,
[1758212881564947722],8.564,-4.159,3.8,,,
[1758212881570054649],8.55,-4.135,4.104,,,
[1758212881575225065],9.342,-4.664,4.336,,,
[1758212881580339597],9.258,-4.571,4.154,,,
[1758212881585550169],10.3,-5.083,4.446,,,
[1758212881590742461],9.421,-5.08,4.439,,,
[1758212881595870326],10.937,-5.483,4.755,,,
[1758212881600958607],10.032,-5.116,3.869,,,
[1758212881606082201],11.83,-5.837,3.414,,,
[1758212881611180586],10.781,-5.787,3.299,,,
[1758212881616414024],12.172,-5.933,2.535,,,
[1758212881621965326],11.061,-5.928,1.539,,,
[1758212881627143399],12.696,-5.923,1.958,,,
[1758212881632354336],10.805,-5.634,1.228,,,
[1758212881637502044],11.823,-5.231,0.385,,,
[1758212881642719388],10.173,-4.906,0.673,,,
[1758212881648169232],10.685,-4.561,0.244,,,
[1758212881697644492],7.4,-2.981,1.951,,,
[1758212881704519492],6.809,-3.165,2.504,,,
[1758212881709754128],6.483,-3.151,2.856,,,
[1758212881714936211],8.001,-3.768,3.045,,,
[1758212881720046524],7.726,-4.008,3.036,,,
[1758212881723871263],8.847,-4.381,3.656,,,
[1758212881727550951],8.861,-4.42,3.534,,,
[1758212881731290586],8.31,-4.168,4.19,,,
[1758212881734957149],10.094,-4.618,4.389,,,
[1758212881738626888],9.026,-4.365,4.381,,,
[1758212881742322357],9.266,-4.829,4.085,,,
[1758212881745987461],10.573,-5.126,4.243,,,
[1758212881750438346],9.84,-5.095,3.934,,,
[1758212881754554857],11.15,-5.318,4.178,,,
[1758212881758372721],11.011,-5.102,3.247,,,
[1758212881762937253],11.2,-5.93,2.969,,,
[1758212881766719336],11.813,-6.021,2.682,,,
[1758212881770393555],10.824,-5.713,2.471,,,
[1758212881774071784],12.412,-5.93,2.375,,,
[1758212881777729544],11.964,-6.117,1.808,,,
[1758212881781443555],11.442,-5.811,1.75,,,
[1758212881785106263],12.536,-5.974,1.528,,,
[1758212881788768190],11.143,-5.454,0.953,,,
[1758212881792431055],10.716,-5.471,1.326,,,
[1758212881796081732],11.406,-5.064,0.297,,,
[1758212881799745169],9.426,-4.867,0.175,,,
[1758212881803437565],10.25,-4.669,0.551,,,
[1758212881807156732],10.068,-4.482,0.086,,,
[1758212881810829649],8.911,-4.35,-0.201,,,
[1758212881814734024],10.168,-4.726,0.146,,,
[1758212881818428190],9.239,-3.991,-0.237,,,
[1758212881822164284],8.483,-4.111,-0.074,,,
[1758212881825856107],9.258,-4.065,0.141,,,
[1758212881829521263],7.879,-3.828,-0.742,,,
[1758212881833226107],7.894,-3.709,0.168,,,
[1758212881836889492],8.126,-3.39,0.333,,,
[1758212881840598086],6.838,-3.206,0.596,,,
[1758212881844270065],7.887,-3.105,1.853,,,
[1758212881847958346],7.226,-2.658,1.681,,,
[1758212881851632773],6.395,-3.139,1.745,,,
[1758212881855293607],7.441,-3.215,2.251,,,
[1758212881859087982],6.455,-2.921,2.423,,,
[1758212881863959805],7.554,-3.256,2.995,,,
[1758212881867733919],7.635,-3.321,2.48,,,
[1758212881871445690],7.008,-3.725,3.127,,,
[1758212881875095117],8.827,-4.204,3.555,,,
[1758212881878762096],8.447,-4.013,3.093,,,
[1758212881882460169],8.473,-4.372,3.924,,,
[1758212881886113555],9.716,-4.662,3.402,,,
[1758212881889804440],8.61,-4.192,3.634,,,
[1758212881893510482],9.57,-4.633,4.673,,,
[1758212881897155430],9.656,-4.628,4.556,,,
[1758212881900865742],9.002,-4.956,4.317,,,
[1758212881904585534],10.563,-5.21,4.48,,,
[1758212881908333607],10.424,-5.243,3.972,,,
[1758212881912071367],10.417,-5.401,4.111,,,
[1758212881915754180],11.768,-5.602,3.402,,,
[1758212881919426055],10.724,-5.511,3.067,,,
[1758212881923155898],11.526,-5.885,3.1,,,
[1758212881926824701],12.17,-5.856,2.15,,,
[1758212881930475326],11.143,-5.693,2.258,,,
[1758212881934140846],12.129,-5.868,2.253,,,
[1758212881937784336],12.033,-5.818,1.58,,,
[1758212881941523086],11.152,-5.641,1.559,,,
[1758212881945222565],12.165,-5.569,1.719,,,
[1758212881948929284],11.32,-5.191,0.505,,,
[1758212881952635169],10.575,-5.164,1.348,,,
[1758212881956303711],10.968,-4.911,0.156,,,
[1758212881959989805],9.644,-4.331,0.057,,,
[1758212881963773346],9.998,-4.683,0.117,,,
[1758212881967902305],10.036,-4.42,-0.424,,,
[1758212881971725273],9.029,-4.286,-0.177,,,
[1758212881975400326],9.931,-4.269,-0.287,,,
[1758212881979093659],8.277,-3.742,-0.709,,,
[1758212881982768971],8.203,-4.125,-0.158,,,
[1758212881986435690],8.892,-3.618,-0.175,,,
[1758212881990108815],6.981,-3.34,-0.242,,,
[1758212881993826159],7.8,-3.376,0.757,,,
[1758212881997551680],7.827,-3.163,0.713,,,
[1758212882001310169],6.675,-3.117,1.204,,,
[1758212882004977148],7.614,-3.122,1.949,,,
[1758212882008678242],6.529,-3.036,1.618,,,
[1758212882012546992],6.448,-3.139,2.579,,,
[1758212882016230846],7.527,-3.151,2.825,,,
[1758212882019923815],6.582,-3.1,2.698,,,
[1758212882023614857],7.537,-3.381,3.089,,,
[1758212882027302826],7.664,-3.553,3.462,,,
[1758212882031010846],7.022,-3.96,3.156,,,
[1758212882034713763],8.957,-4.211,3.929,,,
[1758212882038416419],8.55,-4.015,4.094,,,
[1758212882042152930],8.126,-4.118,3.9,,,
[1758212882045813711],9.797,-4.503,4.597,,,
[1758212882049479805],8.401,-4.489,4.183,,,
[1758212882053189180],8.906,-4.891,4.317,,,
[1758212882056881315],10.02,-4.87,4.683,,,
[1758212882060557617],9.383,-5.109,3.967,,,
[1758212882064333919],11.147,-5.344,4.216,,,
[1758212882068020742],10.949,-5.143,4.326,,,
[1758212882072297253],10.427,-5.586,3.239,,,
[1758212882076101419],11.863,-5.983,3.496,,,
[1758212882079781159],10.834,-5.806,2.363,,,
[1758212882083490742],12.031,-6.201,2.708,,,
[1758212882087177409],12.512,-5.851,1.788,,,
[1758212882090875794],10.946,-5.765,1.932,,,
[1758212882094575898],12.469,-6.079,1.511,,,
[1758212882098241315],11.906,-5.533,1.525,,,
[1758212882101957617],11.128,-5.617,0.943,,,
[1758212882105628867],11.971,-5.521,0.96,,,
[1758212882109304075],10.769,-5.136,0.019,,,
[1758212882113130950],10.149,-4.922,1.08,,,
[1758212882116895221],10.58,-4.614,0.213,,,
[1758212882120559648],9.06,-4.654,0.0,,,
[1758212882124240482],10.068,-4.831,-0.163,,,
[1758212882127953034],9.742,-4.25,-0.62,,,
[1758212882131642878],8.648,-4.322,-0.713,,,
[1758212882135342044],9.795,-4.082,0.002,,,
[1758212882139052773],8.255,-3.668,-0.862,,,
[1758212882142735690],8.238,-3.764,0.187,,,
[1758212882146400378],8.689,-3.426,0.342,,,
[1758212882150087357],7.135,-3.282,0.273,,,
[1758212882154339180],7.906,-3.479,1.128,,,
[1758212882158050586],7.183,-3.096,1.223,,,
[1758212882161808086],6.328,-3.077,1.599,,,
[1758212882165510794],7.513,-3.124,1.762,,,
[1758212882169206992],6.627,-2.883,2.004,,,
[1758212882356181784],9.392,-4.539,3.888,,,
[1758212882360125377],8.203,-4.434,4.24,,,
[1758212882363803867],9.069,-4.925,4.214,,,
[1758212882367443034],9.792,-4.676,4.515,,,
[1758212882371201002],9.268,-4.946,4.446,,,
[1758212882374891002],10.578,-5.1,4.252,,,
[1758212882378561784],10.362,-5.037,4.025,,,
[1758212882382288242],10.228,-5.447,3.689,,,
[1758212882385966471],11.514,-5.713,3.536,,,
[1758212882389627148],10.788,-5.552,3.261,,,
[1758212882393313867],11.612,-5.933,2.464,,,
[1758212882396991263],12.246,-5.993,2.241,,,
[1758212882400713034],10.733,-5.837,2.31,,,
[1758212882404430065],12.409,-5.909,2.145,,,
[1758212882408110430],11.835,-5.971,1.918,,,
[1758212882411839857],11.293,-5.569,1.243,,,
[1758212882415520065],12.4,-5.6,1.365,,,
[1758212882419218086],10.532,-5.308,0.603,,,
[1758212882422881627],10.508,-5.258,1.025,,,
[1758212882426995950],10.956,-4.887,0.402,,,
[1758212882431557930],9.136,-4.314,0.318,,,
[1758212882436168815],10.568,-4.745,0.254,,,
[1758212882440684388],9.285,-4.293,-0.168,,,
[1758212882445227096],9.764,-4.446,-0.055,,,
[1758212882449799752],8.466,-3.922,-0.812,,,
[1758212882454484180],8.784,-4.005,0.259,,,
[1758212882459063398],8.102,-3.306,-0.038,,,
[1758212882464169700],7.245,-3.467,0.395,,,
[1758212882468852825],7.664,-3.112,0.785,,,
[1758212882473439284],6.864,-3.093,1.238,,,
[1758212882477988450],7.087,-3.033,1.757,,,
[1758212882482547982],6.369,-2.861,1.913,,,
[1758212882487079700],7.367,-3.165,2.253,,,
[1758212882491582982],6.012,-3.165,3.002,,,
[1758212882496117148],8.054,-3.74,3.242,,,
[1758212882500736888],7.343,-3.771,3.34,,,
[1758212882505492825],8.985,-4.324,3.594,,,
[1758212882510130534],8.083,-4.178,3.515,,,
[1758212882514653554],8.923,-4.75,4.274,,,
[1758212882519154127],8.988,-4.422,4.53,,,
[1758212882523693815],9.024,-4.865,4.348,,,
[1758212882528653346],9.759,-4.786,4.702,,,
[1758212882533802409],9.761,-5.064,4.671,,,
[1758212882542044492],9.965,-5.361,3.864,,,
[1758212882547309284],12.237,-5.696,3.352,,,
[1758212882552504961],10.963,-5.756,2.65,,,
[1758212882557646940],12.359,-5.976,2.588,,,
[1758212882562842513],11.32,-5.672,2.203,,,
[1758212882568452617],12.708,-5.717,1.482,,,
[1758212882573684804],11.26,-5.646,1.056,,,
[1758212882578799857],11.131,-5.071,1.022,,,
[1758212882583904127],10.096,-5.004,0.625,,,
[1758212882588996471],10.163,-4.422,-0.259,,,
[1758212882594134075],9.752,-4.456,0.074,,,
[1758212882599231419],9.555,-4.221,-0.034,,,
[1758212882605761575],9.402,-4.096,0.053,,,
[1758212882611777565],7.86,-3.859,0.165,,,
[1758212882616964857],8.669,-3.584,0.33,,,
[1758212882622083919],6.886,-3.357,0.898,,,
[1758212882627268086],7.841,-3.481,1.061,,,
[1758212882633018711],6.517,-3.096,1.987,,,
[1758212882639321263],7.104,-2.94,2.009,,,
[1758212882646127513],7.412,-3.338,2.634,,,
[1758212882651363659],6.347,-3.321,3.0,,,
[1758212882656541992],8.203,-3.766,3.613,,,
[1758212882661648034],7.329,-4.08,3.522,,,
[1758212882666774440],9.067,-4.362,3.745,,,
[1758212882671853502],8.198,-4.271,4.082,,,
[1758212882678028450],9.864,-4.669,4.14,,,
[1758212882684494284],9.153,-4.992,4.47,,,
[1758212882689808138],10.211,-5.052,4.439,,,
[1758212882694958190],10.46,-5.464,4.226,,,
[1758212882700064440],10.738,-5.329,3.728,,,
[1758212882705260794],11.854,-5.909,3.203,,,
[1758212882710422357],11.188,-5.899,2.418,,,
[1758212882715555638],12.237,-6.091,2.243,,,
[1758212882720651523],11.372,-5.653,1.951,,,
[1758212882725788034],12.155,-5.892,1.616,,,
[1758212882731053086],11.246,-5.521,1.099,,,
[1758212882736216836],11.509,-5.406,1.056,,,
[1758212882741312617],9.852,-4.693,0.749,,,
[1758212882746431523],10.76,-4.688,0.421,,,
[1758212882751535169],9.22,-4.293,-0.165,,,
[1758212882756720221],10.412,-4.578,-0.364,,,
[1758212882761817669],8.399,-4.125,-0.199,,,
[1758212882766949961],9.457,-3.979,-0.417,,,
[1758212882772036159],7.688,-3.63,0.457,,,
[1758212882777148711],8.133,-3.443,0.661,,,
[1758212882782370950],6.823,-3.275,0.85,,,
[1758212882789544596],7.159,-2.99,1.396,,,
[1758212882794760794],6.934,-3.208,2.078,,,
[1758212882799862356],6.713,-3.021,2.169,,,
[1758212882805026367],6.634,-3.366,2.784,,,
[1758212882810118450],7.432,-3.342,3.302,,,
[1758212882815260325],7.889,-3.833,3.95,,,
[1758212882820379075],7.882,-4.005,3.335,,,
[1758212882825513502],9.234,-4.278,3.924,,,
[1758212882830625690],8.499,-4.14,3.701,,,
[1758212882835746159],9.689,-4.697,4.266,,,
[1758212882840832929],8.94,-4.65,4.041,,,
[1758212882845934596],10.264,-5.456,4.195,,,
[1758212882851041992],9.936,-5.329,4.195,,,
[1758212882856227461],11.42,-5.483,3.967,,,
[1758212882861331315],10.69,-5.689,3.014,,,
[1758212882866436419],12.158,-6.206,3.175,,,
[1758212882871542304],10.999,-6.074,2.466,,,
[1758212882876645898],12.876,-6.043,2.162,,,
[1758212882881735429],11.044,-5.701,1.499,,,
[1758212882886842877],11.961,-5.693,1.602,,,
[1758212882892478398],10.36,-5.229,0.692,,,
[1758212882897712148],11.135,-5.033,0.546,,,
[1758212882902996159],9.388,-4.657,0.572,,,
[1758212882908103971],10.42,-4.456,0.115,,,
[1758212882913250065],8.82,-4.168,-0.036,,,
[1758212882918396106],9.749,-4.247,0.134,,,
[1758212882923550638],8.131,-3.905,-0.153,,,
[1758212882928748190],8.6,-3.668,-0.093,,,
[1758212882933934231],7.386,-3.46,0.218,,,
[1758212882939191679],7.74,-3.103,0.728,,,
[1758212882944813502],7.405,-3.304,1.417,,,
[1758212882949950638],6.752,-2.971,1.535,,,
[1758212882955137200],6.838,-3.139,2.195,,,
[1758212882960273867],6.946,-2.974,2.768,,,
[1758212882965398033],7.501,-3.388,3.309,,,
[1758212882970526315],7.372,-3.663,3.191,,,
[1758212882975701836],8.897,-4.293,3.658,,,
[1758212882980814440],7.93,-4.238,3.625,,,
[1758212882985918711],9.498,-4.518,4.415,,,
[1758212882991040950],8.789,-4.424,4.29,,,
[1758212882996549440],10.19,-5.011,4.156,,,
[1758212883001779336],9.024,-4.961,4.322,,,
[1758212883006964908],10.956,-5.516,4.685,,,
[1758212883012161627],9.85,-5.303,4.307,,,
[1758212883017361627],11.478,-5.72,3.297,,,
[1758212883022522200],10.599,-5.976,2.904,,,
[1758212883027656367],12.522,-5.957,2.459,,,
[1758212883032860481],11.279,-5.854,1.767,,,
[1758212883038000846],12.471,-5.981,1.451,,,
[1758212883043199127],11.049,-5.701,1.279,,,
[1758212883048312252],11.66,-5.358,1.07,,,
[1758212883053510846],10.161,-4.867,0.754,,,
[1758212883058685950],10.748,-4.654,0.136,,,
[1758212883063812513],9.146,-4.681,-0.081,,,
[1758212883068954388],9.742,-4.12,-0.134,,,
[1758212883074094023],9.021,-4.286,0.022,,,
[1758212883079224492],9.041,-3.699,-0.175,,,
[1758212883084341106],8.116,-3.752,-0.022,,,
[1758212883089440742],8.037,-3.486,0.069,,,
[1758212883094612981],7.482,-3.366,0.886,,,
[1758212883101881106],7.69,-3.014,0.91,,,
[1758212883107265117],7.578,-3.354,1.856,,,
[1758212883112546054],6.079,-2.94,2.433,,,
[1758212883117629336],7.728,-3.321,2.746,,,
[1758212883122815742],6.158,-3.268,2.885,,,
[1758212883127992304],8.066,-3.754,3.366,,,
[1758212883133122356],7.769,-4.096,3.613,,,
[1758212883138223346],9.064,-4.161,3.847,,,
[1758212883143357044],8.361,-4.295,4.583,,,
[1758212883148517096],9.565,-4.748,4.551,,,
[1758212883153763450],9.11,-4.714,4.741,,,
[1758212883158866211],10.372,-4.762,4.307,,,
[1758212883163991783],10.005,-5.243,4.568,,,
[1758212883169148294],11.195,-5.174,4.096,,,
[1758212883174288190],10.944,-5.787,3.747,,,
[1758212883179395013],11.53,-5.701,2.351,,,
[1758212883184566471],11.679,-6.16,2.406,,,
[1758212883189715429],11.823,-5.799,1.915,,,
[1758212883194815065],11.837,-6.105,1.53,,,
[1758212883199955429],11.803,-5.605,1.202,,,
[1758212883205142981],11.205,-5.456,1.044,,,
[1758212883211186731],10.345,-4.786,0.713,,,
[1758212883216466315],10.712,-4.853,0.802,,,
[1758212883221583658],9.108,-4.374,0.251,,,
[1758212883226716731],10.503,-4.602,0.098,,,
[1758212883231834908],8.473,-4.149,-0.283,,,
[1758212883237010429],9.438,-4.14,0.117,,,
[1758212883242168919],7.566,-3.668,0.426,,,
[1758212883247319440],8.43,-3.563,0.34,,,
[1758212883252591627],6.857,-3.218,0.62,,,
[1758212883259029648],7.566,-3.129,1.508,,,
[1758212883264775221],6.871,-3.031,2.09,,,
[1758212883269906835],7.156,-2.787,1.999,,,
[1758212883275032408],7.065,-3.089,2.765,,,
[1758212883280126315],6.895,-3.06,3.067,,,
[1758212883285224335],7.525,-4.099,3.237,,,
[1758212883290340013],8.531,-4.032,3.666,,,
[1758212883295510065],9.187,-4.357,4.422,,,
[1758212883303744440],8.586,-4.647,4.714,,,
[1758212883310163033],9.242,-4.525,4.24,,,
[1758212883316444075],9.883,-5.157,4.63,,,
[1758212883322988502],9.855,-5.16,4.372,,,
[1758212883328301054],11.291,-5.583,3.788,,,
[1758212883333467304],10.463,-5.897,3.227,,,
[1758212883338583763],12.062,-5.808,3.041,,,
[1758212883343708085],11.317,-6.043,2.727,,,
[1758212883348809648],12.376,-6.019,1.822,,,
[1758212883353980117],11.566,-5.892,1.441,,,
[1758212883359123294],12.002,-5.483,1.324,,,
[1758212883364288815],10.76,-5.219,1.032,,,
[1758212883369495481],10.793,-4.707,0.536,,,
[1758212883374626627],9.409,-4.609,0.45,,,
[1758212883379741679],9.771,-4.149,-0.213,,,
[1758212883384873710],9.649,-4.343,0.06,,,
[1758212883389980273],8.775,-4.082,-0.481,,,
[1758212883395092408],8.672,-3.977,-0.225,,,
[1758212883400207408],8.131,-3.45,0.177,,,
[1758212883405417148],7.954,-3.383,0.51,,,
[1758212883410556315],7.537,-3.129,0.826,,,
[1758212883416261471],7.726,-3.292,1.65,,,
[1758212883422834387],6.27,-2.988,2.119,,,
[1758212883429126002],7.982,-2.928,2.741,,,
[1758212883435608710],6.369,-3.302,2.911,,,
[1758212883440927773],6.938,-3.543,2.863,,,
[1758212883446035533],8.66,-4.037,3.596,,,
[1758212883451143606],8.059,-3.998,3.261,,,
[1758212883456349700],9.34,-4.405,4.051,,,
[1758212883461446419],8.588,-4.623,4.41,,,
[1758212883466559492],9.828,-4.848,4.834,,,
[1758212883471662877],8.995,-4.76,4.317,,,
[1758212883476848554],10.769,-5.351,4.149,,,
[1758212883482052460],9.857,-5.298,4.082,,,
[1758212883487177356],11.564,-5.547,3.431,,,
[1758212883492331992],10.637,-5.521,2.732,,,
[1758212883497445585],12.175,-6.021,2.966,,,
[1758212883502625846],10.769,-5.954,1.937,,,
[1758212883507750637],12.617,-5.866,1.42,,,
[1758212883512936158],11.054,-5.784,1.621,,,
[1758212883518045065],12.026,-5.413,1.456,,,
[1758212883523153606],10.487,-5.143,0.776,,,
[1758212883528267617],10.999,-4.755,0.527,,,
[1758212883533426679],9.23,-4.295,0.747,,,
[1758212883538928190],10.527,-4.551,-0.283,,,
[1758212883544185533],9.014,-4.458,-0.048,,,
[1758212883549343971],8.866,-3.85,-0.05,,,
[1758212883554592200],8.193,-3.998,-0.017,,,
[1758212883559749908],8.31,-3.397,-0.029,,,
[1758212883564906575],7.223,-3.445,0.95,,,
[1758212883570075846],7.444,-3.112,1.298,,,
[1758212883576928398],7.659,-3.108,2.069,,,
[1758212883582292304],6.055,-2.904,1.547,,,
[1758212883587414700],7.614,-3.132,2.504,,,
[1758212883592570637],6.009,-3.148,2.873,,,
[1758212883597673867],7.975,-3.591,3.038,,,
[1758212883602882669],7.4,-3.979,3.373,,,
[1758212883607990742],9.385,-4.202,3.735,,,
[1758212883613131262],7.757,-4.152,4.01,,,
[1758212883618297148],9.677,-4.42,4.058,,,
[1758212883623501471],8.918,-4.657,4.724,,,
[1758212883628653294],10.096,-4.757,4.822,,,
[1758212883633820481],9.658,-5.138,4.293,,,
[1758212883638947929],10.977,-5.286,4.046,,,
[1758212883645420585],10.302,-5.44,3.721,,,
[1758212883650777617],11.071,-5.648,2.67,,,
[1758212883655984960],12.014,-6.175,2.617,,,
[1758212883661098398],11.236,-5.59,1.975,,,
[1758212883666237877],12.364,-6.108,1.683,,,
[1758212883671340221],11.653,-5.578,0.852,,,
[1758212883676455273],11.894,-5.516,0.862,,,
[1758212883681571054],10.168,-5.045,1.063,,,
[1758212883686756106],10.86,-4.829,0.821,,,
[1758212883691897200],9.182,-4.326,0.299,,,
[1758212883697115221],10.305,-4.302,-0.491,,,
[1758212883702371002],8.612,-4.329,-0.294,,,
[1758212883707564023],9.512,-4.128,-0.508,,,
[1758212883712732096],7.853,-3.943,-0.18,,,
[1758212883717900117],8.543,-3.816,0.232,,,
[1758212883723072721],6.785,-3.304,0.91,,,
[1758212883728241054],7.939,-3.436,1.456,,,
[1758212883735201367],6.776,-3.098,2.105,,,
[1758212883740436419],6.644,-2.847,2.399,,,
[1758212883745545273],6.776,-3.203,2.789,,,
[1758212883751698554],6.651,-3.251,2.878,,,
[1758212883758314075],8.37,-4.013,3.354,,,
[1758212883763565742],7.74,-4.264,3.864,,,
[1758212883768773189],9.103,-4.302,4.226,,,
[1758212883773933867],8.808,-4.542,4.3,,,
[1758212883779035169],9.776,-4.575,4.654,,,
[1758212883784163867],9.052,-4.793,4.978,,,
[1758212883789267096],10.161,-5.025,4.233,,,
[1758212883794390637],9.922,-5.109,4.367,,,
[1758212883799498033],11.025,-5.243,4.108,,,
[1758212883804734700],11.372,-5.739,3.464,,,
[1758212883809939856],11.423,-5.964,2.911,,,
[1758212883815069908],11.717,-6.06,2.514,,,
[1758212883820175898],11.856,-5.602,1.767,,,
[1758212883825305169],12.045,-6.009,1.741,,,
[1758212883830409179],11.43,-5.43,0.922,,,
[1758212883835523346],11.219,-5.428,0.903,,,
[1758212883840630846],10.812,-4.769,0.73,,,
[1758212883845760637],10.326,-4.767,0.821,,,
[1758212883850882877],9.282,-4.489,-0.069,,,
[1758212883856091939],9.941,-4.334,-0.05,,,
[1758212883861612408],8.432,-3.943,-0.711,,,
[1758212883866867148],9.469,-4.08,0.134,,,
[1758212883872035064],7.458,-3.546,-0.012,,,
[1758212883877178085],8.327,-3.546,0.347,,,
[1758212883882439596],6.711,-3.311,0.936,,,
[1758212883887637564],8.037,-3.227,1.166,,,
[1758212883894395846],6.493,-3.031,1.659,,,
[1758212883899630533],6.974,-2.962,2.198,,,
[1758212883904813606],6.395,-3.318,2.545,,,
[1758212883909909387],7.329,-3.33,2.796,,,
[1758212883915033606],8.04,-4.135,3.304,,,
[1758212883920135585],8.188,-4.005,3.491,,,
[1758212883925241939],8.835,-4.379,3.886,,,
[1758212883930374960],8.703,-4.175,3.749,,,
[1758212883935571679],9.234,-4.604,3.989,,,
[1758212883940810950],9.467,-4.645,4.187,,,
[1758212883945926731],10.084,-5.136,4.453,,,
[1758212883951106627],9.857,-4.99,4.061,,,
[1758212883956375481],11.418,-5.42,3.771,,,
[1758212883961557252],10.798,-5.389,3.026,,,
[1758212883967068606],11.87,-5.957,3.062,,,
[1758212883972356366],10.769,-5.71,2.466,,,
[1758212883977492408],12.785,-5.854,1.956,,,
[1758212883982731366],11.088,-5.61,1.717,,,
[1758212883987892825],12.22,-5.679,1.053,,,
[1758212883993020585],10.475,-5.181,1.111,,,
[1758212883998255585],11.356,-4.865,0.381,,,
[1758212884004618346],9.45,-4.585,0.366,,,
[1758212884009890012],9.821,-4.429,-0.462,,,
[1758212884015111210],9.254,-4.501,-0.656,,,
[1758212884020237304],9.282,-3.776,-0.352,,,
[1758212884025407044],8.88,-3.845,-0.385,,,
[1758212884030529335],7.76,-3.639,-0.299,,,
[1758212884035682564],7.92,-3.474,0.498,,,
[1758212884040844439],7.379,-3.165,0.879,,,
[1758212884048525533],7.568,-3.12,1.748,,,
[1758212884053999596],6.579,-2.923,2.064,,,
[1758212884059132200],7.805,-2.986,2.459,,,
[1758212884064270689],6.732,-3.345,2.938,,,
[1758212884069376887],7.654,-3.505,2.684,,,
[1758212884075703606],7.93,-4.135,3.548,,,
[1758212884081007825],8.42,-4.13,3.994,,,
[1758212884086123554],9.199,-4.448,4.305,,,
[1758212884091229960],8.861,-4.41,4.413,,,
[1758212884096341471],9.823,-4.839,4.894,,,
[1758212884101446210],9.033,-4.872,4.444,,,
[1758212884106630221],11.071,-4.999,4.489,,,
[1758212884111746106],9.974,-5.339,3.871,,,
[1758212884116913137],11.595,-5.598,3.438,,,
[1758212884122179960],10.695,-5.614,2.986,,,
[1758212884127317408],12.131,-5.88,2.291,,,
[1758212884132447148],11.128,-5.715,1.858,,,
[1758212884137573085],12.68,-5.89,1.946,,,
[1758212884142751731],10.953,-5.626,1.362,,,
[1758212884147876523],11.827,-5.65,0.795,,,
[1758212884153089283],10.12,-5.167,0.893,,,
[1758212884158201366],10.834,-4.944,0.706,,,
[1758212884163326939],9.029,-4.477,0.311,,,
[1758212884168431679],10.47,-4.549,-0.122,,,
[1758212884173599335],8.815,-4.159,-0.326,,,
[1758212884178718866],9.29,-3.96,-0.443,,,
[1758212884184377773],8.049,-3.788,0.019,,,
[1758212884189523346],8.571,-3.464,0.101,,,
[1758212884194728450],7.621,-3.357,0.584,,,
[1758212884199920168],7.484,-3.275,1.113,,,
[1758212884206728554],7.767,-3.314,1.848,,,
[1758212884211975221],6.098,-2.938,1.951,,,
[1758212884217118346],7.585,-3.316,2.832,,,
[1758212884222344491],6.261,-3.237,2.998,,,
[1758212884227477096],8.116,-3.551,2.907,,,
[1758212884232656106],7.135,-4.199,3.33,,,
[1758212884237767148],9.309,-4.329,3.448,,,
[1758212884242938606],8.203,-4.326,4.01,,,
[1758212884248146835],9.752,-4.707,3.912,,,
[1758212884253476835],8.732,-4.834,4.587,,,
[1758212884258591158],10.518,-5.31,4.274,,,
[1758212884263816002],9.534,-5.174,4.719,,,
[1758212884268959283],10.92,-5.356,4.185,,,
[1758212884274123970],10.412,-5.545,3.012,,,
[1758212884279276679],11.598,-5.708,2.71,,,
[1758212884284952773],11.174,-5.708,2.708,,,
[1758212884290190793],11.904,-5.823,1.762,,,
[1758212884295341991],11.672,-6.06,1.642,,,
[1758212884300459491],11.736,-5.574,1.142,,,
[1758212884305713241],11.542,-5.478,1.168,,,
[1758212884310823502],10.774,-4.968,0.742,,,
[1758212884316023554],10.637,-4.872,0.711,,,
[1758212884321149595],9.108,-4.393,0.096,,,
[1758212884326323189],10.226,-4.379,-0.074,,,
[1758212884331509491],8.827,-4.001,-0.539,,,
[1758212884336785012],9.261,-3.996,-0.108,,,
[1758212884341904960],7.784,-3.74,0.012,,,
[1758212884347057616],8.806,-3.608,0.175,,,
[1758212884352256210],6.924,-3.086,0.498,,,
[1758212884359225793],7.551,-3.156,1.513,,,
[1758212884365594335],6.852,-3.108,2.002,,,
[1758212884370842304],6.869,-2.899,2.277,,,
[1758212884375966002],7.18,-3.196,2.964,,,
[1758212884381065064],7.104,-3.211,2.837,,,
[1758212884386181627],8.107,-3.883,3.323,,,
[1758212884391627304],7.855,-4.137,3.354,,,
[1758212884396783241],9.27,-4.403,4.187,,,
[1758212884401892304],8.344,-4.183,3.97,,,
[1758212884407106366],9.579,-4.839,4.463,,,
[1758212884412423293],8.789,-4.903,4.506,,,
[1758212884417559023],10.635,-5.083,4.702,,,
[1758212884422812304],9.687,-5.006,4.166,,,
[1758212884427974127],11.593,-5.454,3.886,,,
[1758212884433105273],10.252,-5.698,3.649,,,
[1758212884438226314],12.194,-5.918,2.758,,,
[1758212884443360793],11.243,-5.806,2.351,,,
[1758212884448526002],12.471,-6.115,2.219,,,
[1758212884453834752],11.186,-5.569,1.894,,,
[1758212884458951314],12.213,-5.806,1.362,,,
[1758212884464048970],10.846,-5.272,0.84,,,
[1758212884469190273],11.083,-4.915,0.773,,,
[1758212884474358970],9.579,-4.772,0.625,,,
[1758212884479465064],9.843,-4.434,0.06,,,
[1758212884484594387],9.421,-4.451,0.11,,,
[1758212884489696002],9.333,-4.12,-0.177,,,
[1758212884494828970],8.294,-4.187,-0.405,,,
[1758212884503715533],8.657,-3.67,0.455,,,
[1758212884510162043],7.887,-3.122,0.575,,,
[1758212884515440168],7.69,-3.306,1.611,,,
[1758212884522410845],6.414,-2.993,1.963,,,
[1758212884527947720],7.831,-3.275,2.09,,,
[1758212884533085220],6.163,-3.002,2.5,,,
[1758212884538196679],7.609,-3.531,2.787,,,
[1758212884543329179],6.749,-3.692,3.199,,,
[1758212884548402772],9.038,-4.264,3.163,,,
[1758212884553566679],8.236,-4.298,3.871,,,
[1758212884558659179],9.546,-4.587,3.982,,,
[1758212884563839595],8.76,-4.48,4.238,,,
[1758212884569107252],10.034,-4.714,4.386,,,
[1758212884574325793],9.522,-4.829,4.487,,,
[1758212884579423397],10.657,-5.164,4.515,,,
[1758212884584559283],9.996,-5.382,3.965,,,
[1758212884589667616],11.207,-5.322,3.369,,,
[1758212884594809439],11.219,-5.82,2.926,,,
[1758212884599962668],11.6,-5.614,2.686,,,
[1758212884605591366],11.562,-5.942,2.093,,,
[1758212884610866731],11.564,-5.744,1.274,,,
[1758212884616020585],11.837,-5.777,1.654,,,
[1758212884621163970],10.997,-5.198,0.927,,,
[1758212884626335741],11.327,-5.229,1.092,,,
[1758212884631473970],9.768,-4.635,0.654,,,
[1758212884636629647],10.276,-4.59,0.546,,,
[1758212884641761887],9.048,-4.448,-0.546,,,
[1758212884646997460],9.737,-4.393,-0.244,,,
[1758212884652299439],8.035,-3.907,-0.359,,,
[1758212884657771054],9.036,-3.84,-0.124,,,
[1758212884663031575],7.113,-3.467,0.412,,,
[1758212884668141470],8.25,-3.438,0.481,,,
[1758212884673367460],6.62,-3.098,1.494,,,
[1758212884680161314],7.032,-3.074,1.444,,,
[1758212884685394908],6.816,-3.156,2.09,,,
[1758212884690485949],6.876,-2.969,2.387,,,
[1758212884695593970],6.761,-3.417,2.837,,,
[1758212884700723189],7.659,-3.594,2.887,,,
[1758212884705928710],8.813,-4.393,3.373,,,
[1758212884712308710],7.999,-4.259,3.591,,,
[1758212884717614179],9.752,-4.494,4.099,,,
[1758212884722857095],8.382,-4.453,4.35,,,
[1758212884727975533],10.386,-4.741,4.288,,,
[1758212884733196574],9.201,-4.997,4.228,,,
[1758212884738316158],10.81,-5.665,4.226,,,
[1758212884743402616],10.013,-5.365,4.082,,,
[1758212884748596627],11.495,-5.744,3.634,,,
[1758212884753821210],10.436,-5.863,3.072,,,
[1758212884758940533],11.959,-5.957,2.26,,,
[1758212884764085533],11.14,-5.861,1.927,,,
[1758212884769211366],12.203,-5.521,1.812,,,
[1758212884774326991],11.131,-5.665,1.135,,,
[1758212884779470897],11.404,-5.248,1.003,,,
[1758212884784600637],10.166,-5.171,0.666,,,
[1758212884789723918],10.444,-4.654,0.397,,,
[1758212884794893085],9.495,-4.688,0.041,,,
[1758212884800024491],10.166,-4.269,-0.034,,,
[1758212884805195897],9.143,-4.393,-0.192,,,
[1758212884810382408],8.818,-3.687,-0.189,,,
[1758212884815535481],8.55,-3.697,0.065,,,
[1758212884821053033],7.977,-3.342,-0.081,,,
[1758212884826357147],7.81,-3.45,0.903,,,
[1758212884831589335],6.835,-3.021,1.391,,,
[1758212884838272043],7.59,-3.021,1.58,,,
[1758212884843520689],6.009,-3.151,2.164,,,
[1758212884848634283],7.503,-3.275,2.602,,,
[1758212884853821887],6.443,-3.079,3.208,,,
[1758212884858929543],8.217,-3.922,3.249,,,
[1758212884864043970],7.604,-4.161,3.498,,,
[1758212884869144752],9.309,-4.324,3.558,,,
[1758212884874328762],8.483,-4.48,4.415,,,
[1758212884879502616],9.397,-4.539,4.693,,,
[1758212884884725897],9.21,-4.82,4.63,,,
[1758212884889939387],10.025,-5.052,4.202,,,
[1758212884895125949],9.833,-5.205,4.228,,,
[1758212884900245377],10.898,-5.102,3.749,,,
[1758212884905473554],11.202,-5.782,3.563,,,
[1758212884910602251],11.08,-5.6,2.502,,,
[1758212884915790741],12.084,-5.837,2.583,,,
[1758212884920947408],11.732,-5.523,1.774,,,
[1758212884926511470],11.99,-6.038,1.937,,,
[1758212884931769699],11.243,-5.397,1.128,,,
[1758212884936920741],11.779,-5.387,1.353,,,
[1758212884942049283],10.235,-4.843,0.761,,,
[1758212884947176991],10.652,-4.755,0.476,,,
[1758212884952389491],9.201,-4.365,0.215,,,
[1758212884958749699],10.068,-4.434,-0.352,,,
[1758212884964025429],8.502,-4.374,0.065,,,
[1758212884969157720],9.38,-4.108,-0.261,,,
[1758212884974306262],7.611,-3.689,-0.086,,,
[1758212884979440741],8.566,-3.402,0.084,,,
[1758212884984607095],7.022,-3.364,1.171,,,
[1758212884989748293],7.479,-3.086,1.609,,,
[1758212884996538918],7.125,-3.203,1.834,,,
[1758212885002920533],5.942,-3.141,2.856,,,
[1758212885009271470],7.616,-3.242,2.746,,,
[1758212885015557512],7.283,-3.809,3.11,,,
[1758212885021159283],8.092,-3.962,3.405,,,
[1758212885026296054],8.94,-4.3,4.063,,,
[1758212885032474543],8.59,-4.319,4.288,,,
[1758212885038881262],10.063,-4.776,4.894,,,
[1758212885044188918],9.143,-4.752,4.453,,,
[1758212885049410324],10.479,-5.047,3.836,,,
[1758212885054613449],10.149,-5.286,4.18,,,
[1758212885059722929],11.088,-5.236,4.044,,,
[1758212885064860481],10.932,-5.737,3.108,,,
[1758212885070006106],11.54,-5.641,2.624,,,
[1758212885075201158],11.487,-6.002,2.409,,,
[1758212885080317251],11.906,-5.662,1.808,,,
[1758212885085462929],11.219,-5.835,1.832,,,
[1758212885090658970],11.796,-5.394,1.125,,,
[1758212885095813606],11.238,-5.236,0.95,,,
[1758212885100985064],10.183,-4.884,0.654,,,
[1758212885106254335],10.171,-4.688,0.35,,,
[1758212885111377824],9.388,-4.415,0.316,,,
[1758212885116500064],9.783,-4.477,0.259,,,
[1758212885121673710],8.823,-4.132,-0.086,,,
[1758212885126889283],9.306,-4.01,-0.304,,,
[1758212885131996991],7.582,-3.675,0.0,,,
[1758212885137127095],8.284,-3.381,0.34,,,
[1758212885143034178],6.922,-3.177,0.9,,,
[1758212885148310376],7.937,-3.292,1.573,,,
[1758212885153803449],5.902,-3.043,1.767,,,
[1758212885158912876],7.422,-3.175,2.1,,,
[1758212885164054074],6.51,-3.079,2.832,,,
[1758212885169206314],7.681,-3.452,3.012,,,
[1758212885174354335],7.312,-3.723,3.417,,,
[1758212885179457199],9.0,-4.022,3.163,,,
[1758212885184618762],8.143,-4.228,4.099,,,
[1758212885189839022],9.493,-4.329,4.336,,,
[1758212885194971366],9.029,-4.714,4.726,,,
[1758212885200116731],9.354,-4.736,4.353,,,
[1758212885205273606],9.936,-4.978,4.36,,,
[1758212885210404543],10.42,-5.076,3.941,,,
[1758212885215561835],10.834,-5.626,3.924,,,
[1758212885220678658],11.183,-5.387,3.27,,,
[1758212885225835324],11.289,-5.981,2.667,,,
[1758212885231041887],11.176,-5.89,2.344,,,
[1758212885236256887],12.234,-5.993,2.054,,,
[1758212885241366678],11.36,-5.772,1.834,,,
[1758212885246510845],12.072,-5.825,1.403,,,
[1758212885251747564],10.75,-5.272,1.154,,,
[1758212885257300272],11.507,-4.98,0.924,,,
[1758212885262526366],9.266,-4.525,0.63,,,
[1758212885267650793],10.427,-4.707,-0.352,,,
[1758212885272890324],8.902,-4.259,-0.294,,,
[1758212885278037147],10.082,-4.175,-0.28,,,
[1758212885283150897],7.98,-3.852,-0.294,,,
[1758212885288284335],8.935,-3.955,-0.172,,,
[1758212885293467356],7.305,-3.464,0.69,,,
[1758212885298614439],8.176,-3.297,0.747,,,
[1758212885303909908],6.483,-3.141,1.695,,,
[1758212885309581210],7.463,-2.971,1.693,,,
[1758212885314742616],6.349,-2.998,2.14,,,
[1758212885319867408],7.219,-3.043,2.332,,,
[1758212885325131678],6.443,-3.364,2.646,,,
[1758212885330277668],7.36,-3.412,2.995,,,
[1758212885335469178],8.219,-4.252,3.433,,,
[1758212885340595481],8.528,-4.13,3.603,,,
[1758212885345723970],8.763,-4.472,4.357,,,
[1758212885350850949],9.266,-4.427,4.005,,,
[1758212885356483241],9.962,-4.808,4.726,,,
[1758212885361645376],9.292,-4.798,4.19,,,
[1758212885368083501],11.255,-5.239,3.764,,,
[1758212885373366783],10.151,-5.507,3.776,,,
[1758212885378487980],11.832,-5.725,3.575,,,
[1758212885383631366],10.86,-5.772,2.962,,,
[1758212885388735949],12.471,-6.043,2.389,,,
[1758212885393851522],10.973,-5.851,2.105,,,
[1758212885398973449],12.287,-5.902,1.851,,,
[1758212885404186262],10.891,-5.784,1.729,,,
[1758212885409356314],11.906,-5.21,1.197,,,
[1758212885414581783],10.262,-4.899,1.044,,,
[1758212885419742980],10.494,-4.64,0.278,,,
[1758212885424915220],9.414,-4.604,0.484,,,
[1758212885430069230],9.778,-4.405,-0.283,,,
[1758212885435356053],8.598,-4.264,-0.086,,,
[1758212885440491418],8.55,-3.706,-0.338,,,
[1758212885445631105],8.346,-3.962,0.599,,,
[1758212885450735220],7.855,-3.218,0.364,,,
[1758212885455945637],7.867,-3.417,0.639,,,
[1758212885462829335],7.252,-3.165,1.243,,,
[1758212885468155116],7.743,-3.282,1.863,,,
[1758212885474590897],6.534,-3.249,2.385,,,
[1758212885479829908],7.216,-3.139,2.516,,,
[1758212885484928397],6.711,-3.431,3.036,,,
[1758212885490026418],7.925,-3.838,3.132,,,
[1758212885495187512],8.056,-4.312,3.871,,,
[1758212885500331158],9.136,-4.073,3.701,,,
[1758212885505522460],8.475,-4.537,3.955,,,
[1758212885510631418],9.445,-4.338,4.092,,,
[1758212885515785845],9.821,-4.973,4.527,,,
[1758212885520987147],9.95,-4.899,4.07,,,
[1758212885526095637],10.906,-5.239,4.31,,,
[1758212885531203293],10.499,-4.908,3.905,,,
[1758212885536395637],11.387,-5.875,3.493,,,
[1758212885541507512],11.291,-5.679,2.737,,,
[1758212885546674126],11.933,-5.933,2.528,,,
[1758212885551789230],11.126,-5.732,1.956,,,
[1758212885557015116],12.507,-5.861,1.853,,,
[1758212885562167668],10.896,-5.454,1.372,,,
[1758212885567288241],11.679,-5.464,1.214,,,
[1758212885572586522],10.015,-4.779,0.795,,,
[1758212885577738189],10.704,-4.633,0.587,,,
[1758212885583317928],9.038,-4.393,-0.199,,,
[1758212885591606678],9.167,-4.175,-0.043,,,
[1758212885596794491],9.019,-4.113,-0.093,,,
[1758212885601948032],7.894,-3.67,-0.417,,,
[1758212885607224387],8.748,-3.637,0.261,,,
[1758212885612438449],7.295,-3.282,0.824,,,
[1758212885617615585],8.016,-3.299,1.156,,,
[1758212885623337512],6.316,-3.151,1.683,,,
[1758212885628576470],7.791,-2.933,2.394,,,
[1758212885633697407],5.993,-3.086,2.811,,,
[1758212885638881366],7.855,-3.139,2.61,,,
[1758212885644040272],6.677,-3.46,3.134,,,
[1758212885649144178],8.708,-3.958,3.225,,,
[1758212885654369230],8.083,-4.19,3.792,,,
[1758212885659484178],9.369,-4.164,4.14,,,
[1758212885664607772],8.657,-4.3,4.599,,,
[1758212885669775949],9.831,-4.695,4.841,,,
[1758212885674992564],9.0,-4.829,4.683,,,
[1758212885681410897],9.955,-5.097,3.991,,,
[1758212885686624907],10.855,-5.365,4.087,,,
[1758212885693303085],10.455,-5.571,3.251,,,
[1758212885698551991],12.143,-5.971,3.026,,,
[1758212885703745116],10.618,-5.792,2.217,,,
[1758212885708847876],12.538,-6.318,1.939,,,
[1758212885713998449],11.188,-5.82,1.844,,,
[1758212885719105480],12.301,-5.602,1.501,,,
[1758212885724245116],10.532,-5.262,1.245,,,
[1758212885729365220],11.143,-4.961,0.831,,,
[1758212885734538605],9.503,-4.75,0.546,,,
[1758212885739751991],10.036,-4.211,0.225,,,
[1758212885744913918],9.201,-4.537,0.175,,,
[1758212885750036314],9.943,-3.879,-0.321,,,
[1758212885755227512],8.547,-4.135,-0.302,,,
[1758212885760347303],8.653,-3.627,-0.148,,,
[1758212885765529543],7.841,-3.778,0.256,,,
[1758212885770693866],7.537,-3.074,0.469,,,
[1758212885775941053],7.484,-3.464,1.276,,,
[1758212885781734282],6.531,-3.029,1.393,,,
[1758212885788134543],7.784,-3.12,1.798,,,
[1758212885793426626],6.134,-3.055,2.602,,,
[1758212885799727980],7.494,-3.242,2.897,,,
[1758212885805320637],7.171,-3.965,3.23,,,
[1758212885810433762],8.377,-4.183,3.244,,,
[1758212885815553293],8.399,-4.415,4.226,,,
[1758212885820657199],8.966,-3.991,4.14,,,
[1758212885825782355],9.076,-4.858,4.855,,,
[1758212885830916366],9.503,-4.681,4.434,,,
[1758212885836097251],10.264,-4.992,4.353,,,
[1758212885841204543],10.508,-5.136,4.235,,,
[1758212885846334074],10.822,-5.59,4.108,,,
[1758212885851698241],10.822,-5.444,2.914,,,
[1758212885857166105],12.084,-5.849,2.672,,,
[1758212885862368553],11.147,-5.883,2.444,,,
[1758212885867508084],12.512,-6.036,2.14,,,
[1758212885872738241],11.133,-5.906,1.678,,,
[1758212885877949543],12.294,-5.722,1.705,,,
[1758212885883076157],10.369,-5.078,1.089,,,
[1758212885888243762],11.21,-5.179,0.613,,,
[1758212885893704074],9.407,-4.709,0.4,,,
[1758212885899949230],10.044,-4.329,0.223,,,
[1758212885905225272],9.184,-4.48,-0.093,,,
[1758212885910839387],8.923,-3.922,-0.113,,,
[1758212885915973605],8.727,-3.946,0.072,,,
[1758212885921072616],8.052,-3.256,0.232,,,
[1758212885926196366],7.618,-3.397,0.706,,,
[1758212885931358241],7.551,-3.079,0.788,,,
[1758212885939075428],7.611,-3.148,1.379,,,
[1758212885944538970],6.323,-2.995,2.069,,,
[1758212885949656678],7.609,-2.983,2.356,,,
[1758212885954842355],6.448,-3.117,2.909,,,
[1758212885959946574],7.762,-3.536,2.988,,,
[1758212885965075220],7.69,-4.111,3.395,,,
[1758212885970173397],8.827,-4.125,3.412,,,
[1758212885975285584],8.404,-4.401,3.998,,,
[1758212885980425741],9.495,-4.013,3.84,,,
[1758212885985587251],9.179,-4.841,4.477,,,
[1758212885990775012],9.459,-4.729,4.068,,,
[1758212885995908241],10.479,-5.385,4.293,,,
[1758212886001418189],10.544,-5.045,3.666,,,
[1758212886006618866],11.325,-5.547,3.306,,,
[1758212886011736730],11.337,-5.543,2.804,,,
[1758212886017206366],12.076,-6.086,2.674,,,
[1758212886022418032],11.114,-5.82,1.961,,,
[1758212886027553293],12.443,-6.009,2.016,,,
[1758212886032811366],11.267,-5.612,1.463,,,
[1758212886037991886],11.993,-5.478,1.199,,,
[1758212886043204386],10.125,-4.997,0.658,,,
[1758212886048531261],11.04,-4.824,0.455,,,
[1758212886053824699],8.969,-4.432,0.242,,,
[1758212886058953866],10.183,-4.381,0.079,,,
[1758212886064120324],8.772,-4.073,-0.271,,,
[1758212886069245064],9.699,-4.118,-0.376,,,
[1758212886074372199],8.071,-4.096,0.012,,,
[1758212886079512043],8.772,-3.826,0.108,,,
[1758212886084696314],7.183,-3.244,0.417,,,
[1758212886089951574],8.064,-3.261,1.058,,,
[1758212886096922407],7.463,-3.314,2.047,,,
[1758212886102242199],6.158,-3.179,2.059,,,
[1758212886107720636],7.372,-3.354,2.674,,,
[1758212886112908189],6.395,-3.318,3.043,,,
[1758212886118024543],8.076,-3.907,3.309,,,
[1758212886125376209],7.944,-4.214,3.156,,,
[1758212886130602928],8.796,-4.18,3.752,,,
[1758212886135831314],8.808,-4.432,4.231,,,
[1758212886141059803],9.481,-4.458,4.202,,,
[1758212886146205793],9.725,-5.095,4.432,,,
[1758212886151320220],9.445,-4.911,4.551,,,
[1758212886156534178],10.654,-5.09,4.381,,,
[1758212886161645897],10.575,-5.083,3.747,,,
[1758212886166774907],11.202,-5.76,3.816,,,
[1758212886171881001],11.035,-5.806,2.586,,,
[1758212886177025376],11.882,-6.029,2.516,,,
[1758212886182213449],11.265,-5.856,1.903,,,
[1758212886187460064],12.682,-6.079,1.731,,,
[1758212886192634855],11.123,-5.729,1.288,,,
[1758212886197739959],12.081,-5.449,1.228,,,
[1758212886202953397],10.154,-4.932,0.845,,,
[1758212886208131782],10.803,-4.75,0.558,,,
[1758212886214697511],9.131,-4.492,0.115,,,
[1758212886219958761],10.068,-4.432,-0.089,,,
[1758212886225109959],8.468,-4.204,-0.144,,,
[1758212886230543293],8.801,-3.816,-0.105,,,
[1758212886235696053],8.109,-3.701,0.345,,,
[1758212886240802876],7.879,-3.091,0.388,,,
[1758212886245980011],7.403,-3.455,1.065,,,
[1758212886251131991],7.448,-3.163,1.161,,,
[1758212886258855584],7.511,-3.263,1.973,,,
[1758212886264301209],6.282,-3.096,2.332,,,
[1758212886269490949],7.508,-3.05,2.95,,,
[1758212886274603553],6.869,-3.457,3.606,,,
[1758212886279706834],8.377,-3.943,3.065,,,
[1758212886284823188],7.987,-4.101,3.115,,,
[1758212886289916522],9.407,-4.096,3.869,,,
[1758212886295023813],8.411,-4.441,4.463,,,
[1758212886300135272],9.651,-4.539,4.094,,,
[1758212886305359491],9.041,-4.808,4.298,,,
[1758212886310467095],10.276,-4.932,4.338,,,
[1758212886315584438],10.613,-5.31,4.247,,,
[1758212886320829282],10.961,-5.315,3.85,,,
[1758212886325949647],10.937,-5.753,3.431,,,
[1758212886331078449],11.576,-5.617,2.667,,,
[1758212886336742095],12.222,-6.005,2.488,,,
[1758212886341895793],11.399,-5.748,1.674,,,
[1758212886347056313],12.194,-6.033,1.295,,,
[1758212886352311574],11.109,-5.533,1.384,,,
[1758212886358674543],11.559,-5.152,0.838,,,
[1758212886363941366],9.73,-4.851,0.611,,,
[1758212886369076470],10.503,-4.559,0.316,,,
[1758212886374224178],9.12,-4.355,0.302,,,
[1758212886379337355],10.195,-4.41,-0.074,,,
[1758212886384423918],8.26,-4.053,-0.132,,,
[1758212886389511834],9.215,-3.824,-0.227,,,
[1758212886394639074],7.503,-3.68,0.194,,,
[1758212886399765532],8.09,-3.412,0.529,,,
[1758212886405566001],7.077,-3.33,0.974,,,
[1758212886411060168],7.216,-3.053,1.518,,,
[1758212886416360897],6.977,-3.086,1.968,,,
[1758212886421492355],6.972,-2.88,2.265,,,
[1758212886426980272],7.578,-3.323,2.895,,,
[1758212886432099126],6.96,-3.397,2.708,,,
[1758212886437297772],8.507,-3.994,3.316,,,
[1758212886443100168],7.774,-4.214,3.409,,,
[1758212886449434699],9.452,-4.513,4.164,,,
[1758212886456039386],9.12,-4.745,4.499,,,
[1758212886461289126],9.21,-4.451,4.65,,,
[1758212886466438657],10.116,-5.179,4.286,,,
[1758212886471579543],10.388,-5.162,4.247,,,
[1758212886476730793],10.683,-5.444,4.173,,,
[1758212886481838188],10.913,-5.468,3.299,,,
[1758212886486976730],12.002,-5.945,2.885,,,
[1758212886492077511],11.114,-5.801,2.284,,,
[1758212886497239230],12.431,-6.11,2.045,,,
[1758212886502505793],11.389,-5.863,1.518,,,
[1758212886507647772],12.215,-5.849,1.451,,,
[1758212886512842355],10.977,-5.411,1.259,,,
[1758212886517948188],11.42,-5.04,1.267,,,
[1758212886523076886],9.469,-4.463,0.668,,,
[1758212886528195688],10.451,-4.515,0.304,,,
[1758212886534744907],9.11,-4.231,0.29,,,
[1758212886539974855],9.816,-4.07,-0.129,,,
[1758212886545114282],8.205,-3.95,-0.086,,,
[1758212886550233240],8.538,-3.572,-0.548,,,
[1758212886555445584],7.544,-3.393,0.06,,,
[1758212886562160793],7.499,-3.165,0.527,,,
[1758212886568114178],8.03,-3.39,1.702,,,
[1758212886573268501],6.175,-3.105,2.162,,,
[1758212886578380063],7.757,-3.297,2.519,,,
[1758212886583521001],6.325,-3.093,2.507,,,
[1758212886588627147],7.927,-3.393,2.942,,,
[1758212886593729230],6.862,-3.78,3.304,,,
[1758212886598857095],8.961,-4.29,3.515,,,
[1758212886604093918],7.932,-4.118,3.859,,,
[1758212886609313032],9.601,-4.413,3.819,,,
[1758212886614449334],8.571,-4.559,4.192,,,
[1758212886619559959],10.139,-4.865,4.664,,,
[1758212886624717407],9.33,-5.092,4.626,,,
[1758212886629859334],10.982,-5.239,4.429,,,
[1758212886634986053],10.034,-5.442,3.859,,,
[1758212886640447668],11.399,-5.476,3.407,,,
[1758212886645651730],11.145,-5.758,2.622,,,
[1758212886650803188],11.66,-5.665,2.346,,,
[1758212886656058449],11.447,-5.854,2.219,,,
[1758212886661153605],11.885,-5.667,1.645,,,
[1758212886666262147],11.724,-5.76,1.695,,,
[1758212886672485167],10.602,-5.267,1.077,,,
[1758212886678083136],11.023,-4.906,0.759,,,
[1758212886683250897],9.325,-4.46,0.122,,,
[1758212886688351105],10.599,-4.676,-0.23,,,
[1758212886693491157],8.815,-4.278,0.034,,,
[1758212886698613449],9.469,-4.005,0.113,,,
[1758212886703790115],7.714,-3.879,0.048,,,
[1758212886708904647],8.988,-3.936,0.165,,,
[1758212886714115636],7.104,-3.354,0.678,,,
[1758212886719316574],8.363,-3.409,1.197,,,
[1758212886724580063],6.541,-3.144,1.396,,,
[1758212886731401209],7.25,-2.986,1.939,,,
[1758212886736632980],7.338,-3.211,2.389,,,
[1758212886741744542],6.536,-2.938,2.488,,,
[1758212886747207511],7.618,-3.472,3.393,,,
[1758212886752401678],7.465,-3.85,3.73,,,
[1758212886757578657],9.22,-4.278,4.178,,,
[1758212886762742355],8.04,-4.286,4.113,,,
[1758212886767878240],9.675,-4.429,4.159,,,
[1758212886773069803],8.466,-4.432,4.429,,,
[1758212886778315792],10.147,-5.016,3.852,,,
[1758212886784790897],9.574,-5.171,4.341,,,
[1758212886790023397],10.621,-5.241,3.618,,,
[1758212886795156834],10.46,-5.511,3.079,,,
[1758212886800271522],11.849,-5.523,2.691,,,
[1758212886805479595],10.942,-5.928,2.552,,,
[1758212886810587355],12.122,-5.804,2.037,,,
[1758212886815709699],11.806,-6.112,2.16,,,
[1758212886820821834],11.993,-5.72,1.568,,,
[1758212886826044699],11.574,-5.717,1.31,,,
[1758212886831256365],10.944,-5.071,0.663,,,
[1758212886836412772],10.491,-4.915,0.68,,,
[1758212886841554803],9.869,-4.46,0.201,,,
[1758212886846692042],9.926,-4.59,-0.316,,,
[1758212886851779907],9.0,-4.092,-0.543,,,
[1758212886857312772],9.206,-4.336,-0.285,,,
[1758212886862519438],8.42,-3.692,-0.189,,,
[1758212886867684282],8.856,-3.713,0.177,,,
[1758212886872920949],7.123,-3.206,0.45,,,
[1758212886878137667],8.203,-3.311,1.207,,,
[1758212886884948032],6.541,-3.084,1.635,,,
[1758212886890167251],7.422,-2.928,2.112,,,
[1758212886895313084],6.129,-3.165,2.495,,,
[1758212886900428501],7.312,-3.019,2.792,,,
[1758212886905622042],6.783,-3.338,3.074,,,
[1758212886910720740],8.447,-3.766,3.28,,,
[1758212886915834542],8.025,-4.29,4.326,,,
[1758212886920944178],8.638,-3.85,3.797,,,
[1758212886926111209],9.055,-4.408,4.295,,,
[1758212886931305844],9.227,-4.322,4.056,,,
[1758212886936468501],9.629,-4.841,4.46,,,
[1758212886941627876],10.104,-4.812,4.264,,,
[1758212886946754126],10.484,-5.43,4.31,,,
[1758212886951889490],10.681,-5.231,3.682,,,
[1758212886957095428],11.801,-5.677,3.038,,,
[1758212886964715844],10.865,-5.969,2.629,,,
[1758212886970238292],12.134,-5.813,2.411,,,
[1758212886975418449],11.545,-5.883,1.697,,,
[1758212886980558136],12.167,-5.715,1.384,,,
[1758212886985713240],10.932,-5.464,1.214,,,
[1758212886993185480],9.859,-4.858,0.852,,,
[1758212886998521313],10.707,-4.764,0.354,,,
[1758212887003728761],9.045,-4.484,0.12,,,
[1758212887008836522],10.163,-4.63,-0.232,,,
[1758212887013982772],8.14,-4.094,-0.117,,,
[1758212887019099699],9.261,-3.926,-0.321,,,
[1758212887024214751],7.585,-3.869,0.433,,,
[1758212887029327355],8.124,-3.606,0.371,,,
[1758212887034554022],6.766,-3.129,0.713,,,
[1758212887039733397],7.822,-3.275,1.259,,,
[1758212887046534594],6.847,-3.318,1.709,,,
[1758212887051792928],6.649,-3.081,1.911,,,
[1758212887057022772],6.936,-3.481,2.725,,,
[1758212887062177824],7.017,-3.551,2.825,,,
[1758212887067319959],8.229,-4.099,3.567,,,
[1758212887072753344],7.887,-4.293,3.151,,,
[1758212887077874386],9.124,-4.638,3.977,,,
[1758212887083027147],8.248,-4.551,3.958,,,
[1758212887088163136],9.871,-4.808,3.97,,,
[1758212887093410480],8.566,-4.846,4.345,,,
[1758212887098849334],10.453,-5.212,4.511,,,
[1758212887104065011],9.792,-5.296,4.025,,,
[1758212887109171886],11.545,-5.356,3.491,,,
[1758212887114300896],10.333,-5.464,3.227,,,
[1758212887119418344],12.084,-5.897,2.782,,,
[1758212887124573449],11.061,-5.832,2.444,,,
[1758212887129776730],12.361,-5.753,2.047,,,
[1758212887135040480],11.375,-5.818,1.867,,,
[1758212887140173449],12.261,-5.543,1.516,,,
[1758212887145316001],10.587,-5.521,1.391,,,
[1758212887150427407],11.784,-4.796,0.804,,,
[1758212887155616834],9.828,-4.578,0.702,,,
[1758212887160725949],9.965,-4.36,-0.273,,,
[1758212887165842199],9.359,-4.429,-0.23,,,
[1758212887170978709],9.299,-4.092,0.053,,,
[1758212887176270063],8.655,-3.917,0.038,,,
[1758212887181788501],8.076,-3.529,-0.283,,,
[1758212887186936521],7.894,-3.539,0.62,,,
[1758212887192021313],7.264,-3.007,0.594,,,
[1758212887197156105],7.678,-3.134,1.432,,,
[1758212887202392876],6.697,-3.033,1.365,,,
[1758212887207919594],7.532,-2.99,1.906,,,
[1758212887213082980],6.364,-3.062,2.394,,,
[1758212887218227667],8.018,-3.385,2.897,,,
[1758212887223368605],7.005,-3.67,2.962,,,
[1758212887228614021],8.796,-4.175,3.254,,,
[1758212887233749594],7.915,-4.245,3.381,,,
[1758212887238890792],9.574,-4.322,4.185,,,
[1758212887248819074],10.104,-4.654,4.099,,,
[1758212887254417876],8.823,-4.532,4.678,,,
[1758212887259543240],11.011,-4.901,4.19,,,
[1758212887264721469],10.099,-5.073,3.998,,,
[1758212887269966990],11.265,-5.138,3.876,,,
[1758212887275128344],10.776,-5.466,3.244,,,
[1758212887280243553],12.213,-5.55,2.691,,,
[1758212887285431886],11.384,-5.528,2.282,,,
[1758212887290955532],12.007,-5.528,1.365,,,
[1758212887296103813],11.586,-5.686,1.279,,,
[1758212887301261365],11.643,-5.224,1.013,,,
[1758212887306538449],10.903,-5.171,0.941,,,
[1758212887311710323],10.786,-4.436,0.239,,,
[1758212887318112876],10.527,-4.736,0.589,,,
[1758212887324608084],8.847,-4.393,0.055,,,
[1758212887329839594],9.941,-4.029,-0.496,,,
[1758212887334937667],8.337,-3.824,-0.242,,,
[1758212887340054438],8.736,-3.663,0.187,,,
[1758212887345173917],7.453,-3.469,0.543,,,
[1758212887350288396],8.195,-3.397,0.637,,,
[1758212887355488761],6.773,-3.287,1.348,,,
[1758212887360593084],7.57,-3.215,1.674,,,
[1758212887365754073],6.349,-3.213,2.121,,,
[1758212887370943553],7.321,-2.954,2.404,,,
[1758212887376036261],7.163,-3.323,2.983,,,
[1758212887381140636],7.422,-3.476,3.175,,,
[1758212887386283657],7.946,-4.058,3.754,,,
[1758212887391406938],8.602,-4.278,3.431,,,
[1758212887396936886],9.179,-4.767,4.001,,,
[1758212887402193344],8.504,-4.525,4.422,,,
[1758212887408628396],10.235,-4.92,4.966,,,
[1758212887414931365],9.309,-5.133,4.836,,,
[1758212887420147615],10.819,-5.09,3.735,,,
[1758212887425281521],10.187,-5.495,3.752,,,
[1758212887430694594],11.416,-5.55,3.122,,,
[1758212887435837198],10.889,-5.746,2.964,,,
[1758212887441020376],11.99,-5.653,2.322,,,
[1758212887446128448],11.444,-5.93,2.409,,,
[1758212887451252146],11.724,-5.636,1.539,,,
[1758212887456488813],11.636,-5.681,1.415,,,
[1758212887461697719],11.327,-5.207,0.706,,,
[1758212887466824646],10.654,-5.198,0.553,,,
[1758212887471926365],10.329,-4.324,0.397,,,
[1758212887477048709],9.948,-4.633,0.141,,,
[1758212887482208240],9.615,-4.3,-0.244,,,
[1758212887487373813],9.625,-4.336,-0.146,,,
[1758212887492572667],8.08,-3.888,-0.555,,,
[1758212887497695011],8.772,-3.852,-0.311,,,
[1758212887503413813],7.049,-3.388,0.534,,,
[1758212887508591469],8.317,-3.23,1.051,,,
[1758212887513712719],6.414,-3.304,1.264,,,
[1758212887518845688],7.731,-3.371,1.798,,,
[1758212887523944230],6.203,-3.1,2.219,,,
[1758212887529053032],7.908,-3.287,2.727,,,
[1758212887534194907],6.182,-3.235,3.021,,,
[1758212887539607250],8.205,-4.005,3.268,,,
[1758212887544801469],7.81,-4.106,3.46,,,
[1758212887549979334],9.246,-4.554,3.551,,,
[1758212887555353761],8.464,-4.381,4.429,,,
[1758212887560508500],9.57,-4.647,4.523,,,
[1758212887565633709],8.993,-4.628,4.535,,,
[1758212887570773761],10.058,-4.738,4.685,,,
[1758212887575919594],10.082,-5.121,4.573,,,
[1758212887581072928],10.858,-4.956,4.243,,,
[1758212887586201990],10.317,-5.449,3.431,,,
[1758212887591353553],11.447,-5.543,2.693,,,
[1758212887596812928],11.686,-5.935,2.533,,,
[1758212887602058917],11.542,-5.394,2.057,,,
[1758212887607287511],12.036,-6.017,1.863,,,
[1758212887612850896],11.056,-5.397,0.929,,,
[1758212887617994646],11.729,-5.44,1.233,,,
[1758212887623119125],10.135,-4.985,0.692,,,
[1758212887628290428],10.46,-4.743,0.378,,,
[1758212887633444334],8.906,-4.338,-0.175,,,
[1758212887638583917],10.379,-4.604,-0.426,,,
[1758212887643937459],8.504,-4.14,-0.129,,,
[1758212887649418865],9.397,-3.996,-0.326,,,
[1758212887654667615],7.635,-3.689,0.223,,,
[1758212887659807094],8.425,-3.524,0.409,,,
[1758212887664980896],7.063,-3.211,1.185,,,
[1758212887670089178],8.006,-3.347,1.104,,,
[1758212887675238917],6.491,-2.959,1.19,,,
[1758212887680380948],7.63,-3.01,1.99,,,
[1758212887685617667],6.431,-3.266,2.77,,,
[1758212887690786261],7.305,-3.129,2.464,,,
[1758212887695923917],7.113,-3.519,2.919,,,
[1758212887701031990],8.356,-3.704,3.397,,,
[1758212887706219750],8.332,-4.336,3.843,,,
[1758212887711335480],8.736,-4.247,3.735,,,
[1758212887716506782],9.033,-4.681,3.859,,,
[1758212887721941834],9.115,-4.7,4.068,,,
[1758212887727187303],9.989,-4.906,4.3,,,
[1758212887732439855],10.068,-4.784,3.486,,,
[1758212887737601053],10.618,-5.289,4.393,,,
[1758212887742750011],10.214,-5.306,3.622,,,
[1758212887747880115],11.59,-5.674,2.885,,,
[1758212887753092459],10.726,-5.622,2.564,,,
[1758212887758548448],12.115,-5.722,2.514,,,
[1758212887763730636],11.116,-5.657,1.769,,,
[1758212887769000063],12.503,-5.792,1.669,,,
[1758212887774168240],10.446,-5.32,1.171,,,
[1758212887779316365],11.861,-5.356,0.725,,,
[1758212887784457302],9.601,-4.8,0.527,,,
[1758212887789577198],10.376,-4.7,0.218,,,
[1758212887794707198],9.105,-4.401,-0.089,,,
[1758212887799925792],10.204,-4.307,-0.081,,,
[1758212887805167980],8.375,-3.965,-0.455,,,
[1758212887810375480],9.261,-4.061,-0.261,,,
[1758212887815543136],7.681,-3.747,0.225,,,
[1758212887820694125],8.045,-3.402,0.694,,,
[1758212887825833240],7.034,-3.311,0.967,,,
[1758212887831358500],7.24,-2.981,1.7,,,
[1758212887836559386],6.991,-3.139,2.145,,,
[1758212887841645480],7.154,-3.278,1.999,,,
[1758212887846786469],6.742,-3.292,3.117,,,
[1758212887851910167],7.118,-3.326,2.892,,,
[1758212887857141990],7.762,-4.013,3.175,,,
[1758212887862313136],8.147,-4.195,3.282,,,
[1758212887868874907],9.443,-4.547,3.713,,,
[1758212887875338448],8.712,-4.597,4.64,,,
[1758212887882629750],9.072,-4.647,4.271,,,
[1758212887888162563],10.302,-5.102,4.736,,,
[1758212887893342459],9.548,-5.176,4.116,,,
[1758212887898499490],11.236,-5.432,3.888,,,
[1758212887903703136],10.341,-5.547,3.124,,,
[1758212887908813813],12.213,-5.715,3.493,,,
[1758212887913937771],10.609,-5.607,2.334,,,
[1758212887919041573],12.462,-5.952,1.992,,,
[1758212887924163188],11.111,-5.782,1.829,,,
[1758212887929388032],12.426,-5.732,1.429,,,
[1758212887934606365],10.503,-5.073,0.74,,,
[1758212887940095167],11.372,-4.961,0.622,,,
[1758212887945262407],9.38,-4.492,0.929,,,
[1758212887950404490],10.29,-4.594,0.0,,,
[1758212887955595532],9.222,-4.434,-0.271,,,
[1758212887960724282],9.471,-4.058,-0.254,,,
[1758212887965857198],8.363,-3.946,-0.007,,,
[1758212887970969229],8.873,-3.61,0.29,,,
[1758212887976411729],7.654,-3.553,0.285,,,
[1758212887981547719],7.578,-3.12,0.603,,,
[1758212887986678240],7.286,-3.345,1.798,,,
[1758212887991905636],7.252,-3.045,1.918,,,
[1758212887997038396],7.111,-3.328,2.011,,,
[1758212888002199438],7.034,-2.868,2.363,,,
[1758212888007406782],6.931,-3.448,3.072,,,
[1758212888012622302],7.041,-3.699,2.842,,,
[1758212888017846886],9.072,-4.405,3.733,,,
[1758212888022994386],8.049,-4.357,3.44,,,
[1758212888028235167],9.131,-4.745,4.137,,,
[1758212888033479959],8.873,-4.444,4.329,,,
[1758212888038682042],10.324,-4.741,4.506,,,
[1758212888043823917],9.165,-5.023,4.223,,,
[1758212888050364438],11.181,-5.313,4.434,,,
[1758212888056722875],10.949,-5.483,3.855,,,
[1758212888061972823],11.059,-5.504,2.964,,,
[1758212888067115636],11.538,-5.885,2.631,,,
[1758212888072299490],11.43,-5.583,1.93,,,
[1758212888077444073],12.179,-5.758,1.86,,,
[1758212888083838188],11.025,-5.811,1.415,,,
[1758212888089112771],12.134,-5.569,1.3,,,
[1758212888094255063],10.175,-5.045,0.943,,,
[1758212888099378500],10.92,-4.951,0.278,,,
[1758212888104585896],8.971,-4.381,0.136,,,
[1758212888109730323],10.405,-4.475,0.151,,,
[1758212888114879959],8.607,-3.979,-0.187,,,
[1758212888119997979],9.505,-4.082,-0.283,,,
[1758212888125161365],8.095,-3.946,-0.22,,,
[1758212888130374854],8.854,-3.752,0.256,,,
[1758212888135584542],7.185,-3.369,0.273,,,
[1758212888140694542],8.432,-3.321,0.572,,,
[1758212888145822407],6.596,-3.328,1.346,,,
[1758212888150976834],7.185,-2.909,1.946,,,
[1758212888156593552],6.553,-3.256,2.31,,,
[1758212888161725115],7.226,-2.954,2.483,,,
[1758212888166849698],6.8,-3.531,3.323,,,
[1758212888171954750],7.652,-3.74,3.388,,,
[1758212888177136677],8.698,-4.293,3.412,,,
[1758212888182286417],8.523,-4.25,3.402,,,
[1758212888187466469],9.354,-4.463,3.996,,,
[1758212888193020011],8.727,-4.602,3.754,,,
[1758212888198334750],10.089,-4.769,4.144,,,
[1758212888203547406],9.38,-4.86,3.728,,,
[1758212888208654334],10.903,-5.452,3.871,,,
[1758212888213800844],10.154,-5.212,3.824,,,
[1758212888218949438],11.648,-5.768,3.239,,,
[1758212888224119750],10.673,-5.727,2.717,,,
[1758212888229227615],12.287,-5.854,2.282,,,
[1758212888234428761],11.346,-5.655,2.119,,,
[1758212888242349281],11.27,-5.605,0.845,,,
[1758212888247756781],11.413,-5.447,1.458,,,
[1758212888253051469],10.609,-4.848,0.388,,,
[1758212888258248084],10.767,-4.76,0.529,,,
[1758212888263860063],9.316,-4.396,-0.062,,,
[1758212888269011781],10.537,-4.652,-0.242,,,
[1758212888274151625],8.444,-4.252,0.187,,,
[1758212888279259438],9.582,-4.195,0.172,,,
[1758212888284440115],7.755,-3.776,0.35,,,
[1758212888289711990],8.696,-3.931,0.175,,,
[1758212888294922667],6.84,-3.297,0.948,,,
[1758212888300354125],8.045,-3.27,1.42,,,
[1758212888305582771],6.462,-2.933,1.827,,,
[1758212888310687459],7.561,-3.364,1.59,,,
[1758212888315820063],6.275,-3.141,2.801,,,
[1758212888320927927],7.762,-3.132,2.387,,,
[1758212888326063865],6.814,-3.709,2.856,,,
[1758212888331206261],8.722,-3.994,3.208,,,
[1758212888336478969],8.543,-4.362,4.022,,,
[1758212888341642823],9.026,-4.161,3.852,,,
[1758212888346772563],8.794,-4.587,4.3,,,
[1758212888351899906],9.407,-4.369,4.283,,,
[1758212888357097667],9.397,-5.025,4.338,,,
[1758212888362319594],10.084,-4.999,4.053,,,
[1758212888367461521],11.016,-5.37,4.003,,,
[1758212888373995115],10.396,-5.308,3.321,,,
[1758212888379233917],11.815,-5.801,2.586,,,
[1758212888384363344],11.018,-5.768,2.124,,,
[1758212888389480323],12.598,-5.703,2.198,,,
[1758212888394637146],10.965,-5.619,1.724,,,
[1758212888399741365],12.325,-5.926,1.166,,,
[1758212888404931938],10.616,-5.387,1.154,,,
[1758212888411303656],11.277,-4.788,0.943,,,
[1758212888416568865],9.943,-4.812,0.678,,,
[1758212888421686365],9.876,-4.362,-0.254,,,
[1758212888426892250],9.565,-4.547,0.134,,,
[1758212888432004333],9.603,-4.104,-0.323,,,
[1758212888437150219],8.808,-4.156,-0.436,,,
[1758212888442332198],8.55,-3.651,-0.443,,,
[1758212888447478969],7.867,-3.742,0.393,,,
[1758212888452752406],7.422,-3.268,0.321,,,
[1758212888457981469],7.683,-3.524,1.319,,,
[1758212888463183761],6.553,-3.105,1.846,,,
[1758212888468297042],6.905,-3.314,2.485,,,
[1758212888473491781],6.184,-3.065,2.67,,,
[1758212888478627823],7.836,-3.321,3.156,,,
[1758212888484367406],6.694,-3.469,2.899,,,
[1758212888489502406],8.492,-4.24,3.273,,,
[1758212888494681625],8.159,-4.144,4.132,,,
[1758212888499826625],9.555,-4.547,3.886,,,
[1758212888505983448],8.643,-4.492,4.508,,,
[1758212888511221886],9.833,-4.604,4.726,,,
[1758212888516690583],9.831,-5.126,4.19,,,
[1758212888521799542],10.453,-5.042,4.566,,,
[1758212888526955792],10.709,-5.373,4.29,,,
[1758212888532034386],11.059,-5.262,3.378,,,
[1758212888537121156],11.384,-5.698,2.758,,,
[1758212888542336990],11.535,-5.612,1.935,,,
[1758212888547534750],11.698,-5.911,2.047,,,
[1758212888553920948],11.016,-5.784,1.985,,,
[1758212888559388865],12.378,-5.696,1.286,,,
[1758212888564571365],10.697,-5.303,0.922,,,
[1758212888569714906],11.274,-4.949,0.474,,,
[1758212888574867354],9.404,-4.444,0.232,,,
[1758212888579963344],10.7,-4.434,-0.285,,,
[1758212888585080219],8.904,-4.288,-0.405,,,
[1758212888590450636],9.953,-4.202,-0.431,,,
[1758212888596800063],8.181,-4.101,0.026,,,
[1758212888602033917],8.09,-3.539,0.084,,,
[1758212888607230948],7.858,-3.582,0.421,,,
[1758212888612411104],7.396,-3.141,0.661,,,
[1758212888617556261],7.264,-3.347,1.657,,,
[1758212888623052615],6.402,-3.096,1.748,,,
[1758212888628167771],7.274,-3.251,2.598,,,
[1758212888633320010],6.294,-3.01,2.502,,,
[1758212888638545740],7.8,-3.448,3.129,,,
[1758212888643665531],6.91,-3.692,3.153,,,
[1758212888648949229],8.746,-4.436,3.153,,,
[1758212888654197875],8.037,-4.427,3.716,,,
[1758212888659321833],9.57,-4.712,4.46,,,
[1758212888664475010],8.55,-4.523,4.233,,,
[1758212888669627354],10.238,-5.028,4.386,,,
[1758212888674792875],9.62,-4.982,4.271,,,
[1758212888679893500],11.107,-5.277,4.144,,,
[1758212888685051625],9.883,-5.222,3.816,,,
[1758212888690178031],11.835,-5.564,3.067,,,
[1758212888695365844],10.867,-5.763,2.928,,,
[1758212888700548708],12.285,-5.684,2.528,,,
[1758212888706200479],11.392,-5.866,2.234,,,
[1758212888711333500],11.993,-5.758,1.41,,,
[1758212888716459698],11.327,-5.543,1.664,,,
[1758212888721636052],11.291,-5.274,1.506,,,
[1758212888726755219],10.173,-4.927,0.955,,,
[1758212888732777979],9.689,-4.532,0.385,,,
[1758212888738392667],10.47,-4.365,0.113,,,
[1758212888743620948],9.005,-4.204,-0.182,,,
[1758212888748803448],9.764,-4.436,-0.127,,,
[1758212888754051208],8.174,-3.807,0.014,,,
[1758212888759162198],9.155,-3.895,0.153,,,
[1758212888764295583],7.077,-3.438,0.912,,,
[1758212888769402406],8.236,-3.5,0.984,,,
[1758212888774578396],6.452,-3.158,1.65,,,
[1758212888779732823],7.585,-3.184,1.817,,,
[1758212888785058292],6.112,-3.024,2.193,,,
[1758212888790201625],7.384,-3.132,2.71,,,
[1758212888795292510],6.598,-3.249,2.871,,,
[1758212888800480219],8.461,-3.718,2.981,,,
[1758212888805690115],7.91,-4.183,3.539,,,
[1758212888811213760],9.076,-4.269,3.677,,,
[1758212888816399281],8.899,-4.64,4.214,,,
[1758212888821539021],9.45,-4.484,4.295,,,
[1758212888826701625],9.139,-4.657,4.453,,,
[1758212888831806885],9.819,-4.841,4.247,,,
[1758212888836919646],10.161,-5.294,4.25,,,
[1758212888842002094],10.664,-4.887,3.177,,,
[1758212888847479021],11.495,-5.667,3.148,,,
[1758212888852927823],11.044,-5.578,2.535,,,
[1758212888858225271],11.825,-5.89,2.365,,,
[1758212888863362146],11.332,-5.789,2.112,,,
[1758212888868510010],12.455,-5.904,2.061,,,
[1758212888873650844],11.035,-5.576,1.824,,,
[1758212888878788812],11.763,-5.222,1.111,,,
[1758212888883921990],10.089,-4.623,0.563,,,
[1758212888889027354],10.616,-4.645,0.484,,,
[1758212888894190115],9.33,-4.525,0.225,,,
[1758212888899382562],10.489,-4.451,-0.464,,,
[1758212888904629437],8.349,-4.276,-0.493,,,
[1758212888909754385],9.227,-4.07,-0.347,,,
[1758212888914930115],7.8,-3.792,0.393,,,
[1758212888921398344],8.329,-3.371,0.52,,,
[1758212888926646990],7.24,-3.388,0.869,,,
[1758212888931754333],7.4,-3.089,1.448,,,
[1758212888936867667],6.989,-3.158,1.887,,,
[1758212888941948396],7.051,-2.966,2.126,,,
[1758212888947040844],6.768,-3.16,2.619,,,
[1758212888952354021],7.18,-3.191,3.005,,,
[1758212888957933812],7.949,-3.871,3.381,,,
[1758212888963100740],8.076,-3.972,3.237,,,
[1758212888968300844],9.057,-4.345,3.728,,,
[1758212888973535531],8.396,-4.403,3.879,,,
[1758212888978703812],9.634,-4.757,4.745,,,
[1758212888983862302],8.851,-4.714,4.463,,,
[1758212888989021469],10.489,-5.071,4.685,,,
[1758212888994129490],9.783,-5.152,3.989,,,
[1758212888999310687],11.49,-5.432,3.919,,,
[1758212889004563708],10.271,-5.315,3.062,,,
[1758212889009777771],12.258,-5.844,2.456,,,
[1758212889014916312],11.011,-5.784,2.102,,,
[1758212889020118448],12.356,-5.921,1.602,,,
[1758212889025642094],11.325,-5.681,1.865,,,
[1758212889030874437],12.143,-5.519,1.458,,,
[1758212889036032510],10.81,-5.296,1.221,,,
[1758212889041121625],11.068,-5.049,1.087,,,
[1758212889046237927],9.68,-4.635,0.879,,,
[1758212889051370792],10.417,-4.336,0.443,,,
[1758212889057931521],9.598,-4.563,-0.165,,,
[1758212889064314594],8.171,-4.015,-0.024,,,
[1758212889069566573],9.165,-4.017,-0.18,,,
[1758212889074705687],7.482,-3.673,-0.077,,,
[1758212889079822146],8.521,-3.45,0.192,,,
[1758212889084955167],6.594,-3.306,0.974,,,
[1758212889090046156],7.772,-3.251,1.602,,,
[1758212889095120271],6.349,-2.969,1.903,,,
[1758212889100228760],7.432,-3.261,2.255,,,
[1758212889105449750],6.117,-3.232,2.67,,,
[1758212889110635479],7.817,-3.515,3.007,,,
[1758212889115757979],6.912,-3.773,3.663,,,
[1758212889120865010],9.189,-3.962,3.397,,,
[1758212889125988396],7.989,-4.377,3.601,,,
[1758212889131240062],9.136,-4.152,4.381,,,
[1758212889136401312],8.978,-4.583,5.013,,,
[1758212889141531208],9.996,-4.717,4.937,,,
[1758212889149443448],10.46,-5.262,5.061,,,
[1758212889154821521],9.855,-5.107,4.204,,,
[1758212889159927042],11.863,-5.454,3.704,,,
[1758212889165182458],10.467,-5.538,3.012,,,
[1758212889170344281],12.107,-5.689,2.346,,,
[1758212889175538500],11.152,-5.753,1.87,,,
[1758212889180682562],12.663,-5.792,1.398,,,
[1758212889185802823],11.291,-5.574,1.195,,,
[1758212889190979698],11.971,-5.286,1.02,,,
[1758212889196219489],10.345,-5.035,0.991,,,
[1758212889201353031],10.408,-4.374,0.778,,,
[1758212889206583864],9.361,-4.446,0.524,,,
[1758212889211730635],9.682,-4.154,0.031,,,
[1758212889216872927],8.61,-4.439,0.096,,,
[1758212889221978031],9.383,-3.802,-0.426,,,
[1758212889227131260],8.389,-3.962,-0.218,,,
[1758212889232266521],7.884,-3.517,0.146,,,
[1758212889238722927],8.212,-3.57,0.433,,,
[1758212889243948969],6.812,-3.105,1.106,,,
[1758212889249043396],7.673,-3.247,1.602,,,
[1758212889254240844],6.345,-3.096,2.112,,,
[1758212889259348448],7.527,-3.39,2.172,,,
[1758212889264449750],6.053,-3.247,3.263,,,
[1758212889269569385],7.973,-3.529,3.553,,,
[1758212889275021208],7.312,-3.833,3.452,,,
[1758212889280212094],9.175,-4.456,3.735,,,
[1758212889285501052],8.159,-4.245,4.005,,,
[1758212889290594489],9.862,-4.434,3.742,,,
[1758212889295704281],8.957,-4.616,4.322,,,
[1758212889300816729],10.127,-4.87,4.678,,,
[1758212889306008864],9.421,-4.968,4.111,,,
[1758212889311153864],11.1,-4.934,4.128,,,
[1758212889316343396],10.398,-5.255,4.211,,,
[1758212889321499125],11.293,-5.48,3.077,,,
[1758212889326727094],11.104,-5.933,2.581,,,
[1758212889331848656],11.949,-5.746,2.33,,,
[1758212889336966521],11.495,-5.787,2.069,,,
[1758212889342087458],11.839,-5.543,1.073,,,
[1758212889347570896],11.569,-5.59,1.322,,,
[1758212889354086781],10.333,-4.99,1.001,,,
[1758212889359333291],10.98,-4.796,0.773,,,
[1758212889364454594],9.136,-4.575,0.175,,,
[1758212889369554854],10.302,-4.7,-0.18,,,
[1758212889374697719],8.365,-4.13,-0.488,,,
[1758212889379805687],9.651,-3.982,-0.199,,,
[1758212889385229854],7.93,-3.819,-0.34,,,
[1758212889390342875],8.665,-3.929,-0.029,,,
[1758212889395495479],7.015,-3.318,0.63,,,
[1758212889400734698],8.04,-3.455,1.188,,,
[1758212889405993239],6.721,-3.077,1.719,,,
[1758212889411129437],7.599,-3.12,1.982,,,
[1758212889416256573],6.373,-3.316,2.84,,,
[1758212889421378135],7.858,-2.94,2.976,,,
[1758212889426670687],6.692,-3.539,3.661,,,
[1758212889431793500],8.167,-3.826,3.251,,,
[1758212889436928552],8.305,-4.305,3.603,,,
[1758212889442069906],8.902,-4.116,3.608,,,
[1758212889447259646],8.981,-4.451,4.051,,,
[1758212889452836989],9.026,-4.518,4.391,,,
[1758212889458102666],9.823,-5.042,4.738,,,
[1758212889463232979],9.761,-4.836,4.413,,,
[1758212889468365531],10.934,-5.066,4.47,,,
[1758212889473492406],10.381,-5.083,3.936,,,
[1758212889478598239],11.605,-5.94,3.148,,,
[1758212889483706521],11.047,-5.703,2.703,,,
[1758212889488801364],11.983,-5.839,2.174,,,
[1758212889494306677],11.353,-5.598,1.652,,,
[1758212889499581312],12.529,-6.055,1.465,,,
[1758212889504803916],10.613,-5.329,0.826,,,
[1758212889509950218],11.598,-5.2,0.802,,,
[1758212889515081573],9.613,-4.736,1.008,,,
[1758212889520169698],10.324,-4.611,0.357,,,
[1758212889525312510],8.973,-4.573,-0.294,,,
[1758212889530440010],10.343,-4.31,-0.584,,,
[1758212889535643031],8.368,-4.12,-0.371,,,
[1758212889540859750],9.376,-3.836,-0.285,,,
[1758212889546103916],7.532,-3.802,-0.151,,,
[1758212889551228396],7.942,-3.323,0.409,,,
[1758212889556464229],6.938,-3.268,1.355,,,
[1758212889562999541],7.274,-2.95,1.245,,,
[1758212889568209125],7.147,-3.256,2.143,,,
[1758212889573337510],6.424,-3.153,2.143,,,
[1758212889578438812],7.623,-3.342,2.856,,,
[1758212889583570635],6.749,-3.534,2.971,,,
[1758212889588659333],8.203,-3.958,3.694,,,
[1758212889593732041],8.114,-4.08,3.622,,,
[1758212889598829489],9.316,-4.575,4.108,,,
[1758212889604381364],8.507,-4.317,4.492,,,
[1758212889609595010],9.792,-4.75,4.958,,,
[1758212889614702510],8.861,-4.688,4.128,,,
[1758212889619795323],11.179,-5.301,4.345,,,
[1758212889624953916],10.025,-5.018,4.326,,,
[1758212889630105218],11.432,-5.444,3.529,,,
[1758212889635259646],10.499,-5.586,2.66,,,
[1758212889640380010],12.139,-6.036,2.471,,,
[1758212889645541000],11.107,-5.823,2.025,,,
[1758212889650718760],12.421,-5.938,2.014,,,
[1758212889655938396],10.977,-5.923,1.334,,,
[1758212889661056416],12.167,-5.43,1.027,,,
[1758212889666236885],10.422,-5.258,0.953,,,
[1758212889672827302],10.254,-4.75,0.385,,,
[1758212889678072406],9.756,-4.654,0.208,,,
[1758212889683198239],9.629,-4.305,-0.098,,,
[1758212889688305166],9.72,-4.396,0.134,,,
[1758212889693403604],8.303,-3.764,-0.603,,,
[1758212889698647198],8.703,-3.953,-0.244,,,
[1758212889703861625],7.24,-3.618,-0.417,,,
[1758212889708982354],8.121,-3.385,0.534,,,
[1758212889714579645],6.804,-3.244,1.346,,,
[1758212889719821989],7.748,-3.4,1.633,,,
[1758212889724956364],6.012,-3.199,2.272,,,
[1758212889730053395],7.532,-3.127,2.207,,,
[1758212889735195375],6.263,-3.093,2.957,,,
[1758212889740293239],7.944,-3.666,3.077,,,
[1758212889745423395],7.365,-3.85,3.287,,,
[1758212889750686781],9.045,-4.254,3.397,,,
[1758212889755973448],8.109,-4.288,3.757,,,
[1758212889761179854],9.941,-4.666,4.415,,,
[1758212889766320114],8.672,-4.717,4.683,,,
[1758212889771428187],10.065,-4.616,4.408,,,
[1758212889776945062],9.929,-5.078,4.7,,,
[1758212889782159802],10.786,-4.982,3.895,,,
[1758212889787264229],10.348,-5.43,3.919,,,
[1758212889792405895],11.466,-5.478,3.136,,,
[1758212889797496416],11.164,-5.902,2.737,,,
[1758212889802774645],11.432,-5.669,2.152,,,
[1758212889807935166],12.093,-5.878,2.195,,,
[1758212889813127354],11.775,-5.816,1.647,,,
[1758212889818272927],11.777,-5.533,1.125,,,
[1758212889824755166],10.312,-5.212,0.903,,,
[1758212889829989593],10.958,-4.745,0.51,,,
[1758212889835112510],8.935,-4.142,0.175,,,
[1758212889840227145],10.472,-4.695,-0.232,,,
[1758212889845382093],8.48,-4.324,0.05,,,
[1758212889850538812],9.503,-3.85,-0.426,,,
[1758212889855754645],8.004,-3.903,-0.232,,,
[1758212889860877093],8.54,-3.78,0.314,,,
[1758212889866037093],7.242,-3.141,0.697,,,
[1758212889871271208],8.236,-3.247,1.089,,,
[1758212889876414437],6.531,-3.141,1.793,,,
[1758212889881568916],7.429,-2.998,1.851,,,
[1758212889888020427],7.298,-3.345,2.54,,,
[1758212889893250843],6.711,-2.921,2.574,,,
[1758212889898376312],7.544,-3.701,3.208,,,
[1758212889903554385],7.819,-3.862,3.127,,,
[1758212889908659333],9.005,-4.161,3.67,,,
[1758212889913763239],8.543,-4.489,3.893,,,
[1758212889918882770],9.677,-4.64,4.331,,,
[1758212889924036781],8.624,-4.743,4.415,,,
[1758212889929533343],10.274,-5.013,4.729,,,
[1758212889937011468],10.149,-5.267,4.164,,,
[1758212889942230114],10.652,-5.03,3.9,,,
[1758212889947348343],10.812,-5.519,3.9,,,
[1758212889952538447],11.547,-5.538,2.863,,,
[1758212889957780166],11.612,-5.878,2.279,,,
[1758212889962963343],11.404,-5.794,1.815,,,
[1758212889968116468],12.163,-6.055,1.891,,,
[1758212889973296468],11.346,-5.528,1.044,,,
[1758212889978567406],11.526,-5.492,1.099,,,
[1758212889983697041],10.432,-4.817,0.795,,,
[1758212889988828187],10.281,-4.621,0.376,,,
[1758212889994262302],9.251,-4.31,-0.189,,,
[1758212889999407250],10.333,-4.405,-0.096,,,
[1758212890004644020],8.325,-4.231,-0.254,,,
[1758212890009782406],9.476,-4.111,-0.611,,,
[1758212890015000114],7.91,-3.807,0.17,,,
[1758212890020235635],8.581,-3.802,0.51,,,
[1758212890025405270],6.972,-3.369,0.642,,,
[1758212890030536729],8.047,-3.481,1.415,,,
[1758212890036079958],6.069,-3.108,2.181,,,
[1758212890041237718],7.568,-3.055,2.322,,,
[1758212890046375322],6.457,-3.117,2.691,,,
[1758212890051541729],7.496,-3.357,2.799,,,
[1758212890056816312],7.029,-3.649,2.974,,,
[1758212890062051885],8.792,-4.094,3.273,,,
[1758212890067235791],8.674,-4.448,4.104,,,
[1758212890072445895],8.88,-4.195,4.221,,,
[1758212890077614333],9.072,-4.839,4.345,,,
[1758212890082797145],9.421,-4.705,4.417,,,
[1758212890087940322],9.771,-4.918,4.058,,,
[1758212890093079958],10.252,-4.86,3.524,,,
[1758212890098181989],10.372,-5.413,4.154,,,
[1758212890103736781],10.63,-5.368,3.431,,,
[1758212890109019229],12.007,-5.772,2.911,,,
[1758212890114208552],11.143,-5.784,2.859,,,
[1758212890119357979],12.309,-5.95,2.48,,,
[1758212890124544020],11.14,-5.727,2.215,,,
[1758212890129645114],12.546,-5.614,1.523,,,
[1758212890134783916],10.532,-5.303,0.807,,,
[1758212890139957614],11.552,-5.152,0.309,,,
[1758212890145438760],9.321,-4.63,0.294,,,
[1758212890150689020],10.491,-4.561,-0.122,,,
[1758212890155906520],9.189,-4.429,-0.184,,,
[1758212890161085166],9.716,-4.029,-0.321,,,
[1758212890166232614],8.009,-4.02,-0.271,,,
[1758212890171315739],9.261,-3.615,0.352,,,
[1758212890176465687],7.535,-3.469,0.56,,,
[1758212890181630999],7.848,-3.218,0.697,,,
[1758212890186852666],6.821,-3.12,1.305,,,
[1758212890192064697],7.281,-3.203,1.583,,,
[1758212890197224749],6.443,-3.079,2.205,,,
[1758212890202455531],7.118,-3.067,2.66,,,
[1758212890207673343],7.118,-3.28,2.895,,,
[1758212890213330270],7.384,-3.639,2.567,,,
[1758212890218506729],8.353,-4.195,3.385,,,
[1758212890223683604],8.169,-4.266,3.172,,,
[1758212890228797666],9.347,-4.645,4.41,,,
[1758212890233944802],8.538,-4.312,4.448,,,
[1758212890239095479],9.953,-4.875,4.645,,,
[1758212890244250062],9.237,-4.884,4.544,,,
[1758212890249414124],10.597,-5.344,4.764,,,
[1758212890255023239],10.063,-5.325,3.871,,,
[1758212890260167093],11.818,-5.521,3.333,,,
[1758212890265320427],10.513,-5.564,2.729,,,
[1758212890270427927],12.313,-5.923,2.246,,,
[1758212890275573760],10.942,-5.672,1.915,,,
[1758212890280717979],12.388,-5.713,1.317,,,
[1758212890285858499],10.896,-5.614,1.336,,,
[1758212890290993552],11.964,-5.459,1.295,,,
[1758212890296203239],10.262,-5.124,0.771,,,
[1758212890301405947],10.755,-4.719,0.721,,,
[1758212890306807197],9.407,-4.719,0.136,,,
[1758212890311970999],9.955,-4.326,-0.069,,,
[1758212890317136937],8.77,-4.389,0.089,,,
[1758212890322654697],9.227,-3.895,-0.194,,,
[1758212890327842874],8.734,-3.946,0.455,,,
[1758212890332981937],7.882,-3.383,0.01,,,
[1758212890338098864],7.891,-3.464,0.587,,,
[1758212890343286781],7.329,-3.098,1.061,,,
[1758212890348513656],7.333,-3.505,1.616,,,
[1758212890353819437],6.847,-2.954,2.016,,,
[1758212890358969281],7.321,-3.191,2.684,,,
[1758212890365470895],6.237,-3.237,3.194,,,
[1758212890370694333],8.174,-3.728,2.765,,,
[1758212890375812979],7.369,-4.192,3.34,,,
[1758212890380915218],9.141,-4.494,3.819,,,
[1758212890386048447],8.396,-4.439,4.015,,,
[1758212890391126937],9.919,-4.707,4.314,,,
[1758212890396237041],9.045,-4.499,4.228,,,
[1758212890401343447],10.242,-4.781,4.65,,,
[1758212890406591676],9.658,-4.922,4.068,,,
[1758212890411754801],11.315,-4.968,3.838,,,
[1758212890416975166],10.697,-5.624,3.46,,,
[1758212890422162718],11.272,-5.437,3.067,,,
[1758212890427340947],11.27,-5.911,2.878,,,
[1758212890432714437],11.799,-5.631,1.487,,,
[1758212890438155426],12.107,-5.93,1.788,,,
[1758212890443277666],11.38,-5.617,1.173,,,
[1758212890448398291],11.48,-5.399,0.994,,,
[1758212890453650322],10.666,-4.841,0.591,,,
[1758212890458762093],10.704,-4.764,0.594,,,
[1758212890463918239],9.531,-4.417,-0.302,,,
[1758212890469012093],10.065,-4.664,-0.091,,,
[1758212890474677458],8.497,-4.173,-0.321,,,
[1758212890479825062],9.512,-4.029,0.189,,,
[1758212890484982145],7.949,-3.761,0.127,,,
[1758212890490159958],8.648,-3.666,0.055,,,
[1758212890495402979],6.771,-3.371,0.599,,,
[1758212890500536729],8.04,-3.51,0.939,,,
[1758212890505764541],6.242,-3.057,1.834,,,
[1758212890510885635],7.628,-3.175,1.796,,,
[1758212890516153968],5.983,-3.16,2.605,,,
[1758212890521428499],7.365,-3.184,3.134,,,
[1758212890528270062],8.035,-4.037,3.112,,,
[1758212890533498031],7.913,-4.202,3.409,,,
[1758212890538621520],8.856,-4.52,3.79,,,
[1758212890546613916],8.643,-4.525,4.673,,,
[1758212890551847406],9.955,-4.544,4.353,,,
[1758212890557034281],9.179,-4.879,4.544,,,
[1758212890562203239],10.635,-4.946,4.343,,,
[1758212890567357510],10.549,-5.205,4.391,,,
[1758212890572655166],10.815,-5.27,3.476,,,
[1758212890577860843],11.131,-5.885,3.16,,,
[1758212890583303083],11.55,-5.547,2.31,,,
[1758212890588422562],12.134,-5.899,2.437,,,
[1758212890593587718],11.356,-5.681,1.705,,,
[1758212890598827614],12.084,-5.895,1.614,,,
[1758212890604030114],10.968,-5.363,1.228,,,
[1758212890609152718],11.643,-5.195,0.967,,,
[1758212890614289645],10.197,-4.721,0.637,,,
[1758212890619402041],10.422,-4.697,0.52,,,
[1758212890624511781],9.021,-4.357,0.055,,,
[1758212890629623291],10.202,-4.343,-0.163,,,
[1758212890634782041],8.236,-4.137,0.06,,,
[1758212890639889176],9.1,-3.883,0.168,,,
[1758212890645085426],7.451,-3.589,-0.017,,,
[1758212890650663187],8.406,-3.474,0.385,,,
[1758212890655874489],6.699,-2.976,1.113,,,
[1758212890661002301],7.661,-2.952,1.31,,,
[1758212890666135687],6.076,-2.957,2.263,,,
[1758212890671242978],7.372,-3.089,2.037,,,
[1758212890676432041],6.155,-3.376,2.971,,,
[1758212890681572874],7.798,-3.419,3.206,,,
[1758212890686725062],7.314,-3.931,3.263,,,
[1758212890693204489],8.691,-4.13,3.587,,,
[1758212890699530062],9.493,-4.568,3.955,,,
[1758212890704820322],8.459,-4.472,4.029,,,
[1758212890709933499],10.058,-4.752,4.492,,,
[1758212890715078447],9.143,-4.896,4.82,,,
[1758212890720175583],11.037,-5.126,4.762,,,
[1758212890725265999],9.957,-5.301,4.013,,,
[1758212890730384853],11.547,-5.418,3.663,,,
[1758212890735545426],10.494,-5.526,2.947,,,
[1758212890740698135],12.397,-5.883,2.143,,,
[1758212890745904176],11.183,-5.725,2.021,,,
[1758212890751045478],12.464,-6.0,1.707,,,
[1758212890756664437],11.262,-5.665,1.135,,,
[1758212890761780010],11.693,-5.231,1.082,,,
[1758212890766880999],10.295,-5.203,1.48,,,
[1758212890771987197],10.312,-4.489,0.855,,,
[1758212890777199906],9.096,-4.669,0.294,,,
[1758212890782345895],9.89,-4.401,-0.242,,,
[1758212890787473551],8.918,-4.554,-0.067,,,
[1758212890792656103],9.323,-3.828,-0.441,,,
[1758212890799756312],8.885,-3.802,0.462,,,
[1758212890806134020],7.037,-3.553,0.575,,,
[1758212890811377562],8.078,-3.424,1.338,,,
[1758212890816474489],6.728,-3.093,1.496,,,
[1758212890821587249],7.468,-2.966,1.891,,,
[1758212890826729749],6.05,-3.366,2.55,,,
[1758212890831836208],7.685,-3.074,2.569,,,
[1758212890836937041],6.79,-3.426,3.002,,,
[1758212890842047145],7.796,-3.642,3.01,,,
[1758212890847207301],8.061,-4.168,3.342,,,
[1758212890852521520],8.894,-4.417,3.97,,,
[1758212890858097041],9.184,-4.561,4.039,,,
[1758212890863224645],9.076,-4.494,4.266,,,
[1758212890868306989],9.675,-4.958,4.92,,,
[1758212890873434697],9.914,-4.875,4.015,,,
[1758212890878546989],10.633,-5.306,4.42,,,
[1758212890883647249],10.518,-5.052,3.931,,,
[1758212890888757041],11.317,-5.461,3.347,,,
[1758212890893889280],11.052,-5.65,2.71,,,
[1758212890899044437],11.892,-5.871,2.48,,,
[1758212890904718135],11.123,-5.725,1.638,,,
[1758212890909868760],12.287,-5.861,1.274,,,
[1758212890914973135],10.939,-5.449,1.463,,,
[1758212890920088655],12.024,-5.353,0.907,,,
[1758212890925253030],9.797,-4.829,0.555,,,
[1758212890930397041],10.52,-4.683,0.352,,,
[1758212890935518187],9.045,-4.561,-0.232,,,
[1758212890940658551],10.376,-4.525,-0.498,,,
[1758212890946132562],8.308,-4.166,-0.517,,,
[1758212890951372822],9.244,-3.974,-0.603,,,
[1758212890956613916],7.53,-3.534,0.077,,,
[1758212890961791780],8.449,-3.27,0.204,,,
[1758212890967259020],7.235,-3.412,0.62,,,
[1758212890972427874],7.381,-2.995,1.678,,,
[1758212890977541468],6.752,-3.007,1.997,,,
[1758212890982812926],7.274,-3.033,2.172,,,
[1758212890987976364],6.919,-3.067,2.619,,,
[1758212890993178916],7.154,-3.306,2.734,,,
[1758212890998342666],7.331,-3.941,3.522,,,
[1758212891003621260],7.92,-4.046,3.519,,,
[1758212891008750635],8.983,-4.48,3.62,,,
[1758212891014217926],8.454,-4.288,4.214,,,
[1758212891019346728],9.268,-4.678,4.697,,,
[1758212891024545166],9.12,-4.594,4.858,,,
[1758212891029686364],10.793,-5.15,4.726,,,
[1758212891034977666],9.673,-4.901,3.862,,,
[1758212891040119280],11.205,-5.406,3.864,,,
[1758212891045292510],10.621,-5.432,3.16,,,
[1758212891050432926],12.0,-5.715,2.772,,,
[1758212891055650895],10.8,-5.72,2.105,,,
[1758212891060798707],12.392,-5.875,2.107,,,
[1758212891065937614],11.059,-5.634,1.877,,,
[1758212891071096260],12.277,-5.823,1.501,,,
[1758212891077679905],11.054,-5.387,1.147,,,
[1758212891083173343],10.671,-4.63,0.031,,,
[1758212891088299697],9.658,-4.597,0.232,,,
[1758212891093408187],10.132,-4.53,-0.127,,,
[1758212891098541728],9.649,-4.508,-0.06,,,
[1758212891103733343],8.562,-4.015,-0.735,,,
[1758212891108851624],9.026,-4.207,-0.532,,,
[1758212891113974801],7.889,-3.582,-0.048,,,
[1758212891120208603],8.353,-3.534,0.608,,,
[1758212891125507249],6.651,-3.223,1.324,,,
[1758212891130613864],7.831,-3.201,1.563,,,
[1758212891135746937],6.012,-2.89,1.539,,,
[1758212891140841676],7.575,-3.203,2.131,,,
[1758212891145959020],6.096,-3.335,2.897,,,
[1758212891151065010],7.788,-3.405,3.201,,,
[1758212891156249489],7.01,-3.601,3.44,,,
[1758212891161378082],9.311,-4.149,3.591,,,
[1758212891166560114],8.009,-4.331,3.85,,,
[1758212891171671728],9.376,-4.415,3.948,,,
[1758212891176868655],8.959,-4.618,4.164,,,
[1758212891182521572],10.036,-4.662,4.334,,,
[1758212891187687926],9.802,-5.289,4.243,,,
[1758212891192860582],10.491,-5.064,3.948,,,
[1758212891197990114],10.738,-5.447,4.113,,,
[1758212891203194645],11.126,-5.375,3.168,,,
[1758212891208360426],11.595,-5.756,2.488,,,
[1758212891213597770],11.461,-5.593,2.265,,,
[1758212891218737718],11.839,-5.899,2.052,,,
[1758212891224040010],11.435,-5.638,1.116,,,
[1758212891229594905],12.134,-5.653,1.551,,,
[1758212891234755843],10.58,-4.997,0.931,,,
[1758212891239877926],11.078,-4.889,0.96,,,
[1758212891245023812],9.086,-4.413,0.632,,,
[1758212891250185843],10.523,-4.676,0.218,,,
[1758212891255461780],8.722,-4.243,-0.611,,,
[1758212891260622874],9.455,-4.362,-0.385,,,
[1758212891265811051],8.068,-3.622,-0.421,,,
[1758212891270937041],9.064,-3.625,-0.378,,,
[1758212891276133551],6.917,-3.51,0.302,,,
[1758212891281249332],8.135,-3.378,0.814,,,
[1758212891286445009],6.589,-2.981,1.767,,,
[1758212891293061364],7.178,-2.88,1.465,,,
[1758212891298312770],7.128,-3.412,2.085,,,
[1758212891303516259],6.946,-3.16,2.71,,,
[1758212891308620895],7.379,-3.352,3.072,,,
[1758212891313761832],7.87,-3.527,3.002,,,
[1758212891318866468],8.605,-4.357,4.302,,,
[1758212891323980374],8.698,-4.219,4.02,,,
[1758212891329102093],8.93,-4.563,4.192,,,
[1758212891335054384],9.029,-4.638,4.827,,,
[1758212891340358707],10.388,-5.047,4.611,,,
[1758212891345511989],9.263,-4.951,4.027,,,
[1758212891350632509],11.188,-5.296,3.941,,,
[1758212891355847770],10.003,-5.423,3.922,,,
[1758212891361040791],11.729,-5.619,2.978,,,
[1758212891366197405],10.673,-5.638,2.461,,,
[1758212891371315530],12.289,-5.933,1.906,,,
[1758212891376502822],11.329,-5.792,2.119,,,
[1758212891381711624],12.359,-5.705,1.233,,,
[1758212891386837353],10.786,-5.528,1.611,,,
[1758212891391963759],11.612,-5.248,0.881,,,
[1758212891398516780],10.625,-4.812,0.845,,,
[1758212891404829384],9.043,-4.41,-0.026,,,
[1758212891410056780],10.032,-4.681,-0.345,,,
[1758212891415189645],8.6,-4.063,-0.342,,,
[1758212891420352197],9.555,-4.245,-0.182,,,
[1758212891425640478],7.788,-3.704,0.074,,,
[1758212891430809176],8.61,-3.713,0.52,,,
[1758212891435957978],6.823,-3.321,0.697,,,
[1758212891441388864],8.037,-3.132,1.235,,,
[1758212891446554437],6.61,-3.103,2.114,,,
[1758212891451786416],7.398,-3.189,1.978,,,
[1758212891457040895],6.155,-3.179,2.629,,,
[1758212891462309124],7.7,-3.096,2.88,,,
[1758212891467465218],7.365,-3.61,2.966,,,
[1758212891472634853],8.322,-4.049,3.187,,,
[1758212891477750166],8.198,-4.384,3.553,,,
[1758212891482942145],9.115,-4.175,4.276,,,
[1758212891488234593],8.772,-4.456,4.199,,,
[1758212891493483707],9.644,-4.496,3.859,,,
[1758212891498627822],10.015,-4.961,4.59,,,
[1758212891505186832],9.622,-5.035,4.082,,,
[1758212891510428291],11.408,-5.526,3.694,,,
[1758212891515551832],10.472,-5.406,3.287,,,
[1758212891520653030],11.976,-5.631,2.488,,,
[1758212891525794489],10.92,-5.722,1.76,,,
[1758212891530928551],12.526,-6.029,2.021,,,
[1758212891536042353],11.183,-5.689,1.935,,,
[1758212891541144384],12.213,-5.856,1.001,,,
[1758212891549588968],11.198,-5.167,1.12,,,
[1758212891554822197],9.689,-4.585,0.883,,,
[1758212891559952145],10.455,-4.884,0.603,,,
[1758212891565085999],9.151,-4.365,-0.045,,,
[1758212891570222666],10.245,-4.266,-0.359,,,
[1758212891575405478],8.291,-4.243,-0.091,,,
[1758212891580588655],9.596,-3.979,0.158,,,
[1758212891585743082],7.151,-3.515,-0.034,,,
[1758212891590964697],8.48,-3.596,0.206,,,
[1758212891596186520],6.821,-3.273,1.176,,,
[1758212891601311311],7.721,-3.187,1.393,,,
[1758212891606609020],5.914,-2.993,1.942,,,
[1758212891612098134],7.302,-3.156,2.397,,,
[1758212891617269124],6.493,-3.05,3.012,,,
[1758212891622580478],7.872,-3.256,2.902,,,
[1758212891627723707],7.228,-4.168,3.309,,,
[1758212891632903916],8.497,-4.142,3.701,,,
[1758212891638014280],8.744,-4.369,4.094,,,
[1758212891643194957],9.273,-4.322,4.104,,,
[1758212891648398759],9.462,-4.724,4.175,,,
[1758212891653639436],9.558,-4.685,4.47,,,
[1758212891659242614],10.549,-5.411,4.288,,,
[1758212891664406468],10.223,-5.006,3.711,,,
[1758212891669516936],11.372,-5.461,3.905,,,
[1758212891674704905],10.855,-5.454,2.861,,,
[1758212891679821624],11.669,-5.863,2.667,,,
[1758212891684907770],11.25,-5.636,2.004,,,
[1758212891690031780],12.644,-5.849,2.399,,,
[1758212891695177145],11.205,-5.758,1.398,,,
[1758212891700355270],12.179,-5.581,1.171,,,
[1758212891705613447],10.523,-5.021,0.73,,,
[1758212891710790947],11.293,-4.896,0.436,,,
[1758212891715962145],9.215,-4.573,-0.376,,,
[1758212891721429697],10.274,-4.458,-0.754,,,
[1758212891726552249],8.827,-4.164,-0.242,,,
[1758212891731729436],9.687,-4.094,-0.153,,,
[1758212891736910738],8.045,-3.816,-0.156,,,
[1758212891742069384],8.818,-3.754,-0.134,,,
[1758212891747244332],7.192,-3.46,0.773,,,
[1758212891752554176],8.03,-3.402,0.804,,,
[1758212891757839645],6.977,-3.112,1.786,,,
[1758212891763119853],7.207,-3.012,2.157,,,
[1758212891769732197],7.233,-3.251,2.808,,,
[1758212891774988134],6.476,-3.11,2.291,,,
[1758212891780080947],7.604,-3.711,3.108,,,
[1758212891785171363],7.319,-4.053,3.467,,,
[1758212891790259436],9.316,-4.185,3.4,,,
[1758212891795404697],8.114,-4.017,3.97,,,
[1758212891800527509],9.946,-4.899,4.405,,,
[1758212891805730999],8.835,-4.839,4.324,,,
[1758212891810938707],10.238,-4.843,4.494,,,
[1758212891816087874],9.665,-5.131,4.125,,,
[1758212891821297666],11.088,-5.444,4.008,,,
[1758212891827856832],10.285,-5.418,3.816,,,
[1758212891834123291],11.466,-5.65,2.777,,,
[1758212891839360270],12.163,-5.849,2.895,,,
[1758212891844464905],11.272,-5.509,1.808,,,
[1758212891849581207],12.438,-5.964,1.992,,,
[1758212891854781572],11.088,-5.648,1.202,,,
[1758212891859916207],11.636,-5.382,0.871,,,
[1758212891865022822],10.384,-4.867,1.116,,,
[1758212891870172197],10.719,-4.932,0.579,,,
[1758212891875693863],8.72,-4.18,-0.328,,,
[1758212891880916728],10.305,-4.563,-0.211,,,
[1758212891886013238],8.435,-4.307,-0.599,,,
[1758212891891113551],9.366,-3.991,-0.524,,,
[1758212891896241884],7.733,-3.728,-0.115,,,
[1758212891901368603],8.705,-3.649,0.362,,,
[1758212891906526572],7.192,-3.067,1.362,,,
[1758212891911643030],8.102,-3.275,1.477,,,
[1758212891916822093],6.299,-3.153,1.798,,,
[1758212891922055426],7.515,-3.005,2.215,,,
[1758212891927193395],6.383,-3.01,3.089,,,
[1758212891932717249],7.348,-2.942,2.849,,,
[1758212891937922301],7.084,-3.553,3.467,,,
[1758212891943036832],8.315,-4.008,3.407,,,
[1758212891948130634],8.349,-4.35,3.718,,,
[1758212891953317613],9.055,-4.25,3.627,,,
[1758212891958497457],8.873,-4.855,4.506,,,
[1758212891963669749],9.187,-4.434,4.487,,,
[1758212891968815843],9.876,-5.181,4.513,,,
[1758212891974059697],10.116,-4.796,4.075,,,
[1758212891979273290],10.606,-5.308,4.223,,,
[1758212891985781311],10.23,-5.54,3.572,,,
[1758212891991012561],12.131,-5.962,3.323,,,
[1758212891996115009],10.874,-5.734,2.267,,,
[1758212892001229072],12.445,-6.124,2.193,,,
[1758212892006430634],11.047,-5.849,1.743,,,
[1758212892011557353],12.402,-5.698,1.178,,,
[1758212892016649801],10.702,-5.234,1.013,,,
[1758212892021761311],11.219,-5.061,0.35,,,
[1758212892026951207],9.309,-4.506,0.594,,,
[1758212892032195895],10.154,-4.427,0.323,,,
[1758212892037323290],9.23,-4.575,0.141,,,
[1758212892042807457],9.244,-3.938,0.144,,,
[1758212892047998030],8.471,-3.898,-0.038,,,
[1758212892053199853],8.521,-3.699,-0.177,,,
[1758212892058399853],7.918,-3.594,0.596,,,
[1758212892063544957],7.843,-3.182,0.503,,,
[1758212892068655843],7.008,-3.405,1.48,,,
[1758212892073815530],7.017,-3.041,1.42,,,
[1758212892078918759],7.446,-3.232,1.848,,,
[1758212892084079697],6.589,-2.866,2.447,,,
[1758212892089287249],7.142,-3.491,2.89,,,
[1758212892095838551],6.9,-3.74,3.191,,,
[1758212892101079020],8.957,-4.18,3.247,,,
[1758212892106260165],7.726,-4.202,3.613,,,
[1758212892111360061],9.373,-4.59,4.025,,,
[1758212892116492926],8.356,-4.417,4.355,,,
[1758212892121573603],10.23,-4.834,5.021,,,
[1758212892126665582],9.136,-4.741,4.621,,,
[1758212892131803967],11.123,-5.234,4.049,,,
[1758212892137081988],10.278,-5.25,3.986,,,
[1758212892142381415],11.691,-5.545,2.792,,,
[1758212892147533395],11.001,-5.792,2.801,,,
[1758212892153179488],11.796,-5.629,2.011,,,
[1758212892158466415],11.708,-5.854,1.942,,,
[1758212892163650999],11.89,-5.772,0.97,,,
[1758212892168782509],11.753,-5.59,1.413,,,
[1758212892173917822],11.384,-5.061,0.967,,,
[1758212892179117613],10.422,-5.037,0.802,,,
[1758212892184296103],9.61,-4.506,0.294,,,
[1758212892189446103],10.314,-4.762,-0.062,,,
[1758212892194641884],9.407,-4.374,-0.335,,,
[1758212892200971884],9.907,-4.226,-0.622,,,
[1758212892206271259],7.968,-3.771,-0.165,,,
[1758212892211400009],8.751,-3.654,-0.079,,,
[1758212892216511832],7.049,-3.359,0.232,,,
[1758212892221623967],8.126,-3.493,0.692,,,
[1758212892226768603],6.208,-3.304,1.571,,,
[1758212892231853082],7.69,-2.94,1.856,,,
[1758212892236974072],6.177,-2.904,2.157,,,
[1758212892242095634],7.489,-3.261,2.935,,,
[1758212892247334540],6.436,-3.565,3.254,,,
[1758212892252841259],7.934,-3.579,3.541,,,
[1758212892259193342],8.399,-4.451,4.202,,,
[1758212892265730061],7.922,-4.171,3.553,,,
[1758212892270962874],9.773,-4.645,4.017,,,
[1758212892276061520],8.76,-4.609,4.286,,,
[1758212892281182092],10.463,-4.93,4.659,,,
[1758212892286339020],9.459,-5.112,4.575,,,
[1758212892291437197],11.222,-5.523,3.692,,,
[1758212892296552926],10.348,-5.432,3.618,,,
[1758212892301698290],11.99,-5.54,2.689,,,
[1758212892307278186],10.913,-5.832,2.559,,,
[1758212892312632040],12.131,-5.964,2.222,,,
[1758212892317767770],11.619,-5.823,1.726,,,
[1758212892322961155],12.11,-5.593,1.951,,,
[1758212892328083759],10.951,-5.339,1.279,,,
[1758212892333211207],11.111,-4.803,0.812,,,
[1758212892338382613],9.828,-4.865,0.747,,,
[1758212892343545894],9.855,-4.372,0.46,,,
[1758212892348721051],9.797,-4.307,0.017,,,
[1758212892353950582],9.309,-4.106,-0.453,,,
[1758212892359134697],8.784,-4.175,-0.333,,,
[1758212892364769488],8.107,-3.926,-0.431,,,
[1758212892369939176],8.473,-3.804,0.383,,,
[1758212892375138134],7.173,-3.148,0.414,,,
[1758212892380348082],8.009,-3.44,1.686,,,
[1758212892385508759],6.68,-3.091,1.908,,,
[1758212892390613134],7.669,-3.179,2.083,,,
[1758212892395769332],5.954,-3.062,2.253,,,
[1758212892400902978],7.767,-3.467,3.134,,,
[1758212892406245894],6.488,-3.417,3.146,,,
[1758212892411475790],8.71,-4.017,3.184,,,
[1758212892417059592],7.815,-4.286,3.443,,,
[1758212892424926363],8.377,-4.278,3.998,,,
[1758212892430091207],9.756,-4.594,4.566,,,
[1758212892435241519],9.155,-4.628,4.623,,,
[1758212892440398186],10.379,-5.112,4.927,,,
[1758212892445572301],9.565,-4.891,4.424,,,
[1758212892450709749],11.229,-5.341,4.073,,,
[1758212892455944749],10.23,-5.43,3.654,,,
[1758212892464439644],11.372,-5.535,2.452,,,
[1758212892470193186],12.251,-5.95,2.255,,,
[1758212892477233238],11.365,-5.806,2.045,,,
[1758212892482779124],12.297,-5.476,1.161,,,
[1758212892487950842],10.884,-5.286,0.86,,,
[1758212892493080634],10.953,-4.879,0.366,,,
[1758212892498204749],9.708,-4.571,0.52,,,
[1758212892503472457],9.862,-4.513,-0.268,,,
[1758212892508606624],9.208,-4.657,0.225,,,
[1758212892513743499],9.172,-3.828,-0.704,,,
[1758212892518865842],8.361,-3.994,-0.318,,,
[1758212892524378551],8.035,-3.8,-0.048,,,
[1758212892529617197],8.054,-3.697,0.316,,,
[1758212892534714436],7.429,-3.323,0.73,,,
[1758212892539798290],7.539,-3.39,1.827,,,
[1758212892544902561],6.888,-2.899,1.403,,,
[1758212892549993342],7.489,-3.321,2.035,,,
[1758212892555148811],6.275,-3.055,2.286,,,
[1758212892560250634],7.774,-3.45,3.139,,,
[1758212892565438603],6.941,-3.589,3.153,,,
[1758212892570613134],8.619,-4.389,3.314,,,
[1758212892575691051],7.97,-4.099,3.989,,,
[1758212892580794071],9.38,-4.3,4.18,,,
[1758212892586347301],8.447,-4.439,4.173,,,
[1758212892591459384],10.23,-4.81,4.164,,,
[1758212892596572665],9.05,-4.877,4.274,,,
[1758212892601671832],10.98,-5.104,4.02,,,
[1758212892606857665],9.857,-5.353,3.642,,,
[1758212892611945894],11.734,-5.461,2.923,,,
[1758212892617047978],10.649,-5.679,2.861,,,
[1758212892622265530],12.16,-5.77,2.617,,,
[1758212892627499905],11.262,-5.753,1.757,,,
[1758212892633185790],11.868,-5.622,1.781,,,
[1758212892638325374],11.523,-5.665,1.571,,,
[1758212892643459124],11.365,-4.946,0.8,,,
[1758212892648597561],10.523,-5.09,0.601,,,
[1758212892653818863],10.331,-4.683,0.33,,,
[1758212892658982249],9.553,-4.554,-0.517,,,
[1758212892664156780],9.622,-4.235,-0.338,,,
[1758212892669269124],9.55,-4.254,-0.484,,,
[1758212892674525165],8.576,-3.843,-0.874,,,
[1758212892679739332],8.787,-3.9,0.268,,,
[1758212892684836207],7.64,-3.378,0.369,,,
[1758212892690006363],7.666,-3.306,0.67,,,
[1758212892696490842],6.345,-3.156,1.525,,,
[1758212892701726155],7.57,-2.957,1.707,,,
[1758212892706908394],5.823,-2.983,2.231,,,
[1758212892712016884],7.592,-3.414,2.729,,,
[1758212892717154644],6.347,-3.33,3.007,,,
[1758212892722347509],8.04,-3.728,3.148,,,
[1758212892727441988],7.587,-4.152,3.677,,,
[1758212892732617249],9.017,-4.341,3.67,,,
[1758212892737771155],8.669,-4.494,4.022,,,
[1758212892743366832],9.596,-4.345,4.111,,,
[1758212892748543082],9.524,-4.839,4.578,,,
[1758212892753734019],9.965,-4.779,4.022,,,
[1758212892758857665],10.508,-5.377,4.233,,,
[1758212892764048186],11.021,-5.023,3.321,,,
[1758212892769169280],10.997,-5.638,3.117,,,
[1758212892774304332],11.416,-5.717,2.459,,,
[1758212892779406051],11.447,-5.756,2.689,,,
[1758212892784689540],11.459,-5.677,1.595,,,
[1758212892789867717],12.246,-5.842,1.911,,,
[1758212892795028759],11.061,-5.547,1.199,,,
[1758212892800470946],11.674,-5.394,1.664,,,
[1758212892805682353],9.974,-4.891,0.84,,,
[1758212892810812509],10.724,-4.875,0.431,,,
[1758212892816188551],9.084,-4.379,0.208,,,
[1758212892821344801],10.053,-4.542,-0.594,,,
[1758212892826469071],8.521,-4.029,-0.412,,,
[1758212892831622144],9.546,-3.876,-0.584,,,
[1758212892836808238],7.432,-3.603,0.223,,,
[1758212892841935634],8.521,-3.73,0.328,,,
[1758212892847157873],7.161,-3.235,1.137,,,
[1758212892852735217],7.609,-3.187,1.573,,,
[1758212892857911155],6.563,-3.098,2.157,,,
[1758212892863074905],7.13,-2.966,2.5,,,
[1758212892868323811],6.493,-3.033,3.086,,,
[1758212892873455894],7.508,-3.144,2.875,,,
[1758212892878555061],7.149,-3.898,3.299,,,
[1758212892883722353],8.528,-3.893,3.534,,,
[1758212892888956832],8.82,-4.537,3.812,,,
[1758212892894132353],9.0,-4.214,3.95,,,
[1758212892899365217],9.275,-4.851,4.319,,,
[1758212892904577561],9.242,-4.688,4.537,,,
[1758212892910092717],10.408,-5.243,4.571,,,
[1758212892915246832],9.934,-5.14,3.859,,,
[1758212892920352613],11.104,-5.456,3.955,,,
[1758212892925529540],10.386,-5.461,3.048,,,
[1758212892930674696],11.878,-5.909,3.072,,,
[1758212892935822769],10.91,-5.703,2.363,,,
[1758212892940940634],12.479,-5.832,2.411,,,
[1758212892946108759],11.281,-5.856,2.253,,,
[1758212892951239540],12.167,-5.76,1.173,,,
[1758212892956543446],10.654,-5.09,0.663,,,
[1758212892962063707],11.49,-5.073,0.46,,,
[1758212892967199853],9.515,-4.487,0.156,,,
[1758212892972405738],10.278,-4.482,-0.055,,,
[1758212892977560478],8.887,-4.386,-0.132,,,
[1758212892982742926],9.883,-4.343,-0.268,,,
[1758212892987904176],8.25,-3.833,-0.213,,,
[1758212892993042613],8.724,-3.668,-0.18,,,
[1758212892998136155],7.52,-3.675,0.225,,,
[1758212893003495790],7.999,-3.29,0.838,,,
[1758212893008677561],7.022,-3.254,1.906,,,
[1758212893013772769],7.082,-3.139,1.784,,,
[1758212893020237561],7.489,-3.144,2.617,,,
[1758212893025455425],6.519,-3.074,2.543,,,
[1758212893030578290],7.649,-3.27,3.201,,,
[1758212893035728238],6.859,-3.816,3.646,,,
[1758212893040949800],8.722,-4.223,3.481,,,
[1758212893046044644],8.095,-4.283,3.699,,,
[1758212893051151103],9.649,-4.69,4.379,,,
[1758212893056345061],8.205,-4.578,4.334,,,
[1758212893061478446],10.221,-4.752,4.384,,,
[1758212893066745634],9.278,-4.779,4.616,,,
[1758212893072359853],10.92,-5.095,4.044,,,
[1758212893077475894],10.06,-5.109,4.065,,,
[1758212893082676103],11.461,-5.483,3.639,,,
[1758212893087875373],10.74,-5.557,2.878,,,
[1758212893092990165],12.402,-5.904,2.753,,,
[1758212893098080686],11.167,-5.897,2.358,,,
[1758212893103292873],11.99,-5.655,1.389,,,
[1758212893108435478],11.394,-5.748,1.513,,,
[1758212893113725478],11.538,-5.176,0.883,,,
[1758212893121875634],11.001,-4.954,0.879,,,
[1758212893127258550],8.945,-4.592,0.115,,,
[1758212893132552925],10.032,-4.384,-0.144,,,
[1758212893137711728],8.849,-4.101,-0.237,,,
[1758212893142896103],9.4,-3.867,-0.393,,,
[1758212893148018759],7.843,-3.704,0.065,,,
[1758212893153196936],8.813,-3.464,-0.036,,,
[1758212893158313134],7.195,-3.335,0.654,,,
[1758212893163480946],7.578,-3.213,0.982,,,
[1758212893168601623],6.917,-3.1,1.714,,,
[1758212893173786363],6.95,-2.993,2.255,,,
[1758212893179359488],6.747,-3.189,2.26,,,
[1758212893184473290],6.62,-3.05,3.038,,,
[1758212893189554592],7.57,-3.62,3.464,,,
[1758212893194702405],7.585,-3.843,3.124,,,
[1758212893199808550],9.091,-4.594,3.5,,,
[1758212893205002300],8.533,-4.245,3.474,,,
[1758212893210116727],9.213,-4.405,4.293,,,
[1758212893215290946],8.952,-4.803,4.389,,,
[1758212893220489488],10.381,-4.86,4.781,,,
[1758212893225660894],9.527,-4.805,4.369,,,
[1758212893232139800],11.303,-5.667,4.099,,,
[1758212893237404123],10.168,-5.322,3.412,,,
[1758212893242575373],11.985,-5.552,2.693,,,
[1758212893247685530],11.246,-5.983,2.509,,,
[1758212893252911988],12.304,-5.849,2.492,,,
[1758212893258062040],11.246,-5.653,2.023,,,
[1758212893263177144],12.601,-5.605,1.528,,,
[1758212893268264800],11.032,-5.456,1.02,,,
[1758212893273466363],11.471,-4.978,0.644,,,
[1758212893278596780],9.946,-4.53,0.347,,,
[1758212893283776363],10.084,-4.458,-0.266,,,
[1758212893289292717],9.754,-4.695,-0.084,,,
[1758212893294411623],9.079,-4.077,-0.584,,,
[1758212893299514280],8.583,-4.168,-0.419,,,
[1758212893304764019],8.059,-3.608,-0.182,,,
[1758212893309896832],8.332,-3.553,0.153,,,
[1758212893315016988],7.295,-3.208,0.287,,,
[1758212893320119436],7.815,-3.541,1.176,,,
[1758212893325284696],6.448,-2.907,1.753,,,
[1758212893330420373],7.254,-3.153,2.119,,,
[1758212893335725634],6.438,-3.134,2.495,,,
[1758212893341258342],7.728,-3.474,3.168,,,
[1758212893346381050],6.653,-3.311,2.835,,,
[1758212893351768446],8.672,-4.123,3.512,,,
[1758212893357206832],8.011,-4.348,3.692,,,
[1758212893362419071],9.493,-4.48,4.149,,,
[1758212893367518446],8.377,-4.46,4.305,,,
[1758212893372701727],10.013,-4.654,4.616,,,
[1758212893377991311],9.139,-4.731,4.791,,,
[1758212893383333446],10.602,-4.934,4.051,,,
[1758212893389553030],10.604,-5.368,4.116,,,
[1758212893396079905],10.594,-5.588,3.084,,,
[1758212893402205582],12.158,-5.775,2.71,,,
[1758212893407970790],10.922,-5.89,2.667,,,
[1758212893413208550],12.333,-5.787,1.721,,,
[1758212893418308759],11.181,-5.679,1.487,,,
[1758212893423462405],11.674,-5.365,1.293,,,
[1758212893428566102],10.422,-5.174,1.341,,,
[1758212893433673238],10.827,-4.724,0.271,,,
[1758212893438767404],9.44,-4.551,-0.113,,,
[1758212893443917977],10.353,-4.432,-0.297,,,
[1758212893449422769],9.373,-4.374,-0.002,,,
[1758212893454682665],8.801,-3.527,-0.608,,,
[1758212893459804384],8.873,-4.152,-0.024,,,
[1758212893464974852],8.171,-3.496,0.323,,,
[1758212893470092196],7.927,-3.428,0.886,,,
[1758212893475180477],6.962,-3.199,0.496,,,
[1758212893480273238],7.544,-3.457,1.671,,,
[1758212893485416832],6.754,-2.784,1.585,,,
[1758212893490532248],7.482,-3.189,2.502,,,
[1758212893495732404],6.141,-2.995,2.564,,,
[1758212893502323238],7.884,-3.484,3.136,,,
[1758212893509581467],8.593,-4.415,3.857,,,
[1758212893515052873],8.66,-4.214,3.742,,,
[1758212893520177196],8.983,-4.592,4.085,,,
[1758212893525291675],8.978,-4.616,4.223,,,
[1758212893530384436],10.041,-4.693,4.757,,,
[1758212893535509540],9.11,-4.733,4.259,,,
[1758212893540596675],10.827,-5.215,4.444,,,
[1758212893545710321],10.235,-5.047,4.18,,,
[1758212893550845738],11.274,-5.629,3.689,,,
[1758212893556399227],10.441,-5.732,2.907,,,
[1758212893561679384],12.256,-6.043,2.677,,,
[1758212893566845738],10.997,-5.665,2.193,,,
[1758212893571973602],12.692,-5.82,1.978,,,
[1758212893577190373],11.006,-5.681,1.693,,,
[1758212893582420061],11.674,-5.495,0.943,,,
[1758212893587563186],10.094,-4.946,0.448,,,
[1758212893592742873],10.702,-4.623,0.201,,,
[1758212893597888186],9.301,-4.527,-0.091,,,
[1758212893603140165],10.436,-4.386,-0.39,,,
[1758212893609659852],9.096,-4.307,-0.225,,,
[1758212893615221571],8.471,-3.826,-0.086,,,
[1758212893620358550],8.49,-3.733,0.048,,,
[1758212893625520686],7.034,-3.357,-0.124,,,
[1758212893630623811],8.064,-3.381,1.008,,,
[1758212893635723290],6.721,-3.232,1.123,,,
[1758212893640824019],7.444,-3.259,1.683,,,
[1758212893645965009],6.182,-2.983,2.188,,,
[1758212893651085217],7.554,-3.349,2.849,,,
[1758212893657556050],6.232,-3.16,3.038,,,
[1758212893663951571],8.088,-3.685,3.227,,,
[1758212893669196259],8.159,-4.408,4.058,,,
[1758212893674299800],8.885,-4.211,4.015,,,
[1758212893679385790],8.756,-4.477,4.446,,,
[1758212893684540113],9.622,-4.685,4.075,,,
[1758212893689640269],9.371,-4.978,4.369,,,
[1758212893694767456],9.852,-4.685,4.436,,,
[1758212893699873811],10.879,-5.1,4.101,,,
[1758212893705098498],10.623,-5.279,3.29,,,
[1758212893710355529],11.435,-5.751,3.191,,,
[1758212893715515269],11.298,-5.574,2.497,,,
[1758212893721030113],12.246,-5.916,2.5,,,
[1758212893726142925],11.396,-5.595,1.894,,,
[1758212893731245009],12.567,-5.926,1.693,,,
[1758212893736386571],10.968,-5.31,0.654,,,
[1758212893741476206],11.732,-5.456,0.558,,,
[1758212893746590009],10.149,-4.659,0.304,,,
[1758212893751704644],10.721,-4.741,0.084,,,
[1758212893758245686],9.261,-4.652,-0.201,,,
[1758212893764580321],9.29,-4.108,-0.644,,,
[1758212893769828342],8.617,-4.111,-0.254,,,
[1758212893774950217],7.901,-3.634,-0.113,,,
[1758212893780074227],8.243,-3.74,0.33,,,
[1758212893785217873],7.168,-3.268,0.496,,,
[1758212893790309904],7.633,-3.349,1.607,,,
[1758212893795390373],6.744,-2.801,1.508,,,
[1758212893800498863],7.104,-3.153,2.337,,,
[1758212893805724644],6.445,-3.01,2.409,,,
[1758212893810956936],7.36,-3.27,2.868,,,
[1758212893816069331],6.766,-3.488,3.302,,,
[1758212893821162925],8.586,-4.152,3.704,,,
[1758212893826423550],7.714,-4.156,3.814,,,
[1758212893831507561],9.658,-4.453,4.25,,,
[1758212893836596050],8.552,-4.357,4.204,,,
[1758212893841749331],10.032,-4.815,4.283,,,
[1758212893846898706],8.835,-4.774,4.369,,,
[1758212893852027717],10.953,-5.107,4.166,,,
[1758212893857212925],9.929,-5.253,3.831,,,
[1758212893862391884],11.428,-5.464,3.462,,,
[1758212893868035842],10.499,-5.842,3.033,,,
[1758212893873242821],12.036,-5.715,2.622,,,
[1758212893878354019],11.42,-5.71,2.306,,,
[1758212893883511779],12.012,-5.789,2.277,,,
[1758212893888646883],11.119,-5.959,1.738,,,
[1758212893893737665],11.746,-5.444,0.769,,,
[1758212893898842196],10.69,-4.975,1.374,,,
[1758212893904073029],11.049,-4.413,0.395,,,
[1758212893909220998],9.799,-4.618,-0.28,,,
[1758212893914435790],9.771,-4.307,-0.548,,,
[1758212893919565321],9.402,-4.417,0.105,,,
[1758212893924739644],9.029,-3.864,-0.168,,,
[1758212893929867404],8.641,-4.221,-0.065,,,
[1758212893935334383],7.53,-3.342,-0.132,,,
[1758212893940448446],8.183,-3.266,0.388,,,
[1758212893945621363],7.106,-3.357,0.943,,,
[1758212893950795425],7.424,-3.383,1.554,,,
[1758212893956109123],6.335,-2.849,1.97,,,
[1758212893961329019],7.367,-3.364,2.342,,,
[1758212893966550217],6.321,-3.124,2.763,,,
[1758212893971676988],8.006,-3.831,3.282,,,
[1758212893977157613],7.195,-3.864,3.314,,,
[1758212893982410425],9.395,-4.336,3.235,,,
[1758212893987567040],8.229,-4.317,4.032,,,
[1758212893992806311],9.986,-4.46,4.482,,,
[1758212893998030581],8.662,-4.499,4.709,,,
[1758212894003247144],10.077,-4.858,4.76,,,
[1758212894008325217],9.749,-5.183,5.045,,,
[1758212894013480217],10.963,-5.136,4.59,,,
[1758212894018582404],10.228,-5.346,4.137,,,
[1758212894023723550],11.399,-5.6,3.144,,,
[1758212894028830633],11.183,-5.801,2.919,,,
[1758212894034061415],12.021,-5.564,1.946,,,
[1758212894039262404],11.497,-5.95,2.014,,,
[1758212894044789696],11.633,-5.55,1.547,,,
[1758212894049960061],11.619,-5.509,0.814,,,
[1758212894055161206],11.188,-4.834,0.287,,,
[1758212894060361154],10.613,-5.052,0.565,,,
[1758212894065511415],9.68,-4.357,0.285,,,
[1758212894070637144],10.448,-4.618,-0.115,,,
[1758212894075756258],9.002,-4.243,-0.139,,,
[1758212894080942925],9.373,-4.276,-0.273,,,
[1758212894086784540],7.652,-3.962,0.0,,,
[1758212894091925269],8.554,-3.697,0.5,,,
[1758212894097138290],6.986,-3.249,0.639,,,
[1758212894102378238],8.356,-3.488,1.499,,,
[1758212894107585269],6.299,-3.041,1.891,,,
[1758212894112781102],7.506,-3.029,1.963,,,
[1758212894117916883],6.618,-3.299,2.267,,,
[1758212894123105060],7.788,-3.189,2.677,,,
[1758212894128367352],6.543,-3.256,3.328,,,
[1758212894133465008],8.543,-3.915,3.132,,,
[1758212894138559175],7.925,-4.266,3.563,,,
[1758212894143708394],9.199,-4.257,4.025,,,
[1758212894148800373],8.562,-4.65,4.594,,,
[1758212894154305477],9.261,-4.571,4.401,,,
[1758212894200739852],12.043,-5.78,1.616,,,
[1758212894206398915],11.116,-5.308,1.35,,,
[1758212894211562560],11.724,-5.341,1.111,,,
[1758212894216703238],9.778,-4.678,0.795,,,
[1758212894221869748],10.499,-4.621,0.275,,,
[1758212894227011831],8.95,-4.597,-0.127,,,
[1758212894232165842],10.173,-4.551,-0.455,,,
[1758212894237328238],8.135,-3.926,-0.244,,,
[1758212894242605633],9.397,-3.967,-0.713,,,
[1758212894247880894],7.319,-3.642,-0.215,,,
[1758212894253111675],8.399,-3.407,0.206,,,
[1758212894258250477],6.898,-3.103,1.508,,,
[1758212894263160269],7.503,-2.94,1.353,,,
[1758212894266863863],6.388,-3.045,1.429,,,
[1758212894270526571],7.496,-2.921,2.531,,,
[1758212894274199227],6.527,-2.916,2.298,,,
[1758212894277900842],6.464,-3.172,2.78,,,
[1758212894281634800],7.597,-3.378,2.878,,,
[1758212894285407300],6.608,-3.469,2.964,,,
[1758212894289064540],8.131,-3.917,3.139,,,
[1758212894292784904],8.763,-4.216,3.622,,,
[1758212894296441258],7.942,-4.142,3.479,,,
[1758212894300117925],9.517,-4.764,3.869,,,
[1758212894304753758],8.772,-4.334,4.108,,,
[1758212894308560685],9.069,-4.757,4.446,,,
[1758212894312228498],10.132,-4.556,4.377,,,
[1758212894315885112],9.34,-4.561,4.427,,,
[1758212894319540060],10.513,-5.2,4.322,,,
[1758212894323234279],10.52,-4.987,4.329,,,
[1758212894326894748],9.898,-5.337,3.797,,,
[1758212894330553081],11.231,-5.555,4.175,,,
[1758212894334282925],10.865,-5.26,2.686,,,
[1758212894337956050],10.745,-5.806,3.038,,,
[1758212894341666154],12.263,-5.964,2.725,,,
[1758212894345354592],10.867,-5.739,2.073,,,
[1758212894349146623],12.072,-6.043,1.767,,,
[1758212894352933810],12.196,-5.741,1.978,,,
[1758212894356628081],10.927,-5.713,1.245,,,
[1758212894360296310],12.424,-5.59,1.638,,,
[1758212894363994123],11.408,-5.109,0.919,,,
[1758212894367670581],10.451,-5.095,0.982,,,
[1758212894371438029],11.133,-4.805,0.601,,,
[1758212894375137352],9.294,-4.575,0.694,,,
[1758212894378827040],9.766,-4.365,-0.323,,,
[1758212894382560581],10.262,-4.403,0.405,,,
[1758212894386245269],8.772,-4.123,-0.23,,,
[1758212894389914227],9.469,-4.175,-0.148,,,
[1758212894393583550],8.756,-3.924,-0.479,,,
[1758212894397239644],8.023,-3.97,-0.433,,,
[1758212894400971415],9.098,-3.723,0.424,,,
[1758212894405100165],7.772,-3.558,-0.201,,,
[1758212894408804227],7.623,-3.464,0.524,,,
[1758212894412481883],7.882,-3.27,0.79,,,
[1758212894416173550],6.534,-3.29,1.31,,,
[1758212894419839383],7.573,-3.225,1.975,,,
[1758212894423536779],7.128,-2.926,1.532,,,
[1758212894427231467],6.476,-2.787,2.2,,,
[1758212894430930946],7.633,-3.249,2.48,,,
[1758212894434624644],6.407,-3.053,2.449,,,
[1758212894438301206],6.891,-3.177,2.765,,,
[1758212894441997769],7.997,-3.539,3.426,,,
[1758212894445700165],7.283,-3.867,2.722,,,
[1758212894449439904],9.167,-4.269,3.792,,,
[1758212894453324175],9.045,-4.266,4.264,,,
[1758212894457047873],8.2,-4.484,3.725,,,
[1758212894460693602],9.787,-4.614,4.791,,,
[1758212894464394904],8.789,-4.506,4.575,,,
[1758212894468032300],9.079,-4.626,4.398,,,
[1758212894471689904],10.491,-5.013,4.487,,,
[1758212894475368758],9.392,-4.8,4.187,,,
[1758212894479018342],10.379,-5.169,3.888,,,
[1758212894482738290],11.076,-5.16,4.398,,,
[1758212894486387248],10.364,-5.339,3.74,,,
[1758212894490100737],11.791,-5.713,3.543,,,
[1758212894493782925],11.406,-5.437,2.928,,,
[1758212894497448498],11.03,-5.854,2.729,,,
[1758212894501191519],12.404,-5.892,2.717,,,
[1758212894505238758],11.064,-5.614,1.647,,,
[1758212894508969592],11.916,-5.672,1.702,,,
[1758212894512667300],12.031,-5.641,1.422,,,
[1758212894516316362],10.822,-5.468,1.348,,,
[1758212894519971362],11.729,-5.638,1.099,,,
[1758212894523698810],10.853,-4.939,0.503,,,
[1758212894527369800],9.701,-4.81,0.508,,,
[1758212894531079383],10.637,-4.604,0.611,,,
[1758212894534762404],9.258,-4.458,0.242,,,
[1758212894538461050],9.847,-4.59,-0.139,,,
[1758212894542197039],10.087,-4.602,-0.019,,,
[1758212894545906883],8.325,-4.101,-0.211,,,
[1758212894549659904],9.117,-4.25,-0.254,,,
[1758212894553631310],8.77,-3.733,-0.122,,,
[1758212894557321883],7.836,-3.79,-0.335,,,
[1758212894561060217],8.466,-3.735,0.508,,,
[1758212894564740217],7.111,-3.39,-0.005,,,
[1758212894568416206],7.089,-3.225,0.266,,,
[1758212894572132039],8.09,-3.376,1.705,,,
[1758212894575796310],6.246,-3.098,1.448,,,
[1758212894579472612],7.065,-2.988,1.844,,,
[1758212894583148185],7.309,-3.024,2.26,,,
[1758212894586797612],6.151,-3.0,2.116,,,
[1758212894590484227],7.276,-3.232,2.77,,,
[1758212894594169019],7.14,-3.196,2.883,,,
[1758212894597892664],7.029,-3.704,2.875,,,
[1758212894601706571],8.55,-4.171,3.242,,,
[1758212894605390581],7.903,-4.02,3.354,,,
[1758212894609065269],8.815,-4.46,3.996,,,
[1758212894612753185],9.038,-4.269,4.075,,,
[1758212894616411102],8.222,-4.525,3.857,,,
[1758212894620115685],9.608,-4.709,4.511,,,
[1758212894623810060],9.402,-4.496,4.745,,,
[1758212894628530529],9.481,-4.865,4.714,,,
[1758212894632365581],10.688,-4.915,4.262,,,
[1758212894636045529],9.663,-5.152,4.195,,,
[1758212894639714539],11.205,-5.274,4.108,,,
[1758212894643420008],11.315,-5.327,3.306,,,
[1758212894647114748],10.755,-5.634,3.443,,,
[1758212894650792248],12.072,-5.784,2.804,,,
[1758212894654560112],11.349,-5.521,2.377,,,
[1758212894658681831],11.293,-5.748,2.547,,,
[1758212894662474800],12.481,-5.775,1.903,,,
[1758212894666175217],11.09,-5.775,1.666,,,
[1758212894669901414],12.297,-5.72,1.511,,,
[1758212894673559331],11.734,-5.44,1.618,,,
[1758212894677194852],10.616,-5.25,0.776,,,
[1758212894680885581],11.545,-5.183,0.934,,,
[1758212894684580217],10.465,-4.707,-0.127,,,
[1758212894688269071],9.677,-4.7,0.725,,,
[1758212894691998810],10.501,-4.592,-0.23,,,
[1758212894695681779],9.151,-4.41,0.024,,,
[1758212894699349331],9.543,-4.432,-0.644,,,
[1758212894703126935],9.292,-4.037,-0.462,,,
[1758212894706776467],8.03,-3.958,-0.445,,,
[1758212894710511987],9.321,-3.962,-0.132,,,
[1758212894714206310],8.365,-3.462,-0.168,,,
[1758212894717903967],7.472,-3.668,0.048,,,
[1758212894721561623],8.394,-3.644,0.5,,,
[1758212894725205164],6.989,-3.273,0.481,,,
[1758212894728870998],7.647,-3.472,1.123,,,
[1758212894732572977],7.726,-3.191,1.53,,,
[1758212894736251467],6.084,-3.045,1.954,,,
[1758212894739973446],7.247,-3.115,2.049,,,
[1758212894743676154],6.749,-2.828,2.638,,,
[1758212894747329644],6.275,-3.136,2.622,,,
[1758212894751046258],7.822,-3.335,3.29,,,
[1758212894754816258],7.266,-3.117,2.792,,,
[1758212894758502925],7.707,-3.812,3.5,,,
[1758212894762631831],9.033,-4.123,3.488,,,
[1758212894766430321],7.776,-4.164,4.01,,,
[1758212894770105737],9.388,-4.408,4.195,,,
[1758212894773782612],9.337,-4.436,4.01,,,
[1758212894777441206],8.698,-4.547,4.549,,,
[1758212894781906258],10.226,-4.776,4.178,,,
[1758212894785726414],9.345,-4.927,4.396,,,
[1758212894789394487],10.295,-5.296,4.144,,,
[1758212894793066779],10.566,-5.054,3.924,,,
[1758212894796731987],10.238,-5.102,3.898,,,
[1758212894800409123],11.523,-5.519,3.484,,,
[1758212894804150164],11.049,-5.411,2.909,,,
[1758212894807862664],10.807,-5.519,3.261,,,
[1758212894811552144],12.122,-5.871,2.263,,,
[1758212894815226102],11.15,-5.653,1.824,,,
[1758212894818935894],11.657,-5.875,2.495,,,
[1758212894822676206],12.277,-5.787,1.274,,,
[1758212894826429331],10.975,-5.703,1.729,,,
[1758212894830103602],12.117,-5.806,1.176,,,
[1758212894833801727],11.42,-5.248,0.757,,,
[1758212894837464956],10.362,-4.951,1.123,,,
[1758212894841203081],11.052,-5.207,0.991,,,
[1758212894844901102],9.943,-4.477,-0.077,,,
[1758212894848621310],9.572,-4.707,0.433,,,
[1758212894852402300],10.192,-4.334,-0.316,,,
[1758212894856076935],8.777,-4.53,-0.599,,,
[1758212894859771987],9.237,-4.214,0.057,,,
[1758212894863498706],9.029,-3.759,-0.436,,,
[1758212894867177404],7.939,-3.804,-0.093,,,
[1758212894871107560],8.875,-3.797,-0.043,,,
[1758212894874881779],7.527,-3.448,-0.158,,,
[1758212894878554591],7.477,-3.484,0.285,,,
[1758212894882280269],7.963,-3.474,0.63,,,
[1758212894885948446],6.594,-3.191,1.427,,,
[1758212894889639487],7.554,-3.294,1.822,,,
[1758212894893318029],6.996,-2.935,1.975,,,
[1758212894896972300],5.868,-3.139,2.267,,,
[1758212894900640164],7.614,-3.338,2.239,,,
[1758212894904386727],6.594,-3.132,2.389,,,
[1758212894908079175],6.704,-3.524,2.792,,,
[1758212894911800737],8.033,-3.704,3.139,,,
[1758212894915562091],7.235,-3.881,3.268,,,
[1758212894919232716],8.049,-4.204,3.472,,,
[1758212894922882456],9.134,-4.13,4.161,,,
[1758212894926527456],8.152,-4.312,4.434,,,
[1758212894930180685],9.459,-4.709,4.324,,,
[1758212894933898810],9.313,-4.499,4.13,,,
[1758212894937583914],9.055,-4.858,4.523,,,
[1758212894941282039],10.4,-5.057,4.42,,,
[1758212894944953550],9.692,-4.865,4.092,,,
[1758212894948612456],10.479,-5.334,4.037,,,
[1758212894952391519],11.351,-5.073,4.077,,,
[1758212894956037196],10.415,-5.112,3.847,,,
[1758212894959726883],11.372,-5.708,3.156,,,
[1758212894963441154],11.442,-5.765,2.928,,,
[1758212894967412612],11.03,-5.861,2.559,,,
[1758212894972654956],12.579,-5.844,2.274,,,
[1758212894978268185],11.195,-5.66,1.697,,,
[1758212894983490060],12.467,-5.729,1.554,,,
[1758212894988614852],10.815,-5.43,1.362,,,
[1758212894993802300],11.416,-4.98,0.955,,,
[1758212894998910164],9.816,-4.741,0.725,,,
[1758212895004122560],10.309,-4.472,0.393,,,
[1758212895009267404],9.117,-4.494,-0.388,,,
[1758212895014411727],9.948,-4.187,-0.395,,,
[1758212895019540373],8.662,-4.295,0.153,,,
[1758212895024781258],8.586,-3.8,0.34,,,
[1758212895029887091],7.987,-3.625,0.242,,,
[1758212895035023914],7.973,-3.328,0.184,,,
[1758212895040138706],7.357,-3.235,1.18,,,
[1758212895045219227],7.499,-2.962,1.295,,,
[1758212895050367248],6.919,-3.282,1.681,,,
[1758212895055629643],6.821,-2.998,1.946,,,
[1758212895060745373],7.154,-3.414,2.931,,,
[1758212895067677560],6.448,-3.534,3.469,,,
[1758212895074056258],8.466,-3.991,3.764,,,
[1758212895079281206],8.234,-4.369,3.962,,,
[1758212895085605737],9.369,-4.183,3.467,,,
[1758212895090962091],9.627,-4.762,4.583,,,
[1758212895096112039],8.95,-4.556,5.028,,,
[1758212895101230425],10.211,-5.116,4.561,,,
[1758212895106450477],10.022,-4.882,3.725,,,
[1758212895111592196],11.169,-5.322,4.403,,,
[1758212895116725268],10.496,-5.452,3.1,,,
[1758212895121814018],11.655,-5.811,2.576,,,
[1758212895126985268],11.044,-5.705,2.289,,,
[1758212895132226310],12.541,-6.069,2.083,,,
[1758212895137385425],10.898,-5.926,2.255,,,
[1758212895142567456],12.309,-5.693,1.456,,,
[1758212895147667977],10.719,-5.325,0.864,,,
[1758212895152925477],11.643,-4.867,0.567,,,
[1758212895158088758],9.108,-4.554,0.498,,,
[1758212895163238237],10.381,-4.583,0.091,,,
[1758212895168363550],8.988,-4.154,-0.18,,,
[1758212895173535008],9.656,-3.926,-0.182,,,
[1758212895178694435],8.236,-3.982,-0.189,,,
[1758212895183826727],9.146,-3.958,0.5,,,
[1758212895189363029],7.487,-3.385,-0.005,,,
[1758212895194624591],8.033,-3.278,0.548,,,
[1758212895199823602],7.075,-3.462,1.891,,,
[1758212895205058289],7.298,-3.048,1.616,,,
[1758212895210243862],7.132,-3.314,2.44,,,
[1758212895215450112],7.125,-2.947,2.576,,,
[1758212895220573081],7.19,-3.433,3.191,,,
[1758212895225709227],7.094,-3.29,2.942,,,
[1758212895230825633],8.131,-4.101,3.268,,,
[1758212895236119956],8.466,-4.204,3.668,,,
[1758212895241370633],9.287,-4.444,4.319,,,
[1758212895246588237],8.452,-4.343,4.298,,,
[1758212895251716258],9.73,-4.776,4.762,,,
[1758212895256928133],9.258,-4.75,4.266,,,
[1758212895262045737],10.944,-5.325,4.453,,,
[1758212895267226310],10.094,-5.375,4.149,,,
[1758212895272477300],11.571,-5.811,3.577,,,
[1758212895277700633],10.685,-5.708,2.703,,,
[1758212895282892768],12.258,-5.827,2.322,,,
[1758212895288018602],11.088,-5.842,1.927,,,
[1758212895293548602],12.637,-5.789,1.635,,,
[1758212895298796987],11.253,-5.636,1.374,,,
[1758212895303997091],12.098,-5.102,1.188,,,
[1758212895309150112],10.233,-5.042,0.668,,,
[1758212895314281414],10.645,-4.736,0.302,,,
[1758212895319433758],9.67,-4.654,0.373,,,
[1758212895324675425],9.953,-4.436,-0.012,,,
[1758212895329817456],9.009,-4.25,-0.163,,,
[1758212895334993810],9.009,-3.907,-0.002,,,
[1758212895340174956],8.176,-3.936,-0.036,,,
[1758212895345327925],7.987,-3.376,0.01,,,
[1758212895350467977],7.286,-3.464,1.046,,,
[1758212895355958862],7.044,-2.983,1.398,,,
[1758212895361161102],7.223,-3.304,1.961,,,
[1758212895366295633],6.721,-2.966,2.04,,,
[1758212895371435633],7.391,-3.481,3.031,,,
[1758212895376603498],6.266,-3.194,3.074,,,
[1758212895381725737],7.992,-3.606,3.148,,,
[1758212895386885008],7.451,-3.967,2.851,,,
[1758212895391961935],9.194,-4.587,3.594,,,
[1758212895397177664],7.997,-4.436,4.032,,,
[1758212895402880789],9.936,-4.611,4.144,,,
[1758212895408155997],8.856,-4.875,4.408,,,
[1758212895413357143],10.446,-5.176,4.451,,,
[1758212895418489800],9.713,-4.982,4.111,,,
[1758212895423660841],11.401,-5.397,4.384,,,
[1758212895428903237],10.625,-5.619,3.673,,,
[1758212895434056050],12.201,-5.782,2.605,,,
[1758212895439195893],11.222,-5.729,2.425,,,
[1758212895444393393],12.39,-5.976,1.729,,,
[1758212895449600268],11.25,-5.904,1.561,,,
[1758212895454784331],11.926,-5.416,0.778,,,
[1758212895459936675],11.155,-5.514,0.922,,,
[1758212895465090112],10.772,-4.82,0.649,,,
[1758212895470209852],10.029,-4.65,0.467,,,
[1758212895475423497],9.938,-4.226,-0.093,,,
[1758212895480562664],9.608,-4.444,0.048,,,
[1758212895485721258],9.589,-4.053,-0.017,,,
[1758212895490838706],8.957,-4.137,-0.182,,,
[1758212895495993185],8.066,-3.625,-0.402,,,
[1758212895501160633],8.44,-3.792,-0.11,,,
[1758212895506769227],7.003,-3.213,0.508,,,
[1758212895512036779],7.855,-3.371,1.53,,,
[1758212895517227143],6.328,-2.983,1.961,,,
[1758212895522415372],7.793,-3.168,2.243,,,
[1758212895527542091],6.388,-3.093,2.327,,,
[1758212895533864591],7.537,-3.299,2.859,,,
[1758212895539135945],6.998,-3.771,3.199,,,
[1758212895544277091],8.837,-4.07,3.524,,,
[1758212895549393081],8.102,-4.302,4.073,,,
[1758212895554612300],9.34,-4.42,3.955,,,
[1758212895559745529],8.744,-4.688,4.573,,,
[1758212895564864331],10.065,-4.657,4.324,,,
[1758212895569990997],9.323,-4.994,4.547,,,
[1758212895575193237],10.319,-4.982,4.398,,,
[1758212895580447820],10.58,-5.241,4.477,,,
[1758212895585625268],11.013,-5.349,3.098,,,
[1758212895590751154],11.382,-5.787,2.907,,,
[1758212895595947091],11.449,-5.653,2.564,,,
[1758212895601102195],12.345,-5.854,1.99,,,
[1758212895606306466],11.528,-5.82,1.314,,,
[1758212895611810529],12.136,-5.938,1.372,,,
[1758212895617120477],10.762,-5.198,0.989,,,
[1758212895622344904],11.49,-5.183,0.895,,,
[1758212895627513914],9.311,-4.537,0.426,,,
[1758212895632732456],10.496,-4.724,-0.256,,,
[1758212895637886310],8.763,-4.377,-0.199,,,
[1758212895643017195],9.72,-4.219,-0.591,,,
[1758212895648139852],8.059,-4.049,-0.438,,,
[1758212895653426831],9.091,-3.965,-0.218,,,
[1758212895658647352],7.175,-3.443,0.0,,,
[1758212895663775372],8.143,-3.558,0.692,,,
[1758212895670421362],7.295,-3.306,2.219,,,
[1758212895675927924],7.017,-3.033,1.448,,,
[1758212895681125372],6.859,-3.184,2.428,,,
[1758212895686250372],6.907,-3.215,2.737,,,
[1758212895691358654],7.697,-3.414,3.421,,,
[1758212895696471206],7.288,-3.589,3.081,,,
[1758212895701578133],8.906,-4.322,3.476,,,
[1758212895706739070],8.071,-4.24,3.613,,,
[1758212895711844539],9.292,-4.53,4.183,,,
[1758212895717474643],8.916,-4.441,4.417,,,
[1758212895722865320],10.056,-4.726,4.415,,,
[1758212895728045164],9.062,-4.834,4.372,,,
[1758212895733225216],11.183,-5.365,4.13,,,
[1758212895738352560],9.941,-5.26,3.563,,,
[1758212895743464018],11.827,-5.622,3.17,,,
[1758212895748607195],10.839,-5.842,2.942,,,
[1758212895753902247],12.385,-5.734,2.365,,,
[1758212895759113602],11.571,-5.61,1.935,,,
[1758212895764323914],12.634,-5.744,1.654,,,
[1758212895769473289],11.066,-5.574,0.977,,,
[1758212895774660164],11.293,-5.083,0.931,,,
[1758212895779795268],10.324,-5.009,0.632,,,
[1758212895784940529],10.204,-4.345,0.524,,,
[1758212895790095372],9.369,-4.621,-0.053,,,
[1758212895795249018],9.821,-4.264,-0.043,,,
[1758212895800403966],8.724,-4.305,0.266,,,
[1758212895805634747],8.638,-3.84,-0.407,,,
[1758212895810783862],8.72,-3.95,0.35,,,
[1758212895815900893],7.511,-3.385,-0.17,,,
[1758212895821011674],7.827,-3.567,0.766,,,
[1758212895826655893],6.462,-3.12,1.322,,,
[1758212895831805320],7.281,-2.978,1.745,,,
[1758212895836920997],6.244,-2.981,2.488,,,
[1758212895842064383],7.599,-3.51,2.708,,,
[1758212895847190060],6.328,-3.168,2.792,,,
[1758212895852385529],8.066,-3.847,3.33,,,
[1758212895857596622],7.872,-4.19,3.371,,,
[1758212895862831258],9.263,-4.456,4.075,,,
[1758212895868066883],8.143,-4.202,4.204,,,
[1758212895873257351],10.111,-4.865,4.278,,,
[1758212895878460112],8.672,-4.772,4.322,,,
[1758212895883631414],10.18,-4.889,4.173,,,
[1758212895888760216],10.08,-5.188,4.171,,,
[1758212895893892924],11.375,-5.258,3.938,,,
[1758212895899025633],10.494,-5.476,3.606,,,
[1758212895904284643],11.88,-5.753,3.093,,,
[1758212895909400268],10.932,-5.794,2.186,,,
[1758212895914561570],12.469,-5.751,1.903,,,
[1758212895919704279],11.451,-5.947,2.195,,,
[1758212895924885789],11.763,-5.595,1.427,,,
[1758212895930382872],10.786,-5.37,1.178,,,
[1758212895935600685],10.958,-4.791,0.441,,,
[1758212895940720164],9.886,-4.647,0.68,,,
[1758212895945923966],9.357,-4.398,-0.038,,,
[1758212895951042247],9.74,-4.573,-0.414,,,
[1758212895956232351],8.703,-3.929,-0.62,,,
[1758212895961403341],9.127,-3.982,-0.453,,,
[1758212895966579539],8.159,-3.752,-0.33,,,
[1758212895971760633],7.999,-3.553,0.266,,,
[1758212895976977560],7.01,-3.108,0.699,,,
[1758212895982103289],8.066,-3.426,2.296,,,
[1758212895987280112],6.314,-3.057,2.018,,,
[1758212895992663029],7.482,-3.1,2.65,,,
[1758212895997905945],6.294,-3.139,3.048,,,
[1758212896003112247],7.944,-3.314,3.0,,,
[1758212896008249279],6.912,-3.385,3.06,,,
[1758212896013455737],9.038,-4.197,3.012,,,
[1758212896018584487],7.762,-4.192,3.438,,,
[1758212896023743706],9.804,-4.446,3.625,,,
[1758212896028980320],8.277,-4.468,4.314,,,
[1758212896034577195],9.89,-4.779,4.831,,,
[1758212896039879018],9.364,-5.006,4.424,,,
[1758212896045017039],10.927,-5.274,4.3,,,
[1758212896050125008],10.855,-5.351,4.259,,,
[1758212896055367560],11.145,-5.418,3.412,,,
[1758212896060492039],11.2,-5.758,2.986,,,
[1758212896065750008],11.739,-5.459,1.935,,,
[1758212896070921101],11.863,-5.914,1.944,,,
[1758212896076140945],11.863,-5.607,1.137,,,
[1758212896081280789],11.971,-5.863,1.762,,,
[1758212896086488758],10.985,-5.205,0.972,,,
[1758212896091621726],11.241,-5.2,1.125,,,
[1758212896096781101],9.464,-4.544,0.395,,,
[1758212896101909747],10.187,-4.884,-0.045,,,
[1758212896107126414],9.311,-4.3,0.017,,,
[1758212896112286726],9.735,-4.013,0.266,,,
[1758212896117432508],8.059,-3.886,-0.555,,,
[1758212896122655320],8.825,-4.063,-0.057,,,
[1758212896127775060],7.12,-3.321,0.433,,,
[1758212896132986362],8.382,-3.448,0.979,,,
[1758212896138096987],6.857,-3.218,1.427,,,
[1758212896143651310],7.614,-3.182,1.748,,,
[1758212896149117560],5.988,-3.041,2.655,,,
[1758212896154325476],7.733,-3.103,2.358,,,
[1758212896159474122],6.689,-3.349,3.029,,,
[1758212896164620893],7.858,-3.836,3.33,,,
[1758212896169819851],7.657,-4.015,3.56,,,
[1758212896174926049],9.033,-4.18,4.029,,,
[1758212896180070372],8.315,-4.583,4.317,,,
[1758212896185352872],9.613,-4.42,4.08,,,
[1758212896190519799],9.56,-4.707,4.551,,,
[1758212896195648914],9.787,-4.709,4.166,,,
[1758212896200792403],10.618,-4.942,4.096,,,
[1758212896206007299],10.475,-5.042,3.553,,,
[1758212896213600008],11.684,-5.59,2.935,,,
[1758212896220004591],11.219,-5.938,3.0,,,
[1758212896225219226],12.016,-5.571,1.765,,,
[1758212896230354331],11.53,-6.0,1.753,,,
[1758212896235493289],11.93,-5.586,1.116,,,
[1758212896240588341],11.732,-5.562,1.125,,,
[1758212896245677456],11.107,-4.968,0.745,,,
[1758212896251960320],10.604,-4.76,0.206,,,
[1758212896258544435],8.973,-4.535,0.148,,,
[1758212896263820945],10.324,-4.393,-0.014,,,
[1758212896269016570],8.418,-4.187,-0.177,,,
[1758212896274156101],9.16,-3.888,-0.472,,,
[1758212896279262299],7.769,-3.776,0.163,,,
[1758212896284385164],8.516,-3.613,-0.093,,,
[1758212896289489851],7.286,-3.414,0.821,,,
[1758212896294611518],8.045,-3.349,1.697,,,
[1758212896299753393],6.402,-2.986,1.587,,,
[1758212896305028237],7.242,-3.043,2.423,,,
[1758212896310143914],6.45,-3.086,3.206,,,
[1758212896315276518],7.24,-3.144,2.753,,,
[1758212896320412820],6.752,-3.565,2.835,,,
[1758212896325542091],8.207,-3.986,3.235,,,
[1758212896330646987],8.552,-4.434,3.891,,,
[1758212896335794851],8.849,-4.274,4.135,,,
[1758212896340957091],9.273,-4.714,4.302,,,
[1758212896346072403],9.244,-4.451,4.209,,,
[1758212896351176466],10.077,-4.788,4.357,,,
[1758212896356396830],10.034,-4.812,3.989,,,
[1758212896361915112],10.855,-5.301,3.831,,,
[1758212896367161935],10.324,-5.356,3.508,,,
[1758212896372337924],12.024,-5.813,3.026,,,
[1758212896377474799],11.001,-5.521,2.533,,,
[1758212896382739955],12.385,-5.983,2.272,,,
[1758212896387950320],11.473,-5.866,1.776,,,
[1758212896393113810],12.474,-5.722,1.427,,,
[1758212896398238393],10.688,-5.296,0.936,,,
[1758212896403469487],11.545,-5.334,0.783,,,
[1758212896408651674],9.371,-4.621,0.527,,,
[1758212896413791778],10.582,-4.345,0.22,,,
[1758212896418882299],9.167,-4.223,-0.105,,,
[1758212896424058601],9.857,-4.266,-0.113,,,
[1758212896429208080],8.248,-3.982,-0.46,,,
[1758212896434356778],9.026,-3.814,-0.491,,,
[1758212896439478341],7.381,-3.57,0.297,,,
[1758212896444633966],8.023,-3.522,0.735,,,
[1758212896449843497],6.606,-3.069,1.211,,,
[1758212896455065008],6.993,-3.187,1.654,,,
[1758212896460216570],6.809,-3.036,2.361,,,
[1758212896466617768],7.13,-3.014,2.37,,,
[1758212896471957664],7.274,-3.484,3.151,,,
[1758212896477075008],6.902,-3.488,3.196,,,
[1758212896482253914],8.94,-4.214,3.378,,,
[1758212896487396674],8.049,-4.278,3.524,,,
[1758212896492592976],9.448,-4.671,4.278,,,
[1758212896497725424],8.298,-4.451,4.005,,,
[1758212896502979851],9.874,-4.738,4.178,,,
[1758212896508112247],9.29,-4.798,4.14,,,
[1758212896513332872],10.884,-5.334,4.31,,,
[1758212896518417507],9.74,-5.136,4.24,,,
[1758212896523554174],11.751,-5.629,3.745,,,
[1758212896528730737],10.726,-5.605,3.268,,,
[1758212896533869643],12.397,-5.825,2.519,,,
[1758212896538992768],11.176,-5.83,2.145,,,
[1758212896544155476],12.503,-5.684,1.872,,,
[1758212896549288862],11.207,-5.574,1.247,,,
[1758212896554464070],11.981,-5.411,1.099,,,
[1758212896559553237],10.53,-5.136,0.941,,,
[1758212896564716101],10.877,-4.731,0.522,,,
[1758212896570222664],9.416,-4.48,0.115,,,
[1758212896575500997],9.735,-4.42,-0.187,,,
[1758212896580620685],9.134,-4.202,0.158,,,
[1758212896585756205],8.882,-3.706,-0.048,,,
[1758212896590941622],8.54,-3.965,-0.031,,,
[1758212896596102455],8.145,-3.606,0.271,,,
[1758212896601233289],7.573,-3.469,0.84,,,
[1758212896606471674],6.845,-3.096,1.279,,,
[1758212896611679122],7.511,-3.491,1.618,,,
[1758212896616943601],6.596,-2.919,1.645,,,
[1758212896622192091],7.324,-3.179,2.339,,,
[1758212896627374382],6.582,-3.371,2.514,,,
[1758212896632660164],8.195,-3.915,3.129,,,
[1758212896637861310],7.542,-3.879,3.232,,,
[1758212896642985580],9.371,-4.233,3.555,,,
[1758212896648107091],8.016,-4.377,3.51,,,
[1758212896653368289],9.778,-4.662,3.994,,,
[1758212896658515216],8.61,-4.539,4.52,,,
[1758212896663682039],10.458,-5.004,4.484,,,
[1758212896668863341],9.333,-4.946,4.793,,,
[1758212896673981310],11.006,-5.308,4.161,,,
[1758212896680422507],10.283,-5.459,3.4,,,
[1758212896685749487],11.404,-5.368,2.607,,,
[1758212896690864747],11.571,-5.842,2.703,,,
[1758212896695990580],11.653,-5.602,1.958,,,
[1758212896701100737],11.952,-5.83,1.805,,,
[1758212896706305164],11.717,-5.471,1.477,,,
[1758212896711413497],11.315,-5.636,1.044,,,
[1758212896716556362],10.858,-4.834,0.376,,,
[1758212896721692299],10.659,-4.764,0.5,,,
[1758212896726923914],9.431,-4.398,-0.175,,,
[1758212896732043237],10.171,-4.697,0.263,,,
[1758212896737206466],8.712,-4.092,-0.601,,,
[1758212896742426362],9.244,-4.171,0.283,,,
[1758212896747565268],8.231,-3.704,0.249,,,
[1758212896752826257],8.775,-3.675,0.441,,,
[1758212896757957091],6.852,-3.278,0.385,,,
[1758212896763128914],8.15,-3.445,0.95,,,
[1758212896768262507],6.563,-3.287,1.717,,,
[1758212896773377559],7.693,-3.182,1.891,,,
[1758212896778499851],6.012,-3.132,2.057,,,
[1758212896785059591],7.599,-3.347,3.191,,,
[1758212896790451622],7.118,-3.642,3.409,,,
[1758212896795600893],8.521,-4.118,3.472,,,
[1758212896800718445],8.291,-4.487,3.771,,,
[1758212896805918445],8.686,-4.137,3.843,,,
[1758212896811044799],9.244,-4.556,4.413,,,
[1758212896816201466],9.771,-4.697,4.403,,,
[1758212896821307768],10.185,-5.186,4.673,,,
[1758212896826470372],10.166,-4.772,3.926,,,
[1758212896831617976],10.999,-5.358,4.092,,,
[1758212896836865580],10.922,-5.499,3.582,,,
[1758212896842001622],11.76,-5.94,3.005,,,
[1758212896847173653],10.92,-5.567,2.368,,,
[1758212896852358497],12.265,-5.897,2.349,,,
[1758212896857541830],11.621,-5.741,2.028,,,
[1758212896862770580],12.373,-5.856,1.283,,,
[1758212896867926414],10.839,-5.334,0.273,,,
[1758212896873062716],11.325,-5.291,0.929,,,
[1758212896878250372],9.34,-4.573,0.728,,,
[1758212896883358445],10.621,-4.748,0.484,,,
[1758212896888553601],8.753,-4.269,-0.069,,,
[1758212896895245476],9.316,-4.065,-0.034,,,
[1758212896900488289],8.653,-3.982,-0.029,,,
[1758212896905684070],8.722,-3.754,-0.199,,,
[1758212896910796570],7.503,-3.582,0.62,,,
[1758212896915932664],7.822,-3.294,0.694,,,
[1758212896921043809],7.111,-3.247,1.769,,,
[1758212896926155997],6.766,-2.78,1.803,,,
[1758212896931262976],6.802,-3.129,2.325,,,
[1758212896936428080],6.594,-2.993,2.528,,,
[1758212896941673132],7.429,-3.484,2.775,,,
[1758212896946826466],7.367,-3.677,3.316,,,
[1758212896951970111],8.44,-4.223,3.709,,,
[1758212896959452611],8.119,-4.381,3.893,,,
[1758212896964601518],9.773,-4.508,4.013,,,
[1758212896969809799],8.966,-4.499,4.647,,,
[1758212896974982664],9.95,-4.767,4.446,,,
[1758212896980112820],9.316,-5.049,4.29,,,
[1758212896985222559],10.92,-5.016,3.986,,,
[1758212896990379382],10.542,-5.435,3.776,,,
[1758212896996602559],11.248,-5.483,2.964,,,
[1758212897001928757],11.904,-5.964,2.938,,,
[1758212897009200111],11.171,-5.782,2.112,,,
[1758212897014695111],12.517,-5.689,1.544,,,
[1758212897019873757],10.961,-5.643,1.346,,,
[1758212897025010684],11.94,-5.286,0.649,,,
[1758212897030112195],10.276,-4.958,0.883,,,
[1758212897035262403],10.659,-4.353,0.421,,,
[1758212897040371205],9.093,-4.602,0.314,,,
[1758212897045492976],9.778,-4.329,-0.074,,,
[1758212897050612455],8.978,-4.046,0.012,,,
[1758212897055907351],9.179,-3.685,-0.369,,,
[1758212897061086049],8.265,-3.998,0.572,,,
[1758212897066196622],8.006,-3.558,0.048,,,
[1758212897071301674],7.475,-3.292,0.721,,,
[1758212897076428080],7.539,-3.139,1.041,,,
[1758212897081561622],7.329,-3.431,1.42,,,
[1758212897086678653],6.424,-2.914,1.968,,,
[1758212897091779122],7.228,-3.103,2.622,,,
[1758212897096908549],6.649,-3.177,2.595,,,
[1758212897102024122],7.875,-3.697,2.993,,,
[1758212897107608861],7.389,-3.871,3.261,,,
[1758212897112855059],9.131,-4.183,3.089,,,
[1758212897120213289],8.72,-4.331,3.996,,,
[1758212897125668705],9.433,-4.571,3.998,,,
[1758212897130808393],9.455,-5.171,4.712,,,
[1758212897135924643],10.12,-4.659,4.535,,,
[1758212897141034122],10.843,-5.126,4.396,,,
[1758212897146176049],10.846,-4.987,3.618,,,
[1758212897151300945],10.867,-5.583,3.445,,,
[1758212897156579486],11.277,-5.576,2.641,,,
[1758212897161925007],12.153,-5.82,2.291,,,
[1758212897167185007],11.451,-5.492,1.551,,,
[1758212897172350945],12.189,-5.95,1.788,,,
[1758212897177450841],11.183,-5.478,0.9,,,
[1758212897182651830],11.507,-5.294,1.027,,,
[1758212897187766309],9.785,-4.729,0.79,,,
[1758212897192936361],10.546,-4.848,0.496,,,
[1758212897198080059],9.23,-4.427,-0.168,,,
[1758212897203372351],10.345,-4.594,-0.314,,,
[1758212897208652403],8.526,-3.996,-0.613,,,
[1758212897215178966],8.873,-3.922,-0.371,,,
[1758212897220431518],7.405,-3.627,0.352,,,
[1758212897225857716],7.776,-3.275,0.864,,,
[1758212897230988393],7.36,-3.278,1.42,,,
[1758212897236132091],7.008,-3.146,1.322,,,
[1758212897241262559],6.812,-3.268,2.167,,,
[1758212897246449122],7.027,-2.77,2.26,,,
[1758212897251581101],7.051,-3.072,2.787,,,
[1758212897256868028],7.307,-3.474,3.163,,,
[1758212897262203913],8.21,-4.07,3.709,,,
[1758212897267360059],7.913,-4.049,3.553,,,
[1758212897272524538],9.134,-4.377,4.175,,,
[1758212897277658132],8.452,-4.329,4.386,,,
[1758212897282827247],9.946,-4.8,4.812,,,
[1758212897287985788],8.911,-4.81,4.879,,,
[1758212897293136622],10.932,-5.1,4.216,,,
[1758212897298297820],10.046,-5.31,3.934,,,
[1758212897303590372],11.574,-5.6,3.867,,,
[1758212897308732872],10.307,-5.416,2.851,,,
[1758212897313876882],12.031,-5.933,2.478,,,
[1758212897320473288],11.298,-5.6,2.258,,,
[1758212897327045059],11.672,-5.737,1.48,,,
[1758212897332408549],12.198,-5.672,1.295,,,
[1758212897337544122],11.03,-5.248,1.178,,,
[1758212897343749226],11.471,-5.195,0.412,,,
[1758212897349000320],9.337,-4.475,-0.168,,,
[1758212897354207611],10.472,-4.571,-0.558,,,
[1758212897359320840],9.014,-4.286,-0.433,,,
[1758212897364466934],9.766,-4.125,-0.498,,,
[1758212897369588809],7.997,-3.953,-0.283,,,
[1758212897374742247],8.971,-3.943,-0.242,,,
[1758212897379899330],7.135,-3.524,0.208,,,
[1758212897385072090],8.313,-3.223,0.639,,,
[1758212897390253809],6.744,-3.249,1.803,,,
[1758212897395364018],7.123,-2.89,2.114,,,
[1758212897400461570],6.594,-3.093,2.555,,,
[1758212897405600476],6.874,-2.813,2.337,,,
[1758212897410723028],6.553,-3.273,2.873,,,
[1758212897415925059],7.688,-3.417,3.251,,,
[1758212897421037507],7.992,-4.041,3.436,,,
[1758212897426522038],8.645,-3.836,3.409,,,
[1758212897431672976],9.175,-4.477,4.439,,,
[1758212897437072611],9.052,-4.511,4.247,,,
[1758212897442286518],9.383,-4.891,4.987,,,
[1758212897447428549],9.61,-4.786,4.506,,,
[1758212897452594643],11.145,-5.435,4.597,,,
[1758212897457762663],10.027,-5.186,3.977,,,
[1758212897463110580],11.794,-5.583,3.606,,,
[1758212897468387403],11.021,-5.674,2.88,,,
[1758212897473531570],12.218,-5.837,2.291,,,
[1758212897478684070],11.111,-5.758,1.709,,,
[1758212897483846049],12.414,-6.021,1.882,,,
[1758212897488952351],10.879,-5.581,1.448,,,
[1758212897494070893],12.208,-5.502,0.79,,,
[1758212897499216934],10.087,-4.846,1.013,,,
[1758212897504386674],10.795,-4.599,0.668,,,
[1758212897509584070],9.213,-4.46,0.297,,,
[1758212897514894903],10.266,-4.554,-0.354,,,
[1758212897520024226],8.375,-4.286,-0.184,,,
[1758212897525171882],9.373,-3.701,-0.536,,,
[1758212897530312143],8.047,-3.95,0.11,,,
[1758212897536765632],7.487,-3.208,-0.108,,,
[1758212897543325945],8.329,-3.654,1.228,,,
[1758212897548573705],6.455,-2.911,1.389,,,
[1758212897553697143],7.547,-3.079,2.241,,,
[1758212897558819122],6.12,-3.072,2.559,,,
[1758212897564047299],7.807,-3.44,2.875,,,
[1758212897569157611],6.22,-3.091,2.88,,,
[1758212897574280840],8.37,-3.941,3.474,,,
[1758212897579523861],7.836,-4.269,3.587,,,
[1758212897584752559],9.309,-4.238,3.491,,,
[1758212897589962455],8.363,-4.367,4.286,,,
[1758212897595117976],9.943,-4.721,4.554,,,
[1758212897600238288],9.041,-5.057,4.468,,,
[1758212897605383913],10.688,-5.004,4.257,,,
[1758212897610513757],10.242,-5.164,4.118,,,
[1758212897615755736],10.678,-5.322,4.039,,,
[1758212897620962195],11.291,-5.758,3.338,,,
[1758212897626183913],11.545,-5.478,2.729,,,
[1758212897631306830],11.454,-5.732,2.406,,,
[1758212897636451101],11.937,-5.38,1.717,,,
[1758212897643186570],12.421,-5.839,1.781,,,
[1758212897648407195],10.791,-5.272,1.075,,,
[1758212897653552820],11.631,-5.315,0.706,,,
[1758212897658680007],9.67,-4.652,0.144,,,
[1758212897663899538],10.348,-4.788,0.244,,,
[1758212897669023965],9.191,-4.209,-0.907,,,
[1758212897674132611],9.936,-4.377,-0.723,,,
[1758212897679236049],8.076,-3.816,-0.761,,,
[1758212897684440007],9.486,-4.044,-0.402,,,
[1758212897689650684],7.554,-3.709,-0.096,,,
[1758212897694766309],8.169,-3.251,0.093,,,
[1758212897699933392],6.706,-3.414,1.279,,,
[1758212897705091309],7.479,-3.16,2.042,,,
[1758212897710261517],6.378,-3.057,2.143,,,
[1758212897715475320],7.326,-2.986,2.1,,,
[1758212897720583028],6.287,-3.074,3.294,,,
[1758212897725770997],7.465,-3.182,2.921,,,
[1758212897730880840],7.47,-4.125,3.069,,,
[1758212897736062767],8.722,-4.075,3.23,,,
[1758212897741170059],8.557,-4.468,3.833,,,
[1758212897747620007],8.978,-4.152,3.912,,,
[1758212897753018236],9.917,-4.769,4.846,,,
[1758212897758154070],8.887,-4.64,4.334,,,
[1758212897763387507],10.764,-5.128,4.295,,,
[1758212897768530997],9.957,-5.277,4.424,,,
[1758212897773647299],11.55,-5.425,4.039,,,
[1758212897778755892],10.57,-5.552,3.031,,,
[1758212897783933601],12.115,-5.873,2.373,,,
[1758212897789117142],10.898,-5.703,1.836,,,
[1758212897794383705],12.637,-5.698,1.815,,,
[1758212897799551205],11.212,-5.753,1.592,,,
[1758212897804720840],11.993,-5.662,1.039,,,
[1758212897809874486],10.199,-5.109,0.919,,,
[1758212897815137142],10.946,-4.609,0.917,,,
[1758212897820251205],9.481,-4.726,0.151,,,
[1758212897825352455],10.108,-4.386,-0.244,,,
[1758212897830479069],8.82,-4.164,0.266,,,
[1758212897835700111],9.127,-4.096,-0.237,,,
[1758212897840881153],8.186,-3.986,-0.113,,,
[1758212897846020840],8.162,-3.622,0.393,,,
[1758212897852411726],7.405,-3.548,0.792,,,
[1758212897857735840],6.993,-3.369,0.874,,,
[1758212897864182976],8.107,-3.132,1.709,,,
[1758212897869422507],6.167,-3.0,2.246,,,
[1758212897874554069],7.389,-3.299,2.167,,,
[1758212897879664434],6.378,-3.129,3.043,,,
[1758212897884811674],8.25,-3.618,3.445,,,
[1758212897889916517],7.554,-4.063,3.694,,,
[1758212897895031361],9.321,-4.207,3.893,,,
[1758212897900137038],8.361,-4.001,4.436,,,
[1758212897905276726],9.84,-4.482,4.463,,,
[1758212897910480736],9.191,-4.719,4.616,,,
[1758212897915683861],10.149,-4.896,4.144,,,
[1758212897920802142],10.034,-5.1,4.257,,,
[1758212897925926622],10.968,-5.069,4.216,,,
[1758212897931048236],10.561,-5.65,3.345,,,
[1758212897936170215],11.387,-5.394,2.674,,,
[1758212897941285580],11.305,-6.024,2.818,,,
[1758212897946431674],12.007,-5.689,1.923,,,
[1758212897951598549],12.088,-5.871,2.083,,,
[1758212897956766622],11.621,-5.557,1.405,,,
[1758212897962448601],11.377,-5.49,1.379,,,
[1758212897967645111],10.436,-4.839,0.905,,,
[1758212897972859747],10.676,-4.911,0.575,,,
[1758212897977992611],9.433,-4.18,-0.108,,,
[1758212897983131309],10.446,-4.575,-0.596,,,
[1758212897988316257],8.696,-4.348,-0.4,,,
[1758212897993501049],9.498,-3.986,-0.213,,,
[1758212897998619486],8.066,-3.847,-0.208,,,
[1758212898003788757],8.531,-3.73,-0.148,,,
[1758212898008995997],6.871,-3.316,0.512,,,
[1758212898014228392],8.241,-3.335,1.551,,,
[1758212898019373028],6.278,-3.108,1.532,,,
[1758212898024509017],7.609,-3.065,2.093,,,
[1758212898029606101],6.108,-3.199,2.612,,,
[1758212898037614174],6.941,-3.191,3.285,,,
[1758212898043244017],8.358,-3.946,3.642,,,
[1758212898048411205],7.4,-4.166,3.802,,,
[1758212898053531569],9.196,-4.539,4.037,,,
[1758212898058698080],8.48,-4.269,3.859,,,
[1758212898064944121],9.797,-4.784,3.912,,,
[1758212898070606465],9.148,-4.851,4.281,,,
[1758212898075835111],10.405,-4.906,4.544,,,
[1758212898080953809],10.422,-5.322,4.286,,,
[1758212898086102038],11.052,-5.231,3.28,,,
[1758212898091207663],11.037,-5.693,3.17,,,
[1758212898096326830],11.516,-5.581,2.48,,,
[1758212898101440476],11.602,-5.878,2.682,,,
[1758212898106595007],12.165,-5.643,1.841,,,
[1758212898111863444],11.526,-5.971,2.023,,,
[1758212898117138132],10.894,-5.315,1.456,,,
[1758212898122321413],11.344,-5.181,0.637,,,
[1758212898127505215],10.082,-4.705,0.831,,,
[1758212898132719434],10.154,-4.688,0.716,,,
[1758212898137890736],9.359,-4.482,-0.132,,,
[1758212898143036934],9.981,-4.413,-0.096,,,
[1758212898148155111],8.38,-3.886,-0.352,,,
[1758212898153419642],9.357,-3.907,-0.089,,,
[1758212898158660580],7.554,-3.819,0.034,,,
[1758212898163880215],8.408,-3.412,0.486,,,
[1758212898169032611],7.046,-3.438,1.209,,,
[1758212898174198340],7.793,-3.397,1.595,,,
[1758212898179881726],6.007,-2.983,1.87,,,
[1758212898185049590],7.506,-3.256,2.605,,,
[1758212898190196413],6.397,-3.163,3.053,,,
[1758212898195334226],7.796,-3.575,3.361,,,
[1758212898200490684],7.228,-4.132,3.349,,,
[1758212898205618601],8.768,-4.209,3.354,,,
[1758212898210729069],8.313,-4.424,4.336,,,
[1758212898215915892],9.433,-4.312,4.173,,,
[1758212898221120996],8.643,-4.831,4.233,,,
[1758212898226403288],9.577,-4.705,4.154,,,
[1758212898231565059],9.974,-4.915,4.662,,,
[1758212898236759694],10.482,-4.824,3.761,,,
[1758212898241880007],10.726,-5.42,3.579,,,
[1758212898246990580],11.157,-5.466,2.796,,,
[1758212898252180059],11.454,-5.914,2.581,,,
[1758212898257332923],11.432,-5.681,2.105,,,
[1758212898262503601],12.088,-5.933,1.745,,,
[1758212898267739851],11.277,-5.751,1.549,,,
[1758212898273063028],11.811,-5.619,1.262,,,
[1758212898278203757],10.721,-5.157,0.8,,,
[1758212898283779538],11.104,-4.762,1.068,,,
[1758212898289025423],9.093,-4.305,-0.11,,,
[1758212898294196569],10.271,-4.573,-0.029,,,
[1758212898299312194],8.712,-4.123,0.139,,,
[1758212898304487090],9.44,-3.903,-0.737,,,
[1758212898309601465],7.839,-3.948,-0.486,,,
[1758212898314772142],8.626,-3.788,0.227,,,
[1758212898319893132],7.128,-3.077,0.551,,,
[1758212898325121101],8.222,-3.373,0.991,,,
[1758212898330330528],6.457,-3.273,1.781,,,
[1758212898335569382],7.309,-2.988,2.069,,,
[1758212898340686257],6.39,-2.978,2.581,,,
[1758212898345819694],7.468,-3.153,2.547,,,
[1758212898350937663],6.768,-3.393,2.911,,,
[1758212898356079642],7.973,-3.795,3.215,,,
[1758212898361187871],8.1,-4.044,3.539,,,
[1758212898366347507],9.105,-4.034,3.852,,,
[1758212898371488236],8.653,-4.604,4.583,,,
[1758212898376689955],9.218,-4.403,4.252,,,
[1758212898381849798],9.759,-4.839,4.587,,,
[1758212898387380267],10.044,-4.767,3.986,,,
[1758212898392695215],11.023,-5.375,4.362,,,
[1758212898397860684],10.302,-5.176,3.637,,,
[1758212898403064486],11.698,-5.796,2.938,,,
[1758212898408190840],11.119,-5.624,2.897,,,
[1758212898413313028],12.38,-5.859,2.526,,,
[1758212898418421726],11.272,-5.741,1.75,,,
[1758212898423664173],12.428,-5.887,1.587,,,
[1758212898428790840],10.793,-5.55,0.723,,,
[1758212898433950319],11.825,-5.234,1.039,,,
[1758212898439103444],9.761,-4.86,0.982,,,
[1758212898444362246],10.633,-4.7,0.05,,,
[1758212898449509017],9.158,-4.348,0.239,,,
[1758212898454691569],10.113,-4.35,0.043,,,
[1758212898459819590],8.485,-3.996,-0.551,,,
[1758212898465021205],9.278,-4.013,-0.467,,,
[1758212898470176569],7.642,-3.768,0.11,,,
[1758212898475371725],8.413,-3.527,0.163,,,
[1758212898480526517],7.039,-3.278,1.044,,,
[1758212898485755475],7.597,-3.203,1.784,,,
[1758212898490968913],6.505,-3.199,1.731,,,
[1758212898496518861],7.149,-3.043,2.138,,,
[1758212898501730632],6.541,-3.345,3.227,,,
[1758212898506893288],6.871,-3.215,2.612,,,
[1758212898511962246],7.927,-4.008,3.716,,,
[1758212898517058184],7.889,-3.876,3.666,,,
[1758212898522247350],9.048,-4.496,3.871,,,
[1758212898527449330],8.768,-4.329,4.238,,,
[1758212898532717819],9.22,-4.594,4.389,,,
[1758212898537905788],9.38,-4.812,4.571,,,
[1758212898543124798],10.681,-5.198,4.726,,,
[1758212898548246309],9.85,-5.164,4.551,,,
[1758212898553385423],11.308,-5.351,4.154,,,
[1758212898558514278],10.649,-5.387,3.165,,,
[1758212898563642455],12.057,-5.801,3.024,,,
[1758212898568824798],11.066,-5.657,2.545,,,
[1758212898574096153],12.546,-6.108,1.817,,,
[1758212898579221673],11.047,-5.835,1.563,,,
[1758212898584346100],12.402,-5.715,1.223,,,
[1758212898589453913],10.558,-5.069,0.785,,,
[1758212898594617142],11.31,-5.186,0.725,,,
[1758212898601084225],8.957,-4.377,0.4,,,
[1758212898606483080],10.044,-4.164,-0.232,,,
[1758212898611630111],9.301,-4.427,0.206,,,
[1758212898616746621],9.172,-4.049,-0.278,,,
[1758212898621888392],8.181,-4.135,-0.086,,,
[1758212898627117559],8.389,-3.527,0.005,,,
[1758212898632304903],8.078,-3.661,0.685,,,
[1758212898637446882],7.077,-3.201,0.62,,,
[1758212898644208080],7.738,-3.282,2.052,,,
[1758212898649794225],6.213,-2.765,1.891,,,
[1758212898654970944],7.779,-3.177,2.43,,,
[1758212898660121361],6.136,-3.256,3.199,,,
[1758212898665275059],7.939,-3.381,3.251,,,
[1758212898670374538],7.491,-3.912,3.393,,,
[1758212898675584330],9.268,-4.192,3.433,,,
[1758212898680723236],8.377,-4.226,3.891,,,
[1758212898685900475],9.373,-4.369,4.585,,,
[1758212898691221413],8.997,-4.796,4.185,,,
[1758212898696321048],10.139,-4.693,3.895,,,
[1758212898701436048],10.053,-4.987,4.171,,,
[1758212898707025944],10.587,-4.99,3.618,,,
[1758212898712304642],10.769,-5.507,3.299,,,
[1758212898717474746],10.834,-5.535,2.507,,,
[1758212898722711309],11.775,-5.842,2.732,,,
[1758212898727880267],11.078,-5.588,2.203,,,
[1758212898733060319],12.196,-5.99,1.982,,,
[1758212898738180996],11.413,-5.605,1.575,,,
[1758212898743345684],12.057,-5.662,1.554,,,
[1758212898748534017],10.192,-5.128,0.46,,,
[1758212898753787975],10.908,-4.803,0.055,,,
[1758212898758930788],9.218,-4.345,-0.371,,,
[1758212898764063080],10.448,-4.47,-0.376,,,
[1758212898769194069],8.657,-4.19,-0.955,,,
[1758212898774419225],9.354,-4.094,-1.116,,,
[1758212898779572507],8.04,-3.855,-0.448,,,
[1758212898784750475],8.693,-3.637,0.304,,,
[1758212898789874434],6.883,-3.27,0.505,,,
[1758212898795063548],7.942,-3.335,1.228,,,
[1758212898800164486],6.199,-3.141,2.049,,,
[1758212898805291517],7.582,-2.921,1.879,,,
[1758212898810806673],6.256,-3.041,2.334,,,
[1758212898816087038],7.135,-3.318,3.105,,,
[1758212898821211777],6.831,-3.651,3.589,,,
[1758212898826421517],8.272,-3.754,3.225,,,
[1758212898831537038],8.114,-4.283,3.73,,,
[1758212898836715475],8.564,-4.185,3.536,,,
[1758212898841792246],9.024,-4.532,4.286,,,
[1758212898846875371],9.28,-4.396,4.3,,,
[1758212898852013392],9.697,-4.808,4.877,,,
[1758212898857270788],10.099,-4.884,4.489,,,
[1758212898862533027],10.36,-5.315,4.353,,,
[1758212898867664798],10.783,-5.253,3.742,,,
[1758212898872914955],11.906,-5.823,2.923,,,
[1758212898878042038],11.018,-5.586,2.354,,,
[1758212898883220996],12.146,-5.906,2.052,,,
[1758212898888393757],11.236,-5.681,1.697,,,
[1758212898893575319],12.598,-5.746,1.24,,,
[1758212898898684850],10.817,-5.468,1.056,,,
[1758212898903803496],11.466,-5.37,1.01,,,
[1758212898908904382],9.503,-4.831,0.792,,,
[1758212898914076361],10.59,-4.647,0.718,,,
[1758212898919586257],9.05,-4.432,0.354,,,
[1758212898924880632],9.974,-4.24,-0.266,,,
[1758212898930027507],8.183,-3.934,-0.275,,,
[1758212898935195111],9.285,-3.685,-0.603,,,
[1758212898940334538],7.8,-3.383,-0.172,,,
[1758212898945457767],8.229,-3.668,0.06,,,
[1758212898950598288],6.886,-3.476,1.125,,,
[1758212898955841204],7.954,-2.885,1.374,,,
[1758212898960979486],6.258,-3.091,1.903,,,
[1758212898966228236],7.075,-3.012,2.466,,,
[1758212898971389590],6.515,-3.457,3.29,,,
[1758212898976670423],7.458,-3.163,3.338,,,
[1758212898981805840],7.245,-3.934,3.74,,,
[1758212898986953132],8.693,-4.24,3.836,,,
[1758212898992090736],8.957,-4.602,3.864,,,
[1758212898997239746],8.983,-4.278,3.713,,,
[1758212899002405163],9.579,-4.606,3.989,,,
[1758212899007548288],9.345,-4.657,3.974,,,
[1758212899012796152],10.017,-5.171,4.594,,,
[1758212899017958652],10.089,-4.975,4.085,,,
[1758212899023555423],11.54,-5.404,4.35,,,
[1758212899028793913],10.697,-5.511,3.158,,,
[1758212899033977975],12.014,-6.026,3.139,,,
[1758212899039091725],11.049,-5.737,2.301,,,
[1758212899044204017],12.517,-5.952,2.145,,,
[1758212899049356621],11.08,-5.763,1.389,,,
[1758212899054514538],12.206,-5.634,1.061,,,
[1758212899059670423],10.417,-5.114,0.795,,,
[1758212899064886413],11.291,-4.776,0.62,,,
[1758212899070090579],9.122,-4.48,-0.019,,,
[1758212899075264746],10.314,-4.472,-0.328,,,
[1758212899080375944],8.789,-4.238,-0.306,,,
[1758212899085624225],9.567,-4.18,-0.259,,,
[1758212899090742142],7.985,-3.709,-0.414,,,
[1758212899095835163],8.78,-3.855,0.122,,,
[1758212899100975527],7.034,-3.663,0.678,,,
[1758212899106140788],8.102,-3.06,1.006,,,
[1758212899111249381],6.845,-3.328,1.367,,,
[1758212899116440267],7.056,-2.959,1.487,,,
[1758212899121599538],6.579,-3.256,2.198,,,
[1758212899127204486],7.096,-3.06,2.727,,,
[1758212899132494902],7.599,-3.407,2.933,,,
[1758212899137626829],7.527,-3.596,2.947,,,
[1758212899142798392],8.54,-4.353,3.675,,,
[1758212899147945059],8.286,-4.022,3.998,,,
[1758212899153086361],9.287,-4.523,4.58,,,
[1758212899158190423],8.902,-4.329,4.47,,,
[1758212899163361048],9.756,-4.944,4.566,,,
[1758212899168508600],9.436,-4.793,4.573,,,
[1758212899173770371],11.181,-5.255,4.489,,,
[1758212899180294642],9.991,-5.286,3.78,,,
[1758212899185786152],11.801,-5.593,2.655,,,
[1758212899191025892],11.018,-5.914,3.017,,,
[1758212899196194850],12.208,-5.72,2.322,,,
[1758212899201311934],11.471,-5.626,1.879,,,
[1758212899206607142],11.811,-5.629,1.434,,,
[1758212899211788079],11.363,-5.641,1.633,,,
[1758212899216932975],11.305,-5.092,0.639,,,
[1758212899222095111],10.367,-5.016,1.008,,,
[1758212899227428861],10.247,-4.65,0.031,,,
[1758212899233003444],10.173,-4.776,-0.146,,,
[1758212899238276465],8.961,-4.247,-0.007,,,
[1758212899243424277],9.266,-4.065,-0.283,,,
[1758212899248590788],8.248,-3.946,-0.496,,,
[1758212899253735996],8.653,-3.74,0.029,,,
[1758212899258878913],6.9,-3.218,0.627,,,
[1758212899263990111],8.258,-3.393,1.391,,,
[1758212899269114017],6.4,-3.191,1.932,,,
[1758212899274354798],7.501,-3.268,1.968,,,
[1758212899279765684],6.088,-3.23,2.976,,,
[1758212899284955371],7.793,-3.436,2.533,,,
[1758212899290104173],6.615,-3.4,2.579,,,
[1758212899295236777],8.356,-3.946,3.019,,,
[1758212899300358444],7.846,-4.015,3.433,,,
[1758212899305491673],9.266,-4.24,3.694,,,
[1758212899310616413],8.425,-4.47,4.207,,,
[1758212899315768548],9.778,-4.7,4.561,,,
[1758212899320959694],9.151,-4.827,5.174,,,
[1758212899326234642],10.494,-4.798,4.152,,,
[1758212899331344590],10.257,-5.088,3.776,,,
[1758212899336498861],11.102,-5.198,3.91,,,
[1758212899342016361],10.602,-5.677,3.055,,,
[1758212899347251621],11.401,-5.38,2.2,,,
[1758212899352459902],11.942,-5.902,2.602,,,
[1758212899357640371],11.87,-5.571,1.784,,,
[1758212899362813704],11.971,-6.05,1.707,,,
[1758212899367967090],10.889,-5.341,0.637,,,
[1758212899373194954],11.59,-5.224,0.804,,,
[1758212899378316829],9.886,-4.865,0.347,,,
[1758212899383486152],10.319,-4.611,0.34,,,
[1758212899388708652],9.131,-4.228,-0.244,,,
[1758212899393887454],9.962,-4.413,-0.043,,,
[1758212899398993861],8.423,-3.95,0.014,,,
[1758212899404160267],9.182,-3.941,-0.098,,,
[1758212899409276881],7.585,-3.666,-0.048,,,
[1758212899414436100],8.502,-3.551,0.462,,,
[1758212899419561465],7.104,-3.428,0.989,,,
[1758212899424840267],8.009,-3.414,1.401,,,
[1758212899429943183],6.242,-2.935,1.674,,,
[1758212899435025840],7.527,-2.94,2.277,,,
[1758212899440141673],6.292,-3.038,3.007,,,
[1758212899445663288],7.877,-3.431,3.086,,,
[1758212899450946621],7.008,-3.5,3.345,,,
[1758212899456133183],8.83,-4.264,3.572,,,
[1758212899461275736],8.504,-4.544,3.984,,,
[1758212899466387194],9.301,-4.401,4.417,,,
[1758212899471559798],8.873,-4.731,4.413,,,
[1758212899476783756],9.692,-4.633,4.7,,,
[1758212899481925267],9.507,-4.951,4.436,,,
[1758212899487097923],10.901,-4.958,3.962,,,
[1758212899492429329],10.815,-5.476,4.005,,,
[1758212899497569486],10.86,-5.595,2.916,,,
[1758212899502790267],11.712,-5.906,2.66,,,
[1758212899507910475],11.574,-5.44,2.16,,,
[1758212899513038496],12.155,-6.036,2.241,,,
[1758212899518165111],11.899,-5.655,1.607,,,
[1758212899523459277],12.244,-5.641,1.298,,,
[1758212899528591361],10.724,-4.915,1.152,,,
[1758212899533708340],11.1,-4.841,0.493,,,
[1758212899538812871],9.237,-4.693,0.029,,,
[1758212899543950215],10.341,-4.767,0.172,,,
[1758212899549117871],9.093,-4.274,-0.532,,,
[1758212899554707923],9.682,-4.161,-0.608,,,
[1758212899559923340],7.714,-3.771,-0.187,,,
[1758212899565059225],8.863,-3.79,0.077,,,
[1758212899570220267],7.173,-3.522,0.548,,,
[1758212899575473913],8.085,-3.17,0.967,,,
[1758212899580595683],6.584,-3.208,1.827,,,
[1758212899585747871],7.499,-3.366,1.769,,,
[1758212899591003183],6.536,-3.072,2.253,,,
[1758212899596208704],7.434,-2.974,2.66,,,
[1758212899601445735],6.591,-3.479,2.823,,,
[1758212899606576204],7.702,-3.649,2.993,,,
[1758212899611671673],8.344,-4.322,3.56,,,
[1758212899616805215],8.928,-4.211,4.226,,,
[1758212899621956204],8.686,-4.535,4.166,,,
[1758212899627176933],9.538,-4.547,4.415,,,
[1758212899632409173],9.428,-4.831,4.774,,,
[1758212899637604902],10.082,-4.767,4.36,,,
[1758212899642775058],10.839,-5.198,4.073,,,
[1758212899647885475],10.331,-5.334,3.105,,,
[1758212899652994329],11.399,-5.804,3.249,,,
[1758212899658525319],11.068,-5.729,2.691,,,
[1758212899663767090],12.414,-5.839,1.98,,,
[1758212899668886829],11.265,-5.816,1.76,,,
[1758212899674125423],12.476,-5.909,1.999,,,
[1758212899679283235],10.896,-5.411,1.233,,,
[1758212899684416673],11.866,-5.334,0.843,,,
[1758212899689561204],10.106,-4.745,0.84,,,
[1758212899694761569],10.465,-4.719,0.5,,,
[1758212899699892194],8.969,-4.298,-0.34,,,
[1758212899705123913],10.376,-4.499,-0.326,,,
[1758212899710242350],8.483,-4.017,-0.45,,,
[1758212899716695788],9.141,-3.627,-0.352,,,
[1758212899722273444],8.1,-3.881,0.16,,,
[1758212899728629121],7.499,-3.141,0.321,,,
[1758212899733864173],8.08,-3.519,1.259,,,
[1758212899738948079],6.299,-3.112,1.753,,,
[1758212899744092923],7.755,-3.172,2.344,,,
[1758212899749207194],6.268,-3.055,2.71,,,
[1758212899754321465],7.628,-3.505,2.672,,,
[1758212899759416360],6.297,-3.388,3.153,,,
[1758212899765650371],8.523,-4.029,3.302,,,
[1758212899770971100],7.999,-4.384,3.666,,,
[1758212899776530579],9.199,-4.587,3.881,,,
[1758212899781653444],8.787,-4.506,4.372,,,
[1758212899786790006],9.701,-4.501,4.164,,,
[1758212899791909537],9.22,-4.896,4.111,,,
[1758212899797047142],10.364,-5.009,3.979,,,
[1758212899802222558],10.439,-5.227,4.652,,,
[1758212899807399069],10.853,-5.073,3.8,,,
[1758212899812676517],11.428,-5.756,3.129,,,
[1758212899817857975],11.353,-5.409,2.6,,,
[1758212899823138183],12.014,-5.875,2.078,,,
[1758212899828263965],11.349,-5.66,1.69,,,
[1758212899833404121],12.318,-5.837,1.381,,,
[1758212899838550319],10.958,-5.028,0.663,,,
[1758212899843707923],11.612,-5.358,1.041,,,
[1758212899848853965],9.701,-4.724,0.687,,,
[1758212899853998027],10.3,-4.683,0.127,,,
[1758212899859140527],9.471,-4.372,-0.371,,,
[1758212899864265006],10.001,-4.386,-0.014,,,
[1758212899869393704],7.858,-3.895,-0.371,,,
[1758212899874985840],9.28,-3.845,-0.587,,,
[1758212899880182350],7.211,-3.666,0.024,,,
[1758212899887480996],7.515,-3.318,0.74,,,
[1758212899893059537],7.211,-3.4,1.295,,,
[1758212899898207662],6.831,-3.067,1.566,,,
[1758212899903318912],7.398,-3.208,2.399,,,
[1758212899908421829],6.213,-3.273,2.521,,,
[1758212899913551465],7.338,-3.302,3.057,,,
[1758212899918661933],6.998,-3.462,2.928,,,
[1758212899923853444],8.83,-4.077,3.445,,,
[1758212899928970840],7.879,-4.111,3.893,,,
[1758212899934156933],9.11,-4.709,4.357,,,
[1758212899939350267],8.523,-4.496,4.202,,,
[1758212899944436777],10.108,-4.738,4.48,,,
[1758212899949534590],9.141,-4.822,4.274,,,
[1758212899954676777],11.102,-5.428,4.288,,,
[1758212899959783808],9.84,-5.44,4.448,,,
[1758212899964901673],11.746,-5.499,3.596,,,
[1758212899970066465],10.587,-5.55,2.808,,,
[1758212899975294433],12.179,-5.986,2.533,,,
[1758212899981891673],11.6,-5.725,1.966,,,
[1758212899987155735],12.273,-5.531,1.681,,,
[1758212899992666517],11.806,-5.631,1.305,,,
[1758212899997791985],11.042,-5.047,1.008,,,
[1758212900002972142],10.807,-4.879,0.505,,,
[1758212900008082975],9.886,-4.432,0.292,,,
[1758212900013201204],10.099,-4.695,0.211,,,
[1758212900018327142],9.541,-4.324,-0.345,,,
[1758212900023581360],9.5,-4.357,-0.065,,,
[1758212900028828392],8.282,-3.733,-0.311,,,
[1758212900034006412],9.131,-3.754,0.093,,,
[1758212900039119225],6.941,-3.373,-0.084,,,
[1758212900044287142],7.843,-3.455,1.109,,,
[1758212900049425892],6.551,-3.168,1.252,,,
[1758212900054538652],7.606,-3.314,1.872,,,
[1758212900059666673],5.72,-3.057,2.002,,,
[1758212900064856308],7.518,-3.268,2.516,,,
[1758212900070064381],6.383,-3.012,2.842,,,
[1758212900075253808],8.392,-3.649,3.201,,,
[1758212900080429121],7.76,-4.082,3.606,,,
[1758212900085905579],9.208,-4.374,3.79,,,
[1758212900091085475],8.217,-4.441,4.221,,,
[1758212900096214798],10.034,-4.604,4.547,,,
[1758212900102487871],9.383,-4.851,4.52,,,
[1758212900108870162],9.519,-4.839,4.621,,,
[1758212900114108652],11.068,-5.296,4.463,,,
[1758212900119229537],10.274,-5.169,4.082,,,
[1758212900124422246],11.686,-5.689,3.309,,,
[1758212900129548548],10.604,-5.806,2.88,,,
[1758212900134731308],12.368,-6.038,2.476,,,
[1758212900139845996],11.296,-5.636,1.899,,,
[1758212900144988079],12.409,-5.906,1.281,,,
[1758212900150123444],10.642,-5.495,0.536,,,
[1758212900155345267],11.847,-5.332,0.639,,,
[1758212900160512246],9.596,-4.623,0.702,,,
[1758212900165644485],10.606,-4.75,0.165,,,
[1758212900170751152],8.763,-4.554,0.019,,,
[1758212900175999537],10.034,-4.348,-0.194,,,
[1758212900181128392],8.535,-3.936,0.16,,,
[1758212900186303496],9.412,-3.792,-0.56,,,
[1758212900192912767],7.939,-3.68,0.419,,,
[1758212900198162610],7.228,-3.251,0.302,,,
[1758212900203303496],7.762,-3.481,1.286,,,
[1758212900208404694],7.029,-3.165,1.638,,,
[1758212900214787506],7.396,-3.06,2.128,,,
[1758212900220019381],6.053,-3.156,2.703,,,
[1758212900225243027],7.762,-3.354,3.014,,,
[1758212900230371152],6.778,-3.414,3.081,,,
[1758212900235527766],8.626,-4.013,3.299,,,
[1758212900240628548],7.901,-4.381,4.305,,,
[1758212900245740162],9.577,-4.52,4.638,,,
[1758212900250847558],8.454,-4.434,4.767,,,
[1758212900256033964],10.065,-4.693,4.144,,,
[1758212900261249746],9.304,-5.028,4.575,,,
[1758212900266384902],10.783,-4.908,4.276,,,
[1758212900271560319],10.343,-5.169,4.264,,,
[1758212900276813808],11.418,-5.358,3.103,,,
[1758212900281929173],10.719,-5.674,2.777,,,
[1758212900287078027],11.849,-5.66,2.878,,,
[1758212900293312610],11.866,-5.806,2.387,,,
[1758212900299518131],11.399,-5.811,1.408,,,
[1758212900306693131],11.89,-5.466,1.274,,,
[1758212900312372454],10.961,-5.234,0.886,,,
[1758212900318080735],10.297,-4.559,0.536,,,
[1758212900323298496],10.305,-4.573,0.299,,,
[1758212900328401985],9.258,-4.3,-0.613,,,
[1758212900333522298],9.809,-4.446,-0.184,,,
[1758212900338605579],8.538,-3.891,-0.661,,,
[1758212900343744485],8.981,-3.986,-0.297,,,
[1758212900348932714],7.594,-3.587,0.275,,,
[1758212900354192610],7.977,-3.457,0.419,,,
[1758212900359313600],6.833,-3.287,1.35,,,
[1758212900364478339],7.75,-3.146,1.791,,,
[1758212900369576881],6.127,-3.067,2.126,,,
[1758212900375138183],7.446,-3.29,2.401,,,
[1758212900380264641],6.155,-3.115,2.971,,,
[1758212900385452454],8.116,-3.539,2.758,,,
[1758212900390648808],7.233,-3.972,3.134,,,
[1758212900395948496],8.923,-4.362,3.395,,,
[1758212900401071308],8.25,-4.259,3.965,,,
[1758212900407382089],9.359,-4.281,4.168,,,
[1758212900413041412],9.455,-4.767,5.186,,,
[1758212900419440787],9.177,-4.985,4.503,,,
[1758212900425995266],11.413,-5.289,3.948,,,
[1758212900432394746],10.558,-5.595,4.118,,,
[1758212900438821412],10.642,-5.648,3.062,,,
[1758212900445202402],12.301,-6.062,2.658,,,
[1758212900450443079],11.133,-5.454,1.607,,,
[1758212900455601360],12.38,-5.806,0.819,,,
[1758212900460699121],11.147,-5.612,0.682,,,
[1758212900465821256],11.988,-5.409,0.86,,,
[1758212900471131464],10.051,-4.877,0.91,,,
[1758212900478115735],9.663,-4.511,-0.007,,,
[1758212900483371152],9.972,-4.518,-0.306,,,
[1758212900488545787],9.613,-4.281,-0.52,,,
[1758212900493717923],9.457,-4.355,-0.431,,,
[1758212900498826881],7.977,-3.879,-1.03,,,
[1758212900503929589],8.686,-3.804,-0.29,,,
[1758212900509019016],7.259,-3.378,0.383,,,
[1758212900514140214],7.987,-3.508,1.211,,,
[1758212900519330006],6.476,-2.99,1.381,,,
[1758212900525137037],7.568,-3.369,1.69,,,
[1758212900531465371],6.273,-3.041,2.708,,,
[1758212900538292923],7.017,-3.067,2.729,,,
[1758212900545232141],7.992,-3.96,3.292,,,
[1758212900550438027],7.295,-4.245,3.627,,,
[1758212900555709485],9.251,-4.207,3.919,,,
[1758212900560816204],8.543,-4.341,3.883,,,
[1758212900565929068],9.96,-4.738,4.247,,,
[1758212900571095735],9.041,-4.508,4.719,,,
[1758212900576302818],10.645,-5.102,4.59,,,
[1758212900581432766],10.068,-5.334,4.231,,,
[1758212900586762871],11.418,-5.217,4.197,,,
[1758212900591922975],10.616,-5.684,3.682,,,
[1758212900597031152],11.729,-5.564,2.758,,,
[1758212900602200943],11.526,-5.832,2.313,,,
[1758212900607365423],11.921,-5.679,1.889,,,
[1758212900612507089],11.775,-5.885,1.286,,,
[1758212900617613496],11.926,-5.581,0.711,,,
[1758212900623007610],11.684,-5.423,0.848,,,
[1758212900628155475],10.58,-4.779,0.498,,,
[1758212900633706673],10.185,-4.788,0.141,,,
[1758212900638884589],9.618,-4.276,-0.177,,,
[1758212900644355370],10.161,-4.355,0.134,,,
[1758212900649509173],8.296,-4.02,-0.263,,,
[1758212900654675423],9.06,-4.027,-0.194,,,
[1758212900659766568],7.614,-3.747,0.493,,,
[1758212900664849798],8.516,-3.663,0.761,,,
[1758212900669984016],7.175,-3.361,0.931,,,
[1758212900675222298],7.796,-3.34,1.513,,,
[1758212900680425839],5.933,-3.086,1.362,,,
[1758212900685524016],7.417,-3.321,2.413,,,
[1758212900690665839],6.213,-3.017,2.622,,,
[1758212900695836308],7.829,-3.639,3.074,,,
[1758212900700963600],6.804,-3.687,3.148,,,
[1758212900706080058],8.978,-4.077,3.749,,,
[1758212900711161673],8.203,-4.25,3.986,,,
[1758212900716306725],9.613,-4.401,3.926,,,
[1758212900721498548],8.612,-4.456,3.989,,,
[1758212900726671464],9.972,-4.949,4.523,,,
[1758212900731775475],9.586,-4.796,4.527,,,
[1758212900736945370],10.831,-5.066,4.128,,,
[1758212900742609068],10.429,-5.332,3.792,,,
[1758212900747772454],11.032,-5.428,3.196,,,
[1758212900753287454],12.012,-5.725,2.612,,,
[1758212900758398027],11.404,-5.55,2.016,,,
[1758212900763504850],11.77,-5.863,2.217,,,
[1758212900768659954],11.274,-5.772,1.458,,,
[1758212900773841881],12.057,-5.732,1.671,,,
[1758212900778964693],10.752,-5.138,1.492,,,
[1758212900784121308],10.975,-4.887,1.18,,,
[1758212900789324068],9.187,-4.46,0.151,,,
[1758212900794480162],10.558,-4.676,0.177,,,
[1758212900799594902],8.952,-4.448,0.136,,,
[1758212900804735162],9.613,-4.422,0.225,,,
[1758212900809837193],8.109,-3.883,-0.395,,,
[1758212900814946829],9.333,-4.065,0.254,,,
[1758212900820062923],7.494,-3.44,0.431,,,
[1758212900825299745],8.205,-3.627,0.517,,,
[1758212900830498600],6.505,-3.189,1.08,,,
[1758212900835612714],7.563,-3.366,2.045,,,
[1758212900840722714],6.244,-2.835,2.145,,,
[1758212900845868391],7.676,-3.314,2.387,,,
[1758212900851436777],6.239,-3.352,3.031,,,
[1758212900856600162],8.04,-3.606,3.132,,,
[1758212900863037350],8.533,-4.211,3.491,,,
[1758212900868242610],8.78,-4.195,3.603,,,
[1758212900873419693],9.017,-4.647,3.998,,,
[1758212900878520318],9.299,-4.338,4.197,,,
[1758212900883638495],9.926,-4.93,5.174,,,
[1758212900888741464],9.349,-4.721,4.041,,,
[1758212900893878652],10.815,-5.2,3.84,,,
[1758212900899059745],10.056,-5.155,3.912,,,
[1758212900904275214],11.507,-5.538,3.649,,,
[1758212900909482141],10.891,-5.806,2.662,,,
[1758212900914573547],12.007,-5.933,2.749,,,
[1758212900919875214],11.241,-5.624,1.992,,,
[1758212900925314329],12.438,-6.005,1.214,,,
[1758212900930495475],11.042,-5.509,1.647,,,
[1758212900935669433],11.909,-5.282,1.07,,,
[1758212900940800058],9.819,-4.779,0.646,,,
[1758212900945934329],10.609,-4.597,0.74,,,
[1758212900951035631],9.278,-4.59,-0.29,,,
[1758212900957502089],9.778,-4.276,-0.596,,,
[1758212900964214120],9.232,-4.247,-0.136,,,
[1758212900969490006],8.349,-3.797,-0.381,,,
[1758212900974742558],8.772,-3.73,0.354,,,
[1758212900979861933],6.977,-3.306,0.469,,,
[1758212900984998756],8.282,-3.663,1.156,,,
[1758212900990103287],6.27,-3.136,1.712,,,
[1758212900995203391],7.491,-3.211,1.697,,,
[1758212901000330266],6.175,-3.096,2.227,,,
[1758212901005502193],7.341,-3.436,3.014,,,
[1758212901010682975],6.33,-3.412,3.038,,,
[1758212901015806100],8.538,-4.008,3.44,,,
[1758212901020941152],7.755,-4.099,3.625,,,
[1758212901026149902],9.098,-4.334,3.73,,,
[1758212901031253704],8.274,-4.353,4.341,,,
[1758212901036360006],9.826,-4.719,4.027,,,
[1758212901041541725],9.041,-4.654,4.772,,,
[1758212901046698391],10.716,-5.15,4.59,,,
[1758212901051852662],9.744,-5.239,4.099,,,
[1758212901057019797],11.179,-5.162,3.56,,,
[1758212901062193235],11.15,-5.758,3.041,,,
[1758212901067982297],11.7,-5.646,2.421,,,
[1758212901073478027],11.861,-5.89,2.277,,,
[1758212901078606516],11.691,-5.526,1.872,,,
[1758212901083746777],12.067,-6.093,1.803,,,
[1758212901088904016],11.246,-5.145,0.996,,,
[1758212901094059068],11.435,-5.361,0.716,,,
[1758212901099178495],9.986,-4.721,0.476,,,
[1758212901104391881],10.554,-4.664,0.333,,,
[1758212901109715474],9.402,-4.302,-0.417,,,
[1758212901114867297],9.905,-4.506,0.062,,,
[1758212901120020579],8.301,-3.91,-0.271,,,
[1758212901125613495],9.404,-3.97,-0.196,,,
[1758212901130747193],7.288,-3.634,0.333,,,
[1758212901135878495],8.327,-3.254,0.421,,,
[1758212901140980995],6.634,-3.235,1.02,,,
[1758212901146121256],7.942,-3.273,1.487,,,
[1758212901151272349],6.433,-3.124,2.095,,,
[1758212901156526360],7.681,-2.931,1.767,,,
[1758212901161667454],6.426,-3.304,2.892,,,
[1758212901166812193],7.719,-3.381,3.089,,,
[1758212901171963547],7.424,-3.874,3.211,,,
[1758212901177575162],8.614,-4.113,3.62,,,
[1758212901182749381],8.557,-4.317,3.745,,,
[1758212901187876829],9.342,-4.511,4.077,,,
[1758212901193118495],9.208,-4.712,4.954,,,
[1758212901198349120],9.196,-4.688,4.187,,,
[1758212901203505787],10.247,-5.27,4.204,,,
[1758212901208641360],10.412,-4.922,3.85,,,
[1758212901213813391],11.195,-5.428,3.845,,,
[1758212901218939120],10.853,-5.473,2.971,,,
[1758212901228580527],11.344,-5.792,2.085,,,
[1758212901233756256],12.4,-6.053,2.181,,,
[1758212901239016881],11.794,-5.624,1.185,,,
[1758212901244299954],12.043,-5.648,1.252,,,
[1758212901249439120],10.8,-5.193,0.881,,,
[1758212901254628912],11.253,-5.033,0.792,,,
[1758212901259757870],9.246,-4.508,0.599,,,
[1758212901264906777],10.348,-4.798,0.373,,,
[1758212901270037089],8.839,-4.391,-0.026,,,
[1758212901275232506],9.716,-4.171,-0.39,,,
[1758212901280874172],8.073,-3.905,-0.189,,,
[1758212901286197870],8.772,-3.917,-0.055,,,
[1758212901291309693],6.754,-3.342,0.314,,,
[1758212901296442037],8.238,-3.292,0.9,,,
[1758212901301646724],6.814,-3.206,1.932,,,
[1758212901306832818],7.527,-2.923,1.994,,,
[1758212901311934068],6.191,-3.254,2.351,,,
[1758212901317081099],7.321,-3.163,2.77,,,
[1758212901322311099],6.85,-3.371,3.467,,,
[1758212901327538651],8.049,-3.661,3.199,,,
[1758212901332801568],8.255,-4.381,3.479,,,
[1758212901337926360],8.65,-3.998,3.797,,,
[1758212901343111620],9.074,-4.518,4.096,,,
[1758212901348216204],9.541,-4.721,4.566,,,
[1758212901353319537],9.62,-4.767,4.542,,,
[1758212901358508651],9.831,-4.616,3.874,,,
[1758212901363693235],10.381,-5.341,4.326,,,
[1758212901368811672],10.372,-5.267,3.752,,,
[1758212901373944068],11.624,-5.428,3.412,,,
[1758212901379151464],10.973,-5.593,2.43,,,
[1758212901384989589],12.129,-6.06,2.801,,,
[1758212901390253756],11.066,-5.72,2.078,,,
[1758212901395388860],12.447,-5.847,1.695,,,
[1758212901400535891],10.903,-5.657,0.986,,,
[1758212901405690579],11.978,-5.243,0.704,,,
[1758212901410843131],9.924,-4.673,0.764,,,
[1758212901415940370],10.7,-4.717,0.409,,,
[1758212901421029954],8.964,-4.415,0.395,,,
[1758212901426159068],10.154,-4.355,-0.12,,,
[1758212901431402818],8.531,-3.888,-0.903,,,
[1758212901436853808],9.737,-3.994,0.17,,,
[1758212901441983651],7.8,-3.579,0.091,,,
[1758212901447159224],8.248,-3.311,-0.22,,,
[1758212901452381151],7.221,-3.555,0.869,,,
[1758212901457539537],7.513,-3.182,1.109,,,
[1758212901462695266],6.847,-3.168,1.518,,,
[1758212901467796256],7.147,-3.086,1.982,,,
[1758212901472984276],6.531,-3.158,2.559,,,
[1758212901478207349],7.171,-3.158,2.983,,,
[1758212901483535370],7.805,-3.704,3.273,,,
[1758212901488719276],8.195,-3.946,3.314,,,
[1758212901495275683],9.414,-4.463,3.867,,,
[1758212901501600943],8.43,-4.556,4.42,,,
[1758212901506775943],9.819,-4.748,4.798,,,
[1758212901511904224],8.851,-4.537,4.707,,,
[1758212901517149849],10.566,-5.037,4.511,,,
[1758212901522330214],10.357,-5.136,4.257,,,
[1758212901527464276],11.14,-5.274,3.184,,,
[1758212901532693651],11.009,-5.61,2.964,,,
[1758212901537881724],11.863,-5.78,2.083,,,
[1758212901543010839],11.368,-5.856,2.059,,,
[1758212901548121828],12.256,-5.684,1.494,,,
[1758212901553295058],11.873,-5.974,1.686,,,
[1758212901558495474],11.286,-5.313,1.269,,,
[1758212901563621828],11.241,-5.198,0.654,,,
[1758212901568749797],10.242,-4.729,-0.383,,,
[1758212901573929120],9.993,-4.638,0.326,,,
[1758212901579058651],9.649,-4.168,-0.304,,,
[1758212901584272818],9.55,-4.506,-0.443,,,
[1758212901589446516],8.384,-4.041,-0.819,,,
[1758212901594671776],9.139,-4.015,-0.136,,,
[1758212901600505318],7.072,-3.682,0.4,,,
[1758212901605649485],8.389,-3.443,0.532,,,
[1758212901610762089],6.658,-3.44,1.231,,,
[1758212901615891881],7.57,-3.354,1.252,,,
[1758212901620988756],6.067,-3.026,2.138,,,
[1758212901626131881],7.709,-3.16,2.626,,,
[1758212901631292870],6.294,-3.148,2.844,,,
[1758212901636532766],7.781,-3.452,3.421,,,
[1758212901641698703],7.448,-3.903,3.479,,,
[1758212901646964953],9.131,-4.269,3.122,,,
[1758212901652082141],8.38,-3.989,3.991,,,
[1758212901657251360],9.507,-4.695,4.503,,,
[1758212901662411724],8.875,-4.63,4.726,,,
[1758212901667506828],9.728,-4.444,4.164,,,
[1758212901672716099],10.001,-5.045,4.092,,,
[1758212901677865943],10.843,-5.059,4.705,,,
[1758212901683077506],10.403,-5.459,4.08,,,
[1758212901688274797],11.313,-5.373,2.693,,,
[1758212901693413287],11.293,-6.002,2.938,,,
[1758212901698558547],11.93,-5.744,2.306,,,
[1758212901705118964],12.364,-5.959,2.43,,,
[1758212901710424797],11.284,-5.775,1.183,,,
[1758212901716913026],11.775,-5.088,0.651,,,
[1758212901722187870],10.254,-5.013,0.721,,,
[1758212901727295370],10.386,-4.664,0.45,,,
[1758212901733538547],9.701,-4.508,-0.249,,,
[1758212901741014380],8.464,-4.264,-0.136,,,
[1758212901746525787],9.515,-4.257,-0.625,,,
[1758212901751696360],7.712,-3.651,-0.335,,,
[1758212901756841516],8.466,-3.503,0.05,,,
[1758212901761931203],7.362,-3.512,0.402,,,
[1758212901767060110],8.04,-3.316,1.197,,,
[1758212901772284120],6.548,-3.132,1.757,,,
[1758212901777433183],7.23,-2.947,2.241,,,
[1758212901783706620],6.929,-3.203,2.837,,,
[1758212901790052922],6.187,-3.275,2.641,,,
[1758212901795310735],8.028,-3.725,3.249,,,
[1758212901800432505],7.446,-4.243,3.725,,,
[1758212901805575422],9.22,-4.444,3.512,,,
[1758212901810691568],8.15,-4.226,4.12,,,
[1758212901816238599],9.773,-4.762,4.286,,,
[1758212901821385578],8.614,-4.652,4.341,,,
[1758212901826536985],10.415,-5.025,4.453,,,
[1758212901831679068],9.673,-4.942,4.527,,,
[1758212901836969276],11.056,-5.294,3.938,,,
[1758212901842073130],10.477,-5.473,3.668,,,
[1758212901847175578],11.715,-5.612,3.165,,,
[1758212901852362141],11.006,-5.717,2.722,,,
[1758212901857533912],12.005,-5.693,2.018,,,
[1758212901862739797],11.471,-5.748,1.365,,,
[1758212901867894849],11.952,-5.595,0.752,,,
[1758212901873077089],10.874,-5.437,1.123,,,
[1758212901878296203],10.793,-4.805,0.658,,,
[1758212901883527401],10.015,-4.776,1.223,,,
[1758212901888641151],9.677,-4.197,0.208,,,
[1758212901893777610],9.713,-4.456,0.302,,,
[1758212901898892610],9.06,-4.068,0.062,,,
[1758212901904020162],8.636,-3.953,-0.28,,,
[1758212901909123599],8.416,-3.792,-0.474,,,
[1758212901914295266],8.66,-3.687,-0.141,,,
[1758212901919952662],7.151,-3.211,0.278,,,
[1758212901925177610],7.812,-3.565,1.528,,,
[1758212901930348078],6.256,-3.127,1.92,,,
[1758212901935557870],7.755,-3.182,2.382,,,
[1758212901940655787],6.292,-3.074,2.768,,,
[1758212901945763391],7.537,-3.349,2.808,,,
[1758212901950864432],6.665,-3.622,3.218,,,
[1758212901956011516],8.916,-4.032,3.852,,,
[1758212901961131047],7.913,-4.087,3.371,,,
[1758212901966342349],9.349,-4.367,3.682,,,
[1758212901971424276],8.499,-4.405,4.128,,,
[1758212901976520057],10.111,-4.843,4.264,,,
[1758212901981637922],9.172,-4.762,4.482,,,
[1758212901986870474],10.64,-5.066,4.393,,,
[1758212901992051255],9.91,-4.985,4.142,,,
[1758212901997198755],11.535,-5.274,3.575,,,
[1758212902002451151],10.994,-5.643,3.189,,,
[1758212902007622714],11.684,-5.681,2.607,,,
[1758212902012847505],11.473,-5.674,2.164,,,
[1758212902018004797],12.17,-5.816,1.53,,,
[1758212902023661516],11.547,-5.938,1.626,,,
[1758212902028918026],11.337,-5.2,0.697,,,
[1758212902034244016],11.286,-5.059,0.821,,,
[1758212902039426099],10.094,-4.515,0.747,,,
[1758212902044585318],10.429,-4.494,0.713,,,
[1758212902049729641],9.076,-4.357,-0.287,,,
[1758212902054939068],9.749,-4.413,0.007,,,
[1758212902060093599],8.243,-4.085,-0.476,,,
[1758212902065296880],9.376,-4.113,0.002,,,
[1758212902070553807],7.688,-3.457,0.436,,,
[1758212902075715214],8.289,-3.577,0.46,,,
[1758212902080826307],6.589,-3.464,1.168,,,
[1758212902085970682],7.717,-3.366,1.532,,,
[1758212902091101828],6.014,-3.031,1.815,,,
[1758212902096325526],7.412,-3.505,2.624,,,
[1758212902101493026],6.072,-3.23,3.067,,,
[1758212902106682193],8.016,-3.498,3.474,,,
[1758212902111789485],7.618,-3.922,3.749,,,
[1758212902119247453],8.325,-4.07,3.321,,,
[1758212902124798495],9.385,-4.554,4.209,,,
[1758212902130434849],8.705,-4.666,4.331,,,
[1758212902135633964],10.245,-4.796,4.724,,,
[1758212902140781620],9.052,-4.927,3.926,,,
[1758212902145998807],11.025,-5.334,3.713,,,
[1758212902151165318],9.893,-5.27,4.104,,,
[1758212902156301047],11.926,-5.739,3.646,,,
[1758212902161417349],10.494,-5.61,2.72,,,
[1758212902166616255],12.304,-5.801,2.363,,,
[1758212902171838912],11.557,-5.698,2.207,,,
[1758212902176971568],12.491,-5.796,1.618,,,
[1758212902182159484],11.262,-5.65,1.633,,,
[1758212902187360995],11.519,-5.315,0.812,,,
[1758212902193674172],10.611,-4.994,0.747,,,
[1758212902200053078],9.263,-4.525,-0.263,,,
[1758212902205318964],10.448,-4.532,0.065,,,
[1758212902210425891],8.521,-4.14,0.062,,,
[1758212902215526047],9.594,-4.286,-0.814,,,
[1758212902220626672],8.222,-3.632,-0.251,,,
[1758212902225768912],8.679,-3.687,0.084,,,
[1758212902230885370],6.816,-3.4,0.618,,,
[1758212902237085057],8.248,-3.421,1.808,,,
[1758212902242451672],6.701,-3.103,1.925,,,
[1758212902248796255],6.78,-3.055,1.877,,,
[1758212902255282245],7.491,-3.424,2.945,,,
[1758212902260471880],6.522,-3.33,3.314,,,
[1758212902265608703],8.286,-3.886,3.527,,,
[1758212902270709328],7.81,-4.274,3.836,,,
[1758212902275839484],9.471,-4.444,4.142,,,
[1758212902280955526],8.152,-4.24,4.336,,,
[1758212902286069328],9.874,-4.676,4.022,,,
[1758212902291185578],8.959,-4.53,4.235,,,
[1758212902296454120],10.523,-5.133,4.166,,,
[1758212902301663703],9.756,-5.148,4.077,,,
[1758212902306786984],11.341,-5.428,4.31,,,
[1758212902311884693],10.422,-5.471,3.802,,,
[1758212902317007037],12.014,-5.576,2.725,,,
[1758212902322146776],10.731,-5.737,2.227,,,
[1758212902327287193],12.244,-5.689,1.63,,,
[1758212902332442870],11.401,-5.748,1.609,,,
[1758212902337593859],12.014,-5.614,1.456,,,
[1758212902344366099],11.456,-5.392,0.69,,,
[1758212902349622714],10.058,-4.764,0.156,,,
[1758212902354759484],10.367,-4.762,0.429,,,
[1758212902361939276],8.916,-4.319,-0.18,,,
[1758212902367474537],9.567,-4.149,0.584,,,
[1758212902372704589],8.519,-4.082,0.39,,,
[1758212902377847141],8.911,-3.546,-0.204,,,
[1758212902382945474],7.451,-3.78,0.819,,,
[1758212902388049536],7.836,-3.496,0.749,,,
[1758212902393260734],7.029,-3.29,0.752,,,
[1758212902398402505],7.3,-3.074,1.369,,,
[1758212902403529328],6.835,-3.342,2.16,,,
[1758212902408638807],6.871,-2.974,2.485,,,
[1758212902413844849],7.132,-3.369,3.177,,,
[1758212902418954589],7.209,-3.196,3.048,,,
[1758212902424065057],7.999,-3.926,4.01,,,
[1758212902429153130],8.296,-4.381,3.898,,,
[1758212902434227974],8.926,-4.266,4.424,,,
[1758212902439327870],8.899,-4.338,3.941,,,
[1758212902444536984],9.713,-4.853,4.276,,,
[1758212902451045057],8.849,-4.733,4.506,,,
[1758212902456338182],10.757,-5.066,4.331,,,
[1758212902461486464],9.845,-5.136,4.025,,,
[1758212902466940995],11.602,-5.447,3.244,,,
[1758212902472058339],10.537,-5.595,2.502,,,
[1758212902477190474],12.136,-5.631,2.722,,,
[1758212902482345057],11.097,-5.713,2.43,,,
[1758212902487459224],12.507,-5.713,1.405,,,
[1758212902492914849],11.523,-5.787,1.281,,,
[1758212902499290474],11.31,-5.15,0.702,,,
[1758212902504584797],10.958,-4.992,1.073,,,
[1758212902509709068],9.68,-4.511,0.01,,,
[1758212902514844172],10.218,-4.58,0.117,,,
[1758212902519951984],8.988,-4.326,-0.074,,,
[1758212902525062557],9.773,-4.096,0.132,,,
[1758212902530160057],8.356,-3.852,-0.244,,,
[1758212902535287766],8.863,-3.97,0.096,,,
[1758212902540497870],7.432,-3.433,0.364,,,
[1758212902545811984],8.255,-3.543,0.929,,,
[1758212902553245630],7.034,-3.263,1.626,,,
[1758212902558525995],6.938,-2.971,1.937,,,
[1758212902563638234],6.309,-3.237,2.418,,,
[1758212902568755266],6.85,-2.947,2.868,,,
[1758212902576291672],8.169,-3.594,2.931,,,
[1758212902581569276],7.013,-3.986,3.529,,,
[1758212902586676828],9.206,-4.41,3.543,,,
[1758212902591832245],8.15,-4.403,3.888,,,
[1758212902597072245],9.859,-4.585,4.331,,,
[1758212902602258182],8.868,-4.456,4.86,,,
[1758212902607384693],10.185,-4.855,4.738,,,
[1758212902612582713],9.957,-5.128,4.741,,,
[1758212902617711411],11.401,-4.896,4.549,,,
[1758212902622878755],10.501,-5.435,3.888,,,
[1758212902627997349],11.217,-5.667,2.641,,,
[1758212902633084849],11.377,-5.966,2.538,,,
[1758212902638176932],12.067,-5.612,2.124,,,
[1758212902643344224],11.748,-5.827,2.119,,,
[1758212902648500109],11.914,-5.674,1.884,,,
[1758212902653634432],11.327,-5.485,0.699,,,
[1758212902659223495],10.843,-4.827,0.517,,,
[1758212902664378807],10.654,-4.872,0.474,,,
[1758212902669480370],9.572,-4.492,-0.134,,,
[1758212902674643078],9.981,-4.65,-0.007,,,
[1758212902680062505],8.65,-4.156,-0.769,,,
[1758212902685201880],9.45,-4.152,-0.601,,,
[1758212902690322870],7.726,-3.587,-0.232,,,
[1758212902695578078],8.645,-3.615,-0.019,,,
[1758212902700734120],7.068,-3.314,0.723,,,
[1758212902705965578],8.078,-3.266,0.967,,,
[1758212902711088859],6.055,-3.096,1.027,,,
[1758212902716215578],7.456,-3.194,2.136,,,
[1758212902721321463],6.23,-2.981,2.421,,,
[1758212902726459901],7.858,-3.163,2.787,,,
[1758212902731564693],6.639,-3.491,2.952,,,
[1758212902736678755],8.598,-3.833,2.777,,,
[1758212902741810943],7.726,-4.192,3.484,,,
[1758212902747050266],9.577,-4.377,3.9,,,
[1758212902752286307],8.739,-4.506,3.838,,,
[1758212902757413130],9.804,-4.702,4.35,,,
[1758212902762638443],9.234,-4.724,4.724,,,
[1758212902768189380],10.719,-4.851,4.226,,,
[1758212902773324693],10.484,-5.365,4.283,,,
[1758212902778492922],10.894,-5.377,3.673,,,
[1758212902783663234],11.329,-5.725,3.294,,,
[1758212902789094068],11.576,-5.657,1.949,,,
[1758212902794261099],12.184,-5.844,2.071,,,
[1758212902799382766],11.358,-5.823,1.98,,,
[1758212902804583078],12.117,-5.928,1.757,,,
[1758212902809764953],10.93,-5.341,1.168,,,
[1758212902815040161],11.595,-5.157,1.247,,,
[1758212902820169016],9.776,-4.635,0.828,,,
[1758212902825287245],10.408,-4.685,0.294,,,
[1758212902830389484],9.148,-4.288,-0.426,,,
[1758212902835516047],10.218,-4.293,-0.168,,,
[1758212902840716932],8.382,-3.895,0.192,,,
[1758212902845984432],9.17,-4.125,-0.441,,,
[1758212902851152505],7.408,-3.488,0.369,,,
[1758212902856360370],8.516,-3.479,1.044,,,
[1758212902861540005],6.586,-3.218,1.437,,,
[1758212902866680786],7.709,-3.203,1.329,,,
[1758212902871807245],6.158,-2.95,1.489,,,
[1758212902877383755],7.709,-3.074,2.622,,,
[1758212902882647505],6.615,-3.299,2.875,,,
[1758212902887773078],7.465,-3.479,2.789,,,
[1758212902893004640],7.417,-3.888,3.594,,,
[1758212902898521099],8.954,-3.95,3.553,,,
[1758212902903642401],9.074,-4.168,4.197,,,
[1758212902908750370],9.033,-4.42,4.135,,,
[1758212902913900943],9.34,-4.786,4.824,,,
[1758212902919058078],9.888,-4.568,4.578,,,
[1758212902924339901],10.463,-5.09,4.587,,,
[1758212902929454797],10.388,-5.069,4.221,,,
[1758212902934574172],11.272,-5.583,3.905,,,
[1758212902939738130],10.939,-5.397,2.851,,,
[1758212902944975682],11.918,-5.569,2.883,,,
[1758212902950122765],11.059,-5.737,2.016,,,
[1758212902955304328],12.34,-5.966,1.779,,,
[1758212902960447609],11.229,-5.605,1.659,,,
[1758212902965681463],12.136,-5.545,1.077,,,
[1758212902970805161],10.432,-5.181,0.711,,,
[1758212902975972245],11.013,-4.769,0.991,,,
[1758212902981069745],8.83,-4.549,0.515,,,
[1758212902986724849],10.709,-4.492,-0.567,,,
[1758212902991878599],8.581,-4.3,-0.206,,,
[1758212902997078390],9.304,-4.094,-0.247,,,
[1758212903002274276],7.906,-3.824,-0.373,,,
[1758212903007693130],8.748,-3.462,0.297,,,
[1758212903012912922],7.226,-3.361,0.318,,,
[1758212903018057974],7.57,-3.342,0.998,,,
[1758212903023228443],6.723,-3.235,1.832,,,
[1758212903028338547],7.281,-2.916,1.822,,,
[1758212903033645370],6.644,-3.211,2.523,,,
[1758212903038783703],7.3,-3.177,2.698,,,
[1758212903043991828],7.132,-3.591,3.302,,,
[1758212903049117297],7.688,-3.828,3.122,,,
[1758212903054300526],8.748,-4.3,3.771,,,
[1758212903059401047],8.631,-4.202,3.869,,,
[1758212903064522245],9.155,-4.827,4.642,,,
[1758212903069628026],9.342,-4.489,4.152,,,
[1758212903074797245],10.235,-4.932,4.247,,,
[1758212903079924120],9.476,-4.82,4.022,,,
[1758212903085155890],11.044,-5.478,4.087,,,
[1758212903090319901],10.041,-5.279,4.096,,,
[1758212903095958338],11.818,-5.679,2.873,,,
[1758212903101111932],10.659,-5.758,2.715,,,
[1758212903106235734],12.251,-5.964,2.327,,,
[1758212903111407713],10.908,-5.811,1.525,,,
[1758212903116848859],12.701,-5.787,1.405,,,
[1758212903121993182],10.846,-5.423,1.595,,,
[1758212903127168859],11.384,-5.14,1.032,,,
[1758212903132329640],9.716,-4.652,0.431,,,
[1758212903169154484],7.784,-3.244,0.045,,,
[1758212903175518338],7.891,-3.266,1.697,,,
[1758212903180757870],6.56,-2.938,1.97,,,
[1758212903185889172],7.436,-2.998,2.193,,,
[1758212903191006567],6.218,-3.084,2.447,,,
[1758212903196034901],7.427,-3.438,2.978,,,
[1758212903200603390],6.594,-3.093,3.026,,,
[1758212903205124120],8.768,-3.843,3.433,,,
[1758212903209639067],8.258,-4.123,3.601,,,
[1758212903214218338],9.069,-4.511,3.718,,,
[1758212903219325474],8.535,-4.322,3.713,,,
[1758212903223962036],9.589,-4.762,4.276,,,
[1758212903228482245],9.685,-4.295,4.501,,,
[1758212903233009432],9.665,-5.176,4.594,,,
[1758212903237491724],10.712,-5.167,3.929,,,
[1758212903242122505],10.01,-5.32,3.867,,,
[1758212903246656255],11.665,-5.66,3.685,,,
[1758212903251178755],10.432,-5.334,2.928,,,
[1758212903255727922],12.007,-5.866,2.485,,,
[1758212903260276984],10.7,-5.686,2.823,,,
[1758212903264891151],12.673,-5.902,2.121,,,
[1758212903269554380],11.724,-5.765,1.513,,,
[1758212903274109692],12.191,-5.765,1.566,,,
[1758212903278629015],11.485,-5.334,1.053,,,
[1758212903283138338],10.791,-5.126,0.615,,,
[1758212903287649536],10.975,-4.733,0.673,,,
[1758212903292278078],9.273,-4.573,0.718,,,
[1758212903297091359],10.807,-4.48,0.081,,,
[1758212903302345317],8.782,-4.269,0.11,,,
[1758212903307538859],9.388,-4.063,-0.206,,,
[1758212903312720786],8.425,-3.965,-0.563,,,
[1758212903317871724],8.825,-3.9,-0.28,,,
[1758212903323603442],7.501,-3.22,0.409,,,
[1758212903328835838],7.645,-3.215,0.553,,,
[1758212903333980265],7.202,-3.306,1.616,,,
[1758212903339131099],7.142,-2.878,1.348,,,
[1758212903344318078],6.979,-3.299,2.179,,,
[1758212903349453703],6.859,-3.081,2.6,,,
[1758212903354610161],7.415,-3.426,3.218,,,
[1758212903359719588],7.245,-3.536,3.139,,,
[1758212903364857974],8.712,-4.25,3.184,,,
[1758212903369983390],8.016,-4.185,3.168,,,
[1758212903375199744],9.213,-4.743,4.422,,,
[1758212903380348651],8.906,-4.453,4.029,,,
[1758212903385467817],10.053,-4.815,4.585,,,
[1758212903390601463],9.124,-5.071,4.69,,,
[1758212903395900474],11.047,-5.291,4.863,,,
[1758212903401042088],10.235,-5.25,4.599,,,
[1758212903406182349],12.084,-5.638,3.711,,,
[1758212903411323911],10.606,-5.655,2.768,,,
[1758212903416471932],12.146,-5.844,2.38,,,
[1758212903421695942],11.303,-5.581,2.04,,,
[1758212903426895317],12.627,-5.753,1.65,,,
[1758212903432551984],11.066,-5.545,1.42,,,
[1758212903437881828],11.684,-5.224,0.668,,,
[1758212903443115213],10.408,-4.793,0.345,,,
[1758212903448242557],10.35,-4.489,0.56,,,
[1758212903453396203],9.134,-4.827,0.192,,,
[1758212903458585786],9.823,-4.087,-0.543,,,
[1758212903463741203],8.61,-4.266,-0.175,,,
[1758212903468863494],8.744,-3.891,-0.517,,,
[1758212903474102557],8.382,-3.874,0.256,,,
[1758212903479316932],7.944,-3.505,0.409,,,
[1758212903484491099],7.594,-3.622,0.752,,,
[1758212903489650578],7.585,-3.153,1.413,,,
[1758212903494894484],7.185,-3.235,2.121,,,
[1758212903500032661],6.11,-3.05,1.772,,,
[1758212903505158911],7.487,-3.474,2.555,,,
[1758212903510264276],6.752,-3.28,2.485,,,
[1758212903515421099],8.126,-3.551,2.837,,,
[1758212903520566984],7.623,-4.049,3.182,,,
[1758212903525750369],9.026,-4.434,3.606,,,
[1758212903530847661],8.181,-4.334,3.821,,,
[1758212903536586151],10.202,-4.693,4.319,,,
[1758212903541836776],8.729,-4.705,4.233,,,
[1758212903547025161],10.436,-4.887,4.508,,,
[1758212903552199640],9.96,-4.937,4.52,,,
[1758212903557376411],11.547,-5.353,3.953,,,
[1758212903562590734],10.432,-5.387,3.768,,,
[1758212903567705734],11.902,-5.906,3.144,,,
[1758212903573001046],11.128,-5.859,2.682,,,
[1758212903578161255],12.098,-5.66,1.97,,,
[1758212903583379328],11.499,-5.88,1.796,,,
[1758212903588533755],11.892,-5.6,1.592,,,
[1758212903593780890],10.862,-5.255,1.099,,,
[1758212903598901463],11.037,-4.764,0.278,,,
[1758212903604032765],10.07,-4.81,0.417,,,
[1758212903609179849],9.534,-4.307,-0.093,,,
[1758212903614413182],9.814,-4.465,-0.599,,,
[1758212903619540109],9.287,-4.128,-0.33,,,
[1758212903624692505],9.002,-3.955,-0.038,,,
[1758212903629802974],8.258,-3.656,-0.376,,,
[1758212903634900838],8.143,-3.926,0.371,,,
[1758212903640002661],7.429,-3.184,0.84,,,
[1758212903645619015],8.104,-3.364,1.662,,,
[1758212903652068442],6.036,-2.928,1.786,,,
[1758212903657302661],7.456,-3.043,1.985,,,
[1758212903662648026],6.163,-3.074,2.672,,,
[1758212903667854849],7.918,-3.314,2.835,,,
[1758212903673019588],6.981,-3.575,3.426,,,
[1758212903678134015],9.127,-3.941,3.534,,,
[1758212903683254536],8.145,-4.415,4.132,,,
[1758212903688372974],9.055,-4.252,4.231,,,
[1758212903693624744],9.266,-4.623,4.501,,,
[1758212903698912973],9.57,-4.597,4.286,,,
[1758212903704106932],9.773,-5.083,4.513,,,
[1758212903709234953],10.582,-5.016,3.709,,,
[1758212903714373651],11.152,-5.545,3.905,,,
[1758212903719486203],10.884,-5.279,2.926,,,
[1758212903724606203],11.629,-5.909,2.638,,,
[1758212903729718338],11.416,-5.66,2.435,,,
[1758212903734894744],12.146,-5.782,2.255,,,
[1758212903740190421],11.497,-5.772,1.319,,,
[1758212903745736411],12.345,-5.705,1.228,,,
[1758212903754700213],10.592,-5.145,0.577,,,
[1758212903760068963],9.699,-4.571,0.646,,,
[1758212903765568963],10.477,-4.618,0.23,,,
[1758212903770723026],9.134,-4.372,-0.122,,,
[1758212903775857973],9.802,-4.367,0.048,,,
[1758212903780977192],7.896,-3.697,-0.249,,,
[1758212903786137140],8.808,-3.85,0.45,,,
[1758212903791257921],7.252,-3.455,0.378,,,
[1758212903796498182],8.317,-3.385,0.979,,,
[1758212903801647817],6.541,-3.249,1.202,,,
[1758212903806874067],7.499,-3.287,1.314,,,
[1758212903811966046],6.002,-3.105,2.435,,,
[1758212903817064848],7.575,-3.072,2.583,,,
[1758212903822228286],6.275,-3.129,2.806,,,
[1758212903827353234],8.104,-3.575,3.077,,,
[1758212903832517348],7.305,-3.977,3.938,,,
[1758212903837663963],9.1,-4.13,3.637,,,
[1758212903842925838],8.368,-4.271,3.553,,,
[1758212903848059536],9.548,-4.824,3.847,,,
[1758212903853242661],9.019,-4.693,4.379,,,
[1758212903859725838],9.538,-4.901,4.36,,,
[1758212903866239796],11.384,-5.339,4.934,,,
[1758212903871483130],9.847,-5.423,3.448,,,
[1758212903876623286],11.815,-5.839,3.297,,,
[1758212903881720786],10.783,-5.631,3.165,,,
[1758212903886830526],12.213,-5.89,2.471,,,
[1758212903891938234],11.054,-5.612,1.781,,,
[1758212903897173911],12.402,-5.909,1.791,,,
[1758212903902395213],10.879,-5.25,1.104,,,
[1758212903907591515],11.894,-5.071,0.816,,,
[1758212903912862140],9.857,-4.815,0.587,,,
[1758212903917979900],10.324,-4.343,0.407,,,
[1758212903923130473],9.321,-4.52,-0.062,,,
[1758212903928234900],10.111,-4.451,-0.232,,,
[1758212903933348338],8.519,-4.35,-0.397,,,
[1758212903938493182],8.99,-3.833,-0.316,,,
[1758212903943760630],7.697,-3.917,0.409,,,
[1758212903948869692],8.061,-3.254,0.249,,,
[1758212903954021567],7.618,-3.481,1.041,,,
[1758212903959226828],7.305,-3.156,1.269,,,
[1758212903964887192],6.639,-3.182,1.935,,,
[1758212903970139432],6.524,-2.763,2.243,,,
[1758212903975659171],7.501,-3.364,2.851,,,
[1758212903980765369],6.443,-3.29,2.485,,,
[1758212903985917088],7.839,-3.991,3.235,,,
[1758212903991012036],7.949,-4.302,3.531,,,
[1758212903997247296],9.443,-4.312,3.879,,,
[1758212904002560994],8.207,-4.489,3.907,,,
[1758212904007681307],9.979,-4.736,4.824,,,
[1758212904012845786],8.839,-4.8,5.164,,,
[1758212904017960525],10.851,-5.025,4.484,,,
[1758212904023086411],10.199,-5.102,4.085,,,
[1758212904028197453],10.915,-5.358,3.713,,,
[1758212904033336932],11.054,-5.66,3.235,,,
[1758212904038549484],11.978,-5.643,2.679,,,
[1758212904043797661],11.219,-5.952,2.26,,,
[1758212904048900369],12.198,-5.674,1.501,,,
[1758212904054026359],11.775,-5.952,1.623,,,
[1758212904059155161],11.499,-5.174,0.764,,,
[1758212904064292661],11.25,-5.272,0.67,,,
[1758212904069747296],10.434,-4.733,0.699,,,
[1758212904074994796],9.95,-4.729,0.436,,,
[1758212904080101619],9.938,-4.532,-0.28,,,
[1758212904085723859],9.864,-4.393,0.079,,,
[1758212904090937921],8.021,-3.768,-0.326,,,
[1758212904097259588],9.333,-3.84,-0.448,,,
[1758212904102563338],7.487,-3.417,0.036,,,
[1758212904107681255],8.399,-3.467,0.345,,,
[1758212904112865838],6.881,-3.479,1.379,,,
[1758212904118001775],7.87,-2.919,1.381,,,
[1758212904123111775],6.548,-3.031,2.052,,,
[1758212904128206463],7.654,-3.11,2.758,,,
[1758212904133337713],6.618,-3.285,2.873,,,
[1758212904138495734],7.47,-3.534,2.995,,,
[1758212904143780890],7.638,-3.886,3.524,,,
[1758212904148945942],8.701,-4.18,3.795,,,
[1758212904154099848],8.308,-4.317,4.307,,,
[1758212904159295577],9.12,-4.192,3.85,,,
[1758212904164455421],9.565,-4.934,4.13,,,
[1758212904169610682],9.579,-4.628,4.065,,,
[1758212904175148755],10.324,-5.131,4.202,,,
[1758212904180385265],10.362,-5.083,3.776,,,
[1758212904185557817],11.377,-5.55,3.517,,,
[1758212904191887088],10.788,-5.614,2.406,,,
[1758212904197146255],12.254,-5.978,2.193,,,
[1758212904202343702],10.872,-5.751,1.664,,,
[1758212904207507765],12.584,-5.751,1.317,,,
[1758212904212689536],11.38,-5.461,1.492,,,
[1758212904217790265],11.662,-5.509,1.441,,,
[1758212904222946775],10.317,-4.939,1.092,,,
[1758212904228049588],10.896,-4.645,0.709,,,
[1758212904233262817],9.395,-4.561,0.263,,,
[1758212904238491671],10.645,-4.338,-0.069,,,
[1758212904243612921],8.847,-4.436,0.117,,,
[1758212904248752505],9.019,-3.757,-0.414,,,
[1758212904253988546],8.219,-3.929,-0.362,,,
[1758212904259141775],8.346,-3.527,0.005,,,
[1758212904264242244],7.338,-3.491,0.958,,,
[1758212904269335473],7.566,-3.206,1.144,,,
[1758212904274464848],6.778,-3.342,1.889,,,
[1758212904279591984],7.089,-2.993,1.844,,,
[1758212904285107088],7.216,-3.127,2.897,,,
[1758212904290343702],6.613,-3.007,2.732,,,
[1758212904295515057],7.784,-3.673,2.998,,,
[1758212904302893182],7.638,-3.864,3.524,,,
[1758212904308359484],9.134,-4.195,3.694,,,
[1758212904313519588],8.423,-4.561,4.712,,,
[1758212904318615525],9.67,-4.338,4.448,,,
[1758212904323737609],8.976,-4.829,4.226,,,
[1758212904328833755],10.127,-4.906,3.989,,,
[1758212904333941515],10.326,-5.253,4.214,,,
[1758212904339051567],10.963,-5.107,4.338,,,
[1758212904344215005],10.817,-5.459,3.563,,,
[1758212904349387869],11.621,-5.571,2.148,,,
[1758212904354903546],11.93,-5.942,2.6,,,
[1758212904360044744],11.533,-5.564,1.87,,,
[1758212904365177557],12.246,-5.887,1.587,,,
[1758212904370329900],11.447,-5.657,1.08,,,
[1758212904375483754],11.375,-5.581,1.413,,,
[1758212904380597765],10.364,-4.551,0.874,,,
[1758212904385738754],10.422,-4.669,0.63,,,
[1758212904391155734],9.064,-4.307,-0.242,,,
[1758212904396433182],10.178,-4.403,-0.029,,,
[1758212904401663963],8.523,-4.135,-0.35,,,
[1758212904408020838],9.254,-3.824,-0.316,,,
[1758212904413249640],7.645,-3.527,-0.146,,,
[1758212904418531567],8.047,-3.373,0.338,,,
[1758212904423682609],6.936,-3.311,1.075,,,
[1758212904428794848],7.767,-3.151,1.642,,,
[1758212904433946463],6.467,-3.17,2.116,,,
[1758212904439108286],6.9,-2.986,2.581,,,
[1758212904444306827],6.711,-3.349,3.23,,,
[1758212904449421046],7.07,-3.017,2.928,,,
[1758212904455761411],8.404,-3.845,3.223,,,
[1758212904461033754],7.853,-4.266,3.759,,,
[1758212904466167088],9.651,-4.513,4.389,,,
[1758212904471279484],8.358,-4.477,4.343,,,
[1758212904476415525],10.048,-4.599,4.326,,,
[1758212904481526671],9.069,-4.669,4.357,,,
[1758212904486625890],10.618,-5.16,4.803,,,
[1758212904491716723],9.701,-4.903,4.087,,,
[1758212904497234223],11.641,-5.435,3.785,,,
[1758212904502688807],10.195,-5.447,3.476,,,
[1758212904507915161],11.964,-5.933,2.454,,,
[1758212904513399067],11.387,-5.959,2.696,,,
[1758212904518534015],12.321,-5.701,2.155,,,
[1758212904523715317],11.188,-5.952,1.477,,,
[1758212904528841359],11.808,-5.614,0.931,,,
[1758212904534014379],10.848,-5.339,1.013,,,
[1758212904539144015],10.872,-4.441,0.323,,,
[1758212904544366567],9.893,-4.75,-0.175,,,
[1758212904549659536],10.077,-4.439,-0.491,,,
[1758212904554914327],9.397,-4.585,-0.177,,,
[1758212904560039015],9.041,-3.668,-1.063,,,
[1758212904565202973],8.602,-4.116,-0.302,,,
[1758212904570348025],7.381,-3.572,-0.23,,,
[1758212904575489379],8.169,-3.61,0.472,,,
[1758212904580635265],7.14,-3.299,0.745,,,
[1758212904585835473],7.697,-3.452,1.556,,,
[1758212904591106098],6.395,-2.966,1.92,,,
[1758212904596243806],7.602,-3.189,2.433,,,
[1758212904601367661],6.299,-3.077,2.454,,,
[1758212904607983754],8.052,-3.639,3.505,,,
[1758212904613142765],7.216,-3.677,3.991,,,
[1758212904618813859],8.729,-4.247,3.965,,,
[1758212904625167088],9.313,-4.334,3.816,,,
[1758212904630413806],9.112,-4.472,4.192,,,
[1758212904635544119],9.673,-4.671,5.04,,,
[1758212904640656931],9.115,-4.645,4.583,,,
[1758212904645789848],10.987,-5.21,4.326,,,
[1758212904650935734],10.372,-5.128,3.584,,,
[1758212904656139327],11.631,-5.607,3.855,,,
[1758212904661268181],10.779,-5.595,2.95,,,
[1758212904666415369],12.146,-5.921,2.682,,,
[1758212904671617921],11.2,-5.741,2.116,,,
[1758212904676755317],12.689,-6.127,1.798,,,
[1758212904681868494],10.831,-5.665,1.247,,,
[1758212904687001098],11.985,-5.586,1.149,,,
[1758212904692176098],10.341,-4.889,0.469,,,
[1758212904697365994],10.999,-4.683,0.192,,,
[1758212904702826359],9.127,-4.566,0.266,,,
[1758212904708101567],10.175,-4.585,0.017,,,
[1758212904713600734],8.803,-4.214,-0.18,,,
[1758212904718738390],9.12,-3.845,-0.01,,,
[1758212904723886046],7.901,-3.955,0.036,,,
[1758212904729036879],8.171,-3.63,0.103,,,
[1758212904735310525],7.628,-3.417,0.857,,,
[1758212904741818650],6.381,-3.187,1.678,,,
[1758212904747068702],7.515,-3.184,1.805,,,
[1758212904752260473],6.103,-2.99,2.169,,,
[1758212904757465942],7.717,-3.285,2.38,,,
[1758212904762642088],6.314,-3.373,3.426,,,
[1758212904767748911],8.349,-3.893,3.381,,,
[1758212904772920577],7.767,-4.099,4.13,,,
[1758212904778033650],9.239,-4.441,4.319,,,
[1758212904783209275],8.526,-4.324,4.547,,,
[1758212904788400265],9.653,-4.573,4.717,,,
[1758212904793528233],8.885,-4.458,4.7,,,
[1758212904798642713],10.563,-4.867,4.69,,,
[1758212904803854640],10.204,-5.131,4.348,,,
[1758212904808979327],10.819,-5.078,3.476,,,
[1758212904814126515],10.779,-5.823,3.395,,,
[1758212904821599327],10.915,-5.598,2.691,,,
[1758212904827068858],12.603,-5.957,2.43,,,
[1758212904832250994],10.932,-5.756,1.911,,,
[1758212904837389588],12.517,-5.933,1.022,,,
[1758212904842576983],10.63,-5.428,0.903,,,
[1758212904848041567],11.59,-5.085,0.747,,,
[1758212904853245108],9.517,-4.585,0.232,,,
[1758212904858358390],10.317,-4.302,0.261,,,
[1758212904863480265],9.043,-4.544,0.39,,,
[1758212904868612296],9.708,-4.159,-0.493,,,
[1758212904873774744],8.351,-4.025,-0.045,,,
[1758212904878894327],9.026,-3.644,0.249,,,
[1758212904884141150],7.851,-3.663,0.728,,,
[1758212904889246150],7.86,-3.275,0.397,,,
[1758212904894366411],7.142,-3.249,0.97,,,
[1758212904899471567],7.317,-2.914,1.664,,,
[1758212904904715056],6.591,-3.33,1.908,,,
[1758212904909875265],7.302,-3.069,2.124,,,
[1758212904918119744],7.796,-3.531,2.885,,,
[1758212904923810786],6.965,-3.766,3.536,,,
[1758212904929140317],8.854,-4.001,3.354,,,
[1758212904934288181],8.669,-4.367,3.824,,,
[1758212904939414119],9.141,-4.235,4.087,,,
[1758212904944536723],8.995,-4.714,4.463,,,
[1758212904949728806],9.45,-4.585,3.965,,,
[1758212904955230004],10.398,-5.179,4.647,,,
[1758212904960444379],10.02,-4.978,4.029,,,
[1758212904965772921],11.095,-5.423,4.013,,,
[1758212904970970161],10.721,-5.375,3.311,,,
[1758212904976085525],11.708,-5.816,3.024,,,
[1758212904981306983],11.088,-5.674,2.507,,,
[1758212904986471358],12.589,-5.861,2.284,,,
[1758212904991590161],11.147,-5.722,1.281,,,
[1758212904996745317],12.361,-5.564,1.422,,,
[1758212905001866202],10.412,-5.349,0.831,,,
[1758212905007114796],11.473,-4.985,0.335,,,
[1758212905012379796],9.218,-4.367,0.263,,,
[1758212905017547348],10.503,-4.458,0.151,,,
[1758212905022751775],9.019,-4.326,-0.481,,,
[1758212905027927660],9.536,-4.101,-0.352,,,
[1758212905034598494],8.6,-4.262,-0.098,,,
[1758212905039831410],8.334,-3.527,0.438,,,
[1758212905044944848],7.776,-3.431,0.134,,,
[1758212905050052713],7.403,-3.23,0.97,,,
[1758212905055270421],6.917,-3.215,1.812,,,
[1758212905061853702],6.175,-2.77,1.786,,,
[1758212905067096150],7.807,-3.309,2.284,,,
[1758212905072421671],6.22,-3.203,3.17,,,
[1758212905078022348],7.982,-3.575,3.187,,,
[1758212905083166046],7.609,-3.941,3.57,,,
[1758212905088278858],9.404,-4.3,4.147,,,
[1758212905093419327],8.068,-4.334,4.113,,,
[1758212905098541931],9.414,-4.424,3.986,,,
[1758212905103773494],9.074,-4.664,4.448,,,
[1758212905108874640],10.297,-4.626,4.652,,,
[1758212905114022504],9.957,-5.088,4.207,,,
[1758212905119270994],10.846,-5.315,3.85,,,
[1758212905124388910],10.542,-5.583,3.666,,,
[1758212905129487973],11.526,-5.404,3.026,,,
[1758212905134719379],11.542,-5.684,2.607,,,
[1758212905141165369],11.27,-5.82,1.935,,,
[1758212905146408442],12.395,-5.897,1.781,,,
[1758212905151535629],11.461,-5.545,1.147,,,
[1758212905156717765],12.098,-5.593,1.24,,,
[1758212905161834483],10.127,-4.913,1.046,,,
[1758212905168078650],10.693,-4.683,0.335,,,
[1758212905173621463],9.196,-4.573,0.211,,,
[1758212905178734171],9.845,-4.3,-0.01,,,
[1758212905183863181],8.509,-4.276,-0.429,,,
[1758212905188963129],9.172,-3.962,-0.611,,,
[1758212905194078077],8.157,-3.874,-0.196,,,
[1758212905199217765],8.246,-3.419,-0.141,,,
[1758212905204448598],7.264,-3.321,0.548,,,
[1758212905209577765],7.513,-3.122,1.367,,,
[1758212905214819535],6.814,-3.199,1.736,,,
[1758212905219926827],6.687,-2.765,2.023,,,
[1758212905225074900],6.926,-3.156,2.749,,,
[1758212905230168598],6.639,-3.091,2.751,,,
[1758212905235330681],7.652,-3.783,2.911,,,
[1758212905240455994],8.464,-3.948,3.17,,,
[1758212905245902869],9.206,-4.508,3.467,,,
[1758212905251067921],8.198,-4.436,3.558,,,
[1758212905256341931],9.871,-4.92,4.774,,,
[1758212905261444640],9.005,-4.571,4.063,,,
[1758212905266546046],10.309,-4.858,4.489,,,
[1758212905271690681],9.476,-5.155,4.702,,,
[1758212905276841567],10.906,-5.272,4.185,,,
[1758212905282423233],10.441,-5.212,3.472,,,
[1758212905287603442],12.112,-5.825,2.696,,,
[1758212905292979431],10.968,-5.801,2.344,,,
[1758212905298717556],12.471,-5.768,1.714,,,
[1758212905305061150],12.131,-5.95,1.583,,,
[1758212905310365942],11.349,-5.255,0.685,,,
[1758212905315612452],11.305,-5.25,0.634,,,
[1758212905320736827],10.309,-4.848,0.405,,,
[1758212905325908910],10.269,-4.688,0.441,,,
[1758212905331042921],9.306,-4.161,-0.017,,,
[1758212905336203546],9.883,-4.496,0.292,,,
[1758212905341326098],8.164,-3.965,-0.072,,,
[1758212905346494535],9.215,-3.747,0.002,,,
[1758212905352072400],7.269,-3.742,0.381,,,
[1758212905357292973],8.157,-3.527,0.733,,,
[1758212905362507504],6.474,-3.05,0.687,,,
[1758212905367718598],7.918,-3.309,1.81,,,
[1758212905372906827],6.199,-2.966,1.942,,,
[1758212905378029692],7.611,-3.089,2.037,,,
[1758212905383210108],6.282,-3.153,2.576,,,
[1758212905388662400],7.894,-3.515,2.942,,,
[1758212905393957192],7.403,-3.931,3.196,,,
[1758212905399123181],9.086,-4.199,3.79,,,
[1758212905404320369],8.65,-4.398,4.111,,,
[1758212905409481306],9.122,-4.314,4.281,,,
[1758212905414646931],9.194,-4.707,4.573,,,
[1758212905419761671],9.948,-4.46,4.307,,,
[1758212905424870369],9.821,-4.925,4.401,,,
[1758212905430002348],10.578,-5.085,4.041,,,
[1758212905435186671],10.688,-5.49,3.697,,,
[1758212905440379327],10.946,-5.488,2.78,,,
[1758212905445499952],11.758,-5.983,2.504,,,
[1758212905450602556],11.346,-5.531,1.987,,,
[1758212905455823598],12.052,-5.926,2.016,,,
[1758212905461400369],11.291,-5.574,1.377,,,
[1758212905467789744],12.064,-5.562,0.797,,,
[1758212905474181775],10.266,-4.97,0.79,,,
[1758212905479420733],10.343,-4.535,0.718,,,
[1758212905484555108],9.883,-4.683,0.632,,,
[1758212905489709067],9.821,-4.228,0.108,,,
[1758212905495168077],9.024,-4.3,-0.476,,,
[1758212905500373546],9.079,-3.931,-0.529,,,
[1758212905505587660],8.818,-3.74,0.053,,,
[1758212905510725629],7.374,-3.412,-0.12,,,
[1758212905515898285],7.681,-3.776,0.45,,,
[1758212905521124327],6.845,-3.079,1.492,,,
[1758212905526233285],7.604,-3.227,2.025,,,
[1758212905531337608],6.658,-2.964,2.167,,,
[1758212905536467921],7.412,-3.297,2.595,,,
[1758212905541587817],6.436,-3.187,3.175,,,
[1758212905546691410],8.109,-3.699,3.239,,,
[1758212905551781619],7.484,-3.847,3.227,,,
[1758212905556995369],9.232,-4.585,3.567,,,
[1758212905562397087],8.116,-4.18,3.989,,,
[1758212905568111254],9.955,-4.59,4.314,,,
[1758212905573255212],8.837,-4.831,4.652,,,
[1758212905578438858],10.099,-4.767,4.475,,,
[1758212905583620837],9.807,-5.145,4.345,,,
[1758212905588757087],11.207,-5.162,4.561,,,
[1758212905593891567],10.374,-5.602,3.749,,,
[1758212905599007504],11.791,-5.617,3.206,,,
[1758212905604594952],10.934,-5.904,2.849,,,
[1758212905609907296],12.014,-5.578,2.263,,,
[1758212905615080160],11.88,-5.842,1.815,,,
[1758212905620220369],11.696,-5.523,1.001,,,
[1758212905625348702],11.049,-5.265,1.094,,,
[1758212905630477452],10.975,-4.736,0.582,,,
[1758212905635611879],10.307,-4.858,0.168,,,
[1758212905640729848],9.34,-4.515,-0.072,,,
[1758212905645897764],9.792,-4.501,0.031,,,
[1758212905651179379],8.586,-4.092,-0.541,,,
[1758212905656420525],9.452,-4.118,-0.072,,,
[1758212905661584587],7.831,-3.826,-0.055,,,
[1758212905666725577],8.389,-3.84,0.622,,,
[1758212905671850785],6.962,-3.23,0.632,,,
[1758212905677471306],8.073,-3.428,1.216,,,
[1758212905682674379],6.302,-2.942,1.585,,,
[1758212905687882660],7.535,-3.199,2.054,,,
[1758212905693038441],6.223,-3.024,2.401,,,
[1758212905698182139],7.757,-3.218,3.036,,,
[1758212905703383181],6.711,-3.23,3.151,,,
[1758212905708532087],8.65,-4.283,3.232,,,
[1758212905714006983],8.219,-4.35,3.548,,,
[1758212905719152139],9.313,-4.259,4.302,,,
[1758212905724395577],8.945,-4.733,4.594,,,
[1758212905729728077],9.883,-4.652,4.204,,,
[1758212905734854431],9.069,-4.915,4.484,,,
[1758212905739959796],10.396,-5.083,4.362,,,
[1758212905745112400],10.74,-5.375,4.329,,,
[1758212905750231775],10.664,-5.306,3.833,,,
[1758212905757746671],12.112,-6.053,2.579,,,
[1758212905763148910],11.246,-5.485,2.284,,,
[1758212905768360369],12.531,-5.758,1.326,,,
[1758212905773614431],11.19,-5.708,1.671,,,
[1758212905778743285],12.328,-5.811,1.101,,,
[1758212905784221306],10.628,-5.133,0.85,,,
[1758212905789352087],10.8,-4.86,0.532,,,
[1758212905794486827],9.744,-4.626,0.828,,,
[1758212905799612660],10.044,-4.369,0.318,,,
[1758212905804901827],9.189,-4.496,-0.136,,,
[1758212905810164587],8.885,-4.027,-0.237,,,
[1758212905815487191],8.691,-3.958,-0.055,,,
[1758212905820989796],7.87,-3.498,-0.065,,,
[1758212905826153962],8.076,-3.414,0.694,,,
[1758212905831327452],7.013,-3.158,1.02,,,
[1758212905836454014],7.604,-3.23,1.487,,,
[1758212905841587869],6.17,-3.208,1.635,,,
[1758212905846743389],7.214,-3.266,2.466,,,
[1758212905851883285],6.354,-3.053,2.313,,,
[1758212905857214014],7.918,-3.479,2.653,,,
[1758212905862429014],7.032,-3.843,3.139,,,
[1758212905867586514],9.218,-4.587,3.78,,,
[1758212905872758962],7.908,-4.219,3.991,,,
[1758212905877904691],9.833,-4.539,4.18,,,
[1758212905883049171],8.693,-4.638,4.664,,,
[1758212905888174014],10.058,-4.671,4.58,,,
[1758212905893636358],9.649,-5.035,4.293,,,
[1758212905898908910],11.334,-5.239,4.283,,,
[1758212905904135264],10.144,-5.284,4.053,,,
[1758212905909313129],11.756,-5.447,2.887,,,
[1758212905914453806],11.32,-5.854,2.622,,,
[1758212905919566150],11.768,-5.813,2.483,,,
[1758212905924690785],11.665,-5.863,2.164,,,
[1758212905930113077],11.993,-5.906,1.482,,,
[1758212905935385889],11.246,-5.59,0.9,,,
[1758212905940580056],10.992,-4.939,0.316,,,
[1758212905945845316],10.475,-5.006,0.548,,,
[1758212905950957348],9.543,-4.573,-0.148,,,
[1758212905956189223],9.816,-4.563,-0.467,,,
[1758212905961301671],9.443,-4.343,0.036,,,
[1758212905966479900],9.541,-4.204,-0.084,,,
[1758212905971627921],7.831,-3.831,-0.213,,,
[1758212905976788598],8.792,-3.879,0.268,,,
[1758212905981922243],7.283,-3.393,0.144,,,
[1758212905987145473],8.274,-3.158,1.369,,,
[1758212905992393077],6.67,-3.191,1.391,,,
[1758212905997567556],7.487,-3.232,1.559,,,
[1758212906003317139],6.211,-2.835,2.081,,,
[1758212906008498650],7.937,-3.129,2.322,,,
[1758212906013599171],6.495,-3.335,2.176,,,
[1758212906018720993],8.485,-4.058,3.328,,,
[1758212906023867608],8.1,-4.226,3.891,,,
[1758212906028970368],9.407,-4.116,3.8,,,
[1758212906034150733],8.497,-4.305,4.003,,,
[1758212906039604431],9.902,-4.417,4.626,,,
[1758212906044959171],9.507,-4.752,4.738,,,
[1758212906050128337],10.503,-4.82,4.104,,,
[1758212906055314223],10.434,-5.138,4.501,,,
[1758212906060492243],10.819,-5.327,3.888,,,
[1758212906065683077],11.55,-5.499,2.928,,,
[1758212906070828962],11.186,-5.502,2.5,,,
[1758212906075992868],12.019,-5.921,2.375,,,
[1758212906081105473],11.301,-5.581,1.551,,,
[1758212906086269483],12.254,-5.827,1.906,,,
[1758212906091484327],11.32,-5.373,1.238,,,
[1758212906096669535],11.497,-5.27,0.67,,,
[1758212906101829691],9.742,-4.843,0.323,,,
[1758212906107094743],10.659,-4.673,0.414,,,
[1758212906113732295],8.985,-4.525,-0.024,,,
[1758212906118981931],9.835,-4.274,0.146,,,
[1758212906124083806],8.255,-3.917,0.06,,,
[1758212906129176254],8.854,-3.871,0.029,,,
[1758212906134322712],7.599,-3.448,0.038,,,
[1758212906139446879],8.181,-3.5,0.733,,,
[1758212906145837295],7.29,-3.476,1.42,,,
[1758212906152122764],6.134,-2.94,1.647,,,
[1758212906157433493],7.786,-3.177,2.174,,,
[1758212906162598545],6.292,-2.993,2.526,,,
[1758212906167680941],7.685,-3.364,2.806,,,
[1758212906172878441],6.711,-3.742,3.187,,,
[1758212906178020056],8.784,-4.116,3.232,,,
[1758212906183103077],7.939,-4.204,3.742,,,
[1758212906188182504],9.541,-4.53,3.905,,,
[1758212906193337920],8.487,-4.41,4.386,,,
[1758212906198534691],10.247,-4.638,4.391,,,
[1758212906203732868],9.038,-4.863,4.733,,,
[1758212906208835056],10.767,-5.08,4.48,,,
[1758212906213986202],10.06,-5.392,4.238,,,
[1758212906219560629],11.519,-5.409,3.352,,,
[1758212906224693962],11.09,-5.449,2.933,,,
[1758212906229804118],11.923,-5.782,2.291,,,
[1758212906234956306],11.339,-5.93,2.009,,,
[1758212906240052087],12.105,-5.593,1.444,,,
[1758212906245184795],11.851,-5.751,1.798,,,
[1758212906250362712],11.48,-5.243,1.298,,,
[1758212906258012868],11.236,-4.918,0.685,,,
[1758212906263476150],9.55,-4.645,0.328,,,
[1758212906268628025],10.707,-4.527,-0.204,,,
[1758212906273761254],8.981,-4.128,-0.242,,,
[1758212906278872660],9.519,-4.259,-0.472,,,
[1758212906284021514],8.076,-3.996,-0.555,,,
[1758212906289148337],9.172,-3.627,-0.498,,,
[1758212906294284483],7.298,-3.519,0.256,,,
[1758212906299397504],7.848,-3.215,0.809,,,
[1758212906304737400],6.665,-3.304,1.48,,,
[1758212906309909795],7.242,-2.935,2.064,,,
[1758212906315081098],6.488,-3.16,2.658,,,
[1758212906320193545],7.125,-2.981,2.89,,,
[1758212906325667816],7.192,-3.225,3.464,,,
[1758212906330795681],7.594,-3.658,3.275,,,
[1758212906335951462],8.382,-4.556,4.027,,,
[1758212906341095681],8.686,-4.173,3.869,,,
[1758212906346266827],8.76,-4.539,4.195,,,
[1758212906351408650],8.701,-4.482,4.724,,,
[1758212906356615472],10.149,-4.93,4.796,,,
[1758212906363942920],9.598,-5.174,4.345,,,
[1758212906369183597],11.238,-5.104,4.087,,,
[1758212906374303181],10.333,-5.492,3.919,,,
[1758212906379403545],11.483,-5.655,3.438,,,
[1758212906384537400],10.992,-5.861,2.873,,,
[1758212906389640264],11.873,-5.811,2.43,,,
[1758212906394753754],11.605,-5.748,1.889,,,
[1758212906399868337],12.16,-5.674,1.322,,,
[1758212906405094795],11.133,-5.452,0.725,,,
[1758212906410309431],11.293,-4.987,0.28,,,
[1758212906415432608],10.384,-4.757,0.594,,,
[1758212906420539379],9.562,-4.386,0.146,,,
[1758212906425694587],10.015,-4.724,0.053,,,
[1758212906431259847],9.055,-4.113,-0.553,,,
[1758212906436464587],8.947,-4.185,-0.007,,,
[1758212906441603910],8.09,-3.733,-0.383,,,
[1758212906446731514],8.739,-3.733,0.132,,,
[1758212906452094639],7.022,-3.223,0.115,,,
[1758212906457546931],8.037,-3.455,1.324,,,
[1758212906462829483],6.28,-3.263,1.645,,,
[1758212906470285368],6.958,-2.854,2.03,,,
[1758212906475776410],7.032,-3.318,2.631,,,
[1758212906480945368],6.852,-3.199,2.753,,,
[1758212906486067087],7.819,-3.723,3.28,,,
[1758212906491143597],8.073,-3.946,3.239,,,
[1758212906496270108],8.861,-4.659,4.029,,,
[1758212906501345108],8.703,-4.199,4.104,,,
[1758212906506444795],9.608,-4.772,4.424,,,
[1758212906511606931],9.601,-4.755,4.566,,,
[1758212906516886775],10.379,-5.018,4.472,,,
[1758212906521984118],9.749,-4.999,3.555,,,
[1758212906527088337],11.322,-5.404,3.938,,,
[1758212906532342868],10.305,-5.365,3.481,,,
[1758212906537885941],12.088,-5.715,2.964,,,
[1758212906543048806],10.786,-5.614,2.765,,,
[1758212906548171774],12.44,-5.842,2.025,,,
[1758212906553305368],11.08,-5.552,1.762,,,
[1758212906558457295],12.373,-5.677,1.494,,,
[1758212906563689170],10.403,-5.423,1.322,,,
[1758212906568815629],11.425,-4.779,0.364,,,
[1758212906575149535],9.979,-4.583,0.304,,,
[1758212906580424795],10.008,-4.482,-0.146,,,
[1758212906585585993],9.483,-4.403,-0.129,,,
[1758212906590705472],9.22,-4.104,-0.445,,,
[1758212906595845420],8.712,-4.087,-0.108,,,
[1758212906600977504],7.977,-3.754,-0.081,,,
[1758212906606100056],8.035,-3.68,0.467,,,
[1758212906611249587],7.247,-3.297,0.579,,,
[1758212906616532868],7.506,-3.352,1.879,,,
[1758212906621755733],6.8,-2.964,2.021,,,
[1758212906626869639],7.242,-3.184,2.447,,,
[1758212906631977556],6.06,-3.043,2.686,,,
[1758212906637144014],7.719,-3.4,2.957,,,
[1758212906642304274],6.974,-3.74,3.203,,,
[1758212906648757295],8.832,-4.25,3.812,,,
[1758212906654004952],7.817,-4.254,4.245,,,
[1758212906659119587],9.555,-4.353,4.19,,,
[1758212906664292347],8.801,-4.587,4.671,,,
[1758212906669400577],9.871,-4.745,4.934,,,
[1758212906674520629],9.294,-4.867,4.226,,,
[1758212906679935577],10.989,-5.023,4.111,,,
[1758212906685100420],10.793,-5.411,3.816,,,
[1758212906690248129],11.135,-5.48,2.768,,,
[1758212906695526931],11.353,-5.959,2.863,,,
[1758212906700666045],11.672,-5.641,2.574,,,
[1758212906705767087],12.079,-5.768,1.477,,,
[1758212906710990160],11.837,-5.863,1.405,,,
[1758212906716214691],11.971,-5.863,1.925,,,
[1758212906721331566],10.819,-5.011,0.752,,,
[1758212906726454691],11.159,-4.937,0.86,,,
[1758212906731599222],9.536,-4.551,0.175,,,
[1758212906739573806],10.058,-4.444,0.091,,,
[1758212906744926722],8.768,-4.293,0.366,,,
[1758212906750128649],9.445,-3.879,-0.692,,,
[1758212906755566879],8.602,-3.938,-0.096,,,
[1758212906760689379],7.827,-3.603,0.438,,,
[1758212906765893285],7.731,-3.421,0.644,,,
[1758212906771024379],7.726,-3.021,1.154,,,
[1758212906776174170],7.149,-3.074,1.697,,,
[1758212906781325681],6.337,-2.931,1.659,,,
[1758212906787037920],7.19,-3.361,2.61,,,
[1758212906792257764],6.495,-3.132,2.986,,,
[1758212906797418754],7.958,-3.833,3.405,,,
[1758212906802585889],7.209,-3.855,3.462,,,
[1758212906807743389],9.287,-4.266,3.917,,,
[1758212906812972451],8.021,-4.417,4.087,,,
[1758212906818112035],9.694,-4.618,4.24,,,
[1758212906823292035],8.722,-4.554,4.611,,,
[1758212906828552608],10.393,-4.841,4.494,,,
[1758212906833749483],9.522,-5.004,4.015,,,
[1758212906838845264],11.413,-5.133,3.745,,,
[1758212906844011983],10.324,-5.43,3.795,,,
[1758212906849124743],11.837,-5.813,2.964,,,
[1758212906854266201],10.934,-5.909,2.528,,,
[1758212906859431879],12.359,-5.677,2.181,,,
[1758212906865053076],11.404,-5.959,1.791,,,
[1758212906871510160],11.088,-5.55,1.094,,,
[1758212906877038649],11.887,-5.385,0.974,,,
[1758212906882280993],10.266,-4.817,1.113,,,
[1758212906887492504],10.834,-4.673,0.599,,,
[1758212906893263389],9.014,-4.396,0.275,,,
[1758212906899549483],10.183,-4.171,-0.393,,,
[1758212906904812139],8.581,-4.008,0.036,,,
[1758212906909937451],8.859,-3.747,-0.204,,,
[1758212906915150576],7.558,-3.809,0.522,,,
[1758212906920250941],8.001,-3.524,0.584,,,
[1758212906925383962],7.101,-3.397,1.238,,,
[1758212906930491306],7.633,-3.103,1.468,,,
[1758212906935661358],6.902,-3.175,1.98,,,
[1758212906940774118],6.924,-3.065,2.72,,,
[1758212906945976931],7.084,-3.237,3.28,,,
[1758212906951075941],6.989,-3.0,3.191,,,
[1758212906956185629],7.705,-3.831,3.189,,,
[1758212906961290160],8.03,-4.125,3.97,,,
[1758212906966545889],9.139,-4.276,3.883,,,
[1758212906973032556],8.291,-4.681,4.164,,,
[1758212906978174743],9.85,-4.853,4.295,,,
[1758212906983303858],8.815,-4.573,4.434,,,
[1758212906988406201],11.097,-5.186,4.413,,,
[1758212906993560368],9.795,-5.176,4.08,,,
[1758212906999116253],11.48,-5.346,3.601,,,
[1758212907004354274],10.812,-5.6,2.902,,,
[1758212907009471983],12.395,-5.782,2.516,,,
[1758212907014679847],11.119,-5.756,2.691,,,
[1758212907019823701],12.081,-5.701,1.99,,,
[1758212907024941306],11.617,-5.703,1.573,,,
[1758212907030053701],11.722,-5.239,1.247,,,
[1758212907035213597],10.767,-5.186,0.893,,,
[1758212907040411358],10.652,-4.614,0.69,,,
[1758212907045667347],9.392,-4.633,0.192,,,
[1758212907050822608],9.957,-4.386,-0.156,,,
[1758212907056002295],9.74,-4.372,-0.266,,,
[1758212907061148962],8.765,-3.886,-0.831,,,
[1758212907066362503],8.756,-4.192,-0.381,,,
[1758212907071476306],8.011,-3.759,-0.235,,,
[1758212907076701826],8.066,-3.651,0.606,,,
[1758212907083260628],6.713,-3.34,1.077,,,
[1758212907088561253],7.724,-3.239,1.614,,,
[1758212907093698910],5.93,-3.139,2.148,,,
[1758212907098876253],7.618,-3.005,2.497,,,
[1758212907104385264],6.574,-3.17,2.83,,,
[1758212907109561201],7.779,-3.44,3.0,,,
[1758212907114767035],7.477,-3.785,3.649,,,
[1758212907119879951],9.069,-4.243,3.694,,,
[1758212907125074951],8.583,-4.367,4.017,,,
[1758212907130302712],9.017,-4.312,4.132,,,
[1758212907135464274],9.108,-4.616,4.738,,,
[1758212907140590264],9.692,-4.487,4.599,,,
[1758212907145721097],9.938,-5.112,4.281,,,
[1758212907150856774],10.511,-5.085,3.929,,,
[1758212907155986983],10.616,-5.476,3.345,,,
[1758212907161103649],11.329,-5.586,2.823,,,
[1758212907166319222],11.863,-5.93,2.974,,,
[1758212907171441931],11.418,-5.595,1.982,,,
[1758212907176691826],12.036,-5.993,1.908,,,
[1758212907181937556],11.763,-5.643,1.101,,,
[1758212907188300420],11.818,-5.361,0.941,,,
[1758212907193731930],10.274,-5.157,0.476,,,
[1758212907198852764],10.695,-4.662,0.769,,,
[1758212907203995889],9.215,-4.42,-0.014,,,
[1758212907209265003],10.384,-4.53,-0.124,,,
[1758212907214724222],8.916,-4.166,0.098,,,
[1758212907219853285],9.182,-3.907,-0.445,,,
[1758212907225055472],8.135,-4.051,-0.184,,,
[1758212907230162399],8.562,-3.448,0.218,,,
[1758212907235306930],7.58,-3.227,0.711,,,
[1758212907240532660],7.527,-3.273,1.295,,,
[1758212907245643233],6.931,-3.074,1.805,,,
[1758212907250752035],7.151,-3.06,1.937,,,
[1758212907255955837],6.879,-3.11,2.564,,,
[1758212907261085524],6.891,-3.148,2.397,,,
[1758212907266242712],6.943,-3.634,2.66,,,
[1758212907271342555],7.882,-3.934,3.01,,,
[1758212907276547920],8.763,-4.257,3.876,,,
[1758212907282101045],8.437,-4.432,3.74,,,
[1758212907287326149],9.175,-4.47,3.994,,,
[1758212907293559847],9.179,-4.693,4.159,,,
[1758212907298978076],10.353,-4.911,4.556,,,
[1758212907304110576],9.886,-5.001,3.989,,,
[1758212907309224274],10.767,-5.262,3.79,,,
[1758212907314375785],10.628,-5.545,3.282,,,
[1758212907320693441],11.526,-5.583,2.816,,,
[1758212907325987868],11.451,-5.751,2.459,,,
[1758212907331105941],11.605,-5.727,2.382,,,
[1758212907336233701],11.794,-5.792,1.856,,,
[1758212907341342972],11.858,-5.476,1.329,,,
[1758212907346474899],11.04,-5.401,1.235,,,
[1758212907351587191],10.661,-4.997,0.627,,,
[1758212907356718962],10.094,-4.781,0.51,,,
[1758212907361840212],9.651,-4.475,0.273,,,
[1758212907367061253],9.946,-4.547,-0.005,,,
[1758212907372315993],9.134,-4.319,-0.057,,,
[1758212907377540889],8.813,-3.974,-0.323,,,
[1758212907382738649],8.394,-3.768,0.184,,,
[1758212907387895524],8.303,-3.601,0.517,,,
[1758212907393026097],7.281,-3.282,0.546,,,
[1758212907398168441],7.738,-3.342,1.231,,,
[1758212907403315212],7.063,-3.335,2.002,,,
[1758212907408768962],7.252,-3.091,2.217,,,
[1758212907413957347],7.037,-3.22,2.531,,,
[1758212907419126878],7.161,-3.503,2.696,,,
[1758212907424342087],7.252,-3.481,3.127,,,
[1758212907430701097],8.169,-3.919,3.273,,,
[1758212907435945472],8.677,-4.35,3.709,,,
[1758212907441051982],8.756,-4.331,3.876,,,
[1758212907446185889],8.815,-4.559,3.831,,,
[1758212907451268597],9.639,-4.659,4.25,,,
[1758212907456356305],9.579,-4.829,4.456,,,
[1758212907461452451],10.041,-5.064,3.917,,,
[1758212907466617972],10.29,-5.224,3.982,,,
[1758212907471788441],10.815,-5.401,3.505,,,
[1758212907477082451],11.281,-5.581,2.794,,,
[1758212907482308701],11.26,-5.811,2.938,,,
[1758212907487461826],11.478,-5.813,2.241,,,
[1758212907492689535],11.744,-5.622,2.03,,,
[1758212907497845212],11.763,-5.665,1.702,,,
[1758212907503005889],11.116,-5.32,1.144,,,
[1758212907508124847],10.755,-5.112,1.314,,,
[1758212907513299378],10.297,-4.604,0.742,,,
[1758212907518821410],10.087,-4.362,0.45,,,
[1758212907524073389],9.476,-4.228,0.062,,,
[1758212907529217607],9.369,-4.542,-0.204,,,
[1758212907534367347],9.012,-4.132,-0.373,,,
[1758212907540778857],8.681,-3.783,0.151,,,
[1758212907546013232],8.375,-3.833,0.52,,,
[1758212907551121930],7.748,-3.448,0.611,,,
[1758212907556264118],7.614,-3.326,0.668,,,
[1758212907561372972],7.599,-3.505,1.128,,,
[1758212907566490160],7.12,-3.263,1.8,,,
[1758212907571604743],6.965,-3.129,1.999,,,
[1758212907576807191],7.14,-3.469,2.406,,,
[1758212907581967399],7.087,-3.412,2.957,,,
[1758212907587176722],7.671,-3.735,2.887,,,
[1758212907592459691],8.432,-4.259,3.093,,,
[1758212907597647087],8.825,-4.343,3.242,,,
[1758212907602875732],8.775,-4.523,4.123,,,
[1758212907608012764],9.323,-4.7,3.991,,,
[1758212907613144170],9.486,-4.805,4.231,,,
[1758212907618289222],9.637,-4.841,3.991,,,
[1758212907623904326],10.211,-5.167,3.948,,,
[1758212907629135576],10.623,-5.114,4.164,,,
[1758212907634277139],10.537,-5.32,3.946,,,
[1758212907639392243],10.882,-5.516,3.029,,,
[1758212907644551097],11.222,-5.531,2.746,,,
[1758212907652511826],11.42,-5.708,1.731,,,
[1758212907658799118],11.612,-5.681,1.82,,,
[1758212907664053337],11.497,-5.397,1.755,,,
[1758212907669205368],10.973,-5.157,1.609,,,
[1758212907674425420],10.405,-4.786,1.12,,,
[1758212907679530576],9.946,-4.508,0.601,,,
[1758212907684637816],9.51,-4.3,0.611,,,
[1758212907689822087],9.383,-4.578,0.69,,,
[1758212907695080784],9.464,-4.214,-0.089,,,
[1758212907700239743],8.789,-3.931,0.127,,,
[1758212907705501826],8.499,-3.96,0.05,,,
[1758212907710705524],8.528,-3.759,0.376,,,
[1758212907715877712],7.98,-3.431,0.587,,,
[1758212907721000889],7.882,-3.472,1.176,,,
[1758212907726265107],7.63,-3.191,1.379,,,
[1758212907732900889],7.221,-3.278,2.143,,,
[1758212907738149587],7.238,-3.345,2.095,,,
[1758212907743349639],7.211,-3.417,2.49,,,
[1758212907748455993],7.441,-3.613,2.789,,,
[1758212907753613232],7.97,-3.924,2.796,,,
[1758212907759010628],8.576,-4.195,2.854,,,
[1758212907764124482],8.894,-4.535,3.333,,,
[1758212907769250732],9.024,-4.58,3.539,,,
[1758212907774506462],9.163,-4.729,3.766,,,
[1758212907779769274],9.493,-4.705,4.164,,,
[1758212907784947555],9.596,-4.954,3.936,,,
[1758212907790052868],9.902,-5.028,3.924,,,
[1758212907795197764],10.12,-4.911,3.915,,,
[1758212907800307868],10.573,-5.219,3.701,,,
[1758212907805441201],10.738,-5.444,2.919,,,
[1758212907810581253],11.15,-5.598,2.866,,,
[1758212907815767555],11.344,-5.447,2.442,,,
[1758212907821038284],11.454,-5.653,2.057,,,
[1758212907826318909],11.387,-5.476,1.961,,,
[1758212907831489899],11.389,-5.473,1.772,,,
[1758212907837094066],10.829,-5.138,1.516,,,
[1758212907842347347],10.403,-4.774,1.41,,,
[1758212907847515732],9.857,-4.482,0.874,,,
[1758212907852708753],9.584,-4.319,0.771,,,
[1758212907857897295],9.335,-4.211,0.419,,,
[1758212907863035368],9.294,-4.032,0.206,,,
[1758212907868550055],9.103,-4.029,0.417,,,
[1758212907873845316],8.554,-3.735,0.333,,,
[1758212907879094274],8.389,-3.761,-0.081,,,
[1758212907884255628],8.03,-3.656,0.594,,,
[1758212907889356722],7.539,-3.519,1.209,,,
[1758212907894497607],7.702,-3.232,1.537,,,
[1758212907899609326],7.434,-3.232,1.836,,,
[1758212907904715628],7.657,-3.352,1.788,,,
[1758212907909887659],7.341,-3.297,2.303,,,
[1758212907915108649],7.357,-3.656,2.327,,,
[1758212907920367399],7.566,-3.654,2.543,,,
[1758212907925587764],8.408,-4.13,2.99,,,
[1758212907930688441],8.94,-4.544,2.607,,,
[1758212907935842764],8.897,-4.707,3.096,,,
[1758212907940948180],9.294,-4.561,3.484,,,
[1758212907947520524],9.369,-5.018,3.68,,,
[1758212907954014222],9.527,-4.834,3.974,,,
[1758212907960472607],9.91,-5.112,4.106,,,
[1758212907965720420],9.993,-5.289,3.852,,,
[1758212907970845941],10.506,-5.191,3.637,,,
[1758212907976341618],10.908,-5.586,3.287,,,
[1758212907981450316],10.848,-5.653,2.84,,,
[1758212907986555576],11.006,-5.552,2.741,,,
[1758212907991679586],11.212,-5.464,2.363,,,
[1758212907996860420],11.475,-5.533,2.231,,,
[1758212908001957711],11.126,-5.397,1.8,,,
[1758212908007178024],11.085,-5.188,1.796,,,
[1758212908012482711],10.568,-5.033,1.958,,,
[1758212908017648180],9.905,-4.685,1.252,,,
[1758212908023167711],9.591,-4.353,1.188,,,
[1758212908028342555],9.567,-4.108,0.929,,,
[1758212908033486409],9.206,-4.13,0.603,,,
[1758212908038597607],9.316,-3.979,0.005,,,
[1758212908043748076],9.084,-3.9,0.721,,,
[1758212908048854899],8.48,-3.862,0.187,,,
[1758212908054090264],8.43,-3.565,0.168,,,
[1758212908059286409],8.186,-3.44,0.706,,,
[1758212908064800732],7.865,-3.522,1.101,,,
[1758212908069936305],7.542,-3.457,1.259,,,
[1758212908075160368],7.669,-3.428,2.195,,,
[1758212908080300316],7.57,-3.395,2.267,,,
[1758212908086790420],7.635,-3.632,1.958,,,
[1758212908092004378],7.721,-3.814,2.514,,,
[1758212908097145784],8.021,-4.037,2.27,,,
[1758212908102285888],8.76,-4.424,2.871,,,
[1758212908107434013],9.139,-4.659,3.17,,,
[1758212908112590368],9.043,-4.796,3.431,,,
[1758212908117726722],9.163,-4.855,3.414,,,
[1758212908122974170],9.486,-4.841,3.632,,,
[1758212908128134013],9.598,-5.15,4.077,,,
[1758212908133295420],9.558,-4.848,3.922,,,
[1758212908138506878],10.233,-5.227,3.675,,,
[1758212908143646878],10.453,-5.241,3.819,,,
[1758212908148758961],10.417,-5.339,3.27,,,
[1758212908153952295],10.523,-5.38,3.06,,,
[1758212908159100524],10.719,-5.562,2.904,,,
[1758212908164233024],10.63,-5.341,2.672,,,
[1758212908169389222],11.059,-5.397,2.49,,,
[1758212908175051722],10.913,-5.42,2.48,,,
[1758212908180194951],10.894,-5.212,1.846,,,
[1758212908185348701],10.625,-5.001,1.568,,,
[1758212908190473493],10.482,-4.673,1.484,,,
[1758212908196751826],9.567,-4.348,1.717,,,
[1758212908202385420],9.476,-4.243,1.109,,,
[1758212908207533805],9.433,-4.061,0.685,,,
[1758212908213821045],9.153,-3.95,0.323,,,
[1758212908219123909],9.215,-3.747,0.603,,,
[1758212908224317816],8.76,-3.754,0.306,,,
[1758212908229429899],8.547,-3.519,-0.055,,,
[1758212908234553388],8.121,-3.639,0.572,,,
[1758212908239649847],8.174,-3.579,0.862,,,
[1758212908244773284],8.045,-3.328,1.18,,,
[1758212908249892399],7.863,-3.426,1.468,,,
[1758212908255116409],7.858,-3.572,1.441,,,
[1758212908260327503],7.791,-3.464,1.597,,,
[1758212908265447763],7.652,-3.587,2.109,,,
[1758212908270562659],7.786,-3.836,2.066,,,
[1758212908275804482],8.265,-4.13,2.648,,,
[1758212908282403180],8.76,-4.515,2.497,,,
[1758212908288773024],9.28,-4.767,2.787,,,
[1758212908294016149],9.301,-4.786,3.007,,,
[1758212908299131149],9.481,-4.863,3.189,,,
[1758212908304252451],9.531,-4.973,3.347,,,
[1758212908310485576],9.371,-4.937,4.041,,,
[1758212908316092972],9.819,-5.277,3.881,,,
[1758212908321243909],10.29,-5.085,3.74,,,
[1758212908326460888],10.254,-5.179,3.481,,,
[1758212908331616357],10.664,-5.428,3.529,,,
[1758212908336757503],10.685,-5.473,3.029,,,
[1758212908341821357],10.527,-5.473,2.337,,,
[1758212908346945836],10.915,-5.37,2.32,,,
[1758212908352012763],10.664,-5.459,2.622,,,
[1758212908357177868],10.853,-5.452,2.521,,,
[1758212908362423909],10.934,-5.078,2.116,,,
[1758212908367522086],10.618,-5.025,1.757,,,
[1758212908372871149],9.965,-4.626,1.949,,,
[1758212908377976045],9.787,-4.207,1.607,,,
[1758212908383049430],9.28,-4.161,1.575,,,
[1758212908388125055],9.273,-3.977,1.257,,,
[1758212908395212920],9.421,-3.898,0.769,,,
[1758212908401825159],8.938,-3.804,1.154,,,
[1758212908408349274],8.997,-3.771,0.247,,,
[1758212908414885368],8.521,-3.711,0.663,,,
[1758212908420137711],8.399,-3.464,0.591,,,
[1758212908425639013],8.392,-3.405,1.051,,,
[1758212908430754118],8.298,-3.632,1.271,,,
[1758212908435868336],8.203,-3.493,1.499,,,
[1758212908440939586],7.851,-3.627,1.872,,,
[1758212908446003493],7.843,-3.723,1.875,,,
[1758212908451086670],7.784,-3.565,1.748,,,
[1758212908456536826],7.834,-3.706,2.049,,,
[1758212908461905211],8.246,-4.101,2.193,,,
[1758212908466997763],8.71,-4.456,2.133,,,
[1758212908472105315],8.923,-4.82,2.545,,,
[1758212908477289899],9.261,-4.992,2.732,,,
[1758212908482429534],9.529,-4.949,3.105,,,
[1758212908487523597],9.397,-5.088,3.275,,,
[1758212908492700576],9.414,-5.107,3.393,,,
[1758212908497931930],9.704,-4.927,3.436,,,
[1758212908503464534],9.718,-5.334,3.661,,,
[1758212908508547607],9.991,-5.27,3.467,,,
[1758212908513662555],10.288,-5.207,3.302,,,
[1758212908518753128],10.087,-5.346,3.124,,,
[1758212908523916982],10.314,-5.365,3.055,,,
[1758212908529031826],10.628,-5.306,2.878,,,
[1758212908535610940],10.53,-5.26,2.531,,,
[1758212908540840367],10.807,-5.44,2.5,,,
[1758212908545929430],10.795,-5.43,2.327,,,
[1758212908551018128],10.487,-4.939,1.973,,,
[1758212908556163492],10.7,-4.803,2.207,,,
[1758212908561237867],10.223,-4.453,2.277,,,
[1758212908566315420],9.685,-4.369,1.805,,,
[1758212908571418805],9.234,-3.967,1.611,,,
[1758212908576703076],9.21,-3.876,1.41,,,
[1758212908581884742],9.213,-3.977,1.508,,,
[1758212908586965576],9.373,-3.795,0.611,,,
[1758212908592058336],8.77,-3.828,0.96,,,
[1758212908597180211],8.772,-3.627,0.848,,,
[1758212908602311565],9.036,-3.563,0.275,,,
[1758212908607425576],8.705,-3.747,1.07,,,
[1758212908612988649],8.416,-3.417,0.579,,,
[1758212908618124847],8.327,-3.524,0.766,,,
[1758212908623362190],8.274,-3.572,1.168,,,
[1758212908628505940],8.277,-3.409,1.53,,,
[1758212908633661305],8.004,-3.522,1.863,,,
[1758212908638760836],8.215,-3.764,1.946,,,
[1758212908644205315],8.243,-3.646,1.932,,,
[1758212908649346826],8.188,-4.051,2.27,,,
[1758212908654612347],8.619,-4.377,2.365,,,
[1758212908659825680],8.981,-4.58,2.31,,,
[1758212908664936930],9.301,-4.757,2.485,,,
[1758212908670076201],9.778,-5.013,2.504,,,
[1758212908675323180],9.708,-5.064,2.99,,,
[1758212908680423961],9.373,-5.176,3.089,,,
[1758212908685586201],9.531,-5.27,3.16,,,
[1758212908690677920],9.778,-5.195,3.376,,,
[1758212908695947190],9.582,-5.066,3.582,,,
[1758212908701062295],9.668,-5.284,3.297,,,
[1758212908706245784],9.926,-5.488,3.417,,,
[1758212908711362972],9.989,-5.358,3.191,,,
[1758212908716525159],10.254,-5.404,3.153,,,
[1758212908722138909],10.262,-5.468,3.175,,,
[1758212908727355419],10.202,-5.236,2.686,,,
[1758212908732573961],10.479,-5.239,2.485,,,
[1758212908737706826],10.659,-5.155,2.54,,,
[1758212908742879065],10.329,-4.949,2.315,,,
[1758212908748002607],10.3,-4.693,2.277,,,
[1758212908754288909],9.946,-4.664,2.263,,,
[1758212908760729742],9.656,-4.187,1.633,,,
[1758212908765956774],9.385,-4.037,1.87,,,
[1758212908771082919],9.263,-3.802,1.872,,,
[1758212908776283492],9.131,-3.757,1.815,,,
[1758212908781389117],8.813,-3.874,1.489,,,
[1758212908786513544],9.124,-3.735,0.91,,,
[1758212908791623649],9.141,-3.831,0.927,,,
[1758212908796761930],8.373,-3.476,1.13,,,
[1758212908801879117],8.595,-3.768,0.713,,,
[1758212908807103857],8.868,-3.632,0.589,,,
[1758212908812243857],8.605,-3.788,1.372,,,
[1758212908817369430],8.265,-3.46,1.032,,,
[1758212908822730992],8.619,-3.838,1.046,,,
[1758212908828244274],8.566,-3.73,1.453,,,
[1758212908833390211],7.951,-3.644,1.494,,,
[1758212908838524586],8.42,-3.745,1.334,,,
[1758212908843707138],8.612,-4.056,1.81,,,
[1758212908848832138],8.274,-4.235,1.82,,,
[1758212908853931149],8.605,-4.532,2.028,,,
[1758212908859026982],9.179,-4.851,2.083,,,
[1758212908864130628],9.151,-4.824,2.44,,,
[1758212908869273284],9.419,-5.119,2.356,,,
[1758212908874927503],9.821,-5.329,3.0,,,
[1758212908880272555],9.471,-5.255,2.909,,,
[1758212908885457815],9.419,-5.267,2.801,,,
[1758212908890566878],9.941,-5.286,2.935,,,
[1758212908895698180],9.725,-5.358,3.788,,,
[1758212908904462659],9.773,-5.499,3.405,,,
[1758212908909597190],10.008,-5.32,3.455,,,
[1758212908914728128],9.852,-5.023,3.395,,,
[1758212908919957451],9.876,-5.097,3.201,,,
[1758212908926350367],10.063,-5.262,2.739,,,
[1758212908931607086],10.032,-5.205,2.49,,,
[1758212908937927399],10.57,-5.205,2.808,,,
[1758212908943482711],10.125,-4.829,2.895,,,
[1758212908948615784],10.032,-4.729,2.263,,,
[1758212908953765524],9.974,-4.429,2.387,,,
[1758212908958869534],9.924,-4.266,2.279,,,
[1758212908963974221],9.641,-4.092,1.834,,,
[1758212908969250732],9.524,-3.874,2.081,,,
[1758212908975537034],9.017,-3.618,2.014,,,
[1758212908981929065],8.945,-3.543,1.463,,,
[1758212908987092867],8.799,-3.242,1.494,,,
[1758212908992374846],8.657,-3.417,0.879,,,
[1758212908997575992],8.825,-3.287,0.596,,,
[1758212909002760471],8.95,-3.821,1.25,,,
[1758212909007877294],8.6,-3.637,1.19,,,
[1758212909012970159],8.708,-3.077,0.903,,,
[1758212909018067138],8.918,-3.893,1.475,,,
[1758212909023281409],9.115,-3.579,0.663,,,
[1758212909028405680],8.586,-3.709,1.295,,,
[1758212909033615628],8.732,-4.243,1.717,,,
[1758212909038710940],8.94,-3.776,0.994,,,
[1758212909043844794],8.748,-4.116,1.439,,,
[1758212909050348440],8.935,-4.266,1.573,,,
[1758212909055601774],8.478,-4.164,1.839,,,
[1758212909060688336],8.878,-4.568,2.401,,,
[1758212909065772138],9.294,-4.654,1.935,,,
[1758212909070872451],8.906,-4.566,2.037,,,
[1758212909076071461],8.99,-4.934,2.342,,,
[1758212909081180680],9.515,-5.351,2.648,,,
[1758212909086630888],9.541,-5.049,2.579,,,
[1758212909091755263],9.986,-5.447,2.674,,,
[1758212909096985732],9.89,-5.6,2.78,,,
[1758212909102094482],9.658,-5.468,3.191,,,
[1758212909107203909],10.058,-5.423,3.309,,,
[1758212909112336669],10.374,-5.483,3.048,,,
[1758212909117426044],9.725,-5.406,3.426,,,
[1758212909122765107],9.74,-5.301,3.108,,,
[1758212909127947867],10.309,-5.088,3.067,,,
[1758212909133163024],10.104,-4.786,3.29,,,
[1758212909138367451],9.663,-4.99,2.535,,,
[1758212909143508701],9.67,-4.999,2.751,,,
[1758212909148618596],9.783,-4.748,2.808,,,
[1758212909153791721],10.135,-4.877,2.375,,,
[1758212909159356044],9.898,-4.829,2.31,,,
[1758212909164460107],9.649,-4.654,2.073,,,
[1758212909169552815],10.116,-4.259,2.081,,,
[1758212909174792138],9.914,-4.161,1.87,,,
[1758212909179921096],9.565,-3.974,1.736,,,
[1758212909185033180],9.206,-3.974,1.817,,,
[1758212909190167034],9.134,-3.577,1.949,,,
[1758212909197436409],9.22,-3.522,1.381,,,
[1758212909203001878],8.732,-3.316,1.642,,,
[1758212909208146201],8.406,-3.206,1.087,,,
[1758212909213265055],8.792,-3.46,1.31,,,
[1758212909218407242],9.131,-3.39,1.156,,,
[1758212909223624742],8.863,-3.345,0.974,,,
[1758212909228744065],8.473,-3.493,1.104,,,
[1758212909233855576],9.002,-3.646,1.034,,,
[1758212909238965159],9.076,-3.625,1.03,,,
[1758212909244158023],8.849,-3.812,1.341,,,
[1758212909249376565],8.837,-4.123,1.109,,,
[1758212909254561513],8.961,-4.017,1.568,,,
[1758212909259737711],8.734,-4.384,1.733,,,
[1758212909266214638],8.82,-4.226,1.836,,,
[1758212909271454430],8.638,-4.592,2.207,,,
[1758212909276693596],8.863,-4.578,2.076,,,
[1758212909281795523],8.983,-4.681,2.313,,,
[1758212909286916565],8.894,-4.934,2.677,,,
[1758212909292020784],9.122,-5.073,2.617,,,
[1758212909297174638],9.155,-5.152,2.851,,,
[1758212909302655211],9.665,-5.179,2.904,,,
[1758212909307790315],9.802,-5.409,3.122,,,
[1758212909313071201],9.596,-5.581,2.828,,,
[1758212909318168701],9.771,-5.624,2.634,,,
[1758212909323403857],9.931,-5.727,3.134,,,
[1758212909328572919],10.029,-5.423,3.323,,,
[1758212909333707398],10.07,-5.71,3.474,,,
[1758212909338828701],9.931,-5.464,3.01,,,
[1758212909344037659],9.857,-5.164,3.191,,,
[1758212909349154013],9.953,-5.023,3.115,,,
[1758212909354334638],9.708,-4.939,3.117,,,
[1758212909359572971],9.651,-4.76,2.964,,,
[1758212909364664586],9.859,-4.81,2.586,,,
[1758212909369879586],9.948,-4.544,2.528,,,
[1758212909375495107],9.62,-4.606,2.205,,,
[1758212909380664794],9.835,-4.501,2.023,,,
[1758212909385793492],9.677,-4.276,2.09,,,
[1758212909390938544],9.665,-4.195,1.958,,,
[1758212909396082242],9.941,-4.041,2.088,,,
[1758212909401192398],9.448,-3.783,1.733,,,
[1758212909406303075],9.419,-3.699,1.659,,,
[1758212909411860992],9.498,-3.567,1.63,,,
[1758212909417962555],9.057,-3.452,1.664,,,
[1758212909424408388],8.734,-3.438,1.379,,,
[1758212909430731409],8.868,-3.067,1.3,,,
[1758212909435980784],8.914,-3.33,1.159,,,
[1758212909441114378],8.796,-3.457,1.132,,,
[1758212909446273753],8.712,-3.388,1.386,,,
[1758212909451389117],8.878,-3.519,1.422,,,
[1758212909456509273],8.969,-3.692,1.223,,,
[1758212909461622815],8.947,-3.91,1.19,,,
[1758212909466753596],8.72,-4.037,1.492,,,
[1758212909471871617],8.753,-3.84,1.389,,,
[1758212909477489534],8.76,-4.161,1.595,,,
[1758212909482704325],9.067,-4.353,1.76,,,
[1758212909487865159],8.528,-4.25,1.681,,,
[1758212909493000315],8.995,-4.458,2.136,,,
[1758212909498094898],8.911,-4.621,2.025,,,
[1758212909503213023],9.153,-4.76,2.195,,,
[1758212909508317659],8.897,-5.037,2.562,,,
[1758212909513434325],8.918,-5.14,2.49,,,
[1758212909518949273],9.096,-5.145,2.646,,,
[1758212909524230107],9.61,-5.346,2.844,,,
[1758212909529415003],9.548,-5.595,2.646,,,
[1758212909534561930],9.4,-5.576,2.727,,,
[1758212909539669117],9.797,-5.634,2.643,,,
[1758212909544843909],10.051,-5.555,2.988,,,
[1758212909549964898],9.795,-5.564,2.777,,,
[1758212909555153909],9.728,-5.741,2.78,,,
[1758212909560397242],9.833,-5.519,3.124,,,
[1758212909565541357],10.046,-5.375,2.89,,,
[1758212909570654273],9.857,-5.409,3.055,,,
[1758212909575862763],9.792,-5.27,2.804,,,
[1758212909580983805],9.838,-4.937,2.787,,,
[1758212909587465315],9.948,-4.796,2.926,,,
[1758212909593855523],9.725,-4.776,2.811,,,
[1758212909599127555],9.697,-4.501,2.722,,,
[1758212909604259586],9.716,-4.3,2.461,,,
[1758212909609355523],9.792,-4.168,2.255,,,
[1758212909614451669],9.838,-4.245,2.006,,,
[1758212909619546357],9.618,-4.041,2.114,,,
[1758212909625958023],9.562,-3.929,1.834,,,
[1758212909631216617],9.742,-3.745,1.604,,,
[1758212909636349638],9.426,-3.577,1.283,,,
[1758212909641450471],9.199,-3.551,1.511,,,
[1758212909646568023],9.467,-3.316,1.477,,,
[1758212909651668752],9.479,-3.419,1.381,,,
[1758212909656792398],9.108,-3.299,1.228,,,
[1758212909661869898],8.842,-3.249,1.25,,,
[1758212909666977398],9.029,-3.302,1.295,,,
[1758212909672368596],9.0,-3.503,1.178,,,
[1758212909677796930],8.995,-3.349,1.233,,,
[1758212909683005211],8.703,-3.457,1.269,,,
[1758212909688112971],8.89,-3.543,1.415,,,
[1758212909694439013],8.971,-3.78,1.432,,,
[1758212909699658388],8.792,-3.905,1.415,,,
[1758212909704794846],8.487,-3.946,1.676,,,
[1758212909709879846],8.847,-4.092,1.7,,,
[1758212909714979846],9.091,-4.281,1.796,,,
[1758212909720072711],9.014,-4.503,2.042,,,
[1758212909725278648],8.875,-4.597,2.033,,,
[1758212909730416148],8.89,-4.887,1.923,,,
[1758212909735853127],9.038,-4.992,2.162,,,
[1758212909741068752],9.141,-5.131,2.162,,,
[1758212909746225680],9.218,-5.102,2.181,,,
[1758212909751365575],9.088,-5.516,2.583,,,
[1758212909756521982],9.261,-5.569,2.55,,,
[1758212909761606044],9.139,-5.49,2.732,,,
[1758212909766677034],9.16,-5.43,2.689,,,
[1758212909771800940],9.488,-5.624,2.976,,,
[1758212909777104794],9.639,-5.54,2.988,,,
[1758212909782394638],9.56,-5.586,2.978,,,
[1758212909787521096],9.529,-5.653,3.0,,,
[1758212909792958909],9.51,-5.432,2.866,,,
[1758212909798133336],9.658,-5.514,3.014,,,
[1758212909804677138],9.838,-5.48,2.813,,,
[1758212909809879794],9.67,-5.217,2.631,,,
[1758212909814981461],9.718,-5.183,2.78,,,
[1758212909820084898],9.831,-4.966,2.746,,,
[1758212909825302659],10.257,-4.853,2.703,,,
[1758212909830410419],9.969,-4.618,2.5,,,
[1758212909835545575],9.821,-4.568,2.351,,,
[1758212909842802086],9.773,-4.207,2.373,,,
[1758212909849229586],9.771,-4.065,2.069,,,
[1758212909854499221],9.608,-3.862,1.901,,,
[1758212909859590367],9.479,-3.955,1.867,,,
[1758212909864682711],9.658,-3.737,1.721,,,
[1758212909869852607],9.701,-3.591,1.652,,,
[1758212909875056982],9.591,-3.419,1.573,,,
[1758212909880152190],9.273,-3.371,1.501,,,
[1758212909885276096],9.275,-3.476,1.386,,,
[1758212909890440367],9.505,-3.431,1.437,,,
[1758212909895646877],9.256,-3.194,1.355,,,
[1758212909900728752],9.409,-3.349,1.446,,,
[1758212909905815419],9.187,-3.112,1.286,,,
[1758212909911036565],9.201,-3.067,1.456,,,
[1758212909916553336],9.124,-3.345,1.343,,,
[1758212909921702242],8.988,-3.412,1.393,,,
[1758212909926873336],8.796,-3.534,1.331,,,
[1758212909931976200],9.052,-3.658,1.52,,,
[1758212909937102242],8.88,-3.814,1.544,,,
[1758212909942304534],8.693,-3.773,1.463,,,
[1758212909947776877],8.902,-3.991,1.597,,,
[1758212909953013284],8.827,-4.219,1.544,,,
[1758212909958226461],8.897,-4.432,2.014,,,
[1758212909963335419],9.031,-4.527,1.81,,,
[1758212909968423492],8.801,-4.745,2.033,,,
[1758212909973631721],8.911,-4.994,2.263,,,
[1758212909978733544],8.961,-4.973,2.188,,,
[1758212909983888232],8.897,-5.219,2.215,,,
[1758212909988981565],8.997,-5.08,2.148,,,
[1758212909994155367],8.89,-5.497,2.306,,,
[1758212909999390523],9.12,-5.394,2.679,,,
[1758212910004660575],9.163,-5.531,2.674,,,
[1758212910009753804],9.012,-5.514,2.775,,,
[1758212910014875315],9.266,-5.602,2.983,,,
[1758212910019978232],9.297,-5.552,2.629,,,
[1758212910026475054],9.287,-5.586,2.902,,,
[1758212910031702086],9.373,-5.677,2.746,,,
[1758212910036830419],9.39,-5.634,2.897,,,
[1758212910041911252],9.483,-5.42,2.816,,,
[1758212910047047242],9.73,-5.552,2.612,,,
[1758212910052230784],9.708,-5.277,2.741,,,
[1758212910057690627],9.615,-5.262,2.772,,,
[1758212910062855106],9.96,-5.054,2.753,,,
[1758212910068044013],9.737,-4.882,2.301,,,
[1758212910073373804],9.536,-4.717,2.466,,,
[1758212910078507346],9.704,-4.578,2.598,,,
[1758212910083682763],9.553,-4.353,2.31,,,
[1758212910088834065],9.828,-4.135,2.133,,,
[1758212910093973023],9.692,-3.9,2.349,,,
[1758212910099123075],9.661,-3.869,2.241,,,
[1758212910104279013],9.847,-3.766,2.078,,,
[1758212910109388388],9.646,-3.656,2.006,,,
[1758212910114591200],9.55,-3.598,2.014,,,
[1758212910119782971],9.567,-3.553,1.899,,,
[1758212910125065211],9.555,-3.481,1.99,,,
[1758212910130242919],9.56,-3.414,1.448,,,
[1758212910135792919],9.723,-3.546,1.743,,,
[1758212910140921669],9.622,-3.388,1.539,,,
[1758212910146029429],9.567,-3.254,1.63,,,
[1758212910151109846],9.347,-3.345,1.654,,,
[1758212910156209013],9.304,-3.366,1.791,,,
[1758212910161364169],9.287,-3.247,1.549,,,
[1758212910170278492],9.072,-3.503,1.53,,,
[1758212910176667034],9.158,-3.577,1.721,,,
[1758212910182135784],9.196,-3.579,1.829,,,
[1758212910187305471],9.084,-3.704,1.609,,,
[1758212910193453596],9.096,-4.049,1.425,,,
[1758212910198731200],9.007,-4.039,1.75,,,
[1758212910203864846],8.985,-4.31,1.58,,,
[1758212910208973336],9.002,-4.458,1.683,,,
[1758212910214114325],9.165,-4.767,1.767,,,
[1758212910219240784],9.033,-4.875,1.858,,,
[1758212910224439534],8.823,-4.999,1.958,,,
[1758212910229570159],8.94,-5.076,2.076,,,
[1758212910234730315],8.921,-5.349,2.148,,,
[1758212910239935731],9.112,-5.255,2.318,,,
[1758212910245448596],8.82,-5.368,2.49,,,
[1758212910250574377],8.976,-5.44,2.33,,,
[1758212910255710263],9.131,-5.54,2.828,,,
[1758212910260855002],9.17,-5.442,2.933,,,
[1758212910265992606],9.081,-5.811,2.602,,,
[1758212910271104742],8.89,-5.646,2.806,,,
[1758212910276609481],9.244,-5.705,2.557,,,
[1758212910281799273],9.074,-5.478,2.492,,,
[1758212910286986200],9.299,-5.545,2.794,,,
[1758212910292327658],9.34,-5.478,2.514,,,
[1758212910297462086],9.416,-5.497,2.557,,,
[1758212910302638961],9.507,-5.382,2.727,,,
[1758212910307800836],9.388,-5.138,2.418,,,
[1758212910313009898],9.606,-5.047,2.251,,,
[1758212910318131356],9.354,-5.167,2.162,,,
[1758212910323391044],9.79,-4.867,2.413,,,
[1758212910328645731],9.555,-4.609,2.483,,,
[1758212910333900836],9.603,-4.575,2.313,,,
[1758212910339020888],9.467,-4.379,2.399,,,
[1758212910344200367],9.347,-4.025,2.174,,,
[1758212910349361252],9.646,-3.938,2.102,,,
[1758212910355863648],9.608,-3.917,2.308,,,
[1758212910361089794],9.773,-3.759,2.258,,,
[1758212910366184898],9.926,-3.531,1.832,,,
[1758212910371295836],9.862,-3.596,1.808,,,
[1758212910376506981],9.787,-3.613,1.968,,,
[1758212910382747867],9.797,-3.546,1.623,,,
[1758212910387878231],9.79,-3.438,1.425,,,
[1758212910393031721],9.665,-3.452,1.647,,,
[1758212910398194794],9.759,-3.472,1.563,,,
[1758212910403389533],9.517,-3.541,1.686,,,
[1758212910408506044],9.536,-3.426,1.719,,,
[1758212910413645158],9.651,-3.496,1.554,,,
[1758212910418766877],9.51,-3.531,1.812,,,
[1758212910423943336],9.455,-3.431,1.793,,,
[1758212910429107971],9.383,-3.414,1.731,,,
[1758212910434263908],9.419,-3.627,2.014,,,
[1758212910439372554],9.412,-3.759,1.604,,,
[1758212910444571513],9.206,-3.826,1.628,,,
[1758212910449738544],9.29,-4.029,1.796,,,
[1758212910454933440],9.16,-4.142,1.935,,,
[1758212910460455002],9.34,-4.235,1.841,,,
[1758212910465610471],9.134,-4.424,1.8,,,
[1758212910470761513],9.292,-4.494,1.877,,,
[1758212910475971721],9.222,-4.621,2.131,,,
[1758212910481083492],9.11,-4.8,2.076,,,
[1758212910486270263],8.923,-5.004,1.865,,,
[1758212910491724794],9.021,-5.047,1.942,,,
[1758212910497280315],9.041,-5.224,2.025,,,
[1758212910502919377],8.894,-5.255,2.2,,,
[1758212910508008596],8.942,-5.282,2.181,,,
[1758212910513107138],9.007,-5.444,2.176,,,
[1758212910518177450],9.096,-5.349,2.222,,,
[1758212910523331044],8.633,-5.274,2.301,,,
[1758212910528447138],8.863,-5.121,2.251,,,
[1758212910533608440],9.005,-5.282,2.43,,,
[1758212910538772138],8.971,-5.44,2.342,,,
[1758212910544007554],8.873,-5.298,2.303,,,
[1758212910549115523],9.048,-5.246,2.442,,,
[1758212910554197138],9.048,-5.377,2.461,,,
[1758212910559263856],9.158,-5.212,2.452,,,
[1758212910564367554],9.254,-5.095,2.272,,,
[1758212910571106981],9.122,-5.143,2.421,,,
[1758212910576417710],9.234,-5.013,2.231,,,
[1758212910583645054],9.352,-4.755,2.337,,,
[1758212910589139377],9.333,-4.733,2.382,,,
[1758212910594294273],9.196,-4.712,2.035,,,
[1758212910600733908],9.498,-4.451,2.138,,,
[1758212910605979846],9.397,-4.436,2.116,,,
[1758212910611078023],9.522,-4.293,2.246,,,
[1758212910616214013],9.596,-4.001,2.413,,,
[1758212910621318700],9.677,-3.912,2.284,,,
[1758212910626540471],9.689,-3.855,1.867,,,
[1758212910631666096],9.754,-3.967,2.14,,,
[1758212910636791513],9.615,-3.687,2.025,,,
[1758212910641901877],9.766,-3.553,1.985,,,
[1758212910647085835],9.78,-3.658,2.14,,,
[1758212910652244221],9.61,-3.747,2.071,,,
[1758212910657364429],9.637,-3.721,1.949,,,
[1758212910662498440],9.874,-3.543,1.985,,,
[1758212910667613700],10.048,-3.634,1.951,,,
[1758212910673231356],9.653,-3.644,1.86,,,
[1758212910678384950],9.728,-3.742,2.059,,,
[1758212910683489533],9.835,-3.764,1.887,,,
[1758212910688583804],9.807,-3.57,2.184,,,
[1758212910693694585],9.761,-3.634,1.879,,,
[1758212910698812867],9.57,-3.697,1.915,,,
[1758212910703941148],9.582,-3.974,2.081,,,
[1758212910709412085],9.572,-3.833,2.059,,,
[1758212910714717919],9.407,-3.998,2.112,,,
[1758212910719868023],9.464,-4.063,1.903,,,
[1758212910725042398],9.493,-4.348,2.059,,,
[1758212910730162137],9.589,-4.271,2.071,,,
[1758212910735348492],9.479,-4.413,2.1,,,
[1758212910740472971],9.541,-4.551,2.428,,,
[1758212910745574117],9.354,-4.549,2.263,,,
[1758212910750672815],9.38,-4.468,2.069,,,
[1758212910755823700],9.44,-4.638,1.863,,,
[1758212910761025575],9.251,-4.626,2.361,,,
[1758212910766180627],9.301,-4.966,2.121,,,
[1758212910771340835],9.184,-4.925,1.932,,,
[1758212910776628648],9.12,-4.973,2.14,,,
[1758212910782271929],9.148,-5.059,2.234,,,
[1758212910787385158],9.165,-5.052,2.361,,,
[1758212910792554429],8.978,-4.987,2.073,,,
[1758212910797676460],9.007,-5.052,2.251,,,
[1758212910802876877],9.0,-5.136,2.126,,,
[1758212910807984846],8.758,-4.911,1.894,,,
[1758212910813165731],8.794,-4.918,1.882,,,
[1758212910818672502],8.933,-5.004,2.011,,,
[1758212910824034690],8.775,-5.009,2.004,,,
[1758212910829203596],8.89,-5.109,2.054,,,
[1758212910834331148],8.916,-5.148,2.004,,,
[1758212910839468856],8.894,-4.985,2.116,,,
[1758212910844612242],8.935,-4.894,1.808,,,
[1758212910849717762],8.882,-4.812,1.879,,,
[1758212910854826929],8.897,-4.652,2.085,,,
[1758212910859954481],9.115,-4.887,2.045,,,
[1758212910865125158],9.0,-4.647,1.911,,,
[1758212910870401721],8.926,-4.772,2.088,,,
[1758212910875608231],9.136,-4.503,1.942,,,
[1758212910880709690],9.187,-4.532,2.243,,,
[1758212910885842398],9.093,-4.561,2.105,,,
[1758212910891400054],9.081,-4.353,2.037,,,
[1758212910896552190],9.263,-4.451,2.059,,,
[1758212910901684481],9.471,-4.398,1.97,,,
[1758212910906827189],9.316,-4.302,2.251,,,
[1758212910911992085],9.34,-4.252,2.047,,,
[1758212910917131408],9.273,-4.223,2.284,,,
[1758212910922325158],9.651,-4.173,2.368,,,
[1758212910927957606],9.685,-4.3,2.337,,,
[1758212910933248596],9.776,-4.209,2.255,,,
[1758212910938390314],9.685,-4.274,2.318,,,
[1758212910943548283],9.531,-4.149,2.198,,,
[1758212910948676252],9.792,-4.07,2.27,,,
[1758212910953807189],9.804,-4.005,2.057,,,
[1758212910958930783],9.747,-4.073,2.325,,,
[1758212910964062294],9.699,-4.046,2.595,,,
[1758212910969181408],9.663,-4.123,2.308,,,
[1758212910974547814],9.776,-4.022,2.492,,,
[1758212910979746356],9.957,-3.984,2.483,,,
[1758212910984834637],9.689,-3.934,2.38,,,
[1758212910989913283],9.91,-3.907,2.061,,,
[1758212910998656044],9.831,-3.991,2.387,,,
[1758212911004263544],9.838,-4.089,2.219,,,
[1758212911009379481],9.776,-4.041,2.167,,,
[1758212911014508179],9.685,-4.185,2.279,,,
[1758212911019619689],9.706,-3.97,2.095,,,
[1758212911024787554],9.665,-4.149,2.322,,,
[1758212911029892762],9.594,-4.125,2.045,,,
[1758212911036187919],9.433,-4.281,1.997,,,
[1758212911042658752],9.23,-4.293,2.255,,,
[1758212911047892189],9.347,-4.18,1.899,,,
[1758212911053018908],9.4,-4.214,2.109,,,
[1758212911058109481],9.263,-4.295,2.143,,,
[1758212911063227450],9.416,-4.355,1.8,,,
[1758212911068325054],9.371,-4.365,2.088,,,
[1758212911073496617],9.337,-4.465,2.21,,,
[1758212911078597242],9.325,-4.463,2.083,,,
[1758212911083737814],9.172,-4.566,1.731,,,
[1758212911088835106],9.163,-4.573,1.877,,,
[1758212911093950523],9.124,-4.59,1.932,,,
[1758212911099058387],9.024,-4.592,1.913,,,
[1758212911104180783],9.093,-4.752,1.76,,,
[1758212911109641356],9.041,-4.736,1.587,,,
[1758212911114808544],9.064,-4.867,1.59,,,
[1758212911119919898],8.894,-4.887,1.81,,,
[1758212911125150471],9.115,-4.8,1.856,,,
[1758212911130347710],8.969,-4.86,2.078,,,
[1758212911135490419],8.897,-4.925,1.973,,,
[1758212911140623544],9.024,-4.834,2.227,,,
[1758212911145779585],8.997,-4.932,1.92,,,
[1758212911151217554],8.758,-4.918,1.755,,,
[1758212911156458335],8.847,-4.865,1.908,,,
[1758212911161570471],8.825,-4.853,1.918,,,
[1758212911166716408],8.942,-5.001,1.939,,,
[1758212911171854012],8.935,-4.851,2.014,,,
[1758212911177006721],8.942,-4.8,2.035,,,
[1758212911182200835],9.048,-4.846,2.018,,,
[1758212911187328960],9.141,-4.879,2.143,,,
[1758212911192512033],9.052,-5.006,2.069,,,
[1758212911197785939],8.997,-4.8,2.045,,,
[1758212911202966408],9.167,-4.891,2.243,,,
[1758212911208070210],9.064,-4.714,2.552,,,
[1758212911213267762],9.227,-4.855,2.102,,,
[1758212911218805575],9.237,-4.621,2.198,,,
[1758212911224048023],9.364,-4.705,2.27,,,
[1758212911229169273],9.383,-4.741,2.231,,,
[1758212911234353439],9.39,-4.482,2.377,,,
[1758212911239451512],9.615,-4.413,2.562,,,
[1758212911244571096],9.199,-4.396,2.327,,,
[1758212911249718335],9.62,-4.415,2.243,,,
[1758212911254877762],9.809,-4.41,2.318,,,
[1758212911260445262],9.457,-4.341,2.315,,,
[1758212911265680106],9.57,-4.187,2.239,,,
[1758212911270833023],9.622,-4.29,2.251,,,
[1758212911276042137],9.802,-4.034,2.437,,,
[1758212911281137606],9.682,-4.053,2.339,,,
[1758212911286234429],9.5,-4.041,2.243,,,
[1758212911291339481],9.816,-3.986,2.349,,,
[1758212911296501148],10.068,-3.948,2.114,,,
[1758212911301693960],9.694,-3.984,2.44,,,
[1758212911306908179],9.661,-4.075,2.361,,,
[1758212911311991408],9.697,-4.07,2.207,,,
[1758212911317096304],9.766,-3.706,2.459,,,
[1758212911322288075],9.725,-3.831,2.241,,,
[1758212911328006512],9.682,-3.792,2.298,,,
[1758212911334248075],9.735,-3.855,2.253,,,
[1758212911339449012],9.957,-3.895,2.279,,,
[1758212911344552137],9.929,-3.886,2.303,,,
[1758212911349630835],9.665,-3.924,2.054,,,
[1758212911354776043],9.754,-4.001,1.956,,,
[1758212911359869846],9.766,-4.104,2.14,,,
[1758212911364992137],9.388,-3.965,2.152,,,
[1758212911370659168],9.656,-4.056,1.999,,,
[1758212911376885158],9.359,-4.061,2.095,,,
[1758212911383266148],9.572,-4.223,1.997,,,
[1758212911388528804],9.541,-4.262,2.09,,,
[1758212911393650887],9.342,-4.252,2.081,,,
[1758212911398742658],9.357,-4.345,2.318,,,
[1758212911403881148],9.412,-4.446,2.061,,,
[1758212911408982762],9.258,-4.405,2.047,,,
[1758212911414089585],9.261,-4.422,2.047,,,
[1758212911419214689],9.189,-4.573,1.896,,,
[1758212911424448856],9.306,-4.496,2.248,,,
[1758212911429630939],9.299,-4.587,1.87,,,
[1758212911435179429],9.093,-4.685,1.791,,,
[1758212911440305366],8.995,-4.745,1.985,,,
[1758212911445426304],9.282,-4.839,1.918,,,
[1758212911450518752],9.041,-4.669,1.982,,,
[1758212911455707085],8.938,-4.851,2.052,,,
[1758212911460827033],8.768,-4.764,1.978,,,
[1758212911465968439],8.818,-4.956,1.853,,,
[1758212911471138335],8.868,-4.913,2.028,,,
[1758212911478076721],8.772,-4.922,1.949,,,
[1758212911483328804],8.918,-4.944,2.085,,,
[1758212911488439064],8.918,-5.193,1.788,,,
[1758212911493570158],8.818,-4.987,1.887,,,
[1758212911498667971],8.935,-4.925,2.066,,,
[1758212911503765418],8.813,-4.954,2.097,,,
[1758212911508852085],8.983,-4.757,2.004,,,
[1758212911513979064],8.832,-4.98,2.004,,,
[1758212911519108387],9.007,-4.98,1.978,,,
[1758212911524353439],8.837,-4.942,2.258,,,
[1758212911529462241],8.961,-4.86,1.939,,,
[1758212911534699741],9.079,-4.817,2.028,,,
[1758212911539854116],8.914,-4.867,1.786,,,
[1758212911545416512],9.136,-4.822,2.116,,,
[1758212911550577606],9.151,-4.681,2.061,,,
[1758212911555724637],9.165,-4.75,2.14,,,
[1758212911560835679],9.079,-4.702,2.258,,,
[1758212911565992866],8.976,-4.681,2.088,,,
[1758212911571116564],9.191,-4.523,2.239,,,
[1758212911576305731],9.179,-4.568,2.215,,,
[1758212911581423231],9.266,-4.549,2.021,,,
[1758212911588080314],9.323,-4.53,2.354,,,
[1758212911594526200],9.452,-4.384,2.143,,,
[1758212911599809116],9.402,-4.314,2.27,,,
[1758212911604942658],9.4,-4.175,1.935,,,
[1758212911610046981],9.416,-4.149,2.195,,,
[1758212911615198387],9.601,-4.099,2.205,,,
[1758212911620352241],9.641,-4.195,2.124,,,
[1758212911625556252],9.711,-4.128,2.227,,,
[1758212911630665470],9.603,-4.008,2.27,,,
[1758212911635815783],9.668,-3.941,2.157,,,
[1758212911641021668],9.685,-4.087,2.342,,,
[1758212911646142918],9.907,-4.161,2.409,,,
[1758212911651523335],9.747,-4.089,2.241,,,
[1758212911658006773],9.797,-4.003,2.404,,,
[1758212911664373231],9.95,-4.005,2.361,,,
[1758212911669609689],9.761,-4.037,2.356,,,
[1758212911674802189],9.84,-4.015,2.155,,,
[1758212911679910731],9.725,-3.972,2.435,,,
[1758212911685015366],9.708,-4.068,2.291,,,
[1758212911690095418],9.799,-3.874,2.219,,,
[1758212911695250679],9.756,-4.008,2.291,,,
[1758212911700652606],9.498,-3.962,2.318,,,
[1758212911705789845],9.572,-3.931,2.32,,,
[1758212911711050731],9.668,-4.056,2.066,,,
[1758212911716217189],9.598,-4.111,2.181,,,
[1758212911721335523],9.534,-4.12,2.464,,,
[1758212911726540262],9.742,-4.073,2.224,,,
[1758212911731689950],9.687,-4.243,2.16,,,
[1758212911736843856],9.618,-4.235,2.26,,,
[1758212911741938439],9.455,-4.199,2.356,,,
[1758212911747081304],9.481,-4.281,2.128,,,
[1758212911752374585],9.582,-4.362,2.14,,,
[1758212911757590679],9.395,-4.259,2.169,,,
[1758212911764171095],9.5,-4.336,1.99,,,
[1758212911769415783],9.414,-4.142,2.342,,,
[1758212911774606668],9.534,-4.494,2.093,,,
[1758212911779737397],9.234,-4.503,1.999,,,
[1758212911784879377],9.306,-4.389,2.03,,,
[1758212911789971356],9.124,-4.654,1.908,,,
[1758212911795076668],9.287,-4.693,2.052,,,
[1758212911800180679],9.117,-4.652,2.04,,,
[1758212911805342970],9.11,-4.647,2.064,,,
[1758212911811881512],9.064,-4.8,2.126,,,
[1758212911817128283],9.038,-4.681,2.052,,,
[1758212911822298439],8.902,-4.81,2.054,,,
[1758212911827486304],8.973,-4.87,1.858,,,
[1758212911832667970],9.158,-4.877,2.045,,,
[1758212911837800627],9.103,-4.901,2.107,,,
[1758212911842958804],8.983,-4.805,2.028,,,
[1758212911848067970],9.002,-4.966,1.719,,,
[1758212911853286668],8.966,-5.006,1.717,,,
[1758212911858523752],8.887,-4.954,1.978,,,
[1758212911863655522],8.89,-5.054,1.875,,,
[1758212911869166460],8.959,-4.779,1.944,,,
[1758212911874427137],9.225,-4.915,1.793,,,
[1758212911879535731],9.184,-4.987,1.765,,,
[1758212911884739741],8.99,-4.8,2.119,,,
[1758212911889827866],8.997,-4.774,2.131,,,
[1758212911894973595],8.95,-4.822,2.184,,,
[1758212911900079116],8.985,-4.724,1.879,,,
[1758212911905209897],9.048,-4.769,1.896,,,
[1758212911910387658],8.933,-4.618,2.04,,,
[1758212911915667241],8.964,-4.86,2.037,,,
[1758212911921162970],9.182,-4.659,1.942,,,
[1758212911926330783],9.029,-4.657,1.733,,,
[1758212911931443387],8.997,-4.599,2.054,,,
[1758212911936622814],9.182,-4.709,2.014,,,
[1758212911941755887],9.057,-4.568,1.997,,,
[1758212911946860418],9.268,-4.506,2.066,,,
[1758212911951959533],9.256,-4.48,1.973,,,
[1758212911957152241],9.313,-4.453,2.231,,,
[1758212911962428700],9.416,-4.353,2.167,,,
[1758212911967601772],9.402,-4.365,2.255,,,
[1758212911974277033],9.215,-4.36,2.222,,,
[1758212911979536304],9.481,-4.156,2.365,,,
[1758212911984665522],9.4,-4.348,2.416,,,
[1758212911989759220],9.445,-4.18,2.263,,,
[1758212911994900470],9.493,-4.185,2.231,,,
[1758212912000073543],9.318,-4.18,2.066,,,
[1758212912005180731],9.352,-4.07,2.365,,,
[1758212912010254012],9.541,-4.219,2.136,,,
[1758212912015380106],9.495,-4.24,2.32,,,
[1758212912020568647],9.476,-4.166,2.167,,,
[1758212912026143647],9.649,-4.271,2.191,,,
[1758212912031340731],9.618,-4.077,2.097,,,
[1758212912036465314],9.694,-4.166,2.401,,,
[1758212912041596616],9.555,-4.118,2.105,,,
[1758212912049825835],9.639,-4.123,2.342,,,
[1758212912054979897],9.62,-4.278,2.258,,,
[1758212912060092658],9.787,-4.087,2.409,,,
[1758212912065287502],9.641,-4.159,2.318,,,
[1758212912070564897],9.625,-4.154,2.361,,,
[1758212912075814324],9.606,-3.991,2.255,,,
[1758212912082342137],9.694,-4.144,2.16,,,
[1758212912088596564],9.67,-4.154,2.267,,,
[1758212912093845887],9.625,-4.257,2.198,,,
[1758212912098947241],9.768,-4.204,2.236,,,
[1758212912104060314],9.577,-4.168,2.172,,,
[1758212912109148127],9.603,-4.183,2.2,,,
[1758212912114247085],9.498,-4.348,2.241,,,
[1758212912119341304],9.452,-4.144,2.236,,,
[1758212912124554585],9.431,-4.281,2.1,,,
[1758212912129742293],9.445,-4.372,2.248,,,
[1758212912135315314],9.421,-4.166,2.164,,,
[1758212912140447397],9.448,-4.331,2.03,,,
[1758212912145557762],9.239,-4.451,2.205,,,
[1758212912150654116],9.309,-4.343,2.21,,,
[1758212912155804168],9.4,-4.537,2.188,,,
[1758212912160997918],9.438,-4.302,2.049,,,
[1758212912166101772],9.227,-4.31,2.243,,,
[1758212912171184429],9.325,-4.357,1.999,,,
[1758212912176422085],9.29,-4.314,2.229,,,
[1758212912181664012],9.213,-4.575,2.102,,,
[1758212912188167033],9.16,-4.468,1.999,,,
[1758212912193378439],9.33,-4.657,1.915,,,
[1758212912198513179],9.108,-4.748,1.954,,,
[1758212912203676772],9.088,-4.673,1.923,,,
[1758212912208778647],9.122,-4.796,1.882,,,
[1758212912213870366],9.153,-4.669,1.992,,,
[1758212912218956304],9.079,-4.738,2.102,,,
[1758212912224157293],9.196,-4.748,2.083,,,
[1758212912229306564],9.088,-4.683,1.709,,,
[1758212912234581199],9.105,-4.793,2.002,,,
[1758212912239802970],9.081,-4.726,2.207,,,
[1758212912245370574],9.275,-4.855,1.901,,,
[1758212912250497866],9.172,-4.8,1.97,,,
[1758212912255608908],9.062,-4.841,1.973,,,
[1758212912260735106],9.268,-4.812,2.126,,,
[1758212912265849845],9.115,-4.829,1.978,,,
[1758212912271138179],9.177,-4.652,2.112,,,
[1758212912277436408],9.088,-4.769,1.856,,,
[1758212912282745470],9.045,-4.843,1.889,,,
[1758212912287890210],9.091,-4.64,1.944,,,
[1758212912293346564],9.218,-4.7,2.04,,,
[1758212912298517866],9.321,-4.657,2.145,,,
[1758212912303640366],9.177,-4.685,1.925,,,
[1758212912308743804],9.143,-4.709,1.966,,,
[1758212912313957866],9.215,-4.585,1.944,,,
[1758212912319257710],9.213,-4.647,2.042,,,
[1758212912324609793],9.239,-4.513,2.042,,,
[1758212912329812449],9.249,-4.561,2.035,,,
[1758212912335005418],9.213,-4.515,2.071,,,
[1758212912340117449],9.206,-4.417,2.207,,,
[1758212912345247501],9.39,-4.396,2.212,,,
[1758212912350736512],9.385,-4.319,2.138,,,
[1758212912355910574],9.222,-4.413,2.274,,,
[1758212912361368856],9.412,-4.494,1.994,,,
[1758212912368015314],9.378,-4.401,2.037,,,
[1758212912373448960],9.483,-4.417,2.073,,,
[1758212912378590314],9.342,-4.243,2.023,,,
[1758212912383738856],9.632,-4.173,2.028,,,
[1758212912388829220],9.462,-4.338,2.277,,,
[1758212912393914533],9.591,-4.164,2.095,,,
[1758212912400550731],9.352,-4.278,2.251,,,
[1758212912405799949],9.627,-4.319,2.279,,,
[1758212912411069168],9.534,-4.314,2.239,,,
[1758212912416207918],9.527,-4.415,2.274,,,
[1758212912421309272],9.582,-4.168,2.478,,,
[1758212912426499845],9.474,-4.381,2.181,,,
[1758212912431628231],9.493,-4.264,2.088,,,
[1758212912436770835],9.464,-4.219,2.294,,,
[1758212912441928335],9.483,-4.355,2.337,,,
[1758212912447358803],9.555,-4.271,2.205,,,
[1758212912453167085],9.488,-4.243,2.16,,,
[1758212912458321303],9.538,-4.24,2.04,,,
[1758212912463440678],9.577,-4.336,2.069,,,
[1758212912468584064],9.306,-4.221,2.253,,,
[1758212912473788751],9.361,-4.348,2.243,,,
[1758212912478890991],9.431,-4.245,2.337,,,
[1758212912484025106],9.479,-4.199,2.172,,,
[1758212912489263856],9.625,-4.389,2.071,,,
[1758212912495195522],9.366,-4.195,2.327,,,
[1758212912500349949],9.376,-4.436,2.114,,,
[1758212912505495366],9.414,-4.401,1.925,,,
[1758212912510837606],9.407,-4.343,2.284,,,
[1758212912516035418],9.218,-4.563,2.243,,,
[1758212912521131408],9.079,-4.372,2.112,,,
[1758212912526330262],9.244,-4.484,2.188,,,
[1758212912531472137],9.316,-4.499,1.982,,,
[1758212912536730887],9.251,-4.415,2.128,,,
[1758212912541953543],9.225,-4.312,2.155,,,
[1758212912547089064],9.23,-4.662,2.09,,,
[1758212912552296251],9.311,-4.638,2.028,,,
[1758212912557469793],9.285,-4.616,2.128,,,
[1758212912565286564],9.043,-4.573,2.167,,,
[1758212912570579376],9.189,-4.566,2.014,,,
[1758212912576206408],9.234,-4.659,2.093,,,
[1758212912581296512],9.335,-4.515,2.042,,,
[1758212912586387918],9.23,-4.64,2.16,,,
[1758212912591494272],9.261,-4.58,2.162,,,
[1758212912596627033],9.33,-4.573,2.09,,,
[1758212912601700210],9.117,-4.614,2.04,,,
[1758212912606799272],9.208,-4.652,2.119,,,
[1758212912611893178],9.05,-4.583,2.004,,,
[1758212912619392189],9.199,-4.599,2.028,,,
[1758212912625982918],9.266,-4.745,2.215,,,
[1758212912633973751],9.239,-4.63,2.219,,,
[1758212912639439741],9.273,-4.724,2.253,,,
[1758212912644560106],9.266,-4.606,2.222,,,
[1758212912649635418],8.99,-4.53,2.028,,,
[1758212912654766147],9.29,-4.544,2.224,,,
[1758212912659847345],9.251,-4.518,2.155,,,
[1758212912664929324],9.258,-4.59,2.162,,,
[1758212912670044376],9.424,-4.638,2.114,,,
[1758212912675259949],9.266,-4.48,2.028,,,
[1758212912680423387],9.299,-4.355,2.181,,,
[1758212912686026095],9.464,-4.494,2.037,,,
[1758212912691153543],9.347,-4.53,2.174,,,
[1758212912696297345],9.4,-4.401,1.992,,,
[1758212912701387605],9.268,-4.266,2.241,,,
[1758212912706490210],9.44,-4.345,2.234,,,
[1758212912711645887],9.488,-4.465,2.107,,,
[1758212912716807710],9.369,-4.489,2.267,,,
[1758212912721925053],9.208,-4.254,2.16,,,
[1758212912727455835],9.378,-4.365,2.002,,,
[1758212912732777293],9.486,-4.322,2.035,,,
[1758212912737908283],9.244,-4.329,2.284,,,
[1758212912743039272],9.39,-4.386,2.002,,,
[1758212912748145105],9.4,-4.278,2.2,,,
[1758212912753251408],9.388,-4.161,2.176,,,
[1758212912758357241],9.354,-4.396,2.26,,,
[1758212912763486512],9.522,-4.257,2.224,,,
[1758212912768609480],9.55,-4.372,2.157,,,
[1758212912773863751],9.337,-4.322,2.258,,,
[1758212912778982658],9.203,-4.401,2.121,,,
[1758212912784102762],9.541,-4.357,2.27,,,
[1758212912789204637],9.493,-4.475,2.028,,,
[1758212912794552866],9.459,-4.207,2.025,,,
[1758212912800859897],9.246,-4.544,2.076,,,
[1758212912807168751],9.409,-4.348,2.21,,,
[1758212912812686720],9.27,-4.353,2.102,,,
[1758212912817790001],9.469,-4.379,2.272,,,
[1758212912823030210],9.361,-4.42,2.155,,,
[1758212912828160418],9.369,-4.468,1.958,,,
[1758212912833764168],9.479,-4.475,2.102,,,
[1758212912838913022],9.488,-4.513,2.061,,,
[1758212912844044012],9.428,-4.48,2.231,,,
[1758212912849150678],9.385,-4.35,2.105,,,
[1758212912854273491],9.347,-4.494,1.994,,,
[1758212912859376355],9.246,-4.47,2.193,,,
[1758212912864492397],9.34,-4.539,2.03,,,
[1758212912869609064],9.328,-4.48,2.014,,,
[1758212912875250835],9.414,-4.532,1.832,,,
[1758212912880412762],9.321,-4.542,2.093,,,
[1758212912885549272],9.392,-4.506,1.858,,,
[1758212912890671512],9.328,-4.465,2.025,,,
[1758212912895831564],9.153,-4.575,2.157,,,
[1758212912900949220],9.201,-4.525,2.028,,,
[1758212912906058178],9.213,-4.554,1.992,,,
[1758212912911171251],9.108,-4.506,2.169,,,
[1758212912916434949],9.222,-4.48,1.999,,,
[1758212912922209741],9.426,-4.539,1.997,,,
[1758212912927416251],9.076,-4.408,1.779,,,
[1758212912932628595],9.206,-4.578,2.207,,,
[1758212912937757293],9.232,-4.621,2.116,,,
[1758212912944175626],9.191,-4.561,2.073,,,
[1758212912949389793],9.275,-4.523,2.073,,,
[1758212912954525939],9.369,-4.496,2.16,,,
[1758212912959634168],9.254,-4.52,2.054,,,
[1758212912964778855],9.196,-4.515,2.04,,,
[1758212912969886095],9.282,-4.458,2.119,,,
[1758212912975064064],9.309,-4.544,2.002,,,
[1758212912980177032],9.493,-4.482,2.066,,,
[1758212912985397657],9.206,-4.551,2.078,,,
[1758212912990598387],9.237,-4.592,2.009,,,
[1758212912995707293],9.258,-4.527,2.016,,,
[1758212913000836564],9.196,-4.367,2.157,,,
[1758212913005993126],9.359,-4.527,2.27,,,
[1758212913011097918],9.246,-4.465,2.03,,,
[1758212913016235678],9.206,-4.463,2.09,,,
[1758212913021352970],9.421,-4.685,2.217,,,
[1758212913026968074],9.397,-4.3,2.255,,,
[1758212913032351564],9.251,-4.575,2.227,,,
[1758212913037496251],9.352,-4.499,2.456,,,
[1758212913042736043],9.325,-4.523,1.851,,,
[1758212913047899168],9.378,-4.446,2.148,,,
[1758212913053398387],9.373,-4.578,2.107,,,
[1758212913058523491],9.452,-4.52,1.913,,,
[1758212913063704585],9.242,-4.46,2.191,,,
[1758212913068859272],9.424,-4.46,2.164,,,
[1758212913074188855],9.512,-4.415,2.428,,,
[1758212913079349220],9.306,-4.355,2.507,,,
[1758212913084519012],9.361,-4.312,2.26,,,
[1758212913089659689],9.488,-4.403,2.145,,,
[1758212913094787762],9.644,-4.393,2.306,,,
[1758212913099898074],9.421,-4.456,2.291,,,
[1758212913105021616],9.404,-4.441,2.088,,,
[1758212913110146199],9.536,-4.247,2.047,,,
[1758212913115351407],9.412,-4.317,2.186,,,
[1758212913120586772],9.388,-4.42,2.009,,,
[1758212913125771720],9.347,-4.345,2.157,,,
[1758212913130842293],9.424,-4.451,2.131,,,
[1758212913136527345],9.488,-4.413,2.267,,,
[1758212913141641043],9.366,-4.441,2.368,,,
[1758212913146745991],9.258,-4.295,2.181,,,
[1758212913151813178],9.395,-4.389,2.105,,,
[1758212913156915991],9.424,-4.307,2.143,,,
[1758212913163055470],9.335,-4.472,2.054,,,
[1758212913169304532],9.352,-4.298,2.088,,,
[1758212913174955366],9.33,-4.396,2.246,,,
[1758212913180089168],9.266,-4.448,1.999,,,
[1758212913185209741],9.33,-4.417,2.052,,,
[1758212913190311355],9.242,-4.396,2.253,,,
[1758212913195441407],9.376,-4.559,2.042,,,
[1758212913200553595],9.268,-4.417,2.054,,,
[1758212913205690626],9.206,-4.322,2.155,,,
[1758212913210788907],9.273,-4.458,2.198,,,
[1758212913215926564],9.275,-4.487,2.152,,,
[1758212913221121095],9.376,-4.566,2.15,,,
[1758212913226326251],9.309,-4.487,2.172,,,
[1758212913231476564],9.242,-4.458,2.028,,,
[1758212913236699168],9.084,-4.532,2.04,,,
[1758212913242380887],9.268,-4.597,2.093,,,
[1758212913247537084],9.27,-4.597,2.263,,,
[1758212913253904324],9.084,-4.523,2.227,,,
[1758212913259173803],9.323,-4.477,2.119,,,
[1758212913264320834],9.369,-4.573,2.138,,,
[1758212913269431876],9.321,-4.623,1.961,,,
[1758212913274614272],9.366,-4.465,2.152,,,
[1758212913281040157],9.321,-4.573,1.848,,,
[1758212913287364116],9.266,-4.487,2.219,,,
[1758212913292679741],9.313,-4.365,2.119,,,
[1758212913297843543],9.167,-4.331,2.162,,,
[1758212913302979220],9.127,-4.573,2.011,,,
[1758212913308082449],9.321,-4.367,2.112,,,
[1758212913313203386],9.292,-4.503,2.1,,,
[1758212913318318907],9.34,-4.487,2.124,,,
[1758212913323542709],9.474,-4.563,2.138,,,
[1758212913328670209],9.27,-4.724,1.987,,,
[1758212913333876980],9.462,-4.515,2.093,,,
[1758212913338994793],9.469,-4.513,2.035,,,
[1758212913344138074],9.275,-4.298,2.124,,,
[1758212913349770209],9.246,-4.434,1.985,,,
[1758212913354903751],9.335,-4.144,2.042,,,
[1758212913360013803],9.287,-4.436,2.246,,,
[1758212913365154324],9.29,-4.424,2.057,,,
[1758212913370279168],9.392,-4.247,2.028,,,
[1758212913375521459],9.409,-4.432,2.195,,,
[1758212913380638126],9.392,-4.427,2.253,,,
[1758212913386899845],9.424,-4.417,2.081,,,
[1758212913392495834],9.364,-4.386,2.126,,,
[1758212913397635209],9.462,-4.379,2.145,,,
[1758212913402798907],9.364,-4.302,2.049,,,
[1758212913407910053],9.361,-4.386,2.095,,,
[1758212913413012241],9.457,-4.372,2.157,,,
[1758212913418128959],9.491,-4.539,2.32,,,
[1758212913423334793],9.337,-4.539,2.016,,,
[1758212913428533803],9.263,-4.468,2.272,,,
[1758212913433769272],9.34,-4.465,2.172,,,
[1758212913442969845],9.352,-4.393,2.286,,,
[1758212913448161668],9.452,-4.317,2.054,,,
[1758212913453339116],9.462,-4.463,2.052,,,
[1758212913459607605],9.373,-4.355,2.059,,,
[1758212913466106564],9.309,-4.322,2.018,,,
[1758212913471322814],9.493,-4.372,1.949,,,
[1758212913476512501],9.321,-4.434,2.119,,,
[1758212913481632449],9.323,-4.475,2.148,,,
[1758212913486780418],9.337,-4.417,2.296,,,
[1758212913491857293],9.357,-4.396,2.076,,,
[1758212913496972293],9.342,-4.594,2.116,,,
[1758212913503428334],9.416,-4.477,1.949,,,
[1758212913508661355],9.184,-4.444,2.243,,,
[1758212913513794689],9.321,-4.444,2.236,,,
[1758212913518917032],9.249,-4.379,2.421,,,
[1758212913524113230],9.282,-4.384,2.1,,,
[1758212913529218178],9.292,-4.506,2.121,,,
[1758212913534323386],9.311,-4.391,2.138,,,
[1758212913539439428],9.232,-4.331,2.1,,,
[1758212913544673699],9.371,-4.31,2.126,,,
[1758212913549865157],9.39,-4.384,2.109,,,
[1758212913554979168],9.433,-4.484,2.04,,,
[1758212913560082918],9.385,-4.448,1.844,,,
[1758212913565214793],9.352,-4.503,2.088,,,
[1758212913570333543],9.297,-4.369,2.093,,,
[1758212913576952397],9.203,-4.499,2.069,,,
[1758212913582228230],9.366,-4.494,2.014,,,
[1758212913587353126],9.318,-4.458,1.994,,,
[1758212913592502293],9.572,-4.451,2.03,,,
[1758212913597616303],9.359,-4.568,2.057,,,
[1758212913602802709],9.239,-4.391,1.982,,,
[1758212913608212084],9.22,-4.41,2.401,,,
[1758212913613366459],9.306,-4.559,2.253,,,
[1758212913618557397],9.278,-4.362,2.267,,,
[1758212913623905574],9.486,-4.408,2.066,,,
[1758212913629041876],9.234,-4.456,2.014,,,
[1758212913634176980],9.392,-4.424,2.04,,,
[1758212913639290938],9.354,-4.408,1.896,,,
[1758212913644460991],9.354,-4.496,2.069,,,
[1758212913649595105],9.448,-4.312,2.023,,,
[1758212913654779063],9.285,-4.532,2.251,,,
[1758212913659944793],9.294,-4.439,2.016,,,
[1758212913665165991],9.249,-4.513,2.162,,,
[1758212913670286043],9.412,-4.494,2.088,,,
[1758212913675504324],9.297,-4.506,2.248,,,
[1758212913680993282],9.282,-4.458,2.2,,,
[1758212913686207397],9.292,-4.456,2.085,,,
[1758212913691358126],9.354,-4.511,2.169,,,
[1758212913696538907],9.448,-4.465,2.071,,,
[1758212913701671147],9.294,-4.52,2.318,,,
[1758212913706784220],9.232,-4.496,2.253,,,
[1758212913711936043],9.38,-4.539,2.286,,,
[1758212913717416147],9.347,-4.463,2.289,,,
[1758212913724481355],9.294,-4.518,2.186,,,
[1758212913729799428],9.462,-4.527,2.052,,,
[1758212913734947761],9.388,-4.496,2.16,,,
[1758212913740114636],9.416,-4.46,2.186,,,
[1758212913745273855],9.256,-4.46,2.03,,,
[1758212913750383647],9.227,-4.487,2.143,,,
[1758212913755503647],9.287,-4.403,2.054,,,
[1758212913760619897],9.371,-4.374,2.286,,,
[1758212913765809688],9.44,-4.472,2.1,,,
[1758212913771077918],9.383,-4.377,2.097,,,
[1758212913776334897],9.388,-4.506,2.037,,,
[1758212913781465938],9.354,-4.408,2.241,,,
[1758212913786986824],9.481,-4.384,1.858,,,
[1758212913792215157],9.218,-4.566,1.982,,,
[1758212913797446772],9.38,-4.465,2.246,,,
[1758212913802634168],9.364,-4.472,2.251,,,
[1758212913807753126],9.285,-4.501,2.126,,,
[1758212913813011772],9.232,-4.31,2.14,,,
[1758212913818139011],9.251,-4.355,2.265,,,
[1758212913823662449],9.225,-4.401,2.16,,,
[1758212913828810886],9.337,-4.362,2.191,,,
[1758212913834076563],9.246,-4.322,1.872,,,
[1758212913839230313],9.469,-4.58,2.059,,,
[1758212913844417865],9.414,-4.432,2.042,,,
[1758212913849534949],9.45,-4.439,2.172,,,
[1758212913854709220],9.431,-4.496,1.863,,,
[1758212913859819897],9.278,-4.381,2.253,,,
[1758212913864920834],9.33,-4.46,2.069,,,
[1758212913870042813],9.45,-4.319,2.291,,,
[1758212913875327449],9.486,-4.408,2.385,,,
[1758212913880501355],9.213,-4.508,2.112,,,
[1758212913885667709],9.237,-4.515,2.124,,,
[1758212913890784220],9.304,-4.403,2.054,,,
[1758212913896312293],9.357,-4.353,2.227,,,
[1758212913901455990],9.313,-4.537,2.21,,,
[1758212913906563751],9.495,-4.556,2.179,,,
[1758212913911667449],9.246,-4.451,2.09,,,
[1758212913916815157],9.474,-4.499,2.174,,,
[1758212913921940261],9.299,-4.384,2.006,,,
[1758212913927192032],9.227,-4.48,2.119,,,
[1758212913933726720],9.323,-4.527,2.267,,,
[1758212913940045522],9.349,-4.568,2.04,,,
[1758212913946386928],9.474,-4.594,2.03,,,
[1758212913952919376],9.313,-4.439,1.958,,,
[1758212913958143855],9.33,-4.58,2.14,,,
[1758212913963272865],9.313,-4.575,2.109,,,
[1758212913968376876],9.591,-4.403,2.157,,,
[1758212913973576459],9.306,-4.314,2.093,,,
[1758212913978693334],9.215,-4.302,2.219,,,
[1758212913983797865],9.452,-4.439,2.114,,,
[1758212913988904897],9.258,-4.41,2.073,,,
[1758212913994068074],9.28,-4.338,2.066,,,
[1758212913999282240],9.369,-4.52,2.116,,,
[1758212914005778542],9.203,-4.48,2.176,,,
[1758212914010984532],9.342,-4.554,2.052,,,
[1758212914016103438],9.431,-4.52,2.035,,,
[1758212914021213542],9.503,-4.484,2.248,,,
[1758212914026432397],9.294,-4.46,2.004,,,
[1758212914031551095],9.278,-4.393,1.992,,,
[1758212914036667657],9.395,-4.389,1.899,,,
[1758212914041779949],9.258,-4.444,2.286,,,
[1758212914046939532],9.33,-4.436,2.219,,,
[1758212914052098595],9.318,-4.532,2.246,,,
[1758212914057328907],9.39,-4.448,2.191,,,
[1758212914062893178],9.321,-4.566,2.025,,,
[1758212914068040365],9.294,-4.444,2.251,,,
[1758212914073224584],9.321,-4.551,2.291,,,
[1758212914078332084],9.392,-4.482,2.205,,,
[1758212914083475574],9.407,-4.489,2.138,,,
[1758212914088581928],9.246,-4.401,2.061,,,
[1758212914093686667],9.206,-4.518,2.179,,,
[1758212914098786407],9.455,-4.547,2.035,,,
[1758212914103985990],9.443,-4.427,2.181,,,
[1758212914109190105],9.258,-4.508,2.167,,,
[1758212914115633907],9.254,-4.539,2.234,,,
[1758212914120864220],9.498,-4.594,2.14,,,
[1758212914126067084],9.239,-4.547,2.184,,,
[1758212914131174376],9.359,-4.451,2.097,,,
[1758212914136300209],9.416,-4.389,2.337,,,
[1758212914141400417],9.426,-4.415,2.006,,,
[1758212914146537709],9.39,-4.544,2.059,,,
[1758212914151650209],9.357,-4.494,1.978,,,
[1758212914156834949],9.194,-4.575,2.097,,,
[1758212914162001199],9.218,-4.482,2.042,,,
[1758212914167113959],9.275,-4.463,2.176,,,
[1758212914172799480],9.357,-4.585,2.004,,,
[1758212914178030990],9.304,-4.341,2.002,,,
[1758212914183198751],9.244,-4.436,2.236,,,
[1758212914188334949],9.297,-4.458,2.121,,,
[1758212914193424792],9.321,-4.429,2.186,,,
[1758212914198528751],9.28,-4.362,2.126,,,
[1758212914203724532],9.359,-4.453,2.363,,,
[1758212914208869063],9.112,-4.432,2.04,,,
[1758212914214167084],9.407,-4.444,1.896,,,
[1758212914219340365],9.232,-4.396,1.903,,,
[1758212914224922605],9.371,-4.436,2.157,,,
[1758212914230032032],9.38,-4.597,2.174,,,
[1758212914235118647],9.376,-4.573,1.992,,,
[1758212914240212344],9.237,-4.477,2.382,,,
[1758212914245391251],9.462,-4.477,2.277,,,
[1758212914250505626],9.28,-4.453,2.071,,,
[1758212914255655938],9.318,-4.441,2.093,,,
[1758212914260777344],9.318,-4.563,2.004,,,
[1758212914265991355],9.412,-4.319,2.045,,,
[1758212914271221147],9.316,-4.499,2.025,,,
[1758212914276413490],9.203,-4.537,2.112,,,
[1758212914281879636],9.424,-4.499,2.016,,,
[1758212914287002292],9.297,-4.441,2.363,,,
[1758212914292204167],9.369,-4.592,2.042,,,
[1758212914297375105],9.488,-4.58,2.047,,,
[1758212914302545678],9.254,-4.563,2.246,,,
[1758212914307627553],9.373,-4.515,2.081,,,
[1758212914312823178],9.582,-4.365,2.069,,,
[1758212914317925417],9.4,-4.532,2.121,,,
[1758212914323247188],9.29,-4.448,2.114,,,
[1758212914328394949],9.352,-4.494,2.354,,,
[1758212914335006980],9.309,-4.492,2.112,,,
[1758212914340245001],9.278,-4.422,1.92,,,
[1758212914345356876],9.218,-4.329,2.308,,,
[1758212914350461407],9.278,-4.365,2.258,,,
[1758212914355618386],9.316,-4.453,2.093,,,
[1758212914360707032],9.359,-4.561,2.184,,,
[1758212914365795886],9.237,-4.563,2.253,,,
[1758212914370954115],9.459,-4.472,2.167,,,
[1758212914376185574],9.299,-4.501,2.088,,,
[1758212914381372657],9.349,-4.508,2.097,,,
[1758212914386551615],9.469,-4.484,2.069,,,
[1758212914393013594],9.392,-4.513,2.231,,,
[1758212914398141094],9.354,-4.391,2.028,,,
[1758212914403279063],9.076,-4.499,2.179,,,
[1758212914408384949],9.316,-4.46,2.076,,,
[1758212914413502865],9.476,-4.458,1.899,,,
[1758212914418608490],9.05,-4.556,2.181,,,
[1758212914423833021],9.371,-4.403,2.004,,,
[1758212914428982553],9.352,-4.578,2.162,,,
[1758212914434222396],9.349,-4.482,2.148,,,
[1758212914440600626],9.361,-4.585,2.059,,,
[1758212914446920157],9.352,-4.59,2.224,,,
[1758212914453542240],9.457,-4.46,1.93,,,
[1758212914458776511],9.493,-4.556,2.236,,,
[1758212914463915521],9.479,-4.427,2.198,,,
[1758212914469015678],9.357,-4.525,2.164,,,
[1758212914474213907],9.261,-4.503,2.164,,,
[1758212914479336824],9.208,-4.568,2.239,,,
[1758212914484497032],9.333,-4.348,1.906,,,
[1758212914489606094],9.357,-4.532,1.879,,,
[1758212914494784011],9.244,-4.487,2.241,,,
[1758212914500224324],9.263,-4.451,2.14,,,
[1758212914505463282],9.246,-4.338,2.258,,,
[1758212914510574011],9.294,-4.393,2.131,,,
[1758212914515697344],9.127,-4.448,2.207,,,
[1758212914520811199],9.249,-4.312,2.155,,,
[1758212914526017969],9.378,-4.41,2.078,,,
[1758212914531142761],9.443,-4.597,1.913,,,
[1758212914536277969],9.459,-4.578,1.935,,,
[1758212914541389949],9.29,-4.556,2.277,,,
[1758212914546617605],9.407,-4.413,2.093,,,
[1758212914551708178],9.261,-4.334,1.918,,,
[1758212914556833386],9.275,-4.573,2.109,,,
[1758212914562424896],9.306,-4.47,2.191,,,
[1758212914567572084],9.239,-4.436,2.277,,,
[1758212914574010209],9.29,-4.518,2.035,,,
[1758212914579260209],9.23,-4.494,2.162,,,
[1758212914584383542],9.383,-4.458,2.176,,,
[1758212914589491563],9.409,-4.436,2.047,,,
[1758212914594629011],9.297,-4.372,2.088,,,
[1758212914599730105],9.412,-4.458,2.253,,,
[1758212914604853803],9.452,-4.413,2.119,,,
[1758212914611146771],9.337,-4.515,2.116,,,
[1758212914616402501],9.445,-4.506,2.143,,,
[1758212914621584219],9.436,-4.434,2.061,,,
[1758212914626828490],9.297,-4.501,2.011,,,
[1758212914631947865],9.38,-4.353,2.114,,,
[1758212914637076719],9.352,-4.59,1.889,,,
[1758212914642254323],9.311,-4.594,2.203,,,
[1758212914647409636],9.45,-4.408,2.002,,,
[1758212914656467344],9.491,-4.446,2.188,,,
[1758212914661661980],9.404,-4.377,2.152,,,
[1758212914666818282],9.136,-4.518,2.105,,,
[1758212914672341094],9.29,-4.302,2.157,,,
[1758212914678605053],9.388,-4.374,2.255,,,
[1758212914683849219],9.373,-4.405,2.047,,,
[1758212914689032032],9.385,-4.424,2.047,,,
[1758212914694166615],9.371,-4.436,2.169,,,
[1758212914699278282],9.199,-4.542,2.083,,,
[1758212914704394480],9.203,-4.52,2.037,,,
[1758212914709508334],9.244,-4.47,1.954,,,
[1758212914714676563],9.467,-4.408,2.073,,,
[1758212914720152657],9.313,-4.398,2.107,,,
[1758212914725454323],9.464,-4.451,2.045,,,
[1758212914730573594],9.287,-4.482,2.193,,,
[1758212914735752969],9.337,-4.568,2.128,,,
[1758212914740853021],9.299,-4.583,2.174,,,
[1758212914745993698],9.383,-4.566,1.863,,,
[1758212914751110157],9.33,-4.298,2.016,,,
[1758212914756303907],9.404,-4.386,2.083,,,
[1758212914761436303],9.234,-4.542,2.14,,,
[1758212914766647657],9.261,-4.506,2.114,,,
[1758212914771810105],9.412,-4.405,2.09,,,
[1758212914777065990],9.376,-4.559,2.014,,,
[1758212914782679636],9.33,-4.523,2.009,,,
[1758212914787857813],9.318,-4.484,2.16,,,
[1758212914793004480],9.337,-4.673,2.126,,,
[1758212914798114792],9.28,-4.525,2.004,,,
[1758212914803356303],9.311,-4.583,2.231,,,
[1758212914808505261],9.321,-4.575,2.136,,,
[1758212914813700157],9.433,-4.518,2.128,,,
[1758212914818827501],9.194,-4.47,2.042,,,
[1758212914824034636],9.287,-4.587,1.994,,,
[1758212914830878698],9.318,-4.503,2.131,,,
[1758212914836129219],9.337,-4.513,2.203,,,
[1758212914841265313],9.335,-4.484,2.219,,,
[1758212914846388282],9.28,-4.477,1.848,,,
[1758212914851552136],9.376,-4.503,2.289,,,
[1758212914856703646],9.244,-4.456,2.093,,,
[1758212914861808907],9.258,-4.563,2.181,,,
[1758212914866916875],9.357,-4.468,2.174,,,
[1758212914872101875],9.199,-4.307,2.248,,,
[1758212914877385938],9.294,-4.322,2.217,,,
[1758212914882571823],9.493,-4.537,2.184,,,
[1758212914889180105],9.333,-4.477,2.03,,,
[1758212914894422136],9.325,-4.427,2.095,,,
[1758212914899527709],9.27,-4.393,2.035,,,
