timestamp,x1,y1,z1,x2,y2,z2
[1758212533458649261],9.251,-4.432,2.016,,,
[1758212533463877229],9.448,-4.413,2.105,,,
[1758212533468996136],9.371,-4.573,2.076,,,
[1758212533474123844],9.335,-4.503,2.057,,,
[1758212533479230198],9.309,-4.312,1.915,,,
[1758212533484378167],9.232,-4.439,2.289,,,
[1758212533489584886],9.376,-4.31,2.21,,,
[1758212533494809729],9.325,-4.47,2.035,,,
[1758212533499922854],9.237,-4.604,2.203,,,
[1758212533505427906],9.385,-4.348,1.985,,,
[1758212533510601031],9.457,-4.594,2.217,,,
[1758212533515849573],9.285,-4.417,1.975,,,
[1758212533521008896],9.345,-4.482,2.248,,,
[1758212533526190250],9.261,-4.357,2.076,,,
[1758212533531582906],9.258,-4.223,2.102,,,
[1758212533536685667],9.218,-4.405,2.083,,,
[1758212533541775979],9.304,-4.429,2.291,,,
[1758212533546962125],9.342,-4.489,2.172,,,
[1758212533552286031],9.457,-4.458,2.207,,,
[1758212533558705771],9.333,-4.348,2.018,,,
[1758212533566115094],9.294,-4.432,2.033,,,
[1758212533571575406],9.39,-4.298,2.014,,,
[1758212533576739625],9.337,-4.436,2.002,,,
[1758212533581851813],9.491,-4.518,2.133,,,
[1758212533586998063],9.385,-4.472,2.035,,,
[1758212533592103323],9.443,-4.451,2.241,,,
[1758212533597267073],9.493,-4.511,2.15,,,
[1758212533602459677],9.51,-4.535,1.949,,,
[1758212533607600823],9.304,-4.578,2.294,,,
[1758212533614635094],9.304,-4.492,2.011,,,
[1758212533619889990],9.476,-4.535,2.188,,,
[1758212533625034573],9.421,-4.506,1.997,,,
[1758212533630149469],9.467,-4.477,2.207,,,
[1758212533635304625],9.256,-4.391,2.037,,,
[1758212533640716135],9.45,-4.472,2.035,,,
[1758212533645866813],9.459,-4.357,1.841,,,
[1758212533650961969],9.464,-4.386,2.203,,,
[1758212533656092698],9.426,-4.42,2.16,,,
[1758212533661350563],9.44,-4.511,1.894,,,
[1758212533666602333],9.471,-4.348,1.949,,,
[1758212533671681083],9.21,-4.302,2.215,,,
[1758212533676783323],9.467,-4.322,2.296,,,
[1758212533681877073],9.467,-4.568,2.203,,,
[1758212533686973583],9.292,-4.453,2.088,,,
[1758212533692083375],9.364,-4.298,2.035,,,
[1758212533697233063],9.352,-4.391,2.126,,,
[1758212533702413375],9.17,-4.501,2.263,,,
[1758212533707610042],9.483,-4.389,2.277,,,
[1758212533713061656],9.335,-4.386,2.107,,,
[1758212533718206552],9.266,-4.484,2.179,,,
[1758212533723626969],9.361,-4.468,2.231,,,
[1758212533728753063],9.311,-4.381,2.069,,,
[1758212533733886240],9.285,-4.446,2.081,,,
[1758212533738998375],9.385,-4.463,2.102,,,
[1758212533744161188],9.481,-4.551,1.987,,,
[1758212533750363896],9.323,-4.444,2.109,,,
[1758212533756825146],9.29,-4.424,2.131,,,
[1758212533762072802],9.457,-4.348,1.86,,,
[1758212533767262281],9.376,-4.3,2.174,,,
[1758212533772418479],9.29,-4.417,2.073,,,
[1758212533777528479],9.251,-4.53,2.076,,,
[1758212533782664573],9.419,-4.523,1.999,,,
[1758212533787736083],9.22,-4.377,2.054,,,
[1758212533792911188],9.359,-4.307,2.069,,,
[1758212533798021500],9.479,-4.429,2.088,,,
[1758212533803185927],9.333,-4.597,2.119,,,
[1758212533808263427],9.364,-4.59,2.023,,,
[1758212533813449990],9.488,-4.429,2.102,,,
[1758212533818547490],9.249,-4.434,2.018,,,
[1758212533823667594],9.33,-4.496,1.968,,,
[1758212533829159521],9.491,-4.472,2.169,,,
[1758212533834267594],9.244,-4.331,2.105,,,
[1758212533839351031],9.268,-4.312,2.272,,,
[1758212533844491188],9.203,-4.515,2.215,,,
[1758212533849591500],9.208,-4.453,2.037,,,
[1758212533854758323],9.273,-4.41,2.234,,,
[1758212533859918740],9.345,-4.408,2.14,,,
[1758212533866513427],9.373,-4.451,2.014,,,
[1758212533871766552],9.294,-4.427,2.217,,,
[1758212533877347437],9.371,-4.513,2.186,,,
[1758212533882530771],9.091,-4.571,1.987,,,
[1758212533887649208],9.309,-4.434,2.191,,,
[1758212533892820146],9.361,-4.47,2.021,,,
[1758212533897959260],9.345,-4.405,2.025,,,
[1758212533903103792],9.292,-4.324,2.222,,,
[1758212533908241083],9.433,-4.312,2.248,,,
[1758212533913518167],9.28,-4.662,2.179,,,
[1758212533918684208],9.395,-4.492,2.14,,,
[1758212533923808115],9.445,-4.424,2.16,,,
[1758212533929011708],9.175,-4.448,2.107,,,
[1758212533934548323],9.213,-4.513,2.042,,,
[1758212533939699885],9.438,-4.515,2.167,,,
[1758212533944859365],9.416,-4.525,2.107,,,
[1758212533950020875],9.294,-4.381,2.174,,,
[1758212533955292490],9.273,-4.468,2.014,,,
[1758212533960455146],9.383,-4.439,2.002,,,
[1758212533965704208],9.213,-4.298,2.069,,,
[1758212533970824521],9.352,-4.494,2.176,,,
[1758212533976267542],9.378,-4.573,2.037,,,
[1758212533981411135],9.4,-4.458,2.057,,,
[1758212533986540510],9.218,-4.324,2.14,,,
[1758212533991659729],9.464,-4.444,1.856,,,
[1758212533996901083],9.383,-4.489,1.975,,,
[1758212534002098792],9.354,-4.549,2.248,,,
[1758212534007266083],9.285,-4.369,2.105,,,
[1758212534012505198],9.273,-4.48,1.966,,,
[1758212534017691292],9.321,-4.413,2.105,,,
[1758212534022913740],9.364,-4.472,2.1,,,
[1758212534028025406],9.366,-4.508,2.229,,,
[1758212534033207437],9.455,-4.506,2.145,,,
[1758212534038393167],9.412,-4.334,2.263,,,
[1758212534044908896],9.479,-4.484,1.982,,,
[1758212534050110458],9.428,-4.458,2.145,,,
[1758212534055208844],9.39,-4.453,2.198,,,
[1758212534060351292],9.397,-4.487,2.002,,,
[1758212534065572542],9.409,-4.518,1.954,,,
[1758212534070680354],9.4,-4.568,2.102,,,
[1758212534075811760],9.376,-4.597,2.322,,,
[1758212534080934469],9.299,-4.47,2.198,,,
[1758212534086404937],9.426,-4.46,2.107,,,
[1758212534091606656],9.316,-4.417,2.088,,,
[1758212534096729312],9.366,-4.585,2.049,,,
[1758212534101861969],9.292,-4.458,2.054,,,
[1758212534106997489],9.361,-4.389,2.102,,,
[1758212534112184469],9.318,-4.441,2.035,,,
[1758212534117377958],9.313,-4.535,2.009,,,
[1758212534122547906],9.412,-4.293,2.037,,,
[1758212534127707542],9.232,-4.424,2.205,,,
[1758212534132974156],9.392,-4.355,2.124,,,
[1758212534138594625],9.347,-4.365,2.116,,,
[1758212534145135094],9.309,-4.561,2.119,,,
[1758212534150375562],9.146,-4.429,2.155,,,
[1758212534155498427],9.347,-4.456,2.423,,,
[1758212534160601396],9.397,-4.544,2.076,,,
[1758212534165782281],9.33,-4.369,2.217,,,
[1758212534170865146],9.313,-4.451,2.009,,,
[1758212534175951708],9.242,-4.432,2.277,,,
[1758212534181022958],9.345,-4.365,2.069,,,
[1758212534186241031],9.4,-4.551,2.042,,,
[1758212534192849677],9.232,-4.465,2.133,,,
[1758212534199221135],9.304,-4.393,2.102,,,
[1758212534204446135],9.254,-4.396,2.176,,,
[1758212534209549104],9.361,-4.494,2.176,,,
[1758212534214761292],9.342,-4.334,2.184,,,
[1758212534219852802],9.328,-4.446,2.03,,,
[1758212534224932802],9.522,-4.408,2.131,,,
[1758212534230023687],9.354,-4.298,2.066,,,
[1758212534235169625],9.153,-4.563,2.116,,,
[1758212534240349677],9.409,-4.484,2.184,,,
[1758212534245565875],9.459,-4.566,1.844,,,
[1758212534251040146],9.299,-4.336,1.994,,,
[1758212534256140927],9.29,-4.314,2.133,,,
[1758212534261258687],9.196,-4.554,2.162,,,
[1758212534266471448],9.256,-4.549,1.999,,,
[1758212534271622854],9.433,-4.523,2.057,,,
[1758212534276742906],9.287,-4.379,2.248,,,
[1758212534281845302],9.431,-4.489,2.44,,,
[1758212534287006864],9.292,-4.331,2.172,,,
[1758212534292182125],9.254,-4.451,2.047,,,
[1758212534297753166],9.263,-4.477,2.124,,,
[1758212534302954989],9.297,-4.544,1.851,,,
[1758212534308084677],9.251,-4.472,2.27,,,
[1758212534313340041],9.404,-4.594,1.992,,,
[1758212534318445041],9.206,-4.417,2.219,,,
[1758212534323558166],9.469,-4.305,2.191,,,
[1758212534328671396],9.445,-4.427,2.203,,,
[1758212534333879885],9.345,-4.405,2.27,,,
[1758212534339142073],9.306,-4.52,2.207,,,
[1758212534344328948],9.06,-4.594,2.152,,,
[1758212534349452125],9.407,-4.578,2.021,,,
[1758212534354613948],9.38,-4.355,1.958,,,
[1758212534361209104],9.304,-4.575,2.011,,,
[1758212534367634260],9.304,-4.585,2.081,,,
[1758212534374039416],9.373,-4.489,2.064,,,
[1758212534379263219],9.438,-4.501,2.179,,,
[1758212534384353479],9.4,-4.537,2.255,,,
[1758212534389437698],9.359,-4.503,2.174,,,
[1758212534394575302],9.335,-4.436,2.188,,,
[1758212534399732177],9.488,-4.369,2.076,,,
[1758212534405161969],9.294,-4.477,2.198,,,
[1758212534410297698],9.4,-4.413,2.138,,,
[1758212534415536396],9.359,-4.487,2.148,,,
[1758212534420680614],9.321,-4.417,2.16,,,
[1758212534425915354],9.433,-4.405,2.298,,,
[1758212534431008687],9.357,-4.494,2.059,,,
[1758212534436086500],9.479,-4.513,1.958,,,
[1758212534441182177],9.474,-4.338,2.251,,,
[1758212534446336916],9.249,-4.377,2.186,,,
[1758212534451448844],9.342,-4.295,1.985,,,
[1758212534456617541],9.292,-4.448,2.219,,,
[1758212534461764416],9.335,-4.556,2.148,,,
[1758212534467442594],9.361,-4.424,2.061,,,
[1758212534472633791],9.354,-4.326,1.992,,,
[1758212534477734364],9.366,-4.503,2.203,,,
[1758212534482921969],9.299,-4.472,2.207,,,
[1758212534488034260],9.373,-4.501,2.085,,,
[1758212534540305823],9.306,-4.523,2.143,,,
[1758212534546780406],9.481,-4.592,2.018,,,
[1758212534552011291],9.383,-4.554,2.009,,,
[1758212534557113427],9.38,-4.329,2.14,,,
[1758212534562021396],9.352,-4.405,2.21,,,
[1758212534565801135],9.282,-4.465,2.006,,,
[1758212534569465927],9.34,-4.549,1.951,,,
[1758212534573124677],9.273,-4.389,2.03,,,
[1758212534576770146],9.416,-4.453,2.064,,,
[1758212534580433791],9.309,-4.506,2.011,,,
[1758212534584137229],9.199,-4.446,2.097,,,
[1758212534587837802],9.452,-4.379,2.025,,,
[1758212534591599208],9.187,-4.532,2.105,,,
[1758212534595277281],9.237,-4.566,2.088,,,
[1758212534598937698],9.407,-4.451,2.061,,,
[1758212534602618323],9.471,-4.42,2.035,,,
[1758212534606271135],9.237,-4.178,2.119,,,
[1758212534609962593],9.467,-4.508,1.944,,,
[1758212534613678375],9.421,-4.288,2.076,,,
[1758212534617331708],9.352,-4.52,2.095,,,
[1758212534621062854],9.299,-4.42,2.006,,,
[1758212534624755927],9.306,-4.393,2.002,,,
[1758212534628441239],9.392,-4.477,1.872,,,
[1758212534632141135],9.431,-4.379,2.071,,,
[1758212534635826343],9.33,-4.472,1.963,,,
[1758212534639487281],9.369,-4.396,2.025,,,
[1758212534643525093],9.285,-4.585,2.09,,,
[1758212534647193427],9.385,-4.585,2.107,,,
[1758212534650878166],9.392,-4.503,2.088,,,
[1758212534654529364],9.11,-4.506,2.128,,,
[1758212534658187437],9.359,-4.578,2.016,,,
[1758212534661964052],9.45,-4.434,2.054,,,
[1758212534665619364],9.311,-4.475,2.076,,,
[1758212534669269885],9.254,-4.329,2.114,,,
[1758212534672950562],9.328,-4.429,2.023,,,
[1758212534676602021],9.323,-4.451,2.1,,,
[1758212534680256812],9.239,-4.542,1.968,,,
[1758212534684015041],9.455,-4.439,2.169,,,
[1758212534687782229],9.431,-4.429,2.121,,,
[1758212534691505146],9.438,-4.305,2.126,,,
[1758212534695131656],9.471,-4.482,1.906,,,
[1758212534698780510],9.313,-4.511,2.045,,,
[1758212534702450979],9.316,-4.492,1.93,,,
[1758212534706130354],9.206,-4.539,2.124,,,
[1758212534709796500],9.306,-4.46,1.963,,,
[1758212534713505927],9.287,-4.48,2.061,,,
[1758212534717137073],9.625,-4.408,2.023,,,
[1758212534720822177],9.261,-4.398,2.004,,,
[1758212534724518375],9.378,-4.463,2.033,,,
[1758212534728197802],9.366,-4.417,1.999,,,
[1758212534731878583],9.419,-4.403,2.064,,,
[1758212534735538166],9.256,-4.396,1.913,,,
[1758212534739192645],9.258,-4.42,2.102,,,
[1758212534742867385],9.282,-4.444,2.002,,,
[1758212534746952698],9.409,-4.389,2.033,,,
[1758212534750748062],9.361,-4.472,1.99,,,
[1758212534754446239],9.452,-4.295,2.04,,,
[1758212534758110302],9.335,-4.381,2.095,,,
[1758212534761871135],9.486,-4.429,2.049,,,
[1758212534765531083],9.321,-4.372,2.195,,,
[1758212534769177750],9.467,-4.47,2.04,,,
[1758212534772813479],9.316,-4.539,2.004,,,
[1758212534776443427],9.637,-4.436,2.006,,,
[1758212534780125041],9.318,-4.427,1.999,,,
[1758212534783843375],9.225,-4.448,2.081,,,
[1758212534787531291],9.483,-4.477,2.105,,,
[1758212534791404052],9.347,-4.432,1.992,,,
[1758212534795128479],9.354,-4.463,2.083,,,
[1758212534798784416],9.383,-4.463,2.088,,,
[1758212534802494781],9.244,-4.429,1.958,,,
[1758212534806146812],9.301,-4.415,1.99,,,
[1758212534809805041],9.385,-4.501,2.09,,,
[1758212534813534573],9.474,-4.487,1.997,,,
[1758212534817206031],9.459,-4.403,2.073,,,
[1758212534820861604],9.311,-4.47,2.018,,,
[1758212534824566239],9.218,-4.477,2.112,,,
[1758212534828227802],9.246,-4.501,2.097,,,
[1758212534831896656],9.471,-4.432,2.054,,,
[1758212534835547958],9.409,-4.362,2.066,,,
[1758212534839201187],9.325,-4.475,2.057,,,
[1758212534842885666],9.455,-4.477,2.126,,,
[1758212534846565354],9.364,-4.405,1.961,,,
[1758212534850240406],9.419,-4.408,2.09,,,
[1758212534855196395],9.404,-4.343,2.073,,,
[1758212534859231239],9.278,-4.52,2.1,,,
[1758212534862989729],9.333,-4.48,1.879,,,
[1758212534866646552],9.242,-4.575,2.033,,,
[1758212534870303062],9.208,-4.614,2.085,,,
[1758212534873988635],9.268,-4.42,2.085,,,
[1758212534877645979],9.443,-4.381,2.131,,,
[1758212534881341083],9.438,-4.456,2.064,,,
[1758212534884976708],9.376,-4.446,2.014,,,
[1758212534888627229],9.325,-4.58,1.944,,,
[1758212534892381864],9.337,-4.527,1.994,,,
[1758212534896040562],9.383,-4.403,1.956,,,
[1758212534899754729],9.321,-4.338,2.128,,,
[1758212534903568166],9.369,-4.432,1.99,,,
[1758212534907242750],9.213,-4.42,2.121,,,
[1758212534910942437],9.431,-4.398,1.992,,,
[1758212534914672229],9.438,-4.377,2.071,,,
[1758212534918323114],9.347,-4.362,2.057,,,
[1758212534921997489],9.309,-4.561,2.011,,,
[1758212534925653635],9.064,-4.585,1.951,,,
[1758212534929444937],9.33,-4.46,2.028,,,
[1758212534933143270],9.232,-4.506,1.997,,,
[1758212534936800250],9.266,-4.367,2.102,,,
[1758212534940489625],9.342,-4.429,2.033,,,
[1758212534944174468],9.335,-4.393,2.078,,,
[1758212534947892125],9.306,-4.549,2.131,,,
[1758212534951615875],9.483,-4.379,2.126,,,
[1758212534955268062],9.392,-4.465,1.997,,,
[1758212534959432177],9.258,-4.48,2.1,,,
[1758212534964344625],9.268,-4.489,1.956,,,
[1758212534969671395],9.28,-4.47,2.088,,,
[1758212534973503791],9.445,-4.468,2.088,,,
[1758212534977164781],9.412,-4.377,2.083,,,
[1758212534980825718],9.402,-4.295,2.045,,,
[1758212534984503531],9.359,-4.482,2.042,,,
[1758212534988160145],9.33,-4.441,2.021,,,
[1758212534991854260],9.498,-4.372,2.057,,,
[1758212534995506812],9.366,-4.506,2.059,,,
[1758212534999171239],9.383,-4.501,1.915,,,
[1758212535002845875],9.301,-4.379,2.198,,,
[1758212535006498322],9.287,-4.48,1.982,,,
[1758212535010172281],9.251,-4.482,2.181,,,
[1758212535013962750],9.196,-4.482,2.071,,,
[1758212535017620927],9.313,-4.424,2.083,,,
[1758212535021344364],9.474,-4.487,2.049,,,
[1758212535025005041],9.397,-4.441,2.105,,,
[1758212535028685510],9.287,-4.439,2.102,,,
[1758212535032377020],9.383,-4.559,2.052,,,
[1758212535036052906],9.474,-4.439,2.059,,,
[1758212535039720250],9.251,-4.369,2.095,,,
[1758212535043435562],9.309,-4.518,1.973,,,
[1758212535047086968],9.345,-4.401,2.093,,,
[1758212535050746760],9.206,-4.432,2.09,,,
[1758212535054451916],9.23,-4.417,2.081,,,
[1758212535058152229],9.486,-4.518,1.841,,,
[1758212535061926916],9.493,-4.518,2.172,,,
[1758212535065851031],9.325,-4.372,1.99,,,
[1758212535069605510],9.349,-4.393,2.076,,,
[1758212535073360770],9.345,-4.573,2.025,,,
[1758212535077024937],9.392,-4.305,1.966,,,
[1758212535080705875],9.258,-4.417,1.937,,,
[1758212535084396447],9.373,-4.539,2.105,,,
[1758212535088058218],9.261,-4.451,2.076,,,
[1758212535091742281],9.275,-4.506,2.136,,,
[1758212535095424260],9.392,-4.427,2.071,,,
[1758212535099077281],9.278,-4.295,2.021,,,
[1758212535102792385],9.366,-4.329,2.061,,,
[1758212535106470510],9.39,-4.429,2.004,,,
[1758212535110204260],9.38,-4.329,2.169,,,
[1758212535113925145],9.352,-4.489,2.105,,,
[1758212535117573375],9.294,-4.513,2.114,,,
[1758212535121332854],9.491,-4.544,2.023,,,
[1758212535125021395],9.464,-4.413,2.059,,,
[1758212535128742906],9.342,-4.403,1.944,,,
[1758212535132425354],9.318,-4.592,2.279,,,
[1758212535136078791],9.455,-4.499,2.066,,,
[1758212535139737125],9.369,-4.46,2.126,,,
[1758212535143457750],9.321,-4.393,2.093,,,
[1758212535147113947],9.318,-4.298,2.088,,,
[1758212535150791760],9.225,-4.518,2.133,,,
[1758212535154480718],9.194,-4.539,2.052,,,
[1758212535158138531],9.34,-4.597,2.035,,,
[1758212535161871343],9.213,-4.463,2.128,,,
[1758212535165526968],9.328,-4.307,1.951,,,
[1758212535169496395],9.256,-4.389,2.102,,,
[1758212535173280614],9.249,-4.496,2.035,,,
[1758212535176977124],9.388,-4.424,2.014,,,
[1758212535180617229],9.452,-4.496,2.014,,,
[1758212535184286864],9.376,-4.484,2.1,,,
[1758212535187950249],9.232,-4.417,1.994,,,
[1758212535191659052],9.325,-4.374,2.009,,,
[1758212535195324520],9.4,-4.515,2.023,,,
[1758212535199020093],9.254,-4.35,2.071,,,
[1758212535202682593],9.383,-4.413,1.939,,,
[1758212535206323479],9.488,-4.298,2.176,,,
[1758212535209987072],9.199,-4.475,2.011,,,
[1758212535213841864],9.38,-4.453,2.1,,,
[1758212535217578479],9.275,-4.353,2.14,,,
[1758212535221299624],9.29,-4.331,2.14,,,
[1758212535224981239],9.29,-4.439,2.078,,,
[1758212535228643270],9.278,-4.484,2.047,,,
[1758212535232314052],9.299,-4.386,1.985,,,
[1758212535235975302],9.316,-4.379,2.037,,,
[1758212535239706291],9.333,-4.417,2.112,,,
[1758212535243378947],9.266,-4.549,1.944,,,
[1758212535247079364],9.323,-4.436,2.066,,,
[1758212535250724781],9.464,-4.568,2.131,,,
[1758212535254398114],9.23,-4.46,2.143,,,
[1758212535258045406],9.354,-4.441,1.935,,,
[1758212535261777593],9.321,-4.46,1.899,,,
[1758212535265456864],9.28,-4.573,2.085,,,
[1758212535270212645],9.414,-4.453,2.148,,,
[1758212535275738010],9.369,-4.52,2.133,,,
[1758212535281016604],9.311,-4.463,2.006,,,
[1758212535286165874],9.266,-4.468,2.018,,,
[1758212535291266760],9.309,-4.506,2.085,,,
[1758212535296398322],9.342,-4.468,2.198,,,
[1758212535301531604],9.426,-4.365,2.128,,,
[1758212535306684885],9.481,-4.401,2.21,,,
[1758212535311807541],9.488,-4.429,2.071,,,
[1758212535317027958],9.328,-4.501,2.102,,,
[1758212535322316968],9.354,-4.492,2.033,,,
[1758212535327490927],9.208,-4.453,2.186,,,
[1758212535332650354],9.38,-4.506,1.963,,,
[1758212535337760562],9.378,-4.377,1.925,,,
[1758212535342965562],9.424,-4.338,2.076,,,
[1758212535348098218],9.227,-4.527,2.119,,,
[1758212535353226916],9.321,-4.465,2.215,,,
[1758212535358369156],9.385,-4.58,2.076,,,
[1758212535363563843],9.196,-4.554,2.011,,,
[1758212535368696552],9.395,-4.594,1.992,,,
[1758212535373876708],9.246,-4.451,1.954,,,
[1758212535378969937],9.225,-4.492,2.239,,,
[1758212535385991083],9.34,-4.503,1.946,,,
[1758212535392424729],9.306,-4.463,2.114,,,
[1758212535398774104],9.479,-4.446,2.236,,,
[1758212535404038999],9.361,-4.475,2.174,,,
[1758212535409210354],9.361,-4.551,2.236,,,
[1758212535415815926],9.304,-4.463,2.14,,,
[1758212535421042385],9.342,-4.53,2.073,,,
[1758212535426169833],9.215,-4.389,2.095,,,
[1758212535431261708],9.316,-4.408,2.014,,,
[1758212535436391708],9.282,-4.492,2.224,,,
[1758212535441461708],9.29,-4.374,2.004,,,
[1758212535446558947],9.196,-4.573,2.042,,,
[1758212535451705041],9.443,-4.594,2.219,,,
[1758212535456936395],9.397,-4.391,2.15,,,
[1758212535462205979],9.38,-4.513,2.042,,,
[1758212535467400301],9.325,-4.427,2.095,,,
[1758212535472649104],9.215,-4.472,2.073,,,
[1758212535477777958],9.404,-4.379,2.011,,,
[1758212535482982072],9.495,-4.496,2.107,,,
[1758212535488529833],9.488,-4.389,2.052,,,
[1758212535493761968],9.325,-4.547,2.102,,,
[1758212535498880614],9.349,-4.503,1.999,,,
[1758212535503984104],9.369,-4.331,2.219,,,
[1758212535509111187],9.294,-4.31,2.203,,,
[1758212535514291604],9.261,-4.456,2.191,,,
[1758212535519400145],9.285,-4.379,2.167,,,
[1758212535524538322],9.297,-4.468,2.2,,,
[1758212535529644729],9.44,-4.413,2.112,,,
[1758212535534903895],9.38,-4.465,2.296,,,
[1758212535540041447],9.313,-4.353,2.169,,,
[1758212535545154208],9.309,-4.539,2.076,,,
[1758212535550269729],9.371,-4.458,2.085,,,
[1758212535555434051],9.21,-4.456,2.217,,,
[1758212535560633583],9.369,-4.434,2.03,,,
[1758212535565901083],9.474,-4.594,1.982,,,
[1758212535571062854],9.452,-4.398,1.968,,,
[1758212535576214208],9.285,-4.324,2.138,,,
[1758212535581348791],9.493,-4.575,2.025,,,
[1758212535586512541],9.304,-4.458,2.014,,,
[1758212535591686395],9.345,-4.446,2.2,,,
[1758212535598285822],9.479,-4.422,2.076,,,
[1758212535604778531],9.282,-4.434,2.169,,,
[1758212535610015458],9.28,-4.53,2.241,,,
[1758212535615208010],9.471,-4.295,1.982,,,
[1758212535620356499],9.199,-4.453,2.286,,,
[1758212535625492906],9.45,-4.492,2.093,,,
[1758212535630596239],9.397,-4.585,2.049,,,
[1758212535635710197],9.301,-4.448,2.119,,,
[1758212535640820249],9.292,-4.46,2.136,,,
[1758212535645991239],9.345,-4.492,2.004,,,
[1758212535651186499],9.199,-4.436,1.903,,,
[1758212535656301239],9.301,-4.336,2.114,,,
[1758212535661415926],9.385,-4.489,2.066,,,
[1758212535666618218],9.23,-4.508,2.128,,,
[1758212535671730353],9.498,-4.518,2.045,,,
[1758212535676861708],9.337,-4.559,2.15,,,
[1758212535682006864],9.373,-4.46,1.966,,,
[1758212535687169937],9.373,-4.408,2.059,,,
[1758212535692337749],9.455,-4.58,2.243,,,
[1758212535697458166],9.292,-4.47,1.994,,,
[1758212535702859781],9.457,-4.484,2.014,,,
[1758212535709391656],9.311,-4.475,2.002,,,
[1758212535714638791],9.498,-4.331,1.906,,,
[1758212535719771499],9.407,-4.403,2.145,,,
[1758212535724922228],9.39,-4.422,2.121,,,
[1758212535730033062],9.354,-4.391,2.241,,,
[1758212535735140770],9.376,-4.35,1.865,,,
[1758212535740251551],9.301,-4.372,2.057,,,
[1758212535745403062],9.493,-4.441,2.169,,,
[1758212535750613791],9.275,-4.561,2.143,,,
[1758212535755852020],9.282,-4.513,2.093,,,
[1758212535760973739],9.199,-4.424,2.212,,,
[1758212535766184260],9.337,-4.331,2.078,,,
[1758212535771337801],9.366,-4.458,2.083,,,
[1758212535776471916],9.321,-4.594,2.033,,,
[1758212535781591031],9.194,-4.384,2.234,,,
[1758212535786774051],9.385,-4.46,2.248,,,
[1758212535791900822],9.364,-4.295,2.006,,,
[1758212535797008322],9.278,-4.468,1.932,,,
[1758212535802088739],9.433,-4.508,2.052,,,
[1758212535807222645],9.392,-4.391,2.126,,,
[1758212535812850978],9.292,-4.537,2.014,,,
[1758212535818141291],9.263,-4.475,2.284,,,
[1758212535824675978],9.476,-4.527,1.865,,,
[1758212535829905822],9.323,-4.413,2.011,,,
[1758212535835019989],9.493,-4.331,2.148,,,
[1758212535840114885],9.428,-4.496,2.097,,,
[1758212535845247385],9.38,-4.432,1.882,,,
[1758212535850347489],9.392,-4.508,2.033,,,
[1758212535855453635],9.278,-4.436,2.064,,,
[1758212535860567176],9.33,-4.465,1.894,,,
[1758212535865854051],9.354,-4.305,2.155,,,
[1758212535871098583],9.385,-4.393,2.176,,,
[1758212535876270874],9.328,-4.427,2.083,,,
[1758212535881378218],9.225,-4.487,2.025,,,
[1758212535886501551],9.27,-4.48,2.028,,,
[1758212535891592072],9.285,-4.46,2.174,,,
[1758212535896722176],9.354,-4.317,2.064,,,
[1758212535901845405],9.376,-4.594,1.99,,,
[1758212535907037333],9.488,-4.298,2.222,,,
[1758212535912302489],9.498,-4.477,2.157,,,
[1758212535917923478],9.359,-4.365,1.889,,,
[1758212535923147541],9.256,-4.355,2.073,,,
[1758212535928257124],9.474,-4.511,2.059,,,
[1758212535933439676],9.385,-4.436,2.174,,,
[1758212535938542905],9.383,-4.508,2.27,,,
[1758212535943647749],9.392,-4.501,2.224,,,
[1758212535948779208],9.275,-4.487,2.057,,,
[1758212535953922072],9.294,-4.585,2.085,,,
[1758212535959065301],9.309,-4.468,1.92,,,
[1758212535964392072],9.297,-4.48,1.879,,,
[1758212535969514572],9.139,-4.396,1.982,,,
[1758212535974663895],9.225,-4.424,2.193,,,
[1758212535979772280],9.328,-4.417,2.035,,,
[1758212535984882072],9.455,-4.448,2.069,,,
[1758212535990015458],9.29,-4.453,2.119,,,
[1758212535995162333],9.21,-4.31,2.267,,,
[1758212536000282645],9.491,-4.413,2.052,,,
[1758212536005435093],9.407,-4.48,2.124,,,
[1758212536010555718],9.263,-4.403,2.061,,,
[1758212536015745405],9.433,-4.503,2.035,,,
[1758212536021257228],9.369,-4.396,2.126,,,
[1758212536026492437],9.407,-4.472,2.028,,,
[1758212536031681968],9.412,-4.487,2.083,,,
[1758212536036807541],9.28,-4.484,2.119,,,
[1758212536041910457],9.301,-4.48,2.102,,,
[1758212536047038218],9.294,-4.422,2.181,,,
[1758212536052216239],9.383,-4.41,2.246,,,
[1758212536057375874],9.366,-4.381,2.21,,,
[1758212536063686343],9.345,-4.446,2.073,,,
[1758212536070059155],9.347,-4.465,2.157,,,
[1758212536075322645],9.342,-4.317,2.105,,,
[1758212536080427332],9.246,-4.434,2.174,,,
[1758212536085558791],9.316,-4.578,2.205,,,
[1758212536090668843],9.306,-4.487,2.028,,,
[1758212536095773426],9.237,-4.475,2.124,,,
[1758212536100877124],9.318,-4.487,2.016,,,
[1758212536106020249],9.383,-4.379,2.217,,,
[1758212536111175041],9.467,-4.362,2.126,,,
[1758212536116432541],9.321,-4.583,2.282,,,
[1758212536121546655],9.416,-4.322,2.212,,,
[1758212536127044780],9.27,-4.542,2.27,,,
[1758212536132302957],9.373,-4.319,2.179,,,
[1758212536137423791],9.409,-4.496,2.066,,,
[1758212536142583843],9.318,-4.391,1.901,,,
[1758212536147739207],9.239,-4.334,2.198,,,
[1758212536152906030],9.318,-4.448,2.112,,,
[1758212536158069364],9.345,-4.527,2.145,,,
[1758212536163269624],9.457,-4.46,2.076,,,
[1758212536168356291],9.325,-4.537,2.109,,,
[1758212536173579937],9.445,-4.427,2.011,,,
[1758212536178847385],9.237,-4.307,2.136,,,
[1758212536183997176],9.457,-4.539,2.222,,,
[1758212536189197957],9.421,-4.415,2.064,,,
[1758212536194328478],9.244,-4.487,2.2,,,
[1758212536202077176],9.333,-4.475,2.114,,,
[1758212536207220041],9.39,-4.458,2.157,,,
[1758212536212398530],9.464,-4.408,2.004,,,
[1758212536217613010],9.323,-4.36,2.188,,,
[1758212536222752853],9.335,-4.334,2.193,,,
[1758212536227958895],9.488,-4.35,2.303,,,
[1758212536234205978],9.304,-4.465,1.848,,,
[1758212536240763530],9.38,-4.506,2.028,,,
[1758212536246095770],9.481,-4.42,2.133,,,
[1758212536251305978],9.402,-4.405,1.999,,,
[1758212536256432957],9.287,-4.456,2.212,,,
[1758212536261556447],9.22,-4.506,1.994,,,
[1758212536266770041],9.493,-4.372,2.152,,,
[1758212536271867593],9.421,-4.331,2.131,,,
[1758212536276994051],9.28,-4.444,2.033,,,
[1758212536282104884],9.05,-4.314,2.2,,,
[1758212536287274989],9.378,-4.515,2.272,,,
[1758212536292537957],9.273,-4.501,2.107,,,
[1758212536297654624],9.5,-4.489,2.023,,,
[1758212536302825822],9.333,-4.59,2.279,,,
[1758212536307935405],9.28,-4.298,2.14,,,
[1758212536313115614],9.371,-4.424,2.126,,,
[1758212536318228687],9.476,-4.429,1.987,,,
[1758212536323348322],9.316,-4.386,2.15,,,
[1758212536328446655],9.251,-4.544,2.184,,,
[1758212536333598947],9.345,-4.427,2.059,,,
[1758212536338696603],9.325,-4.532,2.059,,,
[1758212536344221864],9.328,-4.508,2.184,,,
[1758212536349487697],9.278,-4.47,2.157,,,
[1758212536354613947],9.4,-4.554,2.03,,,
[1758212536359738009],9.254,-4.571,2.198,,,
[1758212536365010718],9.38,-4.506,2.045,,,
[1758212536370167853],9.376,-4.523,2.121,,,
[1758212536375295301],9.476,-4.47,2.069,,,
[1758212536380414520],9.4,-4.513,2.124,,,
[1758212536385563322],9.27,-4.465,2.035,,,
[1758212536390738426],9.38,-4.499,2.102,,,
[1758212536395975197],9.416,-4.41,2.172,,,
[1758212536401128947],9.34,-4.305,2.229,,,
[1758212536406249989],9.455,-4.341,2.236,,,
[1758212536411404207],9.28,-4.444,2.078,,,
[1758212536416632124],9.323,-4.446,2.083,,,
[1758212536421764676],9.316,-4.374,2.203,,,
[1758212536426906864],9.258,-4.525,2.018,,,
[1758212536432050926],9.392,-4.377,2.054,,,
[1758212536437239103],9.459,-4.583,2.078,,,
[1758212536442427697],9.335,-4.312,2.241,,,
[1758212536447561864],9.335,-4.494,2.239,,,
[1758212536453117020],9.361,-4.487,2.064,,,
[1758212536458348322],9.342,-4.353,1.992,,,
[1758212536463545041],9.345,-4.298,2.116,,,
[1758212536468708270],9.438,-4.434,2.09,,,
[1758212536473866291],9.318,-4.477,2.138,,,
[1758212536478960666],9.462,-4.453,2.009,,,
[1758212536484121811],9.335,-4.578,2.03,,,
[1758212536489222072],9.301,-4.58,2.018,,,
[1758212536494379832],9.491,-4.575,2.15,,,
[1758212536499632436],9.34,-4.468,2.114,,,
[1758212536504753478],9.201,-4.47,2.069,,,
[1758212536509890718],9.431,-4.439,2.234,,,
[1758212536515101811],9.357,-4.389,2.09,,,
[1758212536520248999],9.304,-4.578,2.081,,,
[1758212536525405509],9.258,-4.477,2.095,,,
[1758212536530541499],9.498,-4.357,2.124,,,
[1758212536535702020],9.469,-4.458,2.14,,,
[1758212536540801291],9.318,-4.417,2.138,,,
[1758212536545943166],9.467,-4.403,2.222,,,
[1758212536551029259],9.354,-4.42,2.052,,,
[1758212536556521655],9.28,-4.424,1.92,,,
[1758212536561752697],9.354,-4.561,2.119,,,
[1758212536566980822],9.361,-4.451,2.224,,,
[1758212536572223270],9.364,-4.42,2.155,,,
[1758212536577376759],9.29,-4.343,2.124,,,
[1758212536582557020],9.407,-4.42,2.071,,,
[1758212536587711082],9.431,-4.489,2.049,,,
[1758212536592904103],9.199,-4.472,2.109,,,
[1758212536598036603],9.371,-4.482,2.258,,,
[1758212536603301082],9.309,-4.422,2.191,,,
[1758212536608417645],9.201,-4.568,2.119,,,
[1758212536613662749],9.261,-4.393,1.944,,,
[1758212536618778478],9.237,-4.374,1.985,,,
[1758212536623889884],9.325,-4.463,2.037,,,
[1758212536628982176],9.251,-4.542,2.179,,,
[1758212536634167332],9.201,-4.398,1.894,,,
[1758212536639273009],9.361,-4.446,2.191,,,
[1758212536644382957],9.416,-4.293,1.875,,,
[1758212536649478218],9.378,-4.405,2.164,,,
[1758212536654619989],9.316,-4.386,2.188,,,
[1758212536659753009],9.527,-4.489,2.064,,,
[1758212536665406030],9.483,-4.427,2.21,,,
[1758212536670642645],9.479,-4.47,2.176,,,
[1758212536675767697],9.313,-4.587,2.263,,,
[1758212536680878114],9.194,-4.436,1.894,,,
[1758212536686017801],9.491,-4.295,2.061,,,
[1758212536691129311],9.352,-4.465,2.133,,,
[1758212536696230561],9.273,-4.463,2.234,,,
[1758212536701392436],9.294,-4.436,2.143,,,
[1758212536706589259],9.392,-4.326,2.172,,,
[1758212536711769259],9.203,-4.396,2.004,,,
[1758212536716929259],9.369,-4.408,2.052,,,
[1758212536722047593],9.426,-4.465,2.215,,,
[1758212536727222645],9.493,-4.444,2.152,,,
[1758212536732397645],9.491,-4.362,1.985,,,
[1758212536737479468],9.206,-4.544,2.277,,,
[1758212536742802072],9.373,-4.503,2.167,,,
[1758212536747948426],9.33,-4.571,2.164,,,
[1758212536753057020],9.294,-4.477,2.061,,,
[1758212536758167593],9.369,-4.503,2.102,,,
[1758212536763365718],9.218,-4.432,2.121,,,
[1758212536768908113],9.311,-4.403,2.229,,,
[1758212536774179832],9.301,-4.535,2.1,,,
[1758212536780795613],9.337,-4.563,2.009,,,
[1758212536786296707],9.39,-4.405,2.263,,,
[1758212536791440353],9.311,-4.436,1.997,,,
[1758212536796561603],9.366,-4.329,2.236,,,
[1758212536801674624],9.258,-4.326,2.272,,,
[1758212536806858530],9.354,-4.341,2.076,,,
[1758212536811986759],9.273,-4.575,2.061,,,
[1758212536817276291],9.474,-4.489,2.03,,,
[1758212536822453738],9.328,-4.453,2.267,,,
[1758212536827574311],9.29,-4.444,2.298,,,
[1758212536832746759],9.294,-4.484,2.188,,,
[1758212536837921343],9.392,-4.47,2.006,,,
[1758212536843023374],9.366,-4.568,2.126,,,
[1758212536848115197],9.328,-4.585,2.1,,,
[1758212536853260353],9.196,-4.575,2.253,,,
[1758212536858499728],9.316,-4.3,2.203,,,
[1758212536863718999],9.354,-4.494,2.152,,,
[1758212536868831811],9.457,-4.384,1.958,,,
[1758212536874405093],9.359,-4.559,2.16,,,
[1758212536879743270],9.194,-4.571,2.037,,,
[1758212536884905613],9.333,-4.563,2.203,,,
[1758212536890009676],9.299,-4.475,2.04,,,
[1758212536895139103],9.313,-4.305,2.155,,,
[1758212536900235405],9.304,-4.322,2.069,,,
[1758212536905420874],9.349,-4.448,2.203,,,
[1758212536910583009],9.266,-4.523,2.294,,,
[1758212536915821915],9.567,-4.456,2.078,,,
[1758212536921041134],9.321,-4.494,2.272,,,
[1758212536926229103],9.354,-4.302,2.169,,,
[1758212536931418061],9.445,-4.31,2.296,,,
[1758212536936570561],9.249,-4.317,2.143,,,
[1758212536941789520],9.409,-4.417,2.138,,,
[1758212536947385145],9.352,-4.403,2.073,,,
[1758212536952580457],9.404,-4.326,2.136,,,
[1758212536957697228],9.29,-4.494,2.059,,,
[1758212536962944207],9.357,-4.484,2.303,,,
[1758212536968092280],9.457,-4.36,2.018,,,
[1758212536973303165],9.201,-4.511,2.164,,,
[1758212536979521186],9.33,-4.566,2.047,,,
[1758212536986040926],9.292,-4.597,2.04,,,
[1758212536991369884],9.313,-4.456,2.131,,,
[1758212536996619468],9.292,-4.515,2.112,,,
[1758212537001719624],9.38,-4.585,2.205,,,
[1758212537006852124],9.364,-4.506,2.102,,,
[1758212537011965353],9.294,-4.46,2.174,,,
[1758212537017168165],9.244,-4.367,2.088,,,
[1758212537022386082],9.357,-4.487,2.279,,,
[1758212537027495093],9.357,-4.537,2.277,,,
[1758212537032717384],9.474,-4.563,2.069,,,
[1758212537037917697],9.246,-4.484,2.052,,,
[1758212537043043999],9.256,-4.52,2.145,,,
[1758212537048150145],9.325,-4.499,2.26,,,
[1758212537053257384],9.416,-4.47,2.148,,,
[1758212537058364728],9.38,-4.365,2.04,,,
[1758212537063581447],9.467,-4.312,2.102,,,
[1758212537068676395],9.404,-4.539,1.882,,,
[1758212537073819468],9.282,-4.319,2.081,,,
[1758212537078943738],9.388,-4.31,2.023,,,
[1758212537084068218],9.371,-4.444,2.198,,,
[1758212537089211395],9.21,-4.492,2.126,,,
[1758212537094843999],9.323,-4.561,2.279,,,
[1758212537100082697],9.476,-4.511,2.078,,,
[1758212537105238009],9.493,-4.501,2.028,,,
[1758212537110350978],9.431,-4.487,2.071,,,
[1758212537115554832],9.285,-4.422,2.248,,,
[1758212537120649415],9.371,-4.341,2.107,,,
[1758212537125777228],9.397,-4.496,2.191,,,
[1758212537130875457],9.349,-4.453,2.136,,,
[1758212537136060145],9.273,-4.46,2.121,,,
[1758212537141277488],9.203,-4.436,2.107,,,
[1758212537146374155],9.227,-4.46,2.277,,,
[1758212537151550770],9.333,-4.472,2.009,,,
[1758212537156725249],9.39,-4.585,2.246,,,
[1758212537161838426],9.541,-4.295,2.037,,,
[1758212537166992176],9.366,-4.439,2.27,,,
[1758212537172228478],9.369,-4.444,2.184,,,
[1758212537177403217],9.493,-4.432,2.078,,,
[1758212537182632228],9.366,-4.36,2.186,,,
[1758212537187796655],9.345,-4.365,2.047,,,
[1758212537193049467],9.491,-4.568,2.148,,,
[1758212537199463738],9.34,-4.31,2.054,,,
[1758212537204821863],9.416,-4.535,2.105,,,
[1758212537211238999],9.325,-4.506,2.361,,,
[1758212537216527280],9.462,-4.429,2.105,,,
[1758212537221611499],9.388,-4.415,2.298,,,
[1758212537226708322],9.34,-4.499,2.066,,,
[1758212537231797749],9.378,-4.494,2.227,,,
[1758212537236933061],9.45,-4.458,2.047,,,
[1758212537242031134],9.254,-4.427,2.172,,,
[1758212537247152749],9.378,-4.535,2.037,,,
[1758212537252315301],9.397,-4.511,2.037,,,
[1758212537257517124],9.467,-4.403,2.148,,,
[1758212537262688009],9.479,-4.492,2.088,,,
[1758212537267785353],9.325,-4.472,2.263,,,
[1758212537272973113],9.515,-4.463,2.064,,,
[1758212537278096603],9.383,-4.417,2.016,,,
[1758212537283190665],9.462,-4.468,2.1,,,
[1758212537288262645],9.476,-4.422,2.116,,,
[1758212537293598686],9.347,-4.566,2.016,,,
[1758212537303244884],9.457,-4.571,1.879,,,
[1758212537309000822],9.275,-4.41,2.064,,,
[1758212537314751551],9.309,-4.477,2.198,,,
[1758212537319868374],9.369,-4.503,2.195,,,
[1758212537324993113],9.256,-4.472,2.047,,,
[1758212537330064155],9.366,-4.501,2.136,,,
[1758212537335172072],9.261,-4.42,2.114,,,
[1758212537340250613],9.208,-4.523,2.076,,,
[1758212537345370665],9.416,-4.334,2.234,,,
[1758212537350471499],9.249,-4.508,2.267,,,
[1758212537355630978],9.376,-4.374,2.033,,,
[1758212537360783165],9.577,-4.592,2.188,,,
[1758212537365891967],9.349,-4.515,2.253,,,
[1758212537371024467],9.407,-4.475,2.083,,,
[1758212537376252436],9.239,-4.295,2.109,,,
[1758212537381355717],9.39,-4.561,2.061,,,
[1758212537386521394],9.433,-4.544,2.097,,,
[1758212537391641707],9.318,-4.508,2.21,,,
[1758212537396745665],9.321,-4.518,2.181,,,
[1758212537401808999],9.448,-4.312,2.184,,,
[1758212537406945613],9.21,-4.477,2.2,,,
[1758212537412271342],9.325,-4.501,2.15,,,
[1758212537417428113],9.4,-4.436,2.109,,,
[1758212537423069572],9.44,-4.477,1.927,,,
[1758212537428261186],9.297,-4.439,1.997,,,
[1758212537433371759],9.297,-4.573,2.195,,,
[1758212537438509207],9.246,-4.573,2.181,,,
[1758212537443652592],9.498,-4.583,2.224,,,
[1758212537448754415],9.278,-4.362,2.016,,,
[1758212537453893165],9.299,-4.314,2.061,,,
[1758212537459053686],9.476,-4.482,2.174,,,
[1758212537464384103],9.254,-4.527,2.064,,,
[1758212537469550040],9.234,-4.417,2.014,,,
[1758212537474770874],9.29,-4.413,2.15,,,
[1758212537479947228],9.383,-4.456,2.071,,,
[1758212537485095353],9.227,-4.494,2.04,,,
[1758212537490227540],9.469,-4.48,2.136,,,
[1758212537495344936],9.282,-4.444,2.03,,,
[1758212537500452124],9.242,-4.329,2.212,,,
[1758212537505643426],9.357,-4.322,2.274,,,
[1758212537510744103],9.402,-4.355,1.918,,,
[1758212537515890144],9.297,-4.307,2.243,,,
[1758212537521315249],9.285,-4.539,2.114,,,
[1758212537528982749],9.321,-4.377,2.231,,,
[1758212537534543999],9.29,-4.408,2.203,,,
[1758212537539727905],9.45,-4.444,2.296,,,
[1758212537544866759],9.33,-4.539,2.272,,,
[1758212537549971551],9.354,-4.322,2.162,,,
[1758212537555113686],9.27,-4.597,2.188,,,
[1758212537560220249],9.419,-4.35,2.193,,,
[1758212537565348217],9.232,-4.475,2.059,,,
[1758212537570560561],9.347,-4.377,1.942,,,
[1758212537577529207],9.292,-4.542,2.064,,,
[1758212537583935769],9.359,-4.365,2.239,,,
[1758212537589191394],9.457,-4.585,1.817,,,
[1758212537594339571],9.354,-4.501,2.095,,,
[1758212537599442801],9.438,-4.393,2.081,,,
[1758212537604558686],9.249,-4.47,2.157,,,
[1758212537609680509],9.345,-4.36,2.145,,,
[1758212537615028165],9.27,-4.3,2.27,,,
[1758212537620211655],9.483,-4.453,2.112,,,
[1758212537625445561],9.215,-4.453,2.116,,,
[1758212537631037436],9.412,-4.432,2.248,,,
[1758212537636264207],9.282,-4.393,2.184,,,
[1758212537641367488],9.225,-4.537,2.107,,,
[1758212537646472905],9.491,-4.305,2.167,,,
[1758212537651574051],9.407,-4.424,2.272,,,
[1758212537656693738],9.309,-4.472,2.085,,,
[1758212537661793165],9.23,-4.453,2.102,,,
[1758212537666908478],9.33,-4.458,2.116,,,
[1758212537672032696],9.29,-4.547,2.126,,,
[1758212537677374103],9.33,-4.441,2.1,,,
[1758212537682602540],9.313,-4.494,2.16,,,
[1758212537687725665],9.412,-4.527,2.109,,,
[1758212537692951082],9.369,-4.482,2.131,,,
[1758212537698066655],9.316,-4.293,2.176,,,
[1758212537703186238],9.345,-4.374,2.152,,,
[1758212537708320978],9.498,-4.446,2.066,,,
[1758212537713473634],9.292,-4.307,2.042,,,
[1758212537718573165],9.239,-4.381,2.102,,,
[1758212537723749780],9.471,-4.513,2.109,,,
[1758212537728896759],9.041,-4.36,2.289,,,
[1758212537737186707],9.34,-4.585,2.131,,,
[1758212537742464936],9.33,-4.36,2.042,,,
[1758212537747593269],9.421,-4.585,2.15,,,
[1758212537752761499],9.407,-4.48,2.002,,,
[1758212537757889728],9.397,-4.451,2.243,,,
[1758212537763048061],9.392,-4.415,2.045,,,
[1758212537768168217],9.29,-4.47,2.227,,,
[1758212537773404988],9.39,-4.465,2.004,,,
[1758212537778633999],9.208,-4.377,1.927,,,
[1758212537783834467],9.258,-4.506,1.994,,,
[1758212537788958686],9.364,-4.563,2.148,,,
[1758212537794114571],9.347,-4.482,2.294,,,
[1758212537799249988],9.249,-4.401,2.203,,,
[1758212537804358321],9.33,-4.338,2.193,,,
[1758212537809454467],9.213,-4.355,2.023,,,
[1758212537814562071],9.062,-4.482,2.184,,,
[1758212537819653321],9.407,-4.389,1.992,,,
[1758212537824961290],9.333,-4.453,2.282,,,
[1758212537830115196],9.443,-4.46,2.239,,,
[1758212537835277123],9.306,-4.434,2.102,,,
[1758212537841868894],9.397,-4.475,2.047,,,
[1758212537847208426],9.407,-4.401,2.198,,,
[1758212537852351238],9.285,-4.386,2.231,,,
[1758212537857435144],9.366,-4.489,1.927,,,
[1758212537862574623],9.225,-4.446,2.176,,,
[1758212537867687644],9.354,-4.338,2.136,,,
[1758212537872893634],9.481,-4.396,2.186,,,
[1758212537877987905],9.395,-4.585,2.164,,,
[1758212537883161238],9.481,-4.379,2.227,,,
[1758212537888374519],9.431,-4.477,2.088,,,
[1758212537893474519],9.323,-4.563,2.253,,,
[1758212537898549832],9.366,-4.317,2.15,,,
[1758212537903727905],9.392,-4.345,2.282,,,
[1758212537908829832],9.436,-4.298,2.054,,,
[1758212537913970978],9.249,-4.317,1.918,,,
[1758212537919075196],9.342,-4.456,2.018,,,
[1758212537924283217],9.249,-4.494,2.073,,,
[1758212537929397748],9.345,-4.503,2.085,,,
[1758212537934504363],9.313,-4.544,2.191,,,
[1758212537939641811],9.206,-4.537,1.915,,,
[1758212537945187436],9.34,-4.444,2.136,,,
[1758212537950403842],9.412,-4.439,2.006,,,
[1758212537955546342],9.249,-4.475,2.085,,,
[1758212537960661759],9.337,-4.48,2.047,,,
[1758212537965765144],9.385,-4.556,2.236,,,
[1758212537970884051],9.261,-4.362,2.023,,,
[1758212537976057228],9.498,-4.302,2.172,,,
[1758212537981171030],9.237,-4.298,2.064,,,
[1758212537986329780],9.34,-4.41,1.968,,,
[1758212537991545301],9.227,-4.401,2.284,,,
[1758212537996702592],9.359,-4.379,2.011,,,
[1758212538001815665],9.395,-4.319,2.219,,,
[1758212538006959675],9.397,-4.556,2.236,,,
[1758212538012087905],9.371,-4.487,2.023,,,
[1758212538017268217],9.268,-4.413,2.09,,,
[1758212538022478634],9.321,-4.482,2.061,,,
[1758212538027707748],9.278,-4.427,2.047,,,
[1758212538032900873],9.376,-4.405,2.052,,,
[1758212538038056342],9.297,-4.592,2.215,,,
[1758212538043304207],9.335,-4.575,2.054,,,
[1758212538048419415],9.251,-4.535,2.155,,,
[1758212538054999259],9.337,-4.492,2.028,,,
[1758212538061334936],9.29,-4.53,2.286,,,
[1758212538066611290],9.383,-4.456,2.148,,,
[1758212538071727696],9.251,-4.465,2.277,,,
[1758212538076897332],9.275,-4.523,2.188,,,
[1758212538082012019],9.301,-4.403,2.042,,,
[1758212538087141134],9.345,-4.506,2.126,,,
[1758212538092293321],9.34,-4.456,2.174,,,
[1758212538097422957],9.366,-4.312,2.107,,,
[1758212538102634884],9.498,-4.439,2.334,,,
[1758212538107867228],9.416,-4.458,2.071,,,
[1758212538112970717],9.397,-4.475,2.128,,,
[1758212538118053165],9.361,-4.3,2.195,,,
[1758212538123249884],9.4,-4.477,2.057,,,
[1758212538128347905],9.376,-4.341,2.195,,,
[1758212538133436446],9.222,-4.422,1.951,,,
[1758212538138531655],9.44,-4.357,2.112,,,
[1758212538143700925],9.471,-4.338,2.081,,,
[1758212538148798842],9.459,-4.408,2.222,,,
[1758212538153983998],9.493,-4.391,2.239,,,
[1758212538160529884],9.203,-4.532,1.879,,,
[1758212538168169207],9.498,-4.468,2.181,,,
[1758212538173521863],9.306,-4.532,2.248,,,
[1758212538178738113],9.251,-4.465,1.887,,,
[1758212538183859050],9.28,-4.542,2.298,,,
[1758212538188955978],9.239,-4.446,2.069,,,
[1758212538194079467],9.342,-4.403,2.229,,,
[1758212538199170353],9.495,-4.427,2.093,,,
[1758212538204245248],9.325,-4.571,2.14,,,
[1758212538209346030],9.347,-4.585,2.002,,,
[1758212538214482436],9.263,-4.535,1.951,,,
[1758212538219681811],9.651,-4.465,2.272,,,
[1758212538224892800],9.366,-4.384,2.023,,,
[1758212538230001655],9.306,-4.508,2.2,,,
[1758212538235137436],9.318,-4.405,2.136,,,
[1758212538240227175],9.333,-4.503,2.014,,,
[1758212538245318425],9.414,-4.427,2.069,,,
[1758212538250422175],9.436,-4.53,2.205,,,
[1758212538255640300],9.357,-4.343,2.114,,,
[1758212538260752436],9.292,-4.305,2.188,,,
[1758212538265880509],9.39,-4.35,2.071,,,
[1758212538270996134],9.371,-4.525,2.152,,,
[1758212538276599727],9.323,-4.527,2.03,,,
[1758212538281796655],9.373,-4.513,2.102,,,
[1758212538286914727],9.21,-4.429,2.282,,,
[1758212538292051186],9.421,-4.482,2.107,,,
[1758212538297187384],9.299,-4.424,2.195,,,
[1758212538302334780],9.424,-4.434,1.882,,,
[1758212538307426655],9.402,-4.405,2.04,,,
[1758212538312723582],9.366,-4.47,2.061,,,
[1758212538317977227],9.299,-4.515,2.03,,,
[1758212538323238634],9.347,-4.446,1.985,,,
[1758212538328338009],9.227,-4.391,2.037,,,
[1758212538333493113],9.333,-4.46,2.014,,,
[1758212538338605665],9.426,-4.439,2.203,,,
[1758212538343751707],9.459,-4.396,1.961,,,
[1758212538348836759],9.278,-4.353,2.107,,,
[1758212538354016342],9.409,-4.69,2.258,,,
[1758212538359150873],9.222,-4.408,2.04,,,
[1758212538364262748],9.225,-4.374,2.105,,,
[1758212538369349102],9.452,-4.48,1.999,,,
[1758212538374573321],9.349,-4.36,2.045,,,
[1758212538380157800],9.294,-4.465,2.061,,,
[1758212538385418321],9.318,-4.432,2.138,,,
[1758212538390510873],9.352,-4.487,2.167,,,
[1758212538395621811],9.311,-4.487,2.138,,,
[1758212538400734311],9.409,-4.465,2.188,,,
[1758212538405868946],9.464,-4.487,2.289,,,
[1758212538411016759],9.237,-4.506,2.133,,,
[1758212538416121655],9.409,-4.539,2.076,,,
[1758212538421285821],9.34,-4.348,2.078,,,
[1758212538426961030],9.304,-4.331,2.049,,,
[1758212538432063530],9.325,-4.377,2.078,,,
[1758212538437200925],9.476,-4.456,2.128,,,
[1758212538442408217],9.316,-4.484,2.184,,,
[1758212538447533009],9.222,-4.525,2.251,,,
[1758212538452748582],9.275,-4.496,2.064,,,
[1758212538457919571],9.282,-4.575,2.284,,,
[1758212538463096394],9.354,-4.413,2.037,,,
[1758212538468230769],9.409,-4.58,2.21,,,
[1758212538473524363],9.361,-4.477,2.148,,,
[1758212538478727592],9.354,-4.379,2.212,,,
[1758212538483932904],9.301,-4.47,2.081,,,
[1758212538489551550],9.428,-4.441,2.27,,,
[1758212538494699207],9.311,-4.513,2.229,,,
[1758212538499826863],9.349,-4.48,2.131,,,
[1758212538504981290],9.354,-4.367,2.076,,,
[1758212538510093269],9.27,-4.542,2.088,,,
[1758212538515189988],9.29,-4.302,2.006,,,
[1758212538522912904],9.349,-4.465,2.121,,,
[1758212538528364311],9.349,-4.398,2.028,,,
[1758212538533629259],9.27,-4.441,2.097,,,
[1758212538538746863],9.402,-4.46,2.181,,,
[1758212538543876134],9.316,-4.355,2.1,,,
[1758212538548966290],9.476,-4.46,2.105,,,
[1758212538554098998],9.325,-4.503,2.26,,,
[1758212538559222436],9.407,-4.472,2.16,,,
[1758212538564334154],9.297,-4.535,2.112,,,
[1758212538569481082],9.416,-4.384,2.095,,,
[1758212538574801082],9.139,-4.518,2.207,,,
[1758212538579928061],9.359,-4.386,2.227,,,
[1758212538585079571],9.323,-4.42,1.923,,,
[1758212538590563009],9.345,-4.525,1.872,,,
[1758212538595831967],9.452,-4.451,2.083,,,
[1758212538600970977],9.294,-4.47,2.049,,,
[1758212538606112748],9.349,-4.439,2.124,,,
[1758212538611226654],9.321,-4.341,2.239,,,
[1758212538616417800],9.328,-4.377,2.212,,,
[1758212538621567071],9.392,-4.336,2.016,,,
[1758212538626820665],9.268,-4.365,2.246,,,
[1758212538631964050],9.474,-4.384,2.274,,,
[1758212538637186082],9.301,-4.429,2.1,,,
[1758212538642352384],9.275,-4.345,2.006,,,
[1758212538647512592],9.335,-4.329,2.157,,,
[1758212538652669832],9.498,-4.472,2.085,,,
[1758212538657842123],9.34,-4.527,2.27,,,
[1758212538663003165],9.4,-4.489,1.992,,,
[1758212538668120300],9.361,-4.468,2.152,,,
[1758212538673324050],9.333,-4.408,2.002,,,
[1758212538678475456],9.347,-4.568,2.093,,,
[1758212538683652800],9.29,-4.415,2.294,,,
[1758212538688771811],9.364,-4.446,2.061,,,
[1758212538693935092],9.199,-4.403,1.925,,,
[1758212538699580404],9.294,-4.401,2.145,,,
[1758212538704837592],9.371,-4.436,2.128,,,
[1758212538709958165],9.369,-4.319,2.045,,,
[1758212538715102384],9.376,-4.537,2.167,,,
[1758212538720205456],9.495,-4.424,2.167,,,
[1758212538726534831],9.337,-4.556,1.958,,,
[1758212538731780040],9.292,-4.508,2.054,,,
[1758212538736900248],9.359,-4.451,1.994,,,
[1758212538741999102],9.323,-4.508,2.107,,,
[1758212538747123425],9.342,-4.444,2.021,,,
[1758212538752295404],9.249,-4.489,2.006,,,
[1758212538757410717],9.261,-4.427,2.215,,,
[1758212538762614519],9.357,-4.559,2.191,,,
[1758212538767778321],9.266,-4.587,2.279,,,
[1758212538773089311],9.354,-4.408,2.15,,,
[1758212538778234415],9.335,-4.456,2.267,,,
[1758212538783385821],9.464,-4.518,2.037,,,
[1758212538788543113],9.292,-4.499,2.023,,,
[1758212538793664727],9.459,-4.578,2.009,,,
[1758212538798770352],9.431,-4.343,2.014,,,
[1758212538805381029],9.361,-4.293,2.028,,,
[1758212538810711550],9.287,-4.489,2.002,,,
[1758212538815839571],9.266,-4.511,2.265,,,
[1758212538820965404],9.38,-4.477,2.002,,,
[1758212538826186915],9.34,-4.314,2.188,,,
[1758212538831300092],9.409,-4.393,2.16,,,
[1758212538836410665],9.369,-4.403,2.011,,,
[1758212538841547384],9.498,-4.444,2.243,,,
[1758212538846745352],9.397,-4.372,2.222,,,
[1758212538851949206],9.366,-4.434,2.102,,,
[1758212538857073321],9.471,-4.463,2.102,,,
[1758212538862242592],9.359,-4.324,2.035,,,
[1758212538867414623],9.325,-4.501,1.954,,,
[1758212538872660821],9.361,-4.508,2.272,,,
[1758212538877864050],9.421,-4.482,2.037,,,
[1758212538883038581],9.263,-4.389,2.021,,,
[1758212538888163165],9.357,-4.314,2.093,,,
[1758212538893272436],9.199,-4.508,2.076,,,
[1758212538898370040],9.227,-4.53,2.114,,,
[1758212538903485092],9.33,-4.334,2.126,,,
[1758212538909061967],9.392,-4.542,1.923,,,
[1758212538914320300],9.491,-4.365,2.124,,,
[1758212538919473113],9.251,-4.3,2.136,,,
[1758212538924731706],9.369,-4.403,2.152,,,
[1758212538929879467],9.4,-4.446,2.241,,,
[1758212538935005248],9.38,-4.295,2.205,,,
[1758212538940118061],9.448,-4.444,2.035,,,
[1758212538945267904],9.251,-4.492,2.231,,,
[1758212538950504258],9.352,-4.436,2.191,,,
[1758212538955747331],9.395,-4.48,2.2,,,
[1758212538960938008],9.364,-4.453,2.195,,,
[1758212538966096081],9.4,-4.379,2.267,,,
[1758212538971208165],9.27,-4.477,2.179,,,
[1758212538976437123],9.385,-4.389,2.066,,,
[1758212538981589779],9.361,-4.36,2.119,,,
[1758212538986729050],9.421,-4.439,1.963,,,
[1758212538991865144],9.38,-4.393,2.176,,,
[1758212538997125508],9.251,-4.41,2.037,,,
[1758212539002355821],9.424,-4.525,2.006,,,
[1758212539007517748],9.471,-4.542,2.081,,,
[1758212539012725561],9.359,-4.422,2.239,,,
[1758212539018351081],9.397,-4.365,2.105,,,
[1758212539023557019],9.369,-4.59,2.069,,,
[1758212539028671446],9.392,-4.336,2.203,,,
[1758212539033803113],9.225,-4.494,2.263,,,
[1758212539038921238],9.414,-4.472,1.994,,,
[1758212539044171915],9.433,-4.465,2.126,,,
[1758212539049335092],9.474,-4.401,2.243,,,
[1758212539054511238],9.378,-4.317,2.15,,,
[1758212539059737956],9.467,-4.518,2.131,,,
[1758212539064895717],9.194,-4.501,2.136,,,
[1758212539070005352],9.122,-4.369,2.002,,,
[1758212539075456238],9.225,-4.329,1.841,,,
[1758212539080637852],9.266,-4.482,2.248,,,
[1758212539085860508],9.416,-4.398,2.085,,,
[1758212539090972644],9.498,-4.434,2.16,,,
[1758212539096125092],9.45,-4.477,2.191,,,
[1758212539101233529],9.369,-4.413,2.145,,,
[1758212539106356238],9.325,-4.41,2.073,,,
[1758212539111436967],9.431,-4.293,2.069,,,
[1758212539116692331],9.275,-4.456,1.985,,,
[1758212539122308685],9.419,-4.458,2.365,,,
[1758212539127567592],9.316,-4.515,2.004,,,
[1758212539132716810],9.33,-4.334,2.064,,,
[1758212539137793894],9.321,-4.302,2.102,,,
[1758212539144737956],9.328,-4.542,2.15,,,
[1758212539150018060],9.146,-4.422,1.978,,,
[1758212539155110404],9.234,-4.427,2.03,,,
[1758212539160275873],9.34,-4.465,1.999,,,
[1758212539165455040],9.373,-4.463,2.069,,,
[1758212539170740144],9.285,-4.345,2.203,,,
[1758212539175941758],9.467,-4.594,2.064,,,
[1758212539181052644],9.203,-4.424,2.124,,,
[1758212539186218165],9.215,-4.458,2.2,,,
[1758212539191473581],9.304,-4.436,2.025,,,
[1758212539196674467],9.232,-4.444,2.157,,,
[1758212539202320717],9.062,-4.501,2.284,,,
[1758212539207485508],9.316,-4.456,2.255,,,
[1758212539212819415],9.249,-4.312,2.109,,,
[1758212539217982644],9.457,-4.743,2.193,,,
[1758212539223161863],9.359,-4.302,2.167,,,
[1758212539229385144],9.318,-4.456,2.057,,,
[1758212539235917435],9.249,-4.506,2.009,,,
[1758212539241213894],9.498,-4.381,2.234,,,
[1758212539246366081],9.421,-4.494,2.037,,,
[1758212539251469102],9.318,-4.515,2.011,,,
[1758212539256607071],9.366,-4.355,1.999,,,
[1758212539261683529],9.385,-4.46,2.009,,,
[1758212539266768321],9.143,-4.532,2.131,,,
[1758212539271883529],9.316,-4.48,2.105,,,
[1758212539277137227],9.328,-4.535,2.131,,,
[1758212539282390352],9.304,-4.401,2.116,,,
[1758212539287528373],9.402,-4.547,2.248,,,
[1758212539292707592],9.299,-4.501,2.061,,,
[1758212539297870404],9.328,-4.537,2.215,,,
[1758212539302960717],9.433,-4.511,2.028,,,
[1758212539308044883],9.404,-4.295,2.016,,,
[1758212539313232540],9.438,-4.515,2.061,,,
[1758212539318349831],9.273,-4.585,2.071,,,
[1758212539323634727],9.323,-4.451,2.1,,,
[1758212539328771654],9.318,-4.41,2.193,,,
[1758212539333900925],9.402,-4.374,2.009,,,
[1758212539340362279],9.428,-4.302,2.112,,,
[1758212539345708269],9.335,-4.422,2.116,,,
[1758212539352104883],9.294,-4.53,2.124,,,
[1758212539357338425],9.318,-4.322,2.157,,,
[1758212539362506915],9.424,-4.496,2.131,,,
[1758212539367627696],9.385,-4.434,2.049,,,
[1758212539373996810],9.287,-4.429,2.174,,,
[1758212539379226706],9.383,-4.482,2.018,,,
[1758212539384355300],9.34,-4.566,1.997,,,
[1758212539389467644],9.321,-4.424,2.093,,,
[1758212539394594154],9.318,-4.357,2.085,,,
[1758212539399743998],9.426,-4.446,2.107,,,
[1758212539404869154],9.266,-4.384,2.229,,,
[1758212539409975040],9.428,-4.472,2.045,,,
[1758212539415125352],9.246,-4.527,2.023,,,
[1758212539420329675],9.328,-4.554,2.047,,,
[1758212539425534102],9.309,-4.597,2.085,,,
[1758212539430642227],9.404,-4.542,2.03,,,
[1758212539435768112],9.495,-4.434,2.095,,,
[1758212539440877435],9.275,-4.494,2.109,,,
[1758212539446009310],9.378,-4.453,2.033,,,
[1758212539451621237],9.452,-4.477,2.076,,,
[1758212539456766758],9.27,-4.496,2.222,,,
[1758212539461867852],9.371,-4.506,2.203,,,
[1758212539467002696],9.452,-4.331,2.1,,,
[1758212539472105717],9.488,-4.515,1.935,,,
[1758212539477307487],9.359,-4.408,2.253,,,
[1758212539482538894],9.285,-4.475,2.066,,,
[1758212539487682644],9.414,-4.515,2.009,,,
[1758212539492984623],9.208,-4.436,2.016,,,
[1758212539498171758],9.357,-4.456,2.289,,,
[1758212539503310196],9.369,-4.444,2.284,,,
[1758212539508432956],9.206,-4.353,2.21,,,
[1758212539513553269],9.306,-4.444,2.263,,,
[1758212539518697592],9.299,-4.465,2.263,,,
[1758212539523910040],9.34,-4.453,2.105,,,
[1758212539529054310],9.366,-4.492,2.148,,,
[1758212539534276862],9.194,-4.58,2.121,,,
[1758212539539380456],9.467,-4.401,2.279,,,
[1758212539544511914],9.345,-4.389,2.272,,,
[1758212539549617748],9.301,-4.408,1.994,,,
[1758212539555136185],9.246,-4.441,2.251,,,
[1758212539560400456],9.38,-4.439,2.217,,,
[1758212539565584154],9.347,-4.59,2.162,,,
[1758212539570729258],9.349,-4.365,2.059,,,
[1758212539577091446],9.199,-4.484,2.198,,,
[1758212539582390352],9.352,-4.463,2.263,,,
[1758212539587557539],9.369,-4.302,2.227,,,
[1758212539592761029],9.254,-4.496,2.176,,,
[1758212539597886342],9.357,-4.463,2.164,,,
[1758212539602985456],9.06,-4.46,2.172,,,
[1758212539608073894],9.294,-4.439,2.057,,,
[1758212539613241654],9.258,-4.403,1.963,,,
[1758212539618370196],9.201,-4.398,2.203,,,
[1758212539623638998],9.361,-4.415,1.86,,,
[1758212539628785925],9.345,-4.312,2.133,,,
[1758212539633919675],9.29,-4.317,2.15,,,
[1758212539639098269],9.392,-4.573,2.076,,,
[1758212539644277435],9.498,-4.441,2.023,,,
[1758212539649414050],9.424,-4.487,1.935,,,
[1758212539654576394],9.495,-4.429,1.889,,,
[1758212539660106550],9.282,-4.547,2.172,,,
[1758212539665392644],9.323,-4.386,2.279,,,
[1758212539670519519],9.426,-4.386,1.911,,,
[1758212539675752227],9.299,-4.597,2.176,,,
[1758212539680859154],9.436,-4.468,2.093,,,
[1758212539685999414],9.586,-4.331,2.078,,,
[1758212539691157644],9.421,-4.535,2.279,,,
[1758212539696271029],9.287,-4.571,2.112,,,
[1758212539701510456],9.268,-4.432,2.143,,,
[1758212539706822175],9.278,-4.539,1.882,,,
[1758212539712506914],9.196,-4.484,2.004,,,
[1758212539717647123],9.459,-4.465,2.279,,,
[1758212539724025352],9.299,-4.379,2.002,,,
[1758212539729277592],9.481,-4.434,2.011,,,
[1758212539734413269],9.309,-4.322,1.92,,,
[1758212539739527123],9.194,-4.432,2.028,,,
[1758212539744657800],9.34,-4.367,2.265,,,
[1758212539749771081],9.438,-4.487,2.085,,,
[1758212539754879310],9.426,-4.463,2.073,,,
[1758212539759986810],9.424,-4.456,2.078,,,
[1758212539765542227],9.323,-4.326,2.195,,,
[1758212539770852175],9.261,-4.408,2.255,,,
[1758212539776091081],9.275,-4.444,2.236,,,
[1758212539781209414],9.282,-4.52,2.294,,,
[1758212539786452331],9.471,-4.389,2.344,,,
[1758212539791595352],9.366,-4.566,2.006,,,
[1758212539796708789],9.27,-4.511,2.251,,,
[1758212539801832435],9.227,-4.563,2.205,,,
[1758212539807021446],9.388,-4.475,2.102,,,
[1758212539812325508],9.297,-4.549,2.246,,,
[1758212539817489883],9.402,-4.448,2.1,,,
[1758212539822751029],9.311,-4.456,2.277,,,
[1758212539827890091],9.498,-4.446,2.112,,,
[1758212539833043685],9.337,-4.424,2.306,,,
[1758212539838159050],9.278,-4.549,2.076,,,
[1758212539843356394],9.462,-4.594,2.112,,,
[1758212539848500977],9.491,-4.422,2.15,,,
[1758212539853645612],9.318,-4.429,2.131,,,
[1758212539858751446],9.347,-4.348,2.155,,,
[1758212539863872435],9.342,-4.46,2.203,,,
[1758212539868998321],9.311,-4.424,2.011,,,
[1758212539875716602],9.309,-4.432,2.152,,,
[1758212539880959935],9.349,-4.448,2.246,,,
[1758212539886093425],9.392,-4.396,2.274,,,
[1758212539891215769],9.433,-4.47,2.006,,,
[1758212539896346862],9.352,-4.436,2.224,,,
[1758212539901452435],9.301,-4.262,2.124,,,
[1758212539906580248],9.491,-4.535,2.033,,,
[1758212539911689466],9.304,-4.336,2.279,,,
[1758212539916834258],9.574,-4.324,1.999,,,
[1758212539922024206],9.416,-4.475,2.064,,,
[1758212539927259519],9.215,-4.42,2.097,,,
[1758212539932449154],9.28,-4.578,2.105,,,
[1758212539937584935],9.304,-4.336,2.023,,,
[1758212539942747696],9.357,-4.424,2.025,,,
[1758212539947879466],9.364,-4.293,2.035,,,
[1758212539953021185],9.196,-4.444,2.224,,,
[1758212539958187644],9.273,-4.436,2.112,,,
[1758212539963314727],9.263,-4.489,2.03,,,
[1758212539968449519],9.402,-4.539,2.121,,,
[1758212539973673268],9.165,-4.463,2.028,,,
[1758212539979199571],9.392,-4.408,2.21,,,
[1758212539984480664],9.333,-4.532,1.994,,,
[1758212539989612331],9.395,-4.439,2.203,,,
[1758212539994774102],9.369,-4.41,2.037,,,
[1758212539999870508],9.318,-4.494,2.243,,,
[1758212540005009102],9.335,-4.41,2.296,,,
[1758212540012860143],9.306,-4.535,2.126,,,
[1758212540018093373],9.404,-4.59,2.188,,,
[1758212540023394675],9.361,-4.453,2.246,,,
[1758212540028506758],9.349,-4.429,2.138,,,
[1758212540033672279],9.349,-4.451,2.198,,,
[1758212540038773164],9.237,-4.334,2.164,,,
[1758212540043876654],9.342,-4.396,2.023,,,
[1758212540048985143],9.467,-4.365,2.095,,,
[1758212540054159258],9.452,-4.295,2.286,,,
[1758212540059296550],9.309,-4.398,1.982,,,
[1758212540064543477],9.349,-4.427,2.018,,,
[1758212540069654883],9.455,-4.535,2.138,,,
[1758212540074853268],9.177,-4.484,2.002,,,
[1758212540079956237],9.409,-4.336,1.997,,,
[1758212540085488268],9.366,-4.511,2.105,,,
[1758212540090697643],9.371,-4.417,2.097,,,
[1758212540095897591],9.266,-4.503,2.188,,,
[1758212540101045768],9.347,-4.434,2.002,,,
[1758212540106205716],9.433,-4.559,2.016,,,
[1758212540111343425],9.287,-4.307,2.057,,,
[1758212540116468268],9.218,-4.475,2.006,,,
[1758212540121581133],9.345,-4.336,2.188,,,
[1758212540126889675],9.448,-4.592,2.26,,,
[1758212540132053581],9.378,-4.58,2.128,,,
[1758212540137213946],9.409,-4.659,2.09,,,
[1758212540142415196],9.392,-4.587,2.093,,,
[1758212540147543529],9.234,-4.503,2.028,,,
[1758212540152860404],9.299,-4.436,2.205,,,
[1758212540157951289],9.325,-4.345,2.2,,,
[1758212540163040196],9.254,-4.353,2.267,,,
[1758212540168183841],9.29,-4.568,2.105,,,
[1758212540173425039],9.285,-4.547,2.389,,,
[1758212540178605143],9.237,-4.307,2.198,,,
[1758212540183743893],9.426,-4.432,2.164,,,
[1758212540189912227],9.359,-4.539,2.267,,,
[1758212540196444102],9.273,-4.379,2.188,,,
[1758212540201700091],9.273,-4.48,2.052,,,
[1758212540206788633],9.201,-4.434,2.109,,,
[1758212540211853529],9.34,-4.401,2.069,,,
[1758212540216962487],9.357,-4.41,2.066,,,
[1758212540222033893],9.318,-4.46,2.282,,,
[1758212540227181393],9.321,-4.377,2.066,,,
[1758212540232431498],9.249,-4.489,2.081,,,
[1758212540237600300],9.167,-4.566,2.26,,,
[1758212540242856029],9.364,-4.47,2.195,,,
[1758212540247968685],9.249,-4.554,2.057,,,
[1758212540253107018],9.357,-4.405,2.083,,,
[1758212540258216237],9.445,-4.329,2.073,,,
[1758212540263339779],9.278,-4.585,2.21,,,
[1758212540268451185],9.258,-4.326,2.093,,,
[1758212540273657487],9.328,-4.465,2.16,,,
[1758212540278824727],9.29,-4.424,2.042,,,
[1758212540283912279],9.349,-4.441,2.09,,,
[1758212540289000039],9.27,-4.334,2.179,,,
[1758212540294161029],9.27,-4.432,2.033,,,
[1758212540300528893],9.352,-4.413,2.131,,,
[1758212540305857956],9.194,-4.422,2.274,,,
[1758212540312352956],9.366,-4.532,2.181,,,
[1758212540318688320],9.345,-4.312,2.234,,,
[1758212540326295248],9.297,-4.482,2.057,,,
[1758212540331751445],9.309,-4.508,2.078,,,
[1758212540336907695],9.471,-4.379,2.131,,,
[1758212540342009727],9.455,-4.501,1.932,,,
[1758212540347126185],9.476,-4.468,2.011,,,
[1758212540352262070],9.328,-4.47,1.867,,,
[1758212540357379831],9.316,-4.503,2.131,,,
[1758212540362557123],9.23,-4.506,2.112,,,
[1758212540367664675],9.483,-4.59,2.155,,,
[1758212540373414883],9.352,-4.453,2.114,,,
[1758212540379843164],9.21,-4.594,2.227,,,
[1758212540386288060],9.316,-4.559,2.112,,,
[1758212540392719102],9.352,-4.535,2.212,,,
[1758212540399146758],9.244,-4.494,2.217,,,
[1758212540404709466],9.318,-4.561,2.265,,,
[1758212540409843737],9.371,-4.336,2.025,,,
[1758212540414975300],9.354,-4.331,2.114,,,
[1758212540421264831],9.383,-4.441,2.179,,,
[1758212540426565352],9.345,-4.439,2.059,,,
[1758212540431674258],9.395,-4.578,2.255,,,
[1758212540436782539],9.294,-4.384,2.09,,,
[1758212540441888320],9.325,-4.465,2.066,,,
[1758212540447022956],9.306,-4.556,2.04,,,
[1758212540452178789],9.321,-4.367,1.985,,,
[1758212540457322643],9.208,-4.42,2.021,,,
[1758212540462529154],9.354,-4.487,2.076,,,
[1758212540467735664],9.385,-4.434,2.018,,,
[1758212540472954518],9.292,-4.396,2.215,,,
[1758212540478056029],9.196,-4.386,2.004,,,
[1758212540483172852],9.419,-4.448,2.16,,,
[1758212540488268060],9.218,-4.295,2.057,,,
[1758212540493400872],9.383,-4.559,2.33,,,
[1758212540498499310],9.225,-4.46,2.116,,,
[1758212540503661966],9.347,-4.436,2.047,,,
[1758212540508775195],9.321,-4.307,2.081,,,
[1758212540514285404],9.409,-4.374,2.109,,,
[1758212540519423008],9.22,-4.36,1.963,,,
[1758212540524623997],9.479,-4.401,1.915,,,
[1758212540530029206],9.412,-4.48,2.107,,,
[1758212540535162435],9.488,-4.317,2.114,,,
[1758212540540267904],9.349,-4.556,1.985,,,
[1758212540545401081],9.436,-4.451,2.219,,,
[1758212540550497279],9.309,-4.357,2.066,,,
[1758212540555758112],9.349,-4.477,2.006,,,
[1758212540560975195],9.464,-4.353,1.889,,,
[1758212540566121393],9.199,-4.432,2.116,,,
[1758212540571220716],9.436,-4.317,2.198,,,
[1758212540576413320],9.414,-4.654,2.061,,,
[1758212540581553216],9.323,-4.484,1.867,,,
[1758212540586709414],9.254,-4.468,2.188,,,
[1758212540591833164],9.323,-4.489,2.44,,,
[1758212540596979102],9.414,-4.424,2.011,,,
[1758212540602220664],9.357,-4.331,2.296,,,
[1758212540607377122],9.407,-4.403,2.229,,,
[1758212540612529102],9.316,-4.31,2.251,,,
[1758212540617642695],9.234,-4.573,2.097,,,
[1758212540623229622],9.33,-4.53,2.133,,,
[1758212540628382018],9.301,-4.441,2.27,,,
[1758212540633515612],9.404,-4.501,2.193,,,
[1758212540639927279],9.342,-4.494,2.059,,,
[1758212540645164674],9.304,-4.575,1.961,,,
[1758212540650283997],9.392,-4.465,2.243,,,
[1758212540655413581],9.215,-4.348,2.116,,,
[1758212540660505143],9.349,-4.456,1.956,,,
[1758212540665609049],9.359,-4.338,2.004,,,
[1758212540670723737],9.392,-4.451,2.045,,,
[1758212540675919154],9.194,-4.436,2.061,,,
[1758212540681033789],9.254,-4.515,2.097,,,
[1758212540686225247],9.287,-4.52,2.025,,,
[1758212540691349779],9.354,-4.594,1.999,,,
[1758212540696459102],9.345,-4.336,1.997,,,
[1758212540701571810],9.359,-4.317,2.282,,,
[1758212540706667018],9.448,-4.554,2.172,,,
[1758212540711759362],9.323,-4.314,2.023,,,
[1758212540716881341],9.383,-4.547,1.985,,,
[1758212540721988320],9.357,-4.532,2.037,,,
[1758212540727185508],9.328,-4.446,1.997,,,
[1758212540732779154],9.369,-4.518,1.973,,,
[1758212540737917174],9.246,-4.379,2.14,,,
[1758212540743042904],9.282,-4.499,2.095,,,
[1758212540749560143],9.409,-4.544,2.279,,,
[1758212540754803216],9.369,-4.357,2.121,,,
[1758212540759907331],9.402,-4.31,2.181,,,
[1758212540765007799],9.196,-4.463,2.061,,,
[1758212540770101445],9.313,-4.511,2.337,,,
[1758212540775303529],9.369,-4.532,2.14,,,
[1758212540780416914],9.335,-4.525,2.085,,,
[1758212540785626393],9.297,-4.424,2.255,,,
[1758212540790790404],9.328,-4.453,2.083,,,
[1758212540796009102],9.443,-4.458,2.212,,,
[1758212540801113581],9.28,-4.391,2.03,,,
[1758212540806256706],9.476,-4.446,1.99,,,
[1758212540811390039],9.462,-4.606,2.138,,,
[1758212540816507487],9.316,-4.432,2.071,,,
[1758212540821615924],9.311,-4.314,2.021,,,
[1758212540826821185],9.131,-4.336,2.078,,,
[1758212540832003320],9.222,-4.434,2.121,,,
[1758212540837243112],9.436,-4.386,2.023,,,
[1758212540842970768],9.493,-4.456,2.181,,,
[1758212540848130299],9.388,-4.583,2.116,,,
[1758212540853299831],9.342,-4.472,2.174,,,
[1758212540858712695],9.455,-4.518,2.15,,,
[1758212540863868893],9.246,-4.348,2.114,,,
[1758212540868989154],9.476,-4.334,2.126,,,
[1758212540874226289],9.38,-4.429,2.344,,,
[1758212540879415612],9.495,-4.372,2.1,,,
[1758212540885846914],9.342,-4.559,2.231,,,
[1758212540891086341],9.378,-4.571,2.061,,,
[1758212540896208476],9.366,-4.334,2.128,,,
[1758212540901315768],9.194,-4.386,2.148,,,
[1758212540906457539],9.359,-4.46,2.095,,,
[1758212540911562591],9.459,-4.559,2.097,,,
[1758212540916668529],9.395,-4.465,2.124,,,
[1758212540921781862],9.388,-4.513,2.236,,,
[1758212540927035664],9.23,-4.578,2.116,,,
[1758212540932386081],9.493,-4.597,2.002,,,
[1758212540937567122],9.055,-4.456,2.203,,,
[1758212540942766081],9.364,-4.436,2.236,,,
[1758212540948224831],9.459,-4.314,2.025,,,
[1758212540953397851],9.488,-4.506,2.167,,,
[1758212540958563997],9.462,-4.503,2.186,,,
[1758212540965059206],9.261,-4.578,2.195,,,
[1758212540970344987],9.342,-4.47,2.088,,,
[1758212540975522018],9.603,-4.463,2.229,,,
[1758212540980626393],9.392,-4.556,2.033,,,
[1758212540985809101],9.278,-4.427,2.227,,,
[1758212540990941393],9.254,-4.571,2.241,,,
[1758212540996053529],9.493,-4.338,1.944,,,
[1758212541001158216],9.23,-4.477,2.184,,,
[1758212541006325768],9.371,-4.398,2.112,,,
[1758212541011527539],9.462,-4.652,2.059,,,
[1758212541016645820],9.239,-4.42,2.198,,,
[1758212541021744049],9.234,-4.563,2.172,,,
[1758212541026982487],9.395,-4.448,2.09,,,
[1758212541032178997],9.285,-4.35,2.131,,,
[1758212541037397695],9.244,-4.408,2.114,,,
[1758212541043165872],9.371,-4.41,2.025,,,
[1758212541048298268],9.397,-4.513,2.131,,,
[1758212541053731601],9.373,-4.506,1.978,,,
[1758212541058849101],9.373,-4.384,2.035,,,
[1758212541063987278],9.369,-4.396,2.152,,,
[1758212541069104726],9.424,-4.413,2.246,,,
[1758212541075444049],9.335,-4.451,2.267,,,
[1758212541081847591],9.345,-4.456,1.889,,,
[1758212541088351185],9.297,-4.585,2.253,,,
[1758212541093606445],9.251,-4.434,2.119,,,
[1758212541098719206],9.301,-4.389,2.057,,,
[1758212541103860091],9.318,-4.496,2.097,,,
[1758212541108954831],9.254,-4.41,2.145,,,
[1758212541114092487],9.639,-4.458,2.143,,,
[1758212541119221966],9.378,-4.441,2.277,,,
[1758212541124434622],9.34,-4.3,2.447,,,
[1758212541129561758],9.359,-4.513,2.042,,,
[1758212541134781653],9.254,-4.468,2.119,,,
[1758212541139885299],9.304,-4.489,2.047,,,
[1758212541145001081],9.333,-4.523,1.994,,,
[1758212541150090091],9.199,-4.436,1.987,,,
[1758212541155206445],9.323,-4.484,2.255,,,
[1758212541160696862],9.395,-4.592,2.078,,,
[1758212541165849570],9.371,-4.305,1.985,,,
[1758212541170956133],9.309,-4.405,2.16,,,
[1758212541176157539],9.459,-4.374,2.002,,,
[1758212541181251914],9.471,-4.441,2.174,,,
[1758212541186364570],9.503,-4.379,2.274,,,
[1758212541191491653],9.292,-4.501,2.033,,,
[1758212541197004987],9.275,-4.403,2.057,,,
[1758212541202202331],9.345,-4.424,2.349,,,
[1758212541207422851],9.335,-4.52,2.136,,,
[1758212541212633997],9.294,-4.566,2.222,,,
[1758212541217753737],9.333,-4.451,1.863,,,
[1758212541222988476],9.194,-4.415,2.028,,,
[1758212541228211081],9.378,-4.396,2.258,,,
[1758212541233334831],9.38,-4.523,2.131,,,
[1758212541238495247],9.4,-4.389,2.076,,,
[1758212541243741966],9.38,-4.429,2.112,,,
[1758212541248917278],9.266,-4.41,2.157,,,
[1758212541254058476],9.22,-4.451,2.303,,,
[1758212541259191862],9.335,-4.317,2.028,,,
[1758212541269061914],9.306,-4.487,2.191,,,
[1758212541275520091],9.333,-4.417,2.057,,,
[1758212541280755976],9.282,-4.503,2.255,,,
[1758212541285892955],9.357,-4.585,2.083,,,
[1758212541291016914],9.292,-4.444,2.272,,,
[1758212541296158216],9.342,-4.35,2.169,,,
[1758212541301236497],9.44,-4.317,2.251,,,
[1758212541308434883],9.361,-4.427,2.004,,,
[1758212541313714414],9.273,-4.427,2.14,,,
[1758212541318854570],9.373,-4.532,2.15,,,
[1758212541324038789],9.349,-4.578,2.253,,,
[1758212541329144622],9.366,-4.322,2.195,,,
[1758212541334270612],9.349,-4.451,2.009,,,
[1758212541339380872],9.328,-4.46,2.093,,,
[1758212541344510560],9.249,-4.468,2.277,,,
[1758212541349608685],9.481,-4.424,2.126,,,
[1758212541354712747],9.419,-4.465,1.951,,,
[1758212541359814674],9.33,-4.566,2.059,,,
[1758212541364922278],9.479,-4.408,2.176,,,
[1758212541370039518],9.352,-4.369,2.045,,,
[1758212541375697487],9.258,-4.377,2.078,,,
[1758212541380813424],9.232,-4.408,2.145,,,
[1758212541385906549],9.333,-4.477,2.107,,,
[1758212541391008945],9.345,-4.436,2.097,,,
[1758212541396130612],9.316,-4.448,1.942,,,
[1758212541401232122],9.424,-4.587,2.255,,,
[1758212541406345612],9.196,-4.499,2.342,,,
[1758212541411468841],9.309,-4.408,2.085,,,
[1758212541416985143],9.251,-4.432,2.09,,,
[1758212541422369205],9.369,-4.331,2.037,,,
[1758212541428738685],9.316,-4.508,2.184,,,
[1758212541435066810],9.34,-4.436,2.057,,,
[1758212541440314258],9.433,-4.583,2.042,,,
[1758212541445446705],9.498,-4.448,2.387,,,
[1758212541450548112],9.273,-4.585,2.365,,,
[1758212541455673945],9.371,-4.403,2.028,,,
[1758212541460779101],9.278,-4.398,2.002,,,
[1758212541465891185],9.246,-4.492,2.114,,,
[1758212541470995195],9.412,-4.484,1.999,,,
[1758212541476211653],9.395,-4.587,2.076,,,
[1758212541481732799],9.349,-4.587,2.15,,,
[1758212541486921133],9.388,-4.508,2.143,,,
[1758212541492035560],9.297,-4.389,2.246,,,
[1758212541497154883],9.301,-4.427,1.98,,,
[1758212541502380143],9.184,-4.384,2.128,,,
[1758212541507496497],9.378,-4.353,2.102,,,
[1758212541512671341],9.261,-4.341,2.028,,,
[1758212541517852903],9.201,-4.391,2.337,,,
[1758212541523612643],9.199,-4.451,1.908,,,
[1758212541528753476],9.364,-4.305,2.222,,,
[1758212541533920664],9.237,-4.298,2.014,,,
[1758212541539062018],9.431,-4.417,2.224,,,
[1758212541544215143],9.383,-4.46,2.282,,,
[1758212541549329830],9.364,-4.398,2.105,,,
[1758212541554449935],9.376,-4.302,2.076,,,
[1758212541559561914],9.27,-4.453,1.913,,,
[1758212541564813164],9.304,-4.511,2.078,,,
[1758212541569984518],9.407,-4.559,2.26,,,
[1758212541575223841],9.438,-4.556,2.274,,,
[1758212541580409362],9.21,-4.372,1.894,,,
[1758212541585556237],9.409,-4.331,2.231,,,
[1758212541591052539],9.218,-4.3,2.234,,,
[1758212541596197330],9.469,-4.444,2.15,,,
[1758212541601304153],9.416,-4.453,2.133,,,
[1758212541606429882],9.335,-4.571,1.839,,,
[1758212541611597070],9.354,-4.429,2.097,,,
[1758212541616760039],9.352,-4.389,2.014,,,
[1758212541621885143],9.316,-4.355,2.138,,,
[1758212541627141914],9.369,-4.503,2.124,,,
[1758212541632741549],9.361,-4.583,1.954,,,
[1758212541637975716],9.392,-4.506,2.155,,,
[1758212541643141080],9.369,-4.597,2.195,,,
[1758212541648253580],9.414,-4.422,1.994,,,
[1758212541653472487],9.392,-4.508,2.066,,,
[1758212541658997799],9.321,-4.458,1.899,,,
[1758212541664152487],9.395,-4.422,2.095,,,
[1758212541669277799],9.455,-4.448,2.145,,,
[1758212541674589049],9.316,-4.515,2.105,,,
[1758212541679797330],9.371,-4.334,2.006,,,
[1758212541684890612],9.385,-4.422,2.217,,,
[1758212541690018737],9.361,-4.52,2.272,,,
[1758212541695228164],9.591,-4.434,2.085,,,
[1758212541700690039],9.256,-4.422,2.205,,,
[1758212541705809778],9.438,-4.571,2.14,,,
[1758212541710951966],9.328,-4.336,2.025,,,
[1758212541716145872],9.385,-4.468,2.011,,,
[1758212541721380664],9.208,-4.472,2.128,,,
[1758212541726628216],9.246,-4.415,2.26,,,
[1758212541731745559],9.335,-4.465,2.006,,,
[1758212541736902226],9.385,-4.568,2.085,,,
[1758212541742468112],9.383,-4.42,2.073,,,
[1758212541747626080],9.213,-4.451,2.107,,,
[1758212541752833580],9.383,-4.434,2.14,,,
[1758212541758050403],9.474,-4.465,2.021,,,
[1758212541763283528],9.187,-4.499,2.169,,,
[1758212541768437747],9.354,-4.492,2.025,,,
[1758212541773627903],9.414,-4.508,2.145,,,
[1758212541778780351],9.407,-4.422,1.896,,,
[1758212541783909674],9.292,-4.451,2.136,,,
[1758212541789023216],9.383,-4.594,2.042,,,
[1758212541794236184],9.266,-4.293,1.954,,,
[1758212541799385403],9.385,-4.422,2.253,,,
[1758212541804592851],9.357,-4.444,1.954,,,
[1758212541810143059],9.225,-4.53,2.081,,,
[1758212541815337278],9.304,-4.317,2.239,,,
[1758212541820511341],9.268,-4.575,2.301,,,
[1758212541825733007],9.301,-4.427,2.021,,,
[1758212541830857955],9.428,-4.496,2.078,,,
[1758212541835983320],9.251,-4.463,1.966,,,
[1758212541841089205],9.426,-4.444,2.09,,,
[1758212541846252122],9.438,-4.374,2.243,,,
[1758212541851762487],9.28,-4.468,2.035,,,
[1758212541857008945],9.467,-4.453,2.081,,,
[1758212541862204726],9.268,-4.367,2.073,,,
[1758212541867313164],9.361,-4.527,2.2,,,
[1758212541872491601],9.488,-4.345,2.011,,,
[1758212541877645195],9.371,-4.561,2.088,,,
[1758212541882836862],9.424,-4.439,2.04,,,
[1758212541887945872],9.232,-4.559,2.014,,,
[1758212541893103997],9.409,-4.451,2.239,,,
[1758212541898348268],9.479,-4.537,2.078,,,
[1758212541903562643],9.318,-4.568,2.243,,,
[1758212541908681497],9.151,-4.518,2.105,,,
[1758212541913800299],9.213,-4.492,2.1,,,
[1758212541919527903],9.306,-4.41,2.263,,,
[1758212541925620716],9.318,-4.53,2.073,,,
[1758212541930855143],9.483,-4.439,2.181,,,
[1758212541935984257],9.306,-4.468,2.028,,,
[1758212541941102070],9.445,-4.448,2.294,,,
[1758212541946222955],9.369,-4.501,2.167,,,
[1758212541951319309],9.206,-4.671,2.116,,,
[1758212541956448632],9.318,-4.468,2.033,,,
[1758212541961896705],9.301,-4.508,2.229,,,
[1758212541967055195],9.378,-4.369,2.2,,,
[1758212541972412955],9.222,-4.3,2.181,,,
[1758212541977608216],9.4,-4.302,2.188,,,
[1758212541982828684],9.34,-4.475,2.143,,,
[1758212541987982174],9.385,-4.46,2.215,,,
[1758212541993123111],9.421,-4.46,2.174,,,
[1758212542000465820],9.328,-4.458,2.131,,,
[1758212542005711236],9.385,-4.381,1.927,,,
[1758212542010941341],9.208,-4.47,2.148,,,
[1758212542016245039],9.359,-4.477,2.286,,,
[1758212542021379049],9.306,-4.501,2.219,,,
[1758212542026866549],9.301,-4.523,2.128,,,
[1758212542032036497],9.27,-4.293,2.138,,,
[1758212542037209257],9.311,-4.381,2.112,,,
[1758212542042424153],9.364,-4.444,2.1,,,
[1758212542047616653],9.404,-4.453,2.059,,,
[1758212542052954205],9.448,-4.427,2.035,,,
[1758212542058098789],9.325,-4.48,1.963,,,
[1758212542063230143],9.498,-4.393,1.985,,,
[1758212542068685716],9.313,-4.559,2.002,,,
[1758212542073923372],9.376,-4.446,1.966,,,
[1758212542079047330],9.448,-4.513,2.239,,,
[1758212542084215611],9.297,-4.484,2.049,,,
[1758212542089328997],9.491,-4.415,2.215,,,
[1758212542094620351],9.419,-4.391,2.03,,,
[1758212542099765351],9.4,-4.539,2.023,,,
[1758212542104892903],9.316,-4.322,2.1,,,
[1758212542110022851],9.218,-4.293,2.296,,,
[1758212542115179049],9.21,-4.312,2.267,,,
[1758212542120333632],9.206,-4.367,2.174,,,
[1758212542126746601],9.318,-4.549,2.035,,,
[1758212542133342174],9.325,-4.477,1.903,,,
[1758212542138598476],9.373,-4.444,2.289,,,
[1758212542143733424],9.33,-4.539,2.279,,,
[1758212542148840872],9.397,-4.326,2.061,,,
[1758212542153969882],9.27,-4.314,2.093,,,
[1758212542159114361],9.469,-4.513,2.16,,,
[1758212542164230820],9.254,-4.42,2.035,,,
[1758212542169364361],9.203,-4.408,2.289,,,
[1758212542174927278],9.33,-4.539,2.006,,,
[1758212542180170716],9.371,-4.36,2.095,,,
[1758212542185299778],9.239,-4.583,2.011,,,
[1758212542190413268],9.474,-4.561,2.162,,,
[1758212542195555872],9.347,-4.475,2.207,,,
[1758212542200665351],9.354,-4.48,2.157,,,
[1758212542205771080],9.263,-4.463,2.071,,,
[1758212542210947591],9.323,-4.594,2.081,,,
[1758212542216140507],9.352,-4.3,2.263,,,
[1758212542221353632],9.261,-4.47,2.174,,,
[1758212542226552226],9.297,-4.48,2.033,,,
[1758212542231705611],9.337,-4.468,2.267,,,
[1758212542236856341],9.345,-4.513,2.152,,,
[1758212542243433736],9.306,-4.561,2.083,,,
[1758212542248670351],9.321,-4.386,1.973,,,
[1758212542253808945],9.414,-4.372,2.109,,,
[1758212542258912643],9.414,-4.566,2.04,,,
[1758212542264040820],9.397,-4.41,2.241,,,
[1758212542269147330],9.304,-4.523,2.047,,,
[1758212542274341132],9.443,-4.367,2.107,,,
[1758212542279459622],9.392,-4.355,1.927,,,
[1758212542284938632],9.256,-4.511,2.128,,,
[1758212542290177174],9.448,-4.456,2.078,,,
[1758212542295350403],9.208,-4.298,2.018,,,
[1758212542300484309],9.345,-4.295,2.133,,,
[1758212542305606288],9.486,-4.477,2.078,,,
[1758212542310795663],9.491,-4.456,2.014,,,
[1758212542315925038],9.309,-4.41,2.181,,,
[1758212542321015403],9.294,-4.413,2.028,,,
[1758212542326228424],9.39,-4.362,2.121,,,
[1758212542331438841],9.27,-4.499,2.093,,,
[1758212542336611913],9.486,-4.379,2.239,,,
[1758212542341757851],9.354,-4.338,2.136,,,
[1758212542346898320],9.357,-4.537,2.138,,,
[1758212542352408320],9.352,-4.475,2.037,,,
[1758212542357600820],9.273,-4.592,2.095,,,
[1758212542362742122],9.311,-4.372,2.042,,,
[1758212542367854934],9.29,-4.403,2.045,,,
[1758212542373023476],9.345,-4.408,2.016,,,
[1758212542378163997],9.366,-4.401,2.212,,,
[1758212542383311236],9.347,-4.451,2.049,,,
[1758212542388491080],9.323,-4.477,2.037,,,
[1758212542395091288],9.306,-4.465,2.114,,,
[1758212542400326184],9.428,-4.434,2.157,,,
[1758212542405444674],9.316,-4.324,2.279,,,
[1758212542410546393],9.292,-4.465,2.27,,,
[1758212542415650403],9.483,-4.472,2.251,,,
[1758212542420748893],9.455,-4.494,1.851,,,
[1758212542425931497],9.23,-4.439,2.179,,,
[1758212542431034986],9.208,-4.523,2.157,,,
[1758212542436220559],9.335,-4.381,2.174,,,
[1758212542441328476],9.357,-4.539,2.152,,,
[1758212542446443788],9.27,-4.298,2.143,,,
[1758212542451623893],9.304,-4.508,2.009,,,
[1758212542456798215],9.404,-4.475,1.925,,,
[1758212542462425611],9.373,-4.513,2.241,,,
[1758212542467580195],9.287,-4.329,2.167,,,
[1758212542473983268],9.304,-4.391,2.236,,,
[1758212542479225976],9.354,-4.477,2.114,,,
[1758212542484384986],9.254,-4.424,2.291,,,
[1758212542489545455],9.222,-4.439,2.181,,,
[1758212542494699830],9.45,-4.355,1.987,,,
[1758212542501058007],9.306,-4.463,2.152,,,
[1758212542507405559],9.357,-4.53,2.071,,,
[1758212542512743997],9.342,-4.374,2.025,,,
[1758212542517884622],9.357,-4.472,2.081,,,
[1758212542523125715],9.474,-4.415,2.282,,,
[1758212542528253788],9.438,-4.446,2.184,,,
[1758212542533361809],9.239,-4.46,2.234,,,
[1758212542538503736],9.45,-4.355,2.095,,,
[1758212542543638997],9.285,-4.398,2.176,,,
[1758212542548748580],9.361,-4.377,2.021,,,
[1758212542553951757],9.301,-4.393,2.172,,,
[1758212542559116757],9.431,-4.374,2.083,,,
[1758212542564265455],9.424,-4.319,2.176,,,
[1758212542571784570],9.299,-4.408,2.109,,,
[1758212542578653736],9.359,-4.503,2.061,,,
[1758212542586087070],9.313,-4.451,2.203,,,
[1758212542591648215],9.44,-4.456,2.138,,,
[1758212542598069830],9.268,-4.494,2.018,,,
[1758212542604570924],9.464,-4.403,2.148,,,
[1758212542609821549],9.409,-4.456,2.052,,,
[1758212542614935611],9.404,-4.501,2.035,,,
[1758212542620039726],9.316,-4.36,2.143,,,
[1758212542625225038],9.287,-4.465,2.016,,,
[1758212542630338267],9.481,-4.305,2.215,,,
[1758212542635451705],9.433,-4.436,2.083,,,
[1758212542640558372],9.428,-4.441,2.152,,,
[1758212542645711132],9.21,-4.398,2.095,,,
[1758212542650952486],9.287,-4.377,2.174,,,
[1758212542656108580],9.256,-4.413,2.215,,,
[1758212542661191184],9.397,-4.312,2.025,,,
[1758212542666295247],9.079,-4.532,2.198,,,
[1758212542671410767],9.203,-4.523,2.025,,,
[1758212542677238424],9.328,-4.573,2.138,,,
[1758212542682425820],9.388,-4.42,1.987,,,
[1758212542687523632],9.483,-4.314,2.145,,,
[1758212542693631601],9.457,-4.544,2.085,,,
[1758212542698862955],9.488,-4.499,2.069,,,
[1758212542703986184],9.55,-4.42,2.028,,,
[1758212542709109830],9.373,-4.47,1.997,,,
[1758212542714551132],9.373,-4.47,2.188,,,
[1758212542719645924],9.273,-4.47,1.975,,,
[1758212542724794413],9.227,-4.391,2.076,,,
[1758212542729876965],9.388,-4.391,2.116,,,
[1758212542735029257],9.366,-4.329,2.004,,,
[1758212542740267278],9.44,-4.482,2.203,,,
[1758212542745381497],9.357,-4.293,2.064,,,
[1758212542750473320],9.392,-4.362,2.1,,,
[1758212542755617122],9.28,-4.365,2.119,,,
[1758212542760705247],9.395,-4.539,2.253,,,
[1758212542765780507],9.311,-4.592,2.229,,,
[1758212542770873007],9.392,-4.477,2.162,,,
[1758212542776071080],9.385,-4.427,2.066,,,
[1758212542781191913],9.357,-4.429,1.997,,,
[1758212542786771809],9.359,-4.451,2.284,,,
[1758212542791923320],9.239,-4.422,2.188,,,
[1758212542797032538],9.321,-4.413,2.21,,,
[1758212542802185403],9.222,-4.451,2.279,,,
[1758212542807326965],9.438,-4.305,2.009,,,
[1758212542812537122],9.218,-4.305,2.294,,,
[1758212542817663892],9.282,-4.396,2.042,,,
[1758212542824318111],9.29,-4.405,2.212,,,
[1758212542829566913],9.426,-4.31,2.114,,,
[1758212542834687903],9.498,-4.525,2.26,,,
[1758212542839778840],9.278,-4.154,2.009,,,
[1758212542844903997],9.371,-4.59,2.222,,,
[1758212542850001549],9.493,-4.571,2.33,,,
[1758212542855097382],9.354,-4.494,2.042,,,
[1758212542860199934],9.366,-4.424,1.927,,,
[1758212542865359465],9.297,-4.492,1.851,,,
[1758212542870558319],9.345,-4.508,2.291,,,
[1758212542875769778],9.378,-4.506,2.073,,,
[1758212542880941497],9.383,-4.494,2.112,,,
[1758212542886531028],9.318,-4.379,2.006,,,
[1758212542892990819],9.321,-4.47,2.303,,,
[1758212542898250194],9.254,-4.444,2.112,,,
[1758212542903364674],9.266,-4.456,2.15,,,
[1758212542908450403],9.282,-4.422,2.164,,,
[1758212542913567486],9.357,-4.384,2.069,,,
[1758212542918649674],9.359,-4.544,2.107,,,
[1758212542923833580],9.328,-4.451,2.286,,,
[1758212542930135663],9.488,-4.434,2.1,,,
[1758212542935399882],9.309,-4.381,1.997,,,
[1758212542940507851],9.395,-4.436,2.121,,,
[1758212542945641236],9.349,-4.36,2.049,,,
[1758212542950733111],9.246,-4.456,2.116,,,
[1758212542955840299],9.431,-4.494,2.021,,,
[1758212542960931132],9.275,-4.295,2.255,,,
[1758212542966094934],9.352,-4.369,2.198,,,
[1758212542971222642],9.378,-4.444,2.126,,,
[1758212542976473997],9.275,-4.508,2.2,,,
[1758212542981591028],9.297,-4.413,2.119,,,
[1758212542986695715],9.409,-4.401,1.98,,,
[1758212542991834517],9.278,-4.357,2.066,,,
[1758212542996989101],9.474,-4.432,2.15,,,
[1758212543002542226],9.404,-4.432,2.138,,,
[1758212543007728372],9.237,-4.496,2.198,,,
[1758212543012896236],9.38,-4.446,2.018,,,
[1758212543018008319],9.29,-4.324,2.021,,,
[1758212543023189049],9.412,-4.547,1.975,,,
[1758212543028294153],9.256,-4.542,2.241,,,
[1758212543033423892],9.27,-4.415,2.15,,,
[1758212543038653840],9.392,-4.477,2.081,,,
[1758212543043831236],9.306,-4.415,1.999,,,
[1758212543049125924],9.196,-4.42,2.095,,,
[1758212543054257903],9.311,-4.542,1.932,,,
[1758212543059346392],9.385,-4.561,2.169,,,
[1758212543064513580],9.464,-4.527,2.073,,,
[1758212543069626184],9.469,-4.393,2.071,,,
[1758212543074813944],9.237,-4.398,2.054,,,
[1758212543079911392],9.278,-4.41,2.119,,,
[1758212543085045976],9.256,-4.594,2.03,,,
[1758212543090198788],9.313,-4.53,2.267,,,
[1758212543095399309],9.392,-4.405,2.157,,,
[1758212543100513580],9.366,-4.434,2.251,,,
[1758212543105617851],9.419,-4.357,2.066,,,
[1758212543111313528],9.364,-4.59,2.191,,,
[1758212543116456028],9.304,-4.436,2.174,,,
[1758212543121584517],9.4,-4.372,1.992,,,
[1758212543126795767],9.45,-4.513,2.253,,,
[1758212543131952538],9.34,-4.472,2.14,,,
[1758212543137095246],9.189,-4.451,2.181,,,
[1758212543142291965],9.328,-4.573,2.231,,,
[1758212543147760194],9.29,-4.427,2.066,,,
[1758212543153074517],9.263,-4.492,1.911,,,
[1758212543158178944],9.462,-4.597,2.04,,,
[1758212543163320455],9.342,-4.345,1.999,,,
[1758212543168432121],9.402,-4.3,2.114,,,
[1758212543173651809],9.263,-4.587,2.114,,,
[1758212543178746444],9.471,-4.436,2.105,,,
[1758212543183874309],9.471,-4.434,2.097,,,
[1758212543189064882],9.292,-4.434,2.253,,,
[1758212543194345351],9.318,-4.477,2.069,,,
[1758212543199504621],9.323,-4.31,2.064,,,
[1758212543204618476],9.256,-4.398,2.119,,,
[1758212543209752955],9.397,-4.326,2.002,,,
[1758212543214970924],9.292,-4.535,2.037,,,
[1758212543220435299],9.266,-4.417,2.203,,,
[1758212543225646809],9.261,-4.583,2.145,,,
[1758212543230771288],9.428,-4.575,2.093,,,
[1758212543235974049],9.282,-4.47,1.978,,,
[1758212543241091496],9.251,-4.338,2.071,,,
[1758212543246210767],9.311,-4.381,2.155,,,
[1758212543251350611],9.407,-4.429,2.109,,,
[1758212543256841496],9.278,-4.441,2.248,,,
[1758212543262087226],9.199,-4.448,1.946,,,
[1758212543267262226],9.316,-4.47,2.2,,,
[1758212543272525559],9.364,-4.53,2.198,,,
[1758212543277722121],9.44,-4.465,2.078,,,
[1758212543286470038],9.318,-4.494,2.152,,,
[1758212543291809569],9.481,-4.513,2.109,,,
[1758212543297006913],9.373,-4.47,2.157,,,
[1758212543302176548],9.239,-4.41,2.078,,,
[1758212543307459048],9.388,-4.372,2.241,,,
[1758212543312648892],9.407,-4.472,2.112,,,
[1758212543317764101],9.364,-4.583,2.26,,,
[1758212543323381965],9.064,-4.465,2.231,,,
[1758212543329553996],9.412,-4.494,2.152,,,
[1758212543334793892],9.364,-4.391,2.124,,,
[1758212543339896236],9.28,-4.31,2.04,,,
[1758212543344995507],9.225,-4.393,2.136,,,
[1758212543350094621],9.242,-4.539,2.131,,,
[1758212543355226653],9.148,-4.594,2.126,,,
[1758212543360336236],9.495,-4.422,2.09,,,
[1758212543365858059],9.369,-4.518,2.107,,,
[1758212543371057486],9.424,-4.573,2.136,,,
[1758212543376356080],9.491,-4.417,2.174,,,
[1758212543381544205],9.395,-4.432,2.047,,,
[1758212543386670871],9.38,-4.424,2.205,,,
[1758212543391812382],9.436,-4.322,2.025,,,
[1758212543396967226],9.371,-4.549,2.002,,,
[1758212543402046028],9.323,-4.511,2.035,,,
[1758212543407160663],9.218,-4.298,2.136,,,
[1758212543412377955],9.218,-4.298,2.093,,,
[1758212543417626080],9.366,-4.381,2.1,,,
[1758212543422862798],9.278,-4.48,2.241,,,
[1758212543427988215],9.297,-4.293,2.009,,,
[1758212543433133215],9.256,-4.307,2.057,,,
[1758212543438755715],9.404,-4.489,2.1,,,
[1758212543443951444],9.385,-4.542,2.162,,,
[1758212543449136392],9.268,-4.518,1.951,,,
[1758212543454353892],9.498,-4.331,1.978,,,
[1758212543459494205],9.34,-4.35,2.069,,,
[1758212543464636340],9.354,-4.554,2.181,,,
[1758212543469766757],9.227,-4.42,2.047,,,
[1758212543475302746],9.254,-4.573,2.205,,,
[1758212543480509986],9.29,-4.446,2.064,,,
[1758212543485643580],9.28,-4.436,2.057,,,
[1758212543490777017],9.359,-4.424,2.1,,,
[1758212543495912330],9.316,-4.42,2.004,,,
[1758212543501049413],9.38,-4.295,1.997,,,
[1758212543506126757],9.378,-4.559,1.982,,,
[1758212543511256861],9.424,-4.336,2.274,,,
[1758212543516376028],9.251,-4.314,2.2,,,
[1758212543521560403],9.335,-4.348,2.114,,,
[1758212543526807173],9.313,-4.439,2.351,,,
[1758212543531922278],9.292,-4.405,2.09,,,
[1758212543537070715],9.402,-4.367,2.059,,,
[1758212543542268996],9.38,-4.386,2.052,,,
[1758212543548823892],9.196,-4.41,2.169,,,
[1758212543554051496],9.345,-4.566,2.217,,,
[1758212543559159569],9.383,-4.405,2.272,,,
[1758212543564259986],9.222,-4.453,1.956,,,
[1758212543569352903],9.361,-4.391,2.15,,,
[1758212543574548215],9.38,-4.453,2.109,,,
[1758212543579658059],9.392,-4.633,2.107,,,
[1758212543585115403],9.395,-4.494,2.124,,,
[1758212543590247798],9.364,-4.508,2.205,,,
[1758212543595496861],9.215,-4.583,2.097,,,
[1758212543600662330],9.333,-4.532,2.186,,,
[1758212543605767121],9.409,-4.484,2.234,,,
[1758212543610927590],9.4,-4.444,2.064,,,
[1758212543616065871],9.349,-4.515,2.184,,,
[1758212543621193475],9.421,-4.379,2.052,,,
[1758212543626401236],9.366,-4.365,2.071,,,
[1758212543631599882],9.273,-4.585,1.915,,,
[1758212543636842590],9.278,-4.393,2.04,,,
[1758212543641932173],9.337,-4.367,2.181,,,
[1758212543647034882],9.483,-4.525,2.138,,,
[1758212543652186288],9.438,-4.401,2.219,,,
[1758212543657930611],9.352,-4.441,2.109,,,
[1758212543663460507],9.352,-4.59,2.172,,,
[1758212543668597486],9.44,-4.551,2.037,,,
[1758212543673923475],9.366,-4.434,2.045,,,
[1758212543679060611],9.352,-4.436,2.128,,,
[1758212543684165819],9.237,-4.379,2.162,,,
[1758212543689311496],9.318,-4.391,1.872,,,
[1758212543696459882],9.309,-4.427,2.1,,,
[1758212543702270038],9.347,-4.506,2.069,,,
[1758212543707410923],9.301,-4.441,2.014,,,
[1758212543712642330],9.455,-4.355,2.009,,,
[1758212543717763996],9.254,-4.523,2.016,,,
[1758212543723037486],9.376,-4.559,2.227,,,
[1758212543728107902],9.586,-4.496,2.231,,,
[1758212543733250611],9.194,-4.52,2.241,,,
[1758212543738361236],9.474,-4.384,2.023,,,
[1758212543743652434],9.278,-4.422,2.198,,,
[1758212543748777902],9.242,-4.487,2.251,,,
[1758212543753893059],9.493,-4.298,2.1,,,
[1758212543758992590],9.359,-4.59,2.126,,,
[1758212543765549882],9.34,-4.559,2.26,,,
[1758212543770776652],9.373,-4.518,2.145,,,
[1758212543776015819],9.349,-4.434,2.097,,,
[1758212543781127225],9.383,-4.559,2.274,,,
[1758212543786281705],9.397,-4.472,1.93,,,
[1758212543791394621],9.251,-4.465,2.112,,,
[1758212543796541705],9.457,-4.48,1.923,,,
[1758212543801971705],9.483,-4.518,2.136,,,
[1758212543807172277],9.282,-4.441,2.145,,,
[1758212543812471965],9.622,-4.432,1.994,,,
[1758212543817591132],9.232,-4.523,2.081,,,
[1758212543822829361],9.347,-4.398,1.99,,,
[1758212543828006809],9.428,-4.561,2.251,,,
[1758212543833133632],9.227,-4.506,2.066,,,
[1758212543838233892],9.309,-4.573,2.193,,,
[1758212543843408111],9.397,-4.432,2.145,,,
[1758212543848566444],9.313,-4.396,2.193,,,
[1758212543853768840],9.464,-4.527,2.143,,,
[1758212543858951444],9.412,-4.345,2.193,,,
[1758212543864097382],9.349,-4.329,2.025,,,
[1758212543869216184],9.476,-4.58,2.215,,,
[1758212543874787902],9.469,-4.448,2.267,,,
[1758212543879926600],9.301,-4.463,2.174,,,
[1758212543885101705],9.177,-4.389,2.112,,,
[1758212543890237694],9.325,-4.415,2.207,,,
[1758212543895461132],9.287,-4.48,2.059,,,
[1758212543900592330],9.304,-4.477,2.133,,,
[1758212543905761340],9.455,-4.456,2.167,,,
[1758212543911169882],9.325,-4.573,2.085,,,
[1758212543916346184],9.598,-4.482,2.26,,,
[1758212543921574413],9.345,-4.563,2.251,,,
[1758212543926778736],9.282,-4.408,2.267,,,
[1758212543931891236],9.402,-4.429,2.167,,,
[1758212543937045142],9.481,-4.535,2.272,,,
[1758212543942204829],9.419,-4.365,2.294,,,
[1758212543947349725],9.27,-4.444,1.994,,,
[1758212543952491340],9.416,-4.451,2.188,,,
[1758212543957628475],9.136,-4.472,2.239,,,
[1758212543962953996],9.412,-4.448,2.093,,,
[1758212543968084777],9.256,-4.448,2.095,,,
[1758212543973284569],9.282,-4.468,2.064,,,
[1758212543978441704],9.416,-4.506,2.109,,,
[1758212543983929673],9.634,-4.511,2.116,,,
[1758212543989109152],9.282,-4.365,2.035,,,
[1758212543994285194],9.383,-4.41,2.083,,,
[1758212543999473840],9.361,-4.561,2.176,,,
[1758212544004615090],9.414,-4.458,2.289,,,
[1758212544009745298],9.392,-4.48,2.023,,,
[1758212544014899517],9.28,-4.503,2.16,,,
[1758212544020317277],9.45,-4.472,2.133,,,
[1758212544025651600],9.227,-4.305,2.047,,,
[1758212544030938840],9.33,-4.372,1.966,,,
[1758212544036067798],9.304,-4.403,2.279,,,
[1758212544075363475],9.27,-4.377,2.093,,,
[1758212544080521600],9.311,-4.518,2.093,,,
[1758212544085726809],9.443,-4.417,2.109,,,
[1758212544091160819],9.201,-4.427,2.107,,,
[1758212544095877277],9.309,-4.484,1.951,,,
[1758212544099575298],9.215,-4.499,2.004,,,
[1758212544103316340],9.256,-4.465,2.028,,,
[1758212544107004309],9.352,-4.41,2.059,,,
[1758212544110665559],9.316,-4.434,2.069,,,
[1758212544114386809],9.419,-4.293,2.059,,,
[1758212544118148684],9.266,-4.444,2.119,,,
[1758212544121835142],9.493,-4.446,2.047,,,
[1758212544125525819],9.364,-4.391,2.035,,,
[1758212544129195194],9.371,-4.434,2.025,,,
[1758212544132977798],9.38,-4.398,2.088,,,
[1758212544136673631],9.376,-4.422,1.966,,,
[1758212544140333788],9.385,-4.427,2.272,,,
[1758212544144011444],9.325,-4.312,2.131,,,
[1758212544147690975],9.349,-4.448,2.095,,,
[1758212544151432798],9.254,-4.499,1.946,,,
[1758212544155123840],9.491,-4.499,2.102,,,
[1758212544158895663],9.201,-4.367,2.09,,,
[1758212544162562434],9.333,-4.365,2.085,,,
[1758212544166242225],9.218,-4.312,2.102,,,
[1758212544169924465],9.349,-4.436,2.059,,,
[1758212544173663163],9.313,-4.544,2.054,,,
[1758212544177317121],9.311,-4.422,1.992,,,
[1758212544181015090],9.199,-4.465,2.054,,,
[1758212544184781496],9.479,-4.52,1.942,,,
[1758212544188479100],9.316,-4.372,2.263,,,
[1758212544192566496],9.278,-4.482,2.042,,,
[1758212544196359881],9.34,-4.563,2.049,,,
[1758212544200057381],9.309,-4.314,1.999,,,
[1758212544203727746],9.309,-4.403,2.107,,,
[1758212544207382277],9.321,-4.317,2.188,,,
[1758212544211069829],9.194,-4.367,2.049,,,
[1758212544214769881],9.364,-4.434,2.059,,,
[1758212544218426809],9.306,-4.429,2.131,,,
[1758212544222115559],9.352,-4.578,1.97,,,
[1758212544225766756],9.306,-4.41,1.982,,,
[1758212544229452277],9.29,-4.381,2.018,,,
[1758212544233232069],9.335,-4.492,1.944,,,
[1758212544236929413],9.285,-4.506,1.987,,,
[1758212544240653736],9.297,-4.439,2.025,,,
[1758212544244366027],9.201,-4.597,2.014,,,
[1758212544248036704],9.378,-4.434,2.1,,,
[1758212544251738267],9.251,-4.451,2.16,,,
[1758212544255398527],9.318,-4.417,2.011,,,
[1758212544259076965],9.321,-4.451,2.186,,,
[1758212544262745246],9.373,-4.422,2.059,,,
[1758212544266423684],9.222,-4.535,2.011,,,
[1758212544270108684],9.22,-4.355,2.229,,,
[1758212544273811548],9.254,-4.501,1.999,,,
[1758212544277469048],9.258,-4.561,2.04,,,
[1758212544281208736],9.29,-4.513,1.997,,,
[1758212544284963684],9.234,-4.389,2.128,,,
[1758212544288653111],9.371,-4.487,2.049,,,
[1758212544292371340],9.318,-4.444,2.045,,,
[1758212544296080246],9.433,-4.48,2.124,,,
[1758212544300014777],9.388,-4.446,2.1,,,
[1758212544303781288],9.304,-4.501,2.054,,,
[1758212544307457902],9.397,-4.386,2.061,,,
[1758212544311170454],9.275,-4.489,2.03,,,
[1758212544314847486],9.345,-4.42,1.992,,,
[1758212544318535767],9.438,-4.583,2.107,,,
[1758212544322219829],9.443,-4.429,1.978,,,
[1758212544325878163],9.278,-4.429,2.078,,,
[1758212544329534309],9.369,-4.551,2.028,,,
[1758212544333258840],9.469,-4.41,2.073,,,
[1758212544336906861],9.38,-4.539,2.193,,,
[1758212544340597069],9.256,-4.372,2.176,,,
[1758212544344359308],9.38,-4.525,2.112,,,
[1758212544348022225],9.275,-4.503,1.97,,,
[1758212544351687433],9.471,-4.451,1.997,,,
[1758212544355382017],9.412,-4.35,1.961,,,
[1758212544359041704],9.29,-4.527,2.025,,,
[1758212544362772433],9.258,-4.41,2.061,,,
[1758212544366413163],9.21,-4.35,2.011,,,
[1758212544370082694],9.416,-4.544,2.054,,,
[1758212544373756652],9.483,-4.594,2.014,,,
[1758212544377409621],9.407,-4.561,1.975,,,
[1758212544381167277],9.261,-4.377,2.085,,,
[1758212544384943631],9.342,-4.511,2.088,,,
[1758212544388611392],9.498,-4.362,2.037,,,
[1758212544392296131],9.342,-4.465,2.009,,,
[1758212544395954777],9.321,-4.47,1.992,,,
[1758212544399678371],9.493,-4.336,1.997,,,
[1758212544403616652],9.421,-4.413,2.09,,,
[1758212544407404256],9.373,-4.465,2.061,,,
[1758212544411226444],9.354,-4.417,2.035,,,
[1758212544414912850],9.239,-4.324,1.999,,,
[1758212544418592850],9.464,-4.554,2.018,,,
[1758212544422245715],9.419,-4.434,1.982,,,
[1758212544425886288],9.333,-4.659,2.236,,,
[1758212544429533683],9.239,-4.578,2.085,,,
[1758212544434062433],9.333,-4.477,1.879,,,
[1758212544437881288],9.428,-4.592,2.004,,,
[1758212544441564100],9.299,-4.403,2.088,,,
[1758212544445213683],9.304,-4.482,2.167,,,
[1758212544448866704],9.488,-4.492,2.272,,,
[1758212544452514361],9.471,-4.369,2.107,,,
[1758212544456150975],9.352,-4.384,2.107,,,
[1758212544459800402],9.438,-4.585,2.004,,,
[1758212544463520038],9.261,-4.441,1.994,,,
[1758212544467191652],9.45,-4.513,2.114,,,
[1758212544470849673],9.301,-4.594,2.114,,,
[1758212544474540298],9.316,-4.46,2.138,,,
[1758212544478201861],9.357,-4.463,2.018,,,
[1758212544481971965],9.345,-4.295,2.143,,,
[1758212544486655663],9.33,-4.413,2.037,,,
[1758212544490503683],9.45,-4.444,2.1,,,
[1758212544494224569],9.256,-4.496,2.131,,,
[1758212544497894517],9.21,-4.465,2.265,,,
[1758212544501551183],9.285,-4.398,2.042,,,
[1758212544505210871],9.376,-4.532,2.265,,,
[1758212544509920454],9.352,-4.353,2.215,,,
[1758212544513768996],9.22,-4.42,2.105,,,
[1758212544517520246],9.292,-4.484,2.164,,,
[1758212544521216236],9.45,-4.341,1.918,,,
[1758212544524859100],9.234,-4.46,2.097,,,
[1758212544528520090],9.175,-4.544,1.956,,,
[1758212544532268111],9.517,-4.468,2.052,,,
[1758212544535930975],9.39,-4.322,1.982,,,
[1758212544539611496],9.481,-4.484,2.011,,,
[1758212544543302017],9.225,-4.444,2.011,,,
[1758212544546934517],9.416,-4.322,2.066,,,
[1758212544550605558],9.419,-4.36,2.061,,,
[1758212544554317642],9.349,-4.436,1.999,,,
[1758212544558046027],9.474,-4.453,2.124,,,
[1758212544561702798],9.244,-4.456,2.1,,,
[1758212544565381392],9.39,-4.496,2.138,,,
[1758212544569047485],9.328,-4.396,2.052,,,
[1758212544572719048],9.337,-4.439,2.162,,,
[1758212544576362433],9.503,-4.451,1.958,,,
[1758212544580068163],9.141,-4.424,2.009,,,
[1758212544583790402],9.404,-4.393,2.054,,,
[1758212544587456548],9.467,-4.465,2.049,,,
[1758212544591183163],9.436,-4.477,2.109,,,
[1758212544594897850],9.234,-4.482,2.14,,,
[1758212544598581548],9.467,-4.477,2.037,,,
[1758212544602248110],9.378,-4.458,2.049,,,
[1758212544605928579],9.428,-4.451,2.219,,,
[1758212544609608006],9.352,-4.389,1.968,,,
[1758212544613322277],9.254,-4.314,2.073,,,
[1758212544617279465],9.12,-4.484,2.049,,,
[1758212544621173944],9.306,-4.448,2.109,,,
[1758212544625310715],9.316,-4.42,2.116,,,
[1758212544629008527],9.483,-4.731,1.98,,,
[1758212544633565038],9.306,-4.494,2.128,,,
[1758212544637278892],9.282,-4.329,1.954,,,
[1758212544641109569],9.215,-4.58,2.093,,,
[1758212544644774985],9.294,-4.446,1.932,,,
[1758212544648433527],9.424,-4.736,2.236,,,
[1758212544652123006],9.474,-4.448,2.054,,,
[1758212544655785090],9.392,-4.357,2.011,,,
[1758212544659459465],9.438,-4.501,2.059,,,
[1758212544663112277],9.328,-4.594,2.049,,,
[1758212544666783267],9.335,-4.403,1.997,,,
[1758212544670426756],9.34,-4.47,1.865,,,
[1758212544674113788],9.316,-4.594,2.071,,,
[1758212544677743319],9.414,-4.365,1.956,,,
[1758212544681530871],9.321,-4.152,2.107,,,
[1758212544685263371],9.364,-4.434,2.03,,,
[1758212544688945558],9.328,-4.434,2.03,,,
[1758212544692648840],9.366,-4.477,2.195,,,
[1758212544696290038],9.282,-4.293,2.15,,,
[1758212544699957121],9.364,-4.456,1.978,,,
[1758212544703627954],9.299,-4.408,2.193,,,
[1758212544707263840],9.433,-4.453,2.09,,,
[1758212544710981183],9.426,-4.401,1.887,,,
[1758212544714721444],9.416,-4.41,2.023,,,
[1758212544718389517],9.488,-4.401,2.052,,,
[1758212544722420558],9.227,-4.396,2.018,,,
[1758212544726177746],9.378,-4.525,1.951,,,
[1758212544729844777],9.292,-4.417,1.997,,,
[1758212544733589308],9.424,-4.525,2.296,,,
[1758212544737285558],9.325,-4.59,1.946,,,
[1758212544741102538],9.44,-4.429,2.078,,,
[1758212544744783058],9.325,-4.434,2.131,,,
[1758212544748469569],9.244,-4.424,2.078,,,
[1758212544752187485],9.402,-4.47,2.16,,,
[1758212544755857902],9.246,-4.401,2.081,,,
[1758212544759507277],9.321,-4.496,1.848,,,
[1758212544763232433],9.275,-4.436,2.081,,,
[1758212544766964569],9.364,-4.468,2.033,,,
[1758212544770626704],9.333,-4.415,2.004,,,
[1758212544774306235],9.45,-4.386,1.968,,,
[1758212544777999829],9.256,-4.611,2.021,,,
[1758212544781738787],9.342,-4.547,1.937,,,
[1758212544785442642],9.364,-4.487,2.073,,,
[1758212544789106965],9.349,-4.451,2.04,,,
[1758212544792772225],9.455,-4.475,2.085,,,
[1758212544796427537],9.22,-4.633,2.09,,,
[1758212544800107850],9.357,-4.415,2.066,,,
[1758212544805313110],9.373,-4.453,2.109,,,
[1758212544810462954],9.311,-4.539,2.025,,,
[1758212544815587798],9.34,-4.362,1.925,,,
[1758212544820699985],9.222,-4.532,2.006,,,
[1758212544825807694],9.285,-4.357,2.188,,,
[1758212544831170142],9.464,-4.503,2.215,,,
[1758212544836378423],9.397,-4.374,2.009,,,
[1758212544841494985],9.378,-4.475,2.114,,,
[1758212544846677850],9.448,-4.532,2.097,,,
[1758212544851780194],9.301,-4.523,2.15,,,
[1758212544856880871],9.218,-4.441,2.172,,,
[1758212544862022746],9.354,-4.389,2.059,,,
[1758212544867137537],9.337,-4.448,2.023,,,
[1758212544872271756],9.457,-4.295,2.078,,,
[1758212544877397537],9.287,-4.3,2.047,,,
[1758212544882613423],9.361,-4.362,2.203,,,
[1758212544887785037],9.323,-4.47,2.207,,,
[1758212544892953996],9.385,-4.456,2.076,,,
[1758212544898047433],9.407,-4.499,2.267,,,
[1758212544903211131],9.222,-4.422,2.198,,,
[1758212544908381444],9.294,-4.489,2.042,,,
[1758212544913503840],9.292,-4.372,2.085,,,
[1758212544918627954],9.459,-4.336,2.219,,,
[1758212544923716912],9.321,-4.542,2.071,,,
[1758212544928813840],9.426,-4.503,2.066,,,
[1758212544935242017],9.333,-4.326,2.291,,,
[1758212544940572798],9.275,-4.568,2.162,,,
[1758212544946964985],9.347,-4.446,2.1,,,
[1758212544952258631],9.448,-4.465,2.016,,,
[1758212544957378006],9.318,-4.511,2.191,,,
[1758212544962553996],9.28,-4.477,2.119,,,
[1758212544967675194],9.349,-4.384,2.016,,,
[1758212544972842121],9.392,-4.446,1.999,,,
[1758212544977956027],9.285,-4.458,2.009,,,
[1758212544983190767],9.309,-4.496,2.033,,,
[1758212544988316392],9.361,-4.436,2.071,,,
[1758212544993535767],9.333,-4.465,2.274,,,
[1758212544998645610],9.306,-4.317,2.009,,,
[1758212545003912850],9.354,-4.391,2.069,,,
[1758212545009110037],9.455,-4.537,2.131,,,
[1758212545014238735],9.29,-4.42,2.078,,,
[1758212545019342798],9.498,-4.401,1.973,,,
[1758212545024501131],9.397,-4.439,2.133,,,
[1758212545029647954],9.409,-4.424,2.078,,,
[1758212545034988058],9.292,-4.527,2.176,,,
[1758212545040131079],9.33,-4.585,2.169,,,
[1758212545046676131],9.285,-4.386,2.224,,,
[1758212545052296392],9.321,-4.379,2.155,,,
[1758212545057426131],9.301,-4.561,2.054,,,
[1758212545062587069],9.263,-4.499,2.064,,,
[1758212545067700037],9.369,-4.472,2.167,,,
[1758212545072864829],9.34,-4.594,2.105,,,
[1758212545077983267],9.378,-4.3,2.272,,,
[1758212545083190767],9.416,-4.52,1.93,,,
[1758212545088326131],9.371,-4.46,2.21,,,
[1758212545095654829],9.323,-4.465,2.255,,,
[1758212545100768214],9.225,-4.417,2.006,,,
[1758212545105944048],9.345,-4.334,2.009,,,
[1758212545111039621],9.445,-4.458,2.227,,,
[1758212545116142589],9.349,-4.563,2.107,,,
[1758212545121234100],9.359,-4.496,2.088,,,
[1758212545126427069],9.294,-4.463,2.152,,,
[1758212545131646808],9.419,-4.417,2.289,,,
[1758212545136951079],9.378,-4.456,2.229,,,
[1758212545142091339],9.364,-4.336,2.002,,,
[1758212545147208735],9.316,-4.42,2.037,,,
[1758212545153530089],9.206,-4.527,2.045,,,
[1758212545160201600],9.328,-4.432,2.093,,,
[1758212545165413319],9.613,-4.343,1.946,,,
[1758212545170511287],9.359,-4.439,2.152,,,
[1758212545175665298],9.249,-4.362,2.164,,,
[1758212545180784152],9.438,-4.362,1.975,,,
[1758212545185963996],9.328,-4.46,2.045,,,
[1758212545191075194],9.282,-4.494,2.265,,,
[1758212545196213214],9.474,-4.319,2.023,,,
[1758212545201332121],9.428,-4.377,2.035,,,
[1758212545206556912],9.294,-4.446,1.985,,,
[1758212545211670871],9.493,-4.374,2.035,,,
[1758212545216793162],9.333,-4.381,2.286,,,
[1758212545221895923],9.268,-4.42,2.037,,,
[1758212545227008162],9.452,-4.41,2.205,,,
[1758212545232184464],9.266,-4.451,2.193,,,
[1758212545237426860],9.287,-4.436,1.973,,,
[1758212545243094360],9.306,-4.453,2.2,,,
[1758212545248279464],9.299,-4.317,2.203,,,
[1758212545253398527],9.34,-4.537,1.997,,,
[1758212545258555558],9.352,-4.544,2.181,,,
[1758212545265070141],9.467,-4.441,2.291,,,
[1758212545270349569],9.313,-4.492,2.009,,,
[1758212545275467329],9.172,-4.345,2.136,,,
[1758212545280583579],9.27,-4.458,2.105,,,
[1758212545285780454],9.333,-4.583,2.078,,,
[1758212545290922381],9.304,-4.458,2.09,,,
[1758212545296374933],9.433,-4.353,2.251,,,
[1758212545301949412],9.232,-4.594,2.279,,,
[1758212545307125662],9.366,-4.429,2.116,,,
[1758212545312395975],9.414,-4.547,2.116,,,
[1758212545317506600],9.254,-4.453,2.054,,,
[1758212545322741027],9.273,-4.408,2.255,,,
[1758212545327901496],9.409,-4.456,2.04,,,
[1758212545333129048],9.201,-4.444,2.272,,,
[1758212545338249152],9.38,-4.503,2.248,,,
[1758212545343383996],9.397,-4.556,2.114,,,
[1758212545348529100],9.395,-4.475,2.186,,,
[1758212545353768683],9.29,-4.542,2.116,,,
[1758212545358880402],9.263,-4.307,2.224,,,
[1758212545364056496],9.414,-4.439,1.982,,,
[1758212545369411548],9.433,-4.439,2.241,,,
[1758212545374515089],9.357,-4.537,1.908,,,
[1758212545379646079],9.306,-4.501,1.844,,,
[1758212545384837694],9.323,-4.331,2.009,,,
[1758212545389938475],9.251,-4.391,2.116,,,
[1758212545395106652],9.33,-4.492,2.152,,,
[1758212545400216652],9.443,-4.422,2.136,,,
[1758212545405367798],9.242,-4.513,2.057,,,
[1758212545410495089],9.428,-4.413,2.136,,,
[1758212545415644412],9.383,-4.353,2.284,,,
[1758212545420793319],9.266,-4.432,2.037,,,
[1758212545425894881],9.23,-4.348,2.081,,,
[1758212545431037433],9.282,-4.597,2.002,,,
[1758212545436236443],9.306,-4.446,2.119,,,
[1758212545441354673],9.464,-4.417,2.133,,,
[1758212545446503631],9.316,-4.381,1.92,,,
[1758212545451642850],9.467,-4.429,2.198,,,
[1758212545456731443],9.354,-4.556,2.112,,,
[1758212545461874673],9.357,-4.302,2.26,,,
[1758212545467048266],9.325,-4.357,1.997,,,
[1758212545472636183],9.294,-4.587,2.109,,,
[1758212545477977173],9.383,-4.369,1.942,,,
[1758212545483163318],9.44,-4.427,2.2,,,
[1758212545488285975],9.443,-4.314,2.373,,,
[1758212545493422068],9.495,-4.434,2.052,,,
[1758212545498599360],9.433,-4.487,2.234,,,
[1758212545503737798],9.237,-4.386,2.021,,,
[1758212545508860141],9.342,-4.429,2.133,,,
[1758212545514018475],9.316,-4.583,2.112,,,
[1758212545519220089],9.378,-4.322,2.016,,,
[1758212545524333527],9.39,-4.42,2.14,,,
[1758212545529461548],9.325,-4.444,2.081,,,
[1758212545534689829],9.383,-4.444,2.018,,,
[1758212545539814621],9.366,-4.436,1.908,,,
[1758212545544914881],9.218,-4.31,2.109,,,
[1758212545550070558],9.354,-4.487,2.14,,,
[1758212545555247537],9.436,-4.365,2.035,,,
[1758212545560424308],9.194,-4.319,2.124,,,
[1758212545565597746],9.337,-4.542,2.215,,,
[1758212545570769933],9.22,-4.456,2.119,,,
[1758212545576291808],9.328,-4.446,2.002,,,
[1758212545581577589],9.476,-4.527,2.066,,,
[1758212545586803318],9.471,-4.381,2.306,,,
[1758212545591906756],9.347,-4.413,2.033,,,
[1758212545597105298],9.184,-4.348,2.179,,,
[1758212545602310506],9.395,-4.549,2.143,,,
[1758212545607474568],9.268,-4.341,2.109,,,
[1758212545612674152],9.366,-4.427,2.291,,,
[1758212545617874152],9.431,-4.405,1.963,,,
[1758212545623078318],9.337,-4.429,2.148,,,
[1758212545628200506],9.4,-4.453,2.133,,,
[1758212545633455298],9.404,-4.331,2.097,,,
[1758212545638605975],9.448,-4.59,2.32,,,
[1758212545643750193],9.397,-4.427,2.277,,,
[1758212545648934985],9.333,-4.446,2.097,,,
[1758212545654609673],9.256,-4.365,2.193,,,
[1758212545659751600],9.366,-4.456,2.248,,,
[1758212545664907798],9.261,-4.451,1.846,,,
[1758212545670028839],9.385,-4.372,2.011,,,
[1758212545675169048],9.345,-4.458,1.867,,,
[1758212545680288787],9.177,-4.59,2.258,,,
[1758212545686644412],9.227,-4.398,2.253,,,
[1758212545693164256],9.297,-4.523,2.014,,,
[1758212545698418266],9.364,-4.307,1.887,,,
[1758212545703615245],9.297,-4.336,2.243,,,
[1758212545708751600],9.275,-4.42,2.222,,,
[1758212545713927329],9.301,-4.302,2.227,,,
[1758212545719034933],9.297,-4.374,1.966,,,
[1758212545724149100],9.335,-4.389,2.14,,,
[1758212545729266704],9.426,-4.475,2.061,,,
[1758212545734520350],9.342,-4.571,2.028,,,
[1758212545739723891],9.397,-4.477,2.387,,,
[1758212545744844308],9.282,-4.472,2.169,,,
[1758212545749946287],9.194,-4.47,2.267,,,
[1758212545755089464],9.258,-4.475,2.083,,,
[1758212545760191652],9.222,-4.46,2.064,,,
[1758212545765304256],9.345,-4.544,2.334,,,
[1758212545770442745],9.531,-4.432,1.846,,,
[1758212545775606704],9.412,-4.52,1.877,,,
[1758212545780764829],9.594,-4.353,2.176,,,
[1758212545785955193],9.495,-4.446,2.14,,,
[1758212545791055662],9.345,-4.341,2.066,,,
[1758212545796576027],9.495,-4.472,2.411,,,
[1758212545801789673],9.388,-4.324,2.021,,,
[1758212545806915298],9.321,-4.578,2.131,,,
[1758212545812061756],9.323,-4.374,2.138,,,
[1758212545819269725],9.45,-4.585,2.241,,,
[1758212545824586548],9.388,-4.441,2.006,,,
[1758212545829724256],9.333,-4.583,2.04,,,
[1758212545834955454],9.275,-4.456,1.994,,,
[1758212545840168423],9.364,-4.535,2.085,,,
[1758212545845341287],9.455,-4.441,1.97,,,
[1758212545850494204],9.479,-4.434,2.085,,,
[1758212545855649568],9.369,-4.544,2.26,,,
[1758212545860803162],9.301,-4.319,2.234,,,
[1758212545865928527],9.467,-4.511,2.205,,,
[1758212545871070922],9.311,-4.575,2.088,,,
[1758212545876210193],9.493,-4.348,2.231,,,
[1758212545881340818],9.357,-4.559,2.002,,,
[1758212545886692745],9.337,-4.417,2.234,,,
[1758212545891827433],9.39,-4.436,2.157,,,
[1758212545896972277],9.311,-4.594,2.121,,,
[1758212545902610558],9.395,-4.326,2.052,,,
[1758212545907918162],9.273,-4.353,2.066,,,
[1758212545913063579],9.278,-4.398,2.246,,,
[1758212545918166027],9.471,-4.499,2.059,,,
[1758212545923348527],9.376,-4.398,2.263,,,
[1758212545928563787],9.481,-4.487,2.2,,,
[1758212545933764152],9.359,-4.48,2.045,,,
[1758212545938869360],9.122,-4.499,2.162,,,
[1758212545944015558],9.325,-4.362,2.057,,,
[1758212545949261964],9.407,-4.453,2.064,,,
[1758212545954413058],9.4,-4.556,2.14,,,
[1758212545959515714],9.196,-4.444,2.176,,,
[1758212545964672745],9.376,-4.492,2.018,,,
[1758212545969820402],9.404,-4.499,2.21,,,
[1758212545974933943],9.325,-4.535,2.045,,,
[1758212545980032016],9.424,-4.597,2.172,,,
[1758212545985287120],9.213,-4.393,2.133,,,
[1758212545990430193],9.206,-4.293,2.205,,,
[1758212545995560245],9.201,-4.52,2.184,,,
[1758212546000651704],9.313,-4.444,2.193,,,
[1758212546006398058],9.318,-4.532,2.191,,,
[1758212546011664100],9.203,-4.302,2.308,,,
[1758212546016791287],9.246,-4.317,2.193,,,
[1758212546021913162],9.424,-4.506,1.894,,,
[1758212546027032693],9.352,-4.492,2.064,,,
[1758212546032230766],9.251,-4.398,2.184,,,
[1758212546037466860],9.306,-4.597,2.011,,,
[1758212546042718422],9.467,-4.477,2.133,,,
[1758212546047958266],9.249,-4.444,2.131,,,
[1758212546053196287],9.306,-4.597,2.037,,,
[1758212546058311339],9.366,-4.374,2.282,,,
[1758212546063433214],9.297,-4.458,2.085,,,
[1758212546068532172],9.199,-4.525,2.207,,,
[1758212546073647693],9.395,-4.439,2.109,,,
[1758212546078790037],9.364,-4.326,2.009,,,
[1758212546084032016],9.349,-4.465,2.136,,,
[1758212546089177902],9.309,-4.487,2.061,,,
[1758212546094298162],9.354,-4.429,2.006,,,
[1758212546099398162],9.414,-4.41,2.061,,,
[1758212546104505818],9.278,-4.46,2.107,,,
[1758212546109615402],9.306,-4.31,2.059,,,
[1758212546115300870],9.471,-4.393,2.093,,,
[1758212546120572954],9.459,-4.501,2.116,,,
[1758212546125740349],9.431,-4.592,2.291,,,
[1758212546130888787],9.268,-4.463,2.126,,,
[1758212546136105402],9.38,-4.489,2.016,,,
[1758212546141215610],9.383,-4.499,2.176,,,
[1758212546146327381],9.39,-4.501,2.002,,,
[1758212546151423735],9.361,-4.374,2.071,,,
[1758212546156620037],9.388,-4.465,2.059,,,
[1758212546161851183],9.27,-4.41,2.219,,,
[1758212546167001964],9.376,-4.348,2.023,,,
[1758212546172089829],9.22,-4.446,2.179,,,
[1758212546177196131],9.316,-4.405,2.093,,,
[1758212546182406235],9.342,-4.508,2.002,,,
[1758212546187628110],9.512,-4.381,1.997,,,
[1758212546192821547],9.39,-4.561,2.049,,,
[1758212546197953891],9.39,-4.501,2.193,,,
[1758212546203065662],9.318,-4.314,2.083,,,
[1758212546208163683],9.493,-4.477,2.047,,,
[1758212546213321079],9.481,-4.448,2.217,,,
[1758212546219094777],9.419,-4.446,2.188,,,
[1758212546224348943],9.333,-4.456,1.901,,,
[1758212546229461912],9.428,-4.446,2.21,,,
[1758212546234644568],9.512,-4.547,2.184,,,
[1758212546239813943],9.28,-4.554,2.193,,,
[1758212546244920193],9.474,-4.334,2.042,,,
[1758212546250012381],9.416,-4.513,2.263,,,
[1758212546255262745],9.278,-4.532,2.023,,,
[1758212546260483891],9.371,-4.405,2.078,,,
[1758212546269474568],9.481,-4.482,2.2,,,
[1758212546275746131],9.34,-4.501,1.997,,,
[1758212546281083943],9.311,-4.302,2.184,,,
[1758212546286280454],9.493,-4.427,2.152,,,
[1758212546291381131],9.275,-4.46,2.061,,,
[1758212546296499099],9.419,-4.408,1.973,,,
[1758212546301634412],9.402,-4.35,2.179,,,
[1758212546306792589],9.428,-4.453,2.217,,,
[1758212546311929204],9.275,-4.322,2.023,,,
[1758212546317336026],9.376,-4.585,2.26,,,
[1758212546322946235],9.402,-4.434,2.14,,,
[1758212546329588891],9.493,-4.413,2.136,,,
[1758212546336165349],9.385,-4.554,1.994,,,
[1758212546342622276],9.316,-4.515,2.164,,,
[1758212546347890870],9.309,-4.444,2.035,,,
[1758212546353012172],9.342,-4.508,2.184,,,
[1758212546358113162],9.464,-4.468,1.848,,,
[1758212546363239412],9.402,-4.475,1.867,,,
[1758212546368330089],9.194,-4.372,1.86,,,
[1758212546373446599],9.266,-4.571,2.188,,,
[1758212546378559672],9.225,-4.324,2.131,,,
[1758212546383773839],9.294,-4.424,1.939,,,
[1758212546388966495],9.44,-4.36,2.016,,,
[1758212546394073058],9.28,-4.424,2.133,,,
[1758212546399168006],9.397,-4.3,2.025,,,
[1758212546404275922],9.268,-4.571,2.047,,,
[1758212546409357954],9.481,-4.597,2.078,,,
[1758212546414497120],9.261,-4.566,2.145,,,
[1758212546419596860],9.448,-4.547,2.076,,,
[1758212546424752381],9.464,-4.508,2.241,,,
[1758212546431319360],9.285,-4.413,2.231,,,
[1758212546436661339],9.261,-4.58,2.061,,,
[1758212546441879204],9.443,-4.506,2.203,,,
[1758212546447043839],9.397,-4.41,2.193,,,
[1758212546452195037],9.337,-4.468,2.277,,,
[1758212546457352745],9.4,-4.561,2.186,,,
[1758212546462492849],9.383,-4.401,2.138,,,
[1758212546467568422],9.285,-4.362,2.298,,,
[1758212546472720506],9.419,-4.415,2.059,,,
[1758212546477913683],9.483,-4.508,2.126,,,
[1758212546483058891],9.433,-4.396,2.018,,,
[1758212546488126651],9.419,-4.379,2.172,,,
[1758212546493290766],9.34,-4.523,2.097,,,
[1758212546498352329],9.304,-4.417,2.059,,,
[1758212546503449881],9.38,-4.393,2.339,,,
[1758212546508536704],9.589,-4.341,2.14,,,
[1758212546513687172],9.208,-4.525,2.066,,,
[1758212546518779151],9.491,-4.429,2.143,,,
[1758212546523891495],9.574,-4.594,2.167,,,
[1758212546528977849],9.237,-4.451,2.152,,,
[1758212546534082797],9.208,-4.499,2.131,,,
[1758212546539610506],9.371,-4.465,2.035,,,
[1758212546544868891],9.359,-4.444,2.136,,,
[1758212546549963370],9.378,-4.365,2.093,,,
[1758212546555079828],9.457,-4.494,2.064,,,
[1758212546560170453],9.22,-4.506,2.018,,,
[1758212546565278162],9.39,-4.429,2.105,,,
[1758212546570367745],9.321,-4.525,2.133,,,
[1758212546575485818],9.29,-4.422,2.26,,,
[1758212546580588474],9.282,-4.494,2.066,,,
[1758212546585788266],9.4,-4.436,2.119,,,
[1758212546590927849],9.342,-4.494,2.15,,,
[1758212546596114256],9.285,-4.436,1.973,,,
[1758212546601192328],9.392,-4.544,2.215,,,
[1758212546606298006],9.273,-4.484,2.138,,,
[1758212546611450662],9.34,-4.463,2.212,,,
[1758212546616600714],9.335,-4.515,2.054,,,
[1758212546621700766],9.44,-4.48,2.045,,,
[1758212546626839933],9.342,-4.393,2.004,,,
[1758212546631963891],9.481,-4.472,2.076,,,
[1758212546637073318],9.402,-4.386,2.157,,,
[1758212546642857693],9.203,-4.403,2.195,,,
[1758212546648144620],9.294,-4.458,2.169,,,
[1758212546653262328],9.464,-4.415,1.908,,,
[1758212546658362537],9.376,-4.525,2.203,,,
[1758212546663485922],9.199,-4.391,2.234,,,
[1758212546668635766],9.392,-4.468,2.095,,,
[1758212546673747068],9.266,-4.369,2.126,,,
[1758212546678871703],9.311,-4.448,2.179,,,
[1758212546684022224],9.27,-4.52,2.097,,,
[1758212546689239256],9.359,-4.571,2.267,,,
[1758212546694427849],9.311,-4.472,2.229,,,
[1758212546702329256],9.316,-4.458,2.095,,,
[1758212546707871860],9.292,-4.343,1.994,,,
[1758212546713082901],9.376,-4.317,2.083,,,
[1758212546718221547],9.292,-4.312,2.212,,,
[1758212546723338422],9.572,-4.42,2.107,,,
[1758212546728432224],9.354,-4.319,2.071,,,
[1758212546733555037],9.388,-4.427,2.04,,,
[1758212546738701183],9.287,-4.513,2.14,,,
[1758212546744086860],9.428,-4.453,2.066,,,
[1758212546750523266],9.309,-4.401,2.006,,,
[1758212546755848162],9.266,-4.403,2.164,,,
[1758212546762325870],9.306,-4.453,2.133,,,
[1758212546768697745],9.491,-4.369,2.296,,,
[1758212546773938318],9.5,-4.484,2.069,,,
[1758212546779045558],9.383,-4.413,2.203,,,
[1758212546784171183],9.409,-4.384,2.085,,,
[1758212546789279203],9.419,-4.559,1.913,,,
[1758212546794492380],9.4,-4.439,2.193,,,
[1758212546799597797],9.222,-4.463,2.071,,,
[1758212546804696547],9.189,-4.499,2.162,,,
[1758212546809814099],9.397,-4.477,2.112,,,
[1758212546815052120],9.373,-4.535,2.088,,,
[1758212546820162849],9.304,-4.592,1.875,,,
[1758212546825289151],9.313,-4.563,2.126,,,
[1758212546830397693],9.359,-4.436,1.884,,,
[1758212546835501651],9.313,-4.336,2.011,,,
[1758212546840609568],9.34,-4.597,1.997,,,
[1758212546845808318],9.278,-4.429,2.164,,,
[1758212546850926026],9.397,-4.415,2.227,,,
[1758212546856068422],9.309,-4.424,2.066,,,
[1758212546861659412],9.462,-4.436,2.114,,,
[1758212546866784568],9.491,-4.463,2.195,,,
[1758212546871867380],9.376,-4.518,1.894,,,
[1758212546876985141],9.297,-4.535,2.126,,,
[1758212546882039412],9.409,-4.331,2.006,,,
[1758212546887131912],9.313,-4.422,2.071,,,
[1758212546892370766],9.33,-4.317,2.102,,,
[1758212546897615505],9.416,-4.377,2.246,,,
[1758212546902936703],9.275,-4.429,2.03,,,
[1758212546908067953],9.203,-4.444,2.217,,,
[1758212546913242485],9.254,-4.429,2.128,,,
[1758212546918342224],9.321,-4.511,2.217,,,
[1758212546923445922],9.531,-4.508,2.002,,,
[1758212546928550922],9.337,-4.547,2.093,,,
[1758212546933726495],9.352,-4.448,2.195,,,
[1758212546938828058],9.366,-4.312,2.155,,,
[1758212546944007901],9.392,-4.468,2.184,,,
[1758212546949152224],9.313,-4.432,2.253,,,
[1758212546954275974],9.316,-4.556,2.035,,,
[1758212546959363162],9.388,-4.453,1.999,,,
[1758212546964904360],9.266,-4.571,1.966,,,
[1758212546970110922],9.445,-4.413,2.025,,,
[1758212546975261078],9.206,-4.343,2.2,,,
[1758212546980353787],9.299,-4.484,2.014,,,
[1758212546985432745],9.275,-4.487,2.006,,,
[1758212546990541703],9.342,-4.511,2.045,,,
[1758212546995742641],9.352,-4.31,2.037,,,
[1758212547000868370],9.297,-4.324,2.042,,,
[1758212547006012953],9.347,-4.439,2.176,,,
[1758212547011160193],9.438,-4.434,2.131,,,
[1758212547016284568],9.287,-4.432,2.15,,,
[1758212547021376912],9.34,-4.439,2.071,,,
[1758212547026506182],9.352,-4.429,2.052,,,
[1758212547031634672],9.4,-4.484,2.179,,,
[1758212547036793735],9.354,-4.477,2.155,,,
[1758212547041889932],9.321,-4.393,2.025,,,
[1758212547047103839],9.455,-4.535,2.093,,,
[1758212547052357016],9.488,-4.542,2.121,,,
[1758212547057479985],9.404,-4.448,2.138,,,
[1758212547062751599],9.376,-4.537,2.162,,,
[1758212547068297849],9.392,-4.329,2.2,,,
[1758212547073520089],9.397,-4.472,2.133,,,
[1758212547078662797],9.416,-4.458,2.224,,,
[1758212547083770453],9.364,-4.413,2.133,,,
[1758212547088864724],9.321,-4.58,2.248,,,
[1758212547094044464],9.225,-4.223,2.188,,,
[1758212547099173370],9.428,-4.355,2.143,,,
[1758212547104310766],9.213,-4.527,2.198,,,
[1758212547109456651],9.433,-4.561,1.997,,,
[1758212547114716443],9.342,-4.456,2.002,,,
[1758212547119840141],9.421,-4.566,2.014,,,
[1758212547124992693],9.29,-4.338,2.172,,,
[1758212547130118995],9.306,-4.487,2.248,,,
[1758212547135277172],9.301,-4.403,2.157,,,
[1758212547140395453],9.39,-4.424,2.042,,,
[1758212547145637537],9.266,-4.441,2.184,,,
[1758212547150768318],9.373,-4.432,2.004,,,
[1758212547155904672],9.335,-4.357,2.195,,,
[1758212547161000557],9.5,-4.544,2.054,,,
[1758212547166151964],9.345,-4.422,1.863,,,
[1758212547171248630],9.33,-4.463,2.042,,,
[1758212547176749880],9.246,-4.422,2.078,,,
[1758212547181973578],9.225,-4.518,2.155,,,
[1758212547187123162],9.354,-4.408,2.047,,,
[1758212547192305818],9.057,-4.293,2.107,,,
[1758212547197491130],9.38,-4.334,2.002,,,
[1758212547202680089],9.479,-4.362,2.121,,,
[1758212547207780141],9.301,-4.448,2.131,,,
[1758212547213002068],9.395,-4.427,2.172,,,
[1758212547218114516],9.347,-4.52,2.081,,,
[1758212547223309151],9.369,-4.362,2.14,,,
[1758212547228446026],9.471,-4.379,2.105,,,
[1758212547233584359],9.378,-4.523,1.99,,,
[1758212547238669151],9.349,-4.324,2.176,,,
[1758212547243840193],9.455,-4.482,2.267,,,
[1758212547248934776],9.361,-4.494,2.088,,,
[1758212547254157328],9.316,-4.3,2.207,,,
[1758212547259247901],9.38,-4.508,2.282,,,
[1758212547264395193],9.409,-4.477,2.2,,,
[1758212547269513943],9.409,-4.372,2.066,,,
[1758212547274631130],9.433,-4.513,2.131,,,
[1758212547280353526],9.21,-4.3,2.176,,,
[1758212547285605505],9.493,-4.42,2.181,,,
[1758212547290725922],9.445,-4.274,2.081,,,
[1758212547295899932],9.424,-4.427,2.073,,,
[1758212547300994932],9.359,-4.393,1.997,,,
[1758212547306158787],9.416,-4.503,2.112,,,
[1758212547311287797],9.335,-4.575,2.014,,,
[1758212547318287849],9.325,-4.518,2.215,,,
[1758212547323489464],9.337,-4.571,2.272,,,
[1758212547328712849],9.407,-4.575,2.188,,,
[1758212547333873422],9.457,-4.41,2.066,,,
[1758212547338990818],9.29,-4.503,2.119,,,
[1758212547344205193],9.419,-4.422,2.09,,,
[1758212547349309776],9.414,-4.501,2.119,,,
[1758212547354459984],9.474,-4.319,2.157,,,
[1758212547359543474],9.254,-4.592,2.045,,,
[1758212547364678474],9.412,-4.568,2.136,,,
[1758212547369877016],9.309,-4.334,1.982,,,
[1758212547375020870],9.376,-4.341,2.076,,,
[1758212547380193630],9.325,-4.41,2.231,,,
[1758212547385342068],9.364,-4.477,2.028,,,
[1758212547391284932],9.33,-4.527,2.116,,,
[1758212547396519724],9.196,-4.583,2.277,,,
[1758212547401666599],9.215,-4.566,2.229,,,
[1758212547406794620],9.335,-4.527,2.207,,,
[1758212547411928839],9.409,-4.379,2.207,,,
[1758212547417096651],9.498,-4.482,2.239,,,
[1758212547422391339],9.414,-4.477,2.021,,,
[1758212547427553526],9.392,-4.575,2.255,,,
[1758212547432821443],9.282,-4.472,2.136,,,
[1758212547438004151],9.445,-4.501,2.167,,,
[1758212547443213422],9.459,-4.458,2.049,,,
[1758212547448349047],9.301,-4.48,2.002,,,
[1758212547453490870],9.23,-4.556,2.217,,,
[1758212547458591755],9.304,-4.527,2.035,,,
[1758212547463700870],9.208,-4.59,2.152,,,
[1758212547468797380],9.321,-4.448,2.021,,,
[1758212547473968109],9.421,-4.563,2.291,,,
[1758212547479112849],9.615,-4.3,2.148,,,
[1758212547484253161],9.402,-4.594,2.088,,,
[1758212547489359568],9.476,-4.389,1.968,,,
[1758212547494928839],9.459,-4.365,2.279,,,
[1758212547500168318],9.251,-4.578,2.035,,,
[1758212547505295505],9.246,-4.424,2.093,,,
[1758212547510400141],9.378,-4.508,2.215,,,
[1758212547515588109],9.311,-4.42,2.179,,,
[1758212547520688526],9.364,-4.401,1.906,,,
[1758212547525823630],9.376,-4.413,1.997,,,
[1758212547530972380],9.28,-4.592,2.193,,,
[1758212547536157693],9.354,-4.415,2.167,,,
[1758212547541364516],9.357,-4.331,2.057,,,
[1758212547546806234],9.481,-4.403,2.121,,,
[1758212547551988161],9.421,-4.398,1.906,,,
[1758212547557148734],9.445,-4.216,2.152,,,
[1758212547562311078],9.349,-4.597,2.059,,,
[1758212547567471703],9.378,-4.566,2.184,,,
[1758212547572649932],9.34,-4.508,2.126,,,
[1758212547577794828],9.469,-4.499,2.203,,,
[1758212547582995193],9.378,-4.465,2.207,,,
[1758212547588163578],9.352,-4.439,2.243,,,
[1758212547593453734],9.258,-4.458,2.191,,,
[1758212547598939880],9.352,-4.439,2.102,,,
[1758212547604161599],9.476,-4.554,2.27,,,
[1758212547609271443],9.402,-4.365,2.085,,,
[1758212547614406339],9.366,-4.444,2.191,,,
[1758212547619586443],9.268,-4.3,2.191,,,
[1758212547624702693],9.369,-4.448,2.219,,,
[1758212547629808109],9.445,-4.544,2.018,,,
[1758212547634992536],9.448,-4.398,2.093,,,
[1758212547640119828],9.325,-4.501,1.863,,,
[1758212547645381182],9.419,-4.322,2.014,,,
[1758212547650525922],9.376,-4.544,2.109,,,
[1758212547655680974],9.328,-4.417,1.997,,,
[1758212547660779359],9.483,-4.367,2.049,,,
[1758212547665929151],9.409,-4.422,2.2,,,
[1758212547671088422],9.349,-4.365,1.882,,,
[1758212547676193161],9.376,-4.501,1.997,,,
[1758212547681343213],9.345,-4.484,2.071,,,
[1758212547686474411],9.378,-4.549,2.016,,,
[1758212547691579932],9.311,-4.523,2.203,,,
[1758212547696765609],9.278,-4.46,2.169,,,
[1758212547701882172],9.225,-4.386,2.26,,,
[1758212547708426286],9.462,-4.484,1.87,,,
[1758212547713768109],9.378,-4.413,2.282,,,
[1758212547719181859],9.421,-4.456,2.258,,,
[1758212547724317172],9.234,-4.482,1.87,,,
[1758212547729415141],9.433,-4.527,2.131,,,
[1758212547734507276],9.498,-4.322,2.097,,,
[1758212547739601338],9.33,-4.573,2.033,,,
[1758212547744823057],9.043,-4.59,2.148,,,
[1758212547749939984],9.299,-4.42,2.061,,,
[1758212547755345141],9.297,-4.518,2.174,,,
[1758212547760535818],9.364,-4.298,2.085,,,
[1758212547765668578],9.294,-4.583,2.286,,,
[1758212547770763109],9.246,-4.427,2.155,,,
[1758212547775912224],9.38,-4.187,2.286,,,
[1758212547781025974],9.333,-4.501,2.073,,,
[1758212547786128786],9.359,-4.417,2.047,,,
[1758212547791271859],9.218,-4.511,2.404,,,
[1758212547796551859],9.273,-4.324,1.848,,,
[1758212547801718370],9.27,-4.46,2.162,,,
[1758212547806833526],9.479,-4.446,2.102,,,
[1758212547811940922],9.321,-4.597,2.164,,,
[1758212547817490713],9.28,-4.506,2.231,,,
[1758212547822692588],9.278,-4.597,2.255,,,
[1758212547829062328],9.34,-4.448,2.16,,,
[1758212547834289099],9.285,-4.482,2.03,,,
[1758212547839394828],9.29,-4.458,2.128,,,
[1758212547844555609],9.383,-4.348,2.136,,,
[1758212547849638995],9.333,-4.551,2.021,,,
[1758212547854793734],9.376,-4.405,2.037,,,
[1758212547859891338],9.498,-4.357,2.066,,,
[1758212547865030349],9.402,-4.417,2.169,,,
[1758212547870183370],9.471,-4.58,2.224,,,
[1758212547875403526],9.479,-4.312,1.961,,,
[1758212547880533526],9.419,-4.36,2.186,,,
[1758212547885609932],9.354,-4.401,2.327,,,
[1758212547890723161],9.297,-4.563,2.045,,,
[1758212547895933213],9.479,-4.456,2.049,,,
[1758212547901095557],9.639,-4.477,2.066,,,
[1758212547906179307],9.359,-4.544,2.061,,,
[1758212547911302797],9.443,-4.597,2.203,,,
[1758212547916457432],9.44,-4.398,2.136,,,
[1758212547921617380],9.438,-4.47,2.172,,,
[1758212547928280505],9.476,-4.329,2.061,,,
[1758212547933812484],9.316,-4.343,2.064,,,
[1758212547938930245],9.328,-4.482,2.16,,,
[1758212547944123890],9.471,-4.463,2.136,,,
[1758212547949241963],9.409,-4.441,2.322,,,
[1758212547954339880],9.23,-4.413,2.042,,,
[1758212547959433630],9.297,-4.539,2.002,,,
[1758212547964589047],9.301,-4.501,2.186,,,
[1758212547969717224],9.23,-4.451,1.999,,,
[1758212547974931547],9.469,-4.451,2.03,,,
[1758212547982038318],9.318,-4.439,2.136,,,
[1758212547987228161],9.462,-4.551,2.071,,,
[1758212547992390088],9.292,-4.585,2.231,,,
[1758212547997628474],9.045,-4.482,2.028,,,
[1758212548002832849],9.443,-4.554,2.071,,,
[1758212548007950297],9.369,-4.482,2.049,,,
[1758212548013177276],9.352,-4.515,1.997,,,
[1758212548018499151],9.222,-4.542,2.198,,,
[1758212548023613995],9.4,-4.508,2.052,,,
[1758212548028741547],9.409,-4.446,2.114,,,
[1758212548034284203],9.246,-4.561,2.014,,,
[1758212548039438526],9.412,-4.405,2.078,,,
[1758212548044620193],9.493,-4.482,2.064,,,
[1758212548049730818],9.416,-4.506,1.999,,,
[1758212548054979932],9.313,-4.458,2.346,,,
[1758212548060209463],9.318,-4.523,2.128,,,
[1758212548065301442],9.373,-4.47,2.049,,,
[1758212548070386286],9.481,-4.547,2.253,,,
[1758212548075512640],9.21,-4.48,2.085,,,
[1758212548080660609],9.349,-4.396,1.915,,,
[1758212548085775349],9.194,-4.456,2.052,,,
[1758212548090885453],9.431,-4.386,1.942,,,
[1758212548096138109],9.407,-4.511,2.121,,,
[1758212548101361234],9.321,-4.377,2.016,,,
[1758212548106474620],9.397,-4.513,2.126,,,
[1758212548111601755],9.366,-4.319,2.037,,,
[1758212548116781442],9.321,-4.35,2.109,,,
[1758212548121868942],9.313,-4.468,1.999,,,
[1758212548126949151],9.292,-4.494,2.155,,,
[1758212548132042015],9.354,-4.446,2.006,,,
[1758212548137740505],9.361,-4.549,2.049,,,
[1758212548143077432],9.313,-4.367,2.16,,,
[1758212548148254463],9.287,-4.482,2.284,,,
[1758212548153414515],9.457,-4.563,2.15,,,
[1758212548158541234],9.369,-4.532,2.138,,,
[1758212548163648422],9.273,-4.508,2.023,,,
[1758212548168727588],9.349,-4.415,2.023,,,
[1758212548173879151],9.488,-4.592,2.203,,,
[1758212548178989932],9.445,-4.537,2.248,,,
[1758212548184196807],9.328,-4.503,2.052,,,
[1758212548189336651],9.311,-4.549,2.282,,,
[1758212548194548474],9.416,-4.542,2.057,,,
[1758212548199725245],9.395,-4.377,2.212,,,
[1758212548204869203],9.098,-4.537,2.253,,,
[1758212548210010349],9.402,-4.492,2.176,,,
[1758212548215214724],9.215,-4.508,1.987,,,
[1758212548220369567],9.38,-4.372,2.143,,,
[1758212548225478682],9.407,-4.42,2.116,,,
[1758212548230567536],9.263,-4.585,2.219,,,
[1758212548235699411],9.337,-4.556,2.057,,,
[1758212548241358005],9.249,-4.492,2.145,,,
[1758212548246633370],9.335,-4.561,2.119,,,
[1758212548251751390],9.364,-4.465,2.291,,,
[1758212548256864567],9.237,-4.415,1.841,,,
[1758212548261949776],9.385,-4.432,2.037,,,
[1758212548267110870],9.251,-4.568,1.999,,,
[1758212548272317328],9.266,-4.492,2.131,,,
[1758212548277455401],9.402,-4.456,1.863,,,
[1758212548282628161],9.359,-4.707,2.138,,,
[1758212548287912640],9.38,-4.566,2.236,,,
[1758212548293140401],9.34,-4.549,2.188,,,
[1758212548298251234],9.347,-4.594,2.215,,,
[1758212548303372849],9.268,-4.314,1.99,,,
[1758212548308503734],9.299,-4.398,2.073,,,
[1758212548313639880],9.448,-4.353,1.997,,,
[1758212548318791755],9.397,-4.571,2.207,,,
[1758212548323964307],9.486,-4.386,2.033,,,
[1758212548329110036],9.404,-4.334,2.236,,,
[1758212548334239828],9.206,-4.48,2.128,,,
[1758212548339362224],9.459,-4.302,2.081,,,
[1758212548344580765],9.646,-4.429,2.071,,,
[1758212548350579776],9.345,-4.432,2.025,,,
[1758212548355812172],9.369,-4.503,2.1,,,
[1758212548361668369],9.306,-4.439,2.025,,,
[1758212548368248890],9.206,-4.468,2.064,,,
[1758212548373483422],9.402,-4.537,1.978,,,
[1758212548378580869],9.105,-4.523,2.119,,,
[1758212548383689984],9.388,-4.484,2.03,,,
[1758212548388772901],9.234,-4.501,2.243,,,
[1758212548393926703],9.385,-4.475,2.128,,,
[1758212548399022953],9.357,-4.331,2.219,,,
[1758212548404162328],9.323,-4.472,2.195,,,
[1758212548409271130],9.491,-4.343,2.018,,,
[1758212548414519203],9.323,-4.295,1.968,,,
[1758212548419635922],9.361,-4.396,2.088,,,
[1758212548424754724],9.278,-4.511,2.035,,,
[1758212548429842224],9.325,-4.484,2.282,,,
[1758212548434994880],9.345,-4.458,2.121,,,
[1758212548440103161],9.268,-4.312,2.243,,,
[1758212548445339203],9.462,-4.413,2.239,,,
[1758212548450475088],9.45,-4.429,2.251,,,
[1758212548455702015],9.376,-4.475,2.03,,,
[1758212548461151911],9.333,-4.556,1.882,,,
[1758212548466298005],9.273,-4.458,2.138,,,
[1758212548471452640],9.38,-4.52,1.999,,,
[1758212548476926494],9.287,-4.527,2.078,,,
[1758212548482016807],9.426,-4.468,2.138,,,
[1758212548487091651],9.244,-4.559,2.148,,,
[1758212548492301546],9.443,-4.305,2.291,,,
[1758212548498690869],9.34,-4.58,2.097,,,
[1758212548503940505],9.527,-4.458,2.231,,,
[1758212548509031130],9.347,-4.439,2.164,,,
[1758212548514185713],9.333,-4.413,2.126,,,
[1758212548519304411],9.191,-4.724,1.901,,,
[1758212548524393682],9.325,-4.518,2.291,,,
[1758212548529480713],9.196,-4.326,2.14,,,
[1758212548534607276],9.251,-4.496,2.078,,,
[1758212548539719880],9.464,-4.549,2.049,,,
[1758212548545056026],9.254,-4.46,2.121,,,
[1758212548550161026],9.354,-4.503,2.239,,,
[1758212548555310140],9.266,-4.389,2.059,,,
[1758212548560395661],9.491,-4.326,2.138,,,
[1758212548565531963],9.23,-4.597,2.011,,,
[1758212548571055296],9.383,-4.403,2.167,,,
[1758212548576222796],9.297,-4.52,2.037,,,
[1758212548581335088],9.388,-4.592,2.265,,,
[1758212548587888994],9.345,-4.463,2.04,,,
[1758212548594241442],9.345,-4.47,2.286,,,
[1758212548599467276],9.325,-4.566,2.116,,,
[1758212548604573474],9.316,-4.367,1.858,,,
[1758212548609708265],9.222,-4.436,1.97,,,
[1758212548614832328],9.436,-4.513,2.011,,,
[1758212548619939463],9.285,-4.561,2.076,,,
[1758212548625026963],9.232,-4.46,2.054,,,
[1758212548630114880],9.445,-4.472,2.04,,,
[1758212548635265349],9.361,-4.396,2.136,,,
[1758212548640449307],9.34,-4.393,2.145,,,
[1758212548645615140],9.424,-4.396,2.179,,,
[1758212548650709203],9.45,-4.444,2.042,,,
[1758212548655832640],9.292,-4.499,2.155,,,
[1758212548660932640],9.342,-4.341,2.138,,,
[1758212548666053578],9.112,-4.575,2.066,,,
[1758212548671181390],9.27,-4.403,2.081,,,
[1758212548676950088],9.249,-4.458,2.028,,,
[1758212548682067224],9.397,-4.317,2.148,,,
[1758212548687161599],9.498,-4.336,2.1,,,
[1758212548692431859],9.4,-4.401,2.148,,,
[1758212548697922432],9.199,-4.379,2.291,,,
[1758212548703011546],9.299,-4.58,2.21,,,
[1758212548708150192],9.39,-4.482,2.286,,,
[1758212548713284984],9.294,-4.374,2.16,,,
[1758212548720565921],9.316,-4.444,2.191,,,
[1758212548725885453],9.361,-4.563,2.124,,,
[1758212548731016338],9.278,-4.48,2.109,,,
[1758212548736139671],9.323,-4.707,2.155,,,
[1758212548741239776],9.081,-4.367,2.143,,,
[1758212548746399671],9.282,-4.451,2.227,,,
[1758212548751562276],9.488,-4.503,2.207,,,
[1758212548756735296],9.313,-4.583,2.073,,,
[1758212548761866755],9.392,-4.403,2.279,,,
[1758212548767129567],9.28,-4.487,2.018,,,
[1758212548772350296],9.206,-4.326,2.138,,,
[1758212548777485140],9.486,-4.487,2.148,,,
[1758212548782804723],9.378,-4.492,2.009,,,
[1758212548787900453],9.366,-4.35,2.057,,,
[1758212548793057067],9.349,-4.597,1.992,,,
[1758212548798225557],9.301,-4.568,2.229,,,
[1758212548804785713],9.354,-4.487,2.093,,,
[1758212548810026807],9.371,-4.494,2.035,,,
[1758212548815192067],9.349,-4.314,2.069,,,
[1758212548820388317],9.436,-4.367,2.31,,,
[1758212548826147692],9.333,-4.336,2.047,,,
[1758212548831258890],9.414,-4.434,2.014,,,
[1758212548836352901],9.237,-4.319,1.927,,,
[1758212548841452640],9.256,-4.384,2.155,,,
[1758212548846697380],9.299,-4.523,2.014,,,
[1758212548851790140],9.335,-4.367,2.274,,,
[1758212548856892848],9.483,-4.46,2.279,,,
[1758212548861990505],9.227,-4.465,2.27,,,
[1758212548867163369],9.249,-4.484,2.057,,,
[1758212548872488265],9.292,-4.566,2.169,,,
[1758212548877621390],9.321,-4.422,2.102,,,
[1758212548882800869],9.309,-4.508,2.174,,,
[1758212548888001651],9.246,-4.444,2.049,,,
[1758212548893200713],9.261,-4.293,2.203,,,
[1758212548898299932],9.486,-4.451,2.004,,,
[1758212548903428734],9.203,-4.53,2.251,,,
[1758212548908576442],9.359,-4.319,2.219,,,
[1758212548914687796],9.383,-4.496,2.009,,,
[1758212548919863786],9.242,-4.523,1.982,,,
[1758212548924971807],9.287,-4.432,2.035,,,
[1758212548930146546],9.38,-4.405,2.004,,,
[1758212548935313057],9.412,-4.503,2.009,,,
[1758212548940454619],9.373,-4.207,2.195,,,
[1758212548945650817],9.483,-4.46,2.169,,,
[1758212548950814046],9.404,-4.413,2.066,,,
[1758212548956049567],9.196,-4.482,2.112,,,
[1758212548961156078],9.409,-4.484,2.27,,,
[1758212548966298473],9.371,-4.384,2.284,,,
[1758212548971386338],9.424,-4.427,2.069,,,
[1758212548976497328],9.282,-4.456,2.2,,,
[1758212548981619880],9.388,-4.36,2.014,,,
[1758212548986726442],9.287,-4.482,2.298,,,
[1758212548991903161],9.325,-4.453,1.975,,,
[1758212548998668525],9.294,-4.551,2.109,,,
[1758212549005259828],9.304,-4.475,2.191,,,
[1758212549010482119],9.371,-4.396,2.133,,,
[1758212549015613213],9.206,-4.446,2.057,,,
[1758212549020859255],9.237,-4.475,2.162,,,
[1758212549025974567],9.469,-4.295,1.958,,,
[1758212549031050244],9.292,-4.484,2.169,,,
[1758212549036161546],9.469,-4.513,2.04,,,
[1758212549041263161],9.392,-4.413,2.002,,,
[1758212549046478734],9.282,-4.523,2.088,,,
[1758212549051672223],9.323,-4.345,2.093,,,
[1758212549056802380],9.383,-4.312,2.021,,,
[1758212549061900765],9.428,-4.453,2.102,,,
[1758212549067023265],9.366,-4.434,2.073,,,
[1758212549072184359],9.359,-4.511,2.116,,,
[1758212549077310348],9.263,-4.472,2.028,,,
[1758212549082533005],9.304,-4.42,2.016,,,
[1758212549087658369],9.361,-4.542,2.116,,,
[1758212549092863109],9.397,-4.413,2.047,,,
[1758212549098004567],9.4,-4.446,2.306,,,
[1758212549103128942],9.4,-4.413,2.14,,,
[1758212549108244828],9.416,-4.444,1.987,,,
[1758212549113510817],9.333,-4.511,2.088,,,
[1758212549118668578],9.263,-4.307,2.16,,,
[1758212549123807588],9.347,-4.508,2.011,,,
[1758212549129275296],9.242,-4.477,2.303,,,
[1758212549134417588],9.457,-4.492,2.114,,,
[1758212549139528369],9.246,-4.41,2.234,,,
[1758212549144745296],9.464,-4.317,1.915,,,
[1758212549149872275],9.38,-4.369,2.224,,,
[1758212549154966338],9.366,-4.307,2.093,,,
[1758212549160058682],9.361,-4.508,2.109,,,
[1758212549165290661],9.488,-4.295,1.942,,,
[1758212549170467171],9.474,-4.487,2.212,,,
[1758212549175664515],9.443,-4.542,2.037,,,
[1758212549180802067],9.392,-4.456,1.992,,,
[1758212549185963421],9.33,-4.544,2.136,,,
[1758212549191062327],9.254,-4.307,2.272,,,
[1758212549196254880],9.349,-4.515,2.136,,,
[1758212549201368421],9.273,-4.446,2.023,,,
[1758212549206540400],9.361,-4.477,2.059,,,
[1758212549211642952],9.282,-4.444,2.002,,,
[1758212549216849619],9.455,-4.415,2.133,,,
[1758212549223534567],9.299,-4.59,1.978,,,
[1758212549228801859],9.459,-4.561,2.255,,,
[1758212549235358109],9.301,-4.535,2.083,,,
[1758212549241685869],9.38,-4.475,2.215,,,
[1758212549246962171],9.328,-4.513,2.215,,,
[1758212549252068525],9.376,-4.503,2.105,,,
[1758212549257175452],9.347,-4.587,2.289,,,
[1758212549262340296],9.366,-4.389,2.109,,,
[1758212549267468213],9.33,-4.511,2.148,,,
[1758212549272590505],9.258,-4.424,2.224,,,
[1758212549277648317],9.448,-4.48,2.059,,,
[1758212549282833109],9.304,-4.501,2.09,,,
[1758212549288026859],9.51,-4.427,2.09,,,
[1758212549293203682],9.287,-4.527,1.865,,,
[1758212549298308682],9.369,-4.393,2.138,,,
[1758212549303417536],9.256,-4.36,2.018,,,
[1758212549308522536],9.4,-4.386,2.128,,,
[1758212549313626286],9.395,-4.475,2.143,,,
[1758212549318730869],9.234,-4.465,2.076,,,
[1758212549323869411],9.498,-4.47,2.21,,,
[1758212549329175817],9.407,-4.429,2.054,,,
[1758212549334600713],9.335,-4.573,1.97,,,
[1758212549339722952],9.383,-4.343,2.105,,,
[1758212549346101286],9.345,-4.401,2.148,,,
[1758212549351304880],9.333,-4.448,2.095,,,
[1758212549356405869],9.299,-4.547,2.035,,,
[1758212549361607484],9.39,-4.429,2.203,,,
[1758212549366762536],9.373,-4.472,1.891,,,
[1758212549371874202],9.462,-4.539,2.002,,,
[1758212549376975296],9.318,-4.398,1.927,,,
[1758212549382065296],9.424,-4.48,2.279,,,
[1758212549387249619],9.39,-4.482,2.174,,,
[1758212549392509411],9.34,-4.58,1.951,,,
[1758212549397669619],9.378,-4.429,2.037,,,
[1758212549402840400],9.474,-4.446,2.042,,,
[1758212549407997327],9.369,-4.377,2.188,,,
[1758212549413167327],9.352,-4.384,2.102,,,
[1758212549418332536],9.369,-4.451,2.251,,,
[1758212549423511077],9.278,-4.312,1.877,,,
[1758212549428604411],9.299,-4.415,1.992,,,
[1758212549433736494],9.366,-4.389,2.212,,,
[1758212549438845452],9.483,-4.432,2.363,,,
[1758212549444418629],9.294,-4.429,2.105,,,
[1758212549449598629],9.366,-4.439,2.205,,,
[1758212549455110244],9.325,-4.446,2.169,,,
[1758212549460229307],9.495,-4.413,2.102,,,
[1758212549465400609],9.33,-4.422,2.078,,,
[1758212549470520817],9.378,-4.424,2.16,,,
[1758212549475656182],9.366,-4.341,2.133,,,
[1758212549480759150],9.33,-4.446,2.107,,,
[1758212549486083213],9.316,-4.58,2.037,,,
[1758212549491197067],9.201,-4.496,2.167,,,
[1758212549496386807],9.194,-4.532,2.205,,,
[1758212549501487692],9.347,-4.329,2.179,,,
[1758212549506666182],9.218,-4.477,1.982,,,
[1758212549511744515],9.318,-4.506,1.98,,,
[1758212549516885088],9.428,-4.48,2.198,,,
[1758212549521996702],9.498,-4.477,2.009,,,
[1758212549527421442],9.297,-4.353,1.975,,,
[1758212549532650244],9.421,-4.499,2.205,,,
[1758212549537732223],9.462,-4.403,1.853,,,
[1758212549543000869],9.455,-4.35,2.071,,,
[1758212549548232171],9.21,-4.365,1.999,,,
[1758212549553791650],9.407,-4.35,2.231,,,
[1758212549558917796],9.376,-4.525,2.109,,,
[1758212549564310192],9.196,-4.571,2.14,,,
[1758212549571762848],9.333,-4.46,2.152,,,
[1758212549577067379],9.328,-4.563,2.04,,,
[1758212549582265452],9.476,-4.477,2.105,,,
[1758212549587359098],9.349,-4.513,2.236,,,
[1758212549593595973],9.361,-4.492,1.98,,,
[1758212549598899515],9.299,-4.554,1.994,,,
[1758212549603997275],9.438,-4.429,2.253,,,
[1758212549609118421],9.378,-4.35,2.009,,,
[1758212549614265036],9.416,-4.424,2.073,,,
[1758212549619417588],9.268,-4.444,2.066,,,
[1758212549624529515],9.44,-4.523,2.121,,,
[1758212549629652119],9.349,-4.413,1.93,,,
[1758212549634818056],9.347,-4.448,2.037,,,
[1758212549639926911],9.498,-4.506,2.071,,,
[1758212549645105088],9.328,-4.326,2.136,,,
[1758212549650206442],9.371,-4.463,2.186,,,
[1758212549655323213],9.421,-4.475,2.045,,,
[1758212549660857692],9.23,-4.484,2.114,,,
[1758212549666004411],9.21,-4.453,1.841,,,
[1758212549671431546],9.304,-4.408,2.131,,,
[1758212549676554515],9.459,-4.571,2.32,,,
[1758212549681650973],9.234,-4.444,2.152,,,
[1758212549686782588],9.39,-4.434,2.138,,,
[1758212549691890088],9.201,-4.446,1.841,,,
[1758212549697152692],9.318,-4.429,2.14,,,
[1758212549702449098],9.361,-4.503,2.267,,,
[1758212549707550348],9.385,-4.563,2.236,,,
[1758212549712815817],9.313,-4.482,1.994,,,
[1758212549717962900],9.38,-4.417,2.069,,,
[1758212549723093525],9.27,-4.413,2.236,,,
[1758212549728211129],9.431,-4.503,2.181,,,
[1758212549733354775],9.294,-4.484,1.949,,,
[1758212549738455296],9.261,-4.334,2.207,,,
[1758212549744095140],9.316,-4.453,2.222,,,
[1758212549749302431],9.244,-4.408,2.045,,,
[1758212549754476754],9.486,-4.429,2.251,,,
[1758212549759562067],9.471,-4.554,2.282,,,
[1758212549764720609],9.397,-4.429,2.052,,,
[1758212549770951963],9.371,-4.439,2.179,,,
[1758212549777498786],9.328,-4.448,2.014,,,
[1758212549782771286],9.455,-4.535,2.002,,,
[1758212549787867744],9.349,-4.424,1.975,,,
[1758212549793062900],9.369,-4.41,2.203,,,
[1758212549798163994],9.328,-4.427,2.121,,,
[1758212549803268942],9.364,-4.571,1.992,,,
[1758212549808354671],9.301,-4.535,2.294,,,
[1758212549813497744],9.287,-4.391,1.896,,,
[1758212549818638733],9.51,-4.401,1.992,,,
[1758212549823857744],9.28,-4.594,2.212,,,
[1758212549828955869],9.273,-4.436,2.246,,,
[1758212549834082223],9.287,-4.463,2.138,,,
[1758212549839185817],9.373,-4.523,2.112,,,
[1758212549844373786],9.311,-4.456,2.157,,,
[1758212549849473577],9.318,-4.381,2.033,,,
[1758212549854637483],9.407,-4.405,2.116,,,
[1758212549859757379],9.256,-4.501,2.15,,,
[1758212549864874411],9.378,-4.468,2.124,,,
[1758212549870011754],9.361,-4.547,2.066,,,
[1758212549875144463],9.383,-4.48,2.251,,,
[1758212549880823994],9.337,-4.597,2.03,,,
[1758212549886034202],9.459,-4.362,2.124,,,
[1758212549891134671],9.237,-4.561,2.15,,,
[1758212549896356494],9.285,-4.434,2.109,,,
[1758212549901432327],9.232,-4.482,2.255,,,
[1758212549906505765],9.354,-4.379,1.97,,,
[1758212549911661233],9.385,-4.48,2.083,,,
[1758212549916804306],9.278,-4.515,2.16,,,
[1758212549921874827],9.404,-4.551,2.195,,,
[1758212549927049983],9.376,-4.594,2.222,,,
[1758212549932201702],9.297,-4.324,2.085,,,
[1758212549937314202],9.469,-4.401,2.219,,,
[1758212549942817379],9.345,-4.518,2.088,,,
[1758212549948038161],9.352,-4.41,2.251,,,
[1758212549953151598],9.407,-4.319,2.143,,,
[1758212549958223942],9.359,-4.451,2.193,,,
[1758212549963351806],9.464,-4.535,2.243,,,
[1758212549968440036],9.263,-4.379,1.987,,,
[1758212549973530140],9.282,-4.384,1.956,,,
[1758212549978633681],9.213,-4.506,2.126,,,
[1758212549984255973],9.354,-4.434,2.152,,,
[1758212549989521025],9.457,-4.47,1.923,,,
[1758212549994791650],9.357,-4.583,2.016,,,
[1758212549999877952],9.44,-4.468,2.191,,,
[1758212550005010973],9.383,-4.551,2.224,,,
[1758212550010173421],9.498,-4.322,2.028,,,
[1758212550015350765],9.325,-4.413,2.064,,,
[1758212550020522744],9.409,-4.451,2.126,,,
[1758212550025683473],9.249,-4.42,2.136,,,
[1758212550030957952],9.309,-4.496,2.071,,,
[1758212550036134410],9.349,-4.487,2.047,,,
[1758212550041243317],9.285,-4.592,2.064,,,
[1758212550046436233],9.38,-4.314,2.083,,,
[1758212550051590400],9.311,-4.441,2.21,,,
[1758212550056707588],9.371,-4.496,2.116,,,
[1758212550061789931],9.222,-4.484,2.028,,,
[1758212550066931181],9.33,-4.537,2.064,,,
[1758212550072084827],9.323,-4.53,2.145,,,
[1758212550077211129],9.352,-4.484,2.279,,,
[1758212550082382275],9.479,-4.503,2.105,,,
[1758212550087509358],9.239,-4.319,1.968,,,
[1758212550094974983],9.297,-4.482,2.301,,,
[1758212550100465765],9.361,-4.468,1.999,,,
[1758212550105591129],9.301,-4.48,2.169,,,
[1758212550110678838],9.218,-4.492,2.205,,,
[1758212550115805192],9.369,-4.47,2.006,,,
[1758212550120939046],9.306,-4.484,2.207,,,
[1758212550126049775],9.412,-4.527,2.023,,,
[1758212550131140713],9.357,-4.551,2.006,,,
[1758212550136276129],9.328,-4.492,2.047,,,
[1758212550141430400],9.294,-4.477,2.073,,,
[1758212550146670765],9.041,-4.563,2.191,,,
[1758212550151770660],9.404,-4.441,2.203,,,
[1758212550156886702],9.402,-4.477,1.958,,,
[1758212550161965660],9.309,-4.396,1.985,,,
[1758212550167037431],9.323,-4.391,2.042,,,
[1758212550172182692],9.366,-4.322,2.279,,,
[1758212550177317431],9.481,-4.446,2.083,,,
[1758212550182444723],9.474,-4.537,1.994,,,
[1758212550187562015],9.328,-4.573,2.131,,,
[1758212550192764567],9.342,-4.554,2.26,,,
[1758212550198377535],9.342,-4.391,1.913,,,
[1758212550203557900],9.369,-4.348,1.994,,,
[1758212550208643890],9.33,-4.322,2.21,,,
[1758212550213762015],9.261,-4.386,2.002,,,
[1758212550218856650],9.29,-4.451,2.035,,,
[1758212550223985869],9.199,-4.475,2.198,,,
[1758212550229135400],9.337,-4.544,2.169,,,
[1758212550234301858],9.316,-4.463,2.131,,,
[1758212550239417119],9.383,-4.496,2.363,,,
[1758212550244682692],9.261,-4.53,1.937,,,
[1758212550249806962],9.304,-4.506,2.155,,,
[1758212550255236181],9.491,-4.444,2.033,,,
[1758212550260947640],9.294,-4.465,2.162,,,
[1758212550266076806],9.227,-4.312,2.105,,,
[1758212550271212744],9.256,-4.513,2.138,,,
[1758212550276352379],9.491,-4.429,2.066,,,
[1758212550281445140],9.412,-4.585,2.009,,,
[1758212550286522848],9.301,-4.568,2.265,,,
[1758212550291732952],9.345,-4.539,2.076,,,
[1758212550296953421],9.378,-4.511,2.064,,,
[1758212550304627223],9.306,-4.439,2.081,,,
[1758212550309786025],9.354,-4.417,2.246,,,
[1758212550314935244],9.395,-4.513,2.136,,,
[1758212550320040973],9.333,-4.554,2.124,,,
[1758212550325168160],9.321,-4.487,2.246,,,
[1758212550330261025],9.359,-4.542,1.99,,,
[1758212550335392848],9.28,-4.501,2.069,,,
[1758212550340520140],9.436,-4.472,2.042,,,
[1758212550345789046],9.431,-4.575,2.191,,,
[1758212550350927952],9.376,-4.508,1.899,,,
[1758212550356021025],9.268,-4.305,2.227,,,
[1758212550361113265],9.266,-4.293,2.088,,,
[1758212550366230712],9.364,-4.475,2.186,,,
[1758212550371380921],9.251,-4.427,2.021,,,
[1758212550376504671],9.38,-4.446,2.037,,,
[1758212550381607431],9.254,-4.46,2.097,,,
[1758212550386710504],9.333,-4.278,2.21,,,
[1758212550391842900],9.333,-4.415,2.128,,,
[1758212550397018785],9.414,-4.511,2.069,,,
[1758212550402212067],9.297,-4.448,2.284,,,
[1758212550407693785],9.29,-4.369,2.078,,,
[1758212550413002587],9.404,-4.444,2.152,,,
[1758212550418158160],9.371,-4.458,1.879,,,
[1758212550423328525],9.311,-4.585,2.066,,,
[1758212550428493473],9.311,-4.468,2.107,,,
[1758212550433584879],9.215,-4.472,2.143,,,
[1758212550438696025],9.333,-4.52,2.028,,,
[1758212550443889254],9.311,-4.436,1.856,,,
[1758212550449009254],9.282,-4.41,2.15,,,
[1758212550454201806],9.297,-4.436,2.21,,,
[1758212550459334098],9.409,-4.489,2.124,,,
[1758212550464438889],9.467,-4.515,2.207,,,
[1758212550469576702],9.045,-4.448,2.083,,,
[1758212550474671337],9.378,-4.58,2.049,,,
[1758212550479750087],9.323,-4.484,2.14,,,
[1758212550484880921],9.232,-4.46,2.021,,,
[1758212550489963994],9.378,-4.482,2.081,,,
[1758212550495113629],9.246,-4.472,2.069,,,
[1758212550500189983],9.301,-4.295,2.253,,,
[1758212550505397639],9.395,-4.59,2.059,,,
[1758212550510993264],9.316,-4.544,1.994,,,
[1758212550516258837],9.299,-4.293,2.081,,,
[1758212550521411077],9.203,-4.312,2.116,,,
[1758212550526586233],9.383,-4.537,2.167,,,
[1758212550531658004],9.366,-4.415,2.241,,,
[1758212550536772639],9.196,-4.463,2.143,,,
[1758212550541879931],9.409,-4.295,2.042,,,
[1758212550547113577],9.469,-4.422,1.693,,,
[1758212550552388942],9.361,-4.48,2.037,,,
[1758212550557934254],9.244,-4.322,2.184,,,
[1758212550563068525],9.349,-4.475,2.31,,,
[1758212550568162171],9.443,-4.472,2.162,,,
[1758212550573336806],9.278,-4.489,2.116,,,
[1758212550578430400],9.278,-4.503,1.848,,,
[1758212550583542119],9.278,-4.566,2.035,,,
[1758212550588717952],9.39,-4.542,2.145,,,
[1758212550593950244],9.28,-4.52,1.949,,,
[1758212550599221337],9.404,-4.403,2.21,,,
[1758212550604395192],9.325,-4.539,1.877,,,
[1758212550609498264],9.428,-4.389,2.255,,,
[1758212550614645608],9.232,-4.293,1.992,,,
[1758212550620195244],9.311,-4.496,2.085,,,
[1758212550625422483],9.297,-4.389,2.212,,,
[1758212550630580348],9.299,-4.477,2.105,,,
[1758212550635680921],9.486,-4.561,2.143,,,
[1758212550640828525],9.388,-4.468,2.035,,,
[1758212550646065400],9.345,-4.501,2.181,,,
[1758212550651166181],9.304,-4.547,2.133,,,
[1758212550656306077],9.507,-4.446,2.018,,,
[1758212550661433421],9.227,-4.405,2.097,,,
[1758212550666668994],9.428,-4.472,2.045,,,
[1758212550671762744],9.357,-4.525,2.049,,,
[1758212550676932744],9.371,-4.58,2.162,,,
[1758212550682012535],9.304,-4.362,2.14,,,
[1758212550687132066],9.304,-4.326,2.109,,,
[1758212550692359462],9.352,-4.432,2.076,,,
[1758212550697575400],9.333,-4.503,2.088,,,
[1758212550702729775],9.268,-4.587,2.181,,,
[1758212550707889723],9.402,-4.372,1.999,,,
[1758212550713015244],9.369,-4.585,2.033,,,
[1758212550718100296],9.354,-4.53,2.095,,,
[1758212550723603889],9.388,-4.58,2.119,,,
[1758212550728847848],9.361,-4.472,2.03,,,
[1758212550733990191],9.256,-4.322,2.207,,,
[1758212550739110504],9.203,-4.429,2.236,,,
[1758212550744425608],9.357,-4.451,2.14,,,
[1758212550749617275],9.397,-4.539,2.061,,,
[1758212550754707171],9.28,-4.391,2.227,,,
[1758212550759816389],9.45,-4.396,2.152,,,
[1758212550764954410],9.421,-4.396,1.97,,,
[1758212550770128056],9.112,-4.566,2.138,,,
[1758212550775281910],9.498,-4.568,2.004,,,
[1758212550780403837],9.471,-4.42,2.14,,,
[1758212550785582014],9.436,-4.499,2.27,,,
[1758212550790687327],9.431,-4.424,2.064,,,
[1758212550795866285],9.275,-4.523,1.992,,,
[1758212550800969358],9.428,-4.542,2.255,,,
[1758212550806139462],9.292,-4.523,2.231,,,
[1758212550811230348],9.203,-4.549,1.994,,,
[1758212550816327848],9.404,-4.503,2.174,,,
[1758212550821478889],9.21,-4.458,2.109,,,
[1758212550826664358],9.416,-4.477,1.958,,,
[1758212550834673525],9.316,-4.477,2.09,,,
[1758212550841278421],9.414,-4.499,2.047,,,
[1758212550847707171],9.345,-4.537,2.059,,,
[1758212550854129462],9.359,-4.532,2.023,,,
[1758212550859362691],9.266,-4.549,2.188,,,
[1758212550864482327],9.378,-4.544,1.999,,,
[1758212550869580139],9.385,-4.59,2.095,,,
[1758212550874715452],9.294,-4.343,2.145,,,
[1758212550879816441],9.404,-4.42,2.057,,,
[1758212550884929098],9.498,-4.42,2.011,,,
[1758212550890038785],9.4,-4.403,2.018,,,
[1758212550895426441],9.325,-4.59,2.014,,,
[1758212550900647743],9.395,-4.499,2.085,,,
[1758212550905763004],9.455,-4.336,2.03,,,
[1758212550910865348],9.155,-4.475,1.939,,,
[1758212550915999514],9.328,-4.501,2.061,,,
[1758212550921096858],9.306,-4.563,2.136,,,
[1758212550926218264],9.309,-4.489,2.284,,,
[1758212550931332848],9.385,-4.573,1.86,,,
[1758212550936491546],9.359,-4.503,2.069,,,
[1758212550942241546],9.306,-4.487,1.908,,,
[1758212550947435816],9.371,-4.3,2.114,,,
[1758212550952583108],9.246,-4.326,2.045,,,
[1758212550957657952],9.194,-4.384,2.14,,,
[1758212550962822379],9.352,-4.475,2.1,,,
[1758212550967957639],9.483,-4.293,2.217,,,
[1758212550973124879],9.39,-4.422,2.145,,,
[1758212550978221389],9.33,-4.393,2.064,,,
[1758212550983431441],9.177,-4.355,1.925,,,
[1758212550988541858],9.364,-4.499,2.088,,,
[1758212550993711493],9.316,-4.465,2.191,,,
[1758212550998812743],9.328,-4.398,2.064,,,
[1758212551003956962],9.225,-4.302,2.057,,,
[1758212551009101650],9.143,-4.492,2.126,,,
[1758212551014219827],9.318,-4.52,2.155,,,
[1758212551019317691],9.268,-4.468,1.999,,,
[1758212551024514254],9.376,-4.535,1.994,,,
[1758212551029707743],9.357,-4.345,2.229,,,
[1758212551034811285],9.275,-4.451,2.1,,,
[1758212551039913941],9.242,-4.48,2.002,,,
[1758212551045524410],9.294,-4.312,2.028,,,
[1758212551050756493],9.239,-4.58,2.198,,,
[1758212551055904514],9.426,-4.446,2.222,,,
[1758212551061000452],9.495,-4.36,2.246,,,
[1758212551066138629],9.251,-4.535,2.1,,,
[1758212551071259514],9.395,-4.477,2.155,,,
[1758212551076422014],9.395,-4.446,2.095,,,
[1758212551081529879],9.443,-4.537,2.229,,,
[1758212551086689254],9.199,-4.31,1.999,,,
[1758212551091893004],9.385,-4.46,2.222,,,
[1758212551097062796],9.251,-4.482,2.004,,,
[1758212551102225764],9.407,-4.324,1.98,,,
[1758212551107396389],9.299,-4.439,2.286,,,
[1758212551112603837],9.282,-4.539,2.179,,,
[1758212551117746545],9.254,-4.379,2.061,,,
[1758212551122945452],9.455,-4.554,2.224,,,
[1758212551128067379],9.491,-4.583,2.296,,,
[1758212551133145035],9.246,-4.551,2.164,,,
[1758212551138256962],9.412,-4.41,2.234,,,
[1758212551143476598],9.397,-4.436,2.148,,,
[1758212551149017170],9.457,-4.537,1.978,,,
[1758212551154266285],9.316,-4.566,1.946,,,
[1758212551159405139],9.275,-4.415,2.184,,,
[1758212551164565973],9.249,-4.532,2.145,,,
[1758212551169670973],9.261,-4.499,2.109,,,
[1758212551174813525],9.349,-4.422,2.277,,,
[1758212551179952118],9.4,-4.554,2.045,,,
[1758212551185070191],9.328,-4.319,2.239,,,
[1758212551190307431],9.376,-4.36,2.224,,,
[1758212551195573837],9.299,-4.427,2.071,,,
[1758212551200669410],9.385,-4.439,2.212,,,
[1758212551205799775],9.347,-4.422,2.009,,,
[1758212551210964358],9.404,-4.492,2.2,,,
[1758212551216094202],9.191,-4.468,2.052,,,
[1758212551221196025],9.325,-4.489,2.042,,,
[1758212551226335400],9.428,-4.573,2.224,,,
[1758212551231442327],9.414,-4.511,2.167,,,
[1758212551236576493],9.304,-4.47,2.16,,,
[1758212551241722483],9.29,-4.563,2.234,,,
[1758212551246911598],9.335,-4.422,2.054,,,
[1758212551252072275],9.304,-4.463,2.207,,,
[1758212551257627170],9.51,-4.515,2.339,,,
[1758212551262905087],9.459,-4.475,2.107,,,
[1758212551268031858],9.299,-4.377,2.064,,,
[1758212551273197223],9.409,-4.578,2.126,,,
[1758212551278337587],9.333,-4.338,2.169,,,
[1758212551283428264],9.443,-4.539,2.279,,,
[1758212551288596702],9.199,-4.36,2.004,,,
[1758212551293876233],9.27,-4.401,2.004,,,
[1758212551299008212],9.297,-4.537,2.093,,,
[1758212551304202848],9.416,-4.539,2.023,,,
[1758212551309328420],9.392,-4.298,2.272,,,
[1758212551314480400],9.301,-4.417,2.09,,,
[1758212551319581702],9.361,-4.59,2.167,,,
[1758212551324742483],9.433,-4.537,2.057,,,
[1758212551329854306],9.491,-4.329,2.047,,,
[1758212551334972170],9.45,-4.393,2.219,,,
[1758212551340168264],9.222,-4.487,1.853,,,
[1758212551345392535],9.297,-4.513,2.203,,,
[1758212551350478368],9.273,-4.331,2.274,,,
[1758212551355567431],9.127,-4.329,2.097,,,
[1758212551361070452],9.364,-4.331,2.277,,,
[1758212551366314670],9.388,-4.556,2.212,,,
[1758212551371422066],9.366,-4.444,2.054,,,
[1758212551376525972],9.349,-4.513,2.009,,,
[1758212551381713368],9.378,-4.556,1.992,,,
[1758212551386866025],9.278,-4.415,2.227,,,
[1758212551392001025],9.263,-4.295,2.078,,,
[1758212551397571129],9.172,-4.482,2.253,,,
[1758212551402864670],9.244,-4.594,2.143,,,
[1758212551409595035],9.323,-4.429,2.076,,,
[1758212551415987691],9.306,-4.463,1.997,,,
[1758212551421206858],9.467,-4.439,2.064,,,
[1758212551426311754],9.352,-4.496,2.205,,,
[1758212551431443420],9.376,-4.389,2.014,,,
[1758212551436568837],9.256,-4.389,2.076,,,
[1758212551441664931],9.383,-4.52,2.131,,,
[1758212551446839306],9.383,-4.448,2.025,,,
[1758212551452012275],9.34,-4.499,2.073,,,
[1758212551457212691],9.424,-4.424,2.301,,,
[1758212551462618837],9.409,-4.408,2.021,,,
[1758212551468829775],9.282,-4.396,2.27,,,
[1758212551475362691],9.297,-4.58,2.148,,,
[1758212551480666285],9.34,-4.357,2.033,,,
[1758212551485799983],9.364,-4.561,2.284,,,
[1758212551490925035],9.402,-4.405,2.054,,,
[1758212551496144566],9.306,-4.47,1.992,,,
[1758212551501227691],9.371,-4.355,1.978,,,
[1758212551506327431],9.371,-4.429,2.181,,,
[1758212551511413525],9.266,-4.537,2.162,,,
[1758212551516548837],9.266,-4.458,2.174,,,
[1758212551521721077],9.397,-4.563,2.124,,,
[1758212551526871493],9.34,-4.374,2.119,,,
[1758212551531982431],9.388,-4.547,2.085,,,
[1758212551537152952],9.388,-4.384,2.219,,,
[1758212551542386233],9.457,-4.523,2.09,,,
[1758212551547551597],9.246,-4.446,2.049,,,
[1758212551552723681],9.445,-4.401,2.083,,,
[1758212551557888212],9.34,-4.503,2.042,,,
[1758212551562991910],9.383,-4.482,2.138,,,
[1758212551568116337],9.278,-4.439,2.191,,,
[1758212551573248056],9.342,-4.587,2.124,,,
[1758212551578840868],9.22,-4.525,1.889,,,
[1758212551584102118],9.469,-4.42,2.26,,,
[1758212551589208993],9.249,-4.403,1.844,,,
[1758212551594414931],9.385,-4.448,2.085,,,
[1758212551599512274],9.27,-4.551,2.097,,,
[1758212551604668472],9.495,-4.377,2.037,,,
[1758212551609763056],9.455,-4.456,2.167,,,
[1758212551614914931],9.369,-4.439,2.049,,,
[1758212551620018681],9.383,-4.408,2.296,,,
[1758212551625203420],9.292,-4.568,2.061,,,
[1758212551630370399],9.364,-4.417,2.107,,,
[1758212551635594514],9.227,-4.508,2.239,,,
[1758212551640700399],9.395,-4.441,1.951,,,
[1758212551645970347],9.371,-4.503,2.016,,,
[1758212551651079149],9.263,-4.422,2.052,,,
[1758212551656191962],9.452,-4.59,2.179,,,
[1758212551661288785],9.299,-4.448,2.025,,,
[1758212551666446702],9.194,-4.496,2.243,,,
[1758212551671582899],9.483,-4.477,2.126,,,
[1758212551676713733],9.376,-4.381,2.069,,,
[1758212551681799931],9.388,-4.453,2.282,,,
[1758212551687327691],9.048,-4.52,2.157,,,
[1758212551692650035],9.337,-4.475,2.152,,,
[1758212551697793629],9.239,-4.42,2.071,,,
[1758212551702951910],9.294,-4.381,1.982,,,
[1758212551708061233],9.4,-4.29,2.251,,,
[1758212551713229254],9.304,-4.563,2.112,,,
[1758212551718359149],9.342,-4.326,2.121,,,
[1758212551723515452],9.388,-4.59,2.119,,,
[1758212551728685868],9.282,-4.386,2.128,,,
[1758212551733919462],9.215,-4.475,2.162,,,
[1758212551739023837],9.325,-4.571,2.054,,,
[1758212551744241441],9.452,-4.482,2.231,,,
[1758212551749341806],9.347,-4.427,2.021,,,
[1758212551754468524],9.469,-4.3,2.009,,,
[1758212551759568472],9.237,-4.458,2.124,,,
[1758212551764710660],9.467,-4.3,2.033,,,
[1758212551769793368],9.333,-4.36,1.999,,,
[1758212551774892847],9.364,-4.422,1.853,,,
[1758212551780013368],9.39,-4.422,2.116,,,
[1758212551785119670],9.333,-4.42,2.294,,,
[1758212551790664670],9.467,-4.468,2.174,,,
[1758212551795936181],9.28,-4.501,2.052,,,
[1758212551801035399],9.309,-4.441,2.16,,,
[1758212551806144879],9.239,-4.448,2.076,,,
[1758212551811304826],9.131,-4.499,2.224,,,
[1758212551816450139],9.357,-4.456,2.107,,,
[1758212551821578316],9.395,-4.405,2.076,,,
[1758212551826685399],9.369,-4.3,2.239,,,
[1758212551831844879],9.333,-4.324,2.085,,,
[1758212551837060035],9.4,-4.374,2.263,,,
[1758212551842232066],9.464,-4.489,2.145,,,
[1758212551847469722],9.292,-4.496,2.186,,,
[1758212551852663264],9.414,-4.451,2.179,,,
[1758212551857782118],9.321,-4.578,2.272,,,
[1758212551862965504],9.244,-4.506,2.203,,,
[1758212551868123368],9.412,-4.571,2.121,,,
[1758212551873270295],9.352,-4.298,2.085,,,
[1758212551878423993],9.354,-4.496,2.03,,,
[1758212551883532483],9.328,-4.511,1.848,,,
[1758212551888634931],9.357,-4.422,2.138,,,
[1758212551893802691],9.232,-4.35,2.025,,,
[1758212551899296441],9.282,-4.295,2.389,,,
[1758212551904539149],9.424,-4.508,2.205,,,
[1758212551909731337],9.325,-4.448,2.16,,,
[1758212551914919826],9.299,-4.355,2.114,,,
[1758212551920021701],9.426,-4.527,2.093,,,
[1758212551925134566],9.392,-4.59,1.997,,,
[1758212551930234306],9.273,-4.408,2.191,,,
[1758212551935351233],9.297,-4.484,2.114,,,
[1758212551940448733],9.249,-4.448,1.97,,,
[1758212551945750087],9.426,-4.489,2.004,,,
[1758212551950943108],9.448,-4.492,2.227,,,
[1758212551956065399],9.412,-4.448,2.128,,,
[1758212551961147535],9.369,-4.453,2.023,,,
[1758212551966296181],9.337,-4.475,2.133,,,
[1758212551971434201],9.359,-4.329,2.081,,,
[1758212551976591441],9.117,-4.439,2.241,,,
[1758212551981681181],9.215,-4.489,2.124,,,
[1758212551986784045],9.321,-4.42,2.212,,,
[1758212551991884878],9.258,-4.408,2.121,,,
[1758212551997166128],9.373,-4.365,2.296,,,
[1758212552003138837],9.266,-4.441,2.27,,,
[1758212552008361337],9.249,-4.492,2.006,,,
[1758212552039254306],9.352,-4.472,2.081,,,
[1758212552044054149],9.342,-4.489,2.263,,,
[1758212552048586962],9.383,-4.499,2.193,,,
[1758212552053150660],9.407,-4.489,2.215,,,
[1758212552057660556],9.354,-4.645,1.992,,,
[1758212552062243056],9.347,-4.513,2.011,,,
[1758212552066790139],9.275,-4.451,2.097,,,
[1758212552071338889],9.404,-4.487,2.064,,,
[1758212552075861806],9.424,-4.451,2.093,,,
[1758212552080380347],9.299,-4.551,1.999,,,
[1758212552085004149],9.309,-4.216,2.248,,,
[1758212552089558472],9.309,-4.451,2.172,,,
[1758212552094157170],9.455,-4.561,2.025,,,
[1758212552098772951],9.414,-4.48,1.99,,,
[1758212552103921024],9.402,-4.429,1.882,,,
[1758212552108536285],9.321,-4.566,2.081,,,
[1758212552113030712],9.203,-4.381,2.085,,,
[1758212552117507222],9.263,-4.386,2.116,,,
[1758212552122214931],9.306,-4.374,2.014,,,
[1758212552126858993],9.34,-4.432,2.04,,,
[1758212552132065347],9.28,-4.405,2.148,,,
[1758212552137228316],9.438,-4.544,2.054,,,
[1758212552142426181],9.474,-4.389,2.045,,,
[1758212552147970451],9.304,-4.506,2.191,,,
[1758212552153131285],9.227,-4.424,2.121,,,
[1758212552158246701],9.311,-4.436,2.085,,,
[1758212552163415816],9.39,-4.472,2.263,,,
[1758212552168560035],9.309,-4.401,2.246,,,
[1758212552173673264],9.335,-4.451,2.006,,,
[1758212552178784983],9.311,-4.429,2.023,,,
[1758212552183956076],9.366,-4.42,2.093,,,
[1758212552189075764],9.285,-4.446,2.014,,,
[1758212552194375139],9.29,-4.458,2.093,,,
[1758212552199498212],9.306,-4.451,2.195,,,
[1758212552204651910],9.428,-4.532,2.203,,,
[1758212552210279462],9.357,-4.477,2.152,,,
[1758212552217666962],9.304,-4.439,2.088,,,
[1758212552223266389],9.294,-4.489,2.093,,,
[1758212552228499878],9.318,-4.298,2.217,,,
[1758212552233655035],9.371,-4.334,2.14,,,
[1758212552238769149],9.165,-4.489,2.061,,,
[1758212552243951128],9.352,-4.556,2.035,,,
[1758212552249057118],9.28,-4.458,2.219,,,
[1758212552254176389],9.488,-4.436,2.284,,,
[1758212552259290295],9.232,-4.453,2.071,,,
[1758212552264495399],9.388,-4.489,2.124,,,
[1758212552269733733],9.345,-4.544,2.073,,,
[1758212552274867899],9.349,-4.393,2.203,,,
[1758212552279967743],9.199,-4.492,2.054,,,
[1758212552285064305],9.414,-4.513,2.093,,,
[1758212552290170660],9.392,-4.484,2.16,,,
[1758212552295389826],9.419,-4.42,2.145,,,
[1758212552300499670],9.407,-4.458,2.061,,,
[1758212552305640399],9.402,-4.429,2.246,,,
[1758212552310742951],9.455,-4.42,2.296,,,
[1758212552317416233],9.481,-4.508,2.217,,,
[1758212552324173889],9.471,-4.487,2.195,,,
[1758212552329420347],9.369,-4.386,1.939,,,
[1758212552334574253],9.498,-4.48,1.946,,,
[1758212552339716597],9.412,-4.381,1.927,,,
[1758212552346079358],9.333,-4.444,2.042,,,
[1758212552351296910],9.246,-4.365,2.179,,,
[1758212552356430035],9.438,-4.305,2.076,,,
[1758212552361639930],9.424,-4.575,2.284,,,
[1758212552366809826],9.407,-4.556,2.009,,,
[1758212552371902430],9.318,-4.427,2.009,,,
[1758212552376996805],9.196,-4.458,2.207,,,
[1758212552382076285],9.385,-4.379,2.265,,,
[1758212552387222899],9.194,-4.587,2.081,,,
[1758212552392458472],9.4,-4.501,2.195,,,
[1758212552397593160],9.486,-4.348,2.188,,,
[1758212552402795712],9.345,-4.434,2.433,,,
[1758212552407914358],9.261,-4.47,2.246,,,
[1758212552412988680],9.445,-4.539,2.258,,,
[1758212552418063524],9.412,-4.499,2.107,,,
[1758212552423697847],9.321,-4.535,2.03,,,
[1758212552428939045],9.359,-4.453,2.215,,,
[1758212552434048993],9.349,-4.539,2.143,,,
[1758212552439146232],9.424,-4.535,2.231,,,
[1758212552444349878],9.493,-4.441,1.846,,,
[1758212552449508003],9.306,-4.468,2.028,,,
[1758212552454612639],9.371,-4.594,2.176,,,
[1758212552459743055],9.357,-4.422,2.277,,,
[1758212552464899462],9.21,-4.503,2.155,,,
[1758212552470869878],9.213,-4.484,1.99,,,
[1758212552476028003],9.414,-4.477,1.932,,,
[1758212552481157951],9.349,-4.389,2.057,,,
[1758212552486305399],9.337,-4.441,2.069,,,
[1758212552491408993],9.29,-4.513,2.109,,,
[1758212552498149045],9.335,-4.465,1.954,,,
[1758212552503563107],9.29,-4.439,2.069,,,
[1758212552508668993],9.325,-4.444,2.124,,,
[1758212552513799618],9.306,-4.439,2.16,,,
[1758212552518910035],9.086,-4.401,2.191,,,
[1758212552523991076],9.347,-4.453,1.865,,,
[1758212552531341805],9.215,-4.391,2.124,,,
[1758212552537655555],9.311,-4.592,2.105,,,
[1758212552545590503],9.342,-4.578,2.136,,,
[1758212552551031285],9.321,-4.508,2.03,,,
[1758212552556174982],9.268,-4.417,2.009,,,
[1758212552561275399],9.184,-4.463,1.999,,,
[1758212552566412847],9.27,-4.506,2.274,,,
[1758212552571504774],9.404,-4.472,2.128,,,
[1758212552576603212],9.345,-4.597,1.97,,,
[1758212552581713732],9.213,-4.465,2.143,,,
[1758212552586862951],9.261,-4.413,2.224,,,
[1758212552591993472],9.44,-4.314,2.078,,,
[1758212552597271545],9.321,-4.542,2.172,,,
[1758212552602415347],9.337,-4.544,2.04,,,
[1758212552607514670],9.337,-4.436,2.002,,,
[1758212552612699410],9.361,-4.47,2.136,,,
[1758212552617845087],9.196,-4.314,2.023,,,
[1758212552622952951],9.392,-4.18,2.169,,,
[1758212552628084305],9.443,-4.556,2.085,,,
[1758212552633212326],9.426,-4.396,2.174,,,
[1758212552640001545],9.345,-4.453,2.124,,,
[1758212552645360712],9.333,-4.422,2.035,,,
[1758212552650578628],9.404,-4.458,2.083,,,
[1758212552655683003],9.285,-4.561,2.004,,,
[1758212552660774566],9.292,-4.487,2.1,,,
[1758212552665970868],9.404,-4.42,1.997,,,
[1758212552671058212],9.354,-4.571,2.105,,,
[1758212552676171857],9.17,-4.398,2.066,,,
[1758212552681236284],9.421,-4.456,2.088,,,
[1758212552686371962],9.254,-4.362,2.239,,,
[1758212552691623524],9.455,-4.515,2.272,,,
[1758212552696800503],9.306,-4.515,2.071,,,
[1758212552701887639],9.354,-4.446,2.126,,,
[1758212552707023837],9.632,-4.408,2.073,,,
[1758212552712173993],9.383,-4.295,2.186,,,
[1758212552717283212],9.421,-4.444,2.03,,,
[1758212552722479149],9.364,-4.475,2.085,,,
[1758212552727614357],9.364,-4.369,2.234,,,
[1758212552732769774],9.373,-4.489,2.164,,,
[1758212552737886857],9.316,-4.568,2.145,,,
[1758212552743202066],9.333,-4.482,2.002,,,
[1758212552748827326],9.268,-4.463,2.066,,,
[1758212552754036180],9.337,-4.408,2.097,,,
[1758212552759139253],9.323,-4.357,2.073,,,
[1758212552764269045],9.4,-4.472,2.028,,,
[1758212552769401649],9.294,-4.566,1.932,,,
[1758212552774526232],9.582,-4.573,2.006,,,
[1758212552779663576],9.45,-4.453,1.923,,,
[1758212552784801753],9.373,-4.439,2.049,,,
[1758212552789962066],9.323,-4.441,2.114,,,
[1758212552795227899],9.421,-4.563,2.186,,,
[1758212552800400034],9.443,-4.506,2.27,,,
[1758212552805596909],9.196,-4.496,2.181,,,
[1758212552810719462],9.4,-4.542,2.255,,,
[1758212552815873368],9.397,-4.482,1.949,,,
[1758212552821480243],9.476,-4.525,2.212,,,
[1758212552826614930],9.469,-4.532,2.076,,,
[1758212552831746232],9.457,-4.465,2.09,,,
[1758212552836919774],9.383,-4.446,2.061,,,
[1758212552842033576],9.292,-4.417,2.205,,,
[1758212552847205920],9.385,-4.559,2.03,,,
[1758212552853925868],9.488,-4.439,2.107,,,
[1758212552859182899],9.373,-4.451,2.049,,,
[1758212552864307170],9.38,-4.554,2.085,,,
[1758212552869417014],9.323,-4.302,2.023,,,
[1758212552874553107],9.357,-4.429,1.994,,,
[1758212552879652743],9.251,-4.563,2.152,,,
[1758212552884774670],9.313,-4.348,2.064,,,
[1758212552889900659],9.416,-4.52,2.097,,,
[1758212552895148211],9.421,-4.494,2.255,,,
[1758212552900359514],9.299,-4.326,1.923,,,
[1758212552905467326],9.189,-4.319,2.014,,,
[1758212552910622170],9.397,-4.317,2.286,,,
[1758212552915759930],9.254,-4.312,2.207,,,
[1758212552920952743],9.476,-4.401,2.023,,,
[1758212552926081857],9.361,-4.389,2.2,,,
[1758212552931177014],9.407,-4.523,2.277,,,
[1758212552936323420],9.503,-4.573,2.234,,,
[1758212552941427691],9.33,-4.482,2.119,,,
[1758212552946684201],9.342,-4.372,2.09,,,
[1758212552951782118],9.278,-4.336,2.047,,,
[1758212552958143107],9.297,-4.482,1.954,,,
[1758212552963485503],9.328,-4.559,1.884,,,
[1758212552969835086],9.201,-4.372,2.049,,,
[1758212552975100451],9.258,-4.427,2.088,,,
[1758212552980201389],9.206,-4.345,2.172,,,
[1758212552985335034],9.316,-4.42,1.901,,,
[1758212552990444878],9.342,-4.362,2.14,,,
[1758212552995602066],9.311,-4.405,2.081,,,
[1758212553000704045],9.416,-4.59,2.241,,,
[1758212553005854982],9.194,-4.391,2.116,,,
[1758212553010987274],9.337,-4.384,1.985,,,
[1758212553016196441],9.436,-4.432,2.126,,,
[1758212553021298628],9.483,-4.477,2.004,,,
[1758212553026411441],9.237,-4.468,2.095,,,
[1758212553031569566],9.318,-4.487,2.263,,,
[1758212553036732222],9.412,-4.501,2.014,,,
[1758212553041856909],9.316,-4.432,2.157,,,
[1758212553047102014],9.385,-4.527,2.021,,,
[1758212553052250086],9.392,-4.456,2.049,,,
[1758212553057441441],9.481,-4.472,2.114,,,
[1758212553062615139],9.378,-4.458,2.028,,,
[1758212553068243472],9.498,-4.362,2.138,,,
[1758212553073423003],9.232,-4.441,2.143,,,
[1758212553079858472],9.347,-4.573,2.033,,,
[1758212553085104670],9.373,-4.417,2.224,,,
[1758212553090223316],9.479,-4.465,2.09,,,
[1758212553095414357],9.354,-4.429,2.224,,,
[1758212553100513888],9.206,-4.484,1.982,,,
[1758212553105632951],9.347,-4.417,2.066,,,
[1758212553110739149],9.354,-4.458,2.116,,,
[1758212553115882222],9.268,-4.575,2.246,,,
[1758212553121020972],9.392,-4.563,2.188,,,
[1758212553126230138],9.479,-4.405,2.145,,,
[1758212553131371441],9.467,-4.436,2.045,,,
[1758212553136536180],9.203,-4.36,2.215,,,
[1758212553141694149],9.309,-4.456,2.035,,,
[1758212553146915399],9.505,-4.523,2.121,,,
[1758212553152014878],9.44,-4.499,2.258,,,
[1758212553157115711],9.402,-4.398,2.193,,,
[1758212553162309566],9.266,-4.559,1.958,,,
[1758212553167510972],9.416,-4.573,2.047,,,
[1758212553172712847],9.45,-4.508,2.066,,,
[1758212553178221024],9.318,-4.489,2.248,,,
[1758212553183365607],9.38,-4.403,2.069,,,
[1758212553189865711],9.321,-4.496,1.999,,,
[1758212553195144097],9.495,-4.559,2.243,,,
[1758212553200241388],9.246,-4.465,2.042,,,
[1758212553205348680],9.493,-4.434,1.997,,,
[1758212553210435034],9.34,-4.389,2.267,,,
[1758212553215570034],9.206,-4.58,2.04,,,
[1758212553220693420],9.424,-4.484,2.09,,,
[1758212553225838576],9.206,-4.465,2.093,,,
[1758212553231008524],9.325,-4.377,2.239,,,
[1758212553239931493],9.285,-4.523,2.152,,,
[1758212553246337638],9.268,-4.446,2.059,,,
[1758212553251590451],9.251,-4.439,2.14,,,
[1758212553256700659],9.28,-4.573,2.176,,,
[1758212553261798159],9.4,-4.434,2.066,,,
[1758212553266934982],9.474,-4.429,2.145,,,
[1758212553272034253],9.483,-4.264,2.212,,,
[1758212553277160816],9.321,-4.525,2.167,,,
[1758212553282336805],9.414,-4.587,2.064,,,
[1758212553287862066],9.395,-4.398,2.126,,,
[1758212553294409513],9.313,-4.573,1.973,,,
[1758212553299598732],9.321,-4.532,2.157,,,
[1758212553304821388],9.459,-4.338,2.145,,,
[1758212553309931284],9.299,-4.345,2.114,,,
[1758212553315068784],9.376,-4.367,2.054,,,
[1758212553320162013],9.244,-4.441,2.289,,,
[1758212553325279201],9.325,-4.448,2.138,,,
[1758212553330390451],9.311,-4.326,2.148,,,
[1758212553335590347],9.378,-4.482,2.231,,,
[1758212553340724097],9.309,-4.341,2.231,,,
[1758212553346028055],9.232,-4.484,2.097,,,
[1758212553351154045],9.33,-4.492,2.054,,,
[1758212553356311701],9.282,-4.475,2.071,,,
[1758212553361433055],9.33,-4.501,2.083,,,
[1758212553366622690],9.503,-4.566,2.105,,,
[1758212553371734357],9.395,-4.444,1.875,,,
[1758212553376870711],9.345,-4.396,2.234,,,
[1758212553381978107],9.345,-4.329,2.112,,,
[1758212553387124097],9.366,-4.556,2.102,,,
[1758212553392437534],9.196,-4.523,2.258,,,
[1758212553399203420],9.321,-4.453,2.157,,,
[1758212553404467378],9.412,-4.561,2.052,,,
[1758212553409581753],9.419,-4.401,2.121,,,
[1758212553414710347],9.392,-4.52,2.076,,,
[1758212553419808107],9.376,-4.396,2.272,,,
[1758212553424912065],9.306,-4.642,2.119,,,
[1758212553430025555],9.457,-4.484,2.152,,,
[1758212553435174149],9.208,-4.563,2.219,,,
[1758212553440368472],9.471,-4.458,2.164,,,
[1758212553445651753],9.366,-4.42,2.059,,,
[1758212553450806076],9.4,-4.489,2.227,,,
[1758212553455914618],9.232,-4.451,2.155,,,
[1758212553461010034],9.459,-4.487,2.095,,,
[1758212553466143107],9.378,-4.353,2.143,,,
[1758212553471277013],9.052,-4.511,2.011,,,
[1758212553476453003],9.301,-4.381,2.078,,,
[1758212553481566493],9.345,-4.477,2.016,,,
[1758212553486724618],9.349,-4.436,1.999,,,
[1758212553491832326],9.402,-4.386,2.004,,,
[1758212553497031076],9.297,-4.432,2.16,,,
[1758212553502685243],9.412,-4.494,1.841,,,
[1758212553507964722],9.335,-4.293,2.073,,,
[1758212553513110920],9.194,-4.48,1.903,,,
[1758212553518261857],9.328,-4.422,2.169,,,
[1758212553523435711],9.213,-4.374,1.961,,,
[1758212553528570242],9.34,-4.453,2.172,,,
[1758212553533682795],9.306,-4.465,2.052,,,
[1758212553538852742],9.33,-4.341,2.033,,,
[1758212553544084670],9.328,-4.427,2.097,,,
[1758212553549289149],9.407,-4.585,2.054,,,
[1758212553554427847],9.21,-4.551,2.179,,,
[1758212553559519409],9.378,-4.345,2.184,,,
[1758212553564692378],9.448,-4.408,2.284,,,
[1758212553569815763],9.208,-4.482,2.114,,,
[1758212553575051545],9.311,-4.403,2.028,,,
[1758212553580223211],9.38,-4.484,2.246,,,
[1758212553585376909],9.416,-4.537,2.212,,,
[1758212553590493628],9.258,-4.456,2.2,,,
[1758212553595708836],9.486,-4.422,2.083,,,
[1758212553600825867],9.404,-4.439,2.105,,,
[1758212553606373420],9.237,-4.46,2.047,,,
[1758212553611644878],9.28,-4.396,1.99,,,
[1758212553616834826],9.438,-4.568,1.951,,,
[1758212553621947742],9.337,-4.424,2.284,,,
[1758212553627092951],9.227,-4.417,2.047,,,
[1758212553632359461],9.419,-4.508,1.894,,,
[1758212553637519045],9.357,-4.47,2.076,,,
[1758212553642851128],9.414,-4.396,2.212,,,
[1758212553648025711],9.306,-4.573,2.253,,,
[1758212553653271597],9.335,-4.381,2.059,,,
[1758212553658389253],9.376,-4.401,1.93,,,
[1758212553663606857],9.335,-4.563,2.143,,,
[1758212553668722586],9.488,-4.484,2.162,,,
[1758212553673926440],9.615,-4.494,2.09,,,
[1758212553679046440],9.488,-4.417,2.179,,,
[1758212553684175242],9.323,-4.436,2.258,,,
[1758212553689279409],9.38,-4.345,2.112,,,
[1758212553694468836],9.369,-4.463,2.061,,,
[1758212553699600920],9.333,-4.594,2.054,,,
[1758212553704864149],9.285,-4.403,2.025,,,
[1758212553710389982],9.546,-4.41,2.018,,,
[1758212553715652847],9.385,-4.566,2.073,,,
[1758212553720777586],9.424,-4.587,2.26,,,
[1758212553725902690],9.498,-4.336,2.289,,,
[1758212553731052534],9.275,-4.446,2.088,,,
[1758212553736197951],9.074,-4.547,1.86,,,
[1758212553741372326],9.254,-4.544,2.037,,,
[1758212553746508836],9.392,-4.453,2.097,,,
[1758212553751667117],9.409,-4.353,1.935,,,
[1758212553756955607],9.261,-4.523,2.066,,,
[1758212553762071961],9.278,-4.532,2.045,,,
[1758212553767202794],9.412,-4.458,2.002,,,
[1758212553772384305],9.383,-4.561,2.059,,,
[1758212553777561128],9.234,-4.539,2.284,,,
[1758212553782751388],9.491,-4.465,2.057,,,
[1758212553787926961],9.273,-4.58,2.157,,,
[1758212553793097169],9.22,-4.451,2.277,,,
[1758212553798218367],9.486,-4.468,2.071,,,
[1758212553803431076],9.325,-4.496,2.296,,,
[1758212553808570555],9.361,-4.35,2.251,,,
[1758212553813672690],9.371,-4.513,2.157,,,
[1758212553819198940],9.28,-4.551,1.999,,,
[1758212553824491180],9.436,-4.472,2.114,,,
[1758212553829715034],9.206,-4.295,2.174,,,
[1758212553834870294],9.304,-4.295,1.851,,,
[1758212553839999253],9.349,-4.48,2.04,,,
[1758212553845169253],9.543,-4.41,2.16,,,
[1758212553850379565],9.268,-4.446,2.088,,,
[1758212553855649722],9.39,-4.475,1.932,,,
[1758212553860779722],9.404,-4.305,2.215,,,
[1758212553867919357],9.325,-4.401,2.14,,,
[1758212553873115867],9.383,-4.413,2.162,,,
[1758212553878282794],9.208,-4.571,2.088,,,
[1758212553883462117],9.249,-4.405,2.076,,,
[1758212553888576701],9.309,-4.413,2.064,,,
[1758212553893695815],9.352,-4.396,2.081,,,
[1758212553898809357],9.373,-4.319,2.04,,,
[1758212553904027951],9.495,-4.436,2.126,,,
[1758212553909251076],9.208,-4.583,2.344,,,
[1758212553914544513],9.361,-4.427,1.978,,,
[1758212553919719513],9.325,-4.424,2.114,,,
[1758212553925300659],9.335,-4.532,2.109,,,
[1758212553930541336],9.455,-4.439,2.332,,,
[1758212553935719461],9.371,-4.527,2.224,,,
[1758212553940839357],9.311,-4.705,2.045,,,
[1758212553945991961],9.28,-4.415,1.973,,,
[1758212553951148940],9.44,-4.733,2.148,,,
[1758212553957515190],9.495,-4.439,2.15,,,
[1758212553962861284],9.426,-4.436,2.121,,,
[1758212553967995242],9.352,-4.556,2.009,,,
[1758212553973205034],9.349,-4.377,2.267,,,
[1758212553978315659],9.426,-4.302,2.083,,,
[1758212553983438680],9.45,-4.331,2.114,,,
[1758212553988540399],9.244,-4.46,2.064,,,
[1758212553993666857],9.38,-4.429,1.999,,,
[1758212553998817742],9.237,-4.52,2.114,,,
[1758212554004123784],9.407,-4.563,2.246,,,
[1758212554009255399],9.455,-4.537,2.155,,,
[1758212554014408940],9.282,-4.334,2.133,,,
[1758212554019545086],9.352,-4.302,1.932,,,
[1758212554024679826],9.225,-4.434,2.191,,,
[1758212554030229513],9.366,-4.422,2.076,,,
[1758212554035464305],9.122,-4.396,2.128,,,
[1758212554040598732],9.29,-4.413,2.124,,,
[1758212554045729826],9.486,-4.429,2.186,,,
[1758212554050880659],9.443,-4.465,2.052,,,
[1758212554057214721],9.345,-4.547,2.138,,,
[1758212554062537638],9.39,-4.405,2.04,,,
[1758212554067662899],9.213,-4.463,2.119,,,
[1758212554072840086],9.373,-4.511,1.999,,,
[1758212554077937742],9.23,-4.484,2.136,,,
[1758212554083058419],9.275,-4.472,2.073,,,
[1758212554088157117],9.373,-4.561,2.248,,,
[1758212554093309044],9.337,-4.41,2.042,,,
[1758212554098517742],9.251,-4.451,1.994,,,
[1758212554103783367],9.321,-4.451,2.023,,,
[1758212554108903107],9.309,-4.429,2.052,,,
[1758212554114075346],9.201,-4.401,2.03,,,
[1758212554119188211],9.33,-4.448,2.095,,,
[1758212554124305919],9.325,-4.362,2.138,,,
[1758212554129448315],9.369,-4.446,2.26,,,
[1758212554135016492],9.347,-4.58,2.133,,,
[1758212554140254253],9.263,-4.573,2.133,,,
[1758212554145372846],9.239,-4.398,2.155,,,
[1758212554150483419],9.354,-4.566,2.076,,,
[1758212554155722742],9.337,-4.317,2.1,,,
[1758212554160813003],9.431,-4.544,2.121,,,
[1758212554165948003],9.273,-4.436,2.016,,,
[1758212554171073419],9.464,-4.405,2.016,,,
[1758212554176298836],9.266,-4.422,2.097,,,
[1758212554181553471],9.392,-4.295,2.212,,,
[1758212554186688836],9.29,-4.585,2.425,,,
[1758212554191806648],9.22,-4.477,2.109,,,
[1758212554196953992],9.292,-4.515,1.978,,,
[1758212554202128940],9.448,-4.465,2.028,,,
[1758212554207571753],9.357,-4.441,2.057,,,
[1758212554212798836],9.361,-4.554,2.253,,,
[1758212554217921648],9.225,-4.384,2.052,,,
[1758212554223087326],9.385,-4.417,2.215,,,
[1758212554228205971],9.443,-4.463,2.164,,,
[1758212554233360607],9.254,-4.446,2.097,,,
[1758212554238889253],9.345,-4.542,2.052,,,
[1758212554244115294],9.237,-4.535,2.217,,,
[1758212554249400086],9.311,-4.396,2.291,,,
[1758212554254851284],9.498,-4.465,2.229,,,
[1758212554259987430],9.486,-4.489,2.191,,,
[1758212554265116753],9.256,-4.465,2.088,,,
[1758212554270222169],9.218,-4.446,1.848,,,
[1758212554275406440],9.232,-4.341,2.164,,,
[1758212554280543680],9.335,-4.477,2.109,,,
[1758212554285726440],9.335,-4.494,2.109,,,
[1758212554290965242],9.309,-4.324,2.011,,,
[1758212554296210294],9.641,-4.59,2.279,,,
[1758212554301361336],9.426,-4.448,2.148,,,
[1758212554306581284],9.311,-4.389,2.023,,,
[1758212554311692169],9.366,-4.369,2.069,,,
[1758212554316905242],9.4,-4.472,2.083,,,
[1758212554322053367],9.433,-4.444,2.263,,,
[1758212554327195138],9.364,-4.551,2.097,,,
[1758212554332377117],9.266,-4.422,2.133,,,
[1758212554337666648],9.404,-4.436,2.231,,,
[1758212554342890346],9.251,-4.59,2.119,,,
[1758212554348407013],9.359,-4.539,2.085,,,
[1758212554355074201],9.304,-4.578,2.107,,,
[1758212554360321336],9.311,-4.499,2.114,,,
[1758212554365444513],9.383,-4.518,2.002,,,
[1758212554370546284],9.278,-4.367,2.107,,,
[1758212554375683836],9.337,-4.444,2.339,,,
[1758212554380785659],9.275,-4.518,2.152,,,
[1758212554385917065],9.313,-4.374,2.207,,,
[1758212554391014200],9.397,-4.583,2.263,,,
[1758212554396160398],9.62,-4.31,2.085,,,
[1758212554401406023],9.333,-4.458,2.172,,,
[1758212554406608367],9.404,-4.47,2.014,,,
[1758212554411712065],9.254,-4.482,2.083,,,
[1758212554416892690],9.34,-4.367,2.066,,,
[1758212554421982794],9.316,-4.324,2.155,,,
[1758212554427089461],9.242,-4.365,2.002,,,
[1758212554432284773],9.278,-4.345,2.107,,,
[1758212554437528263],9.407,-4.453,2.234,,,
[1758212554442710138],9.33,-4.41,2.025,,,
[1758212554447871961],9.579,-4.441,2.294,,,
[1758212554453485659],9.33,-4.293,2.116,,,
[1758212554458770815],9.313,-4.453,2.009,,,
[1758212554463958732],9.278,-4.515,2.217,,,
[1758212554469107846],9.359,-4.47,2.136,,,
[1758212554474245086],9.397,-4.391,2.227,,,
[1758212554479392065],9.409,-4.441,1.889,,,
[1758212554484562378],9.431,-4.444,2.037,,,
[1758212554489736232],9.469,-4.451,1.98,,,
[1758212554494905659],9.29,-4.578,2.152,,,
[1758212554500110138],9.419,-4.494,2.215,,,
[1758212554505302378],9.316,-4.537,2.093,,,
[1758212554510409773],9.388,-4.439,2.267,,,
[1758212554515580763],9.278,-4.472,2.239,,,
[1758212554520690242],9.299,-4.453,2.263,,,
[1758212554525798888],9.639,-4.451,2.152,,,
[1758212554533053367],9.304,-4.429,2.085,,,
[1758212554538229096],9.364,-4.396,2.035,,,
[1758212554543372065],9.347,-4.47,2.236,,,
[1758212554548535034],9.397,-4.456,2.105,,,
[1758212554553773419],9.45,-4.578,1.942,,,
[1758212554559958523],9.474,-4.472,2.143,,,
[1758212554566494565],9.404,-4.42,2.195,,,
[1758212554571754513],9.256,-4.305,2.277,,,
[1758212554576840086],9.464,-4.597,2.282,,,
[1758212554581938055],9.206,-4.609,1.999,,,
[1758212554587094513],9.301,-4.448,2.191,,,
[1758212554592252430],9.39,-4.377,2.136,,,
[1758212554597390659],9.345,-4.413,2.052,,,
[1758212554602676492],9.39,-4.422,2.181,,,
[1758212554607887273],9.38,-4.427,2.155,,,
[1758212554613103002],9.498,-4.374,2.172,,,
[1758212554618211857],9.364,-4.535,2.093,,,
[1758212554623330450],9.325,-4.403,2.116,,,
[1758212554628431648],9.39,-4.42,2.294,,,
[1758212554633537482],9.378,-4.594,2.107,,,
[1758212554638653836],9.392,-4.324,2.277,,,
[1758212554643791023],9.364,-4.393,2.064,,,
[1758212554648889617],9.301,-4.46,2.002,,,
[1758212554654106596],9.203,-4.597,2.071,,,
[1758212554659247013],9.194,-4.369,2.04,,,
[1758212554664406752],9.38,-4.441,2.014,,,
[1758212554670830398],9.242,-4.456,2.234,,,
[1758212554676158263],9.34,-4.353,2.085,,,
[1758212554682572846],9.354,-4.48,2.057,,,
[1758212554687784877],9.294,-4.295,1.994,,,
[1758212554692932377],9.416,-4.367,2.229,,,
[1758212554698040034],9.244,-4.317,2.095,,,
[1758212554703230242],9.206,-4.338,1.992,,,
[1758212554708334305],9.385,-4.456,2.318,,,
[1758212554713442534],9.416,-4.427,2.116,,,
[1758212554718568888],9.301,-4.403,2.191,,,
[1758212554723746336],9.266,-4.585,1.956,,,
[1758212554728930086],9.428,-4.59,2.344,,,
[1758212554734041075],9.27,-4.492,2.131,,,
[1758212554739148471],9.38,-4.264,2.107,,,
[1758212554744265607],9.328,-4.513,2.081,,,
[1758212554749377638],9.287,-4.456,1.999,,,
[1758212554754574825],9.244,-4.468,2.016,,,
[1758212554759752377],9.412,-4.496,2.145,,,
[1758212554764963888],9.313,-4.393,2.164,,,
[1758212554770072065],9.371,-4.568,2.061,,,
[1758212554775232534],9.311,-4.343,2.105,,,
[1758212554781885815],9.306,-4.506,2.09,,,
[1758212554787119721],9.352,-4.413,2.016,,,
[1758212554792259513],9.325,-4.592,1.867,,,
[1758212554797342377],9.424,-4.319,2.179,,,
[1758212554802655659],9.347,-4.389,2.195,,,
[1758212554807832690],9.33,-4.484,2.222,,,
[1758212554812954825],9.237,-4.389,2.028,,,
[1758212554818058680],9.306,-4.58,2.112,,,
[1758212554823201961],9.194,-4.568,2.014,,,
[1758212554828440086],9.419,-4.307,2.124,,,
[1758212554833581127],9.354,-4.405,2.14,,,
[1758212554838770502],9.299,-4.446,2.049,,,
[1758212554843900086],9.364,-4.561,2.035,,,
[1758212554848990971],9.345,-4.53,2.049,,,
[1758212554854209200],9.309,-4.355,2.088,,,
[1758212554859323836],9.335,-4.501,2.03,,,
[1758212554864452586],9.263,-4.487,1.978,,,
[1758212554869584877],9.491,-4.41,2.023,,,
[1758212554874694096],9.39,-4.429,2.148,,,
[1758212554879834200],9.431,-4.324,2.081,,,
[1758212554885329877],9.345,-4.554,1.918,,,
[1758212554890568836],9.325,-4.549,2.028,,,
[1758212554895662169],9.232,-4.381,2.162,,,
[1758212554900763888],9.227,-4.439,2.265,,,
[1758212554905943679],9.388,-4.374,2.1,,,
[1758212554911049096],9.397,-4.41,2.112,,,
[1758212554916230867],9.347,-4.58,2.016,,,
[1758212554921373002],9.34,-4.424,2.227,,,
[1758212554926570138],9.419,-4.329,2.069,,,
[1758212554931842169],9.357,-4.468,2.028,,,
[1758212554937034982],9.402,-4.434,2.188,,,
[1758212554942179617],9.457,-4.475,2.073,,,
[1758212554947297325],9.294,-4.568,2.023,,,
[1758212554952597742],9.45,-4.365,2.083,,,
[1758212554958013315],9.29,-4.48,2.057,,,
[1758212554963211648],9.409,-4.492,2.09,,,
[1758212554968369304],9.273,-4.489,1.98,,,
[1758212554973597013],9.491,-4.59,2.282,,,
[1758212554978700034],9.23,-4.556,2.294,,,
[1758212554983827169],9.495,-4.566,2.131,,,
[1758212554989259617],9.342,-4.484,2.284,,,
[1758212554994464044],9.306,-4.513,2.006,,,
[1758212554999661336],9.261,-4.566,2.061,,,
[1758212555004955867],9.491,-4.417,2.148,,,
[1758212555010102117],9.218,-4.396,2.047,,,
[1758212555015241648],9.323,-4.506,2.267,,,
[1758212555020345086],9.421,-4.525,2.045,,,
[1758212555025499252],9.29,-4.532,2.116,,,
[1758212555030620919],9.309,-4.539,2.246,,,
[1758212555035765919],9.366,-4.398,1.992,,,
[1758212555040948523],9.282,-4.439,2.049,,,
[1758212555046141023],9.361,-4.451,2.126,,,
[1758212555051293627],9.388,-4.468,1.887,,,
[1758212555056482950],9.4,-4.293,2.116,,,
[1758212555061623471],9.218,-4.547,2.097,,,
[1758212555066730294],9.313,-4.343,2.059,,,
[1758212555071823940],9.39,-4.539,2.188,,,
[1758212555076986596],9.333,-4.424,2.04,,,
[1758212555082183419],9.347,-4.477,1.999,,,
[1758212555087331440],9.366,-4.369,2.131,,,
[1758212555092503263],9.278,-4.489,2.069,,,
[1758212555099042221],9.309,-4.551,2.279,,,
[1758212555105491544],9.335,-4.47,1.963,,,
[1758212555110737898],9.249,-4.302,2.018,,,
[1758212555115865554],9.392,-4.587,2.047,,,
[1758212555120959356],9.407,-4.451,2.04,,,
[1758212555126061752],9.22,-4.3,2.15,,,
[1758212555131177690],9.366,-4.594,2.057,,,
[1758212555136315606],9.376,-4.496,2.095,,,
[1758212555141417325],9.357,-4.381,2.023,,,
[1758212555146554148],9.359,-4.403,2.155,,,
[1758212555151742742],9.385,-4.475,2.037,,,
[1758212555156934513],9.383,-4.539,2.04,,,
[1758212555162045815],9.488,-4.415,2.004,,,
[1758212555167181336],9.261,-4.594,2.035,,,
[1758212555172341804],9.443,-4.453,2.176,,,
[1758212555177455815],9.263,-4.458,1.973,,,
[1758212555182632221],9.263,-4.523,2.114,,,
[1758212555187753419],9.359,-4.513,2.227,,,
[1758212555192884044],9.311,-4.298,1.899,,,
[1758212555198239461],9.325,-4.436,2.011,,,
[1758212555203504565],9.282,-4.451,2.186,,,
[1758212555210056856],9.352,-4.463,2.227,,,
[1758212555215298575],9.304,-4.585,2.014,,,
[1758212555220419356],9.385,-4.475,2.224,,,
[1758212555225553002],9.297,-4.374,2.116,,,
[1758212555230661179],9.412,-4.456,2.045,,,
[1758212555235786440],9.4,-4.446,2.061,,,
[1758212555240918315],9.242,-4.568,2.258,,,
[1758212555246038159],9.268,-4.444,2.205,,,
[1758212555251195659],9.278,-4.446,2.157,,,
[1758212555256440086],9.199,-4.594,1.958,,,
[1758212555261585971],9.455,-4.458,2.052,,,
[1758212555266726804],9.234,-4.463,2.212,,,
[1758212555271834096],9.369,-4.403,2.081,,,
[1758212555276955138],9.23,-4.537,2.114,,,
[1758212555282105242],9.397,-4.307,1.891,,,
[1758212555287240138],9.263,-4.506,2.083,,,
[1758212555292371388],9.383,-4.556,2.181,,,
[1758212555297469304],9.316,-4.331,2.025,,,
[1758212555302833211],9.467,-4.477,2.291,,,
[1758212555307955815],9.402,-4.458,2.236,,,
[1758212555313476752],9.294,-4.36,2.09,,,
[1758212555318812690],9.199,-4.539,2.1,,,
[1758212555323957325],9.22,-4.511,2.258,,,
[1758212555329063263],9.203,-4.317,1.973,,,
[1758212555334203158],9.421,-4.353,1.846,,,
[1758212555339357950],9.443,-4.436,2.107,,,
[1758212555344459408],9.459,-4.583,2.042,,,
[1758212555349631544],9.17,-4.302,2.224,,,
[1758212555357377221],9.311,-4.571,1.961,,,
[1758212555362643419],9.282,-4.334,2.289,,,
[1758212555367753627],9.249,-4.369,2.176,,,
[1758212555372910294],9.364,-4.472,2.054,,,
[1758212555378007846],9.278,-4.408,2.066,,,
[1758212555383113627],9.491,-4.475,1.994,,,
[1758212555388242950],9.361,-4.46,2.253,,,
[1758212555393380971],9.349,-4.513,2.284,,,
[1758212555398654200],9.481,-4.434,2.248,,,
[1758212555403925919],9.44,-4.468,2.176,,,
[1758212555409060658],9.455,-4.468,1.985,,,
[1758212555414211440],9.292,-4.434,2.248,,,
[1758212555419762377],9.294,-4.357,1.944,,,
[1758212555424992586],9.29,-4.465,2.246,,,
[1758212555430097429],9.337,-4.365,2.025,,,
[1758212555435223263],9.402,-4.48,2.081,,,
[1758212555440367533],9.321,-4.556,2.14,,,
[1758212555445512950],9.155,-4.465,1.87,,,
[1758212555450610033],9.266,-4.396,2.114,,,
[1758212555455866231],9.476,-4.46,2.184,,,
[1758212555461061388],9.254,-4.594,2.102,,,
[1758212555466248783],9.404,-4.398,2.009,,,
[1758212555471343471],9.357,-4.424,2.21,,,
[1758212555476496544],9.424,-4.413,1.887,,,
[1758212555481618419],9.318,-4.357,2.035,,,
[1758212555486753367],9.498,-4.585,2.04,,,
[1758212555491857481],9.345,-4.468,1.93,,,
[1758212555496967221],9.33,-4.597,2.229,,,
[1758212555502073835],9.244,-4.295,2.186,,,
[1758212555507244200],9.467,-4.424,2.088,,,
[1758212555512401908],9.273,-4.441,1.935,,,
[1758212555517536127],9.345,-4.551,2.251,,,
[1758212555523127638],9.414,-4.448,2.083,,,
[1758212555528393106],9.239,-4.492,2.227,,,
[1758212555533549929],9.352,-4.429,2.229,,,
[1758212555538672013],9.376,-4.305,2.004,,,
[1758212555543838106],9.268,-4.52,2.15,,,
[1758212555548928523],9.28,-4.348,2.188,,,
[1758212555554078888],9.28,-4.298,1.997,,,
[1758212555559231283],9.278,-4.494,2.078,,,
[1758212555564411440],9.263,-4.468,2.172,,,
[1758212555569631544],9.467,-4.329,2.184,,,
[1758212555574741804],9.273,-4.322,2.253,,,
[1758212555579823575],9.436,-4.319,2.145,,,
[1758212555584957325],9.402,-4.46,2.231,,,
[1758212555590076179],9.294,-4.465,2.011,,,
[1758212555595153992],9.313,-4.317,1.973,,,
[1758212555600297481],9.385,-4.465,2.188,,,
[1758212555605513158],9.493,-4.503,2.116,,,
[1758212555610659356],9.347,-4.456,2.148,,,
[1758212555615814773],9.438,-4.563,2.105,,,
[1758212555620967846],9.225,-4.391,2.066,,,
[1758212555626460346],9.414,-4.322,2.267,,,
[1758212555631698992],9.337,-4.508,2.021,,,
[1758212555636825190],9.333,-4.465,2.076,,,
[1758212555641912325],9.328,-4.326,2.064,,,
[1758212555647035085],9.246,-4.527,2.167,,,
[1758212555652309669],9.436,-4.523,2.207,,,
[1758212555658622846],9.388,-4.427,2.169,,,
[1758212555663882846],9.404,-4.413,2.195,,,
[1758212555668986700],9.301,-4.592,2.21,,,
[1758212555674115554],9.354,-4.35,2.207,,,
[1758212555679211335],9.268,-4.384,2.16,,,
[1758212555684321335],9.395,-4.472,2.186,,,
[1758212555689417377],9.345,-4.434,2.16,,,
[1758212555694556908],9.287,-4.52,2.025,,,
[1758212555699877117],9.311,-4.568,2.241,,,
[1758212555705168158],9.457,-4.525,2.205,,,
[1758212555711649096],9.483,-4.456,2.229,,,
[1758212555718003523],9.268,-4.413,2.057,,,
[1758212555723252533],9.34,-4.506,1.851,,,
[1758212555728365606],9.397,-4.594,2.251,,,
[1758212555734559981],9.349,-4.377,2.09,,,
[1758212555741098731],9.294,-4.429,2.325,,,
[1758212555746400867],9.213,-4.554,2.26,,,
[1758212555751552846],9.249,-4.204,2.061,,,
[1758212555756722481],9.328,-4.448,2.097,,,
[1758212555761811283],9.199,-4.501,2.248,,,
[1758212555766930502],9.421,-4.549,2.138,,,
[1758212555772019252],9.395,-4.341,2.085,,,
[1758212555777116596],9.321,-4.446,2.037,,,
[1758212555782263210],9.39,-4.319,2.114,,,
[1758212555787474617],9.426,-4.391,2.26,,,
[1758212555792727794],9.4,-4.413,1.877,,,
[1758212555797869721],9.443,-4.31,1.98,,,
[1758212555803056804],9.407,-4.41,2.028,,,
[1758212555808160190],9.325,-4.338,2.04,,,
[1758212555813271387],9.167,-4.597,1.875,,,
[1758212555818363002],9.388,-4.295,2.121,,,
[1758212555823488731],9.304,-4.59,2.095,,,
[1758212555828571023],9.45,-4.302,2.136,,,
[1758212555833670137],9.421,-4.453,2.172,,,
[1758212555838764252],9.392,-4.436,2.164,,,
[1758212555844414825],9.431,-4.511,2.085,,,
[1758212555849633679],9.397,-4.374,2.071,,,
[1758212555854817429],9.196,-4.338,2.085,,,
[1758212555859913002],9.359,-4.453,2.205,,,
[1758212555865027533],9.342,-4.379,1.932,,,
[1758212555870109460],9.388,-4.436,2.404,,,
[1758212555875211856],9.462,-4.535,2.085,,,
[1758212555880341335],9.153,-4.503,1.946,,,
[1758212555885515606],9.414,-4.494,1.896,,,
[1758212555890707950],9.438,-4.403,2.025,,,
[1758212555895885450],9.335,-4.597,2.112,,,
[1758212555901042221],9.246,-4.48,2.15,,,
[1758212555906260450],9.457,-4.444,2.227,,,
[1758212555911348210],9.404,-4.41,2.009,,,
[1758212555916446492],9.342,-4.302,2.267,,,
[1758212555921587377],9.321,-4.336,2.052,,,
[1758212555926798783],9.309,-4.463,2.131,,,
[1758212555931972064],9.325,-4.58,2.028,,,
[1758212555937166387],9.448,-4.475,2.138,,,
[1758212555942308262],9.349,-4.389,2.143,,,
[1758212555947422950],9.354,-4.41,2.042,,,
[1758212555953195814],9.376,-4.523,1.958,,,
[1758212555958428054],9.301,-4.477,2.083,,,
[1758212555963615502],9.433,-4.36,2.057,,,
[1758212555968728002],9.419,-4.391,2.138,,,
[1758212555973845033],9.416,-4.334,2.356,,,
[1758212555978937585],9.366,-4.448,2.217,,,
[1758212555984045606],9.383,-4.511,2.186,,,
[1758212555989138471],9.481,-4.597,2.121,,,
[1758212555994353731],9.39,-4.492,2.109,,,
[1758212555999589877],9.342,-4.484,2.227,,,
[1758212556004777221],9.4,-4.432,2.181,,,
[1758212556009888158],9.33,-4.319,2.095,,,
[1758212556015001492],9.428,-4.549,2.03,,,
[1758212556020092064],9.33,-4.401,2.049,,,
[1758212556025196075],9.361,-4.41,2.203,,,
[1758212556030336492],9.345,-4.369,2.229,,,
[1758212556035511596],9.285,-4.456,2.193,,,
[1758212556040621908],9.431,-4.429,2.301,,,
[1758212556045761231],9.433,-4.554,1.997,,,
[1758212556050855867],9.311,-4.594,2.15,,,
[1758212556056431804],9.309,-4.446,2.243,,,
[1758212556061658054],9.378,-4.484,2.042,,,
[1758212556066810762],9.254,-4.348,2.006,,,
[1758212556071896596],9.278,-4.317,2.131,,,
[1758212556077032846],9.369,-4.561,2.052,,,
[1758212556082213523],9.258,-4.408,2.274,,,
[1758212556087341439],9.373,-4.302,2.212,,,
[1758212556094858054],9.335,-4.468,2.028,,,
[1758212556100044929],9.371,-4.551,2.042,,,
[1758212556105330814],9.407,-4.551,1.982,,,
[1758212556110420242],9.448,-4.372,2.057,,,
[1758212556115558523],9.445,-4.393,2.045,,,
[1758212556120686544],9.21,-4.489,2.083,,,
[1758212556125824981],9.402,-4.41,2.097,,,
[1758212556130961387],9.33,-4.518,2.076,,,
[1758212556136146283],9.397,-4.594,2.028,,,
[1758212556141227012],9.493,-4.341,2.193,,,
[1758212556146412116],9.436,-4.429,1.913,,,
[1758212556151565450],9.433,-4.322,2.184,,,
[1758212556156800346],9.287,-4.441,2.289,,,
[1758212556162238523],9.373,-4.391,2.1,,,
[1758212556167471544],9.534,-4.381,2.148,,,
[1758212556172769669],9.469,-4.549,2.025,,,
[1758212556177919825],9.151,-4.389,2.047,,,
[1758212556183034773],9.311,-4.532,2.179,,,
[1758212556188123627],9.256,-4.326,2.243,,,
[1758212556193254096],9.335,-4.451,2.021,,,
[1758212556198502637],9.388,-4.477,2.114,,,
[1758212556203769773],9.285,-4.405,2.265,,,
[1758212556208998158],9.337,-4.453,2.083,,,
[1758212556214118679],9.316,-4.487,2.138,,,
[1758212556219244721],9.292,-4.594,2.102,,,
[1758212556224361023],9.378,-4.527,2.057,,,
[1758212556229444564],9.397,-4.503,2.03,,,
[1758212556234562585],9.234,-4.424,1.911,,,
[1758212556239695085],9.304,-4.456,2.076,,,
[1758212556244817533],9.483,-4.434,2.071,,,
[1758212556249910450],9.371,-4.42,2.061,,,
[1758212556255119981],9.383,-4.501,1.997,,,
[1758212556260310137],9.33,-4.389,2.105,,,
[1758212556265440033],9.337,-4.444,1.87,,,
[1758212556270984408],9.493,-4.427,2.212,,,
[1758212556276226804],9.318,-4.547,2.066,,,
[1758212556281390450],9.278,-4.494,1.899,,,
[1758212556286526231],9.481,-4.432,2.246,,,
[1758212556291645866],9.488,-4.527,2.014,,,
[1758212556296755502],9.333,-4.396,2.332,,,
[1758212556301878575],9.215,-4.367,2.191,,,
[1758212556307089825],9.498,-4.487,2.014,,,
[1758212556312269721],9.361,-4.41,2.071,,,
[1758212556317502585],9.313,-4.468,2.004,,,
[1758212556322718939],9.275,-4.336,2.217,,,
[1758212556327849669],9.23,-4.384,1.81,,,
[1758212556332996127],9.462,-4.48,2.061,,,
[1758212556338119616],9.44,-4.465,1.97,,,
[1758212556343223783],9.256,-4.427,2.057,,,
[1758212556348404408],9.366,-4.386,2.222,,,
[1758212556353632950],9.424,-4.563,2.09,,,
[1758212556358737533],9.244,-4.439,2.164,,,
[1758212556363843158],9.5,-4.314,2.059,,,
[1758212556368973575],9.488,-4.501,2.064,,,
[1758212556374645189],9.392,-4.53,2.049,,,
[1758212556379876335],9.275,-4.314,2.136,,,
[1758212556384991075],9.352,-4.396,2.085,,,
[1758212556390072898],9.246,-4.506,2.112,,,
[1758212556395215137],9.27,-4.31,2.152,,,
[1758212556400338262],9.373,-4.482,2.138,,,
[1758212556405538054],9.33,-4.444,2.116,,,
[1758212556410623106],9.323,-4.494,2.234,,,
[1758212556415757793],9.364,-4.475,2.121,,,
[1758212556420964929],9.333,-4.549,1.891,,,
[1758212556426102377],9.392,-4.336,2.203,,,
[1758212556431189200],9.287,-4.434,2.119,,,
[1758212556436396491],9.199,-4.503,1.966,,,
[1758212556441557325],9.34,-4.415,1.98,,,
[1758212556446675137],9.448,-4.46,2.207,,,
[1758212556451781283],9.287,-4.592,2.066,,,
[1758212556457002637],9.366,-4.417,2.131,,,
[1758212556462104616],9.306,-4.353,2.224,,,
[1758212556467268054],9.369,-4.408,2.246,,,
[1758212556472474148],9.378,-4.413,2.049,,,
[1758212556477590658],9.282,-4.515,2.016,,,
[1758212556484073887],9.213,-4.566,2.09,,,
[1758212556489410189],9.278,-4.439,2.195,,,
[1758212556495826596],9.282,-4.542,2.085,,,
[1758212556501061335],9.486,-4.432,2.047,,,
[1758212556506250866],9.352,-4.31,2.231,,,
[1758212556511371596],9.436,-4.436,2.112,,,
[1758212556516517429],9.431,-4.484,1.958,,,
[1758212556521628575],9.498,-4.458,2.236,,,
[1758212556526761387],9.304,-4.463,2.025,,,
[1758212556531864564],9.354,-4.386,2.047,,,
[1758212556537020971],9.433,-4.367,2.138,,,
[1758212556542288523],9.39,-4.472,2.131,,,
[1758212556547423939],9.304,-4.472,2.186,,,
[1758212556552839721],9.407,-4.475,2.107,,,
[1758212556558025606],9.388,-4.468,1.925,,,
[1758212556563134825],9.397,-4.408,2.289,,,
[1758212556568230814],9.244,-4.384,2.21,,,
[1758212556573357481],9.318,-4.724,2.198,,,
[1758212556578520970],9.376,-4.362,2.327,,,
[1758212556583626908],9.407,-4.48,2.2,,,
[1758212556588759043],9.39,-4.482,2.243,,,
[1758212556594329304],9.222,-4.295,1.961,,,
[1758212556601005398],9.345,-4.463,2.217,,,
[1758212556606299512],9.278,-4.451,2.016,,,
[1758212556611406491],9.256,-4.47,2.1,,,
[1758212556616509043],9.337,-4.362,2.258,,,
[1758212556621594356],9.254,-4.482,2.006,,,
[1758212556626732325],9.232,-4.463,2.042,,,
[1758212556631830710],9.448,-4.403,2.083,,,
[1758212556636959877],9.328,-4.513,1.923,,,
[1758212556642080814],9.325,-4.451,2.004,,,
[1758212556647301439],9.404,-4.551,2.081,,,
[1758212556652551752],9.294,-4.527,2.131,,,
[1758212556657717012],9.299,-4.298,2.186,,,
[1758212556662923627],9.254,-4.424,2.064,,,
[1758212556668026648],9.481,-4.41,2.124,,,
[1758212556673121335],9.311,-4.398,2.332,,,
[1758212556678242220],9.373,-4.446,2.246,,,
[1758212556683387689],9.335,-4.42,1.935,,,
[1758212556688492064],9.328,-4.453,2.2,,,
[1758212556693629460],9.206,-4.432,2.176,,,
[1758212556698733470],9.488,-4.472,2.131,,,
[1758212556704367429],9.256,-4.515,2.085,,,
[1758212556709511075],9.445,-4.432,2.088,,,
[1758212556714620137],9.364,-4.295,2.004,,,
[1758212556719754408],9.304,-4.307,2.198,,,
[1758212556724870710],9.33,-4.312,2.155,,,
[1758212556730011439],9.45,-4.484,2.03,,,
[1758212556735143054],9.287,-4.46,1.958,,,
[1758212556740262481],9.301,-4.386,2.272,,,
[1758212556745412429],9.397,-4.415,2.148,,,
[1758212556752701179],9.306,-4.432,2.138,,,
[1758212556757908627],9.428,-4.523,1.932,,,
[1758212556763097116],9.38,-4.446,2.205,,,
[1758212556768220710],9.357,-4.441,2.107,,,
[1758212556773427481],9.419,-4.475,2.255,,,
[1758212556778552116],9.287,-4.489,2.152,,,
[1758212556783695293],9.412,-4.396,2.054,,,
[1758212556788859564],9.292,-4.377,2.04,,,
[1758212556794053991],9.309,-4.532,2.179,,,
[1758212556799199408],9.285,-4.413,2.217,,,
[1758212556804741700],9.354,-4.544,1.992,,,
[1758212556809959512],9.364,-4.566,2.011,,,
[1758212556815072220],9.412,-4.408,2.234,,,
[1758212556820171439],9.498,-4.326,2.095,,,
[1758212556825284772],9.366,-4.372,2.14,,,
[1758212556830404720],9.194,-4.451,2.279,,,
[1758212556835529095],9.203,-4.436,2.284,,,
[1758212556840643418],9.301,-4.499,2.44,,,
[1758212556845841439],9.23,-4.369,1.951,,,
[1758212556851053575],9.299,-4.372,1.707,,,
[1758212556856242012],9.38,-4.456,2.088,,,
[1758212556861344147],9.371,-4.482,2.112,,,
[1758212556866497950],9.376,-4.434,2.136,,,
[1758212556871593522],9.4,-4.568,2.131,,,
[1758212556876759408],9.285,-4.41,2.1,,,
[1758212556881854825],9.421,-4.317,2.169,,,
[1758212556886988887],9.301,-4.312,2.057,,,
[1758212556892066804],9.328,-4.587,2.272,,,
[1758212556897162272],9.335,-4.583,2.172,,,
[1758212556902375658],9.436,-4.487,2.231,,,
[1758212556907585970],9.436,-4.484,2.248,,,
[1758212556913126231],9.361,-4.446,2.006,,,
[1758212556918393522],9.21,-4.578,2.009,,,
[1758212556923557168],9.488,-4.515,2.014,,,
[1758212556928655658],9.175,-4.532,2.054,,,
[1758212556933811127],9.44,-4.413,2.181,,,
[1758212556938914356],9.412,-4.424,2.186,,,
[1758212556944057689],9.28,-4.434,2.004,,,
[1758212556949185450],9.251,-4.355,2.088,,,
[1758212556954385241],9.397,-4.53,2.167,,,
[1758212556959713366],9.493,-4.468,1.944,,,
[1758212556964884564],9.431,-4.508,1.872,,,
[1758212556970022481],9.333,-4.408,2.167,,,
[1758212556975239772],9.481,-4.499,2.071,,,
[1758212556980345710],9.23,-4.482,2.176,,,
[1758212556985452897],9.239,-4.535,2.126,,,
[1758212556990533366],9.426,-4.482,1.913,,,
[1758212556995672637],9.433,-4.47,2.222,,,
[1758212557000827429],9.237,-4.561,2.143,,,
[1758212557006070814],9.244,-4.563,1.911,,,
[1758212557011175658],9.323,-4.566,2.169,,,
[1758212557016691387],9.45,-4.515,2.15,,,
[1758212557021936960],9.203,-4.542,2.136,,,
[1758212557027061179],9.258,-4.59,2.011,,,
[1758212557032284043],9.342,-4.482,2.023,,,
[1758212557037459668],9.309,-4.571,2.002,,,
[1758212557042604720],9.416,-4.434,2.219,,,
[1758212557047746179],9.28,-4.465,2.116,,,
[1758212557053054772],9.261,-4.475,2.047,,,
[1758212557058200137],9.325,-4.559,2.167,,,
[1758212557063406804],9.309,-4.551,2.294,,,
[1758212557068541074],9.376,-4.597,1.97,,,
[1758212557073713679],9.203,-4.475,2.028,,,
[1758212557078804252],9.428,-4.384,2.021,,,
[1758212557083963158],9.333,-4.384,2.081,,,
[1758212557089107689],9.361,-4.456,2.126,,,
[1758212557094243835],9.225,-4.559,1.994,,,
[1758212557099370554],9.285,-4.398,2.054,,,
[1758212557104573158],9.206,-4.58,2.011,,,
[1758212557109716908],9.306,-4.535,2.033,,,
[1758212557114863314],9.256,-4.424,2.088,,,
[1758212557119949199],9.297,-4.427,2.282,,,
[1758212557125438887],9.438,-4.556,2.009,,,
[1758212557130673470],9.27,-4.432,2.073,,,
[1758212557135848679],9.445,-4.47,1.944,,,
[1758212557140983158],9.069,-4.468,2.188,,,
[1758212557146179356],9.345,-4.482,1.882,,,
[1758212557151330970],9.282,-4.472,2.011,,,
[1758212557156517481],9.359,-4.365,1.994,,,
[1758212557161629877],9.213,-4.31,2.023,,,
[1758212557166792272],9.287,-4.563,2.334,,,
[1758212557172029408],9.215,-4.487,2.107,,,
[1758212557177156387],9.316,-4.372,2.037,,,
[1758212557182343574],9.337,-4.503,2.207,,,
[1758212557187466699],9.378,-4.468,1.851,,,
[1758212557192653158],9.333,-4.547,2.088,,,
[1758212557197747845],9.479,-4.381,2.033,,,
[1758212557203030762],9.366,-4.506,1.997,,,
[1758212557208134460],9.457,-4.556,1.975,,,
[1758212557213289564],9.34,-4.424,2.298,,,
[1758212557218440866],9.208,-4.525,2.035,,,
[1758212557223600554],9.313,-4.441,2.207,,,
[1758212557229246856],9.383,-4.499,1.937,,,
[1758212557234511595],9.313,-4.451,2.255,,,
[1758212557239654929],9.323,-4.487,1.875,,,
[1758212557244755918],9.28,-4.427,2.076,,,
[1758212557249854981],9.452,-4.355,2.143,,,
[1758212557255036804],9.268,-4.384,2.037,,,
[1758212557260118262],9.371,-4.362,2.157,,,
[1758212557265208887],9.38,-4.42,2.172,,,
[1758212557270458366],9.337,-4.468,2.121,,,
[1758212557275719251],9.282,-4.508,2.267,,,
[1758212557282274043],9.325,-4.489,2.224,,,
[1758212557287587168],9.414,-4.448,2.102,,,
[1758212557292762429],9.294,-4.391,1.987,,,
[1758212557297886960],9.239,-4.503,2.097,,,
[1758212557303162845],9.392,-4.377,2.217,,,
[1758212557308304408],9.29,-4.484,2.31,,,
[1758212557313411283],9.311,-4.506,2.176,,,
[1758212557318530606],9.199,-4.405,2.109,,,
[1758212557323664564],9.378,-4.465,2.133,,,
[1758212557328827064],9.481,-4.501,2.258,,,
[1758212557334317064],9.38,-4.422,2.025,,,
[1758212557339543158],9.29,-4.463,2.057,,,
[1758212557344682741],9.412,-4.436,1.944,,,
[1758212557349791699],9.4,-4.408,2.231,,,
[1758212557355052272],9.493,-4.544,2.059,,,
[1758212557360187637],9.38,-4.523,2.296,,,
[1758212557365284460],9.474,-4.448,1.97,,,
[1758212557370408158],9.318,-4.372,2.088,,,
[1758212557375614095],9.548,-4.506,2.148,,,
[1758212557380816804],9.421,-4.499,2.021,,,
[1758212557385902689],9.474,-4.549,1.853,,,
[1758212557391019981],9.438,-4.448,2.037,,,
[1758212557396153314],9.29,-4.496,2.195,,,
[1758212557401255501],9.282,-4.525,2.025,,,
[1758212557406476074],9.225,-4.465,2.088,,,
[1758212557411612220],9.294,-4.42,2.071,,,
[1758212557416753783],9.428,-4.484,2.131,,,
[1758212557421837168],9.402,-4.456,2.109,,,
[1758212557426907793],9.321,-4.324,2.255,,,
[1758212557432020658],9.285,-4.369,1.865,,,
[1758212557437154929],9.364,-4.477,2.006,,,
[1758212557442801074],9.292,-4.314,2.016,,,
[1758212557448173001],9.347,-4.47,2.143,,,
[1758212557454684616],9.359,-4.535,2.203,,,
[1758212557459968053],9.287,-4.417,2.267,,,
[1758212557465090241],9.464,-4.547,2.143,,,
[1758212557470182376],9.22,-4.439,2.093,,,
[1758212557475307220],9.409,-4.494,1.839,,,
[1758212557480403522],9.392,-4.58,2.105,,,
[1758212557485512272],9.383,-4.353,2.203,,,
[1758212557490605970],9.287,-4.511,2.157,,,
[1758212557495759564],9.278,-4.48,1.97,,,
[1758212557500970762],9.194,-4.391,2.114,,,
[1758212557506198678],9.349,-4.444,2.112,,,
[1758212557511342376],9.388,-4.525,2.03,,,
[1758212557516503262],9.426,-4.314,2.282,,,
[1758212557521630501],9.39,-4.401,2.028,,,
[1758212557526726856],9.208,-4.3,2.102,,,
[1758212557531851908],9.347,-4.401,2.03,,,
[1758212557536990553],9.469,-4.48,2.102,,,
[1758212557542073731],9.361,-4.472,2.09,,,
[1758212557548728418],9.232,-4.561,2.061,,,
[1758212557554089668],9.392,-4.489,2.143,,,
[1758212557560456283],9.301,-4.523,2.188,,,
[1758212557565701647],9.376,-4.408,2.045,,,
[1758212557570793991],9.45,-4.336,2.143,,,
[1758212557575944095],9.242,-4.302,2.145,,,
[1758212557581021178],9.347,-4.451,2.164,,,
[1758212557586112689],9.311,-4.549,1.899,,,
[1758212557591204251],9.493,-4.477,2.037,,,
[1758212557596347689],9.359,-4.381,2.14,,,
[1758212557601460762],9.424,-4.523,1.882,,,
[1758212557606719147],9.361,-4.468,2.195,,,
[1758212557611795553],9.337,-4.448,1.925,,,
[1758212557616886543],9.268,-4.556,1.97,,,
[1758212557621984876],9.273,-4.487,2.126,,,
[1758212557627118366],9.445,-4.523,2.176,,,
[1758212557632293678],9.201,-4.429,2.09,,,
[1758212557637409668],9.287,-4.468,2.021,,,
[1758212557642701751],9.292,-4.465,2.155,,,
[1758212557647961908],9.38,-4.36,2.176,,,
[1758212557653170085],9.421,-4.525,2.052,,,
[1758212557658709876],9.215,-4.499,2.263,,,
[1758212557663876595],9.227,-4.401,2.231,,,
[1758212557670443887],9.325,-4.434,1.908,,,
[1758212557675664616],9.234,-4.508,2.217,,,
[1758212557680768887],9.297,-4.372,2.121,,,
[1758212557685924355],9.433,-4.463,2.107,,,
[1758212557691022116],9.407,-4.594,2.14,,,
[1758212557696099668],9.206,-4.307,2.176,,,
[1758212557701191595],9.263,-4.511,2.236,,,
[1758212557706369980],9.357,-4.381,2.047,,,
[1758212557711581335],9.22,-4.487,2.21,,,
[1758212557716862116],9.404,-4.47,2.133,,,
[1758212557721969824],9.199,-4.398,2.097,,,
[1758212557727059251],9.345,-4.336,2.126,,,
[1758212557732243314],9.4,-4.401,1.937,,,
[1758212557737423053],9.246,-4.458,2.241,,,
[1758212557742607272],9.297,-4.429,1.994,,,
[1758212557747758158],9.28,-4.446,2.025,,,
[1758212557753063314],9.218,-4.499,2.035,,,
[1758212557758187012],9.333,-4.3,2.119,,,
[1758212557763289876],9.096,-4.575,2.128,,,
[1758212557768744251],9.483,-4.436,2.258,,,
[1758212557773956491],9.349,-4.434,2.042,,,
[1758212557779450970],9.254,-4.523,2.057,,,
[1758212557784594147],9.294,-4.489,2.085,,,
[1758212557789797012],9.359,-4.472,2.093,,,
[1758212557794956283],9.342,-4.542,2.124,,,
[1758212557800060866],9.28,-4.535,2.133,,,
[1758212557805321751],9.586,-4.506,2.251,,,
[1758212557810610501],9.316,-4.472,2.272,,,
[1758212557815734095],9.364,-4.537,2.016,,,
[1758212557820828158],9.45,-4.417,2.011,,,
[1758212557825958887],9.282,-4.477,2.294,,,
[1758212557831086803],9.263,-4.477,2.114,,,
[1758212557836254147],9.349,-4.592,2.167,,,
[1758212557841388105],9.311,-4.537,2.102,,,
[1758212557846557793],9.321,-4.554,2.028,,,
[1758212557851780449],9.108,-4.487,2.215,,,
[1758212557857228418],9.28,-4.482,2.052,,,
[1758212557862423783],9.404,-4.568,2.045,,,
[1758212557867538939],9.287,-4.439,2.344,,,
[1758212557874006647],9.309,-4.503,2.152,,,
[1758212557879300605],9.17,-4.331,2.045,,,
[1758212557885683366],9.301,-4.53,2.011,,,
[1758212557890964355],9.29,-4.46,2.179,,,
[1758212557896108262],9.263,-4.499,2.109,,,
[1758212557901204460],9.29,-4.594,2.222,,,
[1758212557906408782],9.354,-4.563,2.181,,,
[1758212557911560085],9.369,-4.496,2.234,,,
[1758212557916690970],9.199,-4.293,2.052,,,
[1758212557921786022],9.337,-4.456,2.023,,,
[1758212557926942064],9.486,-4.523,2.061,,,
[1758212557932232168],9.361,-4.482,2.088,,,
[1758212557937381178],9.402,-4.554,2.215,,,
[1758212557942588991],9.421,-4.511,1.875,,,
[1758212557947672585],9.455,-4.487,2.188,,,
[1758212557953030241],9.455,-4.408,2.322,,,
[1758212557958179407],9.388,-4.453,2.267,,,
[1758212557963356074],9.222,-4.539,2.231,,,
[1758212557968527168],9.321,-4.527,2.028,,,
[1758212557973668991],9.199,-4.489,2.167,,,
[1758212557979202793],9.459,-4.439,2.083,,,
[1758212557984406647],9.304,-4.472,2.03,,,
[1758212557989509199],9.342,-4.496,2.16,,,
[1758212557995024355],9.306,-4.444,1.982,,,
[1758212558000170137],9.639,-4.408,2.16,,,
[1758212558005352532],9.4,-4.468,2.236,,,
[1758212558010489251],9.306,-4.355,2.21,,,
[1758212558015687116],9.278,-4.456,2.085,,,
[1758212558021057689],9.345,-4.501,1.899,,,
[1758212558026217637],9.486,-4.453,2.246,,,
[1758212558031322637],9.352,-4.463,2.095,,,
[1758212558036445397],9.266,-4.396,2.107,,,
[1758212558041646126],9.323,-4.575,2.071,,,
[1758212558046780918],9.371,-4.389,2.121,,,
[1758212558051929407],9.194,-4.307,2.176,,,
[1758212558057197168],9.345,-4.472,2.095,,,
[1758212558062490970],9.369,-4.549,2.083,,,
[1758212558070134199],9.311,-4.537,2.212,,,
[1758212558076081907],9.328,-4.391,2.191,,,
[1758212558081270866],9.481,-4.424,2.164,,,
[1758212558087117741],9.354,-4.334,2.229,,,
[1758212558092411074],9.431,-4.468,2.066,,,
[1758212558097551491],9.424,-4.499,2.1,,,
[1758212558103175709],9.493,-4.341,2.061,,,
[1758212558108309772],9.213,-4.513,2.181,,,
[1758212558113419824],9.354,-4.527,2.246,,,
[1758212558118570189],9.297,-4.475,1.958,,,
[1758212558123750137],9.33,-4.48,2.176,,,
[1758212558128889095],9.299,-4.496,1.901,,,
[1758212558134136491],9.352,-4.515,2.057,,,
[1758212558139239876],9.38,-4.341,1.958,,,
[1758212558144427220],9.361,-4.413,1.994,,,
[1758212558149539564],9.445,-4.408,2.2,,,
[1758212558154745605],9.354,-4.58,2.107,,,
[1758212558159879043],9.189,-4.532,1.906,,,
[1758212558165046543],9.33,-4.384,2.016,,,
[1758212558170163678],9.431,-4.401,2.2,,,
[1758212558175402532],9.306,-4.568,2.121,,,
[1758212558180513157],9.443,-4.432,2.191,,,
[1758212558185654407],9.371,-4.41,2.064,,,
[1758212558190763626],9.282,-4.389,2.167,,,
[1758212558196297793],9.325,-4.487,2.15,,,
[1758212558201442376],9.249,-4.374,2.227,,,
[1758212558206611751],9.428,-4.427,2.215,,,
[1758212558212049980],9.349,-4.537,2.277,,,
[1758212558217189303],9.28,-4.456,2.083,,,
[1758212558222348730],9.414,-4.324,2.105,,,
[1758212558227460657],9.199,-4.482,2.071,,,
[1758212558232694720],9.431,-4.472,2.176,,,
[1758212558238017897],9.321,-4.513,2.045,,,
[1758212558243200032],9.378,-4.547,2.188,,,
[1758212558248341543],9.29,-4.501,2.059,,,
[1758212558253558939],9.414,-4.302,2.057,,,
[1758212558258665241],9.206,-4.468,2.179,,,
[1758212558263761387],9.371,-4.535,2.21,,,
[1758212558268894928],9.256,-4.408,2.066,,,
[1758212558274070918],9.323,-4.549,2.136,,,
[1758212558279288626],9.33,-4.453,2.279,,,
[1758212558284549980],9.316,-4.345,2.073,,,
[1758212558289658001],9.479,-4.393,2.229,,,
[1758212558294796543],9.261,-4.448,2.124,,,
[1758212558299907428],9.395,-4.453,1.994,,,
[1758212558305481647],9.383,-4.494,1.994,,,
[1758212558310601387],9.311,-4.314,2.191,,,
[1758212558315759772],9.373,-4.398,2.205,,,
[1758212558322345605],9.301,-4.448,2.002,,,
[1758212558328750501],9.194,-4.468,2.148,,,
[1758212558334015293],9.364,-4.451,2.114,,,
[1758212558339139459],9.316,-4.513,1.858,,,
[1758212558344267636],9.354,-4.53,2.133,,,
[1758212558349367897],9.333,-4.422,2.195,,,
[1758212558354562584],9.354,-4.487,2.188,,,
[1758212558359724511],9.268,-4.379,2.004,,,
[1758212558364895397],9.297,-4.501,2.16,,,
[1758212558370016074],9.445,-4.573,2.047,,,
[1758212558375234251],9.297,-4.492,2.251,,,
[1758212558380363470],9.313,-4.362,2.04,,,
[1758212558385462949],9.416,-4.35,2.059,,,
[1758212558390540814],9.275,-4.568,2.107,,,
[1758212558395673157],9.323,-4.324,2.033,,,
[1758212558400822324],9.495,-4.594,2.114,,,
[1758212558406350761],9.294,-4.594,1.846,,,
[1758212558411460241],9.369,-4.305,2.037,,,
[1758212558416555136],9.28,-4.424,2.097,,,
[1758212558421649928],9.306,-4.345,2.263,,,
[1758212558426786907],9.376,-4.319,2.26,,,
[1758212558432331126],9.294,-4.417,2.047,,,
[1758212558437445293],9.323,-4.556,2.131,,,
[1758212558442697168],9.392,-4.348,2.047,,,
[1758212558448020657],9.404,-4.549,2.207,,,
[1758212558453214928],9.311,-4.343,2.315,,,
[1758212558458351751],9.29,-4.518,2.097,,,
[1758212558463504616],9.182,-4.465,2.081,,,
[1758212558468641959],9.342,-4.492,2.028,,,
[1758212558473769564],9.371,-4.417,2.126,,,
[1758212558478872220],9.431,-4.398,2.279,,,
[1758212558484074980],9.287,-4.475,2.076,,,
[1758212558489259199],9.268,-4.463,2.03,,,
[1758212558494480084],9.337,-4.448,2.126,,,
[1758212558499648939],9.33,-4.487,2.27,,,
[1758212558504901439],9.438,-4.542,2.059,,,
[1758212558510016230],9.292,-4.396,2.205,,,
[1758212558516507845],9.313,-4.444,2.272,,,
[1758212558521717324],9.27,-4.585,2.188,,,
[1758212558526826230],9.234,-4.345,2.138,,,
[1758212558531926907],9.407,-4.307,2.035,,,
[1758212558537048886],9.349,-4.523,2.119,,,
[1758212558544358470],9.316,-4.475,2.203,,,
[1758212558549606074],9.261,-4.41,2.025,,,
[1758212558554802688],9.462,-4.3,2.004,,,
[1758212558559902688],9.369,-4.384,2.064,,,
[1758212558565035241],9.431,-4.362,2.205,,,
[1758212558570118678],9.345,-4.465,2.258,,,
[1758212558575191022],9.292,-4.456,2.107,,,
[1758212558580281699],9.366,-4.369,2.093,,,
[1758212558585435136],9.249,-4.453,2.037,,,
[1758212558590524980],9.28,-4.403,2.073,,,
[1758212558595614043],9.328,-4.472,2.294,,,
[1758212558600720397],9.263,-4.417,2.195,,,
[1758212558605907480],9.373,-4.489,2.011,,,
[1758212558611023105],9.366,-4.496,2.222,,,
[1758212558616139459],9.428,-4.492,2.042,,,
[1758212558622820084],9.304,-4.506,2.231,,,
[1758212558628051022],9.196,-4.511,2.116,,,
[1758212558633159251],9.424,-4.463,2.102,,,
[1758212558638254407],9.268,-4.391,2.014,,,
[1758212558643384147],9.263,-4.463,2.186,,,
[1758212558650748209],9.357,-4.42,2.219,,,
[1758212558656244928],9.306,-4.566,2.04,,,
[1758212558661372636],9.268,-4.554,1.961,,,
[1758212558666488938],9.294,-4.42,2.078,,,
[1758212558671605449],9.299,-4.496,2.174,,,
[1758212558676732532],9.457,-4.453,2.227,,,
[1758212558681808366],9.349,-4.451,2.083,,,
[1758212558686915709],9.316,-4.441,2.047,,,
[1758212558692003991],9.397,-4.513,2.222,,,
[1758212558697153418],9.424,-4.393,2.03,,,
[1758212558702412480],9.21,-4.331,2.172,,,
[1758212558707575657],9.201,-4.515,2.181,,,
[1758212558712744095],9.464,-4.475,1.956,,,
[1758212558717893626],9.407,-4.396,2.107,,,
[1758212558723029303],9.328,-4.506,2.126,,,
[1758212558728552011],9.316,-4.585,2.157,,,
[1758212558733781491],9.225,-4.482,2.04,,,
[1758212558738925449],9.29,-4.456,1.932,,,
[1758212558744127272],9.388,-4.506,2.112,,,
[1758212558749242272],9.23,-4.374,2.219,,,
[1758212558754445032],9.313,-4.434,2.097,,,
[1758212558759739928],9.232,-4.41,2.263,,,
[1758212558764893782],9.325,-4.374,2.018,,,
[1758212558770065813],9.299,-4.417,2.267,,,
[1758212558775343261],9.39,-4.463,2.102,,,
[1758212558780482480],9.203,-4.401,2.03,,,
[1758212558785623313],9.316,-4.506,2.162,,,
[1758212558790714928],9.337,-4.365,2.011,,,
[1758212558795835657],9.335,-4.441,2.066,,,
[1758212558800923990],9.378,-4.389,2.116,,,
[1758212558806158313],9.292,-4.468,2.109,,,
[1758212558811285293],9.421,-4.456,2.184,,,
[1758212558816430397],9.196,-4.52,1.891,,,
[1758212558821577636],9.582,-4.439,1.994,,,
[1758212558826694251],9.498,-4.503,2.04,,,
[1758212558831791647],9.194,-4.389,2.064,,,
[1758212558837457376],9.407,-4.46,2.207,,,
[1758212558842687740],9.498,-4.472,2.136,,,
[1758212558847860084],9.232,-4.48,2.078,,,
[1758212558853113365],9.239,-4.362,2.265,,,
[1758212558858256178],9.433,-4.506,1.889,,,
[1758212558863372168],9.361,-4.405,2.021,,,
[1758212558868822636],9.313,-4.417,2.15,,,
[1758212558873967688],9.407,-4.628,2.217,,,
[1758212558879345188],9.27,-4.475,2.184,,,
[1758212558884503938],9.282,-4.482,2.289,,,
[1758212558889641959],9.28,-4.372,2.047,,,
[1758212558894765032],9.074,-4.47,2.035,,,
[1758212558899895188],9.215,-4.326,2.162,,,
[1758212558905067584],9.273,-4.432,2.073,,,
[1758212558910195397],9.234,-4.499,2.191,,,
[1758212558915342220],9.323,-4.458,2.047,,,
[1758212558920459668],9.306,-4.506,2.241,,,
[1758212558925706803],9.39,-4.503,2.049,,,
[1758212558930821386],9.294,-4.427,2.195,,,
[1758212558935956022],9.297,-4.312,2.059,,,
[1758212558941067324],9.194,-4.549,2.229,,,
[1758212558947908209],9.443,-4.492,2.224,,,
[1758212558953369772],9.443,-4.427,1.927,,,
[1758212558958503782],9.462,-4.527,2.219,,,
[1758212558963645813],9.299,-4.736,2.155,,,
[1758212558968763053],9.366,-4.475,2.004,,,
[1758212558975098313],9.199,-4.506,2.16,,,
[1758212558981582376],9.321,-4.501,2.284,,,
[1758212558986811699],9.318,-4.515,2.061,,,
[1758212558991899042],9.33,-4.506,2.188,,,
[1758212558996979355],9.337,-4.554,2.088,,,
[1758212559002087167],9.278,-4.489,1.851,,,
[1758212559007275501],9.347,-4.446,2.203,,,
[1758212559012403730],9.325,-4.465,2.006,,,
[1758212559017504615],9.316,-4.518,2.131,,,
[1758212559022702636],9.354,-4.463,2.205,,,
[1758212559027923313],9.333,-4.343,2.04,,,
[1758212559033024615],9.316,-4.448,2.112,,,
[1758212559038100345],9.275,-4.448,2.164,,,
[1758212559043238938],9.206,-4.499,2.205,,,
[1758212559048355709],9.268,-4.429,2.157,,,
[1758212559054806022],9.282,-4.484,2.212,,,
[1758212559059959407],9.311,-4.357,2.16,,,
[1758212559065051178],9.28,-4.408,2.227,,,
[1758212559070154407],9.268,-4.314,2.061,,,
[1758212559075299459],9.443,-4.377,2.064,,,
[1758212559080387584],9.354,-4.472,2.227,,,
[1758212559086915397],9.328,-4.492,2.258,,,
[1758212559092204928],9.237,-4.329,1.851,,,
[1758212559097321959],9.407,-4.554,2.124,,,
[1758212559102506542],9.165,-4.559,2.205,,,
[1758212559107682480],9.333,-4.436,2.066,,,
[1758212559112805449],9.306,-4.492,2.064,,,
[1758212559117925657],9.421,-4.465,1.937,,,
[1758212559123062428],9.333,-4.403,2.011,,,
[1758212559128161595],9.318,-4.544,2.27,,,
[1758212559133273730],9.328,-4.329,1.992,,,
[1758212559138371126],9.397,-4.353,2.176,,,
[1758212559143449563],9.498,-4.417,2.121,,,
[1758212559148538574],9.309,-4.484,2.093,,,
[1758212559157890084],9.318,-4.547,2.011,,,
[1758212559163274147],9.254,-4.568,2.095,,,
[1758212559168509876],9.275,-4.336,2.219,,,
[1758212559173631959],9.22,-4.422,2.27,,,
[1758212559178733365],9.215,-4.551,2.083,,,
[1758212559183870970],9.287,-4.511,2.057,,,
[1758212559188981438],9.333,-4.532,1.994,,,
[1758212559196256438],9.301,-4.585,2.198,,,
[1758212559201540449],9.256,-4.331,2.102,,,
[1758212559206705188],9.337,-4.489,2.198,,,
[1758212559211804459],9.38,-4.571,2.109,,,
[1758212559216929199],9.349,-4.496,1.87,,,
[1758212559222027324],9.311,-4.439,2.231,,,
[1758212559227098730],9.256,-4.537,2.176,,,
[1758212559232265813],9.311,-4.432,1.956,,,
[1758212559237401074],9.371,-4.53,2.212,,,
[1758212559242515761],9.201,-4.334,2.241,,,
[1758212559247582792],9.234,-4.434,2.069,,,
[1758212559252836803],9.206,-4.322,2.212,,,
[1758212559257960917],9.222,-4.448,2.26,,,
[1758212559263062844],9.361,-4.405,2.04,,,
[1758212559268535917],9.345,-4.35,2.033,,,
[1758212559273742844],9.311,-4.458,2.069,,,
[1758212559278846907],9.4,-4.561,2.308,,,
[1758212559284003417],9.28,-4.515,2.172,,,
[1758212559289127219],9.347,-4.334,2.169,,,
[1758212559294293522],9.294,-4.434,2.1,,,
[1758212559299390084],9.342,-4.444,2.217,,,
[1758212559304938730],9.249,-4.547,2.011,,,
[1758212559310170084],9.469,-4.472,2.061,,,
[1758212559315369042],9.33,-4.515,2.198,,,
[1758212559320470813],9.333,-4.427,2.095,,,
[1758212559325591126],9.325,-4.539,2.109,,,
[1758212559330737167],9.421,-4.53,1.997,,,
[1758212559335831230],9.333,-4.436,2.121,,,
[1758212559340964772],9.361,-4.508,2.157,,,
[1758212559346110397],9.201,-4.456,1.987,,,
[1758212559351222636],9.318,-4.41,1.997,,,
[1758212559356455761],9.249,-4.417,2.169,,,
[1758212559361567219],9.354,-4.484,2.294,,,
[1758212559366688522],9.371,-4.439,2.069,,,
[1758212559371875084],9.301,-4.439,2.03,,,
[1758212559377394824],9.376,-4.353,2.073,,,
[1758212559382559042],9.29,-4.439,2.064,,,
[1758212559387631386],9.366,-4.334,1.867,,,
[1758212559392796959],9.306,-4.515,2.136,,,
[1758212559397919251],9.39,-4.298,2.186,,,
[1758212559403096855],9.404,-4.501,2.172,,,
[1758212559408235553],9.282,-4.468,2.035,,,
[1758212559413703157],9.395,-4.46,2.093,,,
[1758212559418995605],9.304,-4.496,2.14,,,
[1758212559424118105],9.421,-4.571,2.052,,,
[1758212559429247896],9.431,-4.391,2.114,,,
[1758212559434385240],9.297,-4.487,2.188,,,
[1758212559439478782],9.194,-4.424,2.162,,,
[1758212559444587636],9.33,-4.472,2.16,,,
[1758212559449665813],9.165,-4.472,1.992,,,
[1758212559454891386],9.294,-4.487,2.291,,,
[1758212559460082011],9.096,-4.525,2.097,,,
[1758212559465258365],9.258,-4.547,2.155,,,
[1758212559470364719],9.347,-4.551,1.982,,,
[1758212559475543521],9.349,-4.487,2.198,,,
[1758212559480655969],9.278,-4.501,2.145,,,
[1758212559487156126],9.455,-4.535,2.073,,,
[1758212559492441178],9.275,-4.365,2.253,,,
[1758212559497533209],9.292,-4.465,2.085,,,
[1758212559502746334],9.357,-4.453,2.071,,,
[1758212559507879719],9.335,-4.448,2.009,,,
[1758212559512975657],9.428,-4.47,2.15,,,
[1758212559518064199],9.282,-4.293,2.272,,,
[1758212559523339771],9.318,-4.48,2.152,,,
[1758212559528541907],9.491,-4.307,2.286,,,
[1758212559533790605],9.29,-4.487,1.987,,,
[1758212559538866386],9.359,-4.456,2.286,,,
[1758212559544002532],9.474,-4.46,2.052,,,
[1758212559549171282],9.27,-4.427,2.14,,,
[1758212559554348105],9.471,-4.448,2.035,,,
[1758212559559461594],9.345,-4.468,2.32,,,
[1758212559564635553],9.404,-4.532,2.102,,,
[1758212559569787636],9.364,-4.568,2.124,,,
[1758212559574904042],9.44,-4.417,2.021,,,
[1758212559580008626],9.469,-4.489,2.184,,,
[1758212559585145813],9.294,-4.427,1.992,,,
[1758212559590314146],9.373,-4.317,2.071,,,
[1758212559596918313],9.313,-4.513,2.095,,,
[1758212559602207011],9.321,-4.403,2.195,,,
[1758212559607384876],9.29,-4.415,2.095,,,
[1758212559612540396],9.369,-4.539,2.246,,,
[1758212559617658365],9.17,-4.602,2.255,,,
[1758212559622786490],9.455,-4.451,2.04,,,
[1758212559627906178],9.22,-4.484,2.107,,,
[1758212559633347063],9.361,-4.319,2.018,,,
[1758212559638498469],9.383,-4.338,2.037,,,
[1758212559643684823],9.227,-4.482,2.03,,,
[1758212559648786855],9.208,-4.372,2.09,,,
[1758212559654026334],9.39,-4.417,2.009,,,
[1758212559659166907],9.285,-4.355,1.915,,,
[1758212559664399876],9.364,-4.331,1.887,,,
[1758212559669501021],9.321,-4.341,2.081,,,
[1758212559674631698],9.28,-4.59,2.069,,,
[1758212559679777271],9.385,-4.422,2.133,,,
[1758212559684955969],9.208,-4.413,2.112,,,
[1758212559690086646],9.273,-4.35,2.119,,,
[1758212559695312948],9.352,-4.482,2.164,,,
[1758212559700455188],9.402,-4.472,2.059,,,
[1758212559705985709],9.373,-4.448,2.21,,,
[1758212559711113938],9.39,-4.499,1.949,,,
[1758212559716257584],9.325,-4.494,2.217,,,
[1758212559721405240],9.301,-4.424,2.27,,,
[1758212559726525553],9.263,-4.525,2.169,,,
[1758212559731689042],9.345,-4.542,2.071,,,
[1758212559736789094],9.311,-4.456,2.057,,,
[1758212559741903261],9.357,-4.578,2.133,,,
[1758212559747426855],9.34,-4.374,1.994,,,
[1758212559752738365],9.448,-4.597,2.263,,,
[1758212559757905448],9.359,-4.575,2.102,,,
[1758212559763096021],9.091,-4.326,2.143,,,
[1758212559768245344],9.201,-4.446,2.162,,,
[1758212559773355709],9.182,-4.429,2.1,,,
[1758212559778438313],9.316,-4.463,2.093,,,
[1758212559783585501],9.33,-4.537,2.277,,,
[1758212559788739823],9.282,-4.494,2.143,,,
[1758212559793910448],9.345,-4.353,2.035,,,
[1758212559799045292],9.294,-4.36,2.107,,,
[1758212559804256959],9.275,-4.444,2.064,,,
[1758212559809395813],9.301,-4.396,2.179,,,
[1758212559814945605],9.486,-4.587,2.164,,,
[1758212559820067844],9.299,-4.573,2.042,,,
[1758212559826968834],9.369,-4.446,2.023,,,
[1758212559832394563],9.378,-4.48,2.03,,,
[1758212559837575605],9.208,-4.448,2.081,,,
[1758212559842728001],9.309,-4.345,2.016,,,
[1758212559847856126],9.28,-4.3,2.045,,,
[1758212559854245969],9.481,-4.477,2.064,,,
[1758212559860683417],9.333,-4.487,2.251,,,
[1758212559865871907],9.222,-4.317,2.212,,,
[1758212559870969355],9.395,-4.41,2.004,,,
[1758212559876107844],9.457,-4.487,2.112,,,
[1758212559881178313],9.459,-4.587,2.174,,,
[1758212559886259094],9.318,-4.326,2.037,,,
[1758212559891361073],9.361,-4.477,2.296,,,
[1758212559896515344],9.436,-4.405,2.006,,,
[1758212559901653417],9.428,-4.432,1.839,,,
[1758212559906887428],9.404,-4.444,2.073,,,
[1758212559911990761],9.23,-4.298,2.27,,,
[1758212559917117844],9.491,-4.515,2.296,,,
[1758212559923745188],9.335,-4.468,2.066,,,
[1758212559928946282],9.373,-4.585,1.997,,,
[1758212559934047375],9.311,-4.314,1.906,,,
[1758212559939144146],9.39,-4.369,2.184,,,
[1758212559944287792],9.294,-4.515,2.097,,,
[1758212559949390448],9.412,-4.403,2.33,,,
[1758212559954536542],9.428,-4.46,2.179,,,
[1758212559959639980],9.244,-4.475,2.083,,,
[1758212559964802011],9.316,-4.417,2.054,,,
[1758212559971338573],9.323,-4.484,2.042,,,
[1758212559976591125],9.409,-4.42,2.131,,,
[1758212559981670032],9.215,-4.451,2.198,,,
[1758212559986739146],9.287,-4.391,2.107,,,
[1758212559991825344],9.21,-4.609,2.203,,,
[1758212559996957271],9.196,-4.403,1.841,,,
[1758212560002056803],9.34,-4.446,2.155,,,
[1758212560007218313],9.27,-4.439,2.143,,,
[1758212560012473105],9.586,-4.329,2.047,,,
[1758212560017943469],9.294,-4.482,1.994,,,
[1758212560023205917],9.39,-4.489,2.291,,,
[1758212560029625969],9.373,-4.501,2.059,,,
[1758212560034865084],9.297,-4.429,2.028,,,
[1758212560039968625],9.354,-4.439,2.085,,,
[1758212560045090553],9.285,-4.539,2.267,,,
[1758212560050196282],9.323,-4.537,2.236,,,
[1758212560055386646],9.369,-4.489,2.229,,,
[1758212560060529771],9.412,-4.415,2.131,,,
[1758212560065667375],9.359,-4.355,2.176,,,
[1758212560070787115],9.452,-4.547,2.021,,,
[1758212560076387636],9.424,-4.384,2.054,,,
[1758212560081566125],9.385,-4.501,2.169,,,
[1758212560086690448],9.251,-4.527,2.157,,,
[1758212560091790917],9.474,-4.389,1.961,,,
[1758212560096917011],9.256,-4.451,2.138,,,
[1758212560102060084],9.227,-4.47,2.1,,,
[1758212560107243730],9.213,-4.506,2.018,,,
[1758212560112474459],9.328,-4.305,2.26,,,
[1758212560117726802],9.285,-4.453,2.155,,,
[1758212560122934146],9.44,-4.434,1.99,,,
[1758212560128037011],9.268,-4.456,2.258,,,
[1758212560133166959],9.431,-4.427,2.155,,,
[1758212560138645969],9.294,-4.424,2.002,,,
[1758212560143777375],9.306,-4.377,2.002,,,
[1758212560148970032],9.22,-4.436,2.066,,,
[1758212560154165136],9.457,-4.405,2.313,,,
[1758212560159306542],9.395,-4.357,2.15,,,
[1758212560164397792],9.333,-4.688,2.085,,,
[1758212560169487115],9.414,-4.559,2.016,,,
[1758212560174679719],9.328,-4.456,2.073,,,
[1758212560179943677],9.213,-4.58,2.303,,,
[1758212560185558730],9.38,-4.453,2.227,,,
[1758212560190722584],9.495,-4.369,2.251,,,
[1758212560197284771],9.469,-4.405,2.133,,,
[1758212560203616334],9.335,-4.539,2.049,,,
[1758212560208863677],9.268,-4.36,2.128,,,
[1758212560214000344],9.309,-4.518,2.157,,,
[1758212560219113730],9.333,-4.518,1.932,,,
[1758212560224246959],9.455,-4.446,2.176,,,
[1758212560229345500],9.206,-4.482,2.15,,,
[1758212560234462480],9.471,-4.468,2.081,,,
[1758212560239579250],9.285,-4.343,2.239,,,
[1758212560245027480],9.479,-4.484,2.133,,,
[1758212560250264823],9.213,-4.496,2.131,,,
[1758212560255501021],9.227,-4.441,2.011,,,
[1758212560260627688],9.404,-4.477,2.011,,,
[1758212560265760032],9.337,-4.446,2.047,,,
[1758212560270877115],9.301,-4.293,2.03,,,
[1758212560276075761],9.414,-4.563,2.116,,,
[1758212560281182011],9.4,-4.594,2.181,,,
[1758212560286373834],9.194,-4.489,2.236,,,
[1758212560291929042],9.419,-4.518,1.944,,,
[1758212560297079719],9.285,-4.511,2.286,,,
[1758212560302314719],9.488,-4.458,2.049,,,
[1758212560307507844],9.335,-4.405,1.961,,,
[1758212560313852479],9.38,-4.59,2.009,,,
[1758212560319117636],9.249,-4.46,2.009,,,
[1758212560324251646],9.409,-4.482,2.298,,,
[1758212560329349198],9.448,-4.367,2.133,,,
[1758212560334496177],9.419,-4.494,2.272,,,
[1758212560339586021],9.285,-4.398,2.011,,,
[1758212560344686229],9.366,-4.441,2.061,,,
[1758212560349793573],9.385,-4.429,2.064,,,
[1758212560355346021],9.361,-4.341,2.093,,,
[1758212560360550084],9.438,-4.456,2.093,,,
[1758212560365647427],9.206,-4.487,2.195,,,
[1758212560370736282],9.213,-4.444,2.186,,,
[1758212560375945344],9.402,-4.334,2.059,,,
[1758212560381055865],9.318,-4.47,1.937,,,
[1758212560386137948],9.275,-4.463,2.243,,,
[1758212560391256750],9.256,-4.515,2.15,,,
[1758212560396472740],9.39,-4.583,2.21,,,
[1758212560402051177],9.424,-4.302,2.162,,,
[1758212560407232271],9.433,-4.554,2.26,,,
[1758212560412467375],9.467,-4.417,2.028,,,
[1758212560417671802],9.378,-4.482,2.069,,,
[1758212560422844823],9.457,-4.377,2.018,,,
[1758212560427954511],9.433,-4.415,2.167,,,
[1758212560433116386],9.273,-4.513,2.179,,,
[1758212560438240709],9.397,-4.554,2.016,,,
[1758212560443501125],9.395,-4.336,2.078,,,
[1758212560448620344],9.414,-4.575,2.128,,,
[1758212560453769563],9.261,-4.47,2.188,,,
[1758212560458905344],9.316,-4.482,2.27,,,
[1758212560464469302],9.254,-4.338,2.267,,,
[1758212560469579719],9.301,-4.331,2.167,,,
[1758212560474687844],9.337,-4.463,2.157,,,
[1758212560479797323],9.273,-4.458,1.946,,,
[1758212560484895292],9.199,-4.554,1.918,,,
[1758212560489965813],9.404,-4.396,2.203,,,
[1758212560495131073],9.222,-4.547,1.997,,,
[1758212560500256438],9.311,-4.583,1.999,,,
[1758212560505588729],9.328,-4.35,2.059,,,
[1758212560511195917],9.34,-4.448,2.234,,,
[1758212560516382636],9.39,-4.319,2.236,,,
[1758212560521497792],9.392,-4.58,2.018,,,
[1758212560526627792],9.28,-4.539,2.083,,,
[1758212560531723521],9.254,-4.36,2.124,,,
[1758212560536838781],9.294,-4.482,1.975,,,
[1758212560541942792],9.345,-4.427,2.169,,,
[1758212560547130396],9.488,-4.365,2.018,,,
[1758212560552485604],9.282,-4.523,2.291,,,
[1758212560558003990],9.313,-4.448,2.042,,,
[1758212560563158000],9.23,-4.451,2.155,,,
[1758212560568271750],9.38,-4.539,2.195,,,
[1758212560573672792],9.45,-4.503,2.018,,,
[1758212560578780865],9.292,-4.434,2.277,,,
[1758212560583899511],9.469,-4.583,2.085,,,
[1758212560588991698],9.232,-4.317,2.207,,,
[1758212560594127636],9.404,-4.444,2.136,,,
[1758212560599355761],9.371,-4.413,2.054,,,
[1758212560604623573],9.297,-4.338,2.006,,,
[1758212560609747948],9.292,-4.525,2.179,,,
[1758212560614877531],9.349,-4.446,2.14,,,
[1758212560620354979],9.282,-4.456,1.946,,,
[1758212560625486021],9.404,-4.386,2.224,,,
[1758212560630581906],9.34,-4.384,2.033,,,
[1758212560635726698],9.258,-4.413,2.14,,,
[1758212560640959563],9.479,-4.389,2.126,,,
[1758212560646209406],9.29,-4.36,2.203,,,
[1758212560651352792],9.639,-4.434,1.99,,,
[1758212560656556959],9.354,-4.42,2.207,,,
[1758212560663903365],9.342,-4.594,2.076,,,
[1758212560670326386],9.352,-4.482,2.145,,,
[1758212560676833469],9.306,-4.487,2.188,,,
[1758212560682077844],9.345,-4.357,2.071,,,
[1758212560687185865],9.299,-4.494,2.093,,,
[1758212560692332167],9.491,-4.362,2.234,,,
[1758212560697443729],9.201,-4.561,2.04,,,
[1758212560702603052],9.246,-4.48,2.162,,,
[1758212560707687427],9.38,-4.513,2.1,,,
[1758212560712856698],9.306,-4.542,2.157,,,
[1758212560717972375],9.392,-4.532,2.023,,,
[1758212560723182375],9.244,-4.489,2.081,,,
[1758212560728628521],9.33,-4.46,2.061,,,
[1758212560733754719],9.33,-4.573,2.114,,,
[1758212560738852219],9.349,-4.329,2.002,,,
[1758212560743969302],9.318,-4.422,2.222,,,
[1758212560749118625],9.251,-4.594,2.294,,,
[1758212560754310344],9.246,-4.458,2.294,,,
[1758212560759499250],9.28,-4.508,1.975,,,
[1758212560764672583],9.361,-4.362,2.356,,,
[1758212560769815500],9.335,-4.489,2.049,,,
[1758212560775053156],9.404,-4.302,2.248,,,
[1758212560780157167],9.29,-4.372,2.085,,,
[1758212560785665448],9.407,-4.456,2.267,,,
[1758212560790781125],9.34,-4.472,2.16,,,
[1758212560795922792],9.364,-4.494,2.279,,,
[1758212560801058833],9.325,-4.322,2.236,,,
[1758212560806311333],9.301,-4.494,2.157,,,
[1758212560811432531],9.287,-4.52,2.136,,,
[1758212560816530708],9.292,-4.441,2.258,,,
[1758212560821666333],9.385,-4.391,2.073,,,
[1758212560826880396],9.428,-4.417,2.1,,,
[1758212560832028521],9.402,-4.377,2.03,,,
[1758212560837536386],9.306,-4.336,2.14,,,
[1758212560842799719],9.266,-4.393,1.879,,,
[1758212560847920396],9.213,-4.46,2.042,,,
[1758212560853112271],9.27,-4.298,2.09,,,
[1758212560858231958],9.246,-4.424,2.03,,,
[1758212560863390761],9.287,-4.458,1.968,,,
[1758212560868564719],9.407,-4.484,2.174,,,
[1758212560873716646],9.392,-4.451,2.047,,,
[1758212560878923156],9.397,-4.415,2.227,,,
[1758212560884085292],9.4,-4.365,2.107,,,
[1758212560889202896],9.165,-4.417,2.061,,,
[1758212560895768208],9.395,-4.484,2.354,,,
[1758212560901008000],9.251,-4.573,2.248,,,
[1758212560906199250],9.443,-4.515,2.095,,,
[1758212560911294302],9.313,-4.594,2.004,,,
[1758212560916424771],9.414,-4.326,2.148,,,
[1758212560921552896],9.479,-4.463,2.2,,,
[1758212560926688365],9.27,-4.456,2.224,,,
[1758212560931786386],9.196,-4.427,2.109,,,
[1758212560936942740],9.488,-4.458,2.172,,,
[1758212560942203000],9.452,-4.439,1.925,,,
[1758212560947783313],9.261,-4.439,2.152,,,
[1758212560953000552],9.376,-4.391,2.342,,,
[1758212560958138677],9.409,-4.465,2.124,,,
[1758212560963279094],9.354,-4.563,2.119,,,
[1758212560968432219],9.282,-4.355,2.251,,,
[1758212560973618000],9.33,-4.503,2.198,,,
[1758212560978723573],9.349,-4.532,2.121,,,
[1758212560983861906],9.428,-4.391,2.136,,,
[1758212560989155656],9.376,-4.487,2.049,,,
[1758212560994305552],9.273,-4.398,2.018,,,
[1758212560999448781],9.323,-4.312,1.848,,,
[1758212561004983677],9.313,-4.422,2.033,,,
[1758212561010098625],9.428,-4.451,2.121,,,
[1758212561015217115],9.337,-4.451,2.138,,,
[1758212561020318938],9.38,-4.503,2.054,,,
[1758212561025508938],9.337,-4.568,2.205,,,
[1758212561030792844],9.39,-4.465,2.131,,,
[1758212561036018990],9.311,-4.458,2.191,,,
[1758212561041133729],9.366,-4.465,2.073,,,
[1758212561046294875],9.325,-4.41,2.016,,,
[1758212561051407063],9.287,-4.427,2.035,,,
[1758212561057951229],9.297,-4.583,2.116,,,
[1758212561063170188],9.347,-4.42,2.081,,,
[1758212561068252063],9.189,-4.463,2.133,,,
[1758212561073395500],9.426,-4.482,2.138,,,
[1758212561078512063],9.493,-4.559,1.999,,,
[1758212561083596229],9.337,-4.587,2.27,,,
[1758212561088672688],9.543,-4.587,1.994,,,
[1758212561093784719],9.333,-4.58,2.172,,,
[1758212561098900969],9.328,-4.415,2.021,,,
[1758212561104249250],9.357,-4.446,2.219,,,
[1758212561109366854],9.388,-4.496,2.243,,,
[1758212561114833885],9.385,-4.482,2.231,,,
[1758212561119937115],9.318,-4.544,2.239,,,
[1758212561125046542],9.318,-4.468,2.224,,,
[1758212561130185917],9.464,-4.518,2.133,,,
[1758212561135326698],9.479,-4.444,2.298,,,
[1758212561140408781],9.455,-4.458,2.174,,,
[1758212561145502271],9.318,-4.444,2.184,,,
[1758212561150609198],9.27,-4.396,2.229,,,
[1758212561155864667],9.404,-4.542,2.16,,,
[1758212561161113156],9.258,-4.353,2.09,,,
[1758212561167709094],9.323,-4.532,2.174,,,
[1758212561174092323],9.299,-4.396,2.136,,,
[1758212561179333937],9.347,-4.434,1.987,,,
[1758212561184455187],9.196,-4.453,2.09,,,
[1758212561189556750],9.359,-4.563,2.006,,,
[1758212561194670969],9.421,-4.424,2.176,,,
[1758212561199757531],9.443,-4.525,2.102,,,
[1758212561204911437],9.311,-4.573,2.023,,,
[1758212561210008833],9.237,-4.415,1.946,,,
[1758212561215204146],9.28,-4.448,2.167,,,
[1758212561220734823],9.313,-4.477,2.121,,,
[1758212561225884927],9.359,-4.472,2.028,,,
[1758212561231018677],9.27,-4.307,2.286,,,
[1758212561236143729],9.357,-4.537,2.081,,,
[1758212561241208469],9.464,-4.379,2.102,,,
[1758212561246280865],9.345,-4.3,2.255,,,
[1758212561251432635],9.421,-4.587,1.908,,,
[1758212561256697635],9.357,-4.503,2.148,,,
[1758212561261861646],9.333,-4.424,2.157,,,
[1758212561267140708],9.493,-4.369,2.061,,,
[1758212561272698104],9.361,-4.456,2.057,,,
[1758212561277861385],9.292,-4.391,2.243,,,
[1758212561283037375],9.421,-4.513,2.296,,,
[1758212561288146698],9.404,-4.338,2.133,,,
[1758212561293285917],9.254,-4.489,2.248,,,
[1758212561298391854],9.301,-4.446,2.164,,,
[1758212561303626021],9.196,-4.458,2.045,,,
[1758212561308779927],9.275,-4.511,1.848,,,
[1758212561313949615],9.311,-4.441,1.999,,,
[1758212561319170760],9.325,-4.53,2.152,,,
[1758212561324311125],9.445,-4.369,2.133,,,
[1758212561329807531],9.275,-4.422,2.033,,,
[1758212561334971698],9.364,-4.53,1.846,,,
[1758212561340072427],9.369,-4.465,2.193,,,
[1758212561345193990],9.254,-4.365,2.076,,,
[1758212561350323990],9.208,-4.492,2.107,,,
[1758212561355546281],9.421,-4.48,2.107,,,
[1758212561360691021],9.285,-4.503,2.152,,,
[1758212561365807531],9.213,-4.427,2.1,,,
[1758212561371038417],9.419,-4.408,2.14,,,
[1758212561376297167],9.33,-4.556,1.997,,,
[1758212561382911229],9.194,-4.487,1.997,,,
[1758212561388147844],9.333,-4.477,2.121,,,
[1758212561393228000],9.325,-4.305,1.968,,,
[1758212561398303364],9.301,-4.451,2.116,,,
[1758212561403498156],9.337,-4.448,2.191,,,
[1758212561408592948],9.352,-4.499,2.088,,,
[1758212561413672635],9.376,-4.745,2.21,,,
[1758212561418748989],9.462,-4.41,2.282,,,
[1758212561423907271],9.483,-4.436,2.229,,,
[1758212561429131958],9.395,-4.563,1.865,,,
[1758212561465257167],9.316,-4.571,2.109,,,
[1758212561469872531],9.388,-4.489,2.124,,,
[1758212561474369562],9.402,-4.429,2.045,,,
[1758212561478853417],9.335,-4.492,2.128,,,
[1758212561483431750],9.268,-4.329,2.081,,,
[1758212561487962323],9.321,-4.448,2.095,,,
[1758212561492499042],9.467,-4.47,1.99,,,
[1758212561496973781],9.364,-4.592,1.992,,,
[1758212561501471646],9.33,-4.429,2.138,,,
[1758212561506100239],9.402,-4.463,2.076,,,
[1758212561510691594],9.392,-4.46,2.035,,,
[1758212561515265239],9.213,-4.322,2.181,,,
[1758212561519825031],9.409,-4.401,2.047,,,
[1758212561524402948],9.347,-4.566,2.085,,,
[1758212561528919302],9.402,-4.444,2.016,,,
[1758212561533449250],9.321,-4.578,1.975,,,
[1758212561537971073],9.436,-4.503,2.21,,,
[1758212561542520187],9.234,-4.362,2.021,,,
[1758212561547052948],9.23,-4.42,2.124,,,
[1758212561551575187],9.409,-4.413,1.961,,,
[1758212561556156594],9.45,-4.384,2.1,,,
[1758212561560772271],9.34,-4.484,2.081,,,
[1758212561565950239],9.251,-4.441,2.181,,,
[1758212561571665292],9.407,-4.465,2.26,,,
[1758212561576774146],9.395,-4.492,2.105,,,
[1758212561581911385],9.325,-4.544,2.212,,,
[1758212561587106958],9.325,-4.334,2.004,,,
[1758212561592350708],9.208,-4.389,2.234,,,
[1758212561597503260],9.354,-4.427,2.088,,,
[1758212561602755239],9.33,-4.597,2.014,,,
[1758212561607901750],9.359,-4.594,2.035,,,
[1758212561613071698],9.392,-4.429,2.076,,,
[1758212561618295448],9.194,-4.451,2.014,,,
[1758212561623392375],9.251,-4.568,2.195,,,
[1758212561628552948],9.294,-4.415,2.107,,,
[1758212561633706854],9.414,-4.448,1.875,,,
[1758212561638811229],9.342,-4.542,2.042,,,
[1758212561643895187],9.364,-4.573,2.076,,,
[1758212561649021906],9.479,-4.477,2.069,,,
[1758212561654219198],9.479,-4.58,2.097,,,
[1758212561659325083],9.304,-4.456,1.997,,,
[1758212561664497271],9.433,-4.377,2.054,,,
[1758212561669641437],9.44,-4.583,2.112,,,
[1758212561676075187],9.325,-4.549,2.114,,,
[1758212561681398521],9.395,-4.48,2.215,,,
[1758212561687788833],9.28,-4.549,2.054,,,
[1758212561694177062],9.306,-4.484,2.033,,,
[1758212561699409458],9.426,-4.451,2.035,,,
[1758212561704646750],9.452,-4.446,2.294,,,
[1758212561709750344],9.38,-4.465,2.184,,,
[1758212561714889198],9.287,-4.52,2.236,,,
[1758212561719991437],9.397,-4.53,1.939,,,
[1758212561725100916],9.28,-4.424,2.195,,,
[1758212561730201541],9.354,-4.587,1.992,,,
[1758212561735362166],9.409,-4.3,2.037,,,
[1758212561740543156],9.28,-4.434,2.167,,,
[1758212561745677687],9.402,-4.403,2.291,,,
[1758212561750782114],9.38,-4.477,2.095,,,
[1758212561755983625],9.239,-4.575,2.045,,,
[1758212561761122427],9.361,-4.525,2.016,,,
[1758212561766238677],9.318,-4.424,2.112,,,
[1758212561771354614],9.409,-4.302,2.174,,,
[1758212561776524510],9.1,-4.336,2.224,,,
[1758212561781635708],9.299,-4.439,2.064,,,
[1758212561788310448],9.469,-4.556,2.265,,,
[1758212561793514302],9.459,-4.585,2.164,,,
[1758212561798601698],9.275,-4.453,2.093,,,
[1758212561803786333],9.306,-4.434,2.133,,,
[1758212561808879719],9.325,-4.468,1.911,,,
[1758212561813961802],9.321,-4.463,2.047,,,
[1758212561819062791],9.292,-4.525,2.246,,,
[1758212561824247114],9.361,-4.571,2.181,,,
[1758212561829385812],9.225,-4.592,2.2,,,
[1758212561834575812],9.196,-4.537,1.958,,,
[1758212561839706489],9.369,-4.523,2.172,,,
[1758212561844879875],9.378,-4.408,2.088,,,
[1758212561850002948],9.357,-4.403,2.236,,,
[1758212561855202427],9.452,-4.3,2.025,,,
[1758212561860355500],9.51,-4.42,2.011,,,
[1758212561865611750],9.392,-4.501,2.215,,,
[1758212561870731281],9.05,-4.41,1.978,,,
[1758212561875917062],9.4,-4.506,2.138,,,
[1758212561881029406],9.402,-4.393,2.009,,,
[1758212561886199458],9.23,-4.532,2.047,,,
[1758212561891732687],9.421,-4.398,2.011,,,
[1758212561896966281],9.194,-4.405,2.217,,,
[1758212561902083781],9.409,-4.532,2.025,,,
[1758212561907304979],9.275,-4.475,2.021,,,
[1758212561912521229],9.488,-4.305,2.289,,,
[1758212561917643260],9.412,-4.403,2.26,,,
[1758212561922801958],9.316,-4.293,2.205,,,
[1758212561927965604],9.371,-4.482,2.107,,,
[1758212561933217479],9.263,-4.456,2.294,,,
[1758212561938519875],9.38,-4.432,2.04,,,
[1758212561943693625],9.268,-4.3,1.884,,,
[1758212561948840083],9.4,-4.424,2.136,,,
[1758212561954028000],9.242,-4.482,1.911,,,
[1758212561959134614],9.218,-4.501,2.207,,,
[1758212561964298312],9.285,-4.468,2.076,,,
[1758212561969421333],9.493,-4.448,2.143,,,
[1758212561974548521],9.459,-4.568,1.939,,,
[1758212561979668989],9.086,-4.513,2.014,,,
[1758212561984841802],9.287,-4.42,1.97,,,
[1758212561989958000],9.385,-4.417,1.903,,,
[1758212561995434406],9.455,-4.405,1.968,,,
[1758212562000664198],9.388,-4.312,2.033,,,
[1758212562005872323],9.498,-4.31,2.133,,,
[1758212562011024718],9.407,-4.298,2.222,,,
[1758212562016201489],9.416,-4.465,2.181,,,
[1758212562021305812],9.452,-4.508,2.083,,,
[1758212562026439927],9.419,-4.417,2.164,,,
[1758212562031541073],9.254,-4.441,2.138,,,
[1758212562036680968],9.29,-4.492,2.198,,,
[1758212562041871020],9.57,-4.506,2.227,,,
[1758212562047025448],9.318,-4.434,2.172,,,
[1758212562052212635],9.22,-4.465,2.014,,,
[1758212562057436020],9.383,-4.427,2.035,,,
[1758212562062653052],9.378,-4.571,2.018,,,
[1758212562067984041],9.333,-4.484,2.133,,,
[1758212562073329458],9.412,-4.405,2.255,,,
[1758212562079705760],9.352,-4.458,2.04,,,
[1758212562084874718],9.194,-4.597,2.088,,,
[1758212562089963677],9.304,-4.575,2.234,,,
[1758212562095064562],9.459,-4.293,2.064,,,
[1758212562100586906],9.199,-4.384,2.112,,,
[1758212562106272010],9.325,-4.446,2.088,,,
[1758212562113018573],9.28,-4.487,2.145,,,
[1758212562118272843],9.586,-4.18,2.002,,,
[1758212562123364979],9.395,-4.444,2.116,,,
[1758212562128447166],9.304,-4.487,2.258,,,
[1758212562133583885],9.249,-4.503,2.116,,,
[1758212562138694823],9.431,-4.506,2.073,,,
[1758212562143773468],9.297,-4.317,2.107,,,
[1758212562148862895],9.342,-4.465,2.119,,,
[1758212562154132062],9.301,-4.583,1.92,,,
[1758212562159322270],9.39,-4.597,2.157,,,
[1758212562164497479],9.352,-4.475,2.243,,,
[1758212562169631489],9.33,-4.41,2.071,,,
[1758212562174767948],9.256,-4.408,2.193,,,
[1758212562179886802],9.254,-4.446,2.1,,,
[1758212562184967375],9.354,-4.523,2.09,,,
[1758212562190063520],9.282,-4.571,2.181,,,
[1758212562195194145],9.385,-4.36,2.119,,,
[1758212562200455656],9.11,-4.319,2.284,,,
[1758212562205625083],9.39,-4.448,2.112,,,
[1758212562211409458],9.349,-4.417,2.126,,,
[1758212562217958573],9.323,-4.492,2.14,,,
[1758212562223165864],9.268,-4.391,2.081,,,
[1758212562228236958],9.383,-4.345,2.2,,,
[1758212562233351437],9.373,-4.472,2.318,,,
[1758212562238445864],9.29,-4.357,2.248,,,
[1758212562243548104],9.299,-4.446,2.033,,,
[1758212562248683000],9.232,-4.487,2.315,,,
[1758212562253890864],9.244,-4.492,2.267,,,
[1758212562259024406],9.321,-4.511,2.047,,,
[1758212562264217687],9.483,-4.549,2.042,,,
[1758212562271597635],9.313,-4.58,2.152,,,
[1758212562277235395],9.364,-4.482,2.09,,,
[1758212562282431593],9.486,-4.597,2.03,,,
[1758212562287528416],9.359,-4.594,2.033,,,
[1758212562292680291],9.213,-4.381,2.095,,,
[1758212562297746906],9.182,-4.417,2.047,,,
[1758212562303106906],9.369,-4.571,2.227,,,
[1758212562308225395],9.464,-4.31,2.03,,,
[1758212562313425395],9.357,-4.472,2.251,,,
[1758212562319525500],9.316,-4.434,2.121,,,
[1758212562324622687],9.28,-4.365,2.148,,,
[1758212562329746854],9.345,-4.551,2.222,,,
[1758212562334872375],9.297,-4.391,2.069,,,
[1758212562339957114],9.464,-4.403,2.069,,,
[1758212562345094979],9.297,-4.439,1.872,,,
[1758212562350206281],9.361,-4.506,2.006,,,
[1758212562355467583],9.323,-4.513,1.992,,,
[1758212562360636333],9.246,-4.336,2.1,,,
[1758212562365856437],9.242,-4.429,2.296,,,
[1758212562370978104],9.474,-4.482,2.076,,,
[1758212562376150135],9.29,-4.501,2.049,,,
[1758212562381260187],9.33,-4.432,2.066,,,
[1758212562386340447],9.474,-4.554,1.942,,,
[1758212562391438885],9.311,-4.396,2.188,,,
[1758212562396547947],9.412,-4.482,2.126,,,
[1758212562401715447],9.239,-4.298,2.023,,,
[1758212562406890083],9.448,-4.343,2.219,,,
[1758212562412018572],9.404,-4.506,2.095,,,
[1758212562417148364],9.242,-4.448,1.997,,,
[1758212562423785552],9.333,-4.453,2.078,,,
[1758212562429152791],9.22,-4.436,2.112,,,
[1758212562435610864],9.349,-4.578,1.973,,,
[1758212562442093833],9.33,-4.484,2.14,,,
[1758212562447309770],9.416,-4.475,2.224,,,
[1758212562452645343],9.352,-4.47,2.028,,,
[1758212562457865968],9.318,-4.499,2.181,,,
[1758212562463068937],9.385,-4.463,2.246,,,
[1758212562468210760],9.203,-4.42,2.298,,,
[1758212562473340135],9.33,-4.441,2.234,,,
[1758212562478442791],9.409,-4.535,2.052,,,
[1758212562483592479],9.337,-4.47,2.184,,,
[1758212562488754614],9.278,-4.336,2.133,,,
[1758212562493896177],9.246,-4.525,1.841,,,
[1758212562498982114],9.287,-4.326,2.045,,,
[1758212562504175656],9.335,-4.448,2.179,,,
[1758212562509274666],9.239,-4.477,2.2,,,
[1758212562514406020],9.249,-4.369,2.217,,,
[1758212562519516593],9.426,-4.525,2.09,,,
[1758212562524647374],9.34,-4.578,2.09,,,
[1758212562529750447],9.242,-4.381,2.093,,,
[1758212562536493156],9.455,-4.503,2.093,,,
[1758212562541710864],9.431,-4.46,2.119,,,
[1758212562547130395],9.402,-4.575,1.975,,,
[1758212562552451906],9.282,-4.506,2.193,,,
[1758212562558709302],9.354,-4.439,2.116,,,
[1758212562563951802],9.359,-4.532,1.839,,,
[1758212562569114145],9.21,-4.424,1.891,,,
[1758212562574255604],9.258,-4.341,2.126,,,
[1758212562579363416],9.306,-4.319,2.167,,,
[1758212562584480864],9.419,-4.508,2.136,,,
[1758212562589575812],9.4,-4.508,2.047,,,
[1758212562594678729],9.273,-4.46,2.277,,,
[1758212562599871333],9.467,-4.484,2.246,,,
[1758212562605151020],9.371,-4.398,2.052,,,
[1758212562613181385],9.318,-4.465,2.251,,,
[1758212562618497531],9.407,-4.391,2.078,,,
[1758212562626575031],9.486,-4.494,2.306,,,
[1758212562632095499],9.352,-4.3,2.143,,,
[1758212562637285343],9.263,-4.448,1.846,,,
[1758212562642851854],9.208,-4.448,2.028,,,
[1758212562647993989],9.275,-4.35,2.03,,,
[1758212562653750395],9.416,-4.444,2.128,,,
[1758212562658877791],9.354,-4.369,2.04,,,
[1758212562664075708],9.392,-4.515,2.059,,,
[1758212562669285395],9.34,-4.499,2.025,,,
[1758212562674555187],9.29,-4.441,2.186,,,
[1758212562679656489],9.433,-4.518,2.04,,,
[1758212562684771177],9.524,-4.441,2.325,,,
[1758212562689845031],9.359,-4.492,1.992,,,
[1758212562694952166],9.337,-4.458,2.119,,,
[1758212562700064718],9.203,-4.372,2.095,,,
[1758212562705350604],9.495,-4.319,2.042,,,
[1758212562710470656],9.316,-4.492,1.875,,,
[1758212562715681749],9.373,-4.566,2.227,,,
[1758212562720782687],9.361,-4.439,2.028,,,
[1758212562725921281],9.431,-4.477,2.006,,,
[1758212562731016229],9.268,-4.475,1.992,,,
[1758212562736119926],9.527,-4.496,2.078,,,
[1758212562741182687],9.325,-4.518,2.227,,,
[1758212562746286385],9.359,-4.377,2.21,,,
[1758212562751388781],9.421,-4.453,2.239,,,
[1758212562757034406],9.285,-4.513,2.198,,,
[1758212562763639093],9.292,-4.594,2.1,,,
[1758212562768879354],9.646,-4.482,1.999,,,
[1758212562774000395],9.313,-4.436,2.21,,,
[1758212562779088468],9.34,-4.537,1.863,,,
[1758212562784204197],9.218,-4.362,1.863,,,
[1758212562789284979],9.213,-4.503,2.255,,,
[1758212562794369614],9.45,-4.396,2.179,,,
[1758212562799466229],9.352,-4.496,2.174,,,
[1758212562804709614],9.491,-4.48,1.968,,,
[1758212562809904718],9.357,-4.59,2.116,,,
[1758212562815007426],9.455,-4.525,2.21,,,
[1758212562820098833],9.357,-4.446,2.006,,,
[1758212562825214666],9.318,-4.434,2.073,,,
[1758212562830320031],9.294,-4.544,2.073,,,
[1758212562835417791],9.256,-4.42,1.963,,,
[1758212562840499093],9.345,-4.496,2.26,,,
[1758212562845624666],9.402,-4.583,2.061,,,
[1758212562850723416],9.457,-4.441,2.2,,,
[1758212562855891072],9.407,-4.583,2.172,,,
[1758212562860986697],9.383,-4.597,1.966,,,
[1758212562866624666],9.402,-4.295,2.073,,,
[1758212562871785343],9.412,-4.551,2.164,,,
[1758212562876911697],9.294,-4.386,2.267,,,
[1758212562882053156],9.294,-4.506,2.267,,,
[1758212562887186385],9.424,-4.47,2.263,,,
[1758212562892357895],9.325,-4.42,2.136,,,
[1758212562897468885],9.151,-4.468,2.124,,,
[1758212562902825447],9.357,-4.403,2.016,,,
[1758212562908071749],9.352,-4.678,2.119,,,
[1758212562913192843],9.376,-4.539,2.049,,,
[1758212562918315499],9.294,-4.432,2.011,,,
[1758212562923443208],9.388,-4.424,2.014,,,
[1758212562928599562],9.474,-4.429,1.954,,,
[1758212562933720603],9.177,-4.429,1.846,,,
[1758212562938866228],9.256,-4.46,2.071,,,
[1758212562943984666],9.304,-4.436,2.282,,,
[1758212562949246645],9.34,-4.281,2.176,,,
[1758212562954394874],9.373,-4.475,2.284,,,
[1758212562959533312],9.388,-4.506,2.006,,,
[1758212562964687843],9.431,-4.458,2.119,,,
[1758212562970445499],9.39,-4.463,2.081,,,
[1758212562975712895],9.366,-4.499,2.097,,,
[1758212562980831958],9.328,-4.436,2.124,,,
[1758212562986008103],9.407,-4.59,2.265,,,
[1758212562991101645],9.318,-4.403,1.856,,,
[1758212562996215864],9.392,-4.46,2.172,,,
[1758212563001359301],9.498,-4.389,2.248,,,
[1758212563006590395],9.227,-4.446,2.16,,,
[1758212563011712635],9.333,-4.448,2.047,,,
[1758212563016947322],9.232,-4.465,2.071,,,
[1758212563022045760],9.584,-4.559,2.119,,,
[1758212563027182739],9.266,-4.307,2.011,,,
[1758212563032354145],9.371,-4.331,2.018,,,
[1758212563037516385],9.321,-4.496,2.2,,,
[1758212563042651541],9.471,-4.489,2.028,,,
[1758212563047720291],9.352,-4.508,2.047,,,
[1758212563053088312],9.23,-4.377,2.035,,,
[1758212563058254718],9.306,-4.348,2.03,,,
[1758212563063380447],9.455,-4.508,2.212,,,
[1758212563068502478],9.397,-4.415,2.049,,,
[1758212563074046593],9.39,-4.353,2.071,,,
[1758212563079298468],9.278,-4.506,2.272,,,
[1758212563084437947],9.483,-4.499,2.227,,,
[1758212563089532895],9.469,-4.523,2.004,,,
[1758212563094662531],9.261,-4.468,2.004,,,
[1758212563099851645],9.385,-4.413,1.846,,,
[1758212563105084041],9.239,-4.355,2.049,,,
[1758212563110188520],9.333,-4.444,2.143,,,
[1758212563115417374],9.421,-4.314,1.997,,,
[1758212563120537426],9.328,-4.48,2.188,,,
[1758212563125738103],9.273,-4.448,2.083,,,
[1758212563130896593],9.21,-4.422,1.978,,,
[1758212563136041228],9.328,-4.415,2.143,,,
[1758212563141172791],9.167,-4.448,1.93,,,
[1758212563146291749],9.378,-4.518,2.071,,,
[1758212563151398416],9.409,-4.563,2.253,,,
[1758212563156645187],9.357,-4.441,2.049,,,
[1758212563161766697],9.479,-4.463,2.172,,,
[1758212563166957687],9.333,-4.434,2.176,,,
[1758212563172094458],9.335,-4.415,2.21,,,
[1758212563177279666],9.266,-4.539,2.179,,,
[1758212563183895812],9.395,-4.357,2.057,,,
[1758212563189256645],9.342,-4.307,2.009,,,
[1758212563195615499],9.474,-4.561,1.985,,,
[1758212563200936489],9.385,-4.48,2.028,,,
[1758212563206163572],9.246,-4.446,2.294,,,
[1758212563211281593],9.299,-4.338,2.083,,,
[1758212563216414249],9.452,-4.41,2.282,,,
[1758212563221543885],9.498,-4.566,2.138,,,
[1758212563226671072],9.488,-4.293,2.071,,,
[1758212563231768520],9.409,-4.559,2.164,,,
[1758212563236916385],9.321,-4.422,2.248,,,
[1758212563242104562],9.297,-4.379,2.205,,,
[1758212563247229874],9.311,-4.458,2.083,,,
[1758212563252437426],9.354,-4.554,2.119,,,
[1758212563257623885],9.306,-4.451,2.251,,,
[1758212563262767999],9.318,-4.551,1.982,,,
[1758212563267935187],9.282,-4.451,2.131,,,
[1758212563273136333],9.196,-4.42,2.014,,,
[1758212563278278885],9.292,-4.434,2.033,,,
[1758212563283419458],9.414,-4.446,2.011,,,
[1758212563288527478],9.282,-4.556,2.061,,,
[1758212563294103728],9.306,-4.508,2.054,,,
[1758212563299270239],9.282,-4.413,2.1,,,
[1758212563304770239],9.325,-4.544,2.212,,,
[1758212563309890655],9.256,-4.492,2.195,,,
[1758212563315060603],9.392,-4.384,2.059,,,
[1758212563323366801],9.306,-4.501,2.011,,,
[1758212563328537374],9.328,-4.489,2.006,,,
[1758212563333698520],9.347,-4.575,2.081,,,
[1758212563338983051],9.481,-4.42,2.33,,,
[1758212563344097947],9.483,-4.405,2.083,,,
[1758212563349200030],9.388,-4.58,2.179,,,
[1758212563354465864],9.431,-4.508,2.061,,,
[1758212563359574614],9.292,-4.494,2.274,,,
[1758212563364711385],9.388,-4.324,1.908,,,
[1758212563369843051],9.325,-4.465,1.973,,,
[1758212563375027895],9.395,-4.511,2.188,,,
[1758212563380330239],9.074,-4.472,2.028,,,
[1758212563385489510],9.498,-4.523,2.033,,,
[1758212563390603780],9.335,-4.489,2.061,,,
[1758212563395707530],9.376,-4.508,2.193,,,
[1758212563401305343],9.349,-4.46,2.03,,,
[1758212563406543624],9.457,-4.503,2.105,,,
[1758212563413032843],9.452,-4.494,2.246,,,
[1758212563418258989],9.275,-4.549,1.968,,,
[1758212563423389770],9.297,-4.527,2.164,,,
[1758212563428510447],9.476,-4.453,2.071,,,
[1758212563433659093],9.416,-4.47,2.181,,,
[1758212563438748260],9.352,-4.405,2.071,,,
[1758212563443850447],9.402,-4.377,2.069,,,
[1758212563448966697],9.309,-4.408,2.047,,,
[1758212563454185187],9.424,-4.477,2.054,,,
[1758212563459378260],9.369,-4.42,2.179,,,
[1758212563464730030],9.304,-4.391,1.966,,,
[1758212563470339301],9.474,-4.298,2.217,,,
[1758212563475494457],9.278,-4.302,2.066,,,
[1758212563480585395],9.491,-4.535,2.133,,,
[1758212563485755082],9.282,-4.458,2.037,,,
[1758212563490850135],9.285,-4.465,1.865,,,
[1758212563495983780],9.232,-4.547,2.042,,,
[1758212563501087218],9.299,-4.319,2.1,,,
[1758212563507600655],9.467,-4.451,2.136,,,
[1758212563514142530],9.321,-4.381,2.176,,,
[1758212563519377062],9.323,-4.448,2.102,,,
[1758212563524497062],9.433,-4.448,2.176,,,
[1758212563529594926],9.321,-4.554,1.997,,,
[1758212563534717322],9.493,-4.405,2.191,,,
[1758212563539809353],9.304,-4.42,2.1,,,
[1758212563544919405],9.325,-4.496,2.095,,,
[1758212563550046228],9.266,-4.396,1.887,,,
[1758212563555308103],9.294,-4.453,2.066,,,
[1758212563560475499],9.4,-4.31,1.997,,,
[1758212563565570187],9.369,-4.484,2.152,,,
[1758212563570656489],9.615,-4.544,2.121,,,
[1758212563575796957],9.237,-4.494,1.987,,,
[1758212563580937530],9.443,-4.472,2.073,,,
[1758212563586076645],9.333,-4.441,2.093,,,
[1758212563591200655],9.246,-4.427,2.064,,,
[1758212563596340187],9.347,-4.484,1.939,,,
[1758212563601459926],9.203,-4.331,2.057,,,
[1758212563606634874],9.39,-4.456,2.088,,,
[1758212563611771489],9.421,-4.468,2.037,,,
[1758212563617129041],9.436,-4.465,2.054,,,
[1758212563622352634],9.376,-4.384,2.2,,,
[1758212563627479249],9.096,-4.58,2.107,,,
[1758212563632733832],9.182,-4.654,2.016,,,
[1758212563637938416],9.201,-4.441,2.217,,,
[1758212563643100343],9.301,-4.47,2.121,,,
[1758212563648189145],9.414,-4.451,2.234,,,
[1758212563653365864],9.462,-4.477,2.085,,,
[1758212563658511020],9.395,-4.35,2.085,,,
[1758212563663636957],9.438,-4.468,2.138,,,
[1758212563668724249],9.469,-4.561,2.289,,,
[1758212563673883780],9.294,-4.436,2.028,,,
[1758212563679028780],9.213,-4.508,2.093,,,
[1758212563684150395],9.328,-4.393,2.167,,,
[1758212563689253832],9.349,-4.381,2.203,,,
[1758212563694359197],9.366,-4.379,2.15,,,
[1758212563699447947],9.357,-4.396,2.274,,,
[1758212563704606072],9.445,-4.501,2.085,,,
[1758212563709771541],9.376,-4.453,2.169,,,
[1758212563714941489],9.469,-4.472,2.105,,,
[1758212563721573884],9.349,-4.515,2.1,,,
[1758212563726912478],9.445,-4.365,2.136,,,
[1758212563734427999],9.354,-4.458,2.049,,,
[1758212563739883728],9.244,-4.434,2.097,,,
[1758212563745055603],9.337,-4.489,2.143,,,
[1758212563750174145],9.424,-4.424,2.085,,,
[1758212563755363728],9.369,-4.434,2.076,,,
[1758212563760457895],9.369,-4.408,2.227,,,
[1758212563765556801],9.385,-4.465,1.999,,,
[1758212563770685239],9.304,-4.322,2.136,,,
[1758212563775799197],9.294,-4.542,1.887,,,
[1758212563780983103],9.488,-4.307,2.263,,,
[1758212563786175968],9.268,-4.463,2.176,,,
[1758212563791272374],9.409,-4.458,2.229,,,
[1758212563796379666],9.325,-4.379,2.002,,,
[1758212563801451436],9.357,-4.381,2.258,,,
[1758212563806609197],9.474,-4.523,2.109,,,
[1758212563811706176],9.285,-4.52,2.215,,,
[1758212563816824509],9.371,-4.458,2.136,,,
[1758212563821922374],9.304,-4.381,2.064,,,
[1758212563827037530],9.412,-4.472,2.054,,,
[1758212563832451228],9.385,-4.434,2.114,,,
[1758212563837579041],9.376,-4.41,2.081,,,
[1758212563842742530],9.402,-4.47,2.143,,,
[1758212563847877686],9.323,-4.501,1.987,,,
[1758212563853105134],9.287,-4.446,2.291,,,
[1758212563858216853],9.242,-4.384,2.2,,,
[1758212563863399353],9.313,-4.53,2.15,,,
[1758212563868591280],9.426,-4.403,2.073,,,
[1758212563873800759],9.359,-4.465,2.124,,,
[1758212563880411645],9.292,-4.477,2.133,,,
[1758212563885674249],9.45,-4.477,2.188,,,
[1758212563890783103],9.282,-4.468,2.097,,,
[1758212563895902999],9.357,-4.451,2.081,,,
[1758212563901007114],9.412,-4.331,2.049,,,
[1758212563906200447],9.404,-4.511,2.217,,,
[1758212563911293936],9.471,-4.314,2.267,,,
[1758212563916412530],9.622,-4.508,2.32,,,
[1758212563921568624],9.481,-4.322,2.205,,,
[1758212563926851645],9.16,-4.583,2.095,,,
[1758212563931997791],9.275,-4.403,2.152,,,
[1758212563938600603],9.34,-4.515,1.994,,,
[1758212563943917218],9.184,-4.472,1.875,,,
[1758212563949035499],9.29,-4.362,2.045,,,
[1758212563954224614],9.179,-4.436,2.028,,,
[1758212563959323936],9.464,-4.192,2.095,,,
[1758212563964452895],9.251,-4.48,2.284,,,
[1758212563969550395],9.644,-4.369,1.901,,,
[1758212563974701228],9.309,-4.487,2.071,,,
[1758212563979826645],9.603,-4.245,1.686,,,
[1758212563985046020],9.723,-4.578,2.059,,,
[1758212563990137530],8.976,-4.293,1.975,,,
[1758212563995234926],9.744,-4.642,2.073,,,
[1758212564000365759],8.679,-4.168,1.805,,,
[1758212564005836853],9.701,-4.709,1.753,,,
[1758212564010982113],8.557,-4.228,1.877,,,
[1758212564016177530],10.396,-4.772,2.167,,,
[1758212564021317686],7.661,-4.118,1.8,,,
[1758212564026461749],10.839,-4.836,2.215,,,
[1758212564031575238],7.235,-4.226,1.765,,,
[1758212564036705707],11.411,-5.04,1.846,,,
[1758212564042216176],7.039,-4.446,1.458,,,
[1758212564047459718],11.528,-4.705,1.64,,,
[1758212564052841957],7.207,-4.326,2.789,,,
[1758212564057967166],11.588,-4.19,1.932,,,
[1758212564063156488],8.083,-4.769,2.751,,,
[1758212564068246645],10.398,-3.943,1.853,,,
[1758212564073372113],8.186,-5.028,3.093,,,
[1758212564078512061],10.204,-3.838,1.944,,,
[1758212564083717322],8.674,-4.932,2.82,,,
[1758212564088844561],10.544,-4.544,1.638,,,
[1758212564094057582],9.474,-5.193,2.368,,,
[1758212564099172374],11.145,-5.205,1.384,,,
[1758212564104401853],10.331,-5.205,2.425,,,
[1758212564109504353],10.293,-5.076,2.586,,,
[1758212564114655395],9.278,-5.013,3.697,,,
[1758212564119783520],9.802,-4.302,4.228,,,
[1758212564124962218],7.982,-3.958,3.469,,,
[1758212564130073259],8.775,-3.587,3.757,,,
[1758212564135182322],7.57,-3.575,3.766,,,
[1758212564140264874],8.602,-3.78,2.902,,,
[1758212564145789405],9.069,-3.926,2.373,,,
[1758212564151043728],9.366,-4.31,2.04,,,
[1758212564157467009],9.986,-4.389,2.253,,,
[1758212564163851697],9.957,-4.506,1.556,,,
[1758212564169113520],10.005,-4.02,0.62,,,
[1758212564174237322],9.215,-4.353,1.501,,,
[1758212564179343416],10.113,-4.144,0.991,,,
[1758212564184491384],10.166,-4.515,1.448,,,
[1758212564189610030],9.895,-4.367,1.192,,,
[1758212564194684613],10.345,-4.673,1.128,,,
[1758212564199807009],10.353,-4.635,0.802,,,
[1758212564205018259],9.843,-4.475,1.832,,,
[1758212564210195082],9.802,-4.065,2.126,,,
[1758212564215350916],8.739,-3.773,2.394,,,
[1758212564220448207],8.519,-3.481,2.761,,,
[1758212564225578520],7.781,-3.302,3.366,,,
[1758212564230701540],7.819,-3.414,3.122,,,
[1758212564235773780],8.229,-3.704,3.055,,,
[1758212564240936072],8.382,-4.075,2.535,,,
[1758212564246089822],9.342,-4.568,2.406,,,
[1758212564251198155],9.318,-4.585,2.035,,,
[1758212564256819509],10.197,-5.162,1.504,,,
[1758212564264676488],9.682,-5.203,1.513,,,
[1758212564269987270],9.862,-4.942,1.14,,,
[1758212564275190655],10.036,-5.301,1.511,,,
[1758212564280309040],9.725,-5.207,1.413,,,
[1758212564285406749],9.95,-5.078,1.635,,,
[1758212564290498259],9.732,-5.088,1.882,,,
[1758212564296788936],9.902,-5.104,2.193,,,
[1758212564301978520],8.641,-4.855,2.392,,,
[1758212564307265968],9.29,-4.75,2.84,,,
[1758212564312404145],8.076,-4.247,2.969,,,
[1758212564317496072],8.626,-4.298,2.856,,,
[1758212564322655811],7.798,-4.144,2.94,,,
[1758212564327762218],8.619,-4.288,2.885,,,
[1758212564332894874],8.373,-4.511,2.784,,,
[1758212564337986332],9.572,-4.738,2.195,,,
[1758212564343178728],9.052,-4.889,1.937,,,
[1758212564348372686],10.195,-4.843,1.621,,,
[1758212564353554093],9.412,-4.939,1.618,,,
[1758212564359198415],10.283,-4.764,1.477,,,
[1758212564364426124],9.644,-4.999,1.413,,,
[1758212564369556072],10.039,-4.7,1.542,,,
[1758212564374733155],9.589,-4.764,1.544,,,
[1758212564379855655],9.677,-4.439,1.571,,,
[1758212564384931436],9.519,-4.362,2.09,,,
[1758212564390018572],9.309,-4.168,2.234,,,
[1758212564395141905],9.239,-4.288,2.447,,,
[1758212564400367686],8.952,-3.855,2.401,,,
[1758212564405922270],8.825,-3.824,2.662,,,
[1758212564411087843],8.334,-3.642,2.535,,,
[1758212564416188051],9.014,-3.759,2.751,,,
[1758212564421288103],8.504,-3.938,2.181,,,
[1758212564426415186],9.457,-4.044,2.217,,,
[1758212564431557634],9.139,-4.137,1.841,,,
[1758212564436642999],9.828,-4.413,1.638,,,
[1758212564441717374],9.524,-4.367,1.678,,,
[1758212564446880290],10.472,-4.578,1.602,,,
[1758212564452026436],9.665,-4.518,1.611,,,
[1758212564457215342],10.326,-4.597,1.662,,,
[1758212564462397165],9.507,-4.518,1.683,,,
[1758212564468058988],10.001,-4.424,2.344,,,
[1758212564473181592],9.29,-4.391,2.188,,,
[1758212564478276697],9.596,-4.257,2.174,,,
[1758212564483517322],8.961,-4.187,2.234,,,
[1758212564488642530],9.603,-4.264,2.545,,,
[1758212564493800551],8.645,-4.228,2.708,,,
[1758212564498900655],9.419,-4.247,2.485,,,
[1758212564504109301],8.504,-4.314,2.617,,,
[1758212564509204457],9.596,-4.322,2.717,,,
[1758212564514355603],9.172,-4.472,2.531,,,
[1758212564519534197],9.486,-4.453,2.337,,,
[1758212564524673207],9.483,-4.75,2.241,,,
[1758212564529811488],9.716,-4.468,1.913,,,
[1758212564534980499],9.641,-4.719,1.906,,,
[1758212564540117686],10.039,-4.784,1.772,,,
[1758212564545267061],9.78,-4.877,1.923,,,
[1758212564550424978],9.596,-4.659,1.973,,,
[1758212564555654145],9.828,-4.879,2.138,,,
[1758212564560792947],9.297,-4.515,1.896,,,
[1758212564565911801],9.603,-4.561,2.251,,,
[1758212564572421176],8.768,-4.444,2.083,,,
[1758212564577727113],9.512,-4.513,2.224,,,
[1758212564582910967],8.717,-4.35,2.318,,,
[1758212564588116384],9.38,-4.523,2.392,,,
[1758212564593232738],8.681,-4.422,2.284,,,
[1758212564598332165],9.254,-4.324,2.26,,,
[1758212564603515395],8.744,-4.369,2.124,,,
[1758212564608610551],9.359,-4.377,1.956,,,
[1758212564613717582],8.964,-4.554,1.755,,,
[1758212564618825186],9.507,-4.571,1.918,,,
[1758212564624058415],9.278,-4.448,1.765,,,
[1758212564629243363],9.637,-4.561,1.717,,,
[1758212564634357061],9.246,-4.702,1.762,,,
[1758212564639452842],9.685,-4.472,1.638,,,
[1758212564644615655],9.467,-4.597,1.966,,,
[1758212564649723624],9.318,-4.357,1.719,,,
[1758212564654944874],9.232,-4.468,2.279,,,
[1758212564660047842],9.28,-4.14,1.844,,,
[1758212564665211176],9.153,-4.47,2.349,,,
[1758212564670325394],9.108,-4.336,2.04,,,
[1758212564675819769],9.177,-4.465,2.344,,,
[1758212564681023155],8.842,-4.432,2.037,,,
[1758212564686191072],9.335,-4.542,2.246,,,
[1758212564691325707],9.014,-4.556,2.306,,,
[1758212564696445394],9.359,-4.647,2.277,,,
[1758212564701576957],8.976,-4.542,2.093,,,
[1758212564706833572],9.871,-4.709,2.1,,,
[1758212564711975186],8.94,-4.614,2.289,,,
[1758212564717142426],9.845,-4.76,2.274,,,
[1758212564722457269],9.103,-4.492,2.143,,,
[1758212564727588051],9.941,-4.654,2.073,,,
[1758212564732760030],9.134,-4.554,2.035,,,
[1758212564737888051],9.914,-4.594,2.03,,,
[1758212564743079040],9.194,-4.539,2.239,,,
[1758212564748224717],9.677,-4.585,2.16,,,
[1758212564753534144],8.978,-4.319,2.27,,,
[1758212564758633155],9.697,-4.377,2.301,,,
[1758212564763782842],9.007,-4.302,2.593,,,
[1758212564768874092],9.493,-4.446,2.385,,,
[1758212564774058467],9.048,-4.334,2.26,,,
[1758212564779187686],9.445,-4.434,2.172,,,
[1758212564787961228],9.881,-4.456,2.253,,,
[1758212564793426436],9.12,-4.36,1.997,,,
[1758212564798570655],10.034,-4.436,1.889,,,
[1758212564803801019],9.155,-4.336,2.069,,,
[1758212564808893728],9.881,-4.355,1.987,,,
[1758212564814013988],9.23,-4.3,2.114,,,
[1758212564819156488],9.519,-3.996,2.057,,,
[1758212564824307530],9.057,-4.365,1.98,,,
[1758212564829466905],9.574,-4.331,2.047,,,
[1758212564834711957],9.064,-4.427,2.081,,,
[1758212564839821644],9.426,-4.283,1.98,,,
[1758212564844925447],9.1,-4.247,2.016,,,
[1758212564850025811],9.196,-4.164,1.978,,,
[1758212564855232322],9.5,-4.219,1.844,,,
[1758212564860332009],9.225,-4.027,1.731,,,
[1758212564865435499],9.4,-4.535,2.2,,,
[1758212564870550447],9.234,-4.396,1.609,,,
[1758212564875764665],9.388,-4.513,2.162,,,
[1758212564880934874],9.096,-4.389,2.124,,,
[1758212564886067894],9.378,-4.571,2.114,,,
[1758212564891652321],8.904,-4.3,1.841,,,
[1758212564896801332],9.843,-4.618,2.15,,,
[1758212564901918311],9.033,-4.48,1.987,,,
[1758212564907111071],9.79,-4.645,2.052,,,
[1758212564912349457],8.689,-4.527,2.059,,,
[1758212564917499353],9.641,-4.566,2.138,,,
[1758212564922714665],8.624,-4.453,2.236,,,
[1758212564927854821],9.661,-4.846,2.167,,,
[1758212564933051749],8.844,-4.544,2.114,,,
[1758212564938200499],9.668,-4.614,2.289,,,
[1758212564943369405],8.866,-4.685,2.011,,,
[1758212564948510655],9.608,-4.642,2.088,,,
[1758212564953717321],9.002,-4.712,2.011,,,
[1758212564958845394],9.797,-4.659,2.114,,,
[1758212564964037842],8.847,-4.551,2.229,,,
[1758212564969137426],9.665,-4.551,1.848,,,
[1758212564974307530],9.402,-4.731,1.915,,,
[1758212564979427426],9.445,-4.444,2.049,,,
[1758212564984559978],9.304,-4.671,2.294,,,
[1758212564989705030],9.421,-4.532,1.848,,,
[1758212564997314301],9.713,-4.599,2.143,,,
[1758212565002569405],8.806,-4.329,2.088,,,
[1758212565007753988],9.711,-4.489,2.112,,,
[1758212565012986696],8.777,-4.417,2.172,,,
[1758212565018093363],9.759,-4.463,1.899,,,
[1758212565023307061],8.866,-4.389,2.241,,,
[1758212565028507374],9.512,-4.319,1.87,,,
[1758212565033645863],9.062,-4.42,2.131,,,
[1758212565038800238],9.615,-4.345,2.114,,,
[1758212565044059821],8.973,-4.31,2.119,,,
[1758212565049186176],9.579,-4.305,2.14,,,
[1758212565054459821],8.894,-4.343,1.997,,,
[1758212565059570134],9.637,-4.274,2.143,,,
[1758212565064696332],9.349,-4.456,2.184,,,
[1758212565069810707],9.409,-4.25,2.011,,,
[1758212565075014769],9.321,-4.403,2.105,,,
[1758212565080199092],9.426,-4.298,2.083,,,
[1758212565085335082],9.55,-4.405,2.315,,,
[1758212565090431280],9.735,-4.377,2.033,,,
[1758212565095579873],9.601,-4.559,2.224,,,
[1758212565102181436],9.196,-4.353,2.011,,,
[1758212565107525655],9.969,-4.451,2.093,,,
[1758212565112734301],9.007,-4.233,2.186,,,
[1758212565117871853],9.783,-4.441,1.97,,,
[1758212565122993832],8.844,-4.283,2.131,,,
[1758212565128108571],9.859,-4.355,2.172,,,
[1758212565133217061],8.921,-4.319,2.21,,,
[1758212565138316488],9.914,-4.568,2.296,,,
[1758212565143455134],8.887,-4.266,2.064,,,
[1758212565148645915],10.044,-4.499,2.2,,,
[1758212565153886696],9.074,-4.465,2.339,,,
[1758212565159010134],9.606,-4.525,1.956,,,
[1758212565164132582],9.136,-4.484,2.054,,,
[1758212565169212217],9.522,-4.515,2.023,,,
[1758212565174308936],9.172,-4.578,2.164,,,
[1758212565179464873],9.558,-4.511,2.15,,,
[1758212565184633363],9.086,-4.585,2.09,,,
[1758212565189744873],9.651,-4.463,1.978,,,
[1758212565194849301],9.34,-4.47,2.193,,,
[1758212565200020863],9.445,-4.448,1.944,,,
[1758212565205986853],9.409,-4.745,2.437,,,
[1758212565211262113],9.014,-4.334,2.145,,,
[1758212565216397009],9.536,-4.563,2.2,,,
[1758212565221542113],8.971,-4.434,1.997,,,
[1758212565226709561],9.582,-4.633,1.946,,,
[1758212565231772530],8.957,-4.384,2.037,,,
[1758212565236893155],9.574,-4.518,2.102,,,
[1758212565242028467],8.717,-4.446,1.954,,,
[1758212565247182061],9.826,-4.731,2.04,,,
[1758212565252470290],8.863,-4.329,2.018,,,
[1758212565257683571],9.74,-4.494,2.138,,,
[1758212565262863155],8.662,-4.384,2.073,,,
[1758212565268004509],9.716,-4.551,2.107,,,
[1758212565273112165],8.887,-4.566,2.124,,,
[1758212565278292686],9.728,-4.571,2.081,,,
[1758212565283441957],8.861,-4.42,2.363,,,
[1758212565288574613],9.773,-4.566,2.131,,,
[1758212565293668780],8.753,-4.389,2.138,,,
[1758212565298762946],9.785,-4.664,1.954,,,
[1758212565303923363],8.985,-4.515,2.152,,,
[1758212565309164457],9.548,-4.341,2.006,,,
[1758212565315014769],9.096,-4.709,2.095,,,
[1758212565320217321],9.273,-4.542,1.97,,,
[1758212565325435603],9.407,-4.714,2.296,,,
[1758212565330536332],9.258,-4.401,2.164,,,
[1758212565335661957],9.479,-4.594,1.999,,,
[1758212565340763780],9.371,-4.298,2.339,,,
[1758212565345874561],9.383,-4.719,2.239,,,
[1758212565351019561],9.294,-4.53,2.251,,,
[1758212565356365707],9.833,-4.527,2.172,,,
[1758212565361588467],9.0,-4.559,2.143,,,
[1758212565366699665],9.787,-4.547,2.354,,,
[1758212565371788780],9.079,-4.355,2.116,,,
[1758212565376912425],9.802,-4.709,2.109,,,
[1758212565382029717],9.029,-4.317,2.327,,,
[1758212565387164092],9.766,-4.537,2.021,,,
[1758212565392311644],8.835,-4.326,2.121,,,
[1758212565397468675],9.843,-4.46,2.14,,,
[1758212565402702217],9.021,-4.322,1.915,,,
[1758212565407905186],9.864,-4.547,2.006,,,
[1758212565413035446],8.859,-4.381,2.191,,,
[1758212565419649405],9.783,-4.271,2.093,,,
[1758212565424992165],9.055,-4.367,2.181,,,
[1758212565430169717],9.373,-4.231,2.004,,,
[1758212565435299925],9.29,-4.427,2.277,,,
[1758212565440390811],9.079,-4.29,1.932,,,
[1758212565445509925],9.639,-4.494,1.997,,,
[1758212565450616175],9.196,-4.384,1.86,,,
[1758212565455819978],9.522,-4.439,2.143,,,
[1758212565460936332],9.316,-4.166,1.908,,,
[1758212565466171905],9.392,-4.434,2.203,,,
[1758212565471293571],9.318,-4.199,2.025,,,
[1758212565476476696],9.776,-4.415,2.239,,,
[1758212565481592061],8.904,-4.424,2.109,,,
[1758212565486746384],9.845,-4.472,2.107,,,
[1758212565491815290],8.823,-4.302,2.289,,,
[1758212565496948207],9.73,-4.578,2.052,,,
[1758212565502045238],8.93,-4.353,2.176,,,
[1758212565507236071],9.68,-4.544,2.116,,,
[1758212565512426696],8.787,-4.386,2.021,,,
[1758212565517600811],9.847,-4.573,1.949,,,
[1758212565523161384],8.902,-4.25,2.042,,,
[1758212565528409352],9.819,-4.518,2.294,,,
[1758212565533579144],8.897,-4.501,2.272,,,
[1758212565538680030],9.651,-4.441,2.176,,,
[1758212565543839561],8.856,-4.542,2.172,,,
[1758212565548951019],9.562,-4.513,1.877,,,
[1758212565554168207],8.835,-4.714,2.16,,,
[1758212565559307634],9.507,-4.554,1.97,,,
[1758212565564486227],9.024,-4.638,2.116,,,
[1758212565569740394],9.416,-4.506,1.846,,,
[1758212565574910134],9.29,-4.63,2.1,,,
[1758212565580056071],9.445,-4.492,1.99,,,
[1758212565585197530],9.232,-4.736,2.093,,,
[1758212565590347477],9.469,-4.295,1.8,,,
[1758212565595552738],9.34,-4.499,2.004,,,
[1758212565600681436],9.395,-4.458,1.935,,,
[1758212565607400655],9.804,-4.606,2.114,,,
[1758212565612713363],8.789,-4.477,1.939,,,
[1758212565617899769],9.701,-4.523,1.906,,,
[1758212565623056852],8.981,-4.31,2.107,,,
[1758212565629483050],9.857,-4.508,1.851,,,
[1758212565634774769],9.012,-4.475,2.083,,,
[1758212565641064821],8.947,-4.298,1.839,,,
[1758212565646181019],9.531,-4.578,1.994,,,
[1758212565651279977],9.098,-4.286,1.858,,,
[1758212565656479821],9.38,-4.575,2.023,,,
[1758212565661696436],8.916,-4.408,1.923,,,
[1758212565666876436],9.656,-4.506,2.124,,,
[1758212565671949040],8.72,-4.314,2.033,,,
[1758212565677036071],9.807,-4.549,2.241,,,
[1758212565682199196],8.823,-4.345,1.937,,,
[1758212565687324665],9.857,-4.458,2.119,,,
[1758212565692437946],8.76,-4.293,2.174,,,
[1758212565697518363],9.675,-4.508,2.16,,,
[1758212565702762946],8.866,-4.547,1.958,,,
[1758212565707925394],9.699,-4.398,2.085,,,
[1758212565713074144],8.995,-4.559,2.224,,,
[1758212565718182686],9.869,-4.389,2.248,,,
[1758212565723275655],8.832,-4.424,2.188,,,
[1758212565728355186],9.912,-4.343,2.2,,,
[1758212565733477582],9.055,-4.173,2.239,,,
[1758212565739012790],10.048,-4.401,2.076,,,
[1758212565744237738],9.237,-4.456,2.344,,,
[1758212565749666019],9.553,-4.559,2.093,,,
[1758212565754885238],9.254,-4.525,2.217,,,
[1758212565759990290],9.541,-4.341,1.992,,,
[1758212565765072582],8.954,-4.46,2.097,,,
[1758212565770161175],9.359,-4.278,1.889,,,
[1758212565775397790],9.555,-4.475,2.049,,,
[1758212565780971748],9.448,-4.367,2.014,,,
[1758212565786137529],9.761,-4.537,2.284,,,
[1758212565791233936],9.234,-4.41,1.93,,,
[1758212565796384717],9.766,-4.587,2.298,,,
[1758212565801535446],9.055,-4.159,2.251,,,
[1758212565806682582],9.855,-4.18,2.162,,,
[1758212565811783050],8.954,-4.257,2.102,,,
[1758212565816906800],9.656,-4.441,2.018,,,
[1758212565822031332],9.029,-4.219,2.03,,,
[1758212565827268936],9.68,-4.503,2.136,,,
[1758212565832449821],8.823,-4.36,1.87,,,
[1758212565837573519],9.869,-4.424,2.274,,,
[1758212565842759613],8.598,-4.348,2.212,,,
[1758212565848412894],9.898,-4.429,2.406,,,
[1758212565854953571],9.158,-4.511,2.066,,,
[1758212565860196019],9.785,-4.286,1.678,,,
[1758212565865293311],9.163,-4.566,2.071,,,
[1758212565870395707],9.148,-4.463,1.872,,,
[1758212565875534040],9.524,-4.451,2.195,,,
[1758212565880656540],9.124,-4.245,1.784,,,
[1758212565885745550],9.404,-4.539,2.028,,,
[1758212565890831748],9.084,-4.362,1.537,,,
[1758212565896002061],9.38,-4.563,2.354,,,
[1758212565901202582],8.976,-4.532,2.258,,,
[1758212565906385082],9.433,-4.554,2.136,,,
[1758212565911488571],8.756,-4.334,2.16,,,
[1758212565916681800],9.787,-4.575,2.152,,,
[1758212565921833207],8.871,-4.609,2.423,,,
[1758212565927469925],9.713,-4.709,1.961,,,
[1758212565932631904],8.693,-4.477,1.935,,,
[1758212565937703415],9.847,-4.673,1.87,,,
[1758212565942872321],8.78,-4.623,2.097,,,
[1758212565948091332],9.838,-4.657,2.179,,,
[1758212565953266279],8.705,-4.59,2.064,,,
[1758212565958430342],9.876,-4.693,2.105,,,
[1758212565963964404],8.914,-4.489,2.212,,,
[1758212565969270550],9.922,-4.47,2.009,,,
[1758212565974402113],8.811,-4.695,2.306,,,
[1758212565979514352],9.699,-4.415,1.846,,,
[1758212565984662425],9.21,-4.583,2.251,,,
[1758212565989754352],9.395,-4.434,2.181,,,
[1758212565994872061],9.256,-4.556,2.337,,,
[1758212565999998206],9.443,-4.544,2.061,,,
[1758212566005239248],9.256,-4.583,2.21,,,
[1758212566011845029],8.792,-4.492,2.04,,,
[1758212566019121800],9.653,-4.537,1.853,,,
[1758212566024684352],8.753,-4.556,1.925,,,
[1758212566029859561],9.522,-4.283,1.877,,,
[1758212566035000081],9.254,-4.42,2.267,,,
[1758212566040116904],9.431,-4.331,1.844,,,
[1758212566045242686],9.206,-4.53,2.265,,,
[1758212566050369352],9.392,-4.36,1.726,,,
[1758212566056903988],9.838,-4.53,2.126,,,
[1758212566062188050],8.887,-4.197,2.004,,,
[1758212566067344769],9.881,-4.597,2.375,,,
[1758212566072857998],8.78,-4.283,2.188,,,
[1758212566077981123],9.89,-4.439,1.961,,,
[1758212566083117998],8.768,-4.149,2.037,,,
[1758212566088227946],9.914,-4.46,1.973,,,
[1758212566093392009],8.988,-4.312,1.863,,,
[1758212566098535394],9.819,-4.451,2.224,,,
[1758212566103802165],8.82,-4.503,2.109,,,
[1758212566108910811],9.876,-4.326,2.045,,,
[1758212566114040290],8.782,-4.391,2.15,,,
[1758212566119143623],9.74,-4.355,2.167,,,
[1758212566124246644],9.021,-4.298,2.045,,,
[1758212566129340498],9.527,-4.329,2.265,,,
[1758212566134464977],8.911,-4.451,2.105,,,
[1758212566139578050],9.708,-4.489,2.021,,,
[1758212566144763259],8.959,-4.322,2.397,,,
[1758212566149863467],9.742,-4.312,2.162,,,
[1758212566155067113],9.347,-4.52,2.358,,,
[1758212566160173936],9.335,-4.374,2.289,,,
[1758212566165633884],9.301,-4.448,2.27,,,
[1758212566170752946],9.258,-4.571,2.021,,,
[1758212566175864509],9.467,-4.539,2.076,,,
[1758212566181086644],9.467,-4.403,1.923,,,
[1758212566186237113],9.716,-4.616,2.351,,,
[1758212566191319769],8.973,-4.293,1.932,,,
[1758212566196382113],9.622,-4.456,2.184,,,
[1758212566201575081],8.952,-4.293,2.143,,,
[1758212566206856175],9.404,-4.487,1.973,,,
[1758212566212093154],8.923,-4.377,1.901,,,
[1758212566217219665],9.843,-4.561,1.906,,,
[1758212566222365186],8.777,-4.484,2.023,,,
[1758212566227515758],9.68,-4.63,2.198,,,
[1758212566232688675],8.698,-4.353,1.889,,,
[1758212566237766592],9.907,-4.468,1.949,,,
[1758212566242974092],8.61,-4.386,1.975,,,
[1758212566248117425],9.843,-4.345,2.071,,,
[1758212566253295498],8.859,-4.436,2.229,,,
[1758212566258418415],9.941,-4.448,1.999,,,
[1758212566263540758],8.811,-4.35,2.054,,,
[1758212566268725915],9.816,-4.705,1.98,,,
[1758212566276756696],9.697,-4.448,2.296,,,
[1758212566282010863],8.818,-4.357,1.98,,,
[1758212566288913779],9.804,-4.503,2.222,,,
[1758212566294309144],8.923,-4.556,2.236,,,
[1758212566299415654],9.725,-4.341,1.86,,,
[1758212566304597477],9.108,-4.585,2.011,,,
[1758212566309718936],9.641,-4.499,2.028,,,
[1758212566314799925],9.1,-4.69,2.093,,,
[1758212566319876279],9.591,-4.578,2.416,,,
[1758212566324991331],9.072,-4.525,2.27,,,
[1758212566330080394],9.661,-4.403,2.057,,,
[1758212566335214821],8.921,-4.58,2.205,,,
[1758212566340437581],9.553,-4.436,1.927,,,
[1758212566345522477],9.531,-4.551,2.442,,,
[1758212566350617738],9.294,-4.415,2.059,,,
[1758212566355821488],9.445,-4.501,2.392,,,
[1758212566360910654],9.345,-4.441,2.009,,,
[1758212566365979248],9.661,-4.535,2.107,,,
[1758212566371084873],9.261,-4.374,1.851,,,
[1758212566376797217],9.507,-4.535,2.279,,,
[1758212566382220967],8.983,-4.381,2.033,,,
[1758212566387345602],9.833,-4.494,1.937,,,
[1758212566394737217],9.297,-4.451,2.061,,,
[1758212566400239144],9.62,-4.142,2.042,,,
[1758212566405442477],9.222,-4.444,2.066,,,
[1758212566410545394],9.752,-4.31,1.911,,,
[1758212566415698363],9.208,-4.547,2.212,,,
[1758212566420766279],9.153,-4.288,1.935,,,
[1758212566425875394],9.536,-4.456,2.116,,,
[1758212566431058779],9.249,-4.288,1.743,,,
[1758212566436188310],9.479,-4.503,2.152,,,
[1758212566441268623],9.017,-4.377,1.875,,,
[1758212566446442946],9.546,-4.48,2.152,,,
[1758212566451595706],8.961,-4.353,2.169,,,
[1758212566457285133],9.993,-4.563,2.059,,,
[1758212566463922008],8.777,-4.489,2.042,,,
[1758212566470402738],9.543,-4.302,1.961,,,
[1758212566475637425],9.105,-4.594,2.21,,,
[1758212566480727685],9.558,-4.41,1.949,,,
[1758212566485856383],9.194,-4.702,2.073,,,
[1758212566492084873],8.672,-4.446,2.172,,,
[1758212566497731435],9.838,-4.64,1.82,,,
[1758212566502963571],8.751,-4.396,2.054,,,
[1758212566508032217],9.845,-4.654,1.693,,,
[1758212566513157217],8.756,-4.401,1.901,,,
[1758212566518223571],9.943,-4.618,1.949,,,
[1758212566523315290],8.475,-4.415,1.844,,,
[1758212566528375238],9.764,-4.733,1.882,,,
[1758212566533533675],8.693,-4.501,1.891,,,
[1758212566538757008],9.878,-4.712,2.263,,,
[1758212566543841279],8.734,-4.571,2.315,,,
[1758212566548922633],9.732,-4.513,2.071,,,
[1758212566554116696],8.875,-4.515,2.006,,,
[1758212566559200602],9.428,-4.549,2.15,,,
[1758212566564270081],8.873,-4.573,2.251,,,
[1758212566569347373],9.538,-4.393,2.021,,,
[1758212566574803727],8.894,-4.475,2.179,,,
[1758212566580313675],9.282,-4.413,2.296,,,
[1758212566585425863],9.282,-4.496,2.255,,,
[1758212566590532738],9.402,-4.322,1.753,,,
[1758212566595663050],9.199,-4.628,2.016,,,
[1758212566602042633],9.34,-4.322,1.997,,,
[1758212566607352790],9.91,-4.568,1.908,,,
[1758212566612839404],8.602,-4.403,2.239,,,
[1758212566617939717],9.72,-4.575,2.224,,,
[1758212566623064821],8.648,-4.288,2.167,,,
[1758212566628159248],9.668,-4.353,1.894,,,
[1758212566633248987],8.475,-4.276,1.944,,,
[1758212566638326696],10.015,-4.556,2.09,,,
[1758212566643548415],8.722,-4.441,2.045,,,
[1758212566648791331],10.087,-4.489,2.105,,,
[1758212566653967737],8.813,-4.415,1.906,,,
[1758212566659057008],10.075,-4.489,2.018,,,
[1758212566664238935],8.978,-4.319,2.212,,,
[1758212566669374352],9.704,-4.384,2.43,,,
[1758212566674450915],9.05,-4.391,2.191,,,
[1758212566679685342],9.538,-4.204,2.057,,,
[1758212566684881279],9.048,-4.331,2.116,,,
[1758212566690124040],9.5,-4.262,1.793,,,
[1758212566695201904],9.191,-4.561,2.083,,,
[1758212566700332894],9.716,-4.204,1.755,,,
[1758212566705552217],9.28,-4.482,2.279,,,
[1758212566712310654],9.012,-4.283,1.882,,,
[1758212566717913623],9.936,-4.47,2.279,,,
[1758212566723012633],8.672,-4.31,2.14,,,
[1758212566728091487],10.089,-4.609,1.999,,,
[1758212566733225029],8.835,-4.326,2.346,,,
[1758212566738317737],9.816,-4.645,2.181,,,
[1758212566743388415],8.602,-4.334,2.162,,,
[1758212566748459248],9.91,-4.413,2.203,,,
[1758212566753754612],9.036,-4.329,2.167,,,
[1758212566759042217],9.943,-4.322,2.009,,,
[1758212566764134977],8.985,-4.319,2.095,,,
[1758212566769214612],9.893,-4.554,2.253,,,
[1758212566774350915],8.629,-4.173,2.356,,,
[1758212566779548102],9.962,-4.35,2.315,,,
[1758212566784653831],9.115,-4.441,2.164,,,
[1758212566789807946],9.742,-4.216,2.274,,,
[1758212566794955654],9.081,-4.563,2.023,,,
[1758212566800162529],9.534,-4.439,2.049,,,
[1758212566805329665],9.086,-4.561,2.071,,,
[1758212566810418831],9.445,-4.374,1.642,,,
[1758212566815567008],9.084,-4.535,1.954,,,
[1758212566824694560],8.849,-4.48,2.282,,,
[1758212566829886331],9.565,-4.106,2.241,,,
[1758212566835005342],9.108,-4.585,2.133,,,
[1758212566840107581],9.56,-4.424,2.049,,,
[1758212566845255498],9.273,-4.326,2.037,,,
[1758212566850351435],9.579,-4.389,2.1,,,
[1758212566855506383],9.34,-4.559,2.265,,,
[1758212566860636019],9.649,-4.331,2.014,,,
[1758212566865932477],9.57,-4.585,2.126,,,
[1758212566871101279],8.94,-4.252,1.772,,,
[1758212566876183883],9.565,-4.707,2.272,,,
[1758212566881321539],9.143,-4.211,1.93,,,
[1758212566886470706],9.697,-4.451,2.193,,,
[1758212566891578102],8.928,-4.345,2.126,,,
[1758212566896692789],9.632,-4.525,2.241,,,
[1758212566901799144],9.012,-4.322,2.095,,,
[1758212566907031019],9.996,-4.63,2.464,,,
[1758212566912256227],8.878,-4.238,2.164,,,
[1758212566917377581],9.888,-4.597,2.26,,,
[1758212566922544560],8.938,-4.444,2.231,,,
[1758212566928082842],9.84,-4.561,2.133,,,
[1758212566933350446],8.689,-4.367,1.817,,,
[1758212566938445654],10.025,-4.35,1.911,,,
[1758212566943594977],8.756,-4.353,2.246,,,
[1758212566948743102],10.149,-4.453,2.15,,,
[1758212566953911487],8.746,-4.532,2.102,,,
[1758212566959036435],10.044,-4.422,2.176,,,
[1758212566964243987],8.947,-4.566,2.433,,,
[1758212566969396956],9.787,-4.532,1.918,,,
[1758212566974588362],8.763,-4.492,2.045,,,
[1758212566979710498],9.653,-4.393,1.899,,,
[1758212566984862789],8.894,-4.35,2.289,,,
[1758212566990013987],9.759,-4.403,1.975,,,
[1758212566995153935],8.957,-4.664,2.085,,,
[1758212567000340758],9.354,-4.458,1.858,,,
[1758212567005574039],9.366,-4.499,2.126,,,
[1758212567010706435],9.445,-4.389,2.093,,,
[1758212567015826279],9.246,-4.693,2.236,,,
[1758212567020961800],9.433,-4.515,2.114,,,
[1758212567026149925],9.213,-4.666,2.246,,,
[1758212567031638779],8.873,-4.379,1.956,,,
[1758212567036864977],9.558,-4.571,2.222,,,
[1758212567041966487],8.866,-4.439,2.145,,,
[1758212567047119508],9.57,-4.642,2.176,,,
[1758212567052288154],8.796,-4.468,2.057,,,
[1758212567057494300],9.749,-4.702,2.04,,,
[1758212567062740758],8.442,-4.41,2.016,,,
[1758212567067982477],10.082,-4.614,2.037,,,
[1758212567073130914],8.617,-4.381,2.093,,,
[1758212567078282894],9.886,-4.611,2.138,,,
[1758212567083428050],8.739,-4.456,2.21,,,
[1758212567088577946],9.859,-4.52,1.982,,,
[1758212567093748727],8.669,-4.324,2.069,,,
[1758212567098840862],9.886,-4.446,2.227,,,
[1758212567104039352],8.655,-4.31,2.014,,,
[1758212567109229144],9.993,-4.374,2.176,,,
[1758212567114467216],8.957,-4.458,2.057,,,
[1758212567119569716],9.495,-4.369,2.109,,,
[1758212567124665498],8.856,-4.594,2.174,,,
[1758212567129813154],9.572,-4.384,2.124,,,
[1758212567134968206],8.976,-4.41,2.289,,,
[1758212567141586175],9.562,-4.341,1.793,,,
[1758212567146934769],9.914,-4.673,2.267,,,
[1758212567152423154],8.882,-4.391,2.081,,,
[1758212567157564352],9.902,-4.583,2.27,,,
[1758212567162797737],8.698,-4.31,1.815,,,
[1758212567167937737],9.914,-4.621,2.286,,,
[1758212567173032789],8.655,-4.41,2.219,,,
[1758212567178173571],9.91,-4.748,2.083,,,
[1758212567183309196],8.961,-4.389,1.975,,,
[1758212567188552633],10.104,-4.554,1.932,,,
[1758212567193690862],8.794,-4.405,2.011,,,
[1758212567198777164],9.804,-4.439,2.023,,,
[1758212567203978727],8.772,-4.326,2.397,,,
[1758212567209121175],9.725,-4.439,2.097,,,
[1758212567214284300],8.871,-4.432,2.014,,,
[1758212567219382164],9.993,-4.322,2.318,,,
[1758212567224646383],8.875,-4.506,2.339,,,
[1758212567229844300],9.601,-4.343,2.054,,,
[1758212567234957112],9.12,-4.496,2.425,,,
[1758212567240050446],9.773,-4.413,2.303,,,
[1758212567245154404],9.069,-4.384,2.579,,,
[1758212567250212737],9.831,-4.197,2.021,,,
[1758212567255704404],9.06,-4.518,2.368,,,
[1758212567260936696],9.301,-4.29,1.803,,,
[1758212567266158571],9.567,-4.53,1.999,,,
[1758212567271239977],9.278,-4.338,1.884,,,
[1758212567276357841],9.57,-4.506,2.028,,,
[1758212567281420237],9.199,-4.314,2.174,,,
[1758212567286554612],9.562,-4.693,2.212,,,
[1758212567291683987],9.414,-4.3,2.294,,,
[1758212567296954560],9.957,-4.52,2.447,,,
[1758212567303571071],8.638,-4.164,2.37,,,
[1758212567309027008],9.993,-4.415,2.155,,,
[1758212567314222425],8.964,-4.326,2.286,,,
[1758212567319322216],10.118,-4.451,2.033,,,
[1758212567324469821],8.926,-4.381,2.035,,,
[1758212567329561018],10.003,-4.329,2.179,,,
[1758212567334666071],8.799,-4.154,2.464,,,
[1758212567339774508],9.859,-4.424,2.212,,,
[1758212567344933675],8.741,-4.439,2.198,,,
[1758212567350181800],9.534,-4.197,2.088,,,
[1758212567355462737],9.278,-4.592,2.195,,,
[1758212567361326748],9.139,-4.298,1.664,,,
[1758212567366502216],9.507,-4.599,2.258,,,
[1758212567371644352],9.189,-4.271,2.116,,,
[1758212567376804664],9.546,-4.743,2.231,,,
[1758212567381910602],9.11,-4.496,2.222,,,
[1758212567387061383],9.591,-4.7,2.227,,,
[1758212567392297164],8.796,-4.42,2.15,,,
[1758212567397507373],9.969,-4.46,2.409,,,
[1758212567402779091],8.885,-4.401,1.817,,,
[1758212567407919404],9.946,-4.614,1.966,,,
[1758212567413130498],8.605,-4.47,2.073,,,
[1758212567418270498],10.056,-4.664,1.844,,,
[1758212567423408623],8.471,-4.398,2.054,,,
[1758212567428541279],9.905,-4.544,2.195,,,
[1758212567433693414],8.657,-4.415,2.028,,,
[1758212567440413362],9.4,-4.482,2.002,,,
[1758212567445899300],9.115,-4.707,2.191,,,
[1758212567451041748],9.282,-4.439,1.81,,,
[1758212567456240341],9.495,-4.741,2.124,,,
[1758212567462389404],8.916,-4.334,1.915,,,
[1758212567468963623],9.682,-4.793,2.085,,,
[1758212567474299716],8.519,-4.623,2.248,,,
[1758212567479504612],9.742,-4.537,2.064,,,
[1758212567484635289],8.689,-4.642,2.035,,,
[1758212567489815237],9.538,-4.477,2.138,,,
[1758212567494986852],8.662,-4.539,2.437,,,
[1758212567500084195],9.644,-4.583,2.119,,,
[1758212567505154873],8.705,-4.76,2.638,,,
[1758212567510265237],9.548,-4.42,2.009,,,
[1758212567515522373],9.254,-4.575,2.198,,,
[1758212567520709820],9.22,-4.312,2.421,,,
[1758212567525802268],9.232,-4.757,2.485,,,
[1758212567530945706],9.316,-4.484,2.205,,,
[1758212567536083102],9.203,-4.683,2.025,,,
[1758212567541176279],9.366,-4.587,1.717,,,
[1758212567547188102],9.297,-4.642,2.131,,,
[1758212567553400602],8.516,-4.355,1.946,,,
[1758212567559024195],9.96,-4.743,1.939,,,
[1758212567564225758],8.722,-4.161,2.021,,,
[1758212567569308102],9.991,-4.441,2.033,,,
[1758212567575662164],8.923,-4.451,2.078,,,
[1758212567581046591],9.246,-4.262,1.686,,,
[1758212567586598154],9.665,-4.556,2.591,,,
[1758212567591716904],8.983,-4.408,2.27,,,
[1758212567596863518],9.661,-4.573,2.27,,,
[1758212567601933779],8.966,-4.391,1.997,,,
[1758212567607025914],9.886,-4.35,2.437,,,
[1758212567612313102],9.177,-4.245,2.105,,,
[1758212567618620914],9.996,-4.434,2.346,,,
[1758212567623875758],8.727,-4.113,2.167,,,
[1758212567628967789],10.139,-4.379,2.231,,,
[1758212567634094143],8.851,-4.228,2.081,,,
[1758212567639180758],10.132,-4.513,2.236,,,
[1758212567644275029],8.918,-4.257,2.203,,,
[1758212567649350914],10.039,-4.417,2.076,,,
[1758212567654485706],8.784,-4.393,2.253,,,
[1758212567659607320],10.262,-4.257,2.564,,,
[1758212567664879404],9.203,-4.288,2.447,,,
[1758212567669982529],9.814,-4.156,2.27,,,
[1758212567675146852],9.067,-4.405,2.365,,,
[1758212567680264768],9.847,-4.211,2.045,,,
[1758212567685985289],9.553,-4.453,2.169,,,
[1758212567691159352],9.517,-4.283,2.035,,,
[1758212567696661800],9.538,-4.384,2.272,,,
[1758212567701810081],9.464,-4.219,2.128,,,
[1758212567706908883],10.113,-4.401,2.526,,,
[1758212567712022320],9.117,-4.293,2.38,,,
[1758212567717266175],10.25,-4.334,2.217,,,
[1758212567722480810],9.096,-4.089,2.291,,,
[1758212567727637685],10.02,-4.312,2.219,,,
[1758212567732902789],8.825,-4.173,1.863,,,
[1758212567737981643],10.185,-4.343,2.083,,,
[1758212567743149247],8.701,-4.104,2.279,,,
[1758212567748243258],9.977,-4.398,2.102,,,
[1758212567753328622],8.715,-4.044,2.205,,,
[1758212567758642477],10.008,-4.482,2.188,,,
[1758212567764214925],8.861,-4.336,2.004,,,
[1758212567769344143],10.041,-4.556,2.212,,,
[1758212567774561331],8.966,-4.259,2.217,,,
[1758212567779652008],10.101,-4.583,2.04,,,
[1758212567784783154],8.78,-4.384,2.025,,,
[1758212567789903570],10.022,-4.336,2.042,,,
[1758212567795429143],9.021,-4.614,2.152,,,
[1758212567800593518],9.4,-4.369,2.078,,,
[1758212567806941747],9.618,-4.693,2.248,,,
[1758212567812324612],8.76,-4.472,2.224,,,
[1758212567818602789],10.111,-4.614,1.913,,,
[1758212567823808414],8.566,-4.465,2.052,,,
[1758212567828907633],9.907,-4.556,1.937,,,
[1758212567834015602],8.54,-4.669,1.647,,,
[1758212567839126175],9.905,-4.688,1.76,,,
[1758212567844225914],8.633,-4.527,2.234,,,
[1758212567849317320],9.627,-4.628,1.719,,,
[1758212567854426383],8.49,-4.669,1.705,,,
[1758212567859526331],9.778,-4.717,2.076,,,
[1758212567864775081],8.552,-4.724,1.827,,,
[1758212567869944352],9.601,-4.666,1.875,,,
[1758212567875066956],8.701,-4.741,1.709,,,
[1758212567880169664],9.744,-4.434,1.633,,,
[1758212567885339352],8.954,-4.63,1.856,,,
[1758212567890441487],9.129,-4.729,1.633,,,
[1758212567895587529],9.002,-4.702,1.784,,,
[1758212567901041800],9.27,-4.448,1.891,,,
[1758212567906208102],9.033,-4.937,2.169,,,
[1758212567911712685],8.734,-4.446,2.081,,,
[1758212567916958466],9.531,-5.049,1.867,,,
[1758212567922063206],8.844,-4.566,1.81,,,
[1758212567927189612],9.366,-4.709,2.327,,,
[1758212567932354404],8.607,-4.444,1.987,,,
[1758212567937490549],9.819,-4.762,1.985,,,
[1758212567942742633],8.368,-4.513,2.023,,,
[1758212567947902164],9.895,-4.764,2.246,,,
[1758212567953035237],8.428,-4.46,1.951,,,
[1758212567958151174],9.941,-4.767,1.731,,,
[1758212567963342581],8.334,-4.496,1.839,,,
[1758212567968492060],9.914,-4.482,2.119,,,
[1758212567973627372],8.607,-4.393,2.136,,,
[1758212567978711018],9.847,-4.362,1.968,,,
[1758212567983893935],8.638,-4.424,2.124,,,
[1758212567989088362],10.068,-4.604,2.406,,,
[1758212567994210549],8.782,-4.144,2.346,,,
[1758212567999290602],10.127,-4.281,2.16,,,
[1758212568004464299],8.775,-4.386,2.466,,,
[1758212568010087685],9.819,-4.264,2.076,,,
[1758212568015339195],9.146,-4.41,2.27,,,
[1758212568020823310],9.708,-3.998,2.085,,,
[1758212568026018987],9.622,-4.377,2.504,,,
[1758212568031106487],9.541,-4.13,2.274,,,
[1758212568036225029],9.373,-4.408,2.2,,,
[1758212568041313570],9.807,-4.216,2.174,,,
[1758212568046429247],9.732,-4.341,2.519,,,
[1758212568051697893],9.287,-4.061,2.272,,,
[1758212568056854404],10.032,-4.31,2.416,,,
[1758212568061968987],9.311,-3.991,2.435,,,
[1758212568067148154],10.183,-4.393,2.538,,,
[1758212568072303831],9.335,-4.082,2.255,,,
[1758212568077418779],10.077,-4.355,2.571,,,
[1758212568082604820],9.376,-4.025,2.241,,,
[1758212568087772737],10.398,-4.214,2.425,,,
[1758212568092969143],8.835,-4.001,2.078,,,
[1758212568098178570],10.223,-4.353,2.43,,,
[1758212568103283935],8.832,-4.116,2.363,,,
[1758212568108398049],10.388,-4.058,2.377,,,
[1758212568113658779],8.583,-4.123,2.148,,,
[1758212568119241122],10.47,-4.434,2.03,,,
[1758212568124359977],9.11,-4.132,2.33,,,
[1758212568130725445],9.888,-4.161,2.243,,,
[1758212568137128831],10.183,-4.35,2.358,,,
[1758212568143684977],8.581,-4.243,2.162,,,
[1758212568148898258],10.262,-4.446,1.856,,,
[1758212568154007060],9.019,-4.355,2.057,,,
[1758212568159261383],10.319,-4.379,2.059,,,
[1758212568165518518],8.854,-4.413,2.428,,,
[1758212568170744716],9.515,-4.19,1.915,,,
[1758212568175893206],8.758,-4.575,2.083,,,
[1758212568181026695],9.12,-4.353,1.925,,,
[1758212568186217737],9.328,-4.566,1.901,,,
[1758212568191359143],8.945,-4.53,1.506,,,
[1758212568196446747],9.385,-4.709,1.8,,,
[1758212568201634924],9.151,-4.415,1.733,,,
[1758212568207046799],9.366,-4.824,1.609,,,
[1758212568212660029],8.48,-4.501,1.973,,,
[1758212568217788310],9.811,-4.942,1.652,,,
[1758212568222952997],8.533,-4.616,1.571,,,
[1758212568228013206],9.668,-4.992,1.76,,,
[1758212568233108883],8.171,-4.654,1.844,,,
[1758212568241338414],9.294,-4.695,2.037,,,
[1758212568246712320],9.091,-4.882,2.33,,,
[1758212568251786904],8.775,-4.781,1.82,,,
[1758212568256865706],9.069,-4.98,2.107,,,
[1758212568261962476],8.734,-4.827,2.172,,,
[1758212568267093935],9.026,-5.042,2.416,,,
[1758212568272285081],8.394,-4.712,1.887,,,
[1758212568279480133],9.538,-4.769,1.743,,,
[1758212568285835393],8.734,-4.755,2.164,,,
[1758212568291068414],9.345,-4.767,1.719,,,
[1758212568296193726],9.151,-5.054,1.733,,,
[1758212568301291331],8.71,-4.628,1.664,,,
[1758212568306438049],9.349,-4.889,1.729,,,
[1758212568311549039],8.799,-4.621,1.681,,,
[1758212568316669456],9.342,-4.939,2.286,,,
[1758212568321781018],8.739,-4.544,1.865,,,
[1758212568327065081],9.385,-4.8,2.186,,,
[1758212568332296904],8.356,-4.693,2.162,,,
[1758212568337416799],9.807,-4.858,2.387,,,
[1758212568342576018],8.595,-4.379,1.863,,,
[1758212568349139560],10.072,-4.513,2.325,,,
[1758212568355604456],9.179,-4.642,2.145,,,
[1758212568360800289],9.543,-4.288,2.449,,,
[1758212568365906018],9.285,-4.487,2.473,,,
[1758212568371044351],9.871,-4.252,2.167,,,
[1758212568376278935],9.33,-4.508,2.54,,,
[1758212568381390133],9.924,-4.235,2.157,,,
[1758212568386511331],10.065,-4.314,2.677,,,
[1758212568391644664],9.282,-4.209,2.167,,,
[1758212568396812997],10.01,-4.209,2.337,,,
[1758212568402007112],9.218,-4.089,2.27,,,
[1758212568407115237],10.111,-4.147,2.545,,,
[1758212568412282789],9.644,-4.01,2.48,,,
[1758212568417410810],10.228,-4.288,2.526,,,
[1758212568422605549],9.222,-4.02,2.677,,,
[1758212568427742320],10.544,-4.063,2.581,,,
[1758212568433000758],9.196,-3.9,2.107,,,
[1758212568438102633],10.594,-3.836,2.231,,,
[1758212568443244872],9.263,-3.761,2.184,,,
[1758212568448343414],10.537,-4.034,2.234,,,
[1758212568453856956],9.225,-3.689,2.195,,,
[1758212568458987112],10.611,-4.015,2.322,,,
[1758212568464426851],9.148,-3.938,2.535,,,
[1758212568469543414],10.594,-3.96,2.581,,,
[1758212568474750549],9.28,-3.965,2.344,,,
[1758212568479841174],10.35,-3.874,2.195,,,
[1758212568484913101],9.34,-4.027,2.224,,,
[1758212568490002581],10.288,-3.867,2.212,,,
[1758212568495391591],9.191,-3.96,2.248,,,
[1758212568500556278],10.247,-3.867,2.028,,,
[1758212568505695601],9.481,-4.235,2.6,,,
[1758212568510798153],9.531,-4.013,2.021,,,
[1758212568515979976],9.342,-4.389,2.011,,,
[1758212568521089091],9.471,-3.847,2.047,,,
[1758212568526287633],9.297,-4.302,2.136,,,
[1758212568531380862],9.316,-4.226,1.664,,,
[1758212568536557372],9.172,-4.305,1.923,,,
[1758212568541756278],8.851,-4.264,1.539,,,
[1758212568546878570],9.606,-4.7,2.277,,,
[1758212568551974768],8.495,-4.381,1.8,,,
[1758212568557138778],9.646,-4.848,2.263,,,
[1758212568562800237],8.531,-4.621,1.748,,,
[1758212568567937424],9.835,-4.944,2.361,,,
[1758212568574284664],8.195,-4.793,1.298,,,
[1758212568580742476],9.203,-4.781,1.729,,,
[1758212568585988935],8.995,-4.966,1.882,,,
[1758212568591119612],8.839,-4.788,1.559,,,
[1758212568596319508],8.959,-5.174,1.688,,,
[1758212568603485549],7.848,-5.028,2.085,,,
[1758212568609206799],9.459,-5.08,2.071,,,
[1758212568614348778],8.186,-5.037,1.7,,,
[1758212568619460653],9.625,-5.224,1.848,,,
[1758212568624663310],8.076,-5.136,2.579,,,
[1758212568629768101],9.45,-4.896,1.659,,,
[1758212568634879195],8.169,-5.088,1.769,,,
[1758212568639988935],9.206,-5.042,1.968,,,
[1758212568645151695],8.234,-4.966,2.133,,,
[1758212568650396435],8.997,-4.92,1.571,,,
[1758212568655538935],8.413,-4.966,2.334,,,
[1758212568660633726],9.299,-4.927,1.755,,,
[1758212568665734143],8.538,-4.99,1.956,,,
[1758212568670842997],9.067,-4.831,1.599,,,
[1758212568676357476],9.285,-5.136,2.107,,,
[1758212568681489872],8.981,-4.666,1.963,,,
[1758212568687777164],9.72,-5.047,2.301,,,
[1758212568693469612],8.286,-4.666,2.109,,,
[1758212568698597424],10.015,-4.858,2.169,,,
[1758212568703813935],8.578,-4.527,2.284,,,
[1758212568708942320],10.123,-4.604,2.296,,,
[1758212568714080133],8.715,-4.53,2.337,,,
[1758212568719195862],10.211,-4.477,2.296,,,
[1758212568724409091],8.985,-4.293,2.382,,,
[1758212568729521643],10.324,-4.152,2.263,,,
[1758212568734736330],9.191,-4.276,2.43,,,
[1758212568739947164],10.439,-4.269,2.286,,,
[1758212568745089403],9.208,-4.132,2.547,,,
[1758212568750229976],10.523,-3.831,2.31,,,
[1758212568755358935],9.438,-4.068,2.595,,,
[1758212568760481383],10.185,-3.685,2.246,,,
[1758212568765634351],9.572,-3.962,2.344,,,
[1758212568774954924],9.199,-3.8,2.581,,,
[1758212568781627789],9.799,-3.577,2.346,,,
[1758212568786893258],10.386,-3.97,2.512,,,
[1758212568792030653],9.823,-3.668,2.018,,,
[1758212568797163414],10.319,-3.907,2.538,,,
[1758212568804628570],9.402,-3.79,2.27,,,
[1758212568810113049],10.81,-3.723,2.342,,,
[1758212568815283622],9.266,-3.857,2.203,,,
[1758212568820410914],10.467,-3.699,2.114,,,
[1758212568825623101],9.503,-3.785,2.114,,,
[1758212568830732320],10.001,-3.589,2.042,,,
[1758212568835834299],9.464,-4.125,2.15,,,
[1758212568840950185],9.857,-3.725,2.327,,,
[1758212568846097737],9.34,-3.895,2.253,,,
[1758212568851210757],9.888,-3.78,2.076,,,
[1758212568856413830],9.419,-4.29,2.076,,,
[1758212568861533726],9.275,-3.943,1.757,,,
[1758212568866682112],9.694,-4.307,1.901,,,
[1758212568871766851],9.136,-4.037,1.788,,,
[1758212568876920289],9.436,-4.513,1.99,,,
[1758212568882080289],8.983,-4.015,1.846,,,
[1758212568888798518],9.929,-4.63,1.8,,,
[1758212568895141643],8.291,-4.707,2.102,,,
[1758212568900394716],9.555,-4.611,1.566,,,
[1758212568905522320],8.519,-4.764,2.078,,,
[1758212568911734768],8.485,-4.82,1.551,,,
[1758212568917278257],9.232,-5.104,2.002,,,
[1758212568922476278],8.313,-4.805,1.559,,,
[1758212568927635393],9.175,-5.411,1.86,,,
[1758212568932815132],8.011,-5.083,2.243,,,
[1758212568937919560],9.187,-5.444,2.066,,,
[1758212568943023518],7.834,-5.052,1.76,,,
[1758212568948123414],9.455,-5.212,1.951,,,
[1758212568953284403],7.846,-5.085,1.832,,,
[1758212568958521643],9.218,-5.48,1.738,,,
[1758212568963639091],7.954,-5.171,1.865,,,
[1758212568968782164],9.371,-5.32,1.99,,,
[1758212568974117737],8.229,-5.179,1.944,,,
[1758212568979244091],9.51,-5.219,1.908,,,
[1758212568984359612],8.088,-5.339,2.552,,,
[1758212568989483101],9.4,-5.351,2.2,,,
[1758212568994992841],8.523,-5.236,2.128,,,
[1758212569000214091],9.369,-5.08,1.767,,,
[1758212569005337789],8.485,-5.128,2.26,,,
[1758212569010434299],9.651,-4.934,1.932,,,
[1758212569015563570],8.882,-4.889,2.255,,,
[1758212569020672789],9.787,-4.659,2.179,,,
[1758212569026164403],9.524,-5.057,2.215,,,
[1758212569031291382],9.531,-4.58,2.011,,,
[1758212569036446330],9.577,-4.633,2.37,,,
[1758212569041647737],9.507,-4.369,2.011,,,
[1758212569046798257],9.503,-4.398,2.557,,,
[1758212569051902112],9.419,-4.087,1.899,,,
[1758212569057032268],10.432,-4.298,2.327,,,
[1758212569062225237],9.167,-3.838,2.124,,,
[1758212569067357112],10.262,-4.161,2.464,,,
[1758212569073679403],9.012,-3.974,2.442,,,
[1758212569080061122],10.599,-3.867,2.224,,,
[1758212569085292893],9.517,-3.948,2.181,,,
[1758212569090389091],10.276,-3.711,2.26,,,
[1758212569095542007],9.476,-3.797,2.423,,,
[1758212569100952841],10.297,-3.496,1.97,,,
[1758212569106036330],9.55,-3.869,2.243,,,
[1758212569111131434],9.874,-3.553,2.243,,,
[1758212569116278309],9.852,-3.955,2.528,,,
[1758212569121412997],9.888,-3.409,2.057,,,
[1758212569126742164],9.883,-3.685,2.504,,,
[1758212569133256799],8.753,-3.505,2.021,,,
[1758212569138523309],10.463,-3.982,2.145,,,
[1758212569143636643],9.036,-3.541,2.095,,,
[1758212569148720184],10.252,-3.984,2.246,,,
[1758212569153847268],8.586,-3.649,1.982,,,
[1758212569158942789],10.388,-4.053,1.844,,,
[1758212569164055445],8.861,-3.814,1.932,,,
[1758212569169185497],10.293,-4.087,1.712,,,
[1758212569174444299],8.746,-4.022,1.791,,,
[1758212569179636591],10.025,-4.365,1.769,,,
[1758212569184749403],8.483,-4.082,2.054,,,
[1758212569189832528],9.699,-4.305,1.872,,,
[1758212569194976539],8.547,-4.436,1.927,,,
[1758212569200069924],9.919,-4.429,1.774,,,
[1758212569205231695],8.418,-4.53,2.014,,,
[1758212569210757945],9.335,-4.389,1.587,,,
[1758212569215958726],8.667,-4.951,2.277,,,
[1758212569221118414],9.093,-4.702,2.109,,,
[1758212569226315080],8.449,-4.982,2.116,,,
[1758212569231407372],8.686,-4.934,1.712,,,
[1758212569236530341],9.232,-5.181,2.274,,,
[1758212569241953934],8.533,-4.999,1.741,,,
[1758212569247121903],9.131,-5.267,2.231,,,
[1758212569252412841],8.583,-5.145,2.203,,,
[1758212569257664559],9.661,-5.406,2.622,,,
[1758212569262895705],8.279,-5.212,2.409,,,
[1758212569267989820],9.555,-5.286,2.423,,,
[1758212569273182268],8.425,-5.076,2.174,,,
[1758212569278289455],9.79,-5.389,2.452,,,
[1758212569283418518],8.396,-5.078,2.274,,,
[1758212569288583205],9.816,-5.449,2.193,,,
[1758212569293791747],8.358,-5.023,2.179,,,
[1758212569298976486],10.034,-5.346,2.531,,,
[1758212569304069559],8.274,-5.04,2.037,,,
[1758212569309197164],9.998,-5.102,2.095,,,
[1758212569314332997],8.389,-4.774,2.562,,,
[1758212569319931747],10.048,-4.755,2.332,,,
[1758212569325119039],8.672,-4.731,2.334,,,
[1758212569330262268],10.13,-4.705,2.251,,,
[1758212569335392476],8.966,-4.484,2.406,,,
[1758212569340506695],10.044,-4.283,2.081,,,
[1758212569345620914],8.942,-4.386,2.229,,,
[1758212569350731018],9.881,-4.101,2.186,,,
[1758212569356294559],9.608,-4.336,2.236,,,
[1758212569362757736],9.014,-4.089,2.002,,,
[1758212569368050184],10.558,-4.125,2.231,,,
[1758212569373224559],9.213,-3.685,2.006,,,
[1758212569378304091],10.491,-4.051,2.33,,,
[1758212569383422476],9.158,-3.704,1.958,,,
[1758212569388649455],10.477,-4.065,2.03,,,
[1758212569393768570],8.904,-3.699,1.985,,,
[1758212569398846018],10.487,-3.852,2.152,,,
[1758212569404022632],8.878,-3.608,2.009,,,
[1758212569409248466],10.58,-3.694,1.614,,,
[1758212569414424195],8.622,-3.534,2.1,,,
[1758212569419553205],10.307,-3.721,1.729,,,
[1758212569425098986],8.899,-3.642,1.575,,,
[1758212569430241695],10.015,-3.819,1.834,,,
[1758212569435349403],8.787,-3.926,1.913,,,
[1758212569440431539],9.922,-3.9,2.138,,,
[1758212569445566643],8.794,-3.998,2.009,,,
[1758212569450675080],9.852,-3.893,1.812,,,
[1758212569455771382],8.701,-4.252,2.069,,,
[1758212569460992841],9.713,-4.068,1.719,,,
[1758212569466552476],9.041,-4.405,1.889,,,
[1758212569471788830],9.292,-4.166,1.365,,,
[1758212569476987007],9.503,-4.654,1.889,,,
[1758212569482082007],8.528,-4.47,1.484,,,
[1758212569487214507],9.515,-4.8,1.98,,,
[1758212569492488726],8.729,-4.671,1.59,,,
[1758212569497642736],9.091,-4.925,1.894,,,
[1758212569502906903],8.217,-4.748,2.009,,,
[1758212569508094247],9.395,-5.131,2.303,,,
[1758212569513311747],7.925,-4.776,2.083,,,
[1758212569518427059],9.632,-5.128,2.313,,,
[1758212569523628466],8.109,-5.167,2.052,,,
[1758212569528776747],9.735,-5.358,2.025,,,
[1758212569535354038],8.533,-5.329,2.713,,,
[1758212569540596955],9.419,-5.219,2.215,,,
[1758212569545712476],8.641,-5.32,2.358,,,
[1758212569550809559],9.404,-5.131,2.222,,,
[1758212569555943570],8.49,-5.128,2.342,,,
[1758212569561042580],9.742,-5.04,2.2,,,
[1758212569566144455],8.792,-5.198,2.741,,,
[1758212569572513674],8.712,-4.882,2.365,,,
[1758212569578300966],10.264,-5.265,2.315,,,
[1758212569583402997],8.552,-4.767,2.042,,,
[1758212569588513466],10.324,-5.009,2.552,,,
[1758212569593667320],8.818,-4.748,2.478,,,
[1758212569598778049],10.398,-4.635,2.401,,,
[1758212569603853570],8.708,-4.532,2.394,,,
[1758212569608939872],10.465,-4.446,2.294,,,
[1758212569614123413],8.811,-4.25,2.655,,,
[1758212569619366434],10.501,-4.24,2.255,,,
[1758212569624548778],8.961,-3.881,2.291,,,
[1758212569629658830],10.58,-4.104,1.994,,,
[1758212569634808674],9.041,-3.847,2.207,,,
[1758212569641297476],10.262,-3.764,1.97,,,
[1758212569646559768],9.969,-4.166,1.985,,,
[1758212569651676695],9.819,-3.666,1.877,,,
[1758212569656774820],10.051,-3.903,2.124,,,
[1758212569661882007],9.62,-3.63,1.662,,,
[1758212569666994507],9.936,-3.867,2.025,,,
[1758212569672095601],9.553,-3.577,1.963,,,
[1758212569677295445],10.005,-3.843,2.181,,,
[1758212569684738465],8.772,-3.472,1.863,,,
[1758212569690028674],10.202,-3.531,1.635,,,
[1758212569695197632],8.746,-3.546,1.793,,,
[1758212569700315340],10.072,-3.694,1.674,,,
[1758212569705445236],8.531,-3.869,1.966,,,
[1758212569710540288],9.843,-3.582,1.913,,,
[1758212569715657528],8.784,-3.955,2.444,,,
[1758212569720760340],9.464,-3.869,1.803,,,
[1758212569726017111],8.784,-4.075,1.741,,,
[1758212569731221174],9.316,-4.106,1.384,,,
[1758212569736351434],8.758,-4.367,1.913,,,
[1758212569741445601],9.218,-4.401,1.738,,,
[1758212569746806382],9.345,-4.748,1.697,,,
[1758212569751965236],8.741,-4.678,1.243,,,
[1758212569757064038],9.146,-5.052,1.561,,,
[1758212569762231122],8.428,-4.745,1.535,,,
[1758212569767367580],9.464,-5.265,2.047,,,
[1758212569772541903],8.485,-4.901,1.889,,,
[1758212569777719559],9.021,-5.382,2.528,,,
[1758212569782961226],8.109,-5.1,2.184,,,
[1758212569788086434],9.646,-5.382,2.385,,,
[1758212569793614195],8.181,-5.358,2.387,,,
[1758212569798768153],9.596,-5.526,2.428,,,
[1758212569803890080],8.078,-5.313,2.444,,,
[1758212569809002007],9.991,-5.511,2.342,,,
[1758212569814138830],8.126,-5.334,2.016,,,
[1758212569819285497],9.663,-5.622,2.586,,,
[1758212569824543049],8.533,-5.157,2.682,,,
[1758212569829647372],10.259,-5.148,2.227,,,
[1758212569834907215],8.622,-5.234,2.722,,,
[1758212569840068101],10.044,-5.162,2.48,,,
[1758212569849472059],10.453,-5.088,2.708,,,
[1758212569855705236],9.026,-4.764,2.6,,,
[1758212569862015913],9.275,-4.475,1.853,,,
[1758212569867264038],10.269,-4.669,2.222,,,
[1758212569872441226],9.426,-4.152,2.294,,,
[1758212569877608153],10.005,-4.499,2.267,,,
[1758212569882764247],9.493,-4.142,2.195,,,
[1758212569887904143],10.211,-4.317,2.528,,,
[1758212569893002372],9.143,-3.757,2.045,,,
[1758212569898107424],10.726,-4.037,2.397,,,
[1758212569903581695],9.017,-3.656,2.1,,,
[1758212569908807788],10.501,-3.986,1.796,,,
[1758212569913928830],9.134,-3.563,1.942,,,
[1758212569919052424],10.637,-3.596,1.705,,,
[1758212569924274872],8.933,-3.472,1.839,,,
[1758212569929503049],10.472,-3.658,1.757,,,
[1758212569934665965],8.794,-3.445,2.023,,,
[1758212569939809142],10.613,-3.443,1.827,,,
[1758212569944959924],8.734,-3.299,1.951,,,
[1758212569950138361],10.135,-3.373,1.63,,,
[1758212569955294507],8.909,-3.539,1.621,,,
[1758212569960868465],9.936,-3.385,1.729,,,
[1758212569966022111],8.823,-3.735,2.033,,,
[1758212569971200549],9.706,-3.369,1.769,,,
[1758212569976464351],9.23,-3.907,2.045,,,
[1758212569981605340],9.273,-3.546,1.705,,,
[1758212569986694195],8.818,-3.994,1.891,,,
[1758212569991843205],9.282,-4.106,1.595,,,
[1758212569997018309],9.0,-4.539,1.693,,,
[1758212570002255132],9.139,-4.247,1.669,,,
[1758212570007469455],9.448,-4.762,1.877,,,
[1758212570012983257],8.516,-4.58,1.841,,,
[1758212570018128934],9.476,-5.042,1.975,,,
[1758212570023360288],8.056,-4.843,1.705,,,
[1758212570028523830],9.692,-5.203,2.306,,,
[1758212570033623153],7.762,-5.241,2.004,,,
[1758212570038742736],9.606,-5.49,2.538,,,
[1758212570043960601],7.927,-5.318,2.251,,,
[1758212570049219611],10.029,-5.583,2.701,,,
[1758212570054391226],8.183,-5.452,2.866,,,
[1758212570059514976],9.914,-5.646,2.753,,,
[1758212570064679299],8.411,-5.509,2.521,,,
[1758212570070087215],10.08,-5.586,2.476,,,
[1758212570075317372],8.296,-5.672,2.801,,,
[1758212570080429247],10.151,-5.291,2.624,,,
[1758212570085602945],8.82,-5.401,2.837,,,
[1758212570090797476],9.9,-5.42,2.516,,,
[1758212570095949559],8.902,-5.504,2.895,,,
[1758212570101048361],10.051,-4.992,2.753,,,
[1758212570106253101],9.352,-5.279,2.528,,,
[1758212570111356070],10.132,-4.865,2.006,,,
[1758212570116463778],9.143,-5.042,2.653,,,
[1758212570122990184],9.297,-4.547,2.176,,,
[1758212570128240288],10.376,-4.666,2.547,,,
[1758212570133340444],9.206,-4.202,2.145,,,
[1758212570138419611],10.566,-4.439,2.435,,,
[1758212570143559715],9.048,-3.922,2.037,,,
[1758212570148655757],10.695,-3.967,2.145,,,
[1758212570153741226],8.794,-3.821,2.033,,,
[1758212570158817840],10.594,-4.132,2.219,,,
[1758212570163987892],8.665,-3.472,1.647,,,
[1758212570169188465],10.618,-3.733,1.422,,,
[1758212570174420340],8.741,-3.433,1.202,,,
[1758212570179948517],10.453,-3.508,1.027,,,
[1758212570185092111],8.93,-3.177,0.955,,,
[1758212570190219090],10.343,-3.541,1.41,,,
[1758212570195406538],8.844,-3.249,1.281,,,
[1758212570200521642],10.173,-3.208,1.058,,,
[1758212570205615132],8.497,-3.555,1.872,,,
[1758212570210750444],10.082,-3.165,1.82,,,
[1758212570216027840],8.483,-3.517,1.228,,,
[1758212570221319715],9.433,-3.488,1.573,,,
[1758212570226921122],9.268,-3.749,1.415,,,
[1758212570232048674],8.574,-3.572,0.96,,,
[1758212570237232111],9.342,-4.005,1.429,,,
[1758212570242442736],8.574,-3.893,1.654,,,
[1758212570247604663],9.309,-4.207,1.829,,,
[1758212570252832424],8.681,-4.238,1.719,,,
[1758212570257956642],9.747,-4.798,2.124,,,
[1758212570263113622],8.138,-4.707,1.53,,,
[1758212570268216434],9.685,-5.071,2.016,,,
[1758212570273392111],8.212,-5.001,2.705,,,
[1758212570278571017],9.742,-5.083,2.028,,,
[1758212570283699611],8.346,-5.32,2.002,,,
[1758212570288926330],9.785,-5.543,2.83,,,
[1758212570294039299],8.056,-5.425,2.691,,,
[1758212570299193205],9.955,-5.737,2.904,,,
[1758212570304300861],8.171,-5.43,2.466,,,
[1758212570309390601],10.233,-5.794,2.619,,,
[1758212570314537736],8.442,-5.48,2.847,,,
[1758212570319671174],10.116,-5.715,3.007,,,
[1758212570324891694],8.655,-5.61,3.11,,,
[1758212570329992944],10.278,-5.66,2.806,,,
[1758212570335602996],9.151,-5.598,2.986,,,
[1758212570340780132],10.376,-5.492,2.823,,,
[1758212570345902632],9.134,-5.526,2.775,,,
[1758212570351016851],10.685,-5.126,2.507,,,
[1758212570356158986],9.857,-5.25,2.782,,,
[1758212570361259507],10.029,-4.75,2.737,,,
[1758212570366403517],9.74,-4.927,2.981,,,
[1758212570371550861],10.221,-4.525,2.528,,,
[1758212570376919559],10.063,-4.489,2.878,,,
[1758212570382239767],9.495,-4.135,2.296,,,
[1758212570387369715],10.053,-4.295,2.16,,,
[1758212570392558621],9.292,-3.591,1.633,,,
[1758212570399224090],10.544,-3.886,1.937,,,
[1758212570404453205],8.957,-3.582,2.14,,,
[1758212570409544663],10.494,-3.8,2.148,,,
[1758212570414648101],8.693,-3.244,1.566,,,
[1758212570419757892],10.568,-3.67,0.919,,,
[1758212570424945549],8.71,-3.168,1.499,,,
[1758212570430051486],10.489,-3.225,0.666,,,
[1758212570435216590],8.487,-3.278,0.927,,,
[1758212570441510392],9.369,-3.05,0.666,,,
[1758212570446811330],9.457,-3.134,1.018,,,
[1758212570451923934],9.278,-3.211,1.312,,,
[1758212570457103309],8.897,-3.282,0.941,,,
[1758212570462277736],8.928,-3.151,0.575,,,
[1758212570467445757],9.495,-3.534,1.271,,,
[1758212570472659194],8.301,-3.242,1.25,,,
[1758212570477789976],9.143,-3.687,1.638,,,
[1758212570482995132],8.085,-3.716,1.52,,,
[1758212570488107476],9.407,-4.173,1.815,,,
[1758212570493277892],7.889,-4.14,1.551,,,
[1758212570498454038],9.371,-4.614,1.923,,,
[1758212570505001278],7.848,-4.487,1.302,,,
[1758212570510237319],9.534,-4.922,1.635,,,
[1758212570515358257],7.968,-5.028,2.286,,,
[1758212570520447319],9.893,-4.999,2.26,,,
[1758212570525627371],8.566,-5.471,2.753,,,
[1758212570530719507],9.517,-5.478,2.715,,,
[1758212570535813205],8.521,-5.665,2.825,,,
[1758212570540923413],9.644,-5.435,2.55,,,
[1758212570546400965],8.638,-5.88,2.969,,,
[1758212570551632267],9.373,-5.54,2.626,,,
[1758212570556748361],9.665,-6.043,2.626,,,
[1758212570561829142],9.555,-5.646,2.591,,,
[1758212570566934038],9.725,-5.844,3.12,,,
[1758212570572088934],9.68,-5.581,3.005,,,
[1758212570579425184],10.628,-5.906,3.122,,,
[1758212570585745913],9.498,-5.634,3.153,,,
[1758212570590992007],10.422,-5.478,2.842,,,
[1758212570596167111],9.589,-5.289,3.292,,,
[1758212570601297423],10.549,-5.1,2.662,,,
[1758212570606428621],9.632,-5.167,2.83,,,
[1758212570612926226],9.38,-4.506,2.382,,,
[1758212570619263882],10.827,-4.642,2.377,,,
[1758212570624569663],8.921,-4.164,2.217,,,
[1758212570629714194],10.953,-4.216,1.776,,,
[1758212570634844351],8.95,-3.84,1.8,,,
[1758212570639939507],10.329,-3.905,1.686,,,
[1758212570645054246],8.734,-3.57,1.642,,,
[1758212570650149611],10.513,-3.553,1.827,,,
[1758212570655625080],8.543,-3.464,1.439,,,
[1758212570660756121],10.221,-3.156,1.027,,,
[1758212570665994871],8.94,-3.156,1.492,,,
[1758212570671082371],9.462,-2.971,1.075,,,
[1758212570676269871],8.693,-3.191,1.053,,,
[1758212570681365757],9.201,-3.203,0.924,,,
[1758212570686498048],8.327,-2.983,1.176,,,
[1758212570691576330],9.194,-2.947,0.543,,,
[1758212570696701069],8.818,-3.45,1.326,,,
[1758212570701803934],8.993,-3.041,1.056,,,
[1758212570707023517],8.916,-3.496,1.439,,,
[1758212570712205444],8.748,-3.603,1.3,,,
[1758212570717349455],9.064,-3.831,1.245,,,
[1758212570723058257],7.772,-3.828,1.446,,,
[1758212570728206278],9.653,-4.144,1.796,,,
[1758212570733391226],7.977,-3.962,1.384,,,
[1758212570738503673],9.637,-4.563,1.559,,,
[1758212570743623361],8.169,-4.489,1.535,,,
[1758212570748753361],9.711,-4.803,1.98,,,
[1758212570753862423],8.375,-5.066,2.65,,,
[1758212570759002476],10.001,-5.358,2.294,,,
[1758212570764644559],8.083,-5.236,2.722,,,
[1758212570769836642],10.264,-5.698,2.789,,,
[1758212570775026486],8.65,-5.447,3.005,,,
[1758212570780127580],10.12,-5.703,3.498,,,
[1758212570785247371],8.854,-5.945,3.33,,,
[1758212570790372736],10.458,-5.787,3.038,,,
[1758212570795557319],9.203,-5.705,3.345,,,
[1758212570800714507],10.661,-5.981,3.072,,,
[1758212570805911694],9.34,-5.708,3.096,,,
[1758212570811102580],10.673,-5.423,2.976,,,
[1758212570816263830],10.065,-5.837,3.297,,,
[1758212570821422840],10.403,-5.239,2.916,,,
[1758212570826692267],9.596,-5.459,2.856,,,
[1758212570832353621],9.565,-5.2,2.861,,,
[1758212570838122475],10.561,-5.222,3.158,,,
[1758212570843475600],9.278,-4.796,2.267,,,
[1758212570848605965],10.534,-4.985,2.164,,,
[1758212570853761069],8.727,-4.556,2.133,,,
[1758212570858942007],10.501,-4.585,1.492,,,
[1758212570864091642],8.758,-3.958,1.815,,,
[1758212570869231903],10.262,-3.974,1.834,,,
[1758212570875903413],8.59,-3.783,1.369,,,
[1758212570881148621],10.058,-3.776,1.475,,,
[1758212570886299246],8.504,-3.417,1.013,,,
[1758212570891391382],9.732,-3.115,0.632,,,
[1758212570896586278],8.787,-3.287,1.305,,,
[1758212570901707215],8.847,-3.017,1.168,,,
[1758212570906824246],9.005,-3.103,1.188,,,
[1758212570911897007],8.964,-2.82,0.982,,,
[1758212570917030861],8.648,-3.438,1.788,,,
[1758212570922333361],8.583,-2.856,0.673,,,
[1758212570927575548],9.098,-3.364,1.269,,,
[1758212570932765548],8.521,-3.342,1.183,,,
[1758212570938325548],8.89,-3.467,1.267,,,
[1758212570945870548],7.968,-3.984,1.587,,,
[1758212570951347059],9.625,-3.754,1.319,,,
[1758212570956511017],8.049,-4.027,1.899,,,
[1758212570961581694],9.455,-4.183,1.425,,,
[1758212570966701173],8.988,-4.477,2.004,,,
[1758212570971804663],9.117,-4.31,2.38,,,
[1758212570976991330],9.567,-4.966,2.466,,,
[1758212570982474767],9.232,-4.733,2.112,,,
[1758212570987614403],9.524,-5.394,3.206,,,
[1758212570992863673],9.024,-5.157,2.708,,,
[1758212570998150913],10.202,-5.162,2.696,,,
[1758212571003300600],9.007,-5.219,3.007,,,
[1758212571008400184],10.427,-5.969,3.108,,,
[1758212571013502736],9.127,-5.404,2.842,,,
[1758212571018578725],10.573,-5.78,3.259,,,
[1758212571023757371],9.548,-5.65,2.94,,,
[1758212571028862527],10.944,-5.995,3.299,,,
[1758212571034072684],9.112,-5.483,2.818,,,
[1758212571039312892],11.669,-5.713,2.866,,,
[1758212571044809663],9.148,-5.411,3.141,,,
[1758212571049931486],10.762,-5.77,2.813,,,
[1758212571055081225],9.268,-5.198,2.591,,,
[1758212571060202736],10.817,-5.109,2.89,,,
[1758212571065324819],9.117,-4.865,2.313,,,
[1758212571070455288],10.812,-4.812,2.89,,,
[1758212571075674923],8.48,-4.525,2.552,,,
[1758212571080807944],10.716,-4.164,1.901,,,
[1758212571086015027],8.959,-4.106,2.119,,,
[1758212571092631121],8.892,-3.689,1.353,,,
[1758212571097899194],9.467,-3.936,2.021,,,
[1758212571103052111],8.48,-3.579,1.523,,,
[1758212571108253309],9.524,-3.682,1.437,,,
[1758212571113398621],7.798,-3.263,1.188,,,
[1758212571118505392],9.527,-3.668,0.86,,,
[1758212571123686955],8.296,-3.134,0.934,,,
[1758212571128795132],9.529,-3.551,1.506,,,
[1758212571133931173],7.8,-3.024,0.596,,,
[1758212571139135027],9.143,-3.613,1.446,,,
[1758212571144325444],7.855,-3.428,1.647,,,
[1758212571150718830],9.117,-3.314,1.082,,,
[1758212571156000861],7.63,-3.926,1.856,,,
[1758212571161102944],9.409,-3.321,1.152,,,
[1758212571166216694],8.349,-3.773,1.765,,,
[1758212571171325861],9.594,-4.104,1.999,,,
[1758212571176504819],8.61,-4.142,2.397,,,
[1758212571181597163],9.155,-4.044,1.93,,,
[1758212571186692580],9.177,-4.65,2.073,,,
[1758212571191796590],9.72,-4.338,1.489,,,
[1758212571197443986],9.55,-5.114,2.349,,,
[1758212571202711902],9.021,-5.167,1.709,,,
[1758212571207849559],10.051,-5.361,2.789,,,
[1758212571212964350],9.469,-4.887,2.782,,,
[1758212571218036694],10.163,-5.624,2.648,,,
[1758212571223258569],9.426,-5.406,2.983,,,
[1758212571228360027],10.585,-5.432,3.519,,,
[1758212571233546746],9.452,-5.509,3.321,,,
[1758212571238776590],11.076,-5.748,3.34,,,
[1758212571243959975],9.172,-5.258,3.062,,,
[1758212571249063152],11.217,-5.816,3.045,,,
[1758212571254236434],9.845,-5.16,3.11,,,
[1758212571259795079],11.138,-5.509,2.691,,,
[1758212571264940444],9.108,-5.071,2.512,,,
[1758212571270038569],10.815,-5.332,2.574,,,
[1758212571275256121],8.928,-4.609,2.239,,,
[1758212571280374090],10.951,-4.611,1.853,,,
[1758212571285521694],8.543,-4.611,2.332,,,
[1758212571290660392],9.835,-4.391,1.973,,,
[1758212571295832736],8.806,-4.18,2.188,,,
[1758212571301025184],9.816,-4.24,2.023,,,
[1758212571308004194],9.194,-4.096,1.64,,,
[1758212571314657736],7.989,-3.649,1.695,,,
[1758212571321167527],9.735,-3.642,0.824,,,
[1758212571326456694],8.009,-3.402,1.664,,,
[1758212571331564819],8.411,-3.467,1.884,,,
[1758212571336642423],8.799,-3.666,1.233,,,
[1758212571341728829],8.866,-3.328,1.381,,,
[1758212571346850392],8.25,-3.938,1.166,,,
[1758212571351929194],8.645,-3.361,0.967,,,
[1758212571357014454],8.538,-3.654,1.322,,,
[1758212571362684923],8.815,-3.419,1.257,,,
[1758212571368041850],9.05,-4.037,1.786,,,
[1758212571373194923],8.475,-3.73,1.393,,,
[1758212571378261486],9.249,-4.345,1.793,,,
[1758212571383361902],8.554,-4.12,1.267,,,
[1758212571388448100],10.068,-4.7,2.413,,,
[1758212571393535236],8.569,-4.456,2.5,,,
[1758212571398623100],9.744,-4.901,2.662,,,
[1758212571403797684],8.6,-4.875,2.622,,,
[1758212571409135757],10.506,-5.341,2.986,,,
[1758212571414720184],8.724,-5.126,2.502,,,
[1758212571419810913],11.076,-5.377,2.808,,,
[1758212571424969298],9.184,-5.078,2.662,,,
[1758212571430066173],10.824,-5.076,2.279,,,
[1758212571435211434],9.325,-5.289,2.167,,,
[1758212571440300861],11.363,-5.519,2.725,,,
[1758212571445380704],9.06,-5.116,3.045,,,
[1758212571450545184],11.313,-5.181,2.466,,,
[1758212571455773100],9.771,-5.308,3.364,,,
[1758212571460949350],10.42,-5.001,3.424,,,
[1758212571466051590],9.689,-5.121,2.799,,,
[1758212571471164663],10.52,-4.872,2.713,,,
[1758212571476841694],9.045,-5.018,2.538,,,
[1758212571481940236],9.792,-4.47,2.148,,,
[1758212571487054298],9.448,-4.681,2.401,,,
[1758212571492304038],9.27,-4.013,1.575,,,
[1758212571497491329],9.536,-4.104,2.061,,,
[1758212571502640444],8.914,-3.972,1.654,,,
[1758212571507722527],9.007,-3.836,1.769,,,
[1758212571515829402],8.08,-3.943,1.329,,,
[1758212571522225236],8.885,-3.5,0.769,,,
[1758212571528663725],8.768,-3.584,1.429,,,
[1758212571533932215],7.654,-3.555,0.97,,,
[1758212571539050704],9.357,-3.867,1.59,,,
[1758212571544191121],7.032,-3.539,1.791,,,
[1758212571549297319],9.177,-3.886,1.358,,,
[1758212571554463673],7.764,-3.637,1.456,,,
[1758212571559558517],9.481,-4.219,2.023,,,
[1758212571564712527],7.281,-3.694,1.381,,,
[1758212571569834402],9.807,-4.228,1.887,,,
[1758212571575083621],7.855,-3.986,1.808,,,
[1758212571580188934],9.752,-4.398,1.863,,,
[1758212571585672996],8.399,-4.295,1.676,,,
[1758212571590799246],9.886,-4.781,2.749,,,
[1758212571595899090],8.487,-4.446,2.164,,,
[1758212571601000496],10.197,-4.664,2.164,,,
[1758212571606236902],8.66,-5.21,2.693,,,
[1758212571611367059],9.919,-5.057,2.868,,,
[1758212571616512840],9.531,-5.15,2.772,,,
[1758212571621931329],10.281,-5.061,2.602,,,
[1758212571627259506],9.697,-5.44,3.342,,,
[1758212571632563517],9.965,-4.982,2.868,,,
[1758212571637678621],10.563,-5.564,2.792,,,
[1758212571642887215],9.72,-5.083,2.741,,,
[1758212571648001433],10.831,-5.471,3.031,,,
[1758212571653110548],10.135,-4.908,2.698,,,
[1758212571658253725],10.453,-5.533,2.801,,,
[1758212571663408933],9.424,-4.982,2.042,,,
[1758212571668589767],10.958,-4.911,2.5,,,
[1758212571673930079],8.768,-4.492,2.093,,,
[1758212571679114975],10.872,-4.793,2.054,,,
[1758212571684257683],8.641,-4.243,2.138,,,
[1758212571689372736],10.183,-4.154,1.973,,,
[1758212571696885079],8.859,-4.041,2.107,,,
[1758212571702442683],9.141,-3.541,1.714,,,
[1758212571707603256],9.021,-3.917,1.681,,,
[1758212571712761642],8.691,-3.812,0.685,,,
[1758212571717893829],9.026,-3.733,0.939,,,
[1758212571723089871],7.815,-3.156,1.475,,,
[1758212571728528777],9.483,-3.886,1.302,,,
[1758212571733687423],7.786,-3.618,1.034,,,
[1758212571738822683],9.076,-3.745,1.372,,,
[1758212571744080704],7.604,-3.498,0.333,,,
[1758212571749214923],9.876,-4.111,1.336,,,
[1758212571754343673],7.566,-3.57,1.202,,,
[1758212571759452579],9.208,-4.31,1.432,,,
[1758212571764582215],7.963,-4.118,2.105,,,
[1758212571769746277],9.807,-4.3,2.349,,,
[1758212571774957215],7.614,-4.135,2.045,,,
[1758212571780069506],10.027,-4.539,1.736,,,
[1758212571785336590],8.25,-4.75,3.048,,,
[1758212571790538933],10.149,-4.865,2.567,,,
[1758212571795731069],8.89,-4.86,2.303,,,
[1758212571801450288],10.47,-5.212,2.72,,,
[1758212571806620808],9.06,-5.303,2.571,,,
[1758212571811736902],10.355,-4.997,2.385,,,
[1758212571816860913],10.151,-5.449,3.112,,,
[1758212571822003413],10.364,-5.243,2.626,,,
[1758212571827209558],10.206,-5.437,3.053,,,
[1758212571832416694],10.46,-4.831,2.892,,,
[1758212571837887840],10.951,-5.49,3.168,,,
[1758212571843201850],10.039,-5.033,2.464,,,
[1758212571848387788],10.815,-5.406,3.17,,,
[1758212571853507111],9.744,-4.669,2.679,,,
[1758212571858619194],10.846,-5.143,2.583,,,
[1758212571863888881],8.851,-4.788,2.358,,,
[1758212571869009454],10.64,-4.808,2.181,,,
[1758212571874214402],8.557,-4.365,2.272,,,
[1758212571879313569],10.482,-4.583,2.272,,,
[1758212571884469038],8.155,-3.68,1.741,,,
[1758212571889747371],9.768,-3.898,1.935,,,
[1758212571894891225],7.525,-3.759,1.808,,,
[1758212571900047840],9.85,-3.953,0.991,,,
[1758212571905271694],7.745,-3.349,0.979,,,
[1758212571911875392],8.703,-3.323,1.573,,,
[1758212571917137788],8.598,-3.634,1.369,,,
[1758212571922317163],8.411,-3.278,1.132,,,
[1758212571927516017],8.236,-3.802,1.279,,,
[1758212571932694923],8.339,-3.431,0.797,,,
[1758212571937835600],8.619,-4.13,1.702,,,
[1758212571943277788],7.8,-3.634,1.197,,,
[1758212571948389298],9.464,-4.132,1.724,,,
[1758212571953598465],8.305,-4.075,1.47,,,
[1758212571958855704],9.282,-4.535,2.698,,,
[1758212571963996902],8.205,-4.175,2.085,,,
[1758212571969119610],10.257,-4.846,1.999,,,
[1758212571974362996],8.095,-4.453,2.397,,,
[1758212571979508569],10.353,-4.899,2.389,,,
[1758212571984671798],8.6,-4.887,2.727,,,
[1758212571989796642],10.736,-5.497,2.605,,,
[1758212571994961277],9.026,-5.021,2.806,,,
[1758212572000140548],11.284,-5.581,2.782,,,
[1758212572005277683],9.44,-5.114,3.165,,,
[1758212572010557006],11.006,-5.363,2.72,,,
[1758212572015689142],9.735,-5.66,2.375,,,
[1758212572020817423],11.308,-5.243,2.741,,,
[1758212572026042215],9.562,-5.432,2.741,,,
[1758212572031143725],11.629,-5.176,2.782,,,
[1758212572036325548],9.852,-5.114,2.806,,,
[1758212572041458048],10.851,-5.035,2.301,,,
[1758212572046596433],9.656,-4.994,2.648,,,
[1758212572052097788],10.405,-4.662,2.193,,,
[1758212572057272840],9.333,-4.654,2.085,,,
[1758212572062435860],9.201,-4.096,1.784,,,
[1758212572067622267],9.39,-4.185,2.107,,,
[1758212572073972996],8.174,-3.642,1.63,,,
[1758212572079274402],9.515,-4.24,1.743,,,
[1758212572084462371],7.355,-3.541,1.283,,,
[1758212572089563048],9.268,-3.797,1.597,,,
[1758212572094692996],7.257,-3.381,1.207,,,
[1758212572099791642],9.407,-3.824,1.367,,,
[1758212572104921537],7.319,-3.646,1.31,,,
[1758212572110073569],8.94,-3.768,2.009,,,
[1758212572115323621],7.348,-3.622,1.377,,,
[1758212572121372215],9.452,-3.541,1.595,,,
[1758212572126583673],7.781,-4.068,1.731,,,
[1758212572131689975],9.112,-3.618,1.255,,,
[1758212572136826121],8.504,-4.065,2.444,,,
[1758212572141919871],9.16,-4.135,2.016,,,
[1758212572147023985],8.43,-4.417,1.97,,,
[1758212572152174558],9.555,-4.369,1.791,,,
[1758212572158455756],9.622,-4.757,2.911,,,
[1758212572163946069],8.969,-4.48,2.363,,,
[1758212572169033985],10.467,-5.267,2.646,,,
[1758212572174236902],9.12,-4.796,2.535,,,
[1758212572179341798],10.92,-5.083,2.72,,,
[1758212572184452892],9.62,-5.389,3.089,,,
[1758212572189555704],11.313,-5.399,3.048,,,
[1758212572194690235],9.117,-5.176,2.303,,,
[1758212572199855183],11.516,-5.734,2.679,,,
[1758212572205179454],9.316,-5.203,2.892,,,
[1758212572210339923],11.495,-5.361,2.339,,,
[1758212572215475756],9.227,-5.231,2.677,,,
[1758212572220598465],11.454,-5.353,2.634,,,
[1758212572226194662],9.922,-4.824,2.459,,,
[1758212572231393465],11.279,-4.973,2.337,,,
[1758212572236491017],9.136,-4.875,2.21,,,
[1758212572241632683],10.523,-4.389,1.867,,,
[1758212572246970287],9.407,-4.357,2.274,,,
[1758212572252173308],9.637,-3.903,1.439,,,
[1758212572257282162],8.583,-3.986,1.233,,,
[1758212572262453725],9.165,-3.883,1.199,,,
[1758212572267605808],8.842,-3.984,1.223,,,
[1758212572274124246],7.705,-3.814,1.221,,,
[1758212572279382527],9.728,-4.02,1.204,,,
[1758212572284506121],7.901,-3.587,1.049,,,
[1758212572289608673],9.61,-4.12,1.027,,,
[1758212572294749246],7.355,-3.754,1.14,,,
[1758212572299892683],9.34,-3.735,1.18,,,
[1758212572305021069],6.515,-3.503,1.856,,,
[1758212572310123621],8.789,-3.833,2.308,,,
[1758212572315318204],6.898,-3.484,2.071,,,
[1758212572320549454],8.777,-3.572,2.648,,,
[1758212572325757839],6.95,-3.764,2.423,,,
[1758212572331153152],8.971,-3.874,2.959,,,
[1758212572336345339],7.626,-4.307,2.825,,,
[1758212572378969142],10.898,-5.37,3.326,,,
[1758212572386266694],9.864,-5.32,3.117,,,
[1758212572391562787],11.463,-5.224,2.471,,,
[1758212572396685548],10.556,-5.629,3.294,,,
[1758212572401260392],11.806,-5.406,2.049,,,
[1758212572404995339],10.874,-5.452,1.709,,,
[1758212572408653308],12.495,-5.686,2.131,,,
[1758212572412318464],10.733,-5.341,1.168,,,
[1758212572415979142],11.437,-5.43,1.441,,,
[1758212572419636954],12.368,-5.227,0.845,,,
[1758212572423337267],9.761,-5.14,1.283,,,
[1758212572426994558],11.509,-5.179,1.508,,,
[1758212572430736121],10.819,-4.489,1.12,,,
[1758212572434487527],9.014,-4.345,1.207,,,
[1758212572438145235],11.229,-4.501,1.587,,,
[1758212572441846069],9.742,-4.101,0.005,,,
[1758212572445506329],8.942,-4.168,1.147,,,
[1758212572449189506],10.269,-4.013,1.235,,,
[1758212572452890756],8.806,-3.862,0.251,,,
[1758212572456566902],9.522,-4.233,0.333,,,
[1758212572460231537],9.33,-3.764,0.235,,,
[1758212572463933100],7.226,-3.553,0.649,,,
[1758212572467592579],8.799,-3.606,0.656,,,
[1758212572472350287],7.685,-3.44,0.407,,,
[1758212572476131485],7.891,-3.656,1.446,,,
[1758212572479809558],8.389,-3.39,1.686,,,
[1758212572483545183],5.99,-3.002,1.219,,,
[1758212572487209714],8.159,-3.642,1.946,,,
[1758212572490868569],7.377,-2.971,1.946,,,
[1758212572494552996],5.732,-3.089,2.179,,,
[1758212572498205548],7.628,-3.213,2.595,,,
[1758212572501890808],6.85,-3.115,2.581,,,
[1758212572505565131],6.433,-3.632,2.38,,,
[1758212572509227423],8.174,-3.986,2.636,,,
[1758212572512976746],6.464,-3.814,2.971,,,
[1758212572516702058],7.963,-4.073,3.017,,,
[1758212572520441746],8.95,-4.276,3.053,,,
[1758212572524131173],7.532,-4.336,3.261,,,
[1758212572527851381],9.079,-4.745,4.049,,,
[1758212572531632735],8.349,-4.24,3.601,,,
[1758212572535329350],8.274,-4.465,3.713,,,
[1758212572539009298],10.384,-5.028,3.924,,,
[1758212572542702839],8.633,-4.76,4.156,,,
[1758212572546364610],9.55,-5.066,4.152,,,
[1758212572550069714],10.841,-5.121,3.733,,,
[1758212572553780444],9.261,-5.306,3.61,,,
[1758212572557435704],11.243,-5.437,3.22,,,
[1758212572561161902],10.97,-5.097,3.577,,,
[1758212572564848308],9.792,-5.375,3.048,,,
[1758212572568515131],12.337,-5.782,3.007,,,
[1758212572572239871],11.052,-5.55,2.636,,,
[1758212572576357527],11.171,-5.751,2.861,,,
[1758212572580161485],12.519,-5.895,2.042,,,
[1758212572583905183],10.915,-5.772,1.985,,,
[1758212572587568360],12.538,-6.072,1.906,,,
[1758212572591288256],12.084,-5.442,1.475,,,
[1758212572594981954],11.013,-5.473,1.717,,,
[1758212572598669089],12.495,-5.624,1.065,,,
[1758212572602378569],11.102,-5.207,0.838,,,
[1758212572606044610],10.388,-4.951,1.14,,,
[1758212572609707423],11.463,-4.903,0.045,,,
[1758212572613415808],9.268,-4.331,-0.287,,,
[1758212572617120704],10.372,-4.887,0.613,,,
[1758212572620903829],10.499,-4.322,-0.472,,,
[1758212572624628100],9.086,-4.269,-0.407,,,
[1758212572628334506],10.635,-4.319,0.204,,,
[1758212572632268412],9.057,-3.917,-0.766,,,
[1758212572635949141],8.612,-4.008,0.091,,,
[1758212572639614454],9.409,-3.608,0.261,,,
[1758212572643292162],7.602,-3.33,-0.453,,,
[1758212572646975964],8.665,-3.658,0.946,,,
[1758212572650657371],8.289,-3.055,0.666,,,
[1758212572654344037],6.579,-2.77,0.898,,,
[1758212572658091069],8.205,-3.266,1.563,,,
[1758212572661780704],6.946,-2.631,1.01,,,
[1758212572665432475],6.381,-2.636,1.779,,,
[1758212572669089298],8.054,-2.789,2.073,,,
[1758212572672832683],5.842,-2.787,1.836,,,
[1758212572676569610],7.096,-3.316,2.184,,,
[1758212572680613152],7.611,-3.112,2.77,,,
[1758212572684451381],6.079,-2.988,2.787,,,
[1758212572688150287],8.507,-3.632,3.0,,,
[1758212572691856121],7.721,-3.622,2.902,,,
[1758212572695527423],7.424,-4.118,3.091,,,
[1758212572699191069],9.388,-4.381,4.044,,,
[1758212572702869975],7.654,-4.353,3.577,,,
[1758212572706526016],8.255,-4.326,3.895,,,
[1758212572710173152],9.584,-4.604,4.331,,,
[1758212572713874089],8.195,-4.377,4.611,,,
[1758212572717529298],9.953,-4.877,4.389,,,
[1758212572721286589],10.046,-4.839,4.278,,,
[1758212572725213673],9.043,-5.045,4.233,,,
[1758212572728948256],11.382,-5.442,4.173,,,
[1758212572732682944],9.847,-5.064,3.864,,,
[1758212572736338569],10.676,-5.531,3.194,,,
[1758212572739981329],11.715,-5.538,3.297,,,
[1758212572743677527],10.015,-5.358,2.938,,,
[1758212572747339037],11.787,-6.055,2.337,,,
[1758212572751039558],11.894,-5.708,2.478,,,
[1758212572754745079],10.506,-5.78,2.327,,,
[1758212572758406121],12.615,-6.017,1.944,,,
[1758212572762107266],11.174,-5.684,1.642,,,
[1758212572765802266],11.533,-5.88,1.697,,,
[1758212572769611589],12.651,-5.727,0.864,,,
[1758212572773299662],10.053,-5.186,1.525,,,
[1758212572776980912],11.128,-5.262,1.094,,,
[1758212572780663464],11.176,-4.642,0.443,,,
[1758212572784450964],8.878,-4.348,0.215,,,
[1758212572788377996],10.884,-4.937,0.34,,,
[1758212572792110235],9.261,-4.319,-0.074,,,
[1758212572795785756],9.038,-4.554,-0.05,,,
[1758212572799456589],10.3,-4.58,-0.141,,,
[1758212572803163777],7.752,-4.247,-0.139,,,
[1758212572807990756],9.579,-4.171,-0.304,,,
[1758212572811713412],8.777,-3.771,-0.263,,,
[1758212572815357943],7.269,-3.692,0.675,,,
[1758212572819056537],8.712,-3.512,0.469,,,
[1758212572822761641],6.898,-3.237,0.931,,,
[1758212572826419871],7.417,-3.493,1.398,,,
[1758212572830117475],7.796,-3.179,1.903,,,
[1758212572833941121],5.902,-3.038,1.36,,,
[1758212572837602943],7.647,-3.474,2.21,,,
[1758212572841337839],7.061,-2.911,2.325,,,
[1758212572844985183],6.22,-3.179,2.085,,,
[1758212572848656068],7.879,-3.675,3.543,,,
[1758212572852351016],6.929,-3.448,2.169,,,
[1758212572856043100],7.69,-3.472,2.334,,,
[1758212572859692683],9.495,-4.278,3.687,,,
[1758212572863332058],7.381,-3.967,3.213,,,
[1758212572867003152],8.437,-4.372,3.759,,,
[1758212572870659506],9.261,-4.25,4.005,,,
[1758212572874355548],8.064,-4.221,3.757,,,
[1758212572878046641],9.622,-4.585,4.065,,,
[1758212572882030912],9.266,-4.386,4.293,,,
[1758212572885751589],8.655,-4.554,4.175,,,
[1758212572889434923],10.903,-4.903,4.111,,,
[1758212572893405600],9.163,-4.535,3.917,,,
[1758212572897108152],10.939,-5.181,4.202,,,
[1758212572900774193],11.349,-5.186,3.579,,,
[1758212572904450027],10.053,-5.246,3.156,,,
[1758212572908107787],11.739,-5.571,3.069,,,
[1758212572911758308],11.107,-5.217,2.806,,,
[1758212572915456902],10.776,-5.605,2.655,,,
[1758212572919112631],12.763,-5.729,2.478,,,
[1758212572922814610],11.303,-5.456,1.336,,,
[1758212572926488985],11.607,-5.816,1.786,,,
[1758212572930264298],12.206,-5.753,1.269,,,
[1758212572934007110],10.532,-5.272,1.257,,,
[1758212572937671902],11.902,-5.497,1.446,,,
[1758212572941472162],10.961,-4.762,0.002,,,
[1758212572945172423],9.579,-4.7,0.151,,,
[1758212572948849923],11.109,-4.705,0.541,,,
[1758212572952528568],9.187,-4.254,-0.192,,,
[1758212572956182839],9.385,-4.532,0.189,,,
[1758212572959844818],11.023,-4.492,0.182,,,
[1758212572963596485],8.344,-4.223,-0.572,,,
[1758212572967285287],10.003,-4.348,-0.192,,,
[1758212572971102110],9.354,-3.859,-0.335,,,
[1758212572974814818],7.803,-3.903,-0.551,,,
[1758212572978494193],9.335,-3.924,0.28,,,
[1758212572982412058],7.266,-3.359,-0.014,,,
[1758212572986092943],7.096,-3.4,0.852,,,
[1758212572989775027],8.689,-3.555,0.919,,,
[1758212572993435339],6.038,-3.055,0.91,,,
[1758212572997428829],7.084,-3.273,1.877,,,
[1758212573001201589],7.367,-2.909,2.085,,,
[1758212573004873308],5.988,-3.017,1.946,,,
[1758212573008549506],7.946,-3.297,3.029,,,
[1758212573012213152],6.835,-3.139,2.887,,,
[1758212573015867058],6.515,-3.666,2.701,,,
[1758212573019519818],8.71,-3.962,2.978,,,
[1758212573023257370],7.219,-3.934,3.469,,,
[1758212573027114558],8.748,-4.31,3.311,,,
[1758212573030864454],9.005,-4.209,4.094,,,
[1758212573034624558],7.836,-4.082,3.982,,,
[1758212573038320079],9.541,-4.745,4.35,,,
[1758212573042034818],9.05,-4.465,4.444,,,
[1758212573045693256],8.856,-4.645,4.192,,,
[1758212573049371537],10.412,-5.009,4.666,,,
[1758212573053047266],9.052,-4.669,4.149,,,
[1758212573056728516],10.175,-5.107,4.113,,,
[1758212573060406745],11.107,-5.298,4.18,,,
[1758212573064103100],9.55,-5.358,4.164,,,
[1758212573067867839],11.906,-5.72,3.436,,,
[1758212573071593620],11.052,-5.65,3.352,,,
[1758212573075259870],10.305,-5.511,2.32,,,
[1758212573078926068],12.447,-5.983,2.727,,,
[1758212573082852631],11.138,-5.708,1.583,,,
[1758212573086575912],12.072,-5.602,1.599,,,
[1758212573090224037],12.759,-5.717,1.676,,,
[1758212573093896381],10.511,-5.464,1.255,,,
[1758212573097531745],11.72,-5.768,0.871,,,
[1758212573101256693],11.693,-5.157,1.355,,,
[1758212573105208256],10.046,-4.872,0.113,,,
[1758212573110362110],11.624,-5.169,0.072,,,
[1758212573116685287],8.904,-4.721,0.038,,,
[1758212573121920235],10.185,-4.245,-0.634,,,
[1758212573127058516],9.328,-4.415,-0.218,,,
[1758212573132231225],9.491,-3.888,-0.103,,,
[1758212573137441381],8.559,-4.008,-0.287,,,
[1758212573142603725],8.464,-3.409,0.029,,,
[1758212573147697214],7.192,-3.642,0.773,,,
[1758212573153009298],7.345,-3.053,0.946,,,
[1758212573158177423],7.479,-3.259,1.628,,,
[1758212573163391589],6.486,-2.614,1.082,,,
[1758212573168527110],7.084,-3.304,1.992,,,
[1758212573173643881],6.491,-2.883,2.552,,,
[1758212573178725287],7.338,-3.275,2.761,,,
[1758212573183993047],6.795,-3.697,3.153,,,
[1758212573189150131],9.177,-4.357,4.216,,,
[1758212573194329662],7.697,-4.041,4.106,,,
[1758212573199423881],9.555,-4.647,4.144,,,
[1758212573204543672],8.267,-4.413,4.137,,,
[1758212573209662527],10.345,-4.982,4.618,,,
[1758212573215221485],8.856,-4.834,4.123,,,
[1758212573220421693],11.341,-5.069,4.322,,,
[1758212573225861954],9.304,-5.322,4.391,,,
[1758212573231034870],12.136,-5.456,3.23,,,
[1758212573236296537],10.326,-5.741,2.983,,,
[1758212573241396954],12.385,-5.823,2.569,,,
[1758212573246489870],11.107,-5.827,1.609,,,
[1758212573252092579],12.704,-5.744,1.496,,,
[1758212573258241589],12.131,-5.933,1.528,,,
[1758212573263391902],10.91,-5.243,1.056,,,
[1758212573268547943],11.329,-5.346,0.699,,,
[1758212573273668360],9.833,-4.65,-0.208,,,
[1758212573278760235],10.376,-5.016,-0.05,,,
[1758212573283961433],9.464,-4.173,-0.977,,,
[1758212573289063204],9.895,-4.401,-0.479,,,
[1758212573297140808],7.994,-4.025,-0.105,,,
[1758212573302590287],8.377,-3.383,0.278,,,
[1758212573307694297],7.367,-3.625,0.529,,,
[1758212573312900860],8.083,-3.089,0.577,,,
[1758212573318073672],6.967,-3.452,2.143,,,
[1758212573323573412],6.352,-2.926,1.542,,,
[1758212573328695964],7.343,-3.326,2.107,,,
[1758212573336854089],5.691,-3.12,2.919,,,
[1758212573342212683],7.858,-3.151,2.768,,,
[1758212573347421745],7.942,-4.034,3.385,,,
[1758212573352552006],8.509,-3.862,3.637,,,
[1758212573357630443],8.6,-4.432,4.539,,,
[1758212573362776381],8.823,-4.154,4.731,,,
[1758212573367908100],9.112,-4.642,4.999,,,
[1758212573373002683],9.936,-4.48,4.293,,,
[1758212573378116433],10.116,-5.131,4.709,,,
[1758212573383348829],10.467,-4.858,3.905,,,
[1758212573388556172],11.626,-5.698,3.601,,,
[1758212573393649506],10.551,-5.629,2.859,,,
[1758212573398746172],12.275,-5.93,2.655,,,
[1758212573403880339],11.281,-5.586,1.568,,,
[1758212573408993672],12.574,-6.124,1.762,,,
[1758212573414107891],11.281,-5.382,1.228,,,
[1758212573419210183],12.117,-5.634,1.087,,,
[1758212573424370756],10.592,-5.126,0.706,,,
[1758212573429877631],11.375,-5.107,1.015,,,
[1758212573435112943],9.072,-4.592,0.299,,,
[1758212573440231954],10.903,-4.764,-0.182,,,
[1758212573445388047],8.784,-4.144,-0.105,,,
[1758212573452092422],9.199,-4.281,-0.266,,,
[1758212573457340339],8.198,-3.922,-0.639,,,
[1758212573462494818],8.72,-3.254,0.146,,,
[1758212573467568568],7.202,-3.654,0.989,,,
[1758212573472739454],7.343,-3.338,1.403,,,
[1758212573477880495],6.888,-3.493,1.999,,,
[1758212573483119037],6.783,-2.83,1.741,,,
[1758212573488227527],7.032,-3.189,2.112,,,
[1758212573493487422],6.922,-2.835,2.48,,,
[1758212573498705547],7.91,-3.512,2.998,,,
[1758212573503820547],7.317,-3.771,2.859,,,
[1758212573508889454],9.177,-4.422,4.338,,,
[1758212573514000183],7.997,-4.125,4.494,,,
[1758212573519153308],9.594,-4.523,5.15,,,
[1758212573524309818],8.296,-4.226,4.322,,,
[1758212573529482631],10.171,-5.143,4.966,,,
[1758212573535218568],9.1,-4.839,3.91,,,
[1758212573540471224],11.337,-5.116,4.393,,,
[1758212573545719402],9.905,-5.502,3.335,,,
[1758212573550812891],12.445,-5.669,2.535,,,
[1758212573555990339],10.731,-5.464,2.064,,,
[1758212573561515079],12.74,-5.861,2.267,,,
[1758212573566660443],11.198,-6.007,1.18,,,
[1758212573571951849],12.943,-5.622,0.687,,,
[1758212573579941329],12.359,-5.567,0.812,,,
[1758212573585372214],9.534,-4.626,0.883,,,
[1758212573590506849],11.164,-4.822,-0.031,,,
[1758212573595674349],9.246,-4.865,-0.029,,,
[1758212573600783620],11.037,-4.46,-0.342,,,
[1758212573605914610],8.215,-4.02,0.019,,,
[1758212573611026433],9.713,-4.135,-0.431,,,
[1758212573616147579],7.673,-3.785,-0.35,,,
[1758212573621260756],8.679,-3.649,-0.163,,,
[1758212573626428724],6.828,-3.448,0.508,,,
[1758212573631631172],8.064,-3.074,1.647,,,
[1758212573636746172],6.036,-2.928,1.858,,,
[1758212573642897474],7.278,-2.775,2.473,,,
[1758212573648044454],6.213,-3.323,3.39,,,
[1758212573653173360],6.553,-3.108,3.168,,,
[1758212573658278256],7.968,-3.936,3.871,,,
[1758212573663406641],8.097,-3.982,3.551,,,
[1758212573669583881],9.043,-4.432,3.967,,,
[1758212573676141797],8.229,-4.197,4.463,,,
[1758212573681378568],10.266,-4.568,4.927,,,
[1758212573686503933],9.009,-4.899,4.52,,,
[1758212573691656120],10.92,-5.104,3.802,,,
[1758212573696858776],9.644,-5.234,4.492,,,
[1758212573701944349],11.645,-5.318,3.625,,,
[1758212573707045964],10.867,-5.698,3.151,,,
[1758212573712272579],11.777,-5.586,2.48,,,
[1758212573717516537],11.559,-6.019,2.265,,,
[1758212573722776016],12.323,-5.88,1.638,,,
[1758212573727931016],11.607,-5.971,1.386,,,
[1758212573733042839],11.813,-5.195,0.747,,,
[1758212573738160860],10.901,-5.296,0.505,,,
[1758212573743378568],9.974,-4.453,0.081,,,
[1758212573748687474],10.36,-4.985,-0.053,,,
[1758212573753857318],9.651,-4.575,-0.393,,,
[1758212573759020391],9.517,-4.47,0.089,,,
[1758212573764172058],8.545,-3.96,-0.036,,,
[1758212573769297318],8.89,-3.986,0.587,,,
[1758212573775037839],6.962,-3.393,0.091,,,
[1758212573780173099],8.538,-3.479,0.982,,,
[1758212573785261224],6.661,-3.0,1.326,,,
[1758212573790409037],7.942,-3.081,2.107,,,
[1758212573795634558],5.806,-2.995,2.148,,,
[1758212573800764037],7.719,-3.491,2.863,,,
[1758212573805884401],5.832,-2.916,3.151,,,
[1758212573811006745],8.296,-3.575,3.115,,,
[1758212573816192683],7.202,-3.78,3.658,,,
[1758212573821362370],9.194,-4.199,4.18,,,
[1758212573826476901],7.973,-4.02,4.65,,,
[1758212573831586068],9.912,-4.381,4.594,,,
[1758212573836686172],8.667,-4.693,4.329,,,
[1758212573841766224],10.384,-5.035,4.882,,,
[1758212573846952370],9.685,-4.76,4.999,,,
[1758212573852104245],11.392,-5.145,3.826,,,
[1758212573857971797],11.152,-5.789,3.759,,,
[1758212573863212526],11.672,-5.514,2.066,,,
[1758212573868297266],11.499,-6.124,2.236,,,
[1758212573873414089],12.136,-5.703,1.092,,,
[1758212573878553308],11.964,-6.189,1.482,,,
[1758212573884028308],11.186,-5.394,0.797,,,
[1758212573889180287],11.705,-5.368,0.594,,,
[1758212573895168828],10.235,-4.786,0.448,,,
[1758212573900422110],10.879,-4.899,-0.35,,,
[1758212573905547787],8.961,-4.597,-0.534,,,
[1758212573910660495],10.238,-4.444,-0.393,,,
[1758212573915842578],8.083,-4.068,-0.776,,,
[1758212573920954453],9.574,-3.905,-0.572,,,
[1758212573926097631],7.063,-3.603,-0.134,,,
[1758212573931229401],8.313,-3.644,0.177,,,
[1758212573936367578],6.395,-3.259,0.898,,,
[1758212573943012162],7.269,-2.998,1.721,,,
[1758212573948106641],6.56,-3.141,2.157,,,
[1758212573953214558],6.764,-2.691,2.591,,,
[1758212573958306797],6.467,-3.333,3.275,,,
[1758212573964337422],7.001,-3.34,3.491,,,
[1758212573970875964],9.021,-4.226,4.367,,,
[1758212573976107474],7.58,-3.996,4.336,,,
[1758212573981198568],9.735,-4.211,4.207,,,
[1758212573986335131],8.732,-4.362,4.942,,,
[1758212573992918568],9.749,-4.647,4.389,,,
[1758212573998168881],10.221,-5.033,4.238,,,
[1758212574003279193],10.851,-4.841,3.73,,,
[1758212574008377422],11.116,-5.622,3.424,,,
[1758212574013520026],11.344,-5.533,2.559,,,
[1758212574018630651],11.511,-6.093,2.464,,,
[1758212574023748464],11.918,-5.818,1.166,,,
[1758212574028940339],12.823,-6.024,1.487,,,
[1758212574034144089],11.432,-5.526,0.721,,,
[1758212574039332006],12.354,-5.777,0.797,,,
[1758212574044488828],10.137,-4.973,0.599,,,
[1758212574049581224],10.755,-4.966,0.611,,,
[1758212574054728308],9.711,-4.602,-0.139,,,
[1758212574059833933],10.166,-4.87,0.038,,,
[1758212574064947787],8.612,-4.12,-0.587,,,
[1758212574070493203],9.737,-3.84,-0.838,,,
[1758212574075670808],7.405,-3.661,-0.101,,,
[1758212574080780651],8.531,-3.63,-0.022,,,
[1758212574085909193],6.297,-3.352,0.706,,,
[1758212574091084193],8.042,-3.115,1.48,,,
[1758212574096279297],6.091,-2.902,1.743,,,
[1758212574101742735],7.47,-3.007,2.346,,,
[1758212574106907683],5.605,-3.17,3.783,,,
[1758212574112215547],7.439,-3.055,3.285,,,
[1758212574117378516],7.175,-3.795,3.905,,,
[1758212574122578412],8.308,-3.8,3.807,,,
[1758212574127682318],8.059,-4.245,4.307,,,
[1758212574132915287],9.131,-4.135,4.872,,,
[1758212574138079610],8.554,-4.585,5.27,,,
[1758212574143290964],9.591,-4.525,4.156,,,
[1758212574148395183],10.025,-5.097,4.609,,,
[1758212574153540703],10.295,-4.942,4.202,,,
[1758212574158755547],11.545,-5.265,3.838,,,
[1758212574163878255],11.236,-5.38,2.966,,,
[1758212574168974037],11.7,-5.825,2.567,,,
[1758212574174181849],11.894,-5.902,1.954,,,
[1758212574180727474],13.144,-6.273,1.257,,,
[1758212574185979089],10.975,-5.6,0.903,,,
[1758212574191089505],12.476,-5.624,0.424,,,
[1758212574196291068],9.989,-4.808,0.29,,,
[1758212574201391380],11.234,-4.779,-0.201,,,
[1758212574206512005],9.459,-4.616,-0.175,,,
[1758212574212670599],9.57,-4.597,-0.589,,,
[1758212574217794089],8.691,-4.401,-0.503,,,
[1758212574223002110],9.301,-3.984,-0.943,,,
[1758212574228238776],7.616,-3.843,-0.002,,,
[1758212574233418047],7.276,-3.206,0.23,,,
[1758212574238524870],7.257,-3.323,1.29,,,
[1758212574243737370],6.697,-2.998,1.168,,,
[1758212574248827110],7.001,-2.919,2.325,,,
[1758212574253937839],5.997,-3.019,2.361,,,
[1758212574259035599],6.838,-3.292,3.333,,,
[1758212574266952422],7.051,-3.481,3.589,,,
[1758212574273761432],7.949,-3.859,3.256,,,
[1758212574280196224],9.182,-4.42,4.662,,,
[1758212574285421276],8.078,-4.156,4.705,,,
[1758212574290525287],10.499,-4.899,4.458,,,
[1758212574295738255],8.882,-4.635,4.884,,,
[1758212574300938724],11.08,-5.095,4.616,,,
[1758212574306070547],9.929,-5.145,4.032,,,
[1758212574311214401],12.536,-5.746,3.081,,,
[1758212574316377162],10.36,-5.708,2.818,,,
[1758212574321971901],12.443,-5.844,2.282,,,
[1758212574327569766],12.191,-6.103,1.894,,,
[1758212574332797162],12.488,-5.701,0.883,,,
[1758212574337919714],11.76,-5.926,0.824,,,
[1758212574343112630],11.554,-5.119,0.254,,,
[1758212574348229505],10.293,-4.951,0.299,,,
[1758212574353377735],10.487,-4.666,-0.915,,,
[1758212574358495547],9.685,-4.774,-0.668,,,
[1758212574363722995],8.655,-4.178,-0.613,,,
[1758212574369026328],9.177,-4.046,-0.132,,,
[1758212574374159610],8.212,-3.603,-0.431,,,
[1758212574379260026],7.97,-3.723,0.022,,,
[1758212574384398516],6.941,-3.086,0.606,,,
[1758212574389827110],7.97,-3.294,1.963,,,
[1758212574395019870],6.129,-2.851,1.887,,,
[1758212574400144245],7.348,-3.043,1.709,,,
[1758212574405274818],5.562,-3.084,2.483,,,
[1758212574410510651],7.386,-3.421,3.112,,,
[1758212574415680703],6.519,-3.333,3.692,,,
[1758212574420780755],8.885,-4.147,4.439,,,
[1758212574426012995],7.185,-4.082,4.64,,,
[1758212574431132891],9.242,-4.314,4.918,,,
[1758212574436652526],8.128,-4.432,5.308,,,
[1758212574441802266],10.199,-4.922,5.456,,,
[1758212574447059974],9.337,-5.035,4.891,,,
[1758212574452898203],11.049,-4.951,4.13,,,
[1758212574458194922],11.004,-5.662,3.917,,,
[1758212574463384297],11.662,-5.715,2.847,,,
[1758212574468519349],11.535,-5.974,2.751,,,
[1758212574473661693],12.04,-5.727,1.456,,,
[1758212574478759089],12.244,-6.213,1.111,,,
[1758212574483858412],12.045,-5.748,0.773,,,
[1758212574488957266],12.33,-5.772,0.874,,,
[1758212574494841484],10.348,-4.958,-0.227,,,
[1758212574501188307],11.305,-4.92,-1.058,,,
[1758212574506446537],9.517,-4.496,-0.352,,,
[1758212574511631328],10.262,-4.863,-0.704,,,
[1758212574516821276],8.186,-4.317,-1.034,,,
[1758212574521934974],9.594,-3.836,-0.091,,,
[1758212574527054401],7.511,-3.594,0.294,,,
[1758212574532227266],7.901,-3.338,0.117,,,
[1758212574537330703],6.534,-3.177,1.178,,,
[1758212574544799662],6.287,-2.679,1.484,,,
[1758212574550430026],7.604,-3.203,2.631,,,
[1758212574555605912],5.744,-3.038,3.366,,,
[1758212574560711068],7.57,-3.251,3.448,,,
[1758212574565839505],6.51,-3.596,3.567,,,
[1758212574571005130],9.208,-4.046,3.9,,,
[1758212574576150964],7.592,-3.915,4.369,,,
[1758212574581251068],9.409,-4.539,4.46,,,
[1758212574586394349],8.337,-4.338,4.537,,,
[1758212574591708984],10.42,-4.659,4.664,,,
[1758212574596902162],9.215,-4.949,5.174,,,
[1758212574602028047],11.351,-5.102,4.46,,,
[1758212574608612266],11.281,-5.715,2.61,,,
[1758212574613867526],11.629,-5.636,2.27,,,
[1758212574618982266],11.679,-6.127,2.126,,,
[1758212574624121276],11.803,-5.808,1.092,,,
[1758212574629223412],12.424,-6.242,1.118,,,
[1758212574634303672],11.641,-5.66,0.369,,,
[1758212574639407734],12.064,-5.526,0.345,,,
[1758212574644627370],9.902,-4.774,-0.22,,,
[1758212574649766953],10.886,-5.076,-0.29,,,
[1758212574654990599],9.479,-4.59,-0.505,,,
[1758212574660459349],10.391,-4.611,-0.706,,,
[1758212574665603984],8.013,-4.266,-1.03,,,
[1758212574670716849],9.163,-3.836,-0.611,,,
[1758212574675860859],6.9,-3.608,-0.141,,,
[1758212574680962266],8.44,-3.646,0.622,,,
[1758212574686109089],5.926,-3.134,1.429,,,
[1758212574691225287],7.542,-3.048,2.5,,,
[1758212574696468516],5.708,-2.89,3.041,,,
[1758212574701708359],7.47,-2.983,2.88,,,
[1758212574706878203],5.911,-2.981,2.828,,,
[1758212574712034297],8.267,-3.675,3.261,,,
[1758212574717645599],7.46,-4.077,4.039,,,
[1758212574722884818],8.727,-3.864,3.974,,,
[1758212574727988151],8.303,-4.324,4.731,,,
[1758212574733157526],9.481,-4.209,4.903,,,
[1758212574738263724],9.014,-4.647,4.721,,,
[1758212574743457109],10.127,-4.796,4.48,,,
[1758212574748567370],10.247,-5.385,5.004,,,
[1758212574753746901],10.946,-5.313,3.275,,,
[1758212574759003776],12.088,-5.818,2.452,,,
[1758212574764190964],11.875,-5.602,2.804,,,
[1758212574770697630],12.996,-6.194,1.559,,,
[1758212574775951120],11.334,-6.096,1.42,,,
[1758212574781040182],13.127,-6.041,0.601,,,
[1758212574786147630],10.599,-5.332,-0.108,,,
[1758212574791258464],11.305,-5.217,0.048,,,
[1758212574796450859],9.534,-5.052,-0.426,,,
[1758212574801580495],10.769,-4.721,-0.73,,,
[1758212574806722578],8.732,-4.29,-1.152,,,
[1758212574811835391],9.723,-4.195,-0.52,,,
[1758212574817139245],7.547,-3.725,-0.249,,,
[1758212574822499557],8.495,-3.469,-0.239,,,
[1758212574827645755],6.881,-3.388,0.464,,,
[1758212574832826641],7.087,-3.019,1.46,,,
[1758212574838028828],6.333,-3.048,1.958,,,
[1758212574843254505],6.598,-2.808,2.234,,,
[1758212574848375391],6.299,-2.974,3.369,,,
[1758212574853526953],6.651,-2.782,2.868,,,
[1758212574858698464],6.792,-3.709,3.847,,,
[1758212574863853516],7.875,-3.764,3.677,,,
[1758212574868949401],8.665,-4.173,4.966,,,
[1758212574874056693],8.298,-4.197,4.566,,,
[1758212574879193776],9.574,-4.3,4.956,,,
[1758212574884799870],9.16,-4.695,5.03,,,
[1758212574889934141],10.997,-5.164,4.97,,,
[1758212574895123464],9.948,-5.09,3.943,,,
[1758212574900276641],12.026,-5.777,3.943,,,
[1758212574905469089],11.109,-5.531,3.017,,,
[1758212574910603620],12.639,-5.921,2.081,,,
[1758212574915736536],11.459,-5.902,2.025,,,
[1758212574920874141],12.924,-6.144,1.343,,,
[1758212574926072943],11.322,-5.863,1.166,,,
[1758212574931917995],12.632,-5.37,0.814,,,
[1758212574937137526],10.06,-4.899,0.421,,,
[1758212574942906380],11.095,-4.666,-0.168,,,
[1758212574948072682],9.957,-4.815,-0.124,,,
[1758212574953201276],9.428,-4.441,-0.852,,,
[1758212574958328724],9.064,-4.24,-0.967,,,
[1758212574963488828],8.693,-3.622,-0.548,,,
[1758212574968645234],7.585,-3.632,-0.359,,,
[1758212574973926224],7.63,-3.06,0.242,,,
[1758212574979184818],7.398,-3.409,1.52,,,
[1758212574984346380],6.232,-2.902,2.205,,,
[1758212574990648776],7.381,-3.002,2.559,,,
[1758212574995963828],5.696,-2.761,2.772,,,
[1758212575001039401],7.59,-3.44,3.608,,,
[1758212575006146068],6.869,-3.622,4.317,,,
[1758212575011222370],9.024,-4.298,4.685,,,
[1758212575016347266],7.695,-4.008,4.503,,,
[1758212575021412682],9.735,-4.298,4.305,,,
[1758212575026565703],8.71,-4.379,4.348,,,
[1758212575031701745],10.467,-4.714,4.029,,,
[1758212575037355755],9.776,-5.126,4.896,,,
[1758212575042610651],11.27,-5.133,4.489,,,
[1758212575047863776],10.704,-5.488,3.658,,,
[1758212575053029661],12.246,-5.657,2.44,,,
[1758212575058140703],11.418,-6.065,2.454,,,
[1758212575063313672],12.443,-5.703,1.161,,,
[1758212575068436901],12.459,-6.105,1.539,,,
[1758212575073581432],12.148,-5.495,0.692,,,
[1758212575078843880],11.425,-5.593,0.4,,,
[1758212575084073255],10.664,-4.76,0.019,,,
[1758212575089189193],10.52,-4.954,-0.546,,,
[1758212575094395963],9.246,-4.573,-1.401,,,
[1758212575103056432],9.45,-4.101,-0.268,,,
[1758212575108221328],8.116,-4.037,0.199,,,
[1758212575113405859],8.303,-3.357,-0.594,,,
[1758212575118543568],7.262,-3.57,0.608,,,
[1758212575123676797],7.003,-3.017,0.96,,,
[1758212575128793776],6.759,-3.369,1.693,,,
[1758212575133948620],6.474,-2.715,2.274,,,
[1758212575139138880],6.472,-3.031,2.993,,,
[1758212575145670495],5.751,-3.132,3.318,,,
[1758212575150953515],8.231,-3.685,4.094,,,
[1758212575156102526],7.365,-3.716,3.699,,,
[1758212575161201015],9.055,-4.168,4.635,,,
[1758212575166334765],7.922,-4.166,5.306,,,
[1758212575171439297],10.089,-4.499,5.15,,,
[1758212575176631536],9.098,-4.762,5.042,,,
[1758212575181747890],11.152,-5.061,4.424,,,
[1758212575186955859],10.008,-5.344,4.389,,,
[1758212575192238568],12.009,-5.65,3.208,,,
[1758212575197442474],10.958,-5.854,2.916,,,
[1758212575202633620],12.371,-5.895,2.31,,,
[1758212575209176901],12.488,-6.182,1.549,,,
[1758212575214437734],12.258,-5.72,0.548,,,
[1758212575219579245],12.383,-5.899,0.201,,,
[1758212575224719922],10.551,-5.107,-0.146,,,
[1758212575229822734],11.212,-5.217,0.024,,,
[1758212575234903203],9.656,-4.609,-0.254,,,
[1758212575240019505],10.494,-4.889,-0.761,,,
[1758212575245255651],8.813,-4.216,-1.422,,,
[1758212575251731953],9.483,-4.051,-0.278,,,
[1758212575256992422],7.415,-3.606,0.045,,,
[1758212575262177265],8.238,-3.187,-0.069,,,
[1758212575267322890],6.321,-3.117,1.106,,,
[1758212575272484036],7.408,-3.017,2.167,,,
[1758212575277601120],5.861,-2.919,2.1,,,
[1758212575282768880],6.95,-2.607,3.39,,,
[1758212575287900963],6.323,-3.021,3.316,,,
[1758212575293165390],7.463,-3.194,3.654,,,
[1758212575298372630],7.463,-3.876,4.14,,,
[1758212575303567265],8.866,-3.879,4.199,,,
[1758212575308731797],8.416,-4.403,4.978,,,
[1758212575314281068],9.007,-4.257,5.069,,,
[1758212575319423932],10.08,-4.853,5.181,,,
[1758212575324562057],9.685,-4.726,4.513,,,
[1758212575329698620],10.755,-5.344,4.609,,,
[1758212575334880286],10.76,-5.44,4.075,,,
[1758212575340016380],12.33,-5.878,2.945,,,
[1758212575345257213],11.193,-5.871,2.519,,,
[1758212575350379713],13.103,-6.206,2.105,,,
[1758212575355582370],11.669,-5.959,1.223,,,
[1758212575361135911],12.972,-6.249,0.771,,,
[1758212575366276640],10.712,-5.42,0.51,,,
[1758212575371384870],11.42,-5.31,0.294,,,
[1758212575376592422],9.598,-5.047,-0.304,,,
[1758212575381720182],10.748,-4.913,-0.9,,,
[1758212575386873515],8.528,-4.523,-0.843,,,
[1758212575392005599],9.893,-4.245,-0.611,,,
[1758212575397279245],7.762,-4.025,-0.223,,,
[1758212575402533203],8.437,-3.405,-0.134,,,
[1758212575407751849],6.871,-3.292,0.69,,,
[1758212575412970234],7.539,-3.005,1.585,,,
[1758212575418103151],5.868,-2.866,1.872,,,
[1758212575424663099],5.976,-2.545,2.679,,,
[1758212575429955807],6.574,-2.978,3.373,,,
[1758212575435078203],6.194,-2.974,3.773,,,
[1758212575440172942],7.86,-3.745,3.998,,,
[1758212575445334870],7.405,-3.929,4.192,,,
[1758212575450423463],9.38,-4.144,4.729,,,
[1758212575455533880],8.131,-4.24,4.827,,,
[1758212575460638151],10.159,-4.786,5.291,,,
[1758212575467056901],9.285,-4.659,5.157,,,
[1758212575472593307],10.918,-5.207,4.841,,,
[1758212575477703672],10.362,-5.339,3.723,,,
[1758212575482881745],12.122,-5.449,3.146,,,
[1758212575488056328],11.459,-5.722,2.701,,,
[1758212575493241067],12.704,-5.758,1.47,,,
[1758212575498328724],12.175,-6.208,1.808,,,
[1758212575503490234],12.254,-5.89,0.991,,,
[1758212575508603724],11.799,-5.895,0.675,,,
[1758212575513846224],10.997,-5.03,0.148,,,
[1758212575519117630],10.321,-5.181,-0.194,,,
[1758212575524284453],10.288,-4.578,-0.998,,,
[1758212575531083620],10.597,-4.695,-1.118,,,
[1758212575536568880],8.133,-4.01,-0.874,,,
[1758212575541699974],8.957,-3.852,-0.426,,,
[1758212575546898203],6.833,-3.56,-0.438,,,
[1758212575552004036],8.006,-3.618,0.35,,,
[1758212575557133620],6.081,-3.055,1.563,,,
[1758212575562294661],7.333,-2.954,1.657,,,
[1758212575567429609],5.605,-3.055,2.37,,,
[1758212575573843463],6.57,-2.739,3.168,,,
[1758212575579114661],6.606,-3.256,3.893,,,
[1758212575584240338],7.417,-3.464,3.316,,,
[1758212575589350807],8.049,-4.164,4.472,,,
[1758212575594546849],8.418,-3.778,4.817,,,
[1758212575599649244],9.44,-4.413,5.387,,,
[1758212575604757682],8.643,-4.429,5.176,,,
[1758212575609860859],10.487,-5.092,5.313,,,
[1758212575615063776],10.015,-4.915,4.051,,,
[1758212575620196536],11.451,-5.483,4.125,,,
[1758212575625402838],10.987,-5.586,3.381,,,
[1758212575630558672],12.297,-6.189,3.17,,,
[1758212575636102526],11.286,-5.715,1.755,,,
[1758212575641253828],13.154,-6.158,0.91,,,
[1758212575646590703],11.581,-6.112,0.51,,,
[1758212575651716744],12.649,-5.883,0.096,,,
[1758212575656862578],10.245,-5.092,-0.115,,,
[1758212575661975130],11.293,-5.088,-0.627,,,
[1758212575667101380],9.409,-4.736,-0.826,,,
[1758212575672341432],10.283,-4.671,-0.661,,,
[1758212575677611432],8.523,-4.494,-0.977,,,
[1758212575683300755],8.765,-3.742,-0.678,,,
[1758212575688436536],7.432,-3.668,0.069,,,
[1758212575693607994],7.822,-3.098,0.4,,,
[1758212575698704088],6.412,-3.182,1.539,,,
[1758212575703823359],6.503,-2.749,1.484,,,
[1758212575708897057],6.527,-2.849,2.365,,,
[1758212575714066953],6.081,-2.655,2.626,,,
[1758212575719178880],6.361,-3.349,3.637,,,
[1758212575724376640],7.027,-3.232,3.627,,,
[1758212575729578203],8.004,-4.001,4.195,,,
[1758212575734700651],7.975,-3.895,4.573,,,
[1758212575739817474],8.832,-4.391,5.255,,,
[1758212575745370390],8.552,-4.408,5.083,,,
[1758212575750526276],10.393,-4.915,4.889,,,
[1758212575755664609],9.845,-4.81,4.918,,,
[1758212575760759922],11.088,-5.497,4.501,,,
[1758212575765898932],10.542,-5.452,3.464,,,
[1758212575771031015],12.752,-5.988,2.588,,,
[1758212575776117109],11.083,-5.784,2.459,,,
[1758212575781266901],12.766,-6.278,1.614,,,
[1758212575786461276],11.574,-5.981,1.652,,,
[1758212575792046849],13.099,-5.986,0.227,,,
[1758212575797212630],10.621,-5.389,0.266,,,
[1758212575802458151],11.38,-5.198,0.045,,,
[1758212575807668619],9.713,-4.748,-0.294,,,
[1758212575812883255],10.408,-4.441,-0.524,,,
[1758212575818058255],8.868,-4.496,-0.742,,,
[1758212575823214609],8.942,-4.113,-0.955,,,
[1758212575828347578],7.669,-3.876,-1.018,,,
[1758212575833628567],7.855,-3.464,-0.103,,,
[1758212575838759192],6.96,-3.436,0.979,,,
[1758212575843879765],6.792,-2.677,1.238,,,
[1758212575849010651],6.05,-3.026,2.071,,,
[1758212575855943411],5.571,-2.662,2.945,,,
[1758212575861202526],7.338,-3.093,3.577,,,
[1758212575866441224],6.361,-3.244,3.565,,,
[1758212575871590286],8.547,-4.022,4.142,,,
[1758212575876725911],7.446,-4.108,5.128,,,
[1758212575881826849],9.459,-4.252,4.384,,,
[1758212575886946536],8.408,-4.322,5.078,,,
[1758212575892053046],10.274,-4.671,5.444,,,
[1758212575897525651],9.668,-4.757,5.1,,,
[1758212575902900026],11.2,-5.085,5.035,,,
[1758212575908035182],10.645,-5.567,3.646,,,
[1758212575913211484],12.311,-5.619,2.322,,,
[1758212575918370494],11.662,-6.029,2.854,,,
[1758212575923486328],12.38,-5.689,1.788,,,
[1758212575928624765],11.976,-5.892,1.259,,,
[1758212575933792682],12.354,-5.71,0.369,,,
[1758212575938917578],11.193,-5.485,0.254,,,
[1758212575944165703],10.841,-4.975,-0.474,,,
[1758212575949287734],10.566,-5.059,-1.144,,,
[1758212575954506276],9.431,-4.456,-1.468,,,
[1758212575959994036],9.541,-4.721,-1.044,,,
[1758212575965185078],8.689,-4.07,-1.18,,,
[1758212575970331640],8.665,-3.824,-0.326,,,
[1758212575975506588],6.864,-3.531,0.084,,,
[1758212575983066224],7.626,-3.127,1.393,,,
[1758212575988520911],6.297,-2.976,1.942,,,
[1758212575993752265],6.771,-2.734,2.327,,,
[1758212575998955703],6.043,-2.851,3.187,,,
[1758212576005497890],5.993,-3.124,4.137,,,
[1758212576010718724],8.562,-3.747,4.456,,,
[1758212576015842057],7.228,-3.984,4.266,,,
[1758212576020964505],9.098,-4.156,4.602,,,
[1758212576026102942],8.322,-4.254,4.53,,,
[1758212576031277109],10.015,-4.635,5.011,,,
[1758212576036416692],9.05,-4.676,4.712,,,
[1758212576041580963],11.322,-5.277,4.35,,,
[1758212576046736067],9.95,-5.274,4.195,,,
[1758212576051972682],12.27,-5.756,3.67,,,
[1758212576057386015],10.891,-5.787,2.459,,,
[1758212576065486067],11.858,-6.048,1.626,,,
[1758212576070733203],13.087,-6.364,1.618,,,
[1758212576075866015],11.473,-5.715,0.852,,,
[1758212576080998411],12.112,-5.411,0.373,,,
[1758212576086149401],9.962,-5.114,-0.869,,,
[1758212576091260390],11.274,-5.191,-0.165,,,
[1758212576096379869],9.067,-4.669,-0.838,,,
[1758212576101506119],10.549,-4.697,-1.592,,,
[1758212576106763932],8.104,-4.135,-0.819,,,
[1758212576112393567],8.976,-3.876,-1.14,,,
[1758212576117556744],6.615,-3.598,-0.108,,,
[1758212576122733619],8.097,-3.108,1.12,,,
[1758212576127881953],6.167,-2.895,1.824,,,
[1758212576133001432],6.905,-2.899,2.555,,,
[1758212576138117578],5.868,-2.763,2.969,,,
[1758212576143261067],6.8,-2.753,2.933,,,
[1758212576148378776],6.251,-3.103,3.725,,,
[1758212576153636380],8.064,-3.448,4.317,,,
[1758212576158851796],8.1,-4.211,4.992,,,
[1758212576164015911],8.617,-3.836,4.949,,,
[1758212576170548619],9.68,-4.551,4.891,,,
[1758212576175814453],8.997,-4.48,4.671,,,
[1758212576180930651],11.262,-5.203,4.805,,,
[1758212576186077734],9.948,-5.171,4.786,,,
[1758212576191179088],12.265,-5.808,4.446,,,
[1758212576196287526],11.138,-5.801,3.041,,,
[1758212576201379557],12.936,-6.103,2.686,,,
[1758212576206620651],11.586,-5.892,1.638,,,
[1758212576211763307],13.305,-6.225,0.862,,,
[1758212576216995546],11.566,-5.911,0.254,,,
[1758212576222542109],12.175,-5.526,0.309,,,
[1758212576227672213],10.199,-5.045,-0.223,,,
[1758212576232953515],11.303,-4.757,-0.484,,,
[1758212576238099088],9.27,-4.805,-0.594,,,
[1758212576243191015],9.634,-4.362,-0.527,,,
[1758212576248312369],8.363,-4.254,-0.381,,,
[1758212576253547525],8.569,-3.577,-0.551,,,
[1758212576258644609],7.288,-3.419,0.225,,,
[1758212576263794609],7.513,-3.096,0.876,,,
[1758212576269023775],6.194,-3.11,2.356,,,
[1758212576274152942],6.57,-2.653,1.616,,,
[1758212576279610025],6.323,-3.045,3.043,,,
[1758212576284717786],6.414,-2.72,3.709,,,
[1758212576289824453],6.591,-3.292,4.209,,,
[1758212576294960755],7.412,-3.524,3.979,,,
[1758212576300071015],8.361,-4.12,4.429,,,
[1758212576305270182],7.853,-3.915,4.585,,,
[1758212576310427213],9.807,-4.326,4.93,,,
[1758212576315642473],8.78,-4.345,4.872,,,
[1758212576320790338],10.827,-5.023,4.961,,,
[1758212576326024140],10.171,-5.143,4.281,,,
[1758212576332662578],12.033,-5.701,3.563,,,
[1758212576337981223],11.234,-5.646,2.648,,,
[1758212576343066015],12.89,-5.842,2.413,,,
[1758212576348161067],11.772,-6.086,1.827,,,
[1758212576353366380],12.768,-5.938,1.199,,,
[1758212576358493671],11.887,-5.832,0.615,,,
[1758212576363588984],11.653,-5.116,0.029,,,
[1758212576368697005],10.317,-5.08,-0.218,,,
[1758212576373879244],10.568,-4.762,-0.541,,,
[1758212576379134921],9.251,-4.745,-1.156,,,
[1758212576384345442],9.249,-4.219,-1.228,,,
[1758212576389866067],9.129,-4.408,-0.915,,,
[1758212576395032161],7.946,-3.541,-1.113,,,
[1758212576400252317],7.903,-3.508,0.079,,,
[1758212576405454609],6.359,-3.048,0.869,,,
[1758212576410611588],7.252,-2.995,2.128,,,
[1758212576415813775],5.739,-2.703,1.923,,,
[1758212576420977786],6.728,-3.005,3.151,,,
[1758212576426155963],5.808,-2.744,3.266,,,
[1758212576431415078],7.642,-3.383,3.134,,,
[1758212576436942213],6.876,-3.704,3.716,,,
[1758212576442071328],9.103,-4.302,4.173,,,
[1758212576447211692],7.664,-4.089,4.76,,,
[1758212576452460234],9.72,-4.243,4.903,,,
[1758212576457619713],9.088,-4.638,5.569,,,
[1758212576462807942],10.693,-4.879,5.277,,,
[1758212576467955911],10.087,-5.143,4.508,,,
[1758212576473301952],11.93,-5.605,4.219,,,
[1758212576478547369],11.272,-5.763,3.134,,,
[1758212576483701848],12.201,-5.892,1.994,,,
[1758212576488832786],12.052,-6.139,1.626,,,
[1758212576494120338],12.692,-5.856,0.941,,,
[1758212576499738202],12.752,-5.974,0.002,,,
[1758212576504985442],10.951,-5.08,-0.081,,,
[1758212576510105963],10.927,-5.368,-0.263,,,
[1758212576515289817],9.979,-4.899,-0.587,,,
[1758212576520489869],10.108,-4.65,-0.843,,,
[1758212576525660234],8.483,-4.305,-1.132,,,
[1758212576530813827],9.44,-4.166,-0.373,,,
[1758212576535972942],7.333,-3.615,-0.579,,,
[1758212576541190077],8.303,-3.527,0.014,,,
[1758212576546806223],6.086,-3.177,1.149,,,
[1758212576551990390],7.044,-3.187,1.834,,,
[1758212576557216067],5.401,-2.904,2.543,,,
[1758212576562452838],7.199,-2.945,2.933,,,
[1758212576567618932],5.258,-2.861,3.294,,,
[1758212576572864557],7.537,-3.261,3.869,,,
[1758212576577980911],7.183,-3.833,3.859,,,
[1758212576583120911],8.837,-4.075,4.827,,,
[1758212576588243359],8.04,-3.953,5.222,,,
[1758212576593507109],9.5,-4.147,4.798,,,
[1758212576598634921],9.292,-4.769,5.349,,,
[1758212576603849192],10.467,-4.808,4.987,,,
[1758212576609281796],10.613,-5.272,4.173,,,
[1758212576614470390],11.519,-5.449,3.637,,,
[1758212576619601848],11.851,-5.839,2.722,,,
[1758212576624773359],12.268,-5.978,1.358,,,
[1758212576629944713],12.905,-6.395,1.559,,,
[1758212576635154192],11.854,-5.873,0.517,,,
[1758212576640339557],12.699,-6.096,0.093,,,
[1758212576645507213],11.131,-5.322,0.189,,,
[1758212576650681067],11.056,-5.176,0.089,,,
[1758212576656188411],9.637,-4.621,-0.819,,,
[1758212576661365911],10.345,-4.985,-0.807,,,
[1758212576666564348],8.49,-4.329,-0.828,,,
[1758212576671697786],9.402,-4.118,-0.464,,,
[1758212576676952473],7.089,-3.697,-0.632,,,
[1758212576682059921],8.207,-3.421,-0.412,,,
[1758212576687207734],6.067,-3.189,0.764,,,
[1758212576692421432],7.305,-2.964,2.097,,,
[1758212576697579400],5.674,-2.677,2.334,,,
[1758212576704886171],6.519,-2.722,3.457,,,
[1758212576710245546],6.981,-3.287,3.642,,,
[1758212576716665442],6.917,-3.515,4.051,,,
[1758212576722289713],8.995,-4.252,4.199,,,
[1758212576727440598],7.717,-3.955,5.1,,,
[1758212576732617057],9.522,-4.386,5.16,,,
[1758212576737746171],8.911,-4.671,5.526,,,
[1758212576742904557],10.752,-5.131,4.865,,,
[1758212576748029140],9.881,-5.262,4.556,,,
[1758212576753266848],11.763,-5.562,3.881,,,
[1758212576758412890],11.475,-5.825,2.763,,,
[1758212576763986536],12.857,-5.873,1.963,,,
[1758212576769166119],11.576,-6.33,2.025,,,
[1758212576774305077],12.404,-6.017,1.202,,,
[1758212576779479140],12.471,-5.88,0.608,,,
[1758212576784626952],11.437,-5.145,0.05,,,
[1758212576789744817],10.647,-5.243,-0.393,,,
[1758212576794902682],10.415,-4.671,-0.385,,,
[1758212576800019817],10.041,-4.63,-0.508,,,
[1758212576805329140],8.787,-4.389,-1.135,,,
[1758212576810492265],9.22,-4.276,-0.661,,,
[1758212576815601900],7.506,-3.711,-0.934,,,
[1758212576820760859],8.531,-3.579,-0.067,,,
[1758212576825935650],6.577,-3.172,0.67,,,
[1758212576831405077],7.391,-3.153,1.405,,,
[1758212576836555390],5.646,-2.753,1.559,,,
[1758212576841680390],7.25,-3.115,2.866,,,
[1758212576846901119],5.447,-2.88,3.328,,,
[1758212576852008307],7.386,-3.225,3.864,,,
[1758212576857181952],6.625,-3.651,3.876,,,
[1758212576862421327],9.062,-4.077,4.35,,,
[1758212576867562890],7.956,-3.907,4.966,,,
[1758212576873174609],9.9,-4.568,5.248,,,
[1758212576878345546],9.227,-4.839,5.207,,,
[1758212576883515129],10.654,-4.642,4.934,,,
[1758212576888614973],10.472,-5.332,4.863,,,
[1758212576893782525],11.55,-5.495,3.9,,,
[1758212576898893306],11.382,-5.88,3.012,,,
[1758212576904089192],12.397,-5.938,2.188,,,
[1758212576909209556],11.945,-6.112,1.508,,,
[1758212576914467734],12.847,-6.081,0.362,,,
[1758212576919640859],12.665,-6.227,0.292,,,
[1758212576924781431],11.241,-5.241,-0.014,,,
[1758212576929893150],11.013,-5.279,-0.122,,,
[1758212576935043671],10.278,-4.717,-0.867,,,
[1758212576940589817],9.711,-4.865,-0.682,,,
[1758212576945779973],8.768,-4.422,-1.092,,,
[1758212576950916796],9.297,-4.214,-0.472,,,
[1758212576956112942],7.477,-3.579,-0.462,,,
[1758212576961197734],8.09,-3.733,0.014,,,
[1758212576966305025],6.469,-3.021,1.18,,,
[1758212576971445181],7.345,-3.048,1.891,,,
[1758212576976624140],5.83,-2.557,2.054,,,
[1758212576982181796],6.756,-3.029,3.208,,,
[1758212576987403150],5.531,-3.019,3.488,,,
[1758212576992586692],7.8,-3.249,4.041,,,
[1758212576997714921],6.898,-3.682,4.549,,,
[1758212577003008359],8.856,-4.015,5.301,,,
[1758212577008119036],7.961,-3.838,5.176,,,
[1758212577013229504],9.79,-4.472,5.418,,,
[1758212577018392890],9.34,-4.506,5.277,,,
[1758212577023612525],10.769,-5.035,4.669,,,
[1758212577028819036],10.238,-5.38,4.942,,,
[1758212577033919192],11.681,-5.54,3.247,,,
[1758212577039016067],11.698,-5.806,2.909,,,
[1758212577044170234],12.39,-6.045,2.686,,,
[1758212577050720911],12.74,-6.223,1.377,,,
[1758212577056003463],11.736,-6.024,0.309,,,
[1758212577061120390],12.933,-5.756,0.611,,,
[1758212577066267786],10.329,-5.112,-0.163,,,
[1758212577071385546],11.363,-5.073,-0.381,,,
[1758212577076506379],9.768,-4.76,-0.39,,,
[1758212577081630286],10.376,-4.973,-0.747,,,
[1758212577088006588],8.14,-4.276,-1.255,,,
[1758212577094373254],8.128,-3.752,-0.687,,,
[1758212577099631588],7.434,-3.488,0.134,,,
[1758212577104799348],7.053,-3.1,0.783,,,
[1758212577109894556],6.302,-3.0,1.518,,,
[1758212577115051119],6.311,-2.562,1.638,,,
[1758212577120199869],6.838,-2.878,3.345,,,
[1758212577125350806],5.964,-2.653,3.117,,,
[1758212577130449556],7.14,-3.369,3.893,,,
[1758212577135625650],7.137,-3.67,4.058,,,
[1758212577140803463],8.583,-4.056,4.503,,,
[1758212577145920390],8.224,-3.95,4.539,,,
[1758212577151040754],9.335,-4.427,5.631,,,
[1758212577156613983],8.827,-4.503,5.461,,,
[1758212577161706275],10.961,-4.922,5.057,,,
[1758212577166794088],9.89,-4.913,4.235,,,
[1758212577171884817],11.914,-5.533,3.742,,,
[1758212577177074973],10.937,-5.847,2.634,,,
[1758212577182262213],12.95,-6.045,2.114,,,
[1758212577187417890],11.698,-6.048,1.621,,,
[1758212577192787108],13.278,-6.304,1.259,,,
[1758212577198070911],11.621,-5.971,0.311,,,
[1758212577203239504],12.56,-5.262,0.103,,,
[1758212577208370702],10.171,-5.085,-0.069,,,
[1758212577213519608],10.798,-4.776,-0.182,,,
[1758212577218649140],9.199,-4.46,0.01,,,
[1758212577223790806],9.527,-4.367,-0.982,,,
[1758212577228914869],8.195,-4.001,-0.615,,,
[1758212577234076275],8.2,-3.773,-0.223,,,
[1758212577239215598],6.948,-3.522,0.235,,,
[1758212577244350754],7.427,-2.909,0.871,,,
[1758212577249463254],6.51,-3.1,1.937,,,
[1758212577254707108],6.385,-2.509,2.449,,,
[1758212577259859504],6.349,-2.959,3.481,,,
[1758212577266573567],5.564,-2.871,3.218,,,
[1758212577271779348],7.887,-3.452,3.63,,,
[1758212577276871536],7.082,-3.812,3.795,,,
[1758212577281969973],8.961,-4.156,4.963,,,
[1758212577287098775],7.824,-4.099,4.932,,,
[1758212577292269296],9.847,-4.741,5.066,,,
[1758212577297526275],9.074,-4.815,5.183,,,
[1758212577303256119],11.363,-5.2,4.875,,,
[1758212577308514973],10.008,-5.466,4.831,,,
[1758212577313749973],11.966,-5.456,3.426,,,
[1758212577318885806],11.559,-5.966,2.564,,,
[1758212577324124348],12.665,-5.942,1.891,,,
[1758212577329254348],11.803,-6.033,1.415,,,
[1758212577334390181],12.852,-5.899,0.546,,,
[1758212577339501692],11.801,-5.911,0.213,,,
[1758212577344675181],10.788,-5.16,-0.113,,,
[1758212577349863879],10.704,-5.298,-0.718,,,
[1758212577355213775],9.857,-4.719,-1.173,,,
[1758212577360364296],9.749,-4.69,-1.168,,,
[1758212577365581015],9.005,-4.092,-1.458,,,
[1758212577372243723],8.806,-3.845,-0.421,,,
[1758212577378635754],6.948,-3.455,0.16,,,
[1758212577383895025],7.293,-2.94,0.84,,,
[1758212577389018723],6.12,-3.211,1.58,,,
[1758212577394158567],6.51,-2.614,1.805,,,
[1758212577399360963],6.048,-2.801,3.553,,,
[1758212577404614713],6.852,-2.746,3.251,,,
[1758212577411042785],7.824,-3.567,3.625,,,
[1758212577416312525],7.197,-3.91,4.606,,,
[1758212577421474348],8.734,-4.113,5.205,,,
[1758212577426615338],8.049,-4.058,4.954,,,
[1758212577431718879],9.864,-4.707,5.349,,,
[1758212577436842056],9.026,-4.705,5.061,,,
[1758212577441938098],11.31,-5.138,4.52,,,
[1758212577447054713],10.3,-5.31,4.369,,,
[1758212577452277525],12.304,-5.957,3.852,,,
[1758212577457496900],11.116,-5.708,2.346,,,
[1758212577462729296],13.02,-6.06,1.776,,,
[1758212577467871744],11.497,-5.993,1.255,,,
[1758212577473019296],13.321,-6.148,0.486,,,
[1758212577478702213],11.504,-5.698,0.407,,,
[1758212577483857838],11.609,-5.133,-0.249,,,
[1758212577488979400],10.288,-4.994,-0.754,,,
[1758212577494136483],10.156,-4.657,-1.29,,,
[1758212577499242108],9.079,-4.556,-0.967,,,
[1758212577504366796],9.131,-4.046,-0.943,,,
[1758212577509492942],7.879,-4.015,-0.496,,,
[1758212577514768983],7.846,-3.232,-0.706,,,
[1758212577520391640],7.556,-3.44,0.419,,,
[1758212577525562317],6.416,-2.883,1.164,,,
[1758212577530672160],6.469,-2.931,2.301,,,
[1758212577535887369],6.23,-2.631,2.643,,,
[1758212577540998983],6.469,-3.005,3.737,,,
[1758212577546115910],5.906,-2.995,4.128,,,
[1758212577551260546],7.966,-3.984,4.803,,,
[1758212577558627577],7.398,-3.883,4.741,,,
[1758212577564175337],9.021,-4.056,4.673,,,
[1758212577569300233],9.208,-4.542,5.346,,,
[1758212577574436796],9.809,-4.53,5.109,,,
[1758212577579543202],10.309,-4.98,4.803,,,
[1758212577586053150],10.585,-5.246,4.003,,,
[1758212577591272317],12.55,-5.95,3.584,,,
[1758212577596380910],11.389,-5.801,2.26,,,
[1758212577601462317],12.984,-6.187,2.042,,,
[1758212577606576119],11.87,-5.981,1.516,,,
[1758212577611662265],13.331,-6.17,1.221,,,
[1758212577616834973],11.358,-5.734,0.311,,,
[1758212577622117577],11.969,-5.42,0.124,,,
[1758212577627677265],9.756,-4.961,-0.524,,,
[1758212577634180546],10.578,-4.475,-1.123,,,
[1758212577639410806],9.086,-4.549,-1.056,,,
[1758212577644527994],8.863,-3.847,-1.061,,,
[1758212577649626327],7.791,-4.113,-0.227,,,
[1758212577654762525],7.652,-3.093,-0.196,,,
[1758212577659869400],6.819,-3.232,0.666,,,
[1758212577665033931],6.721,-2.837,1.867,,,
[1758212577670146848],6.507,-2.897,2.49,,,
[1758212577675325858],6.448,-2.67,2.602,,,
[1758212577680535650],6.721,-2.859,3.718,,,
[1758212577685699348],6.333,-3.057,3.79,,,
[1758212577691713671],8.66,-4.061,4.867,,,
[1758212577696901744],7.475,-3.958,5.097,,,
[1758212577701981223],9.354,-4.286,5.483,,,
[1758212577707093254],8.382,-4.393,5.128,,,
[1758212577712280181],10.398,-4.602,5.531,,,
[1758212577717479035],9.649,-4.92,5.198,,,
[1758212577722682265],11.569,-5.416,4.171,,,
[1758212577727920181],10.685,-5.571,3.493,,,
[1758212577733508358],12.775,-5.904,2.466,,,
[1758212577738677369],11.727,-6.043,2.184,,,
[1758212577743796431],12.759,-6.067,1.386,,,
[1758212577748971327],12.002,-6.227,1.14,,,
[1758212577754178462],12.708,-5.801,0.141,,,
[1758212577759322160],10.642,-5.638,0.239,,,
[1758212577764655650],10.807,-4.831,-0.979,,,
[1758212577769821379],10.424,-4.987,-0.467,,,
[1758212577775008150],9.586,-4.587,-0.807,,,
[1758212577780268098],9.203,-4.417,-0.989,,,
[1758212577785439608],8.507,-3.773,-0.893,,,
[1758212577790556848],7.951,-3.62,-0.369,,,
[1758212577795738462],6.706,-3.203,0.402,,,
[1758212577801183983],7.08,-3.1,1.587,,,
[1758212577806319608],5.839,-2.684,1.925,,,
[1758212577811442577],6.761,-2.89,2.526,,,
[1758212577816943567],5.337,-2.66,3.287,,,
[1758212577822225702],7.377,-3.285,3.816,,,
[1758212577827385077],6.527,-3.225,4.161,,,
[1758212577832594712],8.875,-4.056,4.503,,,
[1758212577837737733],7.458,-3.831,4.53,,,
[1758212577843217369],10.072,-4.405,4.748,,,
[1758212577848346379],9.11,-4.355,4.985,,,
[1758212577853570442],10.491,-4.693,5.049,,,
[1758212577858870962],10.501,-5.004,4.556,,,
[1758212577864137889],11.475,-5.298,4.295,,,
[1758212577869321900],11.624,-5.765,3.493,,,
[1758212577874485337],12.445,-5.756,2.543,,,
[1758212577879597942],11.691,-5.997,1.987,,,
[1758212577884726327],12.546,-6.0,0.917,,,
[1758212577889833514],12.397,-6.258,0.778,,,
[1758212577895004035],11.406,-5.346,-0.057,,,
[1758212577900256587],11.095,-5.363,-0.29,,,
[1758212577905460337],10.616,-4.537,-1.022,,,
[1758212577912237212],10.424,-4.879,-0.694,,,
[1758212577917712785],8.308,-4.228,-1.034,,,
[1758212577922954504],9.222,-4.113,-0.536,,,
[1758212577928073202],6.989,-3.484,-0.591,,,
[1758212577933237525],8.004,-3.304,0.134,,,
[1758212577938347264],6.182,-3.215,1.039,,,
[1758212577943435910],7.053,-3.055,1.65,,,
[1758212577948522369],5.964,-2.902,2.318,,,
[1758212577955753879],6.072,-2.617,3.505,,,
[1758212577961028202],6.603,-3.01,3.895,,,
[1758212577966201014],6.768,-3.412,3.962,,,
[1758212577971313358],8.827,-4.288,4.717,,,
[1758212577976462317],7.807,-3.836,4.848,,,
[1758212577981585806],9.639,-4.367,5.605,,,
[1758212577986709400],8.59,-4.583,5.71,,,
[1758212577991817837],10.781,-5.033,5.107,,,
[1758212577996984921],9.962,-5.258,4.867,,,
[1758212578002281014],12.148,-5.756,4.094,,,
[1758212578007418879],10.891,-5.535,2.993,,,
[1758212578012660389],12.89,-6.208,2.184,,,
[1758212578018186900],11.784,-6.079,1.432,,,
[1758212578023368046],13.223,-5.978,0.797,,,
[1758212578028534139],11.928,-6.009,0.158,,,
[1758212578033689973],12.143,-5.586,-0.093,,,
[1758212578038840546],10.269,-5.124,-0.46,,,
[1758212578043969191],11.337,-4.961,-0.905,,,
[1758212578049128671],9.337,-4.863,-1.073,,,
[1758212578054300494],9.369,-4.374,-0.548,,,
[1758212578059470598],8.717,-4.147,-0.476,,,
[1758212578065119035],8.241,-3.433,-0.256,,,
[1758212578070346379],7.056,-3.4,0.414,,,
[1758212578075463879],6.495,-3.148,1.13,,,
[1758212578080570233],6.792,-2.921,2.16,,,
[1758212578085722160],5.674,-2.521,2.234,,,
[1758212578090832889],6.737,-2.638,3.268,,,
[1758212578095996014],6.103,-2.701,4.046,,,
[1758212578101101744],7.202,-3.335,4.147,,,
[1758212578106271900],7.309,-3.85,4.551,,,
[1758212578111545337],9.266,-4.049,5.186,,,
[1758212578116755806],7.872,-4.12,4.81,,,
[1758212578121913306],9.845,-4.492,5.358,,,
[1758212578127523306],9.376,-4.81,4.922,,,
[1758212578133882785],10.879,-4.961,4.377,,,
[1758212578139115389],10.563,-5.368,4.532,,,
[1758212578144259191],12.143,-5.782,2.988,,,
[1758212578149384712],11.777,-6.158,2.241,,,
[1758212578154529816],12.488,-5.811,1.669,,,
[1758212578159645910],12.601,-6.39,1.635,,,
[1758212578164833827],12.541,-5.808,0.517,,,
[1758212578171255025],12.086,-5.66,0.196,,,
[1758212578177615754],9.807,-4.968,-0.565,,,
[1758212578184014869],10.625,-5.018,-0.728,,,
[1758212578189233775],8.971,-4.642,-0.804,,,
[1758212578194346691],9.519,-4.259,-0.874,,,
[1758212578199441848],8.009,-4.233,0.067,,,
[1758212578204557212],8.188,-3.378,-0.256,,,
[1758212578209651171],6.821,-3.326,0.599,,,
[1758212578214784556],6.646,-2.947,1.317,,,
[1758212578219890389],6.304,-2.923,1.573,,,
[1758212578225145598],6.151,-2.454,2.454,,,
[1758212578230359296],6.275,-2.861,3.12,,,
[1758212578235880389],6.244,-2.89,3.78,,,
[1758212578241017525],7.743,-3.56,4.199,,,
[1758212578246107681],7.523,-3.819,3.922,,,
[1758212578251192108],9.045,-4.171,4.834,,,
[1758212578256329816],8.298,-4.044,5.128,,,
[1758212578261435337],9.998,-4.305,5.09,,,
[1758212578266546379],9.476,-4.697,5.03,,,
[1758212578271711483],11.212,-5.262,5.028,,,
[1758212578277278671],10.319,-5.318,4.135,,,
[1758212578282562993],12.5,-6.065,3.201,,,
[1758212578287650389],11.217,-5.856,2.231,,,
[1758212578292839921],13.168,-5.952,1.829,,,
[1758212578297945910],11.973,-6.153,1.128,,,
[1758212578303045129],13.218,-6.021,0.005,,,
[1758212578308136223],10.999,-5.432,-0.045,,,
[1758212578313330650],11.593,-5.083,-0.508,,,
[1758212578318581587],9.823,-4.858,-0.486,,,
[1758212578324209243],10.202,-4.731,-0.546,,,
[1758212578329403879],9.055,-4.551,-0.764,,,
[1758212578334539296],9.182,-4.049,-0.73,,,
[1758212578339750858],7.527,-3.931,0.338,,,
[1758212578346702993],6.594,-3.136,0.029,,,
[1758212578353416952],7.458,-3.012,1.252,,,
[1758212578360213358],5.832,-2.804,2.277,,,
[1758212578365616848],6.191,-2.691,2.593,,,
[1758212578370745858],6.68,-2.981,3.481,,,
[1758212578375938723],6.625,-3.053,4.058,,,
[1758212578381030806],8.112,-3.694,4.719,,,
[1758212578388883046],7.654,-3.869,4.688,,,
[1758212578394236796],9.222,-4.068,5.442,,,
[1758212578399432733],9.29,-4.599,5.413,,,
[1758212578404556431],10.297,-4.463,5.088,,,
[1758212578409648931],10.578,-5.332,4.798,,,
[1758212578414769608],11.514,-5.574,3.675,,,
[1758212578419874764],11.538,-5.725,2.593,,,
[1758212578425103514],12.524,-5.906,2.037,,,
[1758212578430252837],12.469,-6.215,2.145,,,
[1758212578435438879],12.306,-5.969,1.018,,,
[1758212578440595441],12.938,-6.237,0.409,,,
[1758212578445724660],11.581,-5.526,0.115,,,
[1758212578452346691],11.562,-5.471,-0.081,,,
[1758212578458775025],9.452,-4.788,-1.068,,,
[1758212578464048045],10.113,-4.645,-0.953,,,
[1758212578469214087],8.602,-4.456,-1.092,,,
[1758212578474399868],8.461,-3.807,-0.625,,,
[1758212578479514348],7.491,-3.551,-0.309,,,
[1758212578484667004],7.501,-3.005,0.261,,,
[1758212578489866848],6.369,-3.033,1.168,,,
[1758212578495116327],6.627,-2.646,1.425,,,
[1758212578503670545],6.852,-2.868,2.734,,,
[1758212578509045181],5.593,-2.612,3.85,,,
[1758212578514272420],7.417,-2.981,3.412,,,
[1758212578519369191],7.333,-3.926,4.48,,,
[1758212578524552160],8.552,-3.783,4.693,,,
[1758212578529712160],8.449,-4.269,5.126,,,
[1758212578534872785],9.488,-4.271,5.497,,,
[1758212578539977160],10.063,-4.87,5.37,,,
[1758212578545143202],10.714,-4.755,4.408,,,
[1758212578550276223],10.731,-5.602,4.24,,,
[1758212578555490285],11.595,-5.629,3.285,,,
[1758212578561024608],12.251,-5.902,2.31,,,
[1758212578566181275],12.052,-5.871,1.915,,,
[1758212578571297993],12.996,-6.155,1.346,,,
[1758212578576465025],12.186,-6.06,0.354,,,
[1758212578581582577],12.804,-5.902,0.306,,,
[1758212578586777004],10.47,-5.069,-0.043,,,
[1758212578591893306],11.358,-5.195,-0.56,,,
[1758212578597043254],9.323,-4.808,-1.044,,,
[1758212578602342993],10.254,-4.7,-1.185,,,
[1758212578607650389],8.116,-4.003,-1.149,,,
[1758212578612860754],8.942,-3.941,-0.378,,,
[1758212578617977004],6.783,-3.462,0.144,,,
[1758212578623082525],7.86,-3.357,0.826,,,
[1758212578628213254],5.808,-3.11,1.094,,,
[1758212578633439973],7.106,-2.88,2.399,,,
[1758212578638567993],5.31,-2.78,3.409,,,
[1758212578643671535],6.795,-2.794,3.522,,,
[1758212578648788722],6.263,-2.88,3.958,,,
[1758212578653904608],8.138,-3.371,3.886,,,
[1758212578659005650],7.755,-4.058,4.506,,,
[1758212578664117577],9.17,-3.876,5.064,,,
[1758212578669662993],8.653,-4.448,5.253,,,
[1758212578674880337],9.708,-4.666,5.064,,,
[1758212578680020389],10.326,-5.006,5.013,,,
[1758212578685234295],10.781,-5.078,4.87,,,
[1758212578690359295],11.186,-5.626,4.396,,,
[1758212578695489608],11.858,-5.65,2.555,,,
[1758212578700590493],12.021,-6.069,2.526,,,
[1758212578705733202],12.349,-6.069,1.453,,,
[1758212578710863202],12.388,-6.455,0.812,,,
[1758212578716414972],11.806,-5.571,-0.532,,,
[1758212578721556900],12.043,-5.583,0.06,,,
[1758212578726718306],10.135,-4.966,-0.625,,,
[1758212578731856327],11.018,-4.958,-0.79,,,
[1758212578737083670],9.06,-4.597,-0.943,,,
[1758212578742240962],9.895,-4.434,-1.144,,,
[1758212578747380910],7.702,-4.001,-0.658,,,
[1758212578752728670],8.796,-3.852,-0.45,,,
[1758212578758035702],6.744,-3.112,0.587,,,
[1758212578763317264],7.432,-3.122,1.324,,,
[1758212578768435754],5.377,-2.643,1.674,,,
[1758212578773575962],6.797,-2.629,2.313,,,
[1758212578781421379],6.706,-3.036,3.256,,,
[1758212578786707577],6.249,-3.05,3.61,,,
[1758212578791964764],8.272,-3.9,4.034,,,
[1758212578797089816],7.326,-3.934,4.671,,,
[1758212578802251379],9.541,-4.276,5.432,,,
[1758212578807389920],8.229,-4.372,5.423,,,
[1758212578812558618],10.549,-4.776,5.239,,,
[1758212578817681014],9.62,-4.978,4.843,,,
[1758212578824247629],11.478,-5.313,4.614,,,
[1758212578829499347],11.131,-5.801,3.73,,,
[1758212578834694816],12.402,-5.959,2.727,,,
[1758212578839803410],11.959,-6.244,2.5,,,
[1758212578844931900],12.922,-5.909,1.314,,,
[1758212578850022108],12.237,-6.287,0.769,,,
[1758212578855156743],12.347,-5.605,-0.081,,,
[1758212578860256483],11.396,-5.418,-0.132,,,
[1758212578865404608],10.527,-4.762,-1.116,,,
[1758212578870580441],10.254,-5.035,-1.334,,,
[1758212578875711222],9.483,-4.489,-1.097,,,
[1758212578880832004],9.064,-4.451,-0.769,,,
[1758212578886464087],7.575,-3.864,-0.855,,,
[1758212578891580754],8.267,-3.565,-0.558,,,
[1758212578896699764],6.565,-3.304,0.261,,,
[1758212578901796535],7.214,-3.191,1.132,,,
[1758212578906914399],5.72,-2.586,1.683,,,
[1758212578911981795],6.843,-2.607,2.684,,,
[1758212578917084347],5.813,-2.488,3.297,,,
[1758212578922309764],7.111,-3.127,3.733,,,
[1758212578927619712],6.677,-3.496,3.984,,,
[1758212578933376431],8.88,-3.895,5.042,,,
[1758212578938502889],7.999,-3.962,5.346,,,
[1758212578943648931],9.811,-4.436,4.987,,,
[1758212578948747629],9.182,-4.532,5.794,,,
[1758212578953861691],10.81,-4.918,4.887,,,
[1758212578958949764],10.343,-5.059,4.374,,,
[1758212578964071691],12.093,-5.598,3.785,,,
[1758212578969176847],11.461,-5.801,2.67,,,
[1758212578974514868],13.096,-5.959,2.263,,,
[1758212578979662004],12.093,-6.158,2.028,,,
[1758212578984891587],12.637,-5.78,1.061,,,
[1758212578990005077],12.112,-5.981,0.512,,,
[1758212578995536847],11.495,-5.346,-0.237,,,
[1758212579000698722],11.004,-5.325,-0.654,,,
[1758212579005816483],10.252,-4.834,-1.183,,,
[1758212579010956327],9.845,-4.831,-1.214,,,
[1758212579016095754],8.768,-4.099,-1.379,,,
[1758212579021237577],8.772,-4.164,-0.857,,,
[1758212579026357264],7.384,-3.536,-0.713,,,
[1758212579036632004],6.577,-3.089,1.571,,,
[1758212579041895441],6.967,-2.923,2.251,,,
[1758212579047032264],5.578,-2.516,2.512,,,
[1758212579052261899],6.9,-2.643,3.199,,,
[1758212579057415649],5.782,-2.811,4.128,,,
[1758212579062571431],7.877,-3.457,4.408,,,
[1758212579067716431],7.063,-3.673,4.748,,,
[1758212579072906951],9.146,-4.238,4.87,,,
[1758212579078069504],8.009,-4.125,5.318,,,
[1758212579083364972],10.235,-4.384,5.198,,,
[1758212579088484347],9.438,-4.776,5.104,,,
[1758212579093613410],11.586,-5.121,4.86,,,
[1758212579098746431],10.549,-5.521,4.525,,,
[1758212579104303826],12.318,-5.777,3.421,,,
[1758212579109522056],11.782,-6.079,2.255,,,
[1758212579114712160],12.941,-5.986,1.401,,,
[1758212579119845754],12.045,-6.23,0.996,,,
[1758212579125023879],12.505,-5.89,0.297,,,
[1758212579130144035],11.856,-5.602,0.594,,,
[1758212579135368879],10.733,-4.942,-0.163,,,
[1758212579140537264],10.446,-5.071,-1.243,,,
[1758212579147287889],8.933,-4.544,-0.915,,,
[1758212579152614139],10.08,-4.535,-1.075,,,
[1758212579157724972],8.049,-3.943,-1.156,,,
[1758212579162895076],8.614,-3.692,-0.622,,,
[1758212579168010076],6.61,-3.287,0.055,,,
[1758212579173134243],7.532,-3.347,1.176,,,
[1758212579178239035],5.545,-2.789,2.014,,,
[1758212579183454556],6.922,-2.825,2.777,,,
[1758212579188609035],5.461,-2.799,3.622,,,
[1758212579193807160],6.9,-2.981,3.859,,,
[1758212579198996379],6.165,-3.462,4.243,,,
[1758212579204160754],8.198,-3.692,4.58,,,
[1758212579209684868],8.016,-3.74,5.351,,,
[1758212579214902941],9.452,-4.029,5.253,,,
[1758212579219995233],8.748,-4.563,5.016,,,
[1758212579225163931],10.269,-4.599,5.035,,,
[1758212579230324920],10.707,-5.334,4.31,,,
[1758212579235501691],11.011,-5.1,3.845,,,
[1758212579240594035],11.835,-5.875,3.563,,,
[1758212579245790181],12.251,-5.789,2.143,,,
[1758212579251714660],12.957,-6.268,1.848,,,
[1758212579256945076],12.177,-6.177,1.063,,,
[1758212579262052472],12.991,-6.155,0.747,,,
[1758212579267197212],11.296,-5.55,0.369,,,
[1758212579272355806],11.739,-5.418,-0.012,,,
[1758212579277539243],9.371,-4.949,-0.668,,,
[1758212579282869868],10.587,-4.889,-0.955,,,
[1758212579288027733],8.442,-4.523,-1.001,,,
[1758212579293179295],9.371,-4.132,-1.116,,,
[1758212579298518097],7.331,-3.706,-0.515,,,
[1758212579303701639],8.085,-3.395,-0.517,,,
[1758212579308853566],6.385,-3.091,0.651,,,
[1758212579313992264],7.087,-2.928,1.791,,,
[1758212579319432681],5.796,-2.828,2.433,,,
[1758212579324595858],6.553,-2.641,3.481,,,
[1758212579329723774],5.878,-2.72,4.281,,,
[1758212579334966899],7.166,-2.974,3.855,,,
[1758212579340199191],7.353,-3.9,4.717,,,
[1758212579345380337],8.32,-3.778,4.669,,,
[1758212579350496639],8.95,-4.175,5.485,,,
[1758212579355632628],9.151,-4.233,4.918,,,
[1758212579361143045],9.917,-4.769,5.157,,,
[1758212579366307889],10.628,-5.145,4.489,,,
[1758212579371401899],11.334,-5.648,4.329,,,
[1758212579376585701],11.293,-5.641,3.081,,,
[1758212579381881222],12.943,-6.11,2.684,,,
[1758212579387074191],11.784,-6.091,1.891,,,
[1758212579392269191],13.326,-6.323,0.962,,,
[1758212579397442524],11.827,-6.036,0.436,,,
[1758212579402779608],12.608,-5.55,0.146,,,
[1758212579407918931],10.309,-5.157,-0.081,,,
[1758212579413082472],11.394,-5.198,-0.543,,,
[1758212579418225128],8.93,-4.889,-0.979,,,
[1758212579423506431],10.209,-4.539,-1.233,,,
[1758212579430052108],8.305,-4.245,-0.917,,,
[1758212579436423774],7.7,-3.402,-0.184,,,
[1758212579441636639],7.621,-3.378,0.086,,,
[1758212579446881170],5.981,-2.966,1.025,,,
[1758212579451987212],7.175,-3.06,2.296,,,
[1758212579457123410],5.772,-2.698,1.899,,,
[1758212579462264347],6.962,-2.986,3.436,,,
[1758212579467679399],5.619,-2.875,3.852,,,
[1758212579472883774],7.944,-3.761,4.513,,,
[1758212579477990701],7.192,-3.754,4.961,,,
[1758212579483294764],9.103,-4.063,4.855,,,
[1758212579488529764],7.934,-4.156,5.296,,,
[1758212579493629608],10.156,-4.568,5.404,,,
[1758212579498718931],9.208,-4.812,5.171,,,
[1758212579503848097],11.334,-5.169,4.513,,,
[1758212579508950910],10.671,-5.385,4.48,,,
[1758212579514026795],12.512,-5.904,3.1,,,
[1758212579519161795],11.787,-6.055,2.265,,,
[1758212579524399347],12.914,-6.22,1.537,,,
[1758212579529646795],11.815,-6.285,1.082,,,
[1758212579535241222],12.644,-5.866,-0.139,,,
[1758212579540368462],11.473,-5.569,-0.005,,,
[1758212579545504608],10.779,-4.798,-0.946,,,
[1758212579550616587],10.432,-4.999,-1.07,,,
[1758212579555763878],9.934,-4.563,-1.24,,,
[1758212579560938462],9.096,-4.47,-1.07,,,
[1758212579566093930],8.373,-4.041,-0.974,,,
[1758212579571231691],8.298,-3.9,-0.33,,,
[1758212579577068410],6.644,-3.311,0.407,,,
[1758212579583635545],7.286,-3.168,0.941,,,
[1758212579588864503],5.454,-2.887,1.87,,,
[1758212579593957889],7.049,-2.715,3.163,,,
[1758212579599039868],5.72,-2.569,3.749,,,
[1758212579604190597],7.183,-2.923,3.895,,,
[1758212579609304295],6.632,-3.452,4.116,,,
[1758212579614454764],8.456,-3.802,4.551,,,
[1758212579619577733],7.982,-3.946,4.954,,,
[1758212579624763514],9.256,-3.883,5.401,,,
[1758212579629996899],8.918,-4.7,5.729,,,
[1758212579635221326],10.12,-4.841,4.779,,,
[1758212579640699503],10.7,-5.155,4.628,,,
[1758212579645805805],11.43,-5.112,4.132,,,
[1758212579650979347],11.77,-5.974,3.203,,,
[1758212579656147264],12.167,-5.854,1.748,,,
[1758212579661298566],13.182,-6.17,1.827,,,
[1758212579666402524],12.081,-6.072,1.053,,,
[1758212579671551430],13.113,-6.151,0.309,,,
[1758212579676708358],11.138,-5.466,-0.084,,,
[1758212579681900024],11.202,-5.404,-0.208,,,
[1758212579687517055],9.831,-5.028,-0.792,,,
[1758212579692731378],10.29,-4.865,-0.486,,,
[1758212579697888983],8.32,-4.293,-1.19,,,
[1758212579703049555],9.443,-4.247,-1.058,,,
[1758212579708164608],7.125,-3.565,-0.397,,,
[1758212579713284087],7.848,-3.553,0.215,,,
[1758212579718442368],6.1,-3.1,1.149,,,
[1758212579723586274],7.058,-2.942,1.381,,,
[1758212579728743930],5.662,-2.538,2.382,,,
[1758212579734024920],6.756,-2.995,3.443,,,
[1758212579739143357],5.483,-2.974,3.45,,,
[1758212579744315701],7.573,-3.364,4.108,,,
[1758212579749949764],7.446,-3.754,4.946,,,
[1758212579755495024],8.298,-3.716,4.604,,,
[1758212579760638305],9.067,-4.305,5.066,,,
[1758212579765816066],9.469,-4.171,5.576,,,
[1758212579774076587],11.14,-4.956,4.511,,,
[1758212579779319035],10.183,-5.428,4.551,,,
[1758212579784519972],12.048,-5.679,3.821,,,
[1758212579789629347],11.758,-5.952,2.849,,,
[1758212579796070441],12.136,-6.067,1.721,,,
[1758212579801291430],12.823,-6.282,1.231,,,
[1758212579806444764],12.507,-6.081,0.081,,,
[1758212579811586014],12.419,-5.964,0.735,,,
[1758212579816740337],10.221,-5.286,-0.445,,,
[1758212579821850180],11.107,-5.138,-0.697,,,
[1758212579827016274],9.433,-4.659,-1.219,,,
[1758212579832204139],9.926,-4.618,-0.33,,,
[1758212579837438357],8.203,-4.132,-0.419,,,
[1758212579842702785],8.918,-4.005,-0.426,,,
[1758212579847852472],6.692,-3.282,-0.299,,,
[1758212579852994660],7.575,-3.448,0.79,,,
[1758212579859529868],5.732,-2.995,1.975,,,
[1758212579864796222],6.555,-2.535,2.188,,,
[1758212579869902837],6.081,-2.808,3.424,,,
[1758212579875033826],6.505,-2.686,3.488,,,
[1758212579880139764],6.577,-3.275,3.713,,,
[1758212579885289764],8.262,-3.881,4.305,,,
[1758212579890382212],8.076,-3.836,4.98,,,
[1758212579895525128],8.933,-3.953,5.143,,,
[1758212579900700701],8.782,-4.803,5.89,,,
[1758212579906264295],9.675,-4.563,5.267,,,
[1758212579911380441],11.013,-5.277,5.035,,,
[1758212579916511430],10.965,-5.442,4.113,,,
[1758212579921642732],11.926,-5.906,3.148,,,
[1758212579926826847],11.602,-6.057,2.361,,,
[1758212579931965076],13.247,-6.246,1.992,,,
[1758212579937118982],11.921,-6.254,1.08,,,
[1758212579942335128],13.242,-6.433,0.948,,,
[1758212579947658305],11.428,-5.581,0.45,,,
[1758212579952830962],11.507,-5.478,0.211,,,
[1758212579957952837],9.807,-4.879,-0.654,,,
[1758212579963133618],10.554,-4.767,-0.752,,,
[1758212579968659868],8.562,-4.384,-0.996,,,
[1758212579973808045],9.646,-4.13,-1.214,,,
[1758212579978918305],7.396,-3.62,-0.845,,,
[1758212579984180180],7.908,-3.227,-0.594,,,
[1758212579989296587],6.139,-3.146,1.037,,,
[1758212579994371378],7.235,-2.794,1.987,,,
[1758212579999451378],5.964,-2.454,2.195,,,
[1758212580004596899],6.687,-2.665,3.237,,,
[1758212580009766847],5.902,-3.007,3.929,,,
[1758212580015362628],7.039,-2.978,3.546,,,
[1758212580020475597],7.511,-3.596,4.53,,,
[1758212580025643982],8.475,-3.701,4.774,,,
[1758212580030765701],8.365,-4.142,5.37,,,
[1758212580035986378],9.151,-4.123,5.174,,,
[1758212580041116170],10.307,-4.829,4.824,,,
[1758212580046234295],10.192,-5.04,4.659,,,
[1758212580051367472],11.337,-5.55,4.755,,,
[1758212580056669503],11.155,-5.586,3.34,,,
[1758212580061812889],12.56,-6.112,2.919,,,
[1758212580066935597],12.014,-5.866,2.006,,,
[1758212580072049816],12.572,-6.314,1.508,,,
[1758212580078679659],11.72,-6.088,0.862,,,
[1758212580083968930],12.696,-5.54,0.017,,,
[1758212580089097107],10.226,-5.406,-0.321,,,
[1758212580094263722],11.219,-5.059,-0.658,,,
[1758212580099397159],9.409,-4.618,-0.431,,,
[1758212580104491639],9.855,-4.252,-1.085,,,
[1758212580109578149],8.286,-4.12,-0.936,,,
[1758212580114734972],8.394,-4.082,-0.661,,,
[1758212580119930962],7.116,-3.263,0.096,,,
[1758212580125508149],6.986,-3.053,0.678,,,
[1758212580130684399],6.349,-2.902,1.958,,,
[1758212580135905597],6.184,-2.456,2.071,,,
[1758212580141054816],6.16,-2.794,3.395,,,
[1758212580146215701],6.333,-2.741,3.177,,,
[1758212580151321118],7.53,-3.39,3.697,,,
[1758212580156413670],7.087,-3.661,4.31,,,
[1758212580161620232],9.045,-4.12,5.116,,,
[1758212580166878670],8.131,-3.95,4.726,,,
[1758212580171996691],9.603,-4.583,5.358,,,
[1758212580177089451],9.237,-4.549,4.501,,,
[1758212580182322368],10.791,-5.145,4.843,,,
[1758212580187969607],10.343,-5.174,4.056,,,
[1758212580193084243],12.388,-5.784,2.866,,,
[1758212580198226795],11.305,-5.914,2.447,,,
[1758212580203371899],13.044,-6.249,2.313,,,
[1758212580208499034],12.028,-6.053,1.137,,,
[1758212580213606951],13.259,-6.304,0.153,,,
[1758212580218715961],11.483,-5.875,-0.153,,,
[1758212580223954764],12.05,-5.44,-0.005,,,
[1758212580229287732],9.847,-4.97,-0.639,,,
[1758212580234977107],10.403,-4.781,-1.269,,,
[1758212580240146430],8.777,-4.769,-1.41,,,
[1758212580245275232],9.117,-3.953,-0.785,,,
[1758212580250388149],7.896,-3.979,-0.409,,,
[1758212580255543722],7.549,-3.357,-0.342,,,
[1758212580260656534],7.195,-3.409,1.312,,,
[1758212580265843097],6.354,-2.88,1.391,,,
[1758212580270992211],6.184,-2.89,2.212,,,
[1758212580276328305],5.906,-2.547,3.074,,,
[1758212580281482159],6.16,-2.715,3.407,,,
[1758212580286715493],6.39,-2.928,3.622,,,
[1758212580291822003],8.133,-3.955,4.743,,,
[1758212580298386534],7.427,-3.773,4.671,,,
[1758212580303647055],9.586,-4.298,4.458,,,
[1758212580308744764],8.914,-4.372,5.344,,,
[1758212580313874243],10.566,-4.724,5.437,,,
[1758212580318989086],9.855,-4.987,5.25,,,
[1758212580324095024],11.566,-5.54,4.36,,,
[1758212580329216586],11.107,-5.543,3.4,,,
[1758212580335616691],12.51,-5.988,2.351,,,
[1758212580342093670],13.113,-6.239,1.829,,,
[1758212580347350961],12.23,-6.254,0.565,,,
[1758212580352531586],12.917,-6.05,-0.019,,,
[1758212580357623514],10.961,-5.586,0.072,,,
[1758212580362807055],11.389,-5.272,-0.467,,,
[1758212580367914711],9.519,-4.913,-0.733,,,
[1758212580373015545],10.642,-4.786,-1.099,,,
[1758212580378112368],8.487,-4.168,-1.164,,,
[1758212580383348253],9.218,-3.881,-1.12,,,
[1758212580388552472],6.965,-3.711,-0.57,,,
[1758212580393662368],8.262,-3.23,0.46,,,
[1758212580398749920],5.866,-2.911,1.472,,,
[1758212580404232368],6.95,-2.77,2.179,,,
[1758212580409345909],5.507,-2.512,2.648,,,
[1758212580414451326],6.871,-2.734,3.249,,,
[1758212580419542888],5.533,-2.746,3.934,,,
[1758212580424675493],7.803,-3.424,3.977,,,
[1758212580429838774],7.451,-3.766,5.104,,,
[1758212580435116326],8.387,-3.79,4.901,,,
[1758212580440211066],8.641,-4.396,5.107,,,
[1758212580445466951],9.524,-4.405,5.844,,,
[1758212580450971899],9.713,-4.932,5.114,,,
[1758212580456154607],10.602,-5.066,4.568,,,
[1758212580461262732],11.636,-5.574,4.166,,,
[1758212580466398618],11.466,-5.569,2.875,,,
[1758212580471521378],12.673,-6.254,2.061,,,
[1758212580476657784],12.289,-5.933,1.942,,,
[1758212580481771222],12.917,-6.153,0.888,,,
[1758212580486982472],12.117,-5.844,-0.077,,,
[1758212580492323722],12.22,-5.775,0.259,,,
[1758212580497899243],10.424,-5.126,-0.766,,,
[1758212580503147159],10.992,-5.191,-1.302,,,
[1758212580508271430],8.973,-4.688,-1.147,,,
[1758212580513709555],9.981,-4.671,-0.986,,,
[1758212580518871951],7.551,-4.092,-1.077,,,
[1758212580524074451],8.665,-3.742,-0.484,,,
[1758212580529248670],6.61,-3.302,0.503,,,
[1758212580534517055],7.321,-2.935,1.216,,,
[1758212580539676482],5.672,-2.832,1.901,,,
[1758212580544929868],6.766,-2.682,2.674,,,
[1758212580550033357],5.662,-2.727,3.342,,,
[1758212580557607159],5.914,-2.95,3.788,,,
[1758212580562822159],8.305,-3.754,4.884,,,
[1758212580567968566],7.539,-3.728,4.544,,,
[1758212580573119972],9.129,-4.226,5.344,,,
[1758212580578241222],8.425,-4.278,5.157,,,
[1758212580583572472],10.52,-4.695,5.466,,,
[1758212580588729034],9.373,-4.913,5.047,,,
[1758212580593815701],11.655,-5.461,4.379,,,
[1758212580598967263],10.436,-5.488,3.788,,,
[1758212580604128826],12.677,-5.873,2.035,,,
[1758212580609250909],11.621,-6.16,2.049,,,
[1758212580614350388],13.297,-6.17,1.41,,,
[1758212580621757628],13.063,-6.34,0.958,,,
[1758212580627258253],11.504,-5.543,0.302,,,
[1758212580632584503],11.818,-5.454,-0.041,,,
[1758212580637796065],9.773,-5.004,-1.027,,,
[1758212580642980336],10.29,-4.913,-0.883,,,
[1758212580648108097],8.669,-4.379,-1.03,,,
[1758212580653246482],9.397,-4.355,-0.946,,,
[1758212580658357836],7.171,-3.584,-0.417,,,
[1758212580663834138],8.068,-3.673,-0.113,,,
[1758212580669110545],6.194,-3.098,1.123,,,
[1758212580674234034],7.082,-2.983,1.554,,,
[1758212580679337055],5.648,-2.739,2.416,,,
[1758212580684529868],6.79,-2.859,3.026,,,
[1758212580689628982],5.861,-2.911,3.773,,,
[1758212580694739763],7.331,-2.969,4.159,,,
[1758212580699843826],7.197,-3.658,4.384,,,
[1758212580704998982],8.653,-3.79,4.887,,,
[1758212580710188045],8.353,-4.108,5.26,,,
[1758212580715456690],9.474,-4.099,5.186,,,
[1758212580720648982],9.349,-4.994,4.956,,,
[1758212580726154243],10.597,-5.09,4.496,,,
[1758212580731284920],11.207,-5.329,4.539,,,
[1758212580736484607],11.756,-5.607,3.282,,,
[1758212580741606899],11.976,-6.16,2.514,,,
[1758212580746735597],12.052,-6.215,1.674,,,
[1758212580751893305],13.185,-6.352,1.288,,,
[1758212580757125701],12.055,-6.129,0.448,,,
[1758212580762359243],12.658,-5.981,0.12,,,
[1758212580767593722],10.625,-5.219,-0.345,,,
[1758212580773291274],11.253,-5.1,-1.025,,,
[1758212580778435440],9.313,-5.021,-0.955,,,
[1758212580783667003],10.247,-4.401,-0.754,,,
[1758212580788825649],8.126,-4.08,-1.152,,,
[1758212580793996378],8.583,-3.984,-0.697,,,
[1758212580799140909],6.589,-3.273,-0.072,,,
[1758212580804329815],7.757,-2.916,0.692,,,
[1758212580809432472],5.729,-2.727,1.796,,,
[1758212580814700493],7.01,-2.588,2.332,,,
[1758212580819849659],5.42,-2.713,3.218,,,
[1758212580825009295],6.371,-2.61,3.891,,,
[1758212580830128826],6.395,-2.94,3.931,,,
[1758212580835737628],8.083,-3.63,4.278,,,
[1758212580840858722],7.717,-4.053,5.346,,,
[1758212580846003670],8.696,-3.977,5.025,,,
[1758212580851132211],9.436,-4.623,5.492,,,
[1758212580856295545],9.627,-4.487,5.301,,,
[1758212580861395388],10.992,-5.09,4.882,,,
[1758212580866538982],10.772,-5.088,4.082,,,
[1758212580871650232],11.811,-5.847,3.335,,,
[1758212580876839503],12.045,-5.806,2.454,,,
[1758212580883591326],13.218,-6.383,1.743,,,
[1758212580888847628],11.691,-6.163,0.771,,,
[1758212580893994972],13.216,-6.05,0.292,,,
[1758212580899093149],10.963,-5.519,0.254,,,
[1758212580904215076],11.32,-5.344,-0.232,,,
[1758212580909317420],9.821,-4.836,-0.84,,,
[1758212580914452420],10.534,-5.001,-0.831,,,
[1758212580919577003],8.593,-4.527,-0.96,,,
[1758212580924793513],9.309,-4.243,-1.173,,,
[1758212580930080128],7.357,-3.903,-0.445,,,
[1758212580935353201],7.496,-3.371,-0.599,,,
[1758212580940808045],6.642,-3.17,0.711,,,
[1758212580946013409],6.735,-2.658,1.53,,,
[1758212580951123409],5.811,-2.672,2.717,,,
[1758212580956243253],5.868,-2.538,3.062,,,
[1758212580961375909],6.541,-2.945,3.766,,,
[1758212580966531638],6.608,-3.041,3.754,,,
[1758212580971630857],7.913,-3.833,4.326,,,
[1758212580976762576],7.815,-3.749,4.602,,,
[1758212580981921690],8.957,-4.274,5.107,,,
[1758212580987572367],8.894,-4.575,5.499,,,
[1758212580992799555],10.762,-5.045,4.65,,,
[1758212580997895701],10.048,-4.906,4.623,,,
[1758212581003082992],12.057,-5.693,4.243,,,
[1758212581008214034],11.157,-5.672,3.096,,,
[1758212581013363149],12.684,-6.065,2.306,,,
[1758212581018510857],11.545,-6.096,2.061,,,
[1758212581023703930],13.034,-6.196,1.425,,,
[1758212581028858565],11.653,-6.021,0.601,,,
[1758212581034247524],12.651,-5.631,-0.247,,,
[1758212581039391794],10.233,-5.32,-0.045,,,
[1758212581044583565],11.1,-5.198,-0.69,,,
[1758212581051155232],9.792,-4.784,-1.539,,,
[1758212581056454034],8.653,-4.295,-1.508,,,
[1758212581061578617],8.839,-4.283,-0.795,,,
[1758212581066726899],7.312,-3.426,-0.69,,,
[1758212581071834242],7.594,-3.443,0.548,,,
[1758212581076968461],6.409,-3.021,1.178,,,
[1758212581082078982],6.792,-2.794,2.533,,,
[1758212581087284503],5.555,-2.583,2.6,,,
[1758212581093213305],6.907,-2.816,3.874,,,
[1758212581099651794],6.141,-2.993,3.819,,,
[1758212581104903357],7.688,-3.462,4.039,,,
[1758212581110018982],7.657,-3.862,4.496,,,
[1758212581115170180],8.698,-3.986,5.337,,,
[1758212581120329867],8.298,-4.013,5.303,,,
[1758212581125465857],9.986,-4.475,5.138,,,
[1758212581130637159],10.484,-5.207,4.475,,,
[1758212581135904451],11.047,-5.083,4.12,,,
[1758212581141037836],11.533,-5.739,3.984,,,
[1758212581146277680],12.103,-5.765,2.6,,,
[1758212581151400180],12.289,-6.335,2.385,,,
[1758212581158860440],11.693,-6.175,1.348,,,
[1758212581164351794],13.35,-6.388,0.575,,,
[1758212581169494294],11.2,-5.729,0.462,,,
[1758212581174621690],11.863,-5.107,-0.184,,,
[1758212581179757315],10.144,-5.025,-0.702,,,
[1758212581184973461],10.496,-4.951,-0.62,,,
[1758212581190073149],9.093,-4.451,-1.324,,,
[1758212581195199919],9.215,-4.243,-1.372,,,
[1758212581200658044],7.609,-3.819,-0.429,,,
[1758212581205836638],7.666,-3.031,-0.409,,,
[1758212581211056482],7.065,-3.249,0.934,,,
[1758212581216233930],6.349,-2.492,1.659,,,
[1758212581221351847],6.158,-2.837,2.241,,,
[1758212581226549867],6.112,-2.555,2.856,,,
[1758212581231662419],6.06,-2.909,3.508,,,
[1758212581236865597],6.421,-3.031,3.9,,,
[1758212581241968982],8.229,-3.778,4.599,,,
[1758212581247112836],7.721,-3.575,4.391,,,
[1758212581252418722],9.414,-4.154,5.464,,,
[1758212581259149607],8.815,-4.475,4.903,,,
[1758212581265568774],10.69,-4.884,4.714,,,
[1758212581270813305],10.238,-5.349,4.635,,,
[1758212581275965076],11.499,-5.397,3.625,,,
[1758212581281100440],12.079,-5.966,2.825,,,
[1758212581286317367],12.232,-5.897,2.014,,,
[1758212581291440128],12.778,-6.038,2.057,,,
[1758212581296628930],12.649,-6.007,0.381,,,
[1758212581301844086],12.78,-6.165,0.606,,,
[1758212581307308253],10.791,-5.514,0.012,,,
[1758212581312609138],11.064,-5.104,-0.553,,,
[1758212581317736586],9.536,-4.705,-0.998,,,
[1758212581322934763],10.168,-4.865,-0.819,,,
[1758212581328064034],8.159,-4.216,-0.871,,,
[1758212581333323774],9.256,-4.087,-0.867,,,
[1758212581338499815],6.922,-3.572,-0.582,,,
[1758212581343671534],8.071,-3.385,0.201,,,
[1758212581348797940],5.899,-3.136,1.298,,,
[1758212581354064659],7.015,-2.746,1.705,,,
[1758212581359208826],5.353,-2.741,2.564,,,
[1758212581364727367],7.063,-3.01,3.364,,,
[1758212581369844659],5.959,-2.801,4.017,,,
[1758212581374982055],7.757,-3.22,4.537,,,
[1758212581380108305],7.764,-3.922,4.798,,,
[1758212581385344919],8.516,-3.905,4.925,,,
[1758212581390433669],8.741,-4.29,5.921,,,
[1758212581395541846],9.924,-4.374,5.298,,,
[1758212581400633044],9.898,-5.191,5.004,,,
[1758212581405857315],11.121,-5.296,4.393,,,
[1758212581411079919],10.874,-5.818,3.917,,,
[1758212581416561846],11.887,-5.732,2.907,,,
[1758212581421653982],12.574,-6.235,2.574,,,
[1758212581426733409],12.301,-6.065,1.496,,,
[1758212581431877992],12.986,-6.282,0.991,,,
[1758212581437139919],12.28,-5.78,0.254,,,
[1758212581442376274],12.016,-5.459,-0.077,,,
[1758212581447507315],10.159,-5.162,-0.462,,,
[1758212581452735388],11.018,-4.927,-1.204,,,
[1758212581457941013],9.052,-4.899,-0.709,,,
[1758212581463112107],9.895,-4.362,-1.073,,,
[1758212581468205596],8.064,-4.02,-0.962,,,
[1758212581473500440],8.475,-3.967,-0.376,,,
[1758212581478668773],6.304,-3.239,0.314,,,
[1758212581483871378],7.53,-3.067,1.3,,,
[1758212581491903357],6.366,-2.971,2.394,,,
[1758212581497030388],5.722,-2.322,2.801,,,
[1758212581502223409],6.586,-3.045,3.407,,,
[1758212581507345805],6.297,-3.144,3.718,,,
[1758212581512496065],8.504,-3.661,4.446,,,
[1758212581517574971],7.527,-3.8,5.126,,,
[1758212581524145180],9.376,-4.262,4.76,,,
[1758212581529407523],8.689,-4.571,5.392,,,
[1758212581534745232],10.484,-4.673,5.387,,,
[1758212581539882315],10.293,-5.054,5.152,,,
[1758212581545028044],11.808,-5.452,4.07,,,
[1758212581550127576],11.272,-5.792,3.345,,,
[1758212581555219138],12.881,-6.005,2.471,,,
[1758212581560354294],12.151,-6.314,2.246,,,
[1758212581565575336],12.797,-6.069,1.307,,,
[1758212581570780961],12.495,-6.409,0.287,,,
[1758212581575903461],11.942,-5.404,-0.158,,,
[1758212581581203982],10.733,-5.476,-0.16,,,
[1758212581586457367],10.767,-4.808,-1.19,,,
[1758212581591601117],10.297,-4.922,-1.805,,,
[1758212581596714867],8.818,-4.484,-1.575,,,
[1758212581601854555],8.971,-4.262,-0.943,,,
[1758212581607065544],7.578,-3.565,-0.656,,,
[1758212581612233513],7.889,-3.737,0.266,,,
[1758212581617404503],6.278,-3.038,1.302,,,
[1758212581622597836],6.819,-2.935,1.97,,,
[1758212581627701013],5.523,-2.746,2.059,,,
[1758212581633404503],7.008,-2.725,2.964,,,
[1758212581638596638],5.521,-2.61,3.606,,,
[1758212581643682680],7.623,-3.373,4.077,,,
[1758212581648764242],6.919,-3.692,4.298,,,
[1758212581653978409],9.045,-4.156,4.997,,,
[1758212581659108461],7.951,-4.089,5.499,,,
[1758212581664248773],10.003,-4.24,5.128,,,
[1758212581669374503],9.481,-4.599,5.636,,,
[1758212581674634034],11.037,-5.131,5.052,,,
[1758212581679807367],10.839,-5.533,4.18,,,
[1758212581685090023],12.392,-5.725,2.959,,,
[1758212581691805388],12.143,-6.239,2.346,,,
[1758212581697550648],12.397,-6.05,1.772,,,
[1758212581702759971],13.063,-6.349,1.144,,,
[1758212581707879971],11.665,-5.993,0.445,,,
[1758212581713037107],12.186,-5.564,0.074,,,
[1758212581718156534],10.07,-5.207,-0.862,,,
[1758212581723246482],11.104,-5.198,-0.795,,,
[1758212581728339242],8.813,-4.693,-0.953,,,
[1758212581734760180],9.787,-4.12,-1.125,,,
[1758212581740355857],7.707,-3.943,-0.682,,,
[1758212581745506482],7.824,-3.371,-0.254,,,
[1758212581750612315],6.716,-3.383,0.541,,,
[1758212581755764607],7.046,-2.854,1.087,,,
[1758212581760860128],5.732,-2.885,2.263,,,
[1758212581765944919],6.385,-2.435,3.024,,,
[1758212581771050805],6.163,-2.715,3.697,,,
[1758212581776208773],6.44,-2.82,3.371,,,
[1758212581781380128],7.697,-3.67,3.745,,,
[1758212581786624398],7.738,-3.615,4.752,,,
[1758212581791730596],8.523,-4.063,4.831,,,
[1758212581796961378],8.995,-4.233,4.738,,,
[1758212581802107159],10.027,-4.884,5.648,,,
[1758212581807277888],9.776,-4.803,5.21,,,
[1758212581812411273],11.593,-5.375,5.03,,,
[1758212581817508200],10.91,-5.523,4.113,,,
[1758212581822751378],12.752,-6.275,3.383,,,
[1758212581827887732],11.734,-6.146,2.528,,,
[1758212581833076482],13.111,-6.337,1.46,,,
[1758212581838275596],11.815,-6.105,0.199,,,
[1758212581843408409],13.204,-6.0,-0.189,,,
[1758212581848909242],10.647,-5.411,-0.541,,,
[1758212581854040336],11.511,-5.061,-1.053,,,
[1758212581859141794],9.371,-4.518,-1.152,,,
[1758212581864290232],10.326,-4.652,-0.886,,,
[1758212581869443930],8.487,-4.278,-1.077,,,
[1758212581874566638],8.988,-4.046,-0.757,,,
[1758212581879743461],6.965,-3.639,-0.907,,,
[1758212581884979450],7.915,-3.508,0.378,,,
[1758212581890262575],6.184,-3.096,1.422,,,
[1758212581895403409],6.421,-2.456,1.381,,,
[1758212581900510075],5.758,-2.84,2.567,,,
[1758212581907040857],5.986,-2.717,3.304,,,
[1758212581912361950],7.226,-3.103,4.259,,,
[1758212581917491117],6.922,-3.373,4.252,,,
[1758212581922635596],8.77,-4.089,4.879,,,
[1758212581927711898],7.918,-3.697,4.86,,,
[1758212581932937002],9.857,-4.468,5.186,,,
[1758212581938072107],9.1,-4.472,4.877,,,
[1758212581943208409],10.8,-5.016,4.956,,,
[1758212581948364711],10.24,-5.155,4.702,,,
[1758212581953904711],12.251,-5.679,3.871,,,
[1758212581959094450],11.351,-5.796,2.761,,,
[1758212581964245023],13.182,-6.237,1.978,,,
[1758212581969335336],11.734,-5.914,1.271,,,
[1758212581974471430],13.467,-6.11,0.553,,,
[1758212581979570805],11.571,-5.88,-0.113,,,
[1758212581984812055],11.775,-5.669,-0.067,,,
[1758212581989946742],10.19,-5.183,-0.654,,,
[1758212581995140909],10.606,-4.915,-0.797,,,
[1758212582000386013],9.313,-4.638,-1.013,,,
[1758212582005489919],9.196,-4.082,-1.46,,,
[1758212582010580752],7.894,-4.113,-0.721,,,
[1758212582016082055],7.779,-3.555,-0.357,,,
[1758212582021236846],6.981,-3.452,0.713,,,
[1758212582026313721],6.895,-2.624,1.053,,,
[1758212582031473565],6.211,-2.938,2.083,,,
[1758212582036831325],5.88,-2.459,2.646,,,
[1758212582042000596],6.529,-2.933,3.685,,,
[1758212582047172419],6.117,-2.804,4.444,,,
[1758212582052356690],7.724,-3.376,4.992,,,
[1758212582057527211],7.755,-3.859,5.507,,,
[1758212582063178721],9.175,-4.116,5.409,,,
[1758212582068314607],7.982,-4.063,5.346,,,
[1758212582073437575],10.4,-4.839,5.124,,,
[1758212582078554711],9.481,-4.939,5.035,,,
[1758212582083812211],11.686,-5.368,4.413,,,
[1758212582088975075],10.75,-5.631,3.733,,,
[1758212582094116325],12.761,-6.179,2.931,,,
[1758212582099221534],11.593,-6.009,2.076,,,
[1758212582104365700],13.453,-6.345,1.113,,,
[1758212582109535284],11.839,-6.129,0.795,,,
[1758212582114629971],12.931,-5.849,0.235,,,
[1758212582119844659],10.463,-5.432,0.062,,,
[1758212582125404034],11.325,-5.073,-0.702,,,
[1758212582130530440],9.792,-4.903,-0.893,,,
[1758212582135778929],10.08,-4.25,-1.171,,,
[1758212582140968877],9.0,-4.386,-0.996,,,
[1758212582146111950],8.327,-3.644,-0.352,,,
[1758212582151207732],7.427,-3.551,0.151,,,
[1758212582156320492],7.132,-3.148,-0.168,,,
[1758212582161405179],6.577,-2.971,1.7,,,
[1758212582166749242],6.51,-2.581,1.836,,,
[1758212582172277211],6.606,-2.875,2.576,,,
[1758212582177412315],5.751,-2.497,3.134,,,
[1758212582182796273],7.151,-3.172,3.8,,,
[1758212582187973461],6.697,-3.417,3.996,,,
[1758212582229271950],11.454,-5.993,2.538,,,
[1758212582235727679],12.871,-6.036,2.049,,,
[1758212582240422836],12.553,-6.29,1.41,,,
[1758212582244970544],12.945,-5.966,0.46,,,
[1758212582249489711],11.758,-5.954,0.06,,,
[1758212582254048461],12.22,-5.571,-0.558,,,
[1758212582258608773],9.756,-5.059,-0.419,,,
[1758212582263150492],11.174,-5.021,-0.917,,,
[1758212582267664190],8.851,-4.544,-1.226,,,
[1758212582272319190],9.778,-4.53,-0.996,,,
[1758212582276858825],8.126,-4.135,-1.226,,,
[1758212582281471013],8.401,-4.025,-0.699,,,
[1758212582286063617],7.412,-3.254,-0.177,,,
[1758212582290593304],6.754,-3.153,0.599,,,
[1758212582295132575],7.14,-2.78,0.565,,,
[1758212582299651534],5.646,-2.866,2.1,,,
[1758212582304220023],6.795,-2.698,2.27,,,
[1758212582309136586],5.495,-2.751,2.916,,,
[1758212582313859502],6.946,-2.761,3.428,,,
[1758212582318415857],5.871,-2.916,4.398,,,
[1758212582322953929],8.334,-3.797,4.793,,,
[1758212582327464086],7.412,-3.757,4.209,,,
[1758212582332104554],9.033,-4.094,5.274,,,
[1758212582336749190],8.799,-3.843,5.437,,,
[1758212582341945127],9.725,-4.611,5.447,,,
[1758212582347436898],9.699,-4.784,4.788,,,
[1758212582352819346],11.418,-5.308,4.357,,,
[1758212582357958461],10.434,-5.353,3.646,,,
[1758212582363086117],12.584,-5.868,3.057,,,
[1758212582368224346],11.641,-6.124,2.138,,,
[1758212582373333304],13.439,-6.316,1.973,,,
[1758212582378545909],11.971,-6.215,0.869,,,
[1758212582383792888],13.118,-6.263,-0.079,,,
[1758212582388919763],10.867,-5.772,-0.184,,,
[1758212582394135440],11.758,-5.375,-0.606,,,
[1758212582399352315],9.615,-4.602,-1.451,,,
[1758212582404517575],10.326,-4.587,-1.463,,,
[1758212582409629294],8.456,-4.444,-1.006,,,
[1758212582414789502],9.165,-4.065,-1.166,,,
[1758212582422804294],7.956,-3.56,-0.211,,,
[1758212582428278356],6.189,-3.124,0.879,,,
[1758212582433502315],7.108,-3.067,1.877,,,
[1758212582438611377],5.322,-2.768,2.418,,,
[1758212582443750336],7.108,-2.868,3.081,,,
[1758212582448865127],5.392,-2.703,3.637,,,
[1758212582454307054],7.302,-3.242,4.166,,,
[1758212582459470909],7.029,-3.649,4.319,,,
[1758212582464631638],8.832,-3.85,4.367,,,
[1758212582469899398],8.073,-3.979,5.344,,,
[1758212582475057054],9.778,-4.31,5.478,,,
[1758212582480174867],9.179,-4.472,5.066,,,
[1758212582485392211],10.944,-4.97,4.867,,,
[1758212582490505700],10.448,-5.38,4.231,,,
[1758212582495658461],11.698,-5.624,3.56,,,
[1758212582500762159],12.088,-6.146,2.775,,,
[1758212582505912888],12.737,-6.086,1.566,,,
[1758212582511110231],12.44,-6.364,1.288,,,
[1758212582516293929],12.67,-6.105,0.218,,,
[1758212582521411065],12.021,-5.911,-0.249,,,
[1758212582527958148],10.252,-5.138,-0.51,,,
[1758212582534345596],10.951,-5.013,-1.061,,,
[1758212582539643356],8.921,-4.626,-0.946,,,
[1758212582544800752],9.651,-4.439,-0.718,,,
[1758212582549913356],7.944,-3.812,-1.207,,,
[1758212582555059554],8.325,-3.625,-0.771,,,
[1758212582560476273],6.653,-3.448,0.144,,,
[1758212582565601898],7.061,-2.849,1.319,,,
[1758212582570713200],5.866,-2.885,1.951,,,
[1758212582575874711],6.117,-2.442,2.418,,,
[1758212582581116586],6.103,-2.636,3.512,,,
[1758212582586304711],6.56,-2.703,3.761,,,
[1758212582591411794],6.823,-3.232,4.278,,,
[1758212582596546950],8.076,-3.615,4.231,,,
[1758212582601649033],8.37,-4.128,5.152,,,
[1758212582606759763],8.981,-3.867,5.337,,,
[1758212582611861898],9.309,-4.535,5.921,,,
[1758212582617063096],9.67,-4.702,4.518,,,
[1758212582622408877],11.104,-5.262,4.934,,,
[1758212582627596481],11.03,-5.478,4.022,,,
[1758212582633232940],12.67,-6.096,3.22,,,
[1758212582638498721],11.94,-6.11,2.33,,,
[1758212582643671273],13.34,-6.361,1.343,,,
[1758212582648786013],11.921,-6.213,0.941,,,
[1758212582653907471],13.333,-6.167,0.306,,,
[1758212582659038981],10.851,-5.478,-0.347,,,
[1758212582664199711],11.43,-5.183,-0.888,,,
[1758212582669694450],9.756,-4.772,-0.721,,,
[1758212582674989971],10.396,-4.63,-0.757,,,
[1758212582680133513],8.605,-4.195,-1.334,,,
[1758212582685358617],8.906,-3.9,-0.979,,,
[1758212582690464606],7.175,-3.498,-0.129,,,
[1758212582695595231],7.736,-3.208,0.318,,,
[1758212582700735440],6.232,-3.055,1.35,,,
[1758212582705873356],6.886,-2.71,2.394,,,
[1758212582711014763],5.751,-2.705,2.54,,,
[1758212582716276117],6.213,-2.624,3.644,,,
[1758212582721407471],6.646,-2.926,3.833,,,
[1758212582726514815],7.161,-3.122,3.912,,,
[1758212582731703565],7.934,-3.898,4.867,,,
[1758212582736951273],8.49,-3.989,4.796,,,
[1758212582743080492],9.385,-4.429,5.322,,,
[1758212582748203981],8.866,-4.489,5.389,,,
[1758212582753284138],11.111,-5.195,4.961,,,
[1758212582758363877],10.07,-5.121,4.377,,,
[1758212582763535075],12.213,-5.677,4.058,,,
[1758212582768676794],11.214,-5.679,2.485,,,
[1758212582773782263],13.099,-6.132,2.433,,,
[1758212582779610440],11.909,-6.055,1.786,,,
[1758212582786146013],12.84,-5.954,0.498,,,
[1758212582791363408],12.325,-6.076,0.524,,,
[1758212582796456950],11.135,-5.15,-0.34,,,
[1758212582801587888],10.994,-5.059,-0.395,,,
[1758212582806727210],10.223,-4.774,-0.783,,,
[1758212582811806221],9.699,-4.726,-1.068,,,
[1758212582816883148],8.981,-4.18,-1.147,,,
[1758212582821993304],8.303,-4.099,-0.898,,,
[1758212582827189502],7.365,-3.278,-0.555,,,
[1758212582832459450],7.697,-3.405,1.07,,,
[1758212582837636794],5.911,-2.921,1.621,,,
[1758212582842838721],6.618,-2.842,1.867,,,
[1758212582849424033],5.284,-2.641,2.777,,,
[1758212582855795283],6.649,-2.749,3.12,,,
[1758212582861029138],6.591,-3.464,4.111,,,
[1758212582866126325],8.241,-3.625,4.475,,,
[1758212582871233304],7.779,-4.092,5.27,,,
[1758212582876391013],9.191,-3.883,4.575,,,
[1758212582881508877],9.708,-4.738,5.775,,,
[1758212582886692523],9.816,-4.75,5.349,,,
[1758212582893192263],11.308,-5.289,4.185,,,
[1758212582898453096],10.819,-5.382,3.484,,,
[1758212582903606585],12.838,-5.954,3.05,,,
[1758212582908707158],11.447,-6.033,2.308,,,
[1758212582913844867],13.271,-6.412,1.812,,,
[1758212582918942940],11.873,-6.086,0.742,,,
[1758212582924063617],13.307,-6.299,0.057,,,
[1758212582929189658],10.767,-5.557,0.536,,,
[1758212582934447888],11.629,-5.138,-0.711,,,
[1758212582939659554],9.768,-4.824,-0.656,,,
[1758212582944795179],10.218,-4.738,-1.159,,,
[1758212582949900440],8.471,-4.19,-1.544,,,
[1758212582956453565],8.475,-3.807,-0.86,,,
[1758212582961683877],7.958,-3.62,0.204,,,
[1758212582966822627],6.907,-2.976,0.354,,,
[1758212582971950075],6.996,-3.206,1.358,,,
[1758212582977103460],5.76,-2.567,1.652,,,
[1758212582982271846],6.285,-2.907,2.512,,,
[1758212582987470231],5.689,-2.492,3.282,,,
[1758212582992679919],6.579,-2.974,3.862,,,
[1758212582998131585],6.642,-3.417,4.405,,,
[1758212583003362835],8.612,-4.041,4.559,,,
[1758212583008520960],7.573,-3.874,4.659,,,
[1758212583013660648],9.797,-4.573,5.018,,,
[1758212583018796950],8.961,-4.547,5.449,,,
[1758212583023937783],11.001,-5.045,5.037,,,
[1758212583029064085],10.183,-5.32,4.573,,,
[1758212583034317054],12.024,-5.753,3.891,,,
[1758212583039496742],11.475,-5.782,2.722,,,
[1758212583044743304],13.151,-6.134,2.224,,,
[1758212583049887367],11.499,-6.337,1.14,,,
[1758212583055077158],13.216,-6.242,0.759,,,
[1758212583060203721],12.019,-5.859,0.081,,,
[1758212583065744242],12.014,-5.272,0.005,,,
[1758212583070894710],10.302,-5.207,-0.85,,,
[1758212583076070544],10.355,-4.738,-1.118,,,
[1758212583081184971],9.335,-4.551,-1.041,,,
[1758212583086446481],9.187,-4.044,-0.955,,,
[1758212583091574085],8.049,-4.132,-0.555,,,
[1758212583096674762],7.812,-3.34,-0.5,,,
[1758212583101793200],7.175,-3.474,0.752,,,
[1758212583107716325],6.026,-2.696,1.621,,,
[1758212583112915960],6.476,-2.761,2.449,,,
[1758212583117984346],5.581,-2.569,2.354,,,
[1758212583123118981],7.113,-2.82,3.67,,,
[1758212583128260544],5.77,-2.904,3.718,,,
[1758212583133473669],8.181,-3.826,4.269,,,
[1758212583138590752],7.506,-3.721,5.203,,,
[1758212583143794398],9.258,-4.259,5.2,,,
[1758212583148969242],8.234,-4.099,5.274,,,
[1758212583154182106],10.455,-4.798,5.289,,,
[1758212583159276950],9.737,-4.815,4.992,,,
[1758212583164491012],11.693,-5.306,4.257,,,
[1758212583169592523],10.853,-5.641,3.847,,,
[1758212583175996794],12.55,-6.036,2.224,,,
[1758212583181218096],12.608,-6.333,1.824,,,
[1758212583186399867],12.713,-5.926,1.391,,,
[1758212583191540440],12.756,-6.285,0.345,,,
[1758212583196697315],12.203,-5.567,-0.297,,,
[1758212583201790283],11.15,-5.387,-0.22,,,
[1758212583206900231],10.47,-4.889,-1.07,,,
[1758212583212017367],10.161,-4.899,-1.094,,,
[1758212583217563148],8.827,-4.594,-1.784,,,
[1758212583222923148],9.199,-4.159,-0.388,,,
[1758212583228165075],7.582,-3.845,-0.555,,,
[1758212583233376064],8.147,-3.689,0.005,,,
[1758212583238581794],6.16,-3.096,0.709,,,
[1758212583243808252],7.329,-2.796,1.204,,,
[1758212583248934762],5.622,-2.622,2.346,,,
[1758212583254059346],6.941,-2.811,3.091,,,
[1758212583259178564],5.255,-2.715,3.402,,,
[1758212583483068044],10.551,-4.889,-1.252,,,
[1758212583486860596],8.847,-4.547,-1.647,,,
[1758212583490520491],8.768,-4.551,-0.728,,,
[1758212583494175075],9.012,-3.958,-0.864,,,
[1758212583497855544],6.958,-3.718,-1.058,,,
[1758212583501550231],7.855,-3.627,-0.057,,,
[1758212583505211689],7.281,-3.151,0.354,,,
[1758212583508858044],6.079,-3.055,0.639,,,
[1758212583512504346],7.049,-3.096,1.599,,,
[1758212583516170752],5.744,-2.557,1.908,,,
[1758212583519853200],6.005,-2.459,2.433,,,
[1758212583523559346],6.472,-2.737,2.849,,,
[1758212583527293252],5.509,-2.416,3.201,,,
[1758212583531130544],7.027,-2.813,4.08,,,
[1758212583534883877],7.051,-3.144,4.42,,,
[1758212583538546429],6.855,-3.563,4.281,,,
[1758212583542263408],8.72,-4.104,4.865,,,
[1758212583545921585],7.843,-3.728,4.573,,,
[1758212583549602106],8.224,-4.08,5.516,,,
[1758212583553269971],9.766,-4.441,4.87,,,
[1758212583556927471],9.012,-4.405,4.949,,,
[1758212583560604085],9.907,-5.023,5.241,,,
[1758212583564335127],10.975,-5.025,4.578,,,
[1758212583568004085],10.147,-5.193,4.523,,,
[1758212583571645856],11.696,-5.655,4.013,,,
[1758212583575283408],11.847,-5.483,3.469,,,
[1758212583578961116],11.569,-5.971,2.674,,,
[1758212583582758512],13.091,-6.223,2.392,,,
[1758212583587648512],12.086,-6.017,1.638,,,
[1758212583591540387],13.314,-6.323,1.111,,,
[1758212583595217575],12.701,-6.177,0.385,,,
[1758212583598891846],11.564,-5.99,0.067,,,
[1758212583602623773],12.335,-5.777,0.211,,,
[1758212583606298148],10.594,-5.013,-1.037,,,
[1758212583609967523],10.23,-5.083,-0.548,,,
[1758212583613674137],11.169,-5.195,-1.094,,,
[1758212583617412054],9.151,-4.626,-0.891,,,
[1758212583621149762],9.764,-4.731,-1.377,,,
[1758212583624811533],9.596,-4.436,-1.195,,,
[1758212583628486637],7.961,-4.075,-1.185,,,
[1758212583632297471],8.629,-3.733,-0.208,,,
[1758212583636016481],7.954,-3.376,-0.388,,,
[1758212583639720127],6.816,-3.496,-0.148,,,
[1758212583643507471],7.556,-3.261,0.96,,,
[1758212583647169866],5.607,-2.799,1.142,,,
[1758212583650830960],6.213,-2.646,2.298,,,
[1758212583654564658],6.704,-2.583,2.162,,,
[1758212583658234554],5.138,-2.557,3.297,,,
[1758212583661906481],6.462,-2.686,3.376,,,
[1758212583665589450],6.558,-2.725,3.879,,,
[1758212583669246950],6.46,-3.172,3.73,,,
[1758212583672952054],8.083,-3.752,4.887,,,
[1758212583676581481],7.415,-3.962,4.209,,,
[1758212583680252887],8.598,-4.075,5.277,,,
[1758212583683990439],9.567,-4.128,4.623,,,
[1758212583687645960],8.559,-4.228,5.485,,,
[1758212583691654346],9.984,-4.755,5.064,,,
[1758212583695433096],10.113,-4.731,5.061,,,
[1758212583699108877],9.558,-4.958,4.506,,,
[1758212583702824710],11.732,-5.253,4.867,,,
[1758212583706488616],10.999,-5.456,3.833,,,
[1758212583710146064],11.284,-5.701,3.615,,,
[1758212583713855179],12.459,-6.088,2.591,,,
[1758212583717539971],11.408,-5.978,2.172,,,
[1758212583721228773],13.032,-6.383,2.322,,,
[1758212583724893929],13.01,-6.088,1.166,,,
[1758212583728538148],11.839,-5.981,1.07,,,
[1758212583732301585],13.206,-6.381,0.658,,,
[1758212583736072002],12.117,-5.569,0.12,,,
[1758212583739771689],10.862,-5.452,-0.247,,,
[1758212583743442835],11.365,-5.174,-0.469,,,
[1758212583747108616],10.211,-4.982,-1.003,,,
[1758212583750791846],10.175,-5.028,-0.833,,,
[1758212583754484971],10.015,-4.657,-1.097,,,
[1758212583758156846],8.344,-4.573,-1.475,,,
[1758212583761859293],9.527,-4.377,-1.336,,,
[1758212583765539398],8.028,-3.821,-1.032,,,
[1758212583769204710],7.149,-3.579,-0.536,,,
[1758212583772937158],8.258,-3.428,0.117,,,
[1758212583776581168],6.371,-3.01,0.225,,,
[1758212583780266950],6.235,-3.093,1.209,,,
[1758212583784035596],6.953,-2.897,2.03,,,
[1758212583787703929],5.361,-2.641,1.755,,,
[1758212583791424293],6.63,-2.631,2.495,,,
[1758212583795111950],6.519,-2.816,3.22,,,
[1758212583799033773],5.454,-2.725,3.754,,,
[1758212583802798773],7.408,-3.208,4.137,,,
[1758212583806492783],6.618,-3.0,4.053,,,
[1758212583810190439],7.4,-3.584,4.76,,,
[1758212583813882158],8.751,-3.821,4.867,,,
[1758212583817532679],7.697,-3.716,5.148,,,
[1758212583821210231],9.165,-4.144,5.021,,,
[1758212583824873096],9.27,-4.312,5.43,,,
[1758212583828553616],9.366,-4.547,5.272,,,
[1758212583832339085],10.858,-5.176,5.353,,,
[1758212583836033096],10.704,-4.958,4.757,,,
[1758212583839708773],10.925,-5.428,4.398,,,
[1758212583843460908],12.201,-5.909,3.847,,,
[1758212583847117106],11.262,-5.801,2.83,,,
[1758212583850774346],12.493,-6.239,2.397,,,
[1758212583854439189],13.115,-6.189,1.693,,,
[1758212583858141012],11.686,-6.124,2.047,,,
[1758212583861848304],13.396,-6.445,0.982,,,
[1758212583865510283],12.732,-6.079,0.613,,,
[1758212583869164189],11.868,-5.909,0.124,,,
[1758212583872813929],12.292,-5.667,0.096,,,
[1758212583876449085],10.975,-5.076,-0.603,,,
[1758212583880197627],10.245,-5.322,-0.45,,,
[1758212583883983877],11.068,-4.915,-1.3,,,
[1758212583888855908],9.203,-4.762,-1.063,,,
[1758212583892615700],10.036,-4.803,-1.19,,,
[1758212583896305439],8.839,-4.197,-1.484,,,
[1758212583899957575],8.265,-4.254,-0.723,,,
[1758212583904566481],8.401,-3.869,-0.608,,,
[1758212583908421585],6.455,-3.285,-0.316,,,
[1758212583912200595],7.604,-3.335,1.053,,,
[1758212583915853825],6.335,-2.775,1.271,,,
[1758212583919501898],5.624,-2.911,1.496,,,
[1758212583923160960],6.606,-2.813,2.26,,,
[1758212583926786898],5.322,-2.581,2.806,,,
[1758212583930438929],5.734,-2.672,3.235,,,
[1758212583934178095],6.831,-2.717,4.238,,,
[1758212583937909658],5.741,-2.758,3.893,,,
[1758212583941596637],7.623,-3.414,4.137,,,
[1758212583945277002],7.891,-3.63,4.733,,,
[1758212583948964866],7.709,-3.936,4.824,,,
[1758212583952750856],9.304,-4.087,4.662,,,
[1758212583956409241],8.715,-4.128,5.121,,,
[1758212583960102731],9.194,-4.662,5.052,,,
[1758212583963790231],10.343,-4.997,5.258,,,
[1758212583967420075],9.507,-4.855,4.805,,,
[1758212583971104502],11.296,-5.258,5.21,,,
[1758212583974780075],11.322,-5.43,4.274,,,
[1758212583978458408],10.487,-5.567,3.917,,,
[1758212583982261429],12.536,-6.012,2.942,,,
[1758212583985944085],11.94,-5.856,2.454,,,
[1758212583989611325],12.091,-5.909,1.935,,,
[1758212583993292262],13.235,-6.369,1.894,,,
[1758212583996949450],11.897,-6.184,0.857,,,
[1758212584000611220],12.435,-6.433,0.773,,,
[1758212584004333564],12.967,-5.89,0.043,,,
[1758212584008011585],10.673,-5.394,0.06,,,
[1758212584012080752],11.65,-5.274,-0.089,,,
[1758212584015800960],10.934,-5.047,-0.802,,,
[1758212584019466116],9.756,-4.925,-0.924,,,
[1758212584023126377],10.364,-4.803,-1.367,,,
[1758212584026761637],8.928,-4.312,-1.848,,,
[1758212584030482627],8.83,-4.408,-0.848,,,
[1758212584034314554],9.0,-3.97,-1.408,,,
[1758212584037994033],6.993,-3.84,-0.735,,,
[1758212584041691898],7.834,-3.61,-0.077,,,
[1758212584045569293],7.214,-3.048,-0.194,,,
[1758212584050138720],6.096,-3.06,1.293,,,
[1758212584054796898],6.929,-2.899,2.234,,,
[1758212584059323356],5.341,-2.576,1.815,,,
[1758212584063898720],6.79,-2.787,3.191,,,
[1758212584068430804],5.425,-2.619,3.385,,,
[1758212584072954762],7.372,-3.134,3.874,,,
[1758212584077431325],6.843,-3.129,4.254,,,
[1758212584082197887],8.595,-4.051,5.009,,,
[1758212584086787939],7.841,-3.893,4.566,,,
[1758212584091311220],8.842,-4.317,5.578,,,
[1758212584095892679],9.706,-4.417,5.332,,,
[1758212584100411272],9.608,-4.762,5.045,,,
[1758212584104923929],11.076,-5.004,4.717,,,
[1758212584109441168],10.228,-5.332,4.638,,,
[1758212584114673564],12.366,-5.89,3.587,,,
[1758212584119321220],11.152,-5.952,2.612,,,
[1758212584123868408],13.194,-6.304,2.179,,,
[1758212584128375700],11.873,-6.019,1.542,,,
[1758212584133026845],13.202,-6.254,1.154,,,
[1758212584137538043],11.954,-5.88,0.476,,,
[1758212584142131793],12.225,-5.861,0.563,,,
[1758212584147034137],11.023,-5.045,-0.52,,,
[1758212584152254137],10.613,-5.133,-0.764,,,
[1758212584157426845],9.424,-4.726,-1.049,,,
[1758212584162854554],10.027,-4.666,-0.831,,,
[1758212584167999345],8.669,-4.159,-0.912,,,
[1758212584173153356],8.48,-4.257,-0.474,,,
[1758212584178289345],7.199,-3.349,-0.096,,,
[1758212584183491168],7.76,-3.357,0.919,,,
[1758212584188596845],5.59,-2.794,1.532,,,
[1758212584193738825],6.831,-2.799,2.545,,,
[1758212584198876585],5.176,-2.509,2.792,,,
[1758212584204031637],6.819,-2.832,3.543,,,
[1758212584209201325],5.806,-2.851,3.958,,,
[1758212584214380439],8.131,-3.677,4.597,,,
[1758212584219876481],7.501,-3.824,4.858,,,
[1758212584225088981],9.206,-4.077,5.385,,,
[1758212584230201220],8.452,-4.223,5.397,,,
[1758212584235395283],10.625,-4.757,5.521,,,
[1758212584240510908],9.802,-5.2,4.719,,,
[1758212584245677314],11.504,-5.171,4.221,,,
[1758212584250864033],11.36,-5.94,3.146,,,
[1758212584256003200],12.371,-5.885,2.715,,,
[1758212584261102470],12.143,-6.321,1.987,,,
[1758212584266517522],13.099,-6.136,0.632,,,
[1758212584271677210],12.845,-6.261,0.644,,,
[1758212584276769137],11.832,-5.598,0.148,,,
[1758212584281913147],11.406,-5.502,-0.01,,,
[1758212584287119554],10.513,-4.606,-1.032,,,
[1758212584292331689],10.379,-5.064,-0.773,,,
[1758212584297478720],9.072,-4.463,-1.427,,,
[1758212584302662522],9.131,-4.336,-1.147,,,
[1758212584307799502],7.372,-3.79,-1.245,,,
[1758212584313086272],8.071,-3.637,-0.232,,,
[1758212584318211377],6.584,-3.263,0.879,,,
[1758212584323322783],7.149,-3.196,2.037,,,
[1758212584328848356],5.801,-2.626,2.339,,,
[1758212584334143929],6.85,-2.825,3.318,,,
[1758212584339269345],5.215,-2.665,3.56,,,
[1758212584344448929],7.489,-3.096,4.168,,,
[1758212584349578824],7.017,-3.795,4.906,,,
[1758212584354725856],8.787,-3.723,5.389,,,
[1758212584359861741],7.508,-3.915,5.219,,,
[1758212584365009293],9.814,-4.374,5.174,,,
[1758212584370167939],9.261,-4.69,5.401,,,
[1758212584377070752],10.53,-5.274,4.527,,,
[1758212584382375752],11.789,-5.607,4.166,,,
[1758212584388765231],11.521,-6.055,2.72,,,
[1758212584394011533],13.214,-6.275,2.107,,,
[1758212584399143199],11.681,-6.227,1.865,,,
[1758212584404305960],13.211,-6.433,1.087,,,
[1758212584409421481],11.557,-5.72,0.057,,,
[1758212584414551377],12.287,-5.598,-0.05,,,
[1758212584419660074],10.123,-5.351,-0.412,,,
[1758212584424831064],11.047,-5.025,-0.481,,,
[1758212584430024866],9.019,-4.64,-0.977,,,
[1758212584435729658],9.524,-4.319,-1.094,,,
[1758212584440952106],7.92,-4.051,-0.314,,,
[1758212584446113356],7.75,-3.4,-0.371,,,
[1758212584451230491],6.742,-3.428,0.536,,,
[1758212584456416741],6.864,-3.0,0.962,,,
[1758212584461532314],6.108,-2.875,1.937,,,
[1758212584466640231],6.335,-2.485,2.744,,,
[1758212584471722731],5.938,-2.885,3.603,,,
[1758212584476890335],6.479,-2.737,3.843,,,
[1758212584482049658],7.013,-3.316,4.458,,,
[1758212584487203564],7.8,-3.694,4.25,,,
[1758212584492421272],8.746,-4.226,5.26,,,
[1758212584497615908],8.566,-4.104,4.951,,,
[1758212584502778408],10.036,-4.748,5.2,,,
[1758212584507886012],9.79,-4.697,4.855,,,
[1758212584513024345],11.035,-5.418,4.353,,,
[1758212584518184918],10.918,-5.435,3.567,,,
[1758212584523273095],12.73,-6.098,2.971,,,
[1758212584528386168],11.576,-6.184,2.411,,,
[1758212584533630804],13.185,-6.299,2.071,,,
[1758212584540003824],11.878,-6.196,0.553,,,
[1758212584545357106],12.507,-5.717,0.177,,,
[1758212584551818512],10.879,-5.239,-0.168,,,
[1758212584557074085],10.793,-4.887,-0.773,,,
[1758212584562283981],10.209,-4.872,-0.776,,,
[1758212584567402522],9.021,-4.312,-1.53,,,
[1758212584572537001],9.074,-4.427,-1.482,,,
[1758212584577623929],7.408,-3.757,-1.125,,,
[1758212584582949918],8.068,-3.742,-0.12,,,
[1758212584588047054],6.431,-3.129,0.709,,,
[1758212584593217314],6.816,-3.168,2.023,,,
[1758212584598409501],5.816,-2.646,2.2,,,
[1758212584603519397],6.953,-2.715,3.239,,,
[1758212584608619189],5.638,-2.667,3.378,,,
[1758212584613767731],7.532,-3.213,4.082,,,
[1758212584618959397],6.627,-3.658,4.721,,,
[1758212584624086429],9.167,-4.096,4.796,,,
[1758212584629342366],7.678,-3.857,5.444,,,
[1758212584634767418],10.003,-4.499,5.353,,,
[1758212584639941949],9.052,-4.666,5.217,,,
[1758212584645134762],11.059,-5.186,5.282,,,
[1758212584650569033],10.142,-5.411,4.223,,,
[1758212584655724710],12.172,-5.72,3.323,,,
[1758212584661987106],12.179,-6.079,2.428,,,
[1758212584668545908],12.218,-6.158,1.717,,,
[1758212584674897158],13.202,-6.373,0.579,,,
[1758212584680141429],11.868,-5.938,0.048,,,
[1758212584685366064],12.244,-5.38,-0.23,,,
[1758212584690477366],10.096,-5.095,-0.718,,,
[1758212584695629345],10.803,-4.973,-1.118,,,
[1758212584700737210],8.966,-4.781,-0.68,,,
[1758212584705856741],9.299,-4.278,-0.79,,,
[1758212584710969866],7.958,-3.891,-0.759,,,
[1758212584716156012],7.918,-3.618,-0.603,,,
[1758212584721345751],6.871,-3.225,0.826,,,
[1758212584726469033],6.996,-3.05,1.053,,,
[1758212584731727783],6.081,-2.761,2.291,,,
[1758212584737184710],6.1,-2.502,2.198,,,
[1758212584742370283],6.419,-3.019,3.587,,,
[1758212584747555387],6.306,-2.626,3.752,,,
[1758212584752869085],7.855,-3.589,4.616,,,
[1758212584758424658],7.106,-3.62,5.27,,,
[1758212584763638981],9.124,-4.125,5.492,,,
[1758212584768841220],8.325,-4.187,5.454,,,
[1758212584775244345],10.374,-4.779,5.157,,,
[1758212584781732522],10.269,-5.31,4.958,,,
[1758212584788143720],10.839,-5.444,4.587,,,
[1758212584793375231],12.608,-6.256,3.512,,,
[1758212584798517835],11.858,-5.906,2.476,,,
[1758212584803669814],13.238,-6.33,2.313,,,
[1758212584808762314],12.021,-6.136,0.781,,,
[1758212584813902470],12.955,-6.163,0.302,,,
[1758212584818999449],10.92,-5.622,-0.098,,,
[1758212584824149345],11.55,-5.416,-0.754,,,
[1758212584829281116],9.553,-4.987,-1.185,,,
[1758212584834531689],10.455,-4.822,-0.972,,,
[1758212584839642783],8.468,-4.439,-1.288,,,
[1758212584844785803],9.297,-4.269,-0.778,,,
[1758212584849941428],6.917,-3.591,-0.563,,,
[1758212584855087001],7.889,-3.266,0.213,,,
[1758212584860223928],6.081,-3.01,1.472,,,
[1758212584865849658],7.022,-2.701,1.839,,,
[1758212584870986793],5.744,-2.782,2.966,,,
[1758212584876144345],6.211,-2.811,3.788,,,
[1758212584882627158],6.819,-3.213,4.063,,,
[1758212584889962783],7.149,-3.709,4.729,,,
[1758212584895470126],8.732,-4.12,5.397,,,
[1758212584900617210],8.011,-3.958,5.672,,,
[1758212584905714501],10.025,-4.293,5.363,,,
[1758212584910826428],9.467,-4.87,5.808,,,
[1758212584915961428],11.411,-4.908,5.095,,,
[1758212584921047106],10.467,-5.59,4.515,,,
[1758212584926132210],12.194,-5.65,3.06,,,
[1758212584931237574],11.87,-6.218,2.679,,,
[1758212584936601116],12.615,-5.997,1.949,,,
[1758212584941811585],12.546,-6.481,1.654,,,
[1758212584946958981],12.735,-5.849,0.244,,,
[1758212584952052678],11.947,-5.801,0.196,,,
[1758212584957167783],11.387,-5.143,-0.582,,,
[1758212584962344710],10.733,-5.08,-1.073,,,
[1758212584967495908],9.55,-4.848,-1.295,,,
[1758212584973100960],9.857,-4.733,-0.802,,,
[1758212584978253199],8.358,-4.07,-0.735,,,
[1758212584983471116],8.396,-3.984,-0.503,,,
[1758212584989974189],6.498,-3.349,-0.177,,,
[1758212584995246585],7.444,-3.151,1.516,,,
[1758212585000366533],5.657,-2.873,2.071,,,
[1758212585005513147],6.68,-2.614,2.215,,,
[1758212585010610699],5.729,-2.806,3.519,,,
[1758212585015717574],6.893,-2.849,3.699,,,
[1758212585020812210],6.428,-3.165,4.211,,,
[1758212585025947210],8.296,-3.527,4.645,,,
[1758212585031079449],7.776,-3.804,5.291,,,
[1758212585036353408],9.452,-3.986,5.382,,,
[1758212585041587105],9.534,-4.573,5.294,,,
[1758212585046754345],10.197,-4.513,4.824,,,
[1758212585051870230],10.932,-5.107,5.337,,,
[1758212585057009345],11.102,-5.291,4.01,,,
[1758212585062179501],11.772,-5.842,3.103,,,
[1758212585067352418],12.33,-5.99,2.313,,,
[1758212585072563564],12.498,-6.297,1.788,,,
[1758212585078149293],12.232,-6.079,0.862,,,
[1758212585083409345],13.161,-6.215,0.589,,,
[1758212585088548147],11.284,-5.533,-0.28,,,
[1758212585093752053],11.708,-5.246,-0.405,,,
[1758212585101352105],9.699,-5.004,-1.008,,,
[1758212585106834970],9.457,-4.326,-1.448,,,
[1758212585111987991],8.825,-4.527,-1.178,,,
[1758212585117110855],7.7,-3.598,-0.582,,,
[1758212585122274137],7.685,-3.579,-0.35,,,
[1758212585127396689],6.895,-3.184,1.073,,,
[1758212585132603668],6.709,-3.105,2.069,,,
[1758212585137752626],5.713,-2.6,2.246,,,
[1758212585142969501],6.534,-2.892,2.72,,,
[1758212585148093303],5.564,-2.737,3.139,,,
[1758212585153350022],7.338,-3.165,3.804,,,
[1758212585158451949],6.881,-3.505,4.14,,,
[1758212585163596272],8.598,-4.015,5.246,,,
[1758212585168688043],7.946,-3.934,5.16,,,
[1758212585173783303],9.421,-4.288,5.61,,,
[1758212585178934866],8.928,-4.726,5.492,,,
[1758212585184601533],11.102,-5.071,4.853,,,
[1758212585189813251],10.044,-5.198,4.678,,,
[1758212585194929189],12.476,-5.696,3.625,,,
[1758212585201211897],11.787,-5.986,2.842,,,
[1758212585207732053],12.673,-6.103,1.367,,,
[1758212585213345803],13.151,-6.163,0.668,,,
[1758212585218510282],12.057,-5.906,-0.215,,,
[1758212585223667001],12.301,-6.062,-0.215,,,
[1758212585228794345],10.13,-5.104,-0.713,,,
[1758212585233999710],11.229,-5.049,-0.86,,,
[1758212585239165335],8.794,-4.635,-0.955,,,
[1758212585244334657],10.139,-4.743,-1.041,,,
[1758212585249521428],7.846,-4.025,-0.788,,,
[1758212585254726897],8.442,-3.809,-0.958,,,
[1758212585259842730],6.711,-3.297,0.227,,,
[1758212585264989449],7.539,-3.117,1.482,,,
[1758212585270103199],5.578,-2.629,1.707,,,
[1758212585275226376],6.826,-2.667,2.061,,,
[1758212585280348720],5.509,-2.816,3.151,,,
[1758212585286865335],6.577,-2.962,3.881,,,
[1758212585292155282],7.702,-3.61,4.283,,,
[1758212585297302678],7.693,-3.661,3.831,,,
[1758212585302468095],8.772,-3.996,4.64,,,
[1758212585307617574],8.756,-4.118,5.179,,,
[1758212585313179085],10.242,-4.53,5.236,,,
[1758212585318309397],9.579,-4.99,4.178,,,
[1758212585323446949],11.54,-5.356,4.671,,,
[1758212585328552678],10.791,-5.488,3.541,,,
[1758212585333813772],12.682,-5.983,2.662,,,
[1758212585339113407],11.782,-6.129,2.368,,,
[1758212585344258564],13.46,-6.347,1.64,,,
[1758212585349415387],11.894,-6.165,0.802,,,
[1758212585354577626],13.039,-6.067,0.192,,,
[1758212585359751585],10.657,-5.423,-0.189,,,
[1758212585364877053],11.6,-5.334,-0.555,,,
[1758212585370013564],9.641,-4.76,-0.848,,,
[1758212585375270335],10.161,-4.69,-1.118,,,
[1758212585380472314],8.334,-4.266,-1.166,,,
[1758212585385663772],8.887,-3.879,-0.749,,,
[1758212585390795022],7.128,-3.448,-0.915,,,
[1758212585397524032],6.61,-2.823,0.46,,,
[1758212585403937782],7.135,-2.978,1.875,,,
[1758212585409184449],5.296,-2.471,1.633,,,
[1758212585414321428],7.032,-2.947,3.282,,,
[1758212585420798564],5.839,-2.782,3.385,,,
[1758212585426050595],7.707,-3.22,3.919,,,
[1758212585431150178],7.365,-3.778,4.774,,,
[1758212585436337522],8.744,-3.704,4.956,,,
[1758212585441453824],8.954,-4.254,5.207,,,
[1758212585446579293],9.603,-4.178,5.107,,,
[1758212585451666689],10.087,-4.99,4.92,,,
[1758212585456811272],11.119,-5.045,4.875,,,
[1758212585461943772],11.179,-5.617,4.599,,,
[1758212585467179553],11.906,-5.772,3.33,,,
[1758212585472347157],12.206,-6.223,2.279,,,
[1758212585477468459],12.512,-6.021,1.355,,,
[1758212585482687678],13.18,-6.27,0.989,,,
[1758212585487870647],12.28,-6.093,0.299,,,
[1758212585493002209],12.191,-5.533,0.251,,,
[1758212585498141272],10.551,-5.279,-0.606,,,
[1758212585503728772],11.064,-5.133,-0.855,,,
[1758212585508861220],9.213,-4.65,-0.668,,,
[1758212585514007574],10.137,-4.578,-1.037,,,
[1758212585519114709],7.896,-4.329,-0.833,,,
[1758212585524307834],8.794,-3.687,-0.218,,,
[1758212585529837939],6.565,-3.364,-0.098,,,
[1758212585535079866],7.221,-3.165,1.123,,,
[1758212585540245282],5.739,-2.622,1.551,,,
[1758212585545553199],6.742,-2.696,3.029,,,
[1758212585550696272],5.703,-2.722,3.768,,,
[1758212585555830178],6.809,-2.849,3.285,,,
[1758212585560937887],6.771,-3.589,4.472,,,
[1758212585566129032],8.205,-3.757,5.258,,,
[1758212585571252730],8.037,-3.84,4.942,,,
[1758212585576385334],9.129,-4.257,5.492,,,
[1758212585581695334],8.969,-4.63,5.349,,,
[1758212585587419553],9.819,-4.623,4.685,,,
[1758212585592758824],11.155,-5.236,4.851,,,
[1758212585597896637],10.721,-5.373,3.723,,,
[1758212585603129449],12.345,-5.986,3.136,,,
[1758212585608259397],11.688,-5.986,2.112,,,
[1758212585613694605],13.12,-6.258,1.757,,,
[1758212585618808043],12.064,-6.151,0.977,,,
[1758212585623930230],13.13,-6.206,0.172,,,
[1758212585629062157],10.671,-5.461,-0.223,,,
[1758212585634398772],11.791,-5.444,-0.644,,,
[1758212585640890282],9.78,-4.93,-0.742,,,
[1758212585646155699],9.898,-4.515,-1.032,,,
[1758212585651275543],8.578,-4.381,-1.341,,,
[1758212585656416636],8.679,-3.924,-1.092,,,
[1758212585661526584],7.319,-3.62,0.069,,,
[1758212585666660439],7.513,-3.309,0.534,,,
[1758212585671769293],6.354,-3.105,1.444,,,
[1758212585676890178],6.603,-2.409,1.539,,,
[1758212585682086064],6.254,-2.789,2.665,,,
[1758212585687429709],5.787,-2.6,3.766,,,
[1758212585693149761],7.044,-3.182,4.058,,,
[1758212585698285803],6.783,-3.522,4.434,,,
[1758212585703417730],9.038,-4.053,5.109,,,
[1758212585708564345],7.748,-3.881,5.186,,,
[1758212585713825074],9.718,-4.559,5.313,,,
[1758212585719265230],8.964,-4.654,4.946,,,
[1758212585724406064],11.181,-4.946,5.559,,,
[1758212585729568459],10.022,-5.21,5.061,,,
[1758212585734906272],12.328,-5.868,3.723,,,
[1758212585740050907],11.123,-5.995,2.55,,,
[1758212585745556272],13.163,-6.057,2.373,,,
[1758212585750728511],12.163,-6.096,1.87,,,
[1758212585755907939],13.235,-6.239,0.599,,,
[1758212585761013043],11.892,-6.009,0.06,,,
[1758212585766129345],11.926,-5.241,-0.658,,,
[1758212585771268303],10.379,-5.284,-0.898,,,
[1758212585776436324],10.376,-4.841,-1.267,,,
[1758212585781709918],9.34,-4.726,-1.053,,,
[1758212585786904866],9.263,-4.046,-1.8,,,
[1758212585792014032],8.023,-4.085,-0.601,,,
[1758212585797188459],7.599,-3.141,-0.146,,,
[1758212585802368876],7.197,-3.381,1.192,,,
[1758212585811592574],5.909,-2.976,2.152,,,
[1758212585817109918],6.242,-2.401,2.224,,,
[1758212585822457001],6.29,-2.808,3.467,,,
[1758212585827920491],6.136,-2.892,3.474,,,
[1758212585833123772],7.791,-3.792,4.786,,,
[1758212585838223355],7.728,-3.706,4.901,,,
[1758212585843311689],8.964,-4.254,5.447,,,
[1758212585848431428],8.334,-4.111,5.286,,,
[1758212585854753980],10.597,-4.93,5.258,,,
[1758212585860319709],9.735,-5.145,4.793,,,
[1758212585865461324],11.593,-5.272,4.18,,,
[1758212585870568199],11.27,-5.722,3.836,,,
[1758212585875693980],12.763,-5.971,2.392,,,
[1758212585880814918],12.026,-6.254,2.32,,,
[1758212585886052001],13.192,-5.993,1.417,,,
[1758212585891166584],12.16,-6.223,0.512,,,
[1758212585896356636],12.596,-5.485,-0.074,,,
[1758212585901654605],10.968,-5.497,-0.041,,,
[1758212585906811584],10.788,-4.858,-0.857,,,
[1758212585911931688],10.046,-4.915,-0.654,,,
[1758212585917106741],9.366,-4.322,-0.97,,,
[1758212585922282574],8.825,-4.405,-0.953,,,
[1758212585927420334],8.461,-3.78,-0.778,,,
[1758212585933942522],7.956,-3.589,-0.122,,,
[1758212585940319709],5.837,-3.203,1.748,,,
[1758212585945548668],6.97,-2.756,1.997,,,
[1758212585950677730],5.543,-2.614,3.043,,,
[1758212585955802522],6.51,-2.691,3.405,,,
[1758212585960959188],5.866,-2.966,3.713,,,
[1758212585966427209],7.515,-3.244,3.85,,,
[1758212585971542991],7.64,-3.984,5.08,,,
[1758212585976672001],8.272,-3.824,5.097,,,
[1758212585981806897],9.045,-4.403,5.021,,,
[1758212585987074501],9.737,-4.448,5.009,,,
[1758212585992243355],10.123,-5.145,5.356,,,
[1758212585997359970],10.889,-4.961,4.135,,,
[1758212586002541480],11.121,-5.674,3.656,,,
[1758212586007672574],12.072,-5.729,2.677,,,
[1758212586012848668],12.826,-6.275,3.005,,,
[1758212586018027991],12.103,-5.954,1.741,,,
[1758212586023188824],13.329,-6.409,0.95,,,
[1758212586028431272],11.978,-5.99,0.472,,,
[1758212586033616168],12.342,-5.722,0.529,,,
[1758212586039160386],10.264,-5.21,-0.524,,,
[1758212586044397313],11.19,-5.095,-0.797,,,
[1758212586049558563],9.179,-4.719,-1.02,,,
[1758212586054691324],9.871,-4.465,-1.551,,,
[1758212586059883980],7.762,-3.831,-0.955,,,
[1758212586065060959],8.432,-3.675,-0.737,,,
[1758212586070180490],6.474,-3.163,0.347,,,
[1758212586075636168],7.209,-3.251,1.331,,,
[1758212586080772157],5.638,-3.002,2.16,,,
[1758212586086091324],6.634,-2.571,2.701,,,
[1758212586091205438],5.705,-2.763,3.819,,,
[1758212586096340855],6.867,-2.832,3.089,,,
[1758212586101565334],6.481,-3.282,4.515,,,
[1758212586106733251],8.423,-3.766,4.286,,,
[1758212586111919293],8.155,-4.099,5.327,,,
[1758212586117078147],8.636,-3.907,5.485,,,
[1758212586122296584],9.881,-4.642,5.686,,,
[1758212586127548668],9.969,-4.609,5.447,,,
[1758212586132789136],11.059,-5.231,5.104,,,
[1758212586137941740],11.423,-5.622,4.068,,,
[1758212586143069293],12.512,-6.237,3.213,,,
[1758212586148589501],11.875,-5.89,2.193,,,
[1758212586153842053],13.329,-6.249,1.686,,,
[1758212586158973095],12.234,-6.191,0.553,,,
[1758212586164149865],13.214,-6.129,0.201,,,
[1758212586169297574],10.8,-5.669,-0.141,,,
[1758212586174409657],11.612,-5.432,-0.409,,,
[1758212586179555074],9.735,-4.99,-0.905,,,
[1758212586185153147],10.46,-4.7,-0.84,,,
[1758212586190381688],8.588,-4.585,-0.788,,,
[1758212586195632261],9.052,-4.053,-0.759,,,
[1758212586200764084],7.159,-3.244,-0.139,,,
[1758212586205877678],7.882,-3.342,0.553,,,
[1758212586210976636],6.019,-2.959,1.489,,,
[1758212586216105386],6.84,-2.471,2.049,,,
[1758212586221231428],5.811,-2.72,2.502,,,
[1758212586226351688],6.093,-2.399,3.409,,,
[1758212586231518563],5.923,-3.132,3.706,,,
[1758212586236782678],7.427,-3.153,4.29,,,
[1758212586241922834],7.839,-3.783,5.104,,,
[1758212586247030230],8.684,-3.663,4.848,,,
[1758212586252192157],8.514,-4.487,5.119,,,
[1758212586257890334],9.361,-4.384,4.736,,,
[1758212586263092209],10.585,-5.193,5.404,,,
[1758212586268200022],10.64,-5.102,4.391,,,
[1758212586273325178],11.732,-5.768,3.891,,,
[1758212586278421168],11.267,-5.871,3.033,,,
[1758212586283644553],12.831,-6.132,2.866,,,
[1758212586288812574],11.995,-6.244,1.944,,,
[1758212586294350490],13.362,-6.342,0.86,,,
[1758212586299579136],11.677,-5.887,0.642,,,
[1758212586304858511],12.16,-5.555,0.069,,,
[1758212586309980022],9.946,-5.181,-0.97,,,
[1758212586315144136],10.989,-5.207,-0.785,,,
[1758212586320308563],8.811,-4.707,-1.068,,,
[1758212586325475751],9.74,-4.219,-1.307,,,
[1758212586330619709],7.989,-3.907,-0.85,,,
[1758212586335858042],8.219,-3.572,-0.95,,,
[1758212586341017313],6.627,-3.153,0.424,,,
[1758212586346264501],7.185,-3.021,1.015,,,
[1758212586351371063],5.543,-2.808,2.069,,,
[1758212586356514292],6.661,-2.454,3.062,,,
[1758212586361671688],5.895,-2.792,3.735,,,
[1758212586367312522],6.606,-2.761,3.934,,,
[1758212586372542417],7.166,-3.649,4.719,,,
[1758212586377696636],7.74,-3.598,4.312,,,
[1758212586382977834],9.146,-4.056,5.198,,,
[1758212586388098667],8.559,-4.219,4.839,,,
[1758212586393269605],10.015,-4.673,5.1,,,
[1758212586398396376],9.871,-4.831,5.078,,,
[1758212586404823407],11.739,-5.373,4.729,,,
[1758212586411299970],11.291,-5.717,3.558,,,
[1758212586417844032],11.775,-6.007,2.492,,,
[1758212586424228511],13.285,-6.309,1.69,,,
[1758212586429466949],11.866,-5.837,0.826,,,
[1758212586435794917],12.445,-5.799,0.273,,,
[1758212586442355855],11.119,-5.382,-0.357,,,
[1758212586447635803],10.47,-4.92,-1.111,,,
[1758212586452848563],10.329,-4.985,-1.02,,,
[1758212586458026532],8.969,-4.293,-1.611,,,
[1758212586463170334],9.407,-4.396,-0.907,,,
[1758212586468282730],7.626,-3.608,-1.063,,,
[1758212586473753407],7.743,-3.462,-0.026,,,
[1758212586478861167],5.93,-3.179,0.989,,,
[1758212586483985334],7.257,-3.089,1.662,,,
[1758212586489275647],5.315,-2.552,2.574,,,
[1758212586494504032],6.766,-2.832,2.895,,,
[1758212586499599292],5.526,-2.722,3.74,,,
[1758212586504732105],7.491,-3.211,4.175,,,
[1758212586509829292],6.986,-3.661,4.645,,,
[1758212586514973199],8.792,-4.063,4.846,,,
[1758212586520101324],7.891,-3.953,4.956,,,
[1758212586525712574],10.108,-4.468,5.368,,,
[1758212586530892574],9.246,-4.767,5.411,,,
[1758212586536133824],11.186,-4.961,5.071,,,
[1758212586541264397],10.963,-5.44,4.29,,,
[1758212586547597886],11.763,-5.799,2.873,,,
[1758212586554104813],13.273,-6.378,2.607,,,
[1758212586560534397],11.985,-6.239,0.974,,,
[1758212586565811428],13.271,-6.249,0.065,,,
[1758212586570938459],11.595,-5.617,-0.019,,,
[1758212586576116897],11.423,-5.294,-0.043,,,
[1758212586581647886],10.07,-5.09,-1.12,,,
[1758212586586803615],10.338,-4.891,-1.001,,,
[1758212586591935647],8.957,-4.69,-1.027,,,
[1758212586597139136],9.014,-4.07,-1.041,,,
[1758212586602359553],8.198,-3.991,-0.378,,,
[1758212586607647730],7.683,-3.419,-0.615,,,
[1758212586612938511],7.446,-3.311,1.211,,,
[1758212586618133147],5.581,-2.856,1.786,,,
[1758212586623267469],6.893,-2.751,2.219,,,
[1758212586628371480],5.325,-2.404,2.626,,,
[1758212586633881011],6.505,-2.84,3.666,,,
[1758212586638997105],5.914,-3.055,3.912,,,
[1758212586645258199],8.475,-3.642,4.547,,,
[1758212586650497261],7.503,-3.764,4.599,,,
[1758212586655674032],9.469,-3.998,4.872,,,
[1758212586660797990],8.803,-4.348,5.2,,,
[1758212586665944084],10.47,-5.021,5.253,,,
[1758212586671043042],10.058,-5.097,5.148,,,
[1758212586676180074],11.887,-5.435,4.171,,,
[1758212586681376324],11.418,-5.878,3.503,,,
[1758212586686871584],12.488,-5.748,2.389,,,
[1758212586692201063],12.194,-6.371,2.43,,,
[1758212586697410907],12.285,-6.153,0.871,,,
[1758212586702584084],12.804,-6.182,0.563,,,
[1758212586707683615],11.681,-5.602,0.022,,,
[1758212586712876636],11.246,-5.432,0.091,,,
[1758212586717992886],10.525,-4.865,-1.001,,,
[1758212586723152417],10.135,-4.937,-1.01,,,
[1758212586728284344],9.0,-4.448,-1.106,,,
[1758212586733493303],9.354,-4.154,-1.092,,,
[1758212586738634865],7.35,-3.776,-1.087,,,
[1758212586744259605],8.229,-3.553,0.211,,,
[1758212586749387626],5.94,-3.12,0.91,,,
[1758212586754497678],7.07,-3.11,1.422,,,
[1758212586759612886],5.272,-2.555,2.184,,,
[1758212586764739657],6.68,-2.677,3.364,,,
[1758212586769852626],5.272,-2.705,3.895,,,
[1758212586774974865],7.381,-3.108,4.427,,,
[1758212586780061532],6.845,-3.551,5.258,,,
[1758212586785248459],8.629,-4.029,5.205,,,
[1758212586790470230],7.819,-4.14,5.25,,,
[1758212586796298876],9.795,-4.29,5.509,,,
[1758212586801422938],9.347,-5.035,5.437,,,
[1758212586806530959],11.028,-5.088,4.585,,,
[1758212586811645907],10.886,-5.696,4.039,,,
[1758212586816810230],12.215,-5.722,2.909,,,
[1758212586821915074],12.014,-6.019,2.433,,,
[1758212586827023771],12.562,-6.122,2.148,,,
[1758212586832217521],12.483,-6.309,1.264,,,
[1758212586837515699],12.598,-5.861,0.323,,,
[1758212586843102678],12.227,-5.725,0.187,,,
[1758212586848316167],10.434,-4.841,-0.472,,,
[1758212586853877574],11.073,-5.023,-0.177,,,
[1758212586859043928],9.043,-4.671,-0.924,,,
[1758212586864192417],10.101,-4.712,-1.018,,,
[1758212586869309917],8.107,-3.943,-0.443,,,
[1758212586874429761],8.885,-3.97,-0.256,,,
[1758212586879544084],6.761,-3.338,0.364,,,
[1758212586884859240],7.487,-3.268,1.343,,,
[1758212586890029396],5.65,-2.713,1.87,,,
[1758212586895306219],6.687,-2.576,2.349,,,
[1758212586900423980],5.626,-2.787,3.467,,,
[1758212586909845438],6.019,-3.168,4.099,,,
[1758212586916274136],8.274,-3.546,4.539,,,
[1758212586922922730],8.964,-4.08,5.454,,,
[1758212586928146271],8.538,-4.068,5.083,,,
[1758212586933298980],9.972,-4.513,5.598,,,
[1758212586938563719],9.941,-4.944,4.786,,,
[1758212586944916115],11.562,-5.478,4.372,,,
[1758212586950160021],10.678,-5.796,3.886,,,
[1758212586955328980],13.015,-5.993,2.37,,,
[1758212586960846636],11.949,-6.191,2.296,,,
[1758212586965990178],13.144,-6.165,1.147,,,
[1758212586971081584],12.294,-6.28,0.747,,,
[1758212586976229240],12.613,-5.806,-0.18,,,
[1758212586981338459],10.64,-5.373,-0.089,,,
[1758212586986527365],11.164,-5.334,-0.867,,,
[1758212586991766896],9.534,-4.97,-0.467,,,
[1758212586996955490],9.527,-4.441,-1.238,,,
[1758212587002035438],8.837,-4.439,-1.089,,,
[1758212587007144709],8.248,-3.982,-0.754,,,
[1758212587012322365],7.743,-3.766,-0.316,,,
[1758212587017459292],7.175,-2.947,0.012,,,
[1758212587022690959],6.711,-3.239,1.903,,,
[1758212587028230646],5.65,-2.483,1.554,,,
[1758212587033482573],6.694,-2.873,2.684,,,
[1758212587038602990],5.629,-2.588,3.79,,,
[1758212587043780438],6.924,-2.962,4.073,,,
[1758212587048890386],6.893,-3.46,4.501,,,
[1758212587054006792],8.526,-4.058,5.174,,,
[1758212587059132209],7.827,-4.041,5.72,,,
[1758212587064294188],9.953,-4.535,5.794,,,
[1758212587069814084],8.904,-4.334,5.303,,,
[1758212587075171688],11.049,-5.054,4.506,,,
[1758212587080384969],10.364,-5.423,4.697,,,
[1758212587085525542],12.141,-5.748,3.682,,,
[1758212587090680959],11.746,-5.933,2.72,,,
[1758212587095919240],13.106,-6.385,2.088,,,
[1758212587101048094],11.602,-6.249,1.226,,,
[1758212587106210646],13.06,-6.021,0.725,,,
[1758212587111335646],11.856,-5.873,0.014,,,
[1758212587116518042],11.279,-5.279,0.124,,,
[1758212587121748876],10.329,-5.298,-0.639,,,
[1758212587126886636],10.602,-4.705,-1.18,,,
[1758212587132039605],8.887,-4.621,-0.874,,,
[1758212587137607365],8.703,-4.125,-1.396,,,
[1758212587142902157],8.191,-4.082,-0.69,,,
[1758212587148081740],7.436,-3.349,-0.603,,,
[1758212587153233407],7.288,-3.144,1.003,,,
[1758212587158419553],6.009,-2.763,1.753,,,
[1758212587163553928],6.835,-2.89,2.181,,,
[1758212587168675021],5.538,-2.674,2.904,,,
[1758212587173841323],6.665,-2.942,3.304,,,
[1758212587179625594],5.94,-2.775,3.687,,,
[1758212587185997990],8.576,-3.677,4.594,,,
[1758212587191266688],7.712,-4.034,5.598,,,
[1758212587196451323],9.002,-3.788,5.145,,,
[1758212587201540750],9.112,-4.642,4.86,,,
[1758212587206643459],10.345,-4.889,4.985,,,
[1758212587211731011],10.293,-5.222,4.92,,,
[1758212587216856011],11.392,-5.258,3.716,,,
[1758212587221983667],11.746,-6.0,3.608,,,
[1758212587227208928],12.538,-5.918,2.38,,,
[1758212587232499188],13.015,-6.366,1.8,,,
[1758212587237631167],12.512,-6.084,1.022,,,
[1758212587243294448],12.658,-6.112,0.603,,,
[1758212587248427261],11.665,-5.468,0.136,,,
[1758212587253558303],11.281,-5.27,-0.086,,,
[1758212587258745855],9.756,-4.879,-1.101,,,
[1758212587263952209],10.477,-4.817,-0.996,,,
[1758212587269127313],8.437,-4.477,-1.154,,,
[1758212587274266011],9.371,-4.044,-1.338,,,
[1758212587279389709],7.321,-3.68,-0.524,,,
[1758212587284582730],8.246,-3.5,0.194,,,
[1758212587289801375],5.935,-3.091,0.735,,,
[1758212587295377417],7.137,-3.043,1.951,,,
[1758212587300552209],5.437,-2.732,2.526,,,
[1758212587305704761],6.744,-2.696,3.194,,,
[1758212587310811428],5.674,-2.725,4.046,,,
[1758212587315952834],7.683,-3.206,3.838,,,
[1758212587321057105],7.163,-3.62,4.97,,,
[1758212587326197625],8.65,-3.95,5.061,,,
[1758212587331307782],8.224,-4.223,5.107,,,
[1758212587336568928],9.874,-4.389,4.918,,,
[1758212587341796323],9.914,-4.889,5.373,,,
[1758212587348587105],10.546,-5.018,4.355,,,
[1758212587353865230],12.052,-5.739,4.034,,,
[1758212587358994813],11.332,-5.619,2.854,,,
[1758212587364163250],13.053,-6.06,2.65,,,
[1758212587369297625],11.959,-6.206,1.946,,,
[1758212587374448771],13.623,-6.515,0.733,,,
[1758212587379556219],11.799,-5.887,0.081,,,
[1758212587384671011],12.486,-5.583,-0.287,,,
[1758212587389798355],9.984,-5.203,-0.893,,,
[1758212587395311792],11.037,-5.088,-0.656,,,
[1758212587401800125],8.945,-4.803,-0.886,,,
[1758212587407055021],9.129,-4.001,-1.173,,,
[1758212587412270594],8.329,-3.986,-0.436,,,
[1758212587417410282],7.64,-3.582,-0.237,,,
[1758212587422598823],7.195,-3.349,1.12,,,
[1758212587427722157],6.958,-2.844,1.286,,,
[1758212587432890177],6.258,-2.784,2.045,,,
[1758212587438004657],5.456,-2.523,2.198,,,
[1758212587444381740],7.111,-2.904,3.577,,,
[1758212587449642469],6.041,-2.816,3.867,,,
[1758212587456292573],8.303,-3.812,4.8,,,
[1758212587461591323],7.621,-3.761,5.234,,,
[1758212587466744657],9.266,-3.874,5.198,,,
[1758212587471829761],8.825,-4.403,5.543,,,
[1758212587476916740],10.156,-4.47,5.119,,,
[1758212587482035542],10.953,-5.274,4.322,,,
[1758212587487184813],11.272,-5.38,4.185,,,
[1758212587492419865],11.926,-5.942,3.287,,,
[1758212587497627782],12.4,-6.072,2.145,,,
[1758212587502882886],12.579,-6.325,1.65,,,
[1758212587509373875],11.988,-6.237,0.649,,,
[1758212587514614552],13.23,-6.184,0.081,,,
[1758212587519739709],10.865,-5.38,-0.227,,,
[1758212587524882782],11.693,-5.188,-0.601,,,
[1758212587530000542],9.512,-4.865,-0.855,,,
[1758212587535123355],10.47,-4.934,-1.307,,,
[1758212587540233823],8.401,-4.271,-1.614,,,
[1758212587545438875],9.225,-4.243,-0.814,,,
[1758212587550561219],7.199,-3.596,-0.16,,,
[1758212587555771219],7.76,-3.359,-0.101,,,
[1758212587561316271],6.134,-3.079,1.583,,,
[1758212587566461740],6.56,-2.703,2.399,,,
[1758212587571592782],5.583,-2.753,2.653,,,
[1758212587576727105],6.376,-2.698,3.199,,,
[1758212587581875907],5.959,-3.053,4.034,,,
[1758212587586998094],7.25,-3.299,3.883,,,
[1758212587592259865],7.403,-3.855,4.525,,,
[1758212587597503823],8.066,-3.953,4.752,,,
[1758212587602787052],8.744,-4.293,5.169,,,
[1758212587607921011],9.383,-4.264,5.009,,,
[1758212587613437104],10.74,-4.879,4.798,,,
[1758212587618647677],10.278,-5.188,4.568,,,
[1758212587623801479],11.945,-5.562,4.434,,,
[1758212587628982782],11.358,-5.526,2.559,,,
[1758212587634090386],13.075,-6.436,2.5,,,
[1758212587639168198],11.978,-6.136,1.827,,,
[1758212587644374396],13.058,-6.385,0.984,,,
[1758212587649506479],11.94,-6.029,0.067,,,
[1758212587654800073],12.273,-5.794,-0.211,,,
[1758212587659985177],9.984,-5.2,-0.599,,,
[1758212587665145854],11.313,-5.171,-0.931,,,
[1758212587670747834],8.93,-4.614,-1.511,,,
[1758212587675940073],9.89,-4.334,-1.451,,,
[1758212587681054344],7.628,-3.749,-0.335,,,
[1758212587686220334],8.413,-3.558,-0.589,,,
[1758212587691337052],6.737,-3.436,0.407,,,
[1758212587696525802],6.9,-2.782,0.771,,,
[1758212587701619396],5.945,-2.954,2.547,,,
[1758212587706739604],6.318,-2.631,2.646,,,
[1758212587711903511],5.555,-2.895,3.323,,,
[1758212587717176167],6.61,-2.782,3.905,,,
[1758212587722949709],7.602,-3.259,4.175,,,
[1758212587728122052],7.848,-3.598,4.647,,,
[1758212587733236584],8.849,-4.111,5.028,,,
[1758212587738313407],8.839,-3.881,5.21,,,
[1758212587743495594],9.883,-4.731,5.373,,,
[1758212587748611271],9.919,-4.764,5.339,,,
[1758212587753819084],11.538,-5.37,4.638,,,
[1758212587761511323],10.91,-6.021,3.412,,,
[1758212587767902104],11.909,-5.672,2.167,,,
[1758212587773164709],12.898,-6.292,1.872,,,
[1758212587778652782],12.404,-6.048,0.967,,,
[1758212587783801844],13.218,-6.273,0.476,,,
[1758212587788902834],10.901,-5.66,0.024,,,
[1758212587794090959],11.516,-5.473,-0.247,,,
[1758212587799221948],10.039,-4.978,-0.694,,,
[1758212587804404396],10.451,-4.946,-0.998,,,
[1758212587809566375],8.473,-4.183,-1.353,,,
[1758212587814824292],9.266,-4.365,-0.668,,,
[1758212587819945438],7.116,-3.644,-0.34,,,
[1758212587825122052],8.193,-3.637,-0.23,,,
[1758212587831617209],6.117,-3.043,1.48,,,
[1758212587838085854],5.808,-2.732,1.76,,,
[1758212587843343771],6.493,-2.969,2.646,,,
[1758212587848441636],5.952,-2.624,3.369,,,
[1758212587853596011],6.744,-3.184,4.111,,,
[1758212587858759031],7.034,-3.548,4.496,,,
[1758212587863871948],8.365,-3.871,4.76,,,
[1758212587868981531],7.805,-3.845,5.114,,,
[1758212587874151427],9.584,-4.432,5.792,,,
[1758212587879299084],8.775,-4.369,5.775,,,
[1758212587886119031],11.064,-4.918,4.324,,,
[1758212587891394031],10.69,-5.231,4.345,,,
[1758212587896601167],12.024,-5.741,3.048,,,
[1758212587901719500],11.586,-5.899,2.691,,,
[1758212587906852729],12.893,-5.938,2.243,,,
[1758212587911967365],12.28,-6.467,1.982,,,
[1758212587917094761],12.673,-5.95,0.204,,,
[1758212587922257052],12.141,-5.93,0.007,,,
[1758212587927404396],11.152,-5.258,-0.393,,,
[1758212587932717365],10.525,-5.157,-0.795,,,
[1758212587938226167],9.397,-4.769,-1.223,,,
[1758212587943433354],9.948,-4.645,-1.386,,,
[1758212587948551115],8.461,-4.128,-1.956,,,
[1758212587953646688],8.739,-4.068,-0.694,,,
[1758212587958787834],7.072,-3.378,-0.062,,,
[1758212587964002104],7.424,-3.266,0.946,,,
[1758212587969122677],5.851,-2.863,2.143,,,
[1758212587974270646],6.78,-2.844,2.655,,,
[1758212587979436688],5.423,-2.562,3.065,,,
[1758212587984649969],6.986,-3.0,3.316,,,
[1758212587989806479],5.72,-3.033,3.579,,,
[1758212587995460125],8.459,-3.713,4.173,,,
[1758212588000618146],7.403,-3.694,4.559,,,
[1758212588005758927],9.333,-4.034,4.563,,,
[1758212588010858094],8.526,-4.152,5.38,,,
[1758212588015980229],10.319,-4.633,5.042,,,
[1758212588021071427],9.538,-5.109,4.705,,,
[1758212588026227261],11.698,-5.456,4.298,,,
[1758212588031355646],11.315,-5.825,3.812,,,
[1758212588036593511],12.534,-5.816,2.84,,,
[1758212588041820594],12.237,-6.12,1.999,,,
[1758212588047432469],12.629,-6.122,1.123,,,
[1758212588052675698],12.79,-6.383,0.534,,,
[1758212588057879552],11.684,-5.555,-0.079,,,
[1758212588063046688],11.43,-5.49,-0.52,,,
[1758212588068220073],10.695,-4.958,-0.809,,,
[1758212588073365698],10.214,-4.865,-0.898,,,
[1758212588078517521],8.918,-4.59,-1.458,,,
[1758212588083715542],9.287,-4.29,-0.962,,,
[1758212588088915333],7.75,-3.527,-1.264,,,
[1758212588094099813],8.305,-3.515,-0.254,,,
[1758212588099248563],6.354,-3.053,0.807,,,
[1758212588105898406],7.029,-2.784,1.8,,,
[1758212588111147000],5.432,-2.701,3.235,,,
[1758212588116262000],6.814,-2.696,3.172,,,
[1758212588121367833],5.605,-3.067,3.56,,,
[1758212588126510177],7.527,-2.938,3.991,,,
[1758212588131652781],7.513,-3.888,4.736,,,
[1758212588136782938],8.54,-3.783,5.004,,,
[1758212588141893198],8.27,-4.161,5.502,,,
[1758212588147201479],9.457,-4.276,5.145,,,
[1758212588152857104],10.252,-4.798,5.413,,,
[1758212588158040542],10.518,-4.927,4.954,,,
[1758212588163197261],11.358,-5.653,4.257,,,
[1758212588168340333],11.562,-5.787,3.055,,,
[1758212588173465906],12.668,-6.072,2.574,,,
[1758212588178614969],12.301,-6.005,1.903,,,
[1758212588183762625],13.161,-6.306,1.317,,,
[1758212588188864344],12.107,-5.88,0.378,,,
[1758212588194110802],12.677,-5.897,0.192,,,
[1758212588199425073],10.551,-5.176,-0.692,,,
[1758212588204542990],11.111,-5.133,-1.058,,,
[1758212588210052729],9.124,-4.64,-1.53,,,
[1758212588215327573],10.151,-4.731,-1.446,,,
[1758212588220459136],8.006,-4.269,-1.302,,,
[1758212588225608302],8.576,-3.615,-0.826,,,
[1758212588230718406],6.699,-3.393,0.376,,,
[1758212588235851583],7.424,-2.947,0.91,,,
[1758212588240972833],5.859,-2.82,1.58,,,
[1758212588246255698],6.783,-2.737,2.389,,,
[1758212588251416531],5.777,-2.696,3.462,,,
[1758212588256647677],7.013,-2.698,3.627,,,
[1758212588262098563],6.838,-3.359,4.707,,,
[1758212588267273563],7.843,-3.768,4.82,,,
[1758212588272441688],8.27,-4.106,5.262,,,
[1758212588277572104],8.993,-3.749,4.922,,,
[1758212588282782260],9.347,-4.635,5.617,,,
[1758212588287926948],10.228,-4.743,5.653,,,
[1758212588293206635],10.673,-5.217,5.08,,,
[1758212588298361896],10.635,-5.298,3.721,,,
[1758212588303510490],12.163,-5.686,3.156,,,
[1758212588308714552],11.832,-5.921,2.277,,,
[1758212588313846479],12.747,-6.278,1.384,,,
[1758212588320418146],12.103,-6.235,0.84,,,
[1758212588325640698],13.216,-6.062,0.687,,,
[1758212588330767052],10.997,-5.629,0.098,,,
[1758212588335891531],11.507,-5.121,-0.927,,,
[1758212588340994448],9.689,-4.934,-1.034,,,
[1758212588346155021],10.362,-4.798,-1.197,,,
[1758212588351281271],8.677,-4.369,-1.264,,,
[1758212588356455125],9.031,-3.931,-1.199,,,
[1758212588361655698],7.211,-3.79,-0.419,,,
[1758212588367199448],7.424,-3.06,0.163,,,
[1758212588372401427],6.625,-3.326,1.113,,,
[1758212588377493563],6.309,-2.557,1.714,,,
[1758212588382729448],6.0,-2.71,3.259,,,
[1758212588387875177],6.069,-2.423,3.563,,,
[1758212588393112521],6.026,-3.148,3.838,,,
[1758212588398268354],6.809,-3.194,4.302,,,
[1758212588403410594],8.186,-4.113,5.025,,,
[1758212588408597625],8.023,-3.742,4.774,,,
[1758212588413833927],9.486,-4.353,5.885,,,
[1758212588418942625],9.184,-4.31,5.638,,,
[1758212588424572417],11.121,-5.054,5.128,,,
[1758212588429765438],10.259,-5.205,4.405,,,
[1758212588434898719],11.995,-5.713,3.898,,,
[1758212588440024344],11.078,-5.835,2.725,,,
[1758212588445218979],13.058,-6.23,2.198,,,
[1758212588450317677],12.024,-6.177,2.066,,,
[1758212588455454031],13.331,-6.215,1.204,,,
[1758212588460572260],11.887,-5.926,0.268,,,
[1758212588465862781],12.38,-5.818,-0.031,,,
[1758212588471137104],10.147,-5.246,-0.012,,,
[1758212588477619917],10.23,-4.664,-1.338,,,
[1758212588484009135],9.993,-4.822,-1.015,,,
[1758212588489256323],8.401,-4.029,-0.792,,,
[1758212588494460021],8.815,-4.063,-0.575,,,
[1758212588499649187],6.723,-3.39,0.091,,,
[1758212588504811271],7.523,-3.203,0.876,,,
[1758212588509915698],5.576,-2.904,1.875,,,
[1758212588515042521],6.764,-2.851,2.581,,,
[1758212588520157469],5.502,-2.313,3.232,,,
[1758212588525314917],6.754,-2.863,3.754,,,
[1758212588530940906],5.995,-3.036,3.486,,,
[1758212588536112781],8.375,-3.639,4.305,,,
[1758212588541242104],7.389,-3.713,5.04,,,
[1758212588546439187],9.287,-3.912,5.373,,,
[1758212588551581479],9.014,-4.496,5.478,,,
[1758212588556720281],9.974,-4.556,5.349,,,
[1758212588561920802],10.192,-5.207,4.889,,,
[1758212588567093094],11.214,-5.243,4.317,,,
[1758212588572624448],11.19,-5.792,3.682,,,
[1758212588577861948],12.182,-5.811,2.629,,,
[1758212588583386167],12.814,-6.333,2.114,,,
[1758212588588518562],12.462,-6.038,1.044,,,
[1758212588593712729],13.25,-6.431,0.915,,,
[1758212588598826687],11.408,-5.59,0.237,,,
[1758212588606345073],11.401,-5.179,-0.74,,,
[1758212588612855906],10.305,-5.073,-1.195,,,
[1758212588618353875],9.474,-4.403,-1.355,,,
[1758212588623525646],9.555,-4.314,-1.384,,,
[1758212588628658094],8.145,-3.881,-1.281,,,
[1758212588633810021],8.392,-3.694,-0.33,,,
[1758212588639233094],6.333,-3.079,0.52,,,
[1758212588644437104],7.192,-3.048,1.721,,,
[1758212588649554344],5.634,-2.342,1.913,,,
[1758212588654720906],6.685,-2.811,3.472,,,
[1758212588659964344],5.349,-2.899,3.874,,,
[1758212588665150802],7.104,-3.017,3.919,,,
[1758212588670267052],6.656,-3.436,3.929,,,
[1758212588675416948],8.94,-4.149,4.975,,,
[1758212588680582260],7.757,-4.288,5.353,,,
[1758212588685714656],9.68,-4.298,4.815,,,
[1758212588692260646],9.67,-4.894,5.14,,,
[1758212588697732885],10.673,-4.913,4.556,,,
[1758212588702986427],11.578,-5.598,4.434,,,
[1758212588708093667],11.399,-5.54,3.352,,,
[1758212588713238198],12.5,-5.981,2.538,,,
[1758212588718337417],12.385,-5.933,1.798,,,
[1758212588723439239],12.974,-6.311,2.112,,,
[1758212588728567729],11.995,-6.127,0.213,,,
[1758212588733779917],12.696,-5.796,0.443,,,
[1758212588739069135],10.374,-5.152,-0.285,,,
[1758212588745528823],11.327,-5.267,-1.195,,,
[1758212588750761427],9.055,-4.53,-0.757,,,
[1758212588755860646],10.104,-4.482,-1.3,,,
[1758212588761015177],8.066,-3.998,-0.836,,,
[1758212588766188302],8.377,-3.651,-0.572,,,
[1758212588771271427],6.809,-3.29,-0.108,,,
[1758212588776376792],7.379,-3.23,0.883,,,
[1758212588781465125],5.892,-2.84,1.733,,,
[1758212588786662833],6.845,-2.634,2.545,,,
[1758212588791856948],5.947,-2.672,3.474,,,
[1758212588797392521],6.292,-2.631,3.68,,,
[1758212588802584344],6.551,-3.115,4.104,,,
[1758212588807729917],7.827,-3.584,4.542,,,
[1758212588812989864],8.258,-3.972,5.346,,,
[1758212588818134917],8.729,-3.864,4.705,,,
[1758212588823269135],9.838,-4.669,5.634,,,
[1758212588828416375],9.562,-4.712,5.485,,,
[1758212588833563667],10.953,-5.262,4.793,,,
[1758212588838821479],10.779,-5.365,4.405,,,
[1758212588844303250],12.675,-5.933,3.946,,,
[1758212588850737000],11.629,-5.825,2.346,,,
[1758212588857149292],13.142,-5.895,1.31,,,
[1758212588862456427],12.687,-6.443,0.28,,,
[1758212588867615542],12.27,-5.942,-0.165,,,
[1758212588872805854],11.202,-5.586,-0.002,,,
[1758212588877936375],10.623,-4.937,-1.168,,,
[1758212588883066375],10.566,-5.104,-1.006,,,
[1758212588888193146],9.816,-4.527,-1.358,,,
[1758212588893405489],9.246,-4.384,-1.082,,,
[1758212588898545542],8.033,-3.828,-0.857,,,
[1758212588905189135],8.384,-3.639,-0.208,,,
[1758212588910442469],6.098,-3.105,0.972,,,
[1758212588915585177],7.123,-3.033,1.951,,,
[1758212588920696635],5.25,-2.55,2.246,,,
[1758212588925822364],6.835,-2.641,2.65,,,
[1758212588930935229],5.27,-2.509,3.345,,,
[1758212588936045646],7.302,-3.194,3.694,,,
[1758212588941184708],6.809,-3.622,4.791,,,
[1758212588946420906],8.902,-3.692,5.09,,,
[1758212588951597364],8.346,-4.128,5.48,,,
[1758212588959038562],8.909,-4.338,4.752,,,
[1758212588964298094],10.539,-5.09,5.248,,,
[1758212588969431896],10.319,-5.061,4.793,,,
[1758212588974609864],12.151,-5.521,4.209,,,
[1758212588979732781],11.08,-5.782,2.954,,,
[1758212588984820489],13.053,-6.144,2.772,,,
[1758212588989937937],11.655,-6.227,2.002,,,
[1758212588995144656],13.453,-6.333,1.985,,,
[1758212589000245802],12.076,-6.029,0.397,,,
[1758212589005341062],12.632,-5.849,0.247,,,
[1758212589010780333],10.075,-5.095,-0.498,,,
[1758212589015906114],11.08,-5.092,-1.118,,,
[1758212589021012208],9.44,-4.839,-1.465,,,
[1758212589026160229],10.08,-4.575,-1.477,,,
[1758212589031276948],8.092,-4.223,-1.022,,,
[1758212589036380333],8.636,-3.857,-0.594,,,
[1758212589041477885],6.694,-3.239,0.086,,,
[1758212589046685594],7.755,-3.141,1.053,,,
[1758212589051891844],6.211,-2.859,2.162,,,
[1758212589057124916],6.213,-2.519,2.294,,,
[1758212589063833354],6.136,-2.899,3.529,,,
[1758212589070456479],5.538,-2.784,4.08,,,
[1758212589075709708],8.023,-3.713,4.503,,,
[1758212589080821271],7.487,-3.754,4.875,,,
[1758212589085954187],8.957,-3.795,4.659,,,
[1758212589091062416],8.6,-4.25,5.16,,,
[1758212589096242833],10.142,-4.757,5.523,,,
[1758212589101363719],9.73,-4.942,5.653,,,
[1758212589106508302],11.617,-5.167,4.784,,,
[1758212589111642208],10.798,-5.614,4.025,,,
[1758212589117203719],12.292,-5.543,2.674,,,
[1758212589122392781],11.83,-6.007,2.507,,,
[1758212589127492625],12.658,-5.983,0.941,,,
[1758212589132647260],12.254,-6.395,0.785,,,
[1758212589137737468],12.713,-5.617,-0.256,,,
[1758212589142936687],11.662,-5.49,0.421,,,
[1758212589148054708],10.491,-4.963,-0.649,,,
[1758212589153253198],10.664,-5.131,-0.991,,,
[1758212589158752573],9.618,-4.329,-1.329,,,
[1758212589163925698],9.582,-4.487,-1.12,,,
[1758212589170330125],7.362,-3.977,-0.438,,,
[1758212589175564500],8.351,-3.677,-0.304,,,
[1758212589180665177],6.172,-2.926,0.986,,,
[1758212589185790802],7.163,-3.036,2.021,,,
[1758212589190937885],5.583,-2.624,2.085,,,
[1758212589196110958],6.63,-2.65,2.698,,,
[1758212589201198718],5.574,-2.83,3.452,,,
[1758212589206315021],7.353,-2.919,4.044,,,
[1758212589211463666],6.905,-3.531,4.678,,,
[1758212589216916531],8.808,-3.637,5.116,,,
[1758212589222258614],8.404,-4.061,5.741,,,
[1758212589227420021],9.084,-4.096,5.334,,,
[1758212589232590593],9.503,-4.946,5.409,,,
[1758212589237690958],10.482,-4.602,5.016,,,
[1758212589242970437],10.831,-5.219,4.381,,,
[1758212589248094864],11.758,-5.545,3.371,,,
[1758212589253275229],12.486,-6.072,2.591,,,
[1758212589258443979],12.136,-6.019,1.748,,,
[1758212589263675385],12.907,-6.371,1.52,,,
[1758212589268817312],12.378,-6.187,0.532,,,
[1758212589273962208],12.752,-6.007,0.266,,,
[1758212589279474864],10.448,-5.351,-0.455,,,
[1758212589284662156],11.442,-5.136,-0.536,,,
[1758212589289863562],9.407,-4.812,-1.216,,,
[1758212589295148927],10.113,-4.683,-1.417,,,
[1758212589300361375],8.191,-4.223,-1.025,,,
[1758212589305518041],8.93,-3.888,-0.651,,,
[1758212589310660385],6.689,-3.412,-0.012,,,
[1758212589315836114],7.954,-3.448,1.051,,,
[1758212589321028666],5.732,-2.799,1.944,,,
[1758212589326267833],7.003,-2.528,2.025,,,
[1758212589331752468],5.555,-2.614,3.06,,,
[1758212589336898406],6.584,-2.564,3.108,,,
[1758212589342010125],6.211,-3.017,4.015,,,
[1758212589347207260],7.75,-3.481,4.214,,,
[1758212589352455073],8.083,-3.958,4.724,,,
[1758212589357612260],8.487,-3.828,5.2,,,
[1758212589362855593],9.328,-4.326,5.653,,,
[1758212589367987573],9.936,-4.547,5.236,,,
[1758212589373099604],10.321,-5.052,5.052,,,
[1758212589378322052],11.073,-5.224,4.312,,,
[1758212589383462000],11.59,-6.009,3.926,,,
[1758212589390017729],11.377,-5.842,2.904,,,
[1758212589396399291],13.139,-5.993,1.688,,,
[1758212589401644864],12.158,-6.273,0.946,,,
[1758212589406778041],12.878,-5.837,0.373,,,
[1758212589411896791],11.447,-5.674,0.694,,,
[1758212589417027573],11.059,-5.468,0.304,,,
[1758212589422197208],9.967,-5.009,-0.656,,,
[1758212589427325333],10.247,-4.812,-1.013,,,
[1758212589432518406],9.024,-4.525,-1.03,,,
[1758212589437984552],8.511,-3.965,-1.068,,,
[1758212589443273718],7.975,-3.845,-0.733,,,
[1758212589448401583],7.333,-3.371,-0.022,,,
[1758212589453598302],6.989,-3.189,1.041,,,
[1758212589458716687],5.732,-2.693,1.618,,,
[1758212589463901635],6.761,-2.859,2.626,,,
[1758212589469041791],5.703,-2.461,2.969,,,
[1758212589474190645],6.503,-2.782,4.106,,,
[1758212589479310385],6.409,-3.201,4.202,,,
[1758212589484526166],8.418,-4.053,5.085,,,
[1758212589489652729],7.544,-3.891,5.578,,,
[1758212589495207312],9.689,-4.338,5.756,,,
[1758212589500350073],8.696,-4.64,5.14,,,
[1758212589505472052],10.647,-4.791,4.664,,,
[1758212589510620541],10.053,-5.102,4.985,,,
[1758212589515734291],11.959,-5.739,4.228,,,
[1758212589520828979],11.267,-5.921,3.249,,,
[1758212589525959500],13.245,-6.045,2.368,,,
[1758212589531106687],12.098,-6.012,1.8,,,
[1758212589536359916],13.18,-6.23,0.771,,,
[1758212589541684760],11.849,-6.115,0.124,,,
[1758212589547294708],11.631,-5.511,0.218,,,
[1758212589552571843],10.491,-5.267,-0.311,,,
[1758212589557765750],10.582,-4.673,-1.255,,,
[1758212589562979656],9.831,-4.925,-1.202,,,
[1758212589568118093],9.093,-4.393,-1.432,,,
[1758212589573261270],8.519,-4.171,-0.929,,,
[1758212589578397104],7.618,-3.788,-0.393,,,
[1758212589583560333],7.786,-3.455,-0.388,,,
[1758212589588796427],6.653,-2.94,0.991,,,
[1758212589594003458],7.18,-2.954,2.136,,,
[1758212589599184812],5.607,-2.547,2.069,,,
[1758212589605714187],6.8,-2.816,3.546,,,
[1758212589610959291],5.598,-2.799,4.221,,,
[1758212589616083770],7.829,-3.448,4.513,,,
[1758212589621198979],7.47,-3.697,5.138,,,
[1758212589626332052],8.995,-3.965,5.001,,,
[1758212589631425229],8.334,-4.13,5.497,,,
[1758212589636526114],10.044,-4.712,5.478,,,
[1758212589641652625],9.347,-4.64,5.265,,,
[1758212589646878250],11.439,-4.99,4.197,,,
[1758212589652552520],11.164,-5.705,4.281,,,
[1758212589657716427],12.033,-5.662,2.409,,,
[1758212589662895229],12.196,-6.373,1.994,,,
[1758212589668025177],12.579,-6.038,1.176,,,
[1758212589673116947],12.634,-6.359,0.802,,,
[1758212589678212052],12.201,-5.883,-0.273,,,
[1758212589683344500],11.667,-5.521,-0.101,,,
[1758212589688543406],10.539,-5.095,-0.608,,,
[1758212589693912885],10.704,-5.205,-0.187,,,
[1758212589699116947],9.234,-4.707,-1.441,,,
[1758212589704256791],9.924,-4.64,-1.207,,,
[1758212589713051687],7.736,-4.003,-0.543,,,
[1758212589718213458],7.769,-3.34,-0.153,,,
[1758212589723372364],7.104,-3.448,1.245,,,
[1758212589728519708],5.981,-2.777,1.477,,,
[1758212589733664916],6.73,-2.763,2.598,,,
[1758212589738843562],5.574,-2.461,3.105,,,
[1758212589744061791],6.445,-2.82,3.637,,,
[1758212589749175020],6.294,-2.978,4.116,,,
[1758212589754313770],7.975,-3.68,4.978,,,
[1758212589760857260],7.561,-3.9,5.028,,,
[1758212589766070958],9.476,-3.991,5.028,,,
[1758212589771191687],8.569,-4.568,5.329,,,
[1758212589776330281],10.736,-4.872,5.14,,,
[1758212589781460802],10.178,-5.114,4.867,,,
[1758212589786556531],11.911,-5.459,4.312,,,
[1758212589791679656],11.437,-5.921,3.33,,,
[1758212589796907364],12.74,-6.021,2.325,,,
[1758212589802075177],11.973,-6.033,2.018,,,
[1758212589807284864],12.895,-5.99,0.666,,,
[1758212589812449968],12.009,-5.945,0.541,,,
[1758212589818038406],11.72,-5.215,-0.163,,,
[1758212589823203458],10.839,-5.334,-0.165,,,
[1758212589828340437],10.625,-4.846,-1.252,,,
[1758212589833513822],10.166,-4.997,-1.247,,,
[1758212589838627104],8.698,-4.185,-1.798,,,
[1758212589843835645],9.048,-4.288,-0.891,,,
[1758212589848933770],7.173,-3.563,-0.871,,,
[1758212589854089708],7.755,-3.577,0.208,,,
[1758212589859278197],6.165,-3.06,1.341,,,
[1758212589866593249],6.946,-2.655,1.784,,,
[1758212589872062260],5.813,-2.641,2.435,,,
[1758212589877201270],6.469,-2.818,3.515,,,
[1758212589882392468],6.026,-3.038,3.773,,,
[1758212589887527520],7.52,-3.457,4.427,,,
[1758212589892733302],7.937,-3.919,4.745,,,
[1758212589897895072],8.605,-3.812,4.784,,,
[1758212589903025697],9.28,-4.283,5.614,,,
[1758212589908127989],9.519,-4.592,5.267,,,
[1758212589913300958],10.669,-5.212,5.09,,,
[1758212589918522260],10.609,-4.951,4.288,,,
[1758212589925051114],12.553,-6.103,3.946,,,
[1758212589930332833],11.463,-5.959,2.231,,,
[1758212589935475072],13.063,-6.294,1.81,,,
[1758212589940599343],11.906,-6.155,1.231,,,
[1758212589945804968],13.194,-6.239,0.613,,,
[1758212589950912729],11.401,-5.76,0.323,,,
[1758212589956020854],11.614,-5.282,-0.017,,,
[1758212589961135906],9.96,-5.001,-0.728,,,
[1758212589966303302],10.843,-4.875,-1.097,,,
[1758212589971869343],9.263,-4.657,-1.204,,,
[1758212589977006479],9.134,-4.068,-1.614,,,
[1758212589982148249],7.575,-4.085,-0.704,,,
[1758212589987271479],7.894,-3.342,-0.649,,,
[1758212589992509395],6.821,-3.29,0.678,,,
[1758212589997731687],6.874,-2.751,1.482,,,
[1758212590002906999],6.314,-2.787,2.033,,,
[1758212590008055593],6.072,-2.61,3.029,,,
[1758212590013350229],6.407,-2.856,3.922,,,
[1758212590018494239],6.304,-2.818,3.577,,,
[1758212590023660124],7.549,-3.78,4.712,,,
[1758212590029201635],7.63,-3.953,4.81,,,
[1758212590035577312],9.402,-4.401,4.954,,,
[1758212590040899812],8.552,-4.499,5.636,,,
[1758212590046153093],10.539,-4.772,5.586,,,
[1758212590051274604],10.192,-4.982,5.143,,,
[1758212590056412989],11.847,-5.559,4.156,,,
[1758212590061519187],11.097,-5.657,3.053,,,
[1758212590066633197],12.919,-5.902,2.181,,,
[1758212590071755124],11.923,-6.048,1.856,,,
[1758212590077374916],12.797,-6.213,1.111,,,
[1758212590082725541],12.333,-6.199,0.213,,,
[1758212590087882781],12.177,-5.497,-0.101,,,
[1758212590093096635],10.939,-5.437,-0.218,,,
[1758212590098218145],10.396,-4.772,-1.25,,,
[1758212590103328510],10.063,-4.958,-1.302,,,
[1758212590108488041],9.251,-4.503,-1.302,,,
[1758212590113676166],8.811,-4.343,-0.637,,,
[1758212590118887989],7.779,-3.661,-0.737,,,
[1758212590124107416],7.906,-3.706,0.462,,,
[1758212590129226843],6.141,-3.019,1.08,,,
[1758212590134358874],7.132,-3.156,1.968,,,
[1758212590139490906],5.528,-2.504,2.078,,,
[1758212590145145958],6.495,-2.863,3.445,,,
[1758212590150501791],5.701,-2.631,3.536,,,
[1758212590155651843],7.501,-3.122,3.836,,,
[1758212590160762729],7.08,-3.666,4.216,,,
[1758212590165908354],8.923,-4.101,4.731,,,
[1758212590171078510],7.74,-3.996,5.107,,,
[1758212590176202572],9.687,-4.341,5.593,,,
[1758212590181366947],9.503,-4.903,5.689,,,
[1758212590187127364],11.317,-4.93,4.551,,,
[1758212590192494395],11.047,-5.696,4.362,,,
[1758212590198923458],11.499,-5.717,2.397,,,
[1758212590204193458],12.9,-6.306,1.982,,,
[1758212590209322624],12.419,-6.048,1.664,,,
[1758212590214470541],13.266,-6.359,1.056,,,
[1758212590219590749],11.715,-5.952,0.5,,,
[1758212590224715072],12.055,-5.763,0.218,,,
[1758212590229833562],10.096,-5.095,-0.345,,,
[1758212590234988874],10.937,-5.083,-0.922,,,
[1758212590240141374],9.019,-4.492,-0.491,,,
[1758212590245416322],9.965,-4.587,-0.792,,,
[1758212590250959395],7.566,-3.859,-0.898,,,
[1758212590256154603],8.344,-3.709,-0.096,,,
[1758212590261308301],6.464,-3.345,0.359,,,
[1758212590266490853],7.02,-2.974,1.353,,,
[1758212590271620072],5.689,-2.538,2.006,,,
[1758212590276706843],6.804,-2.658,2.313,,,
[1758212590281815749],5.681,-2.66,3.4,,,
[1758212590286999864],6.847,-2.945,3.551,,,
[1758212590292639656],7.262,-3.452,3.907,,,
[1758212590297923718],8.006,-3.836,4.724,,,
[1758212590303043978],8.229,-4.111,5.246,,,
[1758212590308191791],8.94,-3.862,4.638,,,
[1758212590313346531],9.4,-4.501,5.808,,,
[1758212590318515906],10.257,-4.784,5.349,,,
[1758212590323641114],11.246,-5.387,4.697,,,
[1758212590328772885],11.167,-5.545,3.4,,,
[1758212590333924083],12.481,-6.129,2.315,,,
[1758212590339129083],12.038,-5.837,1.64,,,
[1758212590344444135],13.309,-6.383,1.343,,,
[1758212590349606947],12.136,-6.151,0.68,,,
[1758212590354779760],13.281,-6.1,0.33,,,
[1758212590361305645],10.441,-5.277,0.002,,,
[1758212590366571010],11.394,-5.083,-0.742,,,
[1758212590371717989],9.505,-4.791,-1.085,,,
[1758212590376847416],9.878,-4.508,-1.386,,,
[1758212590381958978],8.657,-4.345,-1.032,,,
[1758212590387098926],8.65,-3.742,-0.373,,,
[1758212590392351947],6.95,-3.677,-0.184,,,
[1758212590398801062],7.151,-3.069,0.321,,,
[1758212590405286062],7.226,-3.072,1.844,,,
[1758212590411660593],5.476,-2.806,2.923,,,
[1758212590416849343],6.608,-2.722,3.505,,,
[1758212590422060333],5.935,-2.787,3.788,,,
[1758212590427172781],7.755,-3.285,3.948,,,
[1758212590432314760],7.439,-3.797,4.307,,,
[1758212590437428510],8.533,-3.79,5.016,,,
[1758212590442767103],8.672,-4.262,5.334,,,
[1758212590447896635],9.373,-4.374,5.279,,,
[1758212590453028145],10.343,-5.04,5.564,,,
[1758212590458181687],10.678,-5.191,4.915,,,
[1758212590463443301],11.404,-5.612,4.798,,,
[1758212590468976426],11.31,-5.885,3.062,,,
[1758212590474118562],12.914,-6.093,2.428,,,
[1758212590479208510],11.945,-6.086,1.238,,,
[1758212590484327937],13.405,-6.529,0.886,,,
[1758212590489438770],12.055,-6.043,-0.045,,,
[1758212590494691583],12.107,-5.933,-0.235,,,
[1758212590499826322],10.477,-5.183,-0.543,,,
[1758212590505315228],11.262,-5.136,-0.745,,,
[1758212590510503718],8.993,-4.647,-0.869,,,
[1758212590515766635],9.845,-4.386,-1.549,,,
[1758212590520875385],7.597,-3.984,-0.491,,,
[1758212590526000958],8.447,-3.735,-0.189,,,
[1758212590531097208],6.543,-3.261,0.328,,,
[1758212590536194343],7.484,-3.27,1.173,,,
[1758212590541293718],5.531,-2.741,1.762,,,
[1758212590546570020],6.831,-2.631,2.538,,,
[1758212590552082676],5.804,-2.89,3.361,,,
[1758212590557318770],6.527,-2.883,3.464,,,
[1758212590562658510],6.948,-3.632,4.458,,,
[1758212590567879551],8.272,-3.718,4.563,,,
[1758212590573065489],8.1,-4.142,5.291,,,
[1758212590579503353],8.334,-4.025,5.322,,,
[1758212590584723041],10.192,-4.503,5.744,,,
[1758212590589956530],9.364,-4.709,5.047,,,
[1758212590595227728],11.574,-5.25,4.384,,,
[1758212590600352780],10.561,-5.425,3.637,,,
[1758212590605494968],12.9,-5.971,2.241,,,
[1758212590610942364],11.686,-6.053,1.939,,,
[1758212590616120228],13.127,-6.151,1.3,,,
[1758212590621336739],11.779,-6.12,0.704,,,
[1758212590626586010],13.12,-5.983,0.215,,,
[1758212590631666687],10.724,-5.26,0.328,,,
[1758212590636804239],11.382,-5.191,-0.795,,,
[1758212590641932572],9.759,-4.954,-0.555,,,
[1758212590647180176],10.139,-4.48,-0.572,,,
[1758212590652345332],8.531,-4.494,-1.013,,,
[1758212590657466010],8.399,-3.886,-0.536,,,
[1758212590662660541],7.539,-3.63,-0.699,,,
[1758212590667910124],7.4,-3.141,0.002,,,
[1758212590673096739],6.5,-3.165,1.523,,,
[1758212590678283978],6.483,-2.488,1.427,,,
[1758212590685022780],6.761,-2.66,2.851,,,
[1758212590690272364],5.409,-2.768,3.666,,,
[1758212590695521687],7.343,-3.223,4.034,,,
[1758212590700623614],7.02,-3.603,4.19,,,
[1758212590705750697],9.009,-4.034,5.195,,,
[1758212590710848041],7.638,-3.862,4.903,,,
[1758212590717260020],9.9,-4.444,5.059,,,
[1758212590723778874],10.455,-4.786,5.495,,,
[1758212590729025228],10.13,-5.076,4.372,,,
[1758212590734125176],11.631,-5.784,4.305,,,
[1758212590739254135],11.504,-5.526,3.282,,,
[1758212590744445645],12.763,-6.297,2.547,,,
[1758212590749554916],12.232,-6.151,2.085,,,
[1758212590754715020],13.261,-6.261,1.168,,,
[1758212590759819239],12.172,-5.978,0.034,,,
[1758212590765041322],12.651,-5.947,0.335,,,
[1758212590770379707],10.161,-5.217,-0.364,,,
[1758212590775550124],11.519,-5.092,-0.986,,,
[1758212590780657364],9.321,-4.616,-1.185,,,
[1758212590785796999],9.953,-4.621,-1.434,,,
[1758212590791351582],7.836,-4.003,-0.764,,,
[1758212590796538405],8.43,-3.598,-0.572,,,
[1758212590801655749],6.646,-3.309,0.249,,,
[1758212590806800332],7.175,-2.95,1.405,,,
[1758212590811908249],5.59,-2.789,1.951,,,
[1758212590817122572],6.651,-2.631,2.593,,,
[1758212590822415697],5.456,-2.835,3.548,,,
[1758212590827576895],6.893,-2.816,3.414,,,
[1758212590832945124],7.142,-3.381,3.998,,,
[1758212590838065020],7.949,-3.594,4.87,,,
[1758212590846700593],9.227,-4.008,5.277,,,
[1758212590851850697],8.686,-4.31,5.555,,,
[1758212590856949030],10.369,-4.578,5.229,,,
[1758212590862050697],10.302,-4.915,5.078,,,
[1758212590867246687],11.437,-5.272,4.805,,,
[1758212590872394916],11.334,-5.82,4.07,,,
[1758212590877500645],12.67,-6.055,2.789,,,
[1758212590882649082],11.844,-6.062,2.198,,,
[1758212590887746374],12.771,-6.06,1.547,,,
[1758212590893542884],12.845,-6.237,0.843,,,
[1758212590898701843],12.222,-5.758,-0.182,,,
[1758212590903859343],11.442,-5.337,-0.096,,,
[1758212590908980645],10.566,-5.004,-1.214,,,
[1758212590914162103],10.762,-5.174,-1.159,,,
[1758212590919283145],8.94,-4.494,-1.257,,,
[1758212590924414030],9.455,-4.41,-0.766,,,
[1758212590929834291],7.726,-3.929,-0.881,,,
[1758212590935047259],8.078,-3.563,-0.242,,,
[1758212590940482989],6.244,-3.103,0.424,,,
[1758212590945901843],7.439,-3.0,1.695,,,
[1758212590951023093],5.358,-2.473,2.478,,,
[1758212590956124082],6.926,-2.794,3.357,,,
[1758212590961254707],5.37,-2.54,3.481,,,
[1758212590966407312],7.606,-3.22,3.773,,,
[1758212590971602937],6.946,-3.754,4.496,,,
[1758212590976871426],8.662,-3.701,4.956,,,
[1758212590982097989],8.104,-4.173,4.93,,,
[1758212590987249291],9.663,-4.393,5.227,,,
[1758212590993386114],9.996,-4.951,5.097,,,
[1758212590998632520],10.434,-4.992,4.86,,,
[1758212591003873353],11.255,-5.454,4.211,,,
[1758212591009185020],11.523,-5.607,2.787,,,
[1758212591014862103],12.78,-6.263,2.629,,,
[1758212591020023249],11.705,-6.024,1.956,,,
[1758212591025295749],13.551,-6.39,0.991,,,
[1758212591030418718],11.911,-6.067,0.357,,,
[1758212591035867676],12.498,-5.806,-0.098,,,
[1758212591041035489],10.348,-5.325,-0.654,,,
[1758212591046331322],11.133,-5.162,-0.915,,,
[1758212591051490801],9.316,-4.808,-1.171,,,
[1758212591056672103],9.888,-4.415,-1.484,,,
[1758212591061803718],8.004,-3.874,-1.223,,,
[1758212591067044759],8.626,-3.807,-0.373,,,
[1758212591072233978],6.802,-3.369,0.093,,,
[1758212591077450332],7.106,-2.909,1.104,,,
[1758212591082644187],5.911,-2.782,1.662,,,
[1758212591087768561],6.345,-2.598,2.229,,,
[1758212591093029291],5.962,-2.682,3.644,,,
[1758212591098155697],6.268,-2.696,3.512,,,
[1758212591103624655],7.302,-3.388,4.384,,,
[1758212591108863926],7.434,-3.61,4.171,,,
[1758212591114051530],8.796,-3.989,5.152,,,
[1758212591119199239],8.689,-4.116,5.346,,,
[1758212591124347364],9.589,-4.678,5.406,,,
[1758212591129496530],9.596,-4.705,4.293,,,
[1758212591134628145],11.423,-5.392,5.152,,,
[1758212591139754551],10.309,-5.27,4.688,,,
[1758212591145360749],12.277,-5.909,2.875,,,
[1758212591150554343],11.514,-6.009,2.425,,,
[1758212591155844551],13.307,-6.153,1.791,,,
[1758212591160964082],11.837,-6.079,0.936,,,
[1758212591166126322],13.396,-6.297,0.069,,,
[1758212591171287624],11.088,-5.598,0.036,,,
[1758212591176469082],11.899,-5.262,-0.338,,,
[1758212591181618093],9.811,-5.025,-0.876,,,
[1758212591186766270],10.355,-4.896,-1.24,,,
[1758212591191903301],8.756,-4.482,-1.262,,,
[1758212591197162572],9.294,-3.847,-1.125,,,
[1758212591202394030],7.463,-3.4,-0.153,,,
[1758212591207515384],7.891,-3.021,0.122,,,
[1758212591212956114],6.311,-3.218,0.977,,,
[1758212591218237624],6.491,-2.705,1.516,,,
[1758212591223959759],6.704,-2.701,2.808,,,
[1758212591229142051],5.696,-2.512,3.081,,,
[1758212591234294343],6.665,-2.995,3.579,,,
[1758212591239447468],6.697,-3.122,4.051,,,
[1758212591244658666],8.327,-4.085,4.872,,,
[1758212591249826843],7.669,-3.984,5.442,,,
[1758212591255298718],9.562,-4.219,5.665,,,
[1758212591260424343],8.703,-4.393,5.346,,,
[1758212591265786374],10.774,-4.999,4.93,,,
[1758212591270999082],9.799,-5.073,4.345,,,
[1758212591276173718],11.894,-5.681,4.08,,,
[1758212591281278405],11.188,-5.94,3.175,,,
[1758212591286419811],12.938,-6.179,2.552,,,
[1758212591291589030],11.837,-6.108,1.906,,,
[1758212591297169134],13.001,-6.206,0.462,,,
[1758212591302361895],12.21,-6.072,0.419,,,
[1758212591308331634],11.226,-5.102,0.101,,,
[1758212591314628197],11.116,-5.279,-0.51,,,
[1758212591321189551],9.098,-4.678,-1.293,,,
[1758212591327593509],9.811,-4.518,-1.302,,,
[1758212591334013249],8.626,-4.293,-0.397,,,
[1758212591339278301],7.106,-3.584,-0.687,,,
[1758212591344512416],7.894,-3.338,0.194,,,
[1758212591349628041],6.208,-2.993,1.065,,,
[1758212591354776582],6.737,-3.026,2.164,,,
[1758212591359893874],5.768,-2.557,3.144,,,
[1758212591366447988],6.646,-2.789,3.4,,,
[1758212591371690436],6.005,-2.94,3.91,,,
[1758212591376882936],8.004,-3.476,4.621,,,
[1758212591381991686],7.128,-3.857,5.255,,,
[1758212591387107155],9.017,-4.065,5.198,,,
[1758212591392307103],8.686,-4.413,5.131,,,
[1758212591397509916],10.118,-4.544,5.2,,,
[1758212591403961322],10.578,-5.27,4.757,,,
[1758212591409192051],10.487,-5.171,4.396,,,
[1758212591414309447],12.206,-5.827,3.62,,,
[1758212591419409238],11.633,-5.82,2.119,,,
[1758212591424569968],12.74,-6.208,2.363,,,
[1758212591429992155],11.858,-5.875,1.398,,,
[1758212591435141113],13.091,-6.201,1.025,,,
[1758212591440280645],11.181,-5.734,0.615,,,
[1758212591445550436],12.105,-5.662,-0.129,,,
[1758212591450780749],10.101,-4.932,-0.862,,,
[1758212591455895124],11.028,-4.915,-1.334,,,
[1758212591461041478],8.88,-4.513,-1.736,,,
[1758212591466212572],9.756,-4.207,-1.207,,,
[1758212591471889916],7.506,-3.711,-0.244,,,
[1758212591477054134],8.229,-3.649,-0.443,,,
[1758212591482269030],6.428,-3.189,0.661,,,
[1758212591487502311],6.677,-2.902,1.736,,,
[1758212591493978822],6.419,-2.816,2.454,,,
[1758212591499227468],6.031,-2.543,2.38,,,
[1758212591504364551],6.56,-3.057,3.515,,,
[1758212591509481322],6.354,-3.112,4.492,,,
[1758212591514614395],8.339,-3.73,5.049,,,
[1758212591519731478],7.558,-3.888,4.515,,,
[1758212591524849395],9.618,-4.034,4.846,,,
[1758212591529966322],8.629,-4.154,4.8,,,
[1758212591535478613],10.884,-5.207,5.152,,,
[1758212591540729186],10.127,-5.004,4.98,,,
[1758212591545933926],11.966,-5.626,4.01,,,
[1758212591551029082],11.078,-5.672,3.072,,,
[1758212591556151165],12.926,-6.155,2.382,,,
[1758212591561271999],11.504,-6.076,2.002,,,
[1758212591566444186],13.314,-6.232,1.279,,,
[1758212591571587207],12.218,-6.069,0.321,,,
[1758212591577090593],12.335,-5.713,0.132,,,
[1758212591582417780],10.41,-5.358,-0.362,,,
[1758212591587568822],11.1,-5.018,-0.658,,,
[1758212591594112936],10.02,-4.865,-1.039,,,
[1758212591600517259],8.619,-4.3,-1.353,,,
[1758212591605758197],9.024,-3.967,-1.053,,,
[1758212591610931686],6.862,-3.668,-0.457,,,
[1758212591616135593],7.616,-3.426,0.802,,,
[1758212591621246738],5.71,-3.124,1.29,,,
[1758212591626395697],6.891,-2.634,1.63,,,
[1758212591631524915],5.188,-2.574,2.801,,,
[1758212591636654343],7.01,-2.737,3.694,,,
[1758212591642129915],5.739,-2.851,3.819,,,
[1758212591647420124],7.664,-3.247,4.238,,,
[1758212591652571999],7.432,-4.101,4.949,,,
[1758212591657655124],9.088,-3.843,4.506,,,
[1758212591662821165],8.978,-4.487,5.145,,,
[1758212591667922832],9.948,-4.585,5.047,,,
[1758212591673065540],10.156,-4.949,4.954,,,
[1758212591678211582],11.035,-5.023,4.458,,,
[1758212591683651218],11.231,-5.789,3.575,,,
[1758212591688767780],12.009,-5.744,2.14,,,
[1758212591694053926],12.775,-6.235,1.899,,,
[1758212591699169707],12.366,-6.036,1.14,,,
[1758212591704328353],12.902,-6.407,1.176,,,
[1758212591709442363],12.172,-5.851,-0.204,,,
[1758212591714575332],11.882,-5.578,0.012,,,
[1758212591719740332],10.281,-5.061,-0.381,,,
[1758212591724949447],10.901,-4.968,-0.11,,,
[1758212591730082207],8.645,-4.707,-1.144,,,
[1758212591735217676],10.02,-4.427,-1.276,,,
[1758212591740498093],7.693,-3.886,-0.962,,,
[1758212591745772884],8.461,-3.673,-0.567,,,
[1758212591752401530],6.579,-3.23,0.809,,,
[1758212591758716790],6.582,-2.751,1.322,,,
[1758212591763963770],6.021,-2.907,2.387,,,
[1758212591769114030],5.698,-2.547,3.141,,,
[1758212591774270124],6.558,-2.947,3.792,,,
[1758212591779370384],6.61,-2.914,3.936,,,
[1758212591784453978],8.399,-3.725,4.535,,,
[1758212591789552051],7.92,-3.685,4.527,,,
[1758212591795094707],9.373,-4.219,5.071,,,
[1758212591800217467],8.389,-4.496,5.713,,,
[1758212591805438405],10.862,-5.052,5.442,,,
[1758212591810548561],9.936,-4.954,4.65,,,
[1758212591815657572],11.832,-5.717,4.367,,,
[1758212591820764030],10.848,-5.82,3.115,,,
[1758212591825899811],12.759,-6.065,2.66,,,
[1758212591830980957],11.605,-6.031,2.162,,,
[1758212591836070124],13.276,-6.237,1.36,,,
[1758212591841210176],11.655,-6.002,0.792,,,
[1758212591846466738],12.67,-5.782,0.043,,,
[1758212591851729915],10.278,-5.212,-0.275,,,
[1758212591857238822],11.53,-5.028,-0.484,,,
[1758212591862408457],9.761,-4.841,-0.864,,,
[1758212591867557415],9.577,-4.53,-1.089,,,
[1758212591872811478],8.444,-4.336,-1.168,,,
[1758212591877946738],8.327,-3.864,-0.397,,,
[1758212591883051582],7.029,-3.5,0.227,,,
[1758212591888173613],7.58,-2.969,0.615,,,
[1758212591893405020],6.357,-2.885,1.7,,,
[1758212591898646113],6.06,-2.488,1.973,,,
[1758212591905163457],6.51,-2.89,3.637,,,
[1758212591910400853],5.358,-2.828,3.663,,,
[1758212591915505020],7.822,-3.292,3.953,,,
[1758212591920602103],7.087,-3.67,4.398,,,
[1758212591925741165],8.885,-4.271,4.985,,,
[1758212591930826322],7.92,-3.915,4.973,,,
[1758212591935903405],9.984,-4.523,5.636,,,
[1758212591941125645],9.134,-4.853,5.839,,,
[1758212591946434447],11.26,-5.169,4.822,,,
[1758212591951705176],10.439,-5.234,3.898,,,
[1758212591956871165],12.51,-5.737,3.519,,,
[1758212591962255072],11.538,-6.232,2.674,,,
[1758212591970889707],11.727,-6.134,1.341,,,
[1758212591977261269],13.29,-6.227,0.23,,,
[1758212591982572572],11.53,-5.763,0.163,,,
[1758212591987721269],11.394,-5.066,-0.412,,,
[1758212591992973353],10.398,-5.179,-0.903,,,
[1758212591998136113],9.977,-4.733,-1.441,,,
[1758212592003354134],9.124,-4.736,-1.274,,,
[1758212592008531217],9.287,-4.087,-0.931,,,
[1758212592014148613],8.425,-3.838,-0.261,,,
[1758212592019343301],7.211,-3.369,-0.074,,,
[1758212592024632363],7.41,-3.239,1.358,,,
[1758212592029762780],5.904,-2.696,1.745,,,
[1758212592034922624],6.668,-2.763,2.521,,,
[1758212592040126999],5.411,-2.643,2.998,,,
[1758212592045449499],6.637,-2.988,3.764,,,
[1758212592050599863],6.246,-2.95,4.235,,,
[1758212592055799551],8.49,-3.788,4.039,,,
[1758212592060915072],7.458,-3.934,5.169,,,
[1758212592066097311],9.201,-4.216,5.653,,,
[1758212592071735384],8.473,-4.379,5.073,,,
[1758212592076956165],10.625,-4.899,5.248,,,
[1758212592082277780],10.221,-5.097,5.241,,,
[1758212592087400176],11.918,-5.49,4.302,,,
[1758212592092622624],11.255,-6.048,3.424,,,
[1758212592097786894],12.395,-5.739,2.576,,,
[1758212592102959394],12.074,-6.148,1.697,,,
[1758212592108049655],12.799,-6.1,1.233,,,
[1758212592113282780],12.452,-6.28,0.656,,,
[1758212592118567311],11.83,-5.523,-0.311,,,
[1758212592124125644],11.454,-5.571,-0.51,,,
[1758212592129261217],10.386,-4.752,-1.298,,,
[1758212592134397624],10.226,-4.92,-1.159,,,
[1758212592139531634],8.882,-4.377,-1.506,,,
[1758212592144745072],9.017,-4.204,-0.711,,,
[1758212592149901061],7.649,-3.634,-0.373,,,
[1758212592155044030],8.042,-3.385,0.536,,,
[1758212592160207936],6.103,-3.002,0.984,,,
[1758212592165502780],7.161,-3.127,1.86,,,
[1758212592170674707],5.782,-2.521,1.994,,,
[1758212592175816009],6.881,-2.799,2.77,,,
[1758212592181426113],5.734,-2.796,3.524,,,
[1758212592186597676],7.441,-3.335,4.149,,,
[1758212592191721999],6.761,-3.373,4.391,,,
[1758212592196923717],9.007,-4.08,5.025,,,
[1758212592202035905],8.1,-4.058,5.954,,,
[1758212592207159030],9.831,-4.386,5.43,,,
[1758212592212368092],9.352,-4.882,4.961,,,
[1758212592217585228],11.068,-5.241,4.709,,,
[1758212592222841582],11.009,-5.377,4.463,,,
[1758212592228067571],12.186,-5.681,3.215,,,
[1758212592235677728],13.221,-6.211,2.365,,,
[1758212592242329134],11.973,-6.254,1.29,,,
[1758212592248793301],12.696,-5.916,0.299,,,
[1758212592254030280],11.818,-5.693,0.124,,,
[1758212592259147155],10.245,-5.157,0.065,,,
[1758212592264304551],10.86,-5.04,-0.742,,,
[1758212592269430749],9.345,-4.604,-1.413,,,
[1758212592274607728],9.795,-4.654,-0.946,,,
[1758212592279772311],8.356,-4.068,-1.08,,,
[1758212592284937624],8.543,-3.943,-0.888,,,
[1758212592290451009],6.74,-3.4,-0.45,,,
[1758212592295751842],7.807,-3.086,0.982,,,
[1758212592300957311],5.76,-3.005,1.489,,,
[1758212592306075905],7.027,-2.588,2.497,,,
[1758212592311184967],5.107,-2.665,3.06,,,
[1758212592316333561],6.852,-3.019,3.768,,,
[1758212592321561738],6.206,-3.163,3.728,,,
[1758212592326728249],8.48,-3.639,4.125,,,
[1758212592331828457],7.599,-3.955,4.401,,,
[1758212592337018092],9.459,-4.401,4.812,,,
[1758212592342707676],8.768,-4.583,5.09,,,
[1758212592347877728],10.092,-4.865,5.629,,,
[1758212592353016478],9.845,-5.131,4.788,,,
[1758212592358124082],11.387,-5.239,4.259,,,
[1758212592363259811],11.291,-5.741,3.361,,,
[1758212592368358457],12.428,-5.897,2.401,,,
[1758212592373509499],12.586,-6.306,2.421,,,
[1758212592378628769],12.637,-6.108,1.346,,,
[1758212592383818457],12.723,-6.431,0.718,,,
[1758212592388995124],12.158,-5.619,-0.117,,,
[1758212592394225957],11.162,-5.353,-0.201,,,
[1758212592399559603],9.886,-4.872,-1.041,,,
[1758212592404727780],10.458,-4.92,-0.893,,,
[1758212592409898457],8.823,-4.503,-1.228,,,
[1758212592415028717],9.316,-4.353,-0.764,,,
[1758212592420177676],7.46,-3.625,-0.627,,,
[1758212592425376842],8.023,-3.594,-0.055,,,
[1758212592430484238],6.613,-3.177,1.039,,,
[1758212592435596686],7.245,-3.244,1.958,,,
[1758212592440748353],5.294,-2.734,2.078,,,
[1758212592445959030],6.84,-2.957,3.089,,,
[1758212592452609707],5.703,-2.734,3.658,,,
[1758212592457872884],7.398,-3.115,3.831,,,
[1758212592463022623],7.252,-3.711,4.592,,,
[1758212592468124394],8.349,-3.572,5.119,,,
[1758212592473267207],8.272,-3.91,5.241,,,
[1758212592478401530],9.412,-4.254,5.176,,,
[1758212592483523196],9.455,-4.863,5.44,,,
[1758212592488633040],10.697,-4.81,4.111,,,
[1758212592493919290],11.564,-5.741,4.202,,,
[1758212592499199342],11.708,-5.717,3.28,,,
[1758212592504676738],12.979,-6.165,2.339,,,
[1758212592509890332],12.04,-5.993,1.721,,,
[1758212592515012467],13.06,-6.187,1.307,,,
[1758212592520114498],11.82,-5.895,0.271,,,
[1758212592525267676],12.526,-5.942,-0.072,,,
[1758212592530433821],10.123,-5.191,-0.18,,,
[1758212592535579915],11.102,-5.176,-0.797,,,
[1758212592540706113],9.373,-4.736,-1.018,,,
[1758212592545948457],10.147,-4.731,-1.123,,,
[1758212592551170957],7.817,-4.106,-0.673,,,
[1758212592556713144],8.667,-3.723,-0.081,,,
[1758212592561856217],6.522,-3.302,0.034,,,
[1758212592567011738],7.377,-3.239,1.12,,,
[1758212592572211269],5.669,-2.806,1.872,,,
[1758212592577386686],6.888,-2.562,2.78,,,
[1758212592582571842],5.808,-2.993,3.158,,,
[1758212592587707676],6.886,-2.626,3.503,,,
[1758212592592963353],6.397,-3.201,4.029,,,
[1758212592598159551],8.092,-3.589,4.599,,,
[1758212592603364238],7.721,-4.08,5.399,,,
[1758212592608527988],8.701,-3.819,5.148,,,
[1758212592614145332],9.989,-4.707,5.631,,,
[1758212592619278144],9.718,-4.659,5.576,,,
[1758212592624384603],10.915,-5.143,4.865,,,
[1758212592629477311],10.939,-5.31,3.469,,,
[1758212592634619238],12.232,-5.883,3.354,,,
[1758212592639784238],11.993,-6.108,2.334,,,
[1758212592645025175],13.218,-6.388,1.86,,,
[1758212592650166998],12.024,-6.105,1.199,,,
[1758212592655450748],13.175,-6.268,0.536,,,
[1758212592660663300],11.138,-5.696,0.084,,,
[1758212592666227884],11.428,-5.246,-0.467,,,
[1758212592671374655],9.656,-4.906,-1.183,,,
[1758212592676549342],10.408,-4.815,-0.893,,,
[1758212592681738457],8.294,-4.427,-1.535,,,
[1758212592686872415],9.495,-4.025,-1.405,,,
[1758212592692047519],7.072,-3.771,-0.639,,,
[1758212592697277415],8.08,-3.508,-0.019,,,
[1758212592702622207],6.237,-3.359,1.41,,,
[1758212592707908300],6.998,-2.662,2.169,,,
[1758212592713042936],5.928,-2.825,2.523,,,
[1758212592718179134],6.122,-2.631,3.476,,,
[1758212592723724082],5.993,-2.921,4.032,,,
[1758212592728859759],6.756,-3.045,4.087,,,
[1758212592734040540],7.685,-3.79,4.829,,,
[1758212592741608405],7.745,-3.855,4.731,,,
[1758212592746819030],9.706,-4.36,5.121,,,
[1758212592751956946],8.78,-4.547,5.224,,,
[1758212592757221269],10.927,-4.865,4.609,,,
[1758212592762410436],10.506,-5.341,4.731,,,
[1758212592767700175],11.899,-5.552,4.384,,,
[1758212592773226113],11.633,-5.916,2.938,,,
[1758212592778401269],12.486,-5.887,1.891,,,
[1758212592783599655],12.4,-6.349,1.135,,,
[1758212592788737936],12.586,-5.839,0.309,,,
[1758212592793875175],12.447,-6.088,0.16,,,
[1758212592799007936],11.387,-5.253,-0.467,,,
[1758212592804274707],10.625,-5.205,-0.656,,,
[1758212592809559082],9.606,-4.693,-1.417,,,
[1758212592814734134],9.876,-4.839,-1.343,,,
[1758212592819876061],8.756,-4.19,-1.513,,,
[1758212592825039707],8.856,-4.065,-0.314,,,
[1758212592830478509],6.816,-3.421,-0.658,,,
[1758212592835666738],7.884,-3.347,0.596,,,
[1758212592840781582],5.839,-2.962,1.539,,,
[1758212592845985280],7.132,-2.899,2.119,,,
[1758212592851137623],5.588,-2.84,2.215,,,
[1758212592856441477],6.934,-2.959,3.757,,,
[1758212592861579134],5.825,-2.799,4.104,,,
[1758212592866664915],8.15,-3.529,4.046,,,
[1758212592871786738],7.07,-3.953,4.7,,,
[1758212592877051894],9.076,-3.881,5.313,,,
[1758212592882522780],8.605,-4.29,5.2,,,
[1758212592887621686],10.156,-4.578,5.406,,,
[1758212592892879082],9.912,-4.994,5.236,,,
[1758212592898067415],11.1,-5.083,4.877,,,
[1758212592904543196],11.602,-5.974,3.206,,,
[1758212592910932519],11.461,-6.096,2.727,,,
[1758212592916176373],13.546,-6.337,1.724,,,
[1758212592921290436],12.069,-6.132,0.792,,,
[1758212592926447623],13.544,-6.314,0.259,,,
[1758212592931575957],11.442,-5.502,0.443,,,
[1758212592937011998],11.437,-5.31,-0.467,,,
[1758212592942200905],9.764,-4.786,-1.199,,,
[1758212592947376790],10.578,-5.057,-0.879,,,
[1758212592952588248],8.65,-4.614,-1.355,,,
[1758212592957796321],8.904,-3.943,-0.783,,,
[1758212592962956530],7.597,-3.97,-0.376,,,
[1758212592968048873],7.784,-3.335,-0.012,,,
[1758212592973191165],6.402,-3.084,0.974,,,
[1758212592978353144],6.673,-3.057,1.769,,,
[1758212592983506790],5.739,-2.832,1.925,,,
[1758212592988946894],6.285,-2.464,2.71,,,
[1758212592994107571],6.175,-2.988,3.797,,,
[1758212592999276634],6.828,-3.024,3.428,,,
[1758212593004556946],7.975,-3.852,4.568,,,
[1758212593009729394],8.155,-3.778,4.659,,,
[1758212593014812675],9.421,-4.362,5.538,,,
[1758212593019904707],8.624,-4.496,5.42,,,
[1758212593025068248],10.491,-4.901,5.617,,,
[1758212593030189394],10.12,-5.21,4.298,,,
[1758212593035355436],11.693,-5.622,4.257,,,
[1758212593040510384],11.119,-5.624,3.072,,,
[1758212593046146894],13.087,-6.184,2.157,,,
[1758212593052716738],11.981,-6.227,2.145,,,
[1758212593058203092],12.989,-6.16,0.996,,,
[1758212593063353248],12.11,-6.033,0.318,,,
[1758212593068506998],11.823,-5.43,-0.323,,,
[1758212593073679342],10.661,-5.461,-0.608,,,
[1758212593078796686],10.439,-4.683,-1.456,,,
[1758212593083917415],9.795,-4.822,-0.778,,,
[1758212593089018092],8.849,-4.269,-1.152,,,
[1758212593095382519],8.863,-3.891,-1.286,,,
[1758212593101023561],6.85,-3.397,-0.529,,,
[1758212593106245019],7.779,-3.395,0.584,,,
[1758212593111367727],5.648,-3.062,0.996,,,
[1758212593116512259],7.178,-2.897,2.298,,,
[1758212593121602311],5.052,-2.349,2.763,,,
[1758212593126682675],7.013,-2.82,3.57,,,
[1758212593131796061],5.72,-2.887,4.278,,,
[1758212593137032519],7.944,-3.496,4.551,,,
[1758212593142213665],7.42,-3.78,5.001,,,
[1758212593147467779],8.976,-3.922,4.908,,,
[1758212593153150957],8.825,-4.305,5.66,,,
[1758212593158293821],9.737,-4.439,5.504,,,
[1758212593163410748],10.173,-4.994,5.2,,,
[1758212593168521842],11.32,-4.946,4.463,,,
[1758212593173659654],11.334,-5.701,3.946,,,
[1758212593178778873],12.1,-5.811,2.602,,,
[1758212593183947311],12.244,-6.203,2.279,,,
[1758212593189127936],12.45,-5.921,1.425,,,
[1758212593194300904],12.893,-6.493,1.204,,,
[1758212593199519029],12.203,-5.849,0.213,,,
[1758212593204687988],11.935,-5.823,0.201,,,
[1758212593210138717],10.386,-5.124,-0.74,,,
[1758212593215273509],11.128,-5.085,-1.053,,,
[1758212593220418977],8.988,-4.676,-1.271,,,
[1758212593225619602],9.989,-4.422,-1.125,,,
[1758212593230750696],7.604,-3.958,-0.924,,,
[1758212593235866842],8.487,-3.771,-0.405,,,
[1758212593240986373],6.771,-3.333,0.177,,,
[1758212593246138665],7.436,-3.122,1.295,,,
[1758212593251273769],5.571,-2.808,2.2,,,
[1758212593256621269],7.039,-2.866,2.952,,,
[1758212593262200384],5.363,-2.662,4.053,,,
[1758212593267359238],7.166,-3.014,4.173,,,
[1758212593272582831],6.627,-3.388,3.962,,,
[1758212593277759342],8.507,-3.917,4.662,,,
[1758212593282956113],8.021,-3.869,5.045,,,
[1758212593288067259],9.357,-4.046,5.227,,,
[1758212593293219342],8.739,-4.664,5.497,,,
[1758212593298305279],10.783,-4.599,5.191,,,
[1758212593304837936],11.26,-5.306,4.592,,,
[1758212593310507779],10.834,-5.459,3.759,,,
[1758212593315712311],12.771,-6.065,2.811,,,
[1758212593320848717],11.677,-6.088,1.97,,,
[1758212593325994081],13.4,-6.201,1.592,,,
[1758212593331111842],11.677,-6.218,0.388,,,
[1758212593336241686],13.209,-6.237,0.405,,,
[1758212593341360852],10.503,-5.337,0.067,,,
[1758212593346579967],11.36,-5.126,-0.929,,,
[1758212593351833300],9.428,-4.805,-1.295,,,
[1758212593357111529],9.833,-4.592,-0.637,,,
[1758212593362368404],8.025,-4.207,-0.776,,,
[1758212593367976634],8.626,-3.919,-1.214,,,
[1758212593373120384],6.9,-3.438,0.005,,,
[1758212593378239498],7.568,-3.28,0.481,,,
[1758212593383394290],6.036,-3.108,1.458,,,
[1758212593388504029],6.756,-2.48,1.901,,,
[1758212593393679602],6.141,-2.703,3.041,,,
[1758212593398800175],6.103,-2.478,3.687,,,
[1758212593404136529],6.706,-3.208,4.161,,,
[1758212593409290644],7.618,-3.266,4.927,,,
[1758212593414556946],7.961,-4.116,5.128,,,
[1758212593420083769],7.97,-4.087,4.968,,,
[1758212593425231165],9.747,-4.556,5.258,,,
[1758212593430420852],8.899,-4.472,5.001,,,
[1758212593435593404],10.894,-5.145,4.59,,,
[1758212593440736061],10.173,-5.358,4.669,,,
[1758212593445867779],12.443,-5.933,3.9,,,
[1758212593451041217],11.406,-5.875,3.021,,,
[1758212593457455384],12.9,-6.22,2.128,,,
[1758212593463050488],12.151,-6.242,1.283,,,
[1758212593468202988],13.058,-6.201,0.541,,,
[1758212593474518561],12.014,-5.904,0.115,,,
[1758212593479820279],10.965,-5.16,-0.594,,,
[1758212593484971321],11.013,-5.052,-0.785,,,
[1758212593490083196],9.383,-4.628,-1.166,,,
[1758212593495219967],9.778,-4.594,-0.967,,,
[1758212593500348040],8.157,-3.924,-1.645,,,
[1758212593505549029],8.545,-3.797,-0.148,,,
[1758212593510666217],6.783,-3.218,0.373,,,
[1758212593515838613],7.501,-3.259,0.919,,,
[1758212593521023040],5.466,-2.847,1.741,,,
[1758212593526498352],6.95,-2.907,2.399,,,
[1758212593531636269],5.519,-2.492,2.638,,,
[1758212593536761633],6.996,-2.957,3.893,,,
[1758212593541855956],6.139,-3.117,4.638,,,
[1758212593546988561],8.619,-3.725,4.642,,,
[1758212593552212675],7.578,-3.824,4.597,,,
[1758212593557472415],9.438,-4.192,4.63,,,
[1758212593562727727],8.54,-4.389,5.622,,,
[1758212593567946373],10.501,-4.626,5.167,,,
[1758212593573094550],10.621,-5.219,4.712,,,
[1758212593580976269],10.815,-5.772,3.701,,,
[1758212593587342936],12.969,-6.007,2.172,,,
[1758212593592648925],11.868,-6.072,2.071,,,
[1758212593597741217],13.173,-6.086,1.166,,,
[1758212593602984915],12.026,-6.268,0.555,,,
[1758212593608133092],12.258,-5.677,-0.017,,,
[1758212593613284498],10.673,-5.488,-0.043,,,
[1758212593618404446],10.946,-5.018,-0.694,,,
[1758212593623569238],9.548,-4.925,-1.058,,,
[1758212593628714238],9.79,-4.719,-1.444,,,
[1758212593634320436],9.067,-4.389,-0.994,,,
[1758212593639436165],7.934,-3.443,-0.792,,,
[1758212593644613925],7.961,-3.771,-0.17,,,
[1758212593649786217],6.979,-3.043,0.615,,,
[1758212593655001738],7.046,-3.031,1.733,,,
[1758212593660110488],6.191,-2.677,2.26,,,
[1758212593665264758],6.539,-2.732,3.065,,,
[1758212593670417311],5.578,-2.895,3.282,,,
[1758212593675690383],7.424,-3.112,4.262,,,
[1758212593680918144],6.864,-3.268,4.532,,,
[1758212593686493508],9.131,-4.14,4.982,,,
[1758212593691626998],7.683,-3.883,4.92,,,
[1758212593697125071],10.075,-4.465,5.021,,,
[1758212593702341894],9.328,-4.87,5.416,,,
[1758212593707515592],11.123,-5.004,5.004,,,
[1758212593712726165],10.453,-5.353,4.506,,,
[1758212593717877935],12.208,-5.942,2.811,,,
[1758212593723081269],11.53,-6.014,2.761,,,
[1758212593728256060],12.924,-5.94,2.538,,,
[1758212593733461477],12.364,-6.148,1.422,,,
[1758212593738636008],12.938,-6.072,0.378,,,
[1758212593745157571],12.416,-5.842,0.558,,,
[1758212593750400644],10.132,-5.128,-0.089,,,
[1758212593755583352],11.281,-5.188,-0.366,,,
[1758212593760699133],9.124,-4.659,-0.9,,,
[1758212593765834238],10.017,-4.714,-1.329,,,
[1758212593770934654],8.265,-4.183,-1.238,,,
[1758212593776068873],8.444,-3.998,-0.182,,,
[1758212593781199758],6.812,-3.371,-0.124,,,
[1758212593786396946],7.695,-3.314,0.919,,,
[1758212593791951946],5.622,-2.775,1.93,,,
[1758212593797081060],6.823,-2.911,1.956,,,
[1758212593802314602],5.157,-2.693,3.093,,,
[1758212593807558092],6.73,-2.832,4.075,,,
[1758212593812765852],6.179,-2.95,4.3,,,
[1758212593817915227],8.183,-3.414,4.19,,,
[1758212593823082831],7.872,-3.871,5.454,,,
[1758212593828191790],9.108,-3.934,5.325,,,
[1758212593833396998],8.789,-4.547,5.243,,,
[1758212593838578560],10.171,-4.752,5.234,,,
[1758212593843750331],10.4,-5.121,4.657,,,
[1758212593848895019],11.365,-5.284,3.646,,,
[1758212593854499706],11.93,-6.024,3.45,,,
[1758212593859632935],11.854,-5.921,2.416,,,
[1758212593864759394],12.986,-6.235,1.949,,,
[1758212593869869446],12.129,-6.189,0.876,,,
[1758212593874997258],13.075,-6.414,0.9,,,
[1758212593880092779],11.648,-5.734,-0.268,,,
[1758212593885295435],11.471,-5.423,-0.153,,,
[1758212593890483404],10.06,-4.978,-0.599,,,
[1758212593895729081],10.685,-4.99,-0.476,,,
[1758212593902311425],8.562,-4.503,-1.31,,,
[1758212593908702310],9.294,-3.68,-0.627,,,
[1758212593913964654],7.556,-3.62,-0.591,,,
[1758212593919130331],7.321,-3.1,0.541,,,
[1758212593924295696],6.608,-3.153,1.298,,,
[1758212593929419550],6.268,-2.478,1.358,,,
[1758212593934532415],5.918,-2.873,3.235,,,
[1758212593939638925],6.031,-2.349,3.39,,,
[1758212593944792310],6.831,-3.007,4.405,,,
[1758212593949922519],6.883,-3.163,4.027,,,
[1758212593955490852],8.66,-4.029,4.82,,,
[1758212593960644654],7.927,-3.924,4.863,,,
[1758212593965785540],9.246,-4.286,5.413,,,
[1758212593970932935],8.844,-4.611,5.241,,,
[1758212593976071998],10.812,-5.095,5.641,,,
[1758212593981187571],9.967,-5.104,4.614,,,
[1758212593986317623],12.014,-5.729,4.037,,,
[1758212593991455487],11.119,-5.921,3.376,,,
[1758212593996706217],12.9,-6.28,2.069,,,
[1758212594001939237],12.005,-6.098,1.788,,,
[1758212594007525019],13.379,-6.426,0.797,,,
[1758212594012756269],11.878,-6.026,0.299,,,
[1758212594017891790],12.4,-5.449,0.235,,,
[1758212594023079394],10.156,-5.318,-0.168,,,
[1758212594028194706],10.594,-4.944,-0.622,,,
[1758212594033321217],9.239,-4.623,-0.792,,,
[1758212594038494967],9.627,-4.262,-1.326,,,
[1758212594043682050],8.368,-4.075,-0.165,,,
[1758212594048813196],8.375,-3.531,-0.79,,,
[1758212594054332519],7.456,-3.677,0.311,,,
[1758212594059491373],6.543,-2.789,1.171,,,
[1758212594064925383],6.416,-2.849,2.069,,,
[1758212594070076269],5.559,-2.595,2.306,,,
[1758212594075241529],6.704,-2.828,3.184,,,
[1758212594080368300],5.808,-2.631,3.541,,,
[1758212594085504967],7.764,-3.443,4.451,,,
[1758212594090612310],7.544,-3.677,4.537,,,
[1758212594095796894],8.734,-4.219,5.349,,,
[1758212594101131165],8.377,-4.049,5.499,,,
[1758212594106350748],10.463,-4.743,5.241,,,
[1758212594111569290],9.462,-5.021,4.776,,,
[1758212594117063717],11.547,-5.301,4.781,,,
[1758212594122274133],10.676,-5.449,3.397,,,
[1758212594127451790],12.613,-6.045,3.045,,,
[1758212594132684133],11.624,-5.88,2.38,,,
[1758212594137912519],13.044,-6.177,1.362,,,
[1758212594143198196],12.402,-6.258,1.48,,,
[1758212594148329237],12.459,-5.899,0.103,,,
[1758212594153536060],11.123,-5.665,0.0,,,
[1758212594158729758],11.176,-5.078,-0.85,,,
[1758212594163845487],10.092,-5.114,-1.077,,,
[1758212594168951842],9.934,-4.733,-1.384,,,
[1758212594175525696],9.785,-4.429,-1.293,,,
[1758212594180772154],7.64,-3.809,-1.362,,,
[1758212594185921373],8.521,-3.531,-0.4,,,
[1758212594191035123],6.476,-3.299,0.455,,,
[1758212594196159446],7.276,-3.117,1.271,,,
[1758212594201234758],5.598,-2.756,1.482,,,
[1758212594206369237],6.91,-2.966,2.593,,,
[1758212594211483769],5.411,-2.66,3.596,,,
[1758212594216726529],7.319,-3.081,4.202,,,
[1758212594222395956],6.807,-3.462,4.326,,,
[1758212594228683717],8.313,-3.948,5.143,,,
[1758212594233916425],8.109,-3.986,5.416,,,
[1758212594239026164],9.239,-4.207,4.903,,,
[1758212594244163248],9.785,-4.702,5.246,,,
[1758212594249274446],10.506,-4.786,4.563,,,
[1758212594254448300],11.466,-5.717,4.736,,,
[1758212594259571477],11.272,-5.772,3.883,,,
[1758212594264733508],12.258,-6.076,2.61,,,
[1758212594269855904],12.313,-5.892,1.772,,,
[1758212594275072102],12.687,-6.495,1.587,,,
[1758212594280567831],12.103,-6.16,0.342,,,
[1758212594285798508],12.809,-6.036,0.244,,,
[1758212594290925383],10.53,-5.313,-0.259,,,
[1758212594296091842],11.267,-5.327,-0.567,,,
[1758212594301234550],9.625,-4.954,-0.883,,,
[1758212594306423769],10.209,-4.717,-1.523,,,
[1758212594311587362],8.571,-4.391,-1.36,,,
[1758212594316765019],8.885,-4.118,-0.697,,,
[1758212594322055852],6.776,-3.438,-0.342,,,
[1758212594327589394],7.913,-3.136,0.713,,,
[1758212594333047206],5.765,-2.818,2.188,,,
[1758212594338165175],6.819,-2.464,1.973,,,
[1758212594343338821],5.375,-2.318,3.302,,,
[1758212594348448456],6.716,-2.674,3.924,,,
[1758212594392389341],10.824,-5.657,4.35,,,
[1758212594396929758],12.577,-5.844,3.144,,,
[1758212594401457154],11.349,-5.895,2.394,,,
[1758212594407047623],13.147,-6.431,2.157,,,
[1758212594411733977],11.89,-6.06,1.614,,,
[1758212594416298352],13.259,-6.337,0.311,,,
[1758212594420819029],11.691,-5.823,0.031,,,
[1758212594425369446],12.04,-5.516,0.426,,,
[1758212594429895071],10.357,-4.925,-1.353,,,
[1758212594434458352],10.944,-5.061,-1.032,,,
[1758212594438998404],9.756,-4.508,-1.087,,,
[1758212594443587519],9.237,-4.52,-1.484,,,
[1758212594448156894],9.222,-4.231,-0.917,,,
[1758212594452849654],7.626,-3.91,-0.548,,,
[1758212594457403769],7.819,-3.373,-0.474,,,
[1758212594461992727],6.227,-2.935,0.445,,,
[1758212594466524289],7.233,-3.28,1.53,,,
[1758212594471010644],5.476,-2.607,1.547,,,
[1758212594475515800],6.85,-2.885,2.593,,,
[1758212594480275019],5.763,-2.643,3.151,,,
[1758212594485482831],6.759,-2.82,3.938,,,
[1758212594491044237],6.361,-2.892,4.199,,,
[1758212594496249446],8.76,-3.879,4.415,,,
[1758212594501731633],7.209,-3.938,5.339,,,
[1758212594506924966],9.364,-4.106,5.219,,,
[1758212594512037466],8.629,-4.527,4.939,,,
[1758212594517180279],10.958,-4.956,4.793,,,
[1758212594522353091],10.096,-4.932,5.176,,,
[1758212594527498612],11.657,-5.614,4.106,,,
[1758212594532731841],10.953,-5.698,3.531,,,
[1758212594538034133],12.759,-5.83,2.705,,,
[1758212594543178508],12.031,-6.079,1.937,,,
[1758212594548304498],13.017,-5.988,1.02,,,
[1758212594553513091],12.1,-6.122,0.393,,,
[1758212594558642414],12.361,-5.447,0.601,,,
[1758212594563768352],10.295,-5.234,-0.194,,,
[1758212594568951841],10.865,-4.896,-1.48,,,
[1758212594574172727],9.627,-4.99,-0.702,,,
[1758212594579408664],9.294,-4.221,-1.18,,,
[1758212594584568143],8.837,-4.408,-0.661,,,
[1758212594589750643],8.054,-3.687,-0.706,,,
[1758212594594897623],7.597,-3.45,-0.156,,,
[1758212594600412154],6.244,-3.024,0.876,,,
[1758212594605664602],6.917,-3.081,1.942,,,
[1758212594611067310],5.586,-2.588,2.643,,,
[1758212594616227050],6.716,-2.835,3.251,,,
[1758212594621341998],5.612,-2.751,3.421,,,
[1758212594626550175],7.738,-3.371,4.199,,,
[1758212594631670331],6.924,-3.74,4.458,,,
[1758212594636805904],9.043,-4.118,5.136,,,
[1758212594641969914],7.839,-4.049,4.958,,,
[1758212594647209393],10.111,-4.415,5.102,,,
[1758212594652469654],9.467,-4.944,5.054,,,
[1758212594657679758],11.341,-5.126,5.03,,,
[1758212594662872675],10.647,-5.25,4.329,,,
[1758212594668077310],12.435,-5.713,3.153,,,
[1758212594673239862],11.835,-6.167,2.406,,,
[1758212594678390904],13.149,-6.029,1.822,,,
[1758212594683557831],12.179,-6.227,1.396,,,
[1758212594688751529],12.732,-5.868,0.9,,,
[1758212594693934966],11.468,-5.875,0.649,,,
[1758212594699110852],11.217,-5.488,-0.476,,,
[1758212594704853612],10.949,-5.337,-0.644,,,
[1758212594710379810],9.895,-4.657,-0.871,,,
[1758212594715555643],9.981,-4.525,-0.962,,,
[1758212594721893664],7.573,-4.108,-0.56,,,
[1758212594728376268],8.552,-3.582,-0.347,,,
[1758212594733636112],6.778,-3.462,0.723,,,
[1758212594738755331],6.713,-2.626,1.415,,,
[1758212594743896060],5.964,-2.713,1.951,,,
[1758212594749008091],6.404,-2.459,2.701,,,
[1758212594754193456],5.734,-2.761,3.795,,,
[1758212594759309289],6.711,-2.77,3.783,,,
[1758212594764447050],6.742,-3.412,3.888,,,
[1758212594769568143],8.203,-3.754,4.367,,,
[1758212594774789081],8.734,-4.017,5.04,,,
[1758212594779950748],8.712,-3.984,5.198,,,
[1758212594785102883],9.867,-4.86,5.265,,,
[1758212594790230591],9.843,-5.049,4.542,,,
[1758212594795341529],11.071,-5.253,4.872,,,
[1758212594800475331],11.202,-5.454,3.847,,,
[1758212594805717883],12.807,-6.144,2.784,,,
[1758212594811461737],11.629,-6.021,2.389,,,
[1758212594816660070],13.297,-6.431,1.64,,,
[1758212594821768768],11.847,-5.988,0.692,,,
[1758212594826965018],12.948,-6.1,0.012,,,
[1758212594833489393],10.633,-5.497,0.038,,,
[1758212594838770123],10.834,-4.951,-0.687,,,
[1758212594843930852],10.032,-4.961,-0.644,,,
[1758212594849057310],9.51,-4.69,-0.946,,,
[1758212594854269029],8.739,-4.305,-1.566,,,
[1758212594859392779],8.303,-3.778,-0.893,,,
[1758212594864518248],7.456,-3.62,-0.285,,,
[1758212594869634706],7.561,-3.053,0.52,,,
[1758212594874808456],6.302,-3.153,1.721,,,
[1758212594880062102],5.957,-2.411,1.805,,,
[1758212594885217362],6.378,-2.928,2.947,,,
[1758212594890332987],5.689,-2.636,3.165,,,
[1758212594895507727],6.943,-3.12,4.029,,,
[1758212594900646737],6.809,-3.223,3.847,,,
[1758212594905830018],8.358,-4.082,5.195,,,
[1758212594910966477],7.985,-4.008,5.1,,,
[1758212594916140123],9.785,-4.168,5.449,,,
[1758212594921694185],8.969,-4.448,4.954,,,
[1758212594926909706],11.095,-5.188,4.951,,,
[1758212594932092050],10.293,-5.239,4.391,,,
[1758212594937263612],12.457,-5.804,3.613,,,
[1758212594943795539],11.684,-6.163,2.638,,,
[1758212594949027206],12.548,-6.029,2.095,,,
[1758212594954214706],12.586,-6.177,1.578,,,
[1758212594959344029],12.661,-5.921,0.503,,,
[1758212594964494654],11.995,-5.816,0.146,,,
[1758212594969616425],11.078,-4.956,-0.491,,,
[1758212594974764393],10.578,-4.966,-0.201,,,
[1758212594979939393],10.305,-4.717,-1.456,,,
[1758212594985123143],9.627,-4.69,-1.528,,,
[1758212594990351477],8.382,-4.13,-1.949,,,
[1758212594995497831],8.617,-4.07,-0.783,,,
[1758212595000623664],6.771,-3.522,-0.594,,,
[1758212595005868195],7.592,-3.378,0.153,,,
[1758212595011029966],6.187,-2.811,1.726,,,
[1758212595016171425],7.163,-2.691,2.595,,,
[1758212595021283039],5.303,-2.559,2.605,,,
[1758212595026801320],6.744,-2.789,3.57,,,
[1758212595031983664],5.902,-3.002,4.199,,,
[1758212595037146372],8.356,-3.778,4.302,,,
[1758212595042350122],7.444,-3.692,4.314,,,
[1758212595047504706],9.349,-4.238,4.963,,,
[1758212595054120800],8.72,-4.683,5.473,,,
[1758212595060515591],9.562,-4.685,5.588,,,
[1758212595066915956],11.547,-5.476,4.563,,,
[1758212595072232518],10.482,-5.54,3.393,,,
[1758212595077388247],12.842,-6.16,2.521,,,
[1758212595082566425],11.763,-6.057,2.255,,,
[1758212595087713039],13.384,-6.081,2.081,,,
[1758212595092902622],11.839,-6.146,1.178,,,
[1758212595098034445],13.127,-5.997,0.541,,,
[1758212595103252466],10.851,-5.622,0.103,,,
[1758212595108387935],11.229,-5.033,-0.232,,,
[1758212595113603508],9.823,-4.982,-0.649,,,
[1758212595118741789],10.178,-4.662,-0.658,,,
[1758212595123856581],8.823,-4.336,-0.831,,,
[1758212595128948664],8.756,-3.74,-0.879,,,
[1758212595134449758],7.659,-3.776,0.16,,,
[1758212595139578300],7.154,-3.17,0.199,,,
[1758212595144733404],6.936,-3.357,1.118,,,
[1758212595149858091],6.359,-2.698,1.721,,,
[1758212595155107466],6.261,-2.861,3.105,,,
[1758212595161594654],5.2,-2.691,3.481,,,
[1758212595166803039],7.223,-3.179,3.405,,,
[1758212595171927362],6.582,-3.46,4.326,,,
[1758212595177076060],8.703,-4.106,5.064,,,
[1758212595182290018],7.432,-3.79,4.654,,,
[1758212595187443820],9.61,-4.324,4.966,,,
[1758212595192608925],9.0,-4.506,5.001,,,
[1758212595197729810],10.942,-4.858,5.152,,,
[1758212595203013977],10.283,-5.318,4.731,,,
[1758212595208256372],12.177,-5.583,3.428,,,
[1758212595214005227],11.818,-6.084,3.033,,,
[1758212595219200643],12.797,-5.945,2.004,,,
[1758212595224504133],12.203,-6.27,1.745,,,
[1758212595229724654],12.464,-5.875,0.587,,,
[1758212595234942414],12.424,-6.079,0.139,,,
[1758212595240444862],10.891,-5.231,-0.002,,,
[1758212595245648560],11.384,-5.27,-0.668,,,
[1758212595250788612],9.4,-4.839,-0.814,,,
[1758212595257083091],10.185,-4.623,-1.022,,,
[1758212595262404706],8.186,-4.235,-1.006,,,
[1758212595267886945],8.459,-3.761,-0.869,,,
[1758212595273045695],6.857,-3.29,-0.304,,,
[1758212595278163560],7.518,-3.048,0.62,,,
[1758212595283362883],5.885,-2.784,1.549,,,
[1758212595288525904],7.032,-2.727,2.143,,,
[1758212595293680643],5.358,-2.708,3.036,,,
[1758212595298829341],6.395,-2.792,3.223,,,
[1758212595304114549],6.742,-3.345,4.01,,,
[1758212595309283872],7.812,-3.27,4.434,,,
[1758212595319236685],8.617,-3.943,4.843,,,
[1758212595324687727],9.117,-4.604,5.66,,,
[1758212595329804758],9.641,-4.561,5.203,,,
[1758212595334925904],10.805,-5.188,4.949,,,
[1758212595340064966],10.736,-5.322,3.938,,,
[1758212595345217570],11.966,-5.945,3.967,,,
[1758212595351675174],11.617,-6.127,2.243,,,
[1758212595356962414],13.283,-6.385,2.011,,,
[1758212595362056529],11.902,-6.282,0.939,,,
[1758212595367201060],13.374,-6.136,0.577,,,
[1758212595373642779],11.181,-5.612,0.115,,,
[1758212595378937831],10.831,-4.949,-0.479,,,
[1758212595384120591],10.226,-5.085,-0.721,,,
[1758212595389238195],9.823,-4.748,-0.795,,,
[1758212595394372987],9.017,-4.25,-1.434,,,
[1758212595399467883],8.825,-3.809,-0.936,,,
[1758212595404642258],7.757,-3.926,-0.213,,,
[1758212595409796633],7.554,-3.139,-0.182,,,
[1758212595415101216],7.111,-3.213,1.104,,,
[1758212595420439497],5.892,-2.631,1.681,,,
[1758212595425607883],6.67,-2.753,2.83,,,
[1758212595430719185],5.727,-2.454,3.582,,,
[1758212595435862154],6.309,-2.978,4.161,,,
[1758212595440970852],6.493,-3.333,4.053,,,
[1758212595446076581],8.54,-3.74,4.951,,,
[1758212595451172987],7.515,-3.757,5.023,,,
[1758212595456798612],9.656,-4.254,5.289,,,
[1758212595461924081],8.291,-4.432,5.574,,,
[1758212595467050383],10.731,-4.882,4.539,,,
[1758212595472244810],10.127,-5.095,4.714,,,
[1758212595477414133],11.756,-5.562,4.362,,,
[1758212595485411372],12.376,-6.06,2.787,,,
[1758212595490885643],12.036,-5.832,2.205,,,
[1758212595496075643],13.101,-6.263,1.834,,,
[1758212595501186476],12.124,-6.117,0.69,,,
[1758212595506381268],12.902,-6.031,0.113,,,
[1758212595511542258],10.496,-5.375,-0.158,,,
[1758212595516684081],11.36,-5.239,-0.522,,,
[1758212595521775174],9.462,-4.997,-0.792,,,
[1758212595526917154],10.221,-4.831,-1.683,,,
[1758212595532172206],8.394,-4.264,-1.451,,,
[1758212595537380331],9.091,-4.116,-0.67,,,
[1758212595542569862],6.783,-3.361,-0.599,,,
[1758212595547695695],7.767,-3.385,0.608,,,
[1758212595552912779],5.823,-2.95,2.354,,,
[1758212595558019810],6.898,-2.648,2.155,,,
[1758212595563576268],5.746,-2.641,2.816,,,
[1758212595568729393],6.68,-2.792,2.995,,,
[1758212595573842883],6.053,-3.017,3.68,,,
[1758212595578970070],7.915,-3.311,4.159,,,
[1758212595584138299],7.63,-3.622,4.535,,,
[1758212595590563247],7.884,-3.673,4.937,,,
[1758212595595855018],9.62,-4.446,5.765,,,
[1758212595600970904],9.237,-4.47,4.966,,,
[1758212595606179133],11.145,-5.301,4.843,,,
[1758212595611283299],10.288,-5.322,4.599,,,
[1758212595616394654],12.105,-5.986,3.687,,,
[1758212595621534133],11.54,-5.88,2.301,,,
[1758212595626694185],13.151,-6.23,2.373,,,
[1758212595631812414],11.892,-6.249,1.231,,,
[1758212595637022831],13.29,-6.548,0.663,,,
[1758212595642222466],11.411,-5.875,-0.031,,,
[1758212595647421320],12.069,-5.346,-0.376,,,
[1758212595652629810],10.051,-5.069,-1.056,,,
[1758212595657779445],10.755,-4.779,-1.413,,,
[1758212595662949341],8.768,-4.578,-1.276,,,
[1758212595668101164],9.912,-4.307,-1.525,,,
[1758212595673708924],7.807,-3.912,-0.508,,,
[1758212595678843924],8.064,-3.452,-0.754,,,
[1758212595684050643],6.725,-3.364,0.608,,,
[1758212595689224758],6.644,-2.784,1.42,,,
[1758212595695620591],6.412,-2.761,2.291,,,
[1758212595700856997],5.353,-2.571,2.583,,,
[1758212595706131841],7.089,-3.156,3.792,,,
[1758212595711245278],6.251,-3.0,4.099,,,
[1758212595716361737],8.205,-3.558,4.46,,,
[1758212595721476633],7.731,-3.814,5.224,,,
[1758212595726614081],9.108,-4.274,5.454,,,
[1758212595731706164],8.511,-4.271,5.792,,,
[1758212595736808924],10.539,-5.004,5.054,,,
[1758212595741990956],9.677,-4.954,4.669,,,
[1758212595747258560],11.851,-5.473,4.518,,,
[1758212595752492726],10.841,-5.672,3.266,,,
[1758212595757670174],13.111,-6.12,2.32,,,
[1758212595762820226],11.813,-6.096,2.037,,,
[1758212595767957310],13.42,-6.244,1.353,,,
[1758212595773118768],12.122,-6.007,0.704,,,
[1758212595778678820],12.828,-5.698,0.376,,,
[1758212595783938247],10.602,-5.334,-0.072,,,
[1758212595789107153],10.781,-4.882,-0.816,,,
[1758212595794238039],9.886,-4.781,-0.668,,,
[1758212595800613299],9.251,-4.276,-1.276,,,
[1758212595805947935],9.366,-4.254,-0.769,,,
[1758212595811071945],7.386,-3.625,-0.426,,,
[1758212595816188716],8.085,-3.369,-0.388,,,
[1758212595821299081],6.067,-3.206,0.546,,,
[1758212595826432831],7.183,-3.053,1.935,,,
[1758212595831544862],5.782,-2.576,1.808,,,
[1758212595836654393],6.479,-2.904,3.062,,,
[1758212595841752258],5.488,-2.698,3.615,,,
[1758212595846903351],7.525,-3.467,4.178,,,
[1758212595852175018],6.828,-3.584,4.559,,,
[1758212595857411372],9.048,-3.847,4.614,,,
[1758212595862576789],7.92,-3.934,4.851,,,
[1758212595867719653],9.867,-4.362,5.507,,,
[1758212595872871737],8.981,-4.836,5.035,,,
[1758212595877991216],11.155,-5.128,4.659,,,
[1758212595883148716],10.606,-5.279,4.489,,,
[1758212595888700591],12.402,-5.808,3.021,,,
[1758212595895171476],12.409,-6.132,2.339,,,
[1758212595900452674],12.155,-6.014,1.427,,,
[1758212595907013299],13.412,-6.328,0.967,,,
[1758212595912293039],11.602,-5.945,0.297,,,
[1758212595917409862],12.285,-5.679,-0.268,,,
[1758212595922589289],10.108,-5.205,-0.857,,,
[1758212595927727726],11.152,-4.934,-1.621,,,
[1758212595932887935],8.77,-4.456,-1.489,,,
[1758212595937984393],10.084,-4.542,-1.568,,,
[1758212595943141320],7.585,-4.068,-0.512,,,
[1758212595948272518],8.164,-3.508,-0.543,,,
[1758212595953515330],6.764,-3.259,0.213,,,
[1758212595958643299],7.156,-3.122,1.494,,,
[1758212595963806633],5.622,-2.854,2.124,,,
[1758212595968911685],6.845,-2.72,2.274,,,
[1758212595974015695],5.751,-2.816,3.254,,,
[1758212595979176112],6.972,-2.746,3.546,,,
[1758212595984331008],7.049,-3.431,4.345,,,
[1758212595989512101],7.987,-3.553,4.752,,,
[1758212595994621060],8.492,-4.264,5.406,,,
[1758212596000201580],8.818,-3.936,5.416,,,
[1758212596005507674],9.72,-4.456,5.167,,,
[1758212596012964341],9.689,-4.836,4.899,,,
[1758212596018455435],11.339,-5.327,4.29,,,
[1758212596023619966],11.152,-5.765,3.979,,,
[1758212596028734028],12.541,-5.959,2.478,,,
[1758212596033900955],12.103,-6.112,2.097,,,
[1758212596039012935],13.07,-5.978,1.573,,,
[1758212596044113403],12.292,-6.278,0.496,,,
[1758212596049229185],12.653,-6.093,-0.034,,,
[1758212596054455174],11.131,-5.578,0.103,,,
[1758212596059614133],10.652,-4.911,-0.625,,,
[1758212596064821476],10.247,-4.922,-0.558,,,
[1758212596069929289],9.543,-4.326,-1.346,,,
[1758212596075058403],9.313,-4.506,-1.29,,,
[1758212596080156476],8.341,-3.831,-0.558,,,
[1758212596085273039],7.554,-3.687,-0.381,,,
[1758212596090408820],7.403,-3.093,0.213,,,
[1758212596095597830],6.938,-3.218,1.583,,,
[1758212596100711268],5.765,-2.543,1.633,,,
[1758212596106375591],6.448,-2.818,2.887,,,
[1758212596111580747],5.629,-2.629,3.357,,,
[1758212596117995174],7.338,-3.05,3.553,,,
[1758212596123259549],6.929,-3.572,4.585,,,
[1758212596128356632],8.952,-4.025,4.64,,,
[1758212596133512310],7.74,-3.943,5.009,,,
[1758212596138617414],9.9,-4.147,5.085,,,
[1758212596143743768],9.428,-4.863,6.06,,,
[1758212596148865643],10.719,-4.786,5.128,,,
[1758212596154104132],10.432,-5.435,4.791,,,
[1758212596159235591],11.858,-5.66,3.819,,,
[1758212596164471737],11.413,-5.988,2.746,,,
[1758212596169583455],12.771,-5.914,1.676,,,
[1758212596174720070],12.11,-6.383,1.233,,,
[1758212596179827414],12.656,-6.045,0.35,,,
[1758212596184979237],12.598,-6.009,0.199,,,
[1758212596190141945],11.313,-5.217,-0.115,,,
[1758212596195333039],11.059,-5.227,-0.74,,,
[1758212596200449080],10.101,-4.863,-0.888,,,
[1758212596205899289],10.161,-4.652,-1.166,,,
[1758212596211053247],8.31,-4.235,-1.753,,,
[1758212596216542153],8.588,-4.185,-0.472,,,
[1758212596221679549],7.257,-3.268,-0.364,,,
[1758212596228034757],7.491,-3.251,0.745,,,
[1758212596233574705],5.811,-2.82,1.748,,,
[1758212596238822466],6.744,-2.624,2.109,,,
[1758212596244005226],5.796,-2.78,3.115,,,
[1758212596249147726],6.618,-2.626,3.816,,,
[1758212596254375382],6.407,-3.129,3.802,,,
[1758212596259488091],7.714,-3.505,4.559,,,
[1758212596264619185],8.018,-3.886,4.731,,,
[1758212596269768039],8.65,-4.029,5.119,,,
[1758212596275036685],9.56,-4.547,5.488,,,
[1758212596280321424],9.867,-4.748,5.349,,,
[1758212596285510643],10.597,-5.076,4.978,,,
[1758212596290636164],10.853,-5.14,3.795,,,
[1758212596295828195],11.964,-5.945,3.249,,,
[1758212596300969185],11.82,-5.863,2.483,,,
[1758212596307418612],13.297,-6.388,1.741,,,
[1758212596312746632],11.832,-6.065,1.166,,,
[1758212596317880903],13.252,-6.007,0.086,,,
[1758212596324185382],11.346,-5.555,-0.148,,,
[1758212596331580122],10.527,-4.913,-0.548,,,
[1758212596337125434],11.011,-5.08,-1.013,,,
[1758212596343427830],8.916,-4.642,-1.132,,,
[1758212596348668559],9.598,-4.307,-1.111,,,
[1758212596353883768],7.451,-3.699,-0.713,,,
[1758212596359003924],8.186,-3.148,-0.227,,,
[1758212596364152622],6.455,-3.177,0.649,,,
[1758212596369245903],6.472,-2.679,1.808,,,
[1758212596374331112],6.012,-2.825,2.361,,,
[1758212596379421684],6.093,-2.638,3.081,,,
[1758212596384577518],5.945,-3.021,3.847,,,
[1758212596389762049],6.977,-3.151,3.79,,,
[1758212596394881007],7.286,-3.723,4.405,,,
[1758212596399989028],8.339,-3.543,4.628,,,
[1758212596405192049],8.528,-4.544,5.217,,,
[1758212596410373612],9.05,-4.135,5.169,,,
[1758212596415494601],10.204,-4.685,5.341,,,
[1758212596420584237],9.972,-4.99,4.46,,,
[1758212596425726841],11.056,-5.492,5.121,,,
[1758212596430820226],11.267,-5.507,3.567,,,
[1758212596436003664],12.275,-5.995,2.643,,,
[1758212596441605695],11.717,-6.065,2.452,,,
[1758212596446746216],13.374,-6.263,1.276,,,
[1758212596451849132],11.83,-6.124,0.51,,,
[1758212596457069132],13.168,-6.041,0.56,,,
[1758212596462256893],10.673,-5.313,-0.129,,,
[1758212596467413247],11.504,-5.1,-0.773,,,
[1758212596472620174],9.412,-4.829,-1.52,,,
[1758212596477781372],10.092,-4.611,-1.458,,,
[1758212596483078351],8.179,-4.137,-1.317,,,
[1758212596488368351],8.961,-3.802,-0.639,,,
[1758212596493635955],6.924,-3.39,-0.421,,,
[1758212596498752830],7.556,-3.105,0.56,,,
[1758212596503988820],5.942,-3.189,1.616,,,
[1758212596509100174],6.821,-2.713,2.502,,,
[1758212596514299757],5.684,-2.667,3.069,,,
[1758212596519413247],6.732,-2.595,3.041,,,
[1758212596524551580],6.5,-3.005,3.972,,,
[1758212596529737101],7.681,-3.457,3.874,,,
[1758212596539626424],8.382,-3.704,4.662,,,
[1758212596546039080],9.783,-4.458,5.246,,,
[1758212596551202726],9.069,-4.597,4.963,,,
[1758212596556407882],11.121,-5.346,5.004,,,
[1758212596561516007],10.539,-5.27,4.662,,,
[1758212596566620903],12.23,-5.962,4.142,,,
[1758212596571716268],11.43,-5.818,2.775,,,
[1758212596576859236],13.288,-6.206,2.373,,,
[1758212596582027309],11.856,-6.215,0.996,,,
[1758212596587306007],13.384,-6.388,0.385,,,
[1758212596592467882],11.629,-5.801,0.113,,,
[1758212596597555278],12.043,-5.401,-0.326,,,
[1758212596602774393],10.06,-5.013,-0.814,,,
[1758212596607902049],11.04,-5.001,-1.044,,,
[1758212596612991580],8.71,-4.468,-1.477,,,
[1758212596618083768],9.752,-4.527,-1.879,,,
[1758212596623305851],7.623,-3.915,-0.869,,,
[1758212596628515382],8.131,-3.627,-0.895,,,
[1758212596633608039],6.505,-3.191,0.283,,,
[1758212596638718664],7.357,-2.933,1.468,,,
[1758212596643823247],5.813,-2.617,2.234,,,
[1758212596649324705],6.543,-2.368,2.691,,,
[1758212596654630851],5.806,-2.794,3.845,,,
[1758212596659840799],6.594,-2.787,4.235,,,
[1758212596665031632],7.511,-3.527,4.113,,,
[1758212596672346111],7.257,-3.752,4.978,,,
[1758212596677962257],9.495,-4.233,5.011,,,
[1758212596683095539],8.739,-4.499,5.473,,,
[1758212596688211736],10.467,-4.829,5.373,,,
[1758212596693472570],10.051,-5.011,4.851,,,
[1758212596698643507],11.516,-5.432,4.798,,,
[1758212596703842570],11.1,-5.928,3.543,,,
[1758212596708950018],12.866,-5.921,2.277,,,
[1758212596714071372],12.016,-6.311,2.028,,,
[1758212596719243039],12.979,-5.856,0.845,,,
[1758212596724455799],12.258,-6.153,0.5,,,
[1758212596729555747],12.206,-5.744,0.33,,,
[1758212596734675643],10.798,-5.294,-0.067,,,
[1758212596739824861],10.774,-4.946,-1.051,,,
[1758212596744967414],9.682,-4.86,-0.986,,,
[1758212596750105018],9.165,-4.453,-1.528,,,
[1758212596755744809],9.029,-4.372,-1.049,,,
[1758212596761019184],7.822,-3.831,-0.871,,,
[1758212596766169549],8.224,-3.625,-0.136,,,
[1758212596771340486],6.452,-3.127,0.661,,,
[1758212596776470226],7.056,-2.95,1.863,,,
[1758212596781610955],5.638,-2.538,2.365,,,
[1758212596786728768],6.685,-2.832,3.536,,,
[1758212596791827361],5.557,-2.717,4.19,,,
[1758212596797031163],7.068,-3.079,3.965,,,
[1758212596802324705],6.795,-3.596,4.549,,,
[1758212596807579757],8.99,-4.257,4.99,,,
[1758212596812796736],7.805,-3.998,4.609,,,
[1758212596817912101],9.957,-4.345,4.745,,,
[1758212596823022101],8.938,-4.918,5.219,,,
[1758212596828152882],11.315,-5.095,4.626,,,
[1758212596833328924],10.465,-5.358,4.774,,,
[1758212596838515643],12.215,-5.655,3.979,,,
[1758212596843655486],11.545,-5.94,2.818,,,
[1758212596848766841],12.902,-6.069,1.697,,,
[1758212596853958351],11.801,-6.069,1.46,,,
[1758212596859469184],13.06,-6.096,0.563,,,
[1758212596864852570],11.897,-5.976,-0.395,,,
[1758212596870025747],11.145,-5.138,-0.187,,,
[1758212596875160018],10.293,-5.344,-0.771,,,
[1758212596880342778],10.487,-4.659,-1.039,,,
[1758212596885509705],9.747,-4.717,-0.931,,,
[1758212596890610851],8.768,-4.204,-1.726,,,
[1758212596895711372],8.442,-3.941,-0.785,,,
[1758212596900837934],7.209,-3.378,-0.302,,,
[1758212596906166216],7.535,-3.318,0.603,,,
[1758212596911267153],6.096,-2.763,1.86,,,
[1758212596916421216],6.613,-2.808,2.387,,,
[1758212596921566893],5.667,-2.679,2.48,,,
[1758212596926725643],6.78,-2.763,3.888,,,
[1758212596931806893],6.014,-2.84,3.716,,,
[1758212596936940382],8.253,-3.591,3.881,,,
[1758212596942051788],7.202,-3.709,4.879,,,
[1758212596947197726],9.17,-3.874,4.721,,,
[1758212596952470330],8.394,-4.175,5.095,,,
[1758212596957989861],10.285,-4.633,4.978,,,
[1758212596963264966],9.541,-4.858,4.578,,,
[1758212596968965278],11.26,-5.205,4.831,,,
[1758212596975000382],11.686,-5.849,3.62,,,
[1758212596981504705],11.775,-5.904,2.782,,,
[1758212596986764393],13.166,-6.378,2.071,,,
[1758212596991940174],11.863,-5.983,0.907,,,
[1758212596997093820],13.348,-6.179,0.352,,,
[1758212597002274913],11.317,-5.727,-0.093,,,
[1758212597008658195],11.643,-5.217,-0.491,,,
[1758212597013909705],9.946,-4.985,-1.379,,,
[1758212597019008559],10.082,-4.65,-1.492,,,
[1758212597024163715],8.748,-4.592,-1.647,,,
[1758212597029263663],9.115,-4.228,-0.989,,,
[1758212597034357934],7.532,-3.773,-0.515,,,
[1758212597039464340],7.898,-3.132,0.321,,,
[1758212597044622726],6.357,-3.12,1.417,,,
[1758212597049759445],6.867,-2.593,2.114,,,
[1758212597055395851],6.045,-2.516,3.129,,,
[1758212597060569445],6.237,-2.571,3.309,,,
[1758212597065703507],6.275,-2.863,3.797,,,
[1758212597070813663],7.147,-3.048,3.718,,,
[1758212597076237674],8.344,-3.924,4.867,,,
[1758212597081352986],7.745,-3.742,4.621,,,
[1758212597087612101],9.656,-4.216,5.248,,,
[1758212597094188247],9.179,-4.764,5.605,,,
[1758212597099457622],10.829,-4.839,4.415,,,
[1758212597104669028],10.506,-5.464,4.642,,,
[1758212597109835590],11.684,-5.389,3.551,,,
[1758212597114977101],12.17,-6.103,2.729,,,
[1758212597120083924],12.412,-5.741,1.719,,,
[1758212597125211528],12.615,-6.203,1.614,,,
[1758212597130356528],12.617,-5.883,0.773,,,
[1758212597135515643],12.687,-6.189,0.156,,,
[1758212597140668403],11.605,-5.361,-0.098,,,
[1758212597145885278],10.86,-5.272,-0.268,,,
[1758212597151029549],9.464,-4.719,-0.974,,,
[1758212597156291163],10.084,-4.901,-1.283,,,
[1758212597161851788],8.447,-4.166,-0.792,,,
[1758212597167000122],8.851,-4.039,-0.486,,,
[1758212597172184497],6.962,-3.565,-0.728,,,
[1758212597177342309],7.8,-3.433,0.618,,,
[1758212597184907570],6.105,-3.045,1.966,,,
[1758212597190362101],6.273,-2.411,2.2,,,
[1758212597195538090],6.376,-2.789,2.923,,,
[1758212597201933299],5.873,-2.868,3.575,,,
[1758212597207219340],7.803,-3.45,4.037,,,
[1758212597212387674],7.209,-3.689,4.324,,,
[1758212597217516945],9.27,-4.154,5.356,,,
[1758212597222684445],7.872,-4.173,5.65,,,
[1758212597227787413],10.324,-4.743,5.162,,,
[1758212597232932778],9.242,-4.882,5.49,,,
[1758212597238036840],11.624,-5.382,4.985,,,
[1758212597243204757],10.587,-5.555,4.405,,,
[1758212597248430695],12.718,-5.823,3.139,,,
[1758212597253631424],11.758,-5.871,2.03,,,
[1758212597258739445],13.111,-6.029,1.757,,,
[1758212597263868090],11.732,-6.191,1.135,,,
[1758212597268982726],13.206,-6.098,0.045,,,
[1758212597274100955],10.903,-5.646,0.304,,,
[1758212597279219497],11.411,-5.037,-0.139,,,
[1758212597284386163],10.056,-5.171,-0.151,,,
[1758212597289982465],10.075,-4.726,-0.962,,,
[1758212597295179288],9.155,-4.602,-0.783,,,
[1758212597300376840],8.892,-3.962,-0.828,,,
[1758212597305723299],8.15,-3.871,-0.68,,,
[1758212597312098976],6.833,-3.254,0.304,,,
[1758212597317337570],7.484,-3.345,1.48,,,
[1758212597322513976],5.392,-2.61,2.157,,,
[1758212597327599757],6.905,-2.866,2.557,,,
[1758212597332781632],5.061,-2.708,3.223,,,
[1758212597337893507],7.204,-3.007,3.654,,,
[1758212597342984028],6.251,-3.191,4.125,,,
[1758212597348083820],8.665,-3.907,4.489,,,
[1758212597353347465],7.659,-3.79,4.626,,,
[1758212597358555174],9.416,-4.197,4.93,,,
[1758212597363682205],8.756,-4.592,5.356,,,
[1758212597368817153],10.606,-4.736,4.633,,,
[1758212597373976163],10.223,-5.14,4.791,,,
[1758212597379142570],11.854,-5.478,3.661,,,
[1758212597384241476],11.322,-5.751,3.194,,,
[1758212597389356111],12.471,-6.019,2.761,,,
[1758212597394567309],12.074,-6.292,2.191,,,
[1758212597401124132],12.287,-5.827,0.725,,,
[1758212597406400903],12.881,-6.093,0.532,,,
[1758212597411518090],11.212,-5.538,0.055,,,
[1758212597416951267],11.428,-5.14,0.06,,,
[1758212597422044549],9.826,-4.827,-0.622,,,
[1758212597427161632],10.29,-4.994,-0.776,,,
[1758212597432399288],8.332,-4.266,-1.164,,,
[1758212597437554653],9.258,-4.278,-0.74,,,
[1758212597442759549],6.914,-3.697,-0.419,,,
[1758212597448019601],8.14,-3.39,-0.022,,,
[1758212597453244392],6.117,-3.333,1.19,,,
[1758212597458390382],7.039,-2.863,2.002,,,
[1758212597463528611],5.382,-2.521,2.837,,,
[1758212597468627778],6.677,-2.729,3.479,,,
[1758212597473733247],5.562,-2.693,3.977,,,
[1758212597478825122],7.685,-3.388,3.836,,,
[1758212597483990903],7.398,-3.718,5.013,,,
[1758212597489210434],8.842,-3.666,5.092,,,
[1758212597494345747],8.179,-4.19,5.188,,,
[1758212597499460538],9.931,-4.35,5.655,,,
[1758212597504757101],9.723,-4.82,5.171,,,
[1758212597511436944],10.432,-5.124,4.705,,,
[1758212597516684601],12.227,-5.796,3.713,,,
[1758212597523070486],11.365,-5.844,2.358,,,
[1758212597528362882],13.137,-6.22,1.76,,,
[1758212597533486059],11.677,-6.196,1.425,,,
[1758212597538586684],13.47,-6.33,0.457,,,
[1758212597543712153],11.569,-5.921,0.364,,,
[1758212597548817622],12.131,-5.327,0.031,,,
[1758212597554001528],10.23,-5.1,-0.247,,,
[1758212597559117205],10.707,-4.937,-0.306,,,
[1758212597564283090],9.076,-4.628,-0.936,,,
[1758212597569489392],9.596,-4.073,-0.986,,,
[1758212597574621267],7.865,-4.02,-0.072,,,
[1758212597579735694],8.035,-3.139,-0.429,,,
[1758212597584871997],6.591,-3.29,0.275,,,
[1758212597589981892],6.879,-2.911,1.041,,,
[1758212597595185538],6.062,-2.981,1.923,,,
[1758212597600342153],6.251,-2.698,2.828,,,
[1758212597605629809],6.122,-2.94,3.299,,,
[1758212597610749965],6.318,-2.624,3.46,,,
[1758212597617299965],8.155,-3.816,4.831,,,
[1758212597622624184],7.501,-3.919,4.58,,,
[1758212597629921528],9.143,-3.9,4.908,,,
[1758212597635201840],9.493,-4.69,5.325,,,
[1758212597640377049],10.185,-4.475,5.08,,,
[1758212597645519340],11.009,-5.272,5.042,,,
[1758212597650631007],11.32,-5.346,4.056,,,
[1758212597655811944],11.937,-6.108,3.364,,,
[1758212597660990590],12.287,-5.976,2.579,,,
[1758212597666188767],13.034,-6.29,1.688,,,
[1758212597671278142],12.019,-5.914,0.922,,,
[1758212597676356736],13.058,-6.239,0.342,,,
[1758212597681456996],11.171,-5.447,0.153,,,
[1758212597686611267],11.516,-5.389,0.105,,,
[1758212597691745382],9.957,-4.867,-1.061,,,
[1758212597696851319],10.546,-5.085,-0.603,,,
[1758212597701982257],8.772,-4.626,-1.104,,,
[1758212597707376528],9.524,-4.221,-1.037,,,
[1758212597712581580],7.219,-3.979,-0.687,,,
[1758212597717691892],8.296,-3.826,-0.577,,,
[1758212597723187049],6.27,-3.139,0.907,,,
[1758212597728300278],7.377,-2.974,1.762,,,
[1758212597733395746],5.509,-2.521,2.009,,,
[1758212597738528819],6.759,-2.741,2.942,,,
[1758212597746147309],6.074,-2.914,3.764,,,
[1758212597751652101],6.639,-3.321,4.439,,,
[1758212597758045590],9.06,-4.049,4.551,,,
[1758212597763262934],7.695,-3.996,4.956,,,
[1758212597768367257],9.776,-4.398,5.294,,,
[1758212597773510694],9.201,-4.52,5.334,,,
[1758212597778607778],10.908,-4.855,5.2,,,
[1758212597783682153],10.18,-5.334,4.76,,,
[1758212597788780590],12.129,-5.684,3.864,,,
[1758212597794276580],11.621,-5.71,2.823,,,
[1758212597804303507],11.777,-6.105,1.559,,,
[1758212597809982934],12.912,-6.014,0.414,,,
[1758212597815448611],12.385,-6.057,0.412,,,
[1758212597820549861],11.159,-5.231,-0.51,,,
[1758212597825724809],11.018,-5.351,-0.792,,,
[1758212597831982934],9.34,-4.733,-1.396,,,
[1758212597838423038],10.264,-4.408,-1.398,,,
[1758212597843693924],8.15,-4.044,-0.886,,,
[1758212597848795694],8.598,-4.096,-0.498,,,
[1758212597854048559],6.718,-3.381,-0.199,,,
[1758212597859529184],7.027,-3.069,0.891,,,
[1758212597864659496],6.134,-2.911,1.829,,,
[1758212597869735694],6.565,-2.602,2.435,,,
[1758212597874857986],5.789,-2.863,3.199,,,
[1758212597879978871],6.33,-2.749,3.558,,,
[1758212597885237465],6.541,-3.067,3.919,,,
[1758212597890339184],7.776,-3.754,4.554,,,
[1758212597895509028],7.977,-3.826,4.946,,,
[1758212597900643194],8.317,-3.855,4.872,,,
[1758212597905814861],9.483,-4.652,5.286,,,
[1758212597910935226],9.558,-4.594,4.994,,,
[1758212597916074809],10.834,-4.939,4.623,,,
[1758212597921208090],10.59,-5.243,4.106,,,
[1758212597926409340],12.203,-5.837,3.524,,,
[1758212597931557986],11.521,-5.88,2.43,,,
[1758212597936665642],12.888,-6.347,2.377,,,
[1758212597941780538],11.997,-6.175,1.077,,,
[1758212597947372778],13.242,-6.199,0.39,,,
[1758212597952593194],11.37,-5.672,0.175,,,
[1758212597957752673],11.787,-5.478,-0.096,,,
[1758212597962955278],9.759,-5.045,-0.754,,,
[1758212597970398871],9.864,-4.712,-1.19,,,
[1758212597975873403],9.639,-4.623,-1.13,,,
[1758212597981002361],8.229,-3.757,-1.089,,,
[1758212597986132465],8.092,-3.972,-0.371,,,
[1758212597991229861],6.934,-3.132,-0.266,,,
[1758212597996418194],7.08,-3.096,1.25,,,
[1758212598001542257],6.019,-2.646,1.834,,,
[1758212598006711371],6.613,-2.825,2.756,,,
[1758212598011812778],5.737,-2.689,3.359,,,
[1758212598016970330],6.869,-2.952,4.171,,,
[1758212598022298976],6.472,-3.215,4.08,,,
[1758212598027430069],8.691,-3.855,4.841,,,
[1758212598032608715],7.681,-3.828,5.258,,,
[1758212598037724496],9.371,-4.465,5.227,,,
[1758212598042875226],8.586,-4.29,5.112,,,
[1758212598048005173],10.592,-4.836,4.915,,,
[1758212598053650330],9.953,-5.095,4.827,,,
[1758212598058785694],12.079,-5.507,4.219,,,
[1758212598063894548],11.238,-5.883,3.223,,,
[1758212598069031163],12.886,-6.06,2.385,,,
[1758212598074176267],12.141,-6.187,2.016,,,
[1758212598079653975],13.314,-6.244,1.262,,,
[1758212598084797465],12.273,-6.146,0.682,,,
[1758212598089927465],12.261,-5.262,-0.038,,,
[1758212598095232882],10.867,-5.473,-0.675,,,
[1758212598100418871],10.439,-4.645,-1.015,,,
[1758212598105623559],9.74,-4.803,-1.317,,,
[1758212598110735798],9.416,-4.343,-1.154,,,
[1758212598115938350],8.715,-4.022,-0.536,,,
[1758212598121048194],7.671,-3.622,-0.613,,,
[1758212598130936059],7.168,-3.017,1.168,,,
[1758212598136252257],6.955,-2.835,1.544,,,
[1758212598141418715],5.839,-2.746,1.482,,,
[1758212598146554600],6.74,-2.952,3.352,,,
[1758212598151651684],5.552,-2.677,3.752,,,
[1758212598156890225],7.072,-3.153,4.008,,,
[1758212598163477830],7.262,-3.826,4.436,,,
[1758212598168722413],9.005,-4.08,4.87,,,
[1758212598173844288],8.116,-4.094,5.049,,,
[1758212598178942309],10.156,-4.47,5.157,,,
[1758212598184069132],9.333,-4.882,5.528,,,
[1758212598190501788],10.932,-5.033,4.08,,,
[1758212598195740746],11.471,-5.571,4.13,,,
[1758212598200980850],11.878,-5.533,2.512,,,
[1758212598206162569],12.426,-6.163,2.471,,,
[1758212598211272830],12.553,-6.084,1.738,,,
[1758212598216404548],13.08,-6.314,1.164,,,
[1758212598221557778],11.863,-5.849,-0.043,,,
[1758212598226685225],12.124,-5.964,0.127,,,
[1758212598231775694],10.288,-5.171,-0.826,,,
[1758212598236930903],10.93,-5.183,-1.063,,,
[1758212598242215798],9.057,-4.688,-0.84,,,
[1758212598247370903],10.13,-4.635,-1.053,,,
[1758212598252634080],7.812,-3.948,-0.627,,,
[1758212598257783923],8.698,-3.716,-0.733,,,
[1758212598262999132],6.682,-3.364,0.261,,,
[1758212598269468819],6.8,-2.88,1.578,,,
[1758212598275096475],5.763,-3.01,2.6,,,
[1758212598280213715],6.574,-2.545,2.741,,,
[1758212598285346944],5.892,-2.919,3.663,,,
[1758212598290449757],6.735,-2.811,3.601,,,
[1758212598296714080],8.068,-3.706,4.633,,,
[1758212598301929705],7.398,-3.785,4.52,,,
[1758212598307214757],8.914,-4.041,5.569,,,
[1758212598312386423],8.286,-4.24,5.476,,,
[1758212598317536007],10.475,-4.721,5.576,,,
[1758212598322800746],9.38,-4.81,4.326,,,
[1758212598327917673],11.614,-5.485,4.456,,,
[1758212598333065902],10.697,-5.65,3.938,,,
[1758212598338208246],12.723,-6.112,2.373,,,
[1758212598343424080],11.741,-6.163,2.476,,,
[1758212598348610746],13.223,-6.28,1.288,,,
[1758212598353806684],12.206,-5.981,0.757,,,
[1758212598358963975],12.948,-5.983,-0.108,,,
[1758212598364123663],10.642,-5.377,-0.022,,,
[1758212598369278402],11.076,-5.325,-0.515,,,
[1758212598374428194],9.706,-4.831,-0.941,,,
[1758212598379557152],10.166,-4.515,-0.886,,,
[1758212598386114027],9.275,-4.444,-0.929,,,
[1758212598391353507],7.966,-3.778,-1.159,,,
[1758212598396491892],8.013,-3.62,-0.39,,,
[1758212598403086840],5.95,-3.182,0.838,,,
[1758212598409461215],6.9,-2.851,2.32,,,
[1758212598414715694],5.521,-2.729,2.835,,,
[1758212598419832205],6.412,-2.674,3.021,,,
[1758212598424959652],6.22,-3.048,3.594,,,
[1758212598430065486],7.144,-3.081,3.766,,,
[1758212598435194757],7.544,-3.778,4.489,,,
[1758212598440331267],8.595,-3.745,4.757,,,
[1758212598445494340],8.602,-4.389,5.835,,,
[1758212598450631996],9.488,-4.235,5.171,,,
[1758212598455908142],10.439,-5.09,5.016,,,
[1758212598461055017],10.362,-4.949,4.709,,,
[1758212598466205434],11.456,-5.634,4.365,,,
[1758212598471314132],11.533,-5.622,3.048,,,
[1758212598476442673],12.455,-6.148,2.282,,,
[1758212598481547882],12.356,-5.986,1.686,,,
[1758212598487271111],12.883,-6.297,1.348,,,
[1758212598492611580],11.856,-6.124,0.488,,,
[1758212598497793767],12.634,-5.811,0.285,,,
[1758212598503069548],10.075,-4.994,-0.177,,,
[1758212598508946319],11.061,-4.911,-0.881,,,
[1758212598514131111],9.227,-4.714,-0.972,,,
[1758212598519260538],9.728,-4.281,-1.647,,,
[1758212598524419132],8.056,-3.926,-1.472,,,
[1758212598529553298],8.171,-3.666,-1.051,,,
[1758212598534806163],6.771,-3.227,-0.275,,,
[1758212598539925486],7.278,-3.024,1.037,,,
[1758212598545101996],5.995,-2.931,2.179,,,
[1758212598550236944],6.426,-2.454,2.54,,,
[1758212598555438507],6.002,-2.868,3.338,,,
[1758212598560530902],6.335,-2.614,3.275,,,
[1758212598565626371],6.891,-3.244,4.458,,,
[1758212598570777621],7.822,-3.383,4.106,,,
[1758212598575997673],7.989,-3.96,4.8,,,
[1758212598581172361],8.485,-3.917,4.683,,,
[1758212598586369392],9.725,-4.683,5.626,,,
[1758212598591948663],9.371,-4.69,4.86,,,
[1758212598598544027],11.641,-5.262,4.393,,,
[1758212598604963298],10.812,-5.878,4.345,,,
[1758212598610209809],12.119,-5.662,3.098,,,
[1758212598617628298],12.981,-6.419,2.042,,,
[1758212598623164600],11.873,-6.12,0.608,,,
[1758212598628296996],13.283,-6.172,0.045,,,
[1758212598633425173],11.042,-5.569,-0.014,,,
[1758212598638534652],11.77,-5.217,-0.769,,,
[1758212598643675382],9.828,-4.951,-0.974,,,
[1758212598648779652],10.422,-4.839,-1.326,,,
[1758212598653953871],8.531,-4.448,-1.207,,,
[1758212598659064809],9.62,-3.996,-1.142,,,
[1758212598664266996],7.515,-3.757,-0.457,,,
[1758212598669470850],7.788,-3.306,-0.287,,,
[1758212598674621007],6.361,-3.191,1.12,,,
[1758212598679723559],6.764,-2.959,1.808,,,
[1758212598684854809],5.672,-2.693,2.219,,,
[1758212598689955694],6.333,-2.634,3.297,,,
[1758212598695061736],5.679,-2.796,3.84,,,
[1758212598700387621],6.821,-2.871,3.543,,,
[1758212598705894392],7.824,-3.895,4.405,,,
[1758212598711016111],8.049,-3.809,4.69,,,
[1758212598716156840],8.681,-4.149,4.858,,,
[1758212598721273611],9.055,-4.233,5.274,,,
[1758212598727460798],10.606,-4.884,5.306,,,
[1758212598733981840],10.211,-5.057,4.587,,,
[1758212598739197413],11.741,-5.461,3.972,,,
[1758212598744326736],11.147,-5.763,3.294,,,
[1758212598749442829],13.003,-5.94,2.693,,,
[1758212598754640017],11.926,-6.223,1.762,,,
[1758212598759752048],12.933,-6.127,1.144,,,
[1758212598764857725],12.309,-6.148,0.306,,,
[1758212598769965121],12.22,-5.538,-0.249,,,
[1758212598775122048],10.52,-5.298,-0.871,,,
[1758212598780324184],10.738,-4.745,-1.398,,,
[1758212598785439131],9.242,-4.776,-1.123,,,
[1758212598790542361],9.242,-4.204,-0.946,,,
[1758212598795668454],8.756,-4.262,-0.924,,,
[1758212598800783402],7.733,-3.4,-0.417,,,
[1758212598805976944],7.554,-3.608,-0.048,,,
[1758212598811489079],7.027,-2.981,1.132,,,
[1758212598816641788],6.874,-2.933,1.836,,,
[1758212598821739704],5.449,-2.54,2.081,,,
[1758212598826863923],6.558,-2.677,3.163,,,
[1758212598831957777],5.404,-2.643,3.627,,,
[1758212598837080850],7.252,-3.067,4.405,,,
[1758212598844445746],7.286,-3.917,5.253,,,
[1758212598849644027],8.923,-3.692,5.028,,,
[1758212598854948142],8.602,-4.302,5.092,,,
[1758212598860058819],9.926,-4.75,5.562,,,
[1758212598865196371],10.036,-4.853,5.574,,,
[1758212598870316111],11.076,-4.958,4.281,,,
[1758212598875438298],10.987,-5.974,3.838,,,
[1758212598880545381],11.978,-5.693,2.811,,,
[1758212598885696059],11.801,-6.141,2.677,,,
[1758212598890783923],12.414,-5.93,1.566,,,
[1758212598895867517],12.783,-6.388,1.152,,,
[1758212598900968559],12.553,-5.94,0.024,,,
[1758212598906158663],12.048,-5.962,-0.208,,,
[1758212598911273194],10.647,-5.265,-0.711,,,
[1758212598916889288],11.349,-5.157,-0.299,,,
[1758212598922073819],8.976,-4.681,-0.939,,,
[1758212598927185538],9.943,-4.53,-1.513,,,
[1758212598932349809],7.987,-4.001,-1.326,,,
[1758212598937583090],8.37,-3.804,-0.215,,,
[1758212598942764288],6.656,-3.191,0.031,,,
[1758212598947911788],7.448,-3.23,1.202,,,
[1758212598954250538],5.708,-2.65,1.994,,,
[1758212598959504444],6.771,-2.758,2.861,,,
[1758212598964728715],5.583,-2.923,3.558,,,
[1758212598969833142],6.926,-2.55,3.424,,,
[1758212598974960538],7.077,-3.522,4.173,,,
[1758212598980062100],8.303,-3.73,4.762,,,
[1758212598985174392],8.313,-4.154,5.064,,,
[1758212598990328350],8.851,-4.07,4.8,,,
[1758212598995514496],9.127,-4.53,5.224,,,
[1758212599000621215],10.204,-4.614,5.164,,,
[1758212599005836996],10.269,-5.272,4.561,,,
[1758212599010992777],11.483,-5.404,3.543,,,
[1758212599016127777],12.282,-6.201,3.292,,,
[1758212599021236163],12.0,-5.938,2.023,,,
[1758212599027929652],13.293,-6.316,1.298,,,
[1758212599034289913],12.031,-6.246,0.785,,,
[1758212599039517569],12.775,-5.772,0.259,,,
[1758212599044667673],10.623,-5.464,-0.235,,,
[1758212599049795121],11.303,-5.085,-1.147,,,
[1758212599055001944],9.747,-4.899,-0.962,,,
[1758212599062364183],8.61,-4.175,-1.092,,,
[1758212599068015173],9.536,-4.209,-1.135,,,
[1758212599073225121],6.96,-3.761,-0.311,,,
[1758212599078336058],8.011,-3.4,-0.084,,,
[1758212599083466371],5.83,-3.141,1.25,,,
[1758212599088572569],7.156,-3.129,1.623,,,
[1758212599093681996],5.423,-2.547,1.994,,,
[1758212599098792517],6.845,-2.77,2.976,,,
[1758212599104037777],4.913,-2.765,3.486,,,
[1758212599109252725],7.47,-3.179,3.926,,,
[1758212599114385590],7.393,-3.807,4.671,,,
[1758212599119501736],8.844,-3.883,4.927,,,
[1758212599124636371],8.365,-4.044,5.215,,,
[1758212599129747413],9.907,-4.477,5.418,,,
[1758212599135220381],9.369,-4.831,5.586,,,
[1758212599140357933],10.8,-4.944,4.645,,,
[1758212599145481527],10.942,-5.614,4.47,,,
[1758212599150588663],11.741,-5.413,3.297,,,
[1758212599155788715],12.045,-5.906,2.452,,,
[1758212599160956163],12.297,-5.911,1.446,,,
[1758212599166393142],12.919,-6.251,0.797,,,
[1758212599171570485],12.012,-6.117,0.467,,,
[1758212599176765069],12.292,-5.926,0.639,,,
[1758212599181995850],10.716,-5.325,-0.345,,,
[1758212599187124131],11.164,-5.248,-0.611,,,
[1758212599192264235],9.445,-4.808,-0.816,,,
[1758212599197403819],9.816,-4.733,-0.802,,,
[1758212599202716892],8.097,-3.991,-0.821,,,
[1758212599207902152],9.038,-4.003,-0.733,,,
[1758212599213112881],6.946,-3.668,-0.321,,,
[1758212599218291006],7.786,-3.194,0.824,,,
[1758212599223539392],5.911,-3.01,1.369,,,
[1758212599228649965],7.187,-2.866,1.877,,,
[1758212599233792048],5.346,-2.48,3.227,,,
[1758212599238910798],7.015,-3.002,3.601,,,
[1758212599244544600],6.213,-3.112,4.056,,,
[1758212599249719444],8.126,-3.649,4.709,,,
[1758212599254889860],7.848,-3.938,5.217,,,
[1758212599260042725],9.136,-3.833,5.114,,,
[1758212599265195642],8.583,-4.175,5.892,,,
[1758212599270307256],10.151,-4.846,4.975,,,
[1758212599276585433],10.898,-5.356,4.513,,,
[1758212599283141475],10.652,-5.495,4.199,,,
[1758212599288348194],12.857,-6.108,2.363,,,
[1758212599293492725],11.487,-6.041,2.239,,,
[1758212599298629235],13.197,-6.182,1.626,,,
[1758212599303855381],11.89,-6.23,0.761,,,
[1758212599308974548],13.364,-6.038,0.192,,,
[1758212599314107152],10.92,-5.629,0.089,,,
[1758212599319228819],11.897,-5.43,-0.678,,,
[1758212599324386423],9.996,-4.875,-1.125,,,
[1758212599329568506],10.518,-4.752,-0.819,,,
[1758212599334690850],8.799,-4.621,-1.049,,,
[1758212599339792881],9.026,-3.886,-0.828,,,
[1758212599344924288],7.46,-3.699,-0.52,,,
[1758212599351382465],7.214,-3.17,0.117,,,
[1758212599357784860],7.039,-3.194,1.401,,,
[1758212599364146423],5.614,-2.741,1.848,,,
[1758212599369382673],6.685,-2.485,3.156,,,
[1758212599374494600],5.397,-2.667,3.941,,,
[1758212599379594496],7.233,-3.024,3.445,,,
[1758212599384742777],6.764,-3.56,4.41,,,
[1758212599392078975],7.772,-3.9,4.47,,,
[1758212599397359183],9.249,-4.226,5.239,,,
[1758212599402560329],8.916,-4.355,5.55,,,
[1758212599407745850],10.709,-4.889,5.195,,,
[1758212599413395329],9.79,-5.2,4.721,,,
[1758212599418522621],11.978,-5.394,4.245,,,
[1758212599423611162],10.977,-5.789,3.206,,,
[1758212599428712777],12.756,-6.065,2.88,,,
[1758212599433836787],11.844,-6.194,1.652,,,
[1758212599438941267],13.214,-6.268,0.804,,,
[1758212599444055902],12.112,-6.005,0.385,,,
[1758212599449210694],12.555,-5.823,-0.132,,,
[1758212599454457517],10.151,-5.2,-0.285,,,
[1758212599460016319],10.647,-4.841,-0.685,,,
[1758212599465164235],9.491,-4.882,-0.532,,,
[1758212599470266579],9.622,-4.271,-1.166,,,
[1758212599475409444],8.6,-4.152,-0.962,,,
[1758212599480500902],8.162,-3.419,-0.608,,,
[1758212599485597933],7.312,-3.433,-0.041,,,
[1758212599490692517],7.12,-3.146,0.905,,,
[1758212599495837933],6.096,-3.01,1.587,,,
[1758212599502320746],5.626,-2.689,2.344,,,
[1758212599508823610],6.62,-2.844,3.033,,,
[1758212599514052985],5.464,-2.842,3.67,,,
[1758212599519186110],7.891,-3.467,4.721,,,
[1758212599524331631],7.24,-3.761,4.52,,,
[1758212599529429131],9.033,-4.111,4.482,,,
[1758212599534517256],8.538,-4.19,5.27,,,
[1758212599539596267],9.876,-4.673,5.526,,,
[1758212599544732777],9.61,-4.901,5.191,,,
[1758212599549869704],11.267,-5.167,4.434,,,
[1758212599555135798],10.472,-5.571,4.008,,,
[1758212599560370537],11.964,-5.583,2.861,,,
[1758212599565999912],11.909,-6.108,2.358,,,
[1758212599571114652],12.586,-5.914,1.578,,,
[1758212599576220173],13.051,-6.416,1.027,,,
[1758212599581330329],11.937,-5.832,0.299,,,
[1758212599586479860],11.861,-5.753,0.151,,,
[1758212599591632673],10.537,-4.97,-0.816,,,
[1758212599596768923],10.762,-5.131,-0.778,,,
[1758212599601982829],9.787,-4.705,-1.161,,,
[1758212599607513714],9.857,-4.482,-1.159,,,
[1758212599612737308],7.908,-4.039,-0.771,,,
[1758212599617854704],8.564,-3.821,-0.534,,,
[1758212599622982933],6.601,-3.254,0.036,,,
[1758212599628088246],7.365,-3.232,1.48,,,
[1758212599633176006],5.528,-2.804,2.088,,,
[1758212599638243662],6.922,-2.854,2.339,,,
[1758212599643393662],5.361,-2.758,2.974,,,
[1758212599648639444],7.178,-2.931,3.622,,,
[1758212599653845017],6.278,-3.103,3.857,,,
[1758212599658976735],8.428,-3.96,4.441,,,
[1758212599664214339],7.238,-3.97,4.846,,,
[1758212599669342829],9.603,-4.197,5.545,,,
[1758212599674829496],9.005,-4.436,5.583,,,
[1758212599679971006],10.422,-4.695,5.32,,,
[1758212599685071944],10.233,-5.363,5.262,,,
[1758212599690181631],11.6,-5.255,3.747,,,
[1758212599695387881],11.463,-6.065,3.287,,,
[1758212599700567100],12.215,-5.902,2.523,,,
[1758212599705811162],12.39,-6.428,2.052,,,
[1758212599713312621],11.882,-6.23,0.579,,,
[1758212599718556892],13.07,-6.074,0.101,,,
[1758212599723681423],10.793,-5.373,0.457,,,
[1758212599728773350],11.55,-5.356,-0.572,,,
[1758212599733916110],9.493,-4.951,-0.989,,,
[1758212599739023194],10.302,-4.863,-1.135,,,
[1758212599744137569],8.626,-4.319,-1.506,,,
[1758212599749265537],9.287,-4.061,-0.886,,,
[1758212599754505225],7.149,-3.613,-0.627,,,
[1758212599759670173],8.112,-3.251,0.196,,,
[1758212599764906996],6.199,-2.923,1.528,,,
[1758212599770021475],6.658,-2.725,1.767,,,
[1758212599775172048],5.581,-2.571,2.545,,,
[1758212599780689704],6.148,-2.509,3.5,,,
[1758212599785835225],6.493,-3.017,3.96,,,
[1758212599790957048],7.238,-3.189,4.398,,,
[1758212599796099496],7.966,-3.74,4.616,,,
[1758212599801320694],8.351,-3.689,4.755,,,
[1758212599806565329],9.072,-4.384,5.236,,,
[1758212599811707829],9.651,-4.515,4.808,,,
[1758212599816880329],10.451,-5.069,4.961,,,
[1758212599822427777],10.285,-5.071,4.465,,,
[1758212599828749496],12.134,-5.775,4.044,,,
[1758212599834000902],11.291,-5.892,2.571,,,
[1758212599839136266],13.06,-6.155,1.757,,,
[1758212599844267621],11.653,-6.084,1.36,,,
[1758212599849384548],13.403,-6.223,0.886,,,
[1758212599854606214],11.811,-6.098,0.086,,,
[1758212599859721944],12.038,-5.356,0.184,,,
[1758212599864848350],9.816,-5.222,0.407,,,
[1758212599870023558],10.661,-4.831,-0.321,,,
[1758212599875256579],9.048,-4.745,-0.97,,,
[1758212599880378506],9.445,-4.228,-1.219,,,
[1758212599885829444],8.387,-4.118,-0.534,,,
[1758212599891064079],7.604,-3.448,-0.788,,,
[1758212599896206110],7.422,-3.488,0.283,,,
[1758212599901396996],6.79,-3.0,1.307,,,
[1758212599906664860],6.713,-2.818,1.887,,,
[1758212599911745902],6.129,-2.571,2.322,,,
[1758212599916836996],6.299,-2.895,3.706,,,
[1758212599921967777],6.191,-2.911,3.711,,,
[1758212599927542516],7.638,-3.553,4.451,,,
[1758212599932813454],7.434,-3.78,5.262,,,
[1758212599937917308],8.744,-4.216,5.329,,,
[1758212599943111214],8.162,-4.374,5.227,,,
[1758212599948253037],10.424,-4.839,5.442,,,
[1758212599953488923],9.534,-4.81,4.575,,,
[1758212599958639704],11.602,-5.291,4.204,,,
[1758212599963799912],10.793,-5.631,3.819,,,
[1758212599968911631],12.622,-5.959,2.713,,,
[1758212599974063141],11.42,-5.713,2.188,,,
[1758212599979193089],13.194,-6.091,1.542,,,
[1758212599984309496],11.993,-6.273,1.331,,,
[1758212599989453871],13.228,-6.072,0.532,,,
[1758212600000743714],10.839,-5.2,-0.311,,,
[1758212600007060641],10.453,-4.975,-0.991,,,
[1758212600012361839],8.763,-4.436,-1.508,,,
[1758212600017495277],9.457,-4.429,-1.346,,,
[1758212600022665694],7.599,-3.881,-1.094,,,
[1758212600027798402],8.315,-3.919,-0.201,,,
[1758212600033279183],6.381,-3.29,0.687,,,
[1758212600038364496],7.333,-3.213,1.815,,,
[1758212600043545694],5.267,-2.581,2.239,,,
[1758212600048752673],6.725,-2.784,2.397,,,
[1758212600054037464],5.473,-2.816,3.503,,,
[1758212600059200954],6.895,-2.914,4.101,,,
[1758212600064335277],6.855,-3.517,4.166,,,
[1758212600069513975],8.722,-3.833,4.685,,,
[1758212600074684183],7.97,-3.814,5.102,,,
[1758212600079844339],9.567,-4.192,5.385,,,
[1758212600084978714],8.945,-4.307,5.375,,,
[1758212600090060537],10.733,-4.875,4.614,,,
[1758212600095186891],10.266,-5.466,4.695,,,
[1758212600100390225],11.605,-5.495,3.9,,,
[1758212600106025121],12.096,-5.99,2.519,,,
[1758212600111204860],12.459,-5.947,1.705,,,
[1758212600116317725],12.591,-6.361,1.767,,,
[1758212600121409496],12.708,-6.019,0.546,,,
[1758212600126541943],12.565,-6.024,0.555,,,
[1758212600131622829],11.145,-5.231,-0.204,,,
[1758212600136711371],10.908,-5.409,-0.491,,,
[1758212600143686266],9.364,-4.81,-1.274,,,
[1758212600150508923],9.926,-4.348,-1.24,,,
[1758212600155936423],8.511,-4.434,-1.111,,,
[1758212600161049964],8.329,-3.551,-0.594,,,
[1758212600166185329],7.247,-3.615,-0.029,,,
[1758212600171259652],7.271,-3.036,0.532,,,
[1758212600176339339],6.292,-3.01,1.422,,,
[1758212600181428714],6.297,-2.468,1.968,,,
[1758212600186573975],6.574,-2.799,3.227,,,
[1758212600192007048],5.72,-2.607,3.484,,,
[1758212600198369183],7.733,-3.251,4.13,,,
[1758212600203631058],6.898,-3.725,4.214,,,
[1758212600208739756],9.002,-4.238,4.609,,,
[1758212600214198818],8.102,-3.903,4.958,,,
[1758212600219292881],9.831,-4.537,5.468,,,
[1758212600224359964],9.294,-4.736,5.499,,,
[1758212600229451266],11.576,-5.236,4.69,,,
[1758212600234596787],10.274,-5.586,4.511,,,
[1758212600239729704],12.438,-5.816,3.17,,,
[1758212600244949912],11.892,-6.06,2.241,,,
[1758212600250368350],12.778,-5.993,1.875,,,
[1758212600255573766],12.067,-6.278,1.441,,,
[1758212600260679391],12.972,-5.863,0.11,,,
[1758212600265780798],11.779,-5.792,0.041,,,
[1758212600270938037],11.016,-4.985,-0.39,,,
[1758212600276137152],10.611,-5.344,-0.323,,,
[1758212600281279287],9.814,-4.621,-0.749,,,
[1758212600286534964],9.538,-4.48,-1.372,,,
[1758212600291670954],8.837,-3.943,-1.487,,,
[1758212600296803923],8.042,-3.804,-0.196,,,
[1758212600301994808],6.859,-3.22,-0.268,,,
[1758212600307218402],7.238,-3.335,0.644,,,
[1758212600312348350],5.732,-2.89,1.231,,,
[1758212600317503766],6.589,-2.909,2.739,,,
[1758212600322970954],5.334,-2.729,3.139,,,
[1758212600328108975],6.886,-3.017,3.759,,,
[1758212600333384652],5.99,-3.072,3.79,,,
[1758212600338566266],8.504,-3.802,4.712,,,
[1758212600343781214],7.499,-3.881,5.308,,,
[1758212600348918870],9.337,-4.245,5.385,,,
[1758212600354689391],8.77,-4.381,5.394,,,
[1758212600360005016],10.374,-4.86,4.997,,,
[1758212600365180016],10.276,-5.128,4.59,,,
[1758212600370354808],11.686,-5.648,4.398,,,
[1758212600375607360],11.36,-5.885,3.249,,,
[1758212600380709600],12.455,-5.897,2.028,,,
[1758212600385852412],11.827,-6.342,1.992,,,
[1758212600390967725],12.893,-6.019,1.142,,,
[1758212600396100850],12.752,-6.124,0.553,,,
[1758212600401194027],11.669,-5.44,0.402,,,
[1758212600406390173],10.915,-5.499,0.129,,,
[1758212600411818558],10.405,-5.021,-0.663,,,
[1758212600417388193],10.247,-5.037,-0.771,,,
[1758212600422575016],8.772,-4.422,-1.3,,,
[1758212600427704495],9.328,-4.142,-0.934,,,
[1758212600435139600],7.087,-3.527,-0.045,,,
[1758212600440377516],7.573,-3.196,0.285,,,
[1758212600445480485],6.278,-3.316,1.64,,,
[1758212600450574079],6.759,-2.684,2.37,,,
[1758212600455780745],5.895,-2.895,2.638,,,
[1758212600460931370],6.507,-2.636,3.515,,,
[1758212600467283245],7.355,-3.074,4.128,,,
[1758212600472566214],6.67,-3.452,4.262,,,
[1758212600477658870],8.751,-4.015,5.181,,,
[1758212600482850954],7.93,-3.84,5.574,,,
[1758212600487954495],9.625,-4.513,5.646,,,
[1758212600493051839],9.141,-4.736,5.183,,,
[1758212600498159756],10.953,-5.207,4.642,,,
[1758212600503445850],9.938,-5.057,4.453,,,
[1758212600508906110],12.232,-5.681,3.642,,,
[1758212600514465537],11.368,-5.923,2.952,,,
[1758212600519589860],12.895,-5.988,1.982,,,
[1758212600524739756],12.143,-6.122,1.444,,,
[1758212600529832152],13.309,-6.287,0.771,,,
[1758212600535009964],11.952,-5.942,0.136,,,
[1758212600540139808],12.002,-5.207,-0.309,,,
[1758212600545747725],10.166,-5.157,-0.433,,,
[1758212600551097568],10.57,-4.872,-1.085,,,
[1758212600556870537],9.809,-4.628,-0.974,,,
[1758212600562047412],8.698,-4.29,-1.199,,,
[1758212600567179027],8.543,-4.204,-0.745,,,
[1758212600573624443],6.706,-3.261,-0.263,,,
[1758212600578876162],7.812,-3.45,0.673,,,
[1758212600584000120],5.796,-2.883,1.844,,,
[1758212600589111475],7.099,-2.775,1.968,,,
[1758212600594263454],5.267,-2.732,2.942,,,
[1758212600599368766],6.984,-2.741,3.479,,,
[1758212600604548766],6.263,-3.026,4.166,,,
[1758212600609712204],8.15,-3.603,4.568,,,
[1758212600614873141],7.324,-3.656,5.049,,,
[1758212600620088506],9.225,-3.85,5.037,,,
[1758212600625269079],8.796,-4.288,4.695,,,
[1758212600630375068],10.072,-4.515,5.262,,,
[1758212600635498975],9.924,-5.138,4.98,,,
[1758212600640595902],11.004,-5.181,4.305,,,
[1758212600645743245],11.435,-5.801,3.761,,,
[1758212600651341058],12.055,-5.952,2.16,,,
[1758212600656537256],12.378,-6.134,2.164,,,
[1758212600661700277],12.395,-6.108,1.24,,,
[1758212600666849183],13.099,-6.424,0.613,,,
[1758212600671961787],11.7,-5.794,0.184,,,
[1758212600677133454],11.569,-5.409,-0.189,,,
[1758212600682744808],9.948,-4.891,-0.795,,,
[1758212600687911162],10.822,-5.035,-0.625,,,
[1758212600693178037],8.899,-4.731,-1.027,,,
[1758212600698324287],9.936,-4.365,-1.085,,,
[1758212600703583818],7.494,-3.852,-0.294,,,
[1758212600708780224],8.092,-3.455,-0.429,,,
[1758212600713913714],6.093,-3.17,0.771,,,
[1758212600719014495],7.233,-3.146,1.609,,,
[1758212600724175224],5.083,-2.758,2.112,,,
[1758212600729321266],6.761,-2.986,2.928,,,
[1758212600734473454],5.425,-2.617,3.596,,,
[1758212600739761474],7.068,-3.021,3.95,,,
[1758212600746470224],7.659,-3.814,4.295,,,
[1758212600751732933],8.301,-3.903,4.695,,,
[1758212600757291058],9.052,-4.111,5.363,,,
[1758212600763435693],8.485,-4.42,5.42,,,
[1758212600768711474],10.786,-4.946,4.872,,,
[1758212600773833349],10.209,-4.853,4.314,,,
[1758212600778983089],11.878,-5.689,4.061,,,
[1758212600784120016],10.927,-5.914,3.156,,,
[1758212600789553297],13.173,-6.151,2.413,,,
[1758212600794682881],11.667,-6.079,2.126,,,
[1758212600799804599],13.324,-6.098,1.374,,,
[1758212600805088506],12.167,-6.17,-0.067,,,
[1758212600810351162],12.146,-5.665,-0.426,,,
[1758212600815458662],10.534,-5.198,-0.117,,,
[1758212600820560641],10.793,-5.018,-0.943,,,
[1758212600825707777],9.421,-4.834,-0.912,,,
[1758212600830844027],9.704,-4.216,-1.446,,,
[1758212600836012464],8.191,-4.18,-0.625,,,
[1758212600841170172],7.898,-3.63,-0.587,,,
[1758212600846713245],7.52,-3.376,0.144,,,
[1758212600852049547],6.766,-3.124,0.946,,,
[1758212600858563558],7.104,-3.036,2.133,,,
[1758212600863795172],5.461,-2.727,2.423,,,
[1758212600868893037],7.025,-2.851,3.639,,,
[1758212600874035902],5.569,-2.897,3.979,,,
[1758212600879161735],7.812,-3.395,4.365,,,
[1758212600884286579],7.207,-3.836,4.353,,,
[1758212600889382464],9.179,-4.08,4.441,,,
[1758212600894894027],8.092,-4.085,5.339,,,
[1758212600900056110],10.065,-4.367,5.279,,,
[1758212600905372516],9.833,-5.035,4.985,,,
[1758212600910486474],10.977,-4.922,4.99,,,
[1758212600915621787],10.879,-5.425,4.24,,,
[1758212600920715120],12.227,-5.758,3.244,,,
[1758212600925920641],11.662,-6.232,2.598,,,
[1758212600931031891],12.811,-6.005,1.367,,,
[1758212600936126058],12.22,-6.395,0.986,,,
[1758212600941216214],12.936,-5.969,-0.256,,,
[1758212600946376526],11.827,-5.669,0.057,,,
[1758212600951593089],10.707,-4.867,-0.383,,,
[1758212600959664235],11.049,-4.812,-1.31,,,
[1758212600964978089],8.847,-4.439,-1.267,,,
[1758212600970126370],9.73,-4.503,-0.934,,,
[1758212600975245276],7.365,-3.788,-0.836,,,
[1758212600980352985],8.325,-3.428,-0.139,,,
[1758212600985494704],6.68,-3.247,0.699,,,
[1758212600990618922],6.687,-2.907,1.113,,,
[1758212600995785849],6.062,-2.842,1.712,,,
[1758212601001268089],6.402,-2.571,3.096,,,
[1758212601006565329],6.515,-2.974,3.239,,,
[1758212601011723558],6.622,-2.875,3.579,,,
[1758212601017047360],7.709,-3.414,4.108,,,
[1758212601023726266],7.578,-3.967,5.006,,,
[1758212601028855849],9.462,-4.025,5.102,,,
[1758212601034002881],8.384,-4.156,5.315,,,
[1758212601039177829],10.441,-5.054,5.14,,,
[1758212601044478506],9.68,-4.98,4.896,,,
[1758212601050975849],11.483,-5.217,4.551,,,
[1758212601056274079],11.741,-5.832,2.923,,,
[1758212601061390537],12.366,-6.005,2.392,,,
[1758212601066538454],12.333,-6.342,2.265,,,
[1758212601072742933],12.084,-6.141,0.986,,,
[1758212601077896006],13.096,-6.258,0.204,,,
[1758212601083059599],10.822,-5.653,-0.084,,,
[1758212601088350954],11.6,-5.191,-0.824,,,
[1758212601093599860],9.567,-4.894,-0.634,,,
[1758212601098726787],10.348,-4.884,-0.936,,,
[1758212601103947620],8.248,-4.372,-1.176,,,
[1758212601109440329],9.208,-4.142,-0.725,,,
[1758212601114604391],7.163,-3.522,-0.35,,,
[1758212601119723662],7.997,-3.318,0.019,,,
[1758212601124855901],6.203,-2.931,1.199,,,
[1758212601129965329],6.862,-3.029,2.069,,,
[1758212601135241839],5.54,-2.772,2.49,,,
[1758212601140363974],6.737,-2.588,2.969,,,
[1758212601145453922],5.734,-2.734,3.508,,,
[1758212601150561110],7.642,-3.242,4.015,,,
[1758212601155817620],7.647,-3.723,4.544,,,
[1758212601160958297],8.37,-3.618,4.999,,,
[1758212601166041214],8.768,-4.48,5.734,,,
[1758212601171148818],9.299,-4.518,5.454,,,
[1758212601176338818],9.912,-4.86,5.016,,,
[1758212601181935120],10.376,-5.066,4.374,,,
[1758212601187100849],11.679,-5.78,4.209,,,
[1758212601192260849],11.581,-5.792,3.254,,,
[1758212601197395901],12.538,-6.153,2.662,,,
[1758212601202667047],12.06,-5.995,1.583,,,
[1758212601207884912],13.182,-6.302,1.149,,,
[1758212601213078766],11.88,-5.976,0.529,,,
[1758212601218515016],12.541,-5.895,-0.362,,,
[1758212601223718714],10.127,-5.234,-0.577,,,
[1758212601229005068],11.03,-4.846,-1.178,,,
[1758212601234118974],8.775,-4.729,-0.982,,,
[1758212601239219703],9.931,-4.805,-1.314,,,
[1758212601244401839],7.903,-3.994,-0.879,,,
[1758212601249516943],8.643,-3.967,-0.543,,,
[1758212601254730953],6.732,-3.141,-0.182,,,
[1758212601259850849],7.53,-3.086,1.166,,,
[1758212601265077776],5.648,-2.794,1.908,,,
[1758212601270342985],6.632,-2.682,2.246,,,
[1758212601275445485],5.701,-2.88,3.273,,,
[1758212601280577464],6.613,-2.66,3.757,,,
[1758212601285751995],6.383,-3.141,4.094,,,
[1758212601291242256],8.016,-3.414,4.669,,,
[1758212601296354912],8.315,-4.058,4.671,,,
[1758212601301457620],8.792,-3.991,4.657,,,
[1758212601306661474],9.457,-4.547,5.521,,,
[1758212601311779860],9.735,-4.492,4.836,,,
[1758212601316911891],10.582,-5.198,4.879,,,
[1758212601322056631],11.181,-5.262,4.094,,,
[1758212601327656266],12.055,-6.014,3.22,,,
[1758212601332999131],11.583,-6.108,2.571,,,
[1758212601338130849],12.91,-6.34,2.325,,,
[1758212601343205849],11.856,-6.081,1.075,,,
[1758212601348297776],13.601,-6.282,0.766,,,
[1758212601353505381],11.32,-5.653,0.254,,,
[1758212601358674026],11.93,-5.349,-0.086,,,
[1758212601363825276],9.919,-5.073,-0.778,,,
[1758212601368932516],10.613,-5.174,-1.518,,,
[1758212601374224860],8.765,-4.338,-1.532,,,
[1758212601379372516],9.649,-4.262,-1.659,,,
[1758212601384512047],7.223,-3.783,-0.431,,,
[1758212601389607308],8.31,-3.484,0.299,,,
[1758212601394776526],6.282,-2.914,0.795,,,
[1758212601400243610],7.35,-2.856,2.018,,,
[1758212601405519026],5.873,-2.72,2.236,,,
[1758212601410687516],6.103,-2.495,3.146,,,
[1758212601415814287],5.576,-2.763,3.385,,,
[1758212601420910641],7.068,-3.16,3.395,,,
[1758212601426008714],7.061,-3.656,4.46,,,
[1758212601431139599],8.341,-3.531,4.676,,,
[1758212601437637933],9.323,-4.322,5.162,,,
[1758212601444054443],8.301,-4.405,5.887,,,
[1758212601449297203],10.819,-4.942,5.488,,,
[1758212601454519183],10.285,-4.951,4.875,,,
[1758212601459627828],11.799,-5.478,4.223,,,
[1758212601464765224],11.179,-5.581,2.919,,,
[1758212601469861005],12.955,-6.129,2.365,,,
[1758212601474964703],11.906,-6.021,2.04,,,
[1758212601480053558],13.326,-6.208,0.84,,,
[1758212601485220276],12.51,-6.065,0.385,,,
[1758212601490418870],12.457,-5.511,0.014,,,
[1758212601495530172],10.645,-5.262,-0.474,,,
[1758212601500639755],10.908,-4.932,-0.828,,,
[1758212601506253089],9.407,-4.762,-1.003,,,
[1758212601511370589],9.498,-4.211,-1.365,,,
[1758212601516487724],8.432,-4.073,-1.02,,,
[1758212601521622516],8.413,-3.479,-0.723,,,
[1758212601526854443],7.705,-3.558,0.132,,,
[1758212601531951162],6.792,-3.151,0.903,,,
[1758212601537074287],6.457,-2.998,1.702,,,
[1758212601542448922],6.086,-2.555,2.03,,,
[1758212601547654495],6.352,-2.892,3.112,,,
[1758212601552984287],5.576,-2.775,3.299,,,
[1758212601558134339],7.666,-3.278,3.915,,,
[1758212601563310172],7.19,-3.551,4.142,,,
[1758212601568424860],8.902,-3.833,4.915,,,
[1758212601573518974],7.968,-4.192,5.215,,,
[1758212601578691787],9.519,-4.664,5.516,,,
[1758212601583843193],9.12,-4.666,5.061,,,
[1758212601588975120],11.629,-5.346,4.422,,,
[1758212601594104391],10.369,-5.241,4.293,,,
[1758212601599267828],12.543,-5.83,4.113,,,
[1758212601604702464],11.38,-5.942,2.114,,,
[1758212601609883714],13.101,-6.211,1.422,,,
[1758212601615366474],12.139,-6.28,0.943,,,
[1758212601620493141],13.115,-6.206,0.472,,,
[1758212601625681995],11.638,-5.744,0.146,,,
[1758212601630812672],11.813,-5.186,-0.546,,,
[1758212601635973089],10.364,-5.085,-0.587,,,
[1758212601641099703],9.912,-4.721,-1.216,,,
[1758212601646505016],9.21,-4.882,-1.243,,,
[1758212601653221057],7.875,-3.95,-1.286,,,
[1758212601658449182],8.282,-3.752,-0.666,,,
[1758212601663599443],6.618,-3.22,0.225,,,
[1758212601668705589],7.573,-3.177,1.192,,,
[1758212601673839182],5.499,-2.703,1.63,,,
[1758212601678935589],6.859,-2.641,2.607,,,
[1758212601684015432],5.341,-2.715,3.208,,,
[1758212601689228401],6.986,-2.851,3.785,,,
[1758212601694419755],6.227,-3.129,3.898,,,
[1758212601699595589],8.677,-3.883,4.918,,,
[1758212601704819651],7.491,-3.812,4.882,,,
[1758212601709978922],9.309,-4.025,5.21,,,
[1758212601715126422],8.842,-4.436,5.318,,,
[1758212601720730953],10.274,-4.82,5.181,,,
[1758212601725890953],10.391,-5.205,4.535,,,
[1758212601731031682],11.796,-5.389,4.223,,,
[1758212601736183818],11.645,-5.95,3.11,,,
[1758212601741255537],12.268,-5.976,2.567,,,
[1758212601748466682],13.281,-6.304,1.719,,,
[1758212601756796839],12.079,-6.141,0.479,,,
[1758212601762134755],11.837,-5.466,-0.266,,,
[1758212601767404287],11.519,-5.356,-0.345,,,
[1758212601772591110],10.008,-4.887,-0.802,,,
[1758212601777705276],10.163,-4.913,-1.037,,,
[1758212601782980328],8.906,-4.532,-1.233,,,
[1758212601788094964],9.285,-4.053,-1.31,,,
[1758212601793195953],7.386,-3.845,-0.807,,,
[1758212601798316109],8.38,-3.503,-0.204,,,
[1758212601803753505],6.105,-3.089,0.802,,,
[1758212601810660484],6.809,-2.787,1.879,,,
[1758212601817284495],6.273,-2.61,2.643,,,
[1758212601824081526],5.44,-2.813,3.838,,,
[1758212601829321734],7.417,-3.223,4.393,,,
[1758212601834439339],7.046,-3.567,4.372,,,
[1758212601839537151],9.191,-4.314,4.439,,,
[1758212601844655641],7.975,-4.219,5.049,,,
[1758212601849944234],9.653,-4.372,4.774,,,
[1758212601856266526],9.577,-5.023,4.829,,,
[1758212601861564391],10.862,-4.882,4.468,,,
[1758212601868023297],11.495,-5.672,4.542,,,
[1758212601874430693],11.073,-5.763,2.682,,,
[1758212601879742568],13.068,-5.871,1.755,,,
[1758212601884901734],11.851,-6.007,1.686,,,
[1758212601890013505],13.285,-6.144,1.12,,,
[1758212601895123609],11.835,-5.847,0.278,,,
[1758212601900220068],12.397,-5.492,0.371,,,
[1758212601905471422],10.075,-5.114,-0.206,,,
[1758212601910617672],10.695,-4.858,-1.226,,,
[1758212601915797880],9.196,-4.836,-1.082,,,
[1758212601921036422],9.433,-4.46,-1.233,,,
[1758212601926182359],7.973,-4.039,-0.661,,,
[1758212601932789443],7.108,-3.481,-0.563,,,
[1758212601938058766],7.712,-3.242,0.223,,,
[1758212601943155484],5.988,-2.993,1.949,,,
[1758212601948237359],7.017,-2.854,2.535,,,
[1758212601953409026],5.662,-2.641,2.921,,,
[1758212601958531266],6.67,-2.947,3.584,,,
[1758212601963654859],5.804,-2.966,3.788,,,
[1758212601968769807],7.951,-3.587,4.343,,,
[1758212601974250589],7.183,-3.874,4.348,,,
[1758212601979481787],9.244,-4.063,5.104,,,
[1758212601984594287],7.977,-4.192,5.485,,,
[1758212601989697932],10.331,-4.669,5.636,,,
[1758212601994814287],9.665,-4.805,5.083,,,
[1758212601999931682],11.423,-5.224,4.245,,,
[1758212602005135068],10.781,-5.65,3.381,,,
[1758212602010262776],12.637,-5.916,2.875,,,
[1758212602015441943],11.677,-5.827,2.095,,,
[1758212602020592411],13.161,-5.988,1.867,,,
[1758212602025790380],12.371,-6.223,1.537,,,
[1758212602030949391],12.656,-5.945,0.749,,,
[1758212602036096526],11.114,-5.665,0.086,,,
[1758212602043767724],10.001,-5.112,-0.572,,,
[1758212602049032880],10.891,-4.939,-0.757,,,
[1758212602054245953],8.784,-4.712,-1.089,,,
[1758212602059367672],9.761,-4.417,-0.943,,,
[1758212602064502047],7.501,-3.838,-0.728,,,
[1758212602069607984],8.452,-3.316,0.208,,,
[1758212602074723766],6.249,-3.132,1.154,,,
[1758212602080251474],6.996,-2.811,1.925,,,
[1758212602085393297],5.416,-2.674,2.483,,,
[1758212602090483661],6.893,-2.473,3.194,,,
[1758212602095606214],5.413,-2.531,3.915,,,
[1758212602100705745],7.08,-2.976,3.989,,,
[1758212602105942464],6.785,-3.745,4.475,,,
[1758212602111078297],8.396,-3.606,4.705,,,
[1758212602116230172],8.38,-4.025,5.289,,,
[1758212602121354339],9.072,-4.365,5.277,,,
[1758212602126567828],9.515,-4.638,5.308,,,
[1758212602131668297],10.444,-4.606,4.81,,,
[1758212602136802151],10.669,-5.337,4.389,,,
[1758212602141895068],11.679,-5.514,3.357,,,
[1758212602148763661],12.778,-5.99,2.655,,,
[1758212602155441370],11.887,-6.179,1.97,,,
[1758212602161973818],12.668,-6.096,0.718,,,
[1758212602167216370],12.634,-6.048,0.256,,,
[1758212602172382568],11.147,-5.509,-0.215,,,
[1758212602177490901],11.044,-5.327,-0.455,,,
[1758212602182692411],9.862,-4.863,-0.472,,,
[1758212602188173036],10.36,-4.733,-1.159,,,
[1758212602193281318],8.638,-4.156,-1.341,,,
[1758212602198374078],9.234,-4.295,-1.008,,,
[1758212602203586474],7.317,-3.481,-0.682,,,
[1758212602208801109],8.083,-3.498,0.347,,,
[1758212602213919599],6.342,-3.084,1.362,,,
[1758212602219001786],6.996,-2.962,2.014,,,
[1758212602224128661],5.308,-2.634,2.562,,,
[1758212602229223661],6.948,-2.83,3.541,,,
[1758212602234444130],5.76,-2.873,3.838,,,
[1758212602239604130],7.678,-3.412,3.958,,,
[1758212602244760016],7.276,-3.618,3.991,,,
[1758212602249953766],8.995,-4.073,4.934,,,
[1758212602255587203],8.526,-4.228,5.373,,,
[1758212602260692984],10.262,-4.429,5.102,,,
[1758212602265806526],9.522,-4.824,5.38,,,
[1758212602270942984],11.186,-5.215,4.259,,,
[1758212602276066474],10.803,-5.657,3.912,,,
[1758212602281146057],12.146,-5.586,3.23,,,
[1758212602286253453],11.71,-6.242,2.883,,,
[1758212602291338766],12.378,-5.962,1.784,,,
[1758212602296896266],12.582,-6.364,1.314,,,
[1758212602303753609],11.545,-5.883,0.524,,,
[1758212602310409130],11.799,-5.262,-0.034,,,
[1758212602315814078],10.082,-5.167,-0.833,,,
[1758212602320969547],10.427,-4.633,-1.046,,,
[1758212602326111526],8.976,-4.817,-1.451,,,
[1758212602331205953],9.474,-3.871,-1.197,,,
[1758212602336307359],7.853,-3.929,-0.345,,,
[1758212602341385484],8.018,-3.302,-0.089,,,
[1758212602346505224],6.888,-3.223,0.73,,,
[1758212602351711838],6.661,-2.617,1.642,,,
[1758212602357022307],6.337,-2.761,2.294,,,
[1758212602363561526],5.358,-2.643,3.144,,,
[1758212602368765536],7.147,-3.132,3.692,,,
[1758212602373863505],5.851,-2.976,3.857,,,
[1758212602378960224],8.487,-3.819,4.42,,,
[1758212602384095484],7.494,-3.926,5.303,,,
[1758212602389201109],9.323,-4.183,5.207,,,
[1758212602394300016],8.42,-4.164,5.069,,,
[1758212602399415432],10.683,-4.851,5.478,,,
[1758212602404984338],9.656,-5.037,5.001,,,
[1758212602410203088],11.715,-5.418,4.362,,,
[1758212602415321995],10.879,-5.76,3.723,,,
[1758212602420416266],12.725,-5.909,2.696,,,
[1758212602425556318],11.849,-6.163,2.332,,,
[1758212602430637255],12.797,-6.091,1.523,,,
[1758212602435732776],12.052,-6.292,0.543,,,
[1758212602440826630],12.646,-5.796,0.172,,,
[1758212602445947880],10.645,-5.224,0.232,,,
[1758212602451083922],11.107,-4.968,-0.73,,,
[1758212602456349234],9.735,-5.054,-0.974,,,
[1758212602461557307],9.953,-4.396,-0.907,,,
[1758212602466796422],9.342,-4.41,-1.336,,,
[1758212602472425901],7.884,-3.943,-0.883,,,
[1758212602477611630],7.954,-3.682,0.043,,,
[1758212602482815276],6.44,-3.084,0.414,,,
[1758212602488006578],6.96,-3.108,1.791,,,
[1758212602493239599],5.765,-2.456,1.903,,,
[1758212602498657620],6.572,-2.672,3.433,,,
[1758212602503908193],5.308,-2.559,3.625,,,
[1758212602509044807],7.494,-3.342,3.85,,,
[1758212602514607099],6.778,-3.452,4.638,,,
[1758212602519864859],8.935,-4.065,4.733,,,
[1758212602524998245],8.013,-4.135,4.662,,,
[1758212602530092411],9.713,-4.204,5.054,,,
[1758212602535249651],9.234,-4.69,5.31,,,
[1758212602540377568],11.234,-5.112,4.812,,,
[1758212602545512411],10.156,-5.138,4.719,,,
[1758212602550636838],12.17,-5.957,3.474,,,
[1758212602555913349],11.815,-6.038,2.516,,,
[1758212602561164599],12.594,-6.122,2.27,,,
[1758212602566294078],12.206,-6.184,1.654,,,
[1758212602571443557],12.62,-6.098,0.63,,,
[1758212602576616838],11.978,-6.232,0.376,,,
[1758212602582215172],11.066,-5.222,-0.405,,,
[1758212602587380224],10.894,-5.155,-0.697,,,
[1758212602592535172],9.96,-4.721,-0.903,,,
[1758212602597637880],9.543,-4.719,-0.838,,,
[1758212602602933818],8.859,-4.003,-0.994,,,
[1758212602608141109],8.614,-4.147,-0.314,,,
[1758212602613302203],6.886,-3.45,-0.237,,,
[1758212602618435015],7.7,-3.366,0.658,,,
[1758212602624930536],5.701,-2.94,1.484,,,
[1758212602630154495],6.972,-2.825,2.052,,,
[1758212602635337203],5.526,-2.354,3.211,,,
[1758212602640446630],6.567,-2.813,3.328,,,
[1758212602645583609],6.172,-3.187,4.305,,,
[1758212602650687359],8.135,-3.757,4.381,,,
[1758212602655868713],7.391,-3.809,4.714,,,
[1758212602660996422],9.199,-4.001,5.009,,,
[1758212602666149390],8.758,-4.527,5.669,,,
[1758212602671249130],10.063,-4.477,4.834,,,
[1758212602676350015],10.35,-5.097,4.654,,,
[1758212602681497776],10.997,-5.329,4.391,,,
[1758212602686678349],11.626,-5.768,3.879,,,
[1758212602693335172],11.456,-5.83,2.6,,,
[1758212602698592099],12.969,-6.218,2.152,,,
[1758212602703801786],11.878,-6.244,1.132,,,
[1758212602708912411],13.221,-6.038,0.328,,,
[1758212602714066786],11.284,-5.619,0.151,,,
[1758212602719169286],11.911,-5.361,-0.362,,,
[1758212602724262828],9.491,-4.803,-1.305,,,
[1758212602729373557],10.803,-4.915,-1.413,,,
[1758212602734884182],8.811,-4.544,-1.338,,,
[1758212602740119703],9.369,-4.087,-1.494,,,
[1758212602745237411],7.281,-3.814,-0.769,,,
[1758212602750368713],8.147,-3.426,0.129,,,
[1758212602755567724],6.488,-3.136,0.917,,,
[1758212602760723870],7.092,-2.964,1.532,,,
[1758212602765816317],5.523,-2.717,2.078,,,
[1758212602770928349],6.776,-2.533,2.921,,,
[1758212602776114078],5.669,-2.753,3.816,,,
[1758212602781232203],7.056,-2.895,3.816,,,
[1758212602786444911],7.697,-3.697,4.367,,,
[1758212602791623192],8.344,-3.682,4.597,,,
[1758212602796727411],8.284,-4.075,5.013,,,
[1758212602802317463],9.481,-4.307,5.368,,,
[1758212602807526213],10.192,-4.896,5.782,,,
[1758212602812742463],9.955,-4.776,4.403,,,
[1758212602817916213],11.638,-5.523,4.626,,,
[1758212602823048661],11.085,-5.523,3.373,,,
[1758212602828169859],12.644,-6.153,2.693,,,
[1758212602833366630],11.87,-6.132,2.14,,,
[1758212602838502515],12.962,-6.385,1.563,,,
[1758212602844099859],12.069,-6.179,0.558,,,
[1758212602849236370],12.919,-6.033,0.215,,,
[1758212602854426370],10.3,-5.183,0.122,,,
[1758212602859524599],11.557,-5.193,-0.953,,,
[1758212602864723557],9.376,-4.726,-1.372,,,
[1758212602869830276],10.137,-4.685,-1.097,,,
[1758212602874917620],8.317,-4.36,-0.934,,,
[1758212602879992984],8.906,-4.207,-0.795,,,
[1758212602885196734],7.199,-3.67,-0.098,,,
[1758212602890459494],7.827,-3.543,1.082,,,
[1758212602896072828],6.053,-2.952,1.76,,,
[1758212602905005172],5.478,-2.31,2.303,,,
[1758212602910140328],6.847,-2.77,3.737,,,
[1758212602915356317],5.737,-2.89,4.123,,,
[1758212602920467567],7.671,-3.345,4.599,,,
[1758212602925540536],7.144,-3.661,5.191,,,
[1758212602930668192],9.048,-3.862,4.451,,,
[1758212602935889599],8.42,-4.298,5.65,,,
[1758212602941129338],9.665,-4.341,5.883,,,
[1758212602946239182],9.723,-4.973,5.382,,,
[1758212602951344182],11.176,-5.033,4.875,,,
[1758212602956833036],11.406,-5.808,4.561,,,
[1758212602961975276],11.835,-5.701,2.693,,,
[1758212602967098557],12.577,-6.17,2.531,,,
[1758212602972339234],12.524,-6.16,1.389,,,
[1758212602977527307],12.826,-6.203,1.24,,,
[1758212602982806526],12.649,-5.986,-0.101,,,
[1758212602987919234],11.993,-5.722,0.122,,,
[1758212602993037359],10.283,-4.831,-0.816,,,
[1758212602998127567],11.217,-5.157,-0.955,,,
[1758212603003357463],9.194,-4.882,-0.845,,,
[1758212603008499182],9.905,-4.475,-1.128,,,
[1758212603014002567],7.59,-4.065,-0.831,,,
[1758212603019192255],8.49,-3.826,-0.45,,,
[1758212603024469234],6.46,-3.448,-0.089,,,
[1758212603029580849],7.508,-3.309,0.939,,,
[1758212603034659599],5.574,-2.83,1.798,,,
[1758212603039770692],6.926,-2.71,2.38,,,
[1758212603044912411],5.289,-2.677,3.151,,,
[1758212603050036630],6.919,-2.84,3.768,,,
[1758212603055204338],6.237,-3.179,3.917,,,
[1758212603060340067],8.497,-3.984,4.161,,,
[1758212603065859442],7.659,-3.953,4.831,,,
[1758212603071067984],9.007,-3.982,4.815,,,
[1758212603076235328],8.978,-4.513,5.473,,,
[1758212603081344130],10.223,-4.611,5.531,,,
[1758212603086505380],10.446,-5.145,4.779,,,
[1758212603091612307],11.21,-5.416,4.338,,,
[1758212603096719755],11.509,-5.938,3.144,,,
[1758212603101835432],12.531,-5.873,2.308,,,
[1758212603107091786],11.815,-6.414,1.98,,,
[1758212603112351786],12.421,-5.866,0.795,,,
[1758212603117486421],12.907,-6.187,0.601,,,
[1758212603122822932],11.808,-5.662,-0.005,,,
[1758212603127970849],11.293,-5.241,0.136,,,
[1758212603133092567],10.372,-4.889,-0.792,,,
[1758212603138227828],10.525,-4.92,-0.488,,,
[1758212603143412203],8.538,-4.377,-1.267,,,
[1758212603148533140],9.512,-4.436,-0.962,,,
[1758212603153728869],7.523,-3.606,-1.061,,,
[1758212603158837880],8.028,-3.666,-0.204,,,
[1758212603163941161],6.493,-3.06,0.646,,,
[1758212603169115901],7.321,-3.146,1.753,,,
[1758212603174728817],5.258,-2.758,2.313,,,
[1758212603179867880],6.768,-2.909,3.191,,,
[1758212603185058921],5.16,-2.677,3.938,,,
[1758212603190167984],7.609,-3.081,4.245,,,
[1758212603195282880],6.797,-3.651,5.021,,,
[1758212603200429911],8.662,-3.826,4.673,,,
[1758212603205625796],8.138,-4.049,4.652,,,
[1758212603210871890],9.857,-4.31,5.401,,,
[1758212603216113869],9.12,-4.492,5.686,,,
[1758212603221357411],11.071,-4.968,5.057,,,
[1758212603226513192],10.719,-5.375,4.544,,,
[1758212603233069546],11.358,-5.782,3.156,,,
[1758212603238344807],12.512,-6.215,2.497,,,
[1758212603243519911],11.894,-5.986,2.121,,,
[1758212603248641838],13.276,-6.191,1.235,,,
[1758212603253848713],11.894,-5.861,0.725,,,
[1758212603258955588],12.775,-5.681,0.488,,,
[1758212603264098140],10.532,-5.176,-0.491,,,
[1758212603269213817],11.243,-4.932,-1.041,,,
[1758212603274387880],9.23,-4.745,-0.943,,,
[1758212603279837307],10.046,-4.556,-1.01,,,
[1758212603285061057],7.817,-4.032,-0.644,,,
[1758212603290439755],8.756,-3.594,-0.345,,,
[1758212603295606109],7.072,-3.424,-0.086,,,
[1758212603300706786],7.558,-3.175,0.785,,,
[1758212603305863296],5.986,-2.899,1.384,,,
[1758212603311064963],6.754,-2.662,1.551,,,
[1758212603316272828],5.665,-2.741,2.954,,,
[1758212603321389546],6.754,-2.638,3.239,,,
[1758212603326482671],6.148,-3.172,3.9,,,
[1758212603331672828],7.882,-3.417,4.666,,,
[1758212603337246213],7.985,-3.91,5.171,,,
[1758212603342436109],8.346,-3.979,5.104,,,
[1758212603347529078],9.189,-4.666,5.646,,,
[1758212603352941682],9.278,-4.494,4.606,,,
[1758212603358119651],10.93,-5.116,4.786,,,
[1758212603363238401],10.994,-5.296,4.305,,,
[1758212603368364078],12.151,-5.842,3.455,,,
[1758212603373504286],11.662,-6.053,2.765,,,
[1758212603378736421],12.929,-6.412,2.234,,,
[1758212603383971994],11.82,-6.17,1.358,,,
[1758212603389367515],13.554,-6.376,0.527,,,
[1758212603394480484],11.248,-5.76,0.469,,,
[1758212603399625848],11.772,-5.274,-0.364,,,
[1758212603404789546],9.972,-4.958,-1.329,,,
[1758212603409974598],10.8,-4.774,-1.654,,,
[1758212603415139078],8.677,-4.515,-1.173,,,
[1758212603420340067],9.802,-4.331,-1.207,,,
[1758212603425568401],7.626,-3.838,-0.634,,,
[1758212603430732723],8.186,-3.306,0.117,,,
[1758212603435873453],6.589,-3.112,1.288,,,
[1758212603440967880],6.828,-2.794,1.58,,,
[1758212603447667203],6.519,-2.763,2.284,,,
[1758212603454442671],5.181,-2.787,3.194,,,
[1758212603459844651],7.199,-3.053,4.034,,,
[1758212603464960171],6.586,-3.373,4.551,,,
[1758212603470052671],8.859,-3.766,4.293,,,
[1758212603475170744],7.796,-3.917,4.693,,,
[1758212603480245536],9.455,-4.369,5.047,,,
[1758212603485338453],8.715,-4.353,5.083,,,
[1758212603490424911],10.819,-4.812,4.729,,,
[1758212603495699078],10.175,-5.183,4.927,,,
[1758212603501082359],11.973,-5.504,4.396,,,
[1758212603507436994],12.237,-6.088,2.674,,,
[1758212603512805901],12.397,-6.069,2.097,,,
[1758212603517931213],12.953,-6.227,1.516,,,
[1758212603523038401],12.091,-6.048,0.395,,,
[1758212603528122932],13.012,-6.1,0.527,,,
[1758212603533298244],10.8,-5.437,0.053,,,
[1758212603538409963],11.303,-5.191,-0.318,,,
[1758212603543561317],9.807,-4.829,-1.087,,,
[1758212603548682307],10.01,-4.666,-1.106,,,
[1758212603554287880],8.286,-4.12,-1.3,,,
[1758212603559426682],9.057,-4.027,-1.015,,,
[1758212603564514442],6.699,-3.519,-0.539,,,
[1758212603569613973],8.001,-3.452,0.364,,,
[1758212603574753609],6.1,-3.081,1.142,,,
[1758212603579888557],7.001,-2.993,1.69,,,
[1758212603584989807],5.416,-2.677,2.818,,,
[1758212603590119807],6.869,-2.794,3.244,,,
[1758212603595300640],5.796,-2.823,3.768,,,
[1758212603600504442],7.925,-3.393,3.924,,,
[1758212603606023765],7.444,-3.797,5.121,,,
[1758212603611185328],9.009,-3.85,5.219,,,
[1758212603618123505],9.318,-4.53,5.782,,,
[1758212603624505432],9.148,-4.796,5.25,,,
[1758212603629728973],11.274,-5.148,4.745,,,
[1758212603634816630],10.247,-5.061,4.164,,,
[1758212603639900588],12.483,-5.677,3.598,,,
[1758212603645033453],11.092,-5.935,2.904,,,
[1758212603650137723],13.139,-5.952,2.002,,,
[1758212603655314703],11.547,-6.062,1.42,,,
[1758212603661746682],12.766,-6.026,0.5,,,
[1758212603666997567],11.662,-5.708,-0.096,,,
[1758212603672163348],11.461,-5.279,-0.426,,,
[1758212603677266265],10.542,-5.143,-0.508,,,
[1758212603682431942],9.73,-4.537,-1.204,,,
[1758212603687557984],9.606,-4.669,-1.259,,,
[1758212603692696369],8.485,-3.998,-1.113,,,
[1758212603697850275],8.351,-4.034,-0.63,,,
[1758212603703174130],7.336,-3.278,-0.445,,,
[1758212603708425015],7.35,-3.316,0.867,,,
[1758212603713976682],5.787,-2.804,1.355,,,
[1758212603719129911],6.907,-2.832,2.581,,,
[1758212603724213661],5.59,-2.464,3.045,,,
[1758212603729296421],7.039,-2.959,3.709,,,
[1758212603734426109],6.069,-3.074,4.075,,,
[1758212603739554755],8.478,-3.677,4.331,,,
[1758212603744674286],7.594,-3.979,4.827,,,
[1758212603749780744],9.378,-4.264,5.183,,,
[1758212603755343348],8.406,-4.104,5.456,,,
[1758212603760814234],10.216,-4.635,5.449,,,
[1758212603765921682],9.967,-4.884,5.016,,,
[1758212603771032775],11.444,-5.241,4.302,,,
[1758212603776503036],11.116,-5.863,3.701,,,
[1758212603781662046],12.507,-5.715,2.294,,,
[1758212603786793140],12.491,-6.112,2.14,,,
[1758212603791905744],12.716,-6.06,1.609,,,
[1758212603797032098],12.567,-6.136,0.675,,,
[1758212603802327202],12.05,-5.715,0.017,,,
[1758212603808675327],11.516,-5.399,-0.455,,,
[1758212603813908817],9.754,-4.968,-0.464,,,
[1758212603820327932],10.348,-4.894,-0.457,,,
[1758212603825545327],8.473,-4.341,-1.144,,,
[1758212603830650015],9.397,-4.061,-0.989,,,
[1758212603835790380],7.448,-3.718,-0.369,,,
[1758212603840914650],7.894,-3.433,-0.019,,,
[1758212603846014286],6.263,-3.007,1.377,,,
[1758212603851119807],6.831,-2.887,1.829,,,
[1758212603856344755],5.521,-2.72,2.191,,,
[1758212603861464494],6.287,-2.751,3.354,,,
[1758212603866667515],5.801,-3.053,3.704,,,
[1758212603871772619],7.061,-3.024,4.125,,,
[1758212603876855640],7.779,-3.886,4.492,,,
[1758212603882348765],8.502,-3.819,4.954,,,
[1758212603887451786],8.784,-4.314,5.368,,,
[1758212603892625900],9.464,-4.214,5.306,,,
[1758212603897714182],9.996,-4.949,5.239,,,
[1758212603902912255],10.099,-4.942,4.752,,,
[1758212603908042984],11.684,-5.598,4.283,,,
[1758212603913252098],11.212,-5.653,3.433,,,
[1758212603918392202],12.574,-6.17,2.629,,,
[1758212603923627463],12.103,-6.088,1.865,,,
[1758212603929180171],13.278,-6.364,1.149,,,
[1758212603934289598],11.957,-6.117,0.479,,,
[1758212603939405484],12.699,-5.928,0.048,,,
[1758212603944519911],10.269,-5.231,-0.074,,,
[1758212603949636421],11.626,-5.152,-1.343,,,
[1758212603954801525],9.165,-4.767,-1.496,,,
[1758212603959907827],10.341,-4.525,-1.267,,,
[1758212603965106942],7.939,-3.958,-1.085,,,
[1758212603970528817],8.614,-3.685,-0.931,,,
[1758212603975695484],6.766,-3.426,0.089,,,
[1758212603980794025],7.611,-3.34,0.929,,,
[1758212603985938348],5.638,-2.899,1.867,,,
[1758212603991438400],6.668,-2.531,2.119,,,
[1758212603996618817],5.962,-2.72,3.256,,,
[1758212604001705432],6.574,-2.859,3.44,,,
[1758212604006861682],6.28,-2.919,3.773,,,
[1758212604011998817],7.968,-3.539,3.931,,,
[1758212604017146369],8.533,-4.02,5.049,,,
[1758212604022355171],8.483,-3.563,4.978,,,
[1758212604027539598],9.438,-4.338,5.499,,,
[1758212604032821682],9.95,-4.468,4.999,,,
[1758212604038360640],10.977,-5.143,4.939,,,
[1758212604043468348],10.527,-5.394,4.415,,,
[1758212604048562723],12.38,-5.897,3.587,,,
[1758212604053803713],11.507,-5.957,2.425,,,
[1758212604058913557],13.221,-6.256,2.021,,,
[1758212604064040015],11.988,-6.067,1.425,,,
[1758212604069158817],13.108,-6.285,0.587,,,
[1758212604074356109],11.389,-5.808,-0.297,,,
[1758212604079521109],11.89,-5.507,-0.397,,,
[1758212604084735848],9.965,-5.037,-0.637,,,
[1758212604089870067],10.973,-5.126,-0.852,,,
[1758212604095049286],8.55,-4.389,-1.271,,,
[1758212604101632567],9.064,-3.943,-1.188,,,
[1758212604107997827],8.272,-4.128,0.127,,,
[1758212604113289182],7.087,-3.215,0.223,,,
[1758212604118433348],7.398,-3.345,1.286,,,
[1758212604123565536],5.634,-2.693,1.961,,,
[1758212604128663296],6.926,-2.782,2.6,,,
[1758212604133768817],5.291,-2.653,2.823,,,
[1758212604138885432],6.852,-3.005,3.857,,,
[1758212604145405796],6.321,-3.349,4.712,,,
[1758212604150653192],8.559,-3.874,4.815,,,
[1758212604155852515],7.894,-4.065,5.085,,,
[1758212604160965744],9.364,-4.293,5.509,,,
[1758212604166099807],8.993,-4.525,5.272,,,
[1758212604171204286],10.846,-4.752,5.428,,,
[1758212604176313973],10.084,-5.329,5.092,,,
[1758212604181430379],11.636,-5.356,4.171,,,
[1758212604186598609],11.672,-5.885,3.395,,,
[1758212604191797932],12.194,-5.88,2.636,,,
[1758212604196905692],12.512,-6.28,2.109,,,
[1758212604202012046],12.718,-6.1,1.197,,,
[1758212604207620015],12.359,-6.105,0.172,,,
[1758212604212906786],11.516,-5.514,-0.29,,,
[1758212604218036525],11.226,-5.502,-0.292,,,
[1758212604223176994],10.053,-4.748,-1.12,,,
[1758212604228287411],10.025,-4.966,-0.615,,,
[1758212604233463400],8.849,-4.377,-1.164,,,
[1758212604238579806],8.973,-4.192,-0.8,,,
[1758212604243717098],7.384,-3.699,-0.862,,,
[1758212604248870536],7.946,-3.479,-0.113,,,
[1758212604254500848],6.057,-2.916,1.159,,,
[1758212604259668609],7.113,-2.986,1.642,,,
[1758212604264809494],5.248,-2.705,2.832,,,
[1758212604269940275],6.917,-2.84,3.505,,,
[1758212604275094598],5.375,-2.701,3.484,,,
[1758212604280195796],7.726,-3.227,3.733,,,
[1758212604285301994],7.118,-3.536,4.274,,,
[1758212604290429859],8.751,-4.159,4.891,,,
[1758212604295646265],7.733,-4.104,4.944,,,
[1758212604300769338],9.993,-4.489,5.097,,,
[1758212604305983296],9.634,-4.717,5.461,,,
[1758212604311086473],11.286,-4.867,5.435,,,
[1758212604317715588],11.078,-5.72,4.025,,,
[1758212604325077202],11.267,-5.871,2.856,,,
[1758212604330396890],13.099,-6.153,1.872,,,
[1758212604335492359],11.937,-6.146,1.415,,,
[1758212604340598973],13.305,-6.314,0.673,,,
[1758212604345718140],11.423,-5.935,0.553,,,
[1758212604350829650],12.203,-5.38,0.165,,,
[1758212604356038973],10.353,-5.059,-0.541,,,
[1758212604361561838],10.64,-4.808,-1.307,,,
[1758212604366697463],9.268,-4.851,-0.792,,,
[1758212604371816525],9.701,-3.989,-0.828,,,
[1758212604376967254],8.042,-4.022,0.086,,,
[1758212604382079129],7.623,-3.438,-0.29,,,
[1758212604387206734],7.111,-3.318,0.697,,,
[1758212604392328973],6.589,-2.78,1.417,,,
[1758212604397440796],6.237,-2.883,1.602,,,
[1758212604402871577],6.117,-2.521,2.571,,,
[1758212604408002463],6.16,-2.856,3.613,,,
[1758212604413173348],5.988,-2.859,3.61,,,
[1758212604418306577],7.757,-3.644,4.396,,,
[1758212604424038244],7.614,-3.831,4.822,,,
[1758212604430678973],9.258,-4.075,4.781,,,
[1758212604435934442],8.533,-4.434,5.418,,,
[1758212604442213348],10.041,-4.683,4.925,,,
[1758212604448688452],11.293,-5.337,5.337,,,
[1758212604453967515],10.829,-5.593,4.015,,,
[1758212604459092775],12.297,-6.014,3.433,,,
[1758212604464257358],11.502,-6.108,2.375,,,
[1758212604469703140],13.214,-6.354,2.193,,,
[1758212604474831786],11.777,-6.067,1.355,,,
[1758212604479936838],13.333,-6.134,0.273,,,
[1758212604485075015],10.752,-5.435,0.06,,,
[1758212604490187254],11.542,-5.301,-0.522,,,
[1758212604495395588],9.931,-4.846,-1.346,,,
[1758212604500507879],10.336,-4.669,-1.099,,,
[1758212604505705067],8.593,-4.441,-1.59,,,
[1758212604510800796],9.479,-4.31,-1.077,,,
[1758212604515917879],7.422,-3.972,-0.448,,,
[1758212604521041942],8.203,-3.493,-0.012,,,
[1758212604526180692],6.187,-3.16,1.207,,,
[1758212604531296577],7.041,-2.825,2.023,,,
[1758212604536500848],5.95,-2.732,2.33,,,
[1758212604541581838],6.302,-2.485,2.619,,,
[1758212604546662827],5.99,-2.988,3.589,,,
[1758212604551777515],7.118,-3.112,4.099,,,
[1758212604557343244],7.491,-3.792,4.506,,,
[1758212604562537827],8.255,-3.809,4.764,,,
[1758212604567647150],8.93,-4.336,5.401,,,
[1758212604572911265],9.33,-4.283,5.49,,,
[1758212604579403608],10.74,-5.152,5.289,,,
[1758212604584659233],10.051,-5.059,4.563,,,
[1758212604589768400],12.052,-5.789,4.07,,,
[1758212604594871317],10.898,-5.808,3.294,,,
[1758212604599977619],12.96,-6.191,2.447,,,
[1758212604605177411],11.698,-6.086,2.442,,,
[1758212604610332619],13.29,-6.431,1.053,,,
[1758212604615506629],11.779,-5.974,0.35,,,
[1758212604620677879],12.368,-5.813,0.23,,,
[1758212604625930848],10.317,-5.013,-0.122,,,
[1758212604631055223],11.279,-5.059,-0.625,,,
[1758212604636179025],9.462,-4.805,-0.084,,,
[1758212604641268244],9.833,-4.403,-0.907,,,
[1758212604646387879],8.277,-4.068,-0.69,,,
[1758212604651696994],8.684,-3.622,-0.955,,,
[1758212604656986681],7.099,-3.424,-0.424,,,
[1758212604662182046],7.135,-3.043,0.721,,,
[1758212604668914858],6.941,-2.765,2.44,,,
[1758212604675360640],5.423,-2.789,2.974,,,
[1758212604683087254],6.242,-2.638,3.721,,,
[1758212604688529285],7.228,-3.321,4.18,,,
[1758212604695057150],7.003,-3.745,4.065,,,
[1758212604701522358],9.036,-3.931,5.409,,,
[1758212604708090171],9.493,-4.635,4.855,,,
[1758212604713644129],9.562,-4.606,4.843,,,
[1758212604719883556],11.559,-5.492,4.475,,,
[1758212604725150640],10.448,-5.26,4.477,,,
[1758212604730269494],12.526,-5.918,3.649,,,
[1758212604735419858],11.447,-6.055,2.318,,,
[1758212604740516994],13.058,-6.215,1.578,,,
[1758212604745633452],11.856,-6.273,1.149,,,
[1758212604750754806],13.324,-6.079,0.177,,,
[1758212604755994754],11.322,-5.684,0.35,,,
[1758212604761134285],11.602,-5.212,0.074,,,
[1758212604766346785],10.075,-4.937,-0.407,,,
[1758212604771466785],10.58,-4.76,-0.903,,,
[1758212604776607775],9.036,-4.697,-1.08,,,
[1758212604781718088],9.445,-4.276,-1.099,,,
[1758212604786812775],7.561,-3.788,-0.316,,,
[1758212604793416577],6.977,-3.225,-0.017,,,
[1758212604800064598],7.254,-3.151,1.523,,,
[1758212604806476213],5.705,-2.739,2.114,,,
[1758212604811718921],6.639,-2.626,3.093,,,
[1758212604816883765],5.715,-2.698,3.546,,,
[1758212604822009129],6.632,-2.792,3.541,,,
[1758212604827153400],7.499,-3.685,3.95,,,
[1758212604832379338],8.167,-3.572,4.587,,,
[1758212604837494181],8.693,-4.111,5.078,,,
[1758212604842696213],9.096,-3.912,5.593,,,
[1758212604847863088],9.78,-4.561,5.164,,,
[1758212604853124337],10.044,-4.918,5.109,,,
[1758212604858238921],11.365,-5.428,4.69,,,
[1758212604863374025],10.783,-5.423,3.34,,,
[1758212604868488765],12.531,-6.029,2.643,,,
[1758212604873608452],11.825,-5.911,2.116,,,
[1758212604878726890],12.977,-6.134,1.911,,,
[1758212604883864233],12.256,-5.983,0.912,,,
[1758212604888989858],13.422,-6.23,0.364,,,
[1758212604894098035],11.169,-5.413,0.79,,,
[1758212604899617879],11.372,-5.325,-0.189,,,
[1758212604904913712],9.529,-4.963,-0.843,,,
[1758212604910055952],10.278,-4.719,-1.185,,,
[1758212604915240119],8.504,-4.343,-0.819,,,
[1758212604920418296],9.017,-3.991,-0.757,,,
[1758212604925569129],6.979,-3.62,-0.484,,,
[1758212604930669650],7.865,-3.4,0.215,,,
[1758212604935783608],6.06,-3.033,1.362,,,
[1758212604940900119],7.123,-2.847,1.626,,,
[1758212604946115275],5.432,-2.677,2.693,,,
[1758212604951235327],6.766,-2.674,3.625,,,
[1758212604956408973],5.77,-2.837,3.953,,,
[1758212604961550848],7.338,-3.314,4.082,,,
[1758212604966693765],7.463,-3.824,4.827,,,
[1758212604971792202],8.519,-3.764,5.286,,,
[1758212604976900379],8.159,-4.168,5.32,,,
[1758212604982004077],9.675,-4.369,5.456,,,
[1758212604987145119],9.594,-4.805,5.025,,,
[1758212604992276212],10.949,-4.946,4.25,,,
[1758212604997364233],10.853,-5.686,3.991,,,
[1758212605002765223],11.705,-5.598,3.019,,,
[1758212605009029650],12.263,-6.115,2.686,,,
[1758212605015572254],11.753,-6.033,1.556,,,
[1758212605020880223],13.211,-6.254,0.555,,,
[1758212605026035692],11.554,-5.784,0.259,,,
[1758212605031155483],12.002,-5.507,-0.005,,,
[1758212605036300848],10.118,-5.167,-0.352,,,
[1758212605041412515],11.207,-4.681,-0.718,,,
[1758212605046528712],8.988,-4.738,-0.807,,,
[1758212605051654702],9.34,-4.104,-1.341,,,
[1758212605056887931],8.145,-4.099,-0.821,,,
[1758212605062086837],8.049,-3.421,-0.541,,,
[1758212605067223869],6.981,-3.627,0.5,,,
[1758212605072400796],6.85,-2.94,1.207,,,
[1758212605077534337],5.856,-3.029,1.834,,,
[1758212605082928608],6.148,-2.559,2.301,,,
[1758212605088051004],6.5,-2.899,3.812,,,
[1758212605093182879],6.302,-2.674,3.79,,,
[1758212605098286212],7.324,-3.34,4.477,,,
[1758212605103467931],7.515,-3.46,4.515,,,
[1758212605108596160],8.622,-4.252,5.119,,,
[1758212605113727306],8.471,-4.02,5.334,,,
[1758212605119989754],10.104,-4.551,5.102,,,
[1758212605126596525],9.55,-4.843,4.937,,,
[1758212605131872358],11.095,-5.262,4.659,,,
[1758212605137006421],11.413,-5.78,4.159,,,
[1758212605142134025],12.16,-5.942,3.314,,,
[1758212605147246317],12.117,-6.076,2.732,,,
[1758212605152470587],12.694,-6.067,1.183,,,
[1758212605157643452],12.467,-6.426,0.534,,,
[1758212605162851525],12.56,-5.657,-0.017,,,
[1758212605168016577],11.705,-5.6,-0.139,,,
[1758212605173230067],10.319,-4.987,-0.869,,,
[1758212605178349025],10.635,-5.013,-0.673,,,
[1758212605183503556],9.201,-4.477,-1.255,,,
[1758212605188614910],9.464,-4.468,-0.809,,,
[1758212605193724442],8.121,-3.919,-0.51,,,
[1758212605198836994],7.846,-3.654,-0.453,,,
[1758212605204053504],6.385,-3.239,0.407,,,
[1758212605209163556],7.587,-3.168,1.654,,,
[1758212605214337462],5.519,-2.552,1.621,,,
[1758212605219459233],6.871,-2.612,2.535,,,
[1758212605224604598],5.353,-2.732,3.481,,,
[1758212605231165848],6.898,-2.928,4.037,,,
[1758212605236520171],6.804,-3.474,3.864,,,
[1758212605241722723],8.468,-4.123,4.729,,,
[1758212605246837514],8.064,-4.135,5.083,,,
[1758212605251946212],9.438,-4.113,5.143,,,
[1758212605257143817],9.732,-4.736,5.42,,,
[1758212605262332931],10.546,-4.839,4.501,,,
[1758212605267462671],10.898,-5.267,4.379,,,
[1758212605272677671],11.53,-5.478,3.929,,,
[1758212605277867410],12.206,-6.005,2.677,,,
[1758212605283080119],12.34,-6.019,2.157,,,
[1758212605288181108],12.96,-6.287,2.152,,,
[1758212605293443973],12.227,-6.033,0.68,,,
[1758212605299125691],12.469,-6.053,0.215,,,
[1758212605306428035],10.523,-5.315,-0.002,,,
[1758212605312009598],10.886,-4.805,-0.804,,,
[1758212605317257566],9.706,-4.961,-0.328,,,
[1758212605322446837],9.203,-4.386,-1.496,,,
[1758212605327552306],8.533,-4.08,-0.907,,,
[1758212605332723764],7.98,-3.596,-0.747,,,
[1758212605338411316],7.446,-3.474,-0.093,,,
[1758212605343612879],6.323,-2.981,0.472,,,
[1758212605348712671],6.761,-2.959,1.429,,,
[1758212605354049025],5.741,-2.332,2.428,,,
[1758212605359229702],6.63,-2.887,3.244,,,
[1758212605364315587],5.437,-2.784,3.242,,,
[1758212605369396577],7.659,-3.397,3.852,,,
[1758212605374550119],6.883,-3.771,4.52,,,
[1758212605379655483],9.091,-3.986,5.351,,,
[1758212605384793816],7.987,-3.917,5.298,,,
[1758212605389890535],10.106,-4.549,5.634,,,
[1758212605395077619],8.964,-4.719,5.04,,,
[1758212605400267410],11.439,-5.181,4.264,,,
[1758212605405507462],10.554,-5.555,3.84,,,
[1758212605410611369],12.455,-5.962,3.141,,,
[1758212605415750744],11.686,-5.966,2.631,,,
[1758212605420862358],13.039,-6.206,2.169,,,
[1758212605426009337],11.851,-6.129,1.183,,,
[1758212605431139702],13.482,-6.261,0.692,,,
[1758212605436318921],11.576,-5.823,0.558,,,
[1758212605441825223],11.873,-5.092,-0.077,,,
[1758212605447092202],10.372,-4.968,-0.603,,,
[1758212605452383400],10.319,-4.549,-0.862,,,
[1758212605463737202],8.09,-3.989,-1.032,,,
[1758212605469970952],8.715,-4.063,-0.196,,,
[1758212605475229494],6.78,-3.345,-0.024,,,
[1758212605480338816],7.628,-3.093,1.082,,,
[1758212605485460796],5.399,-2.849,2.289,,,
[1758212605490558035],7.015,-2.732,2.691,,,
[1758212605495673869],5.65,-2.567,3.021,,,
[1758212605500770171],7.116,-2.945,3.577,,,
[1758212605506030014],6.239,-3.182,3.962,,,
[1758212605511133921],8.655,-3.711,4.137,,,
[1758212605516357098],7.877,-3.907,5.119,,,
[1758212605521577410],9.306,-3.962,5.337,,,
[1758212605526810483],8.938,-4.776,5.636,,,
[1758212605531915014],10.166,-4.8,4.978,,,
[1758212605537049806],10.259,-5.047,4.551,,,
[1758212605542226629],11.607,-5.279,4.331,,,
[1758212605548743348],11.408,-6.029,3.529,,,
[1758212605554135014],11.586,-6.031,2.071,,,
[1758212605560641212],13.463,-6.268,1.599,,,
[1758212605565869389],12.1,-6.038,0.833,,,
[1758212605570996525],13.07,-6.007,0.17,,,
[1758212605576140118],10.8,-5.258,0.029,,,
[1758212605581260118],11.368,-5.126,-0.395,,,
[1758212605586372202],9.618,-4.942,-0.718,,,
[1758212605591495691],10.333,-4.76,-0.852,,,
[1758212605596690118],8.595,-4.398,-0.745,,,
[1758212605601811681],9.158,-3.809,-0.766,,,
[1758212605607051368],7.479,-3.821,-0.63,,,
[1758212605612280171],7.42,-3.153,0.28,,,
[1758212605617445014],6.67,-2.928,1.362,,,
[1758212605622602410],6.567,-2.72,1.626,,,
[1758212605627684077],6.112,-2.804,2.854,,,
[1758212605632870900],6.009,-2.679,3.27,,,
[1758212605637958816],6.713,-2.907,4.238,,,
[1758212605643162410],6.73,-2.952,4.13,,,
[1758212605648272046],8.248,-3.862,4.226,,,
[1758212605653530535],8.188,-3.764,5.009,,,
[1758212605659659441],9.376,-4.3,5.497,,,
[1758212605664857046],8.808,-4.666,4.901,,,
[1758212605671721577],11.001,-4.982,4.791,,,
[1758212605677166004],10.81,-5.476,4.681,,,
[1758212605682349077],11.971,-5.617,3.723,,,
[1758212605687443764],12.009,-6.268,2.854,,,
[1758212605692617150],12.704,-5.899,1.719,,,
[1758212605697745066],12.639,-6.414,1.523,,,
[1758212605702963868],12.536,-5.93,0.445,,,
[1758212605708055483],12.258,-5.839,0.165,,,
[1758212605713211056],10.848,-5.152,-0.474,,,
[1758212605718347566],11.085,-5.344,-0.883,,,
[1758212605723549181],9.795,-4.879,-1.003,,,
[1758212605728652827],10.053,-4.887,-1.166,,,
[1758212605733799910],8.844,-4.101,-0.898,,,
[1758212605738919962],8.65,-4.092,-0.441,,,
[1758212605744046629],7.221,-3.428,-0.692,,,
[1758212605749184025],7.59,-3.244,0.721,,,
[1758212605754420691],5.895,-2.816,1.52,,,
[1758212605759588035],7.003,-2.856,2.258,,,
[1758212605766132566],5.662,-2.713,2.775,,,
[1758212605771354025],6.689,-3.01,3.218,,,
[1758212605777863868],7.178,-3.306,4.13,,,
[1758212605784178868],7.209,-3.802,4.934,,,
[1758212605789397410],9.155,-4.257,5.085,,,
[1758212605794536941],8.054,-4.233,5.466,,,
[1758212605799648504],10.108,-4.544,5.806,,,
[1758212605806002514],9.301,-4.757,5.126,,,
[1758212605811250014],11.392,-5.167,4.985,,,
[1758212605816364910],11.042,-5.801,4.317,,,
[1758212605821481733],12.701,-5.909,3.326,,,
[1758212605826639285],11.873,-6.172,2.301,,,
[1758212605831746837],12.926,-6.235,1.779,,,
[1758212605836856941],12.273,-6.213,0.654,,,
[1758212605841961473],12.84,-5.952,0.395,,,
[1758212605847123920],11.308,-5.531,0.089,,,
[1758212605852386837],11.289,-4.908,-0.627,,,
[1758212605857572931],10.283,-4.913,-0.761,,,
[1758212605862763295],9.819,-4.594,-0.845,,,
[1758212605867906316],9.433,-4.448,-1.006,,,
[1758212605873418816],8.454,-4.003,-1.271,,,
[1758212605878555795],8.428,-3.903,-0.062,,,
[1758212605883942098],6.61,-3.251,0.235,,,
[1758212605889034285],7.209,-3.349,1.513,,,
[1758212605894147618],5.976,-2.878,2.181,,,
[1758212605899226473],6.608,-2.72,2.782,,,
[1758212605904374910],5.389,-2.658,3.469,,,
[1758212605909475483],6.965,-2.983,3.144,,,
[1758212605914691577],6.0,-3.086,3.361,,,
[1758212605919964858],8.803,-3.864,4.556,,,
[1758212605925071056],7.573,-3.879,4.779,,,
[1758212605930163816],9.402,-4.391,5.535,,,
[1758212605935303868],8.708,-4.506,5.437,,,
[1758212605940402931],10.798,-4.879,5.107,,,
[1758212605945525118],9.606,-4.966,4.748,,,
[1758212605950616004],11.928,-5.509,3.931,,,
[1758212605955917358],11.03,-5.559,3.352,,,
[1758212605961094129],12.778,-6.057,2.49,,,
[1758212605966230066],11.813,-6.117,2.09,,,
[1758212605971329962],13.209,-6.39,1.18,,,
[1758212605976493139],12.014,-6.139,0.663,,,
[1758212605981948139],11.856,-5.574,0.029,,,
[1758212605987106108],10.956,-5.265,0.132,,,
[1758212605992621004],10.803,-4.843,-0.735,,,
[1758212605997748712],9.797,-4.896,-1.03,,,
[1758212606002968139],9.309,-4.374,-1.669,,,
[1758212606008123764],9.024,-4.362,-1.058,,,
[1758212606013315743],7.867,-3.603,-0.998,,,
[1758212606018504181],7.772,-3.96,0.22,,,
[1758212606023718920],6.725,-2.981,0.785,,,
[1758212606028992150],7.372,-3.01,1.98,,,
[1758212606034133139],5.875,-2.653,1.944,,,
[1758212606039249233],6.723,-2.849,3.01,,,
[1758212606044357410],5.595,-2.811,3.747,,,
[1758212606049518920],7.242,-3.299,3.962,,,
[1758212606054720327],6.847,-3.524,4.087,,,
[1758212606059830222],8.796,-4.125,5.083,,,
[1758212606064999702],7.705,-4.056,5.114,,,
[1758212606070209962],9.673,-4.48,5.782,,,
[1758212606075352045],9.045,-4.59,5.116,,,
[1758212606080498191],11.128,-5.2,5.2,,,
[1758212606085660535],10.056,-5.279,4.757,,,
[1758212606092327931],11.937,-5.672,3.682,,,
[1758212606097791889],11.971,-6.187,2.586,,,
[1758212606104236525],12.088,-6.263,1.492,,,
[1758212606109499910],13.259,-6.302,0.946,,,
[1758212606114634389],11.868,-6.026,0.472,,,
[1758212606119746108],12.517,-5.65,0.39,,,
[1758212606124889129],9.979,-5.042,-0.63,,,
[1758212606129996420],11.205,-5.126,-1.228,,,
[1758212606135125691],8.902,-4.652,-1.36,,,
[1758212606140225847],10.108,-4.614,-0.972,,,
[1758212606145399441],7.891,-4.106,-0.63,,,
[1758212606150602566],8.619,-3.936,-0.359,,,
[1758212606155789597],6.455,-3.515,0.443,,,
[1758212606160981420],7.422,-3.321,1.432,,,
[1758212606166199024],5.509,-2.713,1.748,,,
[1758212606171328764],6.953,-2.583,2.346,,,
[1758212606176530952],5.559,-2.636,2.837,,,
[1758212606181670952],6.744,-2.887,3.584,,,
[1758212606186831889],6.524,-3.182,4.02,,,
[1758212606191914806],8.25,-3.603,4.551,,,
[1758212606197486733],8.236,-4.223,5.461,,,
[1758212606202764129],9.017,-3.716,5.382,,,
[1758212606209140587],9.881,-4.614,5.464,,,
[1758212606214424545],9.452,-4.8,5.097,,,
[1758212606219577774],11.533,-5.279,4.911,,,
[1758212606224727410],10.669,-5.581,4.413,,,
[1758212606229830535],12.689,-6.117,3.048,,,
[1758212606234934337],11.408,-6.007,2.318,,,
[1758212606240044702],13.271,-6.337,1.781,,,
[1758212606245188243],11.811,-6.314,0.924,,,
[1758212606250335691],13.357,-6.28,0.199,,,
[1758212606255657254],10.956,-5.394,0.113,,,
[1758212606260816160],11.566,-5.15,-0.575,,,
[1758212606265976368],9.706,-5.023,-1.097,,,
[1758212606271084545],10.491,-4.815,-1.001,,,
[1758212606276242306],8.456,-4.353,-1.087,,,
[1758212606281353035],9.196,-3.986,-1.077,,,
[1758212606286519181],7.52,-3.788,-0.412,,,
[1758212606291627722],7.671,-3.225,-0.11,,,
[1758212606296743608],6.467,-3.187,0.694,,,
[1758212606301878556],6.792,-2.885,1.547,,,
[1758212606307476993],5.849,-2.82,2.509,,,
[1758212606312686889],6.153,-2.466,3.266,,,
[1758212606318103087],6.328,-2.813,3.661,,,
[1758212606323325899],7.029,-3.122,3.749,,,
[1758212606328437149],7.8,-3.814,4.398,,,
[1758212606333581004],7.819,-3.634,4.484,,,
[1758212606338654233],9.301,-4.331,5.476,,,
[1758212606343785327],8.724,-4.336,5.358,,,
[1758212606348915118],10.549,-4.99,5.205,,,
[1758212606354200379],10.297,-5.025,4.733,,,
[1758212606359310014],11.499,-5.598,4.499,,,
[1758212606364441316],10.977,-5.768,3.457,,,
[1758212606369555274],12.742,-6.132,2.476,,,
[1758212606374732670],11.569,-6.012,2.193,,,
[1758212606379858764],13.336,-6.292,1.391,,,
[1758212606385002097],11.954,-6.203,1.037,,,
[1758212606390104233],12.718,-5.923,0.414,,,
[1758212606395322722],10.46,-5.215,-0.139,,,
[1758212606400547462],11.341,-5.085,-0.716,,,
[1758212606405766160],9.225,-4.822,-1.549,,,
[1758212606410962149],10.135,-4.843,-1.808,,,
[1758212606416588556],8.138,-4.197,-0.941,,,
[1758212606421729181],8.72,-3.778,-0.627,,,
[1758212606427985379],7.551,-3.524,-0.029,,,
[1758212606434432983],6.144,-3.208,1.623,,,
[1758212606439646681],6.795,-2.78,2.205,,,
[1758212606444771629],5.665,-2.679,2.516,,,
[1758212606449868556],7.096,-3.108,3.194,,,
[1758212606455114806],5.437,-2.777,3.654,,,
[1758212606460259806],7.884,-3.457,4.025,,,
[1758212606465367774],7.029,-3.651,4.372,,,
[1758212606470447045],9.033,-4.156,5.035,,,
[1758212606475566681],7.982,-3.883,5.339,,,
[1758212606480728816],10.017,-4.403,5.65,,,
[1758212606485841993],9.182,-4.757,5.612,,,
[1758212606491054910],11.231,-5.061,4.556,,,
[1758212606496254649],10.685,-5.373,4.195,,,
[1758212606501394597],12.218,-5.787,3.141,,,
[1758212606506841368],11.619,-6.081,2.428,,,
[1758212606511995587],13.082,-6.218,2.152,,,
